ea_id,first_name,last_name,full_name,overall,pac,sho,pas,dri,def,phy,fetched_at
231747,Kylian,Mbappé,Kylian Mbappé,91,97,90,81,92,37,76,2026-08-12 11:55:15
231443,Ousmane,Dembélé,Ousmane Dembélé,90,91,88,83,93,50,69,2026-08-12 11:55:15
246272,Marie,Katoto,Marie Katoto,88,85,87,77,84,39,74,2026-08-12 11:55:15
227361,Kadidiatou,Diani,Kadidiatou Diani,88,92,85,81,88,56,79,2026-08-12 11:55:15
233662,Sakina,Karchaoui,Sakina Karchaoui,87,89,76,87,88,77,69,2026-08-12 11:55:15
241486,Jules,Koundé,Jules Koundé,87,84,47,74,79,86,84,2026-08-12 11:55:15
243715,William,Saliba,William Saliba,87,77,39,68,72,87,83,2026-08-12 11:55:15
215698,Mike,Maignan,Mike Maignan,87,84,83,85,88,64,84,2026-08-12 11:55:15
237197,Grace,Geyoro,Grace Geyoro,86,89,73,82,83,82,80,2026-08-12 11:55:15
247827,Michael,Olise,Michael Olise,86,78,80,84,87,50,66,2026-08-12 11:55:15
237678,Ibrahima,Konaté,Ibrahima Konaté,86,77,34,63,69,86,85,2026-08-12 11:55:15
265674,Selma,Bacha,Selma Bacha,85,88,73,85,82,78,80,2026-08-12 11:55:15
261733,Sandy,Baltimore,Sandy Baltimore,85,87,74,84,86,72,69,2026-08-12 11:55:15
194765,Antoine,Griezmann,Antoine Griezmann,85,77,86,85,88,59,73,2026-08-12 11:55:15
245697,Clara,Mateo,Clara Mateo,85,87,86,80,84,56,75,2026-08-12 11:55:15
215914,N'Golo,Kanté,N'Golo Kanté,85,77,65,73,80,85,79,2026-08-12 11:55:15
271421,Désiré,Doué,Désiré Doué,85,83,80,77,90,55,74,2026-08-12 11:55:15
228093,Marcus,Thuram,Marcus Thuram,85,86,83,76,82,50,80,2026-08-12 11:55:15
165153,Karim,Benzema,Karim Benzema,85,75,84,81,83,38,77,2026-08-12 11:55:15
232202,Delphine,Cascarino,Delphine Cascarino,85,93,75,79,88,38,61,2026-08-12 11:55:15
229558,Dayot,Upamecano,Dayot Upamecano,85,77,45,64,73,84,84,2026-08-12 11:55:15
227316,Wendie,Renard,Wendie Renard,85,48,62,70,69,87,83,2026-08-12 11:55:15
232656,Theo,Hernández,Theo Hernández,84,90,76,78,83,79,83,2026-08-12 11:55:15
241637,Aurélien,Tchouaméni,Aurélien Tchouaméni,84,71,69,79,78,81,82,2026-08-12 11:55:15
226851,Benjamin,Pavard,Benjamin Pavard,84,75,67,76,75,86,79,2026-08-12 11:55:15
264652,Bradley,Barcola,Bradley Barcola,84,90,77,78,84,39,66,2026-08-12 11:55:15
241852,Moussa,Diaby,Moussa Diaby,84,95,75,77,87,44,54,2026-08-12 11:55:15
210008,Adrien,Rabiot,Adrien Rabiot,83,81,79,81,80,77,84,2026-08-12 11:55:15
248243,Eduardo,Camavinga,Eduardo Camavinga,83,80,68,81,84,78,80,2026-08-12 11:55:15
227353,Kenza,Dali,Kenza Dali,83,73,79,82,85,68,73,2026-08-12 11:55:15
246178,Pauline,Peyraud-Magnin,Pauline Peyraud-Magnin,83,80,80,82,84,47,83,2026-08-12 11:55:15
251752,Lucas,Chevalier,Lucas Chevalier,83,84,79,73,86,50,80,2026-08-12 11:55:15
236987,Boubacar,Kamara,Boubacar Kamara,83,64,55,74,75,83,80,2026-08-12 11:55:15
257289,Hugo,Ekitiké,Hugo Ekitiké,83,86,78,69,85,33,73,2026-08-12 11:55:15
213345,Kingsley,Coman,Kingsley Coman,83,87,75,79,87,30,61,2026-08-12 11:55:15
227346,Griedge,Mbock,Griedge Mbock,83,64,55,66,66,84,83,2026-08-12 11:55:15
236496,Mattéo,Guendouzi,Mattéo Guendouzi,82,72,73,80,80,77,77,2026-08-12 11:55:15
264895,Constance,Picaud,Constance Picaud,82,82,79,76,85,47,82,2026-08-12 11:55:15
227348,Viviane,Asseyi,Viviane Asseyi,82,88,82,77,81,50,71,2026-08-12 11:55:15
241545,Ouleymata,Sarr,Ouleymata Sarr,82,87,77,77,83,45,78,2026-08-12 11:55:15
258706,Melvine,Malard,Melvine Malard,82,81,81,79,84,41,67,2026-08-12 11:55:15
236461,Jean-Philippe,Mateta,Jean-Philippe Mateta,82,75,84,70,77,41,81,2026-08-12 11:55:15
264864,Kessya,Bussy,Kessya Bussy,82,84,79,76,85,43,58,2026-08-12 11:55:15
265849,Maëlle,Lakrar,Maëlle Lakrar,82,74,46,67,70,83,77,2026-08-12 11:55:15
247246,Khéphren,Thuram,Khéphren Thuram,81,78,76,77,80,81,81,2026-08-12 11:55:15
227344,Sandie,Toletti,Sandie Toletti,81,78,76,83,80,71,76,2026-08-12 11:55:15
228618,Ferland,Mendy,Ferland Mendy,81,85,64,74,75,78,84,2026-08-12 11:55:15
264963,Daphne,Corboz,Daphne Corboz,81,69,75,80,82,75,79,2026-08-12 11:55:15
219683,Corentin,Tolisso,Corentin Tolisso,81,68,78,78,76,77,79,2026-08-12 11:55:15
245630,Youssouf,Fofana,Youssouf Fofana,81,68,68,75,78,79,77,2026-08-12 11:55:15
265861,Maëlle,Garbino,Maëlle Garbino,81,79,79,79,82,53,63,2026-08-12 11:55:15
265860,Julie,Dufour,Julie Dufour,81,84,77,78,82,51,61,2026-08-12 11:55:15
256095,Perle,Morroni,Perle Morroni,81,84,45,76,79,77,67,2026-08-12 11:55:15
264968,Mathilde,Bourdieu,Mathilde Bourdieu,81,83,82,70,80,36,76,2026-08-12 11:55:15
220814,Lucas,Hernández,Lucas Hernández,81,71,54,72,70,82,77,2026-08-12 11:55:15
237679,Randal,Kolo Muani,Randal Kolo Muani,81,90,79,71,80,38,65,2026-08-12 11:55:15
241546,Théa,Gréboval,Théa Gréboval,81,60,60,72,65,82,82,2026-08-12 11:55:15
232411,Christopher,Nkunku,Christopher Nkunku,81,77,79,80,82,40,59,2026-08-12 11:55:15
243854,Mohamed,Simakan,Mohamed Simakan,81,76,43,65,69,82,82,2026-08-12 11:55:15
251570,Rayan,Cherki,Rayan Cherki,81,75,75,80,88,21,65,2026-08-12 11:55:15
253469,Élisa,De Almeida,Élisa De Almeida,81,74,34,64,61,82,80,2026-08-12 11:55:15
270673,Warren,Zaïre-Emery,Warren Zaïre-Emery,80,79,68,76,79,75,79,2026-08-12 11:55:15
204883,Brice,Samba,Brice Samba,80,78,80,80,80,53,80,2026-08-12 11:55:15
239093,Jonathan,Clauss,Jonathan Clauss,80,85,69,76,78,73,69,2026-08-12 11:55:15
200458,Lucas,Digne,Lucas Digne,80,69,68,79,76,77,74,2026-08-12 11:55:15
231347,Marion,Torrent,Marion Torrent,80,75,58,75,76,82,75,2026-08-12 11:55:15
264969,Oriane,Jean-François,Oriane Jean-François,80,71,68,72,72,79,75,2026-08-12 11:55:15
220876,Franck,Honorat,Franck Honorat,80,84,78,79,78,53,63,2026-08-12 11:55:15
265900,Naomie,Feller,Naomie Feller,80,91,80,70,81,37,75,2026-08-12 11:55:15
264866,Océane,Deslandes,Océane Deslandes,80,69,55,75,74,80,79,2026-08-12 11:55:15
190674,Benjamin,André,Benjamin André,80,55,64,73,76,79,83,2026-08-12 11:55:15
255654,Pierre,Kalulu,Pierre Kalulu,80,80,53,68,70,81,76,2026-08-12 11:55:15
264905,Jade,Le Guilly,Jade Le Guilly,80,72,55,73,72,79,73,2026-08-12 11:55:15
243593,Armand,Laurienté,Armand Laurienté,80,91,77,74,83,36,57,2026-08-12 11:55:15
264862,Maghnes,Akliouche,Maghnes Akliouche,80,74,70,78,83,48,62,2026-08-12 11:55:15
262138,Castello,Lukeba,Castello Lukeba,80,72,43,68,73,81,75,2026-08-12 11:55:15
220440,Clément,Lenglet,Clément Lenglet,80,54,45,69,64,82,76,2026-08-12 11:55:15
227357,Annaïg,Butel,Annaïg Butel,80,60,42,65,64,82,77,2026-08-12 11:55:15
250723,Kouadio Manu,Koné,Kouadio Manu Koné,79,74,74,75,81,74,82,2026-08-12 11:55:15
195864,Paul,Pogba,Paul Pogba,79,64,76,81,83,60,78,2026-08-12 11:55:15
223874,Valentin,Rongier,Valentin Rongier,79,62,66,75,78,74,78,2026-08-12 11:55:15
259307,Malo,Gusto,Malo Gusto,79,84,45,75,78,73,74,2026-08-12 11:55:15
265905,Vicki,Becho,Vicki Becho,79,85,76,69,85,45,68,2026-08-12 11:55:15
225863,Olivier,Boscagli,Olivier Boscagli,79,65,50,77,77,79,76,2026-08-12 11:55:15
236786,Martin,Terrier,Martin Terrier,79,78,79,75,80,36,71,2026-08-12 11:55:15
193301,Alexandre,Lacazette,Alexandre Lacazette,79,65,82,75,80,44,72,2026-08-12 11:55:15
269972,Lou,Bogaert,Lou Bogaert,79,77,51,71,75,78,66,2026-08-12 11:55:15
226166,Nordi,Mukiele,Nordi Mukiele,79,72,49,67,71,80,77,2026-08-12 11:55:15
244067,Maxence,Lacroix,Maxence Lacroix,79,88,40,57,67,80,82,2026-08-12 11:55:15
246565,Bafodé,Diakité,Bafodé Diakité,79,72,46,65,71,79,80,2026-08-12 11:55:15
248695,Wesley,Fofana,Wesley Fofana,79,74,41,62,71,80,78,2026-08-12 11:55:15
178509,Olivier,Giroud,Olivier Giroud,79,48,80,71,73,41,79,2026-08-12 11:55:15
265893,Julie,Pasquereau,Julie Pasquereau,79,54,38,65,60,80,81,2026-08-12 11:55:15
243631,Mahdi,Camara,Mahdi Camara,78,74,68,74,77,77,76,2026-08-12 11:55:15
243627,Yacine,Adli,Yacine Adli,78,70,69,80,78,73,68,2026-08-12 11:55:15
265903,Sonia,Ouchene,Sonia Ouchene,78,80,68,77,79,62,70,2026-08-12 11:55:15
230020,Pierre,Lees-Melou,Pierre Lees-Melou,78,57,72,77,77,73,73,2026-08-12 11:55:15
265526,Guillaume,Restes,Guillaume Restes,78,78,74,80,80,40,77,2026-08-12 11:55:15
264865,Mylène,Chavas,Mylène Chavas,78,78,78,75,79,39,77,2026-08-12 11:55:15
254548,Melvin,Bard,Melvin Bard,78,78,52,69,74,75,76,2026-08-12 11:55:15
252371,Jude,Bellingham,Jude Bellingham,90,80,86,83,90,78,85,2026-08-12 11:55:15
258980,Alessia,Russo,Alessia Russo,89,82,88,70,87,39,73,2026-08-12 11:55:15
202126,Harry,Kane,Harry Kane,89,64,92,83,82,48,82,2026-08-12 11:55:15
246669,Bukayo,Saka,Bukayo Saka,88,84,82,85,88,60,73,2026-08-12 11:55:15
257534,Cole,Palmer,Cole Palmer,87,75,83,87,87,50,65,2026-08-12 11:55:15
257001,Chloe,Kelly,Chloe Kelly,87,88,84,85,84,43,69,2026-08-12 11:55:15
227246,Lucy,Bronze,Lucy Bronze,87,71,68,82,80,87,87,2026-08-12 11:55:15
234378,Declan,Rice,Declan Rice,87,72,73,84,80,83,83,2026-08-12 11:55:15
246426,Leah,Williamson,Leah Williamson,87,74,48,73,72,88,77,2026-08-12 11:55:15
245802,Beth,Mead,Beth Mead,87,82,84,84,87,67,73,2026-08-12 11:55:15
257008,Lauren,Hemp,Lauren Hemp,87,91,77,84,87,63,70,2026-08-12 11:55:15
238257,Millie,Bright,Millie Bright,87,57,51,70,62,87,88,2026-08-12 11:55:15
231281,Trent,Alexander-Arnold,Trent Alexander-Arnold,86,76,72,89,80,80,74,2026-08-12 11:55:15
243404,Georgia,Stanway,Georgia Stanway,85,80,79,80,86,77,77,2026-08-12 11:55:15
265249,Lauren,James,Lauren James,85,89,81,78,87,40,82,2026-08-12 11:55:15
237692,Phil,Foden,Phil Foden,85,81,81,82,89,57,57,2026-08-12 11:55:15
263011,Ella,Toone,Ella Toone,85,81,80,81,86,51,64,2026-08-12 11:55:15
242830,Keira,Walsh,Keira Walsh,85,64,46,81,79,79,74,2026-08-12 11:55:15
263009,Hannah,Hampton,Hannah Hampton,84,82,83,82,84,60,85,2026-08-12 11:55:15
204935,Jordan,Pickford,Jordan Pickford,84,84,78,88,87,53,81,2026-08-12 11:55:15
227254,Alex,Greenwood,Alex Greenwood,84,71,65,82,74,85,82,2026-08-12 11:55:15
247504,Mary,Earps,Mary Earps,84,81,80,83,82,41,84,2026-08-12 11:55:15
265293,Maya,Le Tissier,Maya Le Tissier,84,76,58,77,73,86,80,2026-08-12 11:55:15
221697,Ollie,Watkins,Ollie Watkins,84,77,83,73,80,50,80,2026-08-12 11:55:15
220697,James,Maddison,James Maddison,84,67,81,86,85,58,64,2026-08-12 11:55:15
242964,Anthony,Gordon,Anthony Gordon,83,91,79,78,83,50,71,2026-08-12 11:55:15
235794,Eberechi,Eze,Eberechi Eze,83,74,80,81,87,50,68,2026-08-12 11:55:15
224371,Jarrod,Bowen,Jarrod Bowen,83,76,81,78,82,46,70,2026-08-12 11:55:15
227255,Fran,Kirby,Fran Kirby,83,84,82,77,86,42,60,2026-08-12 11:55:15
231936,Benjamin,White,Benjamin White,83,70,35,75,75,83,78,2026-08-12 11:55:15
260247,Morgan,Rogers,Morgan Rogers,82,77,77,79,84,67,79,2026-08-12 11:55:15
265275,Leah,Galton,Leah Galton,82,73,82,81,80,62,79,2026-08-12 11:55:15
236015,Morgan,Gibbs-White,Morgan Gibbs-White,82,75,77,82,84,60,72,2026-08-12 11:55:15
235659,Nikita,Parris,Nikita Parris,82,90,82,77,83,47,67,2026-08-12 11:55:15
227678,Ezri,Konsa,Ezri Konsa,82,75,53,71,75,84,78,2026-08-12 11:55:15
203574,John,Stones,John Stones,82,64,58,74,75,84,72,2026-08-12 11:55:15
246147,Mason,Greenwood,Mason Greenwood,82,83,83,77,83,37,63,2026-08-12 11:55:15
241159,Marc,Guéhi,Marc Guéhi,82,69,39,69,73,83,78,2026-08-12 11:55:15
256489,Bethany,England,Bethany England,82,63,86,67,77,40,72,2026-08-12 11:55:15
263012,Millie,Turner,Millie Turner,82,53,50,65,66,84,77,2026-08-12 11:55:15
238216,Conor,Gallagher,Conor Gallagher,81,75,76,80,78,79,84,2026-08-12 11:55:15
238074,Reece,James,Reece James,81,76,71,82,77,81,81,2026-08-12 11:55:15
265273,Katie,Zelem,Katie Zelem,81,68,78,82,79,78,82,2026-08-12 11:55:15
265252,Ashleigh,Neville,Ashleigh Neville,81,76,70,76,78,81,83,2026-08-12 11:55:15
235657,Rachel,Daly,Rachel Daly,81,79,81,76,80,64,76,2026-08-12 11:55:15
233306,Dean,Henderson,Dean Henderson,81,82,78,77,82,55,80,2026-08-12 11:55:15
263007,Niamh,Charles,Niamh Charles,81,81,66,79,76,78,70,2026-08-12 11:55:15
206085,Jacob,Murphy,Jacob Murphy,81,82,77,78,80,61,70,2026-08-12 11:55:15
265340,Jess,Park,Jess Park,81,83,73,77,86,59,63,2026-08-12 11:55:15
203841,Nick,Pope,Nick Pope,81,81,81,68,82,49,78,2026-08-12 11:55:15
212228,Ivan,Toney,Ivan Toney,81,78,82,71,75,51,81,2026-08-12 11:55:15
265856,Anna,Moorhouse,Anna Moorhouse,81,78,78,75,82,41,83,2026-08-12 11:55:15
247797,Hannah,Blundell,Hannah Blundell,81,69,54,71,73,82,70,2026-08-12 11:55:15
232756,Fikayo,Tomori,Fikayo Tomori,81,81,40,60,67,82,78,2026-08-12 11:55:15
213666,Ruben,Loftus-Cheek,Ruben Loftus-Cheek,80,81,76,79,80,76,80,2026-08-12 11:55:15
242434,Curtis,Jones,Curtis Jones,80,74,74,76,82,72,76,2026-08-12 11:55:15
254243,Elliot,Anderson,Elliot Anderson,80,71,68,79,81,77,78,2026-08-12 11:55:15
186345,Kieran,Trippier,Kieran Trippier,80,66,65,83,77,80,71,2026-08-12 11:55:15
266127,Lewis,Hall,Lewis Hall,80,77,62,78,79,77,64,2026-08-12 11:55:15
254796,Noni,Madueke,Noni Madueke,80,88,75,74,83,45,69,2026-08-12 11:55:15
206517,Jack,Grealish,Jack Grealish,80,72,76,80,85,53,67,2026-08-12 11:55:15
262118,Tino,Livramento,Tino Livramento,80,82,51,72,78,76,74,2026-08-12 11:55:15
234742,Harvey,Barnes,Harvey Barnes,80,83,80,75,81,43,68,2026-08-12 11:55:15
266568,Khiara,Keating,Khiara Keating,80,78,79,81,80,31,78,2026-08-12 11:55:15
231677,Marcus,Rashford,Marcus Rashford,80,87,82,77,80,33,63,2026-08-12 11:55:15
225539,Dominic,Solanke,Dominic Solanke,80,71,80,66,77,42,83,2026-08-12 11:55:15
262859,Levi,Colwill,Levi Colwill,80,70,43,71,72,81,80,2026-08-12 11:55:15
233049,Jadon,Sancho,Jadon Sancho,80,79,73,77,87,35,58,2026-08-12 11:55:15
203263,Harry,Maguire,Harry Maguire,80,35,57,70,65,80,82,2026-08-12 11:55:15
263013,Lotte,Wubben-Moy,Lotte Wubben-Moy,80,58,42,62,65,83,76,2026-08-12 11:55:15
202695,James,Tarkowski,James Tarkowski,80,45,47,64,59,81,82,2026-08-12 11:55:15
189881,Chris,Smalling,Chris Smalling,80,45,47,57,59,83,77,2026-08-12 11:55:15
188377,Kyle,Walker,Kyle Walker,79,80,64,75,76,77,78,2026-08-12 11:55:15
183711,Jordan,Henderson,Jordan Henderson,79,65,71,80,74,75,77,2026-08-12 11:55:15
224294,Lewis,Cook,Lewis Cook,79,69,63,77,77,75,73,2026-08-12 11:55:15
205988,Luke,Shaw,Luke Shaw,79,69,57,78,75,79,72,2026-08-12 11:55:15
259240,Adam,Wharton,Adam Wharton,79,62,62,81,77,75,69,2026-08-12 11:55:15
265326,Sarah,Mayling,Sarah Mayling,79,70,59,71,71,78,76,2026-08-12 11:55:15
230918,Trevoh,Chalobah,Trevoh Chalobah,79,66,53,69,70,80,78,2026-08-12 11:55:15
202335,Eric,Dier,Eric Dier,79,54,62,67,62,80,82,2026-08-12 11:55:15
225100,Joe,Gomez,Joe Gomez,79,74,29,70,71,79,73,2026-08-12 11:55:15
265247,Jess,Carter,Jess Carter,79,58,46,67,65,82,78,2026-08-12 11:55:15
247649,Jarrad,Branthwaite,Jarrad Branthwaite,79,71,39,58,60,80,78,2026-08-12 11:55:15
198032,Dan,Burn,Dan Burn,79,42,36,67,64,79,85,2026-08-12 11:55:15
247796,Ellie,Roebuck,Ellie Roebuck,78,81,77,76,78,59,76,2026-08-12 11:55:15
246923,Jacob,Ramsey,Jacob Ramsey,78,77,75,73,80,68,72,2026-08-12 11:55:15
265333,Grace,Clinton,Grace Clinton,78,75,75,74,77,65,75,2026-08-12 11:55:15
278773,Myles,Lewis-Skelly,Myles Lewis-Skelly,78,76,60,74,77,75,78,2026-08-12 11:55:15
243702,Djed,Spence,Djed Spence,78,88,44,71,79,74,72,2026-08-12 11:55:15
240740,Callum,Hudson-Odoi,Callum Hudson-Odoi,78,82,75,75,81,50,63,2026-08-12 11:55:15
267328,Ebony,Salmon,Ebony Salmon,78,88,79,75,76,41,67,2026-08-12 11:55:15
243282,Dwight,McNeil,Dwight McNeil,78,67,76,79,79,55,68,2026-08-12 11:55:15
265258,Jessica,Naz,Jessica Naz,78,83,77,69,82,43,66,2026-08-12 11:55:15
265262,Molly,Bartrip,Molly Bartrip,78,70,56,69,68,79,77,2026-08-12 11:55:15
266551,Gabrielle,George,Gabrielle George,78,60,57,71,68,80,82,2026-08-12 11:55:15
186146,Danny,Welbeck,Danny Welbeck,78,60,78,74,77,45,77,2026-08-12 11:55:15
259031,Liam,Delap,Liam Delap,78,79,80,60,76,30,81,2026-08-12 11:55:15
240947,Tyrick,Mitchell,Tyrick Mitchell,78,75,41,68,73,76,70,2026-08-12 11:55:15
246174,Harvey,Elliott,Harvey Elliott,78,72,70,77,81,53,50,2026-08-12 11:55:15
196978,Callum,Wilson,Callum Wilson,78,73,79,67,76,42,65,2026-08-12 11:55:15
233419,Raphael,Dias Belloli,Raphael Dias Belloli,89,91,84,85,87,53,75,2026-08-12 11:55:15
212831,Alisson,Ramses Becker,Alisson Ramses Becker,89,86,85,86,89,56,90,2026-08-12 11:55:15
238794,Vinícius José,de Oliveira Júnior,Vinícius José de Oliveira Júnior,89,95,84,81,91,29,69,2026-08-12 11:55:15
232580,Gabriel,dos S. Magalhães,Gabriel dos S. Magalhães,88,64,44,64,65,88,84,2026-08-12 11:55:15
226893,Débora C.,de Oliveira,Débora C. de Oliveira,88,85,79,86,91,46,75,2026-08-12 11:55:15
207865,Marcos,Aoás Corrêa,Marcos Aoás Corrêa,87,78,56,75,74,89,80,2026-08-12 11:55:15
247851,Bruno,Guimarães Moura,Bruno Guimarães Moura,86,66,75,84,84,79,81,2026-08-12 11:55:15
210257,Ederson,Santana de Moraes,Ederson Santana de Moraes,85,83,82,91,83,64,83,2026-08-12 11:55:15
226890,Marta,Vieira da Silva,Marta Vieira da Silva,85,70,83,84,88,44,75,2026-08-12 11:55:15
243812,Rodrygo,Silva de Goes,Rodrygo Silva de Goes,85,88,80,79,87,31,64,2026-08-12 11:55:15
239580,Gleison Bremer,Silva Nascimento,Gleison Bremer Silva Nascimento,85,82,50,58,66,86,80,2026-08-12 11:55:15
240130,Éder,Gabriel Militão,Éder Gabriel Militão,84,82,50,69,71,85,82,2026-08-12 11:55:15
240243,Matheus Santos,Carneiro da Cunha,Matheus Santos Carneiro da Cunha,83,77,85,79,84,44,75,2026-08-12 11:55:15
278016,Murillo,Costa dos Santos,Murillo Costa dos Santos,83,80,48,67,71,83,83,2026-08-12 11:55:15
223334,Joelinton,Apolinário de Lira,Joelinton Apolinário de Lira,82,74,73,77,81,82,90,2026-08-12 11:55:15
266866,Éderson José,dos Santos,Éderson José dos Santos,82,78,72,77,80,80,81,2026-08-12 11:55:15
222737,Malcom Filipe,Silva de Oliveira,Malcom Filipe Silva de Oliveira,82,89,78,79,84,43,73,2026-08-12 11:55:15
226897,Beatriz,Zaneratto João,Beatriz Zaneratto João,82,72,81,73,83,50,83,2026-08-12 11:55:15
209499,Fábio,Henrique Tavares,Fábio Henrique Tavares,82,53,69,78,77,81,80,2026-08-12 11:55:15
273136,Lorena,da Silva Leite,Lorena da Silva Leite,82,79,81,78,82,29,80,2026-08-12 11:55:15
270409,Sávio,Moreira de Oliveira,Sávio Moreira de Oliveira,82,87,71,78,86,30,53,2026-08-12 11:55:15
247257,Roger,Ibañez da Silva,Roger Ibañez da Silva,82,87,32,47,61,83,85,2026-08-12 11:55:15
258648,Carlos Augusto,Zopolato Neves,Carlos Augusto Zopolato Neves,81,78,72,77,79,79,76,2026-08-12 11:55:15
248794,Geyse,da Silva Ferreira,Geyse da Silva Ferreira,81,91,78,73,85,34,87,2026-08-12 11:55:15
251566,Gabriel Teodoro,Martinelli Silva,Gabriel Teodoro Martinelli Silva,81,90,77,75,83,46,72,2026-08-12 11:55:15
212523,Anderson,Souza Conceição,Anderson Souza Conceição,81,76,86,80,81,45,74,2026-08-12 11:55:15
272009,Antônia,da Costa Silva,Antônia da Costa Silva,81,80,50,71,79,80,80,2026-08-12 11:55:15
239482,Wenderson,Nascimento Galeno,Wenderson Nascimento Galeno,81,93,75,71,83,45,69,2026-08-12 11:55:15
255475,Antony,Matheus dos Santos,Antony Matheus dos Santos,81,84,78,78,83,43,70,2026-08-12 11:55:15
230670,Lucas,Estella Perri,Lucas Estella Perri,81,80,79,79,82,35,80,2026-08-12 11:55:15
236632,David,Neres Campos,David Neres Campos,81,86,76,75,86,46,61,2026-08-12 11:55:15
272084,Lauren,Eduarda Leal Costa,Lauren Eduarda Leal Costa,81,72,33,58,64,82,83,2026-08-12 11:55:15
209297,Frederico,de Paula Santos,Frederico de Paula Santos,80,77,71,78,82,76,75,2026-08-12 11:55:15
270571,Gabriel Davi,Gomes Sara,Gabriel Davi Gomes Sara,80,74,74,83,79,68,78,2026-08-12 11:55:15
233927,Lucas Tolentino,Coelho de Lima,Lucas Tolentino Coelho de Lima,80,68,78,78,84,69,75,2026-08-12 11:55:15
273018,Andrey,N. dos Santos,Andrey N. dos Santos,80,74,69,74,78,77,80,2026-08-12 11:55:15
236499,Douglas Luiz,Soares de Paulo,Douglas Luiz Soares de Paulo,80,67,75,82,80,75,70,2026-08-12 11:55:15
238422,Gabriela,Nunes da Silva,Gabriela Nunes da Silva,80,85,79,74,81,39,83,2026-08-12 11:55:15
73562,Bento Matheus,Krepski,Bento Matheus Krepski,80,79,76,77,83,39,81,2026-08-12 11:55:15
230666,Gabriel,Fernando de Jesus,Gabriel Fernando de Jesus,80,81,79,74,86,39,71,2026-08-12 11:55:15
267234,Kerolin Nicoli,Israel Ferraz,Kerolin Nicoli Israel Ferraz,80,81,74,76,81,42,75,2026-08-12 11:55:15
271400,Igor Guilherme,Barbosa da Paixão,Igor Guilherme Barbosa da Paixão,80,83,80,75,81,32,70,2026-08-12 11:55:15
200145,Carlos Henrique,Venancio Casimiro,Carlos Henrique Venancio Casimiro,80,36,74,76,69,80,76,2026-08-12 11:55:15
256612,F. Evanilson,de Lima Barbosa,F. Evanilson de Lima Barbosa,80,76,79,66,77,37,76,2026-08-12 11:55:15
269493,Alexsandro,de Souza Ribeiro,Alexsandro de Souza Ribeiro,80,66,40,63,59,80,81,2026-08-12 11:55:15
212091,Rodinei Marcelo,de Almeida,Rodinei Marcelo de Almeida,79,81,66,73,79,74,77,2026-08-12 11:55:15
234505,Evander,da Silva Ferreira,Evander da Silva Ferreira,79,72,77,78,81,66,69,2026-08-12 11:55:15
241509,Mauro Jaqueson,J. Ferreira Santos,Mauro Jaqueson J. Ferreira Santos,79,83,66,76,81,73,59,2026-08-12 11:55:15
267199,Angelina,Alonso Costantino,Angelina Alonso Costantino,79,72,69,78,80,59,65,2026-08-12 11:55:15
252042,João Pedro,Junqueira de Jesus,João Pedro Junqueira de Jesus,79,78,78,72,81,37,70,2026-08-12 11:55:15
253175,Luana,Bertolucci Paixão,Luana Bertolucci Paixão,79,50,72,78,81,66,65,2026-08-12 11:55:15
277797,Marcos Leonardo,Santos Almeida,Marcos Leonardo Santos Almeida,79,78,78,63,75,27,67,2026-08-12 11:55:15
227421,Rafaelle Leone,Carvalho Souza,Rafaelle Leone Carvalho Souza,79,55,39,68,65,81,79,2026-08-12 11:55:15
256632,Luis Henrique,Tomaz de Lima,Luis Henrique Tomaz de Lima,78,90,73,71,77,54,77,2026-08-12 11:55:15
251573,Renan Augusto,Lodi dos Santos,Renan Augusto Lodi dos Santos,78,75,69,76,77,73,71,2026-08-12 11:55:15
234112,Domilson,Cordeiro dos Santos,Domilson Cordeiro dos Santos,78,86,59,74,79,72,69,2026-08-12 11:55:15
231943,Richarlison,de Andrade,Richarlison de Andrade,78,76,78,72,78,53,75,2026-08-12 11:55:15
238896,Eduardo Gabriel,Aquino Cossa,Eduardo Gabriel Aquino Cossa,78,85,70,72,83,52,58,2026-08-12 11:55:15
273463,João Victor,Gomes da Silva,João Victor Gomes da Silva,78,54,68,72,75,77,74,2026-08-12 11:55:15
74866,André,Trindade,André Trindade,78,58,58,74,77,75,72,2026-08-12 11:55:15
76687,Estêvão Willian,Almeida,Estêvão Willian Almeida,78,90,74,73,82,33,57,2026-08-12 11:55:15
219693,Diego Carlos,Santos Silva,Diego Carlos Santos Silva,78,63,47,62,67,78,76,2026-08-12 11:55:15
279709,Lucas,Lopes Beraldo,Lucas Lopes Beraldo,78,66,38,66,68,79,75,2026-08-12 11:55:15
235949,Gabriel Tadeu,Strefezza Rebelato,Gabriel Tadeu Strefezza Rebelato,78,87,68,73,79,31,49,2026-08-12 11:55:15
158625,Dante Bonfim,Costa Santos,Dante Bonfim Costa Santos,78,32,52,69,65,80,75,2026-08-12 11:55:15
277537,Bernardo,de Souza,Bernardo de Souza,78,56,33,55,66,79,77,2026-08-12 11:55:15
80170,Wesley Vinícius,França Lima,Wesley Vinícius França Lima,77,89,62,70,78,73,76,2026-08-12 11:55:15
263781,Vanderson,de Oliveira Campos,Vanderson de Oliveira Campos,77,78,62,74,77,72,71,2026-08-12 11:55:15
230625,Matheus,Reis de Lima,Matheus Reis de Lima,77,76,55,68,75,77,80,2026-08-12 11:55:15
259075,Yan,Bueno Couto,Yan Bueno Couto,77,78,61,77,83,69,61,2026-08-12 11:55:15
232440,Caio Henrique,Oliveira Silva,Caio Henrique Oliveira Silva,77,78,58,77,77,72,66,2026-08-12 11:55:15
274780,Luany Vitória,da Silva Rosa,Luany Vitória da Silva Rosa,77,83,76,69,80,43,73,2026-08-12 11:55:15
258885,Luiz Lúcio,Reis Júnior,Luiz Lúcio Reis Júnior,77,77,77,71,77,30,77,2026-08-12 11:55:15
247641,Mateus,Tetê,Mateus Tetê,77,80,70,71,80,41,61,2026-08-12 11:55:15
272505,Endrick Felipe,Moreira de Sousa,Endrick Felipe Moreira de Sousa,77,87,77,62,78,30,68,2026-08-12 11:55:15
201305,Gabriel,Armando de Abreu,Gabriel Armando de Abreu,77,64,49,65,63,77,79,2026-08-12 11:55:15
79402,Igor Jesus,Maciel da Cruz,Igor Jesus Maciel da Cruz,77,70,77,63,72,36,77,2026-08-12 11:55:15
224885,Guilherme,Haubert Sityá,Guilherme Haubert Sityá,76,80,62,76,74,68,78,2026-08-12 11:55:15
262929,Vinicius,de Souza Costa,Vinicius de Souza Costa,76,65,58,65,68,76,82,2026-08-12 11:55:15
73398,Rômulo José,Cardoso da Cruz,Rômulo José Cardoso da Cruz,76,82,75,63,75,35,78,2026-08-12 11:55:15
70822,Gabriel,Fortes Chaves,Gabriel Fortes Chaves,76,88,69,67,79,34,70,2026-08-12 11:55:15
275927,Nycole Raysla,Silva Sobrinho,Nycole Raysla Silva Sobrinho,76,80,77,74,76,33,67,2026-08-12 11:55:15
226515,Andrei,Girotto,Andrei Girotto,76,46,65,67,67,77,77,2026-08-12 11:55:15
70571,Kevin,Santos,Kevin Santos,76,81,70,70,80,33,61,2026-08-12 11:55:15
241585,Igor Julio,dos Santos de Paulo,Igor Julio dos Santos de Paulo,76,64,37,57,58,75,83,2026-08-12 11:55:15
256008,Felipe,Rodrigues da Silva,Felipe Rodrigues da Silva,76,53,37,57,60,76,80,2026-08-12 11:55:15
238621,Rodrigo,Nascimento França,Rodrigo Nascimento França,76,54,35,54,56,77,79,2026-08-12 11:55:15
272733,Oberdan,Alionço de Lima,Oberdan Alionço de Lima,75,83,63,67,73,69,78,2026-08-12 11:55:15
226096,Rômulo José,Pacheco da Silva,Rômulo José Pacheco da Silva,75,81,71,74,77,52,73,2026-08-12 11:55:15
263673,Andrew,da Silva Ventura,Andrew da Silva Ventura,75,75,73,77,77,45,73,2026-08-12 11:55:15
188803,Taison,Barcellos Freda,Taison Barcellos Freda,75,82,75,73,80,44,64,2026-08-12 11:55:15
225475,Hernani,Azevedo Júnior,Hernani Azevedo Júnior,75,58,70,71,72,73,72,2026-08-12 11:55:15
193107,Paulo Victor,Mileo Vidotti,Paulo Victor Mileo Vidotti,75,76,71,69,77,49,71,2026-08-12 11:55:15
230601,Cryzan,Queiroz Barcelos,Cryzan Queiroz Barcelos,75,84,72,68,75,27,83,2026-08-12 11:55:15
219908,Bruno,dos Santos Nazario,Bruno dos Santos Nazario,75,81,69,74,76,45,63,2026-08-12 11:55:15
274758,Yasmim,Assis Ribeiro,Yasmim Assis Ribeiro,75,73,58,69,68,72,67,2026-08-12 11:55:15
232805,Bernardo,Fernandes,Bernardo Fernandes,75,69,53,63,68,75,76,2026-08-12 11:55:15
235574,Lucas,Oliveira de França,Lucas Oliveira de França,75,73,72,65,78,41,75,2026-08-12 11:55:15
270983,Clayton,Fernandes Silva,Clayton Fernandes Silva,75,76,76,66,71,37,78,2026-08-12 11:55:15
254225,Anderson,Oliveira da Silva,Anderson Oliveira da Silva,75,90,70,69,74,33,63,2026-08-12 11:55:15
227203,Alexia,Putellas Segura,Alexia Putellas Segura,91,82,89,90,91,72,80,2026-08-12 11:55:15
241667,Aitana,Bonmatí Conca,Aitana Bonmatí Conca,91,85,87,86,91,77,75,2026-08-12 11:55:15
231866,Rodrigo,Hernández Cascante,Rodrigo Hernández Cascante,90,65,80,86,84,86,85,2026-08-12 11:55:15
277643,Lamine Yamal,Nasraoui Ebana,Lamine Yamal Nasraoui Ebana,89,85,81,86,90,23,53,2026-08-12 11:55:15
237288,María Francesca,Caldentey Oliver,María Francesca Caldentey Oliver,89,78,84,86,90,76,79,2026-08-12 11:55:15
237289,Patricia,Guijarro Gutiérrez,Patricia Guijarro Gutiérrez,89,78,82,83,87,86,83,2026-08-12 11:55:15
251854,Pedro,González López,Pedro González López,89,77,73,85,91,78,77,2026-08-12 11:55:15
236479,María Pilar,León Cebrián,María Pilar León Cebrián,89,75,68,79,76,90,82,2026-08-12 11:55:15
227190,Irene,Paredes Hernández,Irene Paredes Hernández,88,71,52,67,68,88,84,2026-08-12 11:55:15
220901,David,Raya Martin,David Raya Martin,87,86,84,87,87,62,85,2026-08-12 11:55:15
262531,Claudia,Pina Medina,Claudia Pina Medina,86,79,86,83,87,45,71,2026-08-12 11:55:15
253436,Ona,Batlle Pascual,Ona Batlle Pascual,86,80,54,79,79,81,72,2026-08-12 11:55:15
256516,Nicholas,Williams Arthuer,Nicholas Williams Arthuer,86,93,76,80,87,36,66,2026-08-12 11:55:15
204963,Daniel,Carvajal Ramos,Daniel Carvajal Ramos,85,80,58,79,81,81,79,2026-08-12 11:55:15
230869,Unai,Simón Mendibil,Unai Simón Mendibil,85,84,80,76,85,49,84,2026-08-12 11:55:15
193080,David,De Gea Quintana,David De Gea Quintana,85,85,78,71,87,46,84,2026-08-12 11:55:15
226271,Fabián,Ruiz Peña,Fabián Ruiz Peña,85,61,77,80,81,75,72,2026-08-12 11:55:15
204525,Iñigo,Martínez Berridi,Iñigo Martínez Berridi,85,71,57,72,68,85,80,2026-08-12 11:55:15
244260,Daniel,Olmo Carvajal,Daniel Olmo Carvajal,85,73,79,83,87,50,56,2026-08-12 11:55:15
226161,Marcos,Llorente Moreno,Marcos Llorente Moreno,84,89,79,78,81,78,82,2026-08-12 11:55:15
244675,Oihan,Sancet Tirapu,Oihan Sancet Tirapu,84,76,83,80,85,70,82,2026-08-12 11:55:15
262457,Olga,Carmona García,Olga Carmona García,84,88,74,78,80,79,74,2026-08-12 11:55:15
268942,Catalina Thomas,Coll Lluch,Catalina Thomas Coll Lluch,84,83,81,76,87,53,82,2026-08-12 11:55:15
269404,Salma Celeste,Paralluelo Ayingono,Salma Celeste Paralluelo Ayingono,84,92,84,78,83,46,77,2026-08-12 11:55:15
239231,Marc,Cucurella Saseta,Marc Cucurella Saseta,84,75,64,79,80,82,79,2026-08-12 11:55:15
210035,Alejandro,Grimaldo García,Alejandro Grimaldo García,84,72,73,87,85,74,67,2026-08-12 11:55:15
257279,Alejandro,Baena Rodríguez,Alejandro Baena Rodríguez,84,79,76,84,82,65,68,2026-08-12 11:55:15
197781,Francisco Román,Alarcón Suárez,Francisco Román Alarcón Suárez,84,66,79,85,85,59,60,2026-08-12 11:55:15
248550,Daniel,Vivian Moreno,Daniel Vivian Moreno,84,79,50,63,72,84,83,2026-08-12 11:55:15
233244,Esther,González Rodríguez,Esther González Rodríguez,84,80,84,72,83,31,72,2026-08-12 11:55:15
246774,Alba,Redondo Ferrer,Alba Redondo Ferrer,84,84,85,70,84,26,64,2026-08-12 11:55:15
225193,Mikel,Merino Zazón,Mikel Merino Zazón,83,63,79,80,80,81,80,2026-08-12 11:55:15
215590,Ayoze,Pérez Gutiérrez,Ayoze Pérez Gutiérrez,83,86,83,80,83,59,67,2026-08-12 11:55:15
259532,Joan,García Pons,Joan García Pons,83,81,82,77,86,46,83,2026-08-12 11:55:15
227127,Alejandro,Remiro Gargallo,Alejandro Remiro Gargallo,83,83,78,80,84,45,84,2026-08-12 11:55:15
228813,Aleix,García Serrano,Aleix García Serrano,83,65,75,85,84,75,66,2026-08-12 11:55:15
248148,Martín,Zubimendi Ibáñez,Martín Zubimendi Ibáñez,83,66,67,79,79,80,73,2026-08-12 11:55:15
264240,Pablo Martín,Páez Gavira,Pablo Martín Páez Gavira,83,76,66,78,85,68,70,2026-08-12 11:55:15
263578,Alejandro,Balde Martínez,Alejandro Balde Martínez,83,91,50,75,79,78,67,2026-08-12 11:55:15
241461,Ferran,Torres García,Ferran Torres García,83,83,81,79,83,35,68,2026-08-12 11:55:15
192629,Iago,Aspas Juncal,Iago Aspas Juncal,83,77,84,80,84,35,62,2026-08-12 11:55:15
259372,Athenea,del Castillo,Athenea del Castillo,83,86,78,75,83,25,72,2026-08-12 11:55:15
233486,Robin,Le Normand,Robin Le Normand,83,65,28,59,63,84,80,2026-08-12 11:55:15
243576,Pedro Antonio,Porro Sauceda,Pedro Antonio Porro Sauceda,82,78,73,81,80,77,76,2026-08-12 11:55:15
258789,María Isabel,Rodríguez Rivero,María Isabel Rodríguez Rivero,82,84,77,77,80,61,84,2026-08-12 11:55:15
225201,Alejandro,Berenguer Remiro,Alejandro Berenguer Remiro,82,84,77,79,84,65,69,2026-08-12 11:55:15
272449,Pablo,Barrios Rivas,Pablo Barrios Rivas,82,80,70,74,80,74,71,2026-08-12 11:55:15
278349,Dean,Huijsen,Dean Huijsen,82,71,55,73,74,82,76,2026-08-12 11:55:15
230142,Mikel,Oyarzabal Ugarte,Mikel Oyarzabal Ugarte,82,77,83,81,82,42,65,2026-08-12 11:55:15
189513,Daniel,Parejo Muñoz,Daniel Parejo Muñoz,82,39,80,87,78,74,67,2026-08-12 11:55:15
233150,Leila,Ouahabi El Ouahabi,Leila Ouahabi El Ouahabi,82,73,52,71,72,81,74,2026-08-12 11:55:15
271944,Maria,Méndez Fernández,Maria Méndez Fernández,82,74,53,69,66,82,77,2026-08-12 11:55:15
278046,Pau,Cubarsí Paredes,Pau Cubarsí Paredes,82,70,42,66,77,84,76,2026-08-12 11:55:15
200724,José Ignacio,Fernández Iglesias,José Ignacio Fernández Iglesias,82,73,37,68,71,82,79,2026-08-12 11:55:15
212218,Aymeric,Laporte,Aymeric Laporte,82,51,50,74,70,83,77,2026-08-12 11:55:15
202648,Sergi,Darder Moll,Sergi Darder Moll,81,77,76,81,80,73,77,2026-08-12 11:55:15
246287,Ángela,Sosa Martín,Ángela Sosa Martín,81,77,77,83,83,64,77,2026-08-12 11:55:15
261865,Miguel,Gutiérrez Ortega,Miguel Gutiérrez Ortega,81,81,71,79,81,76,73,2026-08-12 11:55:15
272007,Paula,Fernández Jiménez,Paula Fernández Jiménez,81,77,70,78,79,78,78,2026-08-12 11:55:15
258576,Teresa José,Abelleira Dueñas,Teresa José Abelleira Dueñas,81,74,76,79,82,72,72,2026-08-12 11:55:15
262545,Amaiur,Sarriegi Isasa,Amaiur Sarriegi Isasa,81,88,78,75,84,47,81,2026-08-12 11:55:15
235944,Brais,Méndez Portela,Brais Méndez Portela,81,70,80,82,81,65,73,2026-08-12 11:55:15
227204,Dolores,Gallardo Núñez,Dolores Gallardo Núñez,81,83,77,75,82,51,80,2026-08-12 11:55:15
193747,Jorge,Resurrección,Jorge Resurrección,81,61,72,83,78,76,77,2026-08-12 11:55:15
272050,Cristina,Martín-Prieto,Cristina Martín-Prieto,81,78,82,71,75,51,87,2026-08-12 11:55:15
211688,José Luís,Gayà Peña,José Luís Gayà Peña,81,80,61,76,77,77,72,2026-08-12 11:55:15
223952,David,Soria Solís,David Soria Solís,81,81,79,74,82,41,80,2026-08-12 11:55:15
208093,Gerard,Moreno Balagueró,Gerard Moreno Balagueró,81,77,82,77,80,46,71,2026-08-12 11:55:15
222509,Daniel,Ceballos Fernández,Daniel Ceballos Fernández,81,61,71,80,82,72,67,2026-08-12 11:55:15
232498,Isaac,Palazón Camacho,Isaac Palazón Camacho,81,84,77,80,82,39,65,2026-08-12 11:55:15
201153,Álvaro Borja,Morata Martín,Álvaro Borja Morata Martín,81,78,81,74,80,31,78,2026-08-12 11:55:15
253435,Laia,Aleixandri López,Laia Aleixandri López,81,77,35,63,59,82,74,2026-08-12 11:55:15
228805,Antonio José,Raíllo Arenas,Antonio José Raíllo Arenas,81,41,36,59,62,83,84,2026-08-12 11:55:15
259334,Nerea,Eizagirre Lasa,Nerea Eizagirre Lasa,80,79,83,78,82,62,75,2026-08-12 11:55:15
268889,Álvaro,Fernández Carreras,Álvaro Fernández Carreras,80,85,65,75,79,73,80,2026-08-12 11:55:15
233155,Claudia,Zornoza Sánchez,Claudia Zornoza Sánchez,80,73,77,79,81,71,75,2026-08-12 11:55:15
256303,Sheila,García Gómez,Sheila García Gómez,80,85,71,73,82,75,67,2026-08-12 11:55:15
259694,Óscar,Mingueza García,Óscar Mingueza García,80,80,66,77,77,76,76,2026-08-12 11:55:15
272123,Nerea,Nevado Gómez,Nerea Nevado Gómez,80,81,60,77,77,76,73,2026-08-12 11:55:15
205157,Iñigo,Ruiz de Galarreta,Iñigo Ruiz de Galarreta,80,69,65,77,79,76,76,2026-08-12 11:55:15
231591,Javier,Galán Gil,Javier Galán Gil,80,78,56,75,79,77,73,2026-08-12 11:55:15
272212,Adriana,Nanclares Romero,Adriana Nanclares Romero,80,80,77,70,81,45,79,2026-08-12 11:55:15
229668,Mario,Hermoso Canseco,Mario Hermoso Canseco,80,72,49,73,71,80,79,2026-08-12 11:55:15
277179,Fermín,López Marín,Fermín López Marín,80,74,75,75,82,62,55,2026-08-12 11:55:15
271446,Victoria,López Serrano Felix,Victoria López Serrano Felix,80,82,75,77,81,47,57,2026-08-12 11:55:15
272112,Carmen,Menayo Montero,Carmen Menayo Montero,80,76,47,68,72,81,72,2026-08-12 11:55:15
220834,Marco,Asensio Willemsen,Marco Asensio Willemsen,80,70,78,81,82,43,60,2026-08-12 11:55:15
216447,Álvaro,García Rivera,Álvaro García Rivera,80,88,70,77,81,51,45,2026-08-12 11:55:15
241464,Pau,Francisco Torres,Pau Francisco Torres,80,67,41,75,69,82,73,2026-08-12 11:55:15
242816,Ricard,Puig Martí,Ricard Puig Martí,80,73,71,79,82,50,52,2026-08-12 11:55:15
224179,Borja,Iglesias Quintás,Borja Iglesias Quintás,80,62,82,71,74,40,77,2026-08-12 11:55:15
256302,Ainhoa,Vicente Moraza,Ainhoa Vicente Moraza,80,80,45,67,66,77,66,2026-08-12 11:55:15
259377,Yeremy Jesús,Pino Santos,Yeremy Jesús Pino Santos,80,77,73,78,81,38,53,2026-08-12 11:55:15
189511,Sergio,Busquets Burgos,Sergio Busquets Burgos,80,35,61,76,77,77,73,2026-08-12 11:55:15
212602,Diego Javier,Llorente Ríos,Diego Javier Llorente Ríos,80,64,41,63,69,81,76,2026-08-12 11:55:15
183512,Yuri,Berchiche Izeta,Yuri Berchiche Izeta,79,79,68,74,75,77,82,2026-08-12 11:55:15
272008,Leire,Baños Indakoetxea,Leire Baños Indakoetxea,79,74,70,74,76,75,81,2026-08-12 11:55:15
242201,Luis,Milla Manzanares,Luis Milla Manzanares,79,69,72,80,76,75,73,2026-08-12 11:55:15
255069,Nicolás,González Iglesias,Nicolás González Iglesias,79,67,70,77,77,74,80,2026-08-12 11:55:15
226456,Pablo,Fornals Malla,Pablo Fornals Malla,79,65,75,80,80,73,71,2026-08-12 11:55:15
212622,Joshua,Kimmich,Joshua Kimmich,89,72,74,89,84,83,79,2026-08-12 11:55:15
256630,Florian,Wirtz,Florian Wirtz,89,80,82,88,90,54,67,2026-08-12 11:55:15
256790,Jamal,Musiala,Jamal Musiala,88,80,82,80,90,66,65,2026-08-12 11:55:15
213331,Jonathan,Tah,Jonathan Tah,87,63,38,60,63,87,86,2026-08-12 11:55:15
258310,Ann-Katrin,Berger,Ann-Katrin Berger,86,86,84,81,87,45,81,2026-08-12 11:55:15
205452,Antonio,Rüdiger,Antonio Rüdiger,86,79,55,72,70,84,86,2026-08-12 11:55:15
248822,Klara,Bühl,Klara Bühl,86,84,84,81,84,34,74,2026-08-12 11:55:15
244302,Lea,Schüller,Lea Schüller,86,87,83,71,82,33,74,2026-08-12 11:55:15
192448,Marc-André,ter Stegen,Marc-André ter Stegen,86,84,84,89,85,47,84,2026-08-12 11:55:15
226302,Alexandra,Popp,Alexandra Popp,85,74,84,76,78,52,89,2026-08-12 11:55:15
227337,Svenja,Huth,Svenja Huth,85,82,76,84,86,58,67,2026-08-12 11:55:15
247819,Nico,Schlotterbeck,Nico Schlotterbeck,85,74,60,75,73,85,82,2026-08-12 11:55:15
261773,Laura,Freigang,Laura Freigang,85,84,83,77,83,37,79,2026-08-12 11:55:15
227327,Sara,Däbritz,Sara Däbritz,84,77,81,84,86,74,73,2026-08-12 11:55:15
265063,Janina,Minge,Janina Minge,84,70,79,80,81,77,80,2026-08-12 11:55:15
247788,Giulia,Gwinn,Giulia Gwinn,84,83,68,79,84,82,70,2026-08-12 11:55:15
247789,Merle,Frohms,Merle Frohms,84,81,82,76,84,51,85,2026-08-12 11:55:15
262093,Sjoeke,Nüsken,Sjoeke Nüsken,84,70,73,78,80,82,76,2026-08-12 11:55:15
238470,Sara,Doorsoun,Sara Doorsoun,84,77,62,74,76,85,82,2026-08-12 11:55:15
167495,Manuel,Neuer,Manuel Neuer,84,81,81,90,81,31,86,2026-08-12 11:55:15
248717,Lena,Oberdorf,Lena Oberdorf,84,61,62,77,75,85,85,2026-08-12 11:55:15
247790,Lena,Lattwein,Lena Lattwein,83,69,74,80,82,78,83,2026-08-12 11:55:15
264947,Nicole,Anyomi,Nicole Anyomi,83,90,79,73,84,55,83,2026-08-12 11:55:15
261740,Jule,Brand,Jule Brand,83,91,75,78,82,56,74,2026-08-12 11:55:15
265025,Selina,Cerci,Selina Cerci,83,82,82,75,81,53,79,2026-08-12 11:55:15
193698,Oliver,Baumann,Oliver Baumann,83,83,81,78,83,39,80,2026-08-12 11:55:15
186942,İlkay,Gündoğan,İlkay Gündoğan,83,54,79,83,80,74,67,2026-08-12 11:55:15
212194,Julian,Brandt,Julian Brandt,83,74,78,83,84,44,70,2026-08-12 11:55:15
250959,Angelo,Stiller,Angelo Stiller,83,56,58,83,84,76,71,2026-08-12 11:55:15
239345,Linda,Dallmann,Linda Dallmann,83,77,76,80,87,46,58,2026-08-12 11:55:15
209658,Leon,Goretzka,Leon Goretzka,82,77,78,80,80,80,82,2026-08-12 11:55:15
246863,Felix,Nmecha,Felix Nmecha,82,82,74,73,81,80,86,2026-08-12 11:55:15
208333,Emre,Can,Emre Can,82,77,76,72,74,82,84,2026-08-12 11:55:15
265035,Elisa,Senß,Elisa Senß,82,80,71,77,84,76,71,2026-08-12 11:55:15
236703,David,Raum,David Raum,82,86,61,80,79,74,78,2026-08-12 11:55:15
227647,Maximilian,Mittelstädt,Maximilian Mittelstädt,82,81,62,77,77,78,74,2026-08-12 11:55:15
265377,Vanessa,Fudalla,Vanessa Fudalla,82,85,84,74,79,55,71,2026-08-12 11:55:15
239344,Carolin,Simon,Carolin Simon,82,75,57,75,79,80,73,2026-08-12 11:55:15
264922,Kristin,Kögel,Kristin Kögel,82,86,79,77,80,46,69,2026-08-12 11:55:15
222492,Leroy,Sané,Leroy Sané,82,87,81,78,85,37,68,2026-08-12 11:55:15
206113,Serge,Gnabry,Serge Gnabry,82,79,83,78,84,43,66,2026-08-12 11:55:15
244257,Jonathan,Burkardt,Jonathan Burkardt,82,83,82,67,81,44,76,2026-08-12 11:55:15
235790,Kai,Havertz,Kai Havertz,82,72,79,78,81,48,74,2026-08-12 11:55:15
257530,Sophia,Kleinherne,Sophia Kleinherne,82,79,46,73,73,84,74,2026-08-12 11:55:15
192318,Mario,Götze,Mario Götze,82,60,75,85,85,56,67,2026-08-12 11:55:15
226375,Kathrin,Hendrich,Kathrin Hendrich,82,73,44,70,72,83,76,2026-08-12 11:55:15
229476,Waldemar,Anton,Waldemar Anton,82,69,47,67,66,84,84,2026-08-12 11:55:15
207862,Matthias,Ginter,Matthias Ginter,82,55,58,71,66,85,75,2026-08-12 11:55:15
236532,Robin,Koch,Robin Koch,82,66,44,63,66,83,81,2026-08-12 11:55:15
223885,Alexander,Nübel,Alexander Nübel,81,81,76,84,82,48,78,2026-08-12 11:55:15
265076,Rafaela,Borggräfe,Rafaela Borggräfe,81,82,77,79,82,47,81,2026-08-12 11:55:15
212242,Robert,Andrich,Robert Andrich,81,57,77,76,73,83,81,2026-08-12 11:55:15
188943,Kevin,Trapp,Kevin Trapp,81,82,80,74,84,46,76,2026-08-12 11:55:15
225309,Nadiem,Amiri,Nadiem Amiri,81,65,79,82,82,62,72,2026-08-12 11:55:15
233838,Felicitas,Rauch,Felicitas Rauch,81,80,57,71,76,80,76,2026-08-12 11:55:15
265059,Giovanna,Hoffmann,Giovanna Hoffmann,81,81,80,71,78,47,75,2026-08-12 11:55:15
251852,Karim,Adeyemi,Karim Adeyemi,81,96,76,72,82,36,69,2026-08-12 11:55:15
214096,Tim,Kleindienst,Tim Kleindienst,81,67,82,62,70,45,88,2026-08-12 11:55:15
212190,Niklas,Süle,Niklas Süle,81,61,51,68,67,81,79,2026-08-12 11:55:15
247791,Sydney,Lohmann,Sydney Lohmann,80,74,76,78,82,70,81,2026-08-12 11:55:15
192563,Bernd,Leno,Bernd Leno,80,80,79,76,81,53,80,2026-08-12 11:55:15
223697,Robin,Gosens,Robin Gosens,80,72,74,73,76,77,77,2026-08-12 11:55:15
265069,Lisa,Karl,Lisa Karl,80,81,64,69,80,79,73,2026-08-12 11:55:15
265054,Stina,Johannes,Stina Johannes,80,78,80,77,78,52,79,2026-08-12 11:55:15
264899,Maria-Luisa,Grohs,Maria-Luisa Grohs,80,78,79,74,78,54,79,2026-08-12 11:55:15
190765,Pascal,Groß,Pascal Groß,80,48,75,84,79,72,76,2026-08-12 11:55:15
228579,Benjamin,Henrichs,Benjamin Henrichs,80,73,54,76,78,78,74,2026-08-12 11:55:15
265004,Sarai,Linder,Sarai Linder,80,79,52,71,76,77,76,2026-08-12 11:55:15
265055,Vivien,Endemann,Vivien Endemann,80,85,75,74,79,45,69,2026-08-12 11:55:15
189596,Thomas,Müller,Thomas Müller,80,59,79,82,78,55,65,2026-08-12 11:55:15
264925,Lisanne,Gräwe,Lisanne Gräwe,80,54,71,75,78,69,69,2026-08-12 11:55:15
244176,Deniz,Undav,Deniz Undav,80,66,82,74,80,33,77,2026-08-12 11:55:15
248715,Marina,Hegering,Marina Hegering,80,52,57,63,71,82,76,2026-08-12 11:55:15
200159,Stefan,Ortega,Stefan Ortega,79,78,77,85,81,52,78,2026-08-12 11:55:15
206511,Maximilian,Arnold,Maximilian Arnold,79,64,80,79,76,75,75,2026-08-12 11:55:15
265053,Sophia,Winkler,Sophia Winkler,79,81,77,75,81,59,76,2026-08-12 11:55:15
257191,Anton,Stach,Anton Stach,79,70,68,75,72,78,80,2026-08-12 11:55:15
262092,Paulina,Krumbiegel,Paulina Krumbiegel,79,84,72,74,78,61,72,2026-08-12 11:55:15
264986,Chantal,Hagel,Chantal Hagel,79,49,75,76,79,72,80,2026-08-12 11:55:15
275298,Aleksandar,Pavlović,Aleksandar Pavlović,79,62,64,79,78,76,71,2026-08-12 11:55:15
210021,Hany,Mukhtar,Hany Mukhtar,79,82,73,77,80,44,62,2026-08-12 11:55:15
254117,Maximilian,Beier,Maximilian Beier,79,86,79,68,80,43,62,2026-08-12 11:55:15
188350,Marco,Reus,Marco Reus,79,58,81,81,80,52,62,2026-08-12 11:55:15
254022,Nick,Woltemade,Nick Woltemade,79,67,78,65,79,41,74,2026-08-12 11:55:15
205431,Niclas,Füllkrug,Niclas Füllkrug,79,57,82,71,73,43,77,2026-08-12 11:55:15
226229,Thilo,Kehrer,Thilo Kehrer,79,69,44,66,66,80,77,2026-08-12 11:55:15
240709,Ridle,Baku,Ridle Baku,78,81,72,73,81,71,75,2026-08-12 11:55:15
265121,Nina,Lührßen,Nina Lührßen,78,75,70,77,76,73,77,2026-08-12 11:55:15
206591,Mitchell,Weiser,Mitchell Weiser,78,78,63,74,82,71,72,2026-08-12 11:55:15
227330,Laura,Benkarth,Laura Benkarth,78,81,77,79,77,45,76,2026-08-12 11:55:15
246414,Rebecca,Knaak,Rebecca Knaak,78,65,69,78,73,79,71,2026-08-12 11:55:15
239977,Nicolas,Kühn,Nicolas Kühn,78,91,73,70,81,46,71,2026-08-12 11:55:15
224251,Robin,Zentner,Robin Zentner,78,81,74,59,83,62,72,2026-08-12 11:55:15
210324,Jonas,Hofmann,Jonas Hofmann,78,64,76,78,79,64,68,2026-08-12 11:55:15
271860,Ena,Mahmutovic,Ena Mahmutovic,78,76,72,75,80,48,78,2026-08-12 11:55:15
264915,Friederike,Repohl,Friederike Repohl,78,78,77,75,74,45,79,2026-08-12 11:55:15
265020,Melissa,Kössler,Melissa Kössler,78,81,78,68,75,45,78,2026-08-12 11:55:15
264950,Shekiera,Martinez,Shekiera Martinez,78,83,75,69,80,44,73,2026-08-12 11:55:15
272338,Natasha,Kowalski,Natasha Kowalski,78,75,78,77,77,45,71,2026-08-12 11:55:15
264989,Gia,Corley,Gia Corley,78,65,71,75,78,63,70,2026-08-12 11:55:15
203376,Virgil,van Dijk,Virgil van Dijk,90,73,60,72,72,90,87,2026-08-12 11:55:15
228702,Frenkie,de Jong,Frenkie de Jong,87,82,71,85,87,78,77,2026-08-12 11:55:15
240638,Tijjani,Reijnders,Tijjani Reijnders,86,79,79,82,85,77,77,2026-08-12 11:55:15
246104,Ryan,Gravenberch,Ryan Gravenberch,85,76,76,81,85,81,81,2026-08-12 11:55:15
233746,Vivianne,Miedema,Vivianne Miedema,85,82,85,70,85,32,80,2026-08-12 11:55:15
233096,Denzel,Dumfries,Denzel Dumfries,84,84,70,75,79,79,84,2026-08-12 11:55:15
265536,Damaris Berta,Egurrola Wienke,Damaris Berta Egurrola Wienke,84,62,71,82,81,81,82,2026-08-12 11:55:15
240717,Lineth,Beerensteyn,Lineth Beerensteyn,84,90,80,73,86,52,76,2026-08-12 11:55:15
245367,Xavi,Simons,Xavi Simons,84,77,77,80,87,61,70,2026-08-12 11:55:15
242516,Cody,Gakpo,Cody Gakpo,84,83,82,80,83,47,74,2026-08-12 11:55:15
198176,Stefan,de Vrij,Stefan de Vrij,84,62,41,68,69,86,74,2026-08-12 11:55:15
233751,Daniëlle,van de Donk,Daniëlle van de Donk,83,72,77,81,86,67,72,2026-08-12 11:55:15
233756,Dominique,Janssen,Dominique Janssen,83,77,59,76,76,84,82,2026-08-12 11:55:15
253149,Jeremie,Frimpong,Jeremie Frimpong,83,94,62,74,84,72,63,2026-08-12 11:55:15
258680,Daphne,van Domselaar,Daphne van Domselaar,83,82,81,81,82,40,83,2026-08-12 11:55:15
208920,Nathan,Aké,Nathan Aké,83,72,53,72,75,84,74,2026-08-12 11:55:15
233747,Sherida,Spitse,Sherida Spitse,82,67,76,83,75,83,81,2026-08-12 11:55:15
264453,Micky,van de Ven,Micky van de Ven,82,90,49,64,72,82,80,2026-08-12 11:55:15
251805,Jurriën,Timber,Jurriën Timber,82,76,48,72,77,82,80,2026-08-12 11:55:15
235243,Matthijs,de Ligt,Matthijs de Ligt,82,62,61,62,67,82,83,2026-08-12 11:55:15
251809,Sven,Botman,Sven Botman,82,56,37,62,65,83,82,2026-08-12 11:55:15
240679,Teun,Koopmeiners,Teun Koopmeiners,81,70,79,83,78,75,75,2026-08-12 11:55:15
233852,Jackie,Groenen,Jackie Groenen,81,80,66,81,82,72,74,2026-08-12 11:55:15
208461,Marten,de Roon,Marten de Roon,81,61,74,77,76,83,80,2026-08-12 11:55:15
251806,Quinten,Timber,Quinten Timber,80,77,78,76,80,74,83,2026-08-12 11:55:15
267530,Esmee,Brugts,Esmee Brugts,80,79,72,76,79,76,70,2026-08-12 11:55:15
253417,Lynn,Wilms,Lynn Wilms,80,79,66,77,73,77,77,2026-08-12 11:55:15
239380,Noa,Lang,Noa Lang,80,80,77,73,84,50,68,2026-08-12 11:55:15
225953,Steven,Bergwijn,Steven Bergwijn,80,80,78,76,84,41,71,2026-08-12 11:55:15
235149,Jerdy,Schouten,Jerdy Schouten,80,60,59,72,76,80,73,2026-08-12 11:55:15
258908,Jan Paul,van Hecke,Jan Paul van Hecke,80,67,46,72,70,80,78,2026-08-12 11:55:15
248465,Ian,Maatsen,Ian Maatsen,79,87,65,75,81,73,63,2026-08-12 11:55:15
199987,Jasper,Cillessen,Jasper Cillessen,79,78,78,71,80,54,78,2026-08-12 11:55:15
236920,Justin,Kluivert,Justin Kluivert,79,87,78,76,81,38,62,2026-08-12 11:55:15
231447,Donyell,Malen,Donyell Malen,79,86,78,72,82,35,67,2026-08-12 11:55:15
253109,Joey,Veerman,Joey Veerman,79,53,72,84,75,65,71,2026-08-12 11:55:15
264875,Kerstin,Casparij,Kerstin Casparij,79,76,58,72,74,77,62,2026-08-12 11:55:15
244059,Katja,Snoeijs,Katja Snoeijs,79,81,79,66,79,43,70,2026-08-12 11:55:15
199422,Jordy,Clasie,Jordy Clasie,79,46,64,80,75,72,70,2026-08-12 11:55:15
267531,Romée,Leuchter,Romée Leuchter,79,82,80,67,79,28,70,2026-08-12 11:55:15
181291,Georginio,Wijnaldum,Georginio Wijnaldum,78,67,72,77,80,76,75,2026-08-12 11:55:15
255009,Kenneth,Taylor,Kenneth Taylor,78,73,77,78,78,67,74,2026-08-12 11:55:15
258498,Bart,Verbruggen,Bart Verbruggen,78,79,76,76,81,56,75,2026-08-12 11:55:15
248793,Mats,Wieffer,Mats Wieffer,78,67,66,74,74,76,78,2026-08-12 11:55:15
241187,Lutsharel,Geertruida,Lutsharel Geertruida,78,72,59,70,75,78,78,2026-08-12 11:55:15
200110,Marco,Bizot,Marco Bizot,78,78,75,72,78,46,79,2026-08-12 11:55:15
211738,Mark,Flekken,Mark Flekken,78,79,76,80,80,32,76,2026-08-12 11:55:15
276285,Wieke,Kaptein,Wieke Kaptein,78,67,69,71,76,69,67,2026-08-12 11:55:15
234200,Aschraf,El Mahdioui,Aschraf El Mahdioui,78,66,55,74,73,72,78,2026-08-12 11:55:15
244728,Sem,Steijn,Sem Steijn,78,66,84,74,77,43,74,2026-08-12 11:55:15
272978,Jorrel,Hato,Jorrel Hato,78,85,41,70,74,75,73,2026-08-12 11:55:15
200260,Steven,Berghuis,Steven Berghuis,78,71,77,82,77,39,68,2026-08-12 11:55:15
208004,Joël,Veltman,Joël Veltman,78,63,49,68,70,80,77,2026-08-12 11:55:15
223689,Wout,Weghorst,Wout Weghorst,78,54,78,62,68,57,87,2026-08-12 11:55:15
258437,Emanuel,Emegha,Emanuel Emegha,78,89,76,58,70,31,79,2026-08-12 11:55:15
244064,Victoria,Pelova,Victoria Pelova,78,76,71,75,80,35,60,2026-08-12 11:55:15
189805,Luuk,de Jong,Luuk de Jong,78,40,78,72,72,55,79,2026-08-12 11:55:15
232658,Danilho,Doekhi,Danilho Doekhi,78,63,42,59,65,78,83,2026-08-12 11:55:15
262394,Sam,Beukema,Sam Beukema,78,49,55,61,62,80,76,2026-08-12 11:55:15
234741,Gustavo,Hamer,Gustavo Hamer,77,70,72,79,76,72,76,2026-08-12 11:55:15
235663,Guus,Til,Guus Til,77,79,76,72,74,64,74,2026-08-12 11:55:15
271121,Quilindschy,Hartman,Quilindschy Hartman,77,78,55,75,74,73,77,2026-08-12 11:55:15
224241,Nick,Olij,Nick Olij,77,82,75,62,80,50,74,2026-08-12 11:55:15
226537,Vincent,Janssen,Vincent Janssen,77,68,76,70,72,48,88,2026-08-12 11:55:15
270633,Ryan,Flamingo,Ryan Flamingo,77,65,64,66,68,77,82,2026-08-12 11:55:15
203483,Davy,Klaassen,Davy Klaassen,77,47,78,73,73,73,77,2026-08-12 11:55:15
250961,Joshua,Zirkzee,Joshua Zirkzee,77,71,76,72,82,41,76,2026-08-12 11:55:15
241854,Perr,Schuurs,Perr Schuurs,77,68,64,71,66,80,68,2026-08-12 11:55:15
202201,Jeffrey,Gouweleeuw,Jeffrey Gouweleeuw,77,67,58,66,64,79,76,2026-08-12 11:55:15
216266,Kenny,Tete,Kenny Tete,77,73,47,67,69,76,76,2026-08-12 11:55:15
190815,Daley,Blind,Daley Blind,77,36,62,85,76,80,67,2026-08-12 11:55:15
251810,Brian,Brobbey,Brian Brobbey,77,84,73,56,72,30,80,2026-08-12 11:55:15
277815,Danique,Tolhoek,Danique Tolhoek,77,74,80,56,72,46,65,2026-08-12 11:55:15
242453,Sepp,van den Berg,Sepp van den Berg,77,72,36,63,66,78,76,2026-08-12 11:55:15
275961,Isa,Kardinaal,Isa Kardinaal,77,67,50,50,60,79,71,2026-08-12 11:55:15
273752,Wouter,Goes,Wouter Goes,77,63,32,57,66,77,80,2026-08-12 11:55:15
226853,Jeremiah,St. Juste,Jeremiah St. Juste,76,92,57,65,73,76,73,2026-08-12 11:55:15
220093,Hans,Hateboer,Hans Hateboer,76,76,63,71,75,75,74,2026-08-12 11:55:15
221363,Donny,van de Beek,Donny van de Beek,76,59,75,74,76,70,65,2026-08-12 11:55:15
258168,Jayden,Oosterwolde,Jayden Oosterwolde,76,88,42,61,73,74,80,2026-08-12 11:55:15
245211,Jordan,Teze,Jordan Teze,76,77,49,69,69,76,77,2026-08-12 11:55:15
265409,Janou,Levels,Janou Levels,76,82,63,69,73,72,56,2026-08-12 11:55:15
236593,Calvin,Stengs,Calvin Stengs,76,69,68,77,77,50,63,2026-08-12 11:55:15
239356,Azor,Matusiwa,Azor Matusiwa,76,57,53,67,70,74,78,2026-08-12 11:55:15
251954,Crysencio,Summerville,Crysencio Summerville,76,89,71,67,80,35,54,2026-08-12 11:55:15
239360,Pascal,Struijk,Pascal Struijk,76,59,46,60,65,76,80,2026-08-12 11:55:15
265703,Lisa,Doorn,Lisa Doorn,76,53,56,61,60,77,76,2026-08-12 11:55:15
252021,Thijs,Dallinga,Thijs Dallinga,76,71,76,65,71,30,61,2026-08-12 11:55:15
239368,Mitchel,Bakker,Mitchel Bakker,75,79,63,69,72,71,81,2026-08-12 11:55:15
264876,Jill,Baijings,Jill Baijings,75,68,73,74,77,64,64,2026-08-12 11:55:15
271266,Givairo,Read,Givairo Read,75,81,54,69,71,69,76,2026-08-12 11:55:15
254789,Sven,Mijnans,Sven Mijnans,75,61,72,74,76,64,70,2026-08-12 11:55:15
232229,Justin,Bijlow,Justin Bijlow,75,77,72,75,76,42,73,2026-08-12 11:55:15
238041,Tyrell,Malacia,Tyrell Malacia,75,77,54,66,75,72,71,2026-08-12 11:55:15
236276,Arnaut,Danjuma,Arnaut Danjuma,75,83,73,71,76,44,67,2026-08-12 11:55:15
162328,Remko,Pasveer,Remko Pasveer,75,72,78,79,68,33,80,2026-08-12 11:55:15
264220,Youri,Baas,Youri Baas,75,71,40,69,72,76,71,2026-08-12 11:55:15
275969,Nadine,Noordam,Nadine Noordam,75,69,64,68,72,54,70,2026-08-12 11:55:15
273205,Chasity,Grant,Chasity Grant,75,71,67,70,73,37,70,2026-08-12 11:55:15
247249,Joël,Piroe,Joël Piroe,75,64,78,65,72,29,71,2026-08-12 11:55:15
255253,Vítor,Machado Ferreira,Vítor Machado Ferreira,89,72,80,86,90,75,70,2026-08-12 11:55:15
212198,Bruno Miguel,Borges Fernandes,Bruno Miguel Borges Fernandes,87,67,83,89,83,65,75,2026-08-12 11:55:15
252145,Nuno Alexandre,Tavares Mendes,Nuno Alexandre Tavares Mendes,86,95,65,76,82,80,77,2026-08-12 11:55:15
239818,Rúben Santos,Gato Alves Dias,Rúben Santos Gato Alves Dias,86,59,39,69,69,86,84,2026-08-12 11:55:15
272834,João Pedro,Gonçalves Neves,João Pedro Gonçalves Neves,85,74,69,80,84,82,83,2026-08-12 11:55:15
20801,C. Ronaldo,dos Santos Aveiro,C. Ronaldo dos Santos Aveiro,85,76,88,76,80,34,76,2026-08-12 11:55:15
210514,João Pedro,Cavaco Cancelo,João Pedro Cavaco Cancelo,84,83,73,84,84,78,74,2026-08-12 11:55:15
224293,Rúben Diogo,da Silva Neves,Rúben Diogo da Silva Neves,84,57,75,87,77,77,76,2026-08-12 11:55:15
218667,Bernardo Mota,Carvalho e Silva,Bernardo Mota Carvalho e Silva,84,61,78,83,89,71,65,2026-08-12 11:55:15
234577,Diogo,Meireles Costa,Diogo Meireles Costa,84,83,78,82,86,35,83,2026-08-12 11:55:15
241721,Rafael,da Conceição Leão,Rafael da Conceição Leão,84,93,78,80,86,28,75,2026-08-12 11:55:15
240950,Pedro António,Pereira Gonçalves,Pedro António Pereira Gonçalves,83,77,82,83,84,63,68,2026-08-12 11:55:15
229391,João Maria,Palhinha Gonçalves,João Maria Palhinha Gonçalves,83,56,68,70,72,84,85,2026-08-12 11:55:15
210411,Otávio Edmilson,da Silva Monteiro,Otávio Edmilson da Silva Monteiro,82,78,71,82,85,70,75,2026-08-12 11:55:15
244778,Francisco,Trincão,Francisco Trincão,82,80,80,79,84,40,71,2026-08-12 11:55:15
216547,Rafael A.,Ferreira Silva,Rafael A. Ferreira Silva,82,89,75,78,85,48,55,2026-08-12 11:55:15
213516,Ricardo Jorge,da Luz Horta,Ricardo Jorge da Luz Horta,81,78,81,81,82,43,69,2026-08-12 11:55:15
210385,Rui Tiago,Dantas da Silva,Rui Tiago Dantas da Silva,81,82,78,77,84,31,81,2026-08-12 11:55:15
257179,Gonçalo,Bernardo Inácio,Gonçalo Bernardo Inácio,81,77,37,71,73,82,81,2026-08-12 11:55:15
200888,Danilo Luís,Hélio Pereira,Danilo Luís Hélio Pereira,81,47,64,68,71,82,84,2026-08-12 11:55:15
209889,Raphaël,Guerreiro,Raphaël Guerreiro,80,69,78,85,88,74,54,2026-08-12 11:55:15
238616,Pedro,Lomba Neto,Pedro Lomba Neto,80,91,76,74,82,40,68,2026-08-12 11:55:15
261843,Andreia,de Jesus Jacinto,Andreia de Jesus Jacinto,80,74,65,78,77,65,72,2026-08-12 11:55:15
256903,Gonçalo Matias,Ramos,Gonçalo Matias Ramos,80,73,79,64,77,48,79,2026-08-12 11:55:15
234569,Florentino,Morris Luís,Florentino Morris Luís,80,55,47,65,73,81,80,2026-08-12 11:55:15
253124,Matheus,Luiz Nunes,Matheus Luiz Nunes,79,85,70,76,79,73,76,2026-08-12 11:55:15
227890,Nuno Miguel,Gomes dos Santos,Nuno Miguel Gomes dos Santos,79,79,81,76,79,69,73,2026-08-12 11:55:15
234574,José Diogo,Dalot Teixeira,José Diogo Dalot Teixeira,79,85,63,74,77,76,78,2026-08-12 11:55:15
261855,Francisca Ramos,Nazareth Sousa,Francisca Ramos Nazareth Sousa,79,79,76,77,80,56,66,2026-08-12 11:55:15
242444,João,Félix Sequeira,João Félix Sequeira,79,77,78,77,82,45,66,2026-08-12 11:55:15
252037,Fábio Daniel,Soares Silva,Fábio Daniel Soares Silva,79,81,77,64,79,32,79,2026-08-12 11:55:15
261050,Francisco,F. da Conceição,Francisco F. da Conceição,79,87,68,73,85,36,50,2026-08-12 11:55:15
251530,Nuno Albertino,Varela Tavares,Nuno Albertino Varela Tavares,78,88,67,72,80,70,77,2026-08-12 11:55:15
243686,Francisco L.,Lima Silva Machado,Francisco L. Lima Silva Machado,78,74,75,78,78,66,70,2026-08-12 11:55:15
251615,Francisco,Sampaio Moura,Francisco Sampaio Moura,78,78,63,75,75,74,74,2026-08-12 11:55:15
252143,Daniel,Santos Bragança,Daniel Santos Bragança,78,79,72,77,80,67,62,2026-08-12 11:55:15
212814,João Mário,N. Costa Eduardo,João Mário N. Costa Eduardo,78,68,75,79,79,64,68,2026-08-12 11:55:15
255566,Samuel,Almeida Costa,Samuel Almeida Costa,78,61,65,70,71,75,79,2026-08-12 11:55:15
261848,Inês,Teixeira Pereira,Inês Teixeira Pereira,78,78,74,78,80,37,74,2026-08-12 11:55:15
227055,Gelson Dany,Batalha Martins,Gelson Dany Batalha Martins,78,87,70,71,83,51,55,2026-08-12 11:55:15
211368,Armindo,Tué Na Bangna,Armindo Tué Na Bangna,78,88,77,71,81,32,61,2026-08-12 11:55:15
256958,Fábio Daniel,Ferreira Vieira,Fábio Daniel Ferreira Vieira,78,71,73,78,78,56,53,2026-08-12 11:55:15
266096,Tomás,Lemos Araújo,Tomás Lemos Araújo,78,82,30,69,72,77,79,2026-08-12 11:55:15
270086,António João,Tavares Silva,António João Tavares Silva,78,80,37,64,69,78,80,2026-08-12 11:55:15
261829,Carole,da Silva Costa,Carole da Silva Costa,78,64,56,66,63,79,74,2026-08-12 11:55:15
234575,Diogo Filipe,Pinto Leite,Diogo Filipe Pinto Leite,78,64,38,52,63,80,78,2026-08-12 11:55:15
257290,João Mário,Neto Lopes,João Mário Neto Lopes,77,84,63,71,77,69,67,2026-08-12 11:55:15
252144,Eduardo Filipe,Quaresma,Eduardo Filipe Quaresma,77,82,54,66,73,78,75,2026-08-12 11:55:15
212442,José Pedro,Malheiro de Sá,José Pedro Malheiro de Sá,77,77,75,70,77,52,76,2026-08-12 11:55:15
227928,Nélson,Cabral Semedo,Nélson Cabral Semedo,77,79,56,69,77,73,73,2026-08-12 11:55:15
270559,Tiago,Carvalho Santos,Tiago Carvalho Santos,77,83,56,71,77,71,65,2026-08-12 11:55:15
234570,João Pedro,Neves Filipe,João Pedro Neves Filipe,77,86,72,72,80,37,58,2026-08-12 11:55:15
162347,João Filipe,Moutinho,João Filipe Moutinho,77,38,67,80,75,68,63,2026-08-12 11:55:15
226766,Daniel,Castelo Podence,Daniel Castelo Podence,77,82,66,71,83,33,51,2026-08-12 11:55:15
273906,Renato,Palma Veiga,Renato Palma Veiga,76,73,60,73,72,75,82,2026-08-12 11:55:15
199482,Anthony,Lopes,Anthony Lopes,76,78,72,65,79,65,75,2026-08-12 11:55:15
247832,Thierry,Rendall Correia,Thierry Rendall Correia,76,90,50,69,75,71,70,2026-08-12 11:55:15
270857,Mateus Gonçalo,Espanha Fernandes,Mateus Gonçalo Espanha Fernandes,76,70,69,74,79,59,66,2026-08-12 11:55:15
263828,Roger,Fernandes,Roger Fernandes,76,89,68,67,80,57,55,2026-08-12 11:55:15
257073,Tiago,B. de Melo Tomás,Tiago B. de Melo Tomás,76,86,74,67,79,39,69,2026-08-12 11:55:15
228941,André Miguel,Valente da Silva,André Miguel Valente da Silva,76,72,76,70,75,46,74,2026-08-12 11:55:15
279044,Geovany,Tcherno Quenda,Geovany Tcherno Quenda,76,85,62,71,79,41,67,2026-08-12 11:55:15
72997,Rodrigo,Mora de Carvalho,Rodrigo Mora de Carvalho,76,77,66,74,79,40,41,2026-08-12 11:55:15
230767,Renato Júnior,Luz Sanches,Renato Júnior Luz Sanches,75,71,69,76,78,70,73,2026-08-12 11:55:15
251942,João Pedro,Loureiro da Costa,João Pedro Loureiro da Costa,75,78,65,72,74,70,77,2026-08-12 11:55:15
233061,Mathias,Pereira Lage,Mathias Pereira Lage,75,86,72,74,74,63,66,2026-08-12 11:55:15
226370,André Filipe,Luz Horta,André Filipe Luz Horta,75,73,70,75,76,67,70,2026-08-12 11:55:15
209289,Kévin Manuel,Rodrigues,Kévin Manuel Rodrigues,75,73,72,76,73,70,66,2026-08-12 11:55:15
261530,Dário,Cassia Luís Essugo,Dário Cassia Luís Essugo,75,76,58,64,73,74,81,2026-08-12 11:55:15
269420,Leonardo Filipe,Cruz Lelo,Leonardo Filipe Cruz Lelo,75,82,59,68,74,69,72,2026-08-12 11:55:15
212729,António José,Pinheiro Carvalho,António José Pinheiro Carvalho,75,73,76,77,80,55,59,2026-08-12 11:55:15
247729,Domingos André,Ribeiro Almeida,Domingos André Ribeiro Almeida,75,69,66,75,77,67,63,2026-08-12 11:55:15
261845,Andreia,Martins Faria,Andreia Martins Faria,75,67,63,73,75,72,63,2026-08-12 11:55:15
72093,Martim,Moreira Fernandes,Martim Moreira Fernandes,75,81,51,70,74,69,65,2026-08-12 11:55:15
269421,João Pedro,Ferreira Silva,João Pedro Ferreira Silva,75,79,72,69,76,44,70,2026-08-12 11:55:15
261831,Ana Catarina,Marques Borges,Ana Catarina Marques Borges,75,77,51,65,68,77,71,2026-08-12 11:55:15
261838,Andreia,Norton,Andreia Norton,75,67,65,73,77,60,65,2026-08-12 11:55:15
258607,Tote António,Gomes,Tote António Gomes,75,77,47,65,66,75,76,2026-08-12 11:55:15
224411,Gonçalo Manuel,Ganchinho Guedes,Gonçalo Manuel Ganchinho Guedes,75,76,76,70,78,37,66,2026-08-12 11:55:15
253167,Félix Alexandre,A. Sanches Correia,Félix Alexandre A. Sanches Correia,75,84,69,68,76,42,64,2026-08-12 11:55:15
211575,André Filipe,Tavares Gomes,André Filipe Tavares Gomes,75,41,66,75,73,70,74,2026-08-12 11:55:15
278668,José Pedro,da Silva Figueiredo,José Pedro da Silva Figueiredo,75,65,52,64,62,75,75,2026-08-12 11:55:15
252339,Tiago Emanuel,Embaló Djaló,Tiago Emanuel Embaló Djaló,75,76,42,61,63,75,75,2026-08-12 11:55:15
263829,Vítor Manuel,Carvalho Oliveira,Vítor Manuel Carvalho Oliveira,75,73,75,63,75,32,74,2026-08-12 11:55:15
234147,Dany,Mota Carvalho,Dany Mota Carvalho,75,76,75,66,77,31,62,2026-08-12 11:55:15
259139,David,Pereira da Costa,David Pereira da Costa,75,76,68,73,79,34,47,2026-08-12 11:55:15
251294,Gonçalo Rosa,Pereira Rodrigues,Gonçalo Rosa Pereira Rodrigues,74,77,72,74,75,66,78,2026-08-12 11:55:15
271057,Gustavo Filipe,Azevedo Sá,Gustavo Filipe Azevedo Sá,74,75,69,74,74,70,73,2026-08-12 11:55:15
263439,Paulo Guilherme,Gonçalves Bernardo,Paulo Guilherme Gonçalves Bernardo,74,71,73,74,73,67,76,2026-08-12 11:55:15
231390,Diogo António,Cupido Gonçalves,Diogo António Cupido Gonçalves,74,82,70,72,74,62,69,2026-08-12 11:55:15
210243,Ricardo,Barbosa Pereira,Ricardo Barbosa Pereira,74,69,62,73,74,73,65,2026-08-12 11:55:15
237670,Bruno Alexandre,Vieira Almeida,Bruno Alexandre Vieira Almeida,74,79,72,75,74,43,71,2026-08-12 11:55:15
263059,Tomás Romano,dos Santos Händel,Tomás Romano dos Santos Händel,74,71,58,72,73,69,69,2026-08-12 11:55:15
261858,Catarina Isabel,Silva Amado,Catarina Isabel Silva Amado,74,77,60,66,69,68,70,2026-08-12 11:55:15
212197,Daniel,Heuer Fernandes,Daniel Heuer Fernandes,74,74,70,75,75,41,73,2026-08-12 11:55:15
230824,Pedro Miguel,Lopes Pereira,Pedro Miguel Lopes Pereira,74,70,57,69,69,73,69,2026-08-12 11:55:15
258698,Afonso Gamelas,de Pinho Sousa,Afonso Gamelas de Pinho Sousa,74,78,71,70,74,55,58,2026-08-12 11:55:15
265956,Morgane,Martins,Morgane Martins,74,74,46,65,67,70,68,2026-08-12 11:55:15
256725,Fábio Leandro,Carvalho,Fábio Leandro Carvalho,74,75,68,68,77,46,46,2026-08-12 11:55:15
264288,Alexandre,Penetra Correia,Alexandre Penetra Correia,74,67,36,56,59,75,75,2026-08-12 11:55:15
230621,Gianluigi,Donnarumma,Gianluigi Donnarumma,89,90,83,70,90,52,87,2026-08-12 11:55:15
237383,Alessandro,Bastoni,Alessandro Bastoni,87,74,46,75,76,88,82,2026-08-12 11:55:15
224232,Nicolò,Barella,Nicolò Barella,87,80,78,84,86,81,76,2026-08-12 11:55:15
241096,Sandro,Tonali,Sandro Tonali,86,79,74,82,80,81,83,2026-08-12 11:55:15
226268,Federico,Dimarco,Federico Dimarco,85,80,78,84,82,79,77,2026-08-12 11:55:15
227095,Manuela,Giugliano,Manuela Giugliano,85,81,80,84,86,72,74,2026-08-12 11:55:15
227073,Cristiana,Girelli,Cristiana Girelli,85,77,84,70,80,46,77,2026-08-12 11:55:15
266973,Giada,Greggi,Giada Greggi,84,84,71,73,85,76,73,2026-08-12 11:55:15
220502,Mattia,Zaccagni,Mattia Zaccagni,84,88,78,77,87,57,66,2026-08-12 11:55:15
222077,Manuel,Locatelli,Manuel Locatelli,84,63,69,80,76,81,78,2026-08-12 11:55:15
252154,Marco,Carnesecchi,Marco Carnesecchi,84,86,83,71,86,30,85,2026-08-12 11:55:15
199845,Francesco,Acerbi,Francesco Acerbi,84,57,50,65,65,87,81,2026-08-12 11:55:15
266933,Arianna,Caruso,Arianna Caruso,83,74,80,82,87,71,72,2026-08-12 11:55:15
217870,Giovanni,Di Lorenzo,Giovanni Di Lorenzo,83,84,72,73,77,79,80,2026-08-12 11:55:15
227072,Barbara,Bonansea,Barbara Bonansea,83,79,81,77,83,38,74,2026-08-12 11:55:15
236610,Moise,Kean,Moise Kean,83,86,82,58,81,40,74,2026-08-12 11:55:15
241850,Mateo,Retegui,Mateo Retegui,83,72,83,67,78,37,76,2026-08-12 11:55:15
227069,Elena,Linari,Elena Linari,83,69,46,63,68,83,81,2026-08-12 11:55:15
229582,Gianluca,Mancini,Gianluca Mancini,83,70,50,57,64,85,82,2026-08-12 11:55:15
240091,Guglielmo,Vicario,Guglielmo Vicario,82,83,78,78,84,52,80,2026-08-12 11:55:15
224987,Ivan,Provedel,Ivan Provedel,82,83,79,80,84,42,83,2026-08-12 11:55:15
225116,Alex,Meret,Alex Meret,82,81,79,74,85,44,84,2026-08-12 11:55:15
233556,Riccardo,Orsolini,Riccardo Orsolini,82,79,81,79,83,49,67,2026-08-12 11:55:15
210935,Domenico,Berardi,Domenico Berardi,82,82,80,79,84,35,68,2026-08-12 11:55:15
243241,Alessandro,Buongiorno,Alessandro Buongiorno,82,69,45,67,65,84,79,2026-08-12 11:55:15
210413,Alessio,Romagnoli,Alessio Romagnoli,82,64,40,55,69,84,80,2026-08-12 11:55:15
239807,Davide,Frattesi,Davide Frattesi,81,82,77,78,82,73,72,2026-08-12 11:55:15
235840,Michele,Di Gregorio,Michele Di Gregorio,81,82,78,79,85,56,83,2026-08-12 11:55:15
235805,Federico,Chiesa,Federico Chiesa,81,87,80,75,83,44,68,2026-08-12 11:55:15
184392,Matteo,Darmian,Matteo Darmian,81,71,62,74,76,81,71,2026-08-12 11:55:15
216409,Matteo,Politano,Matteo Politano,81,80,78,80,83,59,55,2026-08-12 11:55:15
210676,Wladimiro,Falcone,Wladimiro Falcone,81,83,81,75,84,27,76,2026-08-12 11:55:15
227074,Cecilia,Salvai,Cecilia Salvai,81,73,49,70,67,82,80,2026-08-12 11:55:15
228251,Lorenzo,Pellegrini,Lorenzo Pellegrini,80,75,77,80,80,73,73,2026-08-12 11:55:15
259583,Destiny,Udogie,Destiny Udogie,80,88,64,73,78,76,79,2026-08-12 11:55:15
208268,Bryan,Cristante,Bryan Cristante,80,52,74,78,75,78,81,2026-08-12 11:55:15
212096,Vincenzo,Grifo,Vincenzo Grifo,80,70,76,82,81,43,66,2026-08-12 11:55:15
266872,Federico,Gatti,Federico Gatti,80,76,42,53,65,81,80,2026-08-12 11:55:15
227067,Martina,Rosucci,Martina Rosucci,79,71,68,79,78,80,76,2026-08-12 11:55:15
258966,Andrea,Cambiaso,Andrea Cambiaso,79,78,70,77,79,75,70,2026-08-12 11:55:15
216150,Davide,Zappacosta,Davide Zappacosta,79,76,73,77,77,76,69,2026-08-12 11:55:15
255001,Nicolò,Rovella,Nicolò Rovella,79,76,63,77,78,75,71,2026-08-12 11:55:15
190813,Stephan,El Shaarawy,Stephan El Shaarawy,79,78,75,76,83,49,59,2026-08-12 11:55:15
266996,Sofia,Cantore,Sofia Cantore,79,79,78,73,79,42,66,2026-08-12 11:55:15
266937,Martina,Lenzini,Martina Lenzini,79,74,47,71,68,79,77,2026-08-12 11:55:15
226710,Gianluca,Scamacca,Gianluca Scamacca,79,65,81,67,74,36,70,2026-08-12 11:55:15
202884,Leonardo,Spinazzola,Leonardo Spinazzola,78,85,65,73,77,76,67,2026-08-12 11:55:15
201389,Cristiano,Biraghi,Cristiano Biraghi,78,72,69,78,76,76,71,2026-08-12 11:55:15
198009,Mattia,Perin,Mattia Perin,78,78,78,71,78,57,79,2026-08-12 11:55:15
235374,Manuel,Lazzari,Manuel Lazzari,78,90,61,75,81,71,61,2026-08-12 11:55:15
251988,Andrea,Colpani,Andrea Colpani,78,76,76,77,78,65,66,2026-08-12 11:55:15
257711,Riccardo,Calafiori,Riccardo Calafiori,78,72,66,71,75,77,77,2026-08-12 11:55:15
247229,Raoul,Bellanova,Raoul Bellanova,78,86,54,72,76,71,74,2026-08-12 11:55:15
253473,Samuele,Ricci,Samuele Ricci,78,73,60,75,79,73,72,2026-08-12 11:55:15
205812,Pietro,Terracciano,Pietro Terracciano,78,79,75,72,82,41,78,2026-08-12 11:55:15
228881,Davide,Calabria,Davide Calabria,78,77,57,70,73,76,66,2026-08-12 11:55:15
266970,Lucia,Di Guglielmo,Lucia Di Guglielmo,78,85,41,71,71,74,76,2026-08-12 11:55:15
192387,Ciro,Immobile,Ciro Immobile,78,68,79,66,76,39,71,2026-08-12 11:55:15
253002,Giacomo,Raspadori,Giacomo Raspadori,78,78,78,71,84,28,58,2026-08-12 11:55:15
240277,Matteo,Gabbia,Matteo Gabbia,78,49,35,54,60,81,76,2026-08-12 11:55:15
211361,Danilo,Cataldi,Danilo Cataldi,77,68,71,77,77,73,69,2026-08-12 11:55:15
260823,Nicolò,Fagioli,Nicolò Fagioli,77,74,65,78,79,70,63,2026-08-12 11:55:15
212404,Federico,Bernardeschi,Federico Bernardeschi,77,75,75,77,80,54,67,2026-08-12 11:55:15
245443,Aurora,Galli,Aurora Galli,77,73,72,74,78,66,61,2026-08-12 11:55:15
210736,Emerson,Palmieri dos Santos,Emerson Palmieri dos Santos,77,69,63,75,76,74,65,2026-08-12 11:55:15
225439,Rolando,Mandragora,Rolando Mandragora,77,46,73,76,75,75,70,2026-08-12 11:55:15
208596,Andrea,Belotti,Andrea Belotti,77,68,76,58,74,38,80,2026-08-12 11:55:15
265188,Giorgio,Scalvini,Giorgio Scalvini,77,55,35,57,61,80,71,2026-08-12 11:55:15
246786,Valentina,Bergamaschi,Valentina Bergamaschi,76,84,66,72,72,77,78,2026-08-12 11:55:15
238067,Nicolò,Zaniolo,Nicolò Zaniolo,76,74,75,73,75,60,77,2026-08-12 11:55:15
239613,Matteo,Pessina,Matteo Pessina,76,67,70,76,75,72,68,2026-08-12 11:55:15
255303,Elia,Caprile,Elia Caprile,76,75,73,72,78,51,74,2026-08-12 11:55:15
216065,Marco,Sportiello,Marco Sportiello,76,75,72,74,76,44,79,2026-08-12 11:55:15
215363,Lorenzo,Montipò,Lorenzo Montipò,76,75,72,69,82,42,74,2026-08-12 11:55:15
220534,Sebastiano,Luperto,Sebastiano Luperto,76,64,48,60,63,78,75,2026-08-12 11:55:15
268474,Lorenzo,Lucca,Lorenzo Lucca,76,63,78,59,67,34,82,2026-08-12 11:55:15
240777,Luca,Ranieri,Luca Ranieri,76,68,41,59,69,79,66,2026-08-12 11:55:15
268683,Michael,Folorunsho,Michael Folorunsho,75,73,76,73,74,71,76,2026-08-12 11:55:15
258714,Emanuele,Valeri,Emanuele Valeri,75,74,70,73,74,71,66,2026-08-12 11:55:15
258976,Fabiano,Parisi,Fabiano Parisi,75,75,67,70,76,72,67,2026-08-12 11:55:15
259584,Matteo,Ruggeri,Matteo Ruggeri,75,78,60,73,71,72,73,2026-08-12 11:55:15
253162,Hans,Nicolussi Caviglia,Hans Nicolussi Caviglia,75,66,68,77,75,69,70,2026-08-12 11:55:15
252442,Enrico,Delprato,Enrico Delprato,75,81,54,63,69,72,74,2026-08-12 11:55:15
239770,Nicolò,Casale,Nicolò Casale,75,73,53,66,67,76,75,2026-08-12 11:55:15
244717,Antonino,Gallo,Antonino Gallo,75,78,52,70,70,70,67,2026-08-12 11:55:15
268573,Federico,Baschirotto,Federico Baschirotto,75,69,53,60,57,75,86,2026-08-12 11:55:15
247888,Sebastiano,Esposito,Sebastiano Esposito,75,75,76,74,77,35,62,2026-08-12 11:55:15
257368,Lorenzo,Pirola,Lorenzo Pirola,75,67,45,59,67,74,75,2026-08-12 11:55:15
269312,Tommaso,Baldanzi,Tommaso Baldanzi,75,76,71,73,78,41,48,2026-08-12 11:55:15
237715,Patrick,Cutrone,Patrick Cutrone,75,73,74,64,76,29,69,2026-08-12 11:55:15
246431,Riccardo,Sottil,Riccardo Sottil,75,88,66,69,77,34,49,2026-08-12 11:55:15
248385,Roberto,Piccoli,Roberto Piccoli,75,73,75,55,67,34,79,2026-08-12 11:55:15
236355,Luiz Felipe,Ramos Marchi,Luiz Felipe Ramos Marchi,75,68,29,61,67,75,71,2026-08-12 11:55:15
235842,Andrea,Pinamonti,Andrea Pinamonti,75,70,76,56,71,27,69,2026-08-12 11:55:15
211320,Daniele,Rugani,Daniele Rugani,75,34,40,54,60,78,70,2026-08-12 11:55:15
252060,Tommaso,Pobega,Tommaso Pobega,74,74,76,70,75,74,74,2026-08-12 11:55:15
252440,Nadir,Zortea,Nadir Zortea,74,77,69,68,74,68,74,2026-08-12 11:55:15
224982,Antonio,Palumbo,Antonio Palumbo,74,71,67,71,74,63,79,2026-08-12 11:55:15
273883,Cesare,Casadei,Cesare Casadei,74,66,70,74,72,69,71,2026-08-12 11:55:15
262171,Edoardo,Bove,Edoardo Bove,74,66,69,68,75,76,66,2026-08-12 11:55:15
231478,Lautaro,Martínez,Lautaro Martínez,88,81,88,75,84,51,83,2026-08-12 11:55:15
246191,Julián,Alvarez,Julián Alvarez,87,85,87,81,87,57,79,2026-08-12 11:55:15
239837,Alexis,Mac Allister,Alexis Mac Allister,87,66,82,85,85,78,76,2026-08-12 11:55:15
211110,Paulo,Dybala,Paulo Dybala,86,80,85,84,87,41,64,2026-08-12 11:55:15
158023,Lionel,Messi,Lionel Messi,86,78,85,85,90,33,64,2026-08-12 11:55:15
202811,Emiliano,Martínez,Emiliano Martínez,85,83,82,82,85,56,85,2026-08-12 11:55:15
212616,Rodrigo,De Paul,Rodrigo De Paul,84,75,78,83,83,76,83,2026-08-12 11:55:15
247090,Enzo,Fernández,Enzo Fernández,84,68,75,85,81,73,75,2026-08-12 11:55:15
231521,Exequiel,Palacios,Exequiel Palacios,84,62,76,80,82,81,71,2026-08-12 11:55:15
215316,Gerónimo,Rulli,Gerónimo Rulli,82,82,77,80,83,54,81,2026-08-12 11:55:15
226226,Giovani,Lo Celso,Giovani Lo Celso,82,68,81,82,84,68,71,2026-08-12 11:55:15
183898,Ángel,Di María,Ángel Di María,82,73,80,85,85,43,62,2026-08-12 11:55:15
192366,Nicolás,Otamendi,Nicolás Otamendi,82,60,57,64,62,83,85,2026-08-12 11:55:15
232488,Cristian,Romero,Cristian Romero,82,66,48,62,65,83,81,2026-08-12 11:55:15
253396,Giuliano,Simeone,Giuliano Simeone,81,91,73,72,81,45,81,2026-08-12 11:55:15
239301,Lisandro,Martínez,Lisandro Martínez,81,67,59,75,75,81,80,2026-08-12 11:55:15
242835,Leonardo,Balerdi,Leonardo Balerdi,81,77,46,65,69,82,79,2026-08-12 11:55:15
201399,Mauro,Icardi,Mauro Icardi,81,67,82,71,76,40,73,2026-08-12 11:55:15
237712,Valentin,Castellanos,Valentin Castellanos,80,75,80,71,81,45,75,2026-08-12 11:55:15
205186,Paulo,Gazzaniga,Paulo Gazzaniga,79,79,78,81,78,57,78,2026-08-12 11:55:15
233084,Nahuel,Molina,Nahuel Molina,79,82,67,73,76,75,71,2026-08-12 11:55:15
214979,Juan,Musso,Juan Musso,79,79,77,73,82,44,81,2026-08-12 11:55:15
237819,Nicolás,Domínguez,Nicolás Domínguez,79,69,65,72,76,76,77,2026-08-12 11:55:15
260599,Alan,Varela,Alan Varela,79,70,65,74,73,75,78,2026-08-12 11:55:15
227186,Augusto,Batalla,Augusto Batalla,79,78,78,74,80,43,77,2026-08-12 11:55:15
215223,Walter,Benítez,Walter Benítez,79,79,78,72,80,37,78,2026-08-12 11:55:15
245371,Thiago,Almada,Thiago Almada,79,79,74,79,83,51,58,2026-08-12 11:55:15
277846,Nicolás,Paz Martínez,Nicolás Paz Martínez,79,78,71,77,82,51,64,2026-08-12 11:55:15
236804,Facundo,Medina,Facundo Medina,79,74,44,70,72,79,81,2026-08-12 11:55:15
237221,Juan,Foyth,Juan Foyth,79,68,47,71,71,80,76,2026-08-12 11:55:15
246364,Aldana,Cometti,Aldana Cometti,79,62,30,56,63,80,80,2026-08-12 11:55:15
224334,Marcos,Acuña,Marcos Acuña,78,76,69,77,81,71,80,2026-08-12 11:55:15
231340,Gonzalo,Montiel,Gonzalo Montiel,78,81,63,71,77,74,80,2026-08-12 11:55:15
232244,Santiago,Ascacíbar,Santiago Ascacíbar,78,78,73,72,75,74,74,2026-08-12 11:55:15
235467,Marcelino,Moreno,Marcelino Moreno,78,90,73,75,81,53,68,2026-08-12 11:55:15
207439,Leandro,Paredes,Leandro Paredes,78,62,70,82,79,72,74,2026-08-12 11:55:15
215069,Rodrigo,Rey,Rodrigo Rey,78,76,76,74,79,50,78,2026-08-12 11:55:15
219522,Conan,Ledesma,Conan Ledesma,78,79,75,73,79,49,78,2026-08-12 11:55:15
255971,Santiago,Hezze,Santiago Hezze,78,70,62,70,73,76,80,2026-08-12 11:55:15
221342,Pablo,Maffeo Becerra,Pablo Maffeo Becerra,78,81,52,70,78,76,70,2026-08-12 11:55:15
214584,Franco,Armani,Franco Armani,78,73,75,69,82,44,81,2026-08-12 11:55:15
211256,Nicolás,Tagliafico,Nicolás Tagliafico,78,67,56,70,76,77,76,2026-08-12 11:55:15
240690,Nico,Gonzalez,Nico Gonzalez,78,82,75,73,78,45,61,2026-08-12 11:55:15
253242,Adrián,Martínez,Adrián Martínez,78,69,78,59,72,42,84,2026-08-12 11:55:15
265695,Matías,Soulé,Matías Soulé,78,79,74,76,81,36,58,2026-08-12 11:55:15
236506,Marcos,Senesi,Marcos Senesi,78,56,42,70,72,79,75,2026-08-12 11:55:15
221125,Sebastián,Driussi,Sebastián Driussi,77,84,75,72,80,45,78,2026-08-12 11:55:15
201095,Agustín,Marchesín,Agustín Marchesín,77,77,75,74,77,53,76,2026-08-12 11:55:15
226162,Emiliano,Buendía,Emiliano Buendía,77,66,74,78,81,66,66,2026-08-12 11:55:15
228708,Lucas,Martínez Quarta,Lucas Martínez Quarta,77,69,60,70,70,76,84,2026-08-12 11:55:15
219553,Claudio,Aquino,Claudio Aquino,77,76,76,75,81,47,72,2026-08-12 11:55:15
178562,Éver,Banega,Éver Banega,77,52,73,80,77,70,72,2026-08-12 11:55:15
228819,Matías,Vargas,Matías Vargas,77,86,72,71,79,40,72,2026-08-12 11:55:15
246871,Enzo,Barrenechea,Enzo Barrenechea,77,57,69,72,75,72,71,2026-08-12 11:55:15
234468,Emanuel,Reynoso,Emanuel Reynoso,77,65,67,76,79,59,69,2026-08-12 11:55:15
279173,Franco,Mastantuono,Franco Mastantuono,77,74,71,75,80,50,63,2026-08-12 11:55:15
268438,Alejandro,Garnacho,Alejandro Garnacho,77,86,77,72,80,37,58,2026-08-12 11:55:15
225659,Guido,Rodríguez,Guido Rodríguez,77,45,58,70,69,77,75,2026-08-12 11:55:15
258746,Malcom,Braida,Malcom Braida,76,82,69,70,76,72,78,2026-08-12 11:55:15
236441,Fabricio,Bustos,Fabricio Bustos,76,85,65,73,79,68,74,2026-08-12 11:55:15
193061,Roberto,Pereyra,Roberto Pereyra,76,72,73,77,79,67,68,2026-08-12 11:55:15
215251,Guido,Herrera,Guido Herrera,76,75,74,74,76,59,74,2026-08-12 11:55:15
244205,Maximiliano,Salas,Maximiliano Salas,76,81,76,68,75,47,84,2026-08-12 11:55:15
259788,Juan,Portillo,Juan Portillo,76,79,57,66,70,73,86,2026-08-12 11:55:15
190972,Eduardo,Salvio,Eduardo Salvio,76,83,72,72,79,54,66,2026-08-12 11:55:15
245461,Facundo,Colidio,Facundo Colidio,76,82,74,70,79,47,71,2026-08-12 11:55:15
219576,Rodrigo,Battaglia,Rodrigo Battaglia,76,66,65,65,71,76,79,2026-08-12 11:55:15
226797,Víctor Ignacio,Malcorra,Víctor Ignacio Malcorra,76,68,72,80,78,59,64,2026-08-12 11:55:15
215199,Rubén,Botta,Rubén Botta,76,81,72,76,76,40,72,2026-08-12 11:55:15
246258,Lucas,Beltrán,Lucas Beltrán,76,71,76,68,77,46,74,2026-08-12 11:55:15
246033,Santiago,Sosa,Santiago Sosa,76,66,58,63,67,76,81,2026-08-12 11:55:15
226671,Federico,Fattori,Federico Fattori,76,63,54,69,72,72,80,2026-08-12 11:55:15
240953,Nahuel,Tenaglia,Nahuel Tenaglia,76,69,44,65,75,77,78,2026-08-12 11:55:15
233230,Kevin,Mac Allister,Kevin Mac Allister,76,74,49,58,69,75,81,2026-08-12 11:55:15
215057,Iván,Marcone,Iván Marcone,76,44,61,72,70,73,84,2026-08-12 11:55:15
267861,Santiago,Castro,Santiago Castro,76,79,75,62,75,40,68,2026-08-12 11:55:15
267860,Valentín,Gómez,Valentín Gómez,76,80,32,64,71,76,75,2026-08-12 11:55:15
193601,Germán,Pezzella,Germán Pezzella,76,55,52,56,58,77,76,2026-08-12 11:55:15
244206,Nehuén,Pérez,Nehuén Pérez,76,60,37,54,55,78,77,2026-08-12 11:55:15
216700,Maximiliano,Meza,Maximiliano Meza,75,73,72,74,78,69,73,2026-08-12 11:55:15
235926,Matías,Zaracho,Matías Zaracho,75,89,69,73,81,63,63,2026-08-12 11:55:15
253952,Juan Ignacio,Nardoni,Juan Ignacio Nardoni,75,74,60,72,75,70,82,2026-08-12 11:55:15
255925,Santiago,Montiel,Santiago Montiel,75,89,64,71,75,65,69,2026-08-12 11:55:15
259789,Kevin,Zenón,Kevin Zenón,75,83,66,75,74,64,69,2026-08-12 11:55:15
257866,Nicolás,Fernández,Nicolás Fernández,75,84,70,70,76,60,68,2026-08-12 11:55:15
242342,Gastón,Lódico,Gastón Lódico,75,80,63,75,80,57,67,2026-08-12 11:55:15
211269,Guillermo,Fernández,Guillermo Fernández,75,67,67,73,76,65,66,2026-08-12 11:55:15
207935,Matías,Dituro,Matías Dituro,75,74,72,77,77,38,74,2026-08-12 11:55:15
257185,Lautaro,Blanco,Lautaro Blanco,75,78,49,70,72,68,75,2026-08-12 11:55:15
256402,Carlos,Alcaraz,Carlos Alcaraz,75,80,71,71,78,46,65,2026-08-12 11:55:15
259273,Tomás,Marchiori,Tomás Marchiori,75,75,73,71,75,42,74,2026-08-12 11:55:15
263370,Valentín,Barco,Valentín Barco,75,76,50,75,78,68,61,2026-08-12 11:55:15
221551,Emanuel,Mammana,Emanuel Mammana,75,75,48,65,70,76,72,2026-08-12 11:55:15
225289,Nicolás,Fernández,Nicolás Fernández,75,81,75,64,77,39,69,2026-08-12 11:55:15
226385,Cristian,Espinoza,Cristian Espinoza,75,82,69,71,76,42,65,2026-08-12 11:55:15
262151,Ezequiel,Fernández,Ezequiel Fernández,75,70,47,67,72,70,78,2026-08-12 11:55:15
216816,Giovanni,Simeone,Giovanni Simeone,75,71,77,63,73,41,72,2026-08-12 11:55:15
201862,Marcos,Rojo,Marcos Rojo,75,53,60,66,63,74,77,2026-08-12 11:55:15
219575,Cristian,Bordacahar,Cristian Bordacahar,75,83,66,69,78,28,64,2026-08-12 11:55:15
244950,Juan Gabriel,Rodríguez,Juan Gabriel Rodríguez,75,68,39,58,65,73,79,2026-08-12 11:55:15
192119,Thibaut,Courtois,Thibaut Courtois,89,85,89,76,90,46,88,2026-08-12 11:55:15
192985,Kevin,De Bruyne,Kevin De Bruyne,87,66,83,92,84,65,72,2026-08-12 11:55:15
216393,Youri,Tielemans,Youri Tielemans,85,54,79,85,80,75,72,2026-08-12 11:55:15
192505,Romelu,Lukaku,Romelu Lukaku,84,79,82,75,75,41,84,2026-08-12 11:55:15
199641,Matz,Sels,Matz Sels,83,82,80,79,83,36,83,2026-08-12 11:55:15
243580,Loïs,Openda,Loïs Openda,83,95,81,69,81,31,80,2026-08-12 11:55:15
207421,Leandro,Trossard,Leandro Trossard,83,80,81,80,85,30,60,2026-08-12 11:55:15
192984,Koen,Casteels,Koen Casteels,82,82,79,74,85,45,83,2026-08-12 11:55:15
251470,Charles,De Ketelaere,Charles De Ketelaere,82,70,79,80,83,56,68,2026-08-12 11:55:15
231416,Dodi,Lukébakio,Dodi Lukébakio,82,87,81,76,83,31,64,2026-08-12 11:55:15
208418,Yannick,Carrasco,Yannick Carrasco,81,87,80,77,85,58,67,2026-08-12 11:55:15
251479,Maxim,De Cuyper,Maxim De Cuyper,80,76,73,80,79,75,75,2026-08-12 11:55:15
200155,Hans,Vanaken,Hans Vanaken,80,45,79,84,77,60,78,2026-08-12 11:55:15
246420,Jérémy,Doku,Jérémy Doku,80,91,71,72,87,32,68,2026-08-12 11:55:15
257278,Arthur,Theate,Arthur Theate,80,67,40,70,71,80,82,2026-08-12 11:55:15
257057,Amadou,Onana,Amadou Onana,79,74,62,72,73,78,81,2026-08-12 11:55:15
242664,Alexis,Saelemaekers,Alexis Saelemaekers,79,80,67,75,81,66,63,2026-08-12 11:55:15
229659,Bryan,Heynen,Bryan Heynen,78,60,73,75,76,73,78,2026-08-12 11:55:15
254262,Zeno,Debast,Zeno Debast,78,70,56,76,74,77,76,2026-08-12 11:55:15
263620,Romeo,Lavia,Romeo Lavia,78,69,52,72,77,77,75,2026-08-12 11:55:15
254803,Senne,Lammens,Senne Lammens,78,79,77,71,77,21,79,2026-08-12 11:55:15
265450,Johan,Bakayoko,Johan Bakayoko,78,85,72,70,81,33,63,2026-08-12 11:55:15
256420,Malick,Fofana,Malick Fofana,78,86,69,70,82,40,48,2026-08-12 11:55:15
233965,Alessio,Castro-Montes,Alessio Castro-Montes,77,74,72,74,75,71,72,2026-08-12 11:55:15
270039,Diego Manuel,J. da Silva Moreira,Diego Manuel J. da Silva Moreira,77,90,67,69,79,64,68,2026-08-12 11:55:15
239810,Nicolas,Raskin,Nicolas Raskin,77,73,63,73,76,73,74,2026-08-12 11:55:15
200059,Colin,Coosemans,Colin Coosemans,77,78,75,74,80,44,77,2026-08-12 11:55:15
234078,Orel,Mangala,Orel Mangala,77,68,58,72,79,72,73,2026-08-12 11:55:15
244889,Charles,Vanhoutte,Charles Vanhoutte,77,55,65,76,72,73,78,2026-08-12 11:55:15
269859,Arthur,Vermeeren,Arthur Vermeeren,77,70,55,77,79,68,66,2026-08-12 11:55:15
233630,Hugo,Cuypers,Hugo Cuypers,77,75,77,68,71,44,78,2026-08-12 11:55:15
204529,Michy,Batshuayi,Michy Batshuayi,77,74,78,64,75,36,74,2026-08-12 11:55:15
177413,Axel,Witsel,Axel Witsel,77,31,63,76,74,79,66,2026-08-12 11:55:15
202371,Thomas,Meunier,Thomas Meunier,76,63,74,72,71,75,81,2026-08-12 11:55:15
204549,Davy,Roef,Davy Roef,76,75,73,73,75,51,77,2026-08-12 11:55:15
261659,Senne,Lynen,Senne Lynen,76,68,62,72,67,74,78,2026-08-12 11:55:15
242879,Maarten,Vandevoordt,Maarten Vandevoordt,76,78,75,75,77,40,74,2026-08-12 11:55:15
222501,Timothy,Castagne,Timothy Castagne,76,68,57,70,72,74,71,2026-08-12 11:55:15
205369,Rob,Schoofs,Rob Schoofs,76,53,72,76,74,67,68,2026-08-12 11:55:15
271032,Matte,Smets,Matte Smets,76,65,33,69,67,77,74,2026-08-12 11:55:15
212204,Brandon,Mechele,Brandon Mechele,76,49,40,55,56,80,78,2026-08-12 11:55:15
272874,Arne,Engels,Arne Engels,75,73,72,77,72,68,75,2026-08-12 11:55:15
261785,Janice,Cayman,Janice Cayman,75,53,75,77,79,74,68,2026-08-12 11:55:15
212501,Leander,Dendoncker,Leander Dendoncker,75,52,69,76,69,76,80,2026-08-12 11:55:15
268451,Jill,Janssens,Jill Janssens,75,84,72,69,75,68,53,2026-08-12 11:55:15
235629,Ortwin,De Wolf,Ortwin De Wolf,75,76,73,76,77,36,75,2026-08-12 11:55:15
241928,Albert,Sambi Lokonga,Albert Sambi Lokonga,75,60,59,74,76,68,70,2026-08-12 11:55:15
251156,Adriano,Bertaccini,Adriano Bertaccini,75,90,75,62,77,29,72,2026-08-12 11:55:15
262657,Lucas,Stassin,Lucas Stassin,75,78,76,69,76,35,68,2026-08-12 11:55:15
260570,Jarne,Steuckers,Jarne Steuckers,75,69,73,75,74,40,66,2026-08-12 11:55:15
184111,Christian,Benteke,Christian Benteke,75,51,76,62,66,32,78,2026-08-12 11:55:15
209780,Siebe,Schrijvers,Siebe Schrijvers,74,68,73,73,74,68,68,2026-08-12 11:55:15
252027,Aster,Vranckx,Aster Vranckx,74,57,65,71,76,72,76,2026-08-12 11:55:15
173426,Simon,Mignolet,Simon Mignolet,74,73,73,70,74,51,75,2026-08-12 11:55:15
257208,Michel Ange,Balikwisha,Michel Ange Balikwisha,74,82,68,70,75,53,66,2026-08-12 11:55:15
188400,Thomas,Kaminski,Thomas Kaminski,74,73,74,70,76,46,73,2026-08-12 11:55:15
260020,Yorbe,Vertessen,Yorbe Vertessen,74,89,73,66,74,34,71,2026-08-12 11:55:15
260162,Mario,Stroeykens,Mario Stroeykens,74,71,74,71,76,46,69,2026-08-12 11:55:15
243134,Largie,Ramazani,Largie Ramazani,74,89,69,67,76,41,64,2026-08-12 11:55:15
258378,Mika,Godts,Mika Godts,74,81,64,68,81,39,61,2026-08-12 11:55:15
212205,Nikola,Storm,Nikola Storm,74,75,73,71,74,36,58,2026-08-12 11:55:15
265774,Koni,De Winter,Koni De Winter,74,67,40,58,66,75,72,2026-08-12 11:55:15
208330,Adnan,Januzaj,Adnan Januzaj,74,70,69,76,78,30,54,2026-08-12 11:55:15
242663,Sebastiaan,Bornauw,Sebastiaan Bornauw,74,69,45,59,55,74,74,2026-08-12 11:55:15
260931,Zeno,Van Den Bosch,Zeno Van Den Bosch,74,60,28,65,53,74,73,2026-08-12 11:55:15
270612,Silke,Demeyere,Silke Demeyere,73,74,67,70,76,69,66,2026-08-12 11:55:15
261539,Mandela,Keita,Mandela Keita,73,77,56,66,75,71,76,2026-08-12 11:55:15
251189,Thibo,Somers,Thibo Somers,73,80,69,65,71,55,80,2026-08-12 11:55:15
237525,Arnaud,Bodart,Arnaud Bodart,73,76,70,68,73,55,73,2026-08-12 11:55:15
203486,Thorgan,Hazard,Thorgan Hazard,73,66,72,73,78,53,66,2026-08-12 11:55:15
199652,Dennis,Praet,Dennis Praet,73,61,69,74,74,59,67,2026-08-12 11:55:15
261863,Lisa,Lichtfus,Lisa Lichtfus,73,69,75,68,76,43,71,2026-08-12 11:55:15
243294,Tobe,Leysen,Tobe Leysen,73,73,70,69,77,37,73,2026-08-12 11:55:15
200429,Benito,Raman,Benito Raman,73,87,73,67,73,34,64,2026-08-12 11:55:15
232526,Elias,Cobbaut,Elias Cobbaut,73,68,41,69,68,71,78,2026-08-12 11:55:15
270821,Mike,Penders,Mike Penders,73,77,72,76,75,22,69,2026-08-12 11:55:15
253150,Mike,Trésor,Mike Trésor,73,81,67,72,75,38,56,2026-08-12 11:55:15
262265,Matthieu,Epolo,Matthieu Epolo,73,76,70,66,73,32,70,2026-08-12 11:55:15
263883,Jonathan,Dubasin,Jonathan Dubasin,73,76,73,67,73,36,61,2026-08-12 11:55:15
261799,Hannah,Eurlings,Hannah Eurlings,73,75,69,68,75,31,53,2026-08-12 11:55:15
264671,Jassina,Blom,Jassina Blom,73,69,72,62,72,25,64,2026-08-12 11:55:15
235036,Wout,Faes,Wout Faes,73,52,39,54,60,73,75,2026-08-12 11:55:15
234167,Siebe,Van der Heyden,Siebe Van der Heyden,73,59,34,57,53,74,75,2026-08-12 11:55:15
201841,Noë,Dussenne,Noë Dussenne,73,32,50,52,51,75,81,2026-08-12 11:55:15
191627,Mats,Rits,Mats Rits,72,70,69,71,71,72,74,2026-08-12 11:55:15
217338,Jari,Vandeputte,Jari Vandeputte,72,80,65,73,73,61,64,2026-08-12 11:55:15
242003,Daam,Foulon,Daam Foulon,72,72,58,70,73,65,73,2026-08-12 11:55:15
231423,Casper,De Norre,Casper De Norre,72,64,65,68,73,68,71,2026-08-12 11:55:15
259316,Théo,Leoni,Théo Leoni,72,69,67,72,71,63,66,2026-08-12 11:55:15
234905,Dante,Vanzeir,Dante Vanzeir,72,84,69,69,72,38,73,2026-08-12 11:55:15
261810,Féli,Delacauw,Féli Delacauw,72,76,61,69,72,62,63,2026-08-12 11:55:15
266681,Mathias,Delorge,Mathias Delorge,72,62,60,74,67,61,71,2026-08-12 11:55:15
236712,Dimitri,Lavalée,Dimitri Lavalée,72,66,50,63,66,71,76,2026-08-12 11:55:15
237331,Thibault,De Smet,Thibault De Smet,72,66,52,64,68,68,72,2026-08-12 11:55:15
252488,Killian,Sardella,Killian Sardella,72,73,38,67,73,67,72,2026-08-12 11:55:15
252108,Anouar,Ait El Hadj,Anouar Ait El Hadj,72,70,69,69,76,44,61,2026-08-12 11:55:15
246457,Cyril,Ngonge,Cyril Ngonge,72,82,72,66,75,35,58,2026-08-12 11:55:15
71305,Joaquin,Seys,Joaquin Seys,72,81,35,67,69,67,66,2026-08-12 11:55:15
246419,Yari,Verschaeren,Yari Verschaeren,72,68,70,74,79,44,50,2026-08-12 11:55:15
244218,Jari,De Busser,Jari De Busser,72,74,69,65,75,24,71,2026-08-12 11:55:15
227102,Caroline,Graham Hansen,Caroline Graham Hansen,90,89,87,88,90,47,76,2026-08-12 11:55:15
239085,Erling,Haaland,Erling Haaland,90,86,91,70,80,45,88,2026-08-12 11:55:15
227323,Guro,Reiten,Guro Reiten,88,88,82,85,87,60,69,2026-08-12 11:55:15
227310,Ada,Hegerberg,Ada Hegerberg,87,72,86,76,85,39,79,2026-08-12 11:55:15
222665,Martin,Ødegaard,Martin Ødegaard,87,68,79,88,87,67,65,2026-08-12 11:55:15
239761,Frida,Maanum,Frida Maanum,84,72,82,83,83,72,67,2026-08-12 11:55:15
242896,Ingrid Syrstad,Engen,Ingrid Syrstad Engen,84,72,61,80,74,85,80,2026-08-12 11:55:15
216549,Alexander,Sørloth,Alexander Sørloth,84,77,82,71,76,36,85,2026-08-12 11:55:15
227101,Emilie,Haavi,Emilie Haavi,82,88,77,79,85,64,71,2026-08-12 11:55:15
266254,Elisabeth,Terland,Elisabeth Terland,81,79,80,73,79,36,71,2026-08-12 11:55:15
231913,Fredrik,Aursnes,Fredrik Aursnes,80,74,71,78,80,77,82,2026-08-12 11:55:15
229891,Julian,Ryerson,Julian Ryerson,79,74,63,71,76,77,82,2026-08-12 11:55:15
265280,Vilde,Bøe Risa,Vilde Bøe Risa,79,64,71,77,79,63,75,2026-08-12 11:55:15
228092,Sander,Berge,Sander Berge,79,55,65,74,71,75,84,2026-08-12 11:55:15
264896,Celin,Bizet,Celin Bizet,79,84,72,75,79,37,67,2026-08-12 11:55:15
238756,Jørgen Strand,Larsen,Jørgen Strand Larsen,78,75,79,62,70,32,83,2026-08-12 11:55:15
222227,Patrick,Berg,Patrick Berg,77,73,67,75,73,71,78,2026-08-12 11:55:15
227369,Synne,Jensen,Synne Jensen,77,78,80,73,78,30,73,2026-08-12 11:55:15
205214,Zlatko,Tripić,Zlatko Tripić,76,84,76,74,75,56,83,2026-08-12 11:55:15
203362,Mohamed,Elyounoussi,Mohamed Elyounoussi,76,76,72,71,78,59,73,2026-08-12 11:55:15
185427,Ørjan,Nyland,Ørjan Nyland,76,76,75,77,75,47,74,2026-08-12 11:55:15
262863,Antonio,Nusa,Antonio Nusa,76,89,72,68,81,41,63,2026-08-12 11:55:15
266975,Sophie Román,Haug,Sophie Román Haug,76,74,75,64,72,40,69,2026-08-12 11:55:15
239756,Tuva,Hansen,Tuva Hansen,76,63,48,68,66,79,68,2026-08-12 11:55:15
242725,Kristian,Thorstvedt,Kristian Thorstvedt,75,61,71,74,73,67,82,2026-08-12 11:55:15
198657,Jonas,Svensson,Jonas Svensson,75,74,59,69,72,73,79,2026-08-12 11:55:15
237936,Aron,Dønnum,Aron Dønnum,75,82,67,69,77,52,75,2026-08-12 11:55:15
224258,Kristoffer,Ajer,Kristoffer Ajer,75,67,56,65,68,74,81,2026-08-12 11:55:15
228518,Andreas,Hanche-Olsen,Andreas Hanche-Olsen,75,70,38,57,63,75,79,2026-08-12 11:55:15
79726,Andrea,Norheim,Andrea Norheim,75,60,44,61,60,76,75,2026-08-12 11:55:15
248166,Lasse Berg,Johnsen,Lasse Berg Johnsen,74,65,66,71,70,71,83,2026-08-12 11:55:15
237937,Felix Horn,Myhre,Felix Horn Myhre,74,72,67,71,74,69,71,2026-08-12 11:55:15
73027,Justine,Kielland,Justine Kielland,74,70,71,70,71,69,69,2026-08-12 11:55:15
233800,Fredrik,Bjørkan,Fredrik Bjørkan,74,81,53,65,72,68,75,2026-08-12 11:55:15
73850,Kamilla,Melgård,Kamilla Melgård,74,82,75,69,75,41,70,2026-08-12 11:55:15
185422,Joshua,King,Joshua King,74,76,74,70,75,38,74,2026-08-12 11:55:15
233848,Jens Petter,Hauge,Jens Petter Hauge,74,80,69,69,75,40,64,2026-08-12 11:55:15
260952,Andreas,Schjelderup,Andreas Schjelderup,74,80,68,68,80,35,57,2026-08-12 11:55:15
247530,Emilie,Nautnes,Emilie Nautnes,74,79,74,58,74,23,58,2026-08-12 11:55:15
153048,Magnus Wolff,Eikrem,Magnus Wolff Eikrem,74,59,71,75,74,33,53,2026-08-12 11:55:15
253399,Oliver,Edvardsen,Oliver Edvardsen,73,84,68,64,76,56,76,2026-08-12 11:55:15
242162,Håkon,Evjen,Håkon Evjen,73,87,63,70,76,57,65,2026-08-12 11:55:15
201877,Mats Møller,Dæhli,Mats Møller Dæhli,73,70,57,68,77,65,75,2026-08-12 11:55:15
262135,David Møller,Wolfe,David Møller Wolfe,73,78,53,65,69,67,77,2026-08-12 11:55:15
255464,Simen Bolkan,Nordli,Simen Bolkan Nordli,73,71,69,71,71,55,70,2026-08-12 11:55:15
273280,Marit Bratberg,Lund,Marit Bratberg Lund,73,66,67,70,64,71,65,2026-08-12 11:55:15
248342,Torbjørn L.,Heggem,Torbjørn L. Heggem,73,73,46,61,66,73,79,2026-08-12 11:55:15
244890,Aurora,Mikalsen,Aurora Mikalsen,73,73,70,68,74,37,72,2026-08-12 11:55:15
268475,Lisa Fjeldstad,Naalsund,Lisa Fjeldstad Naalsund,73,53,59,66,71,68,69,2026-08-12 11:55:15
233400,Jakob,Glesnes,Jakob Glesnes,73,52,55,56,61,73,83,2026-08-12 11:55:15
238516,Leo,Østigård,Leo Østigård,73,60,37,50,61,71,79,2026-08-12 11:55:15
273274,Marthine,Østenstad,Marthine Østenstad,73,66,40,55,50,75,71,2026-08-12 11:55:15
238235,Hugo,Vetlesen,Hugo Vetlesen,72,81,68,70,77,67,72,2026-08-12 11:55:15
221001,Ulrik,Saltnes,Ulrik Saltnes,72,70,66,69,69,69,79,2026-08-12 11:55:15
204612,Ole Kristian,Selnæs,Ole Kristian Selnæs,72,61,67,72,71,68,78,2026-08-12 11:55:15
247025,Tobias,Gulliksen,Tobias Gulliksen,72,79,66,67,77,53,69,2026-08-12 11:55:15
270329,Thea,Bjelde,Thea Bjelde,72,76,66,68,76,67,56,2026-08-12 11:55:15
198599,Martin,Linnes,Martin Linnes,72,82,58,64,70,65,68,2026-08-12 11:55:15
243481,Marcus,Pedersen,Marcus Pedersen,72,89,49,68,71,64,66,2026-08-12 11:55:15
222475,Morten,Thorsby,Morten Thorsby,72,55,62,69,71,72,75,2026-08-12 11:55:15
257970,Warren,Kamanzi,Warren Kamanzi,72,81,52,65,71,68,67,2026-08-12 11:55:15
212099,Sondre,Tronstad,Sondre Tronstad,72,55,63,68,70,69,73,2026-08-12 11:55:15
267685,Kristian,Eriksen,Kristian Eriksen,72,72,70,67,72,44,71,2026-08-12 11:55:15
219466,Birger,Meling,Birger Meling,72,73,51,64,70,69,64,2026-08-12 11:55:15
277295,Oscar,Bobb,Oscar Bobb,72,79,65,71,77,33,41,2026-08-12 11:55:15
256459,Jesper,Daland,Jesper Daland,72,58,40,52,57,72,76,2026-08-12 11:55:15
230737,Tobias,Lauritsen,Tobias Lauritsen,72,47,71,55,61,43,77,2026-08-12 11:55:15
273275,Mathilde,Harviken,Mathilde Harviken,72,63,38,50,57,72,72,2026-08-12 11:55:15
265421,Guro,Bergsvand,Guro Bergsvand,72,64,30,48,55,74,69,2026-08-12 11:55:15
237566,Kristoffer,Zachariassen,Kristoffer Zachariassen,71,73,66,68,70,62,77,2026-08-12 11:55:15
225266,Mathias,Rasmussen,Mathias Rasmussen,71,73,64,71,72,64,68,2026-08-12 11:55:15
237502,Dennis,Johnsen,Dennis Johnsen,71,92,70,67,73,39,69,2026-08-12 11:55:15
209335,Kristoffer,Haugen,Kristoffer Haugen,71,80,60,65,65,65,74,2026-08-12 11:55:15
204850,Tokmac,Nguen,Tokmac Nguen,71,82,71,66,75,47,63,2026-08-12 11:55:15
223255,Aslak Fonn,Witry,Aslak Fonn Witry,71,78,57,67,67,66,68,2026-08-12 11:55:15
277305,Sondre,Langås,Sondre Langås,71,86,38,56,63,68,85,2026-08-12 11:55:15
224874,Amahl,Pellegrino,Amahl Pellegrino,71,82,73,64,71,38,58,2026-08-12 11:55:15
262314,Jonatan,Braut-Brunes,Jonatan Braut-Brunes,71,75,70,55,67,37,78,2026-08-12 11:55:15
239125,Erik,Botheim,Erik Botheim,71,72,70,60,68,38,73,2026-08-12 11:55:15
264010,Joel,Mvuka,Joel Mvuka,71,90,59,61,75,44,50,2026-08-12 11:55:15
259478,Mathias,Kjølø,Mathias Kjølø,71,50,57,68,68,65,68,2026-08-12 11:55:15
228238,Jostein,Gundersen,Jostein Gundersen,71,54,45,55,61,70,77,2026-08-12 11:55:15
254638,Sebastian,Sebulonsen,Sebastian Sebulonsen,70,89,65,64,69,62,74,2026-08-12 11:55:15
248175,Magnus,Knudsen,Magnus Knudsen,70,72,59,70,74,65,72,2026-08-12 11:55:15
238236,Ola,Brynhildsen,Ola Brynhildsen,70,84,70,63,72,50,69,2026-08-12 11:55:15
241726,Adrian Nilsen,Pereira,Adrian Nilsen Pereira,70,82,59,63,67,62,72,2026-08-12 11:55:15
225077,Sondre,Fet,Sondre Fet,70,69,60,67,69,66,72,2026-08-12 11:55:15
247009,Vetle,Dragsnes,Vetle Dragsnes,70,81,54,65,65,61,76,2026-08-12 11:55:15
260734,Conrad,Wallem,Conrad Wallem,70,78,61,67,72,53,68,2026-08-12 11:55:15
188091,Fredrik,Gulbrandsen,Fredrik Gulbrandsen,70,84,68,59,70,40,77,2026-08-12 11:55:15
224322,Kjetil,Haug,Kjetil Haug,70,70,68,68,72,45,69,2026-08-12 11:55:15
208573,Mathias,Dyngeland,Mathias Dyngeland,70,70,67,68,69,43,70,2026-08-12 11:55:15
77246,Rakel,Engesvik,Rakel Engesvik,70,70,68,68,71,44,65,2026-08-12 11:55:15
242090,Ola,Solbakken,Ola Solbakken,70,77,68,65,70,37,64,2026-08-12 11:55:15
271728,Elise Isolde,Stenevik,Elise Isolde Stenevik,70,71,38,64,66,70,67,2026-08-12 11:55:15
216730,Stian,Gregersen,Stian Gregersen,70,78,44,52,46,67,84,2026-08-12 11:55:15
242623,Odin Luraas,Bjørtuft,Odin Luraas Bjørtuft,70,62,37,60,61,69,74,2026-08-12 11:55:15
247611,Egil,Selvik,Egil Selvik,70,70,69,66,70,19,69,2026-08-12 11:55:15
212938,Brede Mathias,Moe,Brede Mathias Moe,70,52,44,53,58,69,77,2026-08-12 11:55:15
238263,Fredrik,Knudsen,Fredrik Knudsen,70,37,31,47,47,69,79,2026-08-12 11:55:15
233731,Alexander,Isak,Alexander Isak,88,83,89,73,85,39,76,2026-08-12 11:55:15
241651,Viktor,Gyökeres,Viktor Gyökeres,87,90,86,73,81,36,91,2026-08-12 11:55:15
227013,Fridolina,Rolfö,Fridolina Rolfö,84,81,81,81,82,81,80,2026-08-12 11:55:15
247394,Dejan,Kulusevski,Dejan Kulusevski,83,74,79,84,85,62,81,2026-08-12 11:55:15
241491,Johanna,Kaneryd,Johanna Kaneryd,82,83,75,79,80,49,68,2026-08-12 11:55:15
233364,Stina,Blackstenius,Stina Blackstenius,82,82,84,62,82,39,75,2026-08-12 11:55:15
226987,Kosovare,Asllani,Kosovare Asllani,82,76,80,81,79,46,56,2026-08-12 11:55:15
226998,Magdalena,Eriksson,Magdalena Eriksson,82,58,46,72,66,83,82,2026-08-12 11:55:15
263964,Filippa,Angeldahl,Filippa Angeldahl,81,74,70,79,78,72,74,2026-08-12 11:55:15
257470,Anthony,Elanga,Anthony Elanga,81,92,72,76,82,39,70,2026-08-12 11:55:15
226979,Amanda,Ilestedt,Amanda Ilestedt,81,66,48,65,63,83,76,2026-08-12 11:55:15
226973,Sofia,Jakobsson,Sofia Jakobsson,80,81,77,78,78,54,70,2026-08-12 11:55:15
247461,Nathalie,Björn,Nathalie Björn,79,77,40,71,65,80,78,2026-08-12 11:55:15
208448,Emil,Forsberg,Emil Forsberg,79,64,73,81,80,35,61,2026-08-12 11:55:15
268896,Hugo,Larsson,Hugo Larsson,78,77,73,71,78,71,77,2026-08-12 11:55:15
239791,Hanna,Glas,Hanna Glas,78,71,50,70,70,80,76,2026-08-12 11:55:15
220821,Carl,Starfelt,Carl Starfelt,78,74,31,56,68,78,78,2026-08-12 11:55:15
260697,Isak,Hien,Isak Hien,78,69,37,49,58,79,82,2026-08-12 11:55:15
236822,Gabriel,Gudmundsson,Gabriel Gudmundsson,77,87,64,71,75,70,75,2026-08-12 11:55:15
272926,Lucas,Bergvall,Lucas Bergvall,77,75,63,76,77,71,73,2026-08-12 11:55:15
259716,Daniel,Svensson,Daniel Svensson,77,77,56,75,76,73,74,2026-08-12 11:55:15
266939,Amanda,Nildén,Amanda Nildén,77,83,52,72,71,74,71,2026-08-12 11:55:15
263966,Hanna,Bennison,Hanna Bennison,77,75,73,77,83,55,57,2026-08-12 11:55:15
228946,Mattias,Svanberg,Mattias Svanberg,76,73,70,74,76,66,73,2026-08-12 11:55:15
272114,Hanna,Lundkvist,Hanna Lundkvist,76,77,58,71,70,75,76,2026-08-12 11:55:15
247477,Julia,Zigiotti,Julia Zigiotti,76,67,63,75,76,71,63,2026-08-12 11:55:15
220969,Niclas,Eliasson,Niclas Eliasson,76,87,67,73,77,41,65,2026-08-12 11:55:15
256782,Sebastian,Nanasi,Sebastian Nanasi,76,70,65,74,80,32,64,2026-08-12 11:55:15
258915,Emma,Kullberg,Emma Kullberg,76,71,37,65,65,77,69,2026-08-12 11:55:15
244472,Jens-Lys,Cajuste,Jens-Lys Cajuste,75,65,63,70,75,72,75,2026-08-12 11:55:15
257400,Yasin,Ayari,Yasin Ayari,75,69,70,73,77,69,62,2026-08-12 11:55:15
214658,Jesper,Karlström,Jesper Karlström,75,64,57,72,71,71,78,2026-08-12 11:55:15
275917,Emilia,Larsson,Emilia Larsson,75,67,71,74,76,62,62,2026-08-12 11:55:15
222369,Eric,Smith,Eric Smith,75,67,59,67,66,73,79,2026-08-12 11:55:15
231836,Jesper,Karlsson,Jesper Karlsson,75,77,74,71,80,35,52,2026-08-12 11:55:15
223933,Gustaf,Nilsson,Gustaf Nilsson,75,71,75,58,64,32,80,2026-08-12 11:55:15
248790,Julia,Roddar,Julia Roddar,75,49,46,65,66,73,71,2026-08-12 11:55:15
246656,Emil,Holm,Emil Holm,74,83,61,67,71,67,80,2026-08-12 11:55:15
227689,Kerim,Mrabti,Kerim Mrabti,74,79,72,70,75,52,74,2026-08-12 11:55:15
263227,Williot,Swedberg,Williot Swedberg,74,74,69,71,76,61,62,2026-08-12 11:55:15
206626,Mikael,Ishak,Mikael Ishak,74,70,74,63,67,54,83,2026-08-12 11:55:15
241643,Viktor,Johansson,Viktor Johansson,74,75,71,70,77,40,73,2026-08-12 11:55:15
76998,Josefine,Rybrink,Josefine Rybrink,74,63,48,56,67,76,74,2026-08-12 11:55:15
227835,Tesfaldet,Tekie,Tesfaldet Tekie,73,79,67,72,75,61,63,2026-08-12 11:55:15
219951,Anton,Salétros,Anton Salétros,73,64,66,74,71,66,74,2026-08-12 11:55:15
277252,Samuel,Dahl,Samuel Dahl,73,83,51,68,75,65,69,2026-08-12 11:55:15
264058,Rebecka,Blomqvist,Rebecka Blomqvist,73,77,70,69,78,46,67,2026-08-12 11:55:15
255460,Jacob,Ondrejka,Jacob Ondrejka,73,78,73,71,75,46,57,2026-08-12 11:55:15
207557,Robin,Olsen,Robin Olsen,73,73,70,73,73,35,75,2026-08-12 11:55:15
228859,Isac,Lidberg,Isac Lidberg,73,80,71,58,69,40,81,2026-08-12 11:55:15
275919,Emma,Jansson,Emma Jansson,73,64,63,68,71,63,65,2026-08-12 11:55:15
207650,Emil,Krafth,Emil Krafth,73,53,59,69,70,74,67,2026-08-12 11:55:15
213471,Darijan,Bojanić,Darijan Bojanić,73,47,63,75,72,62,72,2026-08-12 11:55:15
197240,Nahir,Besara,Nahir Besara,73,56,73,74,71,44,71,2026-08-12 11:55:15
258914,Loreta,Kullashi,Loreta Kullashi,73,67,73,62,73,33,64,2026-08-12 11:55:15
74861,Cornelia,Kapocs,Cornelia Kapocs,73,69,72,68,74,22,62,2026-08-12 11:55:15
194201,Pontus,Jansson,Pontus Jansson,73,57,45,51,59,73,81,2026-08-12 11:55:15
266337,Victor,Eriksson,Victor Eriksson,73,69,36,51,57,72,81,2026-08-12 11:55:15
246434,John,Björkengren,John Björkengren,72,78,59,69,69,69,76,2026-08-12 11:55:15
243646,Benjamin,Nygren,Benjamin Nygren,72,71,73,71,72,60,71,2026-08-12 11:55:15
207554,Viktor,Claesson,Viktor Claesson,72,69,70,68,73,62,73,2026-08-12 11:55:15
213613,Simon,Gustafson,Simon Gustafson,72,60,70,73,71,65,76,2026-08-12 11:55:15
212678,Ludwig,Augustinsson,Ludwig Augustinsson,72,65,59,73,67,70,73,2026-08-12 11:55:15
255459,Alexander,Bernhardsson,Alexander Bernhardsson,72,81,70,64,74,48,69,2026-08-12 11:55:15
227278,Gustav,Berggren,Gustav Berggren,72,59,59,68,69,68,81,2026-08-12 11:55:15
192129,Kristoffer,Nordfeldt,Kristoffer Nordfeldt,72,70,69,72,70,50,71,2026-08-12 11:55:15
256370,Gustav,Ludwigson,Gustav Ludwigson,72,90,67,63,71,30,80,2026-08-12 11:55:15
259921,Victor,Edvardsen,Victor Edvardsen,72,85,71,66,70,28,77,2026-08-12 11:55:15
270919,Besfort,Zeneli,Besfort Zeneli,72,71,65,68,70,56,67,2026-08-12 11:55:15
263854,Joe,Mendes,Joe Mendes,72,85,40,63,75,65,67,2026-08-12 11:55:15
224389,Jordan,Larsson,Jordan Larsson,72,81,70,65,73,35,70,2026-08-12 11:55:15
239669,Jonathan,Levi,Jonathan Levi,72,79,71,68,69,37,64,2026-08-12 11:55:15
236706,Pontus,Almqvist,Pontus Almqvist,72,84,67,62,75,38,49,2026-08-12 11:55:15
267326,Freja Siri,Olofsson,Freja Siri Olofsson,72,44,52,69,69,69,70,2026-08-12 11:55:15
252316,Hjalmar,Ekdal,Hjalmar Ekdal,72,53,33,53,63,72,76,2026-08-12 11:55:15
74404,Rosa,Kafaji,Rosa Kafaji,72,71,74,55,72,19,52,2026-08-12 11:55:15
209063,Sebastian,Holmén,Sebastian Holmén,72,55,36,50,51,72,78,2026-08-12 11:55:15
78840,Klara,Svensson Senelius,Klara Svensson Senelius,72,63,35,51,48,73,70,2026-08-12 11:55:15
272712,Elliot,Stroud,Elliot Stroud,71,79,65,64,67,65,73,2026-08-12 11:55:15
238222,Felix,Beijmo,Felix Beijmo,71,85,52,62,67,64,79,2026-08-12 11:55:15
265696,Otto,Rosengren,Otto Rosengren,71,68,68,67,70,62,70,2026-08-12 11:55:15
236662,Pavle,Vagić,Pavle Vagić,71,70,54,63,68,69,78,2026-08-12 11:55:15
202905,Christoffer,Nyman,Christoffer Nyman,71,80,70,60,67,41,80,2026-08-12 11:55:15
275942,Anna,Sandberg,Anna Sandberg,71,75,57,69,65,69,62,2026-08-12 11:55:15
252960,Isak,Jansson,Isak Jansson,71,85,67,60,75,41,68,2026-08-12 11:55:15
261035,Zeidane,Inoussa,Zeidane Inoussa,71,84,67,65,73,36,66,2026-08-12 11:55:15
216750,Patrik,Carlgren,Patrik Carlgren,71,72,65,72,73,42,66,2026-08-12 11:55:15
256453,Amin,Sarr,Amin Sarr,71,85,70,60,72,32,66,2026-08-12 11:55:15
164484,Johan,Dahlin,Johan Dahlin,71,67,71,65,65,38,77,2026-08-12 11:55:15
247022,Jacob,Widell Zetterström,Jacob Widell Zetterström,71,75,70,59,74,38,67,2026-08-12 11:55:15
254148,Patrik,Wålemark,Patrik Wålemark,71,82,67,67,72,32,63,2026-08-12 11:55:15
209504,Branimir,Hrgota,Branimir Hrgota,71,70,73,65,74,25,67,2026-08-12 11:55:15
226583,Sotirios,Papagiannopoulos,Sotirios Papagiannopoulos,71,66,39,57,59,68,82,2026-08-12 11:55:15
221605,Alexander,Jeremejeff,Alexander Jeremejeff,71,67,71,61,63,29,68,2026-08-12 11:55:15
258517,Axel,Norén,Axel Norén,71,66,30,49,59,70,76,2026-08-12 11:55:15
209061,Simon,Hedlund,Simon Hedlund,70,88,60,65,70,61,72,2026-08-12 11:55:15
256874,Jamie,Roche,Jamie Roche,70,70,62,65,68,69,77,2026-08-12 11:55:15
213933,Linus,Wahlqvist Egnell,Linus Wahlqvist Egnell,70,86,51,62,64,63,80,2026-08-12 11:55:15
192102,Niklas,Hult,Niklas Hult,70,72,59,67,71,64,66,2026-08-12 11:55:15
261028,Herman,Johansson,Herman Johansson,70,83,54,60,64,63,75,2026-08-12 11:55:15
259287,Pernille,Harder,Pernille Harder,86,81,80,80,88,27,78,2026-08-12 11:55:15
244669,Morten,Hjulmand,Morten Hjulmand,83,70,76,78,77,80,84,2026-08-12 11:55:15
264980,Sofie,Svava,Sofie Svava,82,86,53,73,77,79,80,2026-08-12 11:55:15
213648,Pierre-Emile,Højbjerg,Pierre-Emile Højbjerg,82,49,73,78,74,78,80,2026-08-12 11:55:15
264946,Signe,Bruun,Signe Bruun,82,71,83,66,74,45,76,2026-08-12 11:55:15
241508,Mikkel,Damsgaard,Mikkel Damsgaard,80,68,73,82,81,66,67,2026-08-12 11:55:15
201269,Frederik,Rønnow,Frederik Rønnow,80,80,80,69,82,47,78,2026-08-12 11:55:15
210697,Christian,Nørgaard,Christian Nørgaard,80,49,65,74,71,79,79,2026-08-12 11:55:15
213661,Andreas,Christensen,Andreas Christensen,80,64,32,67,70,81,74,2026-08-12 11:55:15
163587,Kasper,Schmeichel,Kasper Schmeichel,79,78,77,81,79,42,79,2026-08-12 11:55:15
233301,Rasmus,Kristensen,Rasmus Kristensen,79,69,65,70,72,79,81,2026-08-12 11:55:15
73014,Cornelia,Kramer,Cornelia Kramer,79,81,80,58,76,48,73,2026-08-12 11:55:15
245235,Alexander,Bah,Alexander Bah,78,90,65,72,75,73,81,2026-08-12 11:55:15
232711,Jens,Stage,Jens Stage,78,63,73,74,77,75,79,2026-08-12 11:55:15
240734,Matt,O'Riley,Matt O'Riley,78,68,78,79,76,67,73,2026-08-12 11:55:15
234678,Joakim,Mæhle,Joakim Mæhle,78,75,57,71,75,74,76,2026-08-12 11:55:15
241522,Jonas,Wind,Jonas Wind,78,57,79,72,77,37,77,2026-08-12 11:55:15
270050,Mika,Biereth,Mika Biereth,78,75,78,63,72,31,76,2026-08-12 11:55:15
224221,Joachim,Andersen,Joachim Andersen,78,39,57,71,65,78,82,2026-08-12 11:55:15
258485,Filip,Jörgensen,Filip Jörgensen,77,77,76,72,78,45,77,2026-08-12 11:55:15
229723,Mathias,Jensen,Mathias Jensen,77,63,65,78,75,70,72,2026-08-12 11:55:15
240017,Andreas,Skov Olsen,Andreas Skov Olsen,77,83,78,73,78,39,69,2026-08-12 11:55:15
236918,Anders,Dreyer,Anders Dreyer,77,78,78,75,78,41,65,2026-08-12 11:55:15
228687,Kasper,Dolberg,Kasper Dolberg,77,73,80,66,73,30,70,2026-08-12 11:55:15
246158,Mads,Hermansen,Mads Hermansen,76,76,75,76,77,50,76,2026-08-12 11:55:15
242633,Morten,Frendrup,Morten Frendrup,76,78,60,66,76,74,74,2026-08-12 11:55:15
266941,Sofie Junge,Pedersen,Sofie Junge Pedersen,76,74,58,73,67,74,71,2026-08-12 11:55:15
234671,Jens,Odgaard,Jens Odgaard,76,73,77,72,74,43,75,2026-08-12 11:55:15
259399,Rasmus,Højlund,Rasmus Højlund,76,85,76,58,72,33,79,2026-08-12 11:55:15
248729,Gustav,Isaksen,Gustav Isaksen,76,88,72,67,78,40,48,2026-08-12 11:55:15
235244,Rasmus,Nicolaisen,Rasmus Nicolaisen,76,49,41,57,60,76,80,2026-08-12 11:55:15
193283,Thomas,Delaney,Thomas Delaney,75,64,64,69,68,75,78,2026-08-12 11:55:15
220714,Philip,Billing,Philip Billing,75,49,76,72,72,72,77,2026-08-12 11:55:15
273177,Olivia,Holdt,Olivia Holdt,75,74,73,68,73,57,68,2026-08-12 11:55:15
215443,Philip,Zinckernagel,Philip Zinckernagel,75,82,72,73,76,42,67,2026-08-12 11:55:15
259762,Victor,Kristiansen,Victor Kristiansen,75,68,59,67,73,72,73,2026-08-12 11:55:15
231237,Peter,Vindahl,Peter Vindahl,75,77,70,77,78,36,70,2026-08-12 11:55:15
245741,Jesper,Lindstrøm,Jesper Lindstrøm,75,82,69,72,76,43,60,2026-08-12 11:55:15
273099,Amalie,Vangsgaard,Amalie Vangsgaard,75,73,75,67,69,48,66,2026-08-12 11:55:15
235658,Victor,Nelsson,Victor Nelsson,75,61,43,60,66,75,77,2026-08-12 11:55:15
215449,Robert,Skov,Robert Skov,74,75,77,77,75,67,69,2026-08-12 11:55:15
277432,Patrick,Dorgu,Patrick Dorgu,74,86,59,69,74,69,73,2026-08-12 11:55:15
277173,Sarah,Jankovska,Sarah Jankovska,74,69,64,71,74,70,78,2026-08-12 11:55:15
256949,Albert,Grønbæk,Albert Grønbæk,74,75,68,72,77,62,69,2026-08-12 11:55:15
227503,Jacob Bruun,Larsen,Jacob Bruun Larsen,74,78,72,70,74,55,67,2026-08-12 11:55:15
257167,Mathias,Kvistgaarden,Mathias Kvistgaarden,74,87,72,62,76,48,70,2026-08-12 11:55:15
207791,Yussuf,Poulsen,Yussuf Poulsen,74,65,70,67,73,56,80,2026-08-12 11:55:15
271347,Katrine,Veje,Katrine Veje,74,66,45,73,68,75,72,2026-08-12 11:55:15
273010,Kathrine Møller,Kühl,Kathrine Møller Kühl,74,66,59,66,74,65,68,2026-08-12 11:55:15
257920,Casper,Tengstedt,Casper Tengstedt,74,81,74,63,70,36,68,2026-08-12 11:55:15
277689,Conrad,Harder,Conrad Harder,74,75,76,66,71,28,76,2026-08-12 11:55:15
215247,Marcus,Ingvartsen,Marcus Ingvartsen,74,62,77,67,73,38,74,2026-08-12 11:55:15
256800,Jakob,Breum,Jakob Breum,74,70,72,72,76,38,63,2026-08-12 11:55:15
221024,Asger,Sørensen,Asger Sørensen,74,57,45,61,61,75,76,2026-08-12 11:55:15
202849,Jannik,Vestergaard,Jannik Vestergaard,74,32,48,61,54,73,79,2026-08-12 11:55:15
212045,Casper,Højer,Casper Højer,73,74,69,76,70,67,73,2026-08-12 11:55:15
257972,Oliver,Sørensen,Oliver Sørensen,73,73,68,69,71,68,80,2026-08-12 11:55:15
276771,Malou,Marcetto,Malou Marcetto,73,71,69,71,72,69,70,2026-08-12 11:55:15
246402,Mads,Bidstrup,Mads Bidstrup,73,70,58,70,72,72,76,2026-08-12 11:55:15
240040,Carlo,Holse,Carlo Holse,73,80,66,71,76,56,67,2026-08-12 11:55:15
204152,Jens,Jønsson,Jens Jønsson,73,73,56,65,70,73,77,2026-08-12 11:55:15
265195,Elias,Jelert,Elias Jelert,73,84,57,68,72,67,63,2026-08-12 11:55:15
212170,Mikkel,Desler,Mikkel Desler,73,71,60,68,70,68,69,2026-08-12 11:55:15
251356,Nicolai,Vallys,Nicolai Vallys,73,78,67,70,74,35,72,2026-08-12 11:55:15
276284,Frederikke,Thøgersen,Frederikke Thøgersen,73,70,50,68,65,71,68,2026-08-12 11:55:15
238157,Mads,Roerslev,Mads Roerslev,73,68,45,69,70,70,69,2026-08-12 11:55:15
246459,Mohamed,Daramy,Mohamed Daramy,73,84,66,65,77,28,69,2026-08-12 11:55:15
265012,Karen,Holmgaard,Karen Holmgaard,73,52,55,67,64,74,74,2026-08-12 11:55:15
224067,Jeppe,Tverskov,Jeppe Tverskov,73,49,52,65,68,71,78,2026-08-12 11:55:15
234472,Mads Bech,Sørensen,Mads Bech Sørensen,73,54,44,57,61,73,79,2026-08-12 11:55:15
260876,Maurits,Kjaergaard,Maurits Kjaergaard,72,75,70,72,72,63,77,2026-08-12 11:55:15
274952,Oscar,Højlund,Oscar Højlund,72,78,64,68,73,71,69,2026-08-12 11:55:15
199792,Anders,Christiansen,Anders Christiansen,72,68,71,70,74,65,71,2026-08-12 11:55:15
193133,Jens Stryger,Larsen,Jens Stryger Larsen,72,73,60,66,67,68,79,2026-08-12 11:55:15
235636,Mads Emil,Madsen,Mads Emil Madsen,72,62,62,69,72,68,80,2026-08-12 11:55:15
269153,Anton,Gaaei,Anton Gaaei,72,81,64,63,66,64,74,2026-08-12 11:55:15
238132,Nicklas,Røjkjær,Nicklas Røjkjær,72,70,68,68,70,63,70,2026-08-12 11:55:15
217605,Lukas,Lerager,Lukas Lerager,72,63,65,64,64,70,81,2026-08-12 11:55:15
201303,Rasmus,Falk,Rasmus Falk,72,71,54,69,77,65,65,2026-08-12 11:55:15
229640,Mads,Pedersen,Mads Pedersen,72,77,52,65,73,68,66,2026-08-12 11:55:15
228757,Marcus,Mathisen,Marcus Mathisen,72,58,55,60,62,71,82,2026-08-12 11:55:15
213815,Mikael,Uhre,Mikael Uhre,72,84,69,52,68,37,77,2026-08-12 11:55:15
243876,Mads,Frøkjær,Mads Frøkjær,72,62,66,70,74,48,64,2026-08-12 11:55:15
256778,Alexander,Lind,Alexander Lind,72,77,70,56,69,35,75,2026-08-12 11:55:15
234827,Jacob,Rasmussen,Jacob Rasmussen,72,53,39,61,63,72,80,2026-08-12 11:55:15
191083,Patrick,Mortensen,Patrick Mortensen,72,48,73,57,66,28,78,2026-08-12 11:55:15
231828,Frederik,Tingager,Frederik Tingager,72,50,38,51,53,70,83,2026-08-12 11:55:15
261573,Thomas,Kristensen,Thomas Kristensen,72,62,26,50,58,73,76,2026-08-12 11:55:15
172522,Daniel,Wass,Daniel Wass,71,62,69,73,72,68,73,2026-08-12 11:55:15
279015,Victor,Froholdt,Victor Froholdt,71,75,63,67,72,67,68,2026-08-12 11:55:15
210715,Andreas,Hansen,Andreas Hansen,71,70,71,77,72,47,71,2026-08-12 11:55:15
234488,Mikkel,Rygaard,Mikkel Rygaard,71,62,69,73,72,61,70,2026-08-12 11:55:15
243223,Nicolas,Madsen,Nicolas Madsen,71,58,68,73,71,66,70,2026-08-12 11:55:15
260842,Lukas,Engel,Lukas Engel,71,81,58,64,70,64,69,2026-08-12 11:55:15
240974,Magnus,Mattsson,Magnus Mattsson,71,70,69,68,74,56,68,2026-08-12 11:55:15
236758,Oliver,Christensen,Oliver Christensen,71,72,69,69,74,44,69,2026-08-12 11:55:15
172553,Jonas,Lössl,Jonas Lössl,71,71,73,68,70,35,72,2026-08-12 11:55:15
210646,André,Rømer,André Rømer,71,57,56,65,66,68,76,2026-08-12 11:55:15
256127,William,Bøving,William Bøving,71,81,69,66,73,32,63,2026-08-12 11:55:15
265024,Sara,Holmgaard,Sara Holmgaard,71,55,51,71,67,71,67,2026-08-12 11:55:15
267201,Jess,Fishlock,Jess Fishlock,81,73,77,79,82,73,71,2026-08-12 11:55:15
265271,Hayley,Ladd,Hayley Ladd,80,53,57,72,70,78,78,2026-08-12 11:55:15
251421,Brennan,Johnson,Brennan Johnson,79,86,76,72,78,43,59,2026-08-12 11:55:15
243057,Neco,Williams,Neco Williams,78,72,49,71,74,77,69,2026-08-12 11:55:15
266922,Ceri,Holland,Ceri Holland,76,78,71,73,76,67,70,2026-08-12 11:55:15
232104,Daniel,James,Daniel James,76,94,71,68,76,50,68,2026-08-12 11:55:15
220710,Harry,Wilson,Harry Wilson,76,75,78,75,76,46,56,2026-08-12 11:55:15
235735,Ethan,Ampadu,Ethan Ampadu,76,67,51,64,70,76,78,2026-08-12 11:55:15
229266,Joe,Rodon,Joe Rodon,76,76,32,51,60,76,79,2026-08-12 11:55:15
225147,Connor,Roberts,Connor Roberts,75,76,61,71,72,71,75,2026-08-12 11:55:15
205923,Ben,Davies,Ben Davies,75,53,58,71,71,77,68,2026-08-12 11:55:15
220196,David,Brooks,David Brooks,75,70,69,74,77,48,58,2026-08-12 11:55:15
265352,Lily,Woodham,Lily Woodham,74,76,53,65,66,73,69,2026-08-12 11:55:15
265350,Gemma,Evans,Gemma Evans,74,36,47,60,63,77,75,2026-08-12 11:55:15
232545,Nathan,Broadhead,Nathan Broadhead,73,76,72,68,74,37,67,2026-08-12 11:55:15
275454,Ffion,Morgan,Ffion Morgan,73,76,70,69,74,24,57,2026-08-12 11:55:15
233201,Chris,Mepham,Chris Mepham,73,47,37,55,61,74,72,2026-08-12 11:55:15
212484,Wes,Burns,Wes Burns,72,89,67,63,73,60,71,2026-08-12 11:55:15
193331,Karl,Darlow,Karl Darlow,72,73,70,66,75,58,72,2026-08-12 11:55:15
216627,Kieffer,Moore,Kieffer Moore,72,61,69,56,65,46,79,2026-08-12 11:55:15
260478,Sorba,Thomas,Sorba Thomas,71,87,59,67,70,48,70,2026-08-12 11:55:15
267293,Angharad,James-Turner,Angharad James-Turner,71,53,63,73,69,70,68,2026-08-12 11:55:15
248687,Ben,Cabango,Ben Cabango,71,61,28,47,52,71,76,2026-08-12 11:55:15
264299,Owen,Beck,Owen Beck,70,71,51,67,72,64,68,2026-08-12 11:55:15
207998,Danny,Ward,Danny Ward,70,71,69,68,69,46,68,2026-08-12 11:55:15
233941,Liam,Cullen,Liam Cullen,70,76,71,64,70,31,66,2026-08-12 11:55:15
218343,Ryan,Hedges,Ryan Hedges,70,79,64,64,71,39,58,2026-08-12 11:55:15
214906,Andrew,Hughes,Andrew Hughes,70,59,42,62,60,70,78,2026-08-12 11:55:15
265224,Hannah,Cain,Hannah Cain,70,71,65,65,71,36,57,2026-08-12 11:55:15
265514,Jordan,James,Jordan James,69,62,66,66,68,62,68,2026-08-12 11:55:15
232755,Jay,Dasilva,Jay Dasilva,69,82,42,65,72,62,58,2026-08-12 11:55:15
243392,Rabbi,Matondo,Rabbi Matondo,69,91,65,62,72,38,51,2026-08-12 11:55:15
70994,Lewis,Koumas,Lewis Koumas,69,78,63,62,70,26,61,2026-08-12 11:55:15
212366,Josh,Sheehan,Josh Sheehan,68,79,57,69,71,62,64,2026-08-12 11:55:15
237833,Mark,Harris,Mark Harris,68,84,66,61,69,47,69,2026-08-12 11:55:15
225509,Aaron,Collins,Aaron Collins,68,80,67,64,69,35,73,2026-08-12 11:55:15
248688,Oliver,Cooper,Oliver Cooper,68,70,61,65,71,58,61,2026-08-12 11:55:15
251521,Niall,Huggins,Niall Huggins,68,83,52,58,70,63,60,2026-08-12 11:55:15
208769,Will,Vaulks,Will Vaulks,68,51,62,65,62,66,75,2026-08-12 11:55:15
275451,Olivia,Clark,Olivia Clark,68,67,68,65,66,45,66,2026-08-12 11:55:15
200715,Adam,Davies,Adam Davies,68,69,65,65,69,40,67,2026-08-12 11:55:15
225557,Regan,Poole,Regan Poole,68,68,41,55,60,68,76,2026-08-12 11:55:15
240773,Rhys,Norrington-Davies,Rhys Norrington-Davies,68,68,44,61,64,65,66,2026-08-12 11:55:15
208806,Morgan,Fox,Morgan Fox,68,58,42,56,61,69,71,2026-08-12 11:55:15
213105,Lee,Evans,Lee Evans,67,51,64,69,64,65,76,2026-08-12 11:55:15
265789,Charlie,Savage,Charlie Savage,67,56,64,66,63,63,72,2026-08-12 11:55:15
243349,Dylan,Levitt,Dylan Levitt,67,63,63,69,67,59,60,2026-08-12 11:55:15
257437,Rubin,Colwill,Rubin Colwill,67,66,63,63,68,45,67,2026-08-12 11:55:15
186127,Ched,Evans,Ched Evans,67,48,68,59,66,39,78,2026-08-12 11:55:15
257438,Isaak,Davies,Isaak Davies,67,82,66,54,68,24,57,2026-08-12 11:55:15
198437,Tom,Bradshaw,Tom Bradshaw,67,69,67,50,66,30,66,2026-08-12 11:55:15
273020,Joe,Low,Joe Low,67,52,29,44,49,66,75,2026-08-12 11:55:15
228815,Tyler,Roberts,Tyler Roberts,66,70,64,62,70,38,67,2026-08-12 11:55:15
269691,Joe,Taylor,Joe Taylor,66,85,66,51,66,35,67,2026-08-12 11:55:15
269329,Will,Evans,Will Evans,65,76,62,58,61,51,76,2026-08-12 11:55:15
222583,Tom,James,Tom James,65,64,59,63,61,60,74,2026-08-12 11:55:15
203428,Elliott,Hewitt,Elliott Hewitt,65,71,48,55,58,61,74,2026-08-12 11:55:15
189776,Marley,Watkins,Marley Watkins,65,73,62,60,66,28,72,2026-08-12 11:55:15
270937,Luke,Harris,Luke Harris,65,66,63,63,68,43,58,2026-08-12 11:55:15
214682,Joe,Wright,Joe Wright,65,36,35,50,53,64,76,2026-08-12 11:55:15
233050,Matt,Smith,Matt Smith,64,70,56,63,68,59,67,2026-08-12 11:55:15
262879,Dominic,Jefferies,Dominic Jefferies,64,73,55,60,64,59,70,2026-08-12 11:55:15
206562,Louis,Thompson,Louis Thompson,64,69,52,61,64,62,68,2026-08-12 11:55:15
211204,Declan,John,Declan John,64,80,52,60,65,57,61,2026-08-12 11:55:15
245531,Ryan,Stirk,Ryan Stirk,64,71,50,58,60,60,72,2026-08-12 11:55:15
200440,Billy,Bodin,Billy Bodin,64,69,63,63,66,46,60,2026-08-12 11:55:15
263906,Zac,Ashworth,Zac Ashworth,64,69,52,57,61,60,65,2026-08-12 11:55:15
225650,Tom,King,Tom King,64,64,63,61,64,42,63,2026-08-12 11:55:15
190179,David,Cornell,David Cornell,64,65,62,60,66,32,60,2026-08-12 11:55:15
250994,Joe,Lewis,Joe Lewis,64,61,39,44,51,63,77,2026-08-12 11:55:15
179746,Sam,Vokes,Sam Vokes,64,33,64,57,56,42,81,2026-08-12 11:55:15
173734,James,Wilson,James Wilson,64,49,38,49,48,63,76,2026-08-12 11:55:15
263901,Ed,Turns,Ed Turns,64,58,31,45,52,63,72,2026-08-12 11:55:15
233793,Aaron,Lewis,Aaron Lewis,63,65,57,61,66,59,71,2026-08-12 11:55:15
251592,Terry,Taylor,Terry Taylor,63,57,57,64,62,62,68,2026-08-12 11:55:15
223940,Macauley,Southam-Hales,Macauley Southam-Hales,63,88,45,57,64,56,55,2026-08-12 11:55:15
254113,Chem,Campbell,Chem Campbell,63,67,62,61,64,45,61,2026-08-12 11:55:15
265658,Eli,King,Eli King,63,59,53,60,61,59,66,2026-08-12 11:55:15
236248,Ben,Woodburn,Ben Woodburn,63,71,61,61,67,41,53,2026-08-12 11:55:15
259766,Fin,Stevens,Fin Stevens,63,62,44,60,63,59,62,2026-08-12 11:55:15
258606,Luca,Hoole,Luca Hoole,63,72,32,55,59,58,68,2026-08-12 11:55:15
70026,Cian,Ashford,Cian Ashford,63,76,61,54,65,26,58,2026-08-12 11:55:15
246950,Ryan,Astley,Ryan Astley,63,50,34,51,49,64,63,2026-08-12 11:55:15
222714,Connor,Evans,Connor Evans,62,74,60,60,64,56,62,2026-08-12 11:55:15
229123,Ryan,Broom,Ryan Broom,62,82,56,59,62,54,63,2026-08-12 11:55:15
203287,Ellis,Harrison,Ellis Harrison,62,79,60,54,61,43,77,2026-08-12 11:55:15
268306,Cameron,Congreve,Cameron Congreve,62,75,56,61,63,48,53,2026-08-12 11:55:15
277584,Joel,Colwill,Joel Colwill,62,71,55,59,65,51,54,2026-08-12 11:55:15
273838,Safia,Middleton-Patel,Safia Middleton-Patel,62,62,60,59,61,49,60,2026-08-12 11:55:15
259186,Scott,Smith,Scott Smith,62,60,51,58,61,58,62,2026-08-12 11:55:15
224017,MJ,Williams,MJ Williams,62,50,45,57,55,61,71,2026-08-12 11:55:15
71814,Charlie,Crew,Charlie Crew,62,64,33,55,61,57,65,2026-08-12 11:55:15
79342,Callum,Osmand,Callum Osmand,62,76,62,42,59,23,54,2026-08-12 11:55:15
266328,James,Connolly,James Connolly,62,57,28,47,51,61,70,2026-08-12 11:55:15
237316,Brandon,Cooper,Brandon Cooper,62,54,34,45,45,62,69,2026-08-12 11:55:15
271235,Owen,Bevan,Owen Bevan,62,60,33,43,47,62,63,2026-08-12 11:55:15
271876,Matt,Baker,Matt Baker,62,63,26,42,39,62,71,2026-08-12 11:55:15
234497,Harry,Clifton,Harry Clifton,61,72,56,57,62,55,73,2026-08-12 11:55:15
268894,Tom,Sparrow,Tom Sparrow,61,68,59,56,61,53,65,2026-08-12 11:55:15
258969,Callum,Jones,Callum Jones,61,63,54,59,63,57,62,2026-08-12 11:55:15
239053,Federico,Valverde,Federico Valverde,89,88,84,84,84,83,85,2026-08-12 11:55:15
223959,Lucas,Torreira,Lucas Torreira,83,76,72,78,81,81,79,2026-08-12 11:55:15
253163,Ronald,Araujo,Ronald Araujo,83,80,53,63,61,81,83,2026-08-12 11:55:15
216460,José María,Giménez,José María Giménez,83,73,46,60,62,85,82,2026-08-12 11:55:15
232665,Mauro,Arambarri,Mauro Arambarri,80,65,79,76,77,79,79,2026-08-12 11:55:15
227535,Rodrigo,Bentancur,Rodrigo Bentancur,80,64,68,78,79,78,72,2026-08-12 11:55:15
251377,Rodrigo,Zalazar,Rodrigo Zalazar,79,80,81,79,78,67,74,2026-08-12 11:55:15
253072,Darwin,Núñez,Darwin Núñez,79,88,79,72,76,49,82,2026-08-12 11:55:15
253306,Manuel,Ugarte,Manuel Ugarte,79,62,65,72,76,77,75,2026-08-12 11:55:15
182494,Fernando,Muslera,Fernando Muslera,79,81,80,66,77,43,78,2026-08-12 11:55:15
176580,Luis,Suárez,Luis Suárez,79,53,82,74,76,41,75,2026-08-12 11:55:15
197655,Sebastián,Coates,Sebastián Coates,79,60,49,54,61,81,84,2026-08-12 11:55:15
252935,Leonardo,Fernández,Leonardo Fernández,78,78,81,78,77,44,64,2026-08-12 11:55:15
240716,Mathías,Olivera,Mathías Olivera,78,70,51,69,72,77,73,2026-08-12 11:55:15
254817,Maximiliano,Araújo,Maximiliano Araújo,77,85,63,70,79,68,68,2026-08-12 11:55:15
219985,Matías,Vecino,Matías Vecino,77,53,73,75,76,79,75,2026-08-12 11:55:15
186537,Cristhian,Stuani,Cristhian Stuani,77,61,79,69,70,48,76,2026-08-12 11:55:15
230965,Nahitan,Nández,Nahitan Nández,76,81,61,74,78,71,81,2026-08-12 11:55:15
223816,Jonathan,Rodríguez,Jonathan Rodríguez,76,85,76,67,77,38,75,2026-08-12 11:55:15
240663,Miguel Ángel,Merentiel,Miguel Ángel Merentiel,76,80,75,56,73,37,79,2026-08-12 11:55:15
179813,Edinson,Cavani,Edinson Cavani,76,52,79,68,71,51,71,2026-08-12 11:55:15
207715,Nicolas,López,Nicolas López,76,71,81,75,79,25,57,2026-08-12 11:55:15
237658,Santiago,Bueno,Santiago Bueno,76,50,31,56,56,77,77,2026-08-12 11:55:15
255878,Gastón,Martirena,Gastón Martirena,75,84,72,69,69,71,65,2026-08-12 11:55:15
253287,Gabriel,Neves,Gabriel Neves,75,70,64,74,73,72,65,2026-08-12 11:55:15
205119,Sebastián,Rodríguez,Sebastián Rodríguez,75,63,67,75,73,68,68,2026-08-12 11:55:15
270141,Franco,Israel,Franco Israel,75,79,71,71,80,31,74,2026-08-12 11:55:15
261015,Tiago,Palacios,Tiago Palacios,75,85,70,70,76,46,57,2026-08-12 11:55:15
241907,Diego,Rossi,Diego Rossi,75,88,72,71,78,34,56,2026-08-12 11:55:15
215292,Martín,Cauteruccio,Martín Cauteruccio,75,64,77,63,70,38,71,2026-08-12 11:55:15
266797,Gastón,Álvarez,Gastón Álvarez,75,76,27,59,65,76,77,2026-08-12 11:55:15
192816,Leandro,Cabrera,Leandro Cabrera,75,49,45,58,54,76,79,2026-08-12 11:55:15
247131,Alfonso,Espino,Alfonso Espino,74,84,60,67,68,69,81,2026-08-12 11:55:15
266844,Leandro,Lozano,Leandro Lozano,74,84,58,68,69,68,75,2026-08-12 11:55:15
225647,Martín,Campaña,Martín Campaña,74,71,72,72,74,45,74,2026-08-12 11:55:15
254601,Gastón,Olveira,Gastón Olveira,74,72,77,65,75,19,70,2026-08-12 11:55:15
264325,Martín,Satriano,Martín Satriano,74,63,74,62,72,34,69,2026-08-12 11:55:15
276493,Santiago,Mouriño,Santiago Mouriño,74,67,36,56,64,73,77,2026-08-12 11:55:15
205726,Gastón,Brugman,Gastón Brugman,73,70,68,73,73,69,72,2026-08-12 11:55:15
275587,Esperanza,Pizarro,Esperanza Pizarro,73,69,74,74,72,60,69,2026-08-12 11:55:15
241004,Felipe,Carballo,Felipe Carballo,73,69,68,70,72,66,72,2026-08-12 11:55:15
273850,Sebastián,Boselli,Sebastián Boselli,73,79,52,65,67,71,83,2026-08-12 11:55:15
265766,Luciano,Boggio,Luciano Boggio,73,72,67,73,71,62,70,2026-08-12 11:55:15
259872,Ignacio,De Arruabarrena,Ignacio De Arruabarrena,73,71,72,72,74,37,73,2026-08-12 11:55:15
266171,Juan,Pintado,Juan Pintado,73,88,44,64,72,67,61,2026-08-12 11:55:15
244948,Carlos,Protesoni,Carlos Protesoni,73,65,49,66,69,73,71,2026-08-12 11:55:15
253283,Facundo,Pellistri,Facundo Pellistri,73,82,64,66,75,38,63,2026-08-12 11:55:15
248207,Facundo,Mallo,Facundo Mallo,73,60,31,44,48,73,79,2026-08-12 11:55:15
240976,Marcelo,Saracchi,Marcelo Saracchi,72,79,63,69,73,65,70,2026-08-12 11:55:15
254048,Facundo,Waller,Facundo Waller,72,76,68,71,72,67,63,2026-08-12 11:55:15
224317,Javier,Cabrera,Javier Cabrera,72,77,66,69,72,53,70,2026-08-12 11:55:15
247076,Christian,Oliva,Christian Oliva,72,61,62,67,67,70,73,2026-08-12 11:55:15
246817,Javier,Méndez,Javier Méndez,72,65,58,60,62,72,80,2026-08-12 11:55:15
234970,David,Terans,David Terans,72,81,71,69,72,31,60,2026-08-12 11:55:15
258846,Agustín,Álvarez,Agustín Álvarez,72,70,73,62,69,36,71,2026-08-12 11:55:15
253385,Federico,Viñas,Federico Viñas,72,73,72,56,70,25,76,2026-08-12 11:55:15
267406,Maximiliano,Silvera,Maximiliano Silvera,72,69,73,57,71,27,71,2026-08-12 11:55:15
223685,Octavio,Rivero,Octavio Rivero,72,62,72,56,68,29,73,2026-08-12 11:55:15
275371,Alan,Saldivia,Alan Saldivia,72,72,25,47,57,70,78,2026-08-12 11:55:15
264820,Facundo,Batista,Facundo Batista,72,65,74,56,66,23,60,2026-08-12 11:55:15
253809,Emanuel,Gularte,Emanuel Gularte,72,54,29,40,50,71,80,2026-08-12 11:55:15
253304,Nicolás,Fernández,Nicolás Fernández,71,80,62,70,73,64,80,2026-08-12 11:55:15
70334,Jeremía,Recoba,Jeremía Recoba,71,77,69,70,72,59,73,2026-08-12 11:55:15
255876,Alfonso,Trezza,Alfonso Trezza,71,88,70,61,72,50,68,2026-08-12 11:55:15
242335,Camilo,Cándido,Camilo Cándido,71,86,58,66,70,65,53,2026-08-12 11:55:15
220084,César,Falletti,César Falletti,71,90,66,69,75,33,64,2026-08-12 11:55:15
236382,Maximiliano,Olivera,Maximiliano Olivera,71,58,57,67,65,71,70,2026-08-12 11:55:15
253271,Thiago,Cardozo,Thiago Cardozo,71,70,66,67,73,42,70,2026-08-12 11:55:15
253294,Armando,Méndez,Armando Méndez,71,80,37,52,60,66,87,2026-08-12 11:55:15
254653,Matías,Arezo,Matías Arezo,71,68,74,61,71,42,64,2026-08-12 11:55:15
227154,Sebastián,Britos,Sebastián Britos,71,71,70,63,70,24,77,2026-08-12 11:55:15
253276,Rodrigo,Abascal,Rodrigo Abascal,71,63,44,55,58,71,78,2026-08-12 11:55:15
274046,Lucas,Ferreira,Lucas Ferreira,71,60,51,54,55,71,78,2026-08-12 11:55:15
253278,Enzo,Martínez,Enzo Martínez,71,69,41,53,56,73,73,2026-08-12 11:55:15
235684,Yonatthan,Rak,Yonatthan Rak,71,66,39,54,53,73,71,2026-08-12 11:55:15
220156,Adrián,Balboa,Adrián Balboa,71,57,73,52,64,28,78,2026-08-12 11:55:15
262284,Vicente,Poggi,Vicente Poggi,70,74,55,67,72,64,77,2026-08-12 11:55:15
253293,Brian,Ocampo,Brian Ocampo,70,82,66,68,70,47,67,2026-08-12 11:55:15
220702,Gastón,Silva,Gastón Silva,70,62,55,66,66,69,77,2026-08-12 11:55:15
253275,Jesús,Trindade,Jesús Trindade,70,73,47,67,65,67,76,2026-08-12 11:55:15
230964,Michael,Santos,Michael Santos,70,76,69,63,72,41,69,2026-08-12 11:55:15
263437,Ignacio,Sosa,Ignacio Sosa,70,69,53,63,71,59,71,2026-08-12 11:55:15
253296,Mathías,Laborda,Mathías Laborda,70,77,47,57,62,69,73,2026-08-12 11:55:15
201895,Diego,Fagúndez,Diego Fagúndez,70,76,63,67,74,39,61,2026-08-12 11:55:15
273707,Lucas,Hernández,Lucas Hernández,70,55,52,68,66,70,68,2026-08-12 11:55:15
204691,Mauricio,Pereyra,Mauricio Pereyra,70,59,63,74,70,55,57,2026-08-12 11:55:15
270854,Pedro,Milans,Pedro Milans,70,69,47,62,65,66,66,2026-08-12 11:55:15
251831,Diego,García,Diego García,70,76,57,70,73,49,46,2026-08-12 11:55:15
266648,Gonzalo,Carneiro,Gonzalo Carneiro,70,69,70,61,69,26,71,2026-08-12 11:55:15
205972,Rubén,Bentancourt,Rubén Bentancourt,70,75,72,54,63,33,68,2026-08-12 11:55:15
260738,Alejo,Cruz,Alejo Cruz,70,76,62,66,72,36,51,2026-08-12 11:55:15
275046,Bruno,Damiani,Bruno Damiani,70,66,70,56,65,32,74,2026-08-12 11:55:15
255873,Gonzalo,Pérez,Gonzalo Pérez,70,65,38,57,51,72,71,2026-08-12 11:55:15
259298,Maximiliano,Falcón,Maximiliano Falcón,70,75,42,34,39,67,86,2026-08-12 11:55:15
252074,Agustín,Rogel,Agustín Rogel,70,53,33,48,54,70,74,2026-08-12 11:55:15
255879,Martín,Fernández,Martín Fernández,69,68,63,65,69,65,69,2026-08-12 11:55:15
203843,Damián,Suárez,Damián Suárez,69,64,65,65,64,68,69,2026-08-12 11:55:15
245247,Fabricio,Domínguez,Fabricio Domínguez,69,83,54,62,70,58,66,2026-08-12 11:55:15
274122,Martín,Barrios,Martín Barrios,69,61,63,68,67,63,66,2026-08-12 11:55:15
202558,Pablo,Ceppelini,Pablo Ceppelini,69,66,67,76,68,46,60,2026-08-12 11:55:15
232293,Victor,Osimhen,Victor Osimhen,87,92,84,65,81,42,84,2026-08-12 11:55:15
246641,Chiamaka,Nnadozie,Chiamaka Nnadozie,85,87,80,80,88,63,84,2026-08-12 11:55:15
230899,Ademola,Lookman,Ademola Lookman,84,86,84,73,88,32,67,2026-08-12 11:55:15
247679,Victor,Boniface,Victor Boniface,81,67,83,66,80,38,79,2026-08-12 11:55:15
272217,Gift,Monday,Gift Monday,80,88,75,70,80,61,77,2026-08-12 11:55:15
224656,Ola,Aina,Ola Aina,80,88,63,71,75,78,75,2026-08-12 11:55:15
213655,Alex,Iwobi,Alex Iwobi,80,76,74,77,81,56,73,2026-08-12 11:55:15
277452,Edna,Imade,Edna Imade,80,76,81,64,74,45,80,2026-08-12 11:55:15
246172,Samuel,Chukwueze,Samuel Chukwueze,80,88,74,74,83,36,57,2026-08-12 11:55:15
264089,Rinsola,Babajide,Rinsola Babajide,79,89,77,73,78,50,78,2026-08-12 11:55:15
258911,Toluwalase,Arokodare,Toluwalase Arokodare,79,75,80,57,70,31,81,2026-08-12 11:55:15
272051,Toni,Payne,Toni Payne,78,88,72,73,76,72,80,2026-08-12 11:55:15
241436,Calvin,Bassey,Calvin Bassey,78,81,44,63,68,77,87,2026-08-12 11:55:15
237328,Nathan,Tella,Nathan Tella,78,83,75,71,80,46,60,2026-08-12 11:55:15
238050,Chidera,Ejuke,Chidera Ejuke,78,90,69,71,82,37,63,2026-08-12 11:55:15
262880,Raphael,Onyedika,Raphael Onyedika,77,73,64,66,72,74,82,2026-08-12 11:55:15
216820,Moses,Simon,Moses Simon,77,89,71,70,82,36,62,2026-08-12 11:55:15
231627,Umar,Sadiq,Umar Sadiq,77,82,76,62,71,30,76,2026-08-12 11:55:15
227884,Bright,Osayi-Samuel,Bright Osayi-Samuel,76,93,58,63,79,69,80,2026-08-12 11:55:15
73374,Chrisantus,Uche,Chrisantus Uche,76,68,73,69,73,68,83,2026-08-12 11:55:15
226790,Wilfred,Ndidi,Wilfred Ndidi,76,64,65,72,72,74,80,2026-08-12 11:55:15
243350,Felix,Agu,Felix Agu,75,91,56,64,75,71,65,2026-08-12 11:55:15
275916,Jennifer,Echegini,Jennifer Echegini,75,74,69,67,78,62,71,2026-08-12 11:55:15
236947,Jordan,Torunarigha,Jordan Torunarigha,75,82,39,61,63,73,81,2026-08-12 11:55:15
242635,Igoh,Ogbu,Igoh Ogbu,75,76,39,55,60,73,82,2026-08-12 11:55:15
230978,Taiwo,Awoniyi,Taiwo Awoniyi,75,71,75,60,69,32,77,2026-08-12 11:55:15
273128,Rafiu,Durosinmi,Rafiu Durosinmi,75,76,72,61,72,27,76,2026-08-12 11:55:15
255000,Terem,Moffi,Terem Moffi,75,82,75,54,71,26,73,2026-08-12 11:55:15
239529,Frank,Onyeka,Frank Onyeka,74,74,64,69,74,72,78,2026-08-12 11:55:15
241771,Anthony,Nwakaeme,Anthony Nwakaeme,74,72,74,72,77,39,77,2026-08-12 11:55:15
246633,Halimatu,Ayinde,Halimatu Ayinde,74,69,62,62,69,73,71,2026-08-12 11:55:15
211856,Kevin,Akpoguma,Kevin Akpoguma,74,76,48,59,70,75,74,2026-08-12 11:55:15
257288,Maduka,Okoye,Maduka Okoye,74,73,72,68,78,24,74,2026-08-12 11:55:15
212382,Paul,Onuachu,Paul Onuachu,74,60,74,59,64,44,79,2026-08-12 11:55:15
233732,David,Okereke,David Okereke,74,83,71,58,75,26,65,2026-08-12 11:55:15
273564,Gift,Orban,Gift Orban,74,76,79,62,73,18,62,2026-08-12 11:55:15
258890,Fisayo,Dele-Bashiru,Fisayo Dele-Bashiru,73,85,72,65,76,66,76,2026-08-12 11:55:15
258881,Obinna,Nwobodo,Obinna Nwobodo,73,82,61,64,70,75,74,2026-08-12 11:55:15
231044,Joe,Aribo,Joe Aribo,73,70,65,71,75,66,74,2026-08-12 11:55:15
225669,Kingsley,Ehizibue,Kingsley Ehizibue,73,88,57,65,69,66,74,2026-08-12 11:55:15
266395,Philip,Otele,Philip Otele,73,92,74,62,79,27,72,2026-08-12 11:55:15
266256,Akor Jerome,Adams,Akor Jerome Adams,73,77,72,56,70,29,75,2026-08-12 11:55:15
252487,Victor,Olatunji,Victor Olatunji,73,77,70,57,67,24,81,2026-08-12 11:55:15
222262,Cyriel,Dessers,Cyriel Dessers,73,72,74,55,67,28,75,2026-08-12 11:55:15
231185,Gabriel,Osho,Gabriel Osho,73,67,30,54,65,73,75,2026-08-12 11:55:15
244895,Alhassan,Yusuf,Alhassan Yusuf,72,76,59,67,73,67,76,2026-08-12 11:55:15
272332,Rofiat,Imuran,Rofiat Imuran,72,76,58,65,72,68,67,2026-08-12 11:55:15
271461,Bruno,Onyemaechi,Bruno Onyemaechi,72,80,47,64,67,69,72,2026-08-12 11:55:15
266616,Yira,Sor,Yira Sor,72,90,71,62,76,37,62,2026-08-12 11:55:15
234045,Henry,Onyekuru,Henry Onyekuru,72,90,72,63,74,35,62,2026-08-12 11:55:15
273271,Uchenna,Kanu,Uchenna Kanu,72,74,68,68,74,42,67,2026-08-12 11:55:15
225719,Kelechi,Iheanacho,Kelechi Iheanacho,72,70,73,68,72,38,71,2026-08-12 11:55:15
273265,Christy,Ucheibe,Christy Ucheibe,72,71,48,61,65,75,69,2026-08-12 11:55:15
251528,Zaidu,Sanusi,Zaidu Sanusi,72,85,37,55,63,71,67,2026-08-12 11:55:15
235161,Josh,Maja,Josh Maja,72,75,72,62,71,28,66,2026-08-12 11:55:15
273546,George,Ilenikhena,George Ilenikhena,72,79,71,56,71,26,62,2026-08-12 11:55:15
234457,Oghenekaro,Etebo,Oghenekaro Etebo,71,71,65,66,73,68,76,2026-08-12 11:55:15
267282,Michelle,Alozie,Michelle Alozie,71,76,68,70,73,58,71,2026-08-12 11:55:15
224213,Tyronne,Ebuehi,Tyronne Ebuehi,71,84,51,59,70,66,65,2026-08-12 11:55:15
213414,William,Troost-Ekong,William Troost-Ekong,71,61,32,44,43,72,78,2026-08-12 11:55:15
72888,Anthony,Dennis,Anthony Dennis,70,74,58,65,70,68,74,2026-08-12 11:55:15
233048,Tom,Dele-Bashiru,Tom Dele-Bashiru,70,77,66,66,72,62,64,2026-08-12 11:55:15
271092,Moses,Usor,Moses Usor,70,90,65,64,72,38,67,2026-08-12 11:55:15
275691,Ibrahim,Olawoyin,Ibrahim Olawoyin,70,82,63,65,73,44,65,2026-08-12 11:55:15
276207,Hamzat,Ojediran,Hamzat Ojediran,70,62,54,62,64,68,72,2026-08-12 11:55:15
207952,Semi,Ajayi,Semi Ajayi,70,69,48,47,59,69,81,2026-08-12 11:55:15
76097,Emmanuel,Uchenna,Emmanuel Uchenna,70,68,44,56,55,69,75,2026-08-12 11:55:15
232693,Chidozie,Awaziem,Chidozie Awaziem,70,72,39,50,60,69,76,2026-08-12 11:55:15
74981,Chibuike,Nwaiwu,Chibuike Nwaiwu,70,62,32,52,54,69,76,2026-08-12 11:55:15
273270,Nicole,Payne,Nicole Payne,69,80,60,60,69,66,66,2026-08-12 11:55:15
225956,Babajide David,Akintola,Babajide David Akintola,69,88,63,59,69,40,65,2026-08-12 11:55:15
243568,Stephen,Eze,Stephen Eze,69,70,29,44,47,67,84,2026-08-12 11:55:15
246637,Anam,Imo,Anam Imo,69,69,69,54,68,20,58,2026-08-12 11:55:15
233938,David,Kasumu,David Kasumu,68,77,54,59,67,66,79,2026-08-12 11:55:15
72890,Kenneth,Mamah,Kenneth Mamah,68,81,61,63,67,59,70,2026-08-12 11:55:15
277832,Chukwubuikem,Ikwuemesi,Chukwubuikem Ikwuemesi,68,75,67,61,67,37,74,2026-08-12 11:55:15
76098,David,Moses,David Moses,68,64,53,65,67,63,63,2026-08-12 11:55:15
275487,Babatunde,Akinsola,Babatunde Akinsola,68,87,64,60,70,29,51,2026-08-12 11:55:15
233472,Noah Joel,Sarenren Bazee,Noah Joel Sarenren Bazee,68,80,59,63,69,29,52,2026-08-12 11:55:15
70471,Ebenezer,Akinsanmiro,Ebenezer Akinsanmiro,67,76,67,67,68,61,73,2026-08-12 11:55:15
239215,Kelechi,Nwakali,Kelechi Nwakali,67,71,61,65,69,64,70,2026-08-12 11:55:15
277618,Adams,Friday,Adams Friday,67,87,59,60,69,60,62,2026-08-12 11:55:15
221197,Fred,Onyedinma,Fred Onyedinma,67,86,62,62,66,52,68,2026-08-12 11:55:15
236836,Orji,Okwonkwo,Orji Okwonkwo,67,90,68,59,68,42,66,2026-08-12 11:55:15
242744,Afeez,Aremu,Afeez Aremu,67,70,55,56,65,68,72,2026-08-12 11:55:15
252580,Paul Omo,Mukairu,Paul Omo Mukairu,67,84,60,63,67,29,62,2026-08-12 11:55:15
79007,Samuel,Akere,Samuel Akere,67,87,59,60,67,26,55,2026-08-12 11:55:15
272304,Buhari,Ibrahim,Buhari Ibrahim,67,72,31,54,57,64,74,2026-08-12 11:55:15
233572,Daniel,Udoh,Daniel Udoh,66,81,64,53,65,39,77,2026-08-12 11:55:15
266462,Fortune,Bassey,Fortune Bassey,66,75,65,61,64,21,67,2026-08-12 11:55:15
252697,Jordan Attah,Kadiri,Jordan Attah Kadiri,66,77,65,48,66,21,68,2026-08-12 11:55:15
257190,Dickson,Abiama,Dickson Abiama,66,81,63,49,67,23,62,2026-08-12 11:55:15
267467,Taofeek,Ismaheel,Taofeek Ismaheel,66,82,58,61,67,25,51,2026-08-12 11:55:15
269099,Emmanuel,Maviram,Emmanuel Maviram,66,71,32,49,62,63,66,2026-08-12 11:55:15
270652,William,Agada,William Agada,66,74,66,48,64,23,64,2026-08-12 11:55:15
256819,Ishaq,Abdulrazak,Ishaq Abdulrazak,65,86,56,63,69,57,65,2026-08-12 11:55:15
77249,Shukurat,Oladipo,Shukurat Oladipo,65,68,57,60,67,57,65,2026-08-12 11:55:15
264450,Abraham,Marcus,Abraham Marcus,65,75,65,59,65,32,67,2026-08-12 11:55:15
275221,Ibrahim,Aliyu,Ibrahim Aliyu,65,74,66,57,66,32,58,2026-08-12 11:55:15
73257,Vince,Osuji,Vince Osuji,65,78,31,49,58,63,73,2026-08-12 11:55:15
236403,Evan,Ndicka,Evan Ndicka,81,74,53,69,69,81,82,2026-08-12 11:55:15
230938,Franck Yannick,Kessié,Franck Yannick Kessié,80,78,77,73,78,78,86,2026-08-12 11:55:15
252802,Wilfried,Singo,Wilfried Singo,80,80,59,70,73,79,84,2026-08-12 11:55:15
268262,Rosemonde,Kouassi,Rosemonde Kouassi,80,94,79,71,80,37,75,2026-08-12 11:55:15
226110,Nicolas,Pépé,Nicolas Pépé,80,88,77,76,82,36,67,2026-08-12 11:55:15
246875,Odilon,Kossounou,Odilon Kossounou,80,80,32,64,67,81,78,2026-08-12 11:55:15
270531,Ousmane,Diomande,Ousmane Diomande,80,80,26,51,70,79,86,2026-08-12 11:55:15
258444,Evann,Guessand,Evann Guessand,79,83,76,73,79,36,77,2026-08-12 11:55:15
254088,Amad,Diallo,Amad Diallo,79,85,74,75,83,54,52,2026-08-12 11:55:15
258575,Emmanuel,Agbadou,Emmanuel Agbadou,79,80,48,63,66,78,83,2026-08-12 11:55:15
216320,Seko,Fofana,Seko Fofana,77,68,75,74,76,71,80,2026-08-12 11:55:15
235173,Ibrahim,Sangaré,Ibrahim Sangaré,77,58,65,72,71,77,79,2026-08-12 11:55:15
240787,Hamed Junior,Traoré,Hamed Junior Traoré,77,78,70,72,80,57,61,2026-08-12 11:55:15
198717,Wilfried,Zaha,Wilfried Zaha,77,82,75,72,79,37,72,2026-08-12 11:55:15
225085,Jonathan,Bamba,Jonathan Bamba,77,83,73,73,78,39,67,2026-08-12 11:55:15
275208,Guéla,Doué,Guéla Doué,77,72,47,70,72,74,78,2026-08-12 11:55:15
205693,Sébastien,Haller,Sébastien Haller,77,50,78,62,74,51,76,2026-08-12 11:55:15
276519,Bernadette,Amani,Bernadette Amani,76,70,53,68,72,76,81,2026-08-12 11:55:15
242179,Yahia,Fofana,Yahia Fofana,76,78,71,70,79,41,74,2026-08-12 11:55:15
224422,Jérémie,Boga,Jérémie Boga,76,85,69,72,81,39,64,2026-08-12 11:55:15
260779,Simon,Adingra,Simon Adingra,76,87,70,70,80,30,52,2026-08-12 11:55:15
231691,Alban,Lafont,Alban Lafont,75,71,70,69,81,47,76,2026-08-12 11:55:15
260651,Bénie,Traoré,Bénie Traoré,75,86,74,64,80,32,67,2026-08-12 11:55:15
215798,Maxwel,Cornet,Maxwel Cornet,74,85,74,70,75,67,65,2026-08-12 11:55:15
255928,Mohammed,Diomande,Mohammed Diomande,74,76,68,72,79,68,71,2026-08-12 11:55:15
236629,Christopher,Operi,Christopher Operi,74,78,61,70,72,68,72,2026-08-12 11:55:15
277503,Clément,Akpa,Clément Akpa,74,70,42,61,67,74,72,2026-08-12 11:55:15
225508,Eric,Bailly,Eric Bailly,74,64,42,59,66,74,70,2026-08-12 11:55:15
235458,Cédric,Kipré,Cédric Kipré,74,68,35,49,55,72,87,2026-08-12 11:55:15
256731,Jean-Philippe,Krasso,Jean-Philippe Krasso,74,65,73,64,72,21,70,2026-08-12 11:55:15
237295,Emmanuel,Latte Lath,Emmanuel Latte Lath,73,91,71,63,73,37,68,2026-08-12 11:55:15
257204,Sinaly,Diomandé,Sinaly Diomandé,73,62,50,61,58,73,75,2026-08-12 11:55:15
264401,Bamo,Meïté,Bamo Meïté,73,51,33,47,57,75,72,2026-08-12 11:55:15
202750,Willy,Boly,Willy Boly,73,34,36,59,55,74,71,2026-08-12 11:55:15
220421,Hassane,Kamara,Hassane Kamara,72,82,62,67,74,66,68,2026-08-12 11:55:15
235634,Ghislain,Konan,Ghislain Konan,72,79,51,66,70,68,74,2026-08-12 11:55:15
274445,Karim,Konaté,Karim Konaté,72,84,70,56,74,40,64,2026-08-12 11:55:15
277178,Oumar,Diakité,Oumar Diakité,72,82,71,57,70,21,71,2026-08-12 11:55:15
269003,Abakar,Sylla,Abakar Sylla,72,67,30,56,68,71,77,2026-08-12 11:55:15
277975,Parfait,Guiagon,Parfait Guiagon,72,72,67,66,77,26,58,2026-08-12 11:55:15
236817,Habib,Maïga,Habib Maïga,71,58,52,65,67,67,78,2026-08-12 11:55:15
255380,Ismaila,Soro,Ismaila Soro,71,67,52,60,65,69,72,2026-08-12 11:55:15
239919,Koffi,Kouao,Koffi Kouao,71,80,39,57,67,65,74,2026-08-12 11:55:15
246947,Paul,Akouokou,Paul Akouokou,71,55,56,66,68,70,67,2026-08-12 11:55:15
265738,Romeo,Amane,Romeo Amane,70,80,62,67,73,67,72,2026-08-12 11:55:15
259245,Ousmane,Doumbia,Ousmane Doumbia,70,72,58,64,70,69,76,2026-08-12 11:55:15
237155,Silas,Gnaka,Silas Gnaka,70,64,48,62,71,71,67,2026-08-12 11:55:15
225533,Chris,Bedia,Chris Bedia,70,70,70,54,66,36,80,2026-08-12 11:55:15
277216,Mohamed,Bamba,Mohamed Bamba,70,78,69,56,70,28,71,2026-08-12 11:55:15
199313,Abdoulaye,Bamba,Abdoulaye Bamba,70,59,40,64,62,71,68,2026-08-12 11:55:15
71418,Bazoumana,Touré,Bazoumana Touré,70,91,59,62,71,28,51,2026-08-12 11:55:15
277659,Mory,Gbane,Mory Gbane,70,52,41,57,60,70,82,2026-08-12 11:55:15
271259,Inès,Konan,Inès Konan,70,73,66,65,76,33,36,2026-08-12 11:55:15
279857,Richard,Kone,Richard Kone,69,82,67,54,68,40,79,2026-08-12 11:55:15
278902,Amadou,Koné,Amadou Koné,69,65,57,65,65,66,71,2026-08-12 11:55:15
231527,Ismaël Chester,Diallo,Ismaël Chester Diallo,69,66,38,57,67,67,74,2026-08-12 11:55:15
246832,Vakoun Issouf,Bayo,Vakoun Issouf Bayo,69,76,68,54,67,25,77,2026-08-12 11:55:15
239589,Wilfried,Kanga,Wilfried Kanga,69,70,68,57,62,25,81,2026-08-12 11:55:15
261771,Moïse,Sahi,Moïse Sahi,69,74,71,59,71,28,58,2026-08-12 11:55:15
271691,Junior,Diaz,Junior Diaz,69,79,29,49,50,69,76,2026-08-12 11:55:15
73617,Chris-Kévin,Nadje,Chris-Kévin Nadje,68,76,54,63,68,64,79,2026-08-12 11:55:15
214947,Jean-Philippe,Gbamin,Jean-Philippe Gbamin,68,69,58,67,66,68,73,2026-08-12 11:55:15
225685,Erwin,Koffi,Erwin Koffi,68,83,55,62,62,61,78,2026-08-12 11:55:15
70011,Yaya,Fofana,Yaya Fofana,68,73,54,63,73,62,62,2026-08-12 11:55:15
236454,Souleyman,Doumbia,Souleyman Doumbia,68,79,43,60,68,62,63,2026-08-12 11:55:15
263421,Lasso,Coulibaly,Lasso Coulibaly,68,90,55,58,72,33,62,2026-08-12 11:55:15
263922,Mohamed,Koné,Mohamed Koné,68,68,68,64,70,31,64,2026-08-12 11:55:15
233373,Stéphane,Diarra,Stéphane Diarra,68,76,58,64,72,41,45,2026-08-12 11:55:15
279573,Luck,Zogbé,Luck Zogbé,68,66,34,53,61,67,62,2026-08-12 11:55:15
230940,Cedric Diomandè,Gondo,Cedric Diomandè Gondo,68,71,69,47,62,22,66,2026-08-12 11:55:15
277806,Jonathan,Cissé,Jonathan Cissé,68,55,35,42,52,66,82,2026-08-12 11:55:15
247668,Konan,N'Dri,Konan N'Dri,67,87,63,59,71,55,60,2026-08-12 11:55:15
271495,Mario,Dorgeles,Mario Dorgeles,67,75,58,65,70,58,61,2026-08-12 11:55:15
258713,Zié,Ouattara,Zié Ouattara,67,76,54,61,69,60,66,2026-08-12 11:55:15
75318,Abdoul,Ouattara,Abdoul Ouattara,67,74,55,62,69,41,62,2026-08-12 11:55:15
247534,Caleb,Zady Sery,Caleb Zady Sery,67,91,55,61,69,21,59,2026-08-12 11:55:15
265735,Yannick,Agnero,Yannick Agnero,67,84,66,50,65,21,69,2026-08-12 11:55:15
259747,Ibrahim,Diabate,Ibrahim Diabate,67,83,65,52,64,18,72,2026-08-12 11:55:15
253120,Ben Lhassine,Kone,Ben Lhassine Kone,66,78,61,64,72,56,63,2026-08-12 11:55:15
264696,Kader,Keïta,Kader Keïta,66,66,44,56,62,63,73,2026-08-12 11:55:15
276827,Abdoulaye,Kanté,Abdoulaye Kanté,66,64,41,58,64,64,67,2026-08-12 11:55:15
266543,Ange,Ahoussou,Ange Ahoussou,66,61,33,47,55,66,71,2026-08-12 11:55:15
78012,Yan,Diomande,Yan Diomande,66,71,61,62,64,25,49,2026-08-12 11:55:15
229646,Samuel,Yohou,Samuel Yohou,65,56,34,47,51,66,76,2026-08-12 11:55:15
74735,Christ Ravynel,Inao Oulaï,Christ Ravynel Inao Oulaï,64,74,50,61,69,58,49,2026-08-12 11:55:15
275224,Christ,Kouadio,Christ Kouadio,64,69,37,61,60,60,58,2026-08-12 11:55:15
260914,Issouf,Macalou,Issouf Macalou,64,73,62,58,63,28,54,2026-08-12 11:55:15
269565,Souleymane,Diaby,Souleymane Diaby,63,70,51,56,64,58,63,2026-08-12 11:55:15
271940,Martial,Godo,Martial Godo,63,73,59,58,66,35,47,2026-08-12 11:55:15
277285,Severin,Nioule,Severin Nioule,63,89,58,51,66,23,48,2026-08-12 11:55:15
277498,Jaurès,Assoumou,Jaurès Assoumou,63,68,64,49,65,22,47,2026-08-12 11:55:15
70869,Cheick Mamadou,Diabaté,Cheick Mamadou Diabaté,63,68,27,42,39,63,68,2026-08-12 11:55:15
74370,Aboubacar,Bassinga,Aboubacar Bassinga,62,71,59,60,69,53,61,2026-08-12 11:55:15
266654,Alassane,Sidibe,Alassane Sidibe,62,72,54,58,64,59,65,2026-08-12 11:55:15
269649,Kevin,Doukoure,Kevin Doukoure,62,72,51,55,62,60,72,2026-08-12 11:55:15
79837,Valy,Konate,Valy Konate,62,73,55,57,57,55,63,2026-08-12 11:55:15
75081,Emmanuel,Kakou,Emmanuel Kakou,62,69,27,52,58,63,63,2026-08-12 11:55:15
77045,Hyllarion,Goore,Hyllarion Goore,62,77,59,49,66,22,58,2026-08-12 11:55:15
76869,Elohim,Kaboré,Elohim Kaboré,62,81,60,49,63,17,59,2026-08-12 11:55:15
72379,Georgi,Minoungou,Georgi Minoungou,62,88,43,47,71,22,50,2026-08-12 11:55:15
235212,Achraf,Hakimi,Achraf Hakimi,89,92,79,82,83,82,79,2026-08-12 11:55:15
209981,Yassine,Bounou,Yassine Bounou,82,81,82,76,85,38,82,2026-08-12 11:55:15
235410,Youssef,En-Nesyri,Youssef En-Nesyri,82,79,81,65,75,35,80,2026-08-12 11:55:15
231410,Brahim,Díaz,Brahim Díaz,82,82,74,79,85,31,58,2026-08-12 11:55:15
244749,Nayef,Aguerd,Nayef Aguerd,81,72,50,67,65,82,77,2026-08-12 11:55:15
236401,Noussair,Mazraoui,Noussair Mazraoui,80,75,66,76,80,77,72,2026-08-12 11:55:15
243586,Ayoub,El Kaabi,Ayoub El Kaabi,80,82,82,62,75,46,77,2026-08-12 11:55:15
259480,Ismael,Saibari,Ismael Saibari,79,78,75,74,82,51,78,2026-08-12 11:55:15
213761,Abderrazak,Hamdallah,Abderrazak Hamdallah,79,59,80,70,78,31,78,2026-08-12 11:55:15
224158,Sofyan,Amrabat,Sofyan Amrabat,78,61,70,73,74,75,82,2026-08-12 11:55:15
255223,Amine,Adli,Amine Adli,78,84,76,70,82,42,69,2026-08-12 11:55:15
264348,Soufiane,Rahimi,Soufiane Rahimi,78,85,76,72,77,38,66,2026-08-12 11:55:15
262745,Neil,El Aynaoui,Neil El Aynaoui,77,62,63,76,74,73,75,2026-08-12 11:55:15
261654,Omar,El Hilali,Omar El Hilali,77,85,41,67,69,74,77,2026-08-12 11:55:15
264432,Abdessamad,Ezzalzouli,Abdessamad Ezzalzouli,77,87,69,70,81,29,63,2026-08-12 11:55:15
275353,Zakaria,El Ouahdi,Zakaria El Ouahdi,76,73,66,70,77,69,71,2026-08-12 11:55:15
205083,Fayçal,Fajr,Fayçal Fajr,76,54,71,79,74,67,73,2026-08-12 11:55:15
255125,Azzedine,Ounahi,Azzedine Ounahi,76,64,66,73,77,63,67,2026-08-12 11:55:15
244892,Sofiane,Diop,Sofiane Diop,76,77,69,75,80,54,53,2026-08-12 11:55:15
246548,Osame,Sahraoui,Osame Sahraoui,76,83,63,68,82,45,54,2026-08-12 11:55:15
257504,Bilal,El Khannouss,Bilal El Khannouss,76,76,64,76,82,38,56,2026-08-12 11:55:15
272781,Eliesse,Ben Seghir,Eliesse Ben Seghir,76,77,73,72,79,28,62,2026-08-12 11:55:15
232097,Amine,Harit,Amine Harit,75,75,64,73,79,59,57,2026-08-12 11:55:15
262473,Souffian,El Karouani,Souffian El Karouani,75,71,48,75,74,68,70,2026-08-12 11:55:15
248564,Zakaria,Aboukhlal,Zakaria Aboukhlal,74,82,72,69,75,41,75,2026-08-12 11:55:15
260843,Anass,Zaroury,Anass Zaroury,74,84,70,69,77,27,61,2026-08-12 11:55:15
211381,Sofiane,Boufal,Sofiane Boufal,74,74,69,71,79,29,58,2026-08-12 11:55:15
225410,Adam,Masina,Adam Masina,74,62,42,66,68,77,65,2026-08-12 11:55:15
238490,Ilias,Chair,Ilias Chair,74,79,66,71,78,32,53,2026-08-12 11:55:15
265578,Ilias,Akhomach,Ilias Akhomach,74,78,72,68,76,28,57,2026-08-12 11:55:15
273255,Imane,Saoud,Imane Saoud,74,77,68,70,76,33,54,2026-08-12 11:55:15
245628,Abdelkabir,Abqar,Abdelkabir Abqar,74,49,31,54,63,76,69,2026-08-12 11:55:15
237499,Abdelhamid,Sabiri,Abdelhamid Sabiri,73,59,71,71,75,59,74,2026-08-12 11:55:15
241775,Jawad,El Yamiq,Jawad El Yamiq,73,85,53,53,63,72,80,2026-08-12 11:55:15
242794,Imrân,Louza,Imrân Louza,73,60,66,72,74,62,64,2026-08-12 11:55:15
275048,Chemsdine,Talbi,Chemsdine Talbi,73,90,59,64,79,47,57,2026-08-12 11:55:15
73449,Hamza,Igamane,Hamza Igamane,73,80,72,63,74,34,70,2026-08-12 11:55:15
263468,Yassine,Kechta,Yassine Kechta,73,57,59,72,74,64,63,2026-08-12 11:55:15
263603,Oussama,Targhalline,Oussama Targhalline,73,49,63,70,72,68,64,2026-08-12 11:55:15
76945,Maroan,Sannadi Harrouch,Maroan Sannadi Harrouch,73,69,71,59,68,33,81,2026-08-12 11:55:15
194209,Youssef,El Arabi,Youssef El Arabi,73,59,76,65,72,37,64,2026-08-12 11:55:15
241937,Abdou,Harroui,Abdou Harroui,72,69,69,69,74,67,69,2026-08-12 11:55:15
262236,Amir,Richardson,Amir Richardson,72,73,64,68,72,67,70,2026-08-12 11:55:15
268511,Walid,Cheddira,Walid Cheddira,72,79,72,64,67,41,75,2026-08-12 11:55:15
262300,Ilyas,Chaira,Ilyas Chaira,72,79,69,69,73,40,63,2026-08-12 11:55:15
235890,Marwane,Saadane,Marwane Saadane,72,54,51,61,62,70,85,2026-08-12 11:55:15
243169,Yanis,Begraoui,Yanis Begraoui,72,75,71,63,75,32,65,2026-08-12 11:55:15
264961,Sarah,Kassi,Sarah Kassi,72,35,58,66,70,70,67,2026-08-12 11:55:15
258490,Chadi,Riad,Chadi Riad,72,60,32,57,61,71,72,2026-08-12 11:55:15
234740,Mo,El Hankouri,Mo El Hankouri,71,69,68,68,76,63,62,2026-08-12 11:55:15
236838,Youssef,Maleh,Youssef Maleh,71,59,65,73,72,66,63,2026-08-12 11:55:15
263602,Bilal,Nadir,Bilal Nadir,71,56,64,68,73,59,65,2026-08-12 11:55:15
198640,Zakaria,Labyad,Zakaria Labyad,71,72,72,72,72,36,55,2026-08-12 11:55:15
246960,Mohamed,Ihattaren,Mohamed Ihattaren,71,56,66,72,75,41,68,2026-08-12 11:55:15
276637,Sakina,Ouzraoui Diki,Sakina Ouzraoui Diki,71,73,71,66,73,28,61,2026-08-12 11:55:15
272668,Amine,El Ouazzani,Amine El Ouazzani,71,68,70,61,69,20,72,2026-08-12 11:55:15
276971,Jade,Nassi,Jade Nassi,70,75,63,66,75,65,59,2026-08-12 11:55:15
238504,Amine,Bassi,Amine Bassi,70,69,68,70,73,48,65,2026-08-12 11:55:15
271452,Benjamin,Bouchouari,Benjamin Bouchouari,70,66,59,68,76,58,61,2026-08-12 11:55:15
271306,Khalil,Fayad,Khalil Fayad,70,65,59,69,75,63,45,2026-08-12 11:55:15
258753,Couhaib,Driouech,Couhaib Driouech,70,92,61,58,73,26,63,2026-08-12 11:55:15
274845,Mathys,Tourraine,Mathys Tourraine,70,76,39,62,66,66,64,2026-08-12 11:55:15
270828,Ibrahim,Salah,Ibrahim Salah,70,71,69,58,72,30,67,2026-08-12 11:55:15
74328,Alaeddine,Ajaraie,Alaeddine Ajaraie,70,78,70,54,69,23,57,2026-08-12 11:55:15
225699,Anuar,Mohamed Tuhami,Anuar Mohamed Tuhami,69,74,63,63,69,64,67,2026-08-12 11:55:15
255579,Youssef,El Kachati,Youssef El Kachati,69,89,71,58,70,30,56,2026-08-12 11:55:15
263107,Nordine,Kandil,Nordine Kandil,69,74,56,69,73,42,49,2026-08-12 11:55:15
276988,Alaa,Bellaarouch,Alaa Bellaarouch,68,71,63,70,69,56,68,2026-08-12 11:55:15
257320,Aimen,Moueffek,Aimen Moueffek,68,65,56,65,72,65,67,2026-08-12 11:55:15
269745,Oussama,El Azzouzi,Oussama El Azzouzi,68,55,61,65,65,65,64,2026-08-12 11:55:15
270741,Noah Wail Jacob,Sadaoui,Noah Wail Jacob Sadaoui,68,82,65,62,68,31,65,2026-08-12 11:55:15
275163,Reda,Belahyane,Reda Belahyane,68,66,49,64,75,66,52,2026-08-12 11:55:15
273666,Amine,Sbaï,Amine Sbaï,68,76,62,62,73,27,55,2026-08-12 11:55:15
254680,Yassin,Oukili,Yassin Oukili,67,61,67,64,64,59,81,2026-08-12 11:55:15
234514,Oualid,El Hajjam,Oualid El Hajjam,67,63,45,63,65,66,70,2026-08-12 11:55:15
276632,Anouar,El Azzouzi,Anouar El Azzouzi,67,63,47,57,63,62,79,2026-08-12 11:55:15
244863,Yassine,Benrahou,Yassine Benrahou,67,67,63,69,72,41,52,2026-08-12 11:55:15
274449,Mohamed,Nassoh,Mohamed Nassoh,67,65,66,62,69,42,58,2026-08-12 11:55:15
275418,Younes,Taha,Younes Taha,67,72,65,62,70,37,50,2026-08-12 11:55:15
255155,Mourad Daoudi,El Ghezouani,Mourad Daoudi El Ghezouani,67,51,67,55,63,32,74,2026-08-12 11:55:15
266831,Ilias,Sebaoui,Ilias Sebaoui,66,76,64,61,70,49,56,2026-08-12 11:55:15
70448,Adam,Aznou,Adam Aznou,66,80,52,61,72,59,51,2026-08-12 11:55:15
262744,Mohamed,Bouldini,Mohamed Bouldini,66,70,66,51,60,35,79,2026-08-12 11:55:15
224211,Samy,Mmaee,Samy Mmaee,66,62,40,54,64,66,68,2026-08-12 11:55:15
73192,Abdelhamid,Ait Boudlal,Abdelhamid Ait Boudlal,66,68,30,49,50,65,70,2026-08-12 11:55:15
276742,Youness,Lachhab,Youness Lachhab,65,60,49,60,61,63,72,2026-08-12 11:55:15
276747,Achraf,Laâziri,Achraf Laâziri,65,74,48,61,66,58,55,2026-08-12 11:55:15
233767,Sofiane,Alakouch,Sofiane Alakouch,65,65,43,60,64,62,61,2026-08-12 11:55:15
268697,Hamza,El Kaouakibi,Hamza El Kaouakibi,65,68,43,54,61,61,68,2026-08-12 11:55:15
279702,Samir,El Mourabet,Samir El Mourabet,65,57,48,63,62,57,61,2026-08-12 11:55:15
258620,Ayoub,Jabbari,Ayoub Jabbari,65,60,63,53,62,27,69,2026-08-12 11:55:15
277930,Mohamed,Jaouab,Mohamed Jaouab,65,57,29,42,53,65,70,2026-08-12 11:55:15
242325,Malcom,Edjouma,Malcom Edjouma,64,65,60,59,66,63,78,2026-08-12 11:55:15
254244,Nabil,Zoubdi Touaizi,Nabil Zoubdi Touaizi,64,77,60,60,68,30,59,2026-08-12 11:55:15
261202,Nassim,Chadli,Nassim Chadli,64,71,61,59,71,25,56,2026-08-12 11:55:15
276657,Ayman,El Wafi,Ayman El Wafi,64,55,33,54,60,64,69,2026-08-12 11:55:15
270860,Jones,El-Abdellaoui,Jones El-Abdellaoui,64,80,58,59,64,26,46,2026-08-12 11:55:15
239371,Issam,El Maach,Issam El Maach,63,64,60,64,65,41,62,2026-08-12 11:55:15
248740,Gassan,Ahadme,Gassan Ahadme,63,64,62,50,60,30,68,2026-08-12 11:55:15
78474,Ayoube,Amaimouni,Ayoube Amaimouni,63,71,65,57,68,21,50,2026-08-12 11:55:15
245830,Yui,Hasegawa,Yui Hasegawa,85,77,71,85,86,81,63,2026-08-12 11:55:15
245839,Hina,Sugita,Hina Sugita,82,75,78,82,84,77,77,2026-08-12 11:55:15
255565,Kaoru,Mitoma,Kaoru Mitoma,82,87,73,76,86,57,64,2026-08-12 11:55:15
226997,Saki,Kumagai,Saki Kumagai,82,45,70,76,79,84,78,2026-08-12 11:55:15
237681,Takefusa,Kubo,Takefusa Kubo,82,86,77,78,85,40,64,2026-08-12 11:55:15
232639,Ritsu,Doan,Ritsu Doan,82,82,71,78,85,41,64,2026-08-12 11:55:15
246321,Daizen,Maeda,Daizen Maeda,79,92,79,70,76,65,79,2026-08-12 11:55:15
242087,Hidemasa,Morita,Hidemasa Morita,79,68,72,76,79,73,78,2026-08-12 11:55:15
73078,Kaishū,Sano,Kaishū Sano,79,79,51,67,76,78,75,2026-08-12 11:55:15
232487,Wataru,Endo,Wataru Endo,79,58,68,71,77,79,73,2026-08-12 11:55:15
271739,Honoka,Hayashi,Honoka Hayashi,79,78,71,78,80,62,57,2026-08-12 11:55:15
247811,Jun,Endo,Jun Endo,79,78,74,74,78,45,66,2026-08-12 11:55:15
245826,Risa,Shimizu,Risa Shimizu,79,81,53,71,71,78,56,2026-08-12 11:55:15
273520,Maika,Hamano,Maika Hamano,79,76,72,71,81,51,54,2026-08-12 11:55:15
245824,Ayaka,Yamashita,Ayaka Yamashita,79,78,76,74,80,19,76,2026-08-12 11:55:15
247805,Moeka,Minami,Moeka Minami,79,64,56,58,70,81,74,2026-08-12 11:55:15
275923,Kiko,Seike,Kiko Seike,78,77,73,75,77,59,66,2026-08-12 11:55:15
234205,Hiroki,Ito,Hiroki Ito,78,74,57,71,72,80,72,2026-08-12 11:55:15
273227,Hinata,Miyazawa,Hinata Miyazawa,78,67,63,78,74,71,72,2026-08-12 11:55:15
226627,Takumi,Minamino,Takumi Minamino,78,77,74,75,81,40,64,2026-08-12 11:55:15
248728,Riko,Ueki,Riko Ueki,78,70,78,67,77,46,67,2026-08-12 11:55:15
232905,Junya,Ito,Junya Ito,77,86,69,72,78,58,70,2026-08-12 11:55:15
232730,Daichi,Kamada,Daichi Kamada,77,71,72,77,78,64,66,2026-08-12 11:55:15
233152,Ko,Itakura,Ko Itakura,77,75,59,61,74,77,76,2026-08-12 11:55:15
245834,Yuka,Momiki,Yuka Momiki,77,78,74,73,78,45,57,2026-08-12 11:55:15
275906,Aoba,Fujino,Aoba Fujino,77,77,73,75,77,23,56,2026-08-12 11:55:15
255742,Reo,Hatate,Reo Hatate,76,70,75,74,78,65,70,2026-08-12 11:55:15
236764,Ao,Tanaka,Ao Tanaka,76,70,68,72,77,73,71,2026-08-12 11:55:15
245833,Narumi,Miura,Narumi Miura,76,62,71,76,75,73,67,2026-08-12 11:55:15
242914,Keito,Nakamura,Keito Nakamura,76,79,74,71,77,41,74,2026-08-12 11:55:15
232873,Koki,Machida,Koki Machida,76,78,40,60,56,75,82,2026-08-12 11:55:15
80327,Yu,Endo,Yu Endo,76,67,33,67,62,75,52,2026-08-12 11:55:15
270892,Fuka,Nagano,Fuka Nagano,75,78,60,73,79,69,64,2026-08-12 11:55:15
245622,Shuto,Machino,Shuto Machino,75,83,75,68,76,39,76,2026-08-12 11:55:15
245538,Kyogo,Furuhashi,Kyogo Furuhashi,75,84,75,67,75,48,64,2026-08-12 11:55:15
232610,Takuma,Asano,Takuma Asano,75,84,69,64,79,33,69,2026-08-12 11:55:15
245825,Chika,Hirao,Chika Hirao,75,74,73,71,76,18,75,2026-08-12 11:55:15
246826,Tsuyoshi,Watanabe,Tsuyoshi Watanabe,75,76,39,52,59,76,78,2026-08-12 11:55:15
275904,Remina,Chiba,Remina Chiba,75,83,77,61,75,23,56,2026-08-12 11:55:15
255981,Zion,Suzuki,Zion Suzuki,74,73,72,71,76,56,73,2026-08-12 11:55:15
266071,Seiya,Maikuma,Seiya Maikuma,74,73,61,68,72,70,72,2026-08-12 11:55:15
242916,Yukinari,Sugawara,Yukinari Sugawara,74,75,54,73,72,69,70,2026-08-12 11:55:15
257899,Kanya,Fujimoto,Kanya Fujimoto,74,79,68,73,75,54,52,2026-08-12 11:55:15
245835,Mina,Tanaka,Mina Tanaka,74,71,69,64,74,52,69,2026-08-12 11:55:15
252162,Ayase,Ueda,Ayase Ueda,74,74,75,58,69,28,69,2026-08-12 11:55:15
70145,Momoko,Tanikawa,Momoko Tanikawa,73,70,66,70,71,52,66,2026-08-12 11:55:15
246444,Tomoki,Iwata,Tomoki Iwata,72,75,64,66,69,68,77,2026-08-12 11:55:15
233169,Miki,Yamane,Miki Yamane,72,77,61,66,68,67,72,2026-08-12 11:55:15
272270,Miku,Kojima,Miku Kojima,72,70,60,69,73,72,67,2026-08-12 11:55:15
254910,Tatsuhiro,Sakamoto,Tatsuhiro Sakamoto,72,76,63,69,75,62,60,2026-08-12 11:55:15
237453,Ado,Onaiwu,Ado Onaiwu,72,78,72,63,69,38,70,2026-08-12 11:55:15
244656,Yohei,Takaoka,Yohei Takaoka,72,73,71,67,71,38,70,2026-08-12 11:55:15
264702,Kota,Takai,Kota Takai,72,66,32,55,62,72,69,2026-08-12 11:55:15
275920,Rion,Ishikawa,Rion Ishikawa,72,55,28,50,53,72,68,2026-08-12 11:55:15
232490,Ryotaro,Ito,Ryotaro Ito,71,80,71,68,71,56,66,2026-08-12 11:55:15
255185,Yuito,Suzuki,Yuito Suzuki,71,83,68,65,74,48,57,2026-08-12 11:55:15
266061,Sota,Kawasaki,Sota Kawasaki,71,71,62,64,75,61,62,2026-08-12 11:55:15
277926,Manaka,Matsukubo,Manaka Matsukubo,71,71,70,65,75,49,65,2026-08-12 11:55:15
258880,Keigo,Tsunemoto,Keigo Tsunemoto,71,78,52,62,64,68,61,2026-08-12 11:55:15
277451,Mai,Kadowaki,Mai Kadowaki,71,65,68,62,73,35,59,2026-08-12 11:55:15
76449,Hiroki,Sekine,Hiroki Sekine,71,71,31,54,59,70,69,2026-08-12 11:55:15
217242,Yuya,Kubo,Yuya Kubo,70,71,69,68,72,62,67,2026-08-12 11:55:15
242006,Daiki,Hashioka,Daiki Hashioka,70,70,59,65,68,65,76,2026-08-12 11:55:15
76580,Aemu,Oyama,Aemu Oyama,70,69,68,68,71,61,65,2026-08-12 11:55:15
255855,Ryoya,Morishita,Ryoya Morishita,70,74,59,66,73,64,64,2026-08-12 11:55:15
208520,Hiroki,Sakai,Hiroki Sakai,70,72,53,65,64,66,77,2026-08-12 11:55:15
260432,Atsuki,Ito,Atsuki Ito,70,59,62,65,66,69,75,2026-08-12 11:55:15
277809,Kodai,Sano,Kodai Sano,70,67,62,69,73,60,64,2026-08-12 11:55:15
79529,Hikaru,Kitagawa,Hikaru Kitagawa,70,71,52,66,69,66,64,2026-08-12 11:55:15
71641,Leo,Kokubo,Leo Kokubo,70,72,63,63,73,41,69,2026-08-12 11:55:15
274191,Daisuke,Yokota,Daisuke Yokota,70,79,59,65,74,46,49,2026-08-12 11:55:15
232704,Takuma,Ominami,Takuma Ominami,70,87,29,48,59,68,78,2026-08-12 11:55:15
71672,Keita,Kosugi,Keita Kosugi,70,85,35,53,67,64,64,2026-08-12 11:55:15
191648,Maya,Yoshida,Maya Yoshida,70,52,41,54,62,70,75,2026-08-12 11:55:15
260282,Takahiro,Akimoto,Takahiro Akimoto,69,76,65,65,69,61,73,2026-08-12 11:55:15
275922,Miyabi,Moriya,Miyabi Moriya,69,77,59,69,72,64,64,2026-08-12 11:55:15
260464,Joel Chima,Fujita,Joel Chima Fujita,69,67,59,66,68,63,70,2026-08-12 11:55:15
264188,Taichi,Fukui,Taichi Fukui,69,76,52,68,75,55,46,2026-08-12 11:55:15
232861,Kota,Mizunuma,Kota Mizunuma,69,66,62,71,69,39,63,2026-08-12 11:55:15
245766,Yuki,Ohashi,Yuki Ohashi,69,71,68,57,68,36,69,2026-08-12 11:55:15
233225,Shogo,Taniguchi,Shogo Taniguchi,69,58,45,59,57,70,72,2026-08-12 11:55:15
269842,Shin,Yamada,Shin Yamada,69,77,68,49,62,30,71,2026-08-12 11:55:15
255590,Tatsuki,Seko,Tatsuki Seko,68,65,54,69,68,63,67,2026-08-12 11:55:15
79746,Hiroki,Akiyama,Hiroki Akiyama,68,68,44,65,71,63,59,2026-08-12 11:55:15
233151,Koji,Miyoshi,Koji Miyoshi,68,76,65,67,71,46,45,2026-08-12 11:55:15
279808,Shunsuke,Mito,Shunsuke Mito,68,84,61,58,73,31,51,2026-08-12 11:55:15
73429,Yū,Hirakawa,Yū Hirakawa,68,83,59,62,71,32,50,2026-08-12 11:55:15
247264,Ayumu,Seko,Ayumu Seko,68,64,36,54,58,68,74,2026-08-12 11:55:15
232829,Koki,Ogawa,Koki Ogawa,68,51,69,57,65,29,67,2026-08-12 11:55:15
70752,Anrie,Chase,Anrie Chase,68,68,27,41,48,68,74,2026-08-12 11:55:15
266312,Kuryu,Matsuki,Kuryu Matsuki,67,73,65,65,71,58,70,2026-08-12 11:55:15
70484,Hannah,Stambaugh,Hannah Stambaugh,67,66,66,62,67,30,67,2026-08-12 11:55:15
247471,Masatoshi,Ishida,Masatoshi Ishida,66,76,66,63,68,45,70,2026-08-12 11:55:15
76516,Manaka,Hayashi,Manaka Hayashi,66,66,63,64,67,54,62,2026-08-12 11:55:15
266260,Junnosuke,Suzuki,Junnosuke Suzuki,66,73,44,59,59,66,65,2026-08-12 11:55:15
272832,Soichiro,Kozuki,Soichiro Kozuki,66,77,56,60,71,43,55,2026-08-12 11:55:15
79557,Shō,Fukuda,Shō Fukuda,66,81,65,60,68,19,61,2026-08-12 11:55:15
79781,Hayato,Inamura,Hayato Inamura,66,71,28,56,60,64,71,2026-08-12 11:55:15
74879,Kento,Shiogai,Kento Shiogai,66,84,65,55,66,21,57,2026-08-12 11:55:15
251658,Nikki,Havenaar,Nikki Havenaar,66,42,38,40,38,66,80,2026-08-12 11:55:15
200104,Heung Min,Son,Heung Min Son,85,84,84,81,83,42,73,2026-08-12 11:55:15
237086,Min Jae,Kim,Min Jae Kim,82,73,33,58,63,83,84,2026-08-12 11:55:15
243780,Kang In,Lee,Kang In Lee,79,72,75,80,82,50,64,2026-08-12 11:55:15
221671,Jae Sung,Lee,Jae Sung Lee,77,72,71,72,81,63,66,2026-08-12 11:55:15
228010,In Beom,Hwang,In Beom Hwang,77,62,70,76,77,63,65,2026-08-12 11:55:15
245054,Dong Kyeong,Lee,Dong Kyeong Lee,75,77,75,73,75,59,76,2026-08-12 11:55:15
212432,Hyeon Woo,Jo,Hyeon Woo Jo,75,79,72,62,77,51,73,2026-08-12 11:55:15
226380,Hee Chan,Hwang,Hee Chan Hwang,75,81,75,70,75,39,68,2026-08-12 11:55:15
210941,Chang Geun,Lee,Chang Geun Lee,74,73,74,67,77,45,72,2026-08-12 11:55:15
213189,Min Kyu,Joo,Min Kyu Joo,74,62,75,56,69,46,79,2026-08-12 11:55:15
238570,Bum Keun,Song,Bum Keun Song,74,76,69,67,76,25,72,2026-08-12 11:55:15
244108,Hyeon Seok,Hong,Hyeon Seok Hong,73,72,70,72,76,66,65,2026-08-12 11:55:15
239138,Woo Yeong,Jeong,Woo Yeong Jeong,73,76,62,68,78,36,60,2026-08-12 11:55:15
237424,Seung Ho,Paik,Seung Ho Paik,72,67,67,70,73,66,75,2026-08-12 11:55:15
260474,Bong Soo,Kim,Bong Soo Kim,72,67,58,63,65,68,79,2026-08-12 11:55:15
242004,Jin Woo,Jeon,Jin Woo Jeon,72,89,67,56,75,35,60,2026-08-12 11:55:15
234264,Seung Won,Jeong,Seung Won Jeong,71,72,69,68,70,63,78,2026-08-12 11:55:15
232595,Seung Beom,Ko,Seung Beom Ko,71,73,60,68,72,67,78,2026-08-12 11:55:15
243673,Jin Seob,Park,Jin Seob Park,71,70,54,60,62,69,84,2026-08-12 11:55:15
212260,Ui Jo,Hwang,Ui Jo Hwang,71,77,72,63,72,42,71,2026-08-12 11:55:15
260397,Hyun Jun,Yang,Hyun Jun Yang,71,82,64,69,74,39,69,2026-08-12 11:55:15
263845,Seung Wook,Park,Seung Wook Park,71,76,42,64,64,69,81,2026-08-12 11:55:15
227659,Jin Kyu,Kim,Jin Kyu Kim,71,70,67,67,72,50,69,2026-08-12 11:55:15
248712,Hyeon Gyu,Oh,Hyeon Gyu Oh,71,78,71,54,67,43,80,2026-08-12 11:55:15
260492,Ji Sung,Eom,Ji Sung Eom,71,85,64,63,73,36,65,2026-08-12 11:55:15
266774,Jun Ho,Bae,Jun Ho Bae,71,74,61,69,73,36,55,2026-08-12 11:55:15
261115,Ho Jae,Lee,Ho Jae Lee,71,53,74,46,61,26,80,2026-08-12 11:55:15
221467,Chang Min,Lee,Chang Min Lee,70,68,67,68,68,61,76,2026-08-12 11:55:15
264194,Jens,Castrop,Jens Castrop,70,80,54,67,74,62,69,2026-08-12 11:55:15
266789,Jae Won,Hwang,Jae Won Hwang,70,79,46,62,70,65,80,2026-08-12 11:55:15
248188,Min Kyu,Song,Min Kyu Song,70,80,69,66,69,38,77,2026-08-12 11:55:15
246937,Won Sang,Um,Won Sang Um,70,91,65,60,71,37,68,2026-08-12 11:55:15
266751,Ho Yeon,Jung,Ho Yeon Jung,70,66,54,63,72,61,76,2026-08-12 11:55:15
227632,Min Gwang,Jeon,Min Gwang Jeon,70,75,51,58,57,68,80,2026-08-12 11:55:15
255500,Min Woo,Seo,Min Woo Seo,70,61,54,62,66,65,79,2026-08-12 11:55:15
180283,Sung Yueng,Ki,Sung Yueng Ki,70,52,61,73,64,62,74,2026-08-12 11:55:15
222052,Myung Jae,Lee,Myung Jae Lee,70,77,45,62,69,64,67,2026-08-12 11:55:15
212912,Ji Soo,Park,Ji Soo Park,70,69,48,55,59,70,75,2026-08-12 11:55:15
201528,Young Gwon,Kim,Young Gwon Kim,70,64,44,65,58,68,76,2026-08-12 11:55:15
212778,Kyung Won,Kwon,Kyung Won Kwon,70,64,41,61,61,68,79,2026-08-12 11:55:15
247686,Gue Sung,Cho,Gue Sung Cho,70,75,69,52,66,30,77,2026-08-12 11:55:15
71106,Min Hyeok,Yang,Min Hyeok Yang,70,80,67,62,73,31,53,2026-08-12 11:55:15
227790,Seung Hyun,Jeong,Seung Hyun Jeong,70,44,33,52,45,70,80,2026-08-12 11:55:15
261128,Gi Hyeok,Lee,Gi Hyeok Lee,69,82,55,59,67,66,77,2026-08-12 11:55:15
251161,Jun,Choi,Jun Choi,69,82,50,62,68,63,75,2026-08-12 11:55:15
244800,Moon Hwan,Kim,Moon Hwan Kim,69,83,53,60,69,62,68,2026-08-12 11:55:15
268895,Sang Yoon,Kang,Sang Yoon Kang,69,80,57,66,69,58,63,2026-08-12 11:55:15
221759,Gyeong Min,Kim,Gyeong Min Kim,69,68,68,66,69,49,70,2026-08-12 11:55:15
247844,Jae won,Lee,Jae won Lee,69,67,59,63,68,60,70,2026-08-12 11:55:15
213317,Jin Su,Kim,Jin Su Kim,69,77,45,62,64,63,74,2026-08-12 11:55:15
233018,Dae Won,Kim,Dae Won Kim,69,82,67,66,69,30,71,2026-08-12 11:55:15
229694,Seon Min,Moon,Seon Min Moon,69,90,69,55,71,37,61,2026-08-12 11:55:15
221912,Hyeon Mu,Kang,Hyeon Mu Kang,69,70,67,62,72,44,67,2026-08-12 11:55:15
261063,Tae Seok,Lee,Tae Seok Lee,69,79,40,60,68,62,71,2026-08-12 11:55:15
233286,In Jae,Hwang,In Jae Hwang,69,72,68,63,70,26,65,2026-08-12 11:55:15
266323,Joon Hong,Kim,Joon Hong Kim,69,70,67,62,71,25,67,2026-08-12 11:55:15
259843,Jun Soo,Byeon,Jun Soo Byeon,69,76,29,48,54,66,82,2026-08-12 11:55:15
261062,Han Beom,Lee,Han Beom Lee,69,55,29,51,58,69,71,2026-08-12 11:55:15
243824,Soo Il,Park,Soo Il Park,68,80,55,64,67,61,69,2026-08-12 11:55:15
233568,Sang Heon,Lee,Sang Heon Lee,68,81,68,60,69,43,71,2026-08-12 11:55:15
232232,Jung Hyun,Kim,Jung Hyun Kim,68,67,55,60,64,65,74,2026-08-12 11:55:15
237091,Hyeon Ug,Kim,Hyeon Ug Kim,68,78,65,64,71,48,58,2026-08-12 11:55:15
245981,Dong Hyun,Kim,Dong Hyun Kim,68,66,49,63,66,61,78,2026-08-12 11:55:15
232065,Dong Joon,Kim,Dong Joon Kim,68,70,69,65,70,43,65,2026-08-12 11:55:15
226652,Yong Woo,Park,Yong Woo Park,68,58,57,63,61,64,75,2026-08-12 11:55:15
237778,Joon Soo,Ahn,Joon Soo Ahn,68,69,63,67,71,28,66,2026-08-12 11:55:15
200588,Jeong Ho,Hong,Jeong Ho Hong,68,64,45,52,56,66,76,2026-08-12 11:55:15
251157,Gwang Yeon,Lee,Gwang Yeon Lee,68,70,62,58,74,23,66,2026-08-12 11:55:15
203002,Kee Hee,Kim,Kee Hee Kim,68,55,43,57,49,67,75,2026-08-12 11:55:15
276600,Hyun Ju,Lee,Hyun Ju Lee,68,69,56,63,73,32,52,2026-08-12 11:55:15
222582,Young Bin,Kim,Young Bin Kim,68,64,28,55,47,67,77,2026-08-12 11:55:15
234749,Ju Hun,Song,Ju Hun Song,68,57,35,44,48,66,79,2026-08-12 11:55:15
256252,Chan Yong,Park,Chan Yong Park,68,65,31,46,41,68,72,2026-08-12 11:55:15
238354,Chang Rae,Ha,Chang Rae Ha,68,48,33,46,49,67,76,2026-08-12 11:55:15
227788,Hyun Beom,Ahn,Hyun Beom Ahn,67,84,60,62,66,59,73,2026-08-12 11:55:15
238098,Soon Min,Lee,Soon Min Lee,67,69,59,63,67,65,78,2026-08-12 11:55:15
200601,Bit Garam,Yoon,Bit Garam Yoon,67,62,65,70,68,58,67,2026-08-12 11:55:15
232865,Tae Hyun,Ahn,Tae Hyun Ahn,67,80,60,55,63,61,71,2026-08-12 11:55:15
193144,Tae Hee,Nam,Tae Hee Nam,67,74,65,67,70,49,64,2026-08-12 11:55:15
199231,Tae Hwan,Kim,Tae Hwan Kim,67,78,51,59,62,61,77,2026-08-12 11:55:15
232857,In Soo,Yu,In Soo Yu,67,80,59,57,66,56,69,2026-08-12 11:55:15
253202,Hyeok Kyu,Kwon,Hyeok Kyu Kwon,67,68,53,62,61,62,79,2026-08-12 11:55:15
232000,Seung Woo,Lee,Seung Woo Lee,67,80,65,63,70,41,64,2026-08-12 11:55:15
184901,Kwang Hoon,Shin,Kwang Hoon Shin,67,60,56,63,63,63,75,2026-08-12 11:55:15
243061,Dong Jun,Lee,Dong Jun Lee,67,87,61,56,71,39,65,2026-08-12 11:55:15
251579,Kang Guk,Kim,Kang Guk Kim,67,63,57,65,63,55,71,2026-08-12 11:55:15
243672,Tae Hyun,Kim,Tae Hyun Kim,67,72,48,60,65,61,67,2026-08-12 11:55:15
268342,Cheol Woo,Park,Cheol Woo Park,67,75,46,57,64,61,69,2026-08-12 11:55:15
238173,Jae Hyeon,Mo,Jae Hyeon Mo,67,82,63,57,69,22,64,2026-08-12 11:55:15
261105,Byung Kwan,Jeon,Byung Kwan Jeon,67,81,66,54,69,21,57,2026-08-12 11:55:15
228534,Kang Hyun,Yu,Kang Hyun Yu,67,70,69,46,64,27,64,2026-08-12 11:55:15
260396,Sang Hyuk,Park,Sang Hyuk Park,67,68,64,45,60,21,71,2026-08-12 11:55:15
274672,Myeong Kwan,Seo,Myeong Kwan Seo,67,57,30,47,46,66,71,2026-08-12 11:55:15
228007,Yeong Jae,Lee,Yeong Jae Lee,66,72,61,66,69,58,66,2026-08-12 11:55:15
234276,Jae Hee,Jeong,Jae Hee Jeong,66,86,65,58,68,46,65,2026-08-12 11:55:15
222734,Sang Woo,Kang,Sang Woo Kang,66,76,55,64,66,59,67,2026-08-12 11:55:15
247748,Hee Kyun,Lee,Hee Kyun Lee,66,75,64,62,73,52,61,2026-08-12 11:55:15
199236,Chul,Hong,Chul Hong,66,72,51,64,67,61,70,2026-08-12 11:55:15
252810,Dug Keun,Lim,Dug Keun Lim,66,65,58,58,64,64,75,2026-08-12 11:55:15
228464,Jin Hyuk,Kim,Jin Hyuk Kim,66,61,58,54,60,65,75,2026-08-12 11:55:15
188545,Robert,Lewandowski,Robert Lewandowski,88,74,89,79,85,44,84,2026-08-12 11:55:15
241846,Ewa,Pajor,Ewa Pajor,88,87,88,64,88,22,71,2026-08-12 11:55:15
186153,Wojciech,Szczęsny,Wojciech Szczęsny,84,82,83,75,84,48,84,2026-08-12 11:55:15
264954,Tanja,Pawollek,Tanja Pawollek,81,48,73,76,78,78,81,2026-08-12 11:55:15
264884,Paulina,Dudek,Paulina Dudek,81,60,46,62,68,85,72,2026-08-12 11:55:15
210406,Piotr,Zieliński,Piotr Zieliński,80,76,76,80,82,70,59,2026-08-12 11:55:15
264971,Ewelina,Kamczyk,Ewelina Kamczyk,80,78,76,79,82,42,65,2026-08-12 11:55:15
227174,Matty,Cash,Matty Cash,79,75,66,71,75,75,76,2026-08-12 11:55:15
189908,Łukasz,Skorupski,Łukasz Skorupski,79,79,76,68,83,51,78,2026-08-12 11:55:15
228383,Kamil,Grabara,Kamil Grabara,79,80,76,73,84,42,78,2026-08-12 11:55:15
238186,Marcin,Bułka,Marcin Bułka,79,79,76,71,81,27,79,2026-08-12 11:55:15
205175,Arkadiusz,Milik,Arkadiusz Milik,79,50,82,72,77,40,67,2026-08-12 11:55:15
235973,Sebastian,Szymański,Sebastian Szymański,78,78,76,78,77,60,67,2026-08-12 11:55:15
264967,Katarzyna,Kiedrzynek,Katarzyna Kiedrzynek,78,78,77,74,80,39,78,2026-08-12 11:55:15
276765,Klaudia,Jedlińska,Klaudia Jedlińska,78,83,69,73,77,48,57,2026-08-12 11:55:15
269805,Kinga,Szemik,Kinga Szemik,77,77,75,72,78,49,76,2026-08-12 11:55:15
235413,Radosław,Majecki,Radosław Majecki,77,77,75,71,78,31,76,2026-08-12 11:55:15
265693,Jakub,Kiwior,Jakub Kiwior,77,67,37,66,65,78,74,2026-08-12 11:55:15
265102,Weronika,Zawistowska,Weronika Zawistowska,76,80,73,72,76,47,79,2026-08-12 11:55:15
262113,Nicola,Zalewski,Nicola Zalewski,76,83,64,73,78,63,59,2026-08-12 11:55:15
215502,Bartłomiej,Drągowski,Bartłomiej Drągowski,76,77,73,75,78,42,73,2026-08-12 11:55:15
264930,Sylwia,Matysik,Sylwia Matysik,76,63,57,65,63,79,74,2026-08-12 11:55:15
265082,Adriana,Achcińska,Adriana Achcińska,76,41,64,69,71,69,71,2026-08-12 11:55:15
212138,Przemysław,Frankowski,Przemysław Frankowski,75,87,71,74,75,69,71,2026-08-12 11:55:15
239778,Jakub,Moder,Jakub Moder,75,64,70,74,73,71,78,2026-08-12 11:55:15
264982,Dominika,Grabowska,Dominika Grabowska,75,69,70,75,78,63,63,2026-08-12 11:55:15
210136,Tomasz,Kędziora,Tomasz Kędziora,75,76,45,65,66,74,77,2026-08-12 11:55:15
73677,Nadia,Krezyman,Nadia Krezyman,75,83,54,71,70,43,63,2026-08-12 11:55:15
223779,Damian,Szymański,Damian Szymański,74,70,62,65,68,74,82,2026-08-12 11:55:15
269145,Aleksandra,Zaremba,Aleksandra Zaremba,74,71,57,71,72,70,68,2026-08-12 11:55:15
252495,Jakub,Kamiński,Jakub Kamiński,74,84,65,67,77,53,58,2026-08-12 11:55:15
177922,Kamil,Grosicki,Kamil Grosicki,74,81,68,73,74,37,66,2026-08-12 11:55:15
243222,Bartosz,Slisz,Bartosz Slisz,73,71,56,67,70,68,75,2026-08-12 11:55:15
211408,Karol,Linetty,Karol Linetty,73,56,64,71,73,70,64,2026-08-12 11:55:15
232007,Mateusz,Lis,Mateusz Lis,73,75,73,68,74,27,75,2026-08-12 11:55:15
277278,Natalia,Padilla Bidas,Natalia Padilla Bidas,73,78,71,62,72,45,64,2026-08-12 11:55:15
275895,Oliwia,Woś,Oliwia Woś,73,64,54,61,62,73,71,2026-08-12 11:55:15
224301,Karol,Świderski,Karol Świderski,73,66,74,63,71,32,71,2026-08-12 11:55:15
224438,Adam,Buksa,Adam Buksa,73,60,74,56,67,32,77,2026-08-12 11:55:15
220570,Jan,Bednarek,Jan Bednarek,73,43,22,55,55,74,77,2026-08-12 11:55:15
216003,Bartosz,Kapustka,Bartosz Kapustka,72,75,67,71,71,57,62,2026-08-12 11:55:15
235304,Bartosz,Mrozek,Bartosz Mrozek,72,71,70,68,73,38,73,2026-08-12 11:55:15
247866,Cezary,Miszta,Cezary Miszta,72,71,72,70,75,34,71,2026-08-12 11:55:15
221168,Dawid,Kownacki,Dawid Kownacki,72,73,72,64,72,35,68,2026-08-12 11:55:15
224763,Krystian,Bielik,Krystian Bielik,72,54,46,63,63,71,79,2026-08-12 11:55:15
276772,Dominika,Kopińska,Dominika Kopińska,72,70,72,59,70,31,72,2026-08-12 11:55:15
248508,Mateusz,Skrzypczak,Mateusz Skrzypczak,72,57,44,56,58,71,79,2026-08-12 11:55:15
224302,Mateusz,Wieteska,Mateusz Wieteska,72,57,38,51,61,72,72,2026-08-12 11:55:15
271788,Martyna,Wiankowska,Martyna Wiankowska,71,71,65,71,70,68,72,2026-08-12 11:55:15
192955,Mateusz,Klich,Mateusz Klich,71,66,69,72,70,63,74,2026-08-12 11:55:15
252018,Kamil,Piątkowski,Kamil Piątkowski,71,80,47,62,65,69,82,2026-08-12 11:55:15
261108,Antoni,Kozubal,Antoni Kozubal,71,68,57,68,71,61,74,2026-08-12 11:55:15
224336,Taras,Romanczuk,Taras Romanczuk,71,54,62,64,64,70,80,2026-08-12 11:55:15
243154,Adrian,Benedyczak,Adrian Benedyczak,71,84,70,65,68,32,70,2026-08-12 11:55:15
258311,Kacper,Trelowski,Kacper Trelowski,71,73,67,68,71,34,71,2026-08-12 11:55:15
243185,Przemysław,Wiśniewski,Przemysław Wiśniewski,71,84,25,45,52,69,82,2026-08-12 11:55:15
243497,Sebastian,Walukiewicz,Sebastian Walukiewicz,71,50,38,51,55,73,72,2026-08-12 11:55:15
260501,Łukasz,Łakomy,Łukasz Łakomy,70,72,65,66,69,67,74,2026-08-12 11:55:15
203568,Paweł,Wszołek,Paweł Wszołek,70,78,62,68,70,62,67,2026-08-12 11:55:15
252508,Kacper,Kozłowski,Kacper Kozłowski,70,68,63,67,74,64,69,2026-08-12 11:55:15
209417,Radosław,Murawski,Radosław Murawski,70,74,58,64,67,68,73,2026-08-12 11:55:15
269262,Maxi,Oyedele,Maxi Oyedele,70,70,58,66,69,69,67,2026-08-12 11:55:15
251633,Michał,Skóraś,Michał Skóraś,70,81,63,64,72,44,69,2026-08-12 11:55:15
248149,Michał,Karbownik,Michał Karbownik,70,83,45,67,75,62,60,2026-08-12 11:55:15
239772,Jakub,Stolarczyk,Jakub Stolarczyk,70,72,69,69,73,36,70,2026-08-12 11:55:15
276066,Dominik,Marczuk,Dominik Marczuk,70,71,63,65,69,57,61,2026-08-12 11:55:15
219293,Michał,Helik,Michał Helik,70,58,55,47,54,69,80,2026-08-12 11:55:15
238662,Tymoteusz,Puchacz,Tymoteusz Puchacz,69,85,62,67,70,59,78,2026-08-12 11:55:15
239732,Szymon,Żurkowski,Szymon Żurkowski,69,72,70,69,71,67,72,2026-08-12 11:55:15
229973,Jakub,Piotrowski,Jakub Piotrowski,69,69,64,67,69,67,75,2026-08-12 11:55:15
223307,Jarosław,Kubicki,Jarosław Kubicki,69,71,59,66,67,64,72,2026-08-12 11:55:15
236363,Bartosz,Wolski,Bartosz Wolski,69,66,62,70,65,62,74,2026-08-12 11:55:15
250932,Jan,Grzesik,Jan Grzesik,69,78,58,64,66,62,70,2026-08-12 11:55:15
255760,Bartłomiej,Wdowik,Bartłomiej Wdowik,69,69,60,68,67,63,65,2026-08-12 11:55:15
243870,Oskar,Repka,Oskar Repka,69,55,60,66,65,64,81,2026-08-12 11:55:15
267994,Sławomir,Abramowicz,Sławomir Abramowicz,69,68,65,68,72,36,69,2026-08-12 11:55:15
233409,Robert,Gumny,Robert Gumny,69,75,42,59,67,65,69,2026-08-12 11:55:15
239439,Przemysław,Płacheta,Przemysław Płacheta,69,91,61,60,71,39,55,2026-08-12 11:55:15
255838,Maik,Nawrocki,Maik Nawrocki,69,71,51,56,61,70,68,2026-08-12 11:55:15
258239,Mateusz,Kochalski,Mateusz Kochalski,69,69,65,61,73,39,69,2026-08-12 11:55:15
251411,Karol,Struski,Karol Struski,69,67,60,69,70,51,57,2026-08-12 11:55:15
257473,Mariusz,Fornalczyk,Mariusz Fornalczyk,69,90,61,58,72,27,58,2026-08-12 11:55:15
263208,Michael,Ameyaw,Michael Ameyaw,69,86,65,63,68,27,57,2026-08-12 11:55:15
263245,Tomasz,Pieńko,Tomasz Pieńko,69,86,62,57,68,18,62,2026-08-12 11:55:15
214882,Jakub,Czerwiński,Jakub Czerwiński,69,45,32,45,47,68,81,2026-08-12 11:55:15
255779,Kacper,Chodyna,Kacper Chodyna,68,85,62,63,66,59,64,2026-08-12 11:55:15
198046,Damian,Dąbrowski,Damian Dąbrowski,68,68,55,64,65,63,79,2026-08-12 11:55:15
234760,Arkadiusz,Reca,Arkadiusz Reca,68,78,56,63,66,62,66,2026-08-12 11:55:15
275233,Mateusz,Kowalczyk,Mateusz Kowalczyk,68,71,61,64,67,62,66,2026-08-12 11:55:15
234883,Grzegorz,Tomasiewicz,Grzegorz Tomasiewicz,68,68,59,62,70,64,67,2026-08-12 11:55:15
257886,Arkadiusz,Pyrka,Arkadiusz Pyrka,68,84,59,59,67,61,60,2026-08-12 11:55:15
246301,Łukasz,Poręba,Łukasz Poręba,68,67,53,64,67,68,69,2026-08-12 11:55:15
194059,Michał,Chrapek,Michał Chrapek,68,53,63,68,71,62,67,2026-08-12 11:55:15
216110,Dawid,Kudła,Dawid Kudła,68,65,68,69,66,45,69,2026-08-12 11:55:15
236459,Marcin,Wasielewski,Marcin Wasielewski,68,80,35,65,67,58,73,2026-08-12 11:55:15
235471,Bartosz,Nowak,Bartosz Nowak,68,63,67,69,71,43,63,2026-08-12 11:55:15
255776,Jakub,Kałuziński,Jakub Kałuziński,68,65,56,66,67,61,61,2026-08-12 11:55:15
244256,Daniel,Bielica,Daniel Bielica,68,70,66,65,68,38,66,2026-08-12 11:55:15
74021,Natalia,Wróbel,Natalia Wróbel,68,67,60,64,68,55,57,2026-08-12 11:55:15
224062,Patryk,Dziczek,Patryk Dziczek,68,57,54,60,65,65,70,2026-08-12 11:55:15
177683,Yann,Sommer,Yann Sommer,87,83,82,85,89,50,87,2026-08-12 11:55:15
235073,Gregor,Kobel,Gregor Kobel,86,87,83,64,87,44,86,2026-08-12 11:55:15
199503,Granit,Xhaka,Granit Xhaka,85,47,75,85,74,78,82,2026-08-12 11:55:15
264936,Géraldine,Reuteler,Géraldine Reuteler,84,90,82,81,85,59,75,2026-08-12 11:55:15
229261,Denis,Zakaria,Denis Zakaria,82,80,67,74,77,80,85,2026-08-12 11:55:15
210047,Fabian,Schär,Fabian Schär,82,51,68,76,73,84,80,2026-08-12 11:55:15
229237,Manuel,Akanji,Manuel Akanji,82,74,48,69,73,82,81,2026-08-12 11:55:15
202024,Remo,Freuler,Remo Freuler,81,58,72,76,77,77,74,2026-08-12 11:55:15
268940,Ana-Maria,Crnogorčević,Ana-Maria Crnogorčević,79,78,78,75,82,72,79,2026-08-12 11:55:15
272010,Viola,Calligaris,Viola Calligaris,79,79,59,72,75,80,80,2026-08-12 11:55:15
257980,Dan,Ndoye,Dan Ndoye,79,89,72,70,81,62,68,2026-08-12 11:55:15
264892,Ramona,Bachmann,Ramona Bachmann,79,72,78,77,81,53,78,2026-08-12 11:55:15
193348,Xherdan,Shaqiri,Xherdan Shaqiri,78,67,81,81,80,40,73,2026-08-12 11:55:15
265243,Noëlle,Maritz,Noëlle Maritz,78,76,47,74,71,78,73,2026-08-12 11:55:15
257186,Ardon,Jashari,Ardon Jashari,77,75,67,75,73,72,82,2026-08-12 11:55:15
222357,Breel,Embolo,Breel Embolo,77,78,75,70,75,51,80,2026-08-12 11:55:15
265086,Elvira,Herzog,Elvira Herzog,77,76,75,73,77,47,76,2026-08-12 11:55:15
239364,Philipp,Köhn,Philipp Köhn,77,78,74,69,78,46,75,2026-08-12 11:55:15
264987,Eseosa,Aigbogun,Eseosa Aigbogun,77,78,56,69,71,75,67,2026-08-12 11:55:15
189117,Roman,Bürki,Roman Bürki,77,79,75,60,79,46,73,2026-08-12 11:55:15
221491,Nico,Elvedi,Nico Elvedi,77,70,39,63,65,78,76,2026-08-12 11:55:15
229752,Djibril,Sow,Djibril Sow,76,78,69,73,76,74,78,2026-08-12 11:55:15
223550,Jonas,Omlin,Jonas Omlin,76,77,76,68,78,52,73,2026-08-12 11:55:15
264998,Luana,Bühler,Luana Bühler,76,72,56,70,67,77,74,2026-08-12 11:55:15
265080,Svenja,Fölmli,Svenja Fölmli,76,75,74,70,76,53,67,2026-08-12 11:55:15
242530,Noah,Okafor,Noah Okafor,76,86,76,71,80,31,69,2026-08-12 11:55:15
273411,Livia,Peng,Livia Peng,76,74,71,76,77,22,76,2026-08-12 11:55:15
273404,Seraina,Piubel,Seraina Piubel,76,67,70,74,76,43,56,2026-08-12 11:55:15
236369,Cédric,Zesiger,Cédric Zesiger,76,66,43,56,61,74,84,2026-08-12 11:55:15
236657,Filip,Ugrinić,Filip Ugrinić,75,77,73,74,75,69,85,2026-08-12 11:55:15
232839,Miro,Muheim,Miro Muheim,75,73,66,73,73,71,73,2026-08-12 11:55:15
238581,Ruben,Vargas,Ruben Vargas,75,84,70,69,78,54,64,2026-08-12 11:55:15
210537,Renato,Steffen,Renato Steffen,75,83,71,73,76,50,65,2026-08-12 11:55:15
228593,Vincent,Sierro,Vincent Sierro,75,57,67,76,72,70,74,2026-08-12 11:55:15
223143,Ulisses,Garcia,Ulisses Garcia,75,79,49,66,71,70,74,2026-08-12 11:55:15
262642,Zeki,Amdouni,Zeki Amdouni,75,71,76,69,76,46,70,2026-08-12 11:55:15
275887,Alayah,Pilgrim,Alayah Pilgrim,75,71,73,72,73,48,68,2026-08-12 11:55:15
234686,Jordan,Lotomba,Jordan Lotomba,75,75,48,65,72,71,71,2026-08-12 11:55:15
244634,Simon,Sohm,Simon Sohm,74,75,69,70,71,70,80,2026-08-12 11:55:15
190059,Steven,Zuber,Steven Zuber,74,75,75,73,75,60,75,2026-08-12 11:55:15
193352,Ricardo,Rodríguez,Ricardo Rodríguez,74,66,69,78,74,70,72,2026-08-12 11:55:15
264907,Amira,Arfaoui,Amira Arfaoui,74,79,70,72,77,59,70,2026-08-12 11:55:15
236898,Michel,Aebischer,Michel Aebischer,74,66,67,72,75,74,70,2026-08-12 11:55:15
239016,Dominik,Schmid,Dominik Schmid,74,77,58,75,73,67,73,2026-08-12 11:55:15
215556,Edimilson,Fernandes,Edimilson Fernandes,74,67,64,69,71,75,67,2026-08-12 11:55:15
190243,Marwin,Hitz,Marwin Hitz,74,72,73,75,73,42,77,2026-08-12 11:55:15
277699,Sydney,Schertenleib,Sydney Schertenleib,74,77,62,70,76,53,68,2026-08-12 11:55:15
271165,Meriame,Terchoun,Meriame Terchoun,74,75,68,72,75,52,61,2026-08-12 11:55:15
272274,Lydia,Andrade,Lydia Andrade,74,77,66,70,74,48,68,2026-08-12 11:55:15
259306,Fabian,Rieder,Fabian Rieder,74,74,69,71,75,51,62,2026-08-12 11:55:15
273405,Nadine,Riesen,Nadine Riesen,74,70,59,65,69,73,64,2026-08-12 11:55:15
244603,Bećir,Omeragić,Bećir Omeragić,74,75,40,63,67,74,73,2026-08-12 11:55:15
273403,Julia,Stierli,Julia Stierli,74,55,48,52,55,75,74,2026-08-12 11:55:15
260272,Alvyn Antonio,Sanches,Alvyn Antonio Sanches,73,84,64,69,77,63,66,2026-08-12 11:55:15
210625,Kevin,Mbabu,Kevin Mbabu,73,81,51,66,68,70,76,2026-08-12 11:55:15
258924,Joël,Almada Monteiro,Joël Almada Monteiro,73,81,69,64,73,47,78,2026-08-12 11:55:15
271845,Alena,Bienz,Alena Bienz,73,77,71,68,72,50,70,2026-08-12 11:55:15
233917,Dereck,Kutesa,Dereck Kutesa,73,89,70,66,73,40,67,2026-08-12 11:55:15
79520,Naomi,Luyet,Naomi Luyet,73,79,70,68,76,51,60,2026-08-12 11:55:15
79449,Smilla,Vallotto,Smilla Vallotto,73,68,66,73,73,61,62,2026-08-12 11:55:15
273406,Naomi,Mégroz,Naomi Mégroz,73,63,59,63,63,74,68,2026-08-12 11:55:15
264923,Lara,Marti,Lara Marti,73,72,49,61,65,73,69,2026-08-12 11:55:15
220665,Gregory,Wüthrich,Gregory Wüthrich,73,45,35,51,54,72,83,2026-08-12 11:55:15
216158,Silvan,Widmer,Silvan Widmer,72,73,62,70,71,70,72,2026-08-12 11:55:15
270913,Uran,Bislimi,Uran Bislimi,72,69,66,71,74,64,72,2026-08-12 11:55:15
238331,Lucas,Blondel,Lucas Blondel,72,79,61,61,71,68,70,2026-08-12 11:55:15
262862,Pascal,Loretz,Pascal Loretz,72,72,70,68,73,44,72,2026-08-12 11:55:15
256726,Marvin,Keller,Marvin Keller,72,73,70,70,74,38,73,2026-08-12 11:55:15
234913,Christian,Fassnacht,Christian Fassnacht,72,76,67,68,72,36,69,2026-08-12 11:55:15
270038,Justin,Hammel,Justin Hammel,72,75,70,70,77,23,70,2026-08-12 11:55:15
233885,Eray,Cömert,Eray Cömert,72,66,49,61,55,72,76,2026-08-12 11:55:15
229436,Stefan,Gartenmann,Stefan Gartenmann,72,63,33,62,63,73,78,2026-08-12 11:55:15
234683,Andi,Zeqiri,Andi Zeqiri,72,66,74,60,73,23,72,2026-08-12 11:55:15
224821,Steve,Rouiller,Steve Rouiller,72,43,27,48,53,73,78,2026-08-12 11:55:15
229336,Anto,Grgić,Anto Grgić,71,61,68,76,66,65,74,2026-08-12 11:55:15
230690,Maxime,Dominguez,Maxime Dominguez,71,74,69,72,73,58,60,2026-08-12 11:55:15
256776,Isaac,Schmidt,Isaac Schmidt,71,86,54,59,74,66,66,2026-08-12 11:55:15
247360,Leonidas,Stergiou,Leonidas Stergiou,71,78,42,60,67,70,75,2026-08-12 11:55:15
204842,Yanick,Brecher,Yanick Brecher,71,70,70,67,72,40,72,2026-08-12 11:55:15
265036,Ella,Touon,Ella Touon,71,69,48,64,66,71,71,2026-08-12 11:55:15
212601,Cephas,Malele,Cephas Malele,71,84,71,48,65,33,83,2026-08-12 11:55:15
275849,Leela,Egli,Leela Egli,71,75,69,67,72,37,63,2026-08-12 11:55:15
79467,Aurélie,Csillag,Aurélie Csillag,71,77,71,59,69,30,67,2026-08-12 11:55:15
275845,Kim,Dubs,Kim Dubs,71,66,63,68,68,43,61,2026-08-12 11:55:15
270846,Aurèle,Amenda,Aurèle Amenda,71,68,27,51,48,69,75,2026-08-12 11:55:15
229900,Sandro,Lauper,Sandro Lauper,70,73,65,65,69,69,72,2026-08-12 11:55:15
199890,Numa,Lavanchy,Numa Lavanchy,70,79,61,64,69,63,71,2026-08-12 11:55:15
263745,Christian,Witzig,Christian Witzig,70,68,65,70,72,61,69,2026-08-12 11:55:15
219244,David,von Ballmoos,David von Ballmoos,70,71,71,72,69,50,70,2026-08-12 11:55:15
240544,Giotto,Morandi,Giotto Morandi,70,76,67,70,70,52,63,2026-08-12 11:55:15
206307,Jérémy,Frick,Jérémy Frick,70,71,68,68,70,44,69,2026-08-12 11:55:15
193468,Loris,Benito,Loris Benito,70,66,50,63,63,70,77,2026-08-12 11:55:15
252526,Darian,Males,Darian Males,70,78,65,67,71,36,66,2026-08-12 11:55:15
233139,Cedric,Itten,Cedric Itten,70,68,71,61,66,36,79,2026-08-12 11:55:15
208159,Michael,Frey,Michael Frey,70,59,71,61,60,41,86,2026-08-12 11:55:15
256980,Matteo,Di Giusto,Matteo Di Giusto,70,78,68,67,74,31,54,2026-08-12 11:55:15
202886,Benjamin,Siegrist,Benjamin Siegrist,70,69,68,59,68,34,72,2026-08-12 11:55:15
272254,Laia,Ballesté Sciora,Laia Ballesté Sciora,70,65,45,57,63,71,69,2026-08-12 11:55:15
78842,Lara,Meroni,Lara Meroni,70,82,65,67,72,28,44,2026-08-12 11:55:15
259074,Albian,Hajdari,Albian Hajdari,70,60,32,48,51,68,78,2026-08-12 11:55:15
200389,Jan,Oblak,Jan Oblak,88,85,90,78,87,46,86,2026-08-12 11:55:15
264939,Lara,Prašnikar,Lara Prašnikar,82,78,80,74,82,44,79,2026-08-12 11:55:15
260592,Benjamin,Šeško,Benjamin Šeško,80,83,80,65,78,46,80,2026-08-12 11:55:15
265023,Sara,Agrež,Sara Agrež,78,76,48,68,65,78,80,2026-08-12 11:55:15
195365,Kevin,Kampl,Kevin Kampl,77,66,66,79,81,64,56,2026-08-12 11:55:15
244238,Jaka,Bijol,Jaka Bijol,77,64,59,65,62,77,79,2026-08-12 11:55:15
276862,Kaja,Korošec,Kaja Korošec,76,69,75,72,76,62,72,2026-08-12 11:55:15
223866,Sandi,Lovrič,Sandi Lovrič,75,62,66,75,73,70,66,2026-08-12 11:55:15
247861,Adam Gnezda,Čerin,Adam Gnezda Čerin,74,73,65,71,74,66,72,2026-08-12 11:55:15
247143,Andrés,Vombergar,Andrés Vombergar,74,81,72,62,67,33,80,2026-08-12 11:55:15
226129,Jon,Gorenc Stanković,Jon Gorenc Stanković,74,39,46,59,66,75,81,2026-08-12 11:55:15
270017,Tomi,Horvat,Tomi Horvat,73,75,70,73,76,55,69,2026-08-12 11:55:15
193336,Vid,Belec,Vid Belec,73,72,71,69,75,48,73,2026-08-12 11:55:15
233478,Miha,Zajc,Miha Zajc,72,62,71,74,73,64,64,2026-08-12 11:55:15
265117,Maja,Sternad,Maja Sternad,72,76,71,69,69,43,69,2026-08-12 11:55:15
255109,David,Tijanić,David Tijanić,71,77,68,70,74,49,67,2026-08-12 11:55:15
238941,Jure,Balkovec,Jure Balkovec,71,66,57,68,66,70,72,2026-08-12 11:55:15
76106,David,Zec,David Zec,71,65,35,49,58,70,76,2026-08-12 11:55:15
264085,David,Brekalo,David Brekalo,70,73,27,54,61,69,81,2026-08-12 11:55:15
225995,Petar,Stojanović,Petar Stojanović,69,77,51,63,65,63,69,2026-08-12 11:55:15
225996,Erik,Janža,Erik Janža,69,62,50,66,64,66,69,2026-08-12 11:55:15
240317,Žan,Celar,Žan Celar,69,74,69,57,67,27,75,2026-08-12 11:55:15
271005,Nik,Prelec,Nik Prelec,69,68,68,58,65,35,73,2026-08-12 11:55:15
240095,Leo,Štulac,Leo Štulac,68,68,61,70,70,63,62,2026-08-12 11:55:15
276849,Korina,Janež,Korina Janež,68,71,62,64,70,56,58,2026-08-12 11:55:15
251260,Blaž,Kramer,Blaž Kramer,68,73,67,54,63,36,69,2026-08-12 11:55:15
276716,Žan,Vipotnik,Žan Vipotnik,68,62,67,55,65,22,64,2026-08-12 11:55:15
238944,Žan,Majer,Žan Majer,67,62,62,69,69,62,66,2026-08-12 11:55:15
258465,Žan,Rogelj,Žan Rogelj,67,76,51,63,68,58,66,2026-08-12 11:55:15
271090,Nino,Žugelj,Nino Žugelj,67,81,59,62,68,33,69,2026-08-12 11:55:15
238464,Jan,Mlakar,Jan Mlakar,67,77,65,60,67,35,67,2026-08-12 11:55:15
246958,Aljaž,Ivačič,Aljaž Ivačič,67,69,65,62,70,39,64,2026-08-12 11:55:15
79253,Tamar,Svetlin,Tamar Svetlin,67,71,63,63,66,47,58,2026-08-12 11:55:15
262295,Igor,Vekić,Igor Vekić,67,65,66,68,67,30,66,2026-08-12 11:55:15
230046,Luka,Zahović,Luka Zahović,67,76,65,58,67,29,59,2026-08-12 11:55:15
273855,Dušan,Stojinović,Dušan Stojinović,67,62,31,46,58,66,73,2026-08-12 11:55:15
270528,Žan,Zaletel,Žan Zaletel,67,44,28,47,53,67,70,2026-08-12 11:55:15
251662,Aljaž,Casar,Aljaž Casar,66,57,54,62,64,65,78,2026-08-12 11:55:15
277593,Srđan,Kuzmić,Srđan Kuzmić,66,75,41,60,62,62,59,2026-08-12 11:55:15
273652,Tio,Cipot,Tio Cipot,66,63,64,60,69,49,53,2026-08-12 11:55:15
73405,Michael,Pavlović,Michael Pavlović,66,77,40,52,57,61,65,2026-08-12 11:55:15
271540,Žan,Žužek,Žan Žužek,66,72,33,47,51,67,65,2026-08-12 11:55:15
73952,Erik,Kojzek,Erik Kojzek,66,62,67,49,60,19,65,2026-08-12 11:55:15
276736,Tjaš,Begić,Tjaš Begić,65,79,61,64,69,44,54,2026-08-12 11:55:15
72707,Adrian,Zeljković,Adrian Zeljković,65,58,48,53,60,63,68,2026-08-12 11:55:15
76408,Gašper,Tratnik,Gašper Tratnik,65,63,65,61,63,27,65,2026-08-12 11:55:15
267137,Lana,Golob,Lana Golob,65,56,26,44,44,65,66,2026-08-12 11:55:15
261359,Žan,Kolmanič,Žan Kolmanič,64,66,53,67,62,57,64,2026-08-12 11:55:15
272943,Mitja,Ilenič,Mitja Ilenič,64,80,40,56,66,56,59,2026-08-12 11:55:15
268912,Martin,Turk,Martin Turk,64,66,56,57,71,38,63,2026-08-12 11:55:15
73188,Benjamin,Markuš,Benjamin Markuš,64,63,39,53,57,63,70,2026-08-12 11:55:15
72824,Svit,Sešlar,Svit Sešlar,63,72,52,63,63,55,66,2026-08-12 11:55:15
275327,Lovro,Štubljar,Lovro Štubljar,62,63,61,62,64,21,61,2026-08-12 11:55:15
279797,Lovro,Golič,Lovro Golič,62,58,38,39,46,65,57,2026-08-12 11:55:15
74003,Jaka,Čuber Potočnik,Jaka Čuber Potočnik,60,60,61,46,60,22,52,2026-08-12 11:55:15
79533,Marcel,Ratnik,Marcel Ratnik,59,61,24,37,39,59,67,2026-08-12 11:55:15
243893,Kenan,Fatkić,Kenan Fatkić,58,62,44,60,59,52,59,2026-08-12 11:55:15
229188,Vangelis,Pavlidis,Vangelis Pavlidis,82,79,82,71,80,47,82,2026-08-12 11:55:15
256948,Christos,Tzolis,Christos Tzolis,80,78,77,75,83,38,71,2026-08-12 11:55:15
203980,Konstantinos,Fortounis,Konstantinos Fortounis,80,73,77,82,80,43,66,2026-08-12 11:55:15
252552,Konstantinos,Tzolakis,Konstantinos Tzolakis,79,79,77,74,81,54,79,2026-08-12 11:55:15
232223,Kostas,Tsimikas,Kostas Tsimikas,77,78,57,75,75,74,72,2026-08-12 11:55:15
258015,Fotis,Ioannidis,Fotis Ioannidis,77,77,76,62,77,35,77,2026-08-12 11:55:15
259633,Giannis,Konstantelias,Giannis Konstantelias,77,78,70,75,81,38,61,2026-08-12 11:55:15
270077,Konstantinos,Koulierakis,Konstantinos Koulierakis,77,69,44,56,64,77,79,2026-08-12 11:55:15
234986,Panagiotis,Retsos,Panagiotis Retsos,77,69,38,62,64,76,76,2026-08-12 11:55:15
208250,Anastasios,Bakasetas,Anastasios Bakasetas,76,68,80,76,75,59,76,2026-08-12 11:55:15
236457,Dimitris,Giannoulis,Dimitris Giannoulis,76,83,55,69,73,70,67,2026-08-12 11:55:15
242000,Konstantinos,Mavropanos,Konstantinos Mavropanos,76,71,56,54,59,77,79,2026-08-12 11:55:15
239842,Georgios,Giakoumakis,Georgios Giakoumakis,76,72,76,55,67,29,78,2026-08-12 11:55:15
264330,Christos,Zafeiris,Christos Zafeiris,75,78,70,73,79,66,77,2026-08-12 11:55:15
255634,Georgios,Vagiannidis,Georgios Vagiannidis,75,81,54,70,75,70,69,2026-08-12 11:55:15
208224,Petros,Mantalos,Petros Mantalos,75,71,67,78,76,55,65,2026-08-12 11:55:15
255541,Lazaros,Rota,Lazaros Rota,75,81,47,66,70,71,75,2026-08-12 11:55:15
253213,Giorgos,Kyriakopoulos,Giorgos Kyriakopoulos,74,64,66,67,71,71,72,2026-08-12 11:55:15
239272,Vasilios,Barkas,Vasilios Barkas,74,74,72,73,76,42,72,2026-08-12 11:55:15
236773,Manolis,Siopis,Manolis Siopis,74,73,47,63,71,73,75,2026-08-12 11:55:15
278032,Christos,Mandas,Christos Mandas,74,76,71,72,78,23,70,2026-08-12 11:55:15
210381,Charalampos,Lykogiannis,Charalampos Lykogiannis,73,77,68,72,66,69,73,2026-08-12 11:55:15
246708,Georgios,Masouras,Georgios Masouras,73,72,73,73,75,49,70,2026-08-12 11:55:15
240493,Alexandros,Paschalakis,Alexandros Paschalakis,73,74,68,64,75,51,74,2026-08-12 11:55:15
222542,Manolis,Saliakas,Manolis Saliakas,73,69,58,68,72,66,69,2026-08-12 11:55:15
229150,Pantelis,Hatzidiakos,Pantelis Hatzidiakos,73,68,53,65,65,73,76,2026-08-12 11:55:15
210327,Andreas,Gianniotis,Andreas Gianniotis,73,74,71,65,74,38,70,2026-08-12 11:55:15
261478,Tasos,Douvikas,Tasos Douvikas,73,79,72,62,73,34,70,2026-08-12 11:55:15
245540,Stratos,Svarnas,Stratos Svarnas,73,72,36,52,53,72,82,2026-08-12 11:55:15
244287,Marios,Vrousai,Marios Vrousai,72,76,68,71,73,67,71,2026-08-12 11:55:15
73885,Charalampos,Kostoulas,Charalampos Kostoulas,72,86,68,61,71,41,77,2026-08-12 11:55:15
208260,Dimitrios,Kourbelis,Dimitrios Kourbelis,72,75,52,64,67,70,75,2026-08-12 11:55:15
211990,Odysseas,Vlachodimos,Odysseas Vlachodimos,72,73,72,66,71,42,72,2026-08-12 11:55:15
208053,Dimitrios,Pelkas,Dimitrios Pelkas,72,74,69,72,74,44,62,2026-08-12 11:55:15
253136,Giannis,Michailidis,Giannis Michailidis,72,62,51,65,62,72,73,2026-08-12 11:55:15
274699,Stefanos,Tzimas,Stefanos Tzimas,72,76,70,52,69,31,72,2026-08-12 11:55:15
72863,Andreas,Ntoi,Andreas Ntoi,72,62,38,54,49,72,77,2026-08-12 11:55:15
229703,Dimitrios,Goutas,Dimitrios Goutas,72,51,45,48,53,72,79,2026-08-12 11:55:15
262822,Gerasimos,Mitoglou,Gerasimos Mitoglou,72,64,34,51,44,72,83,2026-08-12 11:55:15
262815,Giannis,Kotsiras,Giannis Kotsiras,71,76,52,67,70,66,71,2026-08-12 11:55:15
73884,Christos,Mouzakitis,Christos Mouzakitis,71,69,61,72,73,61,61,2026-08-12 11:55:15
272288,Athanasia,Moraitou,Athanasia Moraitou,71,56,62,71,68,69,70,2026-08-12 11:55:15
239106,Leonardo,Koutris,Leonardo Koutris,70,73,60,66,69,64,72,2026-08-12 11:55:15
276007,Panos,Katseris,Panos Katseris,70,79,60,65,70,61,65,2026-08-12 11:55:15
279064,Stavros,Pilios,Stavros Pilios,70,78,48,64,70,62,65,2026-08-12 11:55:15
70497,Konstantinos,Karetsas,Konstantinos Karetsas,70,73,65,72,77,23,46,2026-08-12 11:55:15
80593,Georgios,Liavas,Georgios Liavas,69,62,56,61,65,65,72,2026-08-12 11:55:15
245392,Giannis,Botos,Giannis Botos,69,70,61,69,73,49,59,2026-08-12 11:55:15
240271,Dimitris,Limnios,Dimitris Limnios,69,74,66,64,71,39,58,2026-08-12 11:55:15
237040,Dimitrios,Nikolaou,Dimitrios Nikolaou,69,36,40,44,42,69,78,2026-08-12 11:55:15
252567,Sotiris,Alexandropoulos,Sotiris Alexandropoulos,68,75,59,63,69,67,72,2026-08-12 11:55:15
258040,Giannis,Papanikolaou,Giannis Papanikolaou,68,72,56,63,67,63,76,2026-08-12 11:55:15
202151,Konstantinos,Stafylidis,Konstantinos Stafylidis,68,57,62,64,69,67,66,2026-08-12 11:55:15
224846,Konstantinos,Kotsaris,Konstantinos Kotsaris,68,70,65,60,73,49,67,2026-08-12 11:55:15
205878,Stefanos,Kapino,Stefanos Kapino,68,69,64,65,68,46,68,2026-08-12 11:55:15
72884,Konstantinos,Thymianis,Konstantinos Thymianis,68,61,49,56,61,66,73,2026-08-12 11:55:15
262109,Alexios,Kalogeropoulos,Alexios Kalogeropoulos,68,69,34,51,53,67,73,2026-08-12 11:55:15
278137,Georgios,Nikas,Georgios Nikas,67,73,61,63,68,65,77,2026-08-12 11:55:15
238637,Sebastian,Vasiliadis,Sebastian Vasiliadis,67,70,60,63,69,63,70,2026-08-12 11:55:15
78469,Dimitrios,Kaloskamis,Dimitrios Kaloskamis,67,70,59,64,69,41,63,2026-08-12 11:55:15
276211,Alexandros,Kyziridis,Alexandros Kyziridis,67,78,68,61,67,25,64,2026-08-12 11:55:15
239271,Giannis,Anestis,Giannis Anestis,67,64,65,63,68,24,71,2026-08-12 11:55:15
260941,Michalis,Kosidis,Michalis Kosidis,67,71,67,47,62,23,69,2026-08-12 11:55:15
240501,Alexandros,Katranis,Alexandros Katranis,66,72,49,60,65,62,66,2026-08-12 11:55:15
268751,Ilias,Koutsoupias,Ilias Koutsoupias,66,65,56,59,66,58,68,2026-08-12 11:55:15
199568,Konstantinos,Lamprou,Konstantinos Lamprou,66,65,61,67,70,38,63,2026-08-12 11:55:15
252999,Vasilios,Zagaritis,Vasilios Zagaritis,66,83,42,54,63,60,62,2026-08-12 11:55:15
258834,Georgios,Koutsias,Georgios Koutsias,66,86,66,56,69,23,61,2026-08-12 11:55:15
262940,Apostolos,Konstantopoulos,Apostolos Konstantopoulos,66,60,26,54,59,66,71,2026-08-12 11:55:15
267872,Noah,Allen,Noah Allen,65,78,40,59,64,65,64,2026-08-12 11:55:15
258339,Georgios,Vrakas,Georgios Vrakas,65,74,60,61,69,44,60,2026-08-12 11:55:15
276591,Antonis,Tsiftsis,Antonis Tsiftsis,65,68,61,64,68,38,63,2026-08-12 11:55:15
222540,Nikolaos,Vergos,Nikolaos Vergos,65,71,64,48,61,32,66,2026-08-12 11:55:15
79804,Georgios,Kyriopoulos,Georgios Kyriopoulos,65,73,57,58,69,28,55,2026-08-12 11:55:15
79381,Konstantinos,Chrysopoulos,Konstantinos Chrysopoulos,65,60,35,49,40,63,74,2026-08-12 11:55:15
210401,Christos,Donis,Christos Donis,64,69,62,63,65,59,72,2026-08-12 11:55:15
273712,Georgios,Kanellopoulos,Georgios Kanellopoulos,64,69,57,60,66,52,59,2026-08-12 11:55:15
79110,Stavros,Pnevmonidis,Stavros Pnevmonidis,64,78,57,61,67,35,58,2026-08-12 11:55:15
73722,Georgios,Antzoulas,Georgios Antzoulas,64,64,46,54,57,62,67,2026-08-12 11:55:15
251311,Klaidi,Lolos,Klaidi Lolos,63,69,60,55,65,51,69,2026-08-12 11:55:15
74117,Theofanis,Bakoulas,Theofanis Bakoulas,63,66,56,55,60,58,67,2026-08-12 11:55:15
79916,Christos,Kosidis,Christos Kosidis,63,67,38,57,53,62,69,2026-08-12 11:55:15
78127,Adriano,Bregou,Adriano Bregou,63,73,54,56,68,34,53,2026-08-12 11:55:15
79813,Giannis,Bokos,Giannis Bokos,63,74,59,56,66,25,49,2026-08-12 11:55:15
75895,Dimitrios,Kottas,Dimitrios Kottas,63,61,35,50,47,63,67,2026-08-12 11:55:15
79262,Angelos,Angelopoulos,Angelos Angelopoulos,62,60,60,64,65,39,63,2026-08-12 11:55:15
74340,Dimitris,Rallis,Dimitris Rallis,62,66,60,51,62,23,61,2026-08-12 11:55:15
266437,Dimitrios,Keramitsis,Dimitrios Keramitsis,62,53,26,37,38,63,67,2026-08-12 11:55:15
80285,Christoforos,Kolimatsis,Christoforos Kolimatsis,61,69,47,50,62,61,60,2026-08-12 11:55:15
74085,Nikolaos,Botis,Nikolaos Botis,61,64,60,55,63,31,60,2026-08-12 11:55:15
76686,Volanakis,Polydefkis,Volanakis Polydefkis,61,64,32,48,56,59,72,2026-08-12 11:55:15
79053,Konstantinos,Doumtsios,Konstantinos Doumtsios,61,63,60,47,61,24,62,2026-08-12 11:55:15
74409,Argyris,Darelas,Argyris Darelas,60,68,59,61,63,55,62,2026-08-12 11:55:15
276087,Dimitrios,Stamatakis,Dimitrios Stamatakis,60,57,62,62,61,17,61,2026-08-12 11:55:15
276674,Fotis,Pseftis,Fotis Pseftis,59,60,57,62,61,22,59,2026-08-12 11:55:15
74354,Christos,Karanatsios,Christos Karanatsios,58,65,54,56,59,35,42,2026-08-12 11:55:15
223848,Sergej,Milinković-Savić,Sergej Milinković-Savić,84,62,80,81,81,78,88,2026-08-12 11:55:15
238095,Nikola,Milenković,Nikola Milenković,83,57,46,63,62,84,86,2026-08-12 11:55:15
230872,Mile,Svilar,Mile Svilar,82,80,80,77,85,58,82,2026-08-12 11:55:15
246430,Dušan,Vlahović,Dušan Vlahović,82,78,84,69,77,29,82,2026-08-12 11:55:15
208574,Filip,Kostić,Filip Kostić,81,82,76,81,80,70,77,2026-08-12 11:55:15
269626,Đorđe,Petrović,Đorđe Petrović,80,80,78,73,82,41,78,2026-08-12 11:55:15
241727,Predrag,Rajković,Predrag Rajković,80,78,78,76,84,29,79,2026-08-12 11:55:15
224836,Vanja,Milinković-Savić,Vanja Milinković-Savić,79,79,77,84,79,43,81,2026-08-12 11:55:15
271568,Jelena,Čanković,Jelena Čanković,79,73,79,75,82,59,71,2026-08-12 11:55:15
227290,Marko,Dmitrović,Marko Dmitrović,79,76,79,78,80,37,80,2026-08-12 11:55:15
264890,Jovana,Damnjanović,Jovana Damnjanović,79,80,78,72,77,43,78,2026-08-12 11:55:15
220746,Andrija,Živković,Andrija Živković,78,82,74,74,81,57,66,2026-08-12 11:55:15
236699,Saša,Lukić,Saša Lukić,78,60,69,76,74,76,79,2026-08-12 11:55:15
193198,Nemanja,Gudelj,Nemanja Gudelj,77,46,73,78,69,76,84,2026-08-12 11:55:15
191202,Nemanja,Matić,Nemanja Matić,77,33,66,74,73,76,73,2026-08-12 11:55:15
258683,Ivan,Ilić,Ivan Ilić,76,67,72,77,77,69,67,2026-08-12 11:55:15
261307,Veljko,Birmančević,Veljko Birmančević,76,78,71,73,80,38,58,2026-08-12 11:55:15
232432,Luka,Jović,Luka Jović,76,75,76,68,74,29,70,2026-08-12 11:55:15
254840,Strahinja,Pavlović,Strahinja Pavlović,76,70,43,51,64,75,83,2026-08-12 11:55:15
256115,Lazar,Samardžić,Lazar Samardžić,75,69,72,75,79,60,60,2026-08-12 11:55:15
193881,Filip,Đuričić,Filip Đuričić,75,71,73,74,77,42,60,2026-08-12 11:55:15
251105,Dejan,Joveljić,Dejan Joveljić,75,76,75,61,70,32,73,2026-08-12 11:55:15
269271,Filip,Stanković,Filip Stanković,74,74,73,70,75,50,71,2026-08-12 11:55:15
272204,Allegra,Poljak,Allegra Poljak,74,71,56,71,71,71,70,2026-08-12 11:55:15
232099,Marko,Grujić,Marko Grujić,73,54,69,69,74,73,77,2026-08-12 11:55:15
230564,Mijat,Gaćinović,Mijat Gaćinović,73,80,61,70,75,63,66,2026-08-12 11:55:15
240223,Mihailo,Ristić,Mihailo Ristić,73,73,64,66,72,68,68,2026-08-12 11:55:15
252573,Aleksa,Terzić,Aleksa Terzić,73,82,46,64,71,68,66,2026-08-12 11:55:15
252551,Svetozar,Marković,Svetozar Marković,73,72,45,55,59,73,77,2026-08-12 11:55:15
221969,Filip,Mladenović,Filip Mladenović,72,83,67,69,69,65,68,2026-08-12 11:55:15
74207,Kosta,Nedeljković,Kosta Nedeljković,72,81,44,65,69,68,67,2026-08-12 11:55:15
73288,Dejan,Zukić,Dejan Zukić,72,71,69,72,69,45,61,2026-08-12 11:55:15
277799,Andrej,Ilić,Andrej Ilić,72,71,70,51,65,30,77,2026-08-12 11:55:15
273915,Nikola,Štulić,Nikola Štulić,72,54,76,57,66,25,70,2026-08-12 11:55:15
239581,Rade,Dugalić,Rade Dugalić,72,45,49,54,44,71,83,2026-08-12 11:55:15
223489,Aleksandar,Pešić,Aleksandar Pešić,71,68,68,60,66,47,76,2026-08-12 11:55:15
225028,Nemanja,Radoja,Nemanja Radoja,71,42,61,69,70,68,72,2026-08-12 11:55:15
276302,Mirko,Topić,Mirko Topić,71,65,48,62,61,71,75,2026-08-12 11:55:15
79107,Andrija,Maksimović,Andrija Maksimović,71,71,70,72,70,37,59,2026-08-12 11:55:15
255827,Ranko,Veselinović,Ranko Veselinović,71,68,27,50,50,70,79,2026-08-12 11:55:15
275918,Nenad,Cvetković,Nenad Cvetković,71,53,44,52,42,71,78,2026-08-12 11:55:15
238473,Erhan,Mašović,Erhan Mašović,71,58,33,49,56,72,68,2026-08-12 11:55:15
231073,Boris,Radunović,Boris Radunović,70,73,65,68,75,40,68,2026-08-12 11:55:15
243834,Luka,Ilić,Luka Ilić,70,74,63,69,71,46,60,2026-08-12 11:55:15
243628,Aleksandar,Vukotić,Aleksandar Vukotić,70,53,43,50,41,68,82,2026-08-12 11:55:15
277022,Jan-Carlo,Simić,Jan-Carlo Simić,70,67,28,45,46,70,68,2026-08-12 11:55:15
235002,Lazar,Rosić,Lazar Rosić,70,50,31,47,49,70,76,2026-08-12 11:55:15
209547,Stefan,Mitrović,Stefan Mitrović,70,32,34,54,45,70,79,2026-08-12 11:55:15
276615,Sanja,Kovačević,Sanja Kovačević,69,70,67,63,69,54,67,2026-08-12 11:55:15
258771,Aleksandar,Ćirković,Aleksandar Ćirković,69,73,64,64,70,40,63,2026-08-12 11:55:15
244709,Marko,Jevtović,Marko Jevtović,69,44,62,61,59,70,77,2026-08-12 11:55:15
239612,Stefan,Dražić,Stefan Dražić,69,65,69,58,67,27,73,2026-08-12 11:55:15
74865,Mihailo,Ivanović,Mihailo Ivanović,69,71,69,51,66,33,68,2026-08-12 11:55:15
241070,Nikola,Maraš,Nikola Maraš,69,59,38,50,55,68,77,2026-08-12 11:55:15
266564,Nikola,Stevanović,Nikola Stevanović,69,55,23,42,46,69,81,2026-08-12 11:55:15
244135,Aleksandar,Radovanović,Aleksandar Radovanović,69,38,29,50,49,68,80,2026-08-12 11:55:15
70922,Stefan,Mitrović,Stefan Mitrović,68,76,69,61,71,35,64,2026-08-12 11:55:15
213163,Milan,Rodić,Milan Rodić,68,69,53,55,64,63,65,2026-08-12 11:55:15
276167,Marko,Ivezić,Marko Ivezić,68,69,39,57,56,67,74,2026-08-12 11:55:15
240043,Filip,Manojlović,Filip Manojlović,68,70,67,68,69,20,64,2026-08-12 11:55:15
275978,Petar,Ratkov,Petar Ratkov,68,68,67,52,66,31,71,2026-08-12 11:55:15
215892,Uroš,Spajić,Uroš Spajić,68,53,40,53,63,68,74,2026-08-12 11:55:15
74788,Bojan,Kovačević,Bojan Kovačević,68,62,39,46,59,67,70,2026-08-12 11:55:15
70482,Mihajlo,Ilić,Mihajlo Ilić,68,45,42,51,53,68,69,2026-08-12 11:55:15
234813,Radovan,Pankov,Radovan Pankov,68,63,27,39,46,68,75,2026-08-12 11:55:15
276451,Aljoša,Vasić,Aljoša Vasić,67,79,64,68,71,66,67,2026-08-12 11:55:15
73173,Nemanja,Tošić,Nemanja Tošić,67,67,47,65,65,64,73,2026-08-12 11:55:15
78261,Mihajlo,Cvetković,Mihajlo Cvetković,67,71,64,65,70,33,65,2026-08-12 11:55:15
69992,Miloš,Luković,Miloš Luković,67,61,67,49,65,25,70,2026-08-12 11:55:15
73444,Nikola,Radmanovac,Nikola Radmanovac,67,60,32,43,45,65,82,2026-08-12 11:55:15
258687,Boris,Popović,Boris Popović,67,54,33,51,51,66,72,2026-08-12 11:55:15
211250,Uroš,Radaković,Uroš Radaković,67,48,33,45,46,67,74,2026-08-12 11:55:15
258043,Mihailo,Stevanović,Mihailo Stevanović,66,71,60,63,67,61,72,2026-08-12 11:55:15
273582,Jovan,Lukiċ,Jovan Lukiċ,66,76,62,64,68,59,60,2026-08-12 11:55:15
278318,Aleksandar,Stanković,Aleksandar Stanković,66,65,40,60,59,63,64,2026-08-12 11:55:15
234735,Aleksandar,Jovanović,Aleksandar Jovanović,66,68,60,63,66,22,68,2026-08-12 11:55:15
77572,Branimir,Jočić,Branimir Jočić,66,57,35,57,56,61,76,2026-08-12 11:55:15
74924,Vanja,Vlahović,Vanja Vlahović,66,66,68,53,65,25,59,2026-08-12 11:55:15
271683,Marko,Milovanović,Marko Milovanović,66,58,67,50,63,26,68,2026-08-12 11:55:15
70249,Borisav,Burmaz,Borisav Burmaz,65,73,64,58,63,35,68,2026-08-12 11:55:15
72694,Luka,Gojković,Luka Gojković,65,69,56,65,68,33,51,2026-08-12 11:55:15
266891,Marko,Lazetić,Marko Lazetić,64,66,64,54,64,33,67,2026-08-12 11:55:15
277470,Srdjan,Hrstić,Srdjan Hrstić,64,78,64,52,59,21,71,2026-08-12 11:55:15
269472,Nikolas,Agrafiotis,Nikolas Agrafiotis,64,72,63,46,61,25,73,2026-08-12 11:55:15
79300,Lazar,Jovanović,Lazar Jovanović,64,75,56,57,70,28,46,2026-08-12 11:55:15
242672,Lazar,Ćirković,Lazar Ćirković,64,59,32,46,46,63,67,2026-08-12 11:55:15
261606,Ivan,Kričak,Ivan Kričak,64,53,26,46,53,63,70,2026-08-12 11:55:15
258893,Sava-Arangel,Čestić,Sava-Arangel Čestić,64,43,28,42,45,63,78,2026-08-12 11:55:15
230132,Dejan,Dražić,Dejan Dražić,63,75,60,59,63,46,64,2026-08-12 11:55:15
223968,Vaso,Vasić,Vaso Vasić,63,63,63,64,63,46,64,2026-08-12 11:55:15
71218,Nikola,Petković,Nikola Petković,63,54,50,60,62,61,59,2026-08-12 11:55:15
74476,Stefan,Džodić,Stefan Džodić,63,65,36,51,55,64,75,2026-08-12 11:55:15
253112,Filip,Stuparević,Filip Stuparević,63,68,62,54,62,30,67,2026-08-12 11:55:15
275032,Novak,Mićović,Novak Mićović,63,63,63,61,62,25,60,2026-08-12 11:55:15
74326,Igor,Miladinović,Igor Miladinović,63,76,52,63,67,38,36,2026-08-12 11:55:15
73121,Boris,Matić,Boris Matić,63,69,34,49,57,61,57,2026-08-12 11:55:15
79542,Aleksandra,Gajić,Aleksandra Gajić,62,52,24,47,48,63,64,2026-08-12 11:55:15
74917,Milan,Aleksić,Milan Aleksić,61,66,55,61,63,54,53,2026-08-12 11:55:15
243831,Bojan,Radulović,Bojan Radulović,61,51,61,52,61,26,68,2026-08-12 11:55:15
74631,Igor,Jeličić,Igor Jeličić,61,61,33,41,52,60,67,2026-08-12 11:55:15
275589,Andrea,Álvarez,Andrea Álvarez,72,75,74,63,74,41,72,2026-08-12 11:55:15
242542,Aarón,Herrera,Aarón Herrera,71,71,49,69,70,67,75,2026-08-12 11:55:15
194964,Nathaniel,Méndez-Laing,Nathaniel Méndez-Laing,67,78,65,63,67,49,65,2026-08-12 11:55:15
76481,Aisha,Solórzano,Aisha Solórzano,65,54,64,55,65,38,60,2026-08-12 11:55:15
267684,Nicholas,Hagen,Nicholas Hagen,64,64,62,61,64,33,64,2026-08-12 11:55:15
234579,Julian,Quiñones,Julian Quiñones,80,88,79,70,79,36,83,2026-08-12 11:55:15
245152,Santiago,Giménez,Santiago Giménez,79,78,80,70,77,46,69,2026-08-12 11:55:15
246059,Lizbeth,Ovalle,Lizbeth Ovalle,79,72,81,76,80,42,60,2026-08-12 11:55:15
235844,Edson,Álvarez,Edson Álvarez,78,65,58,69,72,78,79,2026-08-12 11:55:15
221992,Hirving,Lozano,Hirving Lozano,78,88,75,71,80,41,58,2026-08-12 11:55:15
224574,Orbelín,Pineda,Orbelín Pineda,77,81,74,72,81,68,69,2026-08-12 11:55:15
204838,Raúl,Jiménez,Raúl Jiménez,77,57,79,74,75,46,79,2026-08-12 11:55:15
244349,Johan,Vásquez,Johan Vásquez,75,61,33,58,60,76,75,2026-08-12 11:55:15
241224,Rebeca,Bernal,Rebeca Bernal,74,74,56,68,73,75,72,2026-08-12 11:55:15
247678,Julian,Araujo,Julian Araujo,74,83,35,64,70,71,73,2026-08-12 11:55:15
246289,César,Huerta,César Huerta,73,84,68,68,75,48,70,2026-08-12 11:55:15
263711,Rodrigo,Huescas,Rodrigo Huescas,72,83,63,67,70,65,62,2026-08-12 11:55:15
78784,Mateo,Chávez,Mateo Chávez,72,82,45,64,71,65,68,2026-08-12 11:55:15
273470,Reyna,Reyes,Reyna Reyes,72,62,49,66,67,71,61,2026-08-12 11:55:15
263701,Obed,Vargas,Obed Vargas,69,74,52,64,73,63,57,2026-08-12 11:55:15
271034,Álex,Padilla Pérez,Álex Padilla Pérez,68,70,67,63,71,34,67,2026-08-12 11:55:15
258081,Luca,Martínez Dupuy,Luca Martínez Dupuy,67,74,66,51,67,25,66,2026-08-12 11:55:15
248548,Daniel,Aguilar,Daniel Aguilar,66,75,53,67,66,59,61,2026-08-12 11:55:15
264863,Heriberto,Jurado,Heriberto Jurado,65,74,57,60,66,29,58,2026-08-12 11:55:15
235184,Daniel,Ríos,Daniel Ríos,65,48,70,45,59,26,68,2026-08-12 11:55:15
235590,Pablo,Sisniega,Pablo Sisniega,64,63,65,64,64,44,65,2026-08-12 11:55:15
266118,Jonathan Germán,Gómez,Jonathan Germán Gómez,64,74,34,49,61,59,54,2026-08-12 11:55:15
259406,Santiago,Muñoz,Santiago Muñoz,63,71,62,58,67,25,59,2026-08-12 11:55:15
247428,David,Ochoa,David Ochoa,62,60,62,60,62,27,60,2026-08-12 11:55:15
239993,Abraham,Romero,Abraham Romero,61,64,61,60,62,51,63,2026-08-12 11:55:15
76105,César,Garza,César Garza,61,62,53,55,60,60,60,2026-08-12 11:55:15
257482,Alán,Montes,Alán Montes,60,54,33,48,51,60,65,2026-08-12 11:55:15
262209,Érik,Dueñas,Érik Dueñas,59,70,35,55,69,55,38,2026-08-12 11:55:15
77460,Anthony,Ramírez,Anthony Ramírez,56,66,56,53,57,29,52,2026-08-12 11:55:15
256039,Jonathan,Pérez,Jonathan Pérez,56,73,50,49,60,26,38,2026-08-12 11:55:15
228684,Ryan,Nyambe,Ryan Nyambe,67,77,35,57,65,64,72,2026-08-12 11:55:15
208128,Hakan,Çalhanoğlu,Hakan Çalhanoğlu,86,71,81,87,82,81,73,2026-08-12 11:55:15
243245,Orkun,Kökçü,Orkun Kökçü,82,72,80,84,80,70,79,2026-08-12 11:55:15
264309,Arda,Güler,Arda Güler,81,70,77,83,83,52,50,2026-08-12 11:55:15
263205,Barış Alper,Yılmaz,Barış Alper Yılmaz,80,93,77,72,79,69,90,2026-08-12 11:55:15
226300,Uğurcan,Çakır,Uğurcan Çakır,80,81,76,74,79,54,80,2026-08-12 11:55:15
258580,Kerem,Aktürkoğlu,Kerem Aktürkoğlu,80,85,75,74,81,41,58,2026-08-12 11:55:15
229905,Abdülkerim,Bardakcı,Abdülkerim Bardakcı,80,59,46,70,69,81,85,2026-08-12 11:55:15
235152,Ferdi,Kadıoğlu,Ferdi Kadıoğlu,79,82,68,74,80,76,67,2026-08-12 11:55:15
277954,Kenan,Yıldız,Kenan Yıldız,79,84,78,74,83,35,66,2026-08-12 11:55:15
190113,Mert,Günok,Mert Günok,78,76,76,79,78,56,77,2026-08-12 11:55:15
225403,İrfan Can,Kahveci,İrfan Can Kahveci,78,73,77,81,80,58,67,2026-08-12 11:55:15
239892,Yunus,Akgün,Yunus Akgün,78,87,78,74,81,40,61,2026-08-12 11:55:15
238160,Merih,Demiral,Merih Demiral,78,73,39,49,61,79,81,2026-08-12 11:55:15
264001,Oğuz,Aydın,Oğuz Aydın,77,85,72,71,78,56,67,2026-08-12 11:55:15
260466,İsmail,Yüksek,İsmail Yüksek,77,74,59,70,73,74,78,2026-08-12 11:55:15
239254,Berke,Özer,Berke Özer,77,77,73,70,79,44,76,2026-08-12 11:55:15
223197,Enes,Ünal,Enes Ünal,77,66,79,68,75,40,73,2026-08-12 11:55:15
232119,Çağlar,Söyüncü,Çağlar Söyüncü,77,69,47,58,65,77,80,2026-08-12 11:55:15
205201,Okay,Yokuşlu,Okay Yokuşlu,76,65,70,71,69,74,81,2026-08-12 11:55:15
207790,Kaan,Ayhan,Kaan Ayhan,76,57,62,77,69,78,77,2026-08-12 11:55:15
224490,Zeki,Çelik,Zeki Çelik,76,72,59,69,73,73,74,2026-08-12 11:55:15
235889,Cengiz,Ünder,Cengiz Ünder,76,77,74,76,78,38,56,2026-08-12 11:55:15
239096,Atakan,Karazor,Atakan Karazor,76,45,36,63,68,77,74,2026-08-12 11:55:15
211908,Günay,Güvenç,Günay Güvenç,75,75,72,76,75,57,75,2026-08-12 11:55:15
259754,Eren,Elmalı,Eren Elmalı,75,83,52,72,72,69,77,2026-08-12 11:55:15
235407,Salih,Özcan,Salih Özcan,75,70,59,68,73,75,79,2026-08-12 11:55:15
234341,İrfan Can,Eğribayat,İrfan Can Eğribayat,75,75,74,73,75,47,73,2026-08-12 11:55:15
231887,Yusuf,Yazıcı,Yusuf Yazıcı,75,63,74,76,77,46,71,2026-08-12 11:55:15
243647,Altay,Bayındır,Altay Bayındır,75,77,72,70,77,30,75,2026-08-12 11:55:15
241389,Yusuf,Sarı,Yusuf Sarı,75,85,70,70,79,33,59,2026-08-12 11:55:15
239890,Ozan,Kabak,Ozan Kabak,75,60,37,59,66,74,79,2026-08-12 11:55:15
243526,Mert,Müldür,Mert Müldür,74,76,54,65,73,71,75,2026-08-12 11:55:15
235661,Doğucan,Haspolat,Doğucan Haspolat,74,63,56,70,72,68,70,2026-08-12 11:55:15
258316,Eren,Dinkçi,Eren Dinkçi,74,86,72,69,75,31,60,2026-08-12 11:55:15
275328,Can,Uzun,Can Uzun,74,62,75,66,77,25,62,2026-08-12 11:55:15
223154,Ozan,Tufan,Ozan Tufan,73,75,76,71,74,70,79,2026-08-12 11:55:15
259675,Berkan,Kutlu,Berkan Kutlu,73,75,63,65,69,71,75,2026-08-12 11:55:15
215531,Deniz,Türüç,Deniz Türüç,73,72,71,73,73,57,71,2026-08-12 11:55:15
248854,Berat,Özdemir,Berat Özdemir,73,71,60,70,69,69,76,2026-08-12 11:55:15
252208,Rıdvan,Yılmaz,Rıdvan Yılmaz,73,88,56,66,76,66,62,2026-08-12 11:55:15
231777,Abdülkadir,Ömür,Abdülkadir Ömür,73,79,64,71,77,54,56,2026-08-12 11:55:15
239045,Emre,Kılınç,Emre Kılınç,73,74,68,70,75,51,61,2026-08-12 11:55:15
223175,Okan,Kocuk,Okan Kocuk,73,76,72,66,76,33,70,2026-08-12 11:55:15
256933,Aral,Şimşir,Aral Şimşir,73,80,64,72,75,36,66,2026-08-12 11:55:15
231240,Emre,Mor,Emre Mor,73,85,67,66,80,38,56,2026-08-12 11:55:15
212240,Kenan,Karaman,Kenan Karaman,73,73,72,67,74,28,72,2026-08-12 11:55:15
255558,Emin,Bayram,Emin Bayram,73,60,40,60,70,74,72,2026-08-12 11:55:15
256033,Emirhan,Topçu,Emirhan Topçu,73,73,33,57,65,73,74,2026-08-12 11:55:15
277871,Demir Ege,Tıknaz,Demir Ege Tıknaz,72,69,65,66,69,68,75,2026-08-12 11:55:15
230685,Emre,Akbaba,Emre Akbaba,72,66,73,73,71,58,63,2026-08-12 11:55:15
216814,Salih,Uçan,Salih Uçan,72,53,69,75,74,66,62,2026-08-12 11:55:15
245370,Ersin,Destanoğlu,Ersin Destanoğlu,72,70,72,68,71,38,72,2026-08-12 11:55:15
233520,Barış,Atik,Barış Atik,72,73,69,70,77,41,57,2026-08-12 11:55:15
234870,Efecan,Karaca,Efecan Karaca,72,79,64,71,76,44,48,2026-08-12 11:55:15
192991,Cenk,Tosun,Cenk Tosun,72,58,76,67,70,36,69,2026-08-12 11:55:15
223717,Dorukhan,Toköz,Dorukhan Toköz,71,71,66,69,70,72,73,2026-08-12 11:55:15
252544,Levent,Mercan,Levent Mercan,71,74,62,71,72,67,67,2026-08-12 11:55:15
225555,Ahmet,Oğuz,Ahmet Oğuz,71,72,59,67,69,68,77,2026-08-12 11:55:15
244486,Mustafa,Eskihellaç,Mustafa Eskihellaç,71,86,58,64,72,66,64,2026-08-12 11:55:15
223134,Zeki,Yavru,Zeki Yavru,71,65,61,75,68,68,65,2026-08-12 11:55:15
196318,Serdar,Gürler,Serdar Gürler,71,82,65,67,73,43,58,2026-08-12 11:55:15
235931,Muhammed,Şengezer,Muhammed Şengezer,71,71,68,66,72,35,70,2026-08-12 11:55:15
277217,Taha,Şahin,Taha Şahin,71,77,46,60,70,66,62,2026-08-12 11:55:15
239048,Halil,Akbunar,Halil Akbunar,71,79,64,68,73,38,56,2026-08-12 11:55:15
265978,Lalia,Storti,Lalia Storti,71,45,56,67,74,52,65,2026-08-12 11:55:15
264728,Ahmetcan,Kaplan,Ahmetcan Kaplan,71,63,30,58,57,71,73,2026-08-12 11:55:15
264284,Rayyan,Baniya,Rayyan Baniya,71,65,31,43,55,71,78,2026-08-12 11:55:15
240837,Mert Hakan,Yandaş,Mert Hakan Yandaş,70,66,69,73,71,62,68,2026-08-12 11:55:15
186651,Güray,Vural,Güray Vural,70,72,68,71,70,64,63,2026-08-12 11:55:15
188524,Volkan,Babacan,Volkan Babacan,70,70,68,67,67,50,76,2026-08-12 11:55:15
162220,Sinan,Bolat,Sinan Bolat,70,67,73,71,68,44,70,2026-08-12 11:55:15
254296,Kartal,Yılmaz,Kartal Yılmaz,70,67,52,72,68,65,68,2026-08-12 11:55:15
276583,Livan,Burcu,Livan Burcu,70,78,64,66,73,52,59,2026-08-12 11:55:15
243914,Efkan,Bekiroğlu,Efkan Bekiroğlu,70,69,67,69,71,46,69,2026-08-12 11:55:15
245822,Doğan,Alemdar,Doğan Alemdar,70,70,69,69,69,38,71,2026-08-12 11:55:15
274616,Semih,Kılıçsoy,Semih Kılıçsoy,70,77,70,63,72,31,71,2026-08-12 11:55:15
245368,Güven,Yalçın,Güven Yalçın,70,75,73,61,71,23,62,2026-08-12 11:55:15
240856,Bilal,Bayazıt,Bilal Bayazıt,70,69,65,62,73,24,70,2026-08-12 11:55:15
230624,Umut,Nayir,Umut Nayir,70,63,69,53,64,31,77,2026-08-12 11:55:15
258396,Cenk,Özkacar,Cenk Özkacar,70,57,36,56,61,69,74,2026-08-12 11:55:15
225487,Hasan,Kuruçay,Hasan Kuruçay,70,64,42,50,48,68,80,2026-08-12 11:55:15
264066,Serdar,Saatçı,Serdar Saatçı,70,69,30,48,61,68,75,2026-08-12 11:55:15
258777,Adil,Demirbağ,Adil Demirbağ,70,54,36,50,52,71,71,2026-08-12 11:55:15
263021,Samet,Akaydın,Samet Akaydın,70,55,37,43,48,70,76,2026-08-12 11:55:15
252917,Yalçın,Kayan,Yalçın Kayan,69,68,68,67,68,64,68,2026-08-12 11:55:15
235717,Berkay,Özcan,Berkay Özcan,69,70,64,70,71,54,69,2026-08-12 11:55:15
200713,Soner,Aydoğdu,Soner Aydoğdu,69,59,68,72,70,64,63,2026-08-12 11:55:15
245762,Ahmed,Kutucu,Ahmed Kutucu,69,77,74,63,69,42,70,2026-08-12 11:55:15
229637,Gökhan,Akkan,Gökhan Akkan,69,70,66,66,72,48,69,2026-08-12 11:55:15
263808,Gökhan,Sazdağı,Gökhan Sazdağı,69,69,64,66,66,63,62,2026-08-12 11:55:15
194372,Ertuğrul,Taşkıran,Ertuğrul Taşkıran,69,70,68,62,69,54,66,2026-08-12 11:55:15
271362,Yasin,Özcan,Yasin Özcan,69,74,48,62,64,70,68,2026-08-12 11:55:15
233465,Melih,Kabasakal,Melih Kabasakal,69,68,50,65,68,65,69,2026-08-12 11:55:15
224518,Tolcay,Ciğerci,Tolcay Ciğerci,69,63,63,68,72,43,67,2026-08-12 11:55:15
253463,Bünyamin,Balcı,Bünyamin Balcı,69,74,45,61,66,64,66,2026-08-12 11:55:15
239043,Umut,Bozok,Umut Bozok,69,73,70,62,70,33,66,2026-08-12 11:55:15
255293,Umut,Güneş,Umut Güneş,69,63,51,63,66,64,66,2026-08-12 11:55:15
263020,Semih,Güler,Semih Güler,69,72,41,55,55,67,78,2026-08-12 11:55:15
204451,Koray,Günter,Koray Günter,69,59,46,62,61,69,69,2026-08-12 11:55:15
267905,Bertuğ,Yıldırım,Bertuğ Yıldırım,69,66,67,53,67,32,72,2026-08-12 11:55:15
242458,Artem,Dovbyk,Artem Dovbyk,83,83,84,68,78,34,79,2026-08-12 11:55:15
243952,Andriy,Lunin,Andriy Lunin,81,80,78,79,82,37,80,2026-08-12 11:55:15
259913,Georgiy,Sudakov,Georgiy Sudakov,80,81,77,78,81,60,72,2026-08-12 11:55:15
250753,Anatoliy,Trubin,Anatoliy Trubin,80,77,76,77,84,45,83,2026-08-12 11:55:15
244369,Viktor,Tsygankov,Viktor Tsygankov,79,82,75,79,78,43,60,2026-08-12 11:55:15
258781,Illia,Zabarnyi,Illia Zabarnyi,79,80,37,64,64,80,78,2026-08-12 11:55:15
244374,Mykola,Shaparenko,Mykola Shaparenko,78,79,71,79,79,68,71,2026-08-12 11:55:15
244380,Vitaliy,Mykolenko,Vitaliy Mykolenko,78,74,55,71,71,77,71,2026-08-12 11:55:15
237055,Oleksandr,Zubkov,Oleksandr Zubkov,78,84,74,74,78,30,65,2026-08-12 11:55:15
229528,Mykola,Matviienko,Mykola Matviienko,77,77,58,71,69,78,76,2026-08-12 11:55:15
255074,Artem,Bondarenko,Artem Bondarenko,77,75,71,76,76,63,64,2026-08-12 11:55:15
227813,Oleksandr,Zinchenko,Oleksandr Zinchenko,77,63,66,79,78,76,62,2026-08-12 11:55:15
231969,Ruslan,Malinovskyi,Ruslan Malinovskyi,76,66,78,79,76,63,73,2026-08-12 11:55:15
244373,Vitaliy,Buyalskyi,Vitaliy Buyalskyi,76,74,71,74,78,67,55,2026-08-12 11:55:15
271541,Vladyslav,Vanat,Vladyslav Vanat,76,79,77,60,74,26,67,2026-08-12 11:55:15
277439,Volodymyr,Brazhko,Volodymyr Brazhko,75,70,68,71,70,72,75,2026-08-12 11:55:15
243256,Oleksandr,Pikhalyonok,Oleksandr Pikhalyonok,75,66,70,77,72,64,65,2026-08-12 11:55:15
248698,Valeriy,Bondar,Valeriy Bondar,75,72,35,64,65,76,74,2026-08-12 11:55:15
245132,Denys,Popov,Denys Popov,75,65,42,55,64,75,78,2026-08-12 11:55:15
265628,Dmytro,Riznyk,Dmytro Riznyk,74,75,67,78,76,48,77,2026-08-12 11:55:15
240702,Roman,Yaremchuk,Roman Yaremchuk,74,73,74,69,71,45,75,2026-08-12 11:55:15
194794,Andriy,Yarmolenko,Andriy Yarmolenko,74,60,77,75,75,42,72,2026-08-12 11:55:15
247122,Danylo,Sikan,Danylo Sikan,74,80,72,61,70,28,70,2026-08-12 11:55:15
237109,Oleksandr,Karavaiev,Oleksandr Karavaiev,73,76,52,70,72,68,64,2026-08-12 11:55:15
258308,Oleksandr,Tymchyk,Oleksandr Tymchyk,73,87,47,66,69,69,60,2026-08-12 11:55:15
206413,Taras,Stepanenko,Taras Stepanenko,73,54,57,69,68,71,74,2026-08-12 11:55:15
263804,Yukhym,Konoplia,Yukhym Konoplia,72,81,47,69,69,67,66,2026-08-12 11:55:15
268395,Vladyslav,Kochergin,Vladyslav Kochergin,72,66,69,70,70,55,67,2026-08-12 11:55:15
274732,Dmytro,Kryskiv,Dmytro Kryskiv,72,67,63,71,71,62,63,2026-08-12 11:55:15
266755,Vladyslav,Dubinchak,Vladyslav Dubinchak,72,77,46,70,71,68,59,2026-08-12 11:55:15
74030,Nicole,Kozlova,Nicole Kozlova,72,64,74,63,70,45,68,2026-08-12 11:55:15
74295,Arseniy,Batagov,Arseniy Batagov,72,68,40,51,55,74,70,2026-08-12 11:55:15
270608,Yehor,Yarmoliuk,Yehor Yarmoliuk,71,66,65,70,72,67,68,2026-08-12 11:55:15
274724,Vladyslav,Kabaev,Vladyslav Kabaev,71,78,61,65,75,33,49,2026-08-12 11:55:15
274726,Nazar,Voloshyn,Nazar Voloshyn,70,82,65,66,71,29,55,2026-08-12 11:55:15
71330,Taras,Mykhavko,Taras Mykhavko,70,67,39,59,60,70,68,2026-08-12 11:55:15
278884,Oleksandr,Svatok,Oleksandr Svatok,70,63,36,54,53,71,71,2026-08-12 11:55:15
213928,Eduard,Sobol,Eduard Sobol,69,73,64,66,68,66,69,2026-08-12 11:55:15
259036,Viktor,Korniienko,Viktor Korniienko,69,77,52,67,69,65,70,2026-08-12 11:55:15
220948,Serhiy,Sydorchuk,Serhiy Sydorchuk,69,62,65,63,64,68,74,2026-08-12 11:55:15
242021,Yehor,Nazaryna,Yehor Nazaryna,69,69,59,67,72,64,64,2026-08-12 11:55:15
271544,Oleksandr,Yatsyk,Oleksandr Yatsyk,69,66,57,65,72,63,65,2026-08-12 11:55:15
271542,Kostyantyn,Vivcharenko,Kostyantyn Vivcharenko,69,72,48,67,68,65,67,2026-08-12 11:55:15
72669,Maksym,Bragaru,Maksym Bragaru,69,70,55,63,73,61,64,2026-08-12 11:55:15
72917,Kiril,Fesiun,Kiril Fesiun,69,70,67,68,71,36,71,2026-08-12 11:55:15
230559,Maryan,Shved,Maryan Shved,69,75,68,63,73,38,53,2026-08-12 11:55:15
252789,Ruslan,Neshcheret,Ruslan Neshcheret,69,72,66,66,72,27,65,2026-08-12 11:55:15
247040,Orest,Lebedenko,Orest Lebedenko,69,71,44,63,60,65,60,2026-08-12 11:55:15
72620,Dmytro,Pospelov,Dmytro Pospelov,69,52,54,54,54,67,79,2026-08-12 11:55:15
266180,Maksym,Talovierov,Maksym Talovierov,69,61,38,51,56,68,78,2026-08-12 11:55:15
74069,Mykola,Mykhailenko,Mykola Mykhailenko,68,67,61,66,68,63,65,2026-08-12 11:55:15
257346,Yevgen,Cheberko,Yevgen Cheberko,68,72,32,61,66,67,70,2026-08-12 11:55:15
277442,Kristian,Bilovar,Kristian Bilovar,68,68,37,52,56,68,69,2026-08-12 11:55:15
274729,Maksym,Dyachuk,Maksym Dyachuk,68,64,32,56,59,67,69,2026-08-12 11:55:15
79427,Oleksandr,Romanchuk,Oleksandr Romanchuk,68,60,35,48,52,68,74,2026-08-12 11:55:15
257170,Oleksandr,Syrota,Oleksandr Syrota,68,69,27,48,48,69,71,2026-08-12 11:55:15
73094,Valentyn,Rubchynskyi,Valentyn Rubchynskyi,67,73,54,67,71,59,57,2026-08-12 11:55:15
220532,Nikita,Contini,Nikita Contini,67,68,66,61,69,48,64,2026-08-12 11:55:15
72586,Ivan,Zhelizko,Ivan Zhelizko,67,61,48,61,61,65,74,2026-08-12 11:55:15
277456,Oleksiy,Kashchuk,Oleksiy Kashchuk,67,71,62,68,65,36,55,2026-08-12 11:55:15
259896,Bohdan,Viunnyk,Bohdan Viunnyk,67,75,66,53,61,31,65,2026-08-12 11:55:15
271548,Oleg,Ocheretko,Oleg Ocheretko,66,65,60,61,69,38,61,2026-08-12 11:55:15
79276,Yevgeniy,Kucherenko,Yevgeniy Kucherenko,66,69,62,61,67,21,65,2026-08-12 11:55:15
244731,Nazariy,Rusyn,Nazariy Rusyn,66,77,66,45,64,20,53,2026-08-12 11:55:15
70862,Viktor,Tsukanov,Viktor Tsukanov,65,66,60,64,67,56,61,2026-08-12 11:55:15
255154,Bogdan,Milovanov,Bogdan Milovanov,65,73,39,51,62,61,74,2026-08-12 11:55:15
271549,Maryan,Faryna,Maryan Faryna,65,68,34,51,60,66,65,2026-08-12 11:55:15
71066,Matviy,Ponomarenko,Matviy Ponomarenko,65,71,66,52,62,26,66,2026-08-12 11:55:15
271543,Anton,Tsarenko,Anton Tsarenko,65,72,52,60,71,36,44,2026-08-12 11:55:15
275952,Roman,Yakuba,Roman Yakuba,65,58,26,39,49,62,79,2026-08-12 11:55:15
220482,Bogdan,Sarnavskyi,Bogdan Sarnavskyi,64,61,60,56,66,53,63,2026-08-12 11:55:15
74097,Anton,Hluschenko,Anton Hluschenko,64,73,59,56,67,38,61,2026-08-12 11:55:15
76012,Vladyslav,Krapyvtsov,Vladyslav Krapyvtsov,64,64,64,62,64,33,64,2026-08-12 11:55:15
205892,Borys,Tashchy,Borys Tashchy,63,63,61,59,62,35,75,2026-08-12 11:55:15
74749,Artem,Stepanov,Artem Stepanov,63,67,64,47,59,23,69,2026-08-12 11:55:15
232550,Artem,Putivtsev,Artem Putivtsev,63,42,49,51,44,62,71,2026-08-12 11:55:15
76908,Hennadii,Synchuk,Hennadii Synchuk,62,64,60,58,68,33,48,2026-08-12 11:55:15
77759,Artem,Smolyakov,Artem Smolyakov,61,66,43,60,62,56,57,2026-08-12 11:55:15
71331,Denys,Tvardovskyi,Denys Tvardovskyi,61,60,57,61,61,41,59,2026-08-12 11:55:15
76308,Kateryna,Boklach,Kateryna Boklach,61,65,62,63,59,25,54,2026-08-12 11:55:15
247680,Mykola,Kovtalyuk,Mykola Kovtalyuk,61,59,60,44,56,24,72,2026-08-12 11:55:15
274730,Denys,Ignatenko,Denys Ignatenko,60,59,57,59,60,25,61,2026-08-12 11:55:15
271546,Valentyn,Morgun,Valentyn Morgun,59,60,57,57,61,36,59,2026-08-12 11:55:15
278229,Dmytro,Bohdanov,Dmytro Bohdanov,58,67,60,42,56,21,57,2026-08-12 11:55:15
79210,Yevhen,Morozov,Yevhen Morozov,56,58,62,57,53,26,50,2026-08-12 11:55:15
209331,Mohamed,Salah,Mohamed Salah,91,89,88,86,90,45,76,2026-08-12 11:55:15
227125,Sam,Kerr,Sam Kerr,87,80,87,74,89,42,83,2026-08-12 11:55:15
264012,Sophia,Wilson,Sophia Wilson,88,92,87,79,89,45,81,2026-08-12 11:55:15
247635,Khvicha,Kvaratskhelia,Khvicha Kvaratskhelia,87,86,80,83,88,58,78,2026-08-12 11:55:15
245872,Kim,Little,Kim Little,85,76,75,85,88,78,70,2026-08-12 11:55:15
204485,Riyad,Mahrez,Riyad Mahrez,84,78,80,81,88,39,63,2026-08-12 11:55:15
273153,Linda,Caicedo,Linda Caicedo,85,91,75,79,87,37,45,2026-08-12 11:55:15
241084,Luis,Díaz,Luis Díaz,85,88,81,76,87,45,75,2026-08-12 11:55:15
265898,Melchie,Dumornay,Melchie Dumornay,86,93,85,78,87,60,71,2026-08-12 11:55:15
232075,Rose,Lavelle,Rose Lavelle,87,85,81,84,87,60,64,2026-08-12 11:55:15
264697,Mohamed,Amoura,Mohamed Amoura,80,90,81,71,86,47,61,2026-08-12 11:55:15
262330,Catarina,Cantanhede Macario,Catarina Cantanhede Macario,83,83,82,80,86,57,72,2026-08-12 11:55:15
245155,Mohammed,Kudus,Mohammed Kudus,80,89,76,72,86,60,74,2026-08-12 11:55:15
256675,Omar,Marmoush,Omar Marmoush,84,89,85,76,86,34,71,2026-08-12 11:55:15
177003,Luka,Modrić,Luka Modrić,83,68,74,86,86,70,62,2026-08-12 11:55:15
227796,Christian,Pulisic,Christian Pulisic,84,88,82,80,86,46,65,2026-08-12 11:55:15
272001,Mayra,Ramírez,Mayra Ramírez,83,90,84,75,86,33,87,2026-08-12 11:55:15
278219,Tabitha,Chawinga,Tabitha Chawinga,85,94,82,71,85,36,81,2026-08-12 11:55:15
234396,Alphonso,Davies,Alphonso Davies,84,94,66,78,85,74,76,2026-08-12 11:55:15
247513,Vanessa,Gilles,Vanessa Gilles,83,58,38,54,55,86,81,2026-08-12 11:55:15
204638,Willi,Orban,Willi Orban,84,57,40,56,56,86,83,2026-08-12 11:55:15
256196,Willian,Pacho,Willian Pacho,86,80,34,62,62,86,86,2026-08-12 11:55:15
264886,Glódís Perla,Viggósdóttir,Glódís Perla Viggósdóttir,84,73,54,70,61,86,83,2026-08-12 11:55:15
227383,Kadeisha,Buchanan,Kadeisha Buchanan,83,67,44,58,65,85,84,2026-08-12 11:55:15
267382,Naomi,Girma,Naomi Girma,85,80,51,70,74,85,79,2026-08-12 11:55:15
256079,Moisés,Caicedo,Moisés Caicedo,87,71,64,78,81,84,82,2026-08-12 11:55:15
227119,Steph,Catley,Steph Catley,84,81,66,80,80,84,83,2026-08-12 11:55:15
251517,Joško,Gvardiol,Joško Gvardiol,84,78,71,75,78,84,82,2026-08-12 11:55:15
256197,Piero,Hincapié,Piero Hincapié,83,84,41,65,72,84,82,2026-08-12 11:55:15
244263,Amir,Rrahmani,Amir Rrahmani,83,69,51,60,63,84,78,2026-08-12 11:55:15
232074,Emily,Sonnett,Emily Sonnett,83,76,57,75,74,84,83,2026-08-12 11:55:15
236641,Abby,Dahlkemper,Abby Dahlkemper,80,41,50,62,63,83,74,2026-08-12 11:55:15
248343,Emily,Fox,Emily Fox,84,73,47,71,79,83,74,2026-08-12 11:55:15
267289,Katie,Lind,Katie Lind,79,50,43,57,63,83,69,2026-08-12 11:55:15
265239,Katie,McCabe,Katie McCabe,87,80,81,82,83,83,82,2026-08-12 11:55:15
232363,Milan,Škriniar,Milan Škriniar,81,57,52,60,65,83,81,2026-08-12 11:55:15
197445,David,Alaba,David Alaba,82,68,71,82,79,82,75,2026-08-12 11:55:15
246219,Khadija,Shaw,Khadija Shaw,89,71,89,71,81,32,85,2026-08-12 11:55:15
215441,Serhou,Guirassy,Serhou Guirassy,87,72,88,76,83,45,83,2026-08-12 11:55:15
188335,Ante,Budimir,Ante Budimir,82,59,84,63,76,35,80,2026-08-12 11:55:15
231432,Lindsey,Heaps,Lindsey Heaps,87,76,84,87,84,64,80,2026-08-12 11:55:15
243014,Bryan,Mbeumo,Bryan Mbeumo,85,88,84,79,84,49,76,2026-08-12 11:55:15
188567,Pierre-Emerick,Aubameyang,Pierre-Emerick Aubameyang,81,82,83,72,78,36,63,2026-08-12 11:55:15
243263,Ashley,Hatch,Ashley Hatch,82,70,83,73,80,47,69,2026-08-12 11:55:15
234236,Patrik,Schick,Patrik Schick,85,72,83,71,81,38,77,2026-08-12 11:55:15
245879,Caroline,Weir,Caroline Weir,85,72,83,84,84,69,69,2026-08-12 11:55:15
192123,Chris,Wood,Chris Wood,82,53,83,68,72,40,81,2026-08-12 11:55:15
276359,Barbra,Banda,Barbra Banda,85,92,82,62,78,33,75,2026-08-12 11:55:15
279799,Temwa,Chawinga,Temwa Chawinga,86,91,82,77,83,46,83,2026-08-12 11:55:15
243630,Jonathan,David,Jonathan David,82,81,82,71,80,34,78,2026-08-12 11:55:15
180930,Edin,Džeko,Edin Džeko,81,55,82,74,77,40,72,2026-08-12 11:55:15
240753,Amine,Gouiri,Amine Gouiri,79,77,82,76,80,45,71,2026-08-12 11:55:15
246606,Francisco José,García Torres,Francisco José García Torres,79,89,50,70,78,72,71,2026-08-12 11:55:15
75605,Raúl,Asencio del Rosario,Raúl Asencio del Rosario,77,74,37,55,71,78,76,2026-08-12 11:55:15
278399,Gonzalo,García Torres,Gonzalo García Torres,69,68,69,61,68,45,69,2026-08-12 11:55:15
278394,Francisco Javie,González Pérez,Francisco Javie González Pérez,63,62,61,60,64,17,63,2026-08-12 11:55:15
272600,Marc,Casadó Torras,Marc Casadó Torras,79,57,64,72,80,77,62,2026-08-12 11:55:15
245037,Eric,García Martret,Eric García Martret,79,63,48,70,71,80,73,2026-08-12 11:55:15
74462,Gerard,Martín Langreo,Gerard Martín Langreo,74,71,52,70,69,72,68,2026-08-12 11:55:15
74463,Marc,Bernal Casas,Marc Bernal Casas,73,61,53,71,74,70,63,2026-08-12 11:55:15
265600,Roony,Bardghji,Roony Bardghji,69,73,68,63,74,25,53,2026-08-12 11:55:15
221087,Pau,López Sabata,Pau López Sabata,79,77,77,78,79,48,79,2026-08-12 11:55:15
246657,Álvaro,Valles Rosa,Álvaro Valles Rosa,79,78,78,78,80,41,80,2026-08-12 11:55:15
198141,Marc,Bartra Aregall,Marc Bartra Aregall,79,64,59,70,71,80,75,2026-08-12 11:55:15
237034,Juan Camilo,Hernández Suárez,Juan Camilo Hernández Suárez,78,81,77,75,81,42,78,2026-08-12 11:55:15
235945,Marc,Roca Junqué,Marc Roca Junqué,78,59,66,75,74,75,75,2026-08-12 11:55:15
241867,Aitor,Ruibal García,Aitor Ruibal García,77,82,74,73,76,72,69,2026-08-12 11:55:15
252324,Rodrigo,Riquelme Reche,Rodrigo Riquelme Reche,77,84,73,74,78,50,59,2026-08-12 11:55:15
276471,Sergio,Altimira Clavell,Sergio Altimira Clavell,77,60,63,70,72,75,72,2026-08-12 11:55:15
198951,Cédric,Bakambu,Cédric Bakambu,77,78,78,68,72,40,68,2026-08-12 11:55:15
267430,Nelson,Deossa,Nelson Deossa,75,75,76,72,74,72,80,2026-08-12 11:55:15
241184,Héctor Junior,Firpo Adamés,Héctor Junior Firpo Adamés,75,74,61,72,72,72,75,2026-08-12 11:55:15
228520,Ezequiel,Ávila,Ezequiel Ávila,74,74,76,69,75,52,84,2026-08-12 11:55:15
203747,Héctor,Bellerín Moruno,Héctor Bellerín Moruno,74,78,51,68,75,69,64,2026-08-12 11:55:15
194911,Adrián,San Miguel Castillo,Adrián San Miguel Castillo,73,68,76,72,68,43,75,2026-08-12 11:55:15
76740,Ángel,Ortiz Monterrey,Ángel Ortiz Monterrey,68,72,48,64,68,63,60,2026-08-12 11:55:15
76739,Pablo,García Fernández,Pablo García Fernández,66,75,65,64,67,35,61,2026-08-12 11:55:15
272487,Daniel,Pérez Guerrero,Daniel Pérez Guerrero,63,56,54,64,68,53,45,2026-08-12 11:55:15
234060,Yangel,Herrera,Yangel Herrera,81,65,76,77,79,80,81,2026-08-12 11:55:15
241811,Sergio,Gómez Martín,Sergio Gómez Martín,79,73,74,80,79,71,65,2026-08-12 11:55:15
258775,Luka,Sučić,Luka Sučić,78,76,76,78,77,68,72,2026-08-12 11:55:15
233738,Igor,Zubeldia Elorza,Igor Zubeldia Elorza,78,76,63,73,72,78,81,2026-08-12 11:55:15
234153,Carlos,Soler Barragán,Carlos Soler Barragán,77,70,75,78,78,69,68,2026-08-12 11:55:15
259848,Jon Mikel,Aramburu,Jon Mikel Aramburu,77,69,48,70,72,76,72,2026-08-12 11:55:15
246672,Ander,Barrenetxea,Ander Barrenetxea,77,81,72,72,78,29,68,2026-08-12 11:55:15
226221,Aritz,Elustondo,Aritz Elustondo,77,62,39,63,60,76,76,2026-08-12 11:55:15
246748,Aihen,Muñoz Capellán,Aihen Muñoz Capellán,75,75,54,70,73,72,70,2026-08-12 11:55:15
264701,Arsen,Zakharyan,Arsen Zakharyan,74,78,71,74,72,53,59,2026-08-12 11:55:15
234035,Álvaro,Odriozola Arzalluz,Álvaro Odriozola Arzalluz,74,72,55,69,74,71,63,2026-08-12 11:55:15
269186,Orri,Óskarsson,Orri Óskarsson,74,74,73,63,70,31,74,2026-08-12 11:55:15
225263,Duje,Ćaleta-Car,Duje Ćaleta-Car,74,58,39,55,59,74,76,2026-08-12 11:55:15
74091,Jon,Gorrotxategi,Jon Gorrotxategi,73,72,59,66,69,71,79,2026-08-12 11:55:15
262510,Beñat,Turrientes Imaz,Beñat Turrientes Imaz,73,65,62,72,72,68,66,2026-08-12 11:55:15
272455,Pablo,Marín Tejada,Pablo Marín Tejada,73,67,68,71,73,64,59,2026-08-12 11:55:15
265520,Unai,Marrero Larrañaga,Unai Marrero Larrañaga,69,70,67,61,71,25,66,2026-08-12 11:55:15
277225,Jon,Martín Vicente,Jon Martín Vicente,68,65,26,48,60,70,65,2026-08-12 11:55:15
262513,Jon,Karrikaburu,Jon Karrikaburu,67,71,65,50,66,27,63,2026-08-12 11:55:15
216201,Iñaki,Williams Arthuer,Iñaki Williams Arthuer,83,94,81,74,80,45,84,2026-08-12 11:55:15
231184,Gorka,Guruzeta Rodríguez,Gorka Guruzeta Rodríguez,79,73,78,72,78,51,78,2026-08-12 11:55:15
279604,Mikel,Jauregizar Alboniga,Mikel Jauregizar Alboniga,78,71,70,75,79,72,75,2026-08-12 11:55:15
263617,Beñat,Prados Díaz,Beñat Prados Díaz,78,68,61,72,75,76,77,2026-08-12 11:55:15
259524,Aitor,Paredes Casamichana,Aitor Paredes Casamichana,78,68,39,51,56,79,75,2026-08-12 11:55:15
241049,Andoni,Gorosabel Espinosa,Andoni Gorosabel Espinosa,77,78,48,70,73,74,67,2026-08-12 11:55:15
239614,Jesús,Areso Blanco,Jesús Areso Blanco,76,76,46,70,72,71,73,2026-08-12 11:55:15
225523,Iñigo,Lekue Martínez,Iñigo Lekue Martínez,75,79,62,70,71,71,74,2026-08-12 11:55:15
146947,Mikel,Vesga Arruti,Mikel Vesga Arruti,74,40,74,69,64,73,78,2026-08-12 11:55:15
253130,Robert,Navarro Muñoz,Robert Navarro Muñoz,74,74,69,70,77,34,63,2026-08-12 11:55:15
70344,Adama,Boiro,Adama Boiro,73,75,58,65,69,70,73,2026-08-12 11:55:15
277708,Unai,Gómez Etxebarria,Unai Gómez Etxebarria,73,67,66,72,74,39,65,2026-08-12 11:55:15
74317,Urko,Iruretagoiena,Urko Iruretagoiena,71,68,72,62,67,25,76,2026-08-12 11:55:15
259422,Nicolás,Serrano Galdeano,Nicolás Serrano Galdeano,70,83,63,63,75,24,52,2026-08-12 11:55:15
278408,Unai,Egiluz Arroyo,Unai Egiluz Arroyo,70,58,40,46,46,71,73,2026-08-12 11:55:15
206585,Kepa,Arrizabalaga,Kepa Arrizabalaga,79,77,78,82,81,40,77,2026-08-12 11:55:15
264846,Cristhian,Mosquera Ibargüen,Cristhian Mosquera Ibargüen,77,74,46,60,56,78,76,2026-08-12 11:55:15
271807,Ethan,Nwaneri,Ethan Nwaneri,76,82,70,74,78,50,54,2026-08-12 11:55:15
228789,Robert,Lynch Sánchez,Robert Lynch Sánchez,78,79,77,75,79,59,77,2026-08-12 11:55:15
202652,Raheem,Sterling,Raheem Sterling,78,82,74,74,82,42,48,2026-08-12 11:55:15
266032,Jamie,Gittens,Jamie Gittens,78,92,73,66,84,27,59,2026-08-12 11:55:15
222104,Tosin,Adarabioyo,Tosin Adarabioyo,78,70,46,63,64,78,79,2026-08-12 11:55:15
229942,Axel,Disasi,Axel Disasi,77,56,48,60,58,77,79,2026-08-12 11:55:15
242578,Benoît,Badiashile,Benoît Badiashile,76,60,45,64,62,76,77,2026-08-12 11:55:15
269495,Facundo,Buonanotte,Facundo Buonanotte,75,75,70,73,76,30,53,2026-08-12 11:55:15
278813,Marc,Guiu Paz,Marc Guiu Paz,71,76,70,55,69,36,75,2026-08-12 11:55:15
71998,Tyrique,George,Tyrique George,71,79,66,66,73,36,55,2026-08-12 11:55:15
71651,Josh,Acheampong,Josh Acheampong,70,76,50,65,69,66,73,2026-08-12 11:55:15
248158,Gabriel,Slonina,Gabriel Slonina,68,70,64,63,70,45,65,2026-08-12 11:55:15
210881,John,McGinn,John McGinn,81,69,77,78,80,77,83,2026-08-12 11:55:15
212419,Tyrone,Mings,Tyrone Mings,78,58,44,67,64,78,76,2026-08-12 11:55:15
199189,Ross,Barkley,Ross Barkley,77,53,77,78,76,64,68,2026-08-12 11:55:15
275468,Andrés,García Robledo,Andrés García Robledo,73,77,64,69,73,68,66,2026-08-12 11:55:15
264209,Lamare,Bogarde,Lamare Bogarde,71,67,48,65,67,69,69,2026-08-12 11:55:15
272500,Carlos,Baleba,Carlos Baleba,81,74,70,75,80,79,79,2026-08-12 11:55:15
245637,Georginio,Rutter,Georginio Rutter,77,77,75,75,80,60,74,2026-08-12 11:55:15
271800,Yankuba,Minteh,Yankuba Minteh,77,94,67,66,81,55,57,2026-08-12 11:55:15
199915,Lewis,Dunk,Lewis Dunk,77,37,52,66,64,78,78,2026-08-12 11:55:15
277283,Jack,Hinshelwood,Jack Hinshelwood,75,66,65,73,73,74,72,2026-08-12 11:55:15
206594,Solly,March,Solly March,75,69,70,75,77,65,54,2026-08-12 11:55:15
207616,Adam,Webster,Adam Webster,75,54,31,60,67,76,72,2026-08-12 11:55:15
272612,Brajan,Gruda,Brajan Gruda,74,74,71,69,79,30,63,2026-08-12 11:55:15
269181,Diego,Coppola,Diego Coppola,74,52,40,56,60,75,72,2026-08-12 11:55:15
269278,Diego,Gómez,Diego Gómez,73,69,67,71,75,72,75,2026-08-12 11:55:15
188836,Jason,Steele,Jason Steele,73,74,72,78,72,39,73,2026-08-12 11:55:15
138412,James,Milner,James Milner,73,46,69,75,72,73,63,2026-08-12 11:55:15
275246,Tom,Watson,Tom Watson,68,79,65,62,69,29,57,2026-08-12 11:55:15
243588,Tom,McGill,Tom McGill,62,62,60,63,63,31,61,2026-08-12 11:55:15
237646,Daniel,Muñoz,Daniel Muñoz,81,75,69,72,76,79,81,2026-08-12 11:55:15
235353,Ismaïla,Sarr,Ismaïla Sarr,79,91,78,76,78,28,69,2026-08-12 11:55:15
213991,Jefferson,Lerma,Jefferson Lerma,77,68,71,70,74,76,79,2026-08-12 11:55:15
242619,Cheick,Doucouré,Cheick Doucouré,77,61,55,69,74,74,74,2026-08-12 11:55:15
206516,Will,Hughes,Will Hughes,77,51,62,76,75,73,67,2026-08-12 11:55:15
250954,Chris,Richards,Chris Richards,77,66,27,58,62,78,77,2026-08-12 11:55:15
236988,Eddie,Nketiah,Eddie Nketiah,74,81,73,58,76,25,64,2026-08-12 11:55:15
243388,Borna,Sosa,Borna Sosa,73,71,53,77,73,67,70,2026-08-12 11:55:15
264035,Jesurun,Rak-Sakyi,Jesurun Rak-Sakyi,72,84,68,65,76,24,51,2026-08-12 11:55:15
73895,Justin,Devenny,Justin Devenny,71,65,67,72,71,63,68,2026-08-12 11:55:15
190456,Nathaniel,Clyne,Nathaniel Clyne,70,60,60,65,69,72,56,2026-08-12 11:55:15
273616,Romain,Esse,Romain Esse,70,77,65,66,73,43,58,2026-08-12 11:55:15
74133,Jaydee,Canvot,Jaydee Canvot,70,70,32,56,57,69,73,2026-08-12 11:55:15
259205,Naouirou,Ahamada,Naouirou Ahamada,68,67,62,65,71,61,62,2026-08-12 11:55:15
203824,Remi,Matthews,Remi Matthews,63,64,63,62,63,45,62,2026-08-12 11:55:15
73896,Caleb,Kporha,Caleb Kporha,62,72,48,58,64,57,57,2026-08-12 11:55:15
261188,Iliman,Ndiaye,Iliman Ndiaye,79,84,76,70,84,40,63,2026-08-12 11:55:15
193474,Idrissa,Gueye,Idrissa Gueye,79,60,59,70,73,80,70,2026-08-12 11:55:15
237386,Kiernan,Dewsbury-Hall,Kiernan Dewsbury-Hall,77,66,72,77,78,70,71,2026-08-12 11:55:15
276295,Thierno,Barry,Thierno Barry,77,80,75,65,75,25,73,2026-08-12 11:55:15
243657,James,Garner,James Garner,76,58,65,78,72,71,70,2026-08-12 11:55:15
253510,Jake,O'Brien,Jake O'Brien,76,77,49,64,61,75,79,2026-08-12 11:55:15
251892,Norberto,Gomes Betuncal,Norberto Gomes Betuncal,76,74,77,58,68,25,82,2026-08-12 11:55:15
259714,Merlin,Röhl,Merlin Röhl,74,81,65,68,75,63,71,2026-08-12 11:55:15
266609,Tim,Iroegbunam,Tim Iroegbunam,74,65,58,67,73,72,72,2026-08-12 11:55:15
279497,Tyler,Dibling,Tyler Dibling,74,77,67,70,77,38,66,2026-08-12 11:55:15
207599,Michael,Keane,Michael Keane,73,40,49,62,58,73,74,2026-08-12 11:55:15
232284,Mark,Travers,Mark Travers,72,73,69,69,74,40,72,2026-08-12 11:55:15
257896,Nathan,Patterson,Nathan Patterson,71,71,46,63,70,70,69,2026-08-12 11:55:15
180216,Séamus,Coleman,Séamus Coleman,70,51,65,70,70,74,61,2026-08-12 11:55:15
268631,Harry,Tyrer,Harry Tyrer,64,65,61,62,65,16,62,2026-08-12 11:55:15
230084,Lukas,Nmecha,Lukas Nmecha,76,74,76,66,75,40,76,2026-08-12 11:55:15
244591,Jayden,Bogle,Jayden Bogle,75,81,55,70,75,70,70,2026-08-12 11:55:15
237161,Sean,Longstaff,Sean Longstaff,75,56,67,73,73,71,70,2026-08-12 11:55:15
247361,Brenden,Aaronson,Brenden Aaronson,74,80,66,70,78,57,61,2026-08-12 11:55:15
231554,James,Justin,James Justin,74,79,52,69,70,71,70,2026-08-12 11:55:15
232080,Jack,Harrison,Jack Harrison,74,76,69,71,75,47,66,2026-08-12 11:55:15
248384,Ilia,Gruev,Ilia Gruev,74,67,55,71,71,70,69,2026-08-12 11:55:15
258906,Wilfried,Gnonto,Wilfried Gnonto,74,88,72,65,79,31,67,2026-08-12 11:55:15
221479,Dominic,Calvert-Lewin,Dominic Calvert-Lewin,74,72,72,63,70,38,75,2026-08-12 11:55:15
208892,Sam,Byram,Sam Byram,72,72,57,65,70,71,71,2026-08-12 11:55:15
242656,Illan,Meslier,Illan Meslier,72,71,72,70,73,38,70,2026-08-12 11:55:15
203215,Alex,Cairns,Alex Cairns,63,63,61,62,63,49,62,2026-08-12 11:55:15
267680,Abdul,Fatawu,Abdul Fatawu,76,83,73,74,78,46,64,2026-08-12 11:55:15
239817,Boubakary,Soumaré,Boubakary Soumaré,75,73,56,73,75,71,77,2026-08-12 11:55:15
225783,Stephy,Mavididi,Stephy Mavididi,75,87,73,69,75,28,72,2026-08-12 11:55:15
222400,Harry,Winks,Harry Winks,74,51,60,74,74,69,67,2026-08-12 11:55:15
241042,Oliver,Skipp,Oliver Skipp,74,60,47,68,70,71,67,2026-08-12 11:55:15
197756,Jordan,Ayew,Jordan Ayew,73,66,73,70,75,56,71,2026-08-12 11:55:15
240969,Julián,Carranza,Julián Carranza,73,65,73,60,71,43,77,2026-08-12 11:55:15
261281,Caleb,Okoli,Caleb Okoli,73,58,30,49,57,74,78,2026-08-12 11:55:15
229901,Harry,Souttar,Harry Souttar,73,46,28,51,54,73,75,2026-08-12 11:55:15
203502,Bobby,De Cordova-Reid,Bobby De Cordova-Reid,72,69,70,70,74,60,58,2026-08-12 11:55:15
228332,Hamza,Choudhury,Hamza Choudhury,72,64,50,66,67,73,73,2026-08-12 11:55:15
241202,Patson,Daka,Patson Daka,72,86,71,58,74,26,67,2026-08-12 11:55:15
266270,Aaron,Ramsey,Aaron Ramsey,70,72,63,67,72,50,60,2026-08-12 11:55:15
254470,Luke,Thomas,Luke Thomas,70,72,42,64,67,67,68,2026-08-12 11:55:15
172723,Asmir,Begović,Asmir Begović,70,70,70,65,67,26,73,2026-08-12 11:55:15
270944,Ben,Nelson,Ben Nelson,66,69,34,52,61,64,72,2026-08-12 11:55:15
267867,Wanya,Marçal Madivádua,Wanya Marçal Madivádua,65,87,58,60,64,41,52,2026-08-12 11:55:15
70162,Michael,Golding,Michael Golding,62,66,57,63,64,57,60,2026-08-12 11:55:15
73861,Silko,Thomas,Silko Thomas,62,78,55,57,66,35,50,2026-08-12 11:55:15
78183,Jake,Evans,Jake Evans,59,72,59,49,64,31,60,2026-08-12 11:55:15
78229,Olabade,Aluko,Olabade Aluko,58,73,37,44,57,53,62,2026-08-12 11:55:15
229348,Antonee,Robinson,Antonee Robinson,82,88,46,75,77,78,80,2026-08-12 11:55:15
240273,Emile,Smith Rowe,Emile Smith Rowe,77,72,72,75,80,52,61,2026-08-12 11:55:15
213956,Adama,Traoré Diarra,Adama Traoré Diarra,76,94,65,67,81,37,82,2026-08-12 11:55:15
231633,Issa,Diop,Issa Diop,76,57,37,53,55,77,78,2026-08-12 11:55:15
235883,Ryan,Sessegnon,Ryan Sessegnon,75,78,67,72,77,71,65,2026-08-12 11:55:15
264337,Rodrigo,Muniz Carvalho,Rodrigo Muniz Carvalho,75,68,74,59,71,42,76,2026-08-12 11:55:15
200726,Benjamin,Lecomte,Benjamin Lecomte,74,73,72,75,75,41,73,2026-08-12 11:55:15
195202,Tom,Cairney,Tom Cairney,74,52,71,76,73,66,62,2026-08-12 11:55:15
237522,Jorge,Cuenca Barreno,Jorge Cuenca Barreno,74,70,37,58,52,75,73,2026-08-12 11:55:15
205990,Harrison,Reed,Harrison Reed,72,53,60,71,68,71,63,2026-08-12 11:55:15
70786,Josh,King,Josh King,68,67,63,67,70,61,58,2026-08-12 11:55:15
278578,Jonah,Kusi-Asare,Jonah Kusi-Asare,60,61,59,40,59,26,66,2026-08-12 11:55:15
239763,Edon,Zhegrova,Edon Zhegrova,79,84,71,76,85,25,62,2026-08-12 11:55:15
238744,Weston,McKennie,Weston McKennie,78,77,71,77,77,80,80,2026-08-12 11:55:15
268802,Fabio,Miretti,Fabio Miretti,74,73,60,75,76,66,68,2026-08-12 11:55:15
231512,Lloyd,Kelly,Lloyd Kelly,74,67,40,65,67,73,79,2026-08-12 11:55:15
251870,Juan David,Cabal,Juan David Cabal,74,72,38,69,65,74,69,2026-08-12 11:55:15
189342,Carlo,Pinsoglio,Carlo Pinsoglio,69,70,70,62,70,42,69,2026-08-12 11:55:15
74329,Jonas,Rouhi,Jonas Rouhi,66,64,43,59,63,66,53,2026-08-12 11:55:15
75085,Vasilije,Adžić,Vasilije Adžić,62,67,55,54,66,35,51,2026-08-12 11:55:15
238900,Ermedin,Demirović,Ermedin Demirović,80,72,81,73,78,42,78,2026-08-12 11:55:15
239340,Julian,Chabot,Julian Chabot,78,47,29,48,56,78,85,2026-08-12 11:55:15
241925,Chris,Führich,Chris Führich,77,84,69,71,83,51,58,2026-08-12 11:55:15
260574,Lorenz,Assignon,Lorenz Assignon,76,76,53,64,73,73,73,2026-08-12 11:55:15
238476,Dan-Axel,Zagadou,Dan-Axel Zagadou,76,46,34,60,51,77,79,2026-08-12 11:55:15
252448,Jamie,Leweling,Jamie Leweling,75,83,71,65,78,46,72,2026-08-12 11:55:15
270465,Badredine,Bouanani,Badredine Bouanani,75,70,68,75,78,33,58,2026-08-12 11:55:15
242602,Josha,Vagnoman,Josha Vagnoman,74,87,61,69,72,68,80,2026-08-12 11:55:15
245940,Silas,Katompa Mvumpa,Silas Katompa Mvumpa,74,90,69,61,79,52,71,2026-08-12 11:55:15
278780,Finn,Jeltsch,Finn Jeltsch,72,69,38,56,62,73,72,2026-08-12 11:55:15
263573,Ameen,Al Dakhil,Ameen Al Dakhil,72,68,27,51,62,72,74,2026-08-12 11:55:15
223603,Fabian,Bredlow,Fabian Bredlow,71,71,67,66,74,39,68,2026-08-12 11:55:15
256118,Yannik,Keitel,Yannik Keitel,71,63,48,63,66,69,73,2026-08-12 11:55:15
229584,Pascal,Stenzel,Pascal Stenzel,70,53,61,70,68,69,69,2026-08-12 11:55:15
251829,Ramon,Hendriks,Ramon Hendriks,70,81,33,55,58,70,72,2026-08-12 11:55:15
266685,Luca,Jaquez,Luca Jaquez,69,64,42,52,62,68,71,2026-08-12 11:55:15
238379,Nikolas,Nartey,Nikolas Nartey,68,67,49,67,73,66,68,2026-08-12 11:55:15
258864,Stefan,Drljača,Stefan Drljača,66,68,62,55,71,31,64,2026-08-12 11:55:15
273667,Justin,Diehl,Justin Diehl,66,89,65,55,70,22,46,2026-08-12 11:55:15
75056,José María,Andrés Baixauli,José María Andrés Baixauli,63,58,39,61,57,62,63,2026-08-12 11:55:15
275436,Noah,Darvich,Noah Darvich,62,73,51,58,69,34,52,2026-08-12 11:55:15
76087,Mirza,Ćatović,Mirza Ćatović,60,58,46,55,59,58,63,2026-08-12 11:55:15
79286,Florian,Hellstern,Florian Hellstern,59,63,58,60,63,18,59,2026-08-12 11:55:15
250941,Derrick,Köhn,Derrick Köhn,75,87,69,71,77,68,71,2026-08-12 11:55:15
257771,Josip,Juranović,Josip Juranović,75,79,64,75,74,71,66,2026-08-12 11:55:15
193254,Christopher,Trimmel,Christopher Trimmel,75,67,65,74,68,74,79,2026-08-12 11:55:15
211999,Rani,Khedira,Rani Khedira,75,57,43,57,62,79,83,2026-08-12 11:55:15
265576,Leopold,Querfeld,Leopold Querfeld,75,46,44,58,53,76,78,2026-08-12 11:55:15
247028,Alex,Král,Alex Král,74,71,66,71,76,73,79,2026-08-12 11:55:15
247026,András,Schäfer,András Schäfer,74,71,62,69,76,65,70,2026-08-12 11:55:15
211879,Janik,Haberer,Janik Haberer,74,61,67,71,74,63,70,2026-08-12 11:55:15
268116,Tom,Rothe,Tom Rothe,74,61,50,70,68,71,76,2026-08-12 11:55:15
229286,Tim,Skarke,Tim Skarke,73,87,74,63,75,47,66,2026-08-12 11:55:15
225632,Oliver,Burke,Oliver Burke,73,93,70,64,67,41,74,2026-08-12 11:55:15
241941,Stanley,Nsoki,Stanley Nsoki,72,78,38,62,67,72,77,2026-08-12 11:55:15
262587,Marin,Ljubičić,Marin Ljubičić,71,72,71,58,72,24,74,2026-08-12 11:55:15
271659,Aljoscha,Kemlein,Aljoscha Kemlein,70,51,59,65,70,66,67,2026-08-12 11:55:15
257480,Matheo,Raab,Matheo Raab,70,70,69,67,70,25,70,2026-08-12 11:55:15
276372,Ilyas,Ansah,Ilyas Ansah,69,83,62,58,71,27,73,2026-08-12 11:55:15
252456,Carl,Klaus,Carl Klaus,67,67,69,66,70,29,65,2026-08-12 11:55:15
80165,Andrik,Markgraf,Andrik Markgraf,63,71,39,51,60,61,52,2026-08-12 11:55:15
276489,David,Preu,David Preu,62,68,55,59,66,33,42,2026-08-12 11:55:15
279203,Oluwaseun,Ogbemudia,Oluwaseun Ogbemudia,59,63,35,40,43,59,63,2026-08-12 11:55:15
190941,Lukáš,Hrádecký,Lukáš Hrádecký,81,83,79,64,83,40,81,2026-08-12 11:55:15
225663,Alexandr,Golovin,Alexandr Golovin,79,73,76,79,82,61,66,2026-08-12 11:55:15
275138,Lamine,Camara,Lamine Camara,77,79,66,78,77,71,69,2026-08-12 11:55:15
247463,Folarin,Balogun,Folarin Balogun,77,84,77,62,77,23,68,2026-08-12 11:55:15
244915,Mohammed,Salisu,Mohammed Salisu,76,59,36,50,54,77,80,2026-08-12 11:55:15
253004,Anssumane,Fati,Anssumane Fati,75,81,72,72,78,30,53,2026-08-12 11:55:15
272785,Christian,Mawissa,Christian Mawissa,75,79,31,57,64,75,74,2026-08-12 11:55:15
238227,Krépin,Diatta,Krépin Diatta,74,88,69,67,76,57,67,2026-08-12 11:55:15
273933,Kassoum,Ouattara,Kassoum Ouattara,72,77,44,65,69,66,68,2026-08-12 11:55:15
70893,Stanis,Idumbo,Stanis Idumbo,67,78,61,61,69,27,56,2026-08-12 11:55:15
274126,Paris,Brunner,Paris Brunner,66,67,67,54,68,27,59,2026-08-12 11:55:15
271661,Yann,Lienard,Yann Lienard,65,65,61,60,66,23,63,2026-08-12 11:55:15
279700,Mamadou,Coulibaly,Mamadou Coulibaly,64,59,53,61,64,59,54,2026-08-12 11:55:15
70458,Lucas,Michal,Lucas Michal,64,74,58,58,68,23,37,2026-08-12 11:55:15
75734,Aladji,Bamba,Aladji Bamba,63,60,53,59,59,59,66,2026-08-12 11:55:15
211093,Callum,McGregor,Callum McGregor,79,77,76,78,80,72,78,2026-08-12 11:55:15
228174,Cameron,Carter-Vickers,Cameron Carter-Vickers,79,78,33,59,72,77,84,2026-08-12 11:55:15
256107,Alistair,Johnston,Alistair Johnston,78,82,59,73,72,73,80,2026-08-12 11:55:15
226491,Kieran,Tierney,Kieran Tierney,77,76,60,75,76,75,73,2026-08-12 11:55:15
246991,Liam,Scales,Liam Scales,74,68,57,66,64,72,81,2026-08-12 11:55:15
235755,Auston,Trusty,Auston Trusty,74,78,47,56,60,72,83,2026-08-12 11:55:15
262525,Luke,McCowan,Luke McCowan,73,75,74,72,74,64,67,2026-08-12 11:55:15
200630,James,Forrest,James Forrest,72,77,69,69,73,49,53,2026-08-12 11:55:15
234072,Anthony,Ralston,Anthony Ralston,71,76,59,69,70,64,78,2026-08-12 11:55:15
258928,Viljami,Sinisalo,Viljami Sinisalo,69,71,67,69,73,27,67,2026-08-12 11:55:15
256383,Sebastian,Tounekti,Sebastian Tounekti,69,78,62,62,70,24,63,2026-08-12 11:55:15
75577,Jahmai,Simpson-Pusey,Jahmai Simpson-Pusey,68,67,28,49,60,68,69,2026-08-12 11:55:15
260951,Johnny,Kenny,Johnny Kenny,67,82,65,52,64,32,71,2026-08-12 11:55:15
263561,Dane,Murray,Dane Murray,67,65,33,55,60,68,60,2026-08-12 11:55:15
257237,Ross,Doohan,Ross Doohan,61,61,58,57,62,61,60,2026-08-12 11:55:15
268611,Joel,Ordoñez,Joel Ordoñez,75,74,26,54,56,74,79,2026-08-12 11:55:15
240683,Ludovit,Reis,Ludovit Reis,73,74,64,68,77,67,71,2026-08-12 11:55:15
262219,Björn,Meijer,Björn Meijer,73,68,62,69,67,71,79,2026-08-12 11:55:15
260404,Zaid,Romero,Zaid Romero,72,72,30,51,63,70,86,2026-08-12 11:55:15
275051,Romeo,Vermant,Romeo Vermant,71,80,71,57,69,19,67,2026-08-12 11:55:15
259586,Hugo,Siquet,Hugo Siquet,70,75,61,73,69,64,68,2026-08-12 11:55:15
275050,Kyriani,Sabbe,Kyriani Sabbe,70,75,56,69,70,63,69,2026-08-12 11:55:15
277426,Carlos Roberto,Forbs Borges,Carlos Roberto Forbs Borges,70,90,67,62,70,36,52,2026-08-12 11:55:15
271917,Jorne,Spileers,Jorne Spileers,69,72,31,58,58,69,73,2026-08-12 11:55:15
266895,Nicolò,Tresoldi,Nicolò Tresoldi,69,78,65,50,68,22,68,2026-08-12 11:55:15
222263,Nordin,Jackers,Nordin Jackers,68,67,67,64,69,43,66,2026-08-12 11:55:15
268618,Lynnt,Audoor,Lynnt Audoor,66,65,54,66,71,59,66,2026-08-12 11:55:15
276256,Mamadou,Diakhon,Mamadou Diakhon,66,78,60,59,70,32,61,2026-08-12 11:55:15
260577,Cisse,Sandra,Cisse Sandra,65,71,62,64,68,55,67,2026-08-12 11:55:15
77170,Shandre,Campbell,Shandre Campbell,65,80,59,57,71,22,51,2026-08-12 11:55:15
278499,Alejandro,Granados Torres,Alejandro Granados Torres,64,68,52,68,67,49,54,2026-08-12 11:55:15
75452,Kaye,Furo,Kaye Furo,63,72,61,52,59,29,68,2026-08-12 11:55:15
258555,Dani,van den Heuvel,Dani van den Heuvel,60,61,58,61,61,20,57,2026-08-12 11:55:15
70975,Bi Abdoul Kader,Yameogo,Bi Abdoul Kader Yameogo,60,65,26,39,40,62,62,2026-08-12 11:55:15
266097,Geny,Cipriano Catamo,Geny Cipriano Catamo,78,91,74,69,82,64,59,2026-08-12 11:55:15
245158,Luis Javier,Suárez,Luis Javier Suárez,77,83,77,66,75,38,78,2026-08-12 11:55:15
260813,Giorgi,Kochorashvili,Giorgi Kochorashvili,74,72,71,72,75,68,75,2026-08-12 11:55:15
266253,Iván,Fresneda Corraliza,Iván Fresneda Corraliza,74,79,51,60,74,72,70,2026-08-12 11:55:15
240020,Ricardo Luís,Chaby Mangas,Ricardo Luís Chaby Mangas,72,77,63,65,73,64,74,2026-08-12 11:55:15
237704,João Manuel,Neves Virgínia,João Manuel Neves Virgínia,71,73,72,66,73,52,67,2026-08-12 11:55:15
75150,João Pedro,Simões,João Pedro Simões,69,71,60,68,70,60,65,2026-08-12 11:55:15
270865,Diego,Calai Silva,Diego Calai Silva,68,68,65,66,70,22,70,2026-08-12 11:55:15
268837,Rodrigo Duarte,Ribeiro,Rodrigo Duarte Ribeiro,68,71,66,58,71,22,59,2026-08-12 11:55:15
79270,Alisson,de Almeida Santos,Alisson de Almeida Santos,66,83,58,60,72,31,56,2026-08-12 11:55:15
279703,Francisco Diogo,Pereira Silva,Francisco Diogo Pereira Silva,64,64,59,64,65,42,65,2026-08-12 11:55:15
215333,Duván,Zapata,Duván Zapata,82,74,81,64,77,35,82,2026-08-12 11:55:15
241095,Nikola,Vlašić,Nikola Vlašić,79,74,76,76,81,57,70,2026-08-12 11:55:15
226093,Ché,Adams,Ché Adams,77,82,80,64,77,43,72,2026-08-12 11:55:15
211147,Valentino,Lazaro,Valentino Lazaro,76,71,67,76,76,71,65,2026-08-12 11:55:15
265650,Saúl Basilio,Coco Bassey Oubiña,Saúl Basilio Coco Bassey Oubiña,76,85,56,58,61,77,79,2026-08-12 11:55:15
219145,Guillermo,Maripán,Guillermo Maripán,76,33,42,58,53,78,78,2026-08-12 11:55:15
213242,Adrien,Tameze,Adrien Tameze,74,75,65,66,76,74,71,2026-08-12 11:55:15
264699,Kristjan,Asllani,Kristjan Asllani,74,65,61,74,74,70,64,2026-08-12 11:55:15
258782,Ardian,Ismajli,Ardian Ismajli,74,67,30,49,62,78,70,2026-08-12 11:55:15
278013,Saba,Sazonov,Saba Sazonov,73,60,40,58,61,73,70,2026-08-12 11:55:15
255150,Niels,Nkounkou,Niels Nkounkou,72,83,49,69,74,65,71,2026-08-12 11:55:15
248474,Tino,Anjorin,Tino Anjorin,68,75,68,67,73,56,69,2026-08-12 11:55:15
235740,Alberto,Paleari,Alberto Paleari,68,67,66,66,68,32,71,2026-08-12 11:55:15
273932,Gvidas,Gineitis,Gvidas Gineitis,68,53,58,69,66,59,65,2026-08-12 11:55:15
70480,Alieu,Njie,Alieu Njie,65,77,65,55,71,24,54,2026-08-12 11:55:15
253688,Mihai,Popa,Mihai Popa,63,63,62,60,65,41,59,2026-08-12 11:55:15
266257,Emirhan,İlkhan,Emirhan İlkhan,63,66,58,63,70,50,43,2026-08-12 11:55:15
273936,Ali Bina,Dembélé,Ali Bina Dembélé,62,67,42,55,61,60,60,2026-08-12 11:55:15
76027,Sergiu,Perciun,Sergiu Perciun,59,68,49,57,61,47,51,2026-08-12 11:55:15
75443,Tommaso,Gabellini,Tommaso Gabellini,56,57,57,48,56,20,50,2026-08-12 11:55:15
242238,Oumar,Solet,Oumar Solet,78,79,43,62,68,77,85,2026-08-12 11:55:15
243249,Jurgen,Ekkelenkamp,Jurgen Ekkelenkamp,74,70,69,73,73,67,75,2026-08-12 11:55:15
268656,Alessandro,Zanoli,Alessandro Zanoli,72,77,54,65,69,69,68,2026-08-12 11:55:15
231743,Keinan,Davis,Keinan Davis,72,64,71,56,72,40,76,2026-08-12 11:55:15
190324,Christian,Kabasele,Christian Kabasele,72,52,50,51,58,73,75,2026-08-12 11:55:15
275522,Lennon,Miller,Lennon Miller,71,73,64,71,68,62,67,2026-08-12 11:55:15
258615,Oier,Zarraga Egaña,Oier Zarraga Egaña,71,69,61,71,74,63,60,2026-08-12 11:55:15
266803,Răzvan,Sava,Răzvan Sava,71,71,70,65,74,25,71,2026-08-12 11:55:15
259634,Jordan,Zemura,Jordan Zemura,70,73,59,66,71,64,58,2026-08-12 11:55:15
76411,Idrissa,Gueye,Idrissa Gueye,70,67,68,49,68,24,65,2026-08-12 11:55:15
272783,Arthur,Atta,Arthur Atta,69,72,59,66,71,62,69,2026-08-12 11:55:15
274270,Rui Manuel,Muati Modesto,Rui Manuel Muati Modesto,69,85,58,63,68,60,59,2026-08-12 11:55:15
70252,Saba,Goglichidze,Saba Goglichidze,69,54,25,44,48,72,66,2026-08-12 11:55:15
271475,Nicolò,Bertola,Nicolò Bertola,68,58,32,45,47,67,75,2026-08-12 11:55:15
265194,Iker,Bravo Solanilla,Iker Bravo Solanilla,67,67,67,59,72,26,53,2026-08-12 11:55:15
162297,Daniele,Padelli,Daniele Padelli,65,62,65,56,62,45,70,2026-08-12 11:55:15
72324,Matteo,Palma,Matteo Palma,58,52,28,40,39,59,57,2026-08-12 11:55:15
266069,Gerard,Yepes Laut,Gerard Yepes Laut,71,63,55,67,71,68,55,2026-08-12 11:55:15
220720,Andrea,Fulignati,Andrea Fulignati,70,69,67,71,70,48,72,2026-08-12 11:55:15
251762,Salvatore,Elia,Salvatore Elia,69,81,67,62,70,62,63,2026-08-12 11:55:15
230858,Samuele,Perisan,Samuele Perisan,69,68,64,67,74,46,67,2026-08-12 11:55:15
257164,Andrea,Ghion,Andrea Ghion,69,62,55,68,71,65,65,2026-08-12 11:55:15
262480,Rareș,Ilie,Rareș Ilie,69,78,63,65,71,41,63,2026-08-12 11:55:15
268762,Marco,Curto,Marco Curto,69,63,39,47,51,68,77,2026-08-12 11:55:15
225117,Nicolas,Haas,Nicolas Haas,68,75,61,68,70,63,62,2026-08-12 11:55:15
258946,Matteo,Lovato,Matteo Lovato,68,66,30,49,54,70,72,2026-08-12 11:55:15
238873,Pietro,Pellegri,Pietro Pellegri,68,56,68,54,68,21,61,2026-08-12 11:55:15
234358,Joseph,Ceesay,Joseph Ceesay,67,89,54,58,65,58,71,2026-08-12 11:55:15
271922,Duccio,Degli Innocenti,Duccio Degli Innocenti,67,71,55,66,68,63,65,2026-08-12 11:55:15
270507,Luca,Belardinelli,Luca Belardinelli,66,68,56,63,63,63,69,2026-08-12 11:55:15
270614,Marco,Nasti,Marco Nasti,66,56,68,53,69,25,51,2026-08-12 11:55:15
73296,Nosa Edward,Obaretin,Nosa Edward Obaretin,66,59,32,45,48,65,70,2026-08-12 11:55:15
277515,Stiven,Shpendi,Stiven Shpendi,65,62,67,51,67,22,55,2026-08-12 11:55:15
271921,Gabriele,Guarino,Gabriele Guarino,65,53,28,43,43,67,70,2026-08-12 11:55:15
74150,Lorenzo,Ignacchiti,Lorenzo Ignacchiti,64,63,60,59,65,60,59,2026-08-12 11:55:15
270485,Franco,Carboni,Franco Carboni,63,62,40,55,57,61,65,2026-08-12 11:55:15
76025,Thomas,Campaniello,Thomas Campaniello,56,56,56,44,56,19,45,2026-08-12 11:55:15
224970,Jean-Luc,Dompé,Jean-Luc Dompé,75,77,72,73,80,38,56,2026-08-12 11:55:15
246885,Nicolás,Capaldo,Nicolás Capaldo,73,76,69,69,73,69,77,2026-08-12 11:55:15
277823,Daniel,Peretz,Daniel Peretz,73,74,75,73,77,35,66,2026-08-12 11:55:15
256854,Warmed,Omari,Warmed Omari,73,60,34,58,62,73,73,2026-08-12 11:55:15
236533,Robert,Glatzel,Robert Glatzel,73,56,73,49,66,30,75,2026-08-12 11:55:15
276119,Nicolai,Remberg,Nicolai Remberg,72,64,59,65,71,74,85,2026-08-12 11:55:15
269962,Daniel,Elfadli,Daniel Elfadli,72,65,52,59,61,73,78,2026-08-12 11:55:15
275192,Luka,Vušković,Luka Vušković,72,58,59,57,58,70,77,2026-08-12 11:55:15
251961,Rayan,Philippe,Rayan Philippe,72,90,69,56,73,22,66,2026-08-12 11:55:15
212321,Jonas,Meffert,Jonas Meffert,72,51,48,64,66,70,75,2026-08-12 11:55:15
255036,Ransford-Yeboah,Königsdörffer,Ransford-Yeboah Königsdörffer,71,81,69,64,74,42,64,2026-08-12 11:55:15
263056,Emir,Sahiti,Emir Sahiti,71,75,68,66,73,41,64,2026-08-12 11:55:15
274722,Giorgi,Gocholeishvili,Giorgi Gocholeishvili,70,85,54,63,69,61,72,2026-08-12 11:55:15
234640,Bakery,Jatta,Bakery Jatta,69,79,67,66,67,46,74,2026-08-12 11:55:15
231108,Silvan,Hefti,Silvan Hefti,69,70,49,63,65,67,72,2026-08-12 11:55:15
243904,Immanuel,Pherai,Immanuel Pherai,69,81,58,65,73,38,50,2026-08-12 11:55:15
246666,Noah,Katterbach,Noah Katterbach,68,69,41,58,72,66,55,2026-08-12 11:55:15
262869,Guilherme Magro,Pires Ramos,Guilherme Magro Pires Ramos,68,60,33,46,50,67,74,2026-08-12 11:55:15
213134,Levin,Öztunalı,Levin Öztunalı,67,74,64,65,68,48,66,2026-08-12 11:55:15
262045,William,Mikelbrencis,William Mikelbrencis,67,78,38,59,63,62,59,2026-08-12 11:55:15
74102,Fabio,Baldé,Fabio Baldé,65,83,56,58,67,32,59,2026-08-12 11:55:15
71611,Aboubaka,Soumahoro,Aboubaka Soumahoro,64,63,25,52,57,62,66,2026-08-12 11:55:15
72319,Alexander,Røssing-Lelesiit,Alexander Røssing-Lelesiit,60,74,52,52,64,23,38,2026-08-12 11:55:15
279101,Bilal,Yalçınkaya,Bilal Yalçınkaya,59,69,55,55,63,32,48,2026-08-12 11:55:15
77589,Fernando,Dickes,Fernando Dickes,57,60,56,55,59,34,52,2026-08-12 11:55:15
73554,Hannes,Hermann,Hannes Hermann,56,56,57,57,60,24,58,2026-08-12 11:55:15
262956,Nikola,Vasilj,Nikola Vasilj,77,77,72,65,79,34,77,2026-08-12 11:55:15
211378,Jackson,Irvine,Jackson Irvine,75,67,68,71,70,72,80,2026-08-12 11:55:15
230855,Hauke,Wahl,Hauke Wahl,74,54,32,56,64,76,76,2026-08-12 11:55:15
242946,Dapo,Afolayan,Dapo Afolayan,72,79,71,66,74,44,69,2026-08-12 11:55:15
269264,Martijn,Kaars,Martijn Kaars,71,82,71,65,70,35,71,2026-08-12 11:55:15
242214,James,Sands,James Sands,71,49,50,61,66,69,72,2026-08-12 11:55:15
252317,David,Nemeth,David Nemeth,71,58,29,47,51,71,80,2026-08-12 11:55:15
226506,Karol,Mets,Karol Mets,70,65,48,57,59,69,79,2026-08-12 11:55:15
240648,Connor,Metcalfe,Connor Metcalfe,69,72,60,66,70,62,75,2026-08-12 11:55:15
237884,Lars,Ritzka,Lars Ritzka,69,75,48,62,65,64,67,2026-08-12 11:55:15
258626,Danel,Sinani,Danel Sinani,69,61,67,69,71,41,65,2026-08-12 11:55:15
261766,Andréas,Hountondji,Andréas Hountondji,69,75,67,58,72,21,66,2026-08-12 11:55:15
276610,Louis,Oppie,Louis Oppie,68,77,59,62,61,62,78,2026-08-12 11:55:15
211362,Adam,Dźwigała,Adam Dźwigała,68,68,44,54,56,66,74,2026-08-12 11:55:15
251433,Ben,Voll,Ben Voll,67,68,64,65,70,24,66,2026-08-12 11:55:15
254482,Ricky-Jade,Jones,Ricky-Jade Jones,65,93,62,56,65,28,67,2026-08-12 11:55:15
259993,Erik,Ahlstrand,Erik Ahlstrand,65,72,56,59,65,36,56,2026-08-12 11:55:15
76228,Abdoulie,Ceesay,Abdoulie Ceesay,65,74,67,43,61,26,61,2026-08-12 11:55:15
276964,Jannik,Robatsch,Jannik Robatsch,65,67,31,49,50,65,65,2026-08-12 11:55:15
73119,Simon,Spari,Simon Spari,61,61,58,61,64,24,59,2026-08-12 11:55:15
75476,Marwin,Schmitz,Marwin Schmitz,59,61,34,54,57,57,54,2026-08-12 11:55:15
208787,Adrien,Thomasson,Adrien Thomasson,77,58,73,76,77,65,72,2026-08-12 11:55:15
221284,Jonathan,Gradit,Jonathan Gradit,77,66,29,63,69,77,79,2026-08-12 11:55:15
220837,Deiver,Machado,Deiver Machado,76,84,69,71,76,71,76,2026-08-12 11:55:15
204970,Florian,Thauvin,Florian Thauvin,76,71,77,79,80,45,65,2026-08-12 11:55:15
223597,Ruben,Aguilar,Ruben Aguilar,76,67,53,70,74,73,75,2026-08-12 11:55:15
227232,Florian,Sotoca,Florian Sotoca,75,64,74,75,71,50,79,2026-08-12 11:55:15
246688,Saud,Abdulhamid,Saud Abdulhamid,75,86,46,66,71,69,70,2026-08-12 11:55:15
259816,Abdallah,Sima,Abdallah Sima,74,87,74,66,73,41,72,2026-08-12 11:55:15
229236,Matthieu,Udol,Matthieu Udol,74,70,52,65,72,74,74,2026-08-12 11:55:15
212613,Wesley,Saïd,Wesley Saïd,74,73,75,67,78,30,58,2026-08-12 11:55:15
257020,Morgan,Guilavogui,Morgan Guilavogui,73,74,71,66,71,39,72,2026-08-12 11:55:15
235454,Malang,Sarr,Malang Sarr,73,52,45,65,64,73,70,2026-08-12 11:55:15
258601,Mamadou,Sangaré,Mamadou Sangaré,72,82,64,68,74,68,69,2026-08-12 11:55:15
259027,Jhoanner,Chávez,Jhoanner Chávez,72,85,60,66,72,66,67,2026-08-12 11:55:15
233866,Odsonne,Edouard,Odsonne Edouard,72,66,73,65,71,45,67,2026-08-12 11:55:15
271918,Robin,Risser,Robin Risser,71,71,72,64,71,39,67,2026-08-12 11:55:15
270997,Samson,Baidoo,Samson Baidoo,70,70,26,50,60,69,73,2026-08-12 11:55:15
176994,Régis,Gurtner,Régis Gurtner,69,65,66,70,66,42,70,2026-08-12 11:55:15
70005,Anthony,Bermont,Anthony Bermont,68,74,54,63,69,50,58,2026-08-12 11:55:15
75320,Ismaëlo,Ganiou,Ismaëlo Ganiou,66,71,54,54,61,62,76,2026-08-12 11:55:15
277935,Fodé,Sylla,Fodé Sylla,65,60,57,62,63,61,67,2026-08-12 11:55:15
77105,Andrija,Bulatović,Andrija Bulatović,64,63,54,63,61,62,58,2026-08-12 11:55:15
77633,Rayan,Fofana,Rayan Fofana,64,74,63,51,65,25,55,2026-08-12 11:55:15
75319,Kyllian,Antonio,Kyllian Antonio,64,63,37,52,54,64,62,2026-08-12 11:55:15
77056,Nidal,Čelik,Nidal Čelik,64,60,35,49,50,62,71,2026-08-12 11:55:15
191740,Ander,Herrera Agüera,Ander Herrera Agüera,78,59,71,76,77,77,74,2026-08-12 11:55:15
242971,Carlos,Palacios,Carlos Palacios,76,83,71,73,76,27,68,2026-08-12 11:55:15
204539,Luis,Advíncula,Luis Advíncula,75,92,69,70,74,68,86,2026-08-12 11:55:15
241607,Tomás,Belmonte,Tomás Belmonte,74,68,65,66,71,71,81,2026-08-12 11:55:15
173373,Sergio,Romero,Sergio Romero,74,76,71,70,77,46,72,2026-08-12 11:55:15
252238,Alan,Velasco,Alan Velasco,74,80,69,71,77,52,63,2026-08-12 11:55:15
261097,Ayrton,Costa,Ayrton Costa,74,72,46,63,65,74,75,2026-08-12 11:55:15
260601,Exequiel,Zeballos,Exequiel Zeballos,74,88,64,66,79,30,51,2026-08-12 11:55:15
215228,Cristian,Lema,Cristian Lema,74,31,53,58,41,74,83,2026-08-12 11:55:15
214040,Frank,Fabra,Frank Fabra,73,78,68,74,74,67,75,2026-08-12 11:55:15
219841,Nicolás,Figal,Nicolás Figal,73,70,44,62,68,72,79,2026-08-12 11:55:15
261161,Milton,Giménez,Milton Giménez,73,69,75,51,64,28,81,2026-08-12 11:55:15
243684,Williams,Alarcón,Williams Alarcón,71,69,63,70,71,67,76,2026-08-12 11:55:15
215202,Lucas,Janson,Lucas Janson,71,84,69,64,74,40,65,2026-08-12 11:55:15
247368,Juan,Barinaga,Juan Barinaga,71,71,48,64,65,68,71,2026-08-12 11:55:15
262083,Agustín,Martegani,Agustín Martegani,70,70,67,71,72,58,63,2026-08-12 11:55:15
274947,Marco,Pellegrino,Marco Pellegrino,70,63,39,52,56,70,72,2026-08-12 11:55:15
261171,Ignacio,Miramón,Ignacio Miramón,69,66,57,62,68,66,72,2026-08-12 11:55:15
178566,Javier,García,Javier García,69,71,65,70,69,36,68,2026-08-12 11:55:15
271512,Brian,Aguirre,Brian Aguirre,69,73,61,63,71,32,59,2026-08-12 11:55:15
268619,Leandro,Brey,Leandro Brey,69,67,67,55,70,29,70,2026-08-12 11:55:15
272723,Lautaro,Di Lollo,Lautaro Di Lollo,66,63,30,37,43,65,79,2026-08-12 11:55:15
72006,Milton,Delgado,Milton Delgado,65,67,35,52,58,66,62,2026-08-12 11:55:15
76821,Camilo,Rey Domenech,Camilo Rey Domenech,64,65,39,56,59,63,64,2026-08-12 11:55:15
73683,Dylan,Gorosito,Dylan Gorosito,59,58,30,40,57,57,45,2026-08-12 11:55:15
74777,Mateo,Mendía,Mateo Mendía,58,50,30,34,39,61,63,2026-08-12 11:55:15
272951,Kevin,Castaño,Kevin Castaño,77,76,68,76,76,72,75,2026-08-12 11:55:15
210513,Juan Fernando,Quintero,Juan Fernando Quintero,77,62,76,79,81,41,54,2026-08-12 11:55:15
214436,Paulo,Díaz,Paulo Díaz,76,73,57,71,71,75,79,2026-08-12 11:55:15
219862,Miguel,Borja,Miguel Borja,76,76,76,68,71,41,83,2026-08-12 11:55:15
245138,Giuliano,Galoppo,Giuliano Galoppo,74,73,75,72,74,70,73,2026-08-12 11:55:15
215071,Milton,Casco,Milton Casco,74,75,67,73,77,69,74,2026-08-12 11:55:15
215998,Ignacio,Fernández,Ignacio Fernández,74,68,73,76,75,66,64,2026-08-12 11:55:15
196432,Enzo,Pérez,Enzo Pérez,74,56,65,73,73,71,72,2026-08-12 11:55:15
226377,Gonzalo,Martínez,Gonzalo Martínez,74,72,72,73,79,36,50,2026-08-12 11:55:15
278020,Matías,Galarza,Matías Galarza,73,63,73,70,76,65,58,2026-08-12 11:55:15
72745,Lautaro,Rivero,Lautaro Rivero,73,59,46,65,64,74,70,2026-08-12 11:55:15
241930,Federico,Gattoni,Federico Gattoni,72,71,60,60,64,72,72,2026-08-12 11:55:15
279934,Ian,Subiabre,Ian Subiabre,69,85,65,58,75,32,60,2026-08-12 11:55:15
74835,Santiago,Lencina,Santiago Lencina,69,75,63,65,72,34,46,2026-08-12 11:55:15
279165,Agustín,Ruberto,Agustín Ruberto,68,70,68,58,67,35,64,2026-08-12 11:55:15
77727,Giorgio,Costantini,Giorgio Costantini,66,68,57,63,68,61,58,2026-08-12 11:55:15
79389,Bautista,Dadín,Bautista Dadín,65,71,66,61,68,37,62,2026-08-12 11:55:15
79821,Juan Cruz,Meza,Juan Cruz Meza,64,67,57,61,65,61,66,2026-08-12 11:55:15
77151,Agustín,de la Cuesta,Agustín de la Cuesta,64,56,60,61,63,61,58,2026-08-12 11:55:15
279168,Santiago,Beltrán,Santiago Beltrán,63,64,59,60,65,44,62,2026-08-12 11:55:15
279166,Ulises,Giménez,Ulises Giménez,63,80,31,52,60,61,66,2026-08-12 11:55:15
257188,Erik,Jorgens de Menezes,Erik Jorgens de Menezes,73,85,51,69,74,65,74,2026-08-12 11:55:15
263163,Kouame,Autonne,Kouame Autonne,72,72,28,52,51,72,80,2026-08-12 11:55:15
246107,Matías,Palacios,Matías Palacios,71,68,64,73,72,48,49,2026-08-12 11:55:15
247072,Khalid,Eissa,Khalid Eissa,70,71,67,59,75,49,68,2026-08-12 11:55:15
247060,Yahia,Nader,Yahia Nader,70,59,49,60,61,67,77,2026-08-12 11:55:15
262175,Mohammed,Abbas,Mohammed Abbas,64,65,49,61,66,55,54,2026-08-12 11:55:15
70765,Junior,Ndiaye,Junior Ndiaye,62,67,61,51,63,20,64,2026-08-12 11:55:15
74997,Mohamed,Awad Alla,Mohamed Awad Alla,61,73,60,52,65,23,48,2026-08-12 11:55:15
247067,Mohammed,Bu Sanda,Mohammed Bu Sanda,60,60,60,54,60,36,57,2026-08-12 11:55:15
277574,Hazem,Mohammed,Hazem Mohammed,56,67,45,52,60,34,61,2026-08-12 11:55:15
252308,Ali,Al Musrati,Ali Al Musrati,78,52,66,71,68,75,82,2026-08-12 11:55:15
203782,Ahmad,Benali,Ahmad Benali,70,76,62,68,73,44,61,2026-08-12 11:55:15
229263,Moustafa,Zeidan,Moustafa Zeidan,69,59,65,68,74,53,67,2026-08-12 11:55:15
255969,Assad,Al Hamlawi,Assad Al Hamlawi,69,70,69,51,67,30,69,2026-08-12 11:55:15
242548,Agustín,Manzur,Agustín Manzur,68,68,55,65,69,61,63,2026-08-12 11:55:15
228413,Emil,Audero,Emil Audero,78,79,74,72,81,53,76,2026-08-12 11:55:15
224841,Kevin,Diks,Kevin Diks,74,74,59,68,69,73,79,2026-08-12 11:55:15
236571,Maarten,Paes,Maarten Paes,72,72,68,70,74,31,72,2026-08-12 11:55:15
259163,Mees,Hilgers,Mees Hilgers,72,73,43,54,60,72,75,2026-08-12 11:55:15
262396,Jay,Idzes,Jay Idzes,72,49,46,60,59,72,78,2026-08-12 11:55:15
227794,Calvin,Verdonk,Calvin Verdonk,71,76,58,66,66,68,74,2026-08-12 11:55:15
269247,Dean,James,Dean James,70,82,56,65,66,64,65,2026-08-12 11:55:15
259114,Ole,Romeny,Ole Romeny,67,67,70,59,67,31,66,2026-08-12 11:55:15
268727,Miliano,Jonathans,Miliano Jonathans,66,75,63,62,66,23,55,2026-08-12 11:55:15
262267,Ragnar,Oratmangoen,Ragnar Oratmangoen,65,68,57,62,65,39,62,2026-08-12 11:55:15
258926,Justin,Hubner,Justin Hubner,64,57,40,53,56,62,68,2026-08-12 11:55:15
260798,Elkan,Baggott,Elkan Baggott,63,54,24,40,46,62,73,2026-08-12 11:55:15
277801,Ivar,Jenner,Ivar Jenner,61,70,50,58,62,57,58,2026-08-12 11:55:15
79041,Mauro,Zijlstra,Mauro Zijlstra,58,67,58,45,54,23,55,2026-08-12 11:55:15
244309,Teddy,Teuma,Teddy Teuma,75,67,77,77,76,72,75,2026-08-12 11:55:15
246729,Ilyas,Chouaref,Ilyas Chouaref,69,76,70,65,76,38,72,2026-08-12 11:55:15
240262,Jake,Brimmer,Jake Brimmer,66,73,61,68,69,58,67,2026-08-12 11:55:15
227764,Jodi,Jones,Jodi Jones,65,88,59,61,66,51,49,2026-08-12 11:55:15
264305,James,Carragher,James Carragher,63,68,33,48,53,62,67,2026-08-12 11:55:15
278838,Dylan,Scicluna,Dylan Scicluna,61,75,43,61,63,57,54,2026-08-12 11:55:15
271928,Basil,Tuma,Basil Tuma,59,90,54,48,58,38,63,2026-08-12 11:55:15
227110,Caitlin,Foord,Caitlin Foord,85,87,77,81,82,45,70,2026-08-12 11:55:15
240030,Ellie,Carpenter,Ellie Carpenter,84,82,51,79,77,82,79,2026-08-12 11:55:15
227115,Katrina,Gorry,Katrina Gorry,79,75,74,78,80,68,70,2026-08-12 11:55:15
227925,Mackenzie,Arnold,Mackenzie Arnold,79,78,73,77,81,51,78,2026-08-12 11:55:15
248799,Mary,Fowler,Mary Fowler,79,80,77,73,81,47,62,2026-08-12 11:55:15
227109,Alanna,Kennedy,Alanna Kennedy,79,44,46,70,64,79,75,2026-08-12 11:55:15
274644,Clare,Hunt,Clare Hunt,78,63,45,61,63,79,74,2026-08-12 11:55:15
262866,Kyra,Cooney-Cross,Kyra Cooney-Cross,77,75,75,77,76,70,71,2026-08-12 11:55:15
227137,Hayley,Raso,Hayley Raso,76,90,70,67,80,34,60,2026-08-12 11:55:15
79446,Sharn,Freier,Sharn Freier,74,83,68,70,76,35,59,2026-08-12 11:55:15
266240,Cortnee,Vine,Cortnee Vine,74,79,67,66,76,33,45,2026-08-12 11:55:15
209888,Craig,Goodwin,Craig Goodwin,73,81,74,72,70,59,73,2026-08-12 11:55:15
248751,Teagan,Micah,Teagan Micah,73,71,72,76,73,30,73,2026-08-12 11:55:15
216744,Cameron,Burgess,Cameron Burgess,73,48,37,57,54,73,78,2026-08-12 11:55:15
233487,Riley,McGree,Riley McGree,72,78,67,69,73,63,73,2026-08-12 11:55:15
205347,Massimo,Luongo,Massimo Luongo,72,52,65,67,69,70,71,2026-08-12 11:55:15
211221,Martin,Boyle,Martin Boyle,71,89,72,66,74,42,59,2026-08-12 11:55:15
257326,Nicolas,Milanović,Nicolas Milanović,71,88,67,60,72,36,74,2026-08-12 11:55:15
246006,Cameron,Devlin,Cameron Devlin,71,68,53,63,69,69,72,2026-08-12 11:55:15
264831,Clare,Wheeler,Clare Wheeler,71,62,61,68,69,69,64,2026-08-12 11:55:15
209210,Alex,Grant,Alex Grant,71,53,46,54,56,69,83,2026-08-12 11:55:15
268913,Alessandro,Circati,Alessandro Circati,71,59,35,53,49,72,77,2026-08-12 11:55:15
233931,Kye,Rowles,Kye Rowles,71,64,24,46,47,72,76,2026-08-12 11:55:15
195033,Mathew,Leckie,Mathew Leckie,70,79,68,67,74,63,76,2026-08-12 11:55:15
230888,Aiden,O'Neill,Aiden O'Neill,70,76,61,65,68,66,77,2026-08-12 11:55:15
231582,Nick,D'Agostino,Nick D'Agostino,70,84,67,61,69,44,81,2026-08-12 11:55:15
204424,Paul,Izzo,Paul Izzo,70,71,69,66,72,55,69,2026-08-12 11:55:15
220708,Brandon,Borrello,Brandon Borrello,70,73,70,66,71,43,77,2026-08-12 11:55:15
262868,Charlotte,Grant,Charlotte Grant,70,69,46,63,62,68,65,2026-08-12 11:55:15
271522,Anthony,Carter,Anthony Carter,70,65,68,47,66,26,76,2026-08-12 11:55:15
260521,Jordan,Bos,Jordan Bos,69,87,58,60,68,61,79,2026-08-12 11:55:15
209886,Anthony,Caceres,Anthony Caceres,69,69,64,69,71,58,75,2026-08-12 11:55:15
204882,Ryan,Williams,Ryan Williams,69,80,67,63,71,50,66,2026-08-12 11:55:15
234867,Daniel,Arzani,Daniel Arzani,69,93,61,61,74,34,73,2026-08-12 11:55:15
71489,Kaitlyn,Torpey,Kaitlyn Torpey,69,65,60,66,67,68,69,2026-08-12 11:55:15
202676,Adam,Taggart,Adam Taggart,69,80,68,63,68,38,72,2026-08-12 11:55:15
246007,Ryan,Teague,Ryan Teague,69,58,56,62,66,63,81,2026-08-12 11:55:15
265691,Charlize,Rule,Charlize Rule,69,76,55,58,64,68,63,2026-08-12 11:55:15
212232,Jamie,Maclaren,Jamie Maclaren,69,77,69,61,67,38,69,2026-08-12 11:55:15
252700,Kai,Trewin,Kai Trewin,69,66,43,58,59,69,79,2026-08-12 11:55:15
247754,Gianni,Stensness,Gianni Stensness,69,67,42,57,60,66,80,2026-08-12 11:55:15
264830,Jamilla,Rankin,Jamilla Rankin,69,71,34,58,56,67,55,2026-08-12 11:55:15
225054,Anthony,Kalik,Anthony Kalik,68,73,63,65,68,61,76,2026-08-12 11:55:15
257890,Calem,Nieuwenhof,Calem Nieuwenhof,68,76,61,63,69,65,68,2026-08-12 11:55:15
241861,Nathaniel,Atkinson,Nathaniel Atkinson,68,76,53,62,72,59,77,2026-08-12 11:55:15
259677,Alex,Robertson,Alex Robertson,68,70,61,69,72,60,62,2026-08-12 11:55:15
241244,Ryan,Strain,Ryan Strain,68,78,50,63,66,61,73,2026-08-12 11:55:15
232162,Steven,Ugarković,Steven Ugarković,68,62,61,62,66,63,76,2026-08-12 11:55:15
243473,Fran,Karačić,Fran Karačić,68,80,46,61,65,61,73,2026-08-12 11:55:15
255767,Mohamed,Touré,Mohamed Touré,68,86,65,57,67,33,72,2026-08-12 11:55:15
272287,Anna,Margraf,Anna Margraf,68,65,59,62,69,58,67,2026-08-12 11:55:15
241245,Apostolos,Stamatelopoulos,Apostolos Stamatelopoulos,68,70,66,58,65,40,79,2026-08-12 11:55:15
203423,Lawrence,Thomas,Lawrence Thomas,68,70,67,69,66,36,67,2026-08-12 11:55:15
246009,Marco,Tilio,Marco Tilio,68,83,61,61,71,40,57,2026-08-12 11:55:15
243917,Joe,Gauci,Joe Gauci,68,71,65,60,72,30,64,2026-08-12 11:55:15
263844,Noah,Botić,Noah Botić,68,69,68,55,64,28,70,2026-08-12 11:55:15
266245,Nestory,Irankunda,Nestory Irankunda,67,88,70,62,70,43,74,2026-08-12 11:55:15
202157,Aziz,Behich,Aziz Behich,67,74,60,65,69,61,71,2026-08-12 11:55:15
261386,Max,Balard,Max Balard,67,67,52,63,68,61,71,2026-08-12 11:55:15
237647,Ajdin,Hrustić,Ajdin Hrustić,67,50,67,69,70,56,66,2026-08-12 11:55:15
252974,Reno,Piscopo,Reno Piscopo,67,80,63,63,69,39,62,2026-08-12 11:55:15
199159,Luke,Brattan,Luke Brattan,67,43,59,68,65,61,75,2026-08-12 11:55:15
212830,Awer,Mabil,Awer Mabil,67,85,62,60,68,34,61,2026-08-12 11:55:15
265422,Jacob,Farrell,Jacob Farrell,67,68,45,55,60,65,77,2026-08-12 11:55:15
199000,Trent,Sainsbury,Trent Sainsbury,67,64,46,56,56,67,74,2026-08-12 11:55:15
215412,Callum,Elder,Callum Elder,67,63,41,61,63,63,71,2026-08-12 11:55:15
259723,Dan,Hall,Dan Hall,67,81,29,46,55,64,77,2026-08-12 11:55:15
219948,Jason,Cummings,Jason Cummings,67,61,69,56,67,37,60,2026-08-12 11:55:15
259475,Jake,Hollman,Jake Hollman,66,73,59,63,68,61,72,2026-08-12 11:55:15
237005,Keanu,Baccus,Keanu Baccus,66,77,57,63,67,63,66,2026-08-12 11:55:15
192241,Rhyan,Grant,Rhyan Grant,66,66,56,60,62,63,81,2026-08-12 11:55:15
202208,Dimitri,Petratos,Dimitri Petratos,66,61,67,68,66,49,70,2026-08-12 11:55:15
261875,Patrick,Yazbek,Patrick Yazbek,66,68,54,62,62,62,73,2026-08-12 11:55:15
264721,Henry,Hore,Henry Hore,66,70,62,62,68,51,66,2026-08-12 11:55:15
197831,Jason,Davidson,Jason Davidson,66,60,51,62,64,66,70,2026-08-12 11:55:15
240096,Lachlan,Brook,Lachlan Brook,66,84,61,58,68,36,61,2026-08-12 11:55:15
247913,Lewis,Miller,Lewis Miller,66,66,45,58,60,64,73,2026-08-12 11:55:15
248718,Jack,Iredale,Jack Iredale,66,60,43,60,59,64,75,2026-08-12 11:55:15
263982,Eli,Adams,Eli Adams,66,74,64,58,70,32,59,2026-08-12 11:55:15
190180,Ryan,McGowan,Ryan McGowan,66,42,48,57,57,65,79,2026-08-12 11:55:15
228210,Lachlan,Jackson,Lachlan Jackson,66,44,26,42,45,65,78,2026-08-12 11:55:15
212075,Andrew,Nabbout,Andrew Nabbout,65,78,65,61,67,47,73,2026-08-12 11:55:15
261244,Keegan,Jelacic,Keegan Jelacic,65,76,57,60,66,54,73,2026-08-12 11:55:15
259767,Thomas,Aquilina,Thomas Aquilina,65,83,46,59,64,56,72,2026-08-12 11:55:15
259726,Lachlan,Rose,Lachlan Rose,65,82,62,55,63,46,71,2026-08-12 11:55:15
224447,Gethin,Jones,Gethin Jones,65,74,46,56,62,63,75,2026-08-12 11:55:15
279543,Kealey,Adamson,Kealey Adamson,65,74,45,57,62,60,74,2026-08-12 11:55:15
253383,Kusini,Yengi,Kusini Yengi,65,78,64,54,66,30,75,2026-08-12 11:55:15
262039,Nishan,Velupillay,Nishan Velupillay,65,94,56,55,70,35,57,2026-08-12 11:55:15
266740,Ethan,Alagich,Ethan Alagich,65,66,50,59,62,61,66,2026-08-12 11:55:15
267599,Patrick,Beach,Patrick Beach,65,68,62,64,71,31,62,2026-08-12 11:55:15
256474,Jacob,Chapman,Jacob Chapman,65,64,61,69,66,32,64,2026-08-12 11:55:15
262748,Adrian,Segečić,Adrian Segečić,65,80,67,61,67,34,46,2026-08-12 11:55:15
251176,Samuel,Silvera,Samuel Silvera,65,72,59,58,69,36,60,2026-08-12 11:55:15
70909,Kasey,Bos,Kasey Bos,65,73,46,54,59,65,53,2026-08-12 11:55:15
192883,Henrikh,Mkhitaryan,Henrikh Mkhitaryan,83,77,78,82,83,72,75,2026-08-12 11:55:15
215270,Lucas,Zelarayán,Lucas Zelarayán,79,74,76,77,81,46,67,2026-08-12 11:55:15
235989,Norberto,Briasco,Norberto Briasco,68,78,65,63,68,36,70,2026-08-12 11:55:15
267993,Narek,Grigoryan,Narek Grigoryan,68,68,66,68,69,41,58,2026-08-12 11:55:15
266277,Vahan,Bichakhchyan,Vahan Bichakhchyan,67,78,67,65,67,55,61,2026-08-12 11:55:15
218534,Sargis,Adamyan,Sargis Adamyan,67,70,68,62,71,34,67,2026-08-12 11:55:15
260814,Edgar,Sevikyan,Edgar Sevikyan,67,69,64,64,71,31,58,2026-08-12 11:55:15
276358,Grant-Leon,Ranos,Grant-Leon Ranos,63,62,65,53,65,27,56,2026-08-12 11:55:15
198178,André,Calisir,André Calisir,61,32,34,54,58,62,66,2026-08-12 11:55:15
253055,Isaiah,Jones,Isaiah Jones,71,84,56,65,73,63,61,2026-08-12 11:55:15
239989,Terence,Vancooten,Terence Vancooten,65,69,37,51,56,63,75,2026-08-12 11:55:15
257776,Liam,Gordon,Liam Gordon,64,81,47,54,61,56,70,2026-08-12 11:55:15
253374,Elliot,Bonds,Elliot Bonds,63,65,49,57,59,60,74,2026-08-12 11:55:15
264192,Nathan,Moriah-Welsh,Nathan Moriah-Welsh,62,69,54,59,65,57,67,2026-08-12 11:55:15
242961,Stephen,Duke-McKenna,Stephen Duke-McKenna,59,80,48,58,63,54,43,2026-08-12 11:55:15
235773,Luther,James-Wildin,Luther James-Wildin,65,80,49,53,60,59,74,2026-08-12 11:55:15
243276,Dion,Pereira,Dion Pereira,61,79,58,55,64,34,55,2026-08-12 11:55:15
213156,Rhys,Browne,Rhys Browne,59,86,50,51,63,30,61,2026-08-12 11:55:15
80082,Jalmaro,Calvin,Jalmaro Calvin,56,70,58,46,58,28,39,2026-08-12 11:55:15
244685,Marius,Mouandilmadji,Marius Mouandilmadji,73,74,74,52,69,32,81,2026-08-12 11:55:15
236045,Reinildo Isnard,Mandava,Reinildo Isnard Mandava,79,81,55,68,74,77,78,2026-08-12 11:55:15
246974,Diogo,dos Santos Cabral,Diogo dos Santos Cabral,69,75,48,59,68,65,68,2026-08-12 11:55:15
226720,Witiness,João Quembo,Witiness João Quembo,68,90,65,61,68,55,49,2026-08-12 11:55:15
72675,Husseyn,Chakroun,Husseyn Chakroun,64,76,50,56,67,20,46,2026-08-12 11:55:15
238716,Omar,Bugiel,Omar Bugiel,62,65,61,51,56,37,85,2026-08-12 11:55:15
242648,Alex,Roldan,Alex Roldan,70,75,57,67,71,64,71,2026-08-12 11:55:15
275974,Nathan,Ordaz,Nathan Ordaz,66,70,65,48,68,21,53,2026-08-12 11:55:15
202073,Eriq,Zavaleta,Eriq Zavaleta,62,40,46,50,53,59,73,2026-08-12 11:55:15
260918,Tomás,Romero,Tomás Romero,60,63,59,60,60,28,59,2026-08-12 11:55:15
223790,Sheraldo,Becker,Sheraldo Becker,75,92,72,70,76,35,71,2026-08-12 11:55:15
204060,Tjaronn,Chery,Tjaronn Chery,74,63,77,73,76,29,70,2026-08-12 11:55:15
241538,Shaquille,Pinas,Shaquille Pinas,73,76,64,68,69,69,73,2026-08-12 11:55:15
205756,Stefano,Denswil,Stefano Denswil,73,57,56,67,65,74,75,2026-08-12 11:55:15
222900,Warner,Hahn,Warner Hahn,72,72,69,73,73,48,70,2026-08-12 11:55:15
225653,Gyrano,Kerk,Gyrano Kerk,72,83,73,64,72,35,76,2026-08-12 11:55:15
250916,Etienne,Vaessen,Etienne Vaessen,70,70,68,65,74,63,70,2026-08-12 11:55:15
203725,Virgil,Misidjan,Virgil Misidjan,70,81,62,64,72,34,62,2026-08-12 11:55:15
212546,Myenty,Abena,Myenty Abena,70,69,41,56,58,67,81,2026-08-12 11:55:15
228120,Kenneth,Paal,Kenneth Paal,69,81,52,66,68,63,71,2026-08-12 11:55:15
205402,Jean-Paul,Boëtius,Jean-Paul Boëtius,69,63,67,70,72,48,60,2026-08-12 11:55:15
232413,Anfernee,Dijksteel,Anfernee Dijksteel,69,72,38,56,65,69,73,2026-08-12 11:55:15
237807,Dylan,Vente,Dylan Vente,69,74,70,55,65,27,57,2026-08-12 11:55:15
219814,Sean,Klaiber,Sean Klaiber,68,73,61,65,66,65,78,2026-08-12 11:55:15
210384,Ridgeciano,Haps,Ridgeciano Haps,68,79,63,64,70,62,62,2026-08-12 11:55:15
73964,Shiloh,t Zand,Shiloh t Zand,67,63,67,63,71,51,66,2026-08-12 11:55:15
264248,Djevencio,van der Kust,Djevencio van der Kust,67,87,40,55,66,59,62,2026-08-12 11:55:15
262100,Radinio,Balker,Radinio Balker,67,79,30,55,61,65,74,2026-08-12 11:55:15
247120,Richonell,Margaret,Richonell Margaret,67,80,62,59,67,28,63,2026-08-12 11:55:15
243293,Yannick,Leliendal,Yannick Leliendal,67,73,45,58,64,61,55,2026-08-12 11:55:15
261225,Nigel,Lonwijk,Nigel Lonwijk,67,69,35,47,55,65,75,2026-08-12 11:55:15
251629,Justin,Lonwijk,Justin Lonwijk,66,76,62,63,66,61,77,2026-08-12 11:55:15
260564,Jeredy,Hilterman,Jeredy Hilterman,65,70,65,52,63,22,71,2026-08-12 11:55:15
210205,Dion,Malone,Dion Malone,63,59,43,54,57,61,72,2026-08-12 11:55:15
79030,Devon,Koswal,Devon Koswal,62,67,33,42,41,63,67,2026-08-12 11:55:15
261673,Silvinho,Esajas,Silvinho Esajas,61,57,31,36,41,64,64,2026-08-12 11:55:15
239353,Navajo,Bakboord,Navajo Bakboord,59,72,40,52,58,53,61,2026-08-12 11:55:15
80490,Jermaine,Rijssel,Jermaine Rijssel,58,84,47,53,63,34,47,2026-08-12 11:55:15
267238,Denise,O'Sullivan,Denise O'Sullivan,82,82,72,71,78,79,81,2026-08-12 11:55:15
240913,Caoimhin,Kelleher,Caoimhin Kelleher,79,77,76,79,80,43,78,2026-08-12 11:55:15
248484,Nathan,Collins,Nathan Collins,79,62,31,58,63,80,81,2026-08-12 11:55:15
228151,Josh,Cullen,Josh Cullen,76,61,61,75,73,72,70,2026-08-12 11:55:15
265331,Courtney,Brosnan,Courtney Brosnan,76,72,73,68,78,41,78,2026-08-12 11:55:15
265295,Megan,Walsh,Megan Walsh,75,73,70,76,79,34,76,2026-08-12 11:55:15
235405,Dara,O'Shea,Dara O'Shea,75,69,33,55,58,75,76,2026-08-12 11:55:15
231005,Chiedozie,Ogbene,Chiedozie Ogbene,74,90,65,66,74,64,73,2026-08-12 11:55:15
252066,Finn,Azaz,Finn Azaz,74,74,71,73,74,57,68,2026-08-12 11:55:15
201417,Matt,Doherty,Matt Doherty,74,66,63,69,69,74,75,2026-08-12 11:55:15
220139,Sammie,Szmodics,Sammie Szmodics,74,77,73,69,76,51,63,2026-08-12 11:55:15
245902,Troy,Parrott,Troy Parrott,74,76,73,64,73,44,71,2026-08-12 11:55:15
244288,Adam,Idah,Adam Idah,74,80,73,57,68,24,78,2026-08-12 11:55:15
252376,Jason,Knight,Jason Knight,73,72,64,70,72,67,72,2026-08-12 11:55:15
243585,Gavin,Bazunu,Gavin Bazunu,73,74,72,74,76,47,69,2026-08-12 11:55:15
226012,Ryan,Manning,Ryan Manning,73,68,60,72,72,68,67,2026-08-12 11:55:15
235156,Jimmy,Dunne,Jimmy Dunne,73,64,46,64,67,73,80,2026-08-12 11:55:15
266923,Leanne,Kiernan,Leanne Kiernan,73,81,76,64,76,28,59,2026-08-12 11:55:15
263914,Eíran,Cashin,Eíran Cashin,73,58,44,57,60,71,81,2026-08-12 11:55:15
259608,Evan,Ferguson,Evan Ferguson,73,66,75,60,71,20,71,2026-08-12 11:55:15
261647,Andrew,Omobamidele,Andrew Omobamidele,73,69,27,52,56,73,75,2026-08-12 11:55:15
216464,Alan,Browne,Alan Browne,72,70,69,70,72,69,78,2026-08-12 11:55:15
237916,Will,Smallbone,Will Smallbone,72,56,64,70,74,67,65,2026-08-12 11:55:15
238505,Mikey,Johnston,Mikey Johnston,72,85,69,64,75,29,48,2026-08-12 11:55:15
204936,John,Egan,John Egan,72,50,45,52,60,72,74,2026-08-12 11:55:15
247395,Luke,McNally,Luke McNally,72,54,35,53,61,71,77,2026-08-12 11:55:15
225872,Jamie,McGrath,Jamie McGrath,71,71,71,68,71,61,65,2026-08-12 11:55:15
265801,Kasey,McAteer,Kasey McAteer,71,81,67,66,71,54,64,2026-08-12 11:55:15
273381,Heather,Payne,Heather Payne,71,67,71,62,66,57,68,2026-08-12 11:55:15
211009,Darragh,Lenihan,Darragh Lenihan,71,64,46,58,59,71,75,2026-08-12 11:55:15
272651,Tom,Cannon,Tom Cannon,71,78,71,59,71,28,65,2026-08-12 11:55:15
76693,Caitlin,Hayes,Caitlin Hayes,71,61,38,50,64,72,70,2026-08-12 11:55:15
192622,Shane,Duffy,Shane Duffy,71,34,47,48,47,71,77,2026-08-12 11:55:15
233851,Jack,Taylor,Jack Taylor,70,67,67,66,69,68,71,2026-08-12 11:55:15
220807,Max,O'Leary,Max O'Leary,70,70,68,68,72,43,69,2026-08-12 11:55:15
201911,Will,Keane,Will Keane,70,61,70,62,69,47,75,2026-08-12 11:55:15
265203,Emily,Whelan,Emily Whelan,70,69,69,56,69,52,62,2026-08-12 11:55:15
219551,Conor,Shaughnessy,Conor Shaughnessy,70,62,49,59,59,69,78,2026-08-12 11:55:15
236344,Jayson,Molumby,Jayson Molumby,70,60,54,65,68,64,65,2026-08-12 11:55:15
273379,Kyra,Carusa,Kyra Carusa,70,59,69,56,66,47,63,2026-08-12 11:55:15
248405,Mark,McGuinness,Mark McGuinness,70,52,35,50,58,69,79,2026-08-12 11:55:15
263571,Festy,Ebosele,Festy Ebosele,69,88,54,59,73,62,74,2026-08-12 11:55:15
228408,Connor,Ronan,Connor Ronan,69,67,65,70,72,63,64,2026-08-12 11:55:15
246847,Mark,Sykes,Mark Sykes,69,73,63,64,69,63,68,2026-08-12 11:55:15
201884,Robbie,Brady,Robbie Brady,69,63,64,73,69,65,65,2026-08-12 11:55:15
206518,Callum,Robinson,Callum Robinson,69,79,68,64,72,32,64,2026-08-12 11:55:15
239443,Danny,McNamara,Danny McNamara,69,78,42,59,66,64,68,2026-08-12 11:55:15
237286,Aaron,Connolly,Aaron Connolly,69,75,69,57,70,27,65,2026-08-12 11:55:15
266793,Diane,Caldwell,Diane Caldwell,69,44,42,60,61,70,65,2026-08-12 11:55:15
194146,Kevin,Long,Kevin Long,69,43,35,50,54,70,70,2026-08-12 11:55:15
192451,Graham,Carey,Graham Carey,68,74,69,72,71,59,74,2026-08-12 11:55:15
212454,Callum,O'Dowda,Callum O'Dowda,68,82,60,65,69,60,65,2026-08-12 11:55:15
241875,Will,Ferry,Will Ferry,68,82,52,66,68,60,70,2026-08-12 11:55:15
180903,Jay,O'Shea,Jay O'Shea,68,57,63,68,70,62,77,2026-08-12 11:55:15
198489,James,McClean,James McClean,68,61,63,65,65,63,79,2026-08-12 11:55:15
263861,Tyler,Goodrham,Tyler Goodrham,68,74,64,64,68,51,59,2026-08-12 11:55:15
272365,Sinclair,Armstrong,Sinclair Armstrong,68,89,65,54,65,23,78,2026-08-12 11:55:15
262889,Anselmo,García MacNulty,Anselmo García MacNulty,68,65,35,56,61,67,77,2026-08-12 11:55:15
241534,Sean,McLoughlin,Sean McLoughlin,68,51,32,55,57,68,73,2026-08-12 11:55:15
245988,Luca,Connell,Luca Connell,67,65,58,66,66,61,70,2026-08-12 11:55:15
240863,Conor,Coventry,Conor Coventry,67,66,53,66,66,63,70,2026-08-12 11:55:15
210263,Michael,Duffy,Michael Duffy,67,78,62,63,68,40,54,2026-08-12 11:55:15
275196,Rocco,Vata,Rocco Vata,67,85,65,59,71,32,53,2026-08-12 11:55:15
71215,Millenic,Alli,Millenic Alli,67,85,65,52,67,24,67,2026-08-12 11:55:15
246987,Conor,Kearns,Conor Kearns,67,66,65,62,69,32,66,2026-08-12 11:55:15
242265,Michael,Obafemi,Michael Obafemi,67,73,67,55,68,23,67,2026-08-12 11:55:15
237470,Dan,Casey,Dan Casey,67,46,36,46,51,67,75,2026-08-12 11:55:15
225734,CJ,Hamilton,CJ Hamilton,66,90,58,58,64,56,66,2026-08-12 11:55:15
202819,Chris,Forrester,Chris Forrester,66,63,62,65,69,60,70,2026-08-12 11:55:15
260195,John Patrick,Finn Benoa,John Patrick Finn Benoa,66,72,55,59,68,57,73,2026-08-12 11:55:15
261300,Killian,Phillips,Killian Phillips,66,48,58,63,63,62,80,2026-08-12 11:55:15
203398,Derrick,Williams,Derrick Williams,66,66,46,58,62,64,77,2026-08-12 11:55:15
270679,Ollie,O'Neill,Ollie O'Neill,66,80,59,60,65,49,60,2026-08-12 11:55:15
210029,Joe,Rafferty,Joe Rafferty,66,65,38,60,63,64,72,2026-08-12 11:55:15
202810,Sean,McDermott,Sean McDermott,66,66,64,61,66,40,64,2026-08-12 11:55:15
194018,James,Collins,James Collins,66,52,66,55,64,41,77,2026-08-12 11:55:15
264509,James,Abankwah,James Abankwah,66,70,35,45,60,65,69,2026-08-12 11:55:15
228106,Paudie,O'Connor,Paudie O'Connor,66,47,25,40,49,64,81,2026-08-12 11:55:15
277835,Bosun,Lawal,Bosun Lawal,65,71,60,64,63,64,79,2026-08-12 11:55:15
234242,Corey,O'Keeffe,Corey O'Keeffe,65,82,54,60,63,56,76,2026-08-12 11:55:15
261032,Joe,Hodge,Joe Hodge,65,74,55,60,68,62,71,2026-08-12 11:55:15
233378,Jordan,Shipley,Jordan Shipley,65,65,64,65,64,60,70,2026-08-12 11:55:15
236319,Thomas,O'Connor,Thomas O'Connor,65,66,57,62,60,63,72,2026-08-12 11:55:15
242624,Jon,Gallagher,Jon Gallagher,65,78,58,61,64,55,61,2026-08-12 11:55:15
241543,Andy,Lyons,Andy Lyons,65,71,58,60,62,61,61,2026-08-12 11:55:15
259596,Josh,Keeley,Josh Keeley,65,68,63,61,68,45,64,2026-08-12 11:55:15
202125,Jack,Bonham,Jack Bonham,65,66,62,65,65,43,64,2026-08-12 11:55:15
229114,Liam,Bossin,Liam Bossin,65,66,63,61,65,46,62,2026-08-12 11:55:15
257508,Sean,Roughan,Sean Roughan,65,65,41,59,58,64,72,2026-08-12 11:55:15
183544,Graham,Burke,Graham Burke,65,57,69,65,68,30,64,2026-08-12 11:55:15
180818,David,McGoldrick,David McGoldrick,65,55,66,63,67,32,68,2026-08-12 11:55:15
266210,Gavin,Molloy,Gavin Molloy,65,55,52,53,56,65,70,2026-08-12 11:55:15
247528,Corrie,Ndaba,Corrie Ndaba,65,70,27,54,58,62,78,2026-08-12 11:55:15
74555,Aarón,Ochoa Moloney,Aarón Ochoa Moloney,65,66,60,62,67,40,51,2026-08-12 11:55:15
211348,Stole,Dimitrievski,Stole Dimitrievski,79,79,78,74,78,36,77,2026-08-12 11:55:15
272005,Nataša,Andonova,Nataša Andonova,78,72,79,76,80,28,64,2026-08-12 11:55:15
241390,Eljif,Elmas,Eljif Elmas,77,72,71,73,80,65,68,2026-08-12 11:55:15
237239,Enis,Bardhi,Enis Bardhi,74,71,76,76,76,58,53,2026-08-12 11:55:15
269953,Bojan,Miovski,Bojan Miovski,72,73,72,62,71,29,72,2026-08-12 11:55:15
205759,Dejan,Stojanović,Dejan Stojanović,70,71,65,64,73,37,70,2026-08-12 11:55:15
276076,Isnik,Alimi,Isnik Alimi,69,66,61,67,66,64,75,2026-08-12 11:55:15
206006,Ezgjan,Alioski,Ezgjan Alioski,68,71,70,70,72,64,68,2026-08-12 11:55:15
251545,Darko,Churlinov,Darko Churlinov,68,78,65,62,71,50,57,2026-08-12 11:55:15
259130,Lirim,Qamili,Lirim Qamili,68,77,67,58,68,29,68,2026-08-12 11:55:15
266567,Visar,Musliu,Visar Musliu,68,69,34,48,62,68,73,2026-08-12 11:55:15
73301,Sefer,Emini,Sefer Emini,66,68,63,63,68,57,70,2026-08-12 11:55:15
213649,Dejan,Iliev,Dejan Iliev,66,67,63,64,68,44,64,2026-08-12 11:55:15
202910,David,Mitov Nilsson,David Mitov Nilsson,65,66,62,65,66,26,64,2026-08-12 11:55:15
73471,Kristijan,Trapanovski,Kristijan Trapanovski,64,67,61,62,64,33,61,2026-08-12 11:55:15
79002,Marko,Gjorgjievski,Marko Gjorgjievski,64,67,64,56,58,21,70,2026-08-12 11:55:15
73303,Ivan,Nikolov,Ivan Nikolov,59,68,48,56,63,54,66,2026-08-12 11:55:15
75592,Leon,Tasov,Leon Tasov,57,73,54,55,56,32,46,2026-08-12 11:55:15
218066,Ally,Samatta,Ally Samatta,72,75,70,62,68,37,73,2026-08-12 11:55:15
269899,Novatus,Miroshi,Novatus Miroshi,68,75,51,66,68,64,74,2026-08-12 11:55:15
74729,Aisha,Masaka,Aisha Masaka,66,70,64,52,64,18,54,2026-08-12 11:55:15
246173,Haji,Mnoga,Haji Mnoga,59,79,34,47,54,53,78,2026-08-12 11:55:15
229906,Leon,Bailey,Leon Bailey,79,87,74,73,84,38,61,2026-08-12 11:55:15
246208,Chantelle,Swaby,Chantelle Swaby,78,74,42,65,63,79,81,2026-08-12 11:55:15
238717,Ethan,Pinnock,Ethan Pinnock,77,60,36,56,61,78,79,2026-08-12 11:55:15
265246,Drew,Spence,Drew Spence,76,41,76,74,73,62,74,2026-08-12 11:55:15
216939,Andre,Blake,Andre Blake,75,74,70,71,77,45,78,2026-08-12 11:55:15
265254,Becky,Spencer,Becky Spencer,74,74,73,67,71,43,78,2026-08-12 11:55:15
246223,Jody,Brown,Jody Brown,73,76,76,62,72,43,60,2026-08-12 11:55:15
220633,Demarai,Gray,Demarai Gray,72,81,69,65,77,38,58,2026-08-12 11:55:15
225441,Kasey,Palmer,Kasey Palmer,70,67,66,71,74,52,70,2026-08-12 11:55:15
207804,Amari'i,Bell,Amari'i Bell,70,75,50,61,67,70,73,2026-08-12 11:55:15
211384,Jamal,Lowe,Jamal Lowe,70,84,69,60,72,40,69,2026-08-12 11:55:15
194138,Andre,Gray,Andre Gray,70,78,70,61,68,30,71,2026-08-12 11:55:15
70675,Kiki,Van Zanten,Kiki Van Zanten,69,75,69,68,71,65,58,2026-08-12 11:55:15
253034,Di'Shon,Bernard,Di'Shon Bernard,69,65,40,54,60,68,76,2026-08-12 11:55:15
233047,Joel,Latibeaudiere,Joel Latibeaudiere,69,53,38,57,60,70,72,2026-08-12 11:55:15
237310,Demetri,Mitchell,Demetri Mitchell,68,89,62,63,67,59,67,2026-08-12 11:55:15
211594,Greg,Leigh,Greg Leigh,68,74,59,60,64,64,74,2026-08-12 11:55:15
201887,Daniel,Johnson,Daniel Johnson,68,71,64,68,71,54,63,2026-08-12 11:55:15
261140,Javain,Brown,Javain Brown,67,80,42,55,55,67,73,2026-08-12 11:55:15
189160,Garath,McCleary,Garath McCleary,66,73,64,64,67,49,66,2026-08-12 11:55:15
73366,Norman,Campbell,Norman Campbell,66,92,62,53,70,30,62,2026-08-12 11:55:15
254492,Tayvon,Gray,Tayvon Gray,66,78,30,59,64,62,64,2026-08-12 11:55:15
228225,Wes,Harding,Wes Harding,66,69,39,52,58,64,74,2026-08-12 11:55:15
216346,Alvas,Powell,Alvas Powell,65,92,45,56,63,57,74,2026-08-12 11:55:15
242436,Jon,Russell,Jon Russell,65,50,61,62,61,64,76,2026-08-12 11:55:15
267942,Tyreece,Campbell,Tyreece Campbell,65,87,61,55,69,31,63,2026-08-12 11:55:15
278105,Malik,Mothersille,Malik Mothersille,65,83,62,55,66,31,64,2026-08-12 11:55:15
233215,Corey,Addai,Corey Addai,65,65,63,65,65,22,64,2026-08-12 11:55:15
209369,Blair,Turgott,Blair Turgott,64,80,63,56,66,25,70,2026-08-12 11:55:15
269572,Bailey,Cadamarteri,Bailey Cadamarteri,64,76,62,47,62,32,60,2026-08-12 11:55:15
261565,Jon,Bell,Jon Bell,64,73,25,38,48,64,69,2026-08-12 11:55:15
277346,Karoy,Anderson,Karoy Anderson,63,71,55,60,64,58,68,2026-08-12 11:55:15
236388,Jordon,Garrick,Jordon Garrick,63,79,62,55,65,42,60,2026-08-12 11:55:15
252330,Rumarn,Burrell,Rumarn Burrell,62,75,62,48,61,17,62,2026-08-12 11:55:15
274389,Khayon,Edwards,Khayon Edwards,62,69,64,44,58,21,59,2026-08-12 11:55:15
212683,Jamille,Matt,Jamille Matt,62,40,62,50,55,31,73,2026-08-12 11:55:15
240446,Curtis,Tilt,Curtis Tilt,62,50,33,38,49,62,75,2026-08-12 11:55:15
260143,Zane,Monlouis,Zane Monlouis,60,59,31,43,48,60,65,2026-08-12 11:55:15
74922,Kaheim,Dixon,Kaheim Dixon,59,85,57,46,57,20,53,2026-08-12 11:55:15
79444,Delano,McCoy-Splatt,Delano McCoy-Splatt,58,77,56,58,63,50,55,2026-08-12 11:55:15
79683,Richard,King,Richard King,58,64,29,34,45,58,63,2026-08-12 11:55:15
76453,Ashton,Gordon,Ashton Gordon,55,68,49,53,54,28,49,2026-08-12 11:55:15
77130,Malachi,Molina,Malachi Molina,53,87,52,40,53,47,45,2026-08-12 11:55:15
73873,Matthew,Bell,Matthew Bell,51,53,52,36,47,17,52,2026-08-12 11:55:15
262621,Giorgi,Mamardashvili,Giorgi Mamardashvili,84,84,81,72,84,48,84,2026-08-12 11:55:15
254551,Georges,Mikautadze,Georges Mikautadze,77,81,80,73,80,40,70,2026-08-12 11:55:15
245058,Otar,Kiteishvili,Otar Kiteishvili,75,72,72,71,77,68,58,2026-08-12 11:55:15
239755,Saba,Lobjanidze,Saba Lobjanidze,74,84,72,70,76,45,64,2026-08-12 11:55:15
205401,Valeri,Qazaishvili,Valeri Qazaishvili,74,75,70,70,76,41,70,2026-08-12 11:55:15
241168,Giorgi,Chakvetadze,Giorgi Chakvetadze,74,76,69,73,77,41,66,2026-08-12 11:55:15
271688,Zuriko,Davitashvili,Zuriko Davitashvili,74,86,64,70,77,25,61,2026-08-12 11:55:15
237633,Budu,Zivzivadze,Budu Zivzivadze,72,64,71,58,66,35,72,2026-08-12 11:55:15
245131,Giorgi,Tsitaishvili,Giorgi Tsitaishvili,72,86,61,64,75,33,47,2026-08-12 11:55:15
232123,Luka,Gugeshashvili,Luka Gugeshashvili,70,75,68,70,70,32,67,2026-08-12 11:55:15
278075,Irakli,Azarov,Irakli Azarov,70,78,37,66,70,64,57,2026-08-12 11:55:15
235005,Otar,Kakabadze,Otar Kakabadze,69,80,56,64,69,62,76,2026-08-12 11:55:15
258464,Luka,Lochoshvili,Luka Lochoshvili,69,39,28,40,47,68,81,2026-08-12 11:55:15
70195,Anzor,Mekvabishvili,Anzor Mekvabishvili,68,71,39,58,65,65,65,2026-08-12 11:55:15
276422,Giorgi,Kvernadze,Giorgi Kvernadze,65,74,61,59,67,29,53,2026-08-12 11:55:15
270591,Tornike,Gaprindashvili,Tornike Gaprindashvili,64,79,60,60,65,40,64,2026-08-12 11:55:15
77103,Otar,Mamageishvili,Otar Mamageishvili,64,62,62,64,66,49,58,2026-08-12 11:55:15
277979,Giorgi,Abuashvili,Giorgi Abuashvili,63,72,59,57,69,26,59,2026-08-12 11:55:15
275982,Irakli,Yegoian,Irakli Yegoian,63,65,59,60,67,43,45,2026-08-12 11:55:15
70878,Aleksandre,Kalandadze,Aleksandre Kalandadze,63,63,31,49,49,61,69,2026-08-12 11:55:15
79691,Nodar,Lominadze,Nodar Lominadze,62,60,46,59,66,59,69,2026-08-12 11:55:15
277060,Gabriel,Sigua,Gabriel Sigua,60,65,57,53,63,53,67,2026-08-12 11:55:15
78563,Diego,Deisadze,Diego Deisadze,57,61,56,40,54,24,61,2026-08-12 11:55:15
79332,Giorgi,Kavlashvili,Giorgi Kavlashvili,54,59,49,51,59,35,48,2026-08-12 11:55:15
255533,Youssouf,Ndayishimiye,Youssouf Ndayishimiye,77,68,49,68,72,77,80,2026-08-12 11:55:15
273614,Claus,Niyukuri,Claus Niyukuri,65,80,35,54,60,62,75,2026-08-12 11:55:15
256398,Parfait,Bizoza,Parfait Bizoza,64,63,56,57,62,63,73,2026-08-12 11:55:15
227392,Ashley,Lawrence,Ashley Lawrence,84,82,67,82,80,82,76,2026-08-12 11:55:15
237673,Kailen,Sheridan,Kailen Sheridan,83,81,80,79,85,41,82,2026-08-12 11:55:15
227387,Jessie,Fleming,Jessie Fleming,80,82,74,78,82,68,51,2026-08-12 11:55:15
261514,Évelyne,Viens,Évelyne Viens,80,81,79,62,80,28,63,2026-08-12 11:55:15
247724,Julia,Grosso,Julia Grosso,79,75,68,79,80,71,75,2026-08-12 11:55:15
264807,Marie,Levasseur,Marie Levasseur,79,77,66,65,74,76,78,2026-08-12 11:55:15
227405,Sophie,Schmidt,Sophie Schmidt,79,44,74,75,78,77,72,2026-08-12 11:55:15
276552,Olivia,Smith,Olivia Smith,79,79,78,68,82,24,66,2026-08-12 11:55:15
205211,Milan,Borjan,Milan Borjan,78,72,78,76,76,46,82,2026-08-12 11:55:15
227381,Janine,Sonis,Janine Sonis,78,84,73,75,78,44,64,2026-08-12 11:55:15
235962,Nichelle,Prince,Nichelle Prince,78,83,74,72,80,40,69,2026-08-12 11:55:15
250751,Jayde,Riviere,Jayde Riviere,78,74,51,70,71,77,68,2026-08-12 11:55:15
235594,Shelina,Zadorsky,Shelina Zadorsky,78,71,48,69,64,79,78,2026-08-12 11:55:15
227397,Adriana,Leon,Adriana Leon,78,81,77,69,79,35,65,2026-08-12 11:55:15
242380,Stephen,Antunes Eustáquio,Stephen Antunes Eustáquio,77,66,67,76,73,73,74,2026-08-12 11:55:15
226777,Cyle,Larin,Cyle Larin,77,70,77,68,71,28,78,2026-08-12 11:55:15
265571,Cloé,Lacasse,Cloé Lacasse,77,81,75,72,76,26,55,2026-08-12 11:55:15
274536,Moïse,Bombito,Moïse Bombito,76,93,49,58,65,75,76,2026-08-12 11:55:15
247725,Gabrielle,Carle,Gabrielle Carle,76,73,49,66,67,76,66,2026-08-12 11:55:15
247512,Jordyn,Huitema,Jordyn Huitema,76,77,72,66,73,42,64,2026-08-12 11:55:15
267277,Bianca,St-Georges,Bianca St-Georges,75,69,64,74,74,70,78,2026-08-12 11:55:15
227384,Allysha,Chapman,Allysha Chapman,75,71,51,62,73,75,73,2026-08-12 11:55:15
73070,Promise,David,Promise David,75,62,78,59,64,29,84,2026-08-12 11:55:15
246800,Tajon,Buchanan,Tajon Buchanan,74,90,65,66,74,67,73,2026-08-12 11:55:15
235593,Sabrina,D'Angelo,Sabrina D'Angelo,74,73,72,74,73,46,73,2026-08-12 11:55:15
268649,Alexandria,Lamontagne,Alexandria Lamontagne,74,83,73,62,72,35,78,2026-08-12 11:55:15
267529,Marie-Yasmine,Alidou,Marie-Yasmine Alidou,74,73,73,72,75,42,62,2026-08-12 11:55:15
243009,Derek,Cornelius,Derek Cornelius,74,67,45,55,57,71,85,2026-08-12 11:55:15
268908,Megan,Reid,Megan Reid,74,55,40,49,59,78,66,2026-08-12 11:55:15
265970,Emily,Burns,Emily Burns,73,71,68,67,78,43,74,2026-08-12 11:55:15
73028,Caroline,Kehrer,Caroline Kehrer,73,72,73,58,69,45,69,2026-08-12 11:55:15
247228,Dayne,St. Clair,Dayne St. Clair,73,73,69,60,76,27,72,2026-08-12 11:55:15
279532,Jade,Rose,Jade Rose,73,74,23,46,60,73,72,2026-08-12 11:55:15
232081,Richie,Laryea,Richie Laryea,72,81,61,65,74,64,71,2026-08-12 11:55:15
264207,Ismaël,Koné,Ismaël Koné,72,78,63,68,71,64,69,2026-08-12 11:55:15
240925,Liam,Millar,Liam Millar,72,85,66,66,75,52,59,2026-08-12 11:55:15
70851,Chandra,Davidson,Chandra Davidson,72,74,70,67,72,51,66,2026-08-12 11:55:15
247648,Kamal,Miller,Kamal Miller,71,75,48,59,63,68,81,2026-08-12 11:55:15
213439,Jonathan,Osorio,Jonathan Osorio,71,50,67,70,72,61,65,2026-08-12 11:55:15
245563,Theo,Bair,Theo Bair,71,75,68,51,65,29,80,2026-08-12 11:55:15
275238,Niko,Sigur,Niko Sigur,70,71,61,68,73,62,68,2026-08-12 11:55:15
272534,Lysianne,Proulx,Lysianne Proulx,70,72,67,71,68,34,70,2026-08-12 11:55:15
271108,Tani,Oluwaseyi,Tani Oluwaseyi,70,85,71,54,66,31,67,2026-08-12 11:55:15
276797,Élisabeth,Tsé,Élisabeth Tsé,70,58,39,51,58,69,74,2026-08-12 11:55:15
275981,Clarissa,Larisey,Clarissa Larisey,70,77,70,52,70,20,59,2026-08-12 11:55:15
275980,Simi,Awujo,Simi Awujo,69,76,66,59,71,69,70,2026-08-12 11:55:15
189462,Junior,Hoilett,Junior Hoilett,69,72,66,67,72,57,65,2026-08-12 11:55:15
213536,Maxime,Crépeau,Maxime Crépeau,69,71,69,64,72,45,66,2026-08-12 11:55:15
233045,Iké,Ugbo,Iké Ugbo,69,75,67,58,68,29,70,2026-08-12 11:55:15
213092,Samuel,Piette,Samuel Piette,69,57,22,55,55,68,78,2026-08-12 11:55:15
272604,Ali,Ahmed,Ali Ahmed,68,78,58,65,72,61,65,2026-08-12 11:55:15
220028,Sam,Adekugbe,Sam Adekugbe,68,83,50,60,70,60,75,2026-08-12 11:55:15
260398,Nathan-Dylan,Saliba,Nathan-Dylan Saliba,68,67,61,67,74,58,64,2026-08-12 11:55:15
255339,Jayden,Nelson,Jayden Nelson,68,92,59,58,74,48,59,2026-08-12 11:55:15
258758,Theo,Corbeanu,Theo Corbeanu,68,78,58,66,70,47,67,2026-08-12 11:55:15
178287,Scott,Arfield,Scott Arfield,68,36,66,69,69,65,63,2026-08-12 11:55:15
273473,Sydney,Collins,Sydney Collins,68,61,40,54,58,71,60,2026-08-12 11:55:15
255956,Joel,Waterman,Joel Waterman,68,43,42,58,50,68,74,2026-08-12 11:55:15
251352,Jacob,Shaffelburg,Jacob Shaffelburg,67,91,63,60,65,52,63,2026-08-12 11:55:15
238922,Mark-Anthony,Kaye,Mark-Anthony Kaye,67,70,53,61,61,66,72,2026-08-12 11:55:15
244680,Mathieu,Choinière,Mathieu Choinière,67,60,58,66,66,62,59,2026-08-12 11:55:15
70684,Amanda,West,Amanda West,67,69,66,59,69,39,64,2026-08-12 11:55:15
247494,Jonathan,Sirois,Jonathan Sirois,67,68,65,55,68,34,67,2026-08-12 11:55:15
76217,Brooklyn,Courtnall,Brooklyn Courtnall,67,63,41,51,62,68,62,2026-08-12 11:55:15
271143,Kyle,Hiebert,Kyle Hiebert,67,68,25,47,54,66,75,2026-08-12 11:55:15
234927,Raheem,Edwards,Raheem Edwards,66,77,52,61,70,61,70,2026-08-12 11:55:15
252082,Charles-Andreas,Brym,Charles-Andreas Brym,66,84,65,54,66,28,65,2026-08-12 11:55:15
255772,Ryan,Raposo,Ryan Raposo,65,68,58,63,67,57,51,2026-08-12 11:55:15
76320,Mia,Pante,Mia Pante,65,65,45,50,63,66,64,2026-08-12 11:55:15
238919,James,Pantemis,James Pantemis,65,66,63,54,67,36,66,2026-08-12 11:55:15
262227,Daniel,Jebbison,Daniel Jebbison,65,74,63,49,63,30,70,2026-08-12 11:55:15
264506,Justin,Smith,Justin Smith,65,55,41,56,60,63,70,2026-08-12 11:55:15
257067,Zac,McGraw,Zac McGraw,65,52,41,53,51,64,75,2026-08-12 11:55:15
243574,Zachary,Brault-Guillard,Zachary Brault-Guillard,64,88,57,55,61,59,67,2026-08-12 11:55:15
255347,Patrick,Metcalfe,Patrick Metcalfe,64,58,56,59,62,57,70,2026-08-12 11:55:15
277916,Luka,Gavran,Luka Gavran,64,64,66,66,63,28,62,2026-08-12 11:55:15
242643,Liam,Fraser,Liam Fraser,64,58,38,59,50,61,74,2026-08-12 11:55:15
261687,Sebastian,Breza,Sebastian Breza,64,63,64,50,68,33,62,2026-08-12 11:55:15
227847,Manjrekar,James,Manjrekar James,64,61,40,49,48,62,77,2026-08-12 11:55:15
269923,Jacen,Russell-Rowe,Jacen Russell-Rowe,64,73,63,47,61,22,66,2026-08-12 11:55:15
76485,Zara,Chavoshi,Zara Chavoshi,64,55,40,47,59,64,61,2026-08-12 11:55:15
269758,Victor,Loturi,Victor Loturi,63,71,54,60,66,59,65,2026-08-12 11:55:15
267847,Kosi,Thompson,Kosi Thompson,63,81,50,54,60,57,64,2026-08-12 11:55:15
76858,Matteo,de Brienne,Matteo de Brienne,63,73,55,52,60,58,59,2026-08-12 11:55:15
255335,Jahkeele,Marshall-Rutty,Jahkeele Marshall-Rutty,63,81,51,55,69,52,42,2026-08-12 11:55:15
247125,Zorhan,Bassong,Zorhan Bassong,63,74,35,55,63,59,63,2026-08-12 11:55:15
235573,Marcus,Godinho,Marcus Godinho,63,73,31,55,67,57,64,2026-08-12 11:55:15
254294,Dominick,Zator,Dominick Zator,63,71,29,43,52,62,79,2026-08-12 11:55:15
248216,Thomas,Hasal,Thomas Hasal,63,63,60,58,66,27,61,2026-08-12 11:55:15
266335,Luca,Petrasso,Luca Petrasso,62,70,42,59,61,56,64,2026-08-12 11:55:15
268433,Kobe,Franklin,Kobe Franklin,62,69,33,54,61,60,49,2026-08-12 11:55:15
266717,Lukas,MacNaughton,Lukas MacNaughton,62,60,33,40,49,62,69,2026-08-12 11:55:15
266615,Deandre,Kerr,Deandre Kerr,61,78,59,52,60,47,71,2026-08-12 11:55:15
201864,Simon,Thomas,Simon Thomas,61,60,61,57,60,40,59,2026-08-12 11:55:15
264298,Conor,Bradley,Conor Bradley,78,80,61,70,75,75,74,2026-08-12 11:55:15
266400,Trai,Hume,Trai Hume,74,80,37,61,68,71,79,2026-08-12 11:55:15
213697,Paddy,McNair,Paddy McNair,73,63,62,67,68,73,76,2026-08-12 11:55:15
243908,Daniel,Ballard,Daniel Ballard,73,60,30,53,57,72,81,2026-08-12 11:55:15
276695,Shea,Charles,Shea Charles,72,62,61,73,69,69,74,2026-08-12 11:55:15
204412,George,Saville,George Saville,72,58,65,70,69,68,73,2026-08-12 11:55:15
243520,Ali,McCann,Ali McCann,70,65,59,65,69,70,74,2026-08-12 11:55:15
242541,Ciaron,Brown,Ciaron Brown,70,65,46,56,61,70,75,2026-08-12 11:55:15
268630,Isaac,Price,Isaac Price,69,66,66,68,69,60,69,2026-08-12 11:55:15
242289,Conor,Hazard,Conor Hazard,69,69,67,64,71,34,69,2026-08-12 11:55:15
186143,Oliver,Norwood,Oliver Norwood,69,34,63,71,64,66,63,2026-08-12 11:55:15
229091,Bailey,Peacock-Farrell,Bailey Peacock-Farrell,68,69,67,68,70,60,66,2026-08-12 11:55:15
243640,Ethan,Galbraith,Ethan Galbraith,68,72,63,66,69,63,66,2026-08-12 11:55:15
230136,Jordan,Thompson,Jordan Thompson,68,68,59,69,69,63,68,2026-08-12 11:55:15
270637,Brodie,Spencer,Brodie Spencer,68,85,46,56,64,65,77,2026-08-12 11:55:15
241075,Paul,Smyth,Paul Smyth,68,91,59,60,71,40,54,2026-08-12 11:55:15
204324,Matty,Kennedy,Matty Kennedy,67,85,59,63,70,50,61,2026-08-12 11:55:15
276070,Terry,Devlin,Terry Devlin,67,72,55,60,63,64,72,2026-08-12 11:55:15
278557,Jamie,Donley,Jamie Donley,67,66,62,66,67,37,61,2026-08-12 11:55:15
239540,Eoin,Toal,Eoin Toal,67,49,31,43,52,66,77,2026-08-12 11:55:15
220039,Dion,Charles,Dion Charles,66,81,65,58,64,42,72,2026-08-12 11:55:15
251001,Caolán,Boyd-Munce,Caolán Boyd-Munce,66,63,57,63,64,64,66,2026-08-12 11:55:15
278101,Callum,Marshall,Callum Marshall,66,69,66,55,64,42,76,2026-08-12 11:55:15
70229,Jamie,McDonnell,Jamie McDonnell,66,61,50,55,58,66,76,2026-08-12 11:55:15
205255,Jamie,Reid,Jamie Reid,66,76,66,55,66,24,73,2026-08-12 11:55:15
246846,Brad,Lyons,Brad Lyons,65,70,60,59,62,65,72,2026-08-12 11:55:15
247336,Alfie,McCalmont,Alfie McCalmont,65,64,58,64,66,59,69,2026-08-12 11:55:15
235027,Luke,Southwood,Luke Southwood,65,65,64,68,64,54,64,2026-08-12 11:55:15
264644,Paddy,Lane,Paddy Lane,65,72,64,61,67,50,54,2026-08-12 11:55:15
273839,Pierce,Charles,Pierce Charles,65,65,65,65,64,31,64,2026-08-12 11:55:15
186562,Josh,Magennis,Josh Magennis,65,48,64,55,60,42,82,2026-08-12 11:55:15
238990,Shayne,Lavery,Shayne Lavery,65,77,66,52,67,24,62,2026-08-12 11:55:15
215820,Liam,Donnelly,Liam Donnelly,64,59,65,60,64,64,69,2026-08-12 11:55:15
166764,Trevor,Carson,Trevor Carson,64,64,63,64,63,49,64,2026-08-12 11:55:15
206089,Cameron,McGeehan,Cameron McGeehan,63,67,61,59,64,57,75,2026-08-12 11:55:15
212990,Callum,Camps,Callum Camps,63,67,60,62,64,57,65,2026-08-12 11:55:15
201901,Carl,Winchester,Carl Winchester,63,61,60,61,62,58,70,2026-08-12 11:55:15
206555,Christy,Pym,Christy Pym,63,57,63,64,65,43,62,2026-08-12 11:55:15
264677,Chris,Conn-Clarke,Chris Conn-Clarke,63,72,63,59,64,40,56,2026-08-12 11:55:15
264269,Aaron,Donnelly,Aaron Donnelly,63,65,40,54,61,64,62,2026-08-12 11:55:15
265468,Dale,Taylor,Dale Taylor,63,72,63,49,64,32,59,2026-08-12 11:55:15
277551,Conor,McMenamin,Conor McMenamin,63,76,57,57,64,28,48,2026-08-12 11:55:15
194122,Will,Grigg,Will Grigg,63,57,64,49,62,32,63,2026-08-12 11:55:15
194785,Tom,Flanagan,Tom Flanagan,63,50,34,54,50,61,77,2026-08-12 11:55:15
220956,Ryan,Johnson,Ryan Johnson,63,69,24,43,52,62,72,2026-08-12 11:55:15
266709,JJ,McKiernan,JJ McKiernan,62,75,59,59,63,44,64,2026-08-12 11:55:15
201346,Liam,Boyce,Liam Boyce,62,47,64,54,58,41,68,2026-08-12 11:55:15
273692,Kofi,Balmer,Kofi Balmer,62,66,34,47,51,62,68,2026-08-12 11:55:15
75768,Ruairi,McConville,Ruairi McConville,62,60,32,44,50,61,69,2026-08-12 11:55:15
256439,Carl,Johnston,Carl Johnston,61,72,48,55,60,56,64,2026-08-12 11:55:15
244655,Gavin,Whyte,Gavin Whyte,61,82,57,59,62,43,44,2026-08-12 11:55:15
235650,Ben,Doherty,Ben Doherty,60,79,51,59,59,54,57,2026-08-12 11:55:15
243688,Bobby,Burns,Bobby Burns,60,68,52,56,58,55,50,2026-08-12 11:55:15
79284,Lee,Bonis,Lee Bonis,60,73,59,44,58,26,63,2026-08-12 11:55:15
238410,Liam,Coyle,Liam Coyle,59,61,51,56,60,57,67,2026-08-12 11:55:15
251262,Barry,Baggley,Barry Baggley,59,63,50,59,61,54,57,2026-08-12 11:55:15
210392,Ryan,McLaughlin,Ryan McLaughlin,59,64,49,56,58,57,57,2026-08-12 11:55:15
273558,Stephen,McMullan,Stephen McMullan,59,61,56,56,62,49,57,2026-08-12 11:55:15
192624,Shane,Ferguson,Shane Ferguson,59,60,50,62,52,56,57,2026-08-12 11:55:15
221167,Cameron,Dummigan,Cameron Dummigan,58,54,40,55,54,57,57,2026-08-12 11:55:15
263030,Evan,McLaughlin,Evan McLaughlin,57,69,48,57,58,54,54,2026-08-12 11:55:15
70446,Michael,Forbes,Michael Forbes,57,53,31,42,48,56,65,2026-08-12 11:55:15
272401,Sam,Glenfield,Sam Glenfield,56,66,52,51,59,58,51,2026-08-12 11:55:15
270593,Darren,Robinson,Darren Robinson,56,61,42,52,59,56,58,2026-08-12 11:55:15
228292,Ciaron,Harkin,Ciaron Harkin,56,48,50,58,57,54,56,2026-08-12 11:55:15
273979,Ciaran,McGuckin,Ciaran McGuckin,56,60,56,42,53,16,59,2026-08-12 11:55:15
74222,Euan,Williams,Euan Williams,54,66,49,50,56,43,52,2026-08-12 11:55:15
259201,Danny,Finlayson,Danny Finlayson,53,68,34,41,51,50,67,2026-08-12 11:55:15
77438,Max,Wilson,Max Wilson,53,67,47,52,55,35,51,2026-08-12 11:55:15
277533,Phoenix,Scholtz,Phoenix Scholtz,53,75,31,44,50,47,53,2026-08-12 11:55:15
75655,George,Goodman,George Goodman,53,58,21,31,34,53,59,2026-08-12 11:55:15
225126,Ellyes,Skhiri,Ellyes Skhiri,80,64,73,74,75,80,74,2026-08-12 11:55:15
252711,Ali,Abdi,Ali Abdi,76,86,62,70,73,69,75,2026-08-12 11:55:15
258171,Hannibal,Mejbri,Hannibal Mejbri,74,76,63,73,76,68,82,2026-08-12 11:55:15
263194,Ismaël,Gharbi,Ismaël Gharbi,73,78,67,69,79,41,56,2026-08-12 11:55:15
245410,Montassar,Talbi,Montassar Talbi,73,56,30,42,57,73,76,2026-08-12 11:55:15
242166,Amor,Layouni,Amor Layouni,72,92,71,64,70,41,77,2026-08-12 11:55:15
263672,Elias,Achouri,Elias Achouri,72,85,64,65,74,32,58,2026-08-12 11:55:15
274000,Elias,Saad,Elias Saad,72,74,67,67,77,31,59,2026-08-12 11:55:15
236316,Yan,Valery,Yan Valery,71,62,52,63,68,70,74,2026-08-12 11:55:15
220029,Saîf-Eddine,Khaoui,Saîf-Eddine Khaoui,70,50,68,71,71,49,59,2026-08-12 11:55:15
263432,Mortadha,Ben Ouanes,Mortadha Ben Ouanes,69,72,60,68,68,66,65,2026-08-12 11:55:15
269562,Sayfallah,Ltaief,Sayfallah Ltaief,69,84,61,61,72,32,63,2026-08-12 11:55:15
235565,Dylan,Bronn,Dylan Bronn,68,60,61,64,61,68,76,2026-08-12 11:55:15
246681,Idris,El Mizouni,Idris El Mizouni,68,64,58,64,65,62,73,2026-08-12 11:55:15
251790,Hamza,Rafia,Hamza Rafia,68,60,67,68,74,48,63,2026-08-12 11:55:15
255210,Anis,Slimane,Anis Slimane,67,65,61,62,68,58,75,2026-08-12 11:55:15
264705,Mohamed Belhadj,Mahmoud,Mohamed Belhadj Mahmoud,67,67,58,63,66,64,70,2026-08-12 11:55:15
72919,Alaa,Ghram,Alaa Ghram,67,72,42,57,63,67,69,2026-08-12 11:55:15
276544,Amin,Cherni,Amin Cherni,66,74,33,54,60,59,67,2026-08-12 11:55:15
242041,Mohamed,Dräger,Mohamed Dräger,65,67,62,61,65,61,61,2026-08-12 11:55:15
235516,Rami,Kaib,Rami Kaib,65,74,46,63,63,57,67,2026-08-12 11:55:15
74314,Chiheb,Labidi,Chiheb Labidi,64,64,51,61,65,59,71,2026-08-12 11:55:15
71474,Louey,Ben Farhat,Louey Ben Farhat,64,83,62,61,73,34,45,2026-08-12 11:55:15
279056,Moutaz,Neffati,Moutaz Neffati,63,68,53,58,61,59,57,2026-08-12 11:55:15
270104,Adel,Bettaieb,Adel Bettaieb,61,66,62,53,60,22,59,2026-08-12 11:55:15
70065,Motez,Nourani,Motez Nourani,60,69,54,56,64,33,52,2026-08-12 11:55:15
74444,Wael,Debbiche,Wael Debbiche,57,60,34,53,58,56,53,2026-08-12 11:55:15
77459,Anisse,Saidi,Anisse Saidi,48,53,52,34,44,19,41,2026-08-12 11:55:15
239028,Aboubakary,Koita,Aboubakary Koita,75,83,77,70,76,57,69,2026-08-12 11:55:15
276761,Mamadou,Diop,Mamadou Diop,69,70,66,65,72,31,70,2026-08-12 11:55:15
266848,Oumar,Ngom,Oumar Ngom,64,60,49,59,66,62,71,2026-08-12 11:55:15
243210,Aly,Abeid,Aly Abeid,64,72,42,52,61,60,71,2026-08-12 11:55:15
77114,Beyatt,Lekoueiry,Beyatt Lekoueiry,61,75,56,57,66,38,51,2026-08-12 11:55:15
78654,Bakari,Camara,Bakari Camara,60,68,44,55,60,58,64,2026-08-12 11:55:15
245882,Erin,Cuthbert,Erin Cuthbert,85,79,80,84,83,80,73,2026-08-12 11:55:15
236772,Dominik,Szoboszlai,Dominik Szoboszlai,83,79,82,84,82,67,76,2026-08-12 11:55:15
205569,James,Ward-Prowse,James Ward-Prowse,77,42,74,83,74,66,64,2026-08-12 11:55:15
267217,Sam,Coffey,Sam Coffey,82,73,72,82,78,77,79,2026-08-12 11:55:15
267221,Natalia,Kuikka,Natalia Kuikka,78,78,53,70,74,77,80,2026-08-12 11:55:15
266598,Eveliina,Summanen,Eveliina Summanen,76,47,67,76,74,74,81,2026-08-12 11:55:15
269131,Sanni,Franssi,Sanni Franssi,76,82,75,70,78,31,71,2026-08-12 11:55:15
232446,Kaan,Kairinen,Kaan Kairinen,75,64,63,76,74,68,73,2026-08-12 11:55:15
247447,Oliver,Antman,Oliver Antman,75,83,65,73,73,37,63,2026-08-12 11:55:15
213654,Glen,Kamara,Glen Kamara,74,75,58,68,77,69,75,2026-08-12 11:55:15
264978,Katriina,Talaslahti,Katriina Talaslahti,74,73,71,70,77,48,74,2026-08-12 11:55:15
220165,Joel,Pohjanpalo,Joel Pohjanpalo,74,68,76,63,70,36,76,2026-08-12 11:55:15
228312,Robin,Lod,Robin Lod,73,70,71,74,75,59,72,2026-08-12 11:55:15
72791,Oona,Siren,Oona Siren,72,61,64,70,70,69,69,2026-08-12 11:55:15
245582,Benjamin,Källman,Benjamin Källman,72,81,69,60,70,23,81,2026-08-12 11:55:15
72788,Eva,Nyström,Eva Nyström,72,61,42,60,67,71,69,2026-08-12 11:55:15
263343,Naatan,Skyttä,Naatan Skyttä,71,67,61,71,73,57,53,2026-08-12 11:55:15
190362,Teemu,Pukki,Teemu Pukki,71,68,72,62,71,36,70,2026-08-12 11:55:15
277963,Jutta,Rantala,Jutta Rantala,71,66,73,54,69,25,58,2026-08-12 11:55:15
205895,Alexander,Ring,Alexander Ring,70,67,66,67,69,67,73,2026-08-12 11:55:15
239944,Robert,Taylor,Robert Taylor,70,82,68,70,70,49,67,2026-08-12 11:55:15
241523,Marcus,Forss,Marcus Forss,70,74,70,54,67,39,69,2026-08-12 11:55:15
277966,Olga,Ahtinen,Olga Ahtinen,70,59,61,63,70,58,62,2026-08-12 11:55:15
272700,Elli,Pikkujämsä,Elli Pikkujämsä,70,31,43,57,60,72,64,2026-08-12 11:55:15
272599,Tuomas,Ollila,Tuomas Ollila,69,79,57,65,64,63,66,2026-08-12 11:55:15
199904,Jesse,Joronen,Jesse Joronen,69,68,71,69,67,47,69,2026-08-12 11:55:15
279933,Anni,Hartikainen,Anni Hartikainen,69,65,59,68,70,66,63,2026-08-12 11:55:15
274089,Niklas,Pyyhtiä,Niklas Pyyhtiä,69,60,67,67,66,59,69,2026-08-12 11:55:15
263364,Leo,Walta,Leo Walta,69,69,61,64,71,56,62,2026-08-12 11:55:15
234291,Leo,Väisänen,Leo Väisänen,69,72,30,56,59,69,73,2026-08-12 11:55:15
72764,Oona,Sevenius,Oona Sevenius,69,66,68,54,68,26,59,2026-08-12 11:55:15
242055,Adam,Ståhl,Adam Ståhl,68,79,61,63,66,62,76,2026-08-12 11:55:15
70958,Tommy,Jyry,Tommy Jyry,68,73,58,66,68,57,63,2026-08-12 11:55:15
213763,Rasmus,Schüller,Rasmus Schüller,68,37,55,61,64,69,74,2026-08-12 11:55:15
246757,Santeri,Väänänen,Santeri Väänänen,67,74,48,62,65,63,67,2026-08-12 11:55:15
272648,Topi,Keskinen,Topi Keskinen,67,83,63,61,68,39,57,2026-08-12 11:55:15
74017,Sofia,Määttä,Sofia Määttä,67,66,59,62,68,54,56,2026-08-12 11:55:15
72798,Lotta,Lindström,Lotta Lindström,67,63,65,50,67,26,57,2026-08-12 11:55:15
245685,Onni,Valakari,Onni Valakari,66,71,64,67,65,56,71,2026-08-12 11:55:15
230055,Niko,Hämäläinen,Niko Hämäläinen,66,77,48,58,65,61,62,2026-08-12 11:55:15
234294,Lucas,Lingman,Lucas Lingman,66,64,55,67,71,52,58,2026-08-12 11:55:15
271326,Daniel,Håkans,Daniel Håkans,66,91,57,56,68,30,62,2026-08-12 11:55:15
247286,Santeri,Hostikka,Santeri Hostikka,66,77,63,62,66,34,59,2026-08-12 11:55:15
72974,Luka,Hyryläinen,Luka Hyryläinen,66,55,43,60,64,62,74,2026-08-12 11:55:15
258489,Casper,Terho,Casper Terho,66,72,63,61,67,36,58,2026-08-12 11:55:15
256215,Matti,Peltola,Matti Peltola,66,65,35,55,58,70,66,2026-08-12 11:55:15
73599,Juho,Talvitie,Juho Talvitie,66,78,45,62,72,31,48,2026-08-12 11:55:15
263310,Anssi,Suhonen,Anssi Suhonen,66,56,57,61,73,38,51,2026-08-12 11:55:15
266125,Arttu,Hoskonen,Arttu Hoskonen,66,65,36,48,48,65,72,2026-08-12 11:55:15
76870,Juhani,Pikkarainen,Juhani Pikkarainen,66,62,23,46,53,64,72,2026-08-12 11:55:15
254994,Miro,Tenho,Miro Tenho,66,47,23,49,49,66,74,2026-08-12 11:55:15
234300,Lassi,Lappalainen,Lassi Lappalainen,65,86,59,57,65,53,56,2026-08-12 11:55:15
254513,Carljohan,Eriksson,Carljohan Eriksson,65,63,65,64,64,54,63,2026-08-12 11:55:15
76879,Matias,Siltanen,Matias Siltanen,65,69,54,55,62,60,62,2026-08-12 11:55:15
241960,Timo,Stavitski,Timo Stavitski,65,81,59,62,62,27,60,2026-08-12 11:55:15
277310,Otso,Liimatta,Otso Liimatta,65,69,57,67,68,45,39,2026-08-12 11:55:15
225766,Hugo,Keto,Hugo Keto,64,65,62,60,64,46,63,2026-08-12 11:55:15
221486,Daniel,O'Shaughnessy,Daniel O'Shaughnessy,64,46,39,56,50,64,62,2026-08-12 11:55:15
258953,Ilmari,Niskanen,Ilmari Niskanen,63,74,57,59,65,57,64,2026-08-12 11:55:15
266113,Niilo,Mäenpää,Niilo Mäenpää,63,72,54,62,62,56,68,2026-08-12 11:55:15
77520,Juho,Lähteenmäki,Juho Lähteenmäki,63,80,53,56,62,58,48,2026-08-12 11:55:15
272646,Jesse,Öst,Jesse Öst,63,62,63,65,63,29,61,2026-08-12 11:55:15
261375,Lucas,Bergström,Lucas Bergström,63,65,60,60,65,29,62,2026-08-12 11:55:15
76865,Matias,Tamminen,Matias Tamminen,63,68,60,59,61,21,61,2026-08-12 11:55:15
274923,Noah,Pallas,Noah Pallas,62,74,50,57,63,54,57,2026-08-12 11:55:15
258032,Kai,Meriluoto,Kai Meriluoto,62,73,61,52,64,19,56,2026-08-12 11:55:15
74628,Santeri,Haarala,Santeri Haarala,62,77,60,54,63,20,49,2026-08-12 11:55:15
70918,Tony,Miettinen,Tony Miettinen,62,56,34,44,49,63,65,2026-08-12 11:55:15
278167,Janne-Pekka,Laine,Janne-Pekka Laine,61,67,49,63,65,53,57,2026-08-12 11:55:15
278623,Jasper,Samooja,Jasper Samooja,61,62,65,61,59,26,60,2026-08-12 11:55:15
79927,Dario,Naamo,Dario Naamo,61,73,29,50,60,54,58,2026-08-12 11:55:15
242149,Kevin,Kouassivi-Benissan,Kevin Kouassivi-Benissan,60,78,50,56,61,53,58,2026-08-12 11:55:15
76413,Kaius,Simojoki,Kaius Simojoki,60,68,42,49,57,55,61,2026-08-12 11:55:15
275331,Liam,Möller,Liam Möller,60,73,54,56,61,34,48,2026-08-12 11:55:15
266676,Miska,Ylitolva,Miska Ylitolva,60,73,29,51,58,55,56,2026-08-12 11:55:15
78599,Ida,Heikkinen,Ida Heikkinen,60,69,41,53,52,58,48,2026-08-12 11:55:15
274855,Miika,Koskela,Miika Koskela,60,68,27,41,39,59,63,2026-08-12 11:55:15
75390,Emmi,Siren,Emmi Siren,60,60,26,36,39,62,57,2026-08-12 11:55:15
275184,David,Ezeh,David Ezeh,59,73,57,47,59,24,57,2026-08-12 11:55:15
71943,Michael,Boamah,Michael Boamah,58,69,22,38,52,57,61,2026-08-12 11:55:15
207410,Mateo,Kovačić,Mateo Kovačić,83,67,74,81,83,73,72,2026-08-12 11:55:15
181458,Ivan,Perišić,Ivan Perišić,81,75,80,81,79,69,75,2026-08-12 11:55:15
216352,Marcelo,Brozović,Marcelo Brozović,81,63,73,78,79,78,80,2026-08-12 11:55:15
216354,Andrej,Kramarić,Andrej Kramarić,81,67,82,78,84,33,73,2026-08-12 11:55:15
223273,Mario,Pašalić,Mario Pašalić,80,69,78,77,81,67,76,2026-08-12 11:55:15
241671,Dominik,Livaković,Dominik Livaković,80,80,76,71,83,56,80,2026-08-12 11:55:15
205855,Marko,Livaja,Marko Livaja,79,63,82,77,79,43,82,2026-08-12 11:55:15
244261,Lovro,Majer,Lovro Majer,78,70,73,80,83,60,70,2026-08-12 11:55:15
262842,Martin,Baturina,Martin Baturina,78,77,70,78,83,59,66,2026-08-12 11:55:15
250955,Josip,Stanišić,Josip Stanišić,78,73,44,65,69,79,74,2026-08-12 11:55:15
256325,Josip,Šutalo,Josip Šutalo,78,77,32,62,72,78,80,2026-08-12 11:55:15
246267,Dominik,Kotarski,Dominik Kotarski,77,79,72,76,80,46,73,2026-08-12 11:55:15
257889,Kristijan,Jakić,Kristijan Jakić,76,72,62,65,68,76,80,2026-08-12 11:55:15
215455,Bruno,Petković,Bruno Petković,76,68,73,78,77,41,75,2026-08-12 11:55:15
244797,Petar,Musa,Petar Musa,76,82,75,61,71,41,81,2026-08-12 11:55:15
244270,Nikola,Moro,Nikola Moro,75,66,72,74,73,70,72,2026-08-12 11:55:15
234711,Josip,Brekalo,Josip Brekalo,75,75,72,74,80,38,54,2026-08-12 11:55:15
74896,Franjo,Ivanović,Franjo Ivanović,75,72,78,66,74,29,72,2026-08-12 11:55:15
276278,Petar,Sučić,Petar Sučić,74,69,68,72,77,61,74,2026-08-12 11:55:15
266282,Kristijan,Kahlina,Kristijan Kahlina,74,75,72,71,77,32,76,2026-08-12 11:55:15
215930,Tin,Jedvaj,Tin Jedvaj,74,70,51,57,64,74,76,2026-08-12 11:55:15
199206,Domagoj,Vida,Domagoj Vida,74,63,41,59,57,76,76,2026-08-12 11:55:15
238370,Marin,Pongračić,Marin Pongračić,74,61,26,52,62,74,76,2026-08-12 11:55:15
244262,Dinko,Horkaš,Dinko Horkaš,73,73,72,70,73,48,72,2026-08-12 11:55:15
275401,Matija,Frigan,Matija Frigan,73,79,73,60,72,37,76,2026-08-12 11:55:15
271949,Nediljko,Labrović,Nediljko Labrović,73,73,68,63,76,40,73,2026-08-12 11:55:15
271384,Dion Drena,Beljo,Dion Drena Beljo,73,59,72,49,69,31,75,2026-08-12 11:55:15
244377,Toni,Borevković,Toni Borevković,73,45,30,47,49,74,80,2026-08-12 11:55:15
243525,Robert,Ljubičić,Robert Ljubičić,72,77,64,70,73,65,73,2026-08-12 11:55:15
220018,Ante,Rebić,Ante Rebić,72,76,71,70,71,46,72,2026-08-12 11:55:15
252931,Luka,Ivanušec,Luka Ivanušec,72,57,69,70,79,57,71,2026-08-12 11:55:15
242288,Ivica,Ivušić,Ivica Ivušić,72,72,71,72,72,41,70,2026-08-12 11:55:15
77163,Ivan,Smolčić,Ivan Smolčić,72,63,52,62,68,74,77,2026-08-12 11:55:15
258585,Ivor,Pandur,Ivor Pandur,72,72,70,64,77,39,69,2026-08-12 11:55:15
258390,Ivo,Grbić,Ivo Grbić,72,73,69,70,73,32,69,2026-08-12 11:55:15
244269,Filip,Benković,Filip Benković,72,60,44,54,55,71,81,2026-08-12 11:55:15
269402,Hrvoje,Smolčić,Hrvoje Smolčić,72,68,28,49,58,72,75,2026-08-12 11:55:15
195086,Dejan,Lovren,Dejan Lovren,72,49,40,57,56,73,73,2026-08-12 11:55:15
244456,Martin,Erlić,Martin Erlić,72,56,35,46,53,73,72,2026-08-12 11:55:15
254822,Fran,Tudor,Fran Tudor,71,87,60,66,71,66,75,2026-08-12 11:55:15
239148,Franko,Andrijašević,Franko Andrijašević,71,70,71,67,69,56,80,2026-08-12 11:55:15
241673,Borna,Barišić,Borna Barišić,71,66,63,73,68,68,69,2026-08-12 11:55:15
252000,Domagoj,Bradarić,Domagoj Bradarić,71,74,57,68,71,67,63,2026-08-12 11:55:15
245275,Toma,Bašić,Toma Bašić,71,40,64,73,70,72,70,2026-08-12 11:55:15
262740,Marco,Pašalić,Marco Pašalić,71,76,72,67,75,35,56,2026-08-12 11:55:15
244274,Adrian,Šemper,Adrian Šemper,71,72,68,66,72,31,70,2026-08-12 11:55:15
220785,Antonio,Čolak,Antonio Čolak,71,66,73,57,69,34,75,2026-08-12 11:55:15
259750,Igor,Matanović,Igor Matanović,71,68,69,55,67,34,74,2026-08-12 11:55:15
271300,Dominik,Prpić,Dominik Prpić,71,71,27,56,60,70,75,2026-08-12 11:55:15
216349,Alen,Halilović,Alen Halilović,71,55,62,72,77,44,43,2026-08-12 11:55:15
226518,Antonio,Milić,Antonio Milić,71,44,42,63,50,70,83,2026-08-12 11:55:15
231007,Josip,Mišić,Josip Mišić,70,69,62,73,62,64,73,2026-08-12 11:55:15
262581,Stanko,Jurić,Stanko Jurić,70,61,66,59,66,68,82,2026-08-12 11:55:15
277901,Luka,Stojković,Luka Stojković,70,72,69,70,72,43,70,2026-08-12 11:55:15
230988,Filip,Krovinović,Filip Krovinović,70,65,67,71,72,60,60,2026-08-12 11:55:15
254928,Bartol,Franjić,Bartol Franjić,70,68,51,66,65,67,75,2026-08-12 11:55:15
279188,Šimun,Hrgović,Šimun Hrgović,70,84,48,69,69,60,60,2026-08-12 11:55:15
261144,Ivan,Nevistić,Ivan Nevistić,70,70,66,69,75,40,68,2026-08-12 11:55:15
251288,Jakov,Medić,Jakov Medić,70,64,52,59,58,67,83,2026-08-12 11:55:15
239179,Zoran,Arsenić,Zoran Arsenić,70,69,40,57,60,68,81,2026-08-12 11:55:15
76227,Niko,Galešić,Niko Galešić,70,66,54,48,60,70,76,2026-08-12 11:55:15
261143,Marko,Bulat,Marko Bulat,69,81,69,74,70,60,68,2026-08-12 11:55:15
227584,Dario,Melnjak,Dario Melnjak,69,69,65,63,68,65,66,2026-08-12 11:55:15
261145,Dario,Špikić,Dario Špikić,69,83,65,62,73,52,60,2026-08-12 11:55:15
250952,Karlo,Muhar,Karlo Muhar,69,63,54,58,60,69,86,2026-08-12 11:55:15
236413,Sandro,Kulenović,Sandro Kulenović,69,78,69,54,60,41,78,2026-08-12 11:55:15
262586,Ivan,Brnić,Ivan Brnić,69,76,60,64,73,48,52,2026-08-12 11:55:15
243538,Karlo,Letica,Karlo Letica,69,69,65,65,70,32,70,2026-08-12 11:55:15
234877,Fabijan,Buntić,Fabijan Buntić,69,69,67,68,70,24,69,2026-08-12 11:55:15
255891,Boško,Šutalo,Boško Šutalo,69,57,44,54,62,70,71,2026-08-12 11:55:15
271395,Ivan,Prtajin,Ivan Prtajin,69,64,69,54,63,29,75,2026-08-12 11:55:15
251343,Zvonimir,Šarlija,Zvonimir Šarlija,69,58,32,49,48,68,76,2026-08-12 11:55:15
237570,Tin,Plavotić,Tin Plavotić,69,37,32,49,44,69,79,2026-08-12 11:55:15
236311,Marko,Rog,Marko Rog,68,72,67,69,72,63,66,2026-08-12 11:55:15
205983,Damjan,Đoković,Damjan Đoković,68,55,64,69,65,63,78,2026-08-12 11:55:15
277941,Lukas,Kačavenda,Lukas Kačavenda,68,68,63,65,72,57,68,2026-08-12 11:55:15
79981,Mateo,Lisica,Mateo Lisica,68,89,64,65,66,33,64,2026-08-12 11:55:15
252574,Diego,Živulić,Diego Živulić,68,59,54,60,56,67,80,2026-08-12 11:55:15
79980,Moris,Valinčić,Moris Valinčić,68,80,45,57,57,64,65,2026-08-12 11:55:15
278049,Ante,Crnac,Ante Crnac,68,78,70,52,68,28,72,2026-08-12 11:55:15
274369,Mauro,Perković,Mauro Perković,68,76,30,52,61,67,74,2026-08-12 11:55:15
244490,Jozo,Stanić,Jozo Stanić,68,61,28,59,59,68,76,2026-08-12 11:55:15
267899,Gabriel,Vidović,Gabriel Vidović,68,68,67,61,74,26,54,2026-08-12 11:55:15
258027,Mirko,Marić,Mirko Marić,68,65,70,53,65,27,64,2026-08-12 11:55:15
219469,Stipe,Perica,Stipe Perica,68,54,68,50,62,27,75,2026-08-12 11:55:15
265465,Matej,Maglica,Matej Maglica,68,46,52,45,43,65,82,2026-08-12 11:55:15
237594,Lorenco,Šimić,Lorenco Šimić,68,39,34,44,45,67,78,2026-08-12 11:55:15
270463,Nikola,Čavlina,Nikola Čavlina,67,68,59,61,73,42,65,2026-08-12 11:55:15
262585,Stipe,Biuk,Stipe Biuk,67,80,58,61,69,38,60,2026-08-12 11:55:15
73285,Ivan,Brkić,Ivan Brkić,67,62,76,67,64,27,67,2026-08-12 11:55:15
225375,Konrad,Laimer,Konrad Laimer,82,82,69,76,75,81,76,2026-08-12 11:55:15
264903,Sarah,Zadrazil,Sarah Zadrazil,81,66,69,73,80,75,85,2026-08-12 11:55:15
264933,Barbara,Dunst,Barbara Dunst,81,64,71,79,81,74,72,2026-08-12 11:55:15
264994,Katharina,Naschenweng,Katharina Naschenweng,81,77,56,77,77,81,72,2026-08-12 11:55:15
204923,Marcel,Sabitzer,Marcel Sabitzer,80,74,80,80,80,76,76,2026-08-12 11:55:15
264955,Verena,Hanshaw,Verena Hanshaw,80,78,62,77,77,78,73,2026-08-12 11:55:15
233195,Xaver,Schlager,Xaver Schlager,80,69,70,74,78,75,78,2026-08-12 11:55:15
265242,Manuela,Zinsberger,Manuela Zinsberger,79,78,77,78,78,46,80,2026-08-12 11:55:15
223671,Stefan,Posch,Stefan Posch,79,75,55,68,66,80,74,2026-08-12 11:55:15
237985,Kevin,Danso,Kevin Danso,79,73,32,57,62,78,83,2026-08-12 11:55:15
231366,Philipp,Lienhart,Philipp Lienhart,79,67,28,59,64,81,78,2026-08-12 11:55:15
264940,Laura,Feiersinger,Laura Feiersinger,78,82,66,76,78,67,68,2026-08-12 11:55:15
239701,Romano,Schmid,Romano Schmid,78,77,67,78,83,56,58,2026-08-12 11:55:15
265854,Sarah,Puntigam,Sarah Puntigam,78,38,59,72,75,76,83,2026-08-12 11:55:15
257876,Nicolas,Seiwald,Nicolas Seiwald,77,72,62,74,74,74,76,2026-08-12 11:55:15
254566,Patrick,Wimmer,Patrick Wimmer,77,84,69,72,81,49,73,2026-08-12 11:55:15
237595,Marco,Friedl,Marco Friedl,77,75,44,64,69,79,77,2026-08-12 11:55:15
242187,Christoph,Baumgartner,Christoph Baumgartner,77,74,72,72,79,47,63,2026-08-12 11:55:15
216275,Phillipp,Mwene,Phillipp Mwene,76,78,55,69,75,70,70,2026-08-12 11:55:15
204497,Kevin,Stöger,Kevin Stöger,76,55,71,81,77,64,61,2026-08-12 11:55:15
276505,Lilli,Purtscheller,Lilli Purtscheller,76,80,70,69,73,39,66,2026-08-12 11:55:15
273563,Annabel,Schasching,Annabel Schasching,75,76,65,74,72,70,68,2026-08-12 11:55:15
228336,Florian,Grillitsch,Florian Grillitsch,75,63,59,74,74,72,66,2026-08-12 11:55:15
256548,Marco,Grüll,Marco Grüll,75,79,75,69,76,36,68,2026-08-12 11:55:15
231838,Maximilian,Wöber,Maximilian Wöber,75,64,52,67,64,75,76,2026-08-12 11:55:15
261264,David,Affengruber,David Affengruber,75,73,41,56,69,75,83,2026-08-12 11:55:15
199813,Gernot,Trauner,Gernot Trauner,75,55,56,65,63,75,79,2026-08-12 11:55:15
269456,Muhammed,Cham,Muhammed Cham,75,78,71,74,76,25,53,2026-08-12 11:55:15
199439,Michael,Gregoritsch,Michael Gregoritsch,75,37,77,68,68,42,76,2026-08-12 11:55:15
263041,Alexander,Prass,Alexander Prass,74,74,65,74,75,69,74,2026-08-12 11:55:15
232156,Mathias,Honsak,Mathias Honsak,74,86,70,68,74,54,69,2026-08-12 11:55:15
265019,Marie,Höbinger,Marie Höbinger,74,67,63,71,72,67,64,2026-08-12 11:55:15
279693,Eileen,Campbell,Eileen Campbell,74,76,73,64,75,50,65,2026-08-12 11:55:15
265070,Lisa,Kolb,Lisa Kolb,74,73,71,72,76,46,64,2026-08-12 11:55:15
195038,Florian,Kainz,Florian Kainz,74,64,73,75,76,44,60,2026-08-12 11:55:15
189060,Aleksandar,Dragović,Aleksandar Dragović,74,50,51,63,63,76,76,2026-08-12 11:55:15
239901,Saša,Kalajdžić,Saša Kalajdžić,74,50,72,67,68,45,64,2026-08-12 11:55:15
240916,Dejan,Ljubičić,Dejan Ljubičić,73,68,68,70,73,69,76,2026-08-12 11:55:15
204688,Stefan,Schwab,Stefan Schwab,73,62,71,75,70,70,74,2026-08-12 11:55:15
215522,Alexander,Schlager,Alexander Schlager,73,72,71,69,76,46,73,2026-08-12 11:55:15
264985,Celina,Degen,Celina Degen,73,53,51,61,62,74,71,2026-08-12 11:55:15
276502,Julia,Magerl,Julia Magerl,73,68,45,53,56,75,63,2026-08-12 11:55:15
213301,Sascha,Horvath,Sascha Horvath,72,81,68,72,77,57,63,2026-08-12 11:55:15
229071,Karim,Onisiwo,Karim Onisiwo,72,72,70,63,71,50,83,2026-08-12 11:55:15
228505,Patrick,Pentz,Patrick Pentz,72,71,70,70,74,53,70,2026-08-12 11:55:15
248356,Thierno,Ballo,Thierno Ballo,72,87,65,64,75,50,49,2026-08-12 11:55:15
244810,Tobias,Lawal,Tobias Lawal,72,77,68,67,74,30,70,2026-08-12 11:55:15
264996,Laura,Wienroither,Laura Wienroither,72,71,52,65,69,71,55,2026-08-12 11:55:15
79457,Claudia,Wenger,Claudia Wenger,72,71,49,56,56,74,67,2026-08-12 11:55:15
235416,Maximilian,Entrup,Maximilian Entrup,72,73,73,56,67,28,73,2026-08-12 11:55:15
242386,Christoph,Klarer,Christoph Klarer,72,65,37,51,61,73,76,2026-08-12 11:55:15
229818,Dominik,Baumgartner,Dominik Baumgartner,72,70,35,53,52,72,78,2026-08-12 11:55:15
251547,David,Schnegg,David Schnegg,71,75,56,64,68,68,77,2026-08-12 11:55:15
261991,Adis,Jašić,Adis Jašić,71,79,60,64,66,65,74,2026-08-12 11:55:15
223724,Stefan,Lainer,Stefan Lainer,71,70,63,65,66,71,70,2026-08-12 11:55:15
215368,Reinhold,Ranftl,Reinhold Ranftl,71,75,56,66,67,64,75,2026-08-12 11:55:15
193272,Samuel,Şahin-Radlinger,Samuel Şahin-Radlinger,71,70,72,65,72,51,70,2026-08-12 11:55:15
239898,Nicolas,Schmid,Nicolas Schmid,71,70,70,69,72,44,70,2026-08-12 11:55:15
236935,Hannes,Wolf,Hannes Wolf,71,77,68,67,73,37,68,2026-08-12 11:55:15
275638,Matthias,Seidl,Matthias Seidl,71,68,69,69,71,39,68,2026-08-12 11:55:15
256938,Niklas,Hedl,Niklas Hedl,71,73,70,69,73,29,69,2026-08-12 11:55:15
199909,Pavao,Pervan,Pavao Pervan,71,71,72,66,72,30,67,2026-08-12 11:55:15
269301,Nicolas,Kristof,Nicolas Kristof,71,71,70,70,72,23,70,2026-08-12 11:55:15
276848,Michaela,Croatto,Michaela Croatto,71,71,49,58,69,70,59,2026-08-12 11:55:15
73717,Mariella,El Sherif,Mariella El Sherif,71,69,66,70,74,21,69,2026-08-12 11:55:15
257877,Junior,Adamu,Junior Adamu,71,77,70,54,70,25,68,2026-08-12 11:55:15
244941,Manfred,Fischer,Manfred Fischer,70,67,67,68,70,64,75,2026-08-12 11:55:15
248471,Matthäus,Taferner,Matthäus Taferner,70,76,61,68,73,62,57,2026-08-12 11:55:15
228562,Raphael,Sallinger,Raphael Sallinger,70,68,70,72,73,44,68,2026-08-12 11:55:15
194017,Andreas,Weimann,Andreas Weimann,70,69,72,65,70,45,71,2026-08-12 11:55:15
79334,Raul,Florucz,Raul Florucz,70,72,70,67,73,31,63,2026-08-12 11:55:15
276468,Annelie,Leitner,Annelie Leitner,70,64,45,60,64,69,69,2026-08-12 11:55:15
270995,Nikolas,Sattlberger,Nikolas Sattlberger,70,53,43,63,62,68,71,2026-08-12 11:55:15
262955,Nicolas,Wimmer,Nicolas Wimmer,70,44,47,51,59,70,81,2026-08-12 11:55:15
243661,Albert,Vallci,Albert Vallci,69,69,63,60,57,67,78,2026-08-12 11:55:15
258505,Matthias,Braunöder,Matthias Braunöder,69,76,57,69,72,63,57,2026-08-12 11:55:15
267862,Nikolas,Veratschnig,Nikolas Veratschnig,69,83,52,59,66,65,67,2026-08-12 11:55:15
241536,Manprit,Sarkaria,Manprit Sarkaria,69,76,69,70,73,36,67,2026-08-12 11:55:15
79524,Chiara,D'Angelo,Chiara D'Angelo,69,75,53,65,63,66,61,2026-08-12 11:55:15
209532,Daniel,Bachmann,Daniel Bachmann,69,70,68,62,71,45,67,2026-08-12 11:55:15
239091,Lukas,Grgić,Lukas Grgić,69,67,44,60,62,66,82,2026-08-12 11:55:15
78605,Naika,Reissner,Naika Reissner,69,81,65,68,69,40,56,2026-08-12 11:55:15
79454,Valentina,Mädl,Valentina Mädl,69,82,66,65,69,31,65,2026-08-12 11:55:15
79733,Larissa,Haidner,Larissa Haidner,69,68,69,67,70,25,67,2026-08-12 11:55:15
79734,Sophie,Hillebrand,Sophie Hillebrand,69,83,68,58,70,24,63,2026-08-12 11:55:15
244413,Manuel,Pfeifer,Manuel Pfeifer,69,69,32,58,60,67,74,2026-08-12 11:55:15
239090,Philipp,Wiesinger,Philipp Wiesinger,69,46,54,59,60,72,55,2026-08-12 11:55:15
262404,Felix,Bacher,Felix Bacher,69,57,34,43,49,69,79,2026-08-12 11:55:15
233435,Manuel,Maranda,Manuel Maranda,69,63,28,42,45,69,79,2026-08-12 11:55:15
250813,Leo,Greiml,Leo Greiml,69,50,34,49,49,65,78,2026-08-12 11:55:15
248470,Johannes,Handl,Johannes Handl,69,48,30,44,44,70,78,2026-08-12 11:55:15
220925,Alessandro,Schöpf,Alessandro Schöpf,68,67,62,67,69,60,70,2026-08-12 11:55:15
210484,Andreas,Kuen,Andreas Kuen,68,70,64,67,66,59,68,2026-08-12 11:55:15
244795,Jonas,Auer,Jonas Auer,68,77,55,63,60,63,73,2026-08-12 11:55:15
253727,Lukáš,Provod,Lukáš Provod,78,76,75,78,78,64,82,2026-08-12 11:55:15
265304,Kateřina,Svitková,Kateřina Svitková,78,74,78,76,82,71,69,2026-08-12 11:55:15
252064,Ladislav,Krejčí,Ladislav Krejčí,78,72,68,68,69,76,84,2026-08-12 11:55:15
236792,Tomáš,Souček,Tomáš Souček,78,45,72,71,68,78,82,2026-08-12 11:55:15
265040,Barbora,Votíková,Barbora Votíková,77,80,69,70,81,50,79,2026-08-12 11:55:15
246618,Adam,Hložek,Adam Hložek,77,78,78,72,77,31,79,2026-08-12 11:55:15
216860,Václav,Černý,Václav Černý,77,85,72,69,77,39,64,2026-08-12 11:55:15
247050,Pavel,Šulc,Pavel Šulc,77,71,73,74,77,39,64,2026-08-12 11:55:15
251116,Tomáš,Holeš,Tomáš Holeš,76,74,58,69,69,75,80,2026-08-12 11:55:15
221909,Jindřich,Staněk,Jindřich Staněk,76,74,71,78,78,36,76,2026-08-12 11:55:15
245209,Michal,Sadílek,Michal Sadílek,76,53,58,75,71,72,79,2026-08-12 11:55:15
272054,Klára,Cahynová,Klára Cahynová,76,61,37,71,72,77,78,2026-08-12 11:55:15
236791,Antonín,Barák,Antonín Barák,75,69,74,76,75,64,73,2026-08-12 11:55:15
244788,Pavel,Bucha,Pavel Bucha,75,71,70,74,76,69,71,2026-08-12 11:55:15
242948,Matěj,Kovář,Matěj Kovář,75,74,75,78,75,30,77,2026-08-12 11:55:15
269511,Martin,Jedlička,Martin Jedlička,75,74,76,70,77,35,73,2026-08-12 11:55:15
275811,Olivie,Lukášová,Olivie Lukášová,75,71,71,70,76,41,75,2026-08-12 11:55:15
73580,Antonín,Kinský,Antonín Kinský,75,76,76,76,75,25,74,2026-08-12 11:55:15
244793,Tomáš,Chorý,Tomáš Chorý,75,57,75,60,64,32,88,2026-08-12 11:55:15
269509,David,Douděra,David Douděra,74,89,66,65,72,65,67,2026-08-12 11:55:15
247030,Petr,Ševčík,Petr Ševčík,74,67,69,76,75,66,70,2026-08-12 11:55:15
71259,Lukáš,Červ,Lukáš Červ,74,69,65,67,69,71,78,2026-08-12 11:55:15
275808,Tereza,Szewieczková,Tereza Szewieczková,74,67,72,73,74,63,70,2026-08-12 11:55:15
204125,Jan,Bořil,Jan Bořil,74,65,62,69,68,72,79,2026-08-12 11:55:15
247643,Filip,Panák,Filip Panák,74,70,53,68,69,73,77,2026-08-12 11:55:15
259188,Václav,Jemelka,Václav Jemelka,74,66,49,65,68,73,77,2026-08-12 11:55:15
203605,Pavel,Kadeřábek,Pavel Kadeřábek,74,66,45,70,70,71,75,2026-08-12 11:55:15
198331,Matěj,Vydra,Matěj Vydra,74,76,72,66,72,36,68,2026-08-12 11:55:15
255687,David,Zima,David Zima,74,76,38,54,62,75,75,2026-08-12 11:55:15
259748,Martin,Vitík,Martin Vitík,74,73,39,56,62,74,75,2026-08-12 11:55:15
274906,Mojmír,Chytil,Mojmír Chytil,74,73,72,55,68,29,81,2026-08-12 11:55:15
241186,Vasil,Kušej,Vasil Kušej,74,78,68,67,78,24,61,2026-08-12 11:55:15
266374,Matěj,Ryneš,Matěj Ryneš,73,77,66,72,73,66,76,2026-08-12 11:55:15
267594,David,Jurásek,David Jurásek,73,83,61,68,72,67,74,2026-08-12 11:55:15
271296,Matěj,Jurásek,Matěj Jurásek,73,81,71,67,74,54,69,2026-08-12 11:55:15
270046,Lukáš,Sadílek,Lukáš Sadílek,73,69,63,72,73,67,70,2026-08-12 11:55:15
244470,Vladimír,Coufal,Vladimír Coufal,73,58,56,70,70,74,71,2026-08-12 11:55:15
257536,Jan,Kuchta,Jan Kuchta,73,77,71,64,71,34,80,2026-08-12 11:55:15
275820,Tereza,Krejčiříková,Tereza Krejčiříková,73,69,47,70,64,71,73,2026-08-12 11:55:15
248169,Tomáš,Vlček,Tomáš Vlček,73,75,39,60,68,73,75,2026-08-12 11:55:15
236583,Jiří,Pavlenka,Jiří Pavlenka,73,76,70,62,77,35,68,2026-08-12 11:55:15
199323,Jaroslav,Zelený,Jaroslav Zelený,72,74,62,69,70,71,75,2026-08-12 11:55:15
258208,Ondřej,Lingr,Ondřej Lingr,72,71,71,68,74,53,79,2026-08-12 11:55:15
252179,Jakub,Markovič,Jakub Markovič,72,71,72,74,73,42,69,2026-08-12 11:55:15
79948,Tomáš,Ladra,Tomáš Ladra,72,74,69,71,73,45,64,2026-08-12 11:55:15
246919,Tomáš,Čvančara,Tomáš Čvančara,72,81,70,65,69,33,78,2026-08-12 11:55:15
258936,Lukas,Hornicek,Lukas Hornicek,72,72,67,69,75,28,75,2026-08-12 11:55:15
205365,Jan,Kopic,Jan Kopic,72,75,69,68,72,39,59,2026-08-12 11:55:15
239808,Michal,Sáček,Michal Sáček,71,74,63,68,71,66,70,2026-08-12 11:55:15
244787,Milan,Havel,Milan Havel,71,69,53,66,67,68,72,2026-08-12 11:55:15
267001,Kamila,Dubcová,Kamila Dubcová,71,76,69,69,70,51,60,2026-08-12 11:55:15
269694,Radek,Vitek,Radek Vitek,71,70,68,65,73,46,69,2026-08-12 11:55:15
79991,Karel,Spáčil,Karel Spáčil,71,67,51,61,65,72,73,2026-08-12 11:55:15
256970,Adam,Karabec,Adam Karabec,71,73,65,69,74,34,64,2026-08-12 11:55:15
267593,Daniel,Fila,Daniel Fila,71,71,71,52,70,28,72,2026-08-12 11:55:15
276646,Robin,Hranáč,Robin Hranáč,71,75,38,51,52,70,76,2026-08-12 11:55:15
272872,Roman,Květ,Roman Květ,70,72,74,70,72,58,73,2026-08-12 11:55:15
275241,Patrik,Vydra,Patrik Vydra,70,68,64,70,67,66,78,2026-08-12 11:55:15
255343,Patrik,Hellebrand,Patrik Hellebrand,70,71,62,69,68,63,68,2026-08-12 11:55:15
269510,Václav,Jurečka,Václav Jurečka,70,74,70,65,69,45,76,2026-08-12 11:55:15
275826,Denisa,Veselá,Denisa Veselá,70,72,62,68,70,61,64,2026-08-12 11:55:15
240282,Aleš,Matějů,Aleš Matějů,70,70,53,60,63,68,82,2026-08-12 11:55:15
253428,Vítězslav,Jaroš,Vítězslav Jaroš,70,72,70,70,70,39,68,2026-08-12 11:55:15
274452,Lukáš,Vorlický,Lukáš Vorlický,70,61,67,75,71,39,55,2026-08-12 11:55:15
269512,Kryštof,Daněk,Kryštof Daněk,70,69,61,69,73,26,60,2026-08-12 11:55:15
73456,Štěpán,Chaloupek,Štěpán Chaloupek,70,69,34,52,57,68,76,2026-08-12 11:55:15
199244,Lukáš,Hejda,Lukáš Hejda,70,54,35,54,59,68,77,2026-08-12 11:55:15
71451,Ondřej,Zmrzlý,Ondřej Zmrzlý,69,71,63,69,66,64,69,2026-08-12 11:55:15
202617,Václav,Hladký,Václav Hladký,69,69,69,69,70,54,68,2026-08-12 11:55:15
267720,Martin,Suchomel,Martin Suchomel,69,72,46,62,65,65,76,2026-08-12 11:55:15
240283,Vojtěch,Vorel,Vojtěch Vorel,69,71,67,70,72,35,68,2026-08-12 11:55:15
73373,Jiří,Letáček,Jiří Letáček,69,70,68,65,71,37,69,2026-08-12 11:55:15
205554,Lukáš,Zima,Lukáš Zima,69,68,68,63,69,42,70,2026-08-12 11:55:15
244796,Matěj,Valenta,Matěj Valenta,68,66,64,66,66,61,68,2026-08-12 11:55:15
75499,Dominik,Pech,Dominik Pech,68,67,62,68,71,56,65,2026-08-12 11:55:15
257533,Ondřej,Karafiát,Ondřej Karafiát,68,68,57,62,61,68,72,2026-08-12 11:55:15
80073,Denis,Višinský,Denis Višinský,68,76,61,65,69,47,59,2026-08-12 11:55:15
201122,Tomáš,Kalas,Tomáš Kalas,68,77,47,52,54,66,77,2026-08-12 11:55:15
72936,Christophe,Kabongo,Christophe Kabongo,68,68,70,57,66,25,69,2026-08-12 11:55:15
75388,Klára,Cvrčková,Klára Cvrčková,68,67,70,48,61,27,65,2026-08-12 11:55:15
238940,Jakub,Jugas,Jakub Jugas,68,46,45,52,51,67,76,2026-08-12 11:55:15
244467,Ondřej,Kolář,Ondřej Kolář,67,66,64,71,68,44,68,2026-08-12 11:55:15
247203,Matěj,Hanousek,Matěj Hanousek,67,75,44,60,64,61,73,2026-08-12 11:55:15
74187,Vanesa,Jílková,Vanesa Jílková,67,68,66,60,68,23,63,2026-08-12 11:55:15
76864,Adam,Ševínský,Adam Ševínský,67,66,39,53,51,68,66,2026-08-12 11:55:15
269513,Jan,Mejdr,Jan Mejdr,66,69,59,62,65,64,76,2026-08-12 11:55:15
275823,Kristýna,Růžičková,Kristýna Růžičková,66,65,58,62,64,56,64,2026-08-12 11:55:15
245286,Jan,Žambůrek,Jan Žambůrek,66,53,58,61,67,60,69,2026-08-12 11:55:15
247245,Tomáš,Ostrák,Tomáš Ostrák,66,62,56,63,72,52,61,2026-08-12 11:55:15
264790,Adam,Gabriel,Adam Gabriel,66,70,36,58,61,62,75,2026-08-12 11:55:15
74194,Barbora,Polcarová,Barbora Polcarová,66,66,56,59,58,65,55,2026-08-12 11:55:15
275818,Petra,Divišová,Petra Divišová,66,44,59,67,63,61,59,2026-08-12 11:55:15
265701,Václav,Sejk,Václav Sejk,66,73,62,45,64,26,72,2026-08-12 11:55:15
277553,Jan,Paluska,Jan Paluska,66,68,33,52,54,66,68,2026-08-12 11:55:15
275814,Lucie,Bendová,Lucie Bendová,66,69,25,46,51,67,60,2026-08-12 11:55:15
204111,Marek,Hanousek,Marek Hanousek,65,38,58,58,57,66,70,2026-08-12 11:55:15
270996,Adam,Stejskal,Adam Stejskal,65,68,62,56,67,21,64,2026-08-12 11:55:15
74627,Jiří Maxim,Panoš,Jiří Maxim Panoš,63,72,52,63,67,24,47,2026-08-12 11:55:15
248165,Andrei,Rațiu,Andrei Rațiu,79,92,60,74,79,74,71,2026-08-12 11:55:15
212207,Nicolae,Stanciu,Nicolae Stanciu,77,76,74,79,78,62,71,2026-08-12 11:55:15
239978,Dennis,Man,Dennis Man,76,92,74,70,77,45,71,2026-08-12 11:55:15
211061,Alexandru,Maxim,Alexandru Maxim,76,69,74,77,78,34,60,2026-08-12 11:55:15
229804,Alexandru,Mitriță,Alexandru Mitriță,75,86,72,68,81,27,64,2026-08-12 11:55:15
260105,Radu,Drăgușin,Radu Drăgușin,75,67,37,53,65,75,74,2026-08-12 11:55:15
235813,Răzvan,Marin,Răzvan Marin,74,64,74,77,74,63,66,2026-08-12 11:55:15
234102,Ionuț Andrei,Radu,Ionuț Andrei Radu,74,74,71,69,77,50,70,2026-08-12 11:55:15
268462,Daniel,Boloca,Daniel Boloca,74,59,61,70,74,67,76,2026-08-12 11:55:15
248674,Louis,Munteanu,Louis Munteanu,74,83,74,65,75,30,69,2026-08-12 11:55:15
247972,Darius,Olaru,Darius Olaru,73,81,75,73,75,66,80,2026-08-12 11:55:15
266728,Daniel,Bîrligea,Daniel Bîrligea,73,82,70,60,70,31,80,2026-08-12 11:55:15
246562,Deian,Sorescu,Deian Sorescu,72,86,72,65,70,61,73,2026-08-12 11:55:15
251076,Adrian,Șut,Adrian Șut,72,71,67,69,66,69,77,2026-08-12 11:55:15
248073,Ștefan,Târnovanu,Ștefan Târnovanu,72,72,69,68,74,56,74,2026-08-12 11:55:15
212226,Dan,Nistor,Dan Nistor,72,63,69,75,72,60,71,2026-08-12 11:55:15
248049,Claudiu,Petrila,Claudiu Petrila,72,91,65,68,72,33,60,2026-08-12 11:55:15
248060,Valentin,Mihăilă,Valentin Mihăilă,72,92,66,65,73,33,56,2026-08-12 11:55:15
245770,Denis,Drăguș,Denis Drăguș,72,80,71,57,77,21,71,2026-08-12 11:55:15
243000,Nicușor,Bancu,Nicușor Bancu,71,81,66,67,70,63,75,2026-08-12 11:55:15
251136,Horațiu,Moldovan,Horațiu Moldovan,71,71,69,66,73,43,71,2026-08-12 11:55:15
237378,Alex,Dobre,Alex Dobre,70,81,70,63,71,44,68,2026-08-12 11:55:15
260141,Cătălin,Cîrjan,Cătălin Cîrjan,70,76,65,67,73,52,62,2026-08-12 11:55:15
223231,Florin,Tănase,Florin Tănase,70,75,68,71,69,41,65,2026-08-12 11:55:15
233874,Alexandru,Ioniță,Alexandru Ioniță,70,77,64,67,73,37,68,2026-08-12 11:55:15
247955,Ianis,Stoica,Ianis Stoica,70,89,67,61,70,29,66,2026-08-12 11:55:15
197971,Denis,Alibec,Denis Alibec,70,62,73,69,71,24,79,2026-08-12 11:55:15
236330,Valentin,Cojocaru,Valentin Cojocaru,70,71,67,67,69,34,68,2026-08-12 11:55:15
251880,Ștefan,Baiaram,Ștefan Baiaram,70,85,63,62,71,31,62,2026-08-12 11:55:15
248105,Virgil,Ghiță,Virgil Ghiță,70,70,44,51,52,68,81,2026-08-12 11:55:15
246561,Mihai,Popescu,Mihai Popescu,70,67,40,49,58,69,78,2026-08-12 11:55:15
246563,Denis,Ciobotariu,Denis Ciobotariu,70,66,33,49,57,69,82,2026-08-12 11:55:15
248003,Andrei,Burcă,Andrei Burcă,70,68,41,45,52,68,81,2026-08-12 11:55:15
270863,Andrei,Borza,Andrei Borza,69,83,62,65,67,63,68,2026-08-12 11:55:15
252313,Marius,Marin,Marius Marin,69,75,57,68,67,65,71,2026-08-12 11:55:15
212048,Alexandru,Chipciu,Alexandru Chipciu,69,68,64,65,67,64,70,2026-08-12 11:55:15
251236,Andrei,Cordea,Andrei Cordea,69,86,63,64,70,37,69,2026-08-12 11:55:15
247674,Dennis,Politic,Dennis Politic,69,80,65,62,73,31,71,2026-08-12 11:55:15
220177,Gheorghe,Grozav,Gheorghe Grozav,69,77,66,63,67,32,70,2026-08-12 11:55:15
251781,Raul,Opruț,Raul Opruț,69,82,36,56,64,61,74,2026-08-12 11:55:15
248054,Laurențiu,Popescu,Laurențiu Popescu,69,69,67,67,70,31,68,2026-08-12 11:55:15
248586,Ottó,Hindrich,Ottó Hindrich,69,68,68,66,70,26,68,2026-08-12 11:55:15
278087,Matei,Ilie,Matei Ilie,69,70,29,42,52,68,78,2026-08-12 11:55:15
248112,Ionuț,Vînă,Ionuț Vînă,68,72,65,63,68,63,71,2026-08-12 11:55:15
239116,Cristian,Ganea,Cristian Ganea,68,69,65,66,64,61,71,2026-08-12 11:55:15
248111,Andrei,Artean,Andrei Artean,68,66,62,60,62,65,77,2026-08-12 11:55:15
243001,Alexandru,Cicâldău,Alexandru Cicâldău,68,60,68,70,69,59,65,2026-08-12 11:55:15
276625,Cristian,Mihai,Cristian Mihai,68,70,59,64,65,63,70,2026-08-12 11:55:15
248057,Ovidiu,Bic,Ovidiu Bic,68,68,56,61,64,63,76,2026-08-12 11:55:15
248107,Radu,Boboc,Radu Boboc,68,72,51,62,64,63,68,2026-08-12 11:55:15
247968,Valentin,Crețu,Valentin Crețu,68,79,40,56,61,64,76,2026-08-12 11:55:15
262728,Daniel,Paraschiv,Daniel Paraschiv,68,75,67,55,67,32,76,2026-08-12 11:55:15
275225,Alin,Roman,Alin Roman,68,74,66,68,69,34,61,2026-08-12 11:55:15
215601,Aurelian,Chitu,Aurelian Chitu,68,64,68,64,66,35,73,2026-08-12 11:55:15
243023,Vladimir,Screciu,Vladimir Screciu,68,73,39,56,60,67,75,2026-08-12 11:55:15
222221,Alexandru,Buzbuchi,Alexandru Buzbuchi,68,66,66,65,67,36,69,2026-08-12 11:55:15
247976,Cătălin,Căbuz,Cătălin Căbuz,68,68,64,64,72,35,64,2026-08-12 11:55:15
258942,Octavian,Popescu,Octavian Popescu,68,83,62,63,72,31,55,2026-08-12 11:55:15
205943,Vlad,Chiricheș,Vlad Chiricheș,68,46,59,60,59,67,72,2026-08-12 11:55:15
237630,Alexandru,Paşcanu,Alexandru Paşcanu,68,71,39,51,57,66,78,2026-08-12 11:55:15
248021,Iulian,Cristea,Iulian Cristea,68,72,38,48,57,67,76,2026-08-12 11:55:15
244154,Sebastian,Mailat,Sebastian Mailat,68,80,63,63,72,28,45,2026-08-12 11:55:15
247941,Alexandru,Tudorie,Alexandru Tudorie,68,62,66,46,60,32,79,2026-08-12 11:55:15
247978,Ionuț,Stoica,Ionuț Stoica,68,40,23,38,42,66,86,2026-08-12 11:55:15
266792,Victor,Dican,Victor Dican,67,69,58,62,67,60,78,2026-08-12 11:55:15
248587,Alin,Fică,Alin Fică,67,68,59,66,66,61,67,2026-08-12 11:55:15
251842,Marius,Ștefănescu,Marius Ștefănescu,67,82,62,62,69,52,59,2026-08-12 11:55:15
277693,Andrei,Mărginean,Andrei Mărginean,67,59,58,61,67,65,73,2026-08-12 11:55:15
253758,Mihai,Lixandru,Mihai Lixandru,67,71,52,58,64,66,70,2026-08-12 11:55:15
257803,David,Miculescu,David Miculescu,67,69,65,64,67,42,72,2026-08-12 11:55:15
235269,Silviu,Balaure,Silviu Balaure,67,79,60,63,66,43,64,2026-08-12 11:55:15
73217,Marius,Corbu,Marius Corbu,67,68,59,64,69,52,62,2026-08-12 11:55:15
244143,Valentin,Costache,Valentin Costache,67,80,65,64,69,29,67,2026-08-12 11:55:15
244147,Adrian,Păun,Adrian Păun,67,73,66,66,68,33,67,2026-08-12 11:55:15
248040,Adrian,Rus,Adrian Rus,67,72,47,54,59,66,73,2026-08-12 11:55:15
256271,Alexandru,Crețu,Alexandru Crețu,67,54,58,56,59,66,78,2026-08-12 11:55:15
251036,Marian,Aioani,Marian Aioani,67,67,66,66,68,35,64,2026-08-12 11:55:15
254289,Tiberiu,Căpuşă,Tiberiu Căpuşă,67,71,40,57,60,66,71,2026-08-12 11:55:15
72802,Alexandru,Roșca,Alexandru Roșca,67,70,64,58,70,31,64,2026-08-12 11:55:15
274397,Mihnea,Rădulescu,Mihnea Rădulescu,67,89,61,58,68,22,59,2026-08-12 11:55:15
204211,Paul,Papp,Paul Papp,67,49,50,55,53,66,80,2026-08-12 11:55:15
277144,Ümit,Akdağ,Ümit Akdağ,67,58,35,58,56,67,69,2026-08-12 11:55:15
261040,Bogdan,Racovițan,Bogdan Racovițan,67,73,32,38,44,67,75,2026-08-12 11:55:15
262465,Cristian,Ignat,Cristian Ignat,67,66,31,38,43,65,80,2026-08-12 11:55:15
237989,Sergiu,Hanca,Sergiu Hanca,66,77,61,63,66,59,71,2026-08-12 11:55:15
239980,Ovidiu,Popescu,Ovidiu Popescu,66,67,59,62,59,63,79,2026-08-12 11:55:15
269412,Valentin,Țicu,Valentin Țicu,66,79,53,64,63,60,67,2026-08-12 11:55:15
244474,Mihai,Bordeianu,Mihai Bordeianu,66,68,59,62,61,61,72,2026-08-12 11:55:15
248041,Florin,Ștefan,Florin Ștefan,66,73,57,61,61,62,69,2026-08-12 11:55:15
199572,Ciprian,Deac,Ciprian Deac,66,55,65,72,65,57,67,2026-08-12 11:55:15
223229,Cristian,Manea,Cristian Manea,66,78,48,58,60,61,71,2026-08-12 11:55:15
265431,Eduard,Radaslavescu,Eduard Radaslavescu,66,67,64,66,63,47,66,2026-08-12 11:55:15
73300,David,Maftei,David Maftei,66,80,47,61,63,60,61,2026-08-12 11:55:15
233512,Alin,Toșca,Alin Toșca,66,70,46,57,59,64,74,2026-08-12 11:55:15
243019,Tudor,Băluță,Tudor Băluță,66,60,55,62,57,64,71,2026-08-12 11:55:15
229251,Vasile,Mogoș,Vasile Mogoș,66,50,61,61,61,64,71,2026-08-12 11:55:15
276692,Andrei,Gheorghiță,Andrei Gheorghiță,66,81,61,61,69,33,62,2026-08-12 11:55:15
246560,Daniel,Popa,Daniel Popa,66,70,65,57,60,26,81,2026-08-12 11:55:15
185122,Péter,Gulácsi,Péter Gulácsi,85,83,83,74,84,43,87,2026-08-12 11:55:15
260908,Milos,Kerkez,Milos Kerkez,82,87,59,75,78,77,80,2026-08-12 11:55:15
264924,Lilla,Turányi,Lilla Turányi,80,71,55,66,63,79,86,2026-08-12 11:55:15
234171,Roland,Sallai,Roland Sallai,78,77,71,71,79,63,74,2026-08-12 11:55:15
221610,Dénes,Dibusz,Dénes Dibusz,78,78,73,75,81,27,77,2026-08-12 11:55:15
238277,Dániel,Gazdag,Dániel Gazdag,74,77,72,68,74,54,73,2026-08-12 11:55:15
236510,Barnabás,Varga,Barnabás Varga,74,70,73,56,69,20,72,2026-08-12 11:55:15
188537,Loïc,Négo,Loïc Négo,72,75,64,68,69,67,66,2026-08-12 11:55:15
264914,Dóra,Zeller,Dóra Zeller,72,74,70,66,73,47,68,2026-08-12 11:55:15
271784,Hanna,Németh,Hanna Németh,72,55,55,67,68,72,77,2026-08-12 11:55:15
259522,Bence,Dárdai,Bence Dárdai,72,66,62,69,75,44,58,2026-08-12 11:55:15
232148,Dániel,Sallói,Dániel Sallói,71,75,71,68,71,35,70,2026-08-12 11:55:15
71303,Diána,Németh,Diána Németh,71,72,49,57,67,70,68,2026-08-12 11:55:15
70903,Alex,Tóth,Alex Tóth,70,68,68,71,70,66,69,2026-08-12 11:55:15
79091,Bence,Ötvös,Bence Ötvös,70,64,66,68,68,67,71,2026-08-12 11:55:15
230936,Ádám,Nagy,Ádám Nagy,70,67,54,70,73,68,64,2026-08-12 11:55:15
234087,Callum,Styles,Callum Styles,70,68,62,66,69,65,66,2026-08-12 11:55:15
272566,Áron,Csongvai,Áron Csongvai,70,62,63,61,64,68,73,2026-08-12 11:55:15
73237,Luca,Papp,Luca Papp,70,64,68,63,69,54,71,2026-08-12 11:55:15
253170,Attila,Szalai,Attila Szalai,70,70,45,60,62,68,77,2026-08-12 11:55:15
256780,Márton,Dárdai,Márton Dárdai,70,68,36,68,62,70,73,2026-08-12 11:55:15
258708,Botond,Balogh,Botond Balogh,70,50,33,50,49,72,67,2026-08-12 11:55:15
275644,Gábor,Szalai,Gábor Szalai,69,55,47,52,50,67,75,2026-08-12 11:55:15
189146,Dávid,Gróf,Dávid Gróf,68,66,70,66,75,62,62,2026-08-12 11:55:15
263233,Bendegúz,Bolla,Bendegúz Bolla,68,78,60,64,68,61,70,2026-08-12 11:55:15
75186,Anna,Csiki,Anna Csiki,68,67,61,66,70,58,63,2026-08-12 11:55:15
267632,Lóránd,Pászka,Lóránd Pászka,68,80,41,64,64,61,70,2026-08-12 11:55:15
230718,Endre,Botka,Endre Botka,68,68,40,58,60,69,72,2026-08-12 11:55:15
245710,Attila,Mocsi,Attila Mocsi,68,63,34,42,49,66,75,2026-08-12 11:55:15
269116,Krisztián,Lisztes,Krisztián Lisztes,67,71,66,61,70,42,61,2026-08-12 11:55:15
267179,Beatrix,Fördős,Beatrix Fördős,67,65,47,57,53,67,67,2026-08-12 11:55:15
276220,Kornél,Szűcs,Kornél Szűcs,67,53,32,49,52,67,74,2026-08-12 11:55:15
73655,Emőke,Pápai,Emőke Pápai,66,69,61,63,66,55,57,2026-08-12 11:55:15
79098,Barnabás,Nagy,Barnabás Nagy,66,73,38,55,60,67,68,2026-08-12 11:55:15
74726,Balázs,Tóth,Balázs Tóth,66,68,66,60,69,31,62,2026-08-12 11:55:15
236449,Kevin,Csoboth,Kevin Csoboth,66,87,60,60,65,27,47,2026-08-12 11:55:15
73598,Zsombor,Gruber,Zsombor Gruber,66,73,66,55,67,20,59,2026-08-12 11:55:15
73007,Levente,Szabó,Levente Szabó,65,58,62,44,60,27,75,2026-08-12 11:55:15
279874,Antal,Yaakobishvili,Antal Yaakobishvili,65,58,25,50,53,64,67,2026-08-12 11:55:15
268098,Péter,Baráth,Péter Baráth,64,70,54,62,62,60,66,2026-08-12 11:55:15
79922,Ármin,Pécsi,Ármin Pécsi,64,64,62,63,67,51,63,2026-08-12 11:55:15
71294,Borbála,Vincze,Borbála Vincze,64,71,54,60,65,51,50,2026-08-12 11:55:15
262316,Márk,Kosznovszky,Márk Kosznovszky,63,66,56,63,64,55,58,2026-08-12 11:55:15
74392,Norbert,Kaján,Norbert Kaján,63,69,41,53,61,59,65,2026-08-12 11:55:15
276198,Áron,Yaakobishvili,Áron Yaakobishvili,63,66,63,62,62,25,61,2026-08-12 11:55:15
258453,Benjamin,Babati,Benjamin Babati,63,75,59,58,62,24,49,2026-08-12 11:55:15
79694,Bence,Végh,Bence Végh,62,62,49,56,55,61,65,2026-08-12 11:55:15
79125,János,Hegedűs,János Hegedűs,62,62,31,51,53,61,68,2026-08-12 11:55:15
252770,János,Ferenczi,János Ferenczi,62,63,42,49,55,59,53,2026-08-12 11:55:15
75248,Noah,Fenyő,Noah Fenyő,61,64,57,61,62,54,63,2026-08-12 11:55:15
245708,Bálint,Szabó,Bálint Szabó,61,66,56,59,63,31,57,2026-08-12 11:55:15
75027,Dániel,Zsóri,Dániel Zsóri,61,67,62,48,60,21,64,2026-08-12 11:55:15
205760,Márton,Eppel,Márton Eppel,61,51,63,48,57,26,67,2026-08-12 11:55:15
78701,Dávid,Kelemen,Dávid Kelemen,61,55,24,47,43,60,70,2026-08-12 11:55:15
261260,Gergő,Szécsi,Gergő Szécsi,60,59,60,60,61,27,59,2026-08-12 11:55:15
273872,Dániel,Radnóti,Dániel Radnóti,60,61,58,59,63,24,60,2026-08-12 11:55:15
79180,Szabolcs,Szalay,Szabolcs Szalay,60,64,55,56,60,23,62,2026-08-12 11:55:15
274104,Krisztián,Hegyi,Krisztián Hegyi,59,60,57,58,60,25,58,2026-08-12 11:55:15
75279,Napsugár,Sinka,Napsugár Sinka,58,62,53,54,61,53,43,2026-08-12 11:55:15
244324,Olivér,Schindler,Olivér Schindler,55,58,44,53,56,55,58,2026-08-12 11:55:15
79923,Krisztián,Keresztes,Krisztián Keresztes,55,59,21,37,41,54,61,2026-08-12 11:55:15
247103,Dávid,Hancko,Dávid Hancko,83,77,66,73,74,82,82,2026-08-12 11:55:15
216435,Stanislav,Lobotka,Stanislav Lobotka,83,71,69,80,82,76,71,2026-08-12 11:55:15
263139,Dominik,Greif,Dominik Greif,78,77,76,78,77,24,77,2026-08-12 11:55:15
227562,Lukáš,Haraslín,Lukáš Haraslín,78,80,74,73,81,40,59,2026-08-12 11:55:15
240988,Denis,Vavro,Denis Vavro,78,69,60,58,57,80,83,2026-08-12 11:55:15
220407,Martin,Dúbravka,Martin Dúbravka,77,76,76,78,79,38,75,2026-08-12 11:55:15
219585,Martin,Valjent,Martin Valjent,77,62,36,59,65,78,83,2026-08-12 11:55:15
244791,Patrik,Hrošovský,Patrik Hrošovský,76,60,75,74,76,70,71,2026-08-12 11:55:15
222148,Ondrej,Duda,Ondrej Duda,75,65,72,73,78,65,67,2026-08-12 11:55:15
210423,Albert,Rusnák,Albert Rusnák,75,73,74,75,76,49,64,2026-08-12 11:55:15
235297,Matúš,Bero,Matúš Bero,74,65,71,71,74,72,83,2026-08-12 11:55:15
222951,Marek,Rodák,Marek Rodák,74,76,71,73,76,47,71,2026-08-12 11:55:15
275813,Diana,Bartovičová,Diana Bartovičová,74,56,41,54,58,77,71,2026-08-12 11:55:15
263287,Ivan,Schranz,Ivan Schranz,73,78,74,67,71,63,74,2026-08-12 11:55:15
79732,Mária,Mikolajová,Mária Mikolajová,73,67,64,68,63,72,65,2026-08-12 11:55:15
255233,Tomáš,Suslov,Tomáš Suslov,72,78,71,71,75,52,69,2026-08-12 11:55:15
275824,Martina,Šurnovská,Martina Šurnovská,72,73,65,65,72,66,67,2026-08-12 11:55:15
234728,László,Bénes,László Bénes,72,67,75,75,74,49,64,2026-08-12 11:55:15
277482,Leo,Sauer,Leo Sauer,72,88,63,64,76,39,60,2026-08-12 11:55:15
255409,Róbert,Boženík,Róbert Boženík,70,75,71,63,67,34,74,2026-08-12 11:55:15
266636,Adam,Obert,Adam Obert,70,66,49,63,65,70,66,2026-08-12 11:55:15
70628,Dávid,Ďuriš,Dávid Ďuriš,70,77,68,66,73,37,55,2026-08-12 11:55:15
70693,Tomáš,Nemčík,Tomáš Nemčík,70,56,40,52,56,70,74,2026-08-12 11:55:15
242514,František,Plach,František Plach,69,67,67,66,67,33,68,2026-08-12 11:55:15
209232,Ľubomír,Šatka,Ľubomír Šatka,69,63,29,53,53,69,69,2026-08-12 11:55:15
276382,Kristína,Košíková,Kristína Košíková,69,57,27,47,52,70,70,2026-08-12 11:55:15
220061,Norbert,Gyömbér,Norbert Gyömbér,69,37,31,43,49,71,70,2026-08-12 11:55:15
79390,Mario,Sauer,Mario Sauer,68,72,66,66,69,49,61,2026-08-12 11:55:15
255699,Erik,Jirka,Erik Jirka,68,83,63,62,66,40,66,2026-08-12 11:55:15
276259,Andrej,Fábry,Andrej Fábry,68,74,64,66,70,39,62,2026-08-12 11:55:15
244185,Samuel,Mráz,Samuel Mráz,68,72,68,54,64,32,71,2026-08-12 11:55:15
73048,Samuel,Kozlovský,Samuel Kozlovský,67,70,52,62,63,64,65,2026-08-12 11:55:15
275822,Tamara,Morávková,Tamara Morávková,67,71,65,63,68,43,63,2026-08-12 11:55:15
263283,Marián,Tvrdoň,Marián Tvrdoň,67,69,64,68,70,30,68,2026-08-12 11:55:15
232131,Henrich,Ravas,Henrich Ravas,67,66,66,65,65,37,66,2026-08-12 11:55:15
72954,David,Hrncar,David Hrncar,67,69,54,58,60,61,62,2026-08-12 11:55:15
255449,Ivan,Mesík,Ivan Mesík,66,72,41,59,61,64,76,2026-08-12 11:55:15
72589,Tomáš,Bobček,Tomáš Bobček,66,69,66,56,61,42,72,2026-08-12 11:55:15
74877,Dominik,Javorček,Dominik Javorček,66,73,37,55,63,62,68,2026-08-12 11:55:15
72555,Matúš,Kmeť,Matúš Kmeť,66,66,39,62,63,63,61,2026-08-12 11:55:15
227706,Jakub,Hromada,Jakub Hromada,65,66,57,61,62,63,72,2026-08-12 11:55:15
221531,Marko,Maroši,Marko Maroši,65,64,63,61,65,41,65,2026-08-12 11:55:15
276347,Jakub,Surovčík,Jakub Surovčík,65,68,65,69,66,29,61,2026-08-12 11:55:15
72981,Marek,Bartoš,Marek Bartoš,65,54,45,47,47,65,71,2026-08-12 11:55:15
72556,Sebastián,Kóša,Sebastián Kóša,65,66,26,49,51,64,70,2026-08-12 11:55:15
72978,Timotej,Jambor,Timotej Jambor,64,76,64,53,63,26,66,2026-08-12 11:55:15
79514,Matúš,Vojtko,Matúš Vojtko,64,69,37,58,59,59,57,2026-08-12 11:55:15
268725,Ján,Bernát,Ján Bernát,63,61,60,68,64,34,47,2026-08-12 11:55:15
239627,Adam,Zreľák,Adam Zreľák,63,50,64,49,62,29,73,2026-08-12 11:55:15
240431,Jozef,Dolný,Jozef Dolný,62,64,63,55,60,25,68,2026-08-12 11:55:15
73203,Michal,Kukucka,Michal Kukucka,61,61,64,57,61,44,62,2026-08-12 11:55:15
252099,Peter,Gál-Andrezly,Peter Gál-Andrezly,61,63,57,57,62,40,55,2026-08-12 11:55:15
219768,Jakub,Vojtuš,Jakub Vojtuš,61,53,62,50,57,24,65,2026-08-12 11:55:15
76845,Jakub,Vinarčík,Jakub Vinarčík,60,60,57,63,60,40,62,2026-08-12 11:55:15
269950,Matúš,Holíček,Matúš Holíček,59,74,52,59,63,50,60,2026-08-12 11:55:15
70867,Dominik,Hollý,Dominik Hollý,56,59,45,58,56,55,56,2026-08-12 11:55:15
266384,Sveindís Jane,Jónsdóttir,Sveindís Jane Jónsdóttir,80,92,72,74,81,46,71,2026-08-12 11:55:15
238004,Albert,Guðmundsson,Albert Guðmundsson,79,87,79,70,83,37,69,2026-08-12 11:55:15
262088,Hákon Arnar,Haraldsson,Hákon Arnar Haraldsson,78,77,67,75,81,57,69,2026-08-12 11:55:15
221422,Sverrir Ingi,Ingason,Sverrir Ingi Ingason,75,52,53,57,57,75,79,2026-08-12 11:55:15
269657,Guðrún,Arnardóttir,Guðrún Arnardóttir,74,67,34,59,64,76,72,2026-08-12 11:55:15
246814,Ísak Bergmann,Jóhannesson,Ísak Bergmann Jóhannesson,73,72,64,73,73,63,72,2026-08-12 11:55:15
277544,Hildur,Antonsdóttir,Hildur Antonsdóttir,73,61,57,69,68,69,75,2026-08-12 11:55:15
269661,Ingibjörg,Sigurðardóttir,Ingibjörg Sigurðardóttir,72,69,58,63,66,74,70,2026-08-12 11:55:15
236883,Mikael,Anderson,Mikael Anderson,71,79,65,67,75,66,73,2026-08-12 11:55:15
76199,Emilía,Ásgeirsdóttir,Emilía Ásgeirsdóttir,71,81,71,61,71,30,71,2026-08-12 11:55:15
270578,Willum Þór,Willumsson,Willum Þór Willumsson,70,55,69,71,71,53,76,2026-08-12 11:55:15
237511,Alfons,Sampsted,Alfons Sampsted,70,73,47,61,67,65,72,2026-08-12 11:55:15
246704,Elías Rafn,Ólafsson,Elías Rafn Ólafsson,70,71,70,57,73,33,71,2026-08-12 11:55:15
211177,Arnór Ingvi,Traustason,Arnór Ingvi Traustason,69,78,68,69,71,58,75,2026-08-12 11:55:15
264436,Mikael Egill,Ellertsson,Mikael Egill Ellertsson,69,69,69,68,72,64,66,2026-08-12 11:55:15
241474,Jón Dagur,Þorsteinsson,Jón Dagur Þorsteinsson,69,79,64,64,72,40,70,2026-08-12 11:55:15
262551,Stefán Teitur,Þórðarson,Stefán Teitur Þórðarson,69,59,65,64,67,63,70,2026-08-12 11:55:15
263657,Þórir Jóhann,Helgason,Þórir Jóhann Helgason,69,67,64,67,68,55,60,2026-08-12 11:55:15
238196,Arnór,Sigurðsson,Arnór Sigurðsson,69,75,68,65,70,41,60,2026-08-12 11:55:15
254537,Davíð Kristján,Ólafsson,Davíð Kristján Ólafsson,68,76,55,65,65,61,72,2026-08-12 11:55:15
264133,Hákon,Valdimarsson,Hákon Valdimarsson,68,68,65,64,69,20,68,2026-08-12 11:55:15
270787,Andri Lucas,Guðjohnsen,Andri Lucas Guðjohnsen,68,77,65,50,67,27,67,2026-08-12 11:55:15
274927,Kristian,Hlynsson,Kristian Hlynsson,68,58,63,64,71,41,50,2026-08-12 11:55:15
277902,Logi,Tómasson,Logi Tómasson,67,80,58,62,65,60,71,2026-08-12 11:55:15
222562,Rúnar Alex,Rúnarsson,Rúnar Alex Rúnarsson,67,68,66,68,67,37,66,2026-08-12 11:55:15
260383,Valgeir,Lunddal,Valgeir Lunddal,67,64,37,58,61,63,79,2026-08-12 11:55:15
277698,Ísak Andri,Sigurgeirsson,Ísak Andri Sigurgeirsson,67,74,63,62,66,25,57,2026-08-12 11:55:15
245270,Kolbeinn,Finnsson,Kolbeinn Finnsson,66,74,54,61,63,61,71,2026-08-12 11:55:15
277807,Kolbeinn,Þórðarson,Kolbeinn Þórðarson,66,66,59,61,62,61,72,2026-08-12 11:55:15
226510,Daníel Leó,Grétarsson,Daníel Leó Grétarsson,66,65,52,59,59,66,70,2026-08-12 11:55:15
269400,Sævar Atli,Magnússon,Sævar Atli Magnússon,66,78,65,57,69,33,65,2026-08-12 11:55:15
273211,Hlín,Eiríksdóttir,Hlín Eiríksdóttir,66,69,69,59,66,30,71,2026-08-12 11:55:15
227509,Elías Már,Ómarsson,Elías Már Ómarsson,66,73,64,55,67,37,67,2026-08-12 11:55:15
73914,Stefán Ingi,Sigurðarson,Stefán Ingi Sigurðarson,66,60,66,53,61,21,69,2026-08-12 11:55:15
238195,Viðar Ari,Jónsson,Viðar Ari Jónsson,65,80,56,58,63,60,65,2026-08-12 11:55:15
248168,Dagur Dan,Þór­halls­son,Dagur Dan Þór­halls­son,65,70,52,61,69,59,58,2026-08-12 11:55:15
70124,Júlíus,Magnússon,Júlíus Magnússon,65,66,49,59,61,63,67,2026-08-12 11:55:15
261457,Brynjólfur,Willumsson,Brynjólfur Willumsson,65,58,64,54,65,38,70,2026-08-12 11:55:15
277121,Nökkvi,Þórisson,Nökkvi Þórisson,65,69,66,56,62,28,57,2026-08-12 11:55:15
220922,Hólmbert Aron,Friðjónsson,Hólmbert Aron Friðjónsson,65,54,67,49,55,35,74,2026-08-12 11:55:15
263658,Brynjar Ingi,Bjarnason,Brynjar Ingi Bjarnason,65,69,26,49,46,61,79,2026-08-12 11:55:15
271156,Kristall Máni,Ingason,Kristall Máni Ingason,64,74,62,62,68,46,54,2026-08-12 11:55:15
76294,Gísli,Þórðarson,Gísli Þórðarson,64,71,49,59,62,58,63,2026-08-12 11:55:15
258533,Bjarki Steinn,Bjarkason,Bjarki Steinn Bjarkason,64,63,58,63,67,48,51,2026-08-12 11:55:15
70295,Hlynur Freyr,Karlsson,Hlynur Freyr Karlsson,64,65,35,50,59,64,65,2026-08-12 11:55:15
244942,Sveinn Aron,Guðjohnsen,Sveinn Aron Guðjohnsen,64,37,64,47,62,34,72,2026-08-12 11:55:15
70999,Gísli,Eyjólfsson,Gísli Eyjólfsson,63,59,56,57,62,55,63,2026-08-12 11:55:15
70843,Eggert Aron,Guðmundsson,Eggert Aron Guðmundsson,63,65,57,59,64,41,63,2026-08-12 11:55:15
271467,Hilmir Rafn,Mikaelsson,Hilmir Rafn Mikaelsson,63,70,61,48,58,30,70,2026-08-12 11:55:15
275062,Daníel,Guðjohnsen,Daníel Guðjohnsen,63,69,62,51,63,19,66,2026-08-12 11:55:15
73260,Jason Daði,Svanþórs­son,Jason Daði Svanþórs­son,62,88,54,55,62,52,69,2026-08-12 11:55:15
256036,Andri Fannar,Baldursson,Andri Fannar Baldursson,62,50,49,60,63,60,62,2026-08-12 11:55:15
79720,Ísabella,Tryggvadóttir,Ísabella Tryggvadóttir,62,58,59,50,64,19,54,2026-08-12 11:55:15
78612,Daníel Freyr,Kristjánsson,Daníel Freyr Kristjánsson,61,65,39,53,59,57,57,2026-08-12 11:55:15
76016,Benoný Breki,Andrésson,Benoný Breki Andrésson,61,68,61,44,60,19,55,2026-08-12 11:55:15
244290,Atli,Barkarson,Atli Barkarson,60,66,48,53,52,57,67,2026-08-12 11:55:15
73072,Lúkas,Petersson,Lúkas Petersson,60,60,59,57,60,35,59,2026-08-12 11:55:15
76880,Róbert Frosti,Þorkelsson,Róbert Frosti Þorkelsson,58,66,53,51,57,47,57,2026-08-12 11:55:15
77216,Jónatan Guðni,Arnarsson,Jónatan Guðni Arnarsson,57,72,53,53,58,28,48,2026-08-12 11:55:15
79780,Kjartan Már,Kjartansson,Kjartan Már Kjartansson,53,54,35,48,49,51,59,2026-08-12 11:55:15
237238,Scott,McTominay,Scott McTominay,85,76,82,77,80,80,85,2026-08-12 11:55:15
216267,Andrew,Robertson,Andrew Robertson,82,74,61,80,77,79,75,2026-08-12 11:55:15
213884,Ryan,Christie,Ryan Christie,79,69,70,77,78,74,76,2026-08-12 11:55:15
242280,Lewis,Ferguson,Lewis Ferguson,78,72,78,74,78,72,75,2026-08-12 11:55:15
265274,Kirsty,Hanson,Kirsty Hanson,78,81,74,77,77,57,72,2026-08-12 11:55:15
208919,Ryan,Gauld,Ryan Gauld,78,83,68,77,82,51,54,2026-08-12 11:55:15
243403,Claire,Emslie,Claire Emslie,78,75,72,79,76,45,68,2026-08-12 11:55:15
265277,Martha,Thomas,Martha Thomas,77,77,78,61,77,39,72,2026-08-12 11:55:15
265305,Lisa,Evans,Lisa Evans,75,77,69,74,77,71,58,2026-08-12 11:55:15
266393,Rachel,McLauchlan,Rachel McLauchlan,75,75,53,69,69,72,74,2026-08-12 11:55:15
245871,Lee,Gibson,Lee Gibson,75,76,71,73,77,32,76,2026-08-12 11:55:15
225974,Scott,McKenna,Scott McKenna,75,60,32,51,56,76,80,2026-08-12 11:55:15
226508,Greg,Taylor,Greg Taylor,74,71,55,73,73,71,73,2026-08-12 11:55:15
225316,Jack,Hendry,Jack Hendry,74,73,56,63,64,71,82,2026-08-12 11:55:15
248808,Aaron,Hickey,Aaron Hickey,74,71,54,70,73,74,64,2026-08-12 11:55:15
245992,Billy,Gilmour,Billy Gilmour,74,60,58,74,76,69,58,2026-08-12 11:55:15
220031,Oli,McBurnie,Oli McBurnie,74,61,71,60,71,34,82,2026-08-12 11:55:15
221908,Lewis,Morgan,Lewis Morgan,73,82,74,71,75,55,68,2026-08-12 11:55:15
255561,Josh,Doig,Josh Doig,73,79,63,66,70,67,70,2026-08-12 11:55:15
237871,Jordan,Holsgrove,Jordan Holsgrove,73,71,62,73,74,62,69,2026-08-12 11:55:15
212516,John,Souttar,John Souttar,73,73,48,63,70,72,77,2026-08-12 11:55:15
183540,Barry,Bannan,Barry Bannan,73,57,63,74,75,60,61,2026-08-12 11:55:15
216218,Lawrence,Shankland,Lawrence Shankland,73,63,75,66,72,28,80,2026-08-12 11:55:15
245891,Hayley,Lauder,Hayley Lauder,72,71,65,72,72,68,65,2026-08-12 11:55:15
253970,Connor,Barron,Connor Barron,72,70,61,72,69,65,75,2026-08-12 11:55:15
268488,Samantha,Kerr,Samantha Kerr,72,65,69,68,75,67,65,2026-08-12 11:55:15
246968,Lucy,Hope,Lucy Hope,72,61,62,69,72,71,72,2026-08-12 11:55:15
216325,Angus,Gunn,Angus Gunn,72,73,71,70,74,48,70,2026-08-12 11:55:15
201368,Kenny,McLean,Kenny McLean,72,58,67,68,71,66,73,2026-08-12 11:55:15
258979,Sandy,MacIver,Sandy MacIver,72,70,72,73,72,35,75,2026-08-12 11:55:15
266451,Eartha,Cumings,Eartha Cumings,72,71,69,69,72,41,73,2026-08-12 11:55:15
233602,George,Hirst,George Hirst,72,73,71,55,66,43,74,2026-08-12 11:55:15
247415,Abigail,Harrison,Abigail Harrison,72,74,76,61,71,24,65,2026-08-12 11:55:15
240439,Ryan,Porteous,Ryan Porteous,71,65,42,63,60,69,80,2026-08-12 11:55:15
225317,Kevin,Nisbet,Kevin Nisbet,71,65,73,62,69,37,71,2026-08-12 11:55:15
266815,Ben,Doak,Ben Doak,71,89,61,63,75,28,60,2026-08-12 11:55:15
244319,Ross,Stewart,Ross Stewart,71,68,71,57,64,30,70,2026-08-12 11:55:15
221281,Dominic,Hyam,Dominic Hyam,71,51,32,54,58,71,76,2026-08-12 11:55:15
198904,Grant,Hanley,Grant Hanley,71,52,30,47,49,71,78,2026-08-12 11:55:15
215638,Liam,Lindsay,Liam Lindsay,71,36,35,52,50,71,81,2026-08-12 11:55:15
219952,Liam,Henderson,Liam Henderson,70,71,64,68,70,66,74,2026-08-12 11:55:15
205054,Kal,Naismith,Kal Naismith,70,65,65,66,67,70,77,2026-08-12 11:55:15
234229,Ross,McCrorie,Ross McCrorie,70,77,53,61,67,67,84,2026-08-12 11:55:15
243842,Nicky,Cadden,Nicky Cadden,70,85,62,67,70,56,69,2026-08-12 11:55:15
185068,Johnny,Russell,Johnny Russell,70,74,70,68,71,50,75,2026-08-12 11:55:15
200302,Graeme,Shinnie,Graeme Shinnie,70,65,62,67,69,68,77,2026-08-12 11:55:15
223871,Daniel,Armstrong,Daniel Armstrong,70,80,65,67,71,54,67,2026-08-12 11:55:15
242271,Andy,Irving,Andy Irving,70,54,71,71,71,63,71,2026-08-12 11:55:15
232212,James,Penrice,James Penrice,70,78,51,68,70,64,63,2026-08-12 11:55:15
234111,David,Turnbull,David Turnbull,70,54,71,73,70,60,63,2026-08-12 11:55:15
204269,Zander,Clark,Zander Clark,70,70,66,69,73,30,70,2026-08-12 11:55:15
207807,Ryan,Fraser,Ryan Fraser,70,71,68,69,74,48,46,2026-08-12 11:55:15
239350,Siriki,Dembélé,Siriki Dembélé,70,88,66,59,74,28,54,2026-08-12 11:55:15
261283,Tommy,Conway,Tommy Conway,70,81,70,56,70,24,60,2026-08-12 11:55:15
268486,Jenna,Clark,Jenna Clark,70,70,35,52,64,72,66,2026-08-12 11:55:15
242965,Fraser,Hornby,Fraser Hornby,70,66,70,56,61,25,77,2026-08-12 11:55:15
223663,Blair,Spittal,Blair Spittal,69,74,66,68,68,56,67,2026-08-12 11:55:15
204033,Nicky,Devlin,Nicky Devlin,69,79,53,59,64,63,79,2026-08-12 11:55:15
264139,Marc,Leonard,Marc Leonard,69,71,60,67,68,63,67,2026-08-12 11:55:15
236650,Jacob,Brown,Jacob Brown,69,73,69,63,69,48,71,2026-08-12 11:55:15
222045,Craig,Halkett,Craig Halkett,69,54,51,57,60,69,74,2026-08-12 11:55:15
226084,Ryan,Hardie,Ryan Hardie,69,82,68,51,70,27,65,2026-08-12 11:55:15
275899,Lisa,Forrest,Lisa Forrest,69,71,68,60,68,37,59,2026-08-12 11:55:15
224915,Scott,Wright,Scott Wright,69,89,60,62,73,29,48,2026-08-12 11:55:15
223746,Greg,Stewart,Greg Stewart,69,62,68,71,69,30,56,2026-08-12 11:55:15
275898,Chloe,Warrington,Chloe Warrington,69,68,39,60,59,71,58,2026-08-12 11:55:15
235729,David,Bates,David Bates,69,47,29,48,49,70,77,2026-08-12 11:55:15
211536,Mark,O'Hara,Mark O'Hara,68,71,66,64,68,64,74,2026-08-12 11:55:15
210724,Callum,Paterson,Callum Paterson,68,61,66,64,65,58,82,2026-08-12 11:55:15
186395,Matt,Ritchie,Matt Ritchie,68,54,69,71,68,64,68,2026-08-12 11:55:15
258036,Max,Johnston,Max Johnston,68,81,41,61,62,62,72,2026-08-12 11:55:15
221890,Jay,Fulton,Jay Fulton,68,54,56,64,66,66,71,2026-08-12 11:55:15
212487,Michael,Rose,Michael Rose,68,70,39,58,60,68,73,2026-08-12 11:55:15
247279,Lyndon,Dykes,Lyndon Dykes,68,66,67,52,64,29,82,2026-08-12 11:55:15
273391,Amy,Muir,Amy Muir,68,62,43,57,58,69,63,2026-08-12 11:55:15
255573,Stephen,Welsh,Stephen Welsh,68,63,31,57,62,67,70,2026-08-12 11:55:15
208024,Murray,Wallace,Murray Wallace,68,51,32,52,57,68,74,2026-08-12 11:55:15
276677,Ibane,Bowat,Ibane Bowat,68,51,30,48,57,67,79,2026-08-12 11:55:15
275297,Liam,Morrison,Liam Morrison,68,51,31,48,55,68,68,2026-08-12 11:55:15
244565,Ethan,Erhahon,Ethan Erhahon,67,74,59,63,66,64,74,2026-08-12 11:55:15
198377,Liam,Palmer,Liam Palmer,67,67,59,63,64,65,74,2026-08-12 11:55:15
262361,Lyall,Cameron,Lyall Cameron,67,77,65,66,66,59,57,2026-08-12 11:55:15
205015,Jack,Grimmer,Jack Grimmer,67,73,53,56,64,65,76,2026-08-12 11:55:15
223747,Stephen,Kingsley,Stephen Kingsley,67,56,54,67,67,66,72,2026-08-12 11:55:15
188166,Matt,Phillips,Matt Phillips,67,66,67,65,67,43,66,2026-08-12 11:55:15
256421,Alan,Forrest,Alan Forrest,67,80,63,61,69,45,54,2026-08-12 11:55:15
210602,Salem,Al Dawsari,Salem Al Dawsari,82,87,75,75,84,57,81,2026-08-12 11:55:15
263824,Musab,Al Juwair,Musab Al Juwair,75,68,67,79,74,56,70,2026-08-12 11:55:15
238545,Firas,Al Birekan,Firas Al Birekan,75,78,72,62,74,37,73,2026-08-12 11:55:15
220075,Mohammed,Kanno,Mohammed Kanno,72,72,69,70,71,69,76,2026-08-12 11:55:15
232477,Sultan,Al Ghannam,Sultan Al Ghannam,72,82,60,72,74,63,70,2026-08-12 11:55:15
255368,Nawaf,Al Aqidi,Nawaf Al Aqidi,72,75,69,67,74,47,66,2026-08-12 11:55:15
245751,Hassan,Tombakti,Hassan Tombakti,72,83,35,57,64,73,74,2026-08-12 11:55:15
210843,Hassan,Kadish,Hassan Kadish,71,75,49,62,63,67,79,2026-08-12 11:55:15
221658,Ahmed,Sharahili,Ahmed Sharahili,71,72,33,60,63,70,74,2026-08-12 11:55:15
221370,Mohammed,Al Buraik,Mohammed Al Buraik,70,71,56,73,69,63,66,2026-08-12 11:55:15
228783,Ali,Lajami,Ali Lajami,70,76,48,58,60,68,77,2026-08-12 11:55:15
238043,Abdulrahman,Al Obud,Abdulrahman Al Obud,70,88,63,59,72,45,59,2026-08-12 11:55:15
242156,Muhannad,Al Shanqeeti,Muhannad Al Shanqeeti,70,82,42,62,66,64,69,2026-08-12 11:55:15
242506,Ali,Majrashi,Ali Majrashi,70,86,44,52,64,63,74,2026-08-12 11:55:15
242117,Abdulrahman,Ghareeb,Abdulrahman Ghareeb,70,84,62,64,74,25,57,2026-08-12 11:55:15
241197,Abdulelah,Al Amri,Abdulelah Al Amri,70,69,29,51,47,68,81,2026-08-12 11:55:15
229851,Ali,Al Bulayhi,Ali Al Bulayhi,70,41,42,43,42,69,82,2026-08-12 11:55:15
223629,Saleh,Al Amri,Saleh Al Amri,69,79,65,65,69,34,67,2026-08-12 11:55:15
191269,Salman,Al Faraj,Salman Al Faraj,69,38,63,77,71,62,58,2026-08-12 11:55:15
211173,Saleh,Al Shehri,Saleh Al Shehri,69,66,67,51,64,28,72,2026-08-12 11:55:15
220422,Mansour,Hamzi,Mansour Hamzi,68,81,64,62,71,62,71,2026-08-12 11:55:15
241938,Nasser,Al Dawsari,Nasser Al Dawsari,68,68,60,70,68,62,70,2026-08-12 11:55:15
237721,Abdullah,Al Khaibari,Abdullah Al Khaibari,68,73,43,63,66,64,72,2026-08-12 11:55:15
253440,Ayman,Yahya,Ayman Yahya,68,84,61,59,67,32,67,2026-08-12 11:55:15
278206,Muhannad,Al Saad,Muhannad Al Saad,68,82,58,57,74,27,45,2026-08-12 11:55:15
260977,Faisal,Al Ghamdi,Faisal Al Ghamdi,67,66,53,63,70,63,78,2026-08-12 11:55:15
256331,Muteb,Al Harbi,Muteb Al Harbi,67,93,54,62,67,56,60,2026-08-12 11:55:15
241809,Turki,Al Ammar,Turki Al Ammar,67,73,57,63,69,62,63,2026-08-12 11:55:15
211395,Abdullah,Al Salem,Abdullah Al Salem,67,65,66,60,66,52,76,2026-08-12 11:55:15
245414,Radhi,Al Otaibi,Radhi Al Otaibi,67,88,45,61,65,57,68,2026-08-12 11:55:15
232901,Mukhtar,Ali,Mukhtar Ali,67,66,54,64,68,60,66,2026-08-12 11:55:15
263182,Ziyad,Al Johani,Ziyad Al Johani,67,67,52,64,66,63,61,2026-08-12 11:55:15
254685,Nawaf,Boushal,Nawaf Boushal,67,82,39,51,64,62,73,2026-08-12 11:55:15
74436,Mohammed,Abu Al Shamat,Mohammed Abu Al Shamat,67,75,46,61,70,59,58,2026-08-12 11:55:15
225976,Sultan,Mandash,Sultan Mandash,67,82,58,59,71,25,61,2026-08-12 11:55:15
255837,Nader,Al Sharari,Nader Al Sharari,67,72,25,48,47,66,73,2026-08-12 11:55:15
225600,Abdullah,Al Ammar,Abdullah Al Ammar,66,75,51,64,68,59,67,2026-08-12 11:55:15
225087,Fawaz,Al Sagour,Fawaz Al Sagour,66,91,46,59,64,55,65,2026-08-12 11:55:15
230801,Ali,Hazazi,Ali Hazazi,66,63,47,63,69,62,73,2026-08-12 11:55:15
210603,Yasser,Al Shahrani,Yasser Al Shahrani,66,73,54,61,67,63,58,2026-08-12 11:55:15
242863,Ali,Al Hassan,Ali Al Hassan,66,68,53,60,64,61,69,2026-08-12 11:55:15
275549,Abdulelah,Al Khaibari,Abdulelah Al Khaibari,66,75,51,58,62,60,67,2026-08-12 11:55:15
239042,Hussain,Al Qahtani,Hussain Al Qahtani,66,55,59,66,65,59,65,2026-08-12 11:55:15
224962,Mohammed,Al Kuwaykibi,Mohammed Al Kuwaykibi,66,80,62,62,69,27,51,2026-08-12 11:55:15
242312,Abdulfatah,Adam,Abdulfatah Adam,66,77,64,50,66,26,64,2026-08-12 11:55:15
74699,Jehad,Thekri,Jehad Thekri,66,71,31,47,54,63,77,2026-08-12 11:55:15
209281,Yahia,Al Shehri,Yahia Al Shehri,66,58,61,68,68,31,44,2026-08-12 11:55:15
241862,Awon,Al Bishi,Awon Al Bishi,66,62,38,44,39,67,71,2026-08-12 11:55:15
228624,Mohammed,Khubrani,Mohammed Khubrani,66,46,24,40,44,68,74,2026-08-12 11:55:15
260343,Saad,Al Nasser,Saad Al Nasser,65,83,59,57,68,57,69,2026-08-12 11:55:15
245268,Hamad,Al Yami,Hamad Al Yami,65,85,56,58,64,57,58,2026-08-12 11:55:15
264823,Abdulmalek,Al Ayeri,Abdulmalek Al Ayeri,65,81,44,56,63,58,68,2026-08-12 11:55:15
259426,Ahmed,Al Ghamdi,Ahmed Al Ghamdi,65,80,60,58,69,41,59,2026-08-12 11:55:15
242352,Abdulquddus,Attiah,Abdulquddus Attiah,65,68,60,58,70,47,63,2026-08-12 11:55:15
230713,Abdulelah,Al Malki,Abdulelah Al Malki,65,57,55,61,63,62,63,2026-08-12 11:55:15
243045,Abdullah,Al Khatib,Abdullah Al Khatib,65,74,28,50,60,64,74,2026-08-12 11:55:15
270460,Abdulaziz,Noor,Abdulaziz Noor,65,80,56,61,63,30,55,2026-08-12 11:55:15
208949,Nawaf,Al Abed,Nawaf Al Abed,65,39,66,68,68,45,47,2026-08-12 11:55:15
263884,Saad,Al Mousa,Saad Al Mousa,65,64,25,53,56,65,70,2026-08-12 11:55:15
210134,Mohammed,Al Fatil,Mohammed Al Fatil,65,57,30,49,49,65,69,2026-08-12 11:55:15
208965,Ahmed,Asiri,Ahmed Asiri,65,59,30,45,41,65,75,2026-08-12 11:55:15
248836,Waleed,Al Ahmed,Waleed Al Ahmed,65,63,28,45,43,64,70,2026-08-12 11:55:15
213901,Abdullah,Madu,Abdullah Madu,65,34,25,45,40,65,71,2026-08-12 11:55:15
242223,Abdullah,Al Hamdan,Abdullah Al Hamdan,64,73,62,63,61,41,69,2026-08-12 11:55:15
240587,Fahad,Al Jumayah,Fahad Al Jumayah,64,75,54,61,64,56,56,2026-08-12 11:55:15
209166,Mustafa,Malaeka,Mustafa Malaeka,64,61,62,62,63,47,66,2026-08-12 11:55:15
272906,Dhari,Al Enazi,Dhari Al Enazi,64,75,32,51,62,57,62,2026-08-12 11:55:15
260010,Saad,Balobaid,Saad Balobaid,64,81,29,45,60,58,65,2026-08-12 11:55:15
275544,Mohammed,Al Shuwayrikh,Mohammed Al Shuwayrikh,64,62,29,49,53,63,70,2026-08-12 11:55:15
245438,Ahmed,Abdu,Ahmed Abdu,64,55,65,49,61,29,65,2026-08-12 11:55:15
245499,Abdulbasit,Hindi,Abdulbasit Hindi,64,59,23,49,53,64,69,2026-08-12 11:55:15
235514,Saeed,Al Rubaie,Saeed Al Rubaie,64,62,25,44,42,62,75,2026-08-12 11:55:15
272303,Marwan,Al Sahafi,Marwan Al Sahafi,63,87,62,53,68,46,59,2026-08-12 11:55:15
240600,Ali,Al Asmari,Ali Al Asmari,63,64,60,61,64,57,68,2026-08-12 11:55:15
231801,Alaa,Al Hajji,Alaa Al Hajji,63,66,56,63,65,58,65,2026-08-12 11:55:15
208974,Hattan,Bahebri,Hattan Bahebri,63,69,63,60,65,46,67,2026-08-12 11:55:15
233961,Sami,Al Najai,Sami Al Najai,63,65,59,60,66,54,64,2026-08-12 11:55:15
211152,Madallah,Al Olayan,Madallah Al Olayan,63,68,46,59,60,59,69,2026-08-12 11:55:15
209223,Awadh,Khamis,Awadh Khamis,63,60,50,58,64,59,68,2026-08-12 11:55:15
229800,Riyadh,Sharahili,Riyadh Sharahili,63,53,53,56,61,61,75,2026-08-12 11:55:15
221772,Abdulaziz,Al Bishi,Abdulaziz Al Bishi,63,84,56,58,66,28,61,2026-08-12 11:55:15
209027,Ahmed,Al Kassar,Ahmed Al Kassar,63,62,63,55,65,40,62,2026-08-12 11:55:15
272881,Saeed,Baetaih,Saeed Baetaih,63,72,41,54,55,58,63,2026-08-12 11:55:15
240068,Sumayhan,Al Nabit,Sumayhan Al Nabit,63,77,58,57,65,30,53,2026-08-12 11:55:15
270001,Salem,Al Najdi,Salem Al Najdi,63,68,35,48,57,61,62,2026-08-12 11:55:15
228784,Qasem,Lajami,Qasem Lajami,63,68,26,47,50,63,70,2026-08-12 11:55:15
241963,Hamed,Al Ghamdi,Hamed Al Ghamdi,62,68,62,63,70,51,42,2026-08-12 11:55:15
208987,Ibrahim,Zaid,Ibrahim Zaid,62,63,57,62,64,44,61,2026-08-12 11:55:15
236689,Khaled,Al Samiri,Khaled Al Samiri,62,56,50,60,66,57,61,2026-08-12 11:55:15
230762,Saeed,Al Hamsal,Saeed Al Hamsal,62,83,36,48,54,55,69,2026-08-12 11:55:15
243153,Mukhair,Al Rashidi,Mukhair Al Rashidi,62,75,36,49,54,65,64,2026-08-12 11:55:15
261190,Bassam,Al Hurayji,Bassam Al Hurayji,62,67,37,56,60,58,65,2026-08-12 11:55:15
245276,Mohammed,Al Rubaie,Mohammed Al Rubaie,62,67,55,60,64,37,59,2026-08-12 11:55:15
269683,Islam,Hawsawi,Islam Hawsawi,62,86,28,52,61,54,59,2026-08-12 11:55:15
239126,Mohammed,Al Baqawi,Mohammed Al Baqawi,62,71,28,51,53,58,70,2026-08-12 11:55:15
265407,Mohammed,Al Qahtani,Mohammed Al Qahtani,62,80,50,54,69,31,42,2026-08-12 11:55:15
232675,Muteb,Al Mufarrij,Muteb Al Mufarrij,62,61,26,44,50,61,61,2026-08-12 11:55:15
214923,Mohammed,Qasem,Mohammed Qasem,61,74,56,55,64,55,71,2026-08-12 11:55:15
229922,Osama,Al Khalaf,Osama Al Khalaf,61,75,46,58,61,52,69,2026-08-12 11:55:15
209989,Thomas,Partey,Thomas Partey,83,59,71,80,77,80,82,2026-08-12 11:55:15
241236,Antoine,Semenyo,Antoine Semenyo,80,80,78,73,81,40,79,2026-08-12 11:55:15
235662,Abdul,Mumin,Abdul Mumin,77,76,49,61,69,77,76,2026-08-12 11:55:15
209620,Rahman,Baba,Rahman Baba,76,77,66,69,74,72,78,2026-08-12 11:55:15
241162,Joseph,Paintsil,Joseph Paintsil,76,90,70,68,80,35,67,2026-08-12 11:55:15
268763,Ernest,Nuamah,Ernest Nuamah,75,82,70,69,78,24,58,2026-08-12 11:55:15
230021,Joseph,Aidoo,Joseph Aidoo,75,69,27,46,50,74,80,2026-08-12 11:55:15
247124,Gideon,Mensah,Gideon Mensah,74,76,57,65,72,68,67,2026-08-12 11:55:15
220491,Emmanuel,Gyasi,Emmanuel Gyasi,74,79,64,67,74,48,68,2026-08-12 11:55:15
257946,Alidu,Seidu,Alidu Seidu,74,61,43,61,70,75,67,2026-08-12 11:55:15
200759,Jeffrey,Schlupp,Jeffrey Schlupp,73,76,71,68,73,70,74,2026-08-12 11:55:15
229956,Lawrence Ati,Zigi,Lawrence Ati Zigi,73,72,70,66,74,40,73,2026-08-12 11:55:15
274913,Christopher,Bonsu Baah,Christopher Bonsu Baah,73,87,65,64,79,34,66,2026-08-12 11:55:15
242418,Tariq,Lamptey,Tariq Lamptey,73,84,44,66,76,69,49,2026-08-12 11:55:15
238392,Elisha,Owusu,Elisha Owusu,73,55,54,68,70,70,70,2026-08-12 11:55:15
252059,Salis,Abdul Samed,Salis Abdul Samed,73,58,49,63,69,71,77,2026-08-12 11:55:15
208535,Alfred,Duncan,Alfred Duncan,72,67,64,70,71,71,75,2026-08-12 11:55:15
224540,Emmanuel,Boateng,Emmanuel Boateng,72,91,71,61,72,39,74,2026-08-12 11:55:15
258608,Osman,Bukari,Osman Bukari,72,85,67,62,76,37,66,2026-08-12 11:55:15
244513,Ibrahim,Sadiq,Ibrahim Sadiq,72,86,66,61,75,33,69,2026-08-12 11:55:15
274516,Ibrahim,Osman,Ibrahim Osman,72,90,64,62,76,28,57,2026-08-12 11:55:15
241710,Jerome,Opoku,Jerome Opoku,72,59,43,54,59,73,80,2026-08-12 11:55:15
247258,Lawrence,Ofori,Lawrence Ofori,71,74,65,67,74,66,70,2026-08-12 11:55:15
213013,Frank,Acheampong,Frank Acheampong,71,91,68,64,73,44,73,2026-08-12 11:55:15
271577,Ibrahim,Sulemana,Ibrahim Sulemana,71,71,62,64,68,70,70,2026-08-12 11:55:15
245598,Iddrisu,Baba,Iddrisu Baba,71,58,64,62,67,67,75,2026-08-12 11:55:15
239795,Caleb,Ekuban,Caleb Ekuban,71,81,70,64,69,28,74,2026-08-12 11:55:15
270905,Mohammed,Fuseini,Mohammed Fuseini,71,89,72,60,75,27,56,2026-08-12 11:55:15
256035,Kamaldeen,Sulemana,Kamaldeen Sulemana,71,88,63,63,76,28,59,2026-08-12 11:55:15
248788,Abdul-Aziz,Yakubu,Abdul-Aziz Yakubu,71,83,70,53,68,22,72,2026-08-12 11:55:15
244112,Daniel-Kofi,Kyereh,Daniel-Kofi Kyereh,71,65,69,65,76,31,47,2026-08-12 11:55:15
72825,Prince,Ampem,Prince Ampem,70,89,70,62,70,28,51,2026-08-12 11:55:15
74753,Prince Kwabena,Adu,Prince Kwabena Adu,70,73,69,57,67,26,66,2026-08-12 11:55:15
276634,Jonas,Adjetey,Jonas Adjetey,70,70,23,47,50,71,71,2026-08-12 11:55:15
242045,Majeed,Ashimeru,Majeed Ashimeru,69,71,63,68,72,62,67,2026-08-12 11:55:15
261004,Amankwah,Forson,Amankwah Forson,69,86,60,69,75,57,50,2026-08-12 11:55:15
235744,Brandon,Thomas-Asante,Brandon Thomas-Asante,69,83,67,59,69,34,76,2026-08-12 11:55:15
253114,Kwasi,Sibo,Kwasi Sibo,69,63,54,58,65,67,79,2026-08-12 11:55:15
251028,Kwame,Poku,Kwame Poku,69,85,63,64,72,44,49,2026-08-12 11:55:15
78426,Joseph,Opoku,Joseph Opoku,69,69,67,67,69,44,58,2026-08-12 11:55:15
70160,Terry,Yegbe,Terry Yegbe,69,79,36,49,56,66,80,2026-08-12 11:55:15
264441,Augustine,Boakye,Augustine Boakye,69,86,61,59,73,26,57,2026-08-12 11:55:15
239073,Christopher,Antwi-Adjei,Christopher Antwi-Adjei,69,81,60,64,72,30,53,2026-08-12 11:55:15
251905,Maxwell,Woledzi,Maxwell Woledzi,69,68,36,54,58,67,77,2026-08-12 11:55:15
251845,Abu,Francis,Abu Francis,68,72,66,65,71,63,71,2026-08-12 11:55:15
239397,Braydon,Manu,Braydon Manu,68,83,67,60,70,40,69,2026-08-12 11:55:15
242527,Stephan,Ambrosius,Stephan Ambrosius,68,64,31,44,52,67,77,2026-08-12 11:55:15
229217,Yaw,Yeboah,Yaw Yeboah,67,87,61,59,69,58,59,2026-08-12 11:55:15
244853,Kamal,Sowah,Kamal Sowah,67,77,67,64,74,47,63,2026-08-12 11:55:15
73638,Caleb,Yirenkyi,Caleb Yirenkyi,67,66,59,59,67,63,70,2026-08-12 11:55:15
74321,David,Abagna,David Abagna,67,72,63,63,70,52,62,2026-08-12 11:55:15
244191,Joseph,Anang,Joseph Anang,67,67,67,66,68,33,65,2026-08-12 11:55:15
221793,Patrick,Twumasi,Patrick Twumasi,67,77,65,61,67,31,57,2026-08-12 11:55:15
255310,Leonard,Owusu,Leonard Owusu,67,57,39,55,62,63,74,2026-08-12 11:55:15
72477,Josephine,Bonsu,Josephine Bonsu,67,69,66,62,65,45,41,2026-08-12 11:55:15
276093,Emmanuel,Addai,Emmanuel Addai,67,78,59,62,68,25,53,2026-08-12 11:55:15
271075,Nathaniel,Adjei,Nathaniel Adjei,67,77,25,45,58,67,70,2026-08-12 11:55:15
245022,Nicholas,Opoku,Nicholas Opoku,67,61,37,46,51,66,79,2026-08-12 11:55:15
259288,Kwadwo,Opoku,Kwadwo Opoku,66,81,67,56,72,30,62,2026-08-12 11:55:15
248812,Yaw,Ackah,Yaw Ackah,66,61,45,55,68,65,57,2026-08-12 11:55:15
259261,Baba,Alhassan,Baba Alhassan,65,80,65,60,66,61,79,2026-08-12 11:55:15
208052,Andy,Yiadom,Andy Yiadom,65,74,52,57,63,61,74,2026-08-12 11:55:15
217606,Emmanuel,Boateng,Emmanuel Boateng,65,89,61,60,67,41,62,2026-08-12 11:55:15
270538,Frank,Junior Adjei,Frank Junior Adjei,65,73,60,62,65,56,61,2026-08-12 11:55:15
260621,Solomon,Owusu,Solomon Owusu,65,76,46,56,58,64,68,2026-08-12 11:55:15
226705,David,Atanga,David Atanga,65,89,63,56,64,39,51,2026-08-12 11:55:15
213949,Kwasi Okyere,Wriedt,Kwasi Okyere Wriedt,65,68,64,54,63,30,77,2026-08-12 11:55:15
272962,Naeem,Mohammed,Naeem Mohammed,65,83,62,48,67,25,68,2026-08-12 11:55:15
276567,Jalal,Abdullai,Jalal Abdullai,65,79,62,55,62,27,64,2026-08-12 11:55:15
273948,Kojo Peprah,Oppong,Kojo Peprah Oppong,65,74,25,44,54,64,71,2026-08-12 11:55:15
237214,Lalas,Abubakar,Lalas Abubakar,65,52,32,48,49,63,77,2026-08-12 11:55:15
242906,Ema,Twumasi,Ema Twumasi,64,75,53,55,65,59,64,2026-08-12 11:55:15
265645,Kelvin,Abrefa,Kelvin Abrefa,64,77,42,54,64,59,65,2026-08-12 11:55:15
75541,Mohammed,Sofo,Mohammed Sofo,64,78,66,56,65,34,56,2026-08-12 11:55:15
232083,Joshua,Yaro,Joshua Yaro,64,78,26,46,55,65,67,2026-08-12 11:55:15
257043,Kelvin,Boateng,Kelvin Boateng,64,69,64,43,61,28,65,2026-08-12 11:55:15
70577,Kingsley,Gyamfi,Kingsley Gyamfi,64,62,32,43,55,63,69,2026-08-12 11:55:15
70960,Nana,Antwi,Nana Antwi,63,90,42,51,63,55,65,2026-08-12 11:55:15
230653,Jojo,Wollacott,Jojo Wollacott,63,63,62,61,63,41,63,2026-08-12 11:55:15
76445,Ezekiel,Alladoh,Ezekiel Alladoh,63,79,61,48,58,20,71,2026-08-12 11:55:15
79554,Bismark,Edjeodji,Bismark Edjeodji,62,80,58,58,64,49,58,2026-08-12 11:55:15
72918,Isaac,Pappoe,Isaac Pappoe,62,67,49,61,63,59,66,2026-08-12 11:55:15
71342,Araphat,Mohammed,Araphat Mohammed,62,64,56,56,64,52,61,2026-08-12 11:55:15
265734,Willy,Kumado,Willy Kumado,62,82,41,54,64,54,56,2026-08-12 11:55:15
254230,Sabit,Abdulai,Sabit Abdulai,62,58,54,61,60,61,54,2026-08-12 11:55:15
272399,Lawrence,Agyekum,Lawrence Agyekum,62,75,49,57,71,51,41,2026-08-12 11:55:15
75264,Edmund,Baidoo,Edmund Baidoo,62,74,61,53,66,27,49,2026-08-12 11:55:15
263313,Paul,Mensah,Paul Mensah,62,83,56,53,65,24,48,2026-08-12 11:55:15
77652,Prince Amoako,Junior,Prince Amoako Junior,62,80,59,56,62,23,45,2026-08-12 11:55:15
263733,Nasiru,Moro,Nasiru Moro,62,58,29,50,50,59,74,2026-08-12 11:55:15
270368,Emmanuel,Yeboah,Emmanuel Yeboah,61,83,59,54,61,37,73,2026-08-12 11:55:15
186783,Albert,Adomah,Albert Adomah,61,64,60,61,65,50,58,2026-08-12 11:55:15
275294,Ronald,Donkor,Ronald Donkor,61,64,35,59,66,55,58,2026-08-12 11:55:15
73610,Emmanuel,Agyemang,Emmanuel Agyemang,61,64,54,58,62,32,54,2026-08-12 11:55:15
227236,André-Franck,Zambo Anguissa,André-Franck Zambo Anguissa,82,75,75,75,79,79,85,2026-08-12 11:55:15
226753,André,Onana,André Onana,80,81,75,85,83,61,77,2026-08-12 11:55:15
259066,Flavien-Enzo,Boyomo,Flavien-Enzo Boyomo,78,74,38,52,51,79,81,2026-08-12 11:55:15
246568,Falone,Meffometou,Falone Meffometou,76,56,56,67,72,77,75,2026-08-12 11:55:15
228732,Harold,Moukoudi,Harold Moukoudi,76,49,35,56,58,75,87,2026-08-12 11:55:15
237626,Yvan,Neyou,Yvan Neyou,75,62,63,71,77,74,72,2026-08-12 11:55:15
271890,Monique,Ngock,Monique Ngock,75,67,52,66,69,71,67,2026-08-12 11:55:15
183569,Eric Maxim,Choupo-Moting,Eric Maxim Choupo-Moting,75,60,73,68,77,38,70,2026-08-12 11:55:15
262937,Jackson,Tchatchoua,Jackson Tchatchoua,74,89,59,63,74,66,78,2026-08-12 11:55:15
218745,Olivier,Ntcham,Olivier Ntcham,73,73,71,74,75,68,75,2026-08-12 11:55:15
240047,Patrick,Soko,Patrick Soko,73,90,71,62,73,34,76,2026-08-12 11:55:15
256669,Faris Pemi,Moumbagna,Faris Pemi Moumbagna,73,85,72,57,68,29,78,2026-08-12 11:55:15
239631,Danny,Namaso,Danny Namaso,73,79,71,61,76,23,68,2026-08-12 11:55:15
236690,Michael,Ngadeu,Michael Ngadeu,73,62,43,58,54,72,82,2026-08-12 11:55:15
220175,Olivier,Kemen,Olivier Kemen,72,77,69,67,74,68,81,2026-08-12 11:55:15
253490,Darlin,Yongwa,Darlin Yongwa,72,85,40,61,69,67,71,2026-08-12 11:55:15
250724,Nathan,Ngoumou,Nathan Ngoumou,72,89,70,64,71,33,64,2026-08-12 11:55:15
241130,Ignatius,Ganago,Ignatius Ganago,72,80,71,61,74,34,65,2026-08-12 11:55:15
266299,Frank,Magri,Frank Magri,72,77,72,59,73,21,63,2026-08-12 11:55:15
236556,Martin,Hongla,Martin Hongla,71,74,67,69,74,70,76,2026-08-12 11:55:15
255934,Jean,Onana,Jean Onana,71,54,66,68,70,70,77,2026-08-12 11:55:15
69997,Arthur,Avom Ebong,Arthur Avom Ebong,71,70,54,66,74,64,68,2026-08-12 11:55:15
273626,Colette,Ndzana,Colette Ndzana,71,76,54,63,71,67,60,2026-08-12 11:55:15
270518,Enzo,Tchato,Enzo Tchato,71,85,45,60,66,67,67,2026-08-12 11:55:15
237256,Jeremy,Ebobisse,Jeremy Ebobisse,71,77,67,61,68,34,80,2026-08-12 11:55:15
237469,Nouhou,Tolo,Nouhou Tolo,71,84,36,53,61,68,80,2026-08-12 11:55:15
271888,Nina,Ngueleu,Nina Ngueleu,71,73,68,54,71,26,68,2026-08-12 11:55:15
240728,Duplexe,Tchamba,Duplexe Tchamba,71,69,35,48,55,70,78,2026-08-12 11:55:15
231138,Christian,Bassogog,Christian Bassogog,70,90,67,59,74,38,74,2026-08-12 11:55:15
252675,Joyskim,Dawa,Joyskim Dawa,70,78,49,46,47,69,82,2026-08-12 11:55:15
234710,Didier,Lamkel Zé,Didier Lamkel Zé,69,76,71,64,69,46,79,2026-08-12 11:55:15
241007,Enzo,Ebosse,Enzo Ebosse,69,56,35,54,60,70,71,2026-08-12 11:55:15
271983,Kévin,Keben,Kévin Keben,69,65,32,50,56,69,70,2026-08-12 11:55:15
259869,Junior,Tchamadeu,Junior Tchamadeu,68,82,54,60,67,61,72,2026-08-12 11:55:15
243235,Olivier,Mbaizo,Olivier Mbaizo,68,80,36,58,69,63,65,2026-08-12 11:55:15
262709,Malcom,Bokele,Malcom Bokele,68,72,47,55,56,69,70,2026-08-12 11:55:15
272540,Jerome,Ngom Mbekeli,Jerome Ngom Mbekeli,68,80,58,60,68,24,56,2026-08-12 11:55:15
76416,Christian,Kofane,Christian Kofane,68,63,70,61,68,26,57,2026-08-12 11:55:15
250991,Leon,Bell Bell,Leon Bell Bell,67,79,61,59,70,60,68,2026-08-12 11:55:15
72622,Christ,Afalna,Christ Afalna,67,82,60,61,63,46,72,2026-08-12 11:55:15
245017,Gaël,Ondoua,Gaël Ondoua,67,67,51,62,61,64,75,2026-08-12 11:55:15
255738,Wilitty,Younoussa,Wilitty Younoussa,67,74,49,59,72,68,58,2026-08-12 11:55:15
76477,Brice,Ambina,Brice Ambina,67,68,54,60,65,62,68,2026-08-12 11:55:15
240240,Jean-Pierre,Nsame,Jean-Pierre Nsame,67,62,68,52,65,26,76,2026-08-12 11:55:15
275056,Saidou,Alioum,Saidou Alioum,66,81,62,58,66,30,66,2026-08-12 11:55:15
279557,Mahamadou,Nagida,Mahamadou Nagida,66,77,45,57,67,61,55,2026-08-12 11:55:15
255151,Simon,Ngapandouetnbu,Simon Ngapandouetnbu,66,70,65,63,71,23,65,2026-08-12 11:55:15
271414,Karl Edouard,Etta Eyong,Karl Edouard Etta Eyong,66,66,67,56,63,27,61,2026-08-12 11:55:15
76315,Steve,Kingue,Steve Kingue,66,56,33,45,48,65,73,2026-08-12 11:55:15
277897,Ben,Elliott,Ben Elliott,65,65,55,64,70,57,57,2026-08-12 11:55:15
220906,Devis,Epassy,Devis Epassy,65,66,62,59,68,42,62,2026-08-12 11:55:15
73330,Morgan,Bokele,Morgan Bokele,65,73,58,57,68,26,53,2026-08-12 11:55:15
245867,Jean-Claude,Ngando,Jean-Claude Ngando,64,74,50,64,74,57,62,2026-08-12 11:55:15
74322,Boris Enow,Takang,Boris Enow Takang,63,67,55,59,64,59,65,2026-08-12 11:55:15
247890,Bobby,Kamwa,Bobby Kamwa,63,83,60,54,62,28,68,2026-08-12 11:55:15
276235,François,Mughe,François Mughe,63,87,59,56,64,35,54,2026-08-12 11:55:15
272930,Samuel,Kotto,Samuel Kotto,63,70,35,52,53,57,79,2026-08-12 11:55:15
255177,Brian,Anunga,Brian Anunga,63,56,40,58,56,59,70,2026-08-12 11:55:15
217332,Manny,Monthé,Manny Monthé,62,66,43,44,48,57,85,2026-08-12 11:55:15
261211,Mike,Fondop,Mike Fondop,62,72,61,44,59,20,77,2026-08-12 11:55:15
261339,Etienne,Eto'o Pineda,Etienne Eto'o Pineda,62,62,64,57,60,24,57,2026-08-12 11:55:15
73081,Loïc,Etoga,Loïc Etoga,61,65,48,55,56,59,64,2026-08-12 11:55:15
278181,Hemsley,Akpa-Chukwu,Hemsley Akpa-Chukwu,61,56,61,50,59,21,58,2026-08-12 11:55:15
71384,Jeannot,Esua,Jeannot Esua,60,74,37,52,56,53,60,2026-08-12 11:55:15
76034,Bernard,Nguene,Bernard Nguene,60,75,58,47,62,23,59,2026-08-12 11:55:15
73400,Franck,Tchassem,Franck Tchassem,60,66,58,47,62,26,56,2026-08-12 11:55:15
79943,Loiange,Ondoa,Loiange Ondoa,59,66,54,57,60,43,54,2026-08-12 11:55:15
278479,Aaron,Bibout,Aaron Bibout,59,58,60,37,55,20,56,2026-08-12 11:55:15
72543,Kevin-Prince,Milla,Kevin-Prince Milla,58,55,57,50,54,32,66,2026-08-12 11:55:15
257138,Blondy,Nna Noukeu,Blondy Nna Noukeu,57,58,55,55,61,35,53,2026-08-12 11:55:15
208722,Sadio,Mané,Sadio Mané,83,82,81,78,85,44,75,2026-08-12 11:55:15
201024,Kalidou,Koulibaly,Kalidou Koulibaly,82,74,48,62,65,82,84,2026-08-12 11:55:15
246242,Boulaye,Dia,Boulaye Dia,80,84,81,67,78,43,73,2026-08-12 11:55:15
234642,Édouard,Mendy,Édouard Mendy,80,78,77,75,81,34,79,2026-08-12 11:55:15
259197,Nicolas,Jackson,Nicolas Jackson,80,82,77,69,79,40,77,2026-08-12 11:55:15
259868,Pape Matar,Sarr,Pape Matar Sarr,79,68,66,76,78,77,76,2026-08-12 11:55:15
241707,Pape,Gueye,Pape Gueye,78,67,65,75,75,76,79,2026-08-12 11:55:15
235633,Yehvann,Diouf,Yehvann Diouf,78,78,75,76,80,50,76,2026-08-12 11:55:15
264293,Habib,Diarra,Habib Diarra,77,70,68,71,77,71,71,2026-08-12 11:55:15
250858,Pathé,Ciss,Pathé Ciss,77,63,57,64,65,76,87,2026-08-12 11:55:15
225859,Moussa,Niakhaté,Moussa Niakhaté,77,68,48,63,64,77,80,2026-08-12 11:55:15
275324,Assane,Diao,Assane Diao,76,90,74,67,77,36,60,2026-08-12 11:55:15
274915,El Hadji Malick,Diouf,El Hadji Malick Diouf,75,80,67,68,74,70,77,2026-08-12 11:55:15
252293,Ismail,Jakobs,Ismail Jakobs,75,90,60,65,74,70,68,2026-08-12 11:55:15
217007,Mame,Thiam,Mame Thiam,75,74,74,66,73,27,72,2026-08-12 11:55:15
259150,Abdoulaye,Ndiaye,Abdoulaye Ndiaye,75,67,31,51,51,75,75,2026-08-12 11:55:15
221000,Badou,Ndiaye,Badou Ndiaye,74,81,68,69,74,71,76,2026-08-12 11:55:15
240064,Ousseynou,Ba,Ousseynou Ba,74,69,31,48,55,73,80,2026-08-12 11:55:15
259190,Dion,Lopy,Dion Lopy,73,64,60,70,72,69,76,2026-08-12 11:55:15
233897,Mamadou,Fall,Mamadou Fall,73,88,71,66,71,40,74,2026-08-12 11:55:15
262237,Arouna,Sangante,Arouna Sangante,73,54,34,59,59,73,75,2026-08-12 11:55:15
233631,Amath,Ndiaye,Amath Ndiaye,72,85,70,67,74,49,63,2026-08-12 11:55:15
73645,Ousmane,Diao,Ousmane Diao,72,77,59,57,64,69,81,2026-08-12 11:55:15
244694,Cheikh,Sabaly,Cheikh Sabaly,72,86,72,66,76,25,52,2026-08-12 11:55:15
271563,Moussa,N'Diaye,Moussa N'Diaye,72,76,27,61,73,68,69,2026-08-12 11:55:15
225293,Habib,Diallo,Habib Diallo,72,71,71,59,68,22,75,2026-08-12 11:55:15
253121,Issa,Soumaré,Issa Soumaré,72,83,65,63,74,20,58,2026-08-12 11:55:15
247248,Moustapha,Mbow,Moustapha Mbow,72,62,36,52,60,72,76,2026-08-12 11:55:15
224967,Mamadou,Sylla,Mamadou Sylla,71,78,71,62,70,37,75,2026-08-12 11:55:15
248661,Cheikh,Niasse,Cheikh Niasse,71,61,44,61,67,70,71,2026-08-12 11:55:15
259215,Formose,Mendy,Formose Mendy,71,73,37,56,60,70,75,2026-08-12 11:55:15
261084,Bamba,Dieng,Bamba Dieng,71,78,72,60,68,33,60,2026-08-12 11:55:15
257978,Sambou,Soumano,Sambou Soumano,71,70,73,55,73,28,56,2026-08-12 11:55:15
74963,Ousseynou,Niang,Ousseynou Niang,70,82,67,63,70,60,70,2026-08-12 11:55:15
237127,Demba,Thiam,Demba Thiam,70,71,66,67,76,62,66,2026-08-12 11:55:15
220820,Mory,Diaw,Mory Diaw,70,70,70,71,72,43,70,2026-08-12 11:55:15
251926,Rassoul,Ndiaye,Rassoul Ndiaye,70,69,55,64,69,67,71,2026-08-12 11:55:15
224442,Bingourou,Kamara,Bingourou Kamara,70,71,70,66,70,39,70,2026-08-12 11:55:15
239358,Seny,Dieng,Seny Dieng,70,70,67,69,74,40,66,2026-08-12 11:55:15
215785,Keita,Baldé,Keita Baldé,70,80,68,66,72,30,68,2026-08-12 11:55:15
272515,Antoine,Mendy,Antoine Mendy,70,64,41,55,63,71,72,2026-08-12 11:55:15
278065,Sadibou,Sané,Sadibou Sané,70,66,39,49,50,71,72,2026-08-12 11:55:15
271050,Donatien,Gomis,Donatien Gomis,70,70,29,47,44,71,77,2026-08-12 11:55:15
278107,Ilay,Camara,Ilay Camara,69,79,54,66,74,61,68,2026-08-12 11:55:15
271721,Pape Demba,Diop,Pape Demba Diop,69,77,59,66,69,63,67,2026-08-12 11:55:15
259268,Kaly,Sène,Kaly Sène,69,85,70,62,73,27,68,2026-08-12 11:55:15
201976,Alfred,Gomis,Alfred Gomis,69,69,67,68,69,42,68,2026-08-12 11:55:15
277598,Djibril,Soumaré,Djibril Soumaré,69,60,56,60,64,68,72,2026-08-12 11:55:15
230144,Assane,Dioussé,Assane Dioussé,69,57,47,64,72,66,64,2026-08-12 11:55:15
271689,Pathé,Mboup,Pathé Mboup,69,87,65,59,72,27,60,2026-08-12 11:55:15
245652,Makhtar,Gueye,Makhtar Gueye,69,62,68,54,59,32,84,2026-08-12 11:55:15
254501,Pape Meissa,Ba,Pape Meissa Ba,69,72,67,46,65,26,73,2026-08-12 11:55:15
228388,Mamadou,Thiam,Mamadou Thiam,68,80,66,61,67,47,73,2026-08-12 11:55:15
277118,Mikayil,Faye,Mikayil Faye,68,75,52,59,58,65,75,2026-08-12 11:55:15
212790,Jamal,Thiaré,Jamal Thiaré,68,87,66,56,69,23,72,2026-08-12 11:55:15
264437,Amadou,Mbengue,Amadou Mbengue,68,83,37,52,58,66,74,2026-08-12 11:55:15
254525,Pape Habib,Gueye,Pape Habib Gueye,68,77,67,54,65,24,78,2026-08-12 11:55:15
277969,Abdoulaye,Faye,Abdoulaye Faye,68,76,34,51,64,67,70,2026-08-12 11:55:15
243571,Bambo,Diaby,Bambo Diaby,68,65,35,54,57,64,79,2026-08-12 11:55:15
257821,Alassane,Ndao,Alassane Ndao,68,76,60,63,70,31,54,2026-08-12 11:55:15
275372,Papa Amadou,Diallo,Papa Amadou Diallo,68,80,67,60,70,23,52,2026-08-12 11:55:15
271222,Mamadou,Mbaye,Mamadou Mbaye,68,51,27,55,44,69,67,2026-08-12 11:55:15
238282,Mamadou,Coulibaly,Mamadou Coulibaly,67,77,61,65,68,66,76,2026-08-12 11:55:15
270894,Lamine,Diack,Lamine Diack,67,76,59,61,65,64,74,2026-08-12 11:55:15
183256,Henri,Saivet,Henri Saivet,67,59,65,69,66,63,68,2026-08-12 11:55:15
261085,Alioune,Ndour,Alioune Ndour,67,84,66,55,66,29,68,2026-08-12 11:55:15
251381,Philippe Paulin,Keny,Philippe Paulin Keny,67,80,65,55,65,29,71,2026-08-12 11:55:15
251596,Amadou,Sagna,Amadou Sagna,66,88,59,53,69,38,51,2026-08-12 11:55:15
245021,Mamadou,Loum,Mamadou Loum,66,39,55,58,61,65,75,2026-08-12 11:55:15
276257,Fallou,Fall,Fallou Fall,66,61,31,51,62,65,69,2026-08-12 11:55:15
223283,Famara,Diédhiou,Famara Diédhiou,66,60,65,48,61,31,73,2026-08-12 11:55:15
275027,Gora,Diouf,Gora Diouf,66,71,27,43,56,67,72,2026-08-12 11:55:15
262160,Wagane,Faye,Wagane Faye,66,65,23,42,61,66,68,2026-08-12 11:55:15
78878,Dame,Gueye,Dame Gueye,66,57,68,44,66,23,49,2026-08-12 11:55:15
72672,Mamour,Ndiaye,Mamour Ndiaye,65,65,62,68,66,41,63,2026-08-12 11:55:15
227966,Mouhamadou,Sarr,Mouhamadou Sarr,65,69,62,60,72,43,58,2026-08-12 11:55:15
275288,Malick,Mbaye,Malick Mbaye,65,82,64,58,65,29,59,2026-08-12 11:55:15
254849,Youssouph,Badji,Youssouph Badji,65,71,63,51,65,29,71,2026-08-12 11:55:15
73430,Pape,Diong,Pape Diong,65,58,42,59,58,61,70,2026-08-12 11:55:15
263920,Massamba,Ndiaye,Massamba Ndiaye,65,66,60,61,71,25,63,2026-08-12 11:55:15
251915,Aboubacar,Lô,Aboubacar Lô,65,54,35,42,44,68,64,2026-08-12 11:55:15
270885,Mor,Ndiaye,Mor Ndiaye,64,66,53,57,60,63,72,2026-08-12 11:55:15
72613,Mbaye,Ndiaye,Mbaye Ndiaye,64,83,58,55,67,39,66,2026-08-12 11:55:15
277356,Mouhamed,Diop,Mouhamed Diop,64,70,54,58,66,52,68,2026-08-12 11:55:15
227998,Dominique,Badji,Dominique Badji,64,74,60,53,63,38,72,2026-08-12 11:55:15
74881,Maguette,Gueye,Maguette Gueye,64,59,52,56,60,64,62,2026-08-12 11:55:15
74416,Sidi,Bane,Sidi Bane,64,68,48,55,54,63,63,2026-08-12 11:55:15
261153,Baïla,Diallo,Baïla Diallo,64,77,38,54,66,58,53,2026-08-12 11:55:15
256689,Lamine,Gueye,Lamine Gueye,64,69,64,62,65,24,52,2026-08-12 11:55:15
78627,Ndeye Awa,Diakhaté,Ndeye Awa Diakhaté,64,57,57,55,66,32,51,2026-08-12 11:55:15
278823,Madiodio,Dia,Madiodio Dia,64,60,28,44,54,63,69,2026-08-12 11:55:15
278569,Aliou,Thiaré,Aliou Thiaré,64,53,34,41,51,62,74,2026-08-12 11:55:15
210648,Ahmed,Hegazi,Ahmed Hegazi,75,33,26,50,54,75,77,2026-08-12 11:55:15
269164,Mohamed,Abdelmonem,Mohamed Abdelmonem,74,62,40,63,61,74,74,2026-08-12 11:55:15
254247,Mostafa,Mohamed,Mostafa Mohamed,73,70,74,58,67,37,78,2026-08-12 11:55:15
210259,Ahmed,Hassan,Ahmed Hassan,72,51,73,56,67,30,76,2026-08-12 11:55:15
220380,Ramy,Rabia,Ramy Rabia,67,60,49,55,55,67,72,2026-08-12 11:55:15
277944,Omar,Fayed,Omar Fayed,65,59,34,50,57,65,69,2026-08-12 11:55:15
74944,Kareem,Ashraf,Kareem Ashraf,53,65,50,39,50,32,65,2026-08-12 11:55:15
242641,Rayan,Aït-Nouri,Rayan Aït-Nouri,81,84,53,76,84,77,70,2026-08-12 11:55:15
226754,Ismaël,Bennacer,Ismaël Bennacer,80,76,72,80,83,76,74,2026-08-12 11:55:15
224196,Ramy,Bensebaini,Ramy Bensebaini,79,73,70,70,77,78,79,2026-08-12 11:55:15
262925,Adem,Zorgane,Adem Zorgane,78,54,70,77,75,71,83,2026-08-12 11:55:15
265845,Inès,Belloumou,Inès Belloumou,78,81,52,67,71,75,70,2026-08-12 11:55:15
253157,Hicham,Boudaoui,Hicham Boudaoui,77,73,67,74,77,74,76,2026-08-12 11:55:15
234906,Houssem,Aouar,Houssem Aouar,77,66,72,75,82,65,65,2026-08-12 11:55:15
213296,Nabil,Bentaleb,Nabil Bentaleb,77,50,72,77,79,71,73,2026-08-12 11:55:15
220621,Saïd,Benrahma,Saïd Benrahma,77,75,75,74,80,42,61,2026-08-12 11:55:15
246297,Himad,Abdelli,Himad Abdelli,76,61,69,76,79,60,74,2026-08-12 11:55:15
70726,Anis,Hadj-Moussa,Anis Hadj-Moussa,76,80,69,67,84,29,52,2026-08-12 11:55:15
201143,Aïssa,Mandi,Aïssa Mandi,75,57,46,71,67,75,73,2026-08-12 11:55:15
257118,Ilan,Kebbal,Ilan Kebbal,75,76,70,72,80,24,52,2026-08-12 11:55:15
270670,Farès,Chaïbi,Farès Chaïbi,74,69,68,75,76,68,69,2026-08-12 11:55:15
224444,Haris,Belkebla,Haris Belkebla,74,46,49,71,70,68,74,2026-08-12 11:55:15
252383,Ramiz,Zerrouki,Ramiz Zerrouki,73,62,66,69,72,68,80,2026-08-12 11:55:15
264201,Abdelkahar,Kadri,Abdelkahar Kadri,73,72,70,71,79,62,63,2026-08-12 11:55:15
277663,Mohamed,Belloumi,Mohamed Belloumi,73,81,71,70,76,38,60,2026-08-12 11:55:15
235955,Rafik,Guitane,Rafik Guitane,73,80,65,68,78,31,53,2026-08-12 11:55:15
255487,Sofiane,Bendebka,Sofiane Bendebka,72,74,71,68,73,65,73,2026-08-12 11:55:15
206436,Yassine,Benzia,Yassine Benzia,72,66,70,72,74,45,59,2026-08-12 11:55:15
261737,Abdelkader,Bedrane,Abdelkader Bedrane,72,60,30,56,53,72,77,2026-08-12 11:55:15
270084,Mehdi,Dorval,Mehdi Dorval,71,80,52,59,69,65,67,2026-08-12 11:55:15
275029,Ibrahim,Maza,Ibrahim Maza,71,75,66,66,79,40,62,2026-08-12 11:55:15
269956,Kévin,Van Den Kerkhof,Kévin Van Den Kerkhof,70,81,65,64,68,63,74,2026-08-12 11:55:15
236535,Ahmed,Touba,Ahmed Touba,70,70,53,62,62,68,82,2026-08-12 11:55:15
270830,Morgane,Belkhiter,Morgane Belkhiter,70,76,57,60,64,67,68,2026-08-12 11:55:15
270820,Mohamed,Farsi,Mohamed Farsi,70,84,53,64,70,63,57,2026-08-12 11:55:15
270558,Chloé,N'Gazi,Chloé N'Gazi,70,71,69,66,74,42,64,2026-08-12 11:55:15
245565,Mouhamed,Belkheir,Mouhamed Belkheir,70,63,71,67,70,30,69,2026-08-12 11:55:15
258230,Jaouen,Hadjam,Jaouen Hadjam,69,79,54,59,69,65,72,2026-08-12 11:55:15
270834,Abderrahman,Rebbach,Abderrahman Rebbach,69,73,70,65,68,36,68,2026-08-12 11:55:15
188825,Ahmed,Kashi,Ahmed Kashi,69,50,52,65,65,62,76,2026-08-12 11:55:15
240660,Mehdi,Léris,Mehdi Léris,68,67,62,65,68,60,74,2026-08-12 11:55:15
276712,Camiel,Neghli,Camiel Neghli,68,81,68,63,67,40,65,2026-08-12 11:55:15
73348,Yacine,Titraoui,Yacine Titraoui,68,66,53,65,70,62,63,2026-08-12 11:55:15
252302,Yasser,Larouci,Yasser Larouci,68,70,48,60,69,65,64,2026-08-12 11:55:15
71487,Sohaïb,Nair,Sohaïb Nair,68,65,28,49,54,68,71,2026-08-12 11:55:15
211240,Julien,Lopez,Julien Lopez,67,70,64,65,69,42,48,2026-08-12 11:55:15
266486,Maïdine,Douane,Maïdine Douane,67,70,58,63,70,29,58,2026-08-12 11:55:15
276314,Rafik,Belghali,Rafik Belghali,66,81,60,61,66,61,62,2026-08-12 11:55:15
72133,Hacène,Benali,Hacène Benali,66,73,65,55,65,30,63,2026-08-12 11:55:15
73447,Amin,Chiakha,Amin Chiakha,65,70,64,55,65,29,68,2026-08-12 11:55:15
277658,Rayan,Kolli,Rayan Kolli,65,77,63,58,67,26,52,2026-08-12 11:55:15
72099,Rafik,Messali,Rafik Messali,64,73,40,59,59,58,63,2026-08-12 11:55:15
277303,Mounsef,Bakrar,Mounsef Bakrar,63,59,67,38,56,25,59,2026-08-12 11:55:15
70014,Edhy,Zuliani,Edhy Zuliani,62,73,49,62,69,36,57,2026-08-12 11:55:15
266889,Noa,Cervantes,Noa Cervantes,62,68,56,61,65,44,47,2026-08-12 11:55:15
271244,Mehdi,Baaloudj,Mehdi Baaloudj,62,58,62,50,62,22,61,2026-08-12 11:55:15
74959,Yanis,Sellami,Yanis Sellami,61,56,51,65,66,45,46,2026-08-12 11:55:15
270340,Yuliwes,Bellache,Yuliwes Bellache,60,72,54,55,68,20,33,2026-08-12 11:55:15
278118,Stan,Berkani,Stan Berkani,57,62,39,56,59,54,49,2026-08-12 11:55:15
74644,Amine,Saïd,Amine Saïd,57,66,56,47,60,19,58,2026-08-12 11:55:15
245956,Christiane,Endler,Christiane Endler,88,88,82,84,89,42,89,2026-08-12 11:55:15
232073,Mallory,Swanson,Mallory Swanson,87,88,82,81,85,42,70,2026-08-12 11:55:15
232999,Tyler,Adams,Tyler Adams,79,79,56,71,75,79,75,2026-08-12 11:55:15
256769,Adrien,Truffert,Adrien Truffert,77,76,57,71,75,73,70,2026-08-12 11:55:15
237477,Marcus,Tavernier,Marcus Tavernier,76,75,74,73,78,60,64,2026-08-12 11:55:15
242577,Romain,Faivre,Romain Faivre,76,68,72,77,79,62,65,2026-08-12 11:55:15
261299,Alex,Scott,Alex Scott,74,71,62,73,79,65,68,2026-08-12 11:55:15
277909,Eli Junior,Kroupi,Eli Junior Kroupi,74,80,74,68,78,47,57,2026-08-12 11:55:15
190885,Adam,Smith,Adam Smith,73,60,59,70,70,73,68,2026-08-12 11:55:15
278928,Alejandro,Jiménez Sánchez,Alejandro Jiménez Sánchez,71,84,52,61,71,67,55,2026-08-12 11:55:15
248492,James,Hill,James Hill,71,66,39,59,62,71,72,2026-08-12 11:55:15
269796,Julio,Soler,Julio Soler,68,75,46,60,67,65,60,2026-08-12 11:55:15
243048,Will,Dennis,Will Dennis,67,70,65,63,69,33,66,2026-08-12 11:55:15
72026,Callan,McKenna,Callan McKenna,57,56,55,55,56,30,56,2026-08-12 11:55:15
271756,Matai,Akinmboni,Matai Akinmboni,55,54,25,36,38,56,60,2026-08-12 11:55:15
240097,Flynn,Downes,Flynn Downes,74,62,59,71,74,71,76,2026-08-12 11:55:15
252793,Taylor,Harwood-Bellis,Taylor Harwood-Bellis,74,65,36,62,66,74,76,2026-08-12 11:55:15
266422,Caspar,Jander,Caspar Jander,73,65,55,73,73,63,72,2026-08-12 11:55:15
221841,Adam,Armstrong,Adam Armstrong,73,76,74,66,73,35,68,2026-08-12 11:55:15
269964,Leonardo,Scienza,Leonardo Scienza,73,82,68,69,77,29,52,2026-08-12 11:55:15
264371,Tom,Fellows,Tom Fellows,72,83,64,69,72,46,63,2026-08-12 11:55:15
265993,Welington,Damascena Santos,Welington Damascena Santos,72,75,52,66,70,67,63,2026-08-12 11:55:15
258930,Cameron,Archer,Cameron Archer,72,82,71,59,73,25,65,2026-08-12 11:55:15
263953,Samuel,Edozie,Samuel Edozie,72,84,62,65,75,28,57,2026-08-12 11:55:15
202697,Jack,Stephens,Jack Stephens,72,42,42,61,64,73,70,2026-08-12 11:55:15
189324,Alex,McCarthy,Alex McCarthy,70,71,70,62,72,45,68,2026-08-12 11:55:15
258167,Ronnie,Edwards,Ronnie Edwards,70,69,35,53,61,70,74,2026-08-12 11:55:15
274944,Damion,Downs,Damion Downs,70,71,68,53,64,24,68,2026-08-12 11:55:15
272497,Joshua,Quarshie,Joshua Quarshie,69,81,33,48,52,68,76,2026-08-12 11:55:15
245153,Nathan,Wood,Nathan Wood,68,69,24,47,54,68,71,2026-08-12 11:55:15
202199,George,Long,George Long,66,68,66,66,68,31,64,2026-08-12 11:55:15
78184,Jay,Robinson,Jay Robinson,59,67,61,48,62,23,48,2026-08-12 11:55:15
220651,José Ángel,Esmoris Tasende,José Ángel Esmoris Tasende,79,69,70,81,80,74,69,2026-08-12 11:55:15
211515,Pierluigi,Gollini,Pierluigi Gollini,74,74,72,71,76,47,74,2026-08-12 11:55:15
258826,Devyne,Rensch,Devyne Rensch,74,74,56,67,71,72,66,2026-08-12 11:55:15
275291,Niccolò,Pisilli,Niccolò Pisilli,72,67,66,68,73,69,62,2026-08-12 11:55:15
233189,Devis,Vásquez,Devis Vásquez,72,72,68,71,75,38,70,2026-08-12 11:55:15
277695,Daniele,Ghilardi,Daniele Ghilardi,72,58,41,47,50,74,71,2026-08-12 11:55:15
276680,Jan,Ziółkowski,Jan Ziółkowski,65,62,28,44,46,64,67,2026-08-12 11:55:15
80045,Radoslaw,Zelezny,Radoslaw Zelezny,64,63,68,60,64,28,64,2026-08-12 11:55:15
279200,Aboubacar,Sangaré Traoré,Aboubacar Sangaré Traoré,63,63,44,56,62,61,51,2026-08-12 11:55:15
252794,Adrián,Bernabé García,Adrián Bernabé García,74,77,70,75,79,69,63,2026-08-12 11:55:15
269276,Gaetano,Oristanio,Gaetano Oristanio,74,85,72,69,77,51,64,2026-08-12 11:55:15
273884,Christian,Ordoñez,Christian Ordoñez,72,83,45,64,70,66,81,2026-08-12 11:55:15
240992,Nahuel,Estévez,Nahuel Estévez,71,68,70,73,73,66,64,2026-08-12 11:55:15
192840,Milan,Đurić,Milan Đurić,71,33,71,55,61,32,82,2026-08-12 11:55:15
272687,Benjamin,Cremaschi,Benjamin Cremaschi,68,74,57,64,72,58,58,2026-08-12 11:55:15
246164,Lautaro,Valenti,Lautaro Valenti,68,69,51,55,57,68,74,2026-08-12 11:55:15
263229,Mateo,Pellegrino,Mateo Pellegrino,67,55,67,49,62,30,71,2026-08-12 11:55:15
278436,Mariano,Troilo,Mariano Troilo,66,43,29,43,45,64,76,2026-08-12 11:55:15
264294,Mathias,Løvik,Mathias Løvik,65,81,39,57,64,60,65,2026-08-12 11:55:15
271385,Edoardo,Corvi,Edoardo Corvi,65,66,63,65,68,25,58,2026-08-12 11:55:15
278280,Filippo,Rinaldi,Filippo Rinaldi,62,61,62,62,65,22,56,2026-08-12 11:55:15
268914,Dario,Sits,Dario Sits,61,53,62,48,56,28,63,2026-08-12 11:55:15
75647,Sascha,Britschgi,Sascha Britschgi,52,67,27,31,47,49,56,2026-08-12 11:55:15
239323,Dennis,Eckert Ayensa,Dennis Eckert Ayensa,73,74,72,52,72,29,70,2026-08-12 11:55:15
238409,Marlon,Fossey,Marlon Fossey,71,86,47,64,70,65,73,2026-08-12 11:55:15
220782,Marco,Ilaimaharitra,Marco Ilaimaharitra,71,54,62,67,67,70,74,2026-08-12 11:55:15
231835,Thomas,Henry,Thomas Henry,71,47,73,64,64,39,80,2026-08-12 11:55:15
210739,Casper,Nielsen,Casper Nielsen,70,68,70,69,69,67,76,2026-08-12 11:55:15
248784,Timothé,Nkada,Timothé Nkada,70,84,72,56,69,24,65,2026-08-12 11:55:15
243887,Tobias,Mohr,Tobias Mohr,69,79,64,68,69,56,68,2026-08-12 11:55:15
257112,Rafiki,Saïd,Rafiki Saïd,69,85,66,59,73,25,65,2026-08-12 11:55:15
270700,Ibe,Hautekiet,Ibe Hautekiet,69,65,33,50,43,70,75,2026-08-12 11:55:15
222636,Grejohn,Kyei,Grejohn Kyei,68,60,66,54,67,27,78,2026-08-12 11:55:15
223957,Lucas,Pirard,Lucas Pirard,67,67,65,65,68,33,66,2026-08-12 11:55:15
262024,Nayel,Mehssatou,Nayel Mehssatou,67,74,46,61,68,61,54,2026-08-12 11:55:15
239011,Josué,Homawoo,Josué Homawoo,67,69,30,46,47,64,83,2026-08-12 11:55:15
215970,Boli,Bolingoli,Boli Bolingoli,65,76,57,59,67,59,71,2026-08-12 11:55:15
272776,Léandre,Kuavita,Léandre Kuavita,65,64,58,61,67,60,73,2026-08-12 11:55:15
263703,Henry,Lawrence,Henry Lawrence,65,76,45,57,63,64,70,2026-08-12 11:55:15
260586,Daan,Dierckx,Daan Dierckx,65,53,31,48,50,65,71,2026-08-12 11:55:15
279509,Hakim,Sahabo,Hakim Sahabo,63,67,45,58,60,60,59,2026-08-12 11:55:15
248694,Ibrahim,Karamoko,Ibrahim Karamoko,61,61,47,54,57,59,74,2026-08-12 11:55:15
262141,Alexandro,Calut,Alexandro Calut,60,68,29,52,58,56,60,2026-08-12 11:55:15
268519,Adnane,Abid,Adnane Abid,58,68,49,54,66,19,32,2026-08-12 11:55:15
257210,Matteo,Godfroid,Matteo Godfroid,52,48,50,52,52,20,55,2026-08-12 11:55:15
80817,James,Nam,James Nam,51,61,39,51,48,46,54,2026-08-12 11:55:15
220793,Davinson,Sánchez,Davinson Sánchez,82,82,58,63,73,82,88,2026-08-12 11:55:15
212811,Mario,Lemina,Mario Lemina,79,79,67,75,76,78,83,2026-08-12 11:55:15
251873,Yusuf,Demir,Yusuf Demir,67,79,59,61,76,19,47,2026-08-12 11:55:15
262607,Kazımcan,Karataş,Kazımcan Karataş,66,75,57,59,65,61,70,2026-08-12 11:55:15
278168,Eyüp,Aydın,Eyüp Aydın,66,66,54,67,67,61,67,2026-08-12 11:55:15
271368,Metehan,Baltacı,Metehan Baltacı,66,63,33,50,59,66,70,2026-08-12 11:55:15
271211,Jankat,Yılmaz,Jankat Yılmaz,64,66,63,58,68,26,65,2026-08-12 11:55:15
70253,Arda,Ünyay,Arda Ünyay,64,70,29,54,60,62,70,2026-08-12 11:55:15
237232,Batuhan,Şen,Batuhan Şen,64,64,63,62,66,24,63,2026-08-12 11:55:15
279882,Gökdeniz,Gürpüz,Gökdeniz Gürpüz,60,72,58,58,67,41,47,2026-08-12 11:55:15
247172,Jhon,Durán,Jhon Durán,79,81,81,63,75,32,80,2026-08-12 11:55:15
262968,Archie,Brown,Archie Brown,71,85,48,65,71,62,79,2026-08-12 11:55:15
260236,Nene,Dorgeles,Nene Dorgeles,71,87,72,64,76,38,54,2026-08-12 11:55:15
252799,Tarık,Çetin,Tarık Çetin,67,66,66,62,72,20,65,2026-08-12 11:55:15
260638,Bartuğ,Elmaz,Bartuğ Elmaz,66,60,56,66,68,61,58,2026-08-12 11:55:15
231352,Tammy,Abraham,Tammy Abraham,77,76,76,65,74,36,74,2026-08-12 11:55:15
229167,Milot,Rashica,Milot Rashica,76,86,75,72,77,57,73,2026-08-12 11:55:15
232144,Felix,Uduokhai,Felix Uduokhai,76,69,39,55,61,77,78,2026-08-12 11:55:15
255529,El Bilal,Touré,El Bilal Touré,73,77,72,61,72,23,66,2026-08-12 11:55:15
193945,Necip,Uysal,Necip Uysal,68,44,56,61,61,69,66,2026-08-12 11:55:15
72315,Taylan,Bulut,Taylan Bulut,67,82,49,59,61,62,69,2026-08-12 11:55:15
278999,Mustafa Erhan,Hekimoğlu,Mustafa Erhan Hekimoğlu,66,74,63,52,66,32,70,2026-08-12 11:55:15
258511,Emre,Bilgin,Emre Bilgin,64,68,63,58,67,33,65,2026-08-12 11:55:15
269836,Emrecan,Uzunhan,Emrecan Uzunhan,62,57,30,44,51,60,71,2026-08-12 11:55:15
70651,Kaio César,Andrade Lima,Kaio César Andrade Lima,73,86,60,65,80,33,44,2026-08-12 11:55:15
279000,Yusuf,Akçiçek,Yusuf Akçiçek,65,64,30,49,57,64,73,2026-08-12 11:55:15
275317,Mathieu,Patouillet,Mathieu Patouillet,64,65,61,57,67,19,62,2026-08-12 11:55:15
261357,Abdullah,Radif,Abdullah Radif,61,84,57,38,53,21,64,2026-08-12 11:55:15
275570,Suhayb,Al Zaid,Suhayb Al Zaid,57,68,47,57,59,51,55,2026-08-12 11:55:15
277487,Abdulkarim,Darisi,Abdulkarim Darisi,57,67,40,51,57,39,60,2026-08-12 11:55:15
78872,Abdulaziz,Hadhood,Abdulaziz Hadhood,53,67,45,49,53,52,61,2026-08-12 11:55:15
277063,Ahmed,Abo Rasain,Ahmed Abo Rasain,52,56,48,50,52,29,52,2026-08-12 11:55:15
