rating_id,player_id,pac,sho,pas,dri,def,phy,overall,source,source_detail,fetched_at,gk_div,gk_han,gk_kic,gk_pos,gk_ref,gk_spd
1,1,45,35,50,45,36,65,46,espn_derived,event=401862911,2026-08-12 10:06:22,,,,,,
2,2,60,40,55,54,75,75,60,espn_derived,event=401862911,2026-08-12 10:06:22,,,,,,
3,3,60,40,55,54,75,74,60,espn_derived,event=401862911,2026-08-12 10:06:22,,,,,,
4,4,60,55,60,64,55,64,60,espn_derived,event=401862911,2026-08-12 10:06:22,,,,,,
5,5,60,55,60,64,55,65,60,espn_derived,event=401862911,2026-08-12 10:06:22,,,,,,
6,6,65,63,70,86,55,65,67,espn_derived,event=401862911,2026-08-12 10:06:22,,,,,,
7,7,65,60,70,70,55,62,64,espn_derived,event=401862911,2026-08-12 10:06:22,,,,,,
8,8,65,60,70,74,55,64,65,espn_derived,event=401862911,2026-08-12 10:06:22,,,,,,
9,9,80,80,60,75,35,63,66,espn_derived,event=401862911,2026-08-12 10:06:22,,,,,,
10,10,65,60,70,74,55,65,65,espn_derived,event=401862911,2026-08-12 10:06:22,,,,,,
11,11,65,60,70,78,55,65,66,espn_derived,event=401862911,2026-08-12 10:06:22,,,,,,
12,12,80,80,60,75,35,65,66,espn_derived,event=401862911,2026-08-12 10:06:22,,,,,,
13,13,80,80,60,75,35,65,66,espn_derived,event=401862911,2026-08-12 10:06:22,,,,,,
14,14,80,80,60,75,35,65,66,espn_derived,event=401862911,2026-08-12 10:06:22,,,,,,
15,15,80,80,60,75,35,65,66,espn_derived,event=401862911,2026-08-12 10:06:22,,,,,,
16,16,80,80,60,75,35,65,66,espn_derived,event=401862911,2026-08-12 10:06:22,,,,,,
17,17,83,80,60,79,35,65,67,espn_derived,event=401862911,2026-08-12 10:06:22,,,,,,
18,18,80,80,60,75,35,65,66,espn_derived,event=401862911,2026-08-12 10:06:22,,,,,,
19,19,83,83,60,79,35,65,68,espn_derived,event=401862911,2026-08-12 10:06:22,,,,,,
20,20,83,80,60,75,35,63,66,espn_derived,event=401862911,2026-08-12 10:06:22,,,,,,
21,21,80,80,60,75,35,65,66,espn_derived,event=401862911,2026-08-12 10:06:22,,,,,,
22,22,83,80,60,75,35,65,66,espn_derived,event=401862911,2026-08-12 10:06:22,,,,,,
23,23,83,80,60,75,35,65,66,espn_derived,event=401862911,2026-08-12 10:06:22,,,,,,
24,24,45,35,50,45,38,65,46,espn_derived,event=401862911,2026-08-12 10:06:22,,,,,,
25,25,60,40,55,50,75,75,59,espn_derived,event=401862911,2026-08-12 10:06:22,,,,,,
26,26,60,40,55,58,75,75,60,espn_derived,event=401862911,2026-08-12 10:06:22,,,,,,
27,27,60,55,60,60,55,63,59,espn_derived,event=401862911,2026-08-12 10:06:22,,,,,,
28,28,60,55,60,60,55,64,59,espn_derived,event=401862911,2026-08-12 10:06:22,,,,,,
29,29,65,74,76,78,55,62,68,espn_derived,event=401862911,2026-08-12 10:06:22,,,,,,
30,30,65,71,70,82,55,64,68,espn_derived,event=401862911,2026-08-12 10:06:22,,,,,,
31,31,65,60,70,74,55,63,64,espn_derived,event=401862911,2026-08-12 10:06:22,,,,,,
32,32,80,80,60,75,35,65,66,espn_derived,event=401862911,2026-08-12 10:06:22,,,,,,
33,33,65,74,76,78,55,64,69,espn_derived,event=401862911,2026-08-12 10:06:22,,,,,,
34,34,65,63,76,78,55,63,67,espn_derived,event=401862911,2026-08-12 10:06:22,,,,,,
35,35,80,80,60,75,35,65,66,espn_derived,event=401862911,2026-08-12 10:06:22,,,,,,
36,36,83,80,60,75,35,65,66,espn_derived,event=401862911,2026-08-12 10:06:22,,,,,,
37,37,80,80,60,75,35,65,66,espn_derived,event=401862911,2026-08-12 10:06:22,,,,,,
38,38,80,80,60,75,35,65,66,espn_derived,event=401862911,2026-08-12 10:06:22,,,,,,
39,39,83,80,60,79,35,64,67,espn_derived,event=401862911,2026-08-12 10:06:22,,,,,,
40,40,83,80,60,75,35,65,66,espn_derived,event=401862911,2026-08-12 10:06:22,,,,,,
41,41,83,80,60,75,35,65,66,espn_derived,event=401862911,2026-08-12 10:06:22,,,,,,
42,42,80,80,60,75,35,65,66,espn_derived,event=401862911,2026-08-12 10:06:22,,,,,,
43,43,83,80,60,75,35,65,66,espn_derived,event=401862911,2026-08-12 10:06:22,,,,,,
44,44,80,80,60,75,35,65,66,espn_derived,event=401862911,2026-08-12 10:06:22,,,,,,
45,45,80,80,60,75,35,65,66,espn_derived,event=401862911,2026-08-12 10:06:22,,,,,,
46,46,80,80,60,75,35,65,66,espn_derived,event=401862911,2026-08-12 10:06:22,,,,,,
47,47,45,35,50,45,28,65,45,espn_derived,event=401862897,2026-08-12 10:06:49,,,,,,
48,48,60,40,55,54,75,75,60,espn_derived,event=401862897,2026-08-12 10:06:49,,,,,,
49,49,60,40,55,50,75,75,59,espn_derived,event=401862897,2026-08-12 10:06:49,,,,,,
50,50,60,55,60,64,55,62,59,espn_derived,event=401862897,2026-08-12 10:06:49,,,,,,
51,51,60,58,60,64,55,64,60,espn_derived,event=401862897,2026-08-12 10:06:49,,,,,,
52,52,65,60,70,74,55,65,65,espn_derived,event=401862897,2026-08-12 10:06:49,,,,,,
53,53,65,63,70,74,55,64,65,espn_derived,event=401862897,2026-08-12 10:06:49,,,,,,
54,54,65,60,70,98,55,64,69,espn_derived,event=401862897,2026-08-12 10:06:49,,,,,,
55,55,80,91,60,79,35,65,68,espn_derived,event=401862897,2026-08-12 10:06:49,,,,,,
56,56,80,80,60,79,35,64,66,espn_derived,event=401862897,2026-08-12 10:06:49,,,,,,
57,57,80,83,60,79,35,61,66,espn_derived,event=401862897,2026-08-12 10:06:49,,,,,,
58,58,83,80,60,75,35,65,66,espn_derived,event=401862897,2026-08-12 10:06:49,,,,,,
59,59,83,80,60,75,35,65,66,espn_derived,event=401862897,2026-08-12 10:06:49,,,,,,
60,60,80,80,60,75,35,65,66,espn_derived,event=401862897,2026-08-12 10:06:49,,,,,,
61,61,80,80,60,75,35,65,66,espn_derived,event=401862897,2026-08-12 10:06:49,,,,,,
62,62,83,80,60,79,35,65,67,espn_derived,event=401862897,2026-08-12 10:06:49,,,,,,
63,63,83,80,60,75,35,65,66,espn_derived,event=401862897,2026-08-12 10:06:49,,,,,,
64,64,80,80,60,75,35,65,66,espn_derived,event=401862897,2026-08-12 10:06:49,,,,,,
65,65,80,80,60,75,35,65,66,espn_derived,event=401862897,2026-08-12 10:06:49,,,,,,
66,66,80,80,60,75,35,65,66,espn_derived,event=401862897,2026-08-12 10:06:49,,,,,,
67,67,80,80,60,75,35,65,66,espn_derived,event=401862897,2026-08-12 10:06:49,,,,,,
68,68,80,80,60,75,35,65,66,espn_derived,event=401862897,2026-08-12 10:06:49,,,,,,
69,69,83,80,60,75,35,65,66,espn_derived,event=401862897,2026-08-12 10:06:49,,,,,,
70,70,45,35,50,45,40,65,47,espn_derived,event=401862897,2026-08-12 10:06:49,,,,,,
71,71,60,40,55,50,75,75,59,espn_derived,event=401862897,2026-08-12 10:06:49,,,,,,
72,72,60,40,55,54,75,75,60,espn_derived,event=401862897,2026-08-12 10:06:49,,,,,,
73,73,60,55,60,60,55,64,59,espn_derived,event=401862897,2026-08-12 10:06:49,,,,,,
74,74,60,55,60,60,55,64,59,espn_derived,event=401862897,2026-08-12 10:06:49,,,,,,
75,75,65,60,70,82,55,62,66,espn_derived,event=401862897,2026-08-12 10:06:49,,,,,,
76,76,65,60,70,70,55,64,64,espn_derived,event=401862897,2026-08-12 10:06:49,,,,,,
77,77,65,60,70,78,55,63,65,espn_derived,event=401862897,2026-08-12 10:06:49,,,,,,
78,78,80,91,60,79,35,65,68,espn_derived,event=401862897,2026-08-12 10:06:49,,,,,,
79,79,65,60,76,78,55,64,66,espn_derived,event=401862897,2026-08-12 10:06:49,,,,,,
80,80,65,60,70,70,55,65,64,espn_derived,event=401862897,2026-08-12 10:06:49,,,,,,
81,81,80,80,60,75,35,65,66,espn_derived,event=401862897,2026-08-12 10:06:49,,,,,,
82,82,83,80,60,75,35,64,66,espn_derived,event=401862897,2026-08-12 10:06:49,,,,,,
83,83,80,80,60,75,35,65,66,espn_derived,event=401862897,2026-08-12 10:06:49,,,,,,
84,84,80,80,60,75,35,65,66,espn_derived,event=401862897,2026-08-12 10:06:49,,,,,,
85,85,83,80,60,75,35,64,66,espn_derived,event=401862897,2026-08-12 10:06:49,,,,,,
86,86,83,80,60,83,35,65,68,espn_derived,event=401862897,2026-08-12 10:06:49,,,,,,
87,87,83,80,60,75,35,62,66,espn_derived,event=401862897,2026-08-12 10:06:49,,,,,,
88,88,83,80,60,75,35,65,66,espn_derived,event=401862897,2026-08-12 10:06:49,,,,,,
89,89,80,80,60,75,35,65,66,espn_derived,event=401862897,2026-08-12 10:06:49,,,,,,
90,90,80,80,60,75,35,65,66,espn_derived,event=401862897,2026-08-12 10:06:49,,,,,,
91,91,80,80,60,75,35,65,66,espn_derived,event=401862897,2026-08-12 10:06:49,,,,,,
92,92,83,80,60,75,35,65,66,espn_derived,event=401862897,2026-08-12 10:06:49,,,,,,
93,1,45,35,50,45,36,65,46,espn_derived,event=401862911,2026-08-12 10:06:49,,,,,,
94,2,60,40,55,54,75,75,60,espn_derived,event=401862911,2026-08-12 10:06:49,,,,,,
95,3,60,40,55,54,75,74,60,espn_derived,event=401862911,2026-08-12 10:06:49,,,,,,
96,4,60,55,60,64,55,64,60,espn_derived,event=401862911,2026-08-12 10:06:49,,,,,,
97,5,60,55,60,64,55,65,60,espn_derived,event=401862911,2026-08-12 10:06:49,,,,,,
98,6,65,63,70,86,55,65,67,espn_derived,event=401862911,2026-08-12 10:06:49,,,,,,
99,7,65,60,70,70,55,62,64,espn_derived,event=401862911,2026-08-12 10:06:49,,,,,,
100,8,65,60,70,74,55,64,65,espn_derived,event=401862911,2026-08-12 10:06:49,,,,,,
101,9,80,80,60,75,35,63,66,espn_derived,event=401862911,2026-08-12 10:06:49,,,,,,
102,10,65,60,70,74,55,65,65,espn_derived,event=401862911,2026-08-12 10:06:49,,,,,,
103,11,65,60,70,78,55,65,66,espn_derived,event=401862911,2026-08-12 10:06:49,,,,,,
104,12,80,80,60,75,35,65,66,espn_derived,event=401862911,2026-08-12 10:06:49,,,,,,
105,13,80,80,60,75,35,65,66,espn_derived,event=401862911,2026-08-12 10:06:49,,,,,,
106,14,80,80,60,75,35,65,66,espn_derived,event=401862911,2026-08-12 10:06:49,,,,,,
107,15,80,80,60,75,35,65,66,espn_derived,event=401862911,2026-08-12 10:06:49,,,,,,
108,16,80,80,60,75,35,65,66,espn_derived,event=401862911,2026-08-12 10:06:49,,,,,,
109,17,83,80,60,79,35,65,67,espn_derived,event=401862911,2026-08-12 10:06:49,,,,,,
110,18,80,80,60,75,35,65,66,espn_derived,event=401862911,2026-08-12 10:06:49,,,,,,
111,19,83,83,60,79,35,65,68,espn_derived,event=401862911,2026-08-12 10:06:49,,,,,,
112,20,83,80,60,75,35,63,66,espn_derived,event=401862911,2026-08-12 10:06:49,,,,,,
113,21,80,80,60,75,35,65,66,espn_derived,event=401862911,2026-08-12 10:06:49,,,,,,
114,22,83,80,60,75,35,65,66,espn_derived,event=401862911,2026-08-12 10:06:49,,,,,,
115,23,83,80,60,75,35,65,66,espn_derived,event=401862911,2026-08-12 10:06:49,,,,,,
116,24,45,35,50,45,38,65,46,espn_derived,event=401862911,2026-08-12 10:06:49,,,,,,
117,25,60,40,55,50,75,75,59,espn_derived,event=401862911,2026-08-12 10:06:49,,,,,,
118,26,60,40,55,58,75,75,60,espn_derived,event=401862911,2026-08-12 10:06:49,,,,,,
119,27,60,55,60,60,55,63,59,espn_derived,event=401862911,2026-08-12 10:06:49,,,,,,
120,28,60,55,60,60,55,64,59,espn_derived,event=401862911,2026-08-12 10:06:49,,,,,,
121,29,65,74,76,78,55,62,68,espn_derived,event=401862911,2026-08-12 10:06:49,,,,,,
122,30,65,71,70,82,55,64,68,espn_derived,event=401862911,2026-08-12 10:06:49,,,,,,
123,31,65,60,70,74,55,63,64,espn_derived,event=401862911,2026-08-12 10:06:49,,,,,,
124,32,80,80,60,75,35,65,66,espn_derived,event=401862911,2026-08-12 10:06:49,,,,,,
125,33,65,74,76,78,55,64,69,espn_derived,event=401862911,2026-08-12 10:06:49,,,,,,
126,34,65,63,76,78,55,63,67,espn_derived,event=401862911,2026-08-12 10:06:49,,,,,,
127,35,80,80,60,75,35,65,66,espn_derived,event=401862911,2026-08-12 10:06:49,,,,,,
128,36,83,80,60,75,35,65,66,espn_derived,event=401862911,2026-08-12 10:06:49,,,,,,
129,37,80,80,60,75,35,65,66,espn_derived,event=401862911,2026-08-12 10:06:49,,,,,,
130,38,80,80,60,75,35,65,66,espn_derived,event=401862911,2026-08-12 10:06:49,,,,,,
131,39,83,80,60,79,35,64,67,espn_derived,event=401862911,2026-08-12 10:06:49,,,,,,
132,40,83,80,60,75,35,65,66,espn_derived,event=401862911,2026-08-12 10:06:49,,,,,,
133,41,83,80,60,75,35,65,66,espn_derived,event=401862911,2026-08-12 10:06:49,,,,,,
134,42,80,80,60,75,35,65,66,espn_derived,event=401862911,2026-08-12 10:06:49,,,,,,
135,43,83,80,60,75,35,65,66,espn_derived,event=401862911,2026-08-12 10:06:49,,,,,,
136,44,80,80,60,75,35,65,66,espn_derived,event=401862911,2026-08-12 10:06:49,,,,,,
137,45,80,80,60,75,35,65,66,espn_derived,event=401862911,2026-08-12 10:06:49,,,,,,
138,46,80,80,60,75,35,65,66,espn_derived,event=401862911,2026-08-12 10:06:49,,,,,,
139,139,45,35,50,45,34,65,46,espn_derived,event=401862929,2026-08-12 10:06:50,,,,,,
140,140,60,40,55,50,75,73,59,espn_derived,event=401862929,2026-08-12 10:06:50,,,,,,
141,141,60,40,55,58,75,75,60,espn_derived,event=401862929,2026-08-12 10:06:50,,,,,,
142,142,60,40,55,50,75,72,59,espn_derived,event=401862929,2026-08-12 10:06:50,,,,,,
143,143,65,60,70,82,55,62,66,espn_derived,event=401862929,2026-08-12 10:06:50,,,,,,
144,144,65,63,70,74,55,64,65,espn_derived,event=401862929,2026-08-12 10:06:50,,,,,,
145,145,65,60,70,78,55,64,65,espn_derived,event=401862929,2026-08-12 10:06:50,,,,,,
146,146,65,60,70,74,55,62,64,espn_derived,event=401862929,2026-08-12 10:06:50,,,,,,
147,147,80,94,60,75,35,64,68,espn_derived,event=401862929,2026-08-12 10:06:50,,,,,,
148,148,80,80,60,83,35,64,67,espn_derived,event=401862929,2026-08-12 10:06:50,,,,,,
149,149,80,80,60,87,35,66,68,espn_derived,event=401862929,2026-08-12 10:06:50,,,,,,
150,150,83,80,60,79,35,64,67,espn_derived,event=401862929,2026-08-12 10:06:50,,,,,,
151,151,80,80,60,75,35,65,66,espn_derived,event=401862929,2026-08-12 10:06:50,,,,,,
152,152,80,80,60,75,35,65,66,espn_derived,event=401862929,2026-08-12 10:06:50,,,,,,
153,153,80,80,60,75,35,65,66,espn_derived,event=401862929,2026-08-12 10:06:50,,,,,,
154,154,80,80,60,75,35,65,66,espn_derived,event=401862929,2026-08-12 10:06:50,,,,,,
155,155,80,80,60,75,35,65,66,espn_derived,event=401862929,2026-08-12 10:06:50,,,,,,
156,156,80,80,60,75,35,65,66,espn_derived,event=401862929,2026-08-12 10:06:50,,,,,,
157,157,83,80,60,75,35,65,66,espn_derived,event=401862929,2026-08-12 10:06:50,,,,,,
158,158,80,80,60,75,35,65,66,espn_derived,event=401862929,2026-08-12 10:06:50,,,,,,
159,159,80,80,60,75,35,65,66,espn_derived,event=401862929,2026-08-12 10:06:50,,,,,,
160,160,80,80,60,75,35,65,66,espn_derived,event=401862929,2026-08-12 10:06:50,,,,,,
161,161,80,80,60,75,35,65,66,espn_derived,event=401862929,2026-08-12 10:06:50,,,,,,
162,162,45,35,50,45,36,65,46,espn_derived,event=401862929,2026-08-12 10:06:50,,,,,,
163,163,60,40,55,50,75,74,59,espn_derived,event=401862929,2026-08-12 10:06:50,,,,,,
164,164,60,40,55,54,75,74,60,espn_derived,event=401862929,2026-08-12 10:06:50,,,,,,
165,165,60,55,60,64,55,65,60,espn_derived,event=401862929,2026-08-12 10:06:50,,,,,,
166,166,60,55,60,64,55,63,60,espn_derived,event=401862929,2026-08-12 10:06:50,,,,,,
167,167,65,60,70,78,55,64,65,espn_derived,event=401862929,2026-08-12 10:06:50,,,,,,
168,168,65,60,70,78,55,64,65,espn_derived,event=401862929,2026-08-12 10:06:50,,,,,,
169,169,65,60,70,70,55,64,64,espn_derived,event=401862929,2026-08-12 10:06:50,,,,,,
170,170,80,83,60,83,35,63,67,espn_derived,event=401862929,2026-08-12 10:06:50,,,,,,
171,171,65,60,70,74,55,65,65,espn_derived,event=401862929,2026-08-12 10:06:50,,,,,,
172,172,65,60,70,74,55,64,65,espn_derived,event=401862929,2026-08-12 10:06:50,,,,,,
173,173,83,80,60,75,35,63,66,espn_derived,event=401862929,2026-08-12 10:06:50,,,,,,
174,174,80,80,60,75,35,65,66,espn_derived,event=401862929,2026-08-12 10:06:50,,,,,,
175,175,83,80,60,75,35,63,66,espn_derived,event=401862929,2026-08-12 10:06:50,,,,,,
176,176,83,80,60,79,35,65,67,espn_derived,event=401862929,2026-08-12 10:06:50,,,,,,
177,177,80,80,60,75,35,65,66,espn_derived,event=401862929,2026-08-12 10:06:50,,,,,,
178,178,83,80,60,79,35,65,67,espn_derived,event=401862929,2026-08-12 10:06:50,,,,,,
179,179,80,80,60,75,35,65,66,espn_derived,event=401862929,2026-08-12 10:06:50,,,,,,
180,180,83,80,60,79,35,65,67,espn_derived,event=401862929,2026-08-12 10:06:50,,,,,,
181,181,80,80,60,75,35,65,66,espn_derived,event=401862929,2026-08-12 10:06:50,,,,,,
182,182,80,80,60,75,35,65,66,espn_derived,event=401862929,2026-08-12 10:06:50,,,,,,
183,183,45,35,50,45,32,65,45,espn_derived,event=736963,2026-08-12 10:09:02,,,,,,
184,184,60,40,55,50,75,75,59,espn_derived,event=736963,2026-08-12 10:09:02,,,,,,
185,185,60,43,55,54,75,74,60,espn_derived,event=736963,2026-08-12 10:09:02,,,,,,
186,186,60,40,55,58,75,75,60,espn_derived,event=736963,2026-08-12 10:09:02,,,,,,
187,187,65,63,70,70,55,66,65,espn_derived,event=736963,2026-08-12 10:09:02,,,,,,
188,188,65,60,70,78,55,62,65,espn_derived,event=736963,2026-08-12 10:09:02,,,,,,
189,189,65,60,70,74,55,65,65,espn_derived,event=736963,2026-08-12 10:09:02,,,,,,
190,190,65,60,70,78,55,65,66,espn_derived,event=736963,2026-08-12 10:09:02,,,,,,
191,191,65,60,70,70,55,65,64,espn_derived,event=736963,2026-08-12 10:09:02,,,,,,
192,192,80,83,60,91,35,62,68,espn_derived,event=736963,2026-08-12 10:09:02,,,,,,
193,193,80,91,60,87,35,65,70,espn_derived,event=736963,2026-08-12 10:09:02,,,,,,
194,194,80,80,60,75,35,65,66,espn_derived,event=736963,2026-08-12 10:09:02,,,,,,
195,195,83,80,60,79,35,65,67,espn_derived,event=736963,2026-08-12 10:09:02,,,,,,
196,196,80,80,60,75,35,65,66,espn_derived,event=736963,2026-08-12 10:09:02,,,,,,
197,197,83,80,60,79,35,65,67,espn_derived,event=736963,2026-08-12 10:09:02,,,,,,
198,198,80,80,60,75,35,65,66,espn_derived,event=736963,2026-08-12 10:09:02,,,,,,
199,199,80,80,60,75,35,65,66,espn_derived,event=736963,2026-08-12 10:09:02,,,,,,
200,200,83,80,60,75,35,65,66,espn_derived,event=736963,2026-08-12 10:09:02,,,,,,
201,201,80,80,60,75,35,65,66,espn_derived,event=736963,2026-08-12 10:09:02,,,,,,
202,202,83,80,60,75,35,66,66,espn_derived,event=736963,2026-08-12 10:09:02,,,,,,
203,203,80,80,60,75,35,65,66,espn_derived,event=736963,2026-08-12 10:09:02,,,,,,
204,204,80,80,60,75,35,65,66,espn_derived,event=736963,2026-08-12 10:09:02,,,,,,
205,205,80,80,60,75,35,65,66,espn_derived,event=736963,2026-08-12 10:09:02,,,,,,
206,206,80,80,60,75,35,65,66,espn_derived,event=736963,2026-08-12 10:09:02,,,,,,
207,207,45,35,50,45,40,65,47,espn_derived,event=736963,2026-08-12 10:09:02,,,,,,
208,208,60,40,55,50,75,74,59,espn_derived,event=736963,2026-08-12 10:09:02,,,,,,
209,209,60,40,55,50,75,75,59,espn_derived,event=736963,2026-08-12 10:09:02,,,,,,
210,210,60,40,55,50,75,73,59,espn_derived,event=736963,2026-08-12 10:09:02,,,,,,
211,211,65,60,70,70,55,64,64,espn_derived,event=736963,2026-08-12 10:09:02,,,,,,
212,212,65,74,70,74,55,62,67,espn_derived,event=736963,2026-08-12 10:09:02,,,,,,
213,213,65,60,70,82,55,64,66,espn_derived,event=736963,2026-08-12 10:09:02,,,,,,
214,214,65,60,70,74,55,65,65,espn_derived,event=736963,2026-08-12 10:09:02,,,,,,
215,215,65,60,70,70,55,65,64,espn_derived,event=736963,2026-08-12 10:09:02,,,,,,
216,216,80,80,60,79,35,63,66,espn_derived,event=736963,2026-08-12 10:09:02,,,,,,
217,217,80,80,60,75,35,63,66,espn_derived,event=736963,2026-08-12 10:09:02,,,,,,
218,218,80,80,60,75,35,65,66,espn_derived,event=736963,2026-08-12 10:09:02,,,,,,
219,219,80,80,60,75,35,65,66,espn_derived,event=736963,2026-08-12 10:09:02,,,,,,
220,220,83,80,60,79,35,63,67,espn_derived,event=736963,2026-08-12 10:09:02,,,,,,
221,221,83,80,60,75,35,64,66,espn_derived,event=736963,2026-08-12 10:09:02,,,,,,
222,222,80,80,60,75,35,65,66,espn_derived,event=736963,2026-08-12 10:09:02,,,,,,
223,223,83,80,60,79,35,66,67,espn_derived,event=736963,2026-08-12 10:09:02,,,,,,
224,224,83,80,60,79,35,65,67,espn_derived,event=736963,2026-08-12 10:09:02,,,,,,
225,225,80,80,60,75,35,65,66,espn_derived,event=736963,2026-08-12 10:09:02,,,,,,
226,226,80,80,60,75,35,65,66,espn_derived,event=736963,2026-08-12 10:09:02,,,,,,
227,227,80,80,60,75,35,65,66,espn_derived,event=736963,2026-08-12 10:09:02,,,,,,
228,228,80,80,60,75,35,65,66,espn_derived,event=736963,2026-08-12 10:09:02,,,,,,
229,229,80,80,60,75,35,65,66,espn_derived,event=736963,2026-08-12 10:09:02,,,,,,
230,230,80,80,60,75,35,65,66,espn_derived,event=736963,2026-08-12 10:09:02,,,,,,
231,231,83,80,60,75,35,63,66,espn_derived,event=736963,2026-08-12 10:09:02,,,,,,
232,232,80,80,60,75,35,65,66,espn_derived,event=736963,2026-08-12 10:09:02,,,,,,
233,233,45,35,50,45,30,65,45,espn_derived,event=746577,2026-08-12 10:09:03,,,,,,
234,234,60,43,55,50,75,73,59,espn_derived,event=746577,2026-08-12 10:09:03,,,,,,
235,235,60,40,55,50,75,74,59,espn_derived,event=746577,2026-08-12 10:09:03,,,,,,
236,236,60,40,55,50,75,75,59,espn_derived,event=746577,2026-08-12 10:09:03,,,,,,
237,237,60,55,60,68,55,64,60,espn_derived,event=746577,2026-08-12 10:09:03,,,,,,
238,238,60,55,60,68,55,64,60,espn_derived,event=746577,2026-08-12 10:09:03,,,,,,
239,239,65,63,70,70,55,65,65,espn_derived,event=746577,2026-08-12 10:09:03,,,,,,
240,240,65,60,70,78,55,65,66,espn_derived,event=746577,2026-08-12 10:09:03,,,,,,
241,241,65,74,70,74,55,64,67,espn_derived,event=746577,2026-08-12 10:09:03,,,,,,
242,242,65,60,70,74,55,64,65,espn_derived,event=746577,2026-08-12 10:09:03,,,,,,
243,243,80,83,60,83,35,63,67,espn_derived,event=746577,2026-08-12 10:09:03,,,,,,
244,244,83,83,60,79,35,64,67,espn_derived,event=746577,2026-08-12 10:09:03,,,,,,
245,245,83,80,66,75,35,65,67,espn_derived,event=746577,2026-08-12 10:09:03,,,,,,
246,246,80,80,60,75,35,65,66,espn_derived,event=746577,2026-08-12 10:09:03,,,,,,
247,247,80,80,60,75,35,65,66,espn_derived,event=746577,2026-08-12 10:09:03,,,,,,
248,248,80,80,60,75,35,65,66,espn_derived,event=746577,2026-08-12 10:09:03,,,,,,
249,249,83,80,60,79,35,65,67,espn_derived,event=746577,2026-08-12 10:09:03,,,,,,
250,250,80,80,60,75,35,65,66,espn_derived,event=746577,2026-08-12 10:09:03,,,,,,
251,251,83,80,60,75,35,64,66,espn_derived,event=746577,2026-08-12 10:09:03,,,,,,
252,252,83,80,60,75,35,65,66,espn_derived,event=746577,2026-08-12 10:09:03,,,,,,
253,253,45,35,50,45,48,65,48,espn_derived,event=746577,2026-08-12 10:09:03,,,,,,
254,254,60,40,55,54,75,74,60,espn_derived,event=746577,2026-08-12 10:09:03,,,,,,
255,255,60,40,55,54,75,74,60,espn_derived,event=746577,2026-08-12 10:09:03,,,,,,
256,256,60,55,60,60,55,63,59,espn_derived,event=746577,2026-08-12 10:09:03,,,,,,
257,257,60,55,66,60,55,62,60,espn_derived,event=746577,2026-08-12 10:09:03,,,,,,
258,258,65,74,76,70,55,64,67,espn_derived,event=746577,2026-08-12 10:09:03,,,,,,
259,259,65,60,70,70,55,64,64,espn_derived,event=746577,2026-08-12 10:09:03,,,,,,
260,260,65,60,70,74,55,65,65,espn_derived,event=746577,2026-08-12 10:09:03,,,,,,
261,261,80,91,66,83,35,65,70,espn_derived,event=746577,2026-08-12 10:09:03,,,,,,
262,262,65,82,70,78,55,64,69,espn_derived,event=746577,2026-08-12 10:09:03,,,,,,
263,263,65,63,76,78,55,64,67,espn_derived,event=746577,2026-08-12 10:09:03,,,,,,
264,264,80,80,60,75,35,65,66,espn_derived,event=746577,2026-08-12 10:09:03,,,,,,
265,265,83,80,60,75,35,65,66,espn_derived,event=746577,2026-08-12 10:09:03,,,,,,
266,266,80,80,60,75,35,65,66,espn_derived,event=746577,2026-08-12 10:09:03,,,,,,
267,267,83,80,60,75,35,65,66,espn_derived,event=746577,2026-08-12 10:09:03,,,,,,
268,268,80,80,60,75,35,65,66,espn_derived,event=746577,2026-08-12 10:09:03,,,,,,
269,269,80,80,60,75,35,65,66,espn_derived,event=746577,2026-08-12 10:09:03,,,,,,
270,270,83,80,60,75,35,65,66,espn_derived,event=746577,2026-08-12 10:09:03,,,,,,
271,271,83,80,60,79,35,64,67,espn_derived,event=746577,2026-08-12 10:09:03,,,,,,
272,272,83,80,60,75,35,65,66,espn_derived,event=746577,2026-08-12 10:09:03,,,,,,
273,273,45,35,50,45,34,65,46,espn_derived,event=746935,2026-08-12 10:09:04,,,,,,
274,274,60,40,55,50,75,75,59,espn_derived,event=746935,2026-08-12 10:09:04,,,,,,
275,275,60,40,55,50,75,74,59,espn_derived,event=746935,2026-08-12 10:09:04,,,,,,
276,276,60,58,60,60,55,65,60,espn_derived,event=746935,2026-08-12 10:09:04,,,,,,
277,277,60,66,60,60,55,64,61,espn_derived,event=746935,2026-08-12 10:09:04,,,,,,
278,278,65,71,70,82,55,65,68,espn_derived,event=746935,2026-08-12 10:09:04,,,,,,
279,279,65,63,76,74,55,65,66,espn_derived,event=746935,2026-08-12 10:09:04,,,,,,
280,280,65,60,70,78,55,65,66,espn_derived,event=746935,2026-08-12 10:09:04,,,,,,
281,281,80,94,60,83,35,64,69,espn_derived,event=746935,2026-08-12 10:09:04,,,,,,
282,282,65,71,76,78,55,64,68,espn_derived,event=746935,2026-08-12 10:09:04,,,,,,
283,283,65,66,76,70,55,66,66,espn_derived,event=746935,2026-08-12 10:09:04,,,,,,
284,284,80,80,60,75,35,65,66,espn_derived,event=746935,2026-08-12 10:09:04,,,,,,
285,285,83,80,60,75,35,65,66,espn_derived,event=746935,2026-08-12 10:09:04,,,,,,
286,286,83,80,60,75,35,63,66,espn_derived,event=746935,2026-08-12 10:09:04,,,,,,
287,287,80,80,60,75,35,65,66,espn_derived,event=746935,2026-08-12 10:09:04,,,,,,
288,288,83,80,60,75,35,65,66,espn_derived,event=746935,2026-08-12 10:09:04,,,,,,
289,289,83,80,60,75,35,65,66,espn_derived,event=746935,2026-08-12 10:09:04,,,,,,
290,290,80,80,60,75,35,65,66,espn_derived,event=746935,2026-08-12 10:09:04,,,,,,
291,291,83,80,60,83,35,65,68,espn_derived,event=746935,2026-08-12 10:09:04,,,,,,
292,292,80,80,60,75,35,65,66,espn_derived,event=746935,2026-08-12 10:09:04,,,,,,
293,293,45,35,50,45,42,65,47,espn_derived,event=746935,2026-08-12 10:09:04,,,,,,
294,294,60,40,55,50,75,73,59,espn_derived,event=746935,2026-08-12 10:09:04,,,,,,
295,295,60,40,55,50,75,75,59,espn_derived,event=746935,2026-08-12 10:09:04,,,,,,
296,296,60,40,55,54,75,74,60,espn_derived,event=746935,2026-08-12 10:09:04,,,,,,
297,297,65,60,70,82,55,62,66,espn_derived,event=746935,2026-08-12 10:09:04,,,,,,
298,298,65,63,70,74,55,64,65,espn_derived,event=746935,2026-08-12 10:09:04,,,,,,
299,299,65,60,70,70,55,64,64,espn_derived,event=746935,2026-08-12 10:09:04,,,,,,
300,300,65,60,70,70,55,63,64,espn_derived,event=746935,2026-08-12 10:09:04,,,,,,
301,301,80,80,60,75,35,65,66,espn_derived,event=746935,2026-08-12 10:09:04,,,,,,
302,302,80,80,60,79,35,65,66,espn_derived,event=746935,2026-08-12 10:09:04,,,,,,
303,303,80,80,60,75,35,66,66,espn_derived,event=746935,2026-08-12 10:09:04,,,,,,
304,304,80,80,60,75,35,65,66,espn_derived,event=746935,2026-08-12 10:09:04,,,,,,
305,305,80,80,60,75,35,65,66,espn_derived,event=746935,2026-08-12 10:09:04,,,,,,
306,306,83,80,60,75,35,66,66,espn_derived,event=746935,2026-08-12 10:09:04,,,,,,
307,307,80,80,60,75,35,65,66,espn_derived,event=746935,2026-08-12 10:09:04,,,,,,
308,308,83,86,60,79,35,64,68,espn_derived,event=746935,2026-08-12 10:09:04,,,,,,
309,309,83,91,60,75,35,65,68,espn_derived,event=746935,2026-08-12 10:09:04,,,,,,
310,310,80,80,60,75,35,65,66,espn_derived,event=746935,2026-08-12 10:09:04,,,,,,
311,311,83,83,60,75,35,65,67,espn_derived,event=746935,2026-08-12 10:09:04,,,,,,
312,312,80,80,60,75,35,65,66,espn_derived,event=746935,2026-08-12 10:09:04,,,,,,
313,139,45,35,50,49,58,65,50,espn_derived,event=740860,2026-08-12 10:09:06,,,,,,
314,152,60,40,55,50,75,75,59,espn_derived,event=740860,2026-08-12 10:09:06,,,,,,
315,142,60,40,55,50,75,73,59,espn_derived,event=740860,2026-08-12 10:09:06,,,,,,
316,141,60,40,55,54,75,73,60,espn_derived,event=740860,2026-08-12 10:09:06,,,,,,
317,156,65,60,70,70,55,62,64,espn_derived,event=740860,2026-08-12 10:09:06,,,,,,
318,144,65,60,70,74,55,60,64,espn_derived,event=740860,2026-08-12 10:09:06,,,,,,
319,145,65,63,76,70,55,65,66,espn_derived,event=740860,2026-08-12 10:09:06,,,,,,
320,146,65,60,70,70,55,64,64,espn_derived,event=740860,2026-08-12 10:09:06,,,,,,
321,150,80,80,60,79,35,61,66,espn_derived,event=740860,2026-08-12 10:09:06,,,,,,
322,148,80,83,60,79,35,64,67,espn_derived,event=740860,2026-08-12 10:09:06,,,,,,
323,149,80,80,60,99,35,65,70,espn_derived,event=740860,2026-08-12 10:09:06,,,,,,
324,143,83,80,60,79,35,64,67,espn_derived,event=740860,2026-08-12 10:09:06,,,,,,
325,325,80,80,60,75,35,65,66,espn_derived,event=740860,2026-08-12 10:09:06,,,,,,
326,159,80,80,60,75,35,65,66,espn_derived,event=740860,2026-08-12 10:09:06,,,,,,
327,160,80,80,60,75,35,65,66,espn_derived,event=740860,2026-08-12 10:09:06,,,,,,
328,155,83,80,60,75,35,65,66,espn_derived,event=740860,2026-08-12 10:09:06,,,,,,
329,157,83,91,60,75,35,65,68,espn_derived,event=740860,2026-08-12 10:09:06,,,,,,
330,161,80,80,60,75,35,65,66,espn_derived,event=740860,2026-08-12 10:09:06,,,,,,
331,158,80,80,60,75,35,65,66,espn_derived,event=740860,2026-08-12 10:09:06,,,,,,
332,151,80,80,60,75,35,65,66,espn_derived,event=740860,2026-08-12 10:09:06,,,,,,
333,333,45,35,50,45,36,65,46,espn_derived,event=740860,2026-08-12 10:09:06,,,,,,
334,334,60,43,55,54,75,73,60,espn_derived,event=740860,2026-08-12 10:09:06,,,,,,
335,335,60,40,55,50,75,73,59,espn_derived,event=740860,2026-08-12 10:09:06,,,,,,
336,336,60,40,55,54,75,75,60,espn_derived,event=740860,2026-08-12 10:09:06,,,,,,
337,337,65,60,70,82,55,61,66,espn_derived,event=740860,2026-08-12 10:09:06,,,,,,
338,338,65,69,70,94,55,64,70,espn_derived,event=740860,2026-08-12 10:09:06,,,,,,
339,339,65,60,70,70,55,66,64,espn_derived,event=740860,2026-08-12 10:09:06,,,,,,
340,340,65,60,70,78,55,65,66,espn_derived,event=740860,2026-08-12 10:09:06,,,,,,
341,341,80,89,60,79,35,63,68,espn_derived,event=740860,2026-08-12 10:09:06,,,,,,
342,342,80,80,60,91,35,65,68,espn_derived,event=740860,2026-08-12 10:09:06,,,,,,
343,343,80,80,60,75,35,63,66,espn_derived,event=740860,2026-08-12 10:09:06,,,,,,
344,344,80,80,60,75,35,65,66,espn_derived,event=740860,2026-08-12 10:09:06,,,,,,
345,345,83,80,60,79,35,65,67,espn_derived,event=740860,2026-08-12 10:09:06,,,,,,
346,346,83,80,60,75,35,65,66,espn_derived,event=740860,2026-08-12 10:09:06,,,,,,
347,347,83,80,60,75,35,65,66,espn_derived,event=740860,2026-08-12 10:09:06,,,,,,
348,348,80,80,60,75,35,65,66,espn_derived,event=740860,2026-08-12 10:09:06,,,,,,
349,349,80,80,60,75,35,65,66,espn_derived,event=740860,2026-08-12 10:09:06,,,,,,
350,350,80,80,60,75,35,65,66,espn_derived,event=740860,2026-08-12 10:09:06,,,,,,
351,351,80,80,60,75,35,65,66,espn_derived,event=740860,2026-08-12 10:09:06,,,,,,
352,352,80,80,60,75,35,65,66,espn_derived,event=740860,2026-08-12 10:09:06,,,,,,
353,353,45,35,50,45,56,65,49,espn_derived,event=746574,2026-08-12 10:09:07,,,,,,
354,354,60,40,55,50,75,74,59,espn_derived,event=746574,2026-08-12 10:09:07,,,,,,
355,355,60,40,55,50,75,74,59,espn_derived,event=746574,2026-08-12 10:09:07,,,,,,
356,356,60,40,55,50,75,76,59,espn_derived,event=746574,2026-08-12 10:09:07,,,,,,
357,357,60,55,60,64,55,64,60,espn_derived,event=746574,2026-08-12 10:09:07,,,,,,
358,358,60,55,60,68,55,65,60,espn_derived,event=746574,2026-08-12 10:09:07,,,,,,
359,359,65,60,70,70,55,65,64,espn_derived,event=746574,2026-08-12 10:09:07,,,,,,
360,360,65,60,70,78,55,65,66,espn_derived,event=746574,2026-08-12 10:09:07,,,,,,
361,361,65,60,70,78,55,62,65,espn_derived,event=746574,2026-08-12 10:09:07,,,,,,
362,362,65,60,70,74,55,64,65,espn_derived,event=746574,2026-08-12 10:09:07,,,,,,
363,363,80,80,60,79,35,64,66,espn_derived,event=746574,2026-08-12 10:09:07,,,,,,
364,364,80,80,60,75,35,65,66,espn_derived,event=746574,2026-08-12 10:09:07,,,,,,
365,365,80,80,60,75,35,65,66,espn_derived,event=746574,2026-08-12 10:09:07,,,,,,
366,366,83,80,60,79,35,65,67,espn_derived,event=746574,2026-08-12 10:09:07,,,,,,
367,367,83,80,60,75,35,65,66,espn_derived,event=746574,2026-08-12 10:09:07,,,,,,
368,368,83,80,60,75,35,65,66,espn_derived,event=746574,2026-08-12 10:09:07,,,,,,
369,369,80,80,60,75,35,65,66,espn_derived,event=746574,2026-08-12 10:09:07,,,,,,
370,370,80,80,60,75,35,65,66,espn_derived,event=746574,2026-08-12 10:09:07,,,,,,
371,371,83,80,60,75,35,65,66,espn_derived,event=746574,2026-08-12 10:09:07,,,,,,
372,372,83,80,60,75,35,64,66,espn_derived,event=746574,2026-08-12 10:09:07,,,,,,
373,67,45,35,50,45,30,65,45,espn_derived,event=746574,2026-08-12 10:09:07,,,,,,
374,63,60,40,55,50,75,73,59,espn_derived,event=746574,2026-08-12 10:09:07,,,,,,
375,59,60,40,55,50,75,75,59,espn_derived,event=746574,2026-08-12 10:09:07,,,,,,
376,65,60,55,60,68,55,65,60,espn_derived,event=746574,2026-08-12 10:09:07,,,,,,
377,58,60,55,60,68,55,64,60,espn_derived,event=746574,2026-08-12 10:09:07,,,,,,
378,52,65,60,70,70,55,62,64,espn_derived,event=746574,2026-08-12 10:09:07,,,,,,
379,61,65,63,70,74,55,64,65,espn_derived,event=746574,2026-08-12 10:09:07,,,,,,
380,60,65,63,70,70,55,65,65,espn_derived,event=746574,2026-08-12 10:09:07,,,,,,
381,62,80,83,60,75,35,63,66,espn_derived,event=746574,2026-08-12 10:09:07,,,,,,
382,69,80,97,60,75,35,64,68,espn_derived,event=746574,2026-08-12 10:09:07,,,,,,
383,56,80,83,60,87,35,64,68,espn_derived,event=746574,2026-08-12 10:09:07,,,,,,
384,55,83,83,66,75,35,65,68,espn_derived,event=746574,2026-08-12 10:09:07,,,,,,
385,385,80,80,60,75,35,65,66,espn_derived,event=746574,2026-08-12 10:09:07,,,,,,
386,57,83,80,60,79,35,64,67,espn_derived,event=746574,2026-08-12 10:09:07,,,,,,
387,68,80,80,60,75,35,65,66,espn_derived,event=746574,2026-08-12 10:09:07,,,,,,
388,388,80,80,60,75,35,65,66,espn_derived,event=746574,2026-08-12 10:09:07,,,,,,
389,48,80,80,60,75,35,65,66,espn_derived,event=746574,2026-08-12 10:09:07,,,,,,
390,49,80,80,60,75,35,65,66,espn_derived,event=746574,2026-08-12 10:09:07,,,,,,
391,391,45,35,50,45,42,65,47,espn_derived,event=746606,2026-08-12 10:09:08,,,,,,
392,392,60,40,55,54,75,74,60,espn_derived,event=746606,2026-08-12 10:09:08,,,,,,
393,393,60,40,55,54,75,72,59,espn_derived,event=746606,2026-08-12 10:09:08,,,,,,
394,394,60,40,55,54,75,75,60,espn_derived,event=746606,2026-08-12 10:09:08,,,,,,
395,395,65,60,70,74,55,64,65,espn_derived,event=746606,2026-08-12 10:09:08,,,,,,
396,396,65,60,70,74,55,63,64,espn_derived,event=746606,2026-08-12 10:09:08,,,,,,
397,397,65,60,70,70,55,64,64,espn_derived,event=746606,2026-08-12 10:09:08,,,,,,
398,398,65,60,70,70,55,64,64,espn_derived,event=746606,2026-08-12 10:09:08,,,,,,
399,399,80,80,66,75,35,65,67,espn_derived,event=746606,2026-08-12 10:09:08,,,,,,
400,400,80,91,60,83,35,62,68,espn_derived,event=746606,2026-08-12 10:09:08,,,,,,
401,401,80,91,60,83,35,62,68,espn_derived,event=746606,2026-08-12 10:09:08,,,,,,
402,402,83,80,60,75,35,64,66,espn_derived,event=746606,2026-08-12 10:09:08,,,,,,
403,403,83,80,60,75,35,65,66,espn_derived,event=746606,2026-08-12 10:09:08,,,,,,
404,404,80,80,60,75,35,65,66,espn_derived,event=746606,2026-08-12 10:09:08,,,,,,
405,405,83,80,60,75,35,65,66,espn_derived,event=746606,2026-08-12 10:09:08,,,,,,
406,406,80,80,60,75,35,65,66,espn_derived,event=746606,2026-08-12 10:09:08,,,,,,
407,407,80,80,60,75,35,65,66,espn_derived,event=746606,2026-08-12 10:09:08,,,,,,
408,408,80,80,60,75,35,65,66,espn_derived,event=746606,2026-08-12 10:09:08,,,,,,
409,409,80,80,60,75,35,65,66,espn_derived,event=746606,2026-08-12 10:09:08,,,,,,
410,410,80,80,60,75,35,65,66,espn_derived,event=746606,2026-08-12 10:09:08,,,,,,
411,411,45,35,50,45,26,65,44,espn_derived,event=746606,2026-08-12 10:09:08,,,,,,
412,412,60,40,55,50,75,75,59,espn_derived,event=746606,2026-08-12 10:09:08,,,,,,
413,413,60,40,55,62,75,74,61,espn_derived,event=746606,2026-08-12 10:09:08,,,,,,
414,414,60,55,60,68,55,65,60,espn_derived,event=746606,2026-08-12 10:09:08,,,,,,
415,415,60,55,60,72,55,65,61,espn_derived,event=746606,2026-08-12 10:09:08,,,,,,
416,416,65,63,70,74,55,63,65,espn_derived,event=746606,2026-08-12 10:09:08,,,,,,
417,417,65,60,70,78,55,64,65,espn_derived,event=746606,2026-08-12 10:09:08,,,,,,
418,418,65,60,70,70,55,62,64,espn_derived,event=746606,2026-08-12 10:09:08,,,,,,
419,419,80,80,60,75,35,65,66,espn_derived,event=746606,2026-08-12 10:09:08,,,,,,
420,420,65,66,70,74,55,63,66,espn_derived,event=746606,2026-08-12 10:09:08,,,,,,
421,421,65,60,70,78,55,63,65,espn_derived,event=746606,2026-08-12 10:09:08,,,,,,
422,422,80,80,60,75,35,65,66,espn_derived,event=746606,2026-08-12 10:09:08,,,,,,
423,423,83,80,60,75,35,65,66,espn_derived,event=746606,2026-08-12 10:09:08,,,,,,
424,424,80,80,60,75,35,65,66,espn_derived,event=746606,2026-08-12 10:09:08,,,,,,
425,425,83,80,60,75,35,65,66,espn_derived,event=746606,2026-08-12 10:09:08,,,,,,
426,426,83,80,60,75,35,65,66,espn_derived,event=746606,2026-08-12 10:09:08,,,,,,
427,427,80,80,60,75,35,65,66,espn_derived,event=746606,2026-08-12 10:09:08,,,,,,
428,428,80,80,60,75,35,65,66,espn_derived,event=746606,2026-08-12 10:09:08,,,,,,
429,429,83,80,60,75,35,64,66,espn_derived,event=746606,2026-08-12 10:09:08,,,,,,
430,430,83,80,60,75,35,65,66,espn_derived,event=746606,2026-08-12 10:09:08,,,,,,
431,431,45,35,50,45,42,65,47,espn_derived,event=401858761,2026-08-12 10:09:09,,,,,,
432,432,60,40,55,54,75,72,59,espn_derived,event=401858761,2026-08-12 10:09:09,,,,,,
433,433,60,40,55,58,75,74,60,espn_derived,event=401858761,2026-08-12 10:09:09,,,,,,
434,434,60,40,55,50,75,74,59,espn_derived,event=401858761,2026-08-12 10:09:09,,,,,,
435,435,65,60,70,78,55,65,66,espn_derived,event=401858761,2026-08-12 10:09:09,,,,,,
436,436,65,60,70,70,55,65,64,espn_derived,event=401858761,2026-08-12 10:09:09,,,,,,
437,437,65,60,70,78,55,65,66,espn_derived,event=401858761,2026-08-12 10:09:09,,,,,,
438,438,65,60,76,74,55,65,66,espn_derived,event=401858761,2026-08-12 10:09:09,,,,,,
439,439,80,91,66,83,35,64,70,espn_derived,event=401858761,2026-08-12 10:09:09,,,,,,
440,440,80,80,60,75,35,65,66,espn_derived,event=401858761,2026-08-12 10:09:09,,,,,,
441,441,80,91,60,75,35,63,67,espn_derived,event=401858761,2026-08-12 10:09:09,,,,,,
442,442,80,80,60,75,35,65,66,espn_derived,event=401858761,2026-08-12 10:09:09,,,,,,
443,443,83,80,60,75,35,64,66,espn_derived,event=401858761,2026-08-12 10:09:09,,,,,,
444,444,83,80,60,75,35,65,66,espn_derived,event=401858761,2026-08-12 10:09:09,,,,,,
445,445,80,80,60,75,35,65,66,espn_derived,event=401858761,2026-08-12 10:09:09,,,,,,
446,446,80,80,60,75,35,65,66,espn_derived,event=401858761,2026-08-12 10:09:09,,,,,,
447,447,80,80,60,75,35,65,66,espn_derived,event=401858761,2026-08-12 10:09:09,,,,,,
448,448,80,80,60,75,35,65,66,espn_derived,event=401858761,2026-08-12 10:09:09,,,,,,
449,449,80,80,60,75,35,65,66,espn_derived,event=401858761,2026-08-12 10:09:09,,,,,,
450,450,80,80,60,75,35,65,66,espn_derived,event=401858761,2026-08-12 10:09:09,,,,,,
451,451,80,80,60,75,35,65,66,espn_derived,event=401858761,2026-08-12 10:09:09,,,,,,
452,452,83,80,60,79,35,64,67,espn_derived,event=401858761,2026-08-12 10:09:09,,,,,,
453,453,83,80,60,75,35,65,66,espn_derived,event=401858761,2026-08-12 10:09:09,,,,,,
454,454,45,35,50,49,26,65,45,espn_derived,event=401858761,2026-08-12 10:09:09,,,,,,
455,455,60,40,55,50,75,75,59,espn_derived,event=401858761,2026-08-12 10:09:09,,,,,,
456,456,60,40,55,54,75,75,60,espn_derived,event=401858761,2026-08-12 10:09:09,,,,,,
457,457,60,40,55,58,75,73,60,espn_derived,event=401858761,2026-08-12 10:09:09,,,,,,
458,458,65,63,70,74,55,64,65,espn_derived,event=401858761,2026-08-12 10:09:09,,,,,,
459,459,65,60,70,70,55,63,64,espn_derived,event=401858761,2026-08-12 10:09:09,,,,,,
460,460,65,60,70,70,55,65,64,espn_derived,event=401858761,2026-08-12 10:09:09,,,,,,
461,461,65,60,70,74,55,64,65,espn_derived,event=401858761,2026-08-12 10:09:09,,,,,,
462,462,80,80,60,75,35,63,66,espn_derived,event=401858761,2026-08-12 10:09:09,,,,,,
463,463,80,80,60,87,35,65,68,espn_derived,event=401858761,2026-08-12 10:09:09,,,,,,
464,464,80,80,60,75,35,63,66,espn_derived,event=401858761,2026-08-12 10:09:09,,,,,,
465,465,83,80,60,75,35,65,66,espn_derived,event=401858761,2026-08-12 10:09:09,,,,,,
466,466,83,83,60,79,35,63,67,espn_derived,event=401858761,2026-08-12 10:09:09,,,,,,
467,467,80,80,60,75,35,65,66,espn_derived,event=401858761,2026-08-12 10:09:09,,,,,,
468,468,83,83,60,75,35,65,67,espn_derived,event=401858761,2026-08-12 10:09:09,,,,,,
469,469,80,80,60,75,35,65,66,espn_derived,event=401858761,2026-08-12 10:09:09,,,,,,
470,470,80,80,60,75,35,65,66,espn_derived,event=401858761,2026-08-12 10:09:09,,,,,,
471,471,83,80,60,75,35,65,66,espn_derived,event=401858761,2026-08-12 10:09:09,,,,,,
472,472,80,80,60,75,35,65,66,espn_derived,event=401858761,2026-08-12 10:09:09,,,,,,
473,473,83,80,60,75,35,65,66,espn_derived,event=401858761,2026-08-12 10:09:09,,,,,,
474,474,80,80,60,75,35,65,66,espn_derived,event=401858761,2026-08-12 10:09:09,,,,,,
475,475,80,80,60,75,35,65,66,espn_derived,event=401858761,2026-08-12 10:09:09,,,,,,
476,476,80,80,60,75,35,65,66,espn_derived,event=401858761,2026-08-12 10:09:09,,,,,,
477,477,45,35,50,45,38,65,46,espn_derived,event=757905,2026-08-12 10:09:09,,,,,,
478,478,60,40,55,54,75,75,60,espn_derived,event=757905,2026-08-12 10:09:09,,,,,,
479,479,60,40,55,50,75,75,59,espn_derived,event=757905,2026-08-12 10:09:09,,,,,,
480,480,60,55,60,60,55,65,59,espn_derived,event=757905,2026-08-12 10:09:09,,,,,,
481,481,60,55,60,60,55,65,59,espn_derived,event=757905,2026-08-12 10:09:09,,,,,,
482,482,65,60,70,70,55,63,64,espn_derived,event=757905,2026-08-12 10:09:09,,,,,,
483,483,65,60,70,74,55,63,64,espn_derived,event=757905,2026-08-12 10:09:09,,,,,,
484,484,65,60,70,70,55,62,64,espn_derived,event=757905,2026-08-12 10:09:09,,,,,,
485,485,80,94,66,91,35,67,72,espn_derived,event=757905,2026-08-12 10:09:09,,,,,,
486,486,65,63,70,74,55,65,65,espn_derived,event=757905,2026-08-12 10:09:09,,,,,,
487,487,65,71,70,74,55,63,66,espn_derived,event=757905,2026-08-12 10:09:09,,,,,,
488,488,83,80,60,75,35,65,66,espn_derived,event=757905,2026-08-12 10:09:09,,,,,,
489,489,80,80,60,75,35,65,66,espn_derived,event=757905,2026-08-12 10:09:09,,,,,,
490,490,80,80,60,75,35,65,66,espn_derived,event=757905,2026-08-12 10:09:09,,,,,,
491,491,80,80,60,75,35,65,66,espn_derived,event=757905,2026-08-12 10:09:09,,,,,,
492,492,83,80,60,79,35,63,67,espn_derived,event=757905,2026-08-12 10:09:09,,,,,,
493,493,80,80,60,75,35,65,66,espn_derived,event=757905,2026-08-12 10:09:09,,,,,,
494,494,83,80,60,75,35,65,66,espn_derived,event=757905,2026-08-12 10:09:09,,,,,,
495,495,83,80,60,75,35,66,66,espn_derived,event=757905,2026-08-12 10:09:09,,,,,,
496,496,80,80,60,75,35,65,66,espn_derived,event=757905,2026-08-12 10:09:09,,,,,,
497,497,80,80,60,75,35,65,66,espn_derived,event=757905,2026-08-12 10:09:09,,,,,,
498,498,80,80,60,75,35,65,66,espn_derived,event=757905,2026-08-12 10:09:09,,,,,,
499,499,80,80,60,75,35,65,66,espn_derived,event=757905,2026-08-12 10:09:09,,,,,,
500,500,45,35,50,45,34,65,46,espn_derived,event=757905,2026-08-12 10:09:09,,,,,,
501,501,60,40,55,50,75,73,59,espn_derived,event=757905,2026-08-12 10:09:09,,,,,,
502,502,60,40,55,58,75,74,60,espn_derived,event=757905,2026-08-12 10:09:09,,,,,,
503,503,60,55,60,68,55,65,60,espn_derived,event=757905,2026-08-12 10:09:09,,,,,,
504,504,60,58,60,60,55,65,60,espn_derived,event=757905,2026-08-12 10:09:09,,,,,,
505,505,65,60,70,70,55,64,64,espn_derived,event=757905,2026-08-12 10:09:09,,,,,,
506,506,65,60,70,70,55,64,64,espn_derived,event=757905,2026-08-12 10:09:09,,,,,,
507,507,65,60,70,94,55,63,68,espn_derived,event=757905,2026-08-12 10:09:09,,,,,,
508,508,80,80,60,79,35,65,66,espn_derived,event=757905,2026-08-12 10:09:09,,,,,,
509,509,80,83,60,79,35,64,67,espn_derived,event=757905,2026-08-12 10:09:09,,,,,,
510,510,80,80,60,75,35,66,66,espn_derived,event=757905,2026-08-12 10:09:09,,,,,,
511,511,80,80,60,75,35,65,66,espn_derived,event=757905,2026-08-12 10:09:09,,,,,,
512,512,80,80,60,75,35,65,66,espn_derived,event=757905,2026-08-12 10:09:09,,,,,,
513,513,83,80,60,75,35,64,66,espn_derived,event=757905,2026-08-12 10:09:09,,,,,,
514,514,80,80,60,75,35,65,66,espn_derived,event=757905,2026-08-12 10:09:09,,,,,,
515,515,83,80,60,79,35,64,67,espn_derived,event=757905,2026-08-12 10:09:09,,,,,,
516,516,83,80,60,75,35,65,66,espn_derived,event=757905,2026-08-12 10:09:09,,,,,,
517,517,80,80,60,75,35,65,66,espn_derived,event=757905,2026-08-12 10:09:09,,,,,,
518,518,83,80,60,79,35,65,67,espn_derived,event=757905,2026-08-12 10:09:09,,,,,,
519,519,80,80,60,75,35,65,66,espn_derived,event=757905,2026-08-12 10:09:09,,,,,,
520,520,83,80,60,75,35,66,66,espn_derived,event=757905,2026-08-12 10:09:09,,,,,,
521,521,80,80,60,75,35,65,66,espn_derived,event=757905,2026-08-12 10:09:09,,,,,,
522,522,80,80,60,75,35,65,66,espn_derived,event=757905,2026-08-12 10:09:09,,,,,,
523,523,45,35,50,49,42,65,48,espn_derived,event=401843330,2026-08-12 10:09:10,,,,,,
524,524,60,40,55,58,75,73,60,espn_derived,event=401843330,2026-08-12 10:09:10,,,,,,
525,525,60,40,55,50,75,74,59,espn_derived,event=401843330,2026-08-12 10:09:10,,,,,,
526,526,60,40,55,54,75,74,60,espn_derived,event=401843330,2026-08-12 10:09:10,,,,,,
527,527,65,63,70,78,55,65,66,espn_derived,event=401843330,2026-08-12 10:09:10,,,,,,
528,528,65,60,70,70,55,64,64,espn_derived,event=401843330,2026-08-12 10:09:10,,,,,,
529,529,65,60,70,74,55,65,65,espn_derived,event=401843330,2026-08-12 10:09:10,,,,,,
530,530,65,60,70,74,55,65,65,espn_derived,event=401843330,2026-08-12 10:09:10,,,,,,
531,531,80,83,60,79,35,62,66,espn_derived,event=401843330,2026-08-12 10:09:10,,,,,,
532,532,80,80,60,95,35,65,69,espn_derived,event=401843330,2026-08-12 10:09:10,,,,,,
533,533,80,86,60,75,35,65,67,espn_derived,event=401843330,2026-08-12 10:09:10,,,,,,
534,534,80,80,60,75,35,65,66,espn_derived,event=401843330,2026-08-12 10:09:10,,,,,,
535,535,80,80,60,75,35,65,66,espn_derived,event=401843330,2026-08-12 10:09:10,,,,,,
536,536,83,83,60,75,35,65,67,espn_derived,event=401843330,2026-08-12 10:09:10,,,,,,
537,537,80,80,60,75,35,65,66,espn_derived,event=401843330,2026-08-12 10:09:10,,,,,,
538,538,80,80,60,75,35,65,66,espn_derived,event=401843330,2026-08-12 10:09:10,,,,,,
539,539,80,80,60,75,35,65,66,espn_derived,event=401843330,2026-08-12 10:09:10,,,,,,
540,540,83,80,60,75,35,65,66,espn_derived,event=401843330,2026-08-12 10:09:10,,,,,,
541,541,83,94,60,75,35,64,68,espn_derived,event=401843330,2026-08-12 10:09:10,,,,,,
542,542,83,80,60,79,35,65,67,espn_derived,event=401843330,2026-08-12 10:09:10,,,,,,
543,543,45,35,50,45,52,65,49,espn_derived,event=401843330,2026-08-12 10:09:10,,,,,,
544,544,60,40,55,54,75,75,60,espn_derived,event=401843330,2026-08-12 10:09:10,,,,,,
545,545,60,40,55,54,75,75,60,espn_derived,event=401843330,2026-08-12 10:09:10,,,,,,
546,546,60,40,55,54,75,73,60,espn_derived,event=401843330,2026-08-12 10:09:10,,,,,,
547,547,60,55,60,60,55,65,59,espn_derived,event=401843330,2026-08-12 10:09:10,,,,,,
548,548,60,55,60,60,55,62,59,espn_derived,event=401843330,2026-08-12 10:09:10,,,,,,
549,549,65,60,70,70,55,64,64,espn_derived,event=401843330,2026-08-12 10:09:10,,,,,,
550,550,65,60,70,70,55,65,64,espn_derived,event=401843330,2026-08-12 10:09:10,,,,,,
551,551,65,63,70,74,55,63,65,espn_derived,event=401843330,2026-08-12 10:09:10,,,,,,
552,552,80,83,60,87,35,64,68,espn_derived,event=401843330,2026-08-12 10:09:10,,,,,,
553,553,80,80,60,79,35,65,66,espn_derived,event=401843330,2026-08-12 10:09:10,,,,,,
554,554,83,80,60,75,35,65,66,espn_derived,event=401843330,2026-08-12 10:09:10,,,,,,
555,555,80,80,60,75,35,65,66,espn_derived,event=401843330,2026-08-12 10:09:10,,,,,,
556,556,83,80,60,75,35,65,66,espn_derived,event=401843330,2026-08-12 10:09:10,,,,,,
557,557,80,80,60,75,35,65,66,espn_derived,event=401843330,2026-08-12 10:09:10,,,,,,
558,558,80,80,60,75,35,65,66,espn_derived,event=401843330,2026-08-12 10:09:10,,,,,,
559,559,83,83,60,75,35,65,67,espn_derived,event=401843330,2026-08-12 10:09:10,,,,,,
560,560,83,80,60,75,35,62,66,espn_derived,event=401843330,2026-08-12 10:09:10,,,,,,
561,561,83,80,60,79,35,62,66,espn_derived,event=401843330,2026-08-12 10:09:10,,,,,,
562,562,45,35,50,45,46,65,48,espn_derived,event=740784,2026-08-12 10:09:10,,,,,,
563,563,60,40,55,50,75,74,59,espn_derived,event=740784,2026-08-12 10:09:10,,,,,,
564,564,60,40,55,50,75,75,59,espn_derived,event=740784,2026-08-12 10:09:10,,,,,,
565,565,60,55,60,68,55,64,60,espn_derived,event=740784,2026-08-12 10:09:10,,,,,,
566,566,60,55,60,60,55,62,59,espn_derived,event=740784,2026-08-12 10:09:10,,,,,,
567,567,65,60,70,74,55,65,65,espn_derived,event=740784,2026-08-12 10:09:10,,,,,,
568,568,65,60,70,74,55,65,65,espn_derived,event=740784,2026-08-12 10:09:10,,,,,,
569,569,65,60,70,70,55,65,64,espn_derived,event=740784,2026-08-12 10:09:10,,,,,,
570,570,80,83,60,75,35,65,66,espn_derived,event=740784,2026-08-12 10:09:10,,,,,,
571,571,65,63,70,70,55,61,64,espn_derived,event=740784,2026-08-12 10:09:10,,,,,,
572,572,65,63,70,78,55,65,66,espn_derived,event=740784,2026-08-12 10:09:10,,,,,,
573,573,80,80,60,75,35,65,66,espn_derived,event=740784,2026-08-12 10:09:10,,,,,,
574,574,80,80,60,75,35,65,66,espn_derived,event=740784,2026-08-12 10:09:10,,,,,,
575,575,80,80,60,75,35,65,66,espn_derived,event=740784,2026-08-12 10:09:10,,,,,,
576,576,80,80,60,75,35,65,66,espn_derived,event=740784,2026-08-12 10:09:10,,,,,,
577,577,80,80,60,75,35,65,66,espn_derived,event=740784,2026-08-12 10:09:10,,,,,,
578,578,83,80,60,75,35,65,66,espn_derived,event=740784,2026-08-12 10:09:10,,,,,,
579,579,80,80,60,75,35,65,66,espn_derived,event=740784,2026-08-12 10:09:10,,,,,,
580,580,80,80,60,75,35,65,66,espn_derived,event=740784,2026-08-12 10:09:10,,,,,,
581,581,83,83,60,75,35,65,67,espn_derived,event=740784,2026-08-12 10:09:10,,,,,,
582,582,45,35,50,45,46,65,48,espn_derived,event=740784,2026-08-12 10:09:10,,,,,,
583,583,60,40,55,58,75,74,60,espn_derived,event=740784,2026-08-12 10:09:10,,,,,,
584,584,60,40,55,50,75,75,59,espn_derived,event=740784,2026-08-12 10:09:10,,,,,,
585,585,60,55,60,60,55,65,59,espn_derived,event=740784,2026-08-12 10:09:10,,,,,,
586,586,60,55,60,64,55,65,60,espn_derived,event=740784,2026-08-12 10:09:10,,,,,,
587,587,65,60,70,70,55,65,64,espn_derived,event=740784,2026-08-12 10:09:10,,,,,,
588,588,65,60,70,74,55,65,65,espn_derived,event=740784,2026-08-12 10:09:10,,,,,,
589,589,65,60,70,74,55,64,65,espn_derived,event=740784,2026-08-12 10:09:10,,,,,,
590,590,80,83,60,79,35,64,67,espn_derived,event=740784,2026-08-12 10:09:10,,,,,,
591,591,80,83,60,75,35,65,66,espn_derived,event=740784,2026-08-12 10:09:10,,,,,,
592,592,80,80,60,83,35,64,67,espn_derived,event=740784,2026-08-12 10:09:10,,,,,,
593,593,83,83,60,75,35,65,67,espn_derived,event=740784,2026-08-12 10:09:10,,,,,,
594,594,80,80,60,75,35,65,66,espn_derived,event=740784,2026-08-12 10:09:10,,,,,,
595,595,80,80,60,75,35,65,66,espn_derived,event=740784,2026-08-12 10:09:10,,,,,,
596,596,80,80,60,75,35,65,66,espn_derived,event=740784,2026-08-12 10:09:10,,,,,,
597,597,83,83,60,75,35,64,67,espn_derived,event=740784,2026-08-12 10:09:10,,,,,,
598,598,83,80,60,75,35,65,66,espn_derived,event=740784,2026-08-12 10:09:10,,,,,,
599,599,80,80,60,75,35,65,66,espn_derived,event=740784,2026-08-12 10:09:10,,,,,,
600,600,80,80,60,75,35,65,66,espn_derived,event=740784,2026-08-12 10:09:10,,,,,,
601,601,83,80,60,79,35,65,67,espn_derived,event=740784,2026-08-12 10:09:10,,,,,,
602,602,45,35,50,45,42,65,47,espn_derived,event=737008,2026-08-12 10:09:11,,,,,,
603,603,60,40,55,50,75,72,59,espn_derived,event=737008,2026-08-12 10:09:11,,,,,,
604,604,60,40,55,50,75,75,59,espn_derived,event=737008,2026-08-12 10:09:11,,,,,,
605,605,60,40,55,54,75,75,60,espn_derived,event=737008,2026-08-12 10:09:11,,,,,,
606,606,65,60,70,70,55,63,64,espn_derived,event=737008,2026-08-12 10:09:11,,,,,,
607,607,65,60,70,74,55,65,65,espn_derived,event=737008,2026-08-12 10:09:11,,,,,,
608,608,65,60,70,78,55,64,65,espn_derived,event=737008,2026-08-12 10:09:11,,,,,,
609,609,65,60,70,74,55,59,64,espn_derived,event=737008,2026-08-12 10:09:11,,,,,,
610,610,80,80,60,91,35,65,68,espn_derived,event=737008,2026-08-12 10:09:11,,,,,,
611,611,80,83,60,79,35,65,67,espn_derived,event=737008,2026-08-12 10:09:11,,,,,,
612,612,80,97,60,83,35,65,70,espn_derived,event=737008,2026-08-12 10:09:11,,,,,,
613,613,80,80,60,75,35,65,66,espn_derived,event=737008,2026-08-12 10:09:11,,,,,,
614,614,83,80,60,79,35,65,67,espn_derived,event=737008,2026-08-12 10:09:11,,,,,,
615,615,83,80,60,75,35,64,66,espn_derived,event=737008,2026-08-12 10:09:11,,,,,,
616,616,80,80,60,75,35,65,66,espn_derived,event=737008,2026-08-12 10:09:11,,,,,,
617,617,83,80,60,75,35,62,66,espn_derived,event=737008,2026-08-12 10:09:11,,,,,,
618,618,80,80,60,75,35,65,66,espn_derived,event=737008,2026-08-12 10:09:11,,,,,,
619,619,80,80,60,75,35,65,66,espn_derived,event=737008,2026-08-12 10:09:11,,,,,,
620,620,83,80,60,79,35,64,67,espn_derived,event=737008,2026-08-12 10:09:11,,,,,,
621,621,83,80,60,79,35,64,67,espn_derived,event=737008,2026-08-12 10:09:11,,,,,,
622,622,45,35,50,45,40,65,47,espn_derived,event=737008,2026-08-12 10:09:11,,,,,,
623,623,60,40,55,54,75,74,60,espn_derived,event=737008,2026-08-12 10:09:11,,,,,,
624,624,60,40,55,50,75,71,58,espn_derived,event=737008,2026-08-12 10:09:11,,,,,,
625,625,60,43,55,50,75,74,60,espn_derived,event=737008,2026-08-12 10:09:11,,,,,,
626,626,65,60,70,78,55,64,65,espn_derived,event=737008,2026-08-12 10:09:11,,,,,,
627,627,65,60,70,74,55,61,64,espn_derived,event=737008,2026-08-12 10:09:11,,,,,,
628,628,65,63,70,82,55,64,66,espn_derived,event=737008,2026-08-12 10:09:11,,,,,,
629,629,65,60,70,74,55,64,65,espn_derived,event=737008,2026-08-12 10:09:11,,,,,,
630,630,80,83,60,87,35,65,68,espn_derived,event=737008,2026-08-12 10:09:11,,,,,,
631,631,80,80,60,79,35,64,66,espn_derived,event=737008,2026-08-12 10:09:11,,,,,,
632,632,80,80,60,83,35,65,67,espn_derived,event=737008,2026-08-12 10:09:11,,,,,,
633,633,83,80,60,83,35,65,68,espn_derived,event=737008,2026-08-12 10:09:11,,,,,,
634,634,80,80,60,75,35,65,66,espn_derived,event=737008,2026-08-12 10:09:11,,,,,,
635,635,83,80,60,75,35,64,66,espn_derived,event=737008,2026-08-12 10:09:11,,,,,,
636,636,80,80,60,75,35,65,66,espn_derived,event=737008,2026-08-12 10:09:11,,,,,,
637,637,80,80,60,75,35,65,66,espn_derived,event=737008,2026-08-12 10:09:11,,,,,,
638,638,80,80,60,75,35,65,66,espn_derived,event=737008,2026-08-12 10:09:11,,,,,,
639,199,83,80,60,75,35,65,66,espn_derived,event=737008,2026-08-12 10:09:11,,,,,,
640,640,80,80,60,75,35,65,66,espn_derived,event=737008,2026-08-12 10:09:11,,,,,,
641,641,80,80,60,75,35,65,66,espn_derived,event=737008,2026-08-12 10:09:11,,,,,,
642,642,80,80,60,75,35,65,66,espn_derived,event=737008,2026-08-12 10:09:11,,,,,,
643,643,83,80,60,75,35,64,66,espn_derived,event=737008,2026-08-12 10:09:11,,,,,,
644,644,83,80,60,75,35,66,66,espn_derived,event=737008,2026-08-12 10:09:11,,,,,,
645,47,45,35,50,45,28,65,45,espn_derived,event=746662,2026-08-12 10:09:11,,,,,,
646,48,60,43,55,50,75,75,60,espn_derived,event=746662,2026-08-12 10:09:11,,,,,,
647,59,60,43,55,50,75,75,60,espn_derived,event=746662,2026-08-12 10:09:11,,,,,,
648,65,60,55,60,60,55,65,59,espn_derived,event=746662,2026-08-12 10:09:11,,,,,,
649,51,60,55,60,72,55,65,61,espn_derived,event=746662,2026-08-12 10:09:11,,,,,,
650,63,65,60,70,70,55,65,64,espn_derived,event=746662,2026-08-12 10:09:11,,,,,,
651,57,65,60,70,70,55,64,64,espn_derived,event=746662,2026-08-12 10:09:11,,,,,,
652,58,65,60,70,78,55,64,65,espn_derived,event=746662,2026-08-12 10:09:11,,,,,,
653,55,80,99,60,75,35,66,69,espn_derived,event=746662,2026-08-12 10:09:11,,,,,,
654,56,80,86,66,87,35,65,70,espn_derived,event=746662,2026-08-12 10:09:11,,,,,,
655,64,80,80,60,79,35,63,66,espn_derived,event=746662,2026-08-12 10:09:11,,,,,,
656,67,80,80,60,75,35,65,66,espn_derived,event=746662,2026-08-12 10:09:11,,,,,,
657,52,83,80,60,75,35,65,66,espn_derived,event=746662,2026-08-12 10:09:11,,,,,,
658,66,80,80,60,75,35,65,66,espn_derived,event=746662,2026-08-12 10:09:11,,,,,,
659,68,80,80,60,75,35,65,66,espn_derived,event=746662,2026-08-12 10:09:11,,,,,,
660,54,83,80,60,83,35,65,68,espn_derived,event=746662,2026-08-12 10:09:11,,,,,,
661,62,83,91,60,75,35,65,68,espn_derived,event=746662,2026-08-12 10:09:11,,,,,,
662,60,80,80,60,75,35,65,66,espn_derived,event=746662,2026-08-12 10:09:11,,,,,,
663,49,80,80,60,75,35,65,66,espn_derived,event=746662,2026-08-12 10:09:11,,,,,,
664,50,83,80,66,75,35,66,68,espn_derived,event=746662,2026-08-12 10:09:11,,,,,,
665,665,45,35,50,45,36,65,46,espn_derived,event=746662,2026-08-12 10:09:11,,,,,,
666,666,60,40,55,50,75,75,59,espn_derived,event=746662,2026-08-12 10:09:11,,,,,,
667,667,60,51,55,54,75,74,62,espn_derived,event=746662,2026-08-12 10:09:11,,,,,,
668,668,60,40,55,50,75,74,59,espn_derived,event=746662,2026-08-12 10:09:11,,,,,,
669,669,65,60,70,74,55,65,65,espn_derived,event=746662,2026-08-12 10:09:11,,,,,,
670,670,65,60,70,78,55,64,65,espn_derived,event=746662,2026-08-12 10:09:11,,,,,,
671,671,65,60,70,70,55,61,64,espn_derived,event=746662,2026-08-12 10:09:11,,,,,,
672,672,65,60,76,70,55,66,65,espn_derived,event=746662,2026-08-12 10:09:11,,,,,,
673,673,80,80,60,75,35,64,66,espn_derived,event=746662,2026-08-12 10:09:11,,,,,,
674,674,80,80,60,75,35,66,66,espn_derived,event=746662,2026-08-12 10:09:11,,,,,,
675,675,80,80,60,75,35,61,65,espn_derived,event=746662,2026-08-12 10:09:11,,,,,,
676,676,80,80,60,75,35,65,66,espn_derived,event=746662,2026-08-12 10:09:11,,,,,,
677,677,80,80,60,75,35,65,66,espn_derived,event=746662,2026-08-12 10:09:11,,,,,,
678,678,83,80,60,75,35,65,66,espn_derived,event=746662,2026-08-12 10:09:11,,,,,,
679,679,80,80,60,75,35,65,66,espn_derived,event=746662,2026-08-12 10:09:11,,,,,,
680,680,80,80,60,75,35,65,66,espn_derived,event=746662,2026-08-12 10:09:11,,,,,,
681,681,83,80,60,75,35,65,66,espn_derived,event=746662,2026-08-12 10:09:11,,,,,,
682,682,80,80,60,75,35,65,66,espn_derived,event=746662,2026-08-12 10:09:11,,,,,,
683,683,83,80,60,75,35,65,66,espn_derived,event=746662,2026-08-12 10:09:11,,,,,,
684,684,83,80,60,75,35,66,66,espn_derived,event=746662,2026-08-12 10:09:11,,,,,,
685,139,45,35,50,45,44,65,47,espn_derived,event=740780,2026-08-12 10:09:12,,,,,,
686,140,60,40,55,54,75,75,60,espn_derived,event=740780,2026-08-12 10:09:12,,,,,,
687,687,60,43,55,54,75,75,60,espn_derived,event=740780,2026-08-12 10:09:12,,,,,,
688,154,60,40,55,50,75,74,59,espn_derived,event=740780,2026-08-12 10:09:12,,,,,,
689,156,65,60,70,82,55,64,66,espn_derived,event=740780,2026-08-12 10:09:12,,,,,,
690,144,65,60,70,74,55,64,65,espn_derived,event=740780,2026-08-12 10:09:12,,,,,,
691,145,65,60,70,74,55,65,65,espn_derived,event=740780,2026-08-12 10:09:12,,,,,,
692,159,65,60,76,74,55,65,66,espn_derived,event=740780,2026-08-12 10:09:12,,,,,,
693,147,80,91,60,75,35,67,68,espn_derived,event=740780,2026-08-12 10:09:12,,,,,,
694,148,80,80,60,75,35,67,66,espn_derived,event=740780,2026-08-12 10:09:12,,,,,,
695,158,80,80,60,83,35,65,67,espn_derived,event=740780,2026-08-12 10:09:12,,,,,,
696,325,83,80,60,75,35,64,66,espn_derived,event=740780,2026-08-12 10:09:12,,,,,,
697,141,83,80,60,75,35,64,66,espn_derived,event=740780,2026-08-12 10:09:12,,,,,,
698,161,80,80,60,75,35,65,66,espn_derived,event=740780,2026-08-12 10:09:12,,,,,,
699,699,80,80,60,75,35,65,66,espn_derived,event=740780,2026-08-12 10:09:12,,,,,,
700,700,80,80,60,75,35,65,66,espn_derived,event=740780,2026-08-12 10:09:12,,,,,,
701,701,83,80,60,75,35,65,66,espn_derived,event=740780,2026-08-12 10:09:12,,,,,,
702,151,83,80,60,75,35,64,66,espn_derived,event=740780,2026-08-12 10:09:12,,,,,,
703,703,80,80,60,75,35,65,66,espn_derived,event=740780,2026-08-12 10:09:12,,,,,,
704,704,80,80,60,75,35,65,66,espn_derived,event=740780,2026-08-12 10:09:12,,,,,,
705,705,45,35,50,45,32,65,45,espn_derived,event=740780,2026-08-12 10:09:12,,,,,,
706,706,60,40,55,50,75,72,59,espn_derived,event=740780,2026-08-12 10:09:12,,,,,,
707,707,60,40,55,50,75,75,59,espn_derived,event=740780,2026-08-12 10:09:12,,,,,,
708,708,60,55,60,64,55,65,60,espn_derived,event=740780,2026-08-12 10:09:12,,,,,,
709,709,60,55,60,64,55,65,60,espn_derived,event=740780,2026-08-12 10:09:12,,,,,,
710,710,65,60,70,74,55,64,65,espn_derived,event=740780,2026-08-12 10:09:12,,,,,,
711,711,65,60,70,70,55,64,64,espn_derived,event=740780,2026-08-12 10:09:12,,,,,,
712,712,65,60,76,74,55,62,65,espn_derived,event=740780,2026-08-12 10:09:12,,,,,,
713,713,80,80,60,75,35,65,66,espn_derived,event=740780,2026-08-12 10:09:12,,,,,,
714,714,65,63,70,74,55,66,66,espn_derived,event=740780,2026-08-12 10:09:12,,,,,,
715,715,65,63,70,70,55,64,64,espn_derived,event=740780,2026-08-12 10:09:12,,,,,,
716,716,83,91,60,79,35,65,69,espn_derived,event=740780,2026-08-12 10:09:12,,,,,,
717,717,83,86,60,75,35,64,67,espn_derived,event=740780,2026-08-12 10:09:12,,,,,,
718,718,83,80,60,75,35,65,66,espn_derived,event=740780,2026-08-12 10:09:12,,,,,,
719,719,80,80,60,75,35,65,66,espn_derived,event=740780,2026-08-12 10:09:12,,,,,,
720,720,83,80,60,79,35,65,67,espn_derived,event=740780,2026-08-12 10:09:12,,,,,,
721,721,80,80,60,75,35,65,66,espn_derived,event=740780,2026-08-12 10:09:12,,,,,,
722,722,80,80,60,75,35,65,66,espn_derived,event=740780,2026-08-12 10:09:12,,,,,,
723,723,80,80,60,75,35,65,66,espn_derived,event=740780,2026-08-12 10:09:12,,,,,,
724,724,80,80,60,75,35,65,66,espn_derived,event=740780,2026-08-12 10:09:12,,,,,,
725,725,45,35,50,45,34,65,46,espn_derived,event=748401,2026-08-12 10:09:13,,,,,,
726,726,60,43,55,54,75,74,60,espn_derived,event=748401,2026-08-12 10:09:13,,,,,,
727,727,60,40,55,50,75,74,59,espn_derived,event=748401,2026-08-12 10:09:13,,,,,,
728,728,60,40,55,58,75,74,60,espn_derived,event=748401,2026-08-12 10:09:13,,,,,,
729,729,65,60,70,90,55,64,67,espn_derived,event=748401,2026-08-12 10:09:13,,,,,,
730,730,65,60,70,82,55,64,66,espn_derived,event=748401,2026-08-12 10:09:13,,,,,,
731,731,65,71,70,70,55,62,66,espn_derived,event=748401,2026-08-12 10:09:13,,,,,,
732,732,65,60,70,74,55,63,64,espn_derived,event=748401,2026-08-12 10:09:13,,,,,,
733,733,65,60,70,74,55,64,65,espn_derived,event=748401,2026-08-12 10:09:13,,,,,,
734,734,80,86,60,87,35,65,69,espn_derived,event=748401,2026-08-12 10:09:13,,,,,,
735,735,80,99,60,83,35,63,70,espn_derived,event=748401,2026-08-12 10:09:13,,,,,,
736,736,80,80,60,75,35,65,66,espn_derived,event=748401,2026-08-12 10:09:13,,,,,,
737,737,80,80,60,75,35,65,66,espn_derived,event=748401,2026-08-12 10:09:13,,,,,,
738,738,83,80,60,75,35,65,66,espn_derived,event=748401,2026-08-12 10:09:13,,,,,,
739,739,80,80,60,75,35,65,66,espn_derived,event=748401,2026-08-12 10:09:13,,,,,,
740,740,83,80,60,75,35,64,66,espn_derived,event=748401,2026-08-12 10:09:13,,,,,,
741,741,80,80,60,75,35,65,66,espn_derived,event=748401,2026-08-12 10:09:13,,,,,,
742,742,83,83,60,83,35,66,68,espn_derived,event=748401,2026-08-12 10:09:13,,,,,,
743,743,80,80,60,75,35,65,66,espn_derived,event=748401,2026-08-12 10:09:13,,,,,,
744,744,83,80,60,75,35,65,66,espn_derived,event=748401,2026-08-12 10:09:13,,,,,,
745,745,83,80,60,79,35,66,67,espn_derived,event=748401,2026-08-12 10:09:13,,,,,,
746,746,80,80,60,75,35,65,66,espn_derived,event=748401,2026-08-12 10:09:13,,,,,,
747,747,80,80,60,75,35,65,66,espn_derived,event=748401,2026-08-12 10:09:13,,,,,,
748,748,45,35,50,45,50,65,48,espn_derived,event=748401,2026-08-12 10:09:13,,,,,,
749,749,60,40,55,50,75,74,59,espn_derived,event=748401,2026-08-12 10:09:13,,,,,,
750,750,60,40,55,50,75,71,58,espn_derived,event=748401,2026-08-12 10:09:13,,,,,,
751,751,60,66,60,64,55,63,61,espn_derived,event=748401,2026-08-12 10:09:13,,,,,,
752,752,60,55,60,60,55,64,59,espn_derived,event=748401,2026-08-12 10:09:13,,,,,,
753,753,65,60,76,70,55,63,65,espn_derived,event=748401,2026-08-12 10:09:13,,,,,,
754,754,65,60,70,70,55,61,64,espn_derived,event=748401,2026-08-12 10:09:13,,,,,,
755,755,65,63,70,82,55,65,67,espn_derived,event=748401,2026-08-12 10:09:13,,,,,,
756,756,65,60,70,78,55,63,65,espn_derived,event=748401,2026-08-12 10:09:13,,,,,,
757,757,80,91,60,83,35,64,69,espn_derived,event=748401,2026-08-12 10:09:13,,,,,,
758,758,80,80,66,83,35,64,68,espn_derived,event=748401,2026-08-12 10:09:13,,,,,,
759,759,83,83,60,75,35,64,67,espn_derived,event=748401,2026-08-12 10:09:13,,,,,,
760,760,83,80,60,75,35,65,66,espn_derived,event=748401,2026-08-12 10:09:13,,,,,,
761,761,83,80,60,75,35,64,66,espn_derived,event=748401,2026-08-12 10:09:13,,,,,,
762,762,80,80,60,75,35,65,66,espn_derived,event=748401,2026-08-12 10:09:13,,,,,,
763,763,80,80,60,75,35,65,66,espn_derived,event=748401,2026-08-12 10:09:13,,,,,,
764,764,80,80,60,75,35,65,66,espn_derived,event=748401,2026-08-12 10:09:13,,,,,,
765,765,83,80,60,75,35,63,66,espn_derived,event=748401,2026-08-12 10:09:13,,,,,,
766,766,83,80,60,75,35,65,66,espn_derived,event=748401,2026-08-12 10:09:13,,,,,,
767,767,80,80,60,75,35,65,66,espn_derived,event=748401,2026-08-12 10:09:13,,,,,,
768,768,80,80,60,75,35,65,66,espn_derived,event=748401,2026-08-12 10:09:13,,,,,,
769,769,80,80,60,75,35,65,66,espn_derived,event=748401,2026-08-12 10:09:13,,,,,,
770,770,45,35,50,49,30,65,46,espn_derived,event=748398,2026-08-12 10:09:15,,,,,,
771,771,60,40,55,58,75,74,60,espn_derived,event=748398,2026-08-12 10:09:15,,,,,,
772,772,60,40,55,50,75,75,59,espn_derived,event=748398,2026-08-12 10:09:15,,,,,,
773,773,60,55,60,64,55,64,60,espn_derived,event=748398,2026-08-12 10:09:15,,,,,,
774,774,60,55,60,60,55,62,59,espn_derived,event=748398,2026-08-12 10:09:15,,,,,,
775,775,65,60,70,74,55,62,64,espn_derived,event=748398,2026-08-12 10:09:15,,,,,,
776,776,65,60,70,74,55,62,64,espn_derived,event=748398,2026-08-12 10:09:15,,,,,,
777,777,65,60,70,74,55,65,65,espn_derived,event=748398,2026-08-12 10:09:15,,,,,,
778,778,65,71,70,70,55,63,66,espn_derived,event=748398,2026-08-12 10:09:15,,,,,,
779,779,80,80,60,83,35,65,67,espn_derived,event=748398,2026-08-12 10:09:15,,,,,,
780,780,80,80,60,91,35,65,68,espn_derived,event=748398,2026-08-12 10:09:15,,,,,,
781,781,83,80,60,75,35,65,66,espn_derived,event=748398,2026-08-12 10:09:15,,,,,,
782,782,80,80,60,75,35,65,66,espn_derived,event=748398,2026-08-12 10:09:15,,,,,,
783,783,80,80,60,75,35,65,66,espn_derived,event=748398,2026-08-12 10:09:15,,,,,,
784,784,80,80,60,75,35,65,66,espn_derived,event=748398,2026-08-12 10:09:15,,,,,,
785,785,80,80,60,75,35,65,66,espn_derived,event=748398,2026-08-12 10:09:15,,,,,,
786,786,83,80,60,75,35,65,66,espn_derived,event=748398,2026-08-12 10:09:15,,,,,,
787,787,80,80,60,75,35,65,66,espn_derived,event=748398,2026-08-12 10:09:15,,,,,,
788,788,83,80,60,75,35,65,66,espn_derived,event=748398,2026-08-12 10:09:15,,,,,,
789,789,83,80,60,75,35,64,66,espn_derived,event=748398,2026-08-12 10:09:15,,,,,,
790,790,80,80,60,75,35,65,66,espn_derived,event=748398,2026-08-12 10:09:15,,,,,,
791,791,80,80,60,75,35,65,66,espn_derived,event=748398,2026-08-12 10:09:15,,,,,,
792,792,83,80,60,75,35,65,66,espn_derived,event=748398,2026-08-12 10:09:15,,,,,,
793,793,45,35,50,45,28,63,44,espn_derived,event=748398,2026-08-12 10:09:15,,,,,,
794,794,60,40,55,50,75,74,59,espn_derived,event=748398,2026-08-12 10:09:15,,,,,,
795,795,60,40,55,54,75,73,60,espn_derived,event=748398,2026-08-12 10:09:15,,,,,,
796,796,60,55,60,76,55,65,62,espn_derived,event=748398,2026-08-12 10:09:15,,,,,,
797,797,60,55,60,68,55,64,60,espn_derived,event=748398,2026-08-12 10:09:15,,,,,,
798,798,65,60,70,78,55,64,65,espn_derived,event=748398,2026-08-12 10:09:15,,,,,,
799,799,65,60,70,70,55,65,64,espn_derived,event=748398,2026-08-12 10:09:15,,,,,,
800,800,65,60,70,74,55,65,65,espn_derived,event=748398,2026-08-12 10:09:15,,,,,,
801,801,80,80,60,83,35,63,67,espn_derived,event=748398,2026-08-12 10:09:15,,,,,,
802,802,65,60,70,74,55,65,65,espn_derived,event=748398,2026-08-12 10:09:15,,,,,,
803,803,65,60,70,70,55,64,64,espn_derived,event=748398,2026-08-12 10:09:15,,,,,,
804,804,83,80,60,75,35,64,66,espn_derived,event=748398,2026-08-12 10:09:15,,,,,,
805,805,80,80,60,75,35,65,66,espn_derived,event=748398,2026-08-12 10:09:15,,,,,,
806,806,80,80,60,75,35,65,66,espn_derived,event=748398,2026-08-12 10:09:15,,,,,,
807,807,80,80,60,75,35,65,66,espn_derived,event=748398,2026-08-12 10:09:15,,,,,,
808,808,83,80,60,75,35,64,66,espn_derived,event=748398,2026-08-12 10:09:15,,,,,,
809,809,83,80,60,75,35,65,66,espn_derived,event=748398,2026-08-12 10:09:15,,,,,,
810,810,80,80,60,75,35,65,66,espn_derived,event=748398,2026-08-12 10:09:15,,,,,,
811,811,83,80,60,75,35,65,66,espn_derived,event=748398,2026-08-12 10:09:15,,,,,,
812,812,83,80,60,75,35,65,66,espn_derived,event=748398,2026-08-12 10:09:15,,,,,,
813,813,80,80,60,75,35,65,66,espn_derived,event=748398,2026-08-12 10:09:15,,,,,,
814,814,45,35,50,45,52,65,49,espn_derived,event=748408,2026-08-12 10:09:16,,,,,,
815,815,60,40,55,54,75,74,60,espn_derived,event=748408,2026-08-12 10:09:16,,,,,,
816,816,60,40,55,50,75,74,59,espn_derived,event=748408,2026-08-12 10:09:16,,,,,,
817,817,60,55,60,72,55,63,61,espn_derived,event=748408,2026-08-12 10:09:16,,,,,,
818,818,60,66,60,72,55,64,63,espn_derived,event=748408,2026-08-12 10:09:16,,,,,,
819,819,65,66,76,78,55,65,68,espn_derived,event=748408,2026-08-12 10:09:16,,,,,,
820,820,65,60,76,70,55,63,65,espn_derived,event=748408,2026-08-12 10:09:16,,,,,,
821,821,65,60,70,74,55,63,64,espn_derived,event=748408,2026-08-12 10:09:16,,,,,,
822,822,65,71,70,70,55,65,66,espn_derived,event=748408,2026-08-12 10:09:16,,,,,,
823,823,80,83,60,83,35,64,68,espn_derived,event=748408,2026-08-12 10:09:16,,,,,,
824,824,80,86,60,87,35,66,69,espn_derived,event=748408,2026-08-12 10:09:16,,,,,,
825,825,80,80,60,75,35,65,66,espn_derived,event=748408,2026-08-12 10:09:16,,,,,,
826,826,83,80,60,75,35,65,66,espn_derived,event=748408,2026-08-12 10:09:16,,,,,,
827,827,80,80,60,75,35,65,66,espn_derived,event=748408,2026-08-12 10:09:16,,,,,,
828,828,83,80,60,79,35,65,67,espn_derived,event=748408,2026-08-12 10:09:16,,,,,,
829,829,83,80,60,75,35,65,66,espn_derived,event=748408,2026-08-12 10:09:16,,,,,,
830,830,83,80,60,75,35,65,66,espn_derived,event=748408,2026-08-12 10:09:16,,,,,,
831,831,80,80,60,75,35,65,66,espn_derived,event=748408,2026-08-12 10:09:16,,,,,,
832,832,83,80,60,75,35,64,66,espn_derived,event=748408,2026-08-12 10:09:16,,,,,,
833,833,80,80,60,75,35,65,66,espn_derived,event=748408,2026-08-12 10:09:16,,,,,,
834,725,45,35,50,49,46,65,48,espn_derived,event=748408,2026-08-12 10:09:16,,,,,,
835,726,60,40,55,58,75,74,60,espn_derived,event=748408,2026-08-12 10:09:16,,,,,,
836,728,60,40,55,50,75,74,59,espn_derived,event=748408,2026-08-12 10:09:16,,,,,,
837,740,60,43,55,50,75,74,60,espn_derived,event=748408,2026-08-12 10:09:16,,,,,,
838,742,65,60,70,74,55,64,65,espn_derived,event=748408,2026-08-12 10:09:16,,,,,,
839,729,65,60,70,74,55,64,65,espn_derived,event=748408,2026-08-12 10:09:16,,,,,,
840,731,65,60,70,70,55,64,64,espn_derived,event=748408,2026-08-12 10:09:16,,,,,,
841,732,65,60,70,74,55,65,65,espn_derived,event=748408,2026-08-12 10:09:16,,,,,,
842,747,65,60,70,70,55,62,64,espn_derived,event=748408,2026-08-12 10:09:16,,,,,,
843,735,80,86,60,79,35,65,68,espn_derived,event=748408,2026-08-12 10:09:16,,,,,,
844,745,80,83,60,83,35,62,67,espn_derived,event=748408,2026-08-12 10:09:16,,,,,,
845,727,80,80,60,75,35,65,66,espn_derived,event=748408,2026-08-12 10:09:16,,,,,,
846,746,80,80,60,75,35,65,66,espn_derived,event=748408,2026-08-12 10:09:16,,,,,,
847,737,83,80,60,75,35,64,66,espn_derived,event=748408,2026-08-12 10:09:16,,,,,,
848,739,83,80,60,79,35,65,67,espn_derived,event=748408,2026-08-12 10:09:16,,,,,,
849,743,83,80,66,75,35,64,67,espn_derived,event=748408,2026-08-12 10:09:16,,,,,,
850,733,80,80,60,75,35,65,66,espn_derived,event=748408,2026-08-12 10:09:16,,,,,,
851,734,83,94,60,75,35,64,68,espn_derived,event=748408,2026-08-12 10:09:16,,,,,,
852,852,80,80,60,75,35,65,66,espn_derived,event=748408,2026-08-12 10:09:16,,,,,,
853,744,83,80,60,79,35,65,67,espn_derived,event=748408,2026-08-12 10:09:16,,,,,,
854,730,80,80,60,75,35,65,66,espn_derived,event=748408,2026-08-12 10:09:16,,,,,,
855,738,80,80,60,75,35,65,66,espn_derived,event=748408,2026-08-12 10:09:16,,,,,,
856,856,45,35,50,45,32,65,45,espn_derived,event=746608,2026-08-12 10:09:16,,,,,,
857,857,60,43,55,54,75,74,60,espn_derived,event=746608,2026-08-12 10:09:16,,,,,,
858,858,60,40,55,54,75,75,60,espn_derived,event=746608,2026-08-12 10:09:16,,,,,,
859,859,60,55,60,64,55,65,60,espn_derived,event=746608,2026-08-12 10:09:16,,,,,,
860,860,60,58,60,64,55,62,60,espn_derived,event=746608,2026-08-12 10:09:16,,,,,,
861,861,65,60,70,70,55,65,64,espn_derived,event=746608,2026-08-12 10:09:16,,,,,,
862,862,65,60,70,74,55,64,65,espn_derived,event=746608,2026-08-12 10:09:16,,,,,,
863,863,65,60,70,70,55,59,63,espn_derived,event=746608,2026-08-12 10:09:16,,,,,,
864,864,80,80,60,79,35,64,66,espn_derived,event=746608,2026-08-12 10:09:16,,,,,,
865,865,65,60,70,74,55,65,65,espn_derived,event=746608,2026-08-12 10:09:16,,,,,,
866,866,65,60,70,82,55,65,66,espn_derived,event=746608,2026-08-12 10:09:16,,,,,,
867,867,83,80,60,75,35,64,66,espn_derived,event=746608,2026-08-12 10:09:16,,,,,,
868,868,83,91,60,75,35,65,68,espn_derived,event=746608,2026-08-12 10:09:16,,,,,,
869,869,80,80,60,75,35,65,66,espn_derived,event=746608,2026-08-12 10:09:16,,,,,,
870,870,83,83,60,75,35,65,67,espn_derived,event=746608,2026-08-12 10:09:16,,,,,,
871,871,80,80,60,75,35,65,66,espn_derived,event=746608,2026-08-12 10:09:16,,,,,,
872,872,83,80,66,79,35,65,68,espn_derived,event=746608,2026-08-12 10:09:16,,,,,,
873,873,83,80,60,75,35,65,66,espn_derived,event=746608,2026-08-12 10:09:16,,,,,,
874,874,80,80,60,75,35,65,66,espn_derived,event=746608,2026-08-12 10:09:16,,,,,,
875,875,80,80,60,75,35,65,66,espn_derived,event=746608,2026-08-12 10:09:16,,,,,,
876,353,45,35,50,45,40,65,47,espn_derived,event=746608,2026-08-12 10:09:16,,,,,,
877,877,60,40,55,54,75,75,60,espn_derived,event=746608,2026-08-12 10:09:16,,,,,,
878,354,60,40,55,50,75,75,59,espn_derived,event=746608,2026-08-12 10:09:16,,,,,,
879,355,60,55,60,72,55,64,61,espn_derived,event=746608,2026-08-12 10:09:16,,,,,,
880,358,60,55,60,60,55,65,59,espn_derived,event=746608,2026-08-12 10:09:16,,,,,,
881,372,65,60,70,78,55,64,65,espn_derived,event=746608,2026-08-12 10:09:16,,,,,,
882,360,65,71,70,74,55,63,66,espn_derived,event=746608,2026-08-12 10:09:16,,,,,,
883,362,65,60,70,70,55,65,64,espn_derived,event=746608,2026-08-12 10:09:16,,,,,,
884,367,80,83,60,83,35,64,68,espn_derived,event=746608,2026-08-12 10:09:16,,,,,,
885,363,80,83,66,83,35,63,68,espn_derived,event=746608,2026-08-12 10:09:16,,,,,,
886,371,80,80,60,79,35,65,66,espn_derived,event=746608,2026-08-12 10:09:16,,,,,,
887,357,80,80,60,75,35,65,66,espn_derived,event=746608,2026-08-12 10:09:16,,,,,,
888,888,83,80,60,75,35,65,66,espn_derived,event=746608,2026-08-12 10:09:16,,,,,,
889,369,80,80,60,75,35,65,66,espn_derived,event=746608,2026-08-12 10:09:16,,,,,,
890,370,80,80,60,75,35,65,66,espn_derived,event=746608,2026-08-12 10:09:16,,,,,,
891,365,83,80,60,75,35,64,66,espn_derived,event=746608,2026-08-12 10:09:16,,,,,,
892,368,83,80,60,79,35,65,67,espn_derived,event=746608,2026-08-12 10:09:16,,,,,,
893,356,83,80,60,75,35,65,66,espn_derived,event=746608,2026-08-12 10:09:16,,,,,,
894,364,83,80,60,75,35,64,66,espn_derived,event=746608,2026-08-12 10:09:16,,,,,,
895,895,80,80,60,75,35,65,66,espn_derived,event=746608,2026-08-12 10:09:16,,,,,,
896,896,45,35,50,45,42,65,47,espn_derived,event=401862752,2026-08-12 10:09:17,,,,,,
897,897,60,40,55,54,75,74,60,espn_derived,event=401862752,2026-08-12 10:09:17,,,,,,
898,898,60,43,55,50,75,71,59,espn_derived,event=401862752,2026-08-12 10:09:17,,,,,,
899,899,60,55,60,60,55,65,59,espn_derived,event=401862752,2026-08-12 10:09:17,,,,,,
900,900,60,58,60,60,55,64,60,espn_derived,event=401862752,2026-08-12 10:09:17,,,,,,
901,901,65,74,70,70,55,65,66,espn_derived,event=401862752,2026-08-12 10:09:17,,,,,,
902,902,65,60,70,78,55,65,66,espn_derived,event=401862752,2026-08-12 10:09:17,,,,,,
903,903,65,60,70,70,55,64,64,espn_derived,event=401862752,2026-08-12 10:09:17,,,,,,
904,904,80,80,60,75,35,63,66,espn_derived,event=401862752,2026-08-12 10:09:17,,,,,,
905,905,65,63,70,78,55,61,65,espn_derived,event=401862752,2026-08-12 10:09:17,,,,,,
906,906,65,63,70,74,55,62,65,espn_derived,event=401862752,2026-08-12 10:09:17,,,,,,
907,907,80,80,60,75,35,65,66,espn_derived,event=401862752,2026-08-12 10:09:17,,,,,,
908,908,80,80,60,75,35,65,66,espn_derived,event=401862752,2026-08-12 10:09:17,,,,,,
909,909,80,80,60,75,35,65,66,espn_derived,event=401862752,2026-08-12 10:09:17,,,,,,
910,910,83,80,60,75,35,65,66,espn_derived,event=401862752,2026-08-12 10:09:17,,,,,,
911,911,80,80,60,75,35,65,66,espn_derived,event=401862752,2026-08-12 10:09:17,,,,,,
912,912,80,80,60,75,35,65,66,espn_derived,event=401862752,2026-08-12 10:09:17,,,,,,
913,913,83,80,60,83,35,65,68,espn_derived,event=401862752,2026-08-12 10:09:17,,,,,,
914,914,83,80,60,75,35,65,66,espn_derived,event=401862752,2026-08-12 10:09:18,,,,,,
915,915,83,83,60,75,35,65,67,espn_derived,event=401862752,2026-08-12 10:09:18,,,,,,
916,916,80,80,60,75,35,65,66,espn_derived,event=401862752,2026-08-12 10:09:18,,,,,,
917,917,45,35,50,49,52,65,49,espn_derived,event=401862752,2026-08-12 10:09:18,,,,,,
918,918,60,40,55,50,75,74,59,espn_derived,event=401862752,2026-08-12 10:09:18,,,,,,
919,919,60,40,55,50,75,73,59,espn_derived,event=401862752,2026-08-12 10:09:18,,,,,,
920,920,60,58,66,76,55,65,63,espn_derived,event=401862752,2026-08-12 10:09:18,,,,,,
921,921,60,55,60,64,55,64,60,espn_derived,event=401862752,2026-08-12 10:09:18,,,,,,
922,922,65,60,70,78,55,64,65,espn_derived,event=401862752,2026-08-12 10:09:18,,,,,,
923,923,65,71,70,78,55,65,67,espn_derived,event=401862752,2026-08-12 10:09:18,,,,,,
924,924,65,60,70,74,55,65,65,espn_derived,event=401862752,2026-08-12 10:09:18,,,,,,
925,925,80,94,60,75,35,64,68,espn_derived,event=401862752,2026-08-12 10:09:18,,,,,,
926,926,80,80,66,83,35,65,68,espn_derived,event=401862752,2026-08-12 10:09:18,,,,,,
927,927,80,83,60,79,35,64,67,espn_derived,event=401862752,2026-08-12 10:09:18,,,,,,
928,928,83,80,60,75,35,65,66,espn_derived,event=401862752,2026-08-12 10:09:18,,,,,,
929,929,80,80,60,75,35,65,66,espn_derived,event=401862752,2026-08-12 10:09:18,,,,,,
930,930,80,80,60,75,35,65,66,espn_derived,event=401862752,2026-08-12 10:09:18,,,,,,
931,931,83,83,60,79,35,65,68,espn_derived,event=401862752,2026-08-12 10:09:18,,,,,,
932,932,83,80,60,79,35,65,67,espn_derived,event=401862752,2026-08-12 10:09:18,,,,,,
933,933,83,80,60,75,35,65,66,espn_derived,event=401862752,2026-08-12 10:09:18,,,,,,
934,934,80,80,60,75,35,65,66,espn_derived,event=401862752,2026-08-12 10:09:18,,,,,,
935,935,83,80,60,79,35,64,67,espn_derived,event=401862752,2026-08-12 10:09:18,,,,,,
936,936,80,80,60,75,35,65,66,espn_derived,event=401862752,2026-08-12 10:09:18,,,,,,
937,937,80,80,60,75,35,65,66,espn_derived,event=401862752,2026-08-12 10:09:18,,,,,,
938,938,80,80,60,75,35,65,66,espn_derived,event=401862752,2026-08-12 10:09:18,,,,,,
939,939,80,80,60,75,35,65,66,espn_derived,event=401862752,2026-08-12 10:09:18,,,,,,
940,940,45,35,50,45,28,65,45,espn_derived,event=761452,2026-08-12 10:09:18,,,,,,
941,941,60,40,55,54,75,73,60,espn_derived,event=761452,2026-08-12 10:09:18,,,,,,
942,942,60,40,55,54,75,74,60,espn_derived,event=761452,2026-08-12 10:09:18,,,,,,
943,943,60,55,60,68,55,63,60,espn_derived,event=761452,2026-08-12 10:09:18,,,,,,
944,944,60,55,60,60,55,64,59,espn_derived,event=761452,2026-08-12 10:09:18,,,,,,
945,945,65,63,76,82,55,64,68,espn_derived,event=761452,2026-08-12 10:09:18,,,,,,
946,946,65,60,70,74,55,64,65,espn_derived,event=761452,2026-08-12 10:09:18,,,,,,
947,947,65,60,70,78,55,64,65,espn_derived,event=761452,2026-08-12 10:09:18,,,,,,
948,948,80,91,60,79,35,63,68,espn_derived,event=761452,2026-08-12 10:09:18,,,,,,
949,949,65,63,70,82,55,64,66,espn_derived,event=761452,2026-08-12 10:09:18,,,,,,
950,950,65,69,70,78,55,63,67,espn_derived,event=761452,2026-08-12 10:09:18,,,,,,
951,951,80,80,60,75,35,65,66,espn_derived,event=761452,2026-08-12 10:09:18,,,,,,
952,952,83,80,60,75,35,65,66,espn_derived,event=761452,2026-08-12 10:09:18,,,,,,
953,953,83,80,60,75,35,65,66,espn_derived,event=761452,2026-08-12 10:09:18,,,,,,
954,954,83,80,60,75,35,65,66,espn_derived,event=761452,2026-08-12 10:09:18,,,,,,
955,955,80,80,60,75,35,65,66,espn_derived,event=761452,2026-08-12 10:09:18,,,,,,
956,956,80,80,60,75,35,65,66,espn_derived,event=761452,2026-08-12 10:09:18,,,,,,
957,957,80,80,60,75,35,65,66,espn_derived,event=761452,2026-08-12 10:09:18,,,,,,
958,958,80,80,60,75,35,65,66,espn_derived,event=761452,2026-08-12 10:09:18,,,,,,
959,959,45,35,50,45,48,65,48,espn_derived,event=761452,2026-08-12 10:09:18,,,,,,
960,960,60,40,55,62,75,75,61,espn_derived,event=761452,2026-08-12 10:09:18,,,,,,
961,961,60,40,55,50,75,75,59,espn_derived,event=761452,2026-08-12 10:09:18,,,,,,
962,962,60,55,60,60,55,63,59,espn_derived,event=761452,2026-08-12 10:09:18,,,,,,
963,963,60,55,60,64,55,64,60,espn_derived,event=761452,2026-08-12 10:09:18,,,,,,
964,964,65,60,70,82,55,65,66,espn_derived,event=761452,2026-08-12 10:09:18,,,,,,
965,965,65,60,70,74,55,63,64,espn_derived,event=761452,2026-08-12 10:09:18,,,,,,
966,966,65,60,70,70,55,62,64,espn_derived,event=761452,2026-08-12 10:09:18,,,,,,
967,967,80,91,60,91,35,64,70,espn_derived,event=761452,2026-08-12 10:09:18,,,,,,
968,968,65,60,70,78,55,64,65,espn_derived,event=761452,2026-08-12 10:09:18,,,,,,
969,969,65,60,70,74,55,65,65,espn_derived,event=761452,2026-08-12 10:09:18,,,,,,
970,970,83,80,60,75,35,64,66,espn_derived,event=761452,2026-08-12 10:09:18,,,,,,
971,971,80,80,60,75,35,65,66,espn_derived,event=761452,2026-08-12 10:09:18,,,,,,
972,972,83,80,60,75,35,64,66,espn_derived,event=761452,2026-08-12 10:09:18,,,,,,
973,973,80,80,60,75,35,65,66,espn_derived,event=761452,2026-08-12 10:09:18,,,,,,
974,974,80,80,60,75,35,65,66,espn_derived,event=761452,2026-08-12 10:09:18,,,,,,
975,975,80,80,60,75,35,65,66,espn_derived,event=761452,2026-08-12 10:09:18,,,,,,
976,976,80,80,60,75,35,65,66,espn_derived,event=761452,2026-08-12 10:09:18,,,,,,
977,977,83,80,60,75,35,65,66,espn_derived,event=761452,2026-08-12 10:09:18,,,,,,
978,978,83,80,60,75,35,65,66,espn_derived,event=761452,2026-08-12 10:09:18,,,,,,
979,979,45,35,50,45,36,65,46,espn_derived,event=746904,2026-08-12 10:09:19,,,,,,
980,980,60,40,55,58,75,74,60,espn_derived,event=746904,2026-08-12 10:09:19,,,,,,
981,981,60,40,55,50,75,74,59,espn_derived,event=746904,2026-08-12 10:09:19,,,,,,
982,982,60,40,55,54,75,75,60,espn_derived,event=746904,2026-08-12 10:09:19,,,,,,
983,983,65,63,70,70,55,62,64,espn_derived,event=746904,2026-08-12 10:09:19,,,,,,
984,984,65,60,70,74,55,64,65,espn_derived,event=746904,2026-08-12 10:09:19,,,,,,
985,985,65,63,76,78,55,64,67,espn_derived,event=746904,2026-08-12 10:09:19,,,,,,
986,986,65,71,70,70,55,65,66,espn_derived,event=746904,2026-08-12 10:09:19,,,,,,
987,987,80,83,60,79,35,65,67,espn_derived,event=746904,2026-08-12 10:09:19,,,,,,
988,988,80,80,60,83,35,64,67,espn_derived,event=746904,2026-08-12 10:09:19,,,,,,
989,989,80,97,60,75,35,64,68,espn_derived,event=746904,2026-08-12 10:09:19,,,,,,
990,990,80,80,60,75,35,65,66,espn_derived,event=746904,2026-08-12 10:09:19,,,,,,
991,991,80,80,60,75,35,65,66,espn_derived,event=746904,2026-08-12 10:09:19,,,,,,
992,992,80,80,60,75,35,65,66,espn_derived,event=746904,2026-08-12 10:09:19,,,,,,
993,993,80,80,60,75,35,65,66,espn_derived,event=746904,2026-08-12 10:09:19,,,,,,
994,994,80,80,60,75,35,65,66,espn_derived,event=746904,2026-08-12 10:09:19,,,,,,
995,995,83,80,60,75,35,65,66,espn_derived,event=746904,2026-08-12 10:09:19,,,,,,
996,996,80,80,60,75,35,65,66,espn_derived,event=746904,2026-08-12 10:09:19,,,,,,
997,997,80,80,60,75,35,65,66,espn_derived,event=746904,2026-08-12 10:09:19,,,,,,
998,998,83,80,60,75,35,65,66,espn_derived,event=746904,2026-08-12 10:09:19,,,,,,
999,896,45,35,50,45,46,65,48,espn_derived,event=746904,2026-08-12 10:09:19,,,,,,
1000,899,60,40,55,54,75,73,60,espn_derived,event=746904,2026-08-12 10:09:19,,,,,,
1001,898,60,40,55,50,75,76,59,espn_derived,event=746904,2026-08-12 10:09:19,,,,,,
1002,914,60,55,60,68,55,64,60,espn_derived,event=746904,2026-08-12 10:09:19,,,,,,
1003,1003,60,55,60,64,55,63,60,espn_derived,event=746904,2026-08-12 10:09:19,,,,,,
1004,901,65,60,70,70,55,63,64,espn_derived,event=746904,2026-08-12 10:09:19,,,,,,
1005,902,65,60,70,74,55,65,65,espn_derived,event=746904,2026-08-12 10:09:19,,,,,,
1006,903,65,60,70,74,55,66,65,espn_derived,event=746904,2026-08-12 10:09:19,,,,,,
1007,904,80,80,60,87,35,64,68,espn_derived,event=746904,2026-08-12 10:09:19,,,,,,
1008,915,65,63,70,70,55,64,64,espn_derived,event=746904,2026-08-12 10:09:19,,,,,,
1009,906,65,60,70,70,55,65,64,espn_derived,event=746904,2026-08-12 10:09:19,,,,,,
1010,1010,83,83,66,75,35,65,68,espn_derived,event=746904,2026-08-12 10:09:19,,,,,,
1011,1011,80,80,60,75,35,65,66,espn_derived,event=746904,2026-08-12 10:09:19,,,,,,
1012,905,83,91,60,75,35,65,68,espn_derived,event=746904,2026-08-12 10:09:19,,,,,,
1013,911,80,80,60,75,35,65,66,espn_derived,event=746904,2026-08-12 10:09:19,,,,,,
1014,897,80,80,60,75,35,65,66,espn_derived,event=746904,2026-08-12 10:09:19,,,,,,
1015,907,80,80,60,75,35,65,66,espn_derived,event=746904,2026-08-12 10:09:19,,,,,,
1016,909,83,80,60,75,35,65,66,espn_derived,event=746904,2026-08-12 10:09:19,,,,,,
1017,912,83,80,60,75,35,65,66,espn_derived,event=746904,2026-08-12 10:09:19,,,,,,
1018,916,83,80,60,75,35,64,66,espn_derived,event=746904,2026-08-12 10:09:19,,,,,,
1019,1019,45,35,50,45,48,65,48,espn_derived,event=748322,2026-08-12 10:09:20,,,,,,
1020,1020,60,40,55,54,75,75,60,espn_derived,event=748322,2026-08-12 10:09:20,,,,,,
1021,1021,60,43,55,50,75,75,60,espn_derived,event=748322,2026-08-12 10:09:20,,,,,,
1022,1022,60,40,55,58,75,72,60,espn_derived,event=748322,2026-08-12 10:09:20,,,,,,
1023,1023,60,55,60,60,55,65,59,espn_derived,event=748322,2026-08-12 10:09:20,,,,,,
1024,1024,60,55,60,72,55,64,61,espn_derived,event=748322,2026-08-12 10:09:20,,,,,,
1025,1025,65,60,70,78,55,63,65,espn_derived,event=748322,2026-08-12 10:09:20,,,,,,
1026,1026,65,63,70,86,55,64,67,espn_derived,event=748322,2026-08-12 10:09:20,,,,,,
1027,1027,65,63,70,74,55,65,65,espn_derived,event=748322,2026-08-12 10:09:20,,,,,,
1028,1028,65,63,70,70,55,65,65,espn_derived,event=748322,2026-08-12 10:09:20,,,,,,
1029,1029,80,83,60,83,35,64,68,espn_derived,event=748322,2026-08-12 10:09:20,,,,,,
1030,1030,83,80,60,75,35,65,66,espn_derived,event=748322,2026-08-12 10:09:20,,,,,,
1031,1031,83,91,60,75,35,64,68,espn_derived,event=748322,2026-08-12 10:09:20,,,,,,
1032,1032,80,80,60,75,35,65,66,espn_derived,event=748322,2026-08-12 10:09:20,,,,,,
1033,1033,80,80,60,75,35,65,66,espn_derived,event=748322,2026-08-12 10:09:20,,,,,,
1034,1034,83,83,60,79,35,65,68,espn_derived,event=748322,2026-08-12 10:09:20,,,,,,
1035,1035,83,80,60,83,35,65,68,espn_derived,event=748322,2026-08-12 10:09:20,,,,,,
1036,1036,80,80,60,75,35,65,66,espn_derived,event=748322,2026-08-12 10:09:20,,,,,,
1037,1037,83,80,60,79,35,63,67,espn_derived,event=748322,2026-08-12 10:09:20,,,,,,
1038,1038,80,80,60,75,35,65,66,espn_derived,event=748322,2026-08-12 10:09:20,,,,,,
1039,1039,80,80,60,75,35,65,66,espn_derived,event=748322,2026-08-12 10:09:20,,,,,,
1040,1040,45,35,50,45,52,65,49,espn_derived,event=748322,2026-08-12 10:09:20,,,,,,
1041,1041,60,40,55,50,75,75,59,espn_derived,event=748322,2026-08-12 10:09:20,,,,,,
1042,1042,60,40,55,54,75,74,60,espn_derived,event=748322,2026-08-12 10:09:20,,,,,,
1043,1043,60,55,60,60,55,65,59,espn_derived,event=748322,2026-08-12 10:09:20,,,,,,
1044,1044,60,58,60,60,55,65,60,espn_derived,event=748322,2026-08-12 10:09:20,,,,,,
1045,1045,65,63,70,74,55,63,65,espn_derived,event=748322,2026-08-12 10:09:20,,,,,,
1046,1046,65,60,70,78,55,61,65,espn_derived,event=748322,2026-08-12 10:09:20,,,,,,
1047,1047,65,63,70,74,55,61,65,espn_derived,event=748322,2026-08-12 10:09:20,,,,,,
1048,1048,80,94,60,79,35,62,68,espn_derived,event=748322,2026-08-12 10:09:20,,,,,,
1049,1049,65,60,70,74,55,64,65,espn_derived,event=748322,2026-08-12 10:09:20,,,,,,
1050,1050,65,63,76,78,55,63,67,espn_derived,event=748322,2026-08-12 10:09:20,,,,,,
1051,1051,83,80,60,79,35,65,67,espn_derived,event=748322,2026-08-12 10:09:20,,,,,,
1052,1052,80,80,60,75,35,65,66,espn_derived,event=748322,2026-08-12 10:09:20,,,,,,
1053,1053,83,80,60,75,35,64,66,espn_derived,event=748322,2026-08-12 10:09:20,,,,,,
1054,1054,83,80,60,75,35,63,66,espn_derived,event=748322,2026-08-12 10:09:20,,,,,,
1055,1055,80,80,60,75,35,65,66,espn_derived,event=748322,2026-08-12 10:09:20,,,,,,
1056,1056,80,80,60,75,35,65,66,espn_derived,event=748322,2026-08-12 10:09:20,,,,,,
1057,1057,80,80,60,75,35,65,66,espn_derived,event=748322,2026-08-12 10:09:20,,,,,,
1058,1058,83,80,60,75,35,65,66,espn_derived,event=748322,2026-08-12 10:09:20,,,,,,
1059,1059,80,80,60,75,35,65,66,espn_derived,event=748322,2026-08-12 10:09:20,,,,,,
1060,1060,83,80,60,75,35,65,66,espn_derived,event=748322,2026-08-12 10:09:20,,,,,,
1061,1061,80,80,60,75,35,65,66,espn_derived,event=748322,2026-08-12 10:09:20,,,,,,
1062,1062,80,80,60,75,35,65,66,espn_derived,event=748322,2026-08-12 10:09:20,,,,,,
1063,1063,45,35,50,45,38,65,46,espn_derived,event=401843289,2026-08-12 10:09:21,,,,,,
1064,1064,60,40,55,54,75,75,60,espn_derived,event=401843289,2026-08-12 10:09:21,,,,,,
1065,1065,60,40,55,50,75,75,59,espn_derived,event=401843289,2026-08-12 10:09:21,,,,,,
1066,1066,60,55,60,60,55,65,59,espn_derived,event=401843289,2026-08-12 10:09:21,,,,,,
1067,1067,60,55,60,68,55,63,60,espn_derived,event=401843289,2026-08-12 10:09:21,,,,,,
1068,1068,65,60,70,74,55,64,65,espn_derived,event=401843289,2026-08-12 10:09:21,,,,,,
1069,1069,65,71,70,70,55,65,66,espn_derived,event=401843289,2026-08-12 10:09:21,,,,,,
1070,1070,65,60,70,70,55,64,64,espn_derived,event=401843289,2026-08-12 10:09:21,,,,,,
1071,1071,80,86,60,79,35,61,67,espn_derived,event=401843289,2026-08-12 10:09:21,,,,,,
1072,1072,80,80,60,83,35,64,67,espn_derived,event=401843289,2026-08-12 10:09:21,,,,,,
1073,1073,80,80,66,87,35,64,69,espn_derived,event=401843289,2026-08-12 10:09:21,,,,,,
1074,1074,83,80,60,79,35,64,67,espn_derived,event=401843289,2026-08-12 10:09:21,,,,,,
1075,1075,80,80,60,75,35,65,66,espn_derived,event=401843289,2026-08-12 10:09:21,,,,,,
1076,1076,83,80,60,75,35,64,66,espn_derived,event=401843289,2026-08-12 10:09:21,,,,,,
1077,1077,83,80,60,79,35,65,67,espn_derived,event=401843289,2026-08-12 10:09:21,,,,,,
1078,1078,80,80,60,75,35,65,66,espn_derived,event=401843289,2026-08-12 10:09:21,,,,,,
1079,1079,80,80,60,75,35,65,66,espn_derived,event=401843289,2026-08-12 10:09:21,,,,,,
1080,1080,83,80,60,75,35,65,66,espn_derived,event=401843289,2026-08-12 10:09:21,,,,,,
1081,1081,80,80,60,75,35,65,66,espn_derived,event=401843289,2026-08-12 10:09:21,,,,,,
1082,1082,80,80,60,75,35,65,66,espn_derived,event=401843289,2026-08-12 10:09:21,,,,,,
1083,1083,45,35,50,45,36,65,46,espn_derived,event=401843289,2026-08-12 10:09:21,,,,,,
1084,1084,60,40,55,54,75,73,60,espn_derived,event=401843289,2026-08-12 10:09:21,,,,,,
1085,1085,60,40,55,54,75,73,60,espn_derived,event=401843289,2026-08-12 10:09:21,,,,,,
1086,1086,60,40,55,50,75,74,59,espn_derived,event=401843289,2026-08-12 10:09:21,,,,,,
1087,1087,60,66,60,68,55,64,62,espn_derived,event=401843289,2026-08-12 10:09:21,,,,,,
1088,1088,60,67,60,64,55,65,62,espn_derived,event=401843289,2026-08-12 10:09:21,,,,,,
1089,1089,65,60,70,70,55,65,64,espn_derived,event=401843289,2026-08-12 10:09:21,,,,,,
1090,1090,65,60,70,74,55,63,64,espn_derived,event=401843289,2026-08-12 10:09:21,,,,,,
1091,1091,65,60,70,82,55,65,66,espn_derived,event=401843289,2026-08-12 10:09:21,,,,,,
1092,1092,80,91,60,79,35,64,68,espn_derived,event=401843289,2026-08-12 10:09:21,,,,,,
1093,1093,80,80,66,79,35,64,67,espn_derived,event=401843289,2026-08-12 10:09:21,,,,,,
1094,1094,80,80,60,75,35,65,66,espn_derived,event=401843289,2026-08-12 10:09:21,,,,,,
1095,1095,80,80,60,75,35,65,66,espn_derived,event=401843289,2026-08-12 10:09:21,,,,,,
1096,1096,83,80,60,75,35,65,66,espn_derived,event=401843289,2026-08-12 10:09:21,,,,,,
1097,1097,80,80,60,75,35,65,66,espn_derived,event=401843289,2026-08-12 10:09:21,,,,,,
1098,1098,80,80,60,75,35,65,66,espn_derived,event=401843289,2026-08-12 10:09:21,,,,,,
1099,1099,83,80,60,75,35,63,66,espn_derived,event=401843289,2026-08-12 10:09:21,,,,,,
1100,1100,80,80,60,75,35,65,66,espn_derived,event=401843289,2026-08-12 10:09:21,,,,,,
1101,1101,83,80,60,79,35,65,67,espn_derived,event=401843289,2026-08-12 10:09:21,,,,,,
1102,1102,80,80,60,75,35,65,66,espn_derived,event=401843289,2026-08-12 10:09:21,,,,,,
1103,1103,45,35,50,45,40,65,47,espn_derived,event=761529,2026-08-12 10:09:23,,,,,,
1104,1104,60,40,55,54,75,75,60,espn_derived,event=761529,2026-08-12 10:09:23,,,,,,
1105,1105,60,43,55,58,75,73,61,espn_derived,event=761529,2026-08-12 10:09:23,,,,,,
1106,1106,60,40,55,78,75,74,64,espn_derived,event=761529,2026-08-12 10:09:23,,,,,,
1107,1107,65,60,70,74,55,62,64,espn_derived,event=761529,2026-08-12 10:09:23,,,,,,
1108,1108,65,60,70,74,55,64,65,espn_derived,event=761529,2026-08-12 10:09:23,,,,,,
1109,1109,65,60,70,78,55,62,65,espn_derived,event=761529,2026-08-12 10:09:23,,,,,,
1110,1110,65,63,70,78,55,64,66,espn_derived,event=761529,2026-08-12 10:09:23,,,,,,
1111,1111,80,80,60,87,35,63,68,espn_derived,event=761529,2026-08-12 10:09:23,,,,,,
1112,1112,80,80,60,75,35,65,66,espn_derived,event=761529,2026-08-12 10:09:23,,,,,,
1113,1113,80,80,60,75,35,65,66,espn_derived,event=761529,2026-08-12 10:09:23,,,,,,
1114,1114,80,80,60,75,35,65,66,espn_derived,event=761529,2026-08-12 10:09:23,,,,,,
1115,1115,83,80,60,79,35,65,67,espn_derived,event=761529,2026-08-12 10:09:23,,,,,,
1116,1116,80,80,60,75,35,65,66,espn_derived,event=761529,2026-08-12 10:09:23,,,,,,
1117,1117,80,80,60,75,35,65,66,espn_derived,event=761529,2026-08-12 10:09:23,,,,,,
1118,1118,83,80,60,75,35,65,66,espn_derived,event=761529,2026-08-12 10:09:23,,,,,,
1119,1119,83,80,60,75,35,65,66,espn_derived,event=761529,2026-08-12 10:09:23,,,,,,
1120,1120,80,80,60,75,35,65,66,espn_derived,event=761529,2026-08-12 10:09:23,,,,,,
1121,1121,80,80,60,75,35,65,66,espn_derived,event=761529,2026-08-12 10:09:23,,,,,,
1122,1122,83,83,60,75,35,65,67,espn_derived,event=761529,2026-08-12 10:09:23,,,,,,
1123,1123,45,35,50,45,40,65,47,espn_derived,event=761529,2026-08-12 10:09:23,,,,,,
1124,1124,60,43,55,50,75,75,60,espn_derived,event=761529,2026-08-12 10:09:23,,,,,,
1125,1125,60,40,55,50,75,72,59,espn_derived,event=761529,2026-08-12 10:09:23,,,,,,
1126,1126,60,43,55,50,75,72,59,espn_derived,event=761529,2026-08-12 10:09:23,,,,,,
1127,1127,65,60,70,78,55,65,66,espn_derived,event=761529,2026-08-12 10:09:23,,,,,,
1128,1128,65,60,70,74,55,65,65,espn_derived,event=761529,2026-08-12 10:09:23,,,,,,
1129,1129,65,60,70,78,55,63,65,espn_derived,event=761529,2026-08-12 10:09:23,,,,,,
1130,1130,65,60,70,74,55,62,64,espn_derived,event=761529,2026-08-12 10:09:23,,,,,,
1131,1131,65,60,70,74,55,63,64,espn_derived,event=761529,2026-08-12 10:09:23,,,,,,
1132,1132,80,83,60,75,35,62,66,espn_derived,event=761529,2026-08-12 10:09:23,,,,,,
1133,1133,80,80,60,79,35,62,66,espn_derived,event=761529,2026-08-12 10:09:23,,,,,,
1134,1134,83,80,60,75,35,65,66,espn_derived,event=761529,2026-08-12 10:09:23,,,,,,
1135,1135,80,80,60,75,35,65,66,espn_derived,event=761529,2026-08-12 10:09:23,,,,,,
1136,1136,80,80,60,75,35,65,66,espn_derived,event=761529,2026-08-12 10:09:23,,,,,,
1137,1137,80,80,60,75,35,65,66,espn_derived,event=761529,2026-08-12 10:09:23,,,,,,
1138,1138,83,80,66,83,35,64,68,espn_derived,event=761529,2026-08-12 10:09:23,,,,,,
1139,1139,83,80,60,75,35,65,66,espn_derived,event=761529,2026-08-12 10:09:23,,,,,,
1140,1140,83,91,60,75,35,65,68,espn_derived,event=761529,2026-08-12 10:09:23,,,,,,
1141,1141,83,80,60,79,35,65,67,espn_derived,event=761529,2026-08-12 10:09:23,,,,,,
1142,1142,80,80,60,75,35,65,66,espn_derived,event=761529,2026-08-12 10:09:23,,,,,,
1143,1143,45,35,50,45,48,65,48,espn_derived,event=746650,2026-08-12 10:09:23,,,,,,
1144,1144,60,40,55,54,75,73,60,espn_derived,event=746650,2026-08-12 10:09:23,,,,,,
1145,1145,60,40,61,50,75,72,60,espn_derived,event=746650,2026-08-12 10:09:23,,,,,,
1146,1146,60,40,55,54,75,73,60,espn_derived,event=746650,2026-08-12 10:09:23,,,,,,
1147,1147,60,55,60,72,55,62,61,espn_derived,event=746650,2026-08-12 10:09:23,,,,,,
1148,1148,60,55,60,64,55,64,60,espn_derived,event=746650,2026-08-12 10:09:23,,,,,,
1149,1149,65,63,70,74,55,63,65,espn_derived,event=746650,2026-08-12 10:09:23,,,,,,
1150,1150,65,63,70,86,55,65,67,espn_derived,event=746650,2026-08-12 10:09:23,,,,,,
1151,1151,65,74,76,78,55,65,69,espn_derived,event=746650,2026-08-12 10:09:23,,,,,,
1152,1152,65,74,70,78,55,65,68,espn_derived,event=746650,2026-08-12 10:09:23,,,,,,
1153,1153,80,86,60,83,35,64,68,espn_derived,event=746650,2026-08-12 10:09:23,,,,,,
1154,1154,80,80,60,75,35,65,66,espn_derived,event=746650,2026-08-12 10:09:23,,,,,,
1155,1155,80,80,60,75,35,65,66,espn_derived,event=746650,2026-08-12 10:09:23,,,,,,
1156,1156,80,80,60,75,35,65,66,espn_derived,event=746650,2026-08-12 10:09:23,,,,,,
1157,1157,83,80,60,75,35,65,66,espn_derived,event=746650,2026-08-12 10:09:23,,,,,,
1158,1158,80,80,60,75,35,65,66,espn_derived,event=746650,2026-08-12 10:09:23,,,,,,
1159,1159,83,83,60,75,35,64,67,espn_derived,event=746650,2026-08-12 10:09:23,,,,,,
1160,1160,80,80,60,75,35,65,66,espn_derived,event=746650,2026-08-12 10:09:23,,,,,,
1161,1161,83,80,60,75,35,65,66,espn_derived,event=746650,2026-08-12 10:09:23,,,,,,
1162,1162,80,80,60,75,35,65,66,espn_derived,event=746650,2026-08-12 10:09:23,,,,,,
1163,253,45,35,50,45,54,65,49,espn_derived,event=746650,2026-08-12 10:09:23,,,,,,
1164,269,60,40,55,54,75,75,60,espn_derived,event=746650,2026-08-12 10:09:23,,,,,,
1165,254,60,40,55,50,75,73,59,espn_derived,event=746650,2026-08-12 10:09:23,,,,,,
1166,266,60,55,60,64,55,64,60,espn_derived,event=746650,2026-08-12 10:09:23,,,,,,
1167,257,60,55,60,60,55,61,58,espn_derived,event=746650,2026-08-12 10:09:23,,,,,,
1168,272,65,63,70,70,55,66,65,espn_derived,event=746650,2026-08-12 10:09:23,,,,,,
1169,1169,65,71,70,74,55,62,66,espn_derived,event=746650,2026-08-12 10:09:23,,,,,,
1170,260,65,66,70,74,55,63,66,espn_derived,event=746650,2026-08-12 10:09:23,,,,,,
1171,1171,80,80,60,79,35,64,66,espn_derived,event=746650,2026-08-12 10:09:23,,,,,,
1172,262,65,60,70,74,55,66,65,espn_derived,event=746650,2026-08-12 10:09:23,,,,,,
1173,271,65,60,76,78,55,64,66,espn_derived,event=746650,2026-08-12 10:09:23,,,,,,
1174,258,83,83,60,75,35,65,67,espn_derived,event=746650,2026-08-12 10:09:23,,,,,,
1175,264,80,80,60,75,35,65,66,espn_derived,event=746650,2026-08-12 10:09:23,,,,,,
1176,1176,80,80,60,75,35,65,66,espn_derived,event=746650,2026-08-12 10:09:23,,,,,,
1177,267,83,80,66,83,35,64,68,espn_derived,event=746650,2026-08-12 10:09:23,,,,,,
1178,259,83,80,60,75,35,63,66,espn_derived,event=746650,2026-08-12 10:09:23,,,,,,
1179,1179,80,80,60,75,35,65,66,espn_derived,event=746650,2026-08-12 10:09:23,,,,,,
1180,261,83,99,60,91,35,65,72,espn_derived,event=746650,2026-08-12 10:09:23,,,,,,
1181,265,83,86,60,75,35,65,67,espn_derived,event=746650,2026-08-12 10:09:23,,,,,,
1182,270,80,80,60,75,35,65,66,espn_derived,event=746650,2026-08-12 10:09:23,,,,,,
1183,523,45,35,50,45,54,65,49,espn_derived,event=401843309,2026-08-12 10:09:24,,,,,,
1184,525,60,43,55,50,75,74,60,espn_derived,event=401843309,2026-08-12 10:09:24,,,,,,
1185,526,60,43,55,54,75,74,60,espn_derived,event=401843309,2026-08-12 10:09:24,,,,,,
1186,529,60,55,60,60,55,62,59,espn_derived,event=401843309,2026-08-12 10:09:24,,,,,,
1187,530,60,55,60,60,55,62,59,espn_derived,event=401843309,2026-08-12 10:09:24,,,,,,
1188,527,65,63,70,74,55,64,65,espn_derived,event=401843309,2026-08-12 10:09:24,,,,,,
1189,524,65,60,70,70,55,63,64,espn_derived,event=401843309,2026-08-12 10:09:24,,,,,,
1190,536,65,60,70,74,55,63,64,espn_derived,event=401843309,2026-08-12 10:09:24,,,,,,
1191,531,80,86,60,79,35,63,67,espn_derived,event=401843309,2026-08-12 10:09:24,,,,,,
1192,1192,65,66,70,86,55,65,68,espn_derived,event=401843309,2026-08-12 10:09:24,,,,,,
1193,533,65,60,70,82,55,63,66,espn_derived,event=401843309,2026-08-12 10:09:24,,,,,,
1194,537,80,80,60,75,35,65,66,espn_derived,event=401843309,2026-08-12 10:09:24,,,,,,
1195,538,80,80,60,75,35,65,66,espn_derived,event=401843309,2026-08-12 10:09:24,,,,,,
1196,542,80,80,60,75,35,65,66,espn_derived,event=401843309,2026-08-12 10:09:24,,,,,,
1197,541,83,80,60,79,35,65,67,espn_derived,event=401843309,2026-08-12 10:09:24,,,,,,
1198,1198,80,80,60,75,35,65,66,espn_derived,event=401843309,2026-08-12 10:09:24,,,,,,
1199,1199,80,80,60,75,35,65,66,espn_derived,event=401843309,2026-08-12 10:09:24,,,,,,
1200,540,83,80,60,75,35,65,66,espn_derived,event=401843309,2026-08-12 10:09:24,,,,,,
1201,532,83,80,60,75,35,65,66,espn_derived,event=401843309,2026-08-12 10:09:24,,,,,,
1202,1202,45,35,50,45,58,65,50,espn_derived,event=401843309,2026-08-12 10:09:24,,,,,,
1203,1203,60,40,55,58,75,74,60,espn_derived,event=401843309,2026-08-12 10:09:24,,,,,,
1204,1204,60,40,55,50,75,74,59,espn_derived,event=401843309,2026-08-12 10:09:24,,,,,,
1205,1205,60,55,60,72,55,62,61,espn_derived,event=401843309,2026-08-12 10:09:24,,,,,,
1206,1206,60,55,60,60,55,64,59,espn_derived,event=401843309,2026-08-12 10:09:24,,,,,,
1207,1207,65,66,70,78,55,64,66,espn_derived,event=401843309,2026-08-12 10:09:24,,,,,,
1208,1208,65,60,70,74,55,64,65,espn_derived,event=401843309,2026-08-12 10:09:24,,,,,,
1209,1209,65,60,70,86,55,64,67,espn_derived,event=401843309,2026-08-12 10:09:24,,,,,,
1210,1210,65,60,70,86,55,64,67,espn_derived,event=401843309,2026-08-12 10:09:24,,,,,,
1211,1211,80,89,60,79,35,65,68,espn_derived,event=401843309,2026-08-12 10:09:24,,,,,,
1212,1212,80,83,60,75,35,63,66,espn_derived,event=401843309,2026-08-12 10:09:24,,,,,,
1213,1213,80,80,60,75,35,65,66,espn_derived,event=401843309,2026-08-12 10:09:24,,,,,,
1214,1214,80,80,60,75,35,65,66,espn_derived,event=401843309,2026-08-12 10:09:24,,,,,,
1215,1215,83,80,60,75,35,65,66,espn_derived,event=401843309,2026-08-12 10:09:24,,,,,,
1216,1216,80,80,60,75,35,65,66,espn_derived,event=401843309,2026-08-12 10:09:24,,,,,,
1217,1217,80,80,60,75,35,65,66,espn_derived,event=401843309,2026-08-12 10:09:24,,,,,,
1218,1218,83,83,60,75,35,65,67,espn_derived,event=401843309,2026-08-12 10:09:24,,,,,,
1219,1219,83,80,60,75,35,65,66,espn_derived,event=401843309,2026-08-12 10:09:24,,,,,,
1220,1220,80,80,60,75,35,65,66,espn_derived,event=401843309,2026-08-12 10:09:24,,,,,,
1221,1221,80,80,60,75,35,65,66,espn_derived,event=401843309,2026-08-12 10:09:24,,,,,,
1222,391,45,35,50,45,46,65,48,espn_derived,event=746583,2026-08-12 10:09:25,,,,,,
1223,392,60,40,55,50,75,75,59,espn_derived,event=746583,2026-08-12 10:09:25,,,,,,
1224,394,60,40,55,54,75,74,60,espn_derived,event=746583,2026-08-12 10:09:25,,,,,,
1225,1225,60,55,66,64,55,65,61,espn_derived,event=746583,2026-08-12 10:09:25,,,,,,
1226,398,60,55,60,60,55,61,58,espn_derived,event=746583,2026-08-12 10:09:25,,,,,,
1227,396,65,60,70,78,55,64,65,espn_derived,event=746583,2026-08-12 10:09:25,,,,,,
1228,397,65,60,70,74,55,63,64,espn_derived,event=746583,2026-08-12 10:09:25,,,,,,
1229,401,65,71,70,74,55,64,66,espn_derived,event=746583,2026-08-12 10:09:25,,,,,,
1230,399,80,83,60,75,35,64,66,espn_derived,event=746583,2026-08-12 10:09:25,,,,,,
1231,1231,80,80,60,79,35,62,66,espn_derived,event=746583,2026-08-12 10:09:25,,,,,,
1232,1232,80,80,60,79,35,64,66,espn_derived,event=746583,2026-08-12 10:09:25,,,,,,
1233,393,83,80,60,75,35,65,66,espn_derived,event=746583,2026-08-12 10:09:25,,,,,,
1234,403,80,80,60,75,35,65,66,espn_derived,event=746583,2026-08-12 10:09:25,,,,,,
1235,407,83,80,60,75,35,65,66,espn_derived,event=746583,2026-08-12 10:09:25,,,,,,
1236,410,83,80,60,75,35,65,66,espn_derived,event=746583,2026-08-12 10:09:25,,,,,,
1237,409,80,80,60,75,35,65,66,espn_derived,event=746583,2026-08-12 10:09:25,,,,,,
1238,404,80,80,60,75,35,65,66,espn_derived,event=746583,2026-08-12 10:09:25,,,,,,
1239,1239,80,80,60,75,35,65,66,espn_derived,event=746583,2026-08-12 10:09:25,,,,,,
1240,1240,80,80,60,75,35,65,66,espn_derived,event=746583,2026-08-12 10:09:25,,,,,,
1241,408,80,80,60,75,35,65,66,espn_derived,event=746583,2026-08-12 10:09:25,,,,,,
1242,233,45,35,50,45,32,65,45,espn_derived,event=746583,2026-08-12 10:09:25,,,,,,
1243,235,60,40,55,54,75,75,60,espn_derived,event=746583,2026-08-12 10:09:25,,,,,,
1244,236,60,40,55,50,75,74,59,espn_derived,event=746583,2026-08-12 10:09:25,,,,,,
1245,237,60,61,60,76,55,65,63,espn_derived,event=746583,2026-08-12 10:09:25,,,,,,
1246,238,60,55,60,64,55,63,60,espn_derived,event=746583,2026-08-12 10:09:25,,,,,,
1247,1247,65,60,70,74,55,65,65,espn_derived,event=746583,2026-08-12 10:09:25,,,,,,
1248,1248,65,60,70,74,55,65,65,espn_derived,event=746583,2026-08-12 10:09:25,,,,,,
1249,239,65,60,70,74,55,64,65,espn_derived,event=746583,2026-08-12 10:09:25,,,,,,
1250,241,80,86,60,83,35,63,68,espn_derived,event=746583,2026-08-12 10:09:25,,,,,,
1251,249,65,60,70,78,55,66,66,espn_derived,event=746583,2026-08-12 10:09:25,,,,,,
1252,240,65,60,70,70,55,62,64,espn_derived,event=746583,2026-08-12 10:09:25,,,,,,
1253,248,80,80,60,75,35,65,66,espn_derived,event=746583,2026-08-12 10:09:25,,,,,,
1254,234,80,80,60,75,35,65,66,espn_derived,event=746583,2026-08-12 10:09:25,,,,,,
1255,246,80,80,60,75,35,65,66,espn_derived,event=746583,2026-08-12 10:09:25,,,,,,
1256,251,83,80,60,75,35,65,66,espn_derived,event=746583,2026-08-12 10:09:25,,,,,,
1257,244,83,80,60,75,35,64,66,espn_derived,event=746583,2026-08-12 10:09:25,,,,,,
1258,243,83,80,60,75,35,65,66,espn_derived,event=746583,2026-08-12 10:09:25,,,,,,
1259,245,83,80,60,79,35,64,67,espn_derived,event=746583,2026-08-12 10:09:25,,,,,,
1260,247,80,80,60,75,35,65,66,espn_derived,event=746583,2026-08-12 10:09:25,,,,,,
1261,250,80,80,60,75,35,65,66,espn_derived,event=746583,2026-08-12 10:09:25,,,,,,
1262,1262,45,35,50,45,26,65,44,espn_derived,event=746937,2026-08-12 10:09:26,,,,,,
1263,1263,60,40,55,54,75,72,59,espn_derived,event=746937,2026-08-12 10:09:26,,,,,,
1264,1264,60,40,55,62,75,75,61,espn_derived,event=746937,2026-08-12 10:09:26,,,,,,
1265,1265,60,40,55,50,75,75,59,espn_derived,event=746937,2026-08-12 10:09:26,,,,,,
1266,1266,65,60,70,70,55,65,64,espn_derived,event=746937,2026-08-12 10:09:26,,,,,,
1267,1267,65,60,70,78,55,64,65,espn_derived,event=746937,2026-08-12 10:09:26,,,,,,
1268,1268,65,63,70,78,55,64,66,espn_derived,event=746937,2026-08-12 10:09:26,,,,,,
1269,1269,65,71,70,78,55,65,67,espn_derived,event=746937,2026-08-12 10:09:26,,,,,,
1270,1270,65,60,70,74,55,65,65,espn_derived,event=746937,2026-08-12 10:09:26,,,,,,
1271,1271,80,80,60,79,35,65,66,espn_derived,event=746937,2026-08-12 10:09:26,,,,,,
1272,1272,80,80,60,75,35,66,66,espn_derived,event=746937,2026-08-12 10:09:26,,,,,,
1273,1273,83,80,60,75,35,65,66,espn_derived,event=746937,2026-08-12 10:09:26,,,,,,
1274,1274,80,80,60,75,35,65,66,espn_derived,event=746937,2026-08-12 10:09:26,,,,,,
1275,1275,83,80,60,75,35,65,66,espn_derived,event=746937,2026-08-12 10:09:26,,,,,,
1276,1276,80,80,60,75,35,65,66,espn_derived,event=746937,2026-08-12 10:09:26,,,,,,
1277,1277,80,80,60,75,35,65,66,espn_derived,event=746937,2026-08-12 10:09:26,,,,,,
1278,1278,83,80,60,75,35,65,66,espn_derived,event=746937,2026-08-12 10:09:26,,,,,,
1279,1279,80,80,60,75,35,65,66,espn_derived,event=746937,2026-08-12 10:09:26,,,,,,
1280,1280,83,80,60,79,35,65,67,espn_derived,event=746937,2026-08-12 10:09:26,,,,,,
1281,1281,80,80,60,75,35,65,66,espn_derived,event=746937,2026-08-12 10:09:26,,,,,,
1282,1282,45,35,50,45,32,65,45,espn_derived,event=746937,2026-08-12 10:09:26,,,,,,
1283,1283,60,40,55,50,75,75,59,espn_derived,event=746937,2026-08-12 10:09:26,,,,,,
1284,1284,60,40,55,50,75,74,59,espn_derived,event=746937,2026-08-12 10:09:26,,,,,,
1285,1285,60,66,60,64,55,64,62,espn_derived,event=746937,2026-08-12 10:09:26,,,,,,
1286,1286,60,55,60,60,55,64,59,espn_derived,event=746937,2026-08-12 10:09:26,,,,,,
1287,1287,65,60,70,70,55,64,64,espn_derived,event=746937,2026-08-12 10:09:26,,,,,,
1288,1288,65,60,76,70,55,64,65,espn_derived,event=746937,2026-08-12 10:09:26,,,,,,
1289,1289,65,74,76,74,55,64,68,espn_derived,event=746937,2026-08-12 10:09:26,,,,,,
1290,1290,80,80,60,83,35,62,67,espn_derived,event=746937,2026-08-12 10:09:26,,,,,,
1291,1291,80,80,66,75,35,63,66,espn_derived,event=746937,2026-08-12 10:09:26,,,,,,
1292,1292,80,91,60,79,35,64,68,espn_derived,event=746937,2026-08-12 10:09:26,,,,,,
1293,1293,80,80,60,75,35,65,66,espn_derived,event=746937,2026-08-12 10:09:26,,,,,,
1294,1294,80,80,60,75,35,65,66,espn_derived,event=746937,2026-08-12 10:09:26,,,,,,
1295,1295,80,80,60,75,35,65,66,espn_derived,event=746937,2026-08-12 10:09:26,,,,,,
1296,1296,83,91,60,75,35,65,68,espn_derived,event=746937,2026-08-12 10:09:26,,,,,,
1297,1297,80,80,60,75,35,65,66,espn_derived,event=746937,2026-08-12 10:09:26,,,,,,
1298,1298,83,80,60,75,35,64,66,espn_derived,event=746937,2026-08-12 10:09:26,,,,,,
1299,1299,83,80,66,75,35,65,67,espn_derived,event=746937,2026-08-12 10:09:26,,,,,,
1300,1300,83,80,60,75,35,66,66,espn_derived,event=746937,2026-08-12 10:09:26,,,,,,
1301,1301,83,80,60,75,35,65,66,espn_derived,event=746937,2026-08-12 10:09:26,,,,,,
1302,24,45,35,50,45,42,65,47,espn_derived,event=401862906,2026-08-12 10:09:26,,,,,,
1303,25,60,40,55,50,75,72,59,espn_derived,event=401862906,2026-08-12 10:09:26,,,,,,
1304,26,60,51,55,54,75,75,62,espn_derived,event=401862906,2026-08-12 10:09:26,,,,,,
1305,27,60,58,66,64,55,62,61,espn_derived,event=401862906,2026-08-12 10:09:26,,,,,,
1306,28,60,55,60,68,55,65,60,espn_derived,event=401862906,2026-08-12 10:09:26,,,,,,
1307,29,65,77,76,74,55,63,68,espn_derived,event=401862906,2026-08-12 10:09:26,,,,,,
1308,30,65,60,70,74,55,64,65,espn_derived,event=401862906,2026-08-12 10:09:26,,,,,,
1309,39,65,60,70,82,55,63,66,espn_derived,event=401862906,2026-08-12 10:09:26,,,,,,
1310,32,80,91,60,83,35,65,69,espn_derived,event=401862906,2026-08-12 10:09:26,,,,,,
1311,33,65,71,70,78,55,65,67,espn_derived,event=401862906,2026-08-12 10:09:26,,,,,,
1312,34,65,60,76,78,55,64,66,espn_derived,event=401862906,2026-08-12 10:09:26,,,,,,
1313,38,80,80,60,75,35,65,66,espn_derived,event=401862906,2026-08-12 10:09:26,,,,,,
1314,35,80,80,60,75,35,65,66,espn_derived,event=401862906,2026-08-12 10:09:26,,,,,,
1315,45,80,80,60,75,35,65,66,espn_derived,event=401862906,2026-08-12 10:09:26,,,,,,
1316,43,83,80,60,79,35,64,67,espn_derived,event=401862906,2026-08-12 10:09:26,,,,,,
1317,37,83,80,66,75,35,65,67,espn_derived,event=401862906,2026-08-12 10:09:26,,,,,,
1318,40,80,80,60,75,35,65,66,espn_derived,event=401862906,2026-08-12 10:09:26,,,,,,
1319,36,83,80,60,75,35,65,66,espn_derived,event=401862906,2026-08-12 10:09:26,,,,,,
1320,44,80,80,60,75,35,65,66,espn_derived,event=401862906,2026-08-12 10:09:26,,,,,,
1321,31,80,80,60,75,35,65,66,espn_derived,event=401862906,2026-08-12 10:09:26,,,,,,
1322,41,80,80,60,75,35,65,66,espn_derived,event=401862906,2026-08-12 10:09:26,,,,,,
1323,42,83,80,60,75,35,65,66,espn_derived,event=401862906,2026-08-12 10:09:26,,,,,,
1324,46,83,80,60,75,35,65,66,espn_derived,event=401862906,2026-08-12 10:09:26,,,,,,
1325,1325,45,35,50,45,34,65,46,espn_derived,event=401862906,2026-08-12 10:09:26,,,,,,
1326,1326,60,40,55,54,75,74,60,espn_derived,event=401862906,2026-08-12 10:09:26,,,,,,
1327,1327,60,40,55,50,75,73,59,espn_derived,event=401862906,2026-08-12 10:09:26,,,,,,
1328,1328,60,55,60,64,55,63,60,espn_derived,event=401862906,2026-08-12 10:09:26,,,,,,
1329,1329,60,55,60,60,55,64,59,espn_derived,event=401862906,2026-08-12 10:09:26,,,,,,
1330,1330,65,60,70,70,55,61,64,espn_derived,event=401862906,2026-08-12 10:09:26,,,,,,
1331,1331,65,63,70,74,55,65,65,espn_derived,event=401862906,2026-08-12 10:09:26,,,,,,
1332,1332,65,60,70,74,55,65,65,espn_derived,event=401862906,2026-08-12 10:09:26,,,,,,
1333,1333,80,80,60,87,35,64,68,espn_derived,event=401862906,2026-08-12 10:09:26,,,,,,
1334,1334,65,60,70,70,55,62,64,espn_derived,event=401862906,2026-08-12 10:09:26,,,,,,
1335,1335,65,66,70,86,55,64,68,espn_derived,event=401862906,2026-08-12 10:09:26,,,,,,
1336,1336,80,80,60,75,35,65,66,espn_derived,event=401862906,2026-08-12 10:09:26,,,,,,
1337,1337,80,80,60,75,35,65,66,espn_derived,event=401862906,2026-08-12 10:09:26,,,,,,
1338,1338,83,83,60,75,35,66,67,espn_derived,event=401862906,2026-08-12 10:09:26,,,,,,
1339,1339,80,80,60,75,35,65,66,espn_derived,event=401862906,2026-08-12 10:09:26,,,,,,
1340,1340,80,80,60,75,35,65,66,espn_derived,event=401862906,2026-08-12 10:09:26,,,,,,
1341,1341,83,80,60,75,35,64,66,espn_derived,event=401862906,2026-08-12 10:09:26,,,,,,
1342,1342,83,80,60,79,35,65,67,espn_derived,event=401862906,2026-08-12 10:09:26,,,,,,
1343,1343,80,80,60,75,35,65,66,espn_derived,event=401862906,2026-08-12 10:09:26,,,,,,
1344,1344,80,80,60,75,35,65,66,espn_derived,event=401862906,2026-08-12 10:09:26,,,,,,
1345,1345,83,80,60,75,35,64,66,espn_derived,event=401862906,2026-08-12 10:09:26,,,,,,
1346,1346,83,80,60,75,35,65,66,espn_derived,event=401862906,2026-08-12 10:09:26,,,,,,
1347,1347,45,35,50,45,46,65,48,espn_derived,event=736985,2026-08-12 10:09:28,,,,,,
1348,1348,60,40,55,50,75,73,59,espn_derived,event=736985,2026-08-12 10:09:28,,,,,,
1349,1349,60,40,55,54,75,75,60,espn_derived,event=736985,2026-08-12 10:09:28,,,,,,
1350,1350,60,40,55,58,75,72,60,espn_derived,event=736985,2026-08-12 10:09:28,,,,,,
1351,1351,65,63,70,70,55,65,65,espn_derived,event=736985,2026-08-12 10:09:28,,,,,,
1352,1352,65,60,70,82,55,64,66,espn_derived,event=736985,2026-08-12 10:09:28,,,,,,
1353,1353,65,60,70,70,55,65,64,espn_derived,event=736985,2026-08-12 10:09:28,,,,,,
1354,1354,65,60,70,70,55,64,64,espn_derived,event=736985,2026-08-12 10:09:28,,,,,,
1355,1355,65,60,70,74,55,64,65,espn_derived,event=736985,2026-08-12 10:09:28,,,,,,
1356,1356,80,80,60,87,35,65,68,espn_derived,event=736985,2026-08-12 10:09:28,,,,,,
1357,1357,80,80,60,83,35,64,67,espn_derived,event=736985,2026-08-12 10:09:28,,,,,,
1358,1358,83,80,60,75,35,65,66,espn_derived,event=736985,2026-08-12 10:09:28,,,,,,
1359,1359,80,80,60,75,35,65,66,espn_derived,event=736985,2026-08-12 10:09:28,,,,,,
1360,1360,80,80,60,75,35,65,66,espn_derived,event=736985,2026-08-12 10:09:28,,,,,,
1361,1361,83,80,60,75,35,65,66,espn_derived,event=736985,2026-08-12 10:09:28,,,,,,
1362,1362,80,80,60,75,35,65,66,espn_derived,event=736985,2026-08-12 10:09:28,,,,,,
1363,1363,80,80,60,75,35,65,66,espn_derived,event=736985,2026-08-12 10:09:28,,,,,,
1364,1364,80,80,60,75,35,65,66,espn_derived,event=736985,2026-08-12 10:09:28,,,,,,
1365,1365,83,80,60,75,35,65,66,espn_derived,event=736985,2026-08-12 10:09:28,,,,,,
1366,1366,80,80,60,75,35,65,66,espn_derived,event=736985,2026-08-12 10:09:28,,,,,,
1367,1367,83,80,60,75,35,64,66,espn_derived,event=736985,2026-08-12 10:09:28,,,,,,
1368,1368,83,80,60,79,35,65,67,espn_derived,event=736985,2026-08-12 10:09:28,,,,,,
1369,1369,45,35,50,45,34,65,46,espn_derived,event=736985,2026-08-12 10:09:28,,,,,,
1370,1370,60,40,55,50,75,73,59,espn_derived,event=736985,2026-08-12 10:09:28,,,,,,
1371,1371,60,40,55,54,75,74,60,espn_derived,event=736985,2026-08-12 10:09:28,,,,,,
1372,1372,60,40,55,50,75,74,59,espn_derived,event=736985,2026-08-12 10:09:28,,,,,,
1373,1373,65,63,70,74,55,62,65,espn_derived,event=736985,2026-08-12 10:09:28,,,,,,
1374,1374,65,60,70,78,55,64,65,espn_derived,event=736985,2026-08-12 10:09:28,,,,,,
1375,1375,65,60,70,78,55,65,66,espn_derived,event=736985,2026-08-12 10:09:28,,,,,,
1376,1376,65,60,70,70,55,65,64,espn_derived,event=736985,2026-08-12 10:09:28,,,,,,
1377,1377,80,80,60,83,35,67,68,espn_derived,event=736985,2026-08-12 10:09:28,,,,,,
1378,1378,80,80,60,87,35,63,68,espn_derived,event=736985,2026-08-12 10:09:28,,,,,,
1379,1379,80,86,60,79,35,65,68,espn_derived,event=736985,2026-08-12 10:09:28,,,,,,
1380,1380,83,80,60,75,35,64,66,espn_derived,event=736985,2026-08-12 10:09:28,,,,,,
1381,1381,80,80,60,75,35,65,66,espn_derived,event=736985,2026-08-12 10:09:28,,,,,,
1382,1382,80,80,60,75,35,65,66,espn_derived,event=736985,2026-08-12 10:09:28,,,,,,
1383,1383,80,80,60,75,35,65,66,espn_derived,event=736985,2026-08-12 10:09:28,,,,,,
1384,1384,80,80,60,75,35,65,66,espn_derived,event=736985,2026-08-12 10:09:28,,,,,,
1385,1385,80,80,60,75,35,65,66,espn_derived,event=736985,2026-08-12 10:09:28,,,,,,
1386,1386,80,80,60,75,35,65,66,espn_derived,event=736985,2026-08-12 10:09:28,,,,,,
1387,1387,83,83,60,75,35,65,67,espn_derived,event=736985,2026-08-12 10:09:28,,,,,,
1388,1388,83,80,60,75,35,65,66,espn_derived,event=736985,2026-08-12 10:09:28,,,,,,
1389,1389,80,80,60,75,35,65,66,espn_derived,event=736985,2026-08-12 10:09:28,,,,,,
1390,725,45,35,50,45,34,65,46,espn_derived,event=748376,2026-08-12 10:09:29,,,,,,
1391,740,60,43,55,50,75,75,60,espn_derived,event=748376,2026-08-12 10:09:29,,,,,,
1392,727,60,40,55,58,75,72,60,espn_derived,event=748376,2026-08-12 10:09:29,,,,,,
1393,728,60,40,55,50,75,75,59,espn_derived,event=748376,2026-08-12 10:09:29,,,,,,
1394,729,65,60,70,86,55,64,67,espn_derived,event=748376,2026-08-12 10:09:29,,,,,,
1395,730,65,63,70,78,55,64,66,espn_derived,event=748376,2026-08-12 10:09:29,,,,,,
1396,731,65,60,70,82,55,64,66,espn_derived,event=748376,2026-08-12 10:09:29,,,,,,
1397,732,65,60,70,90,55,63,67,espn_derived,event=748376,2026-08-12 10:09:29,,,,,,
1398,733,65,60,70,74,55,62,64,espn_derived,event=748376,2026-08-12 10:09:29,,,,,,
1399,734,80,86,60,75,35,65,67,espn_derived,event=748376,2026-08-12 10:09:29,,,,,,
1400,745,80,83,60,79,35,64,67,espn_derived,event=748376,2026-08-12 10:09:29,,,,,,
1401,852,80,80,60,75,35,65,66,espn_derived,event=748376,2026-08-12 10:09:29,,,,,,
1402,735,83,80,60,75,35,64,66,espn_derived,event=748376,2026-08-12 10:09:29,,,,,,
1403,747,80,80,60,75,35,65,66,espn_derived,event=748376,2026-08-12 10:09:29,,,,,,
1404,741,80,80,60,75,35,65,66,espn_derived,event=748376,2026-08-12 10:09:29,,,,,,
1405,738,80,80,60,75,35,65,66,espn_derived,event=748376,2026-08-12 10:09:29,,,,,,
1406,739,80,80,60,75,35,65,66,espn_derived,event=748376,2026-08-12 10:09:29,,,,,,
1407,1407,80,80,60,75,35,65,66,espn_derived,event=748376,2026-08-12 10:09:29,,,,,,
1408,1408,83,80,60,75,35,65,66,espn_derived,event=748376,2026-08-12 10:09:29,,,,,,
1409,737,80,80,60,75,35,65,66,espn_derived,event=748376,2026-08-12 10:09:29,,,,,,
1410,743,83,80,60,75,35,65,66,espn_derived,event=748376,2026-08-12 10:09:29,,,,,,
1411,736,83,80,60,75,35,65,66,espn_derived,event=748376,2026-08-12 10:09:29,,,,,,
1412,746,80,80,60,75,35,65,66,espn_derived,event=748376,2026-08-12 10:09:29,,,,,,
1413,793,45,35,50,45,50,65,48,espn_derived,event=748376,2026-08-12 10:09:29,,,,,,
1414,794,60,40,55,50,75,73,59,espn_derived,event=748376,2026-08-12 10:09:29,,,,,,
1415,795,60,40,55,50,75,75,59,espn_derived,event=748376,2026-08-12 10:09:29,,,,,,
1416,796,60,55,60,72,55,65,61,espn_derived,event=748376,2026-08-12 10:09:29,,,,,,
1417,797,60,55,60,60,55,62,59,espn_derived,event=748376,2026-08-12 10:09:29,,,,,,
1418,798,65,60,70,74,55,64,65,espn_derived,event=748376,2026-08-12 10:09:29,,,,,,
1419,813,65,60,70,74,55,64,65,espn_derived,event=748376,2026-08-12 10:09:29,,,,,,
1420,800,65,60,70,74,55,64,65,espn_derived,event=748376,2026-08-12 10:09:29,,,,,,
1421,801,80,80,60,79,35,67,67,espn_derived,event=748376,2026-08-12 10:09:29,,,,,,
1422,1422,65,63,70,74,55,63,65,espn_derived,event=748376,2026-08-12 10:09:29,,,,,,
1423,803,65,60,70,86,55,61,66,espn_derived,event=748376,2026-08-12 10:09:29,,,,,,
1424,807,80,80,60,75,35,65,66,espn_derived,event=748376,2026-08-12 10:09:29,,,,,,
1425,805,83,80,60,75,35,65,66,espn_derived,event=748376,2026-08-12 10:09:29,,,,,,
1426,804,80,80,60,75,35,65,66,espn_derived,event=748376,2026-08-12 10:09:29,,,,,,
1427,812,80,80,60,75,35,65,66,espn_derived,event=748376,2026-08-12 10:09:29,,,,,,
1428,811,80,80,60,75,35,65,66,espn_derived,event=748376,2026-08-12 10:09:29,,,,,,
1429,809,83,80,60,75,35,63,66,espn_derived,event=748376,2026-08-12 10:09:29,,,,,,
1430,802,83,80,60,79,35,66,67,espn_derived,event=748376,2026-08-12 10:09:29,,,,,,
1431,808,83,83,60,75,35,65,67,espn_derived,event=748376,2026-08-12 10:09:29,,,,,,
1432,806,80,80,60,75,35,65,66,espn_derived,event=748376,2026-08-12 10:09:29,,,,,,
1433,799,83,80,60,75,35,64,66,espn_derived,event=748376,2026-08-12 10:09:29,,,,,,
1434,431,45,35,50,49,30,65,46,espn_derived,event=746889,2026-08-12 10:09:31,,,,,,
1435,432,60,51,55,50,75,74,61,espn_derived,event=746889,2026-08-12 10:09:31,,,,,,
1436,1436,60,40,55,50,75,75,59,espn_derived,event=746889,2026-08-12 10:09:31,,,,,,
1437,1437,60,40,55,58,75,75,60,espn_derived,event=746889,2026-08-12 10:09:31,,,,,,
1438,435,65,60,70,74,55,65,65,espn_derived,event=746889,2026-08-12 10:09:31,,,,,,
1439,436,65,60,70,74,55,65,65,espn_derived,event=746889,2026-08-12 10:09:31,,,,,,
1440,437,65,60,70,74,55,65,65,espn_derived,event=746889,2026-08-12 10:09:31,,,,,,
1441,451,65,60,70,74,55,63,64,espn_derived,event=746889,2026-08-12 10:09:31,,,,,,
1442,439,80,99,60,83,35,63,70,espn_derived,event=746889,2026-08-12 10:09:31,,,,,,
1443,440,80,80,60,75,35,65,66,espn_derived,event=746889,2026-08-12 10:09:31,,,,,,
1444,443,80,83,60,79,35,64,67,espn_derived,event=746889,2026-08-12 10:09:31,,,,,,
1445,441,83,80,66,75,35,64,67,espn_derived,event=746889,2026-08-12 10:09:31,,,,,,
1446,433,80,80,60,75,35,65,66,espn_derived,event=746889,2026-08-12 10:09:31,,,,,,
1447,446,83,80,60,75,35,65,66,espn_derived,event=746889,2026-08-12 10:09:31,,,,,,
1448,447,80,80,60,75,35,65,66,espn_derived,event=746889,2026-08-12 10:09:31,,,,,,
1449,453,83,80,60,75,35,63,66,espn_derived,event=746889,2026-08-12 10:09:31,,,,,,
1450,438,80,80,60,75,35,65,66,espn_derived,event=746889,2026-08-12 10:09:31,,,,,,
1451,1451,83,80,60,75,35,64,66,espn_derived,event=746889,2026-08-12 10:09:31,,,,,,
1452,1452,80,80,60,75,35,65,66,espn_derived,event=746889,2026-08-12 10:09:31,,,,,,
1453,452,83,80,60,75,35,64,66,espn_derived,event=746889,2026-08-12 10:09:31,,,,,,
1454,1454,45,35,50,45,32,65,45,espn_derived,event=746889,2026-08-12 10:09:31,,,,,,
1455,1455,60,40,55,54,75,74,60,espn_derived,event=746889,2026-08-12 10:09:31,,,,,,
1456,1456,60,40,55,58,75,72,60,espn_derived,event=746889,2026-08-12 10:09:31,,,,,,
1457,1457,60,40,55,54,75,75,60,espn_derived,event=746889,2026-08-12 10:09:31,,,,,,
1458,1458,65,60,70,70,55,64,64,espn_derived,event=746889,2026-08-12 10:09:31,,,,,,
1459,1459,65,82,70,70,55,64,68,espn_derived,event=746889,2026-08-12 10:09:31,,,,,,
1460,1460,65,60,70,86,55,65,67,espn_derived,event=746889,2026-08-12 10:09:31,,,,,,
1461,1461,65,60,70,70,55,64,64,espn_derived,event=746889,2026-08-12 10:09:31,,,,,,
1462,1462,80,80,60,75,35,66,66,espn_derived,event=746889,2026-08-12 10:09:31,,,,,,
1463,1463,80,80,60,75,35,66,66,espn_derived,event=746889,2026-08-12 10:09:31,,,,,,
1464,1464,80,83,66,75,35,65,67,espn_derived,event=746889,2026-08-12 10:09:31,,,,,,
1465,1465,80,80,60,75,35,65,66,espn_derived,event=746889,2026-08-12 10:09:31,,,,,,
1466,1466,83,80,60,75,35,64,66,espn_derived,event=746889,2026-08-12 10:09:31,,,,,,
1467,1467,83,80,60,75,35,65,66,espn_derived,event=746889,2026-08-12 10:09:31,,,,,,
1468,1468,80,80,60,75,35,65,66,espn_derived,event=746889,2026-08-12 10:09:31,,,,,,
1469,1469,83,80,60,87,35,66,68,espn_derived,event=746889,2026-08-12 10:09:31,,,,,,
1470,1470,80,80,60,75,35,65,66,espn_derived,event=746889,2026-08-12 10:09:31,,,,,,
1471,1471,80,80,60,75,35,65,66,espn_derived,event=746889,2026-08-12 10:09:31,,,,,,
1472,1472,83,80,60,75,35,65,66,espn_derived,event=746889,2026-08-12 10:09:31,,,,,,
1473,1473,83,80,60,75,35,65,66,espn_derived,event=746889,2026-08-12 10:09:31,,,,,,
1474,1019,45,35,50,45,38,65,46,espn_derived,event=748367,2026-08-12 10:09:32,,,,,,
1475,1020,60,43,55,54,75,72,60,espn_derived,event=748367,2026-08-12 10:09:32,,,,,,
1476,1476,60,40,55,50,75,72,59,espn_derived,event=748367,2026-08-12 10:09:32,,,,,,
1477,1024,60,55,60,68,55,64,60,espn_derived,event=748367,2026-08-12 10:09:32,,,,,,
1478,1021,60,55,60,64,55,65,60,espn_derived,event=748367,2026-08-12 10:09:32,,,,,,
1479,1022,65,60,70,74,55,63,64,espn_derived,event=748367,2026-08-12 10:09:32,,,,,,
1480,1026,65,60,70,74,55,65,65,espn_derived,event=748367,2026-08-12 10:09:32,,,,,,
1481,1027,65,60,70,74,55,64,65,espn_derived,event=748367,2026-08-12 10:09:32,,,,,,
1482,1028,65,60,70,78,55,63,65,espn_derived,event=748367,2026-08-12 10:09:32,,,,,,
1483,1031,80,80,60,99,35,62,69,espn_derived,event=748367,2026-08-12 10:09:32,,,,,,
1484,1029,80,83,60,79,35,65,67,espn_derived,event=748367,2026-08-12 10:09:32,,,,,,
1485,1023,83,80,60,75,35,64,66,espn_derived,event=748367,2026-08-12 10:09:32,,,,,,
1486,1486,83,83,60,75,35,66,67,espn_derived,event=748367,2026-08-12 10:09:32,,,,,,
1487,1032,80,80,60,75,35,65,66,espn_derived,event=748367,2026-08-12 10:09:32,,,,,,
1488,1025,83,83,60,79,35,63,67,espn_derived,event=748367,2026-08-12 10:09:32,,,,,,
1489,1039,80,80,60,75,35,65,66,espn_derived,event=748367,2026-08-12 10:09:32,,,,,,
1490,1030,83,83,60,75,35,65,67,espn_derived,event=748367,2026-08-12 10:09:32,,,,,,
1491,1491,80,80,60,75,35,65,66,espn_derived,event=748367,2026-08-12 10:09:32,,,,,,
1492,1034,83,80,60,75,35,65,66,espn_derived,event=748367,2026-08-12 10:09:32,,,,,,
1493,1036,80,80,60,75,35,65,66,espn_derived,event=748367,2026-08-12 10:09:32,,,,,,
1494,1494,45,35,50,45,50,65,48,espn_derived,event=748367,2026-08-12 10:09:32,,,,,,
1495,1495,60,40,55,66,75,73,62,espn_derived,event=748367,2026-08-12 10:09:32,,,,,,
1496,1496,60,40,55,50,75,74,59,espn_derived,event=748367,2026-08-12 10:09:32,,,,,,
1497,1497,60,40,55,58,75,74,60,espn_derived,event=748367,2026-08-12 10:09:32,,,,,,
1498,1498,60,55,60,64,55,61,59,espn_derived,event=748367,2026-08-12 10:09:32,,,,,,
1499,1499,60,58,60,60,55,64,60,espn_derived,event=748367,2026-08-12 10:09:32,,,,,,
1500,1500,65,60,76,78,55,63,66,espn_derived,event=748367,2026-08-12 10:09:32,,,,,,
1501,1501,65,71,70,86,55,64,68,espn_derived,event=748367,2026-08-12 10:09:32,,,,,,
1502,1502,65,60,70,70,55,64,64,espn_derived,event=748367,2026-08-12 10:09:32,,,,,,
1503,1503,80,83,60,79,35,65,67,espn_derived,event=748367,2026-08-12 10:09:32,,,,,,
1504,1504,80,91,60,91,35,67,71,espn_derived,event=748367,2026-08-12 10:09:32,,,,,,
1505,1505,83,80,60,75,35,65,66,espn_derived,event=748367,2026-08-12 10:09:32,,,,,,
1506,1506,80,80,60,75,35,65,66,espn_derived,event=748367,2026-08-12 10:09:32,,,,,,
1507,1507,80,80,60,75,35,65,66,espn_derived,event=748367,2026-08-12 10:09:32,,,,,,
1508,1508,80,80,60,75,35,65,66,espn_derived,event=748367,2026-08-12 10:09:32,,,,,,
1509,1509,83,80,60,75,35,59,65,espn_derived,event=748367,2026-08-12 10:09:32,,,,,,
1510,1510,80,80,60,75,35,65,66,espn_derived,event=748367,2026-08-12 10:09:32,,,,,,
1511,1511,80,80,60,75,35,65,66,espn_derived,event=748367,2026-08-12 10:09:32,,,,,,
1512,1512,83,80,60,75,35,65,66,espn_derived,event=748367,2026-08-12 10:09:32,,,,,,
1513,1513,83,83,60,83,35,64,68,espn_derived,event=748367,2026-08-12 10:09:32,,,,,,
1514,1514,80,80,60,75,35,65,66,espn_derived,event=748367,2026-08-12 10:09:32,,,,,,
1515,1515,80,80,60,75,35,65,66,espn_derived,event=748367,2026-08-12 10:09:32,,,,,,
1516,1516,45,35,50,45,38,65,46,espn_derived,event=736966,2026-08-12 10:09:32,,,,,,
1517,1517,60,46,55,50,75,75,60,espn_derived,event=736966,2026-08-12 10:09:32,,,,,,
1518,1518,60,43,55,54,75,74,60,espn_derived,event=736966,2026-08-12 10:09:32,,,,,,
1519,1519,60,58,60,64,55,62,60,espn_derived,event=736966,2026-08-12 10:09:32,,,,,,
1520,1520,60,55,60,64,55,63,60,espn_derived,event=736966,2026-08-12 10:09:32,,,,,,
1521,1521,65,71,70,70,55,65,66,espn_derived,event=736966,2026-08-12 10:09:32,,,,,,
1522,1522,65,63,70,70,55,65,65,espn_derived,event=736966,2026-08-12 10:09:32,,,,,,
1523,1523,65,60,70,70,55,65,64,espn_derived,event=736966,2026-08-12 10:09:32,,,,,,
1524,1524,80,80,60,95,35,63,69,espn_derived,event=736966,2026-08-12 10:09:32,,,,,,
1525,1525,80,80,60,87,35,63,68,espn_derived,event=736966,2026-08-12 10:09:32,,,,,,
1526,1526,80,83,60,87,35,64,68,espn_derived,event=736966,2026-08-12 10:09:32,,,,,,
1527,1527,80,80,60,75,35,65,66,espn_derived,event=736966,2026-08-12 10:09:32,,,,,,
1528,1528,80,80,60,75,35,65,66,espn_derived,event=736966,2026-08-12 10:09:32,,,,,,
1529,1529,80,80,60,75,35,65,66,espn_derived,event=736966,2026-08-12 10:09:32,,,,,,
1530,1530,83,94,60,79,35,65,69,espn_derived,event=736966,2026-08-12 10:09:32,,,,,,
1531,1531,80,80,60,75,35,65,66,espn_derived,event=736966,2026-08-12 10:09:32,,,,,,
1532,1532,80,80,60,75,35,65,66,espn_derived,event=736966,2026-08-12 10:09:32,,,,,,
1533,1533,83,80,66,75,35,65,67,espn_derived,event=736966,2026-08-12 10:09:32,,,,,,
1534,1534,83,80,60,75,35,65,66,espn_derived,event=736966,2026-08-12 10:09:32,,,,,,
1535,1535,80,80,60,75,35,65,66,espn_derived,event=736966,2026-08-12 10:09:32,,,,,,
1536,1536,80,80,60,75,35,65,66,espn_derived,event=736966,2026-08-12 10:09:32,,,,,,
1537,1537,45,35,50,45,50,65,48,espn_derived,event=736966,2026-08-12 10:09:32,,,,,,
1538,1538,60,40,55,54,75,72,59,espn_derived,event=736966,2026-08-12 10:09:32,,,,,,
1539,1539,60,40,55,50,75,73,59,espn_derived,event=736966,2026-08-12 10:09:32,,,,,,
1540,1540,60,66,60,64,55,63,61,espn_derived,event=736966,2026-08-12 10:09:32,,,,,,
1541,1541,60,55,60,60,55,65,59,espn_derived,event=736966,2026-08-12 10:09:32,,,,,,
1542,1542,65,60,76,70,55,63,65,espn_derived,event=736966,2026-08-12 10:09:32,,,,,,
1543,1543,65,60,70,70,55,64,64,espn_derived,event=736966,2026-08-12 10:09:32,,,,,,
1544,1544,65,60,70,74,55,65,65,espn_derived,event=736966,2026-08-12 10:09:32,,,,,,
1545,1545,80,80,60,75,35,66,66,espn_derived,event=736966,2026-08-12 10:09:32,,,,,,
1546,1546,80,97,60,87,35,62,70,espn_derived,event=736966,2026-08-12 10:09:32,,,,,,
1547,1547,80,83,60,91,35,64,69,espn_derived,event=736966,2026-08-12 10:09:32,,,,,,
1548,1548,80,80,60,75,35,65,66,espn_derived,event=736966,2026-08-12 10:09:32,,,,,,
1549,1549,83,80,60,75,35,65,66,espn_derived,event=736966,2026-08-12 10:09:32,,,,,,
1550,1550,83,80,60,75,35,65,66,espn_derived,event=736966,2026-08-12 10:09:32,,,,,,
1551,1551,80,80,60,75,35,65,66,espn_derived,event=736966,2026-08-12 10:09:32,,,,,,
1552,1552,83,80,60,79,35,64,67,espn_derived,event=736966,2026-08-12 10:09:32,,,,,,
1553,1553,83,80,60,75,35,65,66,espn_derived,event=736966,2026-08-12 10:09:32,,,,,,
1554,1554,80,80,60,75,35,65,66,espn_derived,event=736966,2026-08-12 10:09:32,,,,,,
1555,1555,83,80,60,75,35,65,66,espn_derived,event=736966,2026-08-12 10:09:32,,,,,,
1556,1341,80,80,60,75,35,65,66,espn_derived,event=736966,2026-08-12 10:09:32,,,,,,
1557,1557,80,80,60,75,35,65,66,espn_derived,event=736966,2026-08-12 10:09:32,,,,,,
1558,1558,80,80,60,75,35,65,66,espn_derived,event=736966,2026-08-12 10:09:32,,,,,,
1559,1559,80,80,60,75,35,65,66,espn_derived,event=736966,2026-08-12 10:09:32,,,,,,
1560,1560,45,35,50,45,34,65,46,espn_derived,event=746581,2026-08-12 10:09:33,,,,,,
1561,1561,60,40,55,50,75,74,59,espn_derived,event=746581,2026-08-12 10:09:33,,,,,,
1562,1562,60,40,55,54,75,75,60,espn_derived,event=746581,2026-08-12 10:09:33,,,,,,
1563,1563,60,40,55,50,75,74,59,espn_derived,event=746581,2026-08-12 10:09:33,,,,,,
1564,1564,60,55,60,60,55,63,59,espn_derived,event=746581,2026-08-12 10:09:33,,,,,,
1565,1565,60,55,60,60,55,62,59,espn_derived,event=746581,2026-08-12 10:09:33,,,,,,
1566,1566,65,63,70,74,55,64,65,espn_derived,event=746581,2026-08-12 10:09:33,,,,,,
1567,1567,65,60,70,70,55,64,64,espn_derived,event=746581,2026-08-12 10:09:33,,,,,,
1568,1568,65,60,70,70,55,66,64,espn_derived,event=746581,2026-08-12 10:09:33,,,,,,
1569,1569,65,60,70,78,55,62,65,espn_derived,event=746581,2026-08-12 10:09:33,,,,,,
1570,1570,80,80,60,75,35,65,66,espn_derived,event=746581,2026-08-12 10:09:33,,,,,,
1571,1571,80,80,60,75,35,65,66,espn_derived,event=746581,2026-08-12 10:09:33,,,,,,
1572,1572,83,80,60,79,35,64,67,espn_derived,event=746581,2026-08-12 10:09:33,,,,,,
1573,1573,80,80,60,75,35,65,66,espn_derived,event=746581,2026-08-12 10:09:33,,,,,,
1574,1574,83,80,60,75,35,66,66,espn_derived,event=746581,2026-08-12 10:09:33,,,,,,
1575,1575,80,80,60,75,35,65,66,espn_derived,event=746581,2026-08-12 10:09:33,,,,,,
1576,1576,83,80,60,75,35,64,66,espn_derived,event=746581,2026-08-12 10:09:33,,,,,,
1577,1577,83,80,60,75,35,65,66,espn_derived,event=746581,2026-08-12 10:09:33,,,,,,
1578,1578,83,80,60,75,35,65,66,espn_derived,event=746581,2026-08-12 10:09:33,,,,,,
1579,1579,80,80,60,75,35,65,66,espn_derived,event=746581,2026-08-12 10:09:33,,,,,,
1580,1580,45,35,50,45,34,65,46,espn_derived,event=746581,2026-08-12 10:09:33,,,,,,
1581,1581,60,40,55,50,75,75,59,espn_derived,event=746581,2026-08-12 10:09:33,,,,,,
1582,1582,60,40,55,50,75,75,59,espn_derived,event=746581,2026-08-12 10:09:33,,,,,,
1583,1583,60,55,60,68,55,63,60,espn_derived,event=746581,2026-08-12 10:09:33,,,,,,
1584,1584,60,55,60,64,55,65,60,espn_derived,event=746581,2026-08-12 10:09:33,,,,,,
1585,1585,65,60,70,74,55,64,65,espn_derived,event=746581,2026-08-12 10:09:33,,,,,,
1586,1586,65,60,70,74,55,64,65,espn_derived,event=746581,2026-08-12 10:09:33,,,,,,
1587,1587,65,63,70,70,55,64,64,espn_derived,event=746581,2026-08-12 10:09:33,,,,,,
1588,1588,80,80,60,75,35,64,66,espn_derived,event=746581,2026-08-12 10:09:33,,,,,,
1589,1589,65,60,70,78,55,65,66,espn_derived,event=746581,2026-08-12 10:09:33,,,,,,
1590,1590,65,60,70,74,55,65,65,espn_derived,event=746581,2026-08-12 10:09:33,,,,,,
1591,1591,80,80,60,75,35,65,66,espn_derived,event=746581,2026-08-12 10:09:33,,,,,,
1592,1592,80,80,60,75,35,65,66,espn_derived,event=746581,2026-08-12 10:09:33,,,,,,
1593,1593,80,80,60,75,35,65,66,espn_derived,event=746581,2026-08-12 10:09:33,,,,,,
1594,1594,83,80,60,75,35,65,66,espn_derived,event=746581,2026-08-12 10:09:33,,,,,,
1595,1595,80,80,60,75,35,65,66,espn_derived,event=746581,2026-08-12 10:09:33,,,,,,
1596,1596,83,80,60,75,35,64,66,espn_derived,event=746581,2026-08-12 10:09:33,,,,,,
1597,1597,83,80,60,79,35,65,67,espn_derived,event=746581,2026-08-12 10:09:33,,,,,,
1598,1598,83,80,60,75,35,66,66,espn_derived,event=746581,2026-08-12 10:09:33,,,,,,
1599,1599,83,80,60,75,35,65,66,espn_derived,event=746581,2026-08-12 10:09:33,,,,,,
1600,1600,45,35,50,45,36,65,46,espn_derived,event=757936,2026-08-12 10:09:34,,,,,,
1601,1601,60,43,55,58,75,75,61,espn_derived,event=757936,2026-08-12 10:09:34,,,,,,
1602,1602,60,40,55,54,75,75,60,espn_derived,event=757936,2026-08-12 10:09:34,,,,,,
1603,1603,60,55,60,60,55,63,59,espn_derived,event=757936,2026-08-12 10:09:34,,,,,,
1604,1604,60,55,60,64,55,64,60,espn_derived,event=757936,2026-08-12 10:09:34,,,,,,
1605,1605,65,60,70,74,55,64,65,espn_derived,event=757936,2026-08-12 10:09:34,,,,,,
1606,1606,65,60,76,74,55,64,66,espn_derived,event=757936,2026-08-12 10:09:34,,,,,,
1607,1607,65,60,70,86,55,62,66,espn_derived,event=757936,2026-08-12 10:09:34,,,,,,
1608,1608,80,80,60,87,35,65,68,espn_derived,event=757936,2026-08-12 10:09:34,,,,,,
1609,1609,65,60,70,74,55,64,65,espn_derived,event=757936,2026-08-12 10:09:34,,,,,,
1610,1610,65,60,70,70,55,64,64,espn_derived,event=757936,2026-08-12 10:09:34,,,,,,
1611,1611,80,80,60,75,35,65,66,espn_derived,event=757936,2026-08-12 10:09:34,,,,,,
1612,1612,83,80,60,83,35,65,68,espn_derived,event=757936,2026-08-12 10:09:34,,,,,,
1613,1613,80,80,60,75,35,65,66,espn_derived,event=757936,2026-08-12 10:09:34,,,,,,
1614,1614,80,80,60,75,35,65,66,espn_derived,event=757936,2026-08-12 10:09:34,,,,,,
1615,1615,83,80,60,79,35,65,67,espn_derived,event=757936,2026-08-12 10:09:34,,,,,,
1616,1616,83,80,60,75,35,65,66,espn_derived,event=757936,2026-08-12 10:09:34,,,,,,
1617,1617,80,80,60,75,35,65,66,espn_derived,event=757936,2026-08-12 10:09:34,,,,,,
1618,1618,83,91,60,75,35,65,68,espn_derived,event=757936,2026-08-12 10:09:34,,,,,,
1619,1619,80,80,60,75,35,65,66,espn_derived,event=757936,2026-08-12 10:09:34,,,,,,
1620,1620,83,80,60,79,35,64,67,espn_derived,event=757936,2026-08-12 10:09:34,,,,,,
1621,1621,80,80,60,75,35,65,66,espn_derived,event=757936,2026-08-12 10:09:34,,,,,,
1622,1622,80,80,60,75,35,65,66,espn_derived,event=757936,2026-08-12 10:09:34,,,,,,
1623,1623,45,35,50,45,32,65,45,espn_derived,event=757936,2026-08-12 10:09:34,,,,,,
1624,1624,60,40,55,54,75,71,59,espn_derived,event=757936,2026-08-12 10:09:34,,,,,,
1625,1625,60,40,55,54,75,75,60,espn_derived,event=757936,2026-08-12 10:09:34,,,,,,
1626,1626,60,40,55,62,75,74,61,espn_derived,event=757936,2026-08-12 10:09:34,,,,,,
1627,1627,65,63,70,74,55,59,64,espn_derived,event=757936,2026-08-12 10:09:34,,,,,,
1628,1628,65,60,70,70,55,63,64,espn_derived,event=757936,2026-08-12 10:09:34,,,,,,
1629,1629,65,60,70,74,55,65,65,espn_derived,event=757936,2026-08-12 10:09:34,,,,,,
1630,1630,65,60,70,82,55,65,66,espn_derived,event=757936,2026-08-12 10:09:34,,,,,,
1631,1631,80,83,60,75,35,66,66,espn_derived,event=757936,2026-08-12 10:09:34,,,,,,
1632,1632,80,80,60,75,35,64,66,espn_derived,event=757936,2026-08-12 10:09:34,,,,,,
1633,1633,80,80,60,79,35,64,66,espn_derived,event=757936,2026-08-12 10:09:34,,,,,,
1634,1634,83,80,60,75,35,65,66,espn_derived,event=757936,2026-08-12 10:09:34,,,,,,
1635,1635,80,80,60,75,35,65,66,espn_derived,event=757936,2026-08-12 10:09:34,,,,,,
1636,1636,80,80,60,75,35,65,66,espn_derived,event=757936,2026-08-12 10:09:34,,,,,,
1637,1637,80,80,60,75,35,65,66,espn_derived,event=757936,2026-08-12 10:09:34,,,,,,
1638,1638,80,80,60,75,35,65,66,espn_derived,event=757936,2026-08-12 10:09:34,,,,,,
1639,1639,83,91,60,75,35,64,68,espn_derived,event=757936,2026-08-12 10:09:34,,,,,,
1640,1640,83,80,60,75,35,64,66,espn_derived,event=757936,2026-08-12 10:09:34,,,,,,
1641,1641,83,80,60,75,35,64,66,espn_derived,event=757936,2026-08-12 10:09:34,,,,,,
1642,1642,80,80,60,75,35,65,66,espn_derived,event=757936,2026-08-12 10:09:34,,,,,,
1643,1643,80,80,60,75,35,65,66,espn_derived,event=757936,2026-08-12 10:09:34,,,,,,
1644,1644,80,80,60,75,35,65,66,espn_derived,event=757936,2026-08-12 10:09:34,,,,,,
1645,1645,83,80,60,79,35,65,67,espn_derived,event=757936,2026-08-12 10:09:34,,,,,,
1646,1646,68,60,70,70,55,65,65,espn_derived,event=401843359,2026-08-12 10:09:34,,,,,,
1647,1073,68,63,70,70,55,65,65,espn_derived,event=401843359,2026-08-12 10:09:34,,,,,,
1648,1077,68,60,70,70,55,65,65,espn_derived,event=401843359,2026-08-12 10:09:34,,,,,,
1649,1081,68,60,70,70,55,65,65,espn_derived,event=401843359,2026-08-12 10:09:34,,,,,,
1650,1071,68,60,70,70,55,64,64,espn_derived,event=401843359,2026-08-12 10:09:34,,,,,,
1651,1079,45,35,50,45,34,65,46,espn_derived,event=401843359,2026-08-12 10:09:34,,,,,,
1652,1075,60,40,55,54,75,75,60,espn_derived,event=401843359,2026-08-12 10:09:34,,,,,,
1653,1065,60,40,55,58,75,73,60,espn_derived,event=401843359,2026-08-12 10:09:34,,,,,,
1654,1078,80,80,60,75,35,65,66,espn_derived,event=401843359,2026-08-12 10:09:34,,,,,,
1655,1066,60,55,66,60,55,64,60,espn_derived,event=401843359,2026-08-12 10:09:34,,,,,,
1656,1074,60,66,60,64,55,64,62,espn_derived,event=401843359,2026-08-12 10:09:34,,,,,,
1657,1069,65,60,70,70,55,66,64,espn_derived,event=401843359,2026-08-12 10:09:34,,,,,,
1658,1072,65,60,70,74,55,66,65,espn_derived,event=401843359,2026-08-12 10:09:34,,,,,,
1659,1076,65,63,70,78,55,64,66,espn_derived,event=401843359,2026-08-12 10:09:34,,,,,,
1660,1660,80,80,60,75,35,65,66,espn_derived,event=401843359,2026-08-12 10:09:34,,,,,,
1661,1080,80,83,60,79,35,65,67,espn_derived,event=401843359,2026-08-12 10:09:34,,,,,,
1662,1662,80,80,60,75,35,65,66,espn_derived,event=401843359,2026-08-12 10:09:34,,,,,,
1663,1663,80,80,60,75,35,65,66,espn_derived,event=401843359,2026-08-12 10:09:34,,,,,,
1664,1664,80,80,60,75,35,65,66,espn_derived,event=401843359,2026-08-12 10:09:34,,,,,,
1665,1082,80,80,60,75,35,65,66,espn_derived,event=401843359,2026-08-12 10:09:34,,,,,,
1666,1666,45,35,50,45,40,65,47,espn_derived,event=401843359,2026-08-12 10:09:34,,,,,,
1667,1667,60,43,55,50,75,75,60,espn_derived,event=401843359,2026-08-12 10:09:34,,,,,,
1668,1668,60,40,55,50,75,75,59,espn_derived,event=401843359,2026-08-12 10:09:34,,,,,,
1669,1669,60,55,60,68,55,65,60,espn_derived,event=401843359,2026-08-12 10:09:34,,,,,,
1670,1670,60,55,66,68,55,64,61,espn_derived,event=401843359,2026-08-12 10:09:34,,,,,,
1671,1671,65,60,70,70,55,64,64,espn_derived,event=401843359,2026-08-12 10:09:34,,,,,,
1672,1672,65,71,70,70,55,65,66,espn_derived,event=401843359,2026-08-12 10:09:34,,,,,,
1673,1673,65,60,70,70,55,65,64,espn_derived,event=401843359,2026-08-12 10:09:34,,,,,,
1674,1674,65,71,76,70,55,65,67,espn_derived,event=401843359,2026-08-12 10:09:34,,,,,,
1675,1675,80,80,60,79,35,66,67,espn_derived,event=401843359,2026-08-12 10:09:34,,,,,,
1676,1676,80,80,60,79,35,65,66,espn_derived,event=401843359,2026-08-12 10:09:34,,,,,,
1677,1677,83,80,60,75,35,65,66,espn_derived,event=401843359,2026-08-12 10:09:34,,,,,,
1678,1678,83,80,60,75,35,65,66,espn_derived,event=401843359,2026-08-12 10:09:34,,,,,,
1679,1679,83,80,60,75,35,65,66,espn_derived,event=401843359,2026-08-12 10:09:34,,,,,,
1680,1680,80,80,60,75,35,65,66,espn_derived,event=401843359,2026-08-12 10:09:34,,,,,,
1681,1681,80,80,60,75,35,65,66,espn_derived,event=401843359,2026-08-12 10:09:34,,,,,,
1682,1682,80,80,60,75,35,65,66,espn_derived,event=401843359,2026-08-12 10:09:34,,,,,,
1683,1683,80,80,60,75,35,65,66,espn_derived,event=401843359,2026-08-12 10:09:34,,,,,,
1684,1684,83,83,60,75,35,64,67,espn_derived,event=401843359,2026-08-12 10:09:34,,,,,,
1685,1685,83,80,60,75,35,62,66,espn_derived,event=401843359,2026-08-12 10:09:34,,,,,,
1686,24,45,35,50,45,28,65,45,espn_derived,event=740826,2026-08-12 10:09:35,,,,,,
1687,25,60,40,55,50,75,75,59,espn_derived,event=740826,2026-08-12 10:09:35,,,,,,
1688,26,60,40,55,58,75,75,60,espn_derived,event=740826,2026-08-12 10:09:35,,,,,,
1689,40,60,55,60,60,55,65,59,espn_derived,event=740826,2026-08-12 10:09:35,,,,,,
1690,28,60,58,60,64,55,64,60,espn_derived,event=740826,2026-08-12 10:09:35,,,,,,
1691,29,65,63,70,78,55,63,66,espn_derived,event=740826,2026-08-12 10:09:35,,,,,,
1692,42,65,60,70,74,55,64,65,espn_derived,event=740826,2026-08-12 10:09:35,,,,,,
1693,43,65,63,70,70,55,64,64,espn_derived,event=740826,2026-08-12 10:09:35,,,,,,
1694,37,80,83,60,75,35,65,66,espn_derived,event=740826,2026-08-12 10:09:35,,,,,,
1695,33,65,63,70,74,55,63,65,espn_derived,event=740826,2026-08-12 10:09:35,,,,,,
1696,36,65,60,70,70,55,66,64,espn_derived,event=740826,2026-08-12 10:09:35,,,,,,
1697,1697,80,80,60,75,35,65,66,espn_derived,event=740826,2026-08-12 10:09:35,,,,,,
1698,45,83,80,60,75,35,65,66,espn_derived,event=740826,2026-08-12 10:09:35,,,,,,
1699,31,80,80,60,75,35,65,66,espn_derived,event=740826,2026-08-12 10:09:35,,,,,,
1700,38,80,80,60,75,35,65,66,espn_derived,event=740826,2026-08-12 10:09:35,,,,,,
1701,41,80,80,60,75,35,65,66,espn_derived,event=740826,2026-08-12 10:09:35,,,,,,
1702,27,80,80,60,75,35,65,66,espn_derived,event=740826,2026-08-12 10:09:35,,,,,,
1703,1703,80,80,60,75,35,65,66,espn_derived,event=740826,2026-08-12 10:09:35,,,,,,
1704,46,83,80,60,75,35,64,66,espn_derived,event=740826,2026-08-12 10:09:35,,,,,,
1705,39,80,80,60,75,35,65,66,espn_derived,event=740826,2026-08-12 10:09:35,,,,,,
1706,1706,45,35,50,49,50,65,49,espn_derived,event=740826,2026-08-12 10:09:35,,,,,,
1707,1707,60,40,55,50,75,75,59,espn_derived,event=740826,2026-08-12 10:09:35,,,,,,
1708,1708,60,43,55,50,75,71,59,espn_derived,event=740826,2026-08-12 10:09:35,,,,,,
1709,1709,60,55,60,64,55,65,60,espn_derived,event=740826,2026-08-12 10:09:35,,,,,,
1710,1710,60,55,60,68,55,65,60,espn_derived,event=740826,2026-08-12 10:09:35,,,,,,
1711,1711,65,60,70,74,55,65,65,espn_derived,event=740826,2026-08-12 10:09:35,,,,,,
1712,1712,65,60,70,74,55,65,65,espn_derived,event=740826,2026-08-12 10:09:35,,,,,,
1713,1713,65,60,70,70,55,65,64,espn_derived,event=740826,2026-08-12 10:09:35,,,,,,
1714,1714,80,80,60,75,35,66,66,espn_derived,event=740826,2026-08-12 10:09:35,,,,,,
1715,1715,65,60,70,78,55,65,66,espn_derived,event=740826,2026-08-12 10:09:35,,,,,,
1716,1716,65,71,70,70,55,66,66,espn_derived,event=740826,2026-08-12 10:09:35,,,,,,
1717,1717,80,80,60,75,35,65,66,espn_derived,event=740826,2026-08-12 10:09:35,,,,,,
1718,1718,80,80,60,75,35,65,66,espn_derived,event=740826,2026-08-12 10:09:35,,,,,,
1719,1719,80,80,60,75,35,65,66,espn_derived,event=740826,2026-08-12 10:09:35,,,,,,
1720,1720,80,80,60,75,35,65,66,espn_derived,event=740826,2026-08-12 10:09:35,,,,,,
1721,1721,83,80,60,75,35,65,66,espn_derived,event=740826,2026-08-12 10:09:35,,,,,,
1722,1722,83,80,60,75,35,65,66,espn_derived,event=740826,2026-08-12 10:09:35,,,,,,
1723,1723,83,80,60,75,35,65,66,espn_derived,event=740826,2026-08-12 10:09:35,,,,,,
1724,1724,83,80,60,75,35,65,66,espn_derived,event=740826,2026-08-12 10:09:35,,,,,,
1725,1725,80,80,60,75,35,65,66,espn_derived,event=740826,2026-08-12 10:09:35,,,,,,
1726,1202,45,35,50,45,38,65,46,espn_derived,event=401843376,2026-08-12 10:09:36,,,,,,
1727,1203,60,40,55,58,75,73,60,espn_derived,event=401843376,2026-08-12 10:09:36,,,,,,
1728,1217,60,40,55,50,75,74,59,espn_derived,event=401843376,2026-08-12 10:09:36,,,,,,
1729,1208,60,40,61,50,75,74,60,espn_derived,event=401843376,2026-08-12 10:09:36,,,,,,
1730,1215,60,55,60,72,55,64,61,espn_derived,event=401843376,2026-08-12 10:09:36,,,,,,
1731,1218,60,66,60,80,55,65,64,espn_derived,event=401843376,2026-08-12 10:09:36,,,,,,
1732,1207,65,60,70,74,55,65,65,espn_derived,event=401843376,2026-08-12 10:09:36,,,,,,
1733,1212,65,63,70,86,55,62,67,espn_derived,event=401843376,2026-08-12 10:09:36,,,,,,
1734,1209,65,69,70,82,55,61,67,espn_derived,event=401843376,2026-08-12 10:09:36,,,,,,
1735,1735,65,71,70,74,55,65,67,espn_derived,event=401843376,2026-08-12 10:09:36,,,,,,
1736,1211,80,94,60,79,35,65,69,espn_derived,event=401843376,2026-08-12 10:09:36,,,,,,
1737,1204,80,80,60,75,35,65,66,espn_derived,event=401843376,2026-08-12 10:09:36,,,,,,
1738,1220,83,80,60,79,35,64,67,espn_derived,event=401843376,2026-08-12 10:09:36,,,,,,
1739,1213,80,80,60,75,35,65,66,espn_derived,event=401843376,2026-08-12 10:09:36,,,,,,
1740,1206,83,80,60,75,35,65,66,espn_derived,event=401843376,2026-08-12 10:09:36,,,,,,
1741,1214,80,80,60,75,35,65,66,espn_derived,event=401843376,2026-08-12 10:09:36,,,,,,
1742,1221,83,83,60,79,35,65,68,espn_derived,event=401843376,2026-08-12 10:09:36,,,,,,
1743,1216,83,80,60,75,35,64,66,espn_derived,event=401843376,2026-08-12 10:09:36,,,,,,
1744,1744,80,80,60,75,35,65,66,espn_derived,event=401843376,2026-08-12 10:09:36,,,,,,
1745,1205,83,80,60,75,35,65,66,espn_derived,event=401843376,2026-08-12 10:09:36,,,,,,
1746,1746,45,35,50,45,48,65,48,espn_derived,event=401843376,2026-08-12 10:09:36,,,,,,
1747,1747,60,40,55,50,75,75,59,espn_derived,event=401843376,2026-08-12 10:09:36,,,,,,
1748,1748,60,40,55,54,75,73,60,espn_derived,event=401843376,2026-08-12 10:09:36,,,,,,
1749,1749,60,55,60,60,55,65,59,espn_derived,event=401843376,2026-08-12 10:09:36,,,,,,
1750,1750,60,55,60,64,55,64,60,espn_derived,event=401843376,2026-08-12 10:09:36,,,,,,
1751,1751,65,60,70,74,55,62,64,espn_derived,event=401843376,2026-08-12 10:09:36,,,,,,
1752,1752,65,60,70,70,55,66,64,espn_derived,event=401843376,2026-08-12 10:09:36,,,,,,
1753,1753,65,60,70,74,55,65,65,espn_derived,event=401843376,2026-08-12 10:09:36,,,,,,
1754,1754,80,80,60,87,35,61,67,espn_derived,event=401843376,2026-08-12 10:09:36,,,,,,
1755,1755,65,60,70,70,55,62,64,espn_derived,event=401843376,2026-08-12 10:09:36,,,,,,
1756,1756,65,60,70,70,55,63,64,espn_derived,event=401843376,2026-08-12 10:09:36,,,,,,
1757,1757,83,80,60,79,35,65,67,espn_derived,event=401843376,2026-08-12 10:09:36,,,,,,
1758,1758,83,86,60,75,35,67,68,espn_derived,event=401843376,2026-08-12 10:09:36,,,,,,
1759,1759,80,80,60,75,35,65,66,espn_derived,event=401843376,2026-08-12 10:09:36,,,,,,
1760,1760,80,80,60,75,35,65,66,espn_derived,event=401843376,2026-08-12 10:09:36,,,,,,
1761,1761,80,80,60,75,35,65,66,espn_derived,event=401843376,2026-08-12 10:09:36,,,,,,
1762,1762,83,80,60,75,35,63,66,espn_derived,event=401843376,2026-08-12 10:09:36,,,,,,
1763,1763,80,80,60,75,35,65,66,espn_derived,event=401843376,2026-08-12 10:09:36,,,,,,
1764,1764,83,80,60,83,35,64,68,espn_derived,event=401843376,2026-08-12 10:09:36,,,,,,
1765,1765,83,80,60,87,35,62,68,espn_derived,event=401843376,2026-08-12 10:09:36,,,,,,
1766,1766,68,60,70,74,55,65,65,espn_derived,event=401843325,2026-08-12 10:09:36,,,,,,
1767,1767,68,60,70,70,55,65,65,espn_derived,event=401843325,2026-08-12 10:09:36,,,,,,
1768,1768,65,60,70,70,55,65,64,espn_derived,event=401843325,2026-08-12 10:09:36,,,,,,
1769,1769,68,88,70,78,55,65,71,espn_derived,event=401843325,2026-08-12 10:09:36,,,,,,
1770,1770,65,60,70,70,55,65,64,espn_derived,event=401843325,2026-08-12 10:09:36,,,,,,
1771,1771,65,60,70,70,55,65,64,espn_derived,event=401843325,2026-08-12 10:09:36,,,,,,
1772,1772,68,60,70,70,55,65,65,espn_derived,event=401843325,2026-08-12 10:09:36,,,,,,
1773,1773,68,63,76,74,55,65,67,espn_derived,event=401843325,2026-08-12 10:09:36,,,,,,
1774,1774,65,60,70,70,55,65,64,espn_derived,event=401843325,2026-08-12 10:09:36,,,,,,
1775,1775,45,35,50,45,54,65,49,espn_derived,event=401843325,2026-08-12 10:09:36,,,,,,
1776,1776,60,40,55,50,75,75,59,espn_derived,event=401843325,2026-08-12 10:09:36,,,,,,
1777,1777,60,40,55,50,75,74,59,espn_derived,event=401843325,2026-08-12 10:09:36,,,,,,
1778,1778,80,80,60,75,35,64,66,espn_derived,event=401843325,2026-08-12 10:09:36,,,,,,
1779,1779,60,66,60,60,55,65,61,espn_derived,event=401843325,2026-08-12 10:09:36,,,,,,
1780,1780,60,61,60,60,55,65,60,espn_derived,event=401843325,2026-08-12 10:09:36,,,,,,
1781,1781,65,60,70,78,55,63,65,espn_derived,event=401843325,2026-08-12 10:09:36,,,,,,
1782,1782,65,60,70,74,55,65,65,espn_derived,event=401843325,2026-08-12 10:09:36,,,,,,
1783,1783,65,60,76,74,55,63,66,espn_derived,event=401843325,2026-08-12 10:09:36,,,,,,
1784,1784,80,99,60,75,35,65,69,espn_derived,event=401843325,2026-08-12 10:09:36,,,,,,
1785,1785,80,83,66,79,35,65,68,espn_derived,event=401843325,2026-08-12 10:09:36,,,,,,
1786,1786,45,35,50,49,48,65,49,espn_derived,event=401843325,2026-08-12 10:09:36,,,,,,
1787,1787,60,40,55,50,75,74,59,espn_derived,event=401843325,2026-08-12 10:09:36,,,,,,
1788,1788,60,46,55,50,75,75,60,espn_derived,event=401843325,2026-08-12 10:09:36,,,,,,
1789,1789,60,40,55,50,75,73,59,espn_derived,event=401843325,2026-08-12 10:09:36,,,,,,
1790,1790,60,55,60,64,55,63,60,espn_derived,event=401843325,2026-08-12 10:09:36,,,,,,
1791,1791,60,55,60,60,55,64,59,espn_derived,event=401843325,2026-08-12 10:09:36,,,,,,
1792,1792,65,60,70,74,55,65,65,espn_derived,event=401843325,2026-08-12 10:09:36,,,,,,
1793,1793,65,60,70,74,55,64,65,espn_derived,event=401843325,2026-08-12 10:09:36,,,,,,
1794,1794,65,63,70,70,55,65,65,espn_derived,event=401843325,2026-08-12 10:09:36,,,,,,
1795,1795,65,60,70,74,55,65,65,espn_derived,event=401843325,2026-08-12 10:09:36,,,,,,
1796,1796,80,92,60,79,35,63,68,espn_derived,event=401843325,2026-08-12 10:09:36,,,,,,
1797,1797,80,80,60,75,35,65,66,espn_derived,event=401843325,2026-08-12 10:09:36,,,,,,
1798,1798,83,80,60,75,35,65,66,espn_derived,event=401843325,2026-08-12 10:09:36,,,,,,
1799,1799,83,80,60,75,35,65,66,espn_derived,event=401843325,2026-08-12 10:09:36,,,,,,
1800,1800,83,80,60,75,35,64,66,espn_derived,event=401843325,2026-08-12 10:09:36,,,,,,
1801,1801,83,80,60,75,35,65,66,espn_derived,event=401843325,2026-08-12 10:09:36,,,,,,
1802,1802,83,80,60,75,35,65,66,espn_derived,event=401843325,2026-08-12 10:09:36,,,,,,
1803,1803,80,80,60,75,35,65,66,espn_derived,event=401843325,2026-08-12 10:09:36,,,,,,
1804,162,45,35,50,45,40,65,47,espn_derived,event=748316,2026-08-12 10:09:37,,,,,,
1805,1805,60,40,55,50,75,74,59,espn_derived,event=748316,2026-08-12 10:09:37,,,,,,
1806,163,60,43,55,54,75,75,60,espn_derived,event=748316,2026-08-12 10:09:37,,,,,,
1807,165,60,55,60,68,55,64,60,espn_derived,event=748316,2026-08-12 10:09:37,,,,,,
1808,166,60,55,60,64,55,64,60,espn_derived,event=748316,2026-08-12 10:09:37,,,,,,
1809,167,65,60,70,74,55,62,64,espn_derived,event=748316,2026-08-12 10:09:37,,,,,,
1810,169,65,60,76,74,55,64,66,espn_derived,event=748316,2026-08-12 10:09:37,,,,,,
1811,168,65,60,70,78,55,64,65,espn_derived,event=748316,2026-08-12 10:09:37,,,,,,
1812,178,80,80,60,79,35,66,67,espn_derived,event=748316,2026-08-12 10:09:37,,,,,,
1813,171,65,63,70,70,55,65,65,espn_derived,event=748316,2026-08-12 10:09:37,,,,,,
1814,172,65,71,70,70,55,66,66,espn_derived,event=748316,2026-08-12 10:09:37,,,,,,
1815,174,80,80,60,75,35,65,66,espn_derived,event=748316,2026-08-12 10:09:37,,,,,,
1816,1816,83,80,60,75,35,65,66,espn_derived,event=748316,2026-08-12 10:09:37,,,,,,
1817,175,83,80,60,75,35,65,66,espn_derived,event=748316,2026-08-12 10:09:37,,,,,,
1818,182,83,80,60,75,35,65,66,espn_derived,event=748316,2026-08-12 10:09:37,,,,,,
1819,177,80,80,60,75,35,65,66,espn_derived,event=748316,2026-08-12 10:09:37,,,,,,
1820,173,83,83,60,75,35,63,66,espn_derived,event=748316,2026-08-12 10:09:37,,,,,,
1821,1821,80,80,60,75,35,65,66,espn_derived,event=748316,2026-08-12 10:09:37,,,,,,
1822,176,83,80,60,75,35,65,66,espn_derived,event=748316,2026-08-12 10:09:37,,,,,,
1823,1823,80,80,60,75,35,65,66,espn_derived,event=748316,2026-08-12 10:09:37,,,,,,
1824,1824,80,80,60,75,35,65,66,espn_derived,event=748316,2026-08-12 10:09:37,,,,,,
1825,1825,80,80,60,75,35,65,66,espn_derived,event=748316,2026-08-12 10:09:37,,,,,,
1826,181,80,80,60,75,35,65,66,espn_derived,event=748316,2026-08-12 10:09:37,,,,,,
1827,1494,45,35,50,45,40,65,47,espn_derived,event=748316,2026-08-12 10:09:37,,,,,,
1828,1495,60,40,55,50,75,75,59,espn_derived,event=748316,2026-08-12 10:09:37,,,,,,
1829,1497,60,40,55,50,75,74,59,espn_derived,event=748316,2026-08-12 10:09:37,,,,,,
1830,1512,60,55,60,64,55,65,60,espn_derived,event=748316,2026-08-12 10:09:37,,,,,,
1831,1498,60,55,60,64,55,65,60,espn_derived,event=748316,2026-08-12 10:09:37,,,,,,
1832,1501,65,71,70,78,55,63,67,espn_derived,event=748316,2026-08-12 10:09:37,,,,,,
1833,1506,65,66,70,70,55,64,65,espn_derived,event=748316,2026-08-12 10:09:37,,,,,,
1834,1500,65,60,76,78,55,65,66,espn_derived,event=748316,2026-08-12 10:09:37,,,,,,
1835,1513,65,63,70,74,55,63,65,espn_derived,event=748316,2026-08-12 10:09:37,,,,,,
1836,1499,65,60,70,70,55,63,64,espn_derived,event=748316,2026-08-12 10:09:37,,,,,,
1837,1502,80,80,60,75,35,65,66,espn_derived,event=748316,2026-08-12 10:09:37,,,,,,
1838,1838,83,80,60,75,35,64,66,espn_derived,event=748316,2026-08-12 10:09:37,,,,,,
1839,1514,80,80,60,75,35,65,66,espn_derived,event=748316,2026-08-12 10:09:37,,,,,,
1840,1507,80,80,60,75,35,65,66,espn_derived,event=748316,2026-08-12 10:09:37,,,,,,
1841,1841,80,80,60,75,35,65,66,espn_derived,event=748316,2026-08-12 10:09:37,,,,,,
1842,1842,80,80,60,75,35,65,66,espn_derived,event=748316,2026-08-12 10:09:37,,,,,,
1843,1515,83,80,60,83,35,65,68,espn_derived,event=748316,2026-08-12 10:09:37,,,,,,
1844,1505,80,80,60,75,35,65,66,espn_derived,event=748316,2026-08-12 10:09:37,,,,,,
1845,1845,83,80,60,79,35,66,67,espn_derived,event=748316,2026-08-12 10:09:37,,,,,,
1846,1846,83,80,60,83,35,65,68,espn_derived,event=748316,2026-08-12 10:09:37,,,,,,
1847,1847,80,80,60,75,35,65,66,espn_derived,event=748316,2026-08-12 10:09:37,,,,,,
1848,1848,83,80,60,79,35,65,67,espn_derived,event=748316,2026-08-12 10:09:37,,,,,,
1849,1849,80,80,60,75,35,65,66,espn_derived,event=748316,2026-08-12 10:09:37,,,,,,
1850,288,45,35,50,45,42,65,47,espn_derived,event=746880,2026-08-12 10:09:38,,,,,,
1851,274,60,40,55,50,75,72,59,espn_derived,event=746880,2026-08-12 10:09:38,,,,,,
1852,290,60,40,55,50,75,74,59,espn_derived,event=746880,2026-08-12 10:09:38,,,,,,
1853,1853,60,66,60,60,55,64,61,espn_derived,event=746880,2026-08-12 10:09:38,,,,,,
1854,1854,60,55,60,60,55,64,59,espn_derived,event=746880,2026-08-12 10:09:38,,,,,,
1855,283,65,60,70,70,55,65,64,espn_derived,event=746880,2026-08-12 10:09:38,,,,,,
1856,279,65,60,70,70,55,63,64,espn_derived,event=746880,2026-08-12 10:09:38,,,,,,
1857,292,65,63,70,70,55,64,64,espn_derived,event=746880,2026-08-12 10:09:38,,,,,,
1858,1858,80,86,60,75,35,65,67,espn_derived,event=746880,2026-08-12 10:09:38,,,,,,
1859,282,65,63,70,70,55,67,65,espn_derived,event=746880,2026-08-12 10:09:38,,,,,,
1860,287,65,60,76,82,55,65,67,espn_derived,event=746880,2026-08-12 10:09:38,,,,,,
1861,278,83,80,60,83,35,65,68,espn_derived,event=746880,2026-08-12 10:09:38,,,,,,
1862,1862,80,80,60,75,35,65,66,espn_derived,event=746880,2026-08-12 10:09:38,,,,,,
1863,281,83,80,60,75,35,65,66,espn_derived,event=746880,2026-08-12 10:09:38,,,,,,
1864,286,80,80,60,75,35,65,66,espn_derived,event=746880,2026-08-12 10:09:38,,,,,,
1865,1865,83,80,60,75,35,65,66,espn_derived,event=746880,2026-08-12 10:09:38,,,,,,
1866,280,83,80,60,75,35,65,66,espn_derived,event=746880,2026-08-12 10:09:38,,,,,,
1867,276,83,83,60,75,35,65,67,espn_derived,event=746880,2026-08-12 10:09:38,,,,,,
1868,273,80,80,60,75,35,65,66,espn_derived,event=746880,2026-08-12 10:09:38,,,,,,
1869,1869,80,80,60,75,35,65,66,espn_derived,event=746880,2026-08-12 10:09:38,,,,,,
1870,1870,45,35,50,45,48,65,48,espn_derived,event=746880,2026-08-12 10:09:38,,,,,,
1871,1871,60,40,55,50,75,74,59,espn_derived,event=746880,2026-08-12 10:09:38,,,,,,
1872,1872,60,40,55,50,75,75,59,espn_derived,event=746880,2026-08-12 10:09:38,,,,,,
1873,1873,60,51,55,58,75,75,62,espn_derived,event=746880,2026-08-12 10:09:38,,,,,,
1874,1874,65,63,70,74,55,65,65,espn_derived,event=746880,2026-08-12 10:09:38,,,,,,
1875,1875,65,71,70,70,55,65,66,espn_derived,event=746880,2026-08-12 10:09:38,,,,,,
1876,1876,65,60,76,70,55,64,65,espn_derived,event=746880,2026-08-12 10:09:38,,,,,,
1877,1877,65,60,70,70,55,65,64,espn_derived,event=746880,2026-08-12 10:09:38,,,,,,
1878,1878,80,80,60,75,35,66,66,espn_derived,event=746880,2026-08-12 10:09:38,,,,,,
1879,1879,80,89,60,79,35,64,68,espn_derived,event=746880,2026-08-12 10:09:38,,,,,,
1880,1880,80,80,60,83,35,65,67,espn_derived,event=746880,2026-08-12 10:09:38,,,,,,
1881,1881,83,80,60,83,35,65,68,espn_derived,event=746880,2026-08-12 10:09:38,,,,,,
1882,1882,80,80,60,75,35,65,66,espn_derived,event=746880,2026-08-12 10:09:38,,,,,,
1883,1883,83,80,60,75,35,65,66,espn_derived,event=746880,2026-08-12 10:09:38,,,,,,
1884,1884,83,80,66,75,35,65,67,espn_derived,event=746880,2026-08-12 10:09:38,,,,,,
1885,1885,80,80,60,75,35,65,66,espn_derived,event=746880,2026-08-12 10:09:38,,,,,,
1886,1886,80,80,60,75,35,65,66,espn_derived,event=746880,2026-08-12 10:09:38,,,,,,
1887,1887,83,80,60,75,35,65,66,espn_derived,event=746880,2026-08-12 10:09:38,,,,,,
1888,1888,80,80,60,75,35,65,66,espn_derived,event=746880,2026-08-12 10:09:38,,,,,,
1889,1889,80,80,60,75,35,65,66,espn_derived,event=746880,2026-08-12 10:09:38,,,,,,
1890,1890,45,35,50,49,50,65,49,espn_derived,event=761480,2026-08-12 10:09:38,,,,,,
1891,1891,60,40,55,50,75,76,59,espn_derived,event=761480,2026-08-12 10:09:38,,,,,,
1892,1892,60,40,55,54,75,75,60,espn_derived,event=761480,2026-08-12 10:09:38,,,,,,
1893,1893,60,55,60,60,55,65,59,espn_derived,event=761480,2026-08-12 10:09:38,,,,,,
1894,1894,60,55,60,60,55,64,59,espn_derived,event=761480,2026-08-12 10:09:38,,,,,,
1895,1895,65,60,70,82,55,65,66,espn_derived,event=761480,2026-08-12 10:09:38,,,,,,
1896,1896,65,60,70,74,55,65,65,espn_derived,event=761480,2026-08-12 10:09:38,,,,,,
1897,1897,65,60,76,74,55,64,66,espn_derived,event=761480,2026-08-12 10:09:38,,,,,,
1898,1898,80,83,60,79,35,64,67,espn_derived,event=761480,2026-08-12 10:09:38,,,,,,
1899,1899,65,69,70,74,55,61,66,espn_derived,event=761480,2026-08-12 10:09:38,,,,,,
1900,1900,65,71,70,90,55,62,69,espn_derived,event=761480,2026-08-12 10:09:38,,,,,,
1901,1901,83,80,60,75,35,64,66,espn_derived,event=761480,2026-08-12 10:09:38,,,,,,
1902,1902,80,80,60,75,35,65,66,espn_derived,event=761480,2026-08-12 10:09:38,,,,,,
1903,1903,80,80,60,75,35,65,66,espn_derived,event=761480,2026-08-12 10:09:38,,,,,,
1904,1904,80,80,60,75,35,65,66,espn_derived,event=761480,2026-08-12 10:09:38,,,,,,
1905,1905,80,80,60,75,35,65,66,espn_derived,event=761480,2026-08-12 10:09:38,,,,,,
1906,1906,80,80,60,75,35,65,66,espn_derived,event=761480,2026-08-12 10:09:38,,,,,,
1907,1907,83,80,60,75,35,64,66,espn_derived,event=761480,2026-08-12 10:09:38,,,,,,
1908,1908,80,80,60,75,35,65,66,espn_derived,event=761480,2026-08-12 10:09:38,,,,,,
1909,1909,83,80,60,75,35,65,66,espn_derived,event=761480,2026-08-12 10:09:38,,,,,,
1910,1910,45,35,50,49,44,65,48,espn_derived,event=761480,2026-08-12 10:09:38,,,,,,
1911,1911,60,40,55,54,75,73,60,espn_derived,event=761480,2026-08-12 10:09:38,,,,,,
1912,1912,60,40,55,58,75,74,60,espn_derived,event=761480,2026-08-12 10:09:38,,,,,,
1913,1913,60,40,55,58,75,73,60,espn_derived,event=761480,2026-08-12 10:09:38,,,,,,
1914,1914,65,60,70,74,55,63,64,espn_derived,event=761480,2026-08-12 10:09:38,,,,,,
1915,1915,65,63,70,70,55,64,64,espn_derived,event=761480,2026-08-12 10:09:38,,,,,,
1916,1916,65,60,70,74,55,64,65,espn_derived,event=761480,2026-08-12 10:09:38,,,,,,
1917,1917,65,63,70,78,55,64,66,espn_derived,event=761480,2026-08-12 10:09:38,,,,,,
1918,1918,80,83,60,75,35,64,66,espn_derived,event=761480,2026-08-12 10:09:38,,,,,,
1919,1919,80,86,60,75,35,66,67,espn_derived,event=761480,2026-08-12 10:09:38,,,,,,
1920,1920,80,80,60,75,35,65,66,espn_derived,event=761480,2026-08-12 10:09:38,,,,,,
1921,1921,80,80,60,75,35,65,66,espn_derived,event=761480,2026-08-12 10:09:38,,,,,,
1922,1922,80,80,60,75,35,65,66,espn_derived,event=761480,2026-08-12 10:09:38,,,,,,
1923,1923,80,80,60,75,35,65,66,espn_derived,event=761480,2026-08-12 10:09:38,,,,,,
1924,1924,83,80,60,75,35,65,66,espn_derived,event=761480,2026-08-12 10:09:38,,,,,,
1925,1925,83,80,60,75,35,65,66,espn_derived,event=761480,2026-08-12 10:09:38,,,,,,
1926,1926,80,80,60,75,35,65,66,espn_derived,event=761480,2026-08-12 10:09:38,,,,,,
1927,1927,83,80,60,83,35,65,68,espn_derived,event=761480,2026-08-12 10:09:38,,,,,,
1928,1928,83,80,60,75,35,63,66,espn_derived,event=761480,2026-08-12 10:09:38,,,,,,
1929,1929,83,80,60,75,35,65,66,espn_derived,event=761480,2026-08-12 10:09:38,,,,,,
1930,1930,45,35,50,45,44,65,47,espn_derived,event=761476,2026-08-12 10:09:39,,,,,,
1931,1931,60,40,55,50,75,75,59,espn_derived,event=761476,2026-08-12 10:09:39,,,,,,
1932,1932,60,40,55,58,75,74,60,espn_derived,event=761476,2026-08-12 10:09:39,,,,,,
1933,1933,60,55,60,60,55,64,59,espn_derived,event=761476,2026-08-12 10:09:39,,,,,,
1934,1934,60,55,60,60,55,63,59,espn_derived,event=761476,2026-08-12 10:09:39,,,,,,
1935,1935,65,60,70,74,55,65,65,espn_derived,event=761476,2026-08-12 10:09:39,,,,,,
1936,1936,65,60,70,74,55,63,64,espn_derived,event=761476,2026-08-12 10:09:39,,,,,,
1937,1937,65,60,70,74,55,64,65,espn_derived,event=761476,2026-08-12 10:09:39,,,,,,
1938,1938,80,83,60,75,35,66,66,espn_derived,event=761476,2026-08-12 10:09:39,,,,,,
1939,1939,65,60,70,78,55,65,66,espn_derived,event=761476,2026-08-12 10:09:39,,,,,,
1940,1940,65,60,70,74,55,62,64,espn_derived,event=761476,2026-08-12 10:09:39,,,,,,
1941,1941,80,80,60,75,35,65,66,espn_derived,event=761476,2026-08-12 10:09:39,,,,,,
1942,1942,83,80,60,75,35,65,66,espn_derived,event=761476,2026-08-12 10:09:39,,,,,,
1943,1943,80,80,60,75,35,65,66,espn_derived,event=761476,2026-08-12 10:09:39,,,,,,
1944,1944,80,80,60,75,35,65,66,espn_derived,event=761476,2026-08-12 10:09:39,,,,,,
1945,1945,83,83,60,75,35,65,67,espn_derived,event=761476,2026-08-12 10:09:39,,,,,,
1946,1946,80,80,60,75,35,65,66,espn_derived,event=761476,2026-08-12 10:09:39,,,,,,
1947,1947,83,80,60,79,35,65,67,espn_derived,event=761476,2026-08-12 10:09:39,,,,,,
1948,1948,80,80,60,75,35,65,66,espn_derived,event=761476,2026-08-12 10:09:39,,,,,,
1949,1949,83,83,60,83,35,65,68,espn_derived,event=761476,2026-08-12 10:09:39,,,,,,
1950,1950,45,35,50,45,42,65,47,espn_derived,event=761476,2026-08-12 10:09:39,,,,,,
1951,1951,60,40,55,50,75,74,59,espn_derived,event=761476,2026-08-12 10:09:39,,,,,,
1952,1952,60,40,55,50,75,72,59,espn_derived,event=761476,2026-08-12 10:09:39,,,,,,
1953,1953,60,55,60,64,55,63,60,espn_derived,event=761476,2026-08-12 10:09:39,,,,,,
1954,1954,60,55,60,76,55,64,62,espn_derived,event=761476,2026-08-12 10:09:39,,,,,,
1955,1955,65,60,70,70,55,65,64,espn_derived,event=761476,2026-08-12 10:09:39,,,,,,
1956,1956,65,63,76,74,55,65,66,espn_derived,event=761476,2026-08-12 10:09:39,,,,,,
1957,1957,65,60,70,74,55,65,65,espn_derived,event=761476,2026-08-12 10:09:39,,,,,,
1958,1958,80,80,60,83,35,64,67,espn_derived,event=761476,2026-08-12 10:09:39,,,,,,
1959,1959,80,80,60,75,35,64,66,espn_derived,event=761476,2026-08-12 10:09:39,,,,,,
1960,1960,80,99,60,79,35,66,70,espn_derived,event=761476,2026-08-12 10:09:39,,,,,,
1961,1961,83,80,60,75,35,64,66,espn_derived,event=761476,2026-08-12 10:09:39,,,,,,
1962,1962,83,80,60,75,35,65,66,espn_derived,event=761476,2026-08-12 10:09:39,,,,,,
1963,1963,80,80,60,75,35,65,66,espn_derived,event=761476,2026-08-12 10:09:39,,,,,,
1964,1964,80,80,60,75,35,65,66,espn_derived,event=761476,2026-08-12 10:09:39,,,,,,
1965,1965,83,80,60,79,35,64,67,espn_derived,event=761476,2026-08-12 10:09:39,,,,,,
1966,1966,83,80,60,75,35,65,66,espn_derived,event=761476,2026-08-12 10:09:39,,,,,,
1967,1967,80,80,60,75,35,65,66,espn_derived,event=761476,2026-08-12 10:09:39,,,,,,
1968,1968,83,80,60,75,35,65,66,espn_derived,event=761476,2026-08-12 10:09:39,,,,,,
1969,1969,80,80,60,75,35,65,66,espn_derived,event=761476,2026-08-12 10:09:39,,,,,,
1970,856,45,35,50,45,40,65,47,espn_derived,event=746579,2026-08-12 10:09:40,,,,,,
1971,874,60,40,55,54,75,74,60,espn_derived,event=746579,2026-08-12 10:09:40,,,,,,
1972,1972,60,40,55,50,75,74,59,espn_derived,event=746579,2026-08-12 10:09:40,,,,,,
1973,873,60,55,60,60,55,64,59,espn_derived,event=746579,2026-08-12 10:09:40,,,,,,
1974,860,60,69,66,68,55,64,64,espn_derived,event=746579,2026-08-12 10:09:40,,,,,,
1975,872,65,60,70,70,55,65,64,espn_derived,event=746579,2026-08-12 10:09:40,,,,,,
1976,1976,65,60,70,70,55,65,64,espn_derived,event=746579,2026-08-12 10:09:40,,,,,,
1977,862,65,60,70,74,55,65,65,espn_derived,event=746579,2026-08-12 10:09:40,,,,,,
1978,864,80,94,60,79,35,66,69,espn_derived,event=746579,2026-08-12 10:09:40,,,,,,
1979,865,80,83,60,75,35,65,66,espn_derived,event=746579,2026-08-12 10:09:40,,,,,,
1980,861,80,80,60,75,35,66,66,espn_derived,event=746579,2026-08-12 10:09:40,,,,,,
1981,1981,80,80,60,75,35,65,66,espn_derived,event=746579,2026-08-12 10:09:40,,,,,,
1982,866,83,80,60,75,35,64,66,espn_derived,event=746579,2026-08-12 10:09:40,,,,,,
1983,857,83,80,60,75,35,64,66,espn_derived,event=746579,2026-08-12 10:09:40,,,,,,
1984,863,83,80,60,75,35,64,66,espn_derived,event=746579,2026-08-12 10:09:40,,,,,,
1985,1985,83,83,60,75,35,64,67,espn_derived,event=746579,2026-08-12 10:09:40,,,,,,
1986,875,80,80,60,75,35,65,66,espn_derived,event=746579,2026-08-12 10:09:40,,,,,,
1987,859,80,80,60,75,35,65,66,espn_derived,event=746579,2026-08-12 10:09:40,,,,,,
1988,1988,80,80,60,75,35,65,66,espn_derived,event=746579,2026-08-12 10:09:40,,,,,,
1989,1989,83,80,60,75,35,65,66,espn_derived,event=746579,2026-08-12 10:09:40,,,,,,
1990,391,45,35,50,45,42,65,47,espn_derived,event=746579,2026-08-12 10:09:40,,,,,,
1991,1225,60,51,55,50,75,75,61,espn_derived,event=746579,2026-08-12 10:09:40,,,,,,
1992,393,60,40,55,50,75,75,59,espn_derived,event=746579,2026-08-12 10:09:40,,,,,,
1993,394,60,40,55,50,75,74,59,espn_derived,event=746579,2026-08-12 10:09:40,,,,,,
1994,395,65,74,76,74,55,65,68,espn_derived,event=746579,2026-08-12 10:09:40,,,,,,
1995,396,65,60,70,74,55,65,65,espn_derived,event=746579,2026-08-12 10:09:40,,,,,,
1996,400,65,60,76,70,55,63,65,espn_derived,event=746579,2026-08-12 10:09:40,,,,,,
1997,1231,65,60,70,86,55,65,67,espn_derived,event=746579,2026-08-12 10:09:40,,,,,,
1998,398,65,60,70,70,55,65,64,espn_derived,event=746579,2026-08-12 10:09:40,,,,,,
1999,403,80,83,66,75,35,65,67,espn_derived,event=746579,2026-08-12 10:09:40,,,,,,
2000,1232,80,99,60,87,35,66,71,espn_derived,event=746579,2026-08-12 10:09:40,,,,,,
2001,410,83,80,60,75,35,65,66,espn_derived,event=746579,2026-08-12 10:09:40,,,,,,
2002,407,80,80,60,75,35,65,66,espn_derived,event=746579,2026-08-12 10:09:40,,,,,,
2003,409,80,80,60,75,35,65,66,espn_derived,event=746579,2026-08-12 10:09:40,,,,,,
2004,392,83,80,60,79,35,64,67,espn_derived,event=746579,2026-08-12 10:09:40,,,,,,
2005,1240,80,80,60,75,35,65,66,espn_derived,event=746579,2026-08-12 10:09:40,,,,,,
2006,408,83,80,60,75,35,65,66,espn_derived,event=746579,2026-08-12 10:09:40,,,,,,
2007,404,83,80,60,75,35,65,66,espn_derived,event=746579,2026-08-12 10:09:40,,,,,,
2008,1239,80,80,60,75,35,65,66,espn_derived,event=746579,2026-08-12 10:09:40,,,,,,
2009,399,80,80,60,75,35,65,66,espn_derived,event=746579,2026-08-12 10:09:40,,,,,,
2010,1775,45,35,50,45,38,65,46,espn_derived,event=401843348,2026-08-12 10:09:41,,,,,,
2011,1770,60,40,55,50,75,75,59,espn_derived,event=401843348,2026-08-12 10:09:41,,,,,,
2012,1777,60,40,55,50,75,73,59,espn_derived,event=401843348,2026-08-12 10:09:41,,,,,,
2013,1766,60,55,60,60,55,63,59,espn_derived,event=401843348,2026-08-12 10:09:41,,,,,,
2014,1780,60,55,60,64,55,65,60,espn_derived,event=401843348,2026-08-12 10:09:41,,,,,,
2015,1783,65,74,70,74,55,64,67,espn_derived,event=401843348,2026-08-12 10:09:41,,,,,,
2016,1778,65,63,70,70,55,64,64,espn_derived,event=401843348,2026-08-12 10:09:41,,,,,,
2017,1782,65,74,70,74,55,64,67,espn_derived,event=401843348,2026-08-12 10:09:41,,,,,,
2018,1771,65,74,70,70,55,64,66,espn_derived,event=401843348,2026-08-12 10:09:41,,,,,,
2019,1784,80,99,66,83,35,63,71,espn_derived,event=401843348,2026-08-12 10:09:41,,,,,,
2020,1785,80,80,60,83,35,63,67,espn_derived,event=401843348,2026-08-12 10:09:41,,,,,,
2021,1773,83,80,60,75,35,65,66,espn_derived,event=401843348,2026-08-12 10:09:41,,,,,,
2022,1774,80,80,60,75,35,65,66,espn_derived,event=401843348,2026-08-12 10:09:41,,,,,,
2023,1781,83,80,60,83,35,65,68,espn_derived,event=401843348,2026-08-12 10:09:41,,,,,,
2024,2024,83,80,60,75,35,65,66,espn_derived,event=401843348,2026-08-12 10:09:41,,,,,,
2025,1776,80,80,60,75,35,65,66,espn_derived,event=401843348,2026-08-12 10:09:41,,,,,,
2026,1768,83,80,60,75,35,65,66,espn_derived,event=401843348,2026-08-12 10:09:41,,,,,,
2027,1769,80,80,60,75,35,65,66,espn_derived,event=401843348,2026-08-12 10:09:41,,,,,,
2028,1772,80,80,60,75,35,65,66,espn_derived,event=401843348,2026-08-12 10:09:41,,,,,,
2029,1779,83,80,60,75,35,65,66,espn_derived,event=401843348,2026-08-12 10:09:41,,,,,,
2030,1083,45,35,50,45,44,65,47,espn_derived,event=401843348,2026-08-12 10:09:41,,,,,,
2031,1084,60,40,55,54,75,73,60,espn_derived,event=401843348,2026-08-12 10:09:41,,,,,,
2032,1085,60,40,55,58,75,75,60,espn_derived,event=401843348,2026-08-12 10:09:41,,,,,,
2033,1086,60,40,55,50,75,74,59,espn_derived,event=401843348,2026-08-12 10:09:41,,,,,,
2034,1087,60,55,60,68,55,64,60,espn_derived,event=401843348,2026-08-12 10:09:41,,,,,,
2035,1088,60,55,60,60,55,64,59,espn_derived,event=401843348,2026-08-12 10:09:41,,,,,,
2036,1089,65,60,70,74,55,65,65,espn_derived,event=401843348,2026-08-12 10:09:41,,,,,,
2037,2037,65,60,70,70,55,64,64,espn_derived,event=401843348,2026-08-12 10:09:41,,,,,,
2038,1091,65,60,70,78,55,64,65,espn_derived,event=401843348,2026-08-12 10:09:41,,,,,,
2039,1093,80,83,60,79,35,65,67,espn_derived,event=401843348,2026-08-12 10:09:41,,,,,,
2040,1090,80,80,60,79,35,64,66,espn_derived,event=401843348,2026-08-12 10:09:41,,,,,,
2041,1102,80,80,60,75,35,65,66,espn_derived,event=401843348,2026-08-12 10:09:41,,,,,,
2042,1097,80,80,60,75,35,65,66,espn_derived,event=401843348,2026-08-12 10:09:41,,,,,,
2043,1094,83,80,60,75,35,64,66,espn_derived,event=401843348,2026-08-12 10:09:41,,,,,,
2044,1092,83,80,60,79,35,65,67,espn_derived,event=401843348,2026-08-12 10:09:41,,,,,,
2045,2045,83,80,60,75,35,65,66,espn_derived,event=401843348,2026-08-12 10:09:41,,,,,,
2046,1095,83,80,60,75,35,65,66,espn_derived,event=401843348,2026-08-12 10:09:41,,,,,,
2047,1099,83,83,60,75,35,64,67,espn_derived,event=401843348,2026-08-12 10:09:41,,,,,,
2048,1100,80,80,60,75,35,65,66,espn_derived,event=401843348,2026-08-12 10:09:41,,,,,,
2049,1098,80,80,60,75,35,65,66,espn_derived,event=401843348,2026-08-12 10:09:41,,,,,,
2050,1623,45,35,50,45,44,65,47,espn_derived,event=748321,2026-08-12 10:09:42,,,,,,
2051,2051,60,40,55,50,75,74,59,espn_derived,event=748321,2026-08-12 10:09:42,,,,,,
2052,1625,60,40,55,54,75,75,60,espn_derived,event=748321,2026-08-12 10:09:42,,,,,,
2053,1626,60,40,55,58,75,71,60,espn_derived,event=748321,2026-08-12 10:09:42,,,,,,
2054,1628,65,60,70,74,55,63,64,espn_derived,event=748321,2026-08-12 10:09:42,,,,,,
2055,1627,65,60,70,78,55,65,66,espn_derived,event=748321,2026-08-12 10:09:42,,,,,,
2056,1629,65,60,70,70,55,65,64,espn_derived,event=748321,2026-08-12 10:09:42,,,,,,
2057,1640,65,63,70,74,55,63,65,espn_derived,event=748321,2026-08-12 10:09:42,,,,,,
2058,1631,80,99,60,79,35,64,70,espn_derived,event=748321,2026-08-12 10:09:42,,,,,,
2059,2059,80,80,60,79,35,66,67,espn_derived,event=748321,2026-08-12 10:09:42,,,,,,
2060,1645,80,83,60,75,35,65,66,espn_derived,event=748321,2026-08-12 10:09:42,,,,,,
2061,2061,80,80,60,75,35,65,66,espn_derived,event=748321,2026-08-12 10:09:42,,,,,,
2062,2062,83,80,60,75,35,65,66,espn_derived,event=748321,2026-08-12 10:09:42,,,,,,
2063,1643,83,80,66,75,35,66,68,espn_derived,event=748321,2026-08-12 10:09:42,,,,,,
2064,1624,80,80,60,75,35,65,66,espn_derived,event=748321,2026-08-12 10:09:42,,,,,,
2065,1635,83,91,60,75,35,65,68,espn_derived,event=748321,2026-08-12 10:09:42,,,,,,
2066,1636,80,80,60,75,35,65,66,espn_derived,event=748321,2026-08-12 10:09:42,,,,,,
2067,1638,80,80,60,75,35,65,66,espn_derived,event=748321,2026-08-12 10:09:42,,,,,,
2068,1632,83,91,60,75,35,65,68,espn_derived,event=748321,2026-08-12 10:09:42,,,,,,
2069,1633,83,80,66,75,35,65,67,espn_derived,event=748321,2026-08-12 10:09:42,,,,,,
2070,2070,80,80,60,75,35,65,66,espn_derived,event=748321,2026-08-12 10:09:42,,,,,,
2071,1634,80,80,60,75,35,65,66,espn_derived,event=748321,2026-08-12 10:09:42,,,,,,
2072,1630,80,80,60,75,35,65,66,espn_derived,event=748321,2026-08-12 10:09:42,,,,,,
2073,2073,45,35,50,45,30,65,45,espn_derived,event=748321,2026-08-12 10:09:42,,,,,,
2074,2074,60,40,55,50,75,76,59,espn_derived,event=748321,2026-08-12 10:09:42,,,,,,
2075,2075,60,40,55,50,75,74,59,espn_derived,event=748321,2026-08-12 10:09:42,,,,,,
2076,2076,60,40,55,54,75,74,60,espn_derived,event=748321,2026-08-12 10:09:42,,,,,,
2077,791,65,63,70,74,55,63,65,espn_derived,event=748321,2026-08-12 10:09:42,,,,,,
2078,776,65,63,70,74,55,64,65,espn_derived,event=748321,2026-08-12 10:09:42,,,,,,
2079,784,65,71,70,70,55,64,66,espn_derived,event=748321,2026-08-12 10:09:42,,,,,,
2080,781,65,60,70,74,55,66,65,espn_derived,event=748321,2026-08-12 10:09:42,,,,,,
2081,774,65,60,70,70,55,65,64,espn_derived,event=748321,2026-08-12 10:09:42,,,,,,
2082,2082,80,83,60,83,35,65,68,espn_derived,event=748321,2026-08-12 10:09:42,,,,,,
2083,792,80,83,60,83,35,64,68,espn_derived,event=748321,2026-08-12 10:09:42,,,,,,
2084,785,80,80,60,75,35,65,66,espn_derived,event=748321,2026-08-12 10:09:42,,,,,,
2085,790,80,80,60,75,35,65,66,espn_derived,event=748321,2026-08-12 10:09:42,,,,,,
2086,773,80,80,60,75,35,65,66,espn_derived,event=748321,2026-08-12 10:09:42,,,,,,
2087,2087,80,80,60,75,35,65,66,espn_derived,event=748321,2026-08-12 10:09:42,,,,,,
2088,788,83,80,60,75,35,65,66,espn_derived,event=748321,2026-08-12 10:09:42,,,,,,
2089,783,80,80,60,75,35,65,66,espn_derived,event=748321,2026-08-12 10:09:42,,,,,,
2090,789,83,80,60,83,35,65,68,espn_derived,event=748321,2026-08-12 10:09:42,,,,,,
2091,786,83,80,60,75,35,65,66,espn_derived,event=748321,2026-08-12 10:09:42,,,,,,
2092,787,80,80,60,75,35,65,66,espn_derived,event=748321,2026-08-12 10:09:42,,,,,,
2093,778,83,80,60,75,35,63,66,espn_derived,event=748321,2026-08-12 10:09:42,,,,,,
2094,777,83,80,60,75,35,65,66,espn_derived,event=748321,2026-08-12 10:09:42,,,,,,
2095,2095,80,80,60,75,35,65,66,espn_derived,event=748321,2026-08-12 10:09:42,,,,,,
2096,2096,45,35,50,45,40,65,47,espn_derived,event=746925,2026-08-12 10:09:42,,,,,,
2097,2097,60,40,55,66,75,75,62,espn_derived,event=746925,2026-08-12 10:09:42,,,,,,
2098,2098,60,40,55,50,75,74,59,espn_derived,event=746925,2026-08-12 10:09:42,,,,,,
2099,2099,60,51,55,50,75,75,61,espn_derived,event=746925,2026-08-12 10:09:42,,,,,,
2100,2100,65,60,70,78,55,63,65,espn_derived,event=746925,2026-08-12 10:09:42,,,,,,
2101,2101,65,60,70,74,55,65,65,espn_derived,event=746925,2026-08-12 10:09:42,,,,,,
2102,2102,65,60,70,74,55,66,65,espn_derived,event=746925,2026-08-12 10:09:42,,,,,,
2103,2103,65,60,70,70,55,65,64,espn_derived,event=746925,2026-08-12 10:09:42,,,,,,
2104,2104,80,86,60,79,35,62,67,espn_derived,event=746925,2026-08-12 10:09:42,,,,,,
2105,2105,80,80,60,79,35,65,66,espn_derived,event=746925,2026-08-12 10:09:42,,,,,,
2106,2106,80,83,60,75,35,64,66,espn_derived,event=746925,2026-08-12 10:09:42,,,,,,
2107,2107,83,83,60,75,35,66,67,espn_derived,event=746925,2026-08-12 10:09:42,,,,,,
2108,2108,83,80,60,79,35,65,67,espn_derived,event=746925,2026-08-12 10:09:42,,,,,,
2109,2109,83,80,66,79,35,63,68,espn_derived,event=746925,2026-08-12 10:09:42,,,,,,
2110,2110,83,80,60,79,35,65,67,espn_derived,event=746925,2026-08-12 10:09:42,,,,,,
2111,2111,83,80,60,75,35,65,66,espn_derived,event=746925,2026-08-12 10:09:42,,,,,,
2112,2112,80,80,60,75,35,65,66,espn_derived,event=746925,2026-08-12 10:09:42,,,,,,
2113,2113,80,80,60,75,35,65,66,espn_derived,event=746925,2026-08-12 10:09:42,,,,,,
2114,2114,80,80,60,75,35,65,66,espn_derived,event=746925,2026-08-12 10:09:42,,,,,,
2115,2115,80,80,60,75,35,65,66,espn_derived,event=746925,2026-08-12 10:09:42,,,,,,
2116,2116,45,35,50,45,44,65,47,espn_derived,event=746925,2026-08-12 10:09:42,,,,,,
2117,2117,60,40,55,58,75,75,60,espn_derived,event=746925,2026-08-12 10:09:42,,,,,,
2118,2118,60,40,55,50,75,74,59,espn_derived,event=746925,2026-08-12 10:09:42,,,,,,
2119,2119,60,40,55,54,75,72,59,espn_derived,event=746925,2026-08-12 10:09:42,,,,,,
2120,2120,65,60,70,70,55,65,64,espn_derived,event=746925,2026-08-12 10:09:42,,,,,,
2121,2121,65,63,76,74,55,63,66,espn_derived,event=746925,2026-08-12 10:09:42,,,,,,
2122,2122,65,60,70,78,55,64,65,espn_derived,event=746925,2026-08-12 10:09:42,,,,,,
2123,2123,65,60,70,74,55,64,65,espn_derived,event=746925,2026-08-12 10:09:42,,,,,,
2124,2124,65,60,70,74,55,65,65,espn_derived,event=746925,2026-08-12 10:09:42,,,,,,
2125,2125,80,94,60,75,35,64,68,espn_derived,event=746925,2026-08-12 10:09:42,,,,,,
2126,2126,80,83,60,79,35,63,67,espn_derived,event=746925,2026-08-12 10:09:42,,,,,,
2127,2127,80,80,60,75,35,65,66,espn_derived,event=746925,2026-08-12 10:09:42,,,,,,
2128,2128,80,80,60,75,35,65,66,espn_derived,event=746925,2026-08-12 10:09:42,,,,,,
2129,2129,80,80,60,75,35,65,66,espn_derived,event=746925,2026-08-12 10:09:42,,,,,,
2130,2130,83,80,60,75,35,64,66,espn_derived,event=746925,2026-08-12 10:09:42,,,,,,
2131,2131,80,80,60,75,35,65,66,espn_derived,event=746925,2026-08-12 10:09:42,,,,,,
2132,2132,83,80,60,75,35,64,66,espn_derived,event=746925,2026-08-12 10:09:42,,,,,,
2133,2133,80,80,60,75,35,65,66,espn_derived,event=746925,2026-08-12 10:09:42,,,,,,
2134,2134,83,80,60,75,35,65,66,espn_derived,event=746925,2026-08-12 10:09:42,,,,,,
2135,2135,80,80,60,75,35,65,66,espn_derived,event=746925,2026-08-12 10:09:42,,,,,,
2136,1,45,35,50,45,30,65,45,espn_derived,event=401862900,2026-08-12 10:09:43,,,,,,
2137,2,60,40,55,50,75,74,59,espn_derived,event=401862900,2026-08-12 10:09:43,,,,,,
2138,3,60,51,55,54,75,74,62,espn_derived,event=401862900,2026-08-12 10:09:43,,,,,,
2139,22,60,55,60,68,55,65,60,espn_derived,event=401862900,2026-08-12 10:09:43,,,,,,
2140,4,60,55,60,68,55,65,60,espn_derived,event=401862900,2026-08-12 10:09:43,,,,,,
2141,2141,65,60,70,70,55,64,64,espn_derived,event=401862900,2026-08-12 10:09:43,,,,,,
2142,6,65,63,76,82,55,65,68,espn_derived,event=401862900,2026-08-12 10:09:43,,,,,,
2143,8,65,63,70,74,55,64,65,espn_derived,event=401862900,2026-08-12 10:09:43,,,,,,
2144,9,80,80,66,79,35,63,67,espn_derived,event=401862900,2026-08-12 10:09:43,,,,,,
2145,10,65,74,70,70,55,65,66,espn_derived,event=401862900,2026-08-12 10:09:43,,,,,,
2146,11,65,71,76,74,55,64,68,espn_derived,event=401862900,2026-08-12 10:09:43,,,,,,
2147,2147,80,80,60,75,35,65,66,espn_derived,event=401862900,2026-08-12 10:09:43,,,,,,
2148,7,80,80,60,75,35,65,66,espn_derived,event=401862900,2026-08-12 10:09:43,,,,,,
2149,13,80,80,60,75,35,65,66,espn_derived,event=401862900,2026-08-12 10:09:43,,,,,,
2150,16,80,80,60,75,35,65,66,espn_derived,event=401862900,2026-08-12 10:09:43,,,,,,
2151,14,80,80,60,75,35,65,66,espn_derived,event=401862900,2026-08-12 10:09:43,,,,,,
2152,12,80,80,60,75,35,65,66,espn_derived,event=401862900,2026-08-12 10:09:43,,,,,,
2153,5,83,80,60,75,35,65,66,espn_derived,event=401862900,2026-08-12 10:09:43,,,,,,
2154,21,80,80,60,75,35,65,66,espn_derived,event=401862900,2026-08-12 10:09:43,,,,,,
2155,23,80,80,60,75,35,65,66,espn_derived,event=401862900,2026-08-12 10:09:43,,,,,,
2156,20,83,80,60,79,35,65,67,espn_derived,event=401862900,2026-08-12 10:09:43,,,,,,
2157,17,83,83,60,75,35,64,67,espn_derived,event=401862900,2026-08-12 10:09:43,,,,,,
2158,18,80,80,60,75,35,65,66,espn_derived,event=401862900,2026-08-12 10:09:43,,,,,,
2159,1623,45,35,50,45,40,65,47,espn_derived,event=401862900,2026-08-12 10:09:43,,,,,,
2160,2051,60,40,55,54,75,75,60,espn_derived,event=401862900,2026-08-12 10:09:43,,,,,,
2161,1625,60,40,55,58,75,74,60,espn_derived,event=401862900,2026-08-12 10:09:43,,,,,,
2162,1626,60,40,55,50,75,74,59,espn_derived,event=401862900,2026-08-12 10:09:43,,,,,,
2163,1627,65,60,70,78,55,64,65,espn_derived,event=401862900,2026-08-12 10:09:43,,,,,,
2164,2070,65,60,70,70,55,65,64,espn_derived,event=401862900,2026-08-12 10:09:43,,,,,,
2165,1629,65,60,70,74,55,63,64,espn_derived,event=401862900,2026-08-12 10:09:43,,,,,,
2166,1640,65,60,70,70,55,64,64,espn_derived,event=401862900,2026-08-12 10:09:43,,,,,,
2167,1631,80,80,60,83,35,63,67,espn_derived,event=401862900,2026-08-12 10:09:43,,,,,,
2168,2059,80,80,60,75,35,66,66,espn_derived,event=401862900,2026-08-12 10:09:43,,,,,,
2169,1634,80,80,60,75,35,64,66,espn_derived,event=401862900,2026-08-12 10:09:43,,,,,,
2170,2170,80,80,60,75,35,65,66,espn_derived,event=401862900,2026-08-12 10:09:43,,,,,,
2171,1639,83,80,60,75,35,63,66,espn_derived,event=401862900,2026-08-12 10:09:43,,,,,,
2172,1643,83,80,60,75,35,64,66,espn_derived,event=401862900,2026-08-12 10:09:43,,,,,,
2173,1533,83,80,60,75,35,65,66,espn_derived,event=401862900,2026-08-12 10:09:43,,,,,,
2174,1638,80,80,60,75,35,65,66,espn_derived,event=401862900,2026-08-12 10:09:43,,,,,,
2175,1633,83,80,60,75,35,65,66,espn_derived,event=401862900,2026-08-12 10:09:43,,,,,,
2176,1642,80,80,60,75,35,65,66,espn_derived,event=401862900,2026-08-12 10:09:43,,,,,,
2177,2062,80,80,60,75,35,65,66,espn_derived,event=401862900,2026-08-12 10:09:43,,,,,,
2178,1636,80,80,60,75,35,65,66,espn_derived,event=401862900,2026-08-12 10:09:43,,,,,,
2179,1624,80,80,60,75,35,65,66,espn_derived,event=401862900,2026-08-12 10:09:43,,,,,,
2180,1635,83,80,60,79,35,65,67,espn_derived,event=401862900,2026-08-12 10:09:43,,,,,,
2181,1644,80,80,60,75,35,65,66,espn_derived,event=401862900,2026-08-12 10:09:43,,,,,,
2182,333,45,35,50,45,46,65,48,espn_derived,event=740868,2026-08-12 10:09:44,,,,,,
2183,334,60,40,55,50,75,75,59,espn_derived,event=740868,2026-08-12 10:09:44,,,,,,
2184,351,60,40,55,50,75,75,59,espn_derived,event=740868,2026-08-12 10:09:44,,,,,,
2185,336,60,40,55,58,75,72,60,espn_derived,event=740868,2026-08-12 10:09:44,,,,,,
2186,347,65,71,70,82,55,63,68,espn_derived,event=740868,2026-08-12 10:09:44,,,,,,
2187,337,65,60,70,78,55,64,65,espn_derived,event=740868,2026-08-12 10:09:44,,,,,,
2188,339,65,60,70,82,55,63,66,espn_derived,event=740868,2026-08-12 10:09:44,,,,,,
2189,340,65,60,70,70,55,65,64,espn_derived,event=740868,2026-08-12 10:09:44,,,,,,
2190,343,80,80,66,79,35,63,67,espn_derived,event=740868,2026-08-12 10:09:44,,,,,,
2191,342,80,80,60,95,35,64,69,espn_derived,event=740868,2026-08-12 10:09:44,,,,,,
2192,338,80,80,60,87,35,64,68,espn_derived,event=740868,2026-08-12 10:09:44,,,,,,
2193,350,80,80,60,75,35,65,66,espn_derived,event=740868,2026-08-12 10:09:44,,,,,,
2194,348,80,80,60,75,35,65,66,espn_derived,event=740868,2026-08-12 10:09:44,,,,,,
2195,341,83,80,60,75,35,65,66,espn_derived,event=740868,2026-08-12 10:09:44,,,,,,
2196,345,83,80,60,75,35,65,66,espn_derived,event=740868,2026-08-12 10:09:44,,,,,,
2197,349,80,80,60,75,35,65,66,espn_derived,event=740868,2026-08-12 10:09:44,,,,,,
2198,2198,80,80,60,75,35,65,66,espn_derived,event=740868,2026-08-12 10:09:44,,,,,,
2199,344,80,80,60,75,35,65,66,espn_derived,event=740868,2026-08-12 10:09:44,,,,,,
2200,346,80,80,60,75,35,65,66,espn_derived,event=740868,2026-08-12 10:09:44,,,,,,
2201,352,83,91,60,75,35,65,68,espn_derived,event=740868,2026-08-12 10:09:44,,,,,,
2202,24,45,35,50,45,26,65,44,espn_derived,event=740868,2026-08-12 10:09:44,,,,,,
2203,25,60,40,55,50,75,75,59,espn_derived,event=740868,2026-08-12 10:09:44,,,,,,
2204,26,60,40,55,62,75,73,61,espn_derived,event=740868,2026-08-12 10:09:44,,,,,,
2205,27,60,55,60,60,55,64,59,espn_derived,event=740868,2026-08-12 10:09:44,,,,,,
2206,28,60,55,60,68,55,61,60,espn_derived,event=740868,2026-08-12 10:09:44,,,,,,
2207,29,65,66,70,74,55,63,66,espn_derived,event=740868,2026-08-12 10:09:44,,,,,,
2208,43,65,63,70,74,55,63,65,espn_derived,event=740868,2026-08-12 10:09:44,,,,,,
2209,39,65,63,70,78,55,65,66,espn_derived,event=740868,2026-08-12 10:09:44,,,,,,
2210,32,80,80,60,75,35,64,66,espn_derived,event=740868,2026-08-12 10:09:44,,,,,,
2211,33,65,60,70,82,55,60,65,espn_derived,event=740868,2026-08-12 10:09:44,,,,,,
2212,36,65,60,70,70,55,65,64,espn_derived,event=740868,2026-08-12 10:09:44,,,,,,
2213,1697,83,80,60,79,35,65,67,espn_derived,event=740868,2026-08-12 10:09:44,,,,,,
2214,40,83,83,60,75,35,65,67,espn_derived,event=740868,2026-08-12 10:09:44,,,,,,
2215,31,80,80,60,75,35,65,66,espn_derived,event=740868,2026-08-12 10:09:44,,,,,,
2216,38,80,80,60,75,35,65,66,espn_derived,event=740868,2026-08-12 10:09:44,,,,,,
2217,37,83,80,60,75,35,64,66,espn_derived,event=740868,2026-08-12 10:09:44,,,,,,
2218,41,80,80,60,75,35,65,66,espn_derived,event=740868,2026-08-12 10:09:44,,,,,,
2219,42,80,80,60,75,35,65,66,espn_derived,event=740868,2026-08-12 10:09:44,,,,,,
2220,46,83,80,60,75,35,64,66,espn_derived,event=740868,2026-08-12 10:09:44,,,,,,
2221,2221,83,80,60,75,35,65,66,espn_derived,event=740868,2026-08-12 10:09:44,,,,,,
2222,2222,45,35,50,45,36,65,46,espn_derived,event=746897,2026-08-12 10:09:45,,,,,,
2223,2223,60,40,55,58,75,74,60,espn_derived,event=746897,2026-08-12 10:09:45,,,,,,
2224,2224,60,40,55,50,75,74,59,espn_derived,event=746897,2026-08-12 10:09:45,,,,,,
2225,2225,60,55,60,60,55,65,59,espn_derived,event=746897,2026-08-12 10:09:45,,,,,,
2226,2226,60,55,60,80,55,65,62,espn_derived,event=746897,2026-08-12 10:09:45,,,,,,
2227,2227,65,60,70,70,55,66,64,espn_derived,event=746897,2026-08-12 10:09:45,,,,,,
2228,2228,65,60,70,78,55,65,66,espn_derived,event=746897,2026-08-12 10:09:45,,,,,,
2229,2229,65,85,70,70,55,66,68,espn_derived,event=746897,2026-08-12 10:09:45,,,,,,
2230,2230,80,80,60,79,35,63,66,espn_derived,event=746897,2026-08-12 10:09:45,,,,,,
2231,2231,80,80,66,83,35,65,68,espn_derived,event=746897,2026-08-12 10:09:45,,,,,,
2232,2232,80,80,60,83,35,64,67,espn_derived,event=746897,2026-08-12 10:09:45,,,,,,
2233,2233,83,80,60,75,35,65,66,espn_derived,event=746897,2026-08-12 10:09:45,,,,,,
2234,2234,80,80,60,75,35,65,66,espn_derived,event=746897,2026-08-12 10:09:45,,,,,,
2235,2235,83,80,60,91,35,62,68,espn_derived,event=746897,2026-08-12 10:09:45,,,,,,
2236,2236,80,80,60,75,35,65,66,espn_derived,event=746897,2026-08-12 10:09:45,,,,,,
2237,2237,80,80,60,75,35,65,66,espn_derived,event=746897,2026-08-12 10:09:45,,,,,,
2238,2238,80,80,60,75,35,65,66,espn_derived,event=746897,2026-08-12 10:09:45,,,,,,
2239,2239,83,80,60,75,35,63,66,espn_derived,event=746897,2026-08-12 10:09:45,,,,,,
2240,2240,83,83,60,75,35,65,67,espn_derived,event=746897,2026-08-12 10:09:45,,,,,,
2241,2241,80,80,60,75,35,65,66,espn_derived,event=746897,2026-08-12 10:09:45,,,,,,
2242,1262,45,35,50,45,32,65,45,espn_derived,event=746897,2026-08-12 10:09:45,,,,,,
2243,1263,60,40,55,58,75,70,60,espn_derived,event=746897,2026-08-12 10:09:45,,,,,,
2244,2244,60,40,55,50,75,75,59,espn_derived,event=746897,2026-08-12 10:09:45,,,,,,
2245,1265,60,40,55,58,75,72,60,espn_derived,event=746897,2026-08-12 10:09:45,,,,,,
2246,1266,65,60,70,74,55,65,65,espn_derived,event=746897,2026-08-12 10:09:45,,,,,,
2247,1268,65,74,70,74,55,64,67,espn_derived,event=746897,2026-08-12 10:09:45,,,,,,
2248,1264,65,60,70,70,55,62,64,espn_derived,event=746897,2026-08-12 10:09:45,,,,,,
2249,1270,65,60,70,74,55,64,65,espn_derived,event=746897,2026-08-12 10:09:45,,,,,,
2250,1272,80,80,60,83,35,62,67,espn_derived,event=746897,2026-08-12 10:09:45,,,,,,
2251,1280,80,80,60,75,35,65,66,espn_derived,event=746897,2026-08-12 10:09:45,,,,,,
2252,1275,80,80,60,75,35,65,66,espn_derived,event=746897,2026-08-12 10:09:45,,,,,,
2253,1277,83,80,60,75,35,65,66,espn_derived,event=746897,2026-08-12 10:09:45,,,,,,
2254,1278,80,80,60,75,35,65,66,espn_derived,event=746897,2026-08-12 10:09:45,,,,,,
2255,1274,83,80,60,75,35,65,66,espn_derived,event=746897,2026-08-12 10:09:45,,,,,,
2256,1281,80,80,60,75,35,65,66,espn_derived,event=746897,2026-08-12 10:09:45,,,,,,
2257,1271,83,80,60,79,35,64,67,espn_derived,event=746897,2026-08-12 10:09:45,,,,,,
2258,1269,83,80,60,75,35,65,66,espn_derived,event=746897,2026-08-12 10:09:45,,,,,,
2259,1267,83,83,60,79,35,64,67,espn_derived,event=746897,2026-08-12 10:09:45,,,,,,
2260,1273,80,80,60,75,35,65,66,espn_derived,event=746897,2026-08-12 10:09:45,,,,,,
2261,1276,80,80,60,75,35,65,66,espn_derived,event=746897,2026-08-12 10:09:45,,,,,,
2262,543,45,35,50,45,40,65,47,espn_derived,event=401843341,2026-08-12 10:09:46,,,,,,
2263,544,60,40,55,58,75,74,60,espn_derived,event=401843341,2026-08-12 10:09:46,,,,,,
2264,545,60,40,55,50,75,74,59,espn_derived,event=401843341,2026-08-12 10:09:46,,,,,,
2265,555,60,40,55,54,75,74,60,espn_derived,event=401843341,2026-08-12 10:09:46,,,,,,
2266,548,60,58,60,60,55,65,60,espn_derived,event=401843341,2026-08-12 10:09:46,,,,,,
2267,561,60,55,60,64,55,63,60,espn_derived,event=401843341,2026-08-12 10:09:46,,,,,,
2268,549,65,60,70,70,55,65,64,espn_derived,event=401843341,2026-08-12 10:09:46,,,,,,
2269,557,65,60,70,78,55,63,65,espn_derived,event=401843341,2026-08-12 10:09:46,,,,,,
2270,551,65,60,70,74,55,59,64,espn_derived,event=401843341,2026-08-12 10:09:46,,,,,,
2271,2271,80,94,60,79,35,63,68,espn_derived,event=401843341,2026-08-12 10:09:46,,,,,,
2272,552,80,83,60,91,35,63,69,espn_derived,event=401843341,2026-08-12 10:09:46,,,,,,
2273,558,80,80,60,75,35,65,66,espn_derived,event=401843341,2026-08-12 10:09:46,,,,,,
2274,556,83,80,60,75,35,65,66,espn_derived,event=401843341,2026-08-12 10:09:46,,,,,,
2275,546,80,80,60,75,35,65,66,espn_derived,event=401843341,2026-08-12 10:09:46,,,,,,
2276,554,83,80,60,75,35,65,66,espn_derived,event=401843341,2026-08-12 10:09:46,,,,,,
2277,553,80,80,60,75,35,65,66,espn_derived,event=401843341,2026-08-12 10:09:46,,,,,,
2278,547,80,80,60,75,35,65,66,espn_derived,event=401843341,2026-08-12 10:09:46,,,,,,
2279,559,80,80,60,75,35,65,66,espn_derived,event=401843341,2026-08-12 10:09:46,,,,,,
2280,2280,83,80,60,87,35,65,68,espn_derived,event=401843341,2026-08-12 10:09:46,,,,,,
2281,550,83,91,60,75,35,65,68,espn_derived,event=401843341,2026-08-12 10:09:46,,,,,,
2282,1074,65,60,70,70,55,65,64,espn_derived,event=401843341,2026-08-12 10:09:46,,,,,,
2283,1069,65,60,70,70,55,65,64,espn_derived,event=401843341,2026-08-12 10:09:46,,,,,,
2284,1664,65,60,70,70,55,65,64,espn_derived,event=401843341,2026-08-12 10:09:46,,,,,,
2285,1646,68,60,70,70,55,65,65,espn_derived,event=401843341,2026-08-12 10:09:46,,,,,,
2286,1073,68,63,70,70,55,64,65,espn_derived,event=401843341,2026-08-12 10:09:46,,,,,,
2287,1077,68,60,70,74,55,64,65,espn_derived,event=401843341,2026-08-12 10:09:46,,,,,,
2288,1663,68,60,70,70,55,65,65,espn_derived,event=401843341,2026-08-12 10:09:46,,,,,,
2289,1662,68,60,70,74,55,64,65,espn_derived,event=401843341,2026-08-12 10:09:46,,,,,,
2290,1079,45,35,50,45,38,65,46,espn_derived,event=401843341,2026-08-12 10:09:46,,,,,,
2291,1075,60,40,55,62,75,75,61,espn_derived,event=401843341,2026-08-12 10:09:46,,,,,,
2292,1070,60,40,55,54,75,75,60,espn_derived,event=401843341,2026-08-12 10:09:46,,,,,,
2293,1078,80,80,60,79,35,63,66,espn_derived,event=401843341,2026-08-12 10:09:46,,,,,,
2294,1066,60,55,60,60,55,65,59,espn_derived,event=401843341,2026-08-12 10:09:46,,,,,,
2295,1081,60,55,60,64,55,63,60,espn_derived,event=401843341,2026-08-12 10:09:46,,,,,,
2296,1076,65,60,70,74,55,62,64,espn_derived,event=401843341,2026-08-12 10:09:46,,,,,,
2297,1072,65,60,76,78,55,64,66,espn_derived,event=401843341,2026-08-12 10:09:46,,,,,,
2298,1660,65,60,70,78,55,63,65,espn_derived,event=401843341,2026-08-12 10:09:46,,,,,,
2299,1071,80,94,60,87,35,64,70,espn_derived,event=401843341,2026-08-12 10:09:46,,,,,,
2300,1080,80,83,60,79,35,64,67,espn_derived,event=401843341,2026-08-12 10:09:46,,,,,,
2301,2301,45,35,50,45,38,65,46,espn_derived,event=761465,2026-08-12 10:09:46,,,,,,
2302,2302,60,43,55,58,75,74,61,espn_derived,event=761465,2026-08-12 10:09:46,,,,,,
2303,2303,60,43,55,54,75,74,60,espn_derived,event=761465,2026-08-12 10:09:46,,,,,,
2304,2304,60,58,60,64,55,64,60,espn_derived,event=761465,2026-08-12 10:09:46,,,,,,
2305,2305,60,55,60,68,55,65,60,espn_derived,event=761465,2026-08-12 10:09:46,,,,,,
2306,2306,65,66,70,78,55,63,66,espn_derived,event=761465,2026-08-12 10:09:46,,,,,,
2307,2307,65,66,70,74,55,65,66,espn_derived,event=761465,2026-08-12 10:09:46,,,,,,
2308,2308,65,60,70,82,55,63,66,espn_derived,event=761465,2026-08-12 10:09:46,,,,,,
2309,2309,80,80,60,79,35,65,66,espn_derived,event=761465,2026-08-12 10:09:46,,,,,,
2310,2310,65,60,70,78,55,62,65,espn_derived,event=761465,2026-08-12 10:09:46,,,,,,
2311,2311,65,60,70,74,55,62,64,espn_derived,event=761465,2026-08-12 10:09:46,,,,,,
2312,2312,83,91,60,75,35,65,68,espn_derived,event=761465,2026-08-12 10:09:46,,,,,,
2313,2313,80,80,60,75,35,65,66,espn_derived,event=761465,2026-08-12 10:09:46,,,,,,
2314,2314,80,80,60,75,35,65,66,espn_derived,event=761465,2026-08-12 10:09:46,,,,,,
2315,2315,83,80,60,75,35,65,66,espn_derived,event=761465,2026-08-12 10:09:46,,,,,,
2316,2316,80,80,60,75,35,65,66,espn_derived,event=761465,2026-08-12 10:09:46,,,,,,
2317,2317,83,80,60,75,35,65,66,espn_derived,event=761465,2026-08-12 10:09:46,,,,,,
2318,2318,80,80,60,75,35,65,66,espn_derived,event=761465,2026-08-12 10:09:46,,,,,,
2319,2319,83,83,60,79,35,64,67,espn_derived,event=761465,2026-08-12 10:09:46,,,,,,
2320,2320,80,80,60,75,35,65,66,espn_derived,event=761465,2026-08-12 10:09:46,,,,,,
2321,2321,45,35,50,45,56,65,49,espn_derived,event=761465,2026-08-12 10:09:46,,,,,,
2322,2322,60,40,55,50,75,75,59,espn_derived,event=761465,2026-08-12 10:09:46,,,,,,
2323,2323,60,40,55,50,75,75,59,espn_derived,event=761465,2026-08-12 10:09:46,,,,,,
2324,2324,60,55,60,64,55,63,60,espn_derived,event=761465,2026-08-12 10:09:46,,,,,,
2325,2325,60,55,60,72,55,65,61,espn_derived,event=761465,2026-08-12 10:09:46,,,,,,
2326,2326,65,60,70,78,55,64,65,espn_derived,event=761465,2026-08-12 10:09:46,,,,,,
2327,2327,65,60,70,78,55,62,65,espn_derived,event=761465,2026-08-12 10:09:46,,,,,,
2328,2328,65,63,70,70,55,65,65,espn_derived,event=761465,2026-08-12 10:09:46,,,,,,
2329,2329,65,60,70,74,55,63,64,espn_derived,event=761465,2026-08-12 10:09:46,,,,,,
2330,2330,80,83,60,75,35,61,66,espn_derived,event=761465,2026-08-12 10:09:46,,,,,,
2331,2331,80,80,60,83,35,63,67,espn_derived,event=761465,2026-08-12 10:09:46,,,,,,
2332,2332,80,80,60,75,35,65,66,espn_derived,event=761465,2026-08-12 10:09:46,,,,,,
2333,2333,80,80,60,75,35,65,66,espn_derived,event=761465,2026-08-12 10:09:46,,,,,,
2334,2334,83,80,60,75,35,64,66,espn_derived,event=761465,2026-08-12 10:09:46,,,,,,
2335,2335,80,80,60,75,35,65,66,espn_derived,event=761465,2026-08-12 10:09:46,,,,,,
2336,2336,80,80,60,75,35,65,66,espn_derived,event=761465,2026-08-12 10:09:46,,,,,,
2337,2337,83,80,60,75,35,65,66,espn_derived,event=761465,2026-08-12 10:09:46,,,,,,
2338,2338,83,80,60,79,35,64,67,espn_derived,event=761465,2026-08-12 10:09:46,,,,,,
2339,2339,83,80,60,83,35,63,67,espn_derived,event=761465,2026-08-12 10:09:46,,,,,,
2340,2340,80,80,60,75,35,65,66,espn_derived,event=761465,2026-08-12 10:09:46,,,,,,
2341,665,45,35,50,49,40,65,47,espn_derived,event=746564,2026-08-12 10:09:47,,,,,,
2342,2342,60,40,55,54,75,72,59,espn_derived,event=746564,2026-08-12 10:09:47,,,,,,
2343,667,60,43,55,50,75,75,60,espn_derived,event=746564,2026-08-12 10:09:47,,,,,,
2344,668,60,43,55,50,75,75,60,espn_derived,event=746564,2026-08-12 10:09:47,,,,,,
2345,676,65,60,70,74,55,65,65,espn_derived,event=746564,2026-08-12 10:09:47,,,,,,
2346,670,65,60,70,86,55,63,66,espn_derived,event=746564,2026-08-12 10:09:47,,,,,,
2347,672,65,60,70,74,55,65,65,espn_derived,event=746564,2026-08-12 10:09:47,,,,,,
2348,675,65,60,70,74,55,60,64,espn_derived,event=746564,2026-08-12 10:09:47,,,,,,
2349,673,80,80,60,75,35,64,66,espn_derived,event=746564,2026-08-12 10:09:47,,,,,,
2350,674,80,80,60,91,35,64,68,espn_derived,event=746564,2026-08-12 10:09:47,,,,,,
2351,2351,80,80,60,75,35,65,66,espn_derived,event=746564,2026-08-12 10:09:47,,,,,,
2352,2352,83,80,60,79,35,63,67,espn_derived,event=746564,2026-08-12 10:09:47,,,,,,
2353,680,80,80,60,75,35,65,66,espn_derived,event=746564,2026-08-12 10:09:47,,,,,,
2354,683,83,80,60,75,35,65,66,espn_derived,event=746564,2026-08-12 10:09:47,,,,,,
2355,681,83,80,60,75,35,64,66,espn_derived,event=746564,2026-08-12 10:09:47,,,,,,
2356,682,80,80,60,75,35,65,66,espn_derived,event=746564,2026-08-12 10:09:47,,,,,,
2357,666,83,80,60,75,35,65,66,espn_derived,event=746564,2026-08-12 10:09:47,,,,,,
2358,2358,80,80,60,75,35,65,66,espn_derived,event=746564,2026-08-12 10:09:47,,,,,,
2359,677,83,80,60,75,35,64,66,espn_derived,event=746564,2026-08-12 10:09:47,,,,,,
2360,2360,80,80,60,75,35,65,66,espn_derived,event=746564,2026-08-12 10:09:47,,,,,,
2361,2361,45,35,50,49,38,65,47,espn_derived,event=746564,2026-08-12 10:09:47,,,,,,
2362,2362,60,40,55,50,75,73,59,espn_derived,event=746564,2026-08-12 10:09:47,,,,,,
2363,2363,60,40,55,50,75,73,59,espn_derived,event=746564,2026-08-12 10:09:47,,,,,,
2364,2364,60,51,55,50,75,75,61,espn_derived,event=746564,2026-08-12 10:09:47,,,,,,
2365,2365,65,63,70,82,55,61,66,espn_derived,event=746564,2026-08-12 10:09:47,,,,,,
2366,2366,65,74,76,74,55,61,68,espn_derived,event=746564,2026-08-12 10:09:47,,,,,,
2367,2367,65,60,70,78,55,65,66,espn_derived,event=746564,2026-08-12 10:09:47,,,,,,
2368,2368,65,60,70,74,55,65,65,espn_derived,event=746564,2026-08-12 10:09:47,,,,,,
2369,2369,80,80,60,79,35,65,66,espn_derived,event=746564,2026-08-12 10:09:47,,,,,,
2370,2370,80,94,60,83,35,65,70,espn_derived,event=746564,2026-08-12 10:09:47,,,,,,
2371,2371,80,80,60,75,35,64,66,espn_derived,event=746564,2026-08-12 10:09:47,,,,,,
2372,2372,83,80,60,83,35,65,68,espn_derived,event=746564,2026-08-12 10:09:47,,,,,,
2373,2373,80,80,60,75,35,65,66,espn_derived,event=746564,2026-08-12 10:09:47,,,,,,
2374,2374,83,80,60,75,35,64,66,espn_derived,event=746564,2026-08-12 10:09:47,,,,,,
2375,2375,80,80,60,75,35,65,66,espn_derived,event=746564,2026-08-12 10:09:47,,,,,,
2376,2376,83,80,60,75,35,65,66,espn_derived,event=746564,2026-08-12 10:09:47,,,,,,
2377,2377,83,83,60,83,35,63,68,espn_derived,event=746564,2026-08-12 10:09:47,,,,,,
2378,2378,80,80,60,75,35,65,66,espn_derived,event=746564,2026-08-12 10:09:47,,,,,,
2379,2379,80,80,60,75,35,65,66,espn_derived,event=746564,2026-08-12 10:09:47,,,,,,
2380,2380,80,80,60,75,35,65,66,espn_derived,event=746564,2026-08-12 10:09:47,,,,,,
2381,24,45,35,50,45,50,65,48,espn_derived,event=757939,2026-08-12 10:09:48,,,,,,
2382,41,60,54,55,50,75,75,62,espn_derived,event=757939,2026-08-12 10:09:48,,,,,,
2383,31,60,40,55,54,75,74,60,espn_derived,event=757939,2026-08-12 10:09:48,,,,,,
2384,27,60,55,60,64,55,65,60,espn_derived,event=757939,2026-08-12 10:09:48,,,,,,
2385,42,60,55,60,72,55,64,61,espn_derived,event=757939,2026-08-12 10:09:48,,,,,,
2386,45,65,63,70,74,55,63,65,espn_derived,event=757939,2026-08-12 10:09:48,,,,,,
2387,1703,65,60,70,74,55,63,64,espn_derived,event=757939,2026-08-12 10:09:48,,,,,,
2388,39,65,60,70,74,55,65,65,espn_derived,event=757939,2026-08-12 10:09:48,,,,,,
2389,32,80,83,60,75,35,65,66,espn_derived,event=757939,2026-08-12 10:09:48,,,,,,
2390,33,65,63,76,74,55,65,66,espn_derived,event=757939,2026-08-12 10:09:48,,,,,,
2391,36,65,60,70,70,55,64,64,espn_derived,event=757939,2026-08-12 10:09:48,,,,,,
2392,2392,83,94,60,75,35,65,69,espn_derived,event=757939,2026-08-12 10:09:48,,,,,,
2393,26,83,80,60,79,35,65,67,espn_derived,event=757939,2026-08-12 10:09:48,,,,,,
2394,38,80,80,60,75,35,65,66,espn_derived,event=757939,2026-08-12 10:09:48,,,,,,
2395,40,80,80,60,75,35,65,66,espn_derived,event=757939,2026-08-12 10:09:48,,,,,,
2396,2396,83,80,66,75,35,64,67,espn_derived,event=757939,2026-08-12 10:09:48,,,,,,
2397,29,83,91,60,83,35,65,70,espn_derived,event=757939,2026-08-12 10:09:48,,,,,,
2398,44,80,80,60,75,35,65,66,espn_derived,event=757939,2026-08-12 10:09:48,,,,,,
2399,25,80,80,60,75,35,65,66,espn_derived,event=757939,2026-08-12 10:09:48,,,,,,
2400,28,83,83,66,79,35,65,68,espn_derived,event=757939,2026-08-12 10:09:48,,,,,,
2401,2401,45,35,50,45,48,65,48,espn_derived,event=757939,2026-08-12 10:09:48,,,,,,
2402,2402,60,40,55,50,75,74,59,espn_derived,event=757939,2026-08-12 10:09:48,,,,,,
2403,2403,60,40,55,50,75,73,59,espn_derived,event=757939,2026-08-12 10:09:48,,,,,,
2404,2404,60,55,60,64,55,64,60,espn_derived,event=757939,2026-08-12 10:09:48,,,,,,
2405,2405,60,58,60,60,55,65,60,espn_derived,event=757939,2026-08-12 10:09:48,,,,,,
2406,2406,65,60,70,70,55,63,64,espn_derived,event=757939,2026-08-12 10:09:48,,,,,,
2407,2407,65,66,70,74,55,64,66,espn_derived,event=757939,2026-08-12 10:09:48,,,,,,
2408,2408,65,60,70,74,55,65,65,espn_derived,event=757939,2026-08-12 10:09:48,,,,,,
2409,2409,80,83,60,79,35,65,67,espn_derived,event=757939,2026-08-12 10:09:48,,,,,,
2410,2410,65,60,76,82,55,65,67,espn_derived,event=757939,2026-08-12 10:09:48,,,,,,
2411,2411,65,66,70,74,55,69,66,espn_derived,event=757939,2026-08-12 10:09:48,,,,,,
2412,2412,80,80,60,75,35,65,66,espn_derived,event=757939,2026-08-12 10:09:48,,,,,,
2413,2413,80,80,60,75,35,65,66,espn_derived,event=757939,2026-08-12 10:09:48,,,,,,
2414,2414,80,80,60,75,35,65,66,espn_derived,event=757939,2026-08-12 10:09:48,,,,,,
2415,2415,83,80,60,75,35,64,66,espn_derived,event=757939,2026-08-12 10:09:48,,,,,,
2416,2416,83,91,60,75,35,62,68,espn_derived,event=757939,2026-08-12 10:09:48,,,,,,
2417,2417,80,80,60,75,35,65,66,espn_derived,event=757939,2026-08-12 10:09:48,,,,,,
2418,2418,83,80,60,75,35,65,66,espn_derived,event=757939,2026-08-12 10:09:48,,,,,,
2419,2419,83,80,60,75,35,65,66,espn_derived,event=757939,2026-08-12 10:09:48,,,,,,
2420,2420,83,80,60,75,35,65,66,espn_derived,event=757939,2026-08-12 10:09:48,,,,,,
2421,2421,80,80,60,75,35,65,66,espn_derived,event=757939,2026-08-12 10:09:48,,,,,,
2422,2422,80,80,60,75,35,65,66,espn_derived,event=757939,2026-08-12 10:09:48,,,,,,
2423,2423,80,80,60,75,35,65,66,espn_derived,event=757939,2026-08-12 10:09:48,,,,,,
2424,1347,45,35,50,45,34,65,46,espn_derived,event=737009,2026-08-12 10:09:48,,,,,,
2425,1348,60,40,55,54,75,72,59,espn_derived,event=737009,2026-08-12 10:09:48,,,,,,
2426,1350,60,40,55,54,75,73,60,espn_derived,event=737009,2026-08-12 10:09:48,,,,,,
2427,1367,60,40,55,58,75,73,60,espn_derived,event=737009,2026-08-12 10:09:48,,,,,,
2428,2428,65,60,70,70,55,62,64,espn_derived,event=737009,2026-08-12 10:09:48,,,,,,
2429,1368,65,63,70,70,55,63,64,espn_derived,event=737009,2026-08-12 10:09:48,,,,,,
2430,1353,65,60,70,74,55,63,64,espn_derived,event=737009,2026-08-12 10:09:48,,,,,,
2431,2431,65,60,70,70,55,64,64,espn_derived,event=737009,2026-08-12 10:09:48,,,,,,
2432,1354,65,60,70,82,55,65,66,espn_derived,event=737009,2026-08-12 10:09:48,,,,,,
2433,1356,80,80,60,83,35,63,67,espn_derived,event=737009,2026-08-12 10:09:48,,,,,,
2434,1357,80,83,60,79,35,65,67,espn_derived,event=737009,2026-08-12 10:09:48,,,,,,
2435,1362,80,80,60,75,35,65,66,espn_derived,event=737009,2026-08-12 10:09:48,,,,,,
2436,1365,83,80,60,75,35,64,66,espn_derived,event=737009,2026-08-12 10:09:48,,,,,,
2437,1360,83,80,60,75,35,65,66,espn_derived,event=737009,2026-08-12 10:09:48,,,,,,
2438,1364,80,80,60,75,35,65,66,espn_derived,event=737009,2026-08-12 10:09:48,,,,,,
2439,1359,83,80,60,79,35,65,67,espn_derived,event=737009,2026-08-12 10:09:48,,,,,,
2440,1349,80,80,60,75,35,65,66,espn_derived,event=737009,2026-08-12 10:09:48,,,,,,
2441,2441,83,83,60,79,35,65,68,espn_derived,event=737009,2026-08-12 10:09:48,,,,,,
2442,2442,45,35,50,49,42,65,48,espn_derived,event=737009,2026-08-12 10:09:48,,,,,,
2443,2443,60,40,55,50,75,72,59,espn_derived,event=737009,2026-08-12 10:09:48,,,,,,
2444,2444,60,40,55,54,75,75,60,espn_derived,event=737009,2026-08-12 10:09:48,,,,,,
2445,2445,60,40,55,62,75,74,61,espn_derived,event=737009,2026-08-12 10:09:48,,,,,,
2446,2446,65,60,70,94,55,65,68,espn_derived,event=737009,2026-08-12 10:09:48,,,,,,
2447,2447,65,60,70,70,55,64,64,espn_derived,event=737009,2026-08-12 10:09:48,,,,,,
2448,2448,65,71,70,70,55,65,66,espn_derived,event=737009,2026-08-12 10:09:48,,,,,,
2449,2449,65,60,76,78,55,65,66,espn_derived,event=737009,2026-08-12 10:09:48,,,,,,
2450,2450,65,60,76,70,55,65,65,espn_derived,event=737009,2026-08-12 10:09:48,,,,,,
2451,2451,80,94,60,79,35,62,68,espn_derived,event=737009,2026-08-12 10:09:48,,,,,,
2452,2452,80,83,60,83,35,62,67,espn_derived,event=737009,2026-08-12 10:09:48,,,,,,
2453,2453,83,80,60,75,35,65,66,espn_derived,event=737009,2026-08-12 10:09:48,,,,,,
2454,2454,83,80,60,75,35,65,66,espn_derived,event=737009,2026-08-12 10:09:48,,,,,,
2455,2455,83,80,60,75,35,65,66,espn_derived,event=737009,2026-08-12 10:09:48,,,,,,
2456,2456,80,80,60,75,35,65,66,espn_derived,event=737009,2026-08-12 10:09:48,,,,,,
2457,2457,80,80,60,75,35,65,66,espn_derived,event=737009,2026-08-12 10:09:48,,,,,,
2458,2458,80,80,60,75,35,65,66,espn_derived,event=737009,2026-08-12 10:09:48,,,,,,
2459,2459,83,80,60,79,35,64,67,espn_derived,event=737009,2026-08-12 10:09:48,,,,,,
2460,2460,80,80,60,75,35,65,66,espn_derived,event=737009,2026-08-12 10:09:48,,,,,,
2461,2461,80,80,60,75,35,65,66,espn_derived,event=737009,2026-08-12 10:09:48,,,,,,
2462,2462,80,80,60,75,35,65,66,espn_derived,event=737009,2026-08-12 10:09:48,,,,,,
2463,2463,80,80,60,75,35,65,66,espn_derived,event=737009,2026-08-12 10:09:48,,,,,,
2464,2464,83,80,60,83,35,64,68,espn_derived,event=737009,2026-08-12 10:09:48,,,,,,
2465,1870,45,35,50,45,32,65,45,espn_derived,event=746867,2026-08-12 10:09:49,,,,,,
2466,1871,60,43,55,50,75,75,60,espn_derived,event=746867,2026-08-12 10:09:49,,,,,,
2467,1872,60,40,55,50,75,74,59,espn_derived,event=746867,2026-08-12 10:09:49,,,,,,
2468,2468,60,43,55,58,75,73,61,espn_derived,event=746867,2026-08-12 10:09:49,,,,,,
2469,1874,65,60,70,74,55,65,65,espn_derived,event=746867,2026-08-12 10:09:49,,,,,,
2470,2470,65,60,70,78,55,64,65,espn_derived,event=746867,2026-08-12 10:09:49,,,,,,
2471,1876,65,60,70,70,55,66,64,espn_derived,event=746867,2026-08-12 10:09:49,,,,,,
2472,1877,65,60,70,86,55,64,67,espn_derived,event=746867,2026-08-12 10:09:49,,,,,,
2473,1888,80,80,60,87,35,64,68,espn_derived,event=746867,2026-08-12 10:09:49,,,,,,
2474,1879,80,91,60,87,35,65,70,espn_derived,event=746867,2026-08-12 10:09:49,,,,,,
2475,1878,80,83,60,75,35,64,66,espn_derived,event=746867,2026-08-12 10:09:49,,,,,,
2476,1882,80,80,60,75,35,65,66,espn_derived,event=746867,2026-08-12 10:09:49,,,,,,
2477,1875,83,80,60,75,35,64,66,espn_derived,event=746867,2026-08-12 10:09:49,,,,,,
2478,1887,83,80,60,75,35,64,66,espn_derived,event=746867,2026-08-12 10:09:49,,,,,,
2479,1880,83,83,60,75,35,65,67,espn_derived,event=746867,2026-08-12 10:09:49,,,,,,
2480,1884,83,80,60,79,35,65,67,espn_derived,event=746867,2026-08-12 10:09:49,,,,,,
2481,1886,80,80,60,75,35,65,66,espn_derived,event=746867,2026-08-12 10:09:49,,,,,,
2482,1881,83,80,60,83,35,65,68,espn_derived,event=746867,2026-08-12 10:09:49,,,,,,
2483,1883,80,80,60,75,35,65,66,espn_derived,event=746867,2026-08-12 10:09:49,,,,,,
2484,1885,80,80,60,75,35,65,66,espn_derived,event=746867,2026-08-12 10:09:49,,,,,,
2485,1262,45,35,50,45,44,65,47,espn_derived,event=746867,2026-08-12 10:09:49,,,,,,
2486,1263,60,40,55,50,75,72,59,espn_derived,event=746867,2026-08-12 10:09:49,,,,,,
2487,2244,60,40,55,50,75,74,59,espn_derived,event=746867,2026-08-12 10:09:49,,,,,,
2488,1265,60,40,55,50,75,72,59,espn_derived,event=746867,2026-08-12 10:09:49,,,,,,
2489,1267,65,60,70,74,55,63,64,espn_derived,event=746867,2026-08-12 10:09:49,,,,,,
2490,1268,65,60,70,74,55,63,64,espn_derived,event=746867,2026-08-12 10:09:49,,,,,,
2491,1269,65,60,70,70,55,61,64,espn_derived,event=746867,2026-08-12 10:09:49,,,,,,
2492,1278,65,60,70,70,55,65,64,espn_derived,event=746867,2026-08-12 10:09:49,,,,,,
2493,1275,80,80,60,79,35,64,66,espn_derived,event=746867,2026-08-12 10:09:49,,,,,,
2494,1271,80,80,60,79,35,64,66,espn_derived,event=746867,2026-08-12 10:09:49,,,,,,
2495,1280,80,83,60,87,35,65,68,espn_derived,event=746867,2026-08-12 10:09:49,,,,,,
2496,1274,83,80,60,75,35,65,66,espn_derived,event=746867,2026-08-12 10:09:49,,,,,,
2497,1272,83,83,66,75,35,65,68,espn_derived,event=746867,2026-08-12 10:09:49,,,,,,
2498,1266,83,80,60,75,35,65,66,espn_derived,event=746867,2026-08-12 10:09:49,,,,,,
2499,1281,80,80,60,75,35,65,66,espn_derived,event=746867,2026-08-12 10:09:49,,,,,,
2500,2500,83,91,60,75,35,64,68,espn_derived,event=746867,2026-08-12 10:09:49,,,,,,
2501,1264,80,80,60,75,35,65,66,espn_derived,event=746867,2026-08-12 10:09:49,,,,,,
2502,1270,80,80,60,75,35,65,66,espn_derived,event=746867,2026-08-12 10:09:49,,,,,,
2503,1277,83,80,60,83,35,65,68,espn_derived,event=746867,2026-08-12 10:09:49,,,,,,
2504,1279,80,80,60,75,35,65,66,espn_derived,event=746867,2026-08-12 10:09:49,,,,,,
2505,2505,45,35,50,45,56,65,49,espn_derived,event=761497,2026-08-12 10:09:50,,,,,,
2506,2506,60,40,55,50,75,75,59,espn_derived,event=761497,2026-08-12 10:09:50,,,,,,
2507,2507,60,62,55,54,75,72,63,espn_derived,event=761497,2026-08-12 10:09:50,,,,,,
2508,2508,60,58,60,60,55,65,60,espn_derived,event=761497,2026-08-12 10:09:50,,,,,,
2509,2509,60,55,60,72,55,65,61,espn_derived,event=761497,2026-08-12 10:09:50,,,,,,
2510,2510,65,69,70,78,55,63,67,espn_derived,event=761497,2026-08-12 10:09:50,,,,,,
2511,2511,65,60,70,78,55,62,65,espn_derived,event=761497,2026-08-12 10:09:50,,,,,,
2512,2512,65,60,70,74,55,63,64,espn_derived,event=761497,2026-08-12 10:09:50,,,,,,
2513,2513,80,91,66,87,35,65,71,espn_derived,event=761497,2026-08-12 10:09:50,,,,,,
2514,2514,65,71,70,74,55,63,66,espn_derived,event=761497,2026-08-12 10:09:50,,,,,,
2515,2515,65,60,88,74,55,66,68,espn_derived,event=761497,2026-08-12 10:09:50,,,,,,
2516,2516,83,80,60,75,35,64,66,espn_derived,event=761497,2026-08-12 10:09:50,,,,,,
2517,2517,83,80,60,75,35,65,66,espn_derived,event=761497,2026-08-12 10:09:50,,,,,,
2518,2518,80,80,60,75,35,65,66,espn_derived,event=761497,2026-08-12 10:09:50,,,,,,
2519,2519,83,91,60,75,35,65,68,espn_derived,event=761497,2026-08-12 10:09:50,,,,,,
2520,2520,80,80,60,75,35,65,66,espn_derived,event=761497,2026-08-12 10:09:50,,,,,,
2521,2521,83,91,60,75,35,67,68,espn_derived,event=761497,2026-08-12 10:09:50,,,,,,
2522,2522,83,80,60,75,35,64,66,espn_derived,event=761497,2026-08-12 10:09:50,,,,,,
2523,2523,80,80,60,75,35,65,66,espn_derived,event=761497,2026-08-12 10:09:50,,,,,,
2524,2524,80,80,60,75,35,65,66,espn_derived,event=761497,2026-08-12 10:09:50,,,,,,
2525,1123,45,35,50,45,30,65,45,espn_derived,event=761497,2026-08-12 10:09:50,,,,,,
2526,2526,60,40,55,50,75,74,59,espn_derived,event=761497,2026-08-12 10:09:50,,,,,,
2527,1135,60,43,55,58,75,75,61,espn_derived,event=761497,2026-08-12 10:09:50,,,,,,
2528,1126,60,40,55,50,75,74,59,espn_derived,event=761497,2026-08-12 10:09:50,,,,,,
2529,1141,65,71,70,78,55,63,67,espn_derived,event=761497,2026-08-12 10:09:50,,,,,,
2530,1139,65,60,70,74,55,65,65,espn_derived,event=761497,2026-08-12 10:09:50,,,,,,
2531,1136,65,60,70,82,55,63,66,espn_derived,event=761497,2026-08-12 10:09:50,,,,,,
2532,1130,65,60,70,70,55,63,64,espn_derived,event=761497,2026-08-12 10:09:50,,,,,,
2533,1134,65,60,70,74,55,65,65,espn_derived,event=761497,2026-08-12 10:09:50,,,,,,
2534,1129,80,89,66,83,35,64,70,espn_derived,event=761497,2026-08-12 10:09:50,,,,,,
2535,1138,80,83,60,87,35,62,68,espn_derived,event=761497,2026-08-12 10:09:50,,,,,,
2536,1124,83,80,60,75,35,65,66,espn_derived,event=761497,2026-08-12 10:09:50,,,,,,
2537,1125,80,80,60,75,35,65,66,espn_derived,event=761497,2026-08-12 10:09:50,,,,,,
2538,1128,80,80,60,75,35,65,66,espn_derived,event=761497,2026-08-12 10:09:50,,,,,,
2539,1142,80,80,60,75,35,65,66,espn_derived,event=761497,2026-08-12 10:09:50,,,,,,
2540,1132,83,86,60,75,35,65,67,espn_derived,event=761497,2026-08-12 10:09:50,,,,,,
2541,1127,80,80,60,75,35,65,66,espn_derived,event=761497,2026-08-12 10:09:50,,,,,,
2542,1131,83,80,60,75,35,65,66,espn_derived,event=761497,2026-08-12 10:09:50,,,,,,
2543,1133,83,83,60,79,35,64,67,espn_derived,event=761497,2026-08-12 10:09:50,,,,,,
2544,2544,83,80,60,75,35,65,66,espn_derived,event=761497,2026-08-12 10:09:50,,,,,,
2545,2545,45,35,50,45,36,65,46,espn_derived,event=401843292,2026-08-12 10:09:50,,,,,,
2546,2546,60,40,55,50,75,75,59,espn_derived,event=401843292,2026-08-12 10:09:50,,,,,,
2547,2547,60,40,55,50,75,74,59,espn_derived,event=401843292,2026-08-12 10:09:50,,,,,,
2548,2548,60,43,55,50,75,72,59,espn_derived,event=401843292,2026-08-12 10:09:50,,,,,,
2549,2549,60,55,60,68,55,65,60,espn_derived,event=401843292,2026-08-12 10:09:50,,,,,,
2550,2550,60,55,60,64,55,64,60,espn_derived,event=401843292,2026-08-12 10:09:50,,,,,,
2551,2551,65,60,70,74,55,64,65,espn_derived,event=401843292,2026-08-12 10:09:50,,,,,,
2552,2552,65,63,70,82,55,65,67,espn_derived,event=401843292,2026-08-12 10:09:50,,,,,,
2553,2553,65,60,70,70,55,64,64,espn_derived,event=401843292,2026-08-12 10:09:50,,,,,,
2554,2554,80,83,60,79,35,63,67,espn_derived,event=401843292,2026-08-12 10:09:50,,,,,,
2555,2555,80,83,60,79,35,65,67,espn_derived,event=401843292,2026-08-12 10:09:50,,,,,,
2556,2556,80,80,60,75,35,65,66,espn_derived,event=401843292,2026-08-12 10:09:50,,,,,,
2557,2557,83,80,60,75,35,65,66,espn_derived,event=401843292,2026-08-12 10:09:50,,,,,,
2558,2558,80,80,60,75,35,65,66,espn_derived,event=401843292,2026-08-12 10:09:50,,,,,,
2559,2559,80,80,60,75,35,65,66,espn_derived,event=401843292,2026-08-12 10:09:50,,,,,,
2560,2560,80,80,60,75,35,65,66,espn_derived,event=401843292,2026-08-12 10:09:50,,,,,,
2561,2561,83,80,66,75,35,65,67,espn_derived,event=401843292,2026-08-12 10:09:50,,,,,,
2562,2562,83,91,60,75,35,63,68,espn_derived,event=401843292,2026-08-12 10:09:50,,,,,,
2563,2563,83,80,60,75,35,65,66,espn_derived,event=401843292,2026-08-12 10:09:50,,,,,,
2564,2564,80,80,60,75,35,65,66,espn_derived,event=401843292,2026-08-12 10:09:50,,,,,,
2565,1063,45,35,50,45,44,65,47,espn_derived,event=401843292,2026-08-12 10:09:50,,,,,,
2566,1074,60,40,55,50,75,74,59,espn_derived,event=401843292,2026-08-12 10:09:50,,,,,,
2567,1065,60,40,55,54,75,75,60,espn_derived,event=401843292,2026-08-12 10:09:50,,,,,,
2568,1066,60,55,60,64,55,64,60,espn_derived,event=401843292,2026-08-12 10:09:50,,,,,,
2569,1067,60,58,60,64,55,64,60,espn_derived,event=401843292,2026-08-12 10:09:50,,,,,,
2570,1068,65,60,76,70,55,64,65,espn_derived,event=401843292,2026-08-12 10:09:50,,,,,,
2571,1069,65,60,70,74,55,64,65,espn_derived,event=401843292,2026-08-12 10:09:50,,,,,,
2572,1076,65,63,70,78,55,62,66,espn_derived,event=401843292,2026-08-12 10:09:50,,,,,,
2573,1071,80,91,60,83,35,65,69,espn_derived,event=401843292,2026-08-12 10:09:50,,,,,,
2574,1072,80,91,60,87,35,64,70,espn_derived,event=401843292,2026-08-12 10:09:50,,,,,,
2575,1073,80,97,66,75,35,65,70,espn_derived,event=401843292,2026-08-12 10:09:50,,,,,,
2576,1079,80,80,60,75,35,65,66,espn_derived,event=401843292,2026-08-12 10:09:50,,,,,,
2577,1078,83,80,60,75,35,65,66,espn_derived,event=401843292,2026-08-12 10:09:50,,,,,,
2578,1660,83,91,66,75,35,64,69,espn_derived,event=401843292,2026-08-12 10:09:50,,,,,,
2579,1662,80,80,60,75,35,65,66,espn_derived,event=401843292,2026-08-12 10:09:50,,,,,,
2580,1075,80,80,60,75,35,65,66,espn_derived,event=401843292,2026-08-12 10:09:50,,,,,,
2581,1080,83,80,60,75,35,65,66,espn_derived,event=401843292,2026-08-12 10:09:50,,,,,,
2582,1070,83,80,60,75,35,65,66,espn_derived,event=401843292,2026-08-12 10:09:50,,,,,,
2583,1077,83,91,60,75,35,65,68,espn_derived,event=401843292,2026-08-12 10:09:50,,,,,,
2584,1663,80,80,60,75,35,65,66,espn_derived,event=401843292,2026-08-12 10:09:50,,,,,,
2585,2585,45,35,50,45,32,65,45,espn_derived,event=746559,2026-08-12 10:09:51,,,,,,
2586,2586,60,40,55,54,75,74,60,espn_derived,event=746559,2026-08-12 10:09:51,,,,,,
2587,2587,60,40,55,50,75,75,59,espn_derived,event=746559,2026-08-12 10:09:51,,,,,,
2588,2588,60,40,55,54,75,73,60,espn_derived,event=746559,2026-08-12 10:09:51,,,,,,
2589,2589,65,60,70,70,55,64,64,espn_derived,event=746559,2026-08-12 10:09:51,,,,,,
2590,2590,65,63,70,74,55,65,65,espn_derived,event=746559,2026-08-12 10:09:51,,,,,,
2591,2591,65,60,70,74,55,65,65,espn_derived,event=746559,2026-08-12 10:09:51,,,,,,
2592,2592,65,60,70,74,55,65,65,espn_derived,event=746559,2026-08-12 10:09:51,,,,,,
2593,2593,80,83,60,79,35,66,67,espn_derived,event=746559,2026-08-12 10:09:51,,,,,,
2594,2594,80,80,60,79,35,65,66,espn_derived,event=746559,2026-08-12 10:09:51,,,,,,
2595,2595,80,80,60,75,35,64,66,espn_derived,event=746559,2026-08-12 10:09:51,,,,,,
2596,2596,80,80,60,75,35,65,66,espn_derived,event=746559,2026-08-12 10:09:51,,,,,,
2597,2597,83,94,60,75,35,66,69,espn_derived,event=746559,2026-08-12 10:09:51,,,,,,
2598,2598,80,80,60,75,35,65,66,espn_derived,event=746559,2026-08-12 10:09:51,,,,,,
2599,2599,80,80,60,75,35,65,66,espn_derived,event=746559,2026-08-12 10:09:51,,,,,,
2600,2600,83,83,66,75,35,62,67,espn_derived,event=746559,2026-08-12 10:09:51,,,,,,
2601,2601,80,80,60,75,35,65,66,espn_derived,event=746559,2026-08-12 10:09:51,,,,,,
2602,2602,83,80,60,75,35,65,66,espn_derived,event=746559,2026-08-12 10:09:51,,,,,,
2603,2603,80,80,60,75,35,65,66,espn_derived,event=746559,2026-08-12 10:09:51,,,,,,
2604,2604,80,80,60,75,35,65,66,espn_derived,event=746559,2026-08-12 10:09:51,,,,,,
2605,856,45,35,50,45,44,65,47,espn_derived,event=746559,2026-08-12 10:09:51,,,,,,
2606,857,60,40,55,54,75,74,60,espn_derived,event=746559,2026-08-12 10:09:51,,,,,,
2607,858,60,51,55,54,75,75,62,espn_derived,event=746559,2026-08-12 10:09:51,,,,,,
2608,873,60,55,60,60,55,64,59,espn_derived,event=746559,2026-08-12 10:09:51,,,,,,
2609,860,60,55,60,64,55,62,59,espn_derived,event=746559,2026-08-12 10:09:51,,,,,,
2610,861,65,60,76,70,55,65,65,espn_derived,event=746559,2026-08-12 10:09:51,,,,,,
2611,1976,65,60,70,78,55,64,65,espn_derived,event=746559,2026-08-12 10:09:51,,,,,,
2612,862,65,60,70,70,55,65,64,espn_derived,event=746559,2026-08-12 10:09:51,,,,,,
2613,1989,80,80,60,79,35,66,67,espn_derived,event=746559,2026-08-12 10:09:51,,,,,,
2614,865,65,63,70,74,55,64,65,espn_derived,event=746559,2026-08-12 10:09:51,,,,,,
2615,1988,65,60,70,74,55,64,65,espn_derived,event=746559,2026-08-12 10:09:51,,,,,,
2616,875,80,80,60,75,35,65,66,espn_derived,event=746559,2026-08-12 10:09:51,,,,,,
2617,859,80,80,60,75,35,65,66,espn_derived,event=746559,2026-08-12 10:09:51,,,,,,
2618,872,83,80,60,79,35,65,67,espn_derived,event=746559,2026-08-12 10:09:51,,,,,,
2619,1985,83,80,60,75,35,65,66,espn_derived,event=746559,2026-08-12 10:09:51,,,,,,
2620,1981,80,80,60,75,35,65,66,espn_derived,event=746559,2026-08-12 10:09:51,,,,,,
2621,2621,83,80,60,75,35,65,66,espn_derived,event=746559,2026-08-12 10:09:51,,,,,,
2622,874,80,80,60,75,35,65,66,espn_derived,event=746559,2026-08-12 10:09:51,,,,,,
2623,866,80,80,60,75,35,65,66,espn_derived,event=746559,2026-08-12 10:09:51,,,,,,
2624,869,83,80,60,75,35,65,66,espn_derived,event=746559,2026-08-12 10:09:51,,,,,,
2625,665,45,35,50,45,36,65,46,espn_derived,event=746636,2026-08-12 10:09:52,,,,,,
2626,667,60,40,55,54,75,75,60,espn_derived,event=746636,2026-08-12 10:09:52,,,,,,
2627,668,60,40,55,62,75,73,61,espn_derived,event=746636,2026-08-12 10:09:52,,,,,,
2628,672,60,40,55,50,75,73,59,espn_derived,event=746636,2026-08-12 10:09:52,,,,,,
2629,669,65,63,70,70,55,63,64,espn_derived,event=746636,2026-08-12 10:09:52,,,,,,
2630,670,65,60,70,74,55,64,65,espn_derived,event=746636,2026-08-12 10:09:52,,,,,,
2631,671,65,60,70,70,55,63,64,espn_derived,event=746636,2026-08-12 10:09:52,,,,,,
2632,683,65,60,70,74,55,66,65,espn_derived,event=746636,2026-08-12 10:09:52,,,,,,
2633,673,80,80,60,75,35,64,66,espn_derived,event=746636,2026-08-12 10:09:52,,,,,,
2634,674,80,80,60,95,35,66,69,espn_derived,event=746636,2026-08-12 10:09:52,,,,,,
2635,675,80,80,60,79,35,63,66,espn_derived,event=746636,2026-08-12 10:09:52,,,,,,
2636,676,83,80,60,79,35,64,67,espn_derived,event=746636,2026-08-12 10:09:52,,,,,,
2637,2352,83,80,60,79,35,65,67,espn_derived,event=746636,2026-08-12 10:09:52,,,,,,
2638,680,80,80,60,75,35,65,66,espn_derived,event=746636,2026-08-12 10:09:52,,,,,,
2639,681,83,80,60,75,35,64,66,espn_derived,event=746636,2026-08-12 10:09:52,,,,,,
2640,682,80,80,60,75,35,65,66,espn_derived,event=746636,2026-08-12 10:09:52,,,,,,
2641,677,83,83,60,75,35,65,67,espn_derived,event=746636,2026-08-12 10:09:52,,,,,,
2642,666,80,80,60,75,35,65,66,espn_derived,event=746636,2026-08-12 10:09:52,,,,,,
2643,684,83,80,60,75,35,65,66,espn_derived,event=746636,2026-08-12 10:09:52,,,,,,
2644,679,80,80,60,75,35,65,66,espn_derived,event=746636,2026-08-12 10:09:52,,,,,,
2645,2645,45,35,50,45,38,65,46,espn_derived,event=746636,2026-08-12 10:09:52,,,,,,
2646,2646,60,40,55,58,75,75,60,espn_derived,event=746636,2026-08-12 10:09:52,,,,,,
2647,2647,60,40,55,50,75,74,59,espn_derived,event=746636,2026-08-12 10:09:52,,,,,,
2648,2648,60,40,55,54,75,73,60,espn_derived,event=746636,2026-08-12 10:09:52,,,,,,
2649,2649,65,63,70,70,55,63,64,espn_derived,event=746636,2026-08-12 10:09:52,,,,,,
2650,2650,65,60,70,74,55,64,65,espn_derived,event=746636,2026-08-12 10:09:52,,,,,,
2651,2651,65,60,70,86,55,65,67,espn_derived,event=746636,2026-08-12 10:09:52,,,,,,
2652,2652,65,63,76,82,55,65,68,espn_derived,event=746636,2026-08-12 10:09:52,,,,,,
2653,2653,65,60,70,74,55,63,64,espn_derived,event=746636,2026-08-12 10:09:52,,,,,,
2654,2654,80,80,60,83,35,65,67,espn_derived,event=746636,2026-08-12 10:09:52,,,,,,
2655,2655,80,91,60,79,35,65,68,espn_derived,event=746636,2026-08-12 10:09:52,,,,,,
2656,2656,83,80,60,75,35,63,66,espn_derived,event=746636,2026-08-12 10:09:52,,,,,,
2657,2657,80,80,60,75,35,65,66,espn_derived,event=746636,2026-08-12 10:09:52,,,,,,
2658,2658,80,80,60,75,35,65,66,espn_derived,event=746636,2026-08-12 10:09:52,,,,,,
2659,2659,83,80,60,75,35,64,66,espn_derived,event=746636,2026-08-12 10:09:52,,,,,,
2660,2660,80,80,60,75,35,65,66,espn_derived,event=746636,2026-08-12 10:09:52,,,,,,
2661,2661,83,80,60,75,35,63,66,espn_derived,event=746636,2026-08-12 10:09:52,,,,,,
2662,2662,83,80,60,75,35,65,66,espn_derived,event=746636,2026-08-12 10:09:52,,,,,,
2663,2663,80,80,60,75,35,65,66,espn_derived,event=746636,2026-08-12 10:09:52,,,,,,
2664,2664,80,80,60,75,35,65,66,espn_derived,event=746636,2026-08-12 10:09:52,,,,,,
2665,162,45,35,50,45,38,65,46,espn_derived,event=748372,2026-08-12 10:09:53,,,,,,
2666,1805,60,40,55,54,75,74,60,espn_derived,event=748372,2026-08-12 10:09:53,,,,,,
2667,163,60,43,55,50,75,72,59,espn_derived,event=748372,2026-08-12 10:09:53,,,,,,
2668,165,60,55,60,64,55,65,60,espn_derived,event=748372,2026-08-12 10:09:53,,,,,,
2669,166,60,58,60,64,55,65,60,espn_derived,event=748372,2026-08-12 10:09:53,,,,,,
2670,176,65,60,70,70,55,63,64,espn_derived,event=748372,2026-08-12 10:09:53,,,,,,
2671,164,65,60,70,74,55,64,65,espn_derived,event=748372,2026-08-12 10:09:53,,,,,,
2672,169,65,60,70,74,55,64,65,espn_derived,event=748372,2026-08-12 10:09:53,,,,,,
2673,172,80,99,60,75,35,65,69,espn_derived,event=748372,2026-08-12 10:09:53,,,,,,
2674,171,65,74,70,78,55,65,68,espn_derived,event=748372,2026-08-12 10:09:53,,,,,,
2675,180,65,63,70,78,55,65,66,espn_derived,event=748372,2026-08-12 10:09:53,,,,,,
2676,174,83,80,60,79,35,64,67,espn_derived,event=748372,2026-08-12 10:09:53,,,,,,
2677,170,83,80,60,75,35,65,66,espn_derived,event=748372,2026-08-12 10:09:53,,,,,,
2678,2678,80,80,60,75,35,65,66,espn_derived,event=748372,2026-08-12 10:09:53,,,,,,
2679,168,80,80,60,75,35,65,66,espn_derived,event=748372,2026-08-12 10:09:53,,,,,,
2680,178,80,80,60,75,35,65,66,espn_derived,event=748372,2026-08-12 10:09:53,,,,,,
2681,179,83,80,60,75,35,65,66,espn_derived,event=748372,2026-08-12 10:09:53,,,,,,
2682,173,80,80,60,75,35,65,66,espn_derived,event=748372,2026-08-12 10:09:53,,,,,,
2683,167,83,80,60,75,35,65,66,espn_derived,event=748372,2026-08-12 10:09:53,,,,,,
2684,1816,83,80,60,75,35,65,66,espn_derived,event=748372,2026-08-12 10:09:53,,,,,,
2685,177,80,80,60,75,35,65,66,espn_derived,event=748372,2026-08-12 10:09:53,,,,,,
2686,175,80,80,60,75,35,65,66,espn_derived,event=748372,2026-08-12 10:09:53,,,,,,
2687,182,80,80,60,75,35,65,66,espn_derived,event=748372,2026-08-12 10:09:53,,,,,,
2688,1040,45,35,50,45,40,65,47,espn_derived,event=748372,2026-08-12 10:09:53,,,,,,
2689,1054,60,40,55,50,75,75,59,espn_derived,event=748372,2026-08-12 10:09:53,,,,,,
2690,1062,60,40,55,50,75,74,59,espn_derived,event=748372,2026-08-12 10:09:53,,,,,,
2691,1060,60,55,60,68,55,63,60,espn_derived,event=748372,2026-08-12 10:09:53,,,,,,
2692,1044,60,55,60,60,55,64,59,espn_derived,event=748372,2026-08-12 10:09:53,,,,,,
2693,1045,65,60,70,74,55,65,65,espn_derived,event=748372,2026-08-12 10:09:53,,,,,,
2694,1046,65,60,70,70,55,64,64,espn_derived,event=748372,2026-08-12 10:09:53,,,,,,
2695,1047,65,60,70,70,55,64,64,espn_derived,event=748372,2026-08-12 10:09:53,,,,,,
2696,1048,80,80,60,83,35,63,67,espn_derived,event=748372,2026-08-12 10:09:53,,,,,,
2697,1050,65,60,70,74,55,65,65,espn_derived,event=748372,2026-08-12 10:09:53,,,,,,
2698,1058,65,60,70,70,55,65,64,espn_derived,event=748372,2026-08-12 10:09:53,,,,,,
2699,1059,83,80,60,83,35,65,68,espn_derived,event=748372,2026-08-12 10:09:53,,,,,,
2700,1043,80,80,60,75,35,65,66,espn_derived,event=748372,2026-08-12 10:09:53,,,,,,
2701,2701,80,80,60,75,35,65,66,espn_derived,event=748372,2026-08-12 10:09:53,,,,,,
2702,2702,83,83,60,79,35,65,68,espn_derived,event=748372,2026-08-12 10:09:53,,,,,,
2703,1052,80,80,60,75,35,65,66,espn_derived,event=748372,2026-08-12 10:09:53,,,,,,
2704,1056,80,80,60,75,35,65,66,espn_derived,event=748372,2026-08-12 10:09:53,,,,,,
2705,2705,80,80,60,75,35,65,66,espn_derived,event=748372,2026-08-12 10:09:53,,,,,,
2706,1053,83,83,60,79,35,64,67,espn_derived,event=748372,2026-08-12 10:09:53,,,,,,
2707,1057,83,80,60,75,35,65,66,espn_derived,event=748372,2026-08-12 10:09:53,,,,,,
2708,1051,80,80,60,75,35,65,66,espn_derived,event=748372,2026-08-12 10:09:53,,,,,,
2709,2709,83,80,60,75,35,65,66,espn_derived,event=748372,2026-08-12 10:09:53,,,,,,
2710,1325,45,35,50,45,28,65,45,espn_derived,event=401862902,2026-08-12 10:09:55,,,,,,
2711,2711,60,40,61,58,75,73,61,espn_derived,event=401862902,2026-08-12 10:09:55,,,,,,
2712,1346,60,40,55,58,75,73,60,espn_derived,event=401862902,2026-08-12 10:09:55,,,,,,
2713,1329,60,61,60,60,55,63,60,espn_derived,event=401862902,2026-08-12 10:09:55,,,,,,
2714,1328,60,55,60,72,55,65,61,espn_derived,event=401862902,2026-08-12 10:09:55,,,,,,
2715,1332,65,60,70,70,55,62,64,espn_derived,event=401862902,2026-08-12 10:09:55,,,,,,
2716,1344,65,60,70,74,55,61,64,espn_derived,event=401862902,2026-08-12 10:09:55,,,,,,
2717,1330,65,60,70,74,55,64,65,espn_derived,event=401862902,2026-08-12 10:09:55,,,,,,
2718,1333,80,80,60,83,35,67,68,espn_derived,event=401862902,2026-08-12 10:09:55,,,,,,
2719,1334,80,94,60,83,35,64,69,espn_derived,event=401862902,2026-08-12 10:09:55,,,,,,
2720,1335,80,80,60,79,35,64,66,espn_derived,event=401862902,2026-08-12 10:09:55,,,,,,
2721,1345,80,80,60,75,35,65,66,espn_derived,event=401862902,2026-08-12 10:09:55,,,,,,
2722,1341,80,80,60,75,35,65,66,espn_derived,event=401862902,2026-08-12 10:09:55,,,,,,
2723,1331,83,80,60,75,35,65,66,espn_derived,event=401862902,2026-08-12 10:09:55,,,,,,
2724,1336,80,80,60,75,35,65,66,espn_derived,event=401862902,2026-08-12 10:09:55,,,,,,
2725,1337,83,80,60,75,35,66,66,espn_derived,event=401862902,2026-08-12 10:09:55,,,,,,
2726,1342,83,80,60,75,35,65,66,espn_derived,event=401862902,2026-08-12 10:09:55,,,,,,
2727,1343,80,80,60,75,35,65,66,espn_derived,event=401862902,2026-08-12 10:09:55,,,,,,
2728,1339,80,80,60,75,35,65,66,espn_derived,event=401862902,2026-08-12 10:09:55,,,,,,
2729,1326,80,80,60,75,35,65,66,espn_derived,event=401862902,2026-08-12 10:09:55,,,,,,
2730,1338,83,80,60,79,35,66,67,espn_derived,event=401862902,2026-08-12 10:09:55,,,,,,
2731,24,45,35,50,49,40,65,47,espn_derived,event=401862902,2026-08-12 10:09:55,,,,,,
2732,25,60,40,55,50,75,74,59,espn_derived,event=401862902,2026-08-12 10:09:55,,,,,,
2733,26,60,51,55,58,75,75,62,espn_derived,event=401862902,2026-08-12 10:09:55,,,,,,
2734,27,60,55,60,64,55,61,59,espn_derived,event=401862902,2026-08-12 10:09:55,,,,,,
2735,28,60,55,60,64,55,63,60,espn_derived,event=401862902,2026-08-12 10:09:55,,,,,,
2736,29,65,63,70,78,55,62,66,espn_derived,event=401862902,2026-08-12 10:09:55,,,,,,
2737,30,65,60,82,78,55,64,67,espn_derived,event=401862902,2026-08-12 10:09:55,,,,,,
2738,39,65,60,70,74,55,64,65,espn_derived,event=401862902,2026-08-12 10:09:55,,,,,,
2739,32,80,99,60,83,35,65,70,espn_derived,event=401862902,2026-08-12 10:09:55,,,,,,
2740,33,65,60,76,86,55,63,68,espn_derived,event=401862902,2026-08-12 10:09:55,,,,,,
2741,34,65,60,70,82,55,65,66,espn_derived,event=401862902,2026-08-12 10:09:55,,,,,,
2742,35,80,80,60,75,35,65,66,espn_derived,event=401862902,2026-08-12 10:09:55,,,,,,
2743,41,80,80,60,75,35,65,66,espn_derived,event=401862902,2026-08-12 10:09:55,,,,,,
2744,38,80,80,60,75,35,65,66,espn_derived,event=401862902,2026-08-12 10:09:55,,,,,,
2745,44,80,80,60,75,35,65,66,espn_derived,event=401862902,2026-08-12 10:09:55,,,,,,
2746,45,80,80,60,75,35,65,66,espn_derived,event=401862902,2026-08-12 10:09:55,,,,,,
2747,37,80,80,60,75,35,65,66,espn_derived,event=401862902,2026-08-12 10:09:55,,,,,,
2748,43,80,80,60,75,35,65,66,espn_derived,event=401862902,2026-08-12 10:09:55,,,,,,
2749,42,83,80,60,75,35,65,66,espn_derived,event=401862902,2026-08-12 10:09:55,,,,,,
2750,40,83,80,60,75,35,65,66,espn_derived,event=401862902,2026-08-12 10:09:55,,,,,,
2751,46,83,80,60,75,35,65,66,espn_derived,event=401862902,2026-08-12 10:09:55,,,,,,
2752,31,80,80,60,75,35,65,66,espn_derived,event=401862902,2026-08-12 10:09:55,,,,,,
2753,1,45,35,50,45,54,65,49,espn_derived,event=746905,2026-08-12 10:09:56,,,,,,
2754,19,60,40,55,50,75,75,59,espn_derived,event=746905,2026-08-12 10:09:56,,,,,,
2755,3,60,40,55,54,75,75,60,espn_derived,event=746905,2026-08-12 10:09:56,,,,,,
2756,23,60,55,60,64,55,63,60,espn_derived,event=746905,2026-08-12 10:09:56,,,,,,
2757,16,60,55,60,64,55,64,60,espn_derived,event=746905,2026-08-12 10:09:56,,,,,,
2758,6,65,60,70,74,55,64,65,espn_derived,event=746905,2026-08-12 10:09:56,,,,,,
2759,15,65,60,70,78,55,65,66,espn_derived,event=746905,2026-08-12 10:09:56,,,,,,
2760,8,65,60,70,74,55,65,65,espn_derived,event=746905,2026-08-12 10:09:56,,,,,,
2761,9,80,83,66,79,35,63,68,espn_derived,event=746905,2026-08-12 10:09:56,,,,,,
2762,10,65,60,70,70,55,65,64,espn_derived,event=746905,2026-08-12 10:09:56,,,,,,
2763,11,65,71,70,74,55,65,67,espn_derived,event=746905,2026-08-12 10:09:56,,,,,,
2764,22,83,80,60,79,35,65,67,espn_derived,event=746905,2026-08-12 10:09:56,,,,,,
2765,2141,83,80,60,79,35,63,67,espn_derived,event=746905,2026-08-12 10:09:56,,,,,,
2766,14,80,80,60,75,35,65,66,espn_derived,event=746905,2026-08-12 10:09:56,,,,,,
2767,2767,80,80,60,75,35,65,66,espn_derived,event=746905,2026-08-12 10:09:56,,,,,,
2768,12,80,80,60,75,35,65,66,espn_derived,event=746905,2026-08-12 10:09:56,,,,,,
2769,13,83,80,60,75,35,65,66,espn_derived,event=746905,2026-08-12 10:09:56,,,,,,
2770,17,83,80,60,75,35,64,66,espn_derived,event=746905,2026-08-12 10:09:56,,,,,,
2771,7,80,80,60,75,35,65,66,espn_derived,event=746905,2026-08-12 10:09:56,,,,,,
2772,20,83,80,60,79,35,65,67,espn_derived,event=746905,2026-08-12 10:09:56,,,,,,
2773,1299,65,60,70,70,55,65,64,espn_derived,event=746905,2026-08-12 10:09:56,,,,,,
2774,1295,65,60,70,70,55,65,64,espn_derived,event=746905,2026-08-12 10:09:56,,,,,,
2775,2775,68,60,70,70,55,65,65,espn_derived,event=746905,2026-08-12 10:09:56,,,,,,
2776,2776,68,60,70,78,55,65,66,espn_derived,event=746905,2026-08-12 10:09:56,,,,,,
2777,1288,68,60,70,70,55,65,65,espn_derived,event=746905,2026-08-12 10:09:56,,,,,,
2778,1296,65,60,70,70,55,65,64,espn_derived,event=746905,2026-08-12 10:09:56,,,,,,
2779,1301,65,60,70,70,55,65,64,espn_derived,event=746905,2026-08-12 10:09:56,,,,,,
2780,2780,68,63,70,74,55,65,66,espn_derived,event=746905,2026-08-12 10:09:56,,,,,,
2781,1292,68,60,70,70,55,64,64,espn_derived,event=746905,2026-08-12 10:09:56,,,,,,
2782,1282,45,35,50,45,32,65,45,espn_derived,event=746905,2026-08-12 10:09:56,,,,,,
2783,1283,60,40,55,58,75,73,60,espn_derived,event=746905,2026-08-12 10:09:56,,,,,,
2784,2784,60,40,55,50,75,74,59,espn_derived,event=746905,2026-08-12 10:09:56,,,,,,
2785,1298,60,40,55,50,75,75,59,espn_derived,event=746905,2026-08-12 10:09:56,,,,,,
2786,1287,80,80,60,75,35,63,66,espn_derived,event=746905,2026-08-12 10:09:56,,,,,,
2787,1291,65,66,70,70,55,64,65,espn_derived,event=746905,2026-08-12 10:09:56,,,,,,
2788,1289,65,60,70,78,55,64,65,espn_derived,event=746905,2026-08-12 10:09:56,,,,,,
2789,1285,65,60,70,74,55,63,64,espn_derived,event=746905,2026-08-12 10:09:56,,,,,,
2790,1286,65,60,70,74,55,64,65,espn_derived,event=746905,2026-08-12 10:09:56,,,,,,
2791,1290,80,80,60,75,35,65,66,espn_derived,event=746905,2026-08-12 10:09:56,,,,,,
2792,1300,80,86,60,75,35,66,67,espn_derived,event=746905,2026-08-12 10:09:56,,,,,,
2793,1516,45,35,50,45,34,65,46,espn_derived,event=737013,2026-08-12 10:09:56,,,,,,
2794,1531,60,40,55,50,75,75,59,espn_derived,event=737013,2026-08-12 10:09:56,,,,,,
2795,1518,60,40,55,50,75,74,59,espn_derived,event=737013,2026-08-12 10:09:56,,,,,,
2796,1519,60,55,60,60,55,64,59,espn_derived,event=737013,2026-08-12 10:09:56,,,,,,
2797,2797,60,55,60,64,55,64,60,espn_derived,event=737013,2026-08-12 10:09:56,,,,,,
2798,1521,65,71,70,74,55,65,67,espn_derived,event=737013,2026-08-12 10:09:56,,,,,,
2799,2799,65,71,70,70,55,63,66,espn_derived,event=737013,2026-08-12 10:09:56,,,,,,
2800,1522,65,60,70,70,55,63,64,espn_derived,event=737013,2026-08-12 10:09:56,,,,,,
2801,2801,80,80,60,83,35,65,67,espn_derived,event=737013,2026-08-12 10:09:56,,,,,,
2802,1530,80,91,60,79,35,63,68,espn_derived,event=737013,2026-08-12 10:09:56,,,,,,
2803,1526,80,83,66,87,35,63,69,espn_derived,event=737013,2026-08-12 10:09:56,,,,,,
2804,1520,80,80,60,75,35,65,66,espn_derived,event=737013,2026-08-12 10:09:56,,,,,,
2805,1535,80,80,60,75,35,65,66,espn_derived,event=737013,2026-08-12 10:09:56,,,,,,
2806,1525,80,80,60,75,35,65,66,espn_derived,event=737013,2026-08-12 10:09:56,,,,,,
2807,2807,83,80,60,75,35,65,66,espn_derived,event=737013,2026-08-12 10:09:56,,,,,,
2808,2808,83,80,60,75,35,65,66,espn_derived,event=737013,2026-08-12 10:09:56,,,,,,
2809,2809,80,80,60,75,35,65,66,espn_derived,event=737013,2026-08-12 10:09:56,,,,,,
2810,1528,83,80,60,79,35,65,67,espn_derived,event=737013,2026-08-12 10:09:56,,,,,,
2811,1532,80,80,60,75,35,65,66,espn_derived,event=737013,2026-08-12 10:09:56,,,,,,
2812,2812,80,80,60,75,35,65,66,espn_derived,event=737013,2026-08-12 10:09:56,,,,,,
2813,1533,80,80,60,75,35,65,66,espn_derived,event=737013,2026-08-12 10:09:56,,,,,,
2814,1534,80,80,60,75,35,65,66,espn_derived,event=737013,2026-08-12 10:09:56,,,,,,
2815,1524,83,80,60,75,35,66,66,espn_derived,event=737013,2026-08-12 10:09:56,,,,,,
2816,1527,80,80,60,75,35,65,66,espn_derived,event=737013,2026-08-12 10:09:56,,,,,,
2817,2817,83,80,60,75,35,65,66,espn_derived,event=737013,2026-08-12 10:09:56,,,,,,
2818,2818,45,35,50,45,32,65,45,espn_derived,event=737013,2026-08-12 10:09:56,,,,,,
2819,184,60,40,55,50,75,71,58,espn_derived,event=737013,2026-08-12 10:09:56,,,,,,
2820,185,60,40,55,50,75,75,59,espn_derived,event=737013,2026-08-12 10:09:56,,,,,,
2821,200,60,40,55,50,75,75,59,espn_derived,event=737013,2026-08-12 10:09:56,,,,,,
2822,195,65,60,70,74,55,64,65,espn_derived,event=737013,2026-08-12 10:09:56,,,,,,
2823,188,65,71,70,74,55,65,67,espn_derived,event=737013,2026-08-12 10:09:56,,,,,,
2824,189,65,63,70,74,55,65,65,espn_derived,event=737013,2026-08-12 10:09:56,,,,,,
2825,190,65,60,70,78,55,62,65,espn_derived,event=737013,2026-08-12 10:09:56,,,,,,
2826,191,65,60,70,74,55,64,65,espn_derived,event=737013,2026-08-12 10:09:56,,,,,,
2827,192,80,94,60,79,35,65,69,espn_derived,event=737013,2026-08-12 10:09:56,,,,,,
2828,193,80,80,60,75,35,64,66,espn_derived,event=737013,2026-08-12 10:09:56,,,,,,
2829,187,80,80,60,75,35,65,66,espn_derived,event=737013,2026-08-12 10:09:56,,,,,,
2830,2830,83,80,60,79,35,65,67,espn_derived,event=737013,2026-08-12 10:09:56,,,,,,
2831,203,80,80,60,75,35,65,66,espn_derived,event=737013,2026-08-12 10:09:56,,,,,,
2832,2832,80,80,60,75,35,65,66,espn_derived,event=737013,2026-08-12 10:09:56,,,,,,
2833,2833,80,80,60,75,35,65,66,espn_derived,event=737013,2026-08-12 10:09:56,,,,,,
2834,205,80,80,60,75,35,65,66,espn_derived,event=737013,2026-08-12 10:09:56,,,,,,
2835,194,80,80,60,75,35,65,66,espn_derived,event=737013,2026-08-12 10:09:56,,,,,,
2836,197,80,80,60,75,35,65,66,espn_derived,event=737013,2026-08-12 10:09:56,,,,,,
2837,202,83,80,60,79,35,65,67,espn_derived,event=737013,2026-08-12 10:09:56,,,,,,
2838,183,80,80,60,75,35,65,66,espn_derived,event=737013,2026-08-12 10:09:56,,,,,,
2839,2839,80,80,60,75,35,65,66,espn_derived,event=737013,2026-08-12 10:09:56,,,,,,
2840,201,83,80,60,75,35,65,66,espn_derived,event=737013,2026-08-12 10:09:56,,,,,,
2841,186,80,80,60,75,35,65,66,espn_derived,event=737013,2026-08-12 10:09:56,,,,,,
2842,2842,80,80,60,75,35,65,66,espn_derived,event=737013,2026-08-12 10:09:56,,,,,,
2843,2843,83,80,60,75,35,64,66,espn_derived,event=737013,2026-08-12 10:09:56,,,,,,
2844,1454,45,35,50,45,34,65,46,espn_derived,event=746939,2026-08-12 10:09:58,,,,,,
2845,2845,60,40,55,54,75,74,60,espn_derived,event=746939,2026-08-12 10:09:58,,,,,,
2846,1455,60,40,55,54,75,75,60,espn_derived,event=746939,2026-08-12 10:09:58,,,,,,
2847,1460,60,55,72,72,55,65,63,espn_derived,event=746939,2026-08-12 10:09:58,,,,,,
2848,1461,60,55,60,64,55,65,60,espn_derived,event=746939,2026-08-12 10:09:58,,,,,,
2849,1466,65,60,70,70,55,65,64,espn_derived,event=746939,2026-08-12 10:09:58,,,,,,
2850,1465,65,82,70,70,55,65,68,espn_derived,event=746939,2026-08-12 10:09:58,,,,,,
2851,1458,65,60,70,78,55,62,65,espn_derived,event=746939,2026-08-12 10:09:58,,,,,,
2852,1462,80,80,60,75,35,67,66,espn_derived,event=746939,2026-08-12 10:09:58,,,,,,
2853,1463,80,80,60,87,35,65,68,espn_derived,event=746939,2026-08-12 10:09:58,,,,,,
2854,2854,80,80,60,87,35,63,68,espn_derived,event=746939,2026-08-12 10:09:58,,,,,,
2855,1470,80,80,60,75,35,65,66,espn_derived,event=746939,2026-08-12 10:09:58,,,,,,
2856,1464,83,80,60,75,35,65,66,espn_derived,event=746939,2026-08-12 10:09:58,,,,,,
2857,1459,80,80,60,75,35,65,66,espn_derived,event=746939,2026-08-12 10:09:58,,,,,,
2858,1457,83,80,60,75,35,65,66,espn_derived,event=746939,2026-08-12 10:09:58,,,,,,
2859,1468,80,80,60,75,35,65,66,espn_derived,event=746939,2026-08-12 10:09:58,,,,,,
2860,1472,83,80,60,79,35,67,67,espn_derived,event=746939,2026-08-12 10:09:58,,,,,,
2861,2861,83,80,60,75,35,64,66,espn_derived,event=746939,2026-08-12 10:09:58,,,,,,
2862,1471,80,80,60,75,35,65,66,espn_derived,event=746939,2026-08-12 10:09:58,,,,,,
2863,1467,83,80,60,75,35,65,66,espn_derived,event=746939,2026-08-12 10:09:58,,,,,,
2864,2222,45,35,50,45,30,65,45,espn_derived,event=746939,2026-08-12 10:09:58,,,,,,
2865,2225,60,40,55,50,75,71,58,espn_derived,event=746939,2026-08-12 10:09:58,,,,,,
2866,2223,60,40,55,54,75,75,60,espn_derived,event=746939,2026-08-12 10:09:58,,,,,,
2867,2241,60,55,60,60,55,65,59,espn_derived,event=746939,2026-08-12 10:09:58,,,,,,
2868,2226,60,55,60,60,55,62,59,espn_derived,event=746939,2026-08-12 10:09:58,,,,,,
2869,2229,65,60,76,70,55,65,65,espn_derived,event=746939,2026-08-12 10:09:58,,,,,,
2870,2870,65,60,70,78,55,65,66,espn_derived,event=746939,2026-08-12 10:09:58,,,,,,
2871,2227,65,63,70,70,55,64,64,espn_derived,event=746939,2026-08-12 10:09:58,,,,,,
2872,2230,80,91,66,75,35,66,69,espn_derived,event=746939,2026-08-12 10:09:58,,,,,,
2873,2231,65,60,76,74,55,63,66,espn_derived,event=746939,2026-08-12 10:09:58,,,,,,
2874,2239,65,88,70,78,55,61,70,espn_derived,event=746939,2026-08-12 10:09:58,,,,,,
2875,2232,83,91,60,75,35,65,68,espn_derived,event=746939,2026-08-12 10:09:58,,,,,,
2876,2235,80,80,60,75,35,65,66,espn_derived,event=746939,2026-08-12 10:09:58,,,,,,
2877,2234,80,80,60,75,35,65,66,espn_derived,event=746939,2026-08-12 10:09:58,,,,,,
2878,2236,83,80,60,75,35,65,66,espn_derived,event=746939,2026-08-12 10:09:58,,,,,,
2879,2233,80,80,60,75,35,65,66,espn_derived,event=746939,2026-08-12 10:09:58,,,,,,
2880,2880,80,80,60,75,35,65,66,espn_derived,event=746939,2026-08-12 10:09:58,,,,,,
2881,2224,83,80,60,75,35,65,66,espn_derived,event=746939,2026-08-12 10:09:58,,,,,,
2882,2228,83,80,60,75,35,64,66,espn_derived,event=746939,2026-08-12 10:09:58,,,,,,
2883,2237,83,80,60,75,35,65,66,espn_derived,event=746939,2026-08-12 10:09:58,,,,,,
2884,1083,45,35,50,45,34,65,46,espn_derived,event=401843282,2026-08-12 10:09:58,,,,,,
2885,1084,60,40,55,50,75,72,59,espn_derived,event=401843282,2026-08-12 10:09:58,,,,,,
2886,1085,60,40,55,50,75,74,59,espn_derived,event=401843282,2026-08-12 10:09:58,,,,,,
2887,1086,60,40,55,50,75,75,59,espn_derived,event=401843282,2026-08-12 10:09:58,,,,,,
2888,1087,60,55,60,72,55,62,61,espn_derived,event=401843282,2026-08-12 10:09:58,,,,,,
2889,1088,60,55,60,64,55,62,59,espn_derived,event=401843282,2026-08-12 10:09:58,,,,,,
2890,1089,65,63,82,70,55,65,67,espn_derived,event=401843282,2026-08-12 10:09:58,,,,,,
2891,2037,65,99,70,70,55,65,71,espn_derived,event=401843282,2026-08-12 10:09:58,,,,,,
2892,1091,65,60,76,70,55,65,65,espn_derived,event=401843282,2026-08-12 10:09:58,,,,,,
2893,1093,80,91,60,75,35,65,68,espn_derived,event=401843282,2026-08-12 10:09:58,,,,,,
2894,1090,80,83,60,75,35,64,66,espn_derived,event=401843282,2026-08-12 10:09:58,,,,,,
2895,1096,80,80,60,75,35,65,66,espn_derived,event=401843282,2026-08-12 10:09:58,,,,,,
2896,1102,83,80,60,75,35,65,66,espn_derived,event=401843282,2026-08-12 10:09:58,,,,,,
2897,1092,83,80,60,75,35,65,66,espn_derived,event=401843282,2026-08-12 10:09:58,,,,,,
2898,1098,80,80,60,75,35,65,66,espn_derived,event=401843282,2026-08-12 10:09:58,,,,,,
2899,1097,83,80,60,75,35,64,66,espn_derived,event=401843282,2026-08-12 10:09:58,,,,,,
2900,1095,83,80,60,75,35,65,66,espn_derived,event=401843282,2026-08-12 10:09:58,,,,,,
2901,1099,83,83,60,75,35,65,67,espn_derived,event=401843282,2026-08-12 10:09:58,,,,,,
2902,1101,80,80,60,75,35,65,66,espn_derived,event=401843282,2026-08-12 10:09:58,,,,,,
2903,1094,80,80,60,75,35,65,66,espn_derived,event=401843282,2026-08-12 10:09:58,,,,,,
2904,2904,45,35,50,45,42,65,47,espn_derived,event=401843282,2026-08-12 10:09:58,,,,,,
2905,2905,60,40,55,50,75,74,59,espn_derived,event=401843282,2026-08-12 10:09:58,,,,,,
2906,2906,60,40,55,50,75,75,59,espn_derived,event=401843282,2026-08-12 10:09:58,,,,,,
2907,2907,60,40,55,50,75,75,59,espn_derived,event=401843282,2026-08-12 10:09:58,,,,,,
2908,2908,60,55,60,68,55,65,60,espn_derived,event=401843282,2026-08-12 10:09:58,,,,,,
2909,2909,60,55,60,60,55,63,59,espn_derived,event=401843282,2026-08-12 10:09:58,,,,,,
2910,2910,65,60,70,74,55,65,65,espn_derived,event=401843282,2026-08-12 10:09:58,,,,,,
2911,2911,65,60,70,70,55,65,64,espn_derived,event=401843282,2026-08-12 10:09:58,,,,,,
2912,2912,65,60,70,70,55,65,64,espn_derived,event=401843282,2026-08-12 10:09:58,,,,,,
2913,2913,65,63,70,86,55,64,67,espn_derived,event=401843282,2026-08-12 10:09:58,,,,,,
2914,2914,80,80,60,83,35,65,67,espn_derived,event=401843282,2026-08-12 10:09:58,,,,,,
2915,2915,80,80,60,75,35,65,66,espn_derived,event=401843282,2026-08-12 10:09:58,,,,,,
2916,2916,83,80,60,75,35,65,66,espn_derived,event=401843282,2026-08-12 10:09:58,,,,,,
2917,2917,83,80,60,79,35,65,67,espn_derived,event=401843282,2026-08-12 10:09:58,,,,,,
2918,2918,80,80,60,75,35,65,66,espn_derived,event=401843282,2026-08-12 10:09:58,,,,,,
2919,2919,83,80,60,79,35,65,67,espn_derived,event=401843282,2026-08-12 10:09:58,,,,,,
2920,2920,83,80,60,75,35,65,66,espn_derived,event=401843282,2026-08-12 10:09:58,,,,,,
2921,2921,83,80,60,75,35,65,66,espn_derived,event=401843282,2026-08-12 10:09:58,,,,,,
2922,1454,45,35,50,45,38,65,46,espn_derived,event=746898,2026-08-12 10:09:59,,,,,,
2923,1455,60,43,55,54,75,75,60,espn_derived,event=746898,2026-08-12 10:09:59,,,,,,
2924,2845,60,43,55,58,75,75,61,espn_derived,event=746898,2026-08-12 10:09:59,,,,,,
2925,1457,60,40,55,54,75,75,60,espn_derived,event=746898,2026-08-12 10:09:59,,,,,,
2926,1458,65,63,70,74,55,65,65,espn_derived,event=746898,2026-08-12 10:09:59,,,,,,
2927,1459,65,60,70,74,55,65,65,espn_derived,event=746898,2026-08-12 10:09:59,,,,,,
2928,1460,65,60,70,78,55,65,66,espn_derived,event=746898,2026-08-12 10:09:59,,,,,,
2929,1461,65,60,70,74,55,63,64,espn_derived,event=746898,2026-08-12 10:09:59,,,,,,
2930,1462,80,80,60,75,35,64,66,espn_derived,event=746898,2026-08-12 10:09:59,,,,,,
2931,1469,80,80,60,75,35,65,66,espn_derived,event=746898,2026-08-12 10:09:59,,,,,,
2932,1464,80,83,60,75,35,64,66,espn_derived,event=746898,2026-08-12 10:09:59,,,,,,
2933,1467,83,80,60,75,35,65,66,espn_derived,event=746898,2026-08-12 10:09:59,,,,,,
2934,1463,83,80,60,79,35,64,67,espn_derived,event=746898,2026-08-12 10:09:59,,,,,,
2935,1471,80,80,60,75,35,65,66,espn_derived,event=746898,2026-08-12 10:09:59,,,,,,
2936,1468,80,80,60,75,35,65,66,espn_derived,event=746898,2026-08-12 10:09:59,,,,,,
2937,2854,83,80,60,75,35,66,66,espn_derived,event=746898,2026-08-12 10:09:59,,,,,,
2938,1456,80,80,60,75,35,65,66,espn_derived,event=746898,2026-08-12 10:09:59,,,,,,
2939,1472,83,80,60,75,35,66,66,espn_derived,event=746898,2026-08-12 10:09:59,,,,,,
2940,1466,80,80,60,75,35,65,66,espn_derived,event=746898,2026-08-12 10:09:59,,,,,,
2941,1470,83,80,60,75,35,65,66,espn_derived,event=746898,2026-08-12 10:09:59,,,,,,
2942,2942,45,35,50,45,46,65,48,espn_derived,event=746898,2026-08-12 10:09:59,,,,,,
2943,2943,60,40,55,54,75,75,60,espn_derived,event=746898,2026-08-12 10:09:59,,,,,,
2944,2944,60,40,55,50,75,72,59,espn_derived,event=746898,2026-08-12 10:09:59,,,,,,
2945,2945,60,40,55,50,75,74,59,espn_derived,event=746898,2026-08-12 10:09:59,,,,,,
2946,2946,65,63,70,70,55,64,64,espn_derived,event=746898,2026-08-12 10:09:59,,,,,,
2947,2947,65,60,70,78,55,64,65,espn_derived,event=746898,2026-08-12 10:09:59,,,,,,
2948,2948,65,60,70,78,55,65,66,espn_derived,event=746898,2026-08-12 10:09:59,,,,,,
2949,2949,65,60,70,70,55,63,64,espn_derived,event=746898,2026-08-12 10:09:59,,,,,,
2950,2950,80,91,60,75,35,65,68,espn_derived,event=746898,2026-08-12 10:09:59,,,,,,
2951,2951,80,80,66,75,35,64,67,espn_derived,event=746898,2026-08-12 10:09:59,,,,,,
2952,2952,80,80,66,75,35,65,67,espn_derived,event=746898,2026-08-12 10:09:59,,,,,,
2953,2953,83,94,60,75,35,64,68,espn_derived,event=746898,2026-08-12 10:09:59,,,,,,
2954,2954,83,83,60,75,35,65,67,espn_derived,event=746898,2026-08-12 10:09:59,,,,,,
2955,2955,80,80,60,75,35,65,66,espn_derived,event=746898,2026-08-12 10:09:59,,,,,,
2956,2956,80,80,60,75,35,65,66,espn_derived,event=746898,2026-08-12 10:09:59,,,,,,
2957,2957,80,80,60,75,35,65,66,espn_derived,event=746898,2026-08-12 10:09:59,,,,,,
2958,2958,80,80,60,75,35,65,66,espn_derived,event=746898,2026-08-12 10:09:59,,,,,,
2959,2959,83,80,60,75,35,64,66,espn_derived,event=746898,2026-08-12 10:09:59,,,,,,
2960,2960,83,80,60,75,35,65,66,espn_derived,event=746898,2026-08-12 10:09:59,,,,,,
2961,2961,83,80,60,79,35,65,67,espn_derived,event=746898,2026-08-12 10:09:59,,,,,,
2962,558,45,35,50,45,54,65,49,espn_derived,event=401873915,2026-08-12 10:10:00,,,,,,
2963,544,60,40,55,50,75,73,59,espn_derived,event=401873915,2026-08-12 10:10:00,,,,,,
2964,545,60,40,55,50,75,72,59,espn_derived,event=401873915,2026-08-12 10:10:00,,,,,,
2965,555,60,40,55,50,75,75,59,espn_derived,event=401873915,2026-08-12 10:10:00,,,,,,
2966,2280,60,55,60,72,55,64,61,espn_derived,event=401873915,2026-08-12 10:10:00,,,,,,
2967,548,60,55,60,60,55,64,59,espn_derived,event=401873915,2026-08-12 10:10:00,,,,,,
2968,549,65,60,76,74,55,63,66,espn_derived,event=401873915,2026-08-12 10:10:00,,,,,,
2969,550,65,60,70,74,55,61,64,espn_derived,event=401873915,2026-08-12 10:10:00,,,,,,
2970,551,65,74,70,78,55,63,68,espn_derived,event=401873915,2026-08-12 10:10:00,,,,,,
2971,552,80,80,60,83,35,68,68,espn_derived,event=401873915,2026-08-12 10:10:00,,,,,,
2972,557,80,91,60,79,35,64,68,espn_derived,event=401873915,2026-08-12 10:10:00,,,,,,
2973,560,83,80,66,79,35,65,68,espn_derived,event=401873915,2026-08-12 10:10:00,,,,,,
2974,2974,80,80,60,75,35,65,66,espn_derived,event=401873915,2026-08-12 10:10:00,,,,,,
2975,2975,80,80,60,75,35,65,66,espn_derived,event=401873915,2026-08-12 10:10:00,,,,,,
2976,559,83,80,60,75,35,65,66,espn_derived,event=401873915,2026-08-12 10:10:00,,,,,,
2977,546,80,80,60,75,35,65,66,espn_derived,event=401873915,2026-08-12 10:10:00,,,,,,
2978,554,83,80,60,75,35,64,66,espn_derived,event=401873915,2026-08-12 10:10:00,,,,,,
2979,547,83,80,60,75,35,65,66,espn_derived,event=401873915,2026-08-12 10:10:00,,,,,,
2980,2980,80,80,60,75,35,65,66,espn_derived,event=401873915,2026-08-12 10:10:00,,,,,,
2981,561,83,83,60,75,35,65,67,espn_derived,event=401873915,2026-08-12 10:10:00,,,,,,
2982,2982,45,35,50,45,34,65,46,espn_derived,event=401873915,2026-08-12 10:10:00,,,,,,
2983,2983,60,40,55,50,75,75,59,espn_derived,event=401873915,2026-08-12 10:10:00,,,,,,
2984,2984,60,40,55,50,75,74,59,espn_derived,event=401873915,2026-08-12 10:10:00,,,,,,
2985,2985,60,55,60,64,55,65,60,espn_derived,event=401873915,2026-08-12 10:10:00,,,,,,
2986,2986,60,55,60,64,55,63,60,espn_derived,event=401873915,2026-08-12 10:10:00,,,,,,
2987,2987,65,63,70,90,55,65,68,espn_derived,event=401873915,2026-08-12 10:10:00,,,,,,
2988,2988,65,63,70,74,55,64,65,espn_derived,event=401873915,2026-08-12 10:10:00,,,,,,
2989,2989,65,60,70,74,55,64,65,espn_derived,event=401873915,2026-08-12 10:10:00,,,,,,
2990,2990,80,86,60,75,35,65,67,espn_derived,event=401873915,2026-08-12 10:10:00,,,,,,
2991,2991,65,77,70,82,55,64,69,espn_derived,event=401873915,2026-08-12 10:10:00,,,,,,
2992,2992,65,71,76,78,55,65,68,espn_derived,event=401873915,2026-08-12 10:10:00,,,,,,
2993,2993,83,80,60,75,35,64,66,espn_derived,event=401873915,2026-08-12 10:10:00,,,,,,
2994,2994,83,80,60,83,35,62,67,espn_derived,event=401873915,2026-08-12 10:10:00,,,,,,
2995,2995,80,80,60,75,35,65,66,espn_derived,event=401873915,2026-08-12 10:10:00,,,,,,
2996,2996,80,80,60,75,35,65,66,espn_derived,event=401873915,2026-08-12 10:10:00,,,,,,
2997,2997,80,80,60,75,35,65,66,espn_derived,event=401873915,2026-08-12 10:10:00,,,,,,
2998,2998,83,80,60,75,35,65,66,espn_derived,event=401873915,2026-08-12 10:10:00,,,,,,
2999,2999,83,80,60,75,35,65,66,espn_derived,event=401873915,2026-08-12 10:10:00,,,,,,
3000,3000,83,80,60,79,35,64,67,espn_derived,event=401873915,2026-08-12 10:10:00,,,,,,
3001,3001,80,80,60,75,35,65,66,espn_derived,event=401873915,2026-08-12 10:10:00,,,,,,
3002,3002,45,35,50,45,34,65,46,espn_derived,event=757777,2026-08-12 10:10:01,,,,,,
3003,3003,60,40,55,50,75,75,59,espn_derived,event=757777,2026-08-12 10:10:01,,,,,,
3004,3004,60,40,55,50,75,75,59,espn_derived,event=757777,2026-08-12 10:10:01,,,,,,
3005,3005,60,55,60,68,55,65,60,espn_derived,event=757777,2026-08-12 10:10:01,,,,,,
3006,3006,60,55,60,64,55,65,60,espn_derived,event=757777,2026-08-12 10:10:01,,,,,,
3007,3007,65,60,70,78,55,63,65,espn_derived,event=757777,2026-08-12 10:10:01,,,,,,
3008,3008,65,60,76,70,55,65,65,espn_derived,event=757777,2026-08-12 10:10:01,,,,,,
3009,3009,65,60,70,70,55,64,64,espn_derived,event=757777,2026-08-12 10:10:01,,,,,,
3010,3010,80,91,66,79,35,66,70,espn_derived,event=757777,2026-08-12 10:10:01,,,,,,
3011,3011,80,91,60,79,35,65,68,espn_derived,event=757777,2026-08-12 10:10:01,,,,,,
3012,3012,80,91,60,83,35,64,69,espn_derived,event=757777,2026-08-12 10:10:01,,,,,,
3013,3013,83,80,60,75,35,65,66,espn_derived,event=757777,2026-08-12 10:10:01,,,,,,
3014,3014,80,80,60,75,35,65,66,espn_derived,event=757777,2026-08-12 10:10:01,,,,,,
3015,3015,83,80,60,75,35,65,66,espn_derived,event=757777,2026-08-12 10:10:01,,,,,,
3016,3016,80,80,60,75,35,65,66,espn_derived,event=757777,2026-08-12 10:10:01,,,,,,
3017,3017,80,80,60,75,35,65,66,espn_derived,event=757777,2026-08-12 10:10:01,,,,,,
3018,3018,80,80,60,75,35,65,66,espn_derived,event=757777,2026-08-12 10:10:01,,,,,,
3019,3019,83,83,60,79,35,65,68,espn_derived,event=757777,2026-08-12 10:10:01,,,,,,
3020,3020,83,80,60,75,35,65,66,espn_derived,event=757777,2026-08-12 10:10:01,,,,,,
3021,3021,80,80,60,75,35,65,66,espn_derived,event=757777,2026-08-12 10:10:01,,,,,,
3022,3022,83,80,60,79,35,65,67,espn_derived,event=757777,2026-08-12 10:10:01,,,,,,
3023,3023,45,35,50,45,28,65,45,espn_derived,event=757777,2026-08-12 10:10:01,,,,,,
3024,3024,60,40,55,50,75,74,59,espn_derived,event=757777,2026-08-12 10:10:01,,,,,,
3025,3025,60,40,55,50,75,75,59,espn_derived,event=757777,2026-08-12 10:10:01,,,,,,
3026,3026,60,55,60,60,55,64,59,espn_derived,event=757777,2026-08-12 10:10:01,,,,,,
3027,3027,60,55,60,60,55,63,59,espn_derived,event=757777,2026-08-12 10:10:01,,,,,,
3028,3028,65,60,70,70,55,65,64,espn_derived,event=757777,2026-08-12 10:10:01,,,,,,
3029,3029,65,60,70,74,55,63,64,espn_derived,event=757777,2026-08-12 10:10:01,,,,,,
3030,3030,65,60,70,78,55,64,65,espn_derived,event=757777,2026-08-12 10:10:01,,,,,,
3031,3031,80,83,60,79,35,64,67,espn_derived,event=757777,2026-08-12 10:10:01,,,,,,
3032,3032,65,60,70,70,55,65,64,espn_derived,event=757777,2026-08-12 10:10:01,,,,,,
3033,3033,65,60,70,70,55,65,64,espn_derived,event=757777,2026-08-12 10:10:01,,,,,,
3034,3034,80,80,60,75,35,65,66,espn_derived,event=757777,2026-08-12 10:10:01,,,,,,
3035,3035,80,80,60,75,35,65,66,espn_derived,event=757777,2026-08-12 10:10:01,,,,,,
3036,3036,80,80,60,75,35,65,66,espn_derived,event=757777,2026-08-12 10:10:01,,,,,,
3037,3037,83,80,60,75,35,65,66,espn_derived,event=757777,2026-08-12 10:10:01,,,,,,
3038,3038,83,80,60,75,35,63,66,espn_derived,event=757777,2026-08-12 10:10:01,,,,,,
3039,3039,80,80,60,75,35,65,66,espn_derived,event=757777,2026-08-12 10:10:01,,,,,,
3040,3040,83,80,60,75,35,65,66,espn_derived,event=757777,2026-08-12 10:10:01,,,,,,
3041,3041,80,80,60,75,35,65,66,espn_derived,event=757777,2026-08-12 10:10:01,,,,,,
3042,3042,83,80,60,75,35,65,66,espn_derived,event=757777,2026-08-12 10:10:01,,,,,,
3043,3043,45,35,50,49,42,65,48,espn_derived,event=746909,2026-08-12 10:10:01,,,,,,
3044,3044,60,43,55,54,75,75,60,espn_derived,event=746909,2026-08-12 10:10:01,,,,,,
3045,3045,60,40,55,50,75,73,59,espn_derived,event=746909,2026-08-12 10:10:01,,,,,,
3046,3046,60,40,55,50,75,74,59,espn_derived,event=746909,2026-08-12 10:10:01,,,,,,
3047,3047,65,63,70,70,55,65,65,espn_derived,event=746909,2026-08-12 10:10:01,,,,,,
3048,3048,65,63,70,78,55,65,66,espn_derived,event=746909,2026-08-12 10:10:01,,,,,,
3049,3049,65,71,70,70,55,62,66,espn_derived,event=746909,2026-08-12 10:10:01,,,,,,
3050,3050,65,74,70,78,55,67,68,espn_derived,event=746909,2026-08-12 10:10:01,,,,,,
3051,3051,80,83,60,75,35,66,66,espn_derived,event=746909,2026-08-12 10:10:01,,,,,,
3052,3052,80,80,72,79,35,66,69,espn_derived,event=746909,2026-08-12 10:10:01,,,,,,
3053,3053,80,80,60,83,35,64,67,espn_derived,event=746909,2026-08-12 10:10:01,,,,,,
3054,3054,83,80,60,75,35,64,66,espn_derived,event=746909,2026-08-12 10:10:01,,,,,,
3055,3055,83,80,60,75,35,63,66,espn_derived,event=746909,2026-08-12 10:10:01,,,,,,
3056,3056,83,94,60,75,35,65,69,espn_derived,event=746909,2026-08-12 10:10:01,,,,,,
3057,3057,83,80,60,75,35,64,66,espn_derived,event=746909,2026-08-12 10:10:01,,,,,,
3058,3058,80,80,60,75,35,65,66,espn_derived,event=746909,2026-08-12 10:10:01,,,,,,
3059,3059,80,80,60,75,35,65,66,espn_derived,event=746909,2026-08-12 10:10:01,,,,,,
3060,3060,83,80,60,79,35,65,67,espn_derived,event=746909,2026-08-12 10:10:01,,,,,,
3061,3061,80,80,60,75,35,65,66,espn_derived,event=746909,2026-08-12 10:10:01,,,,,,
3062,3062,80,80,60,75,35,65,66,espn_derived,event=746909,2026-08-12 10:10:01,,,,,,
3063,309,68,63,70,70,55,65,65,espn_derived,event=746909,2026-08-12 10:10:01,,,,,,
3064,311,65,60,70,70,55,65,64,espn_derived,event=746909,2026-08-12 10:10:01,,,,,,
3065,300,68,60,70,74,55,65,65,espn_derived,event=746909,2026-08-12 10:10:01,,,,,,
3066,308,68,60,70,70,55,65,65,espn_derived,event=746909,2026-08-12 10:10:01,,,,,,
3067,302,68,60,70,70,55,65,65,espn_derived,event=746909,2026-08-12 10:10:01,,,,,,
3068,305,65,60,70,70,55,65,64,espn_derived,event=746909,2026-08-12 10:10:01,,,,,,
3069,307,65,60,70,70,55,65,64,espn_derived,event=746909,2026-08-12 10:10:01,,,,,,
3070,312,65,60,70,70,55,65,64,espn_derived,event=746909,2026-08-12 10:10:01,,,,,,
3071,3071,65,60,70,70,55,65,64,espn_derived,event=746909,2026-08-12 10:10:01,,,,,,
3072,293,45,35,50,45,48,65,48,espn_derived,event=746909,2026-08-12 10:10:01,,,,,,
3073,294,60,40,55,54,75,75,60,espn_derived,event=746909,2026-08-12 10:10:01,,,,,,
3074,3074,60,43,55,54,75,74,60,espn_derived,event=746909,2026-08-12 10:10:01,,,,,,
3075,296,60,40,55,50,75,75,59,espn_derived,event=746909,2026-08-12 10:10:01,,,,,,
3076,3076,80,80,60,75,35,64,66,espn_derived,event=746909,2026-08-12 10:10:01,,,,,,
3077,297,65,60,70,70,55,64,64,espn_derived,event=746909,2026-08-12 10:10:01,,,,,,
3078,298,65,60,70,78,55,64,65,espn_derived,event=746909,2026-08-12 10:10:01,,,,,,
3079,306,65,60,70,78,55,62,65,espn_derived,event=746909,2026-08-12 10:10:01,,,,,,
3080,299,65,60,70,78,55,62,65,espn_derived,event=746909,2026-08-12 10:10:01,,,,,,
3081,301,80,83,60,79,35,65,67,espn_derived,event=746909,2026-08-12 10:10:01,,,,,,
3082,303,80,80,60,79,35,65,66,espn_derived,event=746909,2026-08-12 10:10:01,,,,,,
3083,3083,45,35,50,45,42,65,47,espn_derived,event=401843326,2026-08-12 10:10:02,,,,,,
3084,3084,60,51,55,50,75,75,61,espn_derived,event=401843326,2026-08-12 10:10:02,,,,,,
3085,3085,60,40,55,50,75,74,59,espn_derived,event=401843326,2026-08-12 10:10:02,,,,,,
3086,3086,60,55,60,60,55,64,59,espn_derived,event=401843326,2026-08-12 10:10:02,,,,,,
3087,3087,60,55,60,68,55,62,60,espn_derived,event=401843326,2026-08-12 10:10:02,,,,,,
3088,3088,65,60,70,74,55,63,64,espn_derived,event=401843326,2026-08-12 10:10:02,,,,,,
3089,3089,65,74,70,78,55,65,68,espn_derived,event=401843326,2026-08-12 10:10:02,,,,,,
3090,3090,65,74,82,78,55,65,70,espn_derived,event=401843326,2026-08-12 10:10:02,,,,,,
3091,3091,65,60,70,70,55,63,64,espn_derived,event=401843326,2026-08-12 10:10:02,,,,,,
3092,3092,80,80,66,91,35,65,70,espn_derived,event=401843326,2026-08-12 10:10:02,,,,,,
3093,3093,80,83,60,87,35,63,68,espn_derived,event=401843326,2026-08-12 10:10:02,,,,,,
3094,3094,80,80,60,75,35,65,66,espn_derived,event=401843326,2026-08-12 10:10:02,,,,,,
3095,3095,83,80,60,75,35,64,66,espn_derived,event=401843326,2026-08-12 10:10:02,,,,,,
3096,3096,83,80,60,75,35,64,66,espn_derived,event=401843326,2026-08-12 10:10:02,,,,,,
3097,3097,80,80,60,75,35,65,66,espn_derived,event=401843326,2026-08-12 10:10:02,,,,,,
3098,3098,80,80,60,75,35,65,66,espn_derived,event=401843326,2026-08-12 10:10:02,,,,,,
3099,3099,83,80,60,79,35,65,67,espn_derived,event=401843326,2026-08-12 10:10:02,,,,,,
3100,3100,83,80,60,75,35,65,66,espn_derived,event=401843326,2026-08-12 10:10:02,,,,,,
3101,3101,83,80,60,75,35,65,66,espn_derived,event=401843326,2026-08-12 10:10:02,,,,,,
3102,3102,80,80,60,75,35,65,66,espn_derived,event=401843326,2026-08-12 10:10:02,,,,,,
3103,1202,45,35,50,45,32,65,45,espn_derived,event=401843326,2026-08-12 10:10:02,,,,,,
3104,1203,60,40,55,50,75,74,59,espn_derived,event=401843326,2026-08-12 10:10:02,,,,,,
3105,1204,60,40,55,50,75,73,59,espn_derived,event=401843326,2026-08-12 10:10:02,,,,,,
3106,1205,60,55,60,68,55,62,60,espn_derived,event=401843326,2026-08-12 10:10:02,,,,,,
3107,3107,60,55,60,60,55,64,59,espn_derived,event=401843326,2026-08-12 10:10:02,,,,,,
3108,1219,65,60,70,70,55,64,64,espn_derived,event=401843326,2026-08-12 10:10:02,,,,,,
3109,1208,65,60,70,74,55,65,65,espn_derived,event=401843326,2026-08-12 10:10:02,,,,,,
3110,1210,65,60,70,86,55,65,67,espn_derived,event=401843326,2026-08-12 10:10:02,,,,,,
3111,1744,65,60,70,74,55,64,65,espn_derived,event=401843326,2026-08-12 10:10:02,,,,,,
3112,1221,80,83,60,79,35,65,67,espn_derived,event=401843326,2026-08-12 10:10:02,,,,,,
3113,1212,80,80,60,79,35,63,66,espn_derived,event=401843326,2026-08-12 10:10:02,,,,,,
3114,1220,83,80,60,75,35,65,66,espn_derived,event=401843326,2026-08-12 10:10:02,,,,,,
3115,1215,83,83,60,79,35,62,67,espn_derived,event=401843326,2026-08-12 10:10:02,,,,,,
3116,1206,83,80,60,79,35,65,67,espn_derived,event=401843326,2026-08-12 10:10:02,,,,,,
3117,1207,80,80,60,75,35,65,66,espn_derived,event=401843326,2026-08-12 10:10:02,,,,,,
3118,1211,83,83,60,79,35,65,68,espn_derived,event=401843326,2026-08-12 10:10:02,,,,,,
3119,1217,80,80,60,75,35,65,66,espn_derived,event=401843326,2026-08-12 10:10:02,,,,,,
3120,1735,80,80,60,75,35,65,66,espn_derived,event=401843326,2026-08-12 10:10:02,,,,,,
3121,1214,80,80,60,75,35,65,66,espn_derived,event=401843326,2026-08-12 10:10:02,,,,,,
3122,1209,83,80,60,75,35,64,66,espn_derived,event=401843326,2026-08-12 10:10:02,,,,,,
3123,3123,45,35,50,45,36,65,46,espn_derived,event=757794,2026-08-12 10:10:03,,,,,,
3124,3124,60,43,55,62,75,73,61,espn_derived,event=757794,2026-08-12 10:10:03,,,,,,
3125,3125,60,40,55,62,75,73,61,espn_derived,event=757794,2026-08-12 10:10:03,,,,,,
3126,3126,60,58,66,64,55,65,61,espn_derived,event=757794,2026-08-12 10:10:03,,,,,,
3127,3127,60,66,60,68,55,64,62,espn_derived,event=757794,2026-08-12 10:10:03,,,,,,
3128,3128,65,60,70,74,55,64,65,espn_derived,event=757794,2026-08-12 10:10:03,,,,,,
3129,3129,65,74,70,74,55,65,67,espn_derived,event=757794,2026-08-12 10:10:03,,,,,,
3130,3130,65,60,70,70,55,64,64,espn_derived,event=757794,2026-08-12 10:10:03,,,,,,
3131,3131,80,91,60,87,35,64,70,espn_derived,event=757794,2026-08-12 10:10:03,,,,,,
3132,3132,65,71,76,70,55,66,67,espn_derived,event=757794,2026-08-12 10:10:03,,,,,,
3133,3133,65,60,70,78,55,64,65,espn_derived,event=757794,2026-08-12 10:10:03,,,,,,
3134,3134,83,80,60,75,35,65,66,espn_derived,event=757794,2026-08-12 10:10:03,,,,,,
3135,3135,80,80,60,75,35,65,66,espn_derived,event=757794,2026-08-12 10:10:03,,,,,,
3136,3136,80,80,60,75,35,65,66,espn_derived,event=757794,2026-08-12 10:10:03,,,,,,
3137,3137,80,80,60,75,35,65,66,espn_derived,event=757794,2026-08-12 10:10:03,,,,,,
3138,3138,83,83,60,75,35,65,67,espn_derived,event=757794,2026-08-12 10:10:03,,,,,,
3139,3139,80,80,60,75,35,65,66,espn_derived,event=757794,2026-08-12 10:10:03,,,,,,
3140,3140,80,80,60,75,35,65,66,espn_derived,event=757794,2026-08-12 10:10:03,,,,,,
3141,3141,83,80,60,75,35,65,66,espn_derived,event=757794,2026-08-12 10:10:03,,,,,,
3142,3142,80,80,60,75,35,65,66,espn_derived,event=757794,2026-08-12 10:10:03,,,,,,
3143,3143,45,35,50,45,42,65,47,espn_derived,event=757794,2026-08-12 10:10:03,,,,,,
3144,3144,60,40,55,50,75,75,59,espn_derived,event=757794,2026-08-12 10:10:03,,,,,,
3145,3145,60,51,55,54,75,75,62,espn_derived,event=757794,2026-08-12 10:10:03,,,,,,
3146,3146,60,40,55,58,75,72,60,espn_derived,event=757794,2026-08-12 10:10:03,,,,,,
3147,3147,65,60,70,70,55,65,64,espn_derived,event=757794,2026-08-12 10:10:03,,,,,,
3148,3148,65,60,70,70,55,65,64,espn_derived,event=757794,2026-08-12 10:10:03,,,,,,
3149,3149,65,63,70,70,55,61,64,espn_derived,event=757794,2026-08-12 10:10:03,,,,,,
3150,3150,65,60,76,70,55,64,65,espn_derived,event=757794,2026-08-12 10:10:03,,,,,,
3151,3151,80,83,60,79,35,63,67,espn_derived,event=757794,2026-08-12 10:10:03,,,,,,
3152,3152,80,80,60,79,35,65,66,espn_derived,event=757794,2026-08-12 10:10:03,,,,,,
3153,3153,80,80,60,83,35,65,67,espn_derived,event=757794,2026-08-12 10:10:03,,,,,,
3154,3154,80,80,60,75,35,65,66,espn_derived,event=757794,2026-08-12 10:10:03,,,,,,
3155,3155,80,80,60,75,35,65,66,espn_derived,event=757794,2026-08-12 10:10:03,,,,,,
3156,3156,80,80,60,75,35,65,66,espn_derived,event=757794,2026-08-12 10:10:03,,,,,,
3157,3157,83,80,60,79,35,64,67,espn_derived,event=757794,2026-08-12 10:10:03,,,,,,
3158,3158,80,80,60,75,35,65,66,espn_derived,event=757794,2026-08-12 10:10:03,,,,,,
3159,3159,80,80,60,75,35,65,66,espn_derived,event=757794,2026-08-12 10:10:03,,,,,,
3160,3160,83,80,60,75,35,65,66,espn_derived,event=757794,2026-08-12 10:10:03,,,,,,
3161,3161,80,80,60,75,35,65,66,espn_derived,event=757794,2026-08-12 10:10:03,,,,,,
3162,3162,83,80,60,75,35,64,66,espn_derived,event=757794,2026-08-12 10:10:03,,,,,,
3163,3163,83,80,60,83,35,62,67,espn_derived,event=757794,2026-08-12 10:10:03,,,,,,
3164,3164,80,80,60,75,35,65,66,espn_derived,event=757794,2026-08-12 10:10:03,,,,,,
3165,3165,83,80,60,79,35,64,67,espn_derived,event=757794,2026-08-12 10:10:03,,,,,,
3166,3166,45,35,50,45,44,65,47,espn_derived,event=757767,2026-08-12 10:10:04,,,,,,
3167,3167,60,43,55,58,75,74,61,espn_derived,event=757767,2026-08-12 10:10:04,,,,,,
3168,3168,60,40,55,54,75,75,60,espn_derived,event=757767,2026-08-12 10:10:04,,,,,,
3169,3169,60,55,60,68,55,63,60,espn_derived,event=757767,2026-08-12 10:10:04,,,,,,
3170,3170,60,55,60,60,55,64,59,espn_derived,event=757767,2026-08-12 10:10:04,,,,,,
3171,3171,65,63,70,70,55,64,64,espn_derived,event=757767,2026-08-12 10:10:04,,,,,,
3172,3172,65,60,70,70,55,64,64,espn_derived,event=757767,2026-08-12 10:10:04,,,,,,
3173,3173,65,60,70,74,55,65,65,espn_derived,event=757767,2026-08-12 10:10:04,,,,,,
3174,3174,65,60,70,78,55,64,65,espn_derived,event=757767,2026-08-12 10:10:04,,,,,,
3175,3175,80,80,60,79,35,65,66,espn_derived,event=757767,2026-08-12 10:10:04,,,,,,
3176,3176,80,80,60,79,35,65,66,espn_derived,event=757767,2026-08-12 10:10:04,,,,,,
3177,3177,80,80,60,75,35,65,66,espn_derived,event=757767,2026-08-12 10:10:04,,,,,,
3178,3178,83,94,60,75,35,64,68,espn_derived,event=757767,2026-08-12 10:10:04,,,,,,
3179,3179,80,80,60,75,35,65,66,espn_derived,event=757767,2026-08-12 10:10:04,,,,,,
3180,3180,83,80,60,75,35,65,66,espn_derived,event=757767,2026-08-12 10:10:04,,,,,,
3181,3181,80,80,60,75,35,65,66,espn_derived,event=757767,2026-08-12 10:10:04,,,,,,
3182,3182,83,80,60,75,35,63,66,espn_derived,event=757767,2026-08-12 10:10:04,,,,,,
3183,3183,83,80,60,79,35,63,67,espn_derived,event=757767,2026-08-12 10:10:04,,,,,,
3184,3184,80,80,60,75,35,65,66,espn_derived,event=757767,2026-08-12 10:10:04,,,,,,
3185,3185,80,80,60,75,35,65,66,espn_derived,event=757767,2026-08-12 10:10:04,,,,,,
3186,3186,80,80,60,75,35,65,66,espn_derived,event=757767,2026-08-12 10:10:04,,,,,,
3187,3187,83,80,60,87,35,65,68,espn_derived,event=757767,2026-08-12 10:10:04,,,,,,
3188,3188,80,80,60,75,35,65,66,espn_derived,event=757767,2026-08-12 10:10:04,,,,,,
3189,3189,45,35,50,45,40,65,47,espn_derived,event=757767,2026-08-12 10:10:04,,,,,,
3190,3190,60,40,55,58,75,72,60,espn_derived,event=757767,2026-08-12 10:10:04,,,,,,
3191,3191,60,40,55,50,75,74,59,espn_derived,event=757767,2026-08-12 10:10:04,,,,,,
3192,3192,60,40,55,50,75,73,59,espn_derived,event=757767,2026-08-12 10:10:04,,,,,,
3193,3193,65,74,70,74,55,64,67,espn_derived,event=757767,2026-08-12 10:10:04,,,,,,
3194,3194,65,60,70,78,55,65,66,espn_derived,event=757767,2026-08-12 10:10:04,,,,,,
3195,3195,65,60,70,78,55,65,66,espn_derived,event=757767,2026-08-12 10:10:04,,,,,,
3196,3196,65,60,70,74,55,65,65,espn_derived,event=757767,2026-08-12 10:10:04,,,,,,
3197,3197,80,80,60,75,35,62,65,espn_derived,event=757767,2026-08-12 10:10:04,,,,,,
3198,3198,80,80,66,83,35,66,68,espn_derived,event=757767,2026-08-12 10:10:04,,,,,,
3199,3199,80,86,60,83,35,61,68,espn_derived,event=757767,2026-08-12 10:10:04,,,,,,
3200,3200,80,80,60,75,35,65,66,espn_derived,event=757767,2026-08-12 10:10:04,,,,,,
3201,3201,80,80,60,75,35,65,66,espn_derived,event=757767,2026-08-12 10:10:04,,,,,,
3202,3202,83,83,60,75,35,65,67,espn_derived,event=757767,2026-08-12 10:10:04,,,,,,
3203,3203,83,80,60,75,35,65,66,espn_derived,event=757767,2026-08-12 10:10:04,,,,,,
3204,3204,80,80,60,75,35,65,66,espn_derived,event=757767,2026-08-12 10:10:04,,,,,,
3205,3205,80,80,60,75,35,65,66,espn_derived,event=757767,2026-08-12 10:10:04,,,,,,
3206,3206,83,80,60,75,35,65,66,espn_derived,event=757767,2026-08-12 10:10:04,,,,,,
3207,3207,83,80,60,79,35,65,67,espn_derived,event=757767,2026-08-12 10:10:04,,,,,,
3208,3208,80,80,60,75,35,65,66,espn_derived,event=757767,2026-08-12 10:10:04,,,,,,
3209,3209,80,80,60,75,35,65,66,espn_derived,event=757767,2026-08-12 10:10:04,,,,,,
3210,1950,45,35,50,45,38,65,46,espn_derived,event=761449,2026-08-12 10:10:05,,,,,,
3211,1951,60,40,55,50,75,74,59,espn_derived,event=761449,2026-08-12 10:10:05,,,,,,
3212,1952,60,51,55,50,75,73,61,espn_derived,event=761449,2026-08-12 10:10:05,,,,,,
3213,1953,60,55,60,60,55,65,59,espn_derived,event=761449,2026-08-12 10:10:05,,,,,,
3214,1954,60,55,60,64,55,63,60,espn_derived,event=761449,2026-08-12 10:10:05,,,,,,
3215,1955,65,60,76,78,55,64,66,espn_derived,event=761449,2026-08-12 10:10:05,,,,,,
3216,1956,65,71,70,78,55,64,67,espn_derived,event=761449,2026-08-12 10:10:05,,,,,,
3217,1962,65,60,70,78,55,63,65,espn_derived,event=761449,2026-08-12 10:10:05,,,,,,
3218,1958,80,91,66,79,35,65,69,espn_derived,event=761449,2026-08-12 10:10:05,,,,,,
3219,1959,80,91,60,87,35,65,70,espn_derived,event=761449,2026-08-12 10:10:05,,,,,,
3220,1960,80,86,72,79,35,65,70,espn_derived,event=761449,2026-08-12 10:10:05,,,,,,
3221,3221,80,80,60,75,35,65,66,espn_derived,event=761449,2026-08-12 10:10:05,,,,,,
3222,1961,83,80,60,75,35,64,66,espn_derived,event=761449,2026-08-12 10:10:05,,,,,,
3223,1963,83,91,60,75,35,65,68,espn_derived,event=761449,2026-08-12 10:10:05,,,,,,
3224,3224,80,80,60,75,35,65,66,espn_derived,event=761449,2026-08-12 10:10:05,,,,,,
3225,1969,80,80,60,75,35,65,66,espn_derived,event=761449,2026-08-12 10:10:05,,,,,,
3226,1966,83,80,60,75,35,65,66,espn_derived,event=761449,2026-08-12 10:10:05,,,,,,
3227,1964,83,80,60,75,35,65,66,espn_derived,event=761449,2026-08-12 10:10:05,,,,,,
3228,1957,83,80,60,75,35,63,66,espn_derived,event=761449,2026-08-12 10:10:05,,,,,,
3229,1968,80,80,60,75,35,65,66,espn_derived,event=761449,2026-08-12 10:10:05,,,,,,
3230,3230,45,35,50,45,28,65,45,espn_derived,event=761449,2026-08-12 10:10:05,,,,,,
3231,3231,60,40,55,50,75,73,59,espn_derived,event=761449,2026-08-12 10:10:05,,,,,,
3232,3232,60,40,55,50,75,72,59,espn_derived,event=761449,2026-08-12 10:10:05,,,,,,
3233,3233,60,55,60,60,55,65,59,espn_derived,event=761449,2026-08-12 10:10:05,,,,,,
3234,3234,60,55,60,60,55,64,59,espn_derived,event=761449,2026-08-12 10:10:05,,,,,,
3235,3235,65,63,70,70,55,65,65,espn_derived,event=761449,2026-08-12 10:10:05,,,,,,
3236,3236,65,60,70,82,55,63,66,espn_derived,event=761449,2026-08-12 10:10:05,,,,,,
3237,3237,65,60,70,74,55,64,65,espn_derived,event=761449,2026-08-12 10:10:05,,,,,,
3238,3238,80,80,60,75,35,64,66,espn_derived,event=761449,2026-08-12 10:10:05,,,,,,
3239,3239,65,60,70,74,55,65,65,espn_derived,event=761449,2026-08-12 10:10:05,,,,,,
3240,3240,65,63,70,78,55,64,66,espn_derived,event=761449,2026-08-12 10:10:05,,,,,,
3241,3241,80,80,60,75,35,65,66,espn_derived,event=761449,2026-08-12 10:10:05,,,,,,
3242,3242,83,80,60,79,35,65,67,espn_derived,event=761449,2026-08-12 10:10:05,,,,,,
3243,3243,83,80,60,75,35,65,66,espn_derived,event=761449,2026-08-12 10:10:05,,,,,,
3244,3244,83,80,60,87,35,64,68,espn_derived,event=761449,2026-08-12 10:10:05,,,,,,
3245,3245,83,80,60,79,35,65,67,espn_derived,event=761449,2026-08-12 10:10:05,,,,,,
3246,3246,80,80,60,75,35,65,66,espn_derived,event=761449,2026-08-12 10:10:05,,,,,,
3247,3247,83,80,60,75,35,65,66,espn_derived,event=761449,2026-08-12 10:10:05,,,,,,
3248,3248,80,80,60,75,35,65,66,espn_derived,event=761449,2026-08-12 10:10:05,,,,,,
3249,3249,80,80,60,75,35,65,66,espn_derived,event=761449,2026-08-12 10:10:05,,,,,,
3250,896,45,35,50,45,46,65,48,espn_derived,event=746948,2026-08-12 10:10:06,,,,,,
3251,910,60,40,55,50,75,75,59,espn_derived,event=746948,2026-08-12 10:10:06,,,,,,
3252,899,60,40,55,54,75,74,60,espn_derived,event=746948,2026-08-12 10:10:06,,,,,,
3253,898,60,40,55,50,75,75,59,espn_derived,event=746948,2026-08-12 10:10:06,,,,,,
3254,902,65,60,70,86,55,65,67,espn_derived,event=746948,2026-08-12 10:10:06,,,,,,
3255,903,65,60,70,82,55,64,66,espn_derived,event=746948,2026-08-12 10:10:06,,,,,,
3256,906,65,60,70,74,55,65,65,espn_derived,event=746948,2026-08-12 10:10:06,,,,,,
3257,915,65,60,76,70,55,65,65,espn_derived,event=746948,2026-08-12 10:10:06,,,,,,
3258,905,65,63,70,70,55,65,65,espn_derived,event=746948,2026-08-12 10:10:06,,,,,,
3259,901,80,97,60,83,35,64,70,espn_derived,event=746948,2026-08-12 10:10:06,,,,,,
3260,904,80,80,60,75,35,65,66,espn_derived,event=746948,2026-08-12 10:10:06,,,,,,
3261,913,83,80,60,83,35,64,68,espn_derived,event=746948,2026-08-12 10:10:06,,,,,,
3262,916,83,80,60,79,35,65,67,espn_derived,event=746948,2026-08-12 10:10:06,,,,,,
3263,1010,80,80,60,75,35,65,66,espn_derived,event=746948,2026-08-12 10:10:06,,,,,,
3264,909,83,80,60,75,35,65,66,espn_derived,event=746948,2026-08-12 10:10:06,,,,,,
3265,914,83,80,60,75,35,65,66,espn_derived,event=746948,2026-08-12 10:10:06,,,,,,
3266,911,80,80,60,75,35,65,66,espn_derived,event=746948,2026-08-12 10:10:06,,,,,,
3267,897,80,80,60,75,35,65,66,espn_derived,event=746948,2026-08-12 10:10:06,,,,,,
3268,900,83,80,60,75,35,64,66,espn_derived,event=746948,2026-08-12 10:10:06,,,,,,
3269,907,80,80,60,75,35,65,66,espn_derived,event=746948,2026-08-12 10:10:06,,,,,,
3270,3270,45,35,50,45,40,65,47,espn_derived,event=746948,2026-08-12 10:10:06,,,,,,
3271,3271,60,40,55,50,75,73,59,espn_derived,event=746948,2026-08-12 10:10:06,,,,,,
3272,3272,60,40,55,54,75,72,59,espn_derived,event=746948,2026-08-12 10:10:06,,,,,,
3273,3273,60,55,60,60,55,66,59,espn_derived,event=746948,2026-08-12 10:10:06,,,,,,
3274,3274,60,55,60,60,55,64,59,espn_derived,event=746948,2026-08-12 10:10:06,,,,,,
3275,3275,65,66,70,70,55,65,65,espn_derived,event=746948,2026-08-12 10:10:06,,,,,,
3276,3276,65,60,70,70,55,61,64,espn_derived,event=746948,2026-08-12 10:10:06,,,,,,
3277,3277,65,60,70,70,55,63,64,espn_derived,event=746948,2026-08-12 10:10:06,,,,,,
3278,3278,80,80,60,75,35,63,66,espn_derived,event=746948,2026-08-12 10:10:06,,,,,,
3279,3279,80,80,60,75,35,65,66,espn_derived,event=746948,2026-08-12 10:10:06,,,,,,
3280,3280,80,80,60,83,35,65,67,espn_derived,event=746948,2026-08-12 10:10:06,,,,,,
3281,3281,80,80,60,75,35,65,66,espn_derived,event=746948,2026-08-12 10:10:06,,,,,,
3282,3282,80,80,60,75,35,65,66,espn_derived,event=746948,2026-08-12 10:10:06,,,,,,
3283,3283,80,80,60,75,35,65,66,espn_derived,event=746948,2026-08-12 10:10:06,,,,,,
3284,3284,83,86,60,79,35,65,68,espn_derived,event=746948,2026-08-12 10:10:06,,,,,,
3285,3285,80,80,60,75,35,65,66,espn_derived,event=746948,2026-08-12 10:10:06,,,,,,
3286,3286,83,80,60,75,35,64,66,espn_derived,event=746948,2026-08-12 10:10:06,,,,,,
3287,3287,83,80,60,75,35,64,66,espn_derived,event=746948,2026-08-12 10:10:06,,,,,,
3288,3288,83,80,60,75,35,65,66,espn_derived,event=746948,2026-08-12 10:10:06,,,,,,
3289,3289,83,80,60,75,35,65,66,espn_derived,event=746948,2026-08-12 10:10:06,,,,,,
3290,3290,45,35,50,45,42,65,47,espn_derived,event=761456,2026-08-12 10:10:06,,,,,,
3291,3291,60,51,55,50,75,74,61,espn_derived,event=761456,2026-08-12 10:10:06,,,,,,
3292,3292,60,43,55,50,75,75,60,espn_derived,event=761456,2026-08-12 10:10:06,,,,,,
3293,3293,60,55,66,64,55,64,61,espn_derived,event=761456,2026-08-12 10:10:06,,,,,,
3294,3294,60,58,60,68,55,64,61,espn_derived,event=761456,2026-08-12 10:10:06,,,,,,
3295,3295,65,71,70,74,55,63,66,espn_derived,event=761456,2026-08-12 10:10:06,,,,,,
3296,3296,65,60,70,70,55,62,64,espn_derived,event=761456,2026-08-12 10:10:06,,,,,,
3297,3297,65,60,70,78,55,63,65,espn_derived,event=761456,2026-08-12 10:10:06,,,,,,
3298,3298,80,89,60,91,35,64,70,espn_derived,event=761456,2026-08-12 10:10:06,,,,,,
3299,3299,80,83,60,75,35,66,66,espn_derived,event=761456,2026-08-12 10:10:06,,,,,,
3300,3300,80,80,66,87,35,65,69,espn_derived,event=761456,2026-08-12 10:10:06,,,,,,
3301,3301,83,80,60,75,35,65,66,espn_derived,event=761456,2026-08-12 10:10:06,,,,,,
3302,3302,83,80,60,79,35,65,67,espn_derived,event=761456,2026-08-12 10:10:06,,,,,,
3303,3303,80,80,60,75,35,65,66,espn_derived,event=761456,2026-08-12 10:10:06,,,,,,
3304,3304,83,83,60,79,35,65,68,espn_derived,event=761456,2026-08-12 10:10:06,,,,,,
3305,3305,80,80,60,75,35,65,66,espn_derived,event=761456,2026-08-12 10:10:06,,,,,,
3306,3306,83,80,60,75,35,65,66,espn_derived,event=761456,2026-08-12 10:10:06,,,,,,
3307,3307,83,80,60,75,35,64,66,espn_derived,event=761456,2026-08-12 10:10:06,,,,,,
3308,3308,80,80,60,75,35,65,66,espn_derived,event=761456,2026-08-12 10:10:06,,,,,,
3309,3309,80,80,60,75,35,65,66,espn_derived,event=761456,2026-08-12 10:10:06,,,,,,
3310,3310,45,35,50,45,54,64,49,espn_derived,event=761456,2026-08-12 10:10:06,,,,,,
3311,3311,60,40,55,50,75,73,59,espn_derived,event=761456,2026-08-12 10:10:06,,,,,,
3312,3312,60,40,55,50,75,75,59,espn_derived,event=761456,2026-08-12 10:10:06,,,,,,
3313,3313,60,55,60,64,55,61,59,espn_derived,event=761456,2026-08-12 10:10:06,,,,,,
3314,3314,60,55,60,60,55,65,59,espn_derived,event=761456,2026-08-12 10:10:06,,,,,,
3315,3315,65,63,70,78,55,65,66,espn_derived,event=761456,2026-08-12 10:10:06,,,,,,
3316,3316,65,63,70,78,55,63,66,espn_derived,event=761456,2026-08-12 10:10:06,,,,,,
3317,3317,65,60,70,78,55,63,65,espn_derived,event=761456,2026-08-12 10:10:06,,,,,,
3318,3318,80,83,60,75,35,66,66,espn_derived,event=761456,2026-08-12 10:10:06,,,,,,
3319,3319,65,60,70,74,55,63,64,espn_derived,event=761456,2026-08-12 10:10:06,,,,,,
3320,3320,65,60,70,74,55,65,65,espn_derived,event=761456,2026-08-12 10:10:06,,,,,,
3321,3321,80,80,60,75,35,65,66,espn_derived,event=761456,2026-08-12 10:10:06,,,,,,
3322,3322,80,80,60,75,35,65,66,espn_derived,event=761456,2026-08-12 10:10:06,,,,,,
3323,3323,83,80,60,75,35,64,66,espn_derived,event=761456,2026-08-12 10:10:06,,,,,,
3324,3324,83,80,60,83,35,66,68,espn_derived,event=761456,2026-08-12 10:10:06,,,,,,
3325,3325,83,80,60,75,35,65,66,espn_derived,event=761456,2026-08-12 10:10:06,,,,,,
3326,3326,83,80,60,75,35,65,66,espn_derived,event=761456,2026-08-12 10:10:06,,,,,,
3327,3327,80,80,60,75,35,65,66,espn_derived,event=761456,2026-08-12 10:10:06,,,,,,
3328,3328,45,35,50,45,42,65,47,espn_derived,event=401843286,2026-08-12 10:10:07,,,,,,
3329,3329,60,40,55,54,75,74,60,espn_derived,event=401843286,2026-08-12 10:10:07,,,,,,
3330,3330,60,43,55,50,75,75,60,espn_derived,event=401843286,2026-08-12 10:10:07,,,,,,
3331,3331,60,40,55,50,75,71,58,espn_derived,event=401843286,2026-08-12 10:10:07,,,,,,
3332,3332,60,55,66,72,55,65,62,espn_derived,event=401843286,2026-08-12 10:10:07,,,,,,
3333,3333,60,58,60,76,55,64,62,espn_derived,event=401843286,2026-08-12 10:10:07,,,,,,
3334,3334,65,60,70,74,55,65,65,espn_derived,event=401843286,2026-08-12 10:10:07,,,,,,
3335,3335,65,63,70,74,55,65,65,espn_derived,event=401843286,2026-08-12 10:10:07,,,,,,
3336,3336,65,74,70,82,55,65,68,espn_derived,event=401843286,2026-08-12 10:10:07,,,,,,
3337,3337,65,60,70,70,55,65,64,espn_derived,event=401843286,2026-08-12 10:10:07,,,,,,
3338,3338,80,80,60,79,35,64,66,espn_derived,event=401843286,2026-08-12 10:10:07,,,,,,
3339,3339,83,80,60,75,35,65,66,espn_derived,event=401843286,2026-08-12 10:10:07,,,,,,
3340,3340,80,80,60,75,35,65,66,espn_derived,event=401843286,2026-08-12 10:10:07,,,,,,
3341,3341,83,80,60,79,35,65,67,espn_derived,event=401843286,2026-08-12 10:10:07,,,,,,
3342,3342,80,80,60,75,35,65,66,espn_derived,event=401843286,2026-08-12 10:10:07,,,,,,
3343,3343,83,80,60,75,35,64,66,espn_derived,event=401843286,2026-08-12 10:10:07,,,,,,
3344,3344,83,80,60,75,35,64,66,espn_derived,event=401843286,2026-08-12 10:10:07,,,,,,
3345,3345,80,80,60,75,35,65,66,espn_derived,event=401843286,2026-08-12 10:10:07,,,,,,
3346,3346,80,80,60,75,35,65,66,espn_derived,event=401843286,2026-08-12 10:10:07,,,,,,
3347,3347,83,80,60,75,35,65,66,espn_derived,event=401843286,2026-08-12 10:10:07,,,,,,
3348,1759,45,35,50,45,44,65,47,espn_derived,event=401843286,2026-08-12 10:10:07,,,,,,
3349,1747,60,43,55,50,75,75,60,espn_derived,event=401843286,2026-08-12 10:10:07,,,,,,
3350,1748,60,40,55,50,75,74,59,espn_derived,event=401843286,2026-08-12 10:10:07,,,,,,
3351,1749,60,55,60,64,55,65,60,espn_derived,event=401843286,2026-08-12 10:10:07,,,,,,
3352,1750,60,55,66,60,55,62,60,espn_derived,event=401843286,2026-08-12 10:10:07,,,,,,
3353,1757,65,60,76,74,55,65,66,espn_derived,event=401843286,2026-08-12 10:10:07,,,,,,
3354,1751,65,60,70,78,55,64,65,espn_derived,event=401843286,2026-08-12 10:10:07,,,,,,
3355,1753,65,60,70,70,55,63,64,espn_derived,event=401843286,2026-08-12 10:10:07,,,,,,
3356,1754,80,94,60,83,35,62,69,espn_derived,event=401843286,2026-08-12 10:10:07,,,,,,
3357,1755,65,60,70,74,55,62,64,espn_derived,event=401843286,2026-08-12 10:10:07,,,,,,
3358,1756,65,77,70,70,55,63,67,espn_derived,event=401843286,2026-08-12 10:10:07,,,,,,
3359,1746,80,80,60,75,35,65,66,espn_derived,event=401843286,2026-08-12 10:10:07,,,,,,
3360,1752,83,80,60,75,35,63,66,espn_derived,event=401843286,2026-08-12 10:10:07,,,,,,
3361,1679,80,80,60,75,35,65,66,espn_derived,event=401843286,2026-08-12 10:10:07,,,,,,
3362,3362,80,80,60,75,35,65,66,espn_derived,event=401843286,2026-08-12 10:10:07,,,,,,
3363,1758,83,80,60,75,35,65,66,espn_derived,event=401843286,2026-08-12 10:10:07,,,,,,
3364,3364,83,80,60,79,35,65,67,espn_derived,event=401843286,2026-08-12 10:10:07,,,,,,
3365,1764,80,80,60,75,35,65,66,espn_derived,event=401843286,2026-08-12 10:10:07,,,,,,
3366,1762,83,80,60,75,35,65,66,espn_derived,event=401843286,2026-08-12 10:10:07,,,,,,
3367,1079,45,35,50,45,36,65,46,espn_derived,event=401843327,2026-08-12 10:10:08,,,,,,
3368,1070,60,40,55,50,75,74,59,espn_derived,event=401843327,2026-08-12 10:10:08,,,,,,
3369,1065,60,40,55,50,75,74,59,espn_derived,event=401843327,2026-08-12 10:10:08,,,,,,
3370,1066,60,66,60,60,55,64,61,espn_derived,event=401843327,2026-08-12 10:10:08,,,,,,
3371,1075,60,55,60,64,55,65,60,espn_derived,event=401843327,2026-08-12 10:10:08,,,,,,
3372,1068,65,60,70,82,55,65,66,espn_derived,event=401843327,2026-08-12 10:10:08,,,,,,
3373,1069,65,60,70,70,55,64,64,espn_derived,event=401843327,2026-08-12 10:10:08,,,,,,
3374,1076,65,71,76,70,55,63,67,espn_derived,event=401843327,2026-08-12 10:10:08,,,,,,
3375,1071,80,83,60,83,35,60,67,espn_derived,event=401843327,2026-08-12 10:10:08,,,,,,
3376,1072,80,80,60,79,35,65,66,espn_derived,event=401843327,2026-08-12 10:10:08,,,,,,
3377,1080,80,80,66,79,35,65,68,espn_derived,event=401843327,2026-08-12 10:10:08,,,,,,
3378,1660,83,80,60,75,35,63,66,espn_derived,event=401843327,2026-08-12 10:10:08,,,,,,
3379,1074,80,80,60,75,35,65,66,espn_derived,event=401843327,2026-08-12 10:10:08,,,,,,
3380,1081,80,80,60,75,35,65,66,espn_derived,event=401843327,2026-08-12 10:10:08,,,,,,
3381,1646,83,80,60,75,35,65,66,espn_derived,event=401843327,2026-08-12 10:10:08,,,,,,
3382,1073,83,91,60,79,35,65,69,espn_derived,event=401843327,2026-08-12 10:10:08,,,,,,
3383,1664,80,80,60,75,35,65,66,espn_derived,event=401843327,2026-08-12 10:10:08,,,,,,
3384,1662,80,80,60,75,35,65,66,espn_derived,event=401843327,2026-08-12 10:10:08,,,,,,
3385,1077,83,80,60,75,35,65,66,espn_derived,event=401843327,2026-08-12 10:10:08,,,,,,
3386,1078,83,80,60,75,35,65,66,espn_derived,event=401843327,2026-08-12 10:10:08,,,,,,
3387,2904,45,35,50,45,28,65,45,espn_derived,event=401843327,2026-08-12 10:10:08,,,,,,
3388,2905,60,51,55,58,75,75,62,espn_derived,event=401843327,2026-08-12 10:10:08,,,,,,
3389,3389,60,40,55,58,75,73,60,espn_derived,event=401843327,2026-08-12 10:10:08,,,,,,
3390,2907,60,40,55,58,75,74,60,espn_derived,event=401843327,2026-08-12 10:10:08,,,,,,
3391,2910,65,63,70,70,55,64,64,espn_derived,event=401843327,2026-08-12 10:10:08,,,,,,
3392,2911,65,63,70,70,55,65,65,espn_derived,event=401843327,2026-08-12 10:10:08,,,,,,
3393,2917,65,60,70,78,55,64,65,espn_derived,event=401843327,2026-08-12 10:10:08,,,,,,
3394,2908,65,60,70,74,55,64,65,espn_derived,event=401843327,2026-08-12 10:10:08,,,,,,
3395,3395,65,60,76,74,55,65,66,espn_derived,event=401843327,2026-08-12 10:10:08,,,,,,
3396,2914,80,80,60,83,35,64,67,espn_derived,event=401843327,2026-08-12 10:10:08,,,,,,
3397,2913,80,80,60,79,35,65,66,espn_derived,event=401843327,2026-08-12 10:10:08,,,,,,
3398,2909,83,80,60,75,35,63,66,espn_derived,event=401843327,2026-08-12 10:10:08,,,,,,
3399,3399,83,80,60,75,35,65,66,espn_derived,event=401843327,2026-08-12 10:10:08,,,,,,
3400,2920,83,80,60,75,35,64,66,espn_derived,event=401843327,2026-08-12 10:10:08,,,,,,
3401,3401,80,80,60,75,35,65,66,espn_derived,event=401843327,2026-08-12 10:10:08,,,,,,
3402,2915,80,80,60,75,35,65,66,espn_derived,event=401843327,2026-08-12 10:10:08,,,,,,
3403,3403,80,80,60,75,35,65,66,espn_derived,event=401843327,2026-08-12 10:10:08,,,,,,
3404,2916,83,80,60,75,35,64,66,espn_derived,event=401843327,2026-08-12 10:10:08,,,,,,
3405,3405,80,80,60,75,35,65,66,espn_derived,event=401843327,2026-08-12 10:10:08,,,,,,
3406,2912,83,80,60,75,35,65,66,espn_derived,event=401843327,2026-08-12 10:10:08,,,,,,
3407,3407,45,35,50,45,44,65,47,espn_derived,event=746864,2026-08-12 10:10:08,,,,,,
3408,3408,60,40,55,50,75,75,59,espn_derived,event=746864,2026-08-12 10:10:08,,,,,,
3409,3409,60,40,55,50,75,74,59,espn_derived,event=746864,2026-08-12 10:10:08,,,,,,
3410,3410,60,40,55,50,75,75,59,espn_derived,event=746864,2026-08-12 10:10:08,,,,,,
3411,3411,65,63,70,70,55,65,65,espn_derived,event=746864,2026-08-12 10:10:08,,,,,,
3412,3412,65,60,70,82,55,64,66,espn_derived,event=746864,2026-08-12 10:10:08,,,,,,
3413,3413,65,60,70,74,55,65,65,espn_derived,event=746864,2026-08-12 10:10:08,,,,,,
3414,3414,65,60,70,70,55,65,64,espn_derived,event=746864,2026-08-12 10:10:08,,,,,,
3415,3415,80,80,60,75,35,67,66,espn_derived,event=746864,2026-08-12 10:10:08,,,,,,
3416,3416,80,83,60,75,35,65,66,espn_derived,event=746864,2026-08-12 10:10:08,,,,,,
3417,3417,80,91,60,75,35,65,68,espn_derived,event=746864,2026-08-12 10:10:08,,,,,,
3418,3418,80,80,60,75,35,65,66,espn_derived,event=746864,2026-08-12 10:10:08,,,,,,
3419,3419,83,80,60,75,35,65,66,espn_derived,event=746864,2026-08-12 10:10:08,,,,,,
3420,3420,80,80,60,75,35,65,66,espn_derived,event=746864,2026-08-12 10:10:08,,,,,,
3421,3421,83,80,60,75,35,65,66,espn_derived,event=746864,2026-08-12 10:10:08,,,,,,
3422,3422,80,80,60,75,35,65,66,espn_derived,event=746864,2026-08-12 10:10:08,,,,,,
3423,3423,83,80,60,75,35,64,66,espn_derived,event=746864,2026-08-12 10:10:08,,,,,,
3424,3424,80,80,60,75,35,65,66,espn_derived,event=746864,2026-08-12 10:10:08,,,,,,
3425,3425,83,80,60,75,35,66,66,espn_derived,event=746864,2026-08-12 10:10:08,,,,,,
3426,3426,83,80,60,75,35,65,66,espn_derived,event=746864,2026-08-12 10:10:08,,,,,,
3427,273,45,35,50,45,36,65,46,espn_derived,event=746864,2026-08-12 10:10:08,,,,,,
3428,290,60,40,55,50,75,75,59,espn_derived,event=746864,2026-08-12 10:10:08,,,,,,
3429,274,60,51,55,50,75,75,61,espn_derived,event=746864,2026-08-12 10:10:08,,,,,,
3430,1853,60,58,66,60,55,64,60,espn_derived,event=746864,2026-08-12 10:10:08,,,,,,
3431,277,60,55,60,60,55,65,59,espn_derived,event=746864,2026-08-12 10:10:08,,,,,,
3432,284,65,77,70,70,55,64,67,espn_derived,event=746864,2026-08-12 10:10:08,,,,,,
3433,279,65,60,70,70,55,65,64,espn_derived,event=746864,2026-08-12 10:10:08,,,,,,
3434,292,65,60,70,70,55,65,64,espn_derived,event=746864,2026-08-12 10:10:08,,,,,,
3435,1858,80,80,60,75,35,65,66,espn_derived,event=746864,2026-08-12 10:10:08,,,,,,
3436,282,65,60,76,74,55,69,66,espn_derived,event=746864,2026-08-12 10:10:08,,,,,,
3437,287,65,66,76,78,55,64,67,espn_derived,event=746864,2026-08-12 10:10:08,,,,,,
3438,1869,80,80,60,75,35,65,66,espn_derived,event=746864,2026-08-12 10:10:08,,,,,,
3439,288,80,80,60,75,35,65,66,espn_derived,event=746864,2026-08-12 10:10:08,,,,,,
3440,275,83,80,60,75,35,65,66,espn_derived,event=746864,2026-08-12 10:10:08,,,,,,
3441,1865,80,80,60,75,35,65,66,espn_derived,event=746864,2026-08-12 10:10:08,,,,,,
3442,286,80,80,60,75,35,65,66,espn_derived,event=746864,2026-08-12 10:10:08,,,,,,
3443,283,83,91,60,75,35,65,68,espn_derived,event=746864,2026-08-12 10:10:08,,,,,,
3444,276,83,80,60,75,35,65,66,espn_derived,event=746864,2026-08-12 10:10:08,,,,,,
3445,1862,80,80,60,75,35,65,66,espn_derived,event=746864,2026-08-12 10:10:08,,,,,,
3446,285,83,80,60,75,35,65,66,espn_derived,event=746864,2026-08-12 10:10:08,,,,,,
3447,3189,45,35,50,45,46,65,48,espn_derived,event=736993,2026-08-12 10:10:10,,,,,,
3448,3448,60,40,55,50,75,75,59,espn_derived,event=736993,2026-08-12 10:10:10,,,,,,
3449,3191,60,40,55,50,75,71,58,espn_derived,event=736993,2026-08-12 10:10:10,,,,,,
3450,3201,60,40,55,50,75,75,59,espn_derived,event=736993,2026-08-12 10:10:10,,,,,,
3451,3193,65,60,70,74,55,65,65,espn_derived,event=736993,2026-08-12 10:10:10,,,,,,
3452,3194,65,71,70,70,55,65,66,espn_derived,event=736993,2026-08-12 10:10:10,,,,,,
3453,3195,65,60,70,74,55,65,65,espn_derived,event=736993,2026-08-12 10:10:10,,,,,,
3454,3192,65,60,70,74,55,62,64,espn_derived,event=736993,2026-08-12 10:10:10,,,,,,
3455,3197,80,83,60,79,35,65,67,espn_derived,event=736993,2026-08-12 10:10:10,,,,,,
3456,3198,80,83,60,79,35,64,67,espn_derived,event=736993,2026-08-12 10:10:10,,,,,,
3457,3199,80,80,60,87,35,63,68,espn_derived,event=736993,2026-08-12 10:10:10,,,,,,
3458,3458,83,80,60,75,35,65,66,espn_derived,event=736993,2026-08-12 10:10:10,,,,,,
3459,3196,80,80,60,75,35,65,66,espn_derived,event=736993,2026-08-12 10:10:10,,,,,,
3460,3190,83,80,60,75,35,65,66,espn_derived,event=736993,2026-08-12 10:10:10,,,,,,
3461,3204,80,80,60,75,35,65,66,espn_derived,event=736993,2026-08-12 10:10:10,,,,,,
3462,3206,80,80,60,75,35,65,66,espn_derived,event=736993,2026-08-12 10:10:10,,,,,,
3463,3463,80,80,60,75,35,65,66,espn_derived,event=736993,2026-08-12 10:10:10,,,,,,
3464,3203,80,80,60,75,35,65,66,espn_derived,event=736993,2026-08-12 10:10:10,,,,,,
3465,3465,83,83,60,75,35,65,67,espn_derived,event=736993,2026-08-12 10:10:10,,,,,,
3466,3200,80,80,60,75,35,65,66,espn_derived,event=736993,2026-08-12 10:10:10,,,,,,
3467,3207,83,80,60,79,35,65,67,espn_derived,event=736993,2026-08-12 10:10:10,,,,,,
3468,3202,80,80,60,75,35,65,66,espn_derived,event=736993,2026-08-12 10:10:10,,,,,,
3469,3469,45,35,50,45,40,65,47,espn_derived,event=736993,2026-08-12 10:10:10,,,,,,
3470,3470,60,40,55,50,75,75,59,espn_derived,event=736993,2026-08-12 10:10:10,,,,,,
3471,3471,60,40,55,50,75,75,59,espn_derived,event=736993,2026-08-12 10:10:10,,,,,,
3472,3472,60,55,60,68,55,65,60,espn_derived,event=736993,2026-08-12 10:10:10,,,,,,
3473,3473,60,55,60,60,55,65,59,espn_derived,event=736993,2026-08-12 10:10:10,,,,,,
3474,3474,65,60,70,74,55,63,64,espn_derived,event=736993,2026-08-12 10:10:10,,,,,,
3475,3475,65,63,70,70,55,63,64,espn_derived,event=736993,2026-08-12 10:10:10,,,,,,
3476,3476,65,63,70,70,55,63,64,espn_derived,event=736993,2026-08-12 10:10:10,,,,,,
3477,3477,80,80,60,75,35,65,66,espn_derived,event=736993,2026-08-12 10:10:10,,,,,,
3478,3478,80,86,60,87,35,64,69,espn_derived,event=736993,2026-08-12 10:10:10,,,,,,
3479,3479,80,80,60,87,35,64,68,espn_derived,event=736993,2026-08-12 10:10:10,,,,,,
3480,3480,83,80,60,75,35,64,66,espn_derived,event=736993,2026-08-12 10:10:10,,,,,,
3481,3481,83,80,60,75,35,65,66,espn_derived,event=736993,2026-08-12 10:10:10,,,,,,
3482,3482,80,80,60,75,35,65,66,espn_derived,event=736993,2026-08-12 10:10:10,,,,,,
3483,3483,80,80,60,75,35,65,66,espn_derived,event=736993,2026-08-12 10:10:10,,,,,,
3484,3484,80,80,60,75,35,65,66,espn_derived,event=736993,2026-08-12 10:10:10,,,,,,
3485,3485,80,80,60,75,35,65,66,espn_derived,event=736993,2026-08-12 10:10:10,,,,,,
3486,3486,83,80,60,75,35,65,66,espn_derived,event=736993,2026-08-12 10:10:10,,,,,,
3487,3487,80,80,60,75,35,65,66,espn_derived,event=736993,2026-08-12 10:10:10,,,,,,
3488,3488,80,80,60,75,35,65,66,espn_derived,event=736993,2026-08-12 10:10:10,,,,,,
3489,3489,80,80,60,75,35,65,66,espn_derived,event=736993,2026-08-12 10:10:10,,,,,,
3490,3490,83,80,60,75,35,65,66,espn_derived,event=736993,2026-08-12 10:10:10,,,,,,
3491,3491,80,80,60,75,35,65,66,espn_derived,event=736993,2026-08-12 10:10:10,,,,,,
3492,3492,83,80,60,75,35,65,66,espn_derived,event=736993,2026-08-12 10:10:10,,,,,,
3493,3493,45,35,50,45,40,65,47,espn_derived,event=740863,2026-08-12 10:10:11,,,,,,
3494,3494,60,40,55,50,75,75,59,espn_derived,event=740863,2026-08-12 10:10:11,,,,,,
3495,3495,60,40,55,50,75,75,59,espn_derived,event=740863,2026-08-12 10:10:11,,,,,,
3496,3496,60,55,60,60,55,65,59,espn_derived,event=740863,2026-08-12 10:10:11,,,,,,
3497,3497,60,55,60,64,55,63,60,espn_derived,event=740863,2026-08-12 10:10:11,,,,,,
3498,3498,65,60,70,74,55,64,65,espn_derived,event=740863,2026-08-12 10:10:11,,,,,,
3499,3499,65,60,70,78,55,64,65,espn_derived,event=740863,2026-08-12 10:10:11,,,,,,
3500,3500,65,60,70,70,55,61,64,espn_derived,event=740863,2026-08-12 10:10:11,,,,,,
3501,3501,80,80,60,87,35,63,68,espn_derived,event=740863,2026-08-12 10:10:11,,,,,,
3502,3502,65,63,70,70,55,64,64,espn_derived,event=740863,2026-08-12 10:10:11,,,,,,
3503,3503,65,63,70,74,55,66,66,espn_derived,event=740863,2026-08-12 10:10:11,,,,,,
3504,3504,83,80,60,75,35,65,66,espn_derived,event=740863,2026-08-12 10:10:11,,,,,,
3505,3505,80,80,60,75,35,65,66,espn_derived,event=740863,2026-08-12 10:10:11,,,,,,
3506,3506,83,80,60,75,35,63,66,espn_derived,event=740863,2026-08-12 10:10:11,,,,,,
3507,3507,83,80,60,75,35,65,66,espn_derived,event=740863,2026-08-12 10:10:11,,,,,,
3508,3508,80,80,60,75,35,65,66,espn_derived,event=740863,2026-08-12 10:10:11,,,,,,
3509,3509,80,80,60,75,35,65,66,espn_derived,event=740863,2026-08-12 10:10:11,,,,,,
3510,3510,83,80,60,75,35,65,66,espn_derived,event=740863,2026-08-12 10:10:11,,,,,,
3511,3206,83,80,60,75,35,65,66,espn_derived,event=740863,2026-08-12 10:10:11,,,,,,
3512,3512,80,80,60,75,35,65,66,espn_derived,event=740863,2026-08-12 10:10:11,,,,,,
3513,3513,45,35,50,45,38,65,46,espn_derived,event=740863,2026-08-12 10:10:11,,,,,,
3514,3514,60,43,55,50,75,74,60,espn_derived,event=740863,2026-08-12 10:10:11,,,,,,
3515,3515,60,40,55,54,75,72,59,espn_derived,event=740863,2026-08-12 10:10:11,,,,,,
3516,3516,60,55,60,64,55,64,60,espn_derived,event=740863,2026-08-12 10:10:11,,,,,,
3517,3517,60,55,60,68,55,65,60,espn_derived,event=740863,2026-08-12 10:10:11,,,,,,
3518,3518,65,63,70,74,55,64,65,espn_derived,event=740863,2026-08-12 10:10:11,,,,,,
3519,3519,65,71,70,78,55,63,67,espn_derived,event=740863,2026-08-12 10:10:11,,,,,,
3520,3520,65,60,70,70,55,64,64,espn_derived,event=740863,2026-08-12 10:10:11,,,,,,
3521,3521,80,83,60,83,35,65,68,espn_derived,event=740863,2026-08-12 10:10:11,,,,,,
3522,3522,65,60,70,82,55,66,66,espn_derived,event=740863,2026-08-12 10:10:11,,,,,,
3523,3523,65,60,70,70,55,65,64,espn_derived,event=740863,2026-08-12 10:10:11,,,,,,
3524,3524,80,80,60,75,35,65,66,espn_derived,event=740863,2026-08-12 10:10:11,,,,,,
3525,3525,83,80,60,75,35,65,66,espn_derived,event=740863,2026-08-12 10:10:11,,,,,,
3526,3526,83,80,60,75,35,65,66,espn_derived,event=740863,2026-08-12 10:10:11,,,,,,
3527,3527,83,80,60,75,35,65,66,espn_derived,event=740863,2026-08-12 10:10:11,,,,,,
3528,3528,80,80,60,75,35,65,66,espn_derived,event=740863,2026-08-12 10:10:11,,,,,,
3529,3529,80,80,60,75,35,65,66,espn_derived,event=740863,2026-08-12 10:10:11,,,,,,
3530,3530,80,80,60,75,35,65,66,espn_derived,event=740863,2026-08-12 10:10:11,,,,,,
3531,3531,83,80,60,75,35,65,66,espn_derived,event=740863,2026-08-12 10:10:11,,,,,,
3532,3532,80,80,60,75,35,65,66,espn_derived,event=740863,2026-08-12 10:10:11,,,,,,
3533,2545,45,35,50,45,34,65,46,espn_derived,event=401843383,2026-08-12 10:10:12,,,,,,
3534,2561,60,40,55,58,75,75,60,espn_derived,event=401843383,2026-08-12 10:10:12,,,,,,
3535,2547,60,40,55,50,75,75,59,espn_derived,event=401843383,2026-08-12 10:10:12,,,,,,
3536,2548,60,40,55,50,75,75,59,espn_derived,event=401843383,2026-08-12 10:10:12,,,,,,
3537,2549,60,55,60,64,55,63,60,espn_derived,event=401843383,2026-08-12 10:10:12,,,,,,
3538,2556,60,55,60,68,55,64,60,espn_derived,event=401843383,2026-08-12 10:10:12,,,,,,
3539,3539,65,60,70,70,55,65,64,espn_derived,event=401843383,2026-08-12 10:10:12,,,,,,
3540,3540,65,60,70,70,55,62,64,espn_derived,event=401843383,2026-08-12 10:10:12,,,,,,
3541,2552,65,60,70,82,55,64,66,espn_derived,event=401843383,2026-08-12 10:10:12,,,,,,
3542,3542,80,83,66,75,35,65,67,espn_derived,event=401843383,2026-08-12 10:10:12,,,,,,
3543,2562,80,91,60,83,35,66,69,espn_derived,event=401843383,2026-08-12 10:10:12,,,,,,
3544,2557,80,80,60,75,35,65,66,espn_derived,event=401843383,2026-08-12 10:10:12,,,,,,
3545,2555,80,80,60,75,35,65,66,espn_derived,event=401843383,2026-08-12 10:10:12,,,,,,
3546,2560,83,80,60,79,35,65,67,espn_derived,event=401843383,2026-08-12 10:10:12,,,,,,
3547,2551,83,80,60,75,35,65,66,espn_derived,event=401843383,2026-08-12 10:10:12,,,,,,
3548,3548,80,80,60,75,35,65,66,espn_derived,event=401843383,2026-08-12 10:10:12,,,,,,
3549,2559,83,80,60,75,35,64,66,espn_derived,event=401843383,2026-08-12 10:10:12,,,,,,
3550,2546,83,80,60,75,35,64,66,espn_derived,event=401843383,2026-08-12 10:10:12,,,,,,
3551,2558,80,80,60,75,35,65,66,espn_derived,event=401843383,2026-08-12 10:10:12,,,,,,
3552,2554,83,80,60,79,35,65,67,espn_derived,event=401843383,2026-08-12 10:10:12,,,,,,
3553,1083,45,35,50,45,32,65,45,espn_derived,event=401843383,2026-08-12 10:10:12,,,,,,
3554,1084,60,40,55,54,75,74,60,espn_derived,event=401843383,2026-08-12 10:10:12,,,,,,
3555,1085,60,40,55,50,75,72,59,espn_derived,event=401843383,2026-08-12 10:10:12,,,,,,
3556,1086,60,40,55,50,75,75,59,espn_derived,event=401843383,2026-08-12 10:10:12,,,,,,
3557,1087,60,55,72,72,55,62,63,espn_derived,event=401843383,2026-08-12 10:10:12,,,,,,
3558,1088,60,55,60,68,55,67,61,espn_derived,event=401843383,2026-08-12 10:10:12,,,,,,
3559,1089,65,71,70,74,55,64,66,espn_derived,event=401843383,2026-08-12 10:10:12,,,,,,
3560,2037,65,71,70,74,55,65,67,espn_derived,event=401843383,2026-08-12 10:10:12,,,,,,
3561,1091,65,60,70,78,55,63,65,espn_derived,event=401843383,2026-08-12 10:10:12,,,,,,
3562,1093,80,91,66,75,35,65,69,espn_derived,event=401843383,2026-08-12 10:10:12,,,,,,
3563,1099,80,86,66,75,35,64,68,espn_derived,event=401843383,2026-08-12 10:10:12,,,,,,
3564,3564,80,80,60,75,35,65,66,espn_derived,event=401843383,2026-08-12 10:10:12,,,,,,
3565,3565,83,91,60,75,35,65,68,espn_derived,event=401843383,2026-08-12 10:10:12,,,,,,
3566,3566,83,80,60,75,35,65,66,espn_derived,event=401843383,2026-08-12 10:10:12,,,,,,
3567,1098,80,80,60,75,35,65,66,espn_derived,event=401843383,2026-08-12 10:10:12,,,,,,
3568,1092,83,83,60,79,35,64,67,espn_derived,event=401843383,2026-08-12 10:10:12,,,,,,
3569,2045,80,80,60,75,35,65,66,espn_derived,event=401843383,2026-08-12 10:10:12,,,,,,
3570,1090,83,80,60,75,35,64,66,espn_derived,event=401843383,2026-08-12 10:10:12,,,,,,
3571,3571,80,80,60,75,35,65,66,espn_derived,event=401843383,2026-08-12 10:10:12,,,,,,
3572,1095,80,80,60,75,35,65,66,espn_derived,event=401843383,2026-08-12 10:10:12,,,,,,
3573,907,45,35,50,45,34,65,46,espn_derived,event=757938,2026-08-12 10:10:12,,,,,,
3574,897,60,46,55,50,75,74,60,espn_derived,event=757938,2026-08-12 10:10:12,,,,,,
3575,898,60,43,55,50,75,75,60,espn_derived,event=757938,2026-08-12 10:10:12,,,,,,
3576,914,60,55,60,60,55,66,59,espn_derived,event=757938,2026-08-12 10:10:12,,,,,,
3577,916,60,55,66,60,55,64,60,espn_derived,event=757938,2026-08-12 10:10:12,,,,,,
3578,901,65,71,76,70,55,64,67,espn_derived,event=757938,2026-08-12 10:10:12,,,,,,
3579,902,65,60,70,70,55,65,64,espn_derived,event=757938,2026-08-12 10:10:12,,,,,,
3580,909,65,77,70,70,55,65,67,espn_derived,event=757938,2026-08-12 10:10:12,,,,,,
3581,904,80,91,60,83,35,65,69,espn_derived,event=757938,2026-08-12 10:10:12,,,,,,
3582,915,65,63,70,70,55,65,65,espn_derived,event=757938,2026-08-12 10:10:12,,,,,,
3583,912,65,63,70,74,55,65,65,espn_derived,event=757938,2026-08-12 10:10:12,,,,,,
3584,3584,80,80,60,75,35,65,66,espn_derived,event=757938,2026-08-12 10:10:12,,,,,,
3585,908,80,80,60,75,35,65,66,espn_derived,event=757938,2026-08-12 10:10:12,,,,,,
3586,899,83,80,60,75,35,64,66,espn_derived,event=757938,2026-08-12 10:10:12,,,,,,
3587,896,80,80,60,75,35,65,66,espn_derived,event=757938,2026-08-12 10:10:12,,,,,,
3588,3588,80,80,60,75,35,65,66,espn_derived,event=757938,2026-08-12 10:10:12,,,,,,
3589,906,83,80,60,75,35,65,66,espn_derived,event=757938,2026-08-12 10:10:12,,,,,,
3590,903,83,80,60,75,35,65,66,espn_derived,event=757938,2026-08-12 10:10:12,,,,,,
3591,905,83,80,66,75,35,64,67,espn_derived,event=757938,2026-08-12 10:10:12,,,,,,
3592,1003,83,80,60,75,35,65,66,espn_derived,event=757938,2026-08-12 10:10:12,,,,,,
3593,3593,80,80,60,75,35,65,66,espn_derived,event=757938,2026-08-12 10:10:12,,,,,,
3594,910,80,80,60,75,35,65,66,espn_derived,event=757938,2026-08-12 10:10:12,,,,,,
3595,3595,45,35,50,45,52,65,49,espn_derived,event=757938,2026-08-12 10:10:12,,,,,,
3596,3596,60,51,55,50,75,74,61,espn_derived,event=757938,2026-08-12 10:10:12,,,,,,
3597,3597,60,40,61,54,75,74,61,espn_derived,event=757938,2026-08-12 10:10:12,,,,,,
3598,3598,60,55,60,60,55,65,59,espn_derived,event=757938,2026-08-12 10:10:12,,,,,,
3599,3599,60,55,60,68,55,65,60,espn_derived,event=757938,2026-08-12 10:10:12,,,,,,
3600,3600,65,63,70,74,55,65,65,espn_derived,event=757938,2026-08-12 10:10:12,,,,,,
3601,3601,65,60,76,70,55,65,65,espn_derived,event=757938,2026-08-12 10:10:12,,,,,,
3602,3602,65,71,70,74,55,65,67,espn_derived,event=757938,2026-08-12 10:10:12,,,,,,
3603,3603,80,80,60,79,35,66,67,espn_derived,event=757938,2026-08-12 10:10:12,,,,,,
3604,3604,65,60,70,74,55,64,65,espn_derived,event=757938,2026-08-12 10:10:12,,,,,,
3605,3605,65,60,70,70,55,66,64,espn_derived,event=757938,2026-08-12 10:10:12,,,,,,
3606,3606,80,80,60,75,35,65,66,espn_derived,event=757938,2026-08-12 10:10:12,,,,,,
3607,3607,83,83,60,75,35,65,67,espn_derived,event=757938,2026-08-12 10:10:12,,,,,,
3608,3608,80,80,60,75,35,65,66,espn_derived,event=757938,2026-08-12 10:10:12,,,,,,
3609,3609,80,80,60,75,35,65,66,espn_derived,event=757938,2026-08-12 10:10:12,,,,,,
3610,3610,83,80,60,75,35,65,66,espn_derived,event=757938,2026-08-12 10:10:12,,,,,,
3611,3611,80,80,60,75,35,65,66,espn_derived,event=757938,2026-08-12 10:10:12,,,,,,
3612,3612,80,80,60,75,35,65,66,espn_derived,event=757938,2026-08-12 10:10:12,,,,,,
3613,3613,80,80,60,75,35,65,66,espn_derived,event=757938,2026-08-12 10:10:12,,,,,,
3614,3614,83,80,60,75,35,65,66,espn_derived,event=757938,2026-08-12 10:10:12,,,,,,
3615,3615,83,80,60,75,35,65,66,espn_derived,event=757938,2026-08-12 10:10:12,,,,,,
3616,3616,45,35,50,45,28,65,45,espn_derived,event=737016,2026-08-12 10:10:13,,,,,,
3617,3617,60,40,55,62,75,75,61,espn_derived,event=737016,2026-08-12 10:10:13,,,,,,
3618,3618,60,40,55,62,75,73,61,espn_derived,event=737016,2026-08-12 10:10:13,,,,,,
3619,3619,60,55,60,68,55,65,60,espn_derived,event=737016,2026-08-12 10:10:13,,,,,,
3620,3620,60,58,60,72,55,63,61,espn_derived,event=737016,2026-08-12 10:10:13,,,,,,
3621,3621,65,71,70,74,55,64,66,espn_derived,event=737016,2026-08-12 10:10:13,,,,,,
3622,3622,65,63,70,78,55,65,66,espn_derived,event=737016,2026-08-12 10:10:13,,,,,,
3623,3623,65,63,70,74,55,65,65,espn_derived,event=737016,2026-08-12 10:10:13,,,,,,
3624,3486,80,80,60,87,35,65,68,espn_derived,event=737016,2026-08-12 10:10:13,,,,,,
3625,3625,65,60,70,70,55,65,64,espn_derived,event=737016,2026-08-12 10:10:13,,,,,,
3626,3626,65,60,70,70,55,64,64,espn_derived,event=737016,2026-08-12 10:10:13,,,,,,
3627,3627,80,80,60,75,35,65,66,espn_derived,event=737016,2026-08-12 10:10:13,,,,,,
3628,3628,80,80,60,75,35,65,66,espn_derived,event=737016,2026-08-12 10:10:13,,,,,,
3629,3629,80,80,60,75,35,65,66,espn_derived,event=737016,2026-08-12 10:10:13,,,,,,
3630,3630,83,91,60,83,35,64,69,espn_derived,event=737016,2026-08-12 10:10:13,,,,,,
3631,3631,80,80,60,75,35,65,66,espn_derived,event=737016,2026-08-12 10:10:13,,,,,,
3632,3632,80,80,60,75,35,65,66,espn_derived,event=737016,2026-08-12 10:10:13,,,,,,
3633,3633,80,80,60,75,35,65,66,espn_derived,event=737016,2026-08-12 10:10:13,,,,,,
3634,3634,83,80,60,75,35,65,66,espn_derived,event=737016,2026-08-12 10:10:13,,,,,,
3635,3635,83,80,60,75,35,66,66,espn_derived,event=737016,2026-08-12 10:10:13,,,,,,
3636,3636,80,80,60,75,35,65,66,espn_derived,event=737016,2026-08-12 10:10:13,,,,,,
3637,3637,80,80,60,75,35,65,66,espn_derived,event=737016,2026-08-12 10:10:13,,,,,,
3638,3638,83,80,60,75,35,65,66,espn_derived,event=737016,2026-08-12 10:10:13,,,,,,
3639,3639,80,80,60,75,35,65,66,espn_derived,event=737016,2026-08-12 10:10:13,,,,,,
3640,602,45,35,50,45,38,65,46,espn_derived,event=737016,2026-08-12 10:10:13,,,,,,
3641,603,60,40,55,50,75,73,59,espn_derived,event=737016,2026-08-12 10:10:13,,,,,,
3642,604,60,40,55,54,75,74,60,espn_derived,event=737016,2026-08-12 10:10:13,,,,,,
3643,605,60,51,55,54,75,74,62,espn_derived,event=737016,2026-08-12 10:10:13,,,,,,
3644,607,65,60,70,70,55,63,64,espn_derived,event=737016,2026-08-12 10:10:13,,,,,,
3645,606,65,60,70,74,55,64,65,espn_derived,event=737016,2026-08-12 10:10:13,,,,,,
3646,608,65,60,70,82,55,63,66,espn_derived,event=737016,2026-08-12 10:10:13,,,,,,
3647,609,65,60,70,74,55,64,65,espn_derived,event=737016,2026-08-12 10:10:13,,,,,,
3648,620,80,80,60,79,35,60,66,espn_derived,event=737016,2026-08-12 10:10:13,,,,,,
3649,611,80,80,60,79,35,65,66,espn_derived,event=737016,2026-08-12 10:10:13,,,,,,
3650,612,80,80,60,75,35,64,66,espn_derived,event=737016,2026-08-12 10:10:13,,,,,,
3651,621,83,80,60,75,35,65,66,espn_derived,event=737016,2026-08-12 10:10:13,,,,,,
3652,3652,80,80,60,75,35,65,66,espn_derived,event=737016,2026-08-12 10:10:13,,,,,,
3653,614,83,80,60,75,35,65,66,espn_derived,event=737016,2026-08-12 10:10:13,,,,,,
3654,3654,83,80,60,75,35,64,66,espn_derived,event=737016,2026-08-12 10:10:13,,,,,,
3655,618,80,80,60,75,35,65,66,espn_derived,event=737016,2026-08-12 10:10:13,,,,,,
3656,617,83,80,60,75,35,63,66,espn_derived,event=737016,2026-08-12 10:10:13,,,,,,
3657,613,80,80,60,75,35,65,66,espn_derived,event=737016,2026-08-12 10:10:13,,,,,,
3658,615,83,80,60,75,35,65,66,espn_derived,event=737016,2026-08-12 10:10:13,,,,,,
3659,616,80,80,60,75,35,65,66,espn_derived,event=737016,2026-08-12 10:10:13,,,,,,
3660,3660,80,80,60,75,35,65,66,espn_derived,event=737016,2026-08-12 10:10:13,,,,,,
3661,3661,45,35,50,45,44,65,47,espn_derived,event=401854522,2026-08-12 10:10:14,,,,,,
3662,3662,60,40,55,54,75,75,60,espn_derived,event=401854522,2026-08-12 10:10:14,,,,,,
3663,3663,60,43,55,54,75,73,60,espn_derived,event=401854522,2026-08-12 10:10:14,,,,,,
3664,3664,60,40,55,50,75,74,59,espn_derived,event=401854522,2026-08-12 10:10:14,,,,,,
3665,3665,60,55,60,64,55,65,60,espn_derived,event=401854522,2026-08-12 10:10:14,,,,,,
3666,3666,60,55,60,60,55,64,59,espn_derived,event=401854522,2026-08-12 10:10:14,,,,,,
3667,3667,65,60,70,78,55,65,66,espn_derived,event=401854522,2026-08-12 10:10:14,,,,,,
3668,3668,65,60,70,74,55,64,65,espn_derived,event=401854522,2026-08-12 10:10:14,,,,,,
3669,3669,65,60,76,70,55,65,65,espn_derived,event=401854522,2026-08-12 10:10:14,,,,,,
3670,3670,65,71,70,78,55,63,67,espn_derived,event=401854522,2026-08-12 10:10:14,,,,,,
3671,3671,80,80,60,83,35,64,67,espn_derived,event=401854522,2026-08-12 10:10:14,,,,,,
3672,3672,80,80,60,75,35,65,66,espn_derived,event=401854522,2026-08-12 10:10:14,,,,,,
3673,3673,80,80,60,75,35,65,66,espn_derived,event=401854522,2026-08-12 10:10:14,,,,,,
3674,3674,80,80,60,75,35,65,66,espn_derived,event=401854522,2026-08-12 10:10:14,,,,,,
3675,3675,80,80,60,75,35,65,66,espn_derived,event=401854522,2026-08-12 10:10:14,,,,,,
3676,3676,83,83,60,75,35,65,67,espn_derived,event=401854522,2026-08-12 10:10:14,,,,,,
3677,3677,83,80,60,75,35,64,66,espn_derived,event=401854522,2026-08-12 10:10:14,,,,,,
3678,3678,83,80,60,75,35,65,66,espn_derived,event=401854522,2026-08-12 10:10:14,,,,,,
3679,3679,83,80,60,75,35,65,66,espn_derived,event=401854522,2026-08-12 10:10:14,,,,,,
3680,3680,80,80,60,75,35,65,66,espn_derived,event=401854522,2026-08-12 10:10:14,,,,,,
3681,3681,80,80,60,75,35,65,66,espn_derived,event=401854522,2026-08-12 10:10:14,,,,,,
3682,3682,80,80,60,75,35,65,66,espn_derived,event=401854522,2026-08-12 10:10:14,,,,,,
3683,3683,80,80,60,75,35,65,66,espn_derived,event=401854522,2026-08-12 10:10:14,,,,,,
3684,139,45,35,50,45,36,65,46,espn_derived,event=401854522,2026-08-12 10:10:14,,,,,,
3685,140,60,40,55,50,75,73,59,espn_derived,event=401854522,2026-08-12 10:10:14,,,,,,
3686,142,60,40,55,50,75,73,59,espn_derived,event=401854522,2026-08-12 10:10:14,,,,,,
3687,152,60,40,55,50,75,76,59,espn_derived,event=401854522,2026-08-12 10:10:14,,,,,,
3688,143,65,60,70,82,55,63,66,espn_derived,event=401854522,2026-08-12 10:10:14,,,,,,
3689,144,65,63,70,70,55,64,64,espn_derived,event=401854522,2026-08-12 10:10:14,,,,,,
3690,151,65,60,70,74,55,65,65,espn_derived,event=401854522,2026-08-12 10:10:14,,,,,,
3691,146,65,63,70,74,55,64,65,espn_derived,event=401854522,2026-08-12 10:10:14,,,,,,
3692,150,80,80,66,75,35,64,67,espn_derived,event=401854522,2026-08-12 10:10:14,,,,,,
3693,155,80,80,60,79,35,65,66,espn_derived,event=401854522,2026-08-12 10:10:14,,,,,,
3694,149,80,94,60,79,35,66,69,espn_derived,event=401854522,2026-08-12 10:10:14,,,,,,
3695,145,83,80,60,75,35,65,66,espn_derived,event=401854522,2026-08-12 10:10:14,,,,,,
3696,161,80,80,60,75,35,65,66,espn_derived,event=401854522,2026-08-12 10:10:14,,,,,,
3697,159,80,80,60,75,35,65,66,espn_derived,event=401854522,2026-08-12 10:10:14,,,,,,
3698,141,83,80,60,75,35,65,66,espn_derived,event=401854522,2026-08-12 10:10:14,,,,,,
3699,160,80,80,60,75,35,65,66,espn_derived,event=401854522,2026-08-12 10:10:14,,,,,,
3700,157,83,80,60,75,35,65,66,espn_derived,event=401854522,2026-08-12 10:10:14,,,,,,
3701,148,83,83,60,75,35,65,67,espn_derived,event=401854522,2026-08-12 10:10:14,,,,,,
3702,153,80,80,60,75,35,65,66,espn_derived,event=401854522,2026-08-12 10:10:14,,,,,,
3703,156,80,80,60,75,35,65,66,espn_derived,event=401854522,2026-08-12 10:10:14,,,,,,
3704,704,80,80,60,75,35,65,66,espn_derived,event=401854522,2026-08-12 10:10:14,,,,,,
3705,158,80,80,60,75,35,65,66,espn_derived,event=401854522,2026-08-12 10:10:14,,,,,,
3706,3706,45,35,50,53,34,65,47,espn_derived,event=761458,2026-08-12 10:10:15,,,,,,
3707,3707,60,40,55,54,75,75,60,espn_derived,event=761458,2026-08-12 10:10:15,,,,,,
3708,3708,60,40,55,50,75,75,59,espn_derived,event=761458,2026-08-12 10:10:15,,,,,,
3709,3709,60,55,60,68,55,63,60,espn_derived,event=761458,2026-08-12 10:10:15,,,,,,
3710,3710,60,58,60,60,55,65,60,espn_derived,event=761458,2026-08-12 10:10:15,,,,,,
3711,3711,65,60,70,70,55,64,64,espn_derived,event=761458,2026-08-12 10:10:15,,,,,,
3712,3712,65,63,70,74,55,63,65,espn_derived,event=761458,2026-08-12 10:10:15,,,,,,
3713,3713,65,60,70,78,55,65,66,espn_derived,event=761458,2026-08-12 10:10:15,,,,,,
3714,3714,80,94,60,83,35,64,69,espn_derived,event=761458,2026-08-12 10:10:15,,,,,,
3715,3715,65,60,76,90,55,66,69,espn_derived,event=761458,2026-08-12 10:10:15,,,,,,
3716,3716,65,71,70,82,55,66,68,espn_derived,event=761458,2026-08-12 10:10:15,,,,,,
3717,3717,80,80,60,75,35,65,66,espn_derived,event=761458,2026-08-12 10:10:15,,,,,,
3718,3718,80,80,60,75,35,65,66,espn_derived,event=761458,2026-08-12 10:10:15,,,,,,
3719,3719,83,80,60,75,35,64,66,espn_derived,event=761458,2026-08-12 10:10:15,,,,,,
3720,3720,83,80,60,75,35,65,66,espn_derived,event=761458,2026-08-12 10:10:15,,,,,,
3721,3721,83,80,66,75,35,65,67,espn_derived,event=761458,2026-08-12 10:10:15,,,,,,
3722,3722,80,80,60,75,35,65,66,espn_derived,event=761458,2026-08-12 10:10:15,,,,,,
3723,3723,83,80,60,75,35,65,66,espn_derived,event=761458,2026-08-12 10:10:15,,,,,,
3724,3724,80,80,60,75,35,65,66,espn_derived,event=761458,2026-08-12 10:10:15,,,,,,
3725,3725,83,80,60,75,35,65,66,espn_derived,event=761458,2026-08-12 10:10:15,,,,,,
3726,3726,45,35,50,53,38,65,48,espn_derived,event=761458,2026-08-12 10:10:15,,,,,,
3727,3727,60,40,55,50,75,74,59,espn_derived,event=761458,2026-08-12 10:10:15,,,,,,
3728,3728,60,40,55,50,75,74,59,espn_derived,event=761458,2026-08-12 10:10:15,,,,,,
3729,3729,60,55,60,64,55,64,60,espn_derived,event=761458,2026-08-12 10:10:15,,,,,,
3730,3730,60,55,60,60,55,59,58,espn_derived,event=761458,2026-08-12 10:10:15,,,,,,
3731,3731,65,60,70,78,55,63,65,espn_derived,event=761458,2026-08-12 10:10:15,,,,,,
3732,3732,65,60,70,70,55,63,64,espn_derived,event=761458,2026-08-12 10:10:15,,,,,,
3733,3733,65,60,70,74,55,63,64,espn_derived,event=761458,2026-08-12 10:10:15,,,,,,
3734,3734,80,80,60,75,35,63,66,espn_derived,event=761458,2026-08-12 10:10:15,,,,,,
3735,3735,80,80,60,75,35,65,66,espn_derived,event=761458,2026-08-12 10:10:15,,,,,,
3736,3736,80,83,60,79,35,66,67,espn_derived,event=761458,2026-08-12 10:10:15,,,,,,
3737,3737,80,80,60,75,35,65,66,espn_derived,event=761458,2026-08-12 10:10:15,,,,,,
3738,3738,83,80,60,79,35,65,67,espn_derived,event=761458,2026-08-12 10:10:15,,,,,,
3739,3739,80,80,60,75,35,65,66,espn_derived,event=761458,2026-08-12 10:10:15,,,,,,
3740,3740,80,80,60,75,35,65,66,espn_derived,event=761458,2026-08-12 10:10:15,,,,,,
3741,3741,83,80,60,75,35,64,66,espn_derived,event=761458,2026-08-12 10:10:15,,,,,,
3742,3742,83,80,60,75,35,65,66,espn_derived,event=761458,2026-08-12 10:10:15,,,,,,
3743,3743,80,80,60,75,35,65,66,espn_derived,event=761458,2026-08-12 10:10:15,,,,,,
3744,3744,80,80,60,75,35,65,66,espn_derived,event=761458,2026-08-12 10:10:15,,,,,,
3745,3745,80,80,60,75,35,65,66,espn_derived,event=761458,2026-08-12 10:10:15,,,,,,
3746,3746,45,35,50,45,34,65,46,espn_derived,event=736995,2026-08-12 10:10:16,,,,,,
3747,3747,60,40,55,54,75,72,59,espn_derived,event=736995,2026-08-12 10:10:16,,,,,,
3748,3748,60,40,55,50,75,75,59,espn_derived,event=736995,2026-08-12 10:10:16,,,,,,
3749,3749,60,55,66,60,55,64,60,espn_derived,event=736995,2026-08-12 10:10:16,,,,,,
3750,3750,60,55,60,68,55,65,60,espn_derived,event=736995,2026-08-12 10:10:16,,,,,,
3751,3751,65,60,70,70,55,63,64,espn_derived,event=736995,2026-08-12 10:10:16,,,,,,
3752,3752,65,71,76,74,55,63,67,espn_derived,event=736995,2026-08-12 10:10:16,,,,,,
3753,3753,65,60,70,78,55,65,66,espn_derived,event=736995,2026-08-12 10:10:16,,,,,,
3754,3754,80,99,60,79,35,65,70,espn_derived,event=736995,2026-08-12 10:10:16,,,,,,
3755,3755,65,71,76,74,55,65,68,espn_derived,event=736995,2026-08-12 10:10:16,,,,,,
3756,3756,65,60,70,78,55,66,66,espn_derived,event=736995,2026-08-12 10:10:16,,,,,,
3757,3757,83,80,60,75,35,65,66,espn_derived,event=736995,2026-08-12 10:10:16,,,,,,
3758,3758,83,80,60,79,35,65,67,espn_derived,event=736995,2026-08-12 10:10:16,,,,,,
3759,3759,83,91,60,75,35,65,68,espn_derived,event=736995,2026-08-12 10:10:16,,,,,,
3760,3760,80,80,60,75,35,65,66,espn_derived,event=736995,2026-08-12 10:10:16,,,,,,
3761,3761,80,80,60,75,35,65,66,espn_derived,event=736995,2026-08-12 10:10:16,,,,,,
3762,3762,83,80,60,83,35,65,68,espn_derived,event=736995,2026-08-12 10:10:16,,,,,,
3763,3763,80,80,60,75,35,65,66,espn_derived,event=736995,2026-08-12 10:10:16,,,,,,
3764,3764,80,80,60,75,35,65,66,espn_derived,event=736995,2026-08-12 10:10:16,,,,,,
3765,3765,80,80,60,75,35,65,66,espn_derived,event=736995,2026-08-12 10:10:16,,,,,,
3766,3766,83,91,66,75,35,64,69,espn_derived,event=736995,2026-08-12 10:10:16,,,,,,
3767,3767,68,60,70,82,55,65,67,espn_derived,event=736995,2026-08-12 10:10:16,,,,,,
3768,3768,68,60,70,70,55,65,65,espn_derived,event=736995,2026-08-12 10:10:16,,,,,,
3769,3769,65,60,70,70,55,65,64,espn_derived,event=736995,2026-08-12 10:10:16,,,,,,
3770,3770,65,60,70,70,55,65,64,espn_derived,event=736995,2026-08-12 10:10:16,,,,,,
3771,3771,65,60,70,70,55,65,64,espn_derived,event=736995,2026-08-12 10:10:16,,,,,,
3772,3772,68,60,70,70,55,64,64,espn_derived,event=736995,2026-08-12 10:10:16,,,,,,
3773,3773,65,60,70,70,55,65,64,espn_derived,event=736995,2026-08-12 10:10:16,,,,,,
3774,3774,65,60,70,70,55,65,64,espn_derived,event=736995,2026-08-12 10:10:16,,,,,,
3775,3775,65,60,70,70,55,65,64,espn_derived,event=736995,2026-08-12 10:10:16,,,,,,
3776,3776,68,60,70,70,55,63,64,espn_derived,event=736995,2026-08-12 10:10:16,,,,,,
3777,3777,65,60,70,70,55,65,64,espn_derived,event=736995,2026-08-12 10:10:16,,,,,,
3778,3778,45,35,50,45,22,65,44,espn_derived,event=736995,2026-08-12 10:10:16,,,,,,
3779,3779,60,40,55,50,75,76,59,espn_derived,event=736995,2026-08-12 10:10:16,,,,,,
3780,3780,60,40,55,54,75,75,60,espn_derived,event=736995,2026-08-12 10:10:16,,,,,,
3781,3781,60,40,55,50,75,72,59,espn_derived,event=736995,2026-08-12 10:10:16,,,,,,
3782,3782,80,80,60,79,35,65,66,espn_derived,event=736995,2026-08-12 10:10:16,,,,,,
3783,3783,65,60,70,70,55,64,64,espn_derived,event=736995,2026-08-12 10:10:16,,,,,,
3784,3784,65,60,70,74,55,65,65,espn_derived,event=736995,2026-08-12 10:10:16,,,,,,
3785,3785,65,60,70,70,55,63,64,espn_derived,event=736995,2026-08-12 10:10:16,,,,,,
3786,3786,65,60,70,74,55,65,65,espn_derived,event=736995,2026-08-12 10:10:16,,,,,,
3787,3787,80,83,60,75,35,66,66,espn_derived,event=736995,2026-08-12 10:10:16,,,,,,
3788,763,80,80,60,83,35,64,67,espn_derived,event=736995,2026-08-12 10:10:16,,,,,,
3789,3789,45,35,50,45,42,65,47,espn_derived,event=761460,2026-08-12 10:10:17,,,,,,
3790,3790,60,43,55,50,75,74,60,espn_derived,event=761460,2026-08-12 10:10:17,,,,,,
3791,3791,60,40,55,54,75,75,60,espn_derived,event=761460,2026-08-12 10:10:17,,,,,,
3792,3792,60,40,55,50,75,75,59,espn_derived,event=761460,2026-08-12 10:10:17,,,,,,
3793,3793,65,63,70,70,55,64,64,espn_derived,event=761460,2026-08-12 10:10:17,,,,,,
3794,3794,65,60,70,74,55,64,65,espn_derived,event=761460,2026-08-12 10:10:17,,,,,,
3795,3795,65,63,70,82,55,64,66,espn_derived,event=761460,2026-08-12 10:10:17,,,,,,
3796,3796,65,60,70,74,55,65,65,espn_derived,event=761460,2026-08-12 10:10:17,,,,,,
3797,3797,80,80,60,79,35,65,66,espn_derived,event=761460,2026-08-12 10:10:17,,,,,,
3798,3798,80,80,60,87,35,64,68,espn_derived,event=761460,2026-08-12 10:10:17,,,,,,
3799,3799,80,80,60,83,35,65,67,espn_derived,event=761460,2026-08-12 10:10:17,,,,,,
3800,3800,83,80,60,75,35,65,66,espn_derived,event=761460,2026-08-12 10:10:17,,,,,,
3801,3801,83,80,60,75,35,65,66,espn_derived,event=761460,2026-08-12 10:10:17,,,,,,
3802,3802,83,80,60,79,35,65,67,espn_derived,event=761460,2026-08-12 10:10:17,,,,,,
3803,3803,80,80,60,75,35,65,66,espn_derived,event=761460,2026-08-12 10:10:17,,,,,,
3804,3804,80,80,60,75,35,65,66,espn_derived,event=761460,2026-08-12 10:10:17,,,,,,
3805,3805,83,80,60,79,35,65,67,espn_derived,event=761460,2026-08-12 10:10:17,,,,,,
3806,3806,83,80,60,75,35,65,66,espn_derived,event=761460,2026-08-12 10:10:17,,,,,,
3807,1890,45,35,50,45,42,65,47,espn_derived,event=761460,2026-08-12 10:10:17,,,,,,
3808,1891,60,40,55,50,75,75,59,espn_derived,event=761460,2026-08-12 10:10:17,,,,,,
3809,1892,60,40,55,50,75,74,59,espn_derived,event=761460,2026-08-12 10:10:17,,,,,,
3810,1893,60,55,60,60,55,64,59,espn_derived,event=761460,2026-08-12 10:10:17,,,,,,
3811,1894,60,55,60,64,55,65,60,espn_derived,event=761460,2026-08-12 10:10:17,,,,,,
3812,1895,65,60,70,74,55,65,65,espn_derived,event=761460,2026-08-12 10:10:17,,,,,,
3813,1896,65,71,76,70,55,62,66,espn_derived,event=761460,2026-08-12 10:10:17,,,,,,
3814,1897,65,74,70,74,55,62,67,espn_derived,event=761460,2026-08-12 10:10:17,,,,,,
3815,1898,80,83,66,83,35,67,69,espn_derived,event=761460,2026-08-12 10:10:17,,,,,,
3816,1899,65,63,70,70,55,63,64,espn_derived,event=761460,2026-08-12 10:10:17,,,,,,
3817,1900,65,60,70,74,55,65,65,espn_derived,event=761460,2026-08-12 10:10:17,,,,,,
3818,1903,80,80,60,75,35,65,66,espn_derived,event=761460,2026-08-12 10:10:17,,,,,,
3819,1904,80,80,60,75,35,65,66,espn_derived,event=761460,2026-08-12 10:10:17,,,,,,
3820,1907,83,83,60,75,35,65,67,espn_derived,event=761460,2026-08-12 10:10:17,,,,,,
3821,1901,83,80,60,75,35,64,66,espn_derived,event=761460,2026-08-12 10:10:17,,,,,,
3822,1908,80,80,60,75,35,65,66,espn_derived,event=761460,2026-08-12 10:10:17,,,,,,
3823,1906,83,80,60,75,35,65,66,espn_derived,event=761460,2026-08-12 10:10:17,,,,,,
3824,1909,83,80,60,75,35,65,66,espn_derived,event=761460,2026-08-12 10:10:17,,,,,,
3825,1902,80,80,60,75,35,65,66,espn_derived,event=761460,2026-08-12 10:10:17,,,,,,
3826,1905,83,80,60,75,35,65,66,espn_derived,event=761460,2026-08-12 10:10:17,,,,,,
3827,3778,45,35,50,45,38,65,46,espn_derived,event=737004,2026-08-12 10:10:18,,,,,,
3828,3776,60,43,55,50,75,75,60,espn_derived,event=737004,2026-08-12 10:10:18,,,,,,
3829,3780,60,40,55,58,75,74,60,espn_derived,event=737004,2026-08-12 10:10:18,,,,,,
3830,3463,60,40,55,50,75,71,58,espn_derived,event=737004,2026-08-12 10:10:18,,,,,,
3831,3783,65,63,70,74,55,65,65,espn_derived,event=737004,2026-08-12 10:10:18,,,,,,
3832,3784,65,60,76,78,55,64,66,espn_derived,event=737004,2026-08-12 10:10:18,,,,,,
3833,3782,65,60,70,78,55,64,65,espn_derived,event=737004,2026-08-12 10:10:18,,,,,,
3834,3785,65,60,70,74,55,65,65,espn_derived,event=737004,2026-08-12 10:10:18,,,,,,
3835,3786,65,60,70,70,55,65,64,espn_derived,event=737004,2026-08-12 10:10:18,,,,,,
3836,3767,80,86,60,87,35,67,69,espn_derived,event=737004,2026-08-12 10:10:18,,,,,,
3837,3787,80,91,60,79,35,63,68,espn_derived,event=737004,2026-08-12 10:10:18,,,,,,
3838,3770,80,80,60,75,35,65,66,espn_derived,event=737004,2026-08-12 10:10:18,,,,,,
3839,3839,80,80,60,75,35,65,66,espn_derived,event=737004,2026-08-12 10:10:18,,,,,,
3840,3772,83,80,60,75,35,65,66,espn_derived,event=737004,2026-08-12 10:10:18,,,,,,
3841,3775,80,80,60,75,35,65,66,espn_derived,event=737004,2026-08-12 10:10:18,,,,,,
3842,3769,83,80,60,75,35,65,66,espn_derived,event=737004,2026-08-12 10:10:18,,,,,,
3843,3843,83,80,60,75,35,64,66,espn_derived,event=737004,2026-08-12 10:10:18,,,,,,
3844,3768,83,80,60,75,35,65,66,espn_derived,event=737004,2026-08-12 10:10:18,,,,,,
3845,3781,80,80,60,75,35,65,66,espn_derived,event=737004,2026-08-12 10:10:18,,,,,,
3846,3774,80,80,60,75,35,65,66,espn_derived,event=737004,2026-08-12 10:10:18,,,,,,
3847,3847,83,80,60,75,35,63,66,espn_derived,event=737004,2026-08-12 10:10:18,,,,,,
3848,3777,80,80,60,75,35,65,66,espn_derived,event=737004,2026-08-12 10:10:18,,,,,,
3849,3616,45,35,50,45,40,65,47,espn_derived,event=737004,2026-08-12 10:10:18,,,,,,
3850,3634,60,40,55,58,75,73,60,espn_derived,event=737004,2026-08-12 10:10:18,,,,,,
3851,3617,60,40,55,54,75,73,60,espn_derived,event=737004,2026-08-12 10:10:18,,,,,,
3852,3619,60,55,60,60,55,65,59,espn_derived,event=737004,2026-08-12 10:10:18,,,,,,
3853,3620,60,55,60,60,55,65,59,espn_derived,event=737004,2026-08-12 10:10:18,,,,,,
3854,3621,65,63,70,70,55,64,64,espn_derived,event=737004,2026-08-12 10:10:18,,,,,,
3855,3622,65,60,70,86,55,65,67,espn_derived,event=737004,2026-08-12 10:10:18,,,,,,
3856,3623,65,63,70,74,55,63,65,espn_derived,event=737004,2026-08-12 10:10:18,,,,,,
3857,3486,80,80,60,79,35,64,66,espn_derived,event=737004,2026-08-12 10:10:18,,,,,,
3858,3625,65,60,70,78,55,64,65,espn_derived,event=737004,2026-08-12 10:10:18,,,,,,
3859,3626,65,60,70,78,55,62,65,espn_derived,event=737004,2026-08-12 10:10:18,,,,,,
3860,3633,83,80,60,75,35,65,66,espn_derived,event=737004,2026-08-12 10:10:18,,,,,,
3861,3861,80,80,60,75,35,65,66,espn_derived,event=737004,2026-08-12 10:10:18,,,,,,
3862,3635,83,80,60,75,35,65,66,espn_derived,event=737004,2026-08-12 10:10:18,,,,,,
3863,3630,83,80,60,75,35,66,66,espn_derived,event=737004,2026-08-12 10:10:18,,,,,,
3864,3636,80,80,60,75,35,65,66,espn_derived,event=737004,2026-08-12 10:10:18,,,,,,
3865,3865,80,80,60,75,35,65,66,espn_derived,event=737004,2026-08-12 10:10:18,,,,,,
3866,3618,83,80,60,79,35,65,67,espn_derived,event=737004,2026-08-12 10:10:18,,,,,,
3867,3867,80,80,60,75,35,65,66,espn_derived,event=737004,2026-08-12 10:10:18,,,,,,
3868,3639,83,80,60,75,35,65,66,espn_derived,event=737004,2026-08-12 10:10:18,,,,,,
3869,3631,80,80,60,75,35,65,66,espn_derived,event=737004,2026-08-12 10:10:18,,,,,,
3870,3629,80,80,60,75,35,65,66,espn_derived,event=737004,2026-08-12 10:10:18,,,,,,
3871,3637,80,80,60,75,35,65,66,espn_derived,event=737004,2026-08-12 10:10:18,,,,,,
3872,3638,80,80,60,75,35,65,66,espn_derived,event=737004,2026-08-12 10:10:18,,,,,,
3873,454,45,35,50,45,38,65,46,espn_derived,event=736994,2026-08-12 10:10:19,,,,,,
3874,455,60,40,55,50,75,75,59,espn_derived,event=736994,2026-08-12 10:10:19,,,,,,
3875,474,60,43,55,54,75,73,60,espn_derived,event=736994,2026-08-12 10:10:19,,,,,,
3876,475,60,40,55,54,75,73,60,espn_derived,event=736994,2026-08-12 10:10:19,,,,,,
3877,458,65,60,70,74,55,61,64,espn_derived,event=736994,2026-08-12 10:10:19,,,,,,
3878,459,65,71,70,70,55,64,66,espn_derived,event=736994,2026-08-12 10:10:19,,,,,,
3879,463,65,60,70,78,55,65,66,espn_derived,event=736994,2026-08-12 10:10:19,,,,,,
3880,461,65,60,70,70,55,65,64,espn_derived,event=736994,2026-08-12 10:10:19,,,,,,
3881,462,80,94,60,75,35,64,68,espn_derived,event=736994,2026-08-12 10:10:19,,,,,,
3882,3882,80,94,60,75,35,65,68,espn_derived,event=736994,2026-08-12 10:10:19,,,,,,
3883,3883,80,83,66,79,35,66,68,espn_derived,event=736994,2026-08-12 10:10:19,,,,,,
3884,456,80,80,60,75,35,65,66,espn_derived,event=736994,2026-08-12 10:10:19,,,,,,
3885,476,80,80,60,75,35,65,66,espn_derived,event=736994,2026-08-12 10:10:19,,,,,,
3886,457,80,80,60,75,35,65,66,espn_derived,event=736994,2026-08-12 10:10:19,,,,,,
3887,466,83,91,66,75,35,64,69,espn_derived,event=736994,2026-08-12 10:10:19,,,,,,
3888,3888,83,80,60,75,35,65,66,espn_derived,event=736994,2026-08-12 10:10:19,,,,,,
3889,469,80,80,60,75,35,65,66,espn_derived,event=736994,2026-08-12 10:10:19,,,,,,
3890,471,83,83,60,75,35,64,67,espn_derived,event=736994,2026-08-12 10:10:19,,,,,,
3891,468,80,80,60,75,35,65,66,espn_derived,event=736994,2026-08-12 10:10:19,,,,,,
3892,473,80,80,60,75,35,65,66,espn_derived,event=736994,2026-08-12 10:10:19,,,,,,
3893,464,83,80,60,75,35,64,66,espn_derived,event=736994,2026-08-12 10:10:19,,,,,,
3894,472,80,80,60,75,35,65,66,espn_derived,event=736994,2026-08-12 10:10:19,,,,,,
3895,460,83,80,60,75,35,65,66,espn_derived,event=736994,2026-08-12 10:10:19,,,,,,
3896,2801,80,80,60,75,35,65,66,espn_derived,event=736994,2026-08-12 10:10:19,,,,,,
3897,3897,45,35,50,45,38,65,46,espn_derived,event=736994,2026-08-12 10:10:19,,,,,,
3898,3898,60,40,55,54,75,75,60,espn_derived,event=736994,2026-08-12 10:10:19,,,,,,
3899,3899,60,40,55,50,75,74,59,espn_derived,event=736994,2026-08-12 10:10:19,,,,,,
3900,3900,60,40,55,50,75,74,59,espn_derived,event=736994,2026-08-12 10:10:19,,,,,,
3901,3901,65,60,70,70,55,65,64,espn_derived,event=736994,2026-08-12 10:10:19,,,,,,
3902,3902,65,60,70,86,55,63,66,espn_derived,event=736994,2026-08-12 10:10:19,,,,,,
3903,3903,65,60,70,70,55,65,64,espn_derived,event=736994,2026-08-12 10:10:19,,,,,,
3904,3904,65,60,70,70,55,64,64,espn_derived,event=736994,2026-08-12 10:10:19,,,,,,
3905,3905,80,83,60,75,35,65,66,espn_derived,event=736994,2026-08-12 10:10:19,,,,,,
3906,3906,80,80,60,75,35,65,66,espn_derived,event=736994,2026-08-12 10:10:19,,,,,,
3907,3907,80,80,60,87,35,64,68,espn_derived,event=736994,2026-08-12 10:10:19,,,,,,
3908,3908,80,80,60,75,35,65,66,espn_derived,event=736994,2026-08-12 10:10:19,,,,,,
3909,3909,80,80,60,75,35,65,66,espn_derived,event=736994,2026-08-12 10:10:19,,,,,,
3910,3910,83,80,60,79,35,64,67,espn_derived,event=736994,2026-08-12 10:10:19,,,,,,
3911,3911,80,80,60,75,35,65,66,espn_derived,event=736994,2026-08-12 10:10:19,,,,,,
3912,3912,80,80,60,75,35,65,66,espn_derived,event=736994,2026-08-12 10:10:19,,,,,,
3913,2441,80,80,60,75,35,65,66,espn_derived,event=736994,2026-08-12 10:10:19,,,,,,
3914,3914,83,80,60,75,35,65,66,espn_derived,event=736994,2026-08-12 10:10:19,,,,,,
3915,3915,83,80,60,75,35,65,66,espn_derived,event=736994,2026-08-12 10:10:19,,,,,,
3916,3916,80,80,60,75,35,65,66,espn_derived,event=736994,2026-08-12 10:10:19,,,,,,
3917,3917,80,80,60,75,35,65,66,espn_derived,event=736994,2026-08-12 10:10:19,,,,,,
3918,3918,83,83,60,87,35,64,69,espn_derived,event=736994,2026-08-12 10:10:19,,,,,,
3919,3919,83,80,60,79,35,65,67,espn_derived,event=736994,2026-08-12 10:10:19,,,,,,
3920,431,45,35,50,49,50,65,49,espn_derived,event=746908,2026-08-12 10:10:20,,,,,,
3921,432,60,40,55,50,75,73,59,espn_derived,event=746908,2026-08-12 10:10:20,,,,,,
3922,433,60,51,55,50,75,72,60,espn_derived,event=746908,2026-08-12 10:10:20,,,,,,
3923,1451,60,40,55,50,75,75,59,espn_derived,event=746908,2026-08-12 10:10:20,,,,,,
3924,435,65,63,70,74,55,65,65,espn_derived,event=746908,2026-08-12 10:10:20,,,,,,
3925,436,65,60,70,70,55,64,64,espn_derived,event=746908,2026-08-12 10:10:20,,,,,,
3926,437,65,60,70,70,55,65,64,espn_derived,event=746908,2026-08-12 10:10:20,,,,,,
3927,438,65,60,94,74,55,63,68,espn_derived,event=746908,2026-08-12 10:10:20,,,,,,
3928,439,80,99,60,75,35,65,69,espn_derived,event=746908,2026-08-12 10:10:20,,,,,,
3929,440,80,83,60,75,35,65,66,espn_derived,event=746908,2026-08-12 10:10:20,,,,,,
3930,441,80,94,60,79,35,65,69,espn_derived,event=746908,2026-08-12 10:10:20,,,,,,
3931,444,83,80,60,75,35,65,66,espn_derived,event=746908,2026-08-12 10:10:20,,,,,,
3932,451,80,80,60,75,35,65,66,espn_derived,event=746908,2026-08-12 10:10:20,,,,,,
3933,447,80,80,60,75,35,65,66,espn_derived,event=746908,2026-08-12 10:10:20,,,,,,
3934,442,80,80,60,75,35,65,66,espn_derived,event=746908,2026-08-12 10:10:20,,,,,,
3935,453,83,83,60,79,35,64,67,espn_derived,event=746908,2026-08-12 10:10:20,,,,,,
3936,452,83,80,60,75,35,64,66,espn_derived,event=746908,2026-08-12 10:10:20,,,,,,
3937,443,83,80,60,75,35,65,66,espn_derived,event=746908,2026-08-12 10:10:20,,,,,,
3938,446,80,80,60,75,35,65,66,espn_derived,event=746908,2026-08-12 10:10:20,,,,,,
3939,434,83,80,60,75,35,65,66,espn_derived,event=746908,2026-08-12 10:10:20,,,,,,
3940,2116,45,35,50,45,38,65,46,espn_derived,event=746908,2026-08-12 10:10:20,,,,,,
3941,3941,60,40,55,50,75,74,59,espn_derived,event=746908,2026-08-12 10:10:20,,,,,,
3942,2119,60,40,55,50,75,74,59,espn_derived,event=746908,2026-08-12 10:10:20,,,,,,
3943,2117,60,43,55,50,75,75,60,espn_derived,event=746908,2026-08-12 10:10:20,,,,,,
3944,2120,65,60,70,74,55,65,65,espn_derived,event=746908,2026-08-12 10:10:20,,,,,,
3945,3945,65,63,70,74,55,65,65,espn_derived,event=746908,2026-08-12 10:10:20,,,,,,
3946,2122,65,60,70,74,55,65,65,espn_derived,event=746908,2026-08-12 10:10:20,,,,,,
3947,2124,65,60,70,70,55,64,64,espn_derived,event=746908,2026-08-12 10:10:20,,,,,,
3948,2134,65,60,70,74,55,65,65,espn_derived,event=746908,2026-08-12 10:10:20,,,,,,
3949,2126,80,80,60,79,35,66,67,espn_derived,event=746908,2026-08-12 10:10:20,,,,,,
3950,2130,80,80,60,83,35,66,67,espn_derived,event=746908,2026-08-12 10:10:20,,,,,,
3951,2133,80,80,60,75,35,65,66,espn_derived,event=746908,2026-08-12 10:10:20,,,,,,
3952,2123,83,80,60,79,35,66,67,espn_derived,event=746908,2026-08-12 10:10:20,,,,,,
3953,2135,80,80,60,75,35,65,66,espn_derived,event=746908,2026-08-12 10:10:20,,,,,,
3954,2118,83,80,60,75,35,65,66,espn_derived,event=746908,2026-08-12 10:10:20,,,,,,
3955,3955,83,86,60,75,35,65,67,espn_derived,event=746908,2026-08-12 10:10:20,,,,,,
3956,2127,80,80,60,75,35,65,66,espn_derived,event=746908,2026-08-12 10:10:20,,,,,,
3957,2121,83,80,60,83,35,65,68,espn_derived,event=746908,2026-08-12 10:10:20,,,,,,
3958,3958,80,80,60,75,35,65,66,espn_derived,event=746908,2026-08-12 10:10:20,,,,,,
3959,2125,83,83,60,75,35,65,67,espn_derived,event=746908,2026-08-12 10:10:20,,,,,,
3960,1516,45,35,50,45,34,65,46,espn_derived,event=737031,2026-08-12 10:10:22,,,,,,
3961,1531,60,40,55,50,75,74,59,espn_derived,event=737031,2026-08-12 10:10:22,,,,,,
3962,1518,60,40,55,54,75,75,60,espn_derived,event=737031,2026-08-12 10:10:22,,,,,,
3963,1528,60,55,60,60,55,67,60,espn_derived,event=737031,2026-08-12 10:10:22,,,,,,
3964,2797,60,55,60,60,55,64,59,espn_derived,event=737031,2026-08-12 10:10:22,,,,,,
3965,1521,65,60,70,74,55,64,65,espn_derived,event=737031,2026-08-12 10:10:22,,,,,,
3966,2799,65,66,70,74,55,63,66,espn_derived,event=737031,2026-08-12 10:10:22,,,,,,
3967,2808,65,60,70,70,55,64,64,espn_derived,event=737031,2026-08-12 10:10:22,,,,,,
3968,2801,80,83,60,91,35,61,68,espn_derived,event=737031,2026-08-12 10:10:22,,,,,,
3969,2807,80,86,60,79,35,65,68,espn_derived,event=737031,2026-08-12 10:10:22,,,,,,
3970,1526,80,80,60,79,35,65,66,espn_derived,event=737031,2026-08-12 10:10:22,,,,,,
3971,3971,80,80,60,75,35,65,66,espn_derived,event=737031,2026-08-12 10:10:22,,,,,,
3972,1524,83,80,60,79,35,65,67,espn_derived,event=737031,2026-08-12 10:10:22,,,,,,
3973,2817,83,80,60,75,35,65,66,espn_derived,event=737031,2026-08-12 10:10:22,,,,,,
3974,1532,80,80,60,75,35,65,66,espn_derived,event=737031,2026-08-12 10:10:22,,,,,,
3975,2812,83,80,60,75,35,66,66,espn_derived,event=737031,2026-08-12 10:10:22,,,,,,
3976,1534,80,80,60,75,35,65,66,espn_derived,event=737031,2026-08-12 10:10:22,,,,,,
3977,3977,80,80,60,75,35,65,66,espn_derived,event=737031,2026-08-12 10:10:22,,,,,,
3978,2809,80,80,60,75,35,65,66,espn_derived,event=737031,2026-08-12 10:10:22,,,,,,
3979,1519,80,80,60,75,35,65,66,espn_derived,event=737031,2026-08-12 10:10:22,,,,,,
3980,1535,83,80,60,79,35,65,67,espn_derived,event=737031,2026-08-12 10:10:22,,,,,,
3981,1527,80,80,60,75,35,65,66,espn_derived,event=737031,2026-08-12 10:10:22,,,,,,
3982,3982,83,80,60,75,35,65,66,espn_derived,event=737031,2026-08-12 10:10:22,,,,,,
3983,454,45,35,50,45,54,65,49,espn_derived,event=737031,2026-08-12 10:10:22,,,,,,
3984,455,60,40,55,50,75,73,59,espn_derived,event=737031,2026-08-12 10:10:22,,,,,,
3985,474,60,40,55,50,75,74,59,espn_derived,event=737031,2026-08-12 10:10:22,,,,,,
3986,475,60,43,55,54,75,74,60,espn_derived,event=737031,2026-08-12 10:10:22,,,,,,
3987,458,65,71,70,74,55,65,67,espn_derived,event=737031,2026-08-12 10:10:22,,,,,,
3988,459,65,60,70,70,55,63,64,espn_derived,event=737031,2026-08-12 10:10:22,,,,,,
3989,460,65,60,76,74,55,64,66,espn_derived,event=737031,2026-08-12 10:10:22,,,,,,
3990,461,65,60,70,70,55,65,64,espn_derived,event=737031,2026-08-12 10:10:22,,,,,,
3991,466,80,86,60,79,35,61,67,espn_derived,event=737031,2026-08-12 10:10:22,,,,,,
3992,463,80,91,60,75,35,64,68,espn_derived,event=737031,2026-08-12 10:10:22,,,,,,
3993,468,80,80,60,75,35,65,66,espn_derived,event=737031,2026-08-12 10:10:22,,,,,,
3994,457,83,80,60,75,35,62,66,espn_derived,event=737031,2026-08-12 10:10:22,,,,,,
3995,469,80,80,60,75,35,65,66,espn_derived,event=737031,2026-08-12 10:10:22,,,,,,
3996,456,83,80,60,75,35,65,66,espn_derived,event=737031,2026-08-12 10:10:22,,,,,,
3997,470,80,80,60,75,35,65,66,espn_derived,event=737031,2026-08-12 10:10:22,,,,,,
3998,472,80,80,60,75,35,65,66,espn_derived,event=737031,2026-08-12 10:10:22,,,,,,
3999,3882,83,80,60,79,35,65,67,espn_derived,event=737031,2026-08-12 10:10:22,,,,,,
4000,465,83,80,60,79,35,65,67,espn_derived,event=737031,2026-08-12 10:10:22,,,,,,
4001,471,80,80,60,75,35,65,66,espn_derived,event=737031,2026-08-12 10:10:22,,,,,,
4002,476,80,80,60,75,35,65,66,espn_derived,event=737031,2026-08-12 10:10:22,,,,,,
4003,462,80,80,60,75,35,65,66,espn_derived,event=737031,2026-08-12 10:10:22,,,,,,
4004,464,80,80,60,75,35,65,66,espn_derived,event=737031,2026-08-12 10:10:22,,,,,,
4005,473,83,80,60,75,35,65,66,espn_derived,event=737031,2026-08-12 10:10:22,,,,,,
4006,896,45,35,50,49,38,65,47,espn_derived,event=746863,2026-08-12 10:10:22,,,,,,
4007,897,60,40,55,58,75,73,60,espn_derived,event=746863,2026-08-12 10:10:22,,,,,,
4008,899,60,40,55,58,75,74,60,espn_derived,event=746863,2026-08-12 10:10:22,,,,,,
4009,914,60,55,60,64,55,65,60,espn_derived,event=746863,2026-08-12 10:10:22,,,,,,
4010,1003,60,58,72,64,55,65,62,espn_derived,event=746863,2026-08-12 10:10:22,,,,,,
4011,902,65,63,70,74,55,65,65,espn_derived,event=746863,2026-08-12 10:10:22,,,,,,
4012,903,65,60,70,70,55,63,64,espn_derived,event=746863,2026-08-12 10:10:22,,,,,,
4013,904,80,91,60,79,35,67,69,espn_derived,event=746863,2026-08-12 10:10:22,,,,,,
4014,901,80,99,60,79,35,65,70,espn_derived,event=746863,2026-08-12 10:10:22,,,,,,
4015,915,65,60,70,74,55,65,65,espn_derived,event=746863,2026-08-12 10:10:22,,,,,,
4016,905,65,66,70,82,55,67,68,espn_derived,event=746863,2026-08-12 10:10:22,,,,,,
4017,1010,80,80,60,75,35,65,66,espn_derived,event=746863,2026-08-12 10:10:22,,,,,,
4018,900,83,91,60,75,35,64,68,espn_derived,event=746863,2026-08-12 10:10:22,,,,,,
4019,1011,80,80,60,75,35,65,66,espn_derived,event=746863,2026-08-12 10:10:22,,,,,,
4020,4020,83,80,60,75,35,65,66,espn_derived,event=746863,2026-08-12 10:10:22,,,,,,
4021,912,83,83,60,75,35,65,67,espn_derived,event=746863,2026-08-12 10:10:22,,,,,,
4022,909,80,80,60,75,35,65,66,espn_derived,event=746863,2026-08-12 10:10:22,,,,,,
4023,916,83,80,60,75,35,65,66,espn_derived,event=746863,2026-08-12 10:10:22,,,,,,
4024,898,83,80,60,75,35,65,66,espn_derived,event=746863,2026-08-12 10:10:22,,,,,,
4025,907,80,80,60,75,35,65,66,espn_derived,event=746863,2026-08-12 10:10:22,,,,,,
4026,3043,45,35,50,45,56,65,49,espn_derived,event=746863,2026-08-12 10:10:22,,,,,,
4027,3044,60,40,55,50,75,74,59,espn_derived,event=746863,2026-08-12 10:10:22,,,,,,
4028,3045,60,40,55,50,75,74,59,espn_derived,event=746863,2026-08-12 10:10:22,,,,,,
4029,4029,60,55,60,60,55,64,59,espn_derived,event=746863,2026-08-12 10:10:22,,,,,,
4030,3046,60,66,60,60,55,64,61,espn_derived,event=746863,2026-08-12 10:10:22,,,,,,
4031,4031,65,60,70,70,55,64,64,espn_derived,event=746863,2026-08-12 10:10:22,,,,,,
4032,3060,65,60,70,70,55,64,64,espn_derived,event=746863,2026-08-12 10:10:22,,,,,,
4033,3056,65,60,70,74,55,64,65,espn_derived,event=746863,2026-08-12 10:10:22,,,,,,
4034,3048,65,63,76,74,55,62,66,espn_derived,event=746863,2026-08-12 10:10:22,,,,,,
4035,4035,80,80,60,75,35,65,66,espn_derived,event=746863,2026-08-12 10:10:22,,,,,,
4036,3051,80,86,60,87,35,64,69,espn_derived,event=746863,2026-08-12 10:10:22,,,,,,
4037,3052,83,80,60,75,35,63,66,espn_derived,event=746863,2026-08-12 10:10:22,,,,,,
4038,3054,83,80,60,75,35,64,66,espn_derived,event=746863,2026-08-12 10:10:22,,,,,,
4039,4039,80,80,60,75,35,65,66,espn_derived,event=746863,2026-08-12 10:10:22,,,,,,
4040,3053,83,80,60,75,35,65,66,espn_derived,event=746863,2026-08-12 10:10:22,,,,,,
4041,4041,80,80,60,75,35,65,66,espn_derived,event=746863,2026-08-12 10:10:22,,,,,,
4042,3050,83,91,60,79,35,65,69,espn_derived,event=746863,2026-08-12 10:10:22,,,,,,
4043,3062,80,80,60,75,35,65,66,espn_derived,event=746863,2026-08-12 10:10:22,,,,,,
4044,3058,80,80,60,75,35,65,66,espn_derived,event=746863,2026-08-12 10:10:22,,,,,,
4045,3057,83,80,66,79,35,65,68,espn_derived,event=746863,2026-08-12 10:10:22,,,,,,
4046,4046,45,35,50,49,62,65,51,espn_derived,event=740819,2026-08-12 10:10:23,,,,,,
4047,4047,60,40,55,58,75,75,60,espn_derived,event=740819,2026-08-12 10:10:23,,,,,,
4048,4048,60,40,55,50,75,75,59,espn_derived,event=740819,2026-08-12 10:10:23,,,,,,
4049,4049,60,51,55,50,75,75,61,espn_derived,event=740819,2026-08-12 10:10:23,,,,,,
4050,4050,65,60,70,70,55,64,64,espn_derived,event=740819,2026-08-12 10:10:23,,,,,,
4051,4051,65,60,70,74,55,64,65,espn_derived,event=740819,2026-08-12 10:10:23,,,,,,
4052,4052,65,60,70,74,55,65,65,espn_derived,event=740819,2026-08-12 10:10:23,,,,,,
4053,4053,65,60,76,70,55,65,65,espn_derived,event=740819,2026-08-12 10:10:23,,,,,,
4054,4054,80,80,60,75,35,65,66,espn_derived,event=740819,2026-08-12 10:10:23,,,,,,
4055,4055,80,83,60,79,35,65,67,espn_derived,event=740819,2026-08-12 10:10:23,,,,,,
4056,4056,80,80,60,75,35,64,66,espn_derived,event=740819,2026-08-12 10:10:23,,,,,,
4057,4057,80,80,60,75,35,65,66,espn_derived,event=740819,2026-08-12 10:10:23,,,,,,
4058,4058,80,80,60,75,35,65,66,espn_derived,event=740819,2026-08-12 10:10:23,,,,,,
4059,4059,83,94,60,79,35,65,69,espn_derived,event=740819,2026-08-12 10:10:23,,,,,,
4060,4060,83,80,60,79,35,64,67,espn_derived,event=740819,2026-08-12 10:10:23,,,,,,
4061,4061,80,80,60,75,35,65,66,espn_derived,event=740819,2026-08-12 10:10:23,,,,,,
4062,4062,80,80,60,75,35,65,66,espn_derived,event=740819,2026-08-12 10:10:23,,,,,,
4063,4063,83,80,60,79,35,64,67,espn_derived,event=740819,2026-08-12 10:10:23,,,,,,
4064,4064,80,80,60,75,35,65,66,espn_derived,event=740819,2026-08-12 10:10:23,,,,,,
4065,4065,80,80,60,75,35,65,66,espn_derived,event=740819,2026-08-12 10:10:23,,,,,,
4066,4066,45,35,50,45,34,65,46,espn_derived,event=740819,2026-08-12 10:10:23,,,,,,
4067,4067,60,51,55,50,75,75,61,espn_derived,event=740819,2026-08-12 10:10:23,,,,,,
4068,4068,60,51,55,50,75,75,61,espn_derived,event=740819,2026-08-12 10:10:23,,,,,,
4069,4069,60,40,55,54,75,75,60,espn_derived,event=740819,2026-08-12 10:10:23,,,,,,
4070,4070,65,60,70,74,55,65,65,espn_derived,event=740819,2026-08-12 10:10:23,,,,,,
4071,4071,65,63,70,78,55,65,66,espn_derived,event=740819,2026-08-12 10:10:23,,,,,,
4072,4072,65,66,70,74,55,66,66,espn_derived,event=740819,2026-08-12 10:10:23,,,,,,
4073,4073,65,63,70,70,55,63,64,espn_derived,event=740819,2026-08-12 10:10:23,,,,,,
4074,4074,80,83,60,75,35,63,66,espn_derived,event=740819,2026-08-12 10:10:23,,,,,,
4075,4075,80,80,60,83,35,64,67,espn_derived,event=740819,2026-08-12 10:10:23,,,,,,
4076,4076,80,89,66,75,35,65,68,espn_derived,event=740819,2026-08-12 10:10:23,,,,,,
4077,4077,80,80,60,75,35,65,66,espn_derived,event=740819,2026-08-12 10:10:23,,,,,,
4078,4078,80,80,60,75,35,65,66,espn_derived,event=740819,2026-08-12 10:10:23,,,,,,
4079,4079,83,83,60,75,35,63,66,espn_derived,event=740819,2026-08-12 10:10:23,,,,,,
4080,4080,80,80,60,75,35,65,66,espn_derived,event=740819,2026-08-12 10:10:23,,,,,,
4081,4081,83,80,60,75,35,65,66,espn_derived,event=740819,2026-08-12 10:10:23,,,,,,
4082,4082,83,80,60,75,35,64,66,espn_derived,event=740819,2026-08-12 10:10:23,,,,,,
4083,4083,80,80,60,75,35,65,66,espn_derived,event=740819,2026-08-12 10:10:23,,,,,,
4084,4084,83,80,60,75,35,65,66,espn_derived,event=740819,2026-08-12 10:10:23,,,,,,
4085,4085,83,80,60,75,35,64,66,espn_derived,event=740819,2026-08-12 10:10:23,,,,,,
4086,4086,45,35,50,45,28,65,45,espn_derived,event=736961,2026-08-12 10:10:24,,,,,,
4087,4087,60,40,55,50,75,74,59,espn_derived,event=736961,2026-08-12 10:10:24,,,,,,
4088,4088,60,40,55,50,75,75,59,espn_derived,event=736961,2026-08-12 10:10:24,,,,,,
4089,4089,60,58,60,60,55,66,60,espn_derived,event=736961,2026-08-12 10:10:24,,,,,,
4090,4090,60,55,60,60,55,64,59,espn_derived,event=736961,2026-08-12 10:10:24,,,,,,
4091,4091,65,71,70,70,55,64,66,espn_derived,event=736961,2026-08-12 10:10:24,,,,,,
4092,4092,65,60,70,70,55,64,64,espn_derived,event=736961,2026-08-12 10:10:24,,,,,,
4093,4093,65,60,70,74,55,65,65,espn_derived,event=736961,2026-08-12 10:10:24,,,,,,
4094,4094,80,89,60,79,35,66,68,espn_derived,event=736961,2026-08-12 10:10:24,,,,,,
4095,4095,65,60,70,78,55,65,66,espn_derived,event=736961,2026-08-12 10:10:24,,,,,,
4096,4096,65,60,70,70,55,64,64,espn_derived,event=736961,2026-08-12 10:10:24,,,,,,
4097,4097,83,80,60,79,35,65,67,espn_derived,event=736961,2026-08-12 10:10:24,,,,,,
4098,4098,80,80,60,75,35,65,66,espn_derived,event=736961,2026-08-12 10:10:24,,,,,,
4099,4099,80,80,60,75,35,65,66,espn_derived,event=736961,2026-08-12 10:10:24,,,,,,
4100,4100,80,80,60,75,35,65,66,espn_derived,event=736961,2026-08-12 10:10:24,,,,,,
4101,4101,83,80,60,75,35,65,66,espn_derived,event=736961,2026-08-12 10:10:24,,,,,,
4102,4102,83,80,60,75,35,64,66,espn_derived,event=736961,2026-08-12 10:10:24,,,,,,
4103,4103,83,80,60,75,35,67,67,espn_derived,event=736961,2026-08-12 10:10:24,,,,,,
4104,4104,80,80,60,75,35,65,66,espn_derived,event=736961,2026-08-12 10:10:24,,,,,,
4105,4105,80,80,60,75,35,65,66,espn_derived,event=736961,2026-08-12 10:10:24,,,,,,
4106,1328,80,80,60,75,35,65,66,espn_derived,event=736961,2026-08-12 10:10:24,,,,,,
4107,4107,83,80,60,75,35,65,66,espn_derived,event=736961,2026-08-12 10:10:24,,,,,,
4108,4108,80,80,60,75,35,65,66,espn_derived,event=736961,2026-08-12 10:10:24,,,,,,
4109,3616,45,35,50,45,44,65,47,espn_derived,event=736961,2026-08-12 10:10:24,,,,,,
4110,3617,60,40,55,50,75,74,59,espn_derived,event=736961,2026-08-12 10:10:24,,,,,,
4111,3618,60,40,55,50,75,74,59,espn_derived,event=736961,2026-08-12 10:10:24,,,,,,
4112,3619,60,55,60,60,55,65,59,espn_derived,event=736961,2026-08-12 10:10:24,,,,,,
4113,3867,60,55,60,60,55,65,59,espn_derived,event=736961,2026-08-12 10:10:24,,,,,,
4114,3623,65,60,70,70,55,65,64,espn_derived,event=736961,2026-08-12 10:10:24,,,,,,
4115,2428,65,60,70,78,55,65,66,espn_derived,event=736961,2026-08-12 10:10:24,,,,,,
4116,1150,65,60,70,74,55,64,65,espn_derived,event=736961,2026-08-12 10:10:24,,,,,,
4117,4117,80,80,60,75,35,64,66,espn_derived,event=736961,2026-08-12 10:10:24,,,,,,
4118,3630,80,91,60,79,35,65,68,espn_derived,event=736961,2026-08-12 10:10:24,,,,,,
4119,3626,80,80,60,75,35,65,66,espn_derived,event=736961,2026-08-12 10:10:24,,,,,,
4120,3638,83,80,60,79,35,63,67,espn_derived,event=736961,2026-08-12 10:10:24,,,,,,
4121,3639,80,80,60,75,35,65,66,espn_derived,event=736961,2026-08-12 10:10:24,,,,,,
4122,4122,80,80,60,75,35,65,66,espn_derived,event=736961,2026-08-12 10:10:24,,,,,,
4123,3635,80,80,60,75,35,65,66,espn_derived,event=736961,2026-08-12 10:10:24,,,,,,
4124,3631,80,80,60,75,35,65,66,espn_derived,event=736961,2026-08-12 10:10:24,,,,,,
4125,3861,80,80,60,75,35,65,66,espn_derived,event=736961,2026-08-12 10:10:24,,,,,,
4126,4126,80,80,60,75,35,65,66,espn_derived,event=736961,2026-08-12 10:10:24,,,,,,
4127,3632,83,80,60,75,35,65,66,espn_derived,event=736961,2026-08-12 10:10:24,,,,,,
4128,3620,83,80,60,75,35,64,66,espn_derived,event=736961,2026-08-12 10:10:24,,,,,,
4129,3627,80,80,60,75,35,65,66,espn_derived,event=736961,2026-08-12 10:10:24,,,,,,
4130,3634,80,80,60,75,35,65,66,espn_derived,event=736961,2026-08-12 10:10:24,,,,,,
4131,3636,80,80,60,75,35,65,66,espn_derived,event=736961,2026-08-12 10:10:24,,,,,,
4132,3629,83,80,60,75,35,65,66,espn_derived,event=736961,2026-08-12 10:10:24,,,,,,
4133,4133,45,35,50,49,38,65,47,espn_derived,event=740795,2026-08-12 10:10:25,,,,,,
4134,4134,60,40,55,50,75,75,59,espn_derived,event=740795,2026-08-12 10:10:25,,,,,,
4135,4135,60,43,55,50,75,75,60,espn_derived,event=740795,2026-08-12 10:10:25,,,,,,
4136,4136,60,55,60,68,55,65,60,espn_derived,event=740795,2026-08-12 10:10:25,,,,,,
4137,4137,60,55,60,64,55,65,60,espn_derived,event=740795,2026-08-12 10:10:25,,,,,,
4138,4138,65,71,70,78,55,64,67,espn_derived,event=740795,2026-08-12 10:10:25,,,,,,
4139,4139,65,60,70,70,55,65,64,espn_derived,event=740795,2026-08-12 10:10:25,,,,,,
4140,4140,65,71,70,78,55,64,67,espn_derived,event=740795,2026-08-12 10:10:25,,,,,,
4141,4141,80,83,66,83,35,67,69,espn_derived,event=740795,2026-08-12 10:10:25,,,,,,
4142,4142,65,60,70,74,55,65,65,espn_derived,event=740795,2026-08-12 10:10:25,,,,,,
4143,3284,65,60,70,78,55,64,65,espn_derived,event=740795,2026-08-12 10:10:25,,,,,,
4144,4144,83,80,60,75,35,65,66,espn_derived,event=740795,2026-08-12 10:10:25,,,,,,
4145,4145,80,80,60,75,35,65,66,espn_derived,event=740795,2026-08-12 10:10:25,,,,,,
4146,4146,83,80,60,75,35,65,66,espn_derived,event=740795,2026-08-12 10:10:25,,,,,,
4147,4147,80,80,60,75,35,65,66,espn_derived,event=740795,2026-08-12 10:10:25,,,,,,
4148,4148,83,80,60,75,35,64,66,espn_derived,event=740795,2026-08-12 10:10:25,,,,,,
4149,4149,80,80,60,75,35,65,66,espn_derived,event=740795,2026-08-12 10:10:25,,,,,,
4150,4150,83,80,60,79,35,63,67,espn_derived,event=740795,2026-08-12 10:10:25,,,,,,
4151,4151,80,80,60,75,35,65,66,espn_derived,event=740795,2026-08-12 10:10:25,,,,,,
4152,4152,83,80,60,79,35,65,67,espn_derived,event=740795,2026-08-12 10:10:25,,,,,,
4153,4046,45,35,50,45,34,65,46,espn_derived,event=740795,2026-08-12 10:10:25,,,,,,
4154,4065,60,40,55,50,75,75,59,espn_derived,event=740795,2026-08-12 10:10:25,,,,,,
4155,4048,60,40,55,50,75,73,59,espn_derived,event=740795,2026-08-12 10:10:25,,,,,,
4156,4063,60,40,55,50,75,73,59,espn_derived,event=740795,2026-08-12 10:10:25,,,,,,
4157,4052,60,58,60,64,55,64,60,espn_derived,event=740795,2026-08-12 10:10:25,,,,,,
4158,4053,60,55,60,60,55,63,59,espn_derived,event=740795,2026-08-12 10:10:25,,,,,,
4159,4050,65,60,70,70,55,62,64,espn_derived,event=740795,2026-08-12 10:10:25,,,,,,
4160,4051,65,60,70,70,55,63,64,espn_derived,event=740795,2026-08-12 10:10:25,,,,,,
4161,4055,65,60,70,82,55,64,66,espn_derived,event=740795,2026-08-12 10:10:25,,,,,,
4162,4057,65,60,70,70,55,65,64,espn_derived,event=740795,2026-08-12 10:10:25,,,,,,
4163,4054,80,80,60,79,35,65,66,espn_derived,event=740795,2026-08-12 10:10:25,,,,,,
4164,4062,83,86,60,79,35,65,68,espn_derived,event=740795,2026-08-12 10:10:25,,,,,,
4165,4056,83,80,60,75,35,64,66,espn_derived,event=740795,2026-08-12 10:10:25,,,,,,
4166,4166,80,80,60,75,35,65,66,espn_derived,event=740795,2026-08-12 10:10:25,,,,,,
4167,4167,80,80,60,75,35,65,66,espn_derived,event=740795,2026-08-12 10:10:25,,,,,,
4168,4058,80,80,60,75,35,65,66,espn_derived,event=740795,2026-08-12 10:10:25,,,,,,
4169,4064,83,80,60,75,35,64,66,espn_derived,event=740795,2026-08-12 10:10:25,,,,,,
4170,4170,83,80,60,79,35,64,67,espn_derived,event=740795,2026-08-12 10:10:25,,,,,,
4171,4061,80,80,60,75,35,65,66,espn_derived,event=740795,2026-08-12 10:10:25,,,,,,
4172,4172,80,80,60,75,35,65,66,espn_derived,event=740795,2026-08-12 10:10:25,,,,,,
4173,3407,45,35,50,45,34,65,46,espn_derived,event=746899,2026-08-12 10:10:26,,,,,,
4174,4174,60,40,55,54,75,75,60,espn_derived,event=746899,2026-08-12 10:10:26,,,,,,
4175,3409,60,40,55,50,75,74,59,espn_derived,event=746899,2026-08-12 10:10:26,,,,,,
4176,3410,60,40,55,58,75,76,61,espn_derived,event=746899,2026-08-12 10:10:26,,,,,,
4177,3413,60,55,60,64,55,65,60,espn_derived,event=746899,2026-08-12 10:10:26,,,,,,
4178,3414,60,66,60,64,55,64,62,espn_derived,event=746899,2026-08-12 10:10:26,,,,,,
4179,3412,65,60,70,78,55,64,65,espn_derived,event=746899,2026-08-12 10:10:26,,,,,,
4180,3411,65,60,70,78,55,63,65,espn_derived,event=746899,2026-08-12 10:10:26,,,,,,
4181,3425,65,60,76,78,55,64,66,espn_derived,event=746899,2026-08-12 10:10:26,,,,,,
4182,3416,80,83,60,75,35,67,67,espn_derived,event=746899,2026-08-12 10:10:26,,,,,,
4183,3415,80,83,60,79,35,65,67,espn_derived,event=746899,2026-08-12 10:10:26,,,,,,
4184,4184,80,80,60,75,35,65,66,espn_derived,event=746899,2026-08-12 10:10:26,,,,,,
4185,3423,80,80,60,75,35,65,66,espn_derived,event=746899,2026-08-12 10:10:26,,,,,,
4186,3424,80,80,60,75,35,65,66,espn_derived,event=746899,2026-08-12 10:10:26,,,,,,
4187,3421,83,80,60,75,35,65,66,espn_derived,event=746899,2026-08-12 10:10:26,,,,,,
4188,4188,80,80,60,75,35,65,66,espn_derived,event=746899,2026-08-12 10:10:26,,,,,,
4189,3419,83,80,60,75,35,65,66,espn_derived,event=746899,2026-08-12 10:10:26,,,,,,
4190,3426,83,80,60,75,35,66,66,espn_derived,event=746899,2026-08-12 10:10:26,,,,,,
4191,3418,80,80,60,75,35,65,66,espn_derived,event=746899,2026-08-12 10:10:26,,,,,,
4192,1865,83,80,60,75,35,65,66,espn_derived,event=746899,2026-08-12 10:10:26,,,,,,
4193,4193,45,35,50,45,32,65,45,espn_derived,event=746899,2026-08-12 10:10:26,,,,,,
4194,3275,60,40,55,50,75,74,59,espn_derived,event=746899,2026-08-12 10:10:26,,,,,,
4195,3272,60,40,55,54,75,75,60,espn_derived,event=746899,2026-08-12 10:10:26,,,,,,
4196,3273,60,55,66,60,55,65,60,espn_derived,event=746899,2026-08-12 10:10:26,,,,,,
4197,3288,60,55,60,60,55,65,59,espn_derived,event=746899,2026-08-12 10:10:26,,,,,,
4198,3286,65,60,76,74,55,64,66,espn_derived,event=746899,2026-08-12 10:10:26,,,,,,
4199,3276,65,85,70,74,55,63,69,espn_derived,event=746899,2026-08-12 10:10:26,,,,,,
4200,3284,65,60,70,70,55,63,64,espn_derived,event=746899,2026-08-12 10:10:26,,,,,,
4201,3278,80,80,60,75,35,65,66,espn_derived,event=746899,2026-08-12 10:10:26,,,,,,
4202,3279,80,80,60,83,35,63,67,espn_derived,event=746899,2026-08-12 10:10:26,,,,,,
4203,3280,80,83,60,79,35,66,67,espn_derived,event=746899,2026-08-12 10:10:26,,,,,,
4204,3277,83,80,60,75,35,64,66,espn_derived,event=746899,2026-08-12 10:10:26,,,,,,
4205,3274,83,80,60,75,35,65,66,espn_derived,event=746899,2026-08-12 10:10:26,,,,,,
4206,4206,80,80,60,75,35,65,66,espn_derived,event=746899,2026-08-12 10:10:26,,,,,,
4207,3289,80,80,60,75,35,65,66,espn_derived,event=746899,2026-08-12 10:10:26,,,,,,
4208,3281,83,80,60,75,35,65,66,espn_derived,event=746899,2026-08-12 10:10:26,,,,,,
4209,3287,83,80,60,79,35,64,67,espn_derived,event=746899,2026-08-12 10:10:26,,,,,,
4210,3282,80,80,60,75,35,65,66,espn_derived,event=746899,2026-08-12 10:10:26,,,,,,
4211,3270,80,80,60,75,35,65,66,espn_derived,event=746899,2026-08-12 10:10:26,,,,,,
4212,3285,83,80,60,75,35,64,66,espn_derived,event=746899,2026-08-12 10:10:26,,,,,,
4213,2942,45,35,50,45,38,65,46,espn_derived,event=746911,2026-08-12 10:10:27,,,,,,
4214,2943,60,40,55,54,75,73,60,espn_derived,event=746911,2026-08-12 10:10:27,,,,,,
4215,2960,60,40,55,54,75,74,60,espn_derived,event=746911,2026-08-12 10:10:27,,,,,,
4216,4216,60,51,55,58,75,74,62,espn_derived,event=746911,2026-08-12 10:10:27,,,,,,
4217,2947,65,60,70,74,55,63,64,espn_derived,event=746911,2026-08-12 10:10:27,,,,,,
4218,2952,65,60,70,70,55,65,64,espn_derived,event=746911,2026-08-12 10:10:27,,,,,,
4219,2948,65,63,70,74,55,65,65,espn_derived,event=746911,2026-08-12 10:10:27,,,,,,
4220,2949,65,60,76,70,55,64,65,espn_derived,event=746911,2026-08-12 10:10:27,,,,,,
4221,2958,80,80,66,79,35,64,67,espn_derived,event=746911,2026-08-12 10:10:27,,,,,,
4222,2951,80,80,60,75,35,65,66,espn_derived,event=746911,2026-08-12 10:10:27,,,,,,
4223,2950,80,99,60,75,35,64,69,espn_derived,event=746911,2026-08-12 10:10:27,,,,,,
4224,4224,83,80,60,75,35,65,66,espn_derived,event=746911,2026-08-12 10:10:27,,,,,,
4225,2961,83,80,66,75,35,65,67,espn_derived,event=746911,2026-08-12 10:10:27,,,,,,
4226,2953,80,80,60,75,35,65,66,espn_derived,event=746911,2026-08-12 10:10:27,,,,,,
4227,2955,80,80,60,75,35,65,66,espn_derived,event=746911,2026-08-12 10:10:27,,,,,,
4228,2956,80,80,60,75,35,65,66,espn_derived,event=746911,2026-08-12 10:10:27,,,,,,
4229,4229,83,80,60,75,35,65,66,espn_derived,event=746911,2026-08-12 10:10:27,,,,,,
4230,2954,83,80,60,75,35,64,66,espn_derived,event=746911,2026-08-12 10:10:27,,,,,,
4231,2944,83,80,60,75,35,65,66,espn_derived,event=746911,2026-08-12 10:10:27,,,,,,
4232,2957,80,80,60,75,35,65,66,espn_derived,event=746911,2026-08-12 10:10:27,,,,,,
4233,1262,45,35,50,45,28,65,45,espn_derived,event=746911,2026-08-12 10:10:27,,,,,,
4234,1263,60,51,55,54,75,75,62,espn_derived,event=746911,2026-08-12 10:10:27,,,,,,
4235,1264,60,40,55,58,75,75,60,espn_derived,event=746911,2026-08-12 10:10:27,,,,,,
4236,1265,60,43,55,50,75,74,60,espn_derived,event=746911,2026-08-12 10:10:27,,,,,,
4237,1266,65,60,70,74,55,64,65,espn_derived,event=746911,2026-08-12 10:10:27,,,,,,
4238,1268,65,60,70,70,55,64,64,espn_derived,event=746911,2026-08-12 10:10:27,,,,,,
4239,1269,65,60,70,70,55,64,64,espn_derived,event=746911,2026-08-12 10:10:27,,,,,,
4240,1278,65,60,70,74,55,65,65,espn_derived,event=746911,2026-08-12 10:10:27,,,,,,
4241,1272,80,97,60,83,35,65,70,espn_derived,event=746911,2026-08-12 10:10:27,,,,,,
4242,1271,80,80,60,87,35,65,68,espn_derived,event=746911,2026-08-12 10:10:27,,,,,,
4243,1280,80,80,60,75,35,66,66,espn_derived,event=746911,2026-08-12 10:10:27,,,,,,
4244,1273,83,80,60,79,35,65,67,espn_derived,event=746911,2026-08-12 10:10:27,,,,,,
4245,1277,83,80,60,75,35,64,66,espn_derived,event=746911,2026-08-12 10:10:27,,,,,,
4246,1270,80,80,60,75,35,65,66,espn_derived,event=746911,2026-08-12 10:10:27,,,,,,
4247,1267,83,80,60,75,35,65,66,espn_derived,event=746911,2026-08-12 10:10:27,,,,,,
4248,1275,83,80,66,75,35,65,67,espn_derived,event=746911,2026-08-12 10:10:27,,,,,,
4249,1276,80,80,60,75,35,65,66,espn_derived,event=746911,2026-08-12 10:10:27,,,,,,
4250,1281,80,80,60,75,35,65,66,espn_derived,event=746911,2026-08-12 10:10:27,,,,,,
4251,1274,83,80,60,79,35,65,67,espn_derived,event=746911,2026-08-12 10:10:27,,,,,,
4252,4252,80,80,60,75,35,65,66,espn_derived,event=746911,2026-08-12 10:10:27,,,,,,
4253,4253,45,35,50,45,36,65,46,espn_derived,event=757908,2026-08-12 10:10:28,,,,,,
4254,4254,60,40,55,54,75,72,59,espn_derived,event=757908,2026-08-12 10:10:28,,,,,,
4255,4255,60,40,55,54,75,74,60,espn_derived,event=757908,2026-08-12 10:10:28,,,,,,
4256,4256,60,55,60,64,55,65,60,espn_derived,event=757908,2026-08-12 10:10:28,,,,,,
4257,4257,60,55,60,64,55,64,60,espn_derived,event=757908,2026-08-12 10:10:28,,,,,,
4258,4258,65,63,70,74,55,64,65,espn_derived,event=757908,2026-08-12 10:10:28,,,,,,
4259,4259,65,63,70,82,55,62,66,espn_derived,event=757908,2026-08-12 10:10:28,,,,,,
4260,4260,65,63,70,78,55,63,66,espn_derived,event=757908,2026-08-12 10:10:28,,,,,,
4261,4261,80,83,60,79,35,67,67,espn_derived,event=757908,2026-08-12 10:10:28,,,,,,
4262,4262,65,63,70,78,55,66,66,espn_derived,event=757908,2026-08-12 10:10:28,,,,,,
4263,4263,65,60,70,74,55,67,65,espn_derived,event=757908,2026-08-12 10:10:28,,,,,,
4264,4264,80,80,60,75,35,65,66,espn_derived,event=757908,2026-08-12 10:10:28,,,,,,
4265,4265,83,80,60,75,35,65,66,espn_derived,event=757908,2026-08-12 10:10:28,,,,,,
4266,4266,80,80,60,75,35,65,66,espn_derived,event=757908,2026-08-12 10:10:28,,,,,,
4267,4267,83,89,60,75,35,65,68,espn_derived,event=757908,2026-08-12 10:10:28,,,,,,
4268,4268,80,80,60,75,35,65,66,espn_derived,event=757908,2026-08-12 10:10:28,,,,,,
4269,4269,80,80,60,75,35,65,66,espn_derived,event=757908,2026-08-12 10:10:28,,,,,,
4270,4270,80,80,60,75,35,65,66,espn_derived,event=757908,2026-08-12 10:10:28,,,,,,
4271,4271,83,80,60,75,35,65,66,espn_derived,event=757908,2026-08-12 10:10:28,,,,,,
4272,38,45,35,50,45,62,65,50,espn_derived,event=757908,2026-08-12 10:10:28,,,,,,
4273,41,60,40,55,50,75,74,59,espn_derived,event=757908,2026-08-12 10:10:28,,,,,,
4274,31,60,40,55,50,75,74,59,espn_derived,event=757908,2026-08-12 10:10:28,,,,,,
4275,27,60,55,60,64,55,64,60,espn_derived,event=757908,2026-08-12 10:10:28,,,,,,
4276,28,60,58,60,64,55,64,60,espn_derived,event=757908,2026-08-12 10:10:28,,,,,,
4277,29,65,63,70,82,55,64,66,espn_derived,event=757908,2026-08-12 10:10:28,,,,,,
4278,30,65,60,70,70,55,63,64,espn_derived,event=757908,2026-08-12 10:10:28,,,,,,
4279,42,65,60,70,82,55,63,66,espn_derived,event=757908,2026-08-12 10:10:28,,,,,,
4280,32,80,80,60,79,35,64,66,espn_derived,event=757908,2026-08-12 10:10:28,,,,,,
4281,33,65,60,70,70,55,64,64,espn_derived,event=757908,2026-08-12 10:10:28,,,,,,
4282,36,65,74,70,70,55,66,67,espn_derived,event=757908,2026-08-12 10:10:28,,,,,,
4283,44,80,80,60,75,35,65,66,espn_derived,event=757908,2026-08-12 10:10:28,,,,,,
4284,40,83,80,60,79,35,63,67,espn_derived,event=757908,2026-08-12 10:10:28,,,,,,
4285,1703,83,80,60,75,35,65,66,espn_derived,event=757908,2026-08-12 10:10:28,,,,,,
4286,26,80,80,60,75,35,65,66,espn_derived,event=757908,2026-08-12 10:10:28,,,,,,
4287,25,80,80,60,75,35,65,66,espn_derived,event=757908,2026-08-12 10:10:28,,,,,,
4288,4288,80,80,60,75,35,65,66,espn_derived,event=757908,2026-08-12 10:10:28,,,,,,
4289,35,83,80,60,83,35,64,68,espn_derived,event=757908,2026-08-12 10:10:28,,,,,,
4290,2396,80,80,60,75,35,65,66,espn_derived,event=757908,2026-08-12 10:10:28,,,,,,
4291,157,83,80,60,75,35,66,66,espn_derived,event=757908,2026-08-12 10:10:28,,,,,,
4292,2392,80,80,60,75,35,65,66,espn_derived,event=757908,2026-08-12 10:10:28,,,,,,
4293,39,83,80,60,79,35,64,67,espn_derived,event=757908,2026-08-12 10:10:28,,,,,,
4294,1325,45,35,50,45,38,65,46,espn_derived,event=736964,2026-08-12 10:10:29,,,,,,
4295,1346,60,40,55,58,75,75,60,espn_derived,event=736964,2026-08-12 10:10:29,,,,,,
4296,1327,60,40,55,50,75,72,59,espn_derived,event=736964,2026-08-12 10:10:29,,,,,,
4297,1329,60,55,60,64,55,65,60,espn_derived,event=736964,2026-08-12 10:10:29,,,,,,
4298,1345,60,55,60,60,55,61,58,espn_derived,event=736964,2026-08-12 10:10:29,,,,,,
4299,4299,65,60,70,74,55,63,64,espn_derived,event=736964,2026-08-12 10:10:29,,,,,,
4300,1330,65,60,70,70,55,65,64,espn_derived,event=736964,2026-08-12 10:10:29,,,,,,
4301,1332,65,60,70,74,55,64,65,espn_derived,event=736964,2026-08-12 10:10:29,,,,,,
4302,4302,80,80,60,75,35,64,66,espn_derived,event=736964,2026-08-12 10:10:29,,,,,,
4303,1337,65,60,70,78,55,64,65,espn_derived,event=736964,2026-08-12 10:10:29,,,,,,
4304,1338,65,60,70,74,55,65,65,espn_derived,event=736964,2026-08-12 10:10:29,,,,,,
4305,1342,80,80,60,75,35,65,66,espn_derived,event=736964,2026-08-12 10:10:29,,,,,,
4306,4306,83,80,60,79,35,63,67,espn_derived,event=736964,2026-08-12 10:10:29,,,,,,
4307,1339,80,80,60,75,35,65,66,espn_derived,event=736964,2026-08-12 10:10:29,,,,,,
4308,1344,80,80,60,75,35,65,66,espn_derived,event=736964,2026-08-12 10:10:29,,,,,,
4309,2711,80,80,60,75,35,65,66,espn_derived,event=736964,2026-08-12 10:10:29,,,,,,
4310,4310,80,80,60,75,35,65,66,espn_derived,event=736964,2026-08-12 10:10:29,,,,,,
4311,4311,83,80,60,75,35,65,66,espn_derived,event=736964,2026-08-12 10:10:29,,,,,,
4312,1326,80,80,60,75,35,65,66,espn_derived,event=736964,2026-08-12 10:10:29,,,,,,
4313,1340,80,80,60,75,35,65,66,espn_derived,event=736964,2026-08-12 10:10:29,,,,,,
4314,1336,80,80,60,75,35,65,66,espn_derived,event=736964,2026-08-12 10:10:29,,,,,,
4315,1331,83,80,60,75,35,65,66,espn_derived,event=736964,2026-08-12 10:10:29,,,,,,
4316,4316,80,80,60,75,35,65,66,espn_derived,event=736964,2026-08-12 10:10:29,,,,,,
4317,1333,83,80,60,79,35,65,67,espn_derived,event=736964,2026-08-12 10:10:29,,,,,,
4318,1334,83,86,60,83,35,64,68,espn_derived,event=736964,2026-08-12 10:10:29,,,,,,
4319,4319,80,80,60,75,35,65,66,espn_derived,event=736964,2026-08-12 10:10:29,,,,,,
4320,454,45,35,50,45,38,65,46,espn_derived,event=736964,2026-08-12 10:10:29,,,,,,
4321,455,60,40,55,50,75,75,59,espn_derived,event=736964,2026-08-12 10:10:29,,,,,,
4322,474,60,43,55,66,75,70,62,espn_derived,event=736964,2026-08-12 10:10:29,,,,,,
4323,475,60,40,55,50,75,74,59,espn_derived,event=736964,2026-08-12 10:10:29,,,,,,
4324,458,65,60,70,74,55,64,65,espn_derived,event=736964,2026-08-12 10:10:29,,,,,,
4325,459,65,60,76,70,55,64,65,espn_derived,event=736964,2026-08-12 10:10:29,,,,,,
4326,460,65,60,70,70,55,64,64,espn_derived,event=736964,2026-08-12 10:10:29,,,,,,
4327,461,65,60,70,74,55,64,65,espn_derived,event=736964,2026-08-12 10:10:29,,,,,,
4328,466,80,99,60,83,35,66,70,espn_derived,event=736964,2026-08-12 10:10:29,,,,,,
4329,463,80,80,60,79,35,65,66,espn_derived,event=736964,2026-08-12 10:10:29,,,,,,
4330,3883,80,83,66,79,35,63,68,espn_derived,event=736964,2026-08-12 10:10:29,,,,,,
4331,4331,83,83,60,75,35,65,67,espn_derived,event=736964,2026-08-12 10:10:29,,,,,,
4332,473,83,80,60,75,35,66,66,espn_derived,event=736964,2026-08-12 10:10:29,,,,,,
4333,468,83,80,60,79,35,65,67,espn_derived,event=736964,2026-08-12 10:10:29,,,,,,
4334,476,83,80,60,95,35,66,70,espn_derived,event=736964,2026-08-12 10:10:29,,,,,,
4335,2801,80,80,60,75,35,65,66,espn_derived,event=736964,2026-08-12 10:10:29,,,,,,
4336,472,80,80,60,75,35,65,66,espn_derived,event=736964,2026-08-12 10:10:29,,,,,,
4337,471,83,80,60,75,35,64,66,espn_derived,event=736964,2026-08-12 10:10:29,,,,,,
4338,464,80,80,60,75,35,65,66,espn_derived,event=736964,2026-08-12 10:10:29,,,,,,
4339,469,80,80,60,75,35,65,66,espn_derived,event=736964,2026-08-12 10:10:29,,,,,,
4340,3058,45,35,50,45,34,65,46,espn_derived,event=746943,2026-08-12 10:10:30,,,,,,
4341,3044,60,40,55,54,75,74,60,espn_derived,event=746943,2026-08-12 10:10:30,,,,,,
4342,3045,60,40,61,50,75,74,60,espn_derived,event=746943,2026-08-12 10:10:30,,,,,,
4343,3049,60,55,60,60,55,65,59,espn_derived,event=746943,2026-08-12 10:10:30,,,,,,
4344,3054,60,55,60,68,55,65,60,espn_derived,event=746943,2026-08-12 10:10:30,,,,,,
4345,3047,65,63,70,70,55,65,65,espn_derived,event=746943,2026-08-12 10:10:30,,,,,,
4346,4346,65,63,70,74,55,65,65,espn_derived,event=746943,2026-08-12 10:10:30,,,,,,
4347,3048,65,60,70,74,55,64,65,espn_derived,event=746943,2026-08-12 10:10:30,,,,,,
4348,3051,80,91,60,83,35,65,69,espn_derived,event=746943,2026-08-12 10:10:30,,,,,,
4349,3052,80,80,60,83,35,65,67,espn_derived,event=746943,2026-08-12 10:10:30,,,,,,
4350,3050,80,83,60,75,35,63,66,espn_derived,event=746943,2026-08-12 10:10:30,,,,,,
4351,3053,80,80,60,75,35,65,66,espn_derived,event=746943,2026-08-12 10:10:30,,,,,,
4352,4039,80,80,60,75,35,65,66,espn_derived,event=746943,2026-08-12 10:10:30,,,,,,
4353,4353,83,80,60,75,35,65,66,espn_derived,event=746943,2026-08-12 10:10:30,,,,,,
4354,3059,80,80,60,75,35,65,66,espn_derived,event=746943,2026-08-12 10:10:30,,,,,,
4355,3060,83,80,60,75,35,65,66,espn_derived,event=746943,2026-08-12 10:10:30,,,,,,
4356,3061,83,80,60,75,35,65,66,espn_derived,event=746943,2026-08-12 10:10:30,,,,,,
4357,3055,83,80,60,75,35,65,66,espn_derived,event=746943,2026-08-12 10:10:30,,,,,,
4358,4031,83,80,60,75,35,65,66,espn_derived,event=746943,2026-08-12 10:10:30,,,,,,
4359,3057,80,80,60,75,35,65,66,espn_derived,event=746943,2026-08-12 10:10:30,,,,,,
4360,1454,45,35,50,45,40,65,47,espn_derived,event=746943,2026-08-12 10:10:30,,,,,,
4361,2845,60,40,55,50,75,73,59,espn_derived,event=746943,2026-08-12 10:10:30,,,,,,
4362,1455,60,40,55,50,75,75,59,espn_derived,event=746943,2026-08-12 10:10:30,,,,,,
4363,1460,60,55,60,68,55,65,60,espn_derived,event=746943,2026-08-12 10:10:30,,,,,,
4364,1457,60,55,60,60,55,63,59,espn_derived,event=746943,2026-08-12 10:10:30,,,,,,
4365,1466,65,60,70,74,55,65,65,espn_derived,event=746943,2026-08-12 10:10:30,,,,,,
4366,1458,65,60,70,70,55,62,64,espn_derived,event=746943,2026-08-12 10:10:30,,,,,,
4367,1465,65,60,70,70,55,65,64,espn_derived,event=746943,2026-08-12 10:10:30,,,,,,
4368,2854,80,80,60,75,35,65,66,espn_derived,event=746943,2026-08-12 10:10:30,,,,,,
4369,1469,80,80,60,79,35,64,66,espn_derived,event=746943,2026-08-12 10:10:30,,,,,,
4370,1464,80,80,60,75,35,64,66,espn_derived,event=746943,2026-08-12 10:10:30,,,,,,
4371,1473,83,80,60,79,35,65,67,espn_derived,event=746943,2026-08-12 10:10:30,,,,,,
4372,1468,80,80,60,75,35,65,66,espn_derived,event=746943,2026-08-12 10:10:30,,,,,,
4373,4373,80,80,60,75,35,65,66,espn_derived,event=746943,2026-08-12 10:10:30,,,,,,
4374,1461,83,83,60,75,35,65,67,espn_derived,event=746943,2026-08-12 10:10:30,,,,,,
4375,1463,83,80,60,75,35,66,66,espn_derived,event=746943,2026-08-12 10:10:30,,,,,,
4376,1472,83,80,60,75,35,66,66,espn_derived,event=746943,2026-08-12 10:10:30,,,,,,
4377,1467,83,80,60,75,35,65,66,espn_derived,event=746943,2026-08-12 10:10:30,,,,,,
4378,1459,80,80,60,75,35,65,66,espn_derived,event=746943,2026-08-12 10:10:30,,,,,,
4379,1471,80,80,60,75,35,65,66,espn_derived,event=746943,2026-08-12 10:10:30,,,,,,
4380,1,76,73,75,79,55,74,77,ea_official,override_espn,2026-08-12 10:40:36,,,,,,
4381,2,67,28,59,64,81,78,79,ea_official,override_espn,2026-08-12 10:40:36,,,,,,
4382,3,55,58,71,66,85,75,82,ea_official,override_espn,2026-08-12 10:40:36,,,,,,
4383,4,81,45,67,76,65,66,74,ea_official,override_espn,2026-08-12 10:40:36,,,,,,
4384,5,77,54,61,67,73,76,75,ea_official,override_espn,2026-08-12 10:40:36,,,,,,
4385,6,75,61,59,72,56,62,67,ea_official,override_espn,2026-08-12 10:40:36,,,,,,
4386,7,51,47,64,66,74,71,73,ea_official,override_espn,2026-08-12 10:40:36,,,,,,
4387,8,60,62,69,71,72,77,75,ea_official,override_espn,2026-08-12 10:40:36,,,,,,
4388,10,70,76,82,81,43,66,80,ea_official,override_espn,2026-08-12 10:40:36,,,,,,
4389,12,72,67,71,79,43,68,72,ea_official,override_espn,2026-08-12 10:40:36,,,,,,
4390,13,62,62,65,65,73,75,72,ea_official,override_espn,2026-08-12 10:40:36,,,,,,
4391,14,86,62,62,69,27,72,70,ea_official,override_espn,2026-08-12 10:40:36,,,,,,
4392,15,78,57,66,69,74,75,75,ea_official,override_espn,2026-08-12 10:40:36,,,,,,
4393,17,67,72,55,63,51,79,73,ea_official,override_espn,2026-08-12 10:40:36,,,,,,
4394,18,71,64,74,71,59,67,69,ea_official,override_espn,2026-08-12 10:40:36,,,,,,
4395,19,82,30,57,67,75,68,74,ea_official,override_espn,2026-08-12 10:40:36,,,,,,
4396,20,83,66,61,73,23,65,69,ea_official,override_espn,2026-08-12 10:40:36,,,,,,
4397,21,63,72,66,75,42,56,69,ea_official,override_espn,2026-08-12 10:40:36,,,,,,
4398,22,82,36,62,66,69,72,72,ea_official,override_espn,2026-08-12 10:40:36,,,,,,
4399,23,83,60,69,71,73,82,77,ea_official,override_espn,2026-08-12 10:40:36,,,,,,
4400,24,83,82,82,85,56,85,85,ea_official,override_espn,2026-08-12 10:40:36,,,,,,
4401,26,75,53,71,75,84,78,82,ea_official,override_espn,2026-08-12 10:40:36,,,,,,
4402,27,69,68,79,76,77,74,80,ea_official,override_espn,2026-08-12 10:40:36,,,,,,
4403,29,77,77,79,84,67,79,82,ea_official,override_espn,2026-08-12 10:40:36,,,,,,
4404,30,54,79,85,80,75,72,85,ea_official,override_espn,2026-08-12 10:40:36,,,,,,
4405,32,77,83,73,80,50,80,84,ea_official,override_espn,2026-08-12 10:40:36,,,,,,
4406,33,66,74,78,81,66,66,77,ea_official,override_espn,2026-08-12 10:40:36,,,,,,
4407,36,79,73,77,87,35,58,80,ea_official,override_espn,2026-08-12 10:40:36,,,,,,
4408,38,78,75,72,78,46,79,78,ea_official,override_espn,2026-08-12 10:40:36,,,,,,
4409,39,74,62,72,73,78,81,79,ea_official,override_espn,2026-08-12 10:40:36,,,,,,
4410,40,87,65,75,81,73,63,79,ea_official,override_espn,2026-08-12 10:40:36,,,,,,
4411,45,72,70,77,81,53,50,78,ea_official,override_espn,2026-08-12 10:40:36,,,,,,
4412,48,80,34,62,62,86,86,86,ea_official,override_espn,2026-08-12 10:40:36,,,,,,
4413,51,92,79,82,83,82,79,89,ea_official,override_espn,2026-08-12 10:40:36,,,,,,
4414,55,91,88,83,93,50,69,90,ea_official,override_espn,2026-08-12 10:40:36,,,,,,
4415,56,86,80,83,88,58,78,87,ea_official,override_espn,2026-08-12 10:40:36,,,,,,
4416,57,83,80,77,90,55,74,85,ea_official,override_espn,2026-08-12 10:40:36,,,,,,
4417,58,79,68,76,79,75,79,80,ea_official,override_espn,2026-08-12 10:40:36,,,,,,
4418,65,71,54,72,70,82,77,81,ea_official,override_espn,2026-08-12 10:40:36,,,,,,
4419,67,84,79,73,86,50,80,83,ea_official,override_espn,2026-08-12 10:40:36,,,,,,
4420,69,90,77,78,84,39,66,84,ea_official,override_espn,2026-08-12 10:40:36,,,,,,
4421,72,77,39,68,72,87,83,87,ea_official,override_espn,2026-08-12 10:40:36,,,,,,
4422,73,84,41,65,72,84,82,83,ea_official,override_espn,2026-08-12 10:40:36,,,,,,
4423,75,84,82,85,88,60,73,88,ea_official,override_espn,2026-08-12 10:40:36,,,,,,
4424,76,72,73,84,80,83,83,87,ea_official,override_espn,2026-08-12 10:40:36,,,,,,
4425,77,76,60,74,77,75,78,78,ea_official,override_espn,2026-08-12 10:40:36,,,,,,
4426,78,72,79,78,81,48,74,82,ea_official,override_espn,2026-08-12 10:40:36,,,,,,
4427,79,80,81,80,85,30,60,83,ea_official,override_espn,2026-08-12 10:40:36,,,,,,
4428,80,68,79,88,87,67,65,87,ea_official,override_espn,2026-08-12 10:40:36,,,,,,
4429,82,76,48,72,77,82,80,82,ea_official,override_espn,2026-08-12 10:40:36,,,,,,
4430,86,88,75,74,83,45,69,80,ea_official,override_espn,2026-08-12 10:40:36,,,,,,
4431,87,90,86,73,81,36,91,87,ea_official,override_espn,2026-08-12 10:40:36,,,,,,
4432,88,74,80,81,87,50,68,83,ea_official,override_espn,2026-08-12 10:40:36,,,,,,
4433,90,72,66,71,75,77,77,78,ea_official,override_espn,2026-08-12 10:40:36,,,,,,
4434,139,82,78,77,82,55,80,81,ea_official,override_espn,2026-08-12 10:40:36,,,,,,
4435,140,88,40,57,67,80,82,79,ea_official,override_espn,2026-08-12 10:40:36,,,,,,
4436,144,62,62,81,77,75,69,79,ea_official,override_espn,2026-08-12 10:40:36,,,,,,
4437,145,75,41,68,73,76,70,78,ea_official,override_espn,2026-08-12 10:40:36,,,,,,
4438,147,75,84,70,77,41,81,82,ea_official,override_espn,2026-08-12 10:40:36,,,,,,
4439,161,79,78,72,80,37,78,79,ea_official,override_espn,2026-08-12 10:40:36,,,,,,
4440,162,78,78,74,80,43,77,79,ea_official,override_espn,2026-08-12 10:40:36,,,,,,
4441,243,48,80,71,73,41,79,79,ea_official,override_espn,2026-08-12 10:40:36,,,,,,
4442,250,76,70,68,73,55,73,73,ea_official,override_espn,2026-08-12 10:40:36,,,,,,
4443,252,63,74,72,71,75,81,76,ea_official,override_espn,2026-08-12 10:40:36,,,,,,
4444,253,77,72,76,75,22,69,73,ea_official,override_espn,2026-08-12 10:40:36,,,,,,
4445,260,76,50,75,78,68,61,75,ea_official,override_espn,2026-08-12 10:40:36,,,,,,
4446,273,81,81,90,81,31,86,84,ea_official,override_espn,2026-08-12 10:40:36,,,,,,
4447,275,77,45,64,73,84,84,85,ea_official,override_espn,2026-08-12 10:40:36,,,,,,
4448,276,58,67,79,79,60,60,76,ea_official,override_espn,2026-08-12 10:40:36,,,,,,
4449,277,82,69,76,75,81,76,82,ea_official,override_espn,2026-08-12 10:40:36,,,,,,
4450,278,80,82,80,90,66,65,88,ea_official,override_espn,2026-08-12 10:40:36,,,,,,
4451,279,77,78,80,80,80,82,82,ea_official,override_espn,2026-08-12 10:40:36,,,,,,
4452,280,72,74,89,84,83,79,89,ea_official,override_espn,2026-08-12 10:40:36,,,,,,
4453,281,82,77,69,79,40,77,80,ea_official,override_espn,2026-08-12 10:40:36,,,,,,
4454,282,88,81,76,87,45,75,85,ea_official,override_espn,2026-08-12 10:40:36,,,,,,
4455,283,69,58,60,69,34,37,63,ea_official,override_espn,2026-08-12 10:40:36,,,,,,
4456,284,79,83,78,84,43,66,82,ea_official,override_espn,2026-08-12 10:40:36,,,,,,
4457,285,69,78,85,88,74,54,80,ea_official,override_espn,2026-08-12 10:40:36,,,,,,
4458,287,78,80,84,87,50,66,86,ea_official,override_espn,2026-08-12 10:40:36,,,,,,
4459,288,74,70,79,76,32,74,74,ea_official,override_espn,2026-08-12 10:40:36,,,,,,
4460,290,63,38,60,63,87,86,87,ea_official,override_espn,2026-08-12 10:40:36,,,,,,
4461,293,77,76,70,78,21,75,75,ea_official,override_espn,2026-08-12 10:40:36,,,,,,
4462,294,70,39,63,65,78,76,77,ea_official,override_espn,2026-08-12 10:40:36,,,,,,
4463,295,74,59,68,69,73,79,74,ea_official,override_espn,2026-08-12 10:40:36,,,,,,
4464,296,68,64,74,75,73,68,75,ea_official,override_espn,2026-08-12 10:40:36,,,,,,
4465,297,55,71,81,77,64,61,76,ea_official,override_espn,2026-08-12 10:40:36,,,,,,
4466,298,71,70,74,78,77,68,77,ea_official,override_espn,2026-08-12 10:40:36,,,,,,
4467,299,80,54,67,74,62,69,70,ea_official,override_espn,2026-08-12 10:40:36,,,,,,
4468,300,83,49,60,69,71,76,74,ea_official,override_espn,2026-08-12 10:40:36,,,,,,
4469,303,84,78,79,78,53,63,80,ea_official,override_espn,2026-08-12 10:40:36,,,,,,
4470,304,67,72,72,80,38,68,75,ea_official,override_espn,2026-08-12 10:40:36,,,,,,
4471,305,72,71,75,76,65,67,75,ea_official,override_espn,2026-08-12 10:40:36,,,,,,
4472,306,73,56,63,73,73,71,74,ea_official,override_espn,2026-08-12 10:40:36,,,,,,
4473,308,83,75,68,76,39,76,75,ea_official,override_espn,2026-08-12 10:40:36,,,,,,
4474,310,72,63,51,63,28,60,64,ea_official,override_espn,2026-08-12 10:40:36,,,,,,
4475,311,67,33,49,56,70,67,68,ea_official,override_espn,2026-08-12 10:40:36,,,,,,
4476,312,58,41,54,50,76,72,74,ea_official,override_espn,2026-08-12 10:40:36,,,,,,
4477,393,76,63,71,75,75,74,76,ea_official,override_espn,2026-08-12 10:40:36,,,,,,
4478,400,68,78,78,76,77,79,81,ea_official,override_espn,2026-08-12 10:40:36,,,,,,
4479,415,85,69,76,78,73,69,80,ea_official,override_espn,2026-08-12 10:40:36,,,,,,
4480,417,55,65,76,72,73,78,77,ea_official,override_espn,2026-08-12 10:40:36,,,,,,
4481,419,84,76,67,77,31,66,75,ea_official,override_espn,2026-08-12 10:40:36,,,,,,
4482,431,87,83,64,87,44,86,86,ea_official,override_espn,2026-08-12 10:40:36,,,,,,
4483,432,69,47,67,66,84,84,82,ea_official,override_espn,2026-08-12 10:40:36,,,,,,
4484,433,73,70,70,77,78,79,79,ea_official,override_espn,2026-08-12 10:40:36,,,,,,
4485,435,82,74,73,81,80,86,82,ea_official,override_espn,2026-08-12 10:40:36,,,,,,
4486,436,70,68,71,74,72,78,74,ea_official,override_espn,2026-08-12 10:40:36,,,,,,
4487,437,77,56,75,76,73,74,77,ea_official,override_espn,2026-08-12 10:40:36,,,,,,
4488,438,74,63,71,76,77,82,79,ea_official,override_espn,2026-08-12 10:40:36,,,,,,
4489,439,72,88,76,83,45,83,87,ea_official,override_espn,2026-08-12 10:40:36,,,,,,
4490,440,74,78,83,84,44,70,83,ea_official,override_espn,2026-08-12 10:40:36,,,,,,
4491,441,86,79,68,80,43,62,79,ea_official,override_espn,2026-08-12 10:40:36,,,,,,
4492,443,96,76,72,82,36,69,81,ea_official,override_espn,2026-08-12 10:40:36,,,,,,
4493,444,74,80,80,80,76,76,80,ea_official,override_espn,2026-08-12 10:40:36,,,,,,
4494,445,77,41,60,63,58,70,64,ea_official,override_espn,2026-08-12 10:40:36,,,,,,
4495,446,70,59,68,73,75,79,75,ea_official,override_espn,2026-08-12 10:40:36,,,,,,
4496,447,72,71,79,76,41,74,75,ea_official,override_espn,2026-08-12 10:40:36,,,,,,
4497,448,65,60,59,65,29,62,63,ea_official,override_espn,2026-08-12 10:40:36,,,,,,
4498,452,74,66,74,79,57,66,76,ea_official,override_espn,2026-08-12 10:40:36,,,,,,
4499,454,86,83,71,86,30,85,84,ea_official,override_espn,2026-08-12 10:40:36,,,,,,
4500,459,61,74,77,76,83,80,81,ea_official,override_espn,2026-08-12 10:40:36,,,,,,
4501,461,76,73,77,77,76,69,79,ea_official,override_espn,2026-08-12 10:40:36,,,,,,
4502,462,65,81,67,74,36,70,79,ea_official,override_espn,2026-08-12 10:40:36,,,,,,
4503,465,86,54,72,76,71,74,78,ea_official,override_espn,2026-08-12 10:40:36,,,,,,
4504,469,75,72,74,76,44,79,76,ea_official,override_espn,2026-08-12 10:40:36,,,,,,
4505,470,79,63,69,72,71,81,75,ea_official,override_espn,2026-08-12 10:40:36,,,,,,
4506,475,55,35,57,61,80,71,77,ea_official,override_espn,2026-08-12 10:40:36,,,,,,
4507,501,80,32,64,71,76,75,76,ea_official,override_espn,2026-08-12 10:40:36,,,,,,
4508,516,68,81,82,84,68,71,82,ea_official,override_espn,2026-08-12 10:40:36,,,,,,
4509,564,72,49,67,71,80,77,79,ea_official,override_espn,2026-08-12 10:40:36,,,,,,
4510,568,47,75,85,74,78,82,85,ea_official,override_espn,2026-08-12 10:40:36,,,,,,
4511,569,72,59,70,75,78,78,78,ea_official,override_espn,2026-08-12 10:40:36,,,,,,
4512,570,84,73,56,72,30,80,77,ea_official,override_espn,2026-08-12 10:40:36,,,,,,
4513,582,90,83,70,90,52,87,89,ea_official,override_espn,2026-08-12 10:40:36,,,,,,
4514,583,72,53,72,75,84,74,83,ea_official,override_espn,2026-08-12 10:40:36,,,,,,
4515,588,81,81,82,89,57,57,85,ea_official,override_espn,2026-08-12 10:40:36,,,,,,
4516,590,86,91,70,80,45,88,90,ea_official,override_espn,2026-08-12 10:40:36,,,,,,
4517,592,75,75,80,88,21,65,81,ea_official,override_espn,2026-08-12 10:40:36,,,,,,
4518,593,79,79,82,85,77,77,86,ea_official,override_espn,2026-08-12 10:40:36,,,,,,
4519,601,91,71,72,87,32,68,80,ea_official,override_espn,2026-08-12 10:40:36,,,,,,
4520,621,74,75,73,75,60,77,76,ea_official,override_espn,2026-08-12 10:40:36,,,,,,
4521,625,70,50,57,64,85,82,83,ea_official,override_espn,2026-08-12 10:40:36,,,,,,
4522,627,52,74,78,75,78,81,80,ea_official,override_espn,2026-08-12 10:40:36,,,,,,
4523,630,86,78,72,82,35,67,79,ea_official,override_espn,2026-08-12 10:40:36,,,,,,
4524,631,75,77,80,80,73,73,80,ea_official,override_espn,2026-08-12 10:40:36,,,,,,
4525,665,78,74,80,80,40,77,78,ea_official,override_espn,2026-08-12 10:40:36,,,,,,
4526,687,69,39,69,73,83,78,82,ea_official,override_espn,2026-08-12 10:40:36,,,,,,
4527,705,80,79,76,81,53,80,80,ea_official,override_espn,2026-08-12 10:40:36,,,,,,
4528,709,73,47,67,69,76,76,77,ea_official,override_espn,2026-08-12 10:40:36,,,,,,
4529,717,68,57,70,72,74,71,76,ea_official,override_espn,2026-08-12 10:40:36,,,,,,
4530,725,74,72,77,77,38,74,75,ea_official,override_espn,2026-08-12 10:40:36,,,,,,
4531,763,82,72,66,75,35,58,72,ea_official,override_espn,2026-08-12 10:40:36,,,,,,
4532,775,45,58,70,69,77,75,77,ea_official,override_espn,2026-08-12 10:40:36,,,,,,
4533,778,89,69,67,76,41,64,74,ea_official,override_espn,2026-08-12 10:40:36,,,,,,
4534,789,83,73,71,76,44,67,75,ea_official,override_espn,2026-08-12 10:40:36,,,,,,
4535,801,59,84,63,76,35,80,82,ea_official,override_espn,2026-08-12 10:40:36,,,,,,
4536,896,81,76,84,82,48,78,81,ea_official,override_espn,2026-08-12 10:40:36,,,,,,
4537,898,69,38,56,62,73,72,72,ea_official,override_espn,2026-08-12 10:40:36,,,,,,
4538,899,81,33,55,58,70,72,70,ea_official,override_espn,2026-08-12 10:40:36,,,,,,
4539,900,67,49,67,73,66,68,68,ea_official,override_espn,2026-08-12 10:40:36,,,,,,
4540,901,66,82,74,80,33,77,80,ea_official,override_espn,2026-08-12 10:40:36,,,,,,
4541,902,56,58,83,84,76,71,83,ea_official,override_espn,2026-08-12 10:40:36,,,,,,
4542,903,45,36,63,68,77,74,76,ea_official,override_espn,2026-08-12 10:40:36,,,,,,
4543,905,83,71,65,78,46,72,75,ea_official,override_espn,2026-08-12 10:40:36,,,,,,
4544,906,76,64,76,82,38,56,76,ea_official,override_espn,2026-08-12 10:40:36,,,,,,
4545,907,71,67,66,74,39,68,71,ea_official,override_espn,2026-08-12 10:40:36,,,,,,
4546,908,63,58,60,63,18,59,59,ea_official,override_espn,2026-08-12 10:40:36,,,,,,
4547,910,64,42,52,62,68,71,69,ea_official,override_espn,2026-08-12 10:40:36,,,,,,
4548,911,68,27,51,62,72,74,72,ea_official,override_espn,2026-08-12 10:40:36,,,,,,
4549,912,70,68,75,78,33,58,75,ea_official,override_espn,2026-08-12 10:40:36,,,,,,
4550,914,81,62,77,77,78,74,82,ea_official,override_espn,2026-08-12 10:40:36,,,,,,
4551,915,84,69,71,83,51,58,77,ea_official,override_espn,2026-08-12 10:40:36,,,,,,
4552,916,76,53,64,73,73,73,76,ea_official,override_espn,2026-08-12 10:40:36,,,,,,
4553,928,70,65,74,73,75,78,79,ea_official,override_espn,2026-08-12 10:40:36,,,,,,
4554,945,58,81,81,80,52,62,79,ea_official,override_espn,2026-08-12 10:40:36,,,,,,
4555,967,84,70,70,76,60,68,75,ea_official,override_espn,2026-08-12 10:40:36,,,,,,
4556,979,77,72,65,79,34,77,77,ea_official,override_espn,2026-08-12 10:40:36,,,,,,
4557,981,65,48,57,59,69,79,70,ea_official,override_espn,2026-08-12 10:40:36,,,,,,
4558,983,67,68,71,70,72,80,75,ea_official,override_espn,2026-08-12 10:40:36,,,,,,
4559,984,49,50,61,66,69,72,71,ea_official,override_espn,2026-08-12 10:40:36,,,,,,
4560,985,84,59,59,67,61,60,68,ea_official,override_espn,2026-08-12 10:40:36,,,,,,
4561,986,69,58,68,72,66,69,73,ea_official,override_espn,2026-08-12 10:40:36,,,,,,
4562,987,82,71,65,70,35,71,71,ea_official,override_espn,2026-08-12 10:40:36,,,,,,
4563,989,61,67,69,71,41,65,69,ea_official,override_espn,2026-08-12 10:40:36,,,,,,
4564,990,68,64,65,70,24,66,67,ea_official,override_espn,2026-08-12 10:40:36,,,,,,
4565,991,77,59,62,61,62,78,68,ea_official,override_espn,2026-08-12 10:40:36,,,,,,
4566,992,62,44,60,63,59,62,63,ea_official,override_espn,2026-08-12 10:40:36,,,,,,
4567,994,74,67,43,61,26,61,65,ea_official,override_espn,2026-08-12 10:40:36,,,,,,
4568,995,75,48,62,65,64,67,69,ea_official,override_espn,2026-08-12 10:40:36,,,,,,
4569,997,67,31,49,50,65,65,65,ea_official,override_espn,2026-08-12 10:40:36,,,,,,
4570,1003,87,61,69,72,68,80,74,ea_official,override_espn,2026-08-12 10:40:36,,,,,,
4571,1011,53,61,70,68,69,69,70,ea_official,override_espn,2026-08-12 10:40:36,,,,,,
4572,1021,69,44,65,75,77,78,76,ea_official,override_espn,2026-08-12 10:40:36,,,,,,
4573,1058,91,63,61,79,26,57,72,ea_official,override_espn,2026-08-12 10:40:36,,,,,,
4574,1061,52,69,76,69,76,80,75,ea_official,override_espn,2026-08-12 10:40:36,,,,,,
4575,1143,78,72,65,79,65,75,76,ea_official,override_espn,2026-08-12 10:40:36,,,,,,
4576,1248,55,64,73,76,79,83,80,ea_official,override_espn,2026-08-12 10:40:36,,,,,,
4577,1263,46,44,58,53,76,78,75,ea_official,override_espn,2026-08-12 10:40:36,,,,,,
4578,1265,63,42,59,65,78,83,78,ea_official,override_espn,2026-08-12 10:40:36,,,,,,
4579,1266,51,59,65,70,66,67,70,ea_official,override_espn,2026-08-12 10:40:36,,,,,,
4580,1267,71,62,69,76,65,70,74,ea_official,override_espn,2026-08-12 10:40:36,,,,,,
4581,1268,57,43,57,62,79,83,75,ea_official,override_espn,2026-08-12 10:40:36,,,,,,
4582,1269,87,69,71,77,68,71,75,ea_official,override_espn,2026-08-12 10:40:36,,,,,,
4583,1270,61,67,71,74,63,70,74,ea_official,override_espn,2026-08-12 10:40:36,,,,,,
4584,1271,83,62,58,71,27,73,69,ea_official,override_espn,2026-08-12 10:40:36,,,,,,
4585,1272,71,70,51,65,30,77,72,ea_official,override_espn,2026-08-12 10:40:36,,,,,,
4586,1273,87,74,63,75,47,66,73,ea_official,override_espn,2026-08-12 10:40:36,,,,,,
4587,1274,71,66,71,76,73,79,74,ea_official,override_espn,2026-08-12 10:40:36,,,,,,
4588,1275,93,70,64,67,41,74,73,ea_official,override_espn,2026-08-12 10:40:36,,,,,,
4589,1276,68,55,59,66,33,42,62,ea_official,override_espn,2026-08-12 10:40:36,,,,,,
4590,1277,78,64,66,73,52,59,70,ea_official,override_espn,2026-08-12 10:40:36,,,,,,
4591,1278,67,65,74,68,74,79,75,ea_official,override_espn,2026-08-12 10:40:36,,,,,,
4592,1281,70,69,67,70,25,70,70,ea_official,override_espn,2026-08-12 10:40:36,,,,,,
4593,1282,67,63,61,71,19,66,67,ea_official,override_espn,2026-08-12 10:40:36,,,,,,
4594,1283,75,44,64,69,79,77,77,ea_official,override_espn,2026-08-12 10:40:36,,,,,,
4595,1284,79,50,62,66,74,78,75,ea_official,override_espn,2026-08-12 10:40:36,,,,,,
4596,1285,64,63,69,71,66,73,71,ea_official,override_espn,2026-08-12 10:40:36,,,,,,
4597,1286,75,54,73,72,69,70,74,ea_official,override_espn,2026-08-12 10:40:36,,,,,,
4598,1287,68,62,72,67,74,78,76,ea_official,override_espn,2026-08-12 10:40:36,,,,,,
4599,1288,74,75,79,79,69,76,78,ea_official,override_espn,2026-08-12 10:40:36,,,,,,
4600,1289,63,73,74,77,75,79,78,ea_official,override_espn,2026-08-12 10:40:36,,,,,,
4601,1290,60,67,51,62,30,76,68,ea_official,override_espn,2026-08-12 10:40:36,,,,,,
4602,1291,77,67,78,83,56,58,78,ea_official,override_espn,2026-08-12 10:40:36,,,,,,
4603,1292,79,75,69,76,36,68,75,ea_official,override_espn,2026-08-12 10:40:36,,,,,,
4604,1293,54,33,35,36,57,58,56,ea_official,override_espn,2026-08-12 10:40:36,,,,,,
4605,1295,72,71,69,76,35,73,73,ea_official,override_espn,2026-08-12 10:40:36,,,,,,
4606,1297,67,60,48,57,26,62,61,ea_official,override_espn,2026-08-12 10:40:36,,,,,,
4607,1299,73,69,71,79,57,59,73,ea_official,override_espn,2026-08-12 10:40:36,,,,,,
4608,1300,88,74,63,73,30,60,73,ea_official,override_espn,2026-08-12 10:40:36,,,,,,
4609,1301,86,54,59,74,66,66,71,ea_official,override_espn,2026-08-12 10:40:36,,,,,,
4610,1333,79,75,62,75,40,68,76,ea_official,override_espn,2026-08-12 10:40:36,,,,,,
4611,1335,75,75,77,80,54,67,77,ea_official,override_espn,2026-08-12 10:40:36,,,,,,
4612,1338,79,81,79,83,49,67,82,ea_official,override_espn,2026-08-12 10:40:36,,,,,,
4613,1344,74,76,70,75,74,74,74,ea_official,override_espn,2026-08-12 10:40:36,,,,,,
4614,1345,77,69,68,74,68,74,74,ea_official,override_espn,2026-08-12 10:40:36,,,,,,
4615,1348,69,53,60,57,75,86,75,ea_official,override_espn,2026-08-12 10:40:36,,,,,,
4616,1351,80,65,73,73,61,64,72,ea_official,override_espn,2026-08-12 10:40:36,,,,,,
4617,1360,92,70,67,73,39,69,71,ea_official,override_espn,2026-08-12 10:40:36,,,,,,
4618,1383,75,72,69,82,42,74,76,ea_official,override_espn,2026-08-12 10:40:36,,,,,,
4619,1436,74,60,75,73,85,82,85,ea_official,override_espn,2026-08-12 10:40:36,,,,,,
4620,1451,61,51,68,67,81,79,81,ea_official,override_espn,2026-08-12 10:40:36,,,,,,
4621,1452,73,70,67,70,30,71,71,ea_official,override_espn,2026-08-12 10:40:36,,,,,,
4622,1454,74,70,81,76,28,72,73,ea_official,override_espn,2026-08-12 10:40:36,,,,,,
4623,1455,46,40,51,53,78,81,76,ea_official,override_espn,2026-08-12 10:40:36,,,,,,
4624,1456,66,42,49,55,73,73,72,ea_official,override_espn,2026-08-12 10:40:36,,,,,,
4625,1457,85,53,64,70,66,74,72,ea_official,override_espn,2026-08-12 10:40:36,,,,,,
4626,1458,70,71,72,77,71,70,74,ea_official,override_espn,2026-08-12 10:40:36,,,,,,
4627,1459,56,54,60,64,68,78,69,ea_official,override_espn,2026-08-12 10:40:36,,,,,,
4628,1460,63,31,48,57,60,55,62,ea_official,override_espn,2026-08-12 10:40:36,,,,,,
4629,1462,65,73,59,70,36,79,75,ea_official,override_espn,2026-08-12 10:40:36,,,,,,
4630,1463,86,70,68,74,54,69,74,ea_official,override_espn,2026-08-12 10:40:36,,,,,,
4631,1465,64,60,65,69,68,72,70,ea_official,override_espn,2026-08-12 10:40:36,,,,,,
4632,1466,65,57,64,64,76,81,74,ea_official,override_espn,2026-08-12 10:40:36,,,,,,
4633,1467,62,68,48,63,29,72,68,ea_official,override_espn,2026-08-12 10:40:36,,,,,,
4634,1468,73,69,69,68,30,72,68,ea_official,override_espn,2026-08-12 10:40:36,,,,,,
4635,1470,63,72,71,71,69,75,73,ea_official,override_espn,2026-08-12 10:40:36,,,,,,
4636,1471,71,40,59,63,69,73,71,ea_official,override_espn,2026-08-12 10:40:36,,,,,,
4637,1472,95,64,56,70,37,63,69,ea_official,override_espn,2026-08-12 10:40:36,,,,,,
4638,1473,80,67,54,65,25,66,68,ea_official,override_espn,2026-08-12 10:40:36,,,,,,
4639,1516,83,79,80,84,42,83,82,ea_official,override_espn,2026-08-12 10:40:36,,,,,,
4640,1517,64,40,55,69,84,80,82,ea_official,override_espn,2026-08-12 10:40:36,,,,,,
4641,1520,90,61,75,81,71,61,78,ea_official,override_espn,2026-08-12 10:40:36,,,,,,
4642,1521,68,71,77,77,73,69,77,ea_official,override_espn,2026-08-12 10:40:36,,,,,,
4643,1525,88,78,77,87,57,66,84,ea_official,override_espn,2026-08-12 10:40:36,,,,,,
4644,1535,76,63,77,78,75,71,79,ea_official,override_espn,2026-08-12 10:40:36,,,,,,
4645,1540,72,74,73,76,77,77,80,ea_official,override_espn,2026-08-12 10:40:36,,,,,,
4646,1542,74,65,78,79,70,63,77,ea_official,override_espn,2026-08-12 10:40:36,,,,,,
4647,1544,46,73,76,75,75,70,77,ea_official,override_espn,2026-08-12 10:40:36,,,,,,
4648,1545,73,75,55,67,34,79,75,ea_official,override_espn,2026-08-12 10:40:36,,,,,,
4649,1547,75,67,70,76,72,67,75,ea_official,override_espn,2026-08-12 10:40:36,,,,,,
4650,1549,66,68,77,75,69,70,75,ea_official,override_espn,2026-08-12 10:40:36,,,,,,
4651,1552,68,41,59,69,79,66,76,ea_official,override_espn,2026-08-12 10:40:36,,,,,,
4652,1555,86,82,58,81,40,74,83,ea_official,override_espn,2026-08-12 10:40:36,,,,,,
4653,1560,82,80,74,84,46,76,81,ea_official,override_espn,2026-08-12 10:40:36,,,,,,
4654,1578,91,63,63,74,30,51,72,ea_official,override_espn,2026-08-12 10:40:36,,,,,,
4655,1707,72,36,63,66,78,76,77,ea_official,override_espn,2026-08-12 10:40:36,,,,,,
4656,1713,65,71,80,74,75,77,79,ea_official,override_espn,2026-08-12 10:40:36,,,,,,
4657,1715,92,75,70,78,30,68,78,ea_official,override_espn,2026-08-12 10:40:36,,,,,,
4658,1853,74,57,71,72,80,72,78,ea_official,override_espn,2026-08-12 10:40:36,,,,,,
4659,1854,94,66,78,85,74,76,84,ea_official,override_espn,2026-08-12 10:40:36,,,,,,
4660,1858,64,92,83,82,48,82,89,ea_official,override_espn,2026-08-12 10:40:36,,,,,,
4661,1870,76,70,81,80,52,76,77,ea_official,override_espn,2026-08-12 10:40:36,,,,,,
4662,1871,63,30,53,54,79,73,76,ea_official,override_espn,2026-08-12 10:40:36,,,,,,
4663,1872,66,43,56,61,74,84,76,ea_official,override_espn,2026-08-12 10:40:36,,,,,,
4664,1875,68,48,66,74,70,72,72,ea_official,override_espn,2026-08-12 10:40:36,,,,,,
4665,1876,83,55,69,73,70,67,76,ea_official,override_espn,2026-08-12 10:40:36,,,,,,
4666,1877,80,58,67,70,70,75,73,ea_official,override_espn,2026-08-12 10:40:36,,,,,,
4667,1878,76,70,67,72,39,63,70,ea_official,override_espn,2026-08-12 10:40:36,,,,,,
4668,1879,75,74,73,81,68,66,77,ea_official,override_espn,2026-08-12 10:40:36,,,,,,
4669,1880,74,69,71,75,51,62,74,ea_official,override_espn,2026-08-12 10:40:36,,,,,,
4670,1881,73,72,50,67,26,81,74,ea_official,override_espn,2026-08-12 10:40:36,,,,,,
4671,1882,77,52,65,73,68,66,72,ea_official,override_espn,2026-08-12 10:40:36,,,,,,
4672,1883,63,48,63,66,69,73,71,ea_official,override_espn,2026-08-12 10:40:36,,,,,,
4673,1884,68,64,63,72,38,51,68,ea_official,override_espn,2026-08-12 10:40:36,,,,,,
4674,1885,78,67,69,79,41,56,73,ea_official,override_espn,2026-08-12 10:40:36,,,,,,
4675,1887,74,71,71,73,70,77,75,ea_official,override_espn,2026-08-12 10:40:36,,,,,,
4676,2082,71,76,68,77,46,74,76,ea_official,override_espn,2026-08-12 10:40:36,,,,,,
4677,2096,73,68,65,73,43,76,73,ea_official,override_espn,2026-08-12 10:40:36,,,,,,
4678,2097,57,77,76,73,83,81,81,ea_official,override_espn,2026-08-12 10:40:36,,,,,,
4679,2098,75,56,68,70,82,80,81,ea_official,override_espn,2026-08-12 10:40:36,,,,,,
4680,2099,70,34,59,68,74,75,75,ea_official,override_espn,2026-08-12 10:40:36,,,,,,
4681,2100,62,76,80,82,81,71,84,ea_official,override_espn,2026-08-12 10:40:36,,,,,,
4682,2101,70,47,67,72,70,78,75,ea_official,override_espn,2026-08-12 10:40:36,,,,,,
4683,2104,72,83,71,81,38,77,85,ea_official,override_espn,2026-08-12 10:40:36,,,,,,
4684,2105,94,60,59,72,32,60,70,ea_official,override_espn,2026-08-12 10:40:36,,,,,,
4685,2106,64,76,78,79,64,68,78,ea_official,override_espn,2026-08-12 10:40:36,,,,,,
4686,2107,78,79,75,80,36,71,79,ea_official,override_espn,2026-08-12 10:40:36,,,,,,
4687,2109,63,70,61,68,26,57,68,ea_official,override_espn,2026-08-12 10:40:36,,,,,,
4688,2110,68,42,57,60,66,58,65,ea_official,override_espn,2026-08-12 10:40:36,,,,,,
4689,2111,75,66,66,79,40,62,71,ea_official,override_espn,2026-08-12 10:40:36,,,,,,
4690,2112,77,76,68,78,52,73,76,ea_official,override_espn,2026-08-12 10:40:36,,,,,,
4691,2115,68,58,64,70,38,63,66,ea_official,override_espn,2026-08-12 10:40:36,,,,,,
4692,2125,92,72,70,76,35,71,75,ea_official,override_espn,2026-08-12 10:40:36,,,,,,
4693,2126,59,75,57,68,34,81,75,ea_official,override_espn,2026-08-12 10:40:36,,,,,,
4694,2141,83,68,65,74,48,57,71,ea_official,override_espn,2026-08-12 10:40:36,,,,,,
4695,2222,83,81,78,83,39,80,83,ea_official,override_espn,2026-08-12 10:40:36,,,,,,
4696,2223,60,37,59,66,74,79,75,ea_official,override_espn,2026-08-12 10:40:36,,,,,,
4697,2225,60,32,48,51,68,78,70,ea_official,override_espn,2026-08-12 10:40:36,,,,,,
4698,2226,58,56,70,70,74,71,73,ea_official,override_espn,2026-08-12 10:40:36,,,,,,
4699,2227,60,59,73,69,62,70,70,ea_official,override_espn,2026-08-12 10:40:36,,,,,,
4700,2228,62,72,70,73,74,77,75,ea_official,override_espn,2026-08-12 10:40:36,,,,,,
4701,2230,65,74,59,72,28,74,73,ea_official,override_espn,2026-08-12 10:40:36,,,,,,
4702,2231,91,59,62,71,28,51,70,ea_official,override_espn,2026-08-12 10:40:36,,,,,,
4703,2232,75,71,60,73,38,74,73,ea_official,override_espn,2026-08-12 10:40:36,,,,,,
4704,2233,76,48,59,70,75,74,74,ea_official,override_espn,2026-08-12 10:40:36,,,,,,
4705,2234,68,64,64,70,26,69,68,ea_official,override_espn,2026-08-12 10:40:36,,,,,,
4706,2235,61,66,46,62,30,61,67,ea_official,override_espn,2026-08-12 10:40:36,,,,,,
4707,2236,75,37,60,67,72,73,74,ea_official,override_espn,2026-08-12 10:40:36,,,,,,
4708,2237,68,66,69,73,38,61,71,ea_official,override_espn,2026-08-12 10:40:36,,,,,,
4709,2239,74,65,74,75,69,74,74,ea_official,override_espn,2026-08-12 10:40:36,,,,,,
4710,2240,82,74,68,78,34,57,75,ea_official,override_espn,2026-08-12 10:40:36,,,,,,
4711,2310,92,59,58,74,48,59,68,ea_official,override_espn,2026-08-12 10:40:36,,,,,,
4712,2325,70,49,63,65,67,72,69,ea_official,override_espn,2026-08-12 10:40:36,,,,,,
4713,2442,83,82,85,89,50,87,87,ea_official,override_espn,2026-08-12 10:40:36,,,,,,
4714,2443,74,48,69,73,82,81,82,ea_official,override_espn,2026-08-12 10:40:36,,,,,,
4715,2444,74,46,75,76,88,82,87,ea_official,override_espn,2026-08-12 10:40:36,,,,,,
4716,2447,82,77,78,82,73,72,81,ea_official,override_espn,2026-08-12 10:40:36,,,,,,
4717,2449,80,78,84,82,79,77,85,ea_official,override_espn,2026-08-12 10:40:36,,,,,,
4718,2451,81,88,75,84,51,83,88,ea_official,override_espn,2026-08-12 10:40:36,,,,,,
4719,2458,57,50,65,65,87,81,84,ea_official,override_espn,2026-08-12 10:40:36,,,,,,
4720,2459,71,62,74,76,81,71,81,ea_official,override_espn,2026-08-12 10:40:36,,,,,,
4721,2461,62,41,68,69,86,74,84,ea_official,override_espn,2026-08-12 10:40:36,,,,,,
4722,2464,86,83,76,82,50,80,85,ea_official,override_espn,2026-08-12 10:40:36,,,,,,
4723,2468,61,35,49,52,66,70,66,ea_official,override_espn,2026-08-12 10:40:36,,,,,,
4724,2544,92,45,56,63,57,74,65,ea_official,override_espn,2026-08-12 10:40:36,,,,,,
4725,2645,82,77,80,83,54,81,82,ea_official,override_espn,2026-08-12 10:40:36,,,,,,
4726,2646,77,46,65,69,82,79,81,ea_official,override_espn,2026-08-12 10:40:36,,,,,,
4727,2647,74,44,70,72,79,81,79,ea_official,override_espn,2026-08-12 10:40:36,,,,,,
4728,2648,75,67,76,75,86,79,84,ea_official,override_espn,2026-08-12 10:40:36,,,,,,
4729,2651,77,78,76,80,74,83,80,ea_official,override_espn,2026-08-12 10:40:36,,,,,,
4730,2654,82,83,72,78,36,63,81,ea_official,override_espn,2026-08-12 10:40:36,,,,,,
4731,2655,83,83,77,83,37,63,82,ea_official,override_espn,2026-08-12 10:40:36,,,,,,
4732,2656,77,82,76,80,45,71,79,ea_official,override_espn,2026-08-12 10:40:36,,,,,,
4733,2662,70,55,77,79,68,66,77,ea_official,override_espn,2026-08-12 10:40:36,,,,,,
4734,2776,91,56,64,75,71,65,75,ea_official,override_espn,2026-08-12 10:40:36,,,,,,
4735,2780,78,69,66,74,34,55,72,ea_official,override_espn,2026-08-12 10:40:36,,,,,,
4736,2784,63,30,41,43,60,61,60,ea_official,override_espn,2026-08-12 10:40:36,,,,,,
4737,2799,73,77,78,78,67,74,78,ea_official,override_espn,2026-08-12 10:40:36,,,,,,
4738,2818,77,72,75,76,42,73,75,ea_official,override_espn,2026-08-12 10:40:36,,,,,,
4739,2845,61,48,59,57,71,77,71,ea_official,override_espn,2026-08-12 10:40:36,,,,,,
4740,2854,64,71,58,66,35,72,72,ea_official,override_espn,2026-08-12 10:40:36,,,,,,
4741,2861,92,51,50,73,28,57,66,ea_official,override_espn,2026-08-12 10:40:36,,,,,,
4742,2870,75,63,69,68,69,81,73,ea_official,override_espn,2026-08-12 10:40:36,,,,,,
4743,2880,89,57,59,71,26,42,67,ea_official,override_espn,2026-08-12 10:40:36,,,,,,
4744,2942,74,70,75,75,41,73,74,ea_official,override_espn,2026-08-12 10:40:36,,,,,,
4745,2944,65,52,59,61,73,78,72,ea_official,override_espn,2026-08-12 10:40:36,,,,,,
4746,2945,60,34,58,62,73,73,73,ea_official,override_espn,2026-08-12 10:40:36,,,,,,
4747,2946,60,59,74,76,68,70,75,ea_official,override_espn,2026-08-12 10:40:36,,,,,,
4748,2947,64,59,65,71,74,85,72,ea_official,override_espn,2026-08-12 10:40:36,,,,,,
4749,2948,73,66,73,73,71,73,75,ea_official,override_espn,2026-08-12 10:40:36,,,,,,
4750,2949,79,67,66,67,46,74,69,ea_official,override_espn,2026-08-12 10:40:36,,,,,,
4751,2950,81,69,64,74,42,64,71,ea_official,override_espn,2026-08-12 10:40:36,,,,,,
4752,2951,92,74,62,79,27,72,73,ea_official,override_espn,2026-08-12 10:40:36,,,,,,
4753,2953,90,69,56,73,22,66,72,ea_official,override_espn,2026-08-12 10:40:36,,,,,,
4754,2954,78,38,59,63,62,59,67,ea_official,override_espn,2026-08-12 10:40:36,,,,,,
4755,2958,56,73,49,66,30,75,73,ea_official,override_espn,2026-08-12 10:40:36,,,,,,
4756,2960,82,39,61,63,73,81,75,ea_official,override_espn,2026-08-12 10:40:36,,,,,,
4757,2961,85,54,63,69,61,72,70,ea_official,override_espn,2026-08-12 10:40:36,,,,,,
4758,3002,81,81,68,82,49,78,81,ea_official,override_espn,2026-08-12 10:40:36,,,,,,
4759,3003,56,37,62,65,83,82,82,ea_official,override_espn,2026-08-12 10:40:36,,,,,,
4760,3005,77,62,78,79,77,64,80,ea_official,override_espn,2026-08-12 10:40:36,,,,,,
4761,3006,66,65,83,77,80,71,80,ea_official,override_espn,2026-08-12 10:40:36,,,,,,
4762,3007,79,74,82,80,81,83,86,ea_official,override_espn,2026-08-12 10:40:36,,,,,,
4763,3011,91,79,78,83,50,71,83,ea_official,override_espn,2026-08-12 10:40:36,,,,,,
4764,3012,83,80,75,81,43,68,80,ea_official,override_espn,2026-08-12 10:40:36,,,,,,
4765,3019,67,78,65,79,41,74,79,ea_official,override_espn,2026-08-12 10:40:36,,,,,,
4766,3020,77,75,73,80,68,72,78,ea_official,override_espn,2026-08-12 10:40:36,,,,,,
4767,3022,92,72,76,82,39,70,81,ea_official,override_espn,2026-08-12 10:40:36,,,,,,
4768,3025,60,59,72,76,80,73,80,ea_official,override_espn,2026-08-12 10:40:36,,,,,,
4769,3028,79,76,72,74,64,74,77,ea_official,override_espn,2026-08-12 10:40:36,,,,,,
4770,3029,53,72,84,75,65,71,79,ea_official,override_espn,2026-08-12 10:40:36,,,,,,
4771,3033,92,74,70,77,45,71,76,ea_official,override_espn,2026-08-12 10:40:36,,,,,,
4772,3037,92,61,58,73,26,63,70,ea_official,override_espn,2026-08-12 10:40:36,,,,,,
4773,3040,65,64,66,68,77,82,77,ea_official,override_espn,2026-08-12 10:40:36,,,,,,
4774,3044,68,27,51,48,69,75,71,ea_official,override_espn,2026-08-12 10:40:36,,,,,,
4775,3045,66,44,63,66,83,81,82,ea_official,override_espn,2026-08-12 10:40:36,,,,,,
4776,3046,69,65,70,72,79,81,79,ea_official,override_espn,2026-08-12 10:40:36,,,,,,
4777,3047,77,73,71,78,71,77,78,ea_official,override_espn,2026-08-12 10:40:36,,,,,,
4778,3048,82,71,78,85,41,64,82,ea_official,override_espn,2026-08-12 10:40:36,,,,,,
4779,3049,83,53,71,77,71,51,77,ea_official,override_espn,2026-08-12 10:40:36,,,,,,
4780,3052,94,67,67,76,46,59,75,ea_official,override_espn,2026-08-12 10:40:36,,,,,,
4781,3053,60,75,85,85,56,67,82,ea_official,override_espn,2026-08-12 10:40:36,,,,,,
4782,3054,86,30,64,68,73,76,74,ea_official,override_espn,2026-08-12 10:40:36,,,,,,
4783,3056,89,71,69,76,56,64,77,ea_official,override_espn,2026-08-12 10:40:36,,,,,,
4784,3057,63,67,72,78,64,65,73,ea_official,override_espn,2026-08-12 10:40:36,,,,,,
4785,3058,76,71,81,77,41,73,76,ea_official,override_espn,2026-08-12 10:40:36,,,,,,
4786,3059,68,60,58,66,44,62,64,ea_official,override_espn,2026-08-12 10:40:36,,,,,,
4787,3060,64,73,74,75,80,74,80,ea_official,override_espn,2026-08-12 10:40:36,,,,,,
4788,3061,75,50,61,68,67,71,72,ea_official,override_espn,2026-08-12 10:40:36,,,,,,
4789,3190,69,45,67,65,84,79,82,ea_official,override_espn,2026-08-12 10:40:36,,,,,,
4790,3192,84,72,73,77,79,80,83,ea_official,override_espn,2026-08-12 10:40:36,,,,,,
4791,3195,85,65,73,77,76,67,78,ea_official,override_espn,2026-08-12 10:40:36,,,,,,
4792,3201,49,55,61,62,80,76,78,ea_official,override_espn,2026-08-12 10:40:36,,,,,,
4793,3206,63,78,59,67,34,82,76,ea_official,override_espn,2026-08-12 10:40:36,,,,,,
4794,3207,80,77,73,84,50,68,80,ea_official,override_espn,2026-08-12 10:40:36,,,,,,
4795,3209,79,82,75,75,41,84,84,ea_official,override_espn,2026-08-12 10:40:36,,,,,,
4796,3270,78,75,75,77,40,74,76,ea_official,override_espn,2026-08-12 10:40:36,,,,,,
4797,3271,72,43,68,73,81,75,80,ea_official,override_espn,2026-08-12 10:40:36,,,,,,
4798,3273,86,61,80,79,74,78,82,ea_official,override_espn,2026-08-12 10:40:36,,,,,,
4799,3274,81,72,73,81,71,75,78,ea_official,override_espn,2026-08-12 10:40:36,,,,,,
4800,3275,72,62,74,74,74,76,77,ea_official,override_espn,2026-08-12 10:40:36,,,,,,
4801,3276,74,72,72,79,47,63,77,ea_official,override_espn,2026-08-12 10:40:36,,,,,,
4802,3277,66,61,64,68,61,72,70,ea_official,override_espn,2026-08-12 10:40:36,,,,,,
4803,3279,89,72,68,81,41,63,76,ea_official,override_espn,2026-08-12 10:40:36,,,,,,
4804,3280,71,61,62,64,25,49,66,ea_official,override_espn,2026-08-12 10:40:36,,,,,,
4805,3282,72,36,60,56,74,79,75,ea_official,override_espn,2026-08-12 10:40:36,,,,,,
4806,3283,70,66,66,71,42,68,69,ea_official,override_espn,2026-08-12 10:40:36,,,,,,
4807,3285,85,55,59,73,30,54,68,ea_official,override_espn,2026-08-12 10:40:36,,,,,,
4808,3286,69,70,74,78,75,78,80,ea_official,override_espn,2026-08-12 10:40:36,,,,,,
4809,3287,75,76,66,71,28,76,74,ea_official,override_espn,2026-08-12 10:40:36,,,,,,
4810,3288,73,54,76,78,78,74,80,ea_official,override_espn,2026-08-12 10:40:36,,,,,,
4811,3289,85,72,70,81,33,63,78,ea_official,override_espn,2026-08-12 10:40:36,,,,,,
4812,3420,74,72,74,75,71,72,77,ea_official,override_espn,2026-08-12 10:40:36,,,,,,
4813,3448,69,51,60,63,84,78,83,ea_official,override_espn,2026-08-12 10:40:36,,,,,,
4814,3458,80,78,80,83,59,55,81,ea_official,override_espn,2026-08-12 10:40:36,,,,,,
4815,3475,57,65,71,76,72,76,74,ea_official,override_espn,2026-08-12 10:40:36,,,,,,
4816,3477,70,76,56,71,27,69,75,ea_official,override_espn,2026-08-12 10:40:36,,,,,,
4817,3478,91,77,74,83,36,57,80,ea_official,override_espn,2026-08-12 10:40:36,,,,,,
4818,3493,78,77,85,81,52,78,79,ea_official,override_espn,2026-08-12 10:40:36,,,,,,
4819,3498,75,77,82,84,60,72,82,ea_official,override_espn,2026-08-12 10:40:36,,,,,,
4820,3499,71,68,79,81,77,78,80,ea_official,override_espn,2026-08-12 10:40:36,,,,,,
4821,3502,82,75,75,81,50,63,78,ea_official,override_espn,2026-08-12 10:40:36,,,,,,
4822,3507,69,65,72,76,76,77,79,ea_official,override_espn,2026-08-12 10:40:36,,,,,,
4823,3514,73,60,72,72,90,87,90,ea_official,override_espn,2026-08-12 10:40:36,,,,,,
4824,3515,77,34,63,69,86,85,86,ea_official,override_espn,2026-08-12 10:40:36,,,,,,
4825,3517,79,82,84,82,67,76,83,ea_official,override_espn,2026-08-12 10:40:36,,,,,,
4826,3518,74,74,76,82,72,76,80,ea_official,override_espn,2026-08-12 10:40:36,,,,,,
4827,3519,66,82,85,85,78,76,87,ea_official,override_espn,2026-08-12 10:40:36,,,,,,
4828,3520,76,76,81,85,81,81,85,ea_official,override_espn,2026-08-12 10:40:36,,,,,,
4829,3522,83,82,80,83,47,74,84,ea_official,override_espn,2026-08-12 10:40:36,,,,,,
4830,3523,89,88,86,90,45,76,91,ea_official,override_espn,2026-08-12 10:40:36,,,,,,
4831,3525,87,80,75,83,44,68,81,ea_official,override_espn,2026-08-12 10:40:36,,,,,,
4832,3527,74,29,70,71,79,73,79,ea_official,override_espn,2026-08-12 10:40:36,,,,,,
4833,3616,83,81,75,84,27,76,81,ea_official,override_espn,2026-08-12 10:40:36,,,,,,
4834,3619,78,52,70,70,70,67,75,ea_official,override_espn,2026-08-12 10:40:36,,,,,,
4835,3625,88,66,69,77,34,49,75,ea_official,override_espn,2026-08-12 10:40:36,,,,,,
4836,3721,91,74,68,77,35,66,77,ea_official,override_espn,2026-08-12 10:40:36,,,,,,
4837,3734,91,71,63,73,37,68,73,ea_official,override_espn,2026-08-12 10:40:36,,,,,,
4838,3759,91,73,70,81,46,71,78,ea_official,override_espn,2026-08-12 10:40:36,,,,,,
4839,3783,66,70,74,72,69,71,74,ea_official,override_espn,2026-08-12 10:40:36,,,,,,
4840,3882,78,78,71,84,28,58,78,ea_official,override_espn,2026-08-12 10:40:36,,,,,,
4841,3883,70,79,80,83,56,68,82,ea_official,override_espn,2026-08-12 10:40:36,,,,,,
4842,3888,86,84,73,88,32,67,84,ea_official,override_espn,2026-08-12 10:40:36,,,,,,
4843,3902,77,56,66,75,71,76,73,ea_official,override_espn,2026-08-12 10:40:36,,,,,,
4844,3915,74,70,73,74,71,66,75,ea_official,override_espn,2026-08-12 10:40:36,,,,,,
4845,3945,65,79,82,82,62,72,81,ea_official,override_espn,2026-08-12 10:40:36,,,,,,
4846,4020,78,42,60,67,70,75,71,ea_official,override_espn,2026-08-12 10:40:36,,,,,,
4847,4029,67,40,70,71,80,82,80,ea_official,override_espn,2026-08-12 10:40:36,,,,,,
4848,4031,78,64,68,73,71,69,72,ea_official,override_espn,2026-08-12 10:40:36,,,,,,
4849,4053,80,64,75,76,77,78,79,ea_official,override_espn,2026-08-12 10:40:36,,,,,,
4850,4066,83,78,78,84,52,80,82,ea_official,override_espn,2026-08-12 10:40:36,,,,,,
4851,4067,66,48,62,65,83,81,82,ea_official,override_espn,2026-08-12 10:40:36,,,,,,
4852,4068,90,49,64,72,82,80,82,ea_official,override_espn,2026-08-12 10:40:36,,,,,,
4853,4071,75,76,80,78,79,84,81,ea_official,override_espn,2026-08-12 10:40:36,,,,,,
4854,4072,88,44,71,79,74,72,78,ea_official,override_espn,2026-08-12 10:40:36,,,,,,
4855,4074,71,80,66,77,42,83,80,ea_official,override_espn,2026-08-12 10:40:36,,,,,,
4856,4075,77,77,80,87,61,70,84,ea_official,override_espn,2026-08-12 10:40:36,,,,,,
4857,4082,88,64,73,78,76,79,80,ea_official,override_espn,2026-08-12 10:40:36,,,,,,
4858,4083,90,79,71,80,38,65,81,ea_official,override_espn,2026-08-12 10:40:36,,,,,,
4859,4086,82,78,79,85,56,83,81,ea_official,override_espn,2026-08-12 10:40:36,,,,,,
4860,4089,78,70,77,79,75,70,79,ea_official,override_espn,2026-08-12 10:40:36,,,,,,
4861,4090,80,53,68,70,81,76,80,ea_official,override_espn,2026-08-12 10:40:36,,,,,,
4862,4092,78,76,77,80,81,81,81,ea_official,override_espn,2026-08-12 10:40:36,,,,,,
4863,4093,63,69,80,76,81,78,84,ea_official,override_espn,2026-08-12 10:40:36,,,,,,
4864,4094,81,82,71,80,34,78,82,ea_official,override_espn,2026-08-12 10:40:36,,,,,,
4865,4097,70,79,83,78,75,75,81,ea_official,override_espn,2026-08-12 10:40:36,,,,,,
4866,4098,78,78,71,78,57,79,78,ea_official,override_espn,2026-08-12 10:40:36,,,,,,
4867,4103,95,81,69,81,31,80,83,ea_official,override_espn,2026-08-12 10:40:36,,,,,,
4868,4133,79,76,76,81,56,75,78,ea_official,override_espn,2026-08-12 10:40:36,,,,,,
4869,4135,67,46,72,70,80,78,80,ea_official,override_espn,2026-08-12 10:40:36,,,,,,
4870,4137,63,49,68,70,80,77,78,ea_official,override_espn,2026-08-12 10:40:36,,,,,,
4871,4142,87,73,76,86,57,64,82,ea_official,override_espn,2026-08-12 10:40:36,,,,,,
4872,4144,60,78,74,77,45,77,78,ea_official,override_espn,2026-08-12 10:40:36,,,,,,
4873,4151,65,50,77,77,79,76,79,ea_official,override_espn,2026-08-12 10:40:36,,,,,,
4874,4152,76,73,80,79,75,75,80,ea_official,override_espn,2026-08-12 10:40:36,,,,,,
4875,4193,83,83,74,84,43,87,85,ea_official,override_espn,2026-08-12 10:40:36,,,,,,
4876,4206,82,50,64,70,80,75,78,ea_official,override_espn,2026-08-12 10:40:36,,,,,,
4877,4216,76,69,69,73,69,77,73,ea_official,override_espn,2026-08-12 10:40:36,,,,,,
4878,4224,77,72,73,80,38,56,75,ea_official,override_espn,2026-08-12 10:40:36,,,,,,
4879,4229,65,70,67,73,56,80,74,ea_official,override_espn,2026-08-12 10:40:36,,,,,,
4880,4252,71,39,51,60,61,52,63,ea_official,override_espn,2026-08-12 10:40:36,,,,,,
4881,4254,88,42,61,73,74,80,76,ea_official,override_espn,2026-08-12 10:40:36,,,,,,
4882,4302,71,76,65,71,30,61,76,ea_official,override_espn,2026-08-12 10:40:36,,,,,,
4883,4306,68,79,66,76,39,71,78,ea_official,override_espn,2026-08-12 10:40:36,,,,,,
4884,4346,69,68,75,76,68,69,74,ea_official,override_espn,2026-08-12 10:40:36,,,,,,
4885,4353,83,82,67,81,44,76,82,ea_official,override_espn,2026-08-12 10:40:36,,,,,,
4886,4373,58,32,36,39,59,65,59,ea_official,override_espn,2026-08-12 10:40:36,,,,,,
4887,2,67,28,59,64,81,78,79,ea_official,override_espn_v8,2026-08-12 11:23:22,,,,,,
4888,3,55,58,71,66,85,75,82,ea_official,override_espn_v8,2026-08-12 11:23:22,,,,,,
4889,10,70,76,82,81,43,66,80,ea_official,override_espn_v8,2026-08-12 11:23:22,,,,,,
4890,24,83,82,82,85,56,85,85,ea_official,override_espn_v8,2026-08-12 11:23:22,,,,,,
4891,25,67,41,75,69,82,73,80,ea_official,override_espn_v8,2026-08-12 11:23:22,,,,,,
4892,26,75,53,71,75,84,78,82,ea_official,override_espn_v8,2026-08-12 11:23:22,,,,,,
4893,27,69,68,79,76,77,74,80,ea_official,override_espn_v8,2026-08-12 11:23:22,,,,,,
4894,28,75,66,71,75,75,76,79,ea_official,override_espn_v8,2026-08-12 11:23:22,,,,,,
4895,29,77,77,79,84,67,79,82,ea_official,override_espn_v8,2026-08-12 11:23:22,,,,,,
4896,30,54,79,85,80,75,72,85,ea_official,override_espn_v8,2026-08-12 11:23:22,,,,,,
4897,32,77,83,73,80,50,80,84,ea_official,override_espn_v8,2026-08-12 11:23:22,,,,,,
4898,33,66,74,78,81,66,66,77,ea_official,override_espn_v8,2026-08-12 11:23:22,,,,,,
4899,34,69,77,78,80,77,83,81,ea_official,override_espn_v8,2026-08-12 11:23:22,,,,,,
4900,35,77,64,69,73,68,66,73,ea_official,override_espn_v8,2026-08-12 11:23:22,,,,,,
4901,36,79,73,77,87,35,58,80,ea_official,override_espn_v8,2026-08-12 11:23:22,,,,,,
4902,38,78,75,72,78,46,79,78,ea_official,override_espn_v8,2026-08-12 11:23:22,,,,,,
4903,39,74,62,72,73,78,81,79,ea_official,override_espn_v8,2026-08-12 11:23:22,,,,,,
4904,40,87,65,75,81,73,63,79,ea_official,override_espn_v8,2026-08-12 11:23:22,,,,,,
4905,41,58,44,67,64,78,76,78,ea_official,override_espn_v8,2026-08-12 11:23:22,,,,,,
4906,42,67,48,65,67,69,69,71,ea_official,override_espn_v8,2026-08-12 11:23:22,,,,,,
4907,45,72,70,77,81,53,50,78,ea_official,override_espn_v8,2026-08-12 11:23:22,,,,,,
4908,46,87,74,73,84,38,61,79,ea_official,override_espn_v8,2026-08-12 11:23:22,,,,,,
4909,48,80,34,62,62,86,86,86,ea_official,override_espn_v8,2026-08-12 11:23:22,,,,,,
4910,50,95,65,76,82,80,77,86,ea_official,override_espn_v8,2026-08-12 11:23:22,,,,,,
4911,51,92,79,82,83,82,79,89,ea_official,override_espn_v8,2026-08-12 11:23:22,,,,,,
4912,53,61,77,80,81,75,72,85,ea_official,override_espn_v8,2026-08-12 11:23:22,,,,,,
4913,54,74,69,80,84,82,83,85,ea_official,override_espn_v8,2026-08-12 11:23:22,,,,,,
4914,55,91,88,83,93,50,69,90,ea_official,override_espn_v8,2026-08-12 11:23:22,,,,,,
4915,56,86,80,83,88,58,78,87,ea_official,override_espn_v8,2026-08-12 11:23:22,,,,,,
4916,57,83,80,77,90,55,74,85,ea_official,override_espn_v8,2026-08-12 11:23:22,,,,,,
4917,58,79,68,76,79,75,79,80,ea_official,override_espn_v8,2026-08-12 11:23:22,,,,,,
4918,59,80,37,64,64,80,78,79,ea_official,override_espn_v8,2026-08-12 11:23:22,,,,,,
4919,62,73,79,64,77,48,79,80,ea_official,override_espn_v8,2026-08-12 11:23:22,,,,,,
4920,63,66,38,66,68,79,75,78,ea_official,override_espn_v8,2026-08-12 11:23:22,,,,,,
4921,65,71,54,72,70,82,77,81,ea_official,override_espn_v8,2026-08-12 11:23:22,,,,,,
4922,67,84,79,73,86,50,80,83,ea_official,override_espn_v8,2026-08-12 11:23:22,,,,,,
4923,69,90,77,78,84,39,66,84,ea_official,override_espn_v8,2026-08-12 11:23:22,,,,,,
4924,70,86,84,87,87,62,85,87,ea_official,override_espn_v8,2026-08-12 11:23:22,,,,,,
4925,71,64,44,64,65,88,84,88,ea_official,override_espn_v8,2026-08-12 11:23:22,,,,,,
4926,72,77,39,68,72,87,83,87,ea_official,override_espn_v8,2026-08-12 11:23:22,,,,,,
4927,73,84,41,65,72,84,82,83,ea_official,override_espn_v8,2026-08-12 11:23:22,,,,,,
4928,74,74,46,60,56,78,76,77,ea_official,override_espn_v8,2026-08-12 11:23:22,,,,,,
4929,75,84,82,85,88,60,73,88,ea_official,override_espn_v8,2026-08-12 11:23:22,,,,,,
4930,76,72,73,84,80,83,83,87,ea_official,override_espn_v8,2026-08-12 11:23:22,,,,,,
4931,77,76,60,74,77,75,78,78,ea_official,override_espn_v8,2026-08-12 11:23:22,,,,,,
4932,78,72,79,78,81,48,74,82,ea_official,override_espn_v8,2026-08-12 11:23:22,,,,,,
4933,79,80,81,80,85,30,60,83,ea_official,override_espn_v8,2026-08-12 11:23:22,,,,,,
4934,80,68,79,88,87,67,65,87,ea_official,override_espn_v8,2026-08-12 11:23:22,,,,,,
4935,81,81,79,74,86,39,71,80,ea_official,override_espn_v8,2026-08-12 11:23:22,,,,,,
4936,82,76,48,72,77,82,80,82,ea_official,override_espn_v8,2026-08-12 11:23:22,,,,,,
4937,83,49,65,74,71,79,79,80,ea_official,override_espn_v8,2026-08-12 11:23:22,,,,,,
4938,84,63,79,80,80,81,80,83,ea_official,override_espn_v8,2026-08-12 11:23:22,,,,,,
4939,85,90,77,75,83,46,72,81,ea_official,override_espn_v8,2026-08-12 11:23:22,,,,,,
4940,86,88,75,74,83,45,69,80,ea_official,override_espn_v8,2026-08-12 11:23:22,,,,,,
4941,87,90,86,73,81,36,91,87,ea_official,override_espn_v8,2026-08-12 11:23:22,,,,,,
4942,88,74,80,81,87,50,68,83,ea_official,override_espn_v8,2026-08-12 11:23:22,,,,,,
4943,90,72,66,71,75,77,77,78,ea_official,override_espn_v8,2026-08-12 11:23:22,,,,,,
4944,91,77,78,82,81,40,77,79,ea_official,override_espn_v8,2026-08-12 11:23:22,,,,,,
4945,92,66,67,79,79,80,73,83,ea_official,override_espn_v8,2026-08-12 11:23:22,,,,,,
4946,139,82,78,77,82,55,80,81,ea_official,override_espn_v8,2026-08-12 11:23:22,,,,,,
4947,140,88,40,57,67,80,82,79,ea_official,override_espn_v8,2026-08-12 11:23:22,,,,,,
4948,141,70,32,56,57,69,73,70,ea_official,override_espn_v8,2026-08-12 11:23:22,,,,,,
4949,142,60,32,57,61,71,72,72,ea_official,override_espn_v8,2026-08-12 11:23:22,,,,,,
4950,143,71,72,77,78,64,66,77,ea_official,override_espn_v8,2026-08-12 11:23:22,,,,,,
4951,144,62,62,81,77,75,69,79,ea_official,override_espn_v8,2026-08-12 11:23:22,,,,,,
4952,145,75,41,68,73,76,70,78,ea_official,override_espn_v8,2026-08-12 11:23:22,,,,,,
4953,146,39,80,87,78,74,67,82,ea_official,override_espn_v8,2026-08-12 11:23:22,,,,,,
4954,147,75,84,70,77,41,81,82,ea_official,override_espn_v8,2026-08-12 11:23:22,,,,,,
4955,149,91,78,76,78,28,69,79,ea_official,override_espn_v8,2026-08-12 11:23:22,,,,,,
4956,150,75,79,62,70,32,83,78,ea_official,override_espn_v8,2026-08-12 11:23:22,,,,,,
4957,151,71,53,77,73,67,70,73,ea_official,override_espn_v8,2026-08-12 11:23:22,,,,,,
4958,152,66,27,58,62,78,77,77,ea_official,override_espn_v8,2026-08-12 11:23:22,,,,,,
4959,153,64,63,62,63,45,62,63,ea_official,override_espn_v8,2026-08-12 11:23:22,,,,,,
4960,154,68,71,70,74,76,79,77,ea_official,override_espn_v8,2026-08-12 11:23:22,,,,,,
4961,155,86,76,72,78,43,59,79,ea_official,override_espn_v8,2026-08-12 11:23:22,,,,,,
4962,156,51,62,76,75,73,67,77,ea_official,override_espn_v8,2026-08-12 11:23:22,,,,,,
4963,157,83,76,73,79,36,77,79,ea_official,override_espn_v8,2026-08-12 11:23:22,,,,,,
4964,158,65,67,72,71,63,68,71,ea_official,override_espn_v8,2026-08-12 11:23:22,,,,,,
4965,159,60,60,65,69,72,56,70,ea_official,override_espn_v8,2026-08-12 11:23:22,,,,,,
4966,161,79,78,72,80,37,78,79,ea_official,override_espn_v8,2026-08-12 11:23:22,,,,,,
4967,162,78,78,74,80,43,77,79,ea_official,override_espn_v8,2026-08-12 11:23:22,,,,,,
4968,164,63,57,64,65,76,87,77,ea_official,override_espn_v8,2026-08-12 11:23:22,,,,,,
4969,171,88,70,77,81,51,45,80,ea_official,override_espn_v8,2026-08-12 11:23:22,,,,,,
4970,180,78,72,68,76,28,57,74,ea_official,override_espn_v8,2026-08-12 11:23:22,,,,,,
4971,185,61,33,58,60,76,75,75,ea_official,override_espn_v8,2026-08-12 11:23:22,,,,,,
4972,187,55,62,69,71,72,75,72,ea_official,override_espn_v8,2026-08-12 11:23:22,,,,,,
4973,188,66,78,79,76,63,73,76,ea_official,override_espn_v8,2026-08-12 11:23:22,,,,,,
4974,189,78,60,66,76,74,74,76,ea_official,override_espn_v8,2026-08-12 11:23:22,,,,,,
4975,195,69,69,68,72,64,66,69,ea_official,override_espn_v8,2026-08-12 11:23:22,,,,,,
4976,196,76,74,79,78,62,71,77,ea_official,override_espn_v8,2026-08-12 11:23:22,,,,,,
4977,202,81,70,64,69,28,74,71,ea_official,override_espn_v8,2026-08-12 11:23:22,,,,,,
4978,212,67,62,65,68,60,74,68,ea_official,override_espn_v8,2026-08-12 11:23:22,,,,,,
4979,213,66,67,72,75,74,70,74,ea_official,override_espn_v8,2026-08-12 11:23:22,,,,,,
4980,220,75,57,68,67,65,71,69,ea_official,override_espn_v8,2026-08-12 11:23:22,,,,,,
4981,233,77,73,70,79,44,76,77,ea_official,override_espn_v8,2026-08-12 11:23:22,,,,,,
4982,235,57,46,71,67,75,73,75,ea_official,override_espn_v8,2026-08-12 11:23:22,,,,,,
4983,238,83,56,71,77,71,65,77,ea_official,override_espn_v8,2026-08-12 11:23:22,,,,,,
4984,243,48,80,71,73,41,79,79,ea_official,override_espn_v8,2026-08-12 11:23:22,,,,,,
4985,250,76,70,68,73,55,73,73,ea_official,override_espn_v8,2026-08-12 11:23:22,,,,,,
4986,251,76,58,66,66,68,74,71,ea_official,override_espn_v8,2026-08-12 11:23:22,,,,,,
4987,252,63,74,72,71,75,81,76,ea_official,override_espn_v8,2026-08-12 11:23:22,,,,,,
4988,253,77,72,76,75,22,69,73,ea_official,override_espn_v8,2026-08-12 11:23:22,,,,,,
4989,259,57,48,63,62,57,61,65,ea_official,override_espn_v8,2026-08-12 11:23:22,,,,,,
4990,260,76,50,75,78,68,61,75,ea_official,override_espn_v8,2026-08-12 11:23:22,,,,,,
4991,262,73,59,58,66,35,47,63,ea_official,override_espn_v8,2026-08-12 11:23:22,,,,,,
4992,263,90,67,69,79,64,68,77,ea_official,override_espn_v8,2026-08-12 11:23:22,,,,,,
4993,265,74,55,62,69,41,62,67,ea_official,override_espn_v8,2026-08-12 11:23:22,,,,,,
4994,269,69,27,52,56,73,75,73,ea_official,override_espn_v8,2026-08-12 11:23:22,,,,,,
4995,272,70,65,74,80,32,64,76,ea_official,override_espn_v8,2026-08-12 11:23:22,,,,,,
4996,273,81,81,90,81,31,86,84,ea_official,override_espn_v8,2026-08-12 11:23:22,,,,,,
4997,275,77,45,64,73,84,84,85,ea_official,override_espn_v8,2026-08-12 11:23:22,,,,,,
4998,277,82,69,76,75,81,76,82,ea_official,override_espn_v8,2026-08-12 11:23:22,,,,,,
4999,278,80,82,80,90,66,65,88,ea_official,override_espn_v8,2026-08-12 11:23:22,,,,,,
5000,279,77,78,80,80,80,82,82,ea_official,override_espn_v8,2026-08-12 11:23:22,,,,,,
5001,280,72,74,89,84,83,79,89,ea_official,override_espn_v8,2026-08-12 11:23:22,,,,,,
5002,281,82,77,69,79,40,77,80,ea_official,override_espn_v8,2026-08-12 11:23:22,,,,,,
5003,282,88,81,76,87,45,75,85,ea_official,override_espn_v8,2026-08-12 11:23:22,,,,,,
5004,284,79,83,78,84,43,66,82,ea_official,override_espn_v8,2026-08-12 11:23:22,,,,,,
5005,285,69,78,85,88,74,54,80,ea_official,override_espn_v8,2026-08-12 11:23:22,,,,,,
5006,287,78,80,84,87,50,66,86,ea_official,override_espn_v8,2026-08-12 11:23:22,,,,,,
5007,290,63,38,60,63,87,86,87,ea_official,override_espn_v8,2026-08-12 11:23:22,,,,,,
5008,294,70,39,63,65,78,76,77,ea_official,override_espn_v8,2026-08-12 11:23:22,,,,,,
5009,295,74,59,68,69,73,79,74,ea_official,override_espn_v8,2026-08-12 11:23:22,,,,,,
5010,297,55,71,81,77,64,61,76,ea_official,override_espn_v8,2026-08-12 11:23:22,,,,,,
5011,299,80,54,67,74,62,69,70,ea_official,override_espn_v8,2026-08-12 11:23:22,,,,,,
5012,303,84,78,79,78,53,63,80,ea_official,override_espn_v8,2026-08-12 11:23:22,,,,,,
5013,308,83,75,68,76,39,76,75,ea_official,override_espn_v8,2026-08-12 11:23:22,,,,,,
5014,333,77,75,70,77,52,76,77,ea_official,override_espn_v8,2026-08-12 11:23:22,,,,,,
5015,334,50,31,56,56,77,77,76,ea_official,override_espn_v8,2026-08-12 11:23:22,,,,,,
5016,340,89,59,63,74,66,78,74,ea_official,override_espn_v8,2026-08-12 11:23:22,,,,,,
5017,341,75,80,57,70,31,81,79,ea_official,override_espn_v8,2026-08-12 11:23:22,,,,,,
5018,344,66,63,69,69,74,75,74,ea_official,override_espn_v8,2026-08-12 11:23:22,,,,,,
5019,346,78,53,65,69,67,77,73,ea_official,override_espn_v8,2026-08-12 11:23:22,,,,,,
5020,347,54,68,72,75,77,74,78,ea_official,override_espn_v8,2026-08-12 11:23:22,,,,,,
5021,355,70,42,61,67,74,72,74,ea_official,override_espn_v8,2026-08-12 11:23:22,,,,,,
5022,357,76,57,65,72,68,67,74,ea_official,override_espn_v8,2026-08-12 11:23:22,,,,,,
5023,359,55,61,65,65,65,64,68,ea_official,override_espn_v8,2026-08-12 11:23:22,,,,,,
5024,361,79,71,61,76,23,68,73,ea_official,override_espn_v8,2026-08-12 11:23:22,,,,,,
5025,362,67,62,65,71,61,62,68,ea_official,override_espn_v8,2026-08-12 11:23:22,,,,,,
5026,365,57,47,64,72,66,64,69,ea_official,override_espn_v8,2026-08-12 11:23:22,,,,,,
5027,368,90,55,58,72,33,62,68,ea_official,override_espn_v8,2026-08-12 11:23:22,,,,,,
5028,372,55,54,68,70,70,70,73,ea_official,override_espn_v8,2026-08-12 11:23:22,,,,,,
5029,391,77,76,78,77,24,77,78,ea_official,override_espn_v8,2026-08-12 11:23:22,,,,,,
5030,392,68,48,63,64,77,80,77,ea_official,override_espn_v8,2026-08-12 11:23:22,,,,,,
5031,393,76,63,71,75,75,74,76,ea_official,override_espn_v8,2026-08-12 11:23:22,,,,,,
5032,400,68,78,78,76,77,79,81,ea_official,override_espn_v8,2026-08-12 11:23:22,,,,,,
5033,402,73,74,69,71,45,75,74,ea_official,override_espn_v8,2026-08-12 11:23:22,,,,,,
5034,407,73,65,69,74,34,64,71,ea_official,override_espn_v8,2026-08-12 11:23:22,,,,,,
5035,413,74,25,44,54,64,71,65,ea_official,override_espn_v8,2026-08-12 11:23:22,,,,,,
5036,414,86,62,70,73,69,75,76,ea_official,override_espn_v8,2026-08-12 11:23:22,,,,,,
5037,415,85,69,76,78,73,69,80,ea_official,override_espn_v8,2026-08-12 11:23:22,,,,,,
5038,416,77,69,75,80,54,53,76,ea_official,override_espn_v8,2026-08-12 11:23:22,,,,,,
5039,417,55,65,76,72,73,78,77,ea_official,override_espn_v8,2026-08-12 11:23:22,,,,,,
5040,422,64,41,55,63,71,72,70,ea_official,override_espn_v8,2026-08-12 11:23:22,,,,,,
5041,423,73,67,74,77,74,76,77,ea_official,override_espn_v8,2026-08-12 11:23:22,,,,,,
5042,424,78,75,76,80,50,76,78,ea_official,override_espn_v8,2026-08-12 11:23:22,,,,,,
5043,426,85,67,60,75,41,68,71,ea_official,override_espn_v8,2026-08-12 11:23:22,,,,,,
5044,431,87,83,64,87,44,86,86,ea_official,override_espn_v8,2026-08-12 11:23:22,,,,,,
5045,432,69,47,67,66,84,84,82,ea_official,override_espn_v8,2026-08-12 11:23:22,,,,,,
5046,433,73,70,70,77,78,79,79,ea_official,override_espn_v8,2026-08-12 11:23:22,,,,,,
5047,435,82,74,73,81,80,86,82,ea_official,override_espn_v8,2026-08-12 11:23:22,,,,,,
5048,437,77,56,75,76,73,74,77,ea_official,override_espn_v8,2026-08-12 11:23:22,,,,,,
5049,438,74,63,71,76,77,82,79,ea_official,override_espn_v8,2026-08-12 11:23:22,,,,,,
5050,439,72,88,76,83,45,83,87,ea_official,override_espn_v8,2026-08-12 11:23:22,,,,,,
5051,440,74,78,83,84,44,70,83,ea_official,override_espn_v8,2026-08-12 11:23:22,,,,,,
5052,441,86,79,68,80,43,62,79,ea_official,override_espn_v8,2026-08-12 11:23:22,,,,,,
5053,443,96,76,72,82,36,69,81,ea_official,override_espn_v8,2026-08-12 11:23:22,,,,,,
5054,444,74,80,80,80,76,76,80,ea_official,override_espn_v8,2026-08-12 11:23:22,,,,,,
5055,446,70,59,68,73,75,79,75,ea_official,override_espn_v8,2026-08-12 11:23:22,,,,,,
5056,451,78,61,77,83,69,61,77,ea_official,override_espn_v8,2026-08-12 11:23:22,,,,,,
5057,453,81,77,64,79,32,79,79,ea_official,override_espn_v8,2026-08-12 11:23:22,,,,,,
5058,454,86,83,71,86,30,85,84,ea_official,override_espn_v8,2026-08-12 11:23:22,,,,,,
5059,457,80,32,64,67,81,78,80,ea_official,override_espn_v8,2026-08-12 11:23:22,,,,,,
5060,459,61,74,77,76,83,80,81,ea_official,override_espn_v8,2026-08-12 11:23:22,,,,,,
5061,461,76,73,77,77,76,69,79,ea_official,override_espn_v8,2026-08-12 11:23:22,,,,,,
5062,462,65,81,67,74,36,70,79,ea_official,override_espn_v8,2026-08-12 11:23:22,,,,,,
5063,463,83,64,73,78,63,59,76,ea_official,override_espn_v8,2026-08-12 11:23:22,,,,,,
5064,465,86,54,72,76,71,74,78,ea_official,override_espn_v8,2026-08-12 11:23:22,,,,,,
5065,469,75,72,74,76,44,79,76,ea_official,override_espn_v8,2026-08-12 11:23:22,,,,,,
5066,470,79,63,69,72,71,81,75,ea_official,override_espn_v8,2026-08-12 11:23:22,,,,,,
5067,471,69,37,49,58,79,82,78,ea_official,override_espn_v8,2026-08-12 11:23:22,,,,,,
5068,473,88,63,63,76,28,59,71,ea_official,override_espn_v8,2026-08-12 11:23:22,,,,,,
5069,475,55,35,57,61,80,71,77,ea_official,override_espn_v8,2026-08-12 11:23:22,,,,,,
5070,477,68,61,64,68,38,63,65,ea_official,override_espn_v8,2026-08-12 11:23:22,,,,,,
5071,492,78,70,75,81,38,61,77,ea_official,override_espn_v8,2026-08-12 11:23:22,,,,,,
5072,496,49,40,57,56,73,73,72,ea_official,override_espn_v8,2026-08-12 11:23:22,,,,,,
5073,498,71,55,73,73,71,73,74,ea_official,override_espn_v8,2026-08-12 11:23:22,,,,,,
5074,500,77,77,78,79,48,79,79,ea_official,override_espn_v8,2026-08-12 11:23:22,,,,,,
5075,501,80,32,64,71,76,75,76,ea_official,override_espn_v8,2026-08-12 11:23:22,,,,,,
5076,502,64,41,63,69,81,76,80,ea_official,override_espn_v8,2026-08-12 11:23:22,,,,,,
5077,503,66,69,78,74,70,72,74,ea_official,override_espn_v8,2026-08-12 11:23:22,,,,,,
5078,504,72,48,64,68,63,60,68,ea_official,override_espn_v8,2026-08-12 11:23:22,,,,,,
5079,505,60,63,70,72,75,72,77,ea_official,override_espn_v8,2026-08-12 11:23:22,,,,,,
5080,506,65,75,80,80,73,71,79,ea_official,override_espn_v8,2026-08-12 11:23:22,,,,,,
5081,507,75,76,72,74,72,80,75,ea_official,override_espn_v8,2026-08-12 11:23:22,,,,,,
5082,509,82,74,73,76,72,69,77,ea_official,override_espn_v8,2026-08-12 11:23:22,,,,,,
5083,510,75,65,64,67,35,61,66,ea_official,override_espn_v8,2026-08-12 11:23:22,,,,,,
5084,512,64,59,70,71,80,75,79,ea_official,override_espn_v8,2026-08-12 11:23:22,,,,,,
5085,515,59,66,75,74,75,75,78,ea_official,override_espn_v8,2026-08-12 11:23:22,,,,,,
5086,516,68,81,82,84,68,71,82,ea_official,override_espn_v8,2026-08-12 11:23:22,,,,,,
5087,518,56,54,64,68,53,45,63,ea_official,override_espn_v8,2026-08-12 11:23:22,,,,,,
5088,520,87,69,70,81,29,63,77,ea_official,override_espn_v8,2026-08-12 11:23:22,,,,,,
5089,522,78,78,78,80,41,80,79,ea_official,override_espn_v8,2026-08-12 11:23:22,,,,,,
5090,564,72,49,67,71,80,77,79,ea_official,override_espn_v8,2026-08-12 11:23:22,,,,,,
5091,566,80,37,61,68,71,79,74,ea_official,override_espn_v8,2026-08-12 11:23:22,,,,,,
5092,568,47,75,85,74,78,82,85,ea_official,override_espn_v8,2026-08-12 11:23:22,,,,,,
5093,569,72,59,70,75,78,78,78,ea_official,override_espn_v8,2026-08-12 11:23:22,,,,,,
5094,570,84,73,56,72,30,80,77,ea_official,override_espn_v8,2026-08-12 11:23:22,,,,,,
5095,571,87,70,70,80,30,52,76,ea_official,override_espn_v8,2026-08-12 11:23:22,,,,,,
5096,582,90,83,70,90,52,87,89,ea_official,override_espn_v8,2026-08-12 11:23:22,,,,,,
5097,583,72,53,72,75,84,74,83,ea_official,override_espn_v8,2026-08-12 11:23:22,,,,,,
5098,584,59,39,69,69,86,84,86,ea_official,override_espn_v8,2026-08-12 11:23:22,,,,,,
5099,586,85,70,76,79,73,76,79,ea_official,override_espn_v8,2026-08-12 11:23:22,,,,,,
5100,587,67,70,77,77,74,80,79,ea_official,override_espn_v8,2026-08-12 11:23:22,,,,,,
5101,588,81,81,82,89,57,57,85,ea_official,override_espn_v8,2026-08-12 11:23:22,,,,,,
5102,589,61,78,83,89,71,65,84,ea_official,override_espn_v8,2026-08-12 11:23:22,,,,,,
5103,590,86,91,70,80,45,88,90,ea_official,override_espn_v8,2026-08-12 11:23:22,,,,,,
5104,592,75,75,80,88,21,65,81,ea_official,override_espn_v8,2026-08-12 11:23:22,,,,,,
5105,593,79,79,82,85,77,77,86,ea_official,override_espn_v8,2026-08-12 11:23:22,,,,,,
5106,601,91,71,72,87,32,68,80,ea_official,override_espn_v8,2026-08-12 11:23:22,,,,,,
5107,602,73,72,68,78,24,74,74,ea_official,override_espn_v8,2026-08-12 11:23:22,,,,,,
5108,603,62,26,50,58,73,76,72,ea_official,override_espn_v8,2026-08-12 11:23:22,,,,,,
5109,604,58,32,45,47,67,75,68,ea_official,override_espn_v8,2026-08-12 11:23:22,,,,,,
5110,605,79,43,62,68,77,85,78,ea_official,override_espn_v8,2026-08-12 11:23:22,,,,,,
5111,606,73,64,71,68,62,67,71,ea_official,override_espn_v8,2026-08-12 11:23:22,,,,,,
5112,607,64,57,72,71,71,78,75,ea_official,override_espn_v8,2026-08-12 11:23:22,,,,,,
5113,608,73,59,66,71,64,58,70,ea_official,override_espn_v8,2026-08-12 11:23:22,,,,,,
5114,609,88,57,65,69,66,74,73,ea_official,override_espn_v8,2026-08-12 11:23:22,,,,,,
5115,610,64,71,56,72,40,76,72,ea_official,override_espn_v8,2026-08-12 11:23:22,,,,,,
5116,611,72,59,66,71,62,69,69,ea_official,override_espn_v8,2026-08-12 11:23:22,,,,,,
5117,612,70,69,73,73,67,75,74,ea_official,override_espn_v8,2026-08-12 11:23:22,,,,,,
5118,614,69,61,71,74,63,60,71,ea_official,override_espn_v8,2026-08-12 11:23:22,,,,,,
5119,615,52,50,51,58,73,75,72,ea_official,override_espn_v8,2026-08-12 11:23:22,,,,,,
5120,617,60,59,70,73,80,70,79,ea_official,override_espn_v8,2026-08-12 11:23:22,,,,,,
5121,618,62,65,56,62,45,70,65,ea_official,override_espn_v8,2026-08-12 11:23:22,,,,,,
5122,621,74,75,73,75,60,77,76,ea_official,override_espn_v8,2026-08-12 11:23:22,,,,,,
5123,622,80,80,77,85,58,82,82,ea_official,override_espn_v8,2026-08-12 11:23:22,,,,,,
5124,623,74,53,69,69,81,82,81,ea_official,override_espn_v8,2026-08-12 11:23:22,,,,,,
5125,624,72,49,73,71,80,79,80,ea_official,override_espn_v8,2026-08-12 11:23:22,,,,,,
5126,625,70,50,57,64,85,82,83,ea_official,override_espn_v8,2026-08-12 11:23:22,,,,,,
5127,626,62,63,76,74,73,75,77,ea_official,override_espn_v8,2026-08-12 11:23:22,,,,,,
5128,627,52,74,78,75,78,81,80,ea_official,override_espn_v8,2026-08-12 11:23:22,,,,,,
5129,629,72,59,69,73,73,74,76,ea_official,override_espn_v8,2026-08-12 11:23:22,,,,,,
5130,630,86,78,72,82,35,67,79,ea_official,override_espn_v8,2026-08-12 11:23:22,,,,,,
5131,631,75,77,80,80,73,73,80,ea_official,override_espn_v8,2026-08-12 11:23:22,,,,,,
5132,636,41,36,59,62,83,84,81,ea_official,override_espn_v8,2026-08-12 11:23:22,,,,,,
5133,644,78,57,75,75,74,72,77,ea_official,override_espn_v8,2026-08-12 11:23:22,,,,,,
5134,665,78,74,80,80,40,77,78,ea_official,override_espn_v8,2026-08-12 11:23:22,,,,,,
5135,667,49,41,57,60,76,80,76,ea_official,override_espn_v8,2026-08-12 11:23:22,,,,,,
5136,669,77,59,66,69,63,67,69,ea_official,override_espn_v8,2026-08-12 11:23:22,,,,,,
5137,680,70,68,68,72,45,69,70,ea_official,override_espn_v8,2026-08-12 11:23:22,,,,,,
5138,681,72,66,66,69,49,61,68,ea_official,override_espn_v8,2026-08-12 11:23:22,,,,,,
5139,684,73,63,47,61,22,66,64,ea_official,override_espn_v8,2026-08-12 11:23:22,,,,,,
5140,687,69,39,69,73,83,78,82,ea_official,override_espn_v8,2026-08-12 11:23:22,,,,,,
5141,701,77,65,66,73,43,58,70,ea_official,override_espn_v8,2026-08-12 11:23:22,,,,,,
5142,705,80,79,76,81,53,80,80,ea_official,override_espn_v8,2026-08-12 11:23:22,,,,,,
5143,706,70,37,58,52,75,73,74,ea_official,override_espn_v8,2026-08-12 11:23:22,,,,,,
5144,707,39,57,71,65,78,82,78,ea_official,override_espn_v8,2026-08-12 11:23:22,,,,,,
5145,708,88,46,75,77,78,80,82,ea_official,override_espn_v8,2026-08-12 11:23:22,,,,,,
5146,709,73,47,67,69,76,76,77,ea_official,override_espn_v8,2026-08-12 11:23:22,,,,,,
5147,710,72,72,75,80,52,61,77,ea_official,override_espn_v8,2026-08-12 11:23:22,,,,,,
5148,711,55,65,74,71,75,84,79,ea_official,override_espn_v8,2026-08-12 11:23:22,,,,,,
5149,713,57,79,74,75,46,79,77,ea_official,override_espn_v8,2026-08-12 11:23:22,,,,,,
5150,715,75,78,75,76,46,56,76,ea_official,override_espn_v8,2026-08-12 11:23:22,,,,,,
5151,716,52,71,76,73,66,62,74,ea_official,override_espn_v8,2026-08-12 11:23:22,,,,,,
5152,717,68,57,70,72,74,71,76,ea_official,override_espn_v8,2026-08-12 11:23:22,,,,,,
5153,718,94,65,67,81,37,82,76,ea_official,override_espn_v8,2026-08-12 11:23:22,,,,,,
5154,720,53,60,71,68,71,63,72,ea_official,override_espn_v8,2026-08-12 11:23:22,,,,,,
5155,721,61,59,40,59,26,66,60,ea_official,override_espn_v8,2026-08-12 11:23:22,,,,,,
5156,722,73,72,75,75,41,73,74,ea_official,override_espn_v8,2026-08-12 11:23:22,,,,,,
5157,724,57,37,53,55,77,78,76,ea_official,override_espn_v8,2026-08-12 11:23:22,,,,,,
5158,725,74,72,77,77,38,74,75,ea_official,override_espn_v8,2026-08-12 11:23:22,,,,,,
5159,726,73,41,56,69,75,83,75,ea_official,override_espn_v8,2026-08-12 11:23:22,,,,,,
5160,734,72,76,70,75,46,74,76,ea_official,override_espn_v8,2026-08-12 11:23:22,,,,,,
5161,749,49,45,58,54,76,79,75,ea_official,override_espn_v8,2026-08-12 11:23:22,,,,,,
5162,752,85,41,67,69,74,77,77,ea_official,override_espn_v8,2026-08-12 11:23:22,,,,,,
5163,763,82,72,66,75,35,58,72,ea_official,override_espn_v8,2026-08-12 11:23:22,,,,,,
5164,770,79,78,74,78,36,77,79,ea_official,override_espn_v8,2026-08-12 11:23:22,,,,,,
5165,771,66,49,61,55,72,76,72,ea_official,override_espn_v8,2026-08-12 11:23:22,,,,,,
5166,773,80,61,76,77,77,72,81,ea_official,override_espn_v8,2026-08-12 11:23:22,,,,,,
5167,774,90,50,69,75,71,70,76,ea_official,override_espn_v8,2026-08-12 11:23:22,,,,,,
5168,775,45,58,70,69,77,75,77,ea_official,override_espn_v8,2026-08-12 11:23:22,,,,,,
5169,778,89,69,67,76,41,64,74,ea_official,override_espn_v8,2026-08-12 11:23:22,,,,,,
5170,780,82,76,62,71,30,76,77,ea_official,override_espn_v8,2026-08-12 11:23:22,,,,,,
5171,789,83,73,71,76,44,67,75,ea_official,override_espn_v8,2026-08-12 11:23:22,,,,,,
5172,791,69,66,75,77,67,63,75,ea_official,override_espn_v8,2026-08-12 11:23:22,,,,,,
5173,796,78,56,75,79,77,73,80,ea_official,override_espn_v8,2026-08-12 11:23:22,,,,,,
5174,801,59,84,63,76,35,80,82,ea_official,override_espn_v8,2026-08-12 11:23:22,,,,,,
5175,810,74,38,52,51,79,81,78,ea_official,override_espn_v8,2026-08-12 11:23:22,,,,,,
5176,814,77,77,71,77,30,77,77,ea_official,override_espn_v8,2026-08-12 11:23:22,,,,,,
5177,818,67,36,56,64,73,77,74,ea_official,override_espn_v8,2026-08-12 11:23:22,,,,,,
5178,819,67,65,75,75,76,79,78,ea_official,override_espn_v8,2026-08-12 11:23:22,,,,,,
5179,822,90,65,66,74,67,73,74,ea_official,override_espn_v8,2026-08-12 11:23:22,,,,,,
5180,823,81,80,73,80,40,70,77,ea_official,override_espn_v8,2026-08-12 11:23:22,,,,,,
5181,824,88,77,76,82,36,67,80,ea_official,override_espn_v8,2026-08-12 11:23:22,,,,,,
5182,827,85,71,54,66,31,67,70,ea_official,override_espn_v8,2026-08-12 11:23:22,,,,,,
5183,828,77,82,77,80,46,71,81,ea_official,override_espn_v8,2026-08-12 11:23:22,,,,,,
5184,829,39,80,87,78,74,67,82,ea_official,override_espn_v8,2026-08-12 11:23:22,,,,,,
5185,830,73,60,73,72,75,82,76,ea_official,override_espn_v8,2026-08-12 11:23:22,,,,,,
5186,832,59,71,80,77,80,82,83,ea_official,override_espn_v8,2026-08-12 11:23:22,,,,,,
5187,858,66,39,49,50,71,72,70,ea_official,override_espn_v8,2026-08-12 11:23:22,,,,,,
5188,860,80,39,57,67,65,74,71,ea_official,override_espn_v8,2026-08-12 11:23:22,,,,,,
5189,864,71,71,59,68,22,75,72,ea_official,override_espn_v8,2026-08-12 11:23:22,,,,,,
5190,865,86,61,64,75,33,47,72,ea_official,override_espn_v8,2026-08-12 11:23:22,,,,,,
5191,866,72,59,57,69,26,59,63,ea_official,override_espn_v8,2026-08-12 11:23:22,,,,,,
5192,874,79,36,49,56,66,80,69,ea_official,override_espn_v8,2026-08-12 11:23:22,,,,,,
5193,896,81,76,84,82,48,78,81,ea_official,override_espn_v8,2026-08-12 11:23:22,,,,,,
5194,898,69,38,56,62,73,72,72,ea_official,override_espn_v8,2026-08-12 11:23:22,,,,,,
5195,899,81,33,55,58,70,72,70,ea_official,override_espn_v8,2026-08-12 11:23:22,,,,,,
5196,900,67,49,67,73,66,68,68,ea_official,override_espn_v8,2026-08-12 11:23:22,,,,,,
5197,901,66,82,74,80,33,77,80,ea_official,override_espn_v8,2026-08-12 11:23:22,,,,,,
5198,902,56,58,83,84,76,71,83,ea_official,override_espn_v8,2026-08-12 11:23:22,,,,,,
5199,903,45,36,63,68,77,74,76,ea_official,override_espn_v8,2026-08-12 11:23:22,,,,,,
5200,905,83,71,65,78,46,72,75,ea_official,override_espn_v8,2026-08-12 11:23:22,,,,,,
5201,906,76,64,76,82,38,56,76,ea_official,override_espn_v8,2026-08-12 11:23:22,,,,,,
5202,907,71,67,66,74,39,68,71,ea_official,override_espn_v8,2026-08-12 11:23:22,,,,,,
5203,908,63,58,60,63,18,59,59,ea_official,override_espn_v8,2026-08-12 11:23:22,,,,,,
5204,910,64,42,52,62,68,71,69,ea_official,override_espn_v8,2026-08-12 11:23:22,,,,,,
5205,911,68,27,51,62,72,74,72,ea_official,override_espn_v8,2026-08-12 11:23:22,,,,,,
5206,912,70,68,75,78,33,58,75,ea_official,override_espn_v8,2026-08-12 11:23:22,,,,,,
5207,913,86,74,67,79,39,69,76,ea_official,override_espn_v8,2026-08-12 11:23:22,,,,,,
5208,914,81,62,77,77,78,74,82,ea_official,override_espn_v8,2026-08-12 11:23:22,,,,,,
5209,915,84,69,71,83,51,58,77,ea_official,override_espn_v8,2026-08-12 11:23:22,,,,,,
5210,916,76,53,64,73,73,73,76,ea_official,override_espn_v8,2026-08-12 11:23:22,,,,,,
5211,917,83,78,82,86,35,83,84,ea_official,override_espn_v8,2026-08-12 11:23:22,,,,,,
5212,918,43,22,55,55,74,77,73,ea_official,override_espn_v8,2026-08-12 11:23:22,,,,,,
5213,920,85,37,55,63,71,67,72,ea_official,override_espn_v8,2026-08-12 11:23:22,,,,,,
5214,923,77,66,74,79,40,41,76,ea_official,override_espn_v8,2026-08-12 11:23:22,,,,,,
5215,924,68,75,74,76,71,80,77,ea_official,override_espn_v8,2026-08-12 11:23:22,,,,,,
5216,925,82,75,54,71,26,73,75,ea_official,override_espn_v8,2026-08-12 11:23:22,,,,,,
5217,928,70,65,74,73,75,78,79,ea_official,override_espn_v8,2026-08-12 11:23:22,,,,,,
5218,930,81,51,70,74,69,65,75,ea_official,override_espn_v8,2026-08-12 11:23:22,,,,,,
5219,933,75,63,67,72,67,68,71,ea_official,override_espn_v8,2026-08-12 11:23:22,,,,,,
5220,937,67,37,66,65,78,74,77,ea_official,override_espn_v8,2026-08-12 11:23:22,,,,,,
5221,942,52,55,56,61,73,83,73,ea_official,override_espn_v8,2026-08-12 11:23:22,,,,,,
5222,944,77,61,66,68,67,72,72,ea_official,override_espn_v8,2026-08-12 11:23:22,,,,,,
5223,945,58,81,81,80,52,62,79,ea_official,override_espn_v8,2026-08-12 11:23:22,,,,,,
5224,949,90,70,68,80,35,67,76,ea_official,override_espn_v8,2026-08-12 11:23:22,,,,,,
5225,953,52,41,54,62,70,75,70,ea_official,override_espn_v8,2026-08-12 11:23:22,,,,,,
5226,963,78,30,59,64,62,64,66,ea_official,override_espn_v8,2026-08-12 11:23:22,,,,,,
5227,965,66,43,58,59,69,79,69,ea_official,override_espn_v8,2026-08-12 11:23:22,,,,,,
5228,966,76,61,65,68,66,77,70,ea_official,override_espn_v8,2026-08-12 11:23:22,,,,,,
5229,967,84,70,70,76,60,68,75,ea_official,override_espn_v8,2026-08-12 11:23:22,,,,,,
5230,968,77,68,67,73,37,68,71,ea_official,override_espn_v8,2026-08-12 11:23:22,,,,,,
5231,979,77,72,65,79,34,77,77,ea_official,override_espn_v8,2026-08-12 11:23:22,,,,,,
5232,981,65,48,57,59,69,79,70,ea_official,override_espn_v8,2026-08-12 11:23:22,,,,,,
5233,983,67,68,71,70,72,80,75,ea_official,override_espn_v8,2026-08-12 11:23:22,,,,,,
5234,984,49,50,61,66,69,72,71,ea_official,override_espn_v8,2026-08-12 11:23:22,,,,,,
5235,985,84,59,59,67,61,60,68,ea_official,override_espn_v8,2026-08-12 11:23:22,,,,,,
5236,986,69,58,68,72,66,69,73,ea_official,override_espn_v8,2026-08-12 11:23:22,,,,,,
5237,987,82,71,65,70,35,71,71,ea_official,override_espn_v8,2026-08-12 11:23:22,,,,,,
5238,988,73,64,71,72,64,68,71,ea_official,override_espn_v8,2026-08-12 11:23:22,,,,,,
5239,989,61,67,69,71,41,65,69,ea_official,override_espn_v8,2026-08-12 11:23:22,,,,,,
5240,990,68,64,65,70,24,66,67,ea_official,override_espn_v8,2026-08-12 11:23:22,,,,,,
5241,991,77,59,62,61,62,78,68,ea_official,override_espn_v8,2026-08-12 11:23:22,,,,,,
5242,992,62,44,60,63,59,62,63,ea_official,override_espn_v8,2026-08-12 11:23:22,,,,,,
5243,994,74,67,43,61,26,61,65,ea_official,override_espn_v8,2026-08-12 11:23:22,,,,,,
5244,995,75,48,62,65,64,67,69,ea_official,override_espn_v8,2026-08-12 11:23:22,,,,,,
5245,997,67,31,49,50,65,65,65,ea_official,override_espn_v8,2026-08-12 11:23:22,,,,,,
5246,1003,87,61,69,72,68,80,74,ea_official,override_espn_v8,2026-08-12 11:23:22,,,,,,
5247,1011,53,61,70,68,69,69,70,ea_official,override_espn_v8,2026-08-12 11:23:22,,,,,,
5248,1021,69,44,65,75,77,78,76,ea_official,override_espn_v8,2026-08-12 11:23:22,,,,,,
5249,1034,73,70,65,68,36,68,69,ea_official,override_espn_v8,2026-08-12 11:23:22,,,,,,
5250,1037,65,49,66,69,73,71,73,ea_official,override_espn_v8,2026-08-12 11:23:22,,,,,,
5251,1041,64,42,59,66,74,70,74,ea_official,override_espn_v8,2026-08-12 11:23:22,,,,,,
5252,1047,63,54,58,65,67,79,69,ea_official,override_espn_v8,2026-08-12 11:23:22,,,,,,
5253,1048,73,72,56,70,25,76,72,ea_official,override_espn_v8,2026-08-12 11:23:22,,,,,,
5254,1049,75,72,74,80,38,54,75,ea_official,override_espn_v8,2026-08-12 11:23:22,,,,,,
5255,1050,79,69,69,73,40,63,72,ea_official,override_espn_v8,2026-08-12 11:23:22,,,,,,
5256,1061,52,69,76,69,76,80,75,ea_official,override_espn_v8,2026-08-12 11:23:22,,,,,,
5257,1065,37,31,47,47,69,79,70,ea_official,override_espn_v8,2026-08-12 11:23:22,,,,,,
5258,1069,72,67,71,74,69,71,74,ea_official,override_espn_v8,2026-08-12 11:23:22,,,,,,
5259,1075,81,54,65,65,61,76,70,ea_official,override_espn_v8,2026-08-12 11:23:22,,,,,,
5260,1076,74,62,62,68,46,54,64,ea_official,override_espn_v8,2026-08-12 11:23:22,,,,,,
5261,1103,64,66,66,63,28,62,64,ea_official,override_espn_v8,2026-08-12 11:23:22,,,,,,
5262,1104,59,31,43,48,60,65,60,ea_official,override_espn_v8,2026-08-12 11:23:22,,,,,,
5263,1106,81,61,65,74,64,71,72,ea_official,override_espn_v8,2026-08-12 11:23:22,,,,,,
5264,1108,50,67,70,72,61,65,71,ea_official,override_espn_v8,2026-08-12 11:23:22,,,,,,
5265,1112,75,71,68,71,35,70,71,ea_official,override_espn_v8,2026-08-12 11:23:22,,,,,,
5266,1115,69,33,54,61,60,49,62,ea_official,override_espn_v8,2026-08-12 11:23:22,,,,,,
5267,1128,71,70,74,76,69,71,75,ea_official,override_espn_v8,2026-08-12 11:23:22,,,,,,
5268,1138,60,63,53,62,27,69,65,ea_official,override_espn_v8,2026-08-12 11:23:22,,,,,,
5269,1139,82,61,64,70,75,74,73,ea_official,override_espn_v8,2026-08-12 11:23:22,,,,,,
5270,1143,78,72,65,79,65,75,76,ea_official,override_espn_v8,2026-08-12 11:23:22,,,,,,
5271,1145,72,39,50,60,69,76,70,ea_official,override_espn_v8,2026-08-12 11:23:22,,,,,,
5272,1153,80,71,61,74,34,65,72,ea_official,override_espn_v8,2026-08-12 11:23:22,,,,,,
5273,1154,59,76,65,72,37,64,73,ea_official,override_espn_v8,2026-08-12 11:23:22,,,,,,
5274,1155,84,69,71,76,71,76,76,ea_official,override_espn_v8,2026-08-12 11:23:22,,,,,,
5275,1160,70,74,58,67,37,78,73,ea_official,override_espn_v8,2026-08-12 11:23:22,,,,,,
5276,1210,71,69,71,71,55,70,73,ea_official,override_espn_v8,2026-08-12 11:23:22,,,,,,
5277,1211,70,64,55,65,29,68,65,ea_official,override_espn_v8,2026-08-12 11:23:22,,,,,,
5278,1215,82,59,63,67,62,72,70,ea_official,override_espn_v8,2026-08-12 11:23:22,,,,,,
5279,1218,74,59,69,72,73,79,75,ea_official,override_espn_v8,2026-08-12 11:23:22,,,,,,
5280,1239,82,78,77,84,31,81,81,ea_official,override_espn_v8,2026-08-12 11:23:22,,,,,,
5281,1240,79,76,84,82,65,68,84,ea_official,override_espn_v8,2026-08-12 11:23:22,,,,,,
5282,1247,77,67,75,81,57,69,78,ea_official,override_espn_v8,2026-08-12 11:23:22,,,,,,
5283,1248,55,64,73,76,79,83,80,ea_official,override_espn_v8,2026-08-12 11:23:22,,,,,,
5284,1263,46,44,58,53,76,78,75,ea_official,override_espn_v8,2026-08-12 11:23:22,,,,,,
5285,1265,63,42,59,65,78,83,78,ea_official,override_espn_v8,2026-08-12 11:23:22,,,,,,
5286,1266,51,59,65,70,66,67,70,ea_official,override_espn_v8,2026-08-12 11:23:22,,,,,,
5287,1267,71,62,69,76,65,70,74,ea_official,override_espn_v8,2026-08-12 11:23:22,,,,,,
5288,1268,57,43,57,62,79,83,75,ea_official,override_espn_v8,2026-08-12 11:23:22,,,,,,
5289,1269,87,69,71,77,68,71,75,ea_official,override_espn_v8,2026-08-12 11:23:22,,,,,,
5290,1270,61,67,71,74,63,70,74,ea_official,override_espn_v8,2026-08-12 11:23:22,,,,,,
5291,1271,83,62,58,71,27,73,69,ea_official,override_espn_v8,2026-08-12 11:23:22,,,,,,
5292,1272,71,70,51,65,30,77,72,ea_official,override_espn_v8,2026-08-12 11:23:22,,,,,,
5293,1273,87,74,63,75,47,66,73,ea_official,override_espn_v8,2026-08-12 11:23:22,,,,,,
5294,1274,71,66,71,76,73,79,74,ea_official,override_espn_v8,2026-08-12 11:23:22,,,,,,
5295,1275,93,70,64,67,41,74,73,ea_official,override_espn_v8,2026-08-12 11:23:22,,,,,,
5296,1276,68,55,59,66,33,42,62,ea_official,override_espn_v8,2026-08-12 11:23:22,,,,,,
5297,1277,78,64,66,73,52,59,70,ea_official,override_espn_v8,2026-08-12 11:23:22,,,,,,
5298,1278,67,65,74,68,74,79,75,ea_official,override_espn_v8,2026-08-12 11:23:22,,,,,,
5299,1281,70,69,67,70,25,70,70,ea_official,override_espn_v8,2026-08-12 11:23:22,,,,,,
5300,1283,75,44,64,69,79,77,77,ea_official,override_espn_v8,2026-08-12 11:23:22,,,,,,
5301,1286,75,54,73,72,69,70,74,ea_official,override_espn_v8,2026-08-12 11:23:22,,,,,,
5302,1287,68,62,72,67,74,78,76,ea_official,override_espn_v8,2026-08-12 11:23:22,,,,,,
5303,1289,63,73,74,77,75,79,78,ea_official,override_espn_v8,2026-08-12 11:23:22,,,,,,
5304,1291,77,67,78,83,56,58,78,ea_official,override_espn_v8,2026-08-12 11:23:22,,,,,,
5305,1292,79,75,69,76,36,68,75,ea_official,override_espn_v8,2026-08-12 11:23:22,,,,,,
5306,1301,86,54,59,74,66,66,71,ea_official,override_espn_v8,2026-08-12 11:23:22,,,,,,
5307,1327,73,39,56,62,74,75,74,ea_official,override_espn_v8,2026-08-12 11:23:22,,,,,,
5308,1330,72,78,74,78,72,75,78,ea_official,override_espn_v8,2026-08-12 11:23:22,,,,,,
5309,1331,66,72,74,73,70,72,75,ea_official,override_espn_v8,2026-08-12 11:23:22,,,,,,
5310,1332,58,72,76,77,77,74,81,ea_official,override_espn_v8,2026-08-12 11:23:22,,,,,,
5311,1333,79,75,62,75,40,68,76,ea_official,override_espn_v8,2026-08-12 11:23:22,,,,,,
5312,1335,75,75,77,80,54,67,77,ea_official,override_espn_v8,2026-08-12 11:23:22,,,,,,
5313,1338,79,81,79,83,49,67,82,ea_official,override_espn_v8,2026-08-12 11:23:22,,,,,,
5314,1340,77,68,72,66,69,73,73,ea_official,override_espn_v8,2026-08-12 11:23:22,,,,,,
5315,1341,75,69,70,71,70,80,74,ea_official,override_espn_v8,2026-08-12 11:23:22,,,,,,
5316,1342,73,77,72,74,43,75,76,ea_official,override_espn_v8,2026-08-12 11:23:22,,,,,,
5317,1344,74,76,70,75,74,74,74,ea_official,override_espn_v8,2026-08-12 11:23:22,,,,,,
5318,1345,77,69,68,74,68,74,74,ea_official,override_espn_v8,2026-08-12 11:23:22,,,,,,
5319,1346,73,46,61,66,73,79,73,ea_official,override_espn_v8,2026-08-12 11:23:22,,,,,,
5320,1347,79,74,72,81,53,76,78,ea_official,override_espn_v8,2026-08-12 11:23:22,,,,,,
5321,1348,69,53,60,57,75,86,75,ea_official,override_espn_v8,2026-08-12 11:23:22,,,,,,
5322,1351,80,65,73,73,61,64,72,ea_official,override_espn_v8,2026-08-12 11:23:22,,,,,,
5323,1358,85,72,57,68,29,78,73,ea_official,override_espn_v8,2026-08-12 11:23:22,,,,,,
5324,1359,75,52,59,58,65,75,68,ea_official,override_espn_v8,2026-08-12 11:23:22,,,,,,
5325,1360,92,70,67,73,39,69,71,ea_official,override_espn_v8,2026-08-12 11:23:22,,,,,,
5326,1370,61,43,60,66,75,77,75,ea_official,override_espn_v8,2026-08-12 11:23:22,,,,,,
5327,1371,56,35,54,60,70,71,69,ea_official,override_espn_v8,2026-08-12 11:23:22,,,,,,
5328,1377,76,79,62,73,18,62,74,ea_official,override_espn_v8,2026-08-12 11:23:22,,,,,,
5329,1378,85,70,60,72,32,66,71,ea_official,override_espn_v8,2026-08-12 11:23:22,,,,,,
5330,1380,69,69,69,74,67,69,72,ea_official,override_espn_v8,2026-08-12 11:23:22,,,,,,
5331,1383,75,72,69,82,42,74,76,ea_official,override_espn_v8,2026-08-12 11:23:22,,,,,,
5332,1386,61,44,61,67,70,71,71,ea_official,override_espn_v8,2026-08-12 11:23:22,,,,,,
5333,1436,74,60,75,73,85,82,85,ea_official,override_espn_v8,2026-08-12 11:23:22,,,,,,
5334,1451,61,51,68,67,81,79,81,ea_official,override_espn_v8,2026-08-12 11:23:22,,,,,,
5335,1463,86,70,68,74,54,69,74,ea_official,override_espn_v8,2026-08-12 11:23:22,,,,,,
5336,1494,81,79,74,82,41,80,81,ea_official,override_espn_v8,2026-08-12 11:23:22,,,,,,
5337,1496,72,30,51,63,70,86,72,ea_official,override_espn_v8,2026-08-12 11:23:22,,,,,,
5338,1500,69,72,80,76,75,73,79,ea_official,override_espn_v8,2026-08-12 11:23:22,,,,,,
5339,1501,65,79,76,77,79,79,80,ea_official,override_espn_v8,2026-08-12 11:23:22,,,,,,
5340,1503,63,74,62,72,34,69,74,ea_official,override_espn_v8,2026-08-12 11:23:22,,,,,,
5341,1508,79,52,65,67,71,83,73,ea_official,override_espn_v8,2026-08-12 11:23:22,,,,,,
5342,1509,49,31,54,63,76,69,74,ea_official,override_espn_v8,2026-08-12 11:23:22,,,,,,
5343,1516,83,79,80,84,42,83,82,ea_official,override_espn_v8,2026-08-12 11:23:22,,,,,,
5344,1517,64,40,55,69,84,80,82,ea_official,override_espn_v8,2026-08-12 11:23:22,,,,,,
5345,1520,90,61,75,81,71,61,78,ea_official,override_espn_v8,2026-08-12 11:23:22,,,,,,
5346,1521,68,71,77,77,73,69,77,ea_official,override_espn_v8,2026-08-12 11:23:22,,,,,,
5347,1525,88,78,77,87,57,66,84,ea_official,override_espn_v8,2026-08-12 11:23:22,,,,,,
5348,1526,88,72,67,78,40,48,76,ea_official,override_espn_v8,2026-08-12 11:23:22,,,,,,
5349,1527,66,49,64,75,66,52,68,ea_official,override_espn_v8,2026-08-12 11:23:22,,,,,,
5350,1528,95,65,76,82,80,77,86,ea_official,override_espn_v8,2026-08-12 11:23:22,,,,,,
5351,1529,76,71,72,78,23,70,74,ea_official,override_espn_v8,2026-08-12 11:23:22,,,,,,
5352,1533,53,73,75,76,79,75,77,ea_official,override_espn_v8,2026-08-12 11:23:22,,,,,,
5353,1535,76,63,77,78,75,71,79,ea_official,override_espn_v8,2026-08-12 11:23:22,,,,,,
5354,1537,85,78,71,87,46,84,85,ea_official,override_espn_v8,2026-08-12 11:23:22,,,,,,
5355,1540,72,74,73,76,77,77,80,ea_official,override_espn_v8,2026-08-12 11:23:22,,,,,,
5356,1542,74,65,78,79,70,63,77,ea_official,override_espn_v8,2026-08-12 11:23:22,,,,,,
5357,1544,46,73,76,75,75,70,77,ea_official,override_espn_v8,2026-08-12 11:23:22,,,,,,
5358,1545,73,75,55,67,34,79,75,ea_official,override_espn_v8,2026-08-12 11:23:22,,,,,,
5359,1547,75,67,70,76,72,67,75,ea_official,override_espn_v8,2026-08-12 11:23:22,,,,,,
5360,1549,66,68,77,75,69,70,75,ea_official,override_espn_v8,2026-08-12 11:23:22,,,,,,
5361,1550,67,68,71,73,64,59,73,ea_official,override_espn_v8,2026-08-12 11:23:22,,,,,,
5362,1552,68,41,59,69,79,66,76,ea_official,override_espn_v8,2026-08-12 11:23:22,,,,,,
5363,1554,72,69,69,74,44,69,71,ea_official,override_espn_v8,2026-08-12 11:23:22,,,,,,
5364,1555,86,82,58,81,40,74,83,ea_official,override_espn_v8,2026-08-12 11:23:22,,,,,,
5365,1560,82,80,74,84,46,76,81,ea_official,override_espn_v8,2026-08-12 11:23:22,,,,,,
5366,1563,62,36,52,60,72,76,72,ea_official,override_espn_v8,2026-08-12 11:23:22,,,,,,
5367,1569,76,70,72,80,24,52,75,ea_official,override_espn_v8,2026-08-12 11:23:22,,,,,,
5368,1571,89,71,70,82,36,62,77,ea_official,override_espn_v8,2026-08-12 11:23:22,,,,,,
5369,1575,79,57,65,64,63,66,69,ea_official,override_espn_v8,2026-08-12 11:23:22,,,,,,
5370,1586,46,49,71,70,68,74,74,ea_official,override_espn_v8,2026-08-12 11:23:22,,,,,,
5371,1589,76,62,62,73,27,55,68,ea_official,override_espn_v8,2026-08-12 11:23:22,,,,,,
5372,1622,71,58,72,73,69,69,74,ea_official,override_espn_v8,2026-08-12 11:23:22,,,,,,
5373,1623,74,71,69,77,50,70,74,ea_official,override_espn_v8,2026-08-12 11:23:22,,,,,,
5374,1631,62,82,71,74,40,77,80,ea_official,override_espn_v8,2026-08-12 11:23:22,,,,,,
5375,1633,77,84,80,84,35,62,83,ea_official,override_espn_v8,2026-08-12 11:23:22,,,,,,
5376,1635,80,58,59,64,26,46,64,ea_official,override_espn_v8,2026-08-12 11:23:22,,,,,,
5377,1640,80,66,77,77,76,76,80,ea_official,override_espn_v8,2026-08-12 11:23:22,,,,,,
5378,1660,72,70,67,72,44,71,72,ea_official,override_espn_v8,2026-08-12 11:23:22,,,,,,
5379,1663,91,65,62,72,38,51,69,ea_official,override_espn_v8,2026-08-12 11:23:22,,,,,,
5380,1666,65,62,68,66,41,63,65,ea_official,override_espn_v8,2026-08-12 11:23:22,,,,,,
5381,1670,80,35,54,60,62,75,65,ea_official,override_espn_v8,2026-08-12 11:23:22,,,,,,
5382,1673,70,71,77,72,47,71,71,ea_official,override_espn_v8,2026-08-12 11:23:22,,,,,,
5383,1697,53,77,78,76,64,68,77,ea_official,override_espn_v8,2026-08-12 11:23:22,,,,,,
5384,1707,72,36,63,66,78,76,77,ea_official,override_espn_v8,2026-08-12 11:23:22,,,,,,
5385,1708,67,56,65,68,74,81,75,ea_official,override_espn_v8,2026-08-12 11:23:22,,,,,,
5386,1711,63,65,78,75,70,72,77,ea_official,override_espn_v8,2026-08-12 11:23:22,,,,,,
5387,1713,65,71,80,74,75,77,79,ea_official,override_espn_v8,2026-08-12 11:23:22,,,,,,
5388,1718,60,36,56,61,78,79,77,ea_official,override_espn_v8,2026-08-12 11:23:22,,,,,,
5389,1720,68,65,64,69,20,68,68,ea_official,override_espn_v8,2026-08-12 11:23:22,,,,,,
5390,1721,62,31,58,63,80,81,79,ea_official,override_espn_v8,2026-08-12 11:23:22,,,,,,
5391,1723,66,65,70,72,67,68,71,ea_official,override_espn_v8,2026-08-12 11:23:22,,,,,,
5392,1724,71,54,70,73,74,64,74,ea_official,override_espn_v8,2026-08-12 11:23:22,,,,,,
5393,1725,68,73,82,81,66,67,80,ea_official,override_espn_v8,2026-08-12 11:23:22,,,,,,
5394,1766,81,53,65,72,68,75,74,ea_official,override_espn_v8,2026-08-12 11:23:22,,,,,,
5395,1776,54,45,55,61,70,77,71,ea_official,override_espn_v8,2026-08-12 11:23:22,,,,,,
5396,1777,62,37,60,61,69,74,70,ea_official,override_espn_v8,2026-08-12 11:23:22,,,,,,
5397,1778,73,67,75,73,71,78,77,ea_official,override_espn_v8,2026-08-12 11:23:22,,,,,,
5398,1782,80,69,69,75,40,64,74,ea_official,override_espn_v8,2026-08-12 11:23:22,,,,,,
5399,1783,69,60,67,69,66,72,70,ea_official,override_espn_v8,2026-08-12 11:23:22,,,,,,
5400,1786,78,72,70,74,55,67,74,ea_official,override_espn_v8,2026-08-12 11:23:22,,,,,,
5401,1816,62,61,60,64,17,63,63,ea_official,override_espn_v8,2026-08-12 11:23:22,,,,,,
5402,1842,62,63,71,77,74,72,75,ea_official,override_espn_v8,2026-08-12 11:23:22,,,,,,
5403,1853,74,57,71,72,80,72,78,ea_official,override_espn_v8,2026-08-12 11:23:22,,,,,,
5404,1854,94,66,78,85,74,76,84,ea_official,override_espn_v8,2026-08-12 11:23:22,,,,,,
5405,1858,64,92,83,82,48,82,89,ea_official,override_espn_v8,2026-08-12 11:23:22,,,,,,
5406,1872,66,43,56,61,74,84,76,ea_official,override_espn_v8,2026-08-12 11:23:22,,,,,,
5407,1876,83,55,69,73,70,67,76,ea_official,override_espn_v8,2026-08-12 11:23:22,,,,,,
5408,1880,74,69,71,75,51,62,74,ea_official,override_espn_v8,2026-08-12 11:23:22,,,,,,
5409,1882,77,52,65,73,68,66,72,ea_official,override_espn_v8,2026-08-12 11:23:22,,,,,,
5410,1883,63,48,63,66,69,73,71,ea_official,override_espn_v8,2026-08-12 11:23:22,,,,,,
5411,1885,78,67,69,79,41,56,73,ea_official,override_espn_v8,2026-08-12 11:23:22,,,,,,
5412,1888,37,77,68,68,42,76,75,ea_official,override_espn_v8,2026-08-12 11:23:22,,,,,,
5413,1889,71,66,58,71,22,59,68,ea_official,override_espn_v8,2026-08-12 11:23:22,,,,,,
5414,1892,65,42,63,60,69,80,71,ea_official,override_espn_v8,2026-08-12 11:23:22,,,,,,
5415,1897,66,67,76,73,73,74,77,ea_official,override_espn_v8,2026-08-12 11:23:22,,,,,,
5416,1902,70,65,48,68,21,53,66,ea_official,override_espn_v8,2026-08-12 11:23:22,,,,,,
5417,1903,66,43,60,62,56,57,61,ea_official,override_espn_v8,2026-08-12 11:23:22,,,,,,
5418,1904,63,60,58,66,27,61,63,ea_official,override_espn_v8,2026-08-12 11:23:22,,,,,,
5419,1908,68,58,63,67,57,51,65,ea_official,override_espn_v8,2026-08-12 11:23:22,,,,,,
5420,1909,60,58,66,66,62,59,67,ea_official,override_espn_v8,2026-08-12 11:23:22,,,,,,
5421,1916,83,54,60,64,63,75,70,ea_official,override_espn_v8,2026-08-12 11:23:22,,,,,,
5422,1918,82,75,61,71,41,81,76,ea_official,override_espn_v8,2026-08-12 11:23:22,,,,,,
5423,1923,52,32,48,49,63,77,65,ea_official,override_espn_v8,2026-08-12 11:23:22,,,,,,
5424,1943,65,66,71,70,71,83,74,ea_official,override_espn_v8,2026-08-12 11:23:22,,,,,,
5425,1955,49,52,65,68,71,78,73,ea_official,override_espn_v8,2026-08-12 11:23:22,,,,,,
5426,1956,71,64,67,65,56,71,66,ea_official,override_espn_v8,2026-08-12 11:23:22,,,,,,
5427,1958,62,77,67,73,38,74,74,ea_official,override_espn_v8,2026-08-12 11:23:22,,,,,,
5428,1959,82,73,64,71,38,58,71,ea_official,override_espn_v8,2026-08-12 11:23:22,,,,,,
5429,1960,78,78,75,78,41,65,77,ea_official,override_espn_v8,2026-08-12 11:23:22,,,,,,
5430,1965,82,74,71,75,55,68,73,ea_official,override_espn_v8,2026-08-12 11:23:22,,,,,,
5431,1967,63,65,64,64,44,65,64,ea_official,override_espn_v8,2026-08-12 11:23:22,,,,,,
5432,1972,69,58,67,66,68,73,68,ea_official,override_espn_v8,2026-08-12 11:23:22,,,,,,
5433,1988,82,64,58,65,29,59,65,ea_official,override_espn_v8,2026-08-12 11:23:22,,,,,,
5434,1989,66,39,49,50,71,72,70,ea_official,override_espn_v8,2026-08-12 11:23:22,,,,,,
5435,2024,84,70,63,72,50,69,70,ea_official,override_espn_v8,2026-08-12 11:23:22,,,,,,
5436,2051,69,27,46,50,74,80,75,ea_official,override_espn_v8,2026-08-12 11:23:22,,,,,,
5437,2059,74,69,71,76,61,62,74,ea_official,override_espn_v8,2026-08-12 11:23:22,,,,,,
5438,2082,71,76,68,77,46,74,76,ea_official,override_espn_v8,2026-08-12 11:23:22,,,,,,
5439,2097,57,77,76,73,83,81,81,ea_official,override_espn_v8,2026-08-12 11:23:22,,,,,,
5440,2100,62,76,80,82,81,71,84,ea_official,override_espn_v8,2026-08-12 11:23:22,,,,,,
5441,2101,70,47,67,72,70,78,75,ea_official,override_espn_v8,2026-08-12 11:23:22,,,,,,
5442,2102,72,73,87,85,74,67,84,ea_official,override_espn_v8,2026-08-12 11:23:22,,,,,,
5443,2104,72,83,71,81,38,77,85,ea_official,override_espn_v8,2026-08-12 11:23:22,,,,,,
5444,2106,64,76,78,79,64,68,78,ea_official,override_espn_v8,2026-08-12 11:23:22,,,,,,
5445,2107,78,79,75,80,36,71,79,ea_official,override_espn_v8,2026-08-12 11:23:22,,,,,,
5446,2108,65,75,85,84,75,66,83,ea_official,override_espn_v8,2026-08-12 11:23:22,,,,,,
5447,2109,63,70,61,68,26,57,68,ea_official,override_espn_v8,2026-08-12 11:23:22,,,,,,
5448,2111,75,66,66,79,40,62,71,ea_official,override_espn_v8,2026-08-12 11:23:22,,,,,,
5449,2112,77,76,68,78,52,73,76,ea_official,override_espn_v8,2026-08-12 11:23:22,,,,,,
5450,2117,75,55,68,66,80,74,79,ea_official,override_espn_v8,2026-08-12 11:23:22,,,,,,
5451,2123,78,55,69,75,70,70,76,ea_official,override_espn_v8,2026-08-12 11:23:22,,,,,,
5452,2124,73,62,70,71,70,72,72,ea_official,override_espn_v8,2026-08-12 11:23:22,,,,,,
5453,2125,92,72,70,76,35,71,75,ea_official,override_espn_v8,2026-08-12 11:23:22,,,,,,
5454,2133,81,69,66,73,32,63,71,ea_official,override_espn_v8,2026-08-12 11:23:22,,,,,,
5455,2141,83,68,65,74,48,57,71,ea_official,override_espn_v8,2026-08-12 11:23:22,,,,,,
5456,2222,83,81,78,83,39,80,83,ea_official,override_espn_v8,2026-08-12 11:23:22,,,,,,
5457,2223,60,37,59,66,74,79,75,ea_official,override_espn_v8,2026-08-12 11:23:22,,,,,,
5458,2225,60,32,48,51,68,78,70,ea_official,override_espn_v8,2026-08-12 11:23:22,,,,,,
5459,2226,58,56,70,70,74,71,73,ea_official,override_espn_v8,2026-08-12 11:23:22,,,,,,
5460,2231,91,59,62,71,28,51,70,ea_official,override_espn_v8,2026-08-12 11:23:22,,,,,,
5461,2233,76,48,59,70,75,74,74,ea_official,override_espn_v8,2026-08-12 11:23:22,,,,,,
5462,2239,74,65,74,75,69,74,74,ea_official,override_espn_v8,2026-08-12 11:23:22,,,,,,
5463,2244,64,38,52,63,80,78,78,ea_official,override_espn_v8,2026-08-12 11:23:22,,,,,,
5464,2303,63,36,54,53,71,71,70,ea_official,override_espn_v8,2026-08-12 11:23:22,,,,,,
5465,2305,78,58,61,64,55,61,65,ea_official,override_espn_v8,2026-08-12 11:23:22,,,,,,
5466,2308,47,64,68,71,82,84,81,ea_official,override_espn_v8,2026-08-12 11:23:22,,,,,,
5467,2310,92,59,58,74,48,59,68,ea_official,override_espn_v8,2026-08-12 11:23:22,,,,,,
5468,2315,73,25,38,48,64,69,64,ea_official,override_espn_v8,2026-08-12 11:23:22,,,,,,
5469,2322,64,24,46,47,72,76,71,ea_official,override_espn_v8,2026-08-12 11:23:22,,,,,,
5470,2325,70,49,63,65,67,72,69,ea_official,override_espn_v8,2026-08-12 11:23:22,,,,,,
5471,2327,65,35,55,58,70,66,66,ea_official,override_espn_v8,2026-08-12 11:23:22,,,,,,
5472,2334,83,74,65,75,30,69,74,ea_official,override_espn_v8,2026-08-12 11:23:22,,,,,,
5473,2351,73,40,59,59,58,63,64,ea_official,override_espn_v8,2026-08-12 11:23:22,,,,,,
5474,2361,71,72,64,71,39,67,71,ea_official,override_espn_v8,2026-08-12 11:23:22,,,,,,
5475,2362,70,26,50,60,69,73,70,ea_official,override_espn_v8,2026-08-12 11:23:22,,,,,,
5476,2363,52,45,65,64,73,70,73,ea_official,override_espn_v8,2026-08-12 11:23:22,,,,,,
5477,2366,58,73,76,77,65,72,77,ea_official,override_espn_v8,2026-08-12 11:23:22,,,,,,
5478,2367,70,52,65,72,74,74,74,ea_official,override_espn_v8,2026-08-12 11:23:22,,,,,,
5479,2368,86,46,66,71,69,70,75,ea_official,override_espn_v8,2026-08-12 11:23:22,,,,,,
5480,2370,73,75,67,78,30,58,74,ea_official,override_espn_v8,2026-08-12 11:23:22,,,,,,
5481,2371,71,77,79,80,45,65,76,ea_official,override_espn_v8,2026-08-12 11:23:22,,,,,,
5482,2372,64,74,75,71,50,79,75,ea_official,override_espn_v8,2026-08-12 11:23:22,,,,,,
5483,2374,74,54,63,69,50,58,68,ea_official,override_espn_v8,2026-08-12 11:23:22,,,,,,
5484,2375,87,74,66,73,41,72,74,ea_official,override_espn_v8,2026-08-12 11:23:22,,,,,,
5485,2376,74,71,66,71,39,72,73,ea_official,override_espn_v8,2026-08-12 11:23:22,,,,,,
5486,2377,74,63,51,65,25,55,64,ea_official,override_espn_v8,2026-08-12 11:23:22,,,,,,
5487,2378,63,37,52,54,64,62,64,ea_official,override_espn_v8,2026-08-12 11:23:22,,,,,,
5488,2379,65,66,70,66,42,70,69,ea_official,override_espn_v8,2026-08-12 11:23:22,,,,,,
5489,2401,72,71,69,76,46,73,73,ea_official,override_espn_v8,2026-08-12 11:23:22,,,,,,
5490,2408,70,58,70,72,72,76,73,ea_official,override_espn_v8,2026-08-12 11:23:22,,,,,,
5491,2409,84,70,56,74,40,64,72,ea_official,override_espn_v8,2026-08-12 11:23:22,,,,,,
5492,2411,74,61,53,66,27,49,62,ea_official,override_espn_v8,2026-08-12 11:23:22,,,,,,
5493,2412,70,63,65,66,71,70,71,ea_official,override_espn_v8,2026-08-12 11:23:22,,,,,,
5494,2418,72,70,63,71,50,83,72,ea_official,override_espn_v8,2026-08-12 11:23:22,,,,,,
5495,2419,75,70,72,72,63,77,72,ea_official,override_espn_v8,2026-08-12 11:23:22,,,,,,
5496,2423,53,39,61,63,72,80,72,ea_official,override_espn_v8,2026-08-12 11:23:22,,,,,,
5497,2428,59,65,73,72,66,63,71,ea_official,override_espn_v8,2026-08-12 11:23:22,,,,,,
5498,2442,83,82,85,89,50,87,87,ea_official,override_espn_v8,2026-08-12 11:23:22,,,,,,
5499,2443,74,48,69,73,82,81,82,ea_official,override_espn_v8,2026-08-12 11:23:22,,,,,,
5500,2444,74,46,75,76,88,82,87,ea_official,override_espn_v8,2026-08-12 11:23:22,,,,,,
5501,2447,82,77,78,82,73,72,81,ea_official,override_espn_v8,2026-08-12 11:23:22,,,,,,
5502,2449,80,78,84,82,79,77,85,ea_official,override_espn_v8,2026-08-12 11:23:22,,,,,,
5503,2451,81,88,75,84,51,83,88,ea_official,override_espn_v8,2026-08-12 11:23:22,,,,,,
5504,2453,77,78,82,83,72,75,83,ea_official,override_espn_v8,2026-08-12 11:23:22,,,,,,
5505,2458,57,50,65,65,87,81,84,ea_official,override_espn_v8,2026-08-12 11:23:22,,,,,,
5506,2459,71,62,74,76,81,71,81,ea_official,override_espn_v8,2026-08-12 11:23:22,,,,,,
5507,2461,62,41,68,69,86,74,84,ea_official,override_espn_v8,2026-08-12 11:23:22,,,,,,
5508,2464,86,83,76,82,50,80,85,ea_official,override_espn_v8,2026-08-12 11:23:22,,,,,,
5509,2514,76,59,67,73,67,76,72,ea_official,override_espn_v8,2026-08-12 11:23:22,,,,,,
5510,2544,92,45,56,63,57,74,65,ea_official,override_espn_v8,2026-08-12 11:23:22,,,,,,
5511,2586,77,25,45,58,67,70,67,ea_official,override_espn_v8,2026-08-12 11:23:22,,,,,,
5512,2588,51,33,47,57,75,72,73,ea_official,override_espn_v8,2026-08-12 11:23:22,,,,,,
5513,2592,90,59,61,75,44,50,71,ea_official,override_espn_v8,2026-08-12 11:23:22,,,,,,
5514,2593,70,73,55,73,28,56,71,ea_official,override_espn_v8,2026-08-12 11:23:22,,,,,,
5515,2597,78,72,60,68,33,60,71,ea_official,override_espn_v8,2026-08-12 11:23:22,,,,,,
5516,2600,78,69,56,70,28,71,70,ea_official,override_espn_v8,2026-08-12 11:23:22,,,,,,
5517,2603,71,70,66,70,39,70,70,ea_official,override_espn_v8,2026-08-12 11:23:22,,,,,,
5518,2621,73,58,57,68,26,53,65,ea_official,override_espn_v8,2026-08-12 11:23:22,,,,,,
5519,2645,82,77,80,83,54,81,82,ea_official,override_espn_v8,2026-08-12 11:23:22,,,,,,
5520,2646,77,46,65,69,82,79,81,ea_official,override_espn_v8,2026-08-12 11:23:22,,,,,,
5521,2647,74,44,70,72,79,81,79,ea_official,override_espn_v8,2026-08-12 11:23:22,,,,,,
5522,2648,75,67,76,75,86,79,84,ea_official,override_espn_v8,2026-08-12 11:23:22,,,,,,
5523,2649,49,73,78,74,78,80,82,ea_official,override_espn_v8,2026-08-12 11:23:22,,,,,,
5524,2651,77,78,76,80,74,83,80,ea_official,override_espn_v8,2026-08-12 11:23:22,,,,,,
5525,2652,83,80,75,81,32,70,80,ea_official,override_espn_v8,2026-08-12 11:23:22,,,,,,
5526,2654,82,83,72,78,36,63,81,ea_official,override_espn_v8,2026-08-12 11:23:22,,,,,,
5527,2655,83,83,77,83,37,63,82,ea_official,override_espn_v8,2026-08-12 11:23:22,,,,,,
5528,2656,77,82,76,80,45,71,79,ea_official,override_espn_v8,2026-08-12 11:23:22,,,,,,
5529,2660,82,70,74,78,50,54,76,ea_official,override_espn_v8,2026-08-12 11:23:22,,,,,,
5530,2662,70,55,77,79,68,66,77,ea_official,override_espn_v8,2026-08-12 11:23:22,,,,,,
5531,2664,78,70,72,80,57,61,77,ea_official,override_espn_v8,2026-08-12 11:23:22,,,,,,
5532,2776,91,56,64,75,71,65,75,ea_official,override_espn_v8,2026-08-12 11:23:22,,,,,,
5533,2799,73,77,78,78,67,74,78,ea_official,override_espn_v8,2026-08-12 11:23:22,,,,,,
5534,2808,85,72,65,76,66,76,73,ea_official,override_espn_v8,2026-08-12 11:23:22,,,,,,
5535,2812,84,81,67,78,43,73,80,ea_official,override_espn_v8,2026-08-12 11:23:22,,,,,,
5536,2817,68,67,52,66,31,71,68,ea_official,override_espn_v8,2026-08-12 11:23:22,,,,,,
5537,2818,77,72,75,76,42,73,75,ea_official,override_espn_v8,2026-08-12 11:23:22,,,,,,
5538,2842,54,66,68,70,70,77,71,ea_official,override_espn_v8,2026-08-12 11:23:22,,,,,,
5539,2843,85,74,70,75,67,65,74,ea_official,override_espn_v8,2026-08-12 11:23:22,,,,,,
5540,2854,64,71,58,66,35,72,72,ea_official,override_espn_v8,2026-08-12 11:23:22,,,,,,
5541,2906,76,46,56,58,64,68,65,ea_official,override_espn_v8,2026-08-12 11:23:22,,,,,,
5542,2917,57,39,55,62,63,74,67,ea_official,override_espn_v8,2026-08-12 11:23:22,,,,,,
5543,2942,74,70,75,75,41,73,74,ea_official,override_espn_v8,2026-08-12 11:23:22,,,,,,
5544,2944,65,52,59,61,73,78,72,ea_official,override_espn_v8,2026-08-12 11:23:22,,,,,,
5545,2945,60,34,58,62,73,73,73,ea_official,override_espn_v8,2026-08-12 11:23:22,,,,,,
5546,2946,60,59,74,76,68,70,75,ea_official,override_espn_v8,2026-08-12 11:23:22,,,,,,
5547,2947,64,59,65,71,74,85,72,ea_official,override_espn_v8,2026-08-12 11:23:22,,,,,,
5548,2948,73,66,73,73,71,73,75,ea_official,override_espn_v8,2026-08-12 11:23:22,,,,,,
5549,2949,79,67,66,67,46,74,69,ea_official,override_espn_v8,2026-08-12 11:23:22,,,,,,
5550,2950,81,69,64,74,42,64,71,ea_official,override_espn_v8,2026-08-12 11:23:22,,,,,,
5551,2951,92,74,62,79,27,72,73,ea_official,override_espn_v8,2026-08-12 11:23:22,,,,,,
5552,2953,90,69,56,73,22,66,72,ea_official,override_espn_v8,2026-08-12 11:23:22,,,,,,
5553,2954,78,38,59,63,62,59,67,ea_official,override_espn_v8,2026-08-12 11:23:22,,,,,,
5554,2958,56,73,49,66,30,75,73,ea_official,override_espn_v8,2026-08-12 11:23:22,,,,,,
5555,2960,82,39,61,63,73,81,75,ea_official,override_espn_v8,2026-08-12 11:23:22,,,,,,
5556,2961,85,54,63,69,61,72,70,ea_official,override_espn_v8,2026-08-12 11:23:22,,,,,,
5557,2985,82,58,64,70,65,68,72,ea_official,override_espn_v8,2026-08-12 11:23:22,,,,,,
5558,2999,91,55,61,69,21,59,67,ea_official,override_espn_v8,2026-08-12 11:23:22,,,,,,
5559,3002,81,81,68,82,49,78,81,ea_official,override_espn_v8,2026-08-12 11:23:22,,,,,,
5560,3003,56,37,62,65,83,82,82,ea_official,override_espn_v8,2026-08-12 11:23:22,,,,,,
5561,3005,77,62,78,79,77,64,80,ea_official,override_espn_v8,2026-08-12 11:23:22,,,,,,
5562,3006,66,65,83,77,80,71,80,ea_official,override_espn_v8,2026-08-12 11:23:22,,,,,,
5563,3007,79,74,82,80,81,83,86,ea_official,override_espn_v8,2026-08-12 11:23:22,,,,,,
5564,3009,66,75,84,84,79,81,86,ea_official,override_espn_v8,2026-08-12 11:23:22,,,,,,
5565,3011,91,79,78,83,50,71,83,ea_official,override_espn_v8,2026-08-12 11:23:22,,,,,,
5566,3012,83,80,75,81,43,68,80,ea_official,override_espn_v8,2026-08-12 11:23:22,,,,,,
5567,3019,67,78,65,79,41,74,79,ea_official,override_espn_v8,2026-08-12 11:23:22,,,,,,
5568,3020,77,75,73,80,68,72,78,ea_official,override_espn_v8,2026-08-12 11:23:22,,,,,,
5569,3022,92,72,76,82,39,70,81,ea_official,override_espn_v8,2026-08-12 11:23:22,,,,,,
5570,3025,60,59,72,76,80,73,80,ea_official,override_espn_v8,2026-08-12 11:23:22,,,,,,
5571,3028,79,76,72,74,64,74,77,ea_official,override_espn_v8,2026-08-12 11:23:22,,,,,,
5572,3029,53,72,84,75,65,71,79,ea_official,override_espn_v8,2026-08-12 11:23:22,,,,,,
5573,3033,92,74,70,77,45,71,76,ea_official,override_espn_v8,2026-08-12 11:23:22,,,,,,
5574,3037,92,61,58,73,26,63,70,ea_official,override_espn_v8,2026-08-12 11:23:22,,,,,,
5575,3040,65,64,66,68,77,82,77,ea_official,override_espn_v8,2026-08-12 11:23:22,,,,,,
5576,3044,68,27,51,48,69,75,71,ea_official,override_espn_v8,2026-08-12 11:23:22,,,,,,
5577,3045,66,44,63,66,83,81,82,ea_official,override_espn_v8,2026-08-12 11:23:22,,,,,,
5578,3046,69,65,70,72,79,81,79,ea_official,override_espn_v8,2026-08-12 11:23:22,,,,,,
5579,3047,77,73,71,78,71,77,78,ea_official,override_espn_v8,2026-08-12 11:23:22,,,,,,
5580,3048,82,71,78,85,41,64,82,ea_official,override_espn_v8,2026-08-12 11:23:22,,,,,,
5581,3050,71,65,57,68,21,50,63,ea_official,override_espn_v8,2026-08-12 11:23:22,,,,,,
5582,3053,60,75,85,85,56,67,82,ea_official,override_espn_v8,2026-08-12 11:23:22,,,,,,
5583,3060,64,73,74,75,80,74,80,ea_official,override_espn_v8,2026-08-12 11:23:22,,,,,,
5584,3062,85,35,53,67,64,64,70,ea_official,override_espn_v8,2026-08-12 11:23:22,,,,,,
5585,3074,66,32,55,62,72,69,72,ea_official,override_espn_v8,2026-08-12 11:23:22,,,,,,
5586,3085,67,42,57,60,66,80,69,ea_official,override_espn_v8,2026-08-12 11:23:22,,,,,,
5587,3086,80,60,65,65,65,74,71,ea_official,override_espn_v8,2026-08-12 11:23:22,,,,,,
5588,3097,70,61,48,58,30,70,63,ea_official,override_espn_v8,2026-08-12 11:23:22,,,,,,
5589,3107,78,57,67,67,66,68,71,ea_official,override_espn_v8,2026-08-12 11:23:22,,,,,,
5590,3131,90,70,69,74,33,63,75,ea_official,override_espn_v8,2026-08-12 11:23:22,,,,,,
5591,3144,76,39,55,60,73,82,75,ea_official,override_espn_v8,2026-08-12 11:23:22,,,,,,
5592,3146,76,38,54,62,75,75,74,ea_official,override_espn_v8,2026-08-12 11:23:22,,,,,,
5593,3147,53,58,75,71,72,79,76,ea_official,override_espn_v8,2026-08-12 11:23:22,,,,,,
5594,3155,73,72,55,68,29,81,74,ea_official,override_espn_v8,2026-08-12 11:23:22,,,,,,
5595,3161,78,74,67,71,63,74,73,ea_official,override_espn_v8,2026-08-12 11:23:22,,,,,,
5596,3165,70,59,65,68,65,76,70,ea_official,override_espn_v8,2026-08-12 11:23:22,,,,,,
5597,3166,79,72,76,80,46,73,77,ea_official,override_espn_v8,2026-08-12 11:23:22,,,,,,
5598,3167,73,44,59,59,66,65,66,ea_official,override_espn_v8,2026-08-12 11:23:22,,,,,,
5599,3170,73,51,64,70,69,64,72,ea_official,override_espn_v8,2026-08-12 11:23:22,,,,,,
5600,3171,62,62,69,72,68,80,72,ea_official,override_espn_v8,2026-08-12 11:23:22,,,,,,
5601,3172,64,64,69,68,75,78,75,ea_official,override_espn_v8,2026-08-12 11:23:22,,,,,,
5602,3173,85,64,65,74,32,58,72,ea_official,override_espn_v8,2026-08-12 11:23:22,,,,,,
5603,3174,76,72,71,78,59,73,76,ea_official,override_espn_v8,2026-08-12 11:23:22,,,,,,
5604,3178,81,70,65,73,35,70,72,ea_official,override_espn_v8,2026-08-12 11:23:22,,,,,,
5605,3183,69,70,68,73,62,73,72,ea_official,override_espn_v8,2026-08-12 11:23:22,,,,,,
5606,3187,68,53,65,65,73,76,73,ea_official,override_espn_v8,2026-08-12 11:23:22,,,,,,
5607,3188,68,66,68,67,37,66,67,ea_official,override_espn_v8,2026-08-12 11:23:22,,,,,,
5608,3190,69,45,67,65,84,79,82,ea_official,override_espn_v8,2026-08-12 11:23:22,,,,,,
5609,3192,84,72,73,77,79,80,83,ea_official,override_espn_v8,2026-08-12 11:23:22,,,,,,
5610,3193,76,82,77,80,80,85,85,ea_official,override_espn_v8,2026-08-12 11:23:22,,,,,,
5611,3194,71,69,80,82,76,71,83,ea_official,override_espn_v8,2026-08-12 11:23:22,,,,,,
5612,3195,85,65,73,77,76,67,78,ea_official,override_espn_v8,2026-08-12 11:23:22,,,,,,
5613,3196,81,71,79,81,76,73,81,ea_official,override_espn_v8,2026-08-12 11:23:22,,,,,,
5614,3197,85,76,58,72,33,79,76,ea_official,override_espn_v8,2026-08-12 11:23:22,,,,,,
5615,3198,72,71,73,80,65,68,77,ea_official,override_espn_v8,2026-08-12 11:23:22,,,,,,
5616,3201,49,55,61,62,80,76,78,ea_official,override_espn_v8,2026-08-12 11:23:22,,,,,,
5617,3202,70,51,69,72,77,73,78,ea_official,override_espn_v8,2026-08-12 11:23:22,,,,,,
5618,3204,68,66,61,69,48,64,67,ea_official,override_espn_v8,2026-08-12 11:23:22,,,,,,
5619,3206,63,78,59,67,34,82,76,ea_official,override_espn_v8,2026-08-12 11:23:22,,,,,,
5620,3207,80,77,73,84,50,68,80,ea_official,override_espn_v8,2026-08-12 11:23:22,,,,,,
5621,3209,79,82,75,75,41,84,84,ea_official,override_espn_v8,2026-08-12 11:23:22,,,,,,
5622,3236,71,54,60,66,59,65,63,ea_official,override_espn_v8,2026-08-12 11:23:22,,,,,,
5623,3237,57,22,55,55,68,78,69,ea_official,override_espn_v8,2026-08-12 11:23:22,,,,,,
5624,3240,64,60,58,68,33,48,62,ea_official,override_espn_v8,2026-08-12 11:23:22,,,,,,
5625,3241,81,67,56,72,30,62,66,ea_official,override_espn_v8,2026-08-12 11:23:22,,,,,,
5626,3244,48,70,45,59,26,68,65,ea_official,override_espn_v8,2026-08-12 11:23:22,,,,,,
5627,3270,78,75,75,77,40,74,76,ea_official,override_espn_v8,2026-08-12 11:23:22,,,,,,
5628,3271,72,43,68,73,81,75,80,ea_official,override_espn_v8,2026-08-12 11:23:22,,,,,,
5629,3273,86,61,80,79,74,78,82,ea_official,override_espn_v8,2026-08-12 11:23:22,,,,,,
5630,3274,81,72,73,81,71,75,78,ea_official,override_espn_v8,2026-08-12 11:23:22,,,,,,
5631,3275,72,62,74,74,74,76,77,ea_official,override_espn_v8,2026-08-12 11:23:22,,,,,,
5632,3276,74,72,72,79,47,63,77,ea_official,override_espn_v8,2026-08-12 11:23:22,,,,,,
5633,3279,89,72,68,81,41,63,76,ea_official,override_espn_v8,2026-08-12 11:23:22,,,,,,
5634,3280,71,61,62,64,25,49,66,ea_official,override_espn_v8,2026-08-12 11:23:22,,,,,,
5635,3284,74,71,69,79,30,63,74,ea_official,override_espn_v8,2026-08-12 11:23:22,,,,,,
5636,3286,69,70,74,78,75,78,80,ea_official,override_espn_v8,2026-08-12 11:23:22,,,,,,
5637,3287,75,76,66,71,28,76,74,ea_official,override_espn_v8,2026-08-12 11:23:22,,,,,,
5638,3288,73,54,76,78,78,74,80,ea_official,override_espn_v8,2026-08-12 11:23:22,,,,,,
5639,3289,85,72,70,81,33,63,78,ea_official,override_espn_v8,2026-08-12 11:23:22,,,,,,
5640,3295,62,54,62,64,68,72,70,ea_official,override_espn_v8,2026-08-12 11:23:22,,,,,,
5641,3306,67,65,70,72,63,64,69,ea_official,override_espn_v8,2026-08-12 11:23:22,,,,,,
5642,3310,66,63,54,67,36,66,65,ea_official,override_espn_v8,2026-08-12 11:23:22,,,,,,
5643,3326,75,48,59,63,68,81,71,ea_official,override_espn_v8,2026-08-12 11:23:22,,,,,,
5644,3408,67,28,49,60,68,69,68,ea_official,override_espn_v8,2026-08-12 11:23:22,,,,,,
5645,3409,57,36,56,61,69,74,70,ea_official,override_espn_v8,2026-08-12 11:23:22,,,,,,
5646,3410,89,65,64,69,62,74,70,ea_official,override_espn_v8,2026-08-12 11:23:22,,,,,,
5647,3420,74,72,74,75,71,72,77,ea_official,override_espn_v8,2026-08-12 11:23:22,,,,,,
5648,3422,64,73,75,76,44,60,74,ea_official,override_espn_v8,2026-08-12 11:23:22,,,,,,
5649,3425,72,64,73,73,63,72,73,ea_official,override_espn_v8,2026-08-12 11:23:22,,,,,,
5650,3448,69,51,60,63,84,78,83,ea_official,override_espn_v8,2026-08-12 11:23:22,,,,,,
5651,3458,80,78,80,83,59,55,81,ea_official,override_espn_v8,2026-08-12 11:23:22,,,,,,
5652,3471,49,46,60,59,72,78,72,ea_official,override_espn_v8,2026-08-12 11:23:22,,,,,,
5653,3472,79,63,66,70,67,70,73,ea_official,override_espn_v8,2026-08-12 11:23:22,,,,,,
5654,3473,50,38,51,55,73,72,71,ea_official,override_espn_v8,2026-08-12 11:23:22,,,,,,
5655,3475,57,65,71,76,72,76,74,ea_official,override_espn_v8,2026-08-12 11:23:22,,,,,,
5656,3477,70,76,56,71,27,69,75,ea_official,override_espn_v8,2026-08-12 11:23:22,,,,,,
5657,3478,91,77,74,83,36,57,80,ea_official,override_espn_v8,2026-08-12 11:23:22,,,,,,
5658,3486,79,72,64,67,41,75,72,ea_official,override_espn_v8,2026-08-12 11:23:22,,,,,,
5659,3493,78,77,85,81,52,78,79,ea_official,override_espn_v8,2026-08-12 11:23:22,,,,,,
5660,3496,72,49,71,74,77,69,78,ea_official,override_espn_v8,2026-08-12 11:23:22,,,,,,
5661,3497,88,63,71,75,78,75,80,ea_official,override_espn_v8,2026-08-12 11:23:22,,,,,,
5662,3498,75,77,82,84,60,72,82,ea_official,override_espn_v8,2026-08-12 11:23:22,,,,,,
5663,3499,71,68,79,81,77,78,80,ea_official,override_espn_v8,2026-08-12 11:23:22,,,,,,
5664,3500,58,65,72,71,77,79,77,ea_official,override_espn_v8,2026-08-12 11:23:22,,,,,,
5665,3502,82,75,75,81,50,63,78,ea_official,override_espn_v8,2026-08-12 11:23:22,,,,,,
5666,3504,89,72,70,81,62,68,79,ea_official,override_espn_v8,2026-08-12 11:23:22,,,,,,
5667,3507,69,65,72,76,76,77,79,ea_official,override_espn_v8,2026-08-12 11:23:22,,,,,,
5668,3508,73,71,70,74,48,70,72,ea_official,override_espn_v8,2026-08-12 11:23:22,,,,,,
5669,3513,86,85,86,89,56,90,89,ea_official,override_espn_v8,2026-08-12 11:23:22,,,,,,
5670,3514,73,60,72,72,90,87,90,ea_official,override_espn_v8,2026-08-12 11:23:22,,,,,,
5671,3515,77,34,63,69,86,85,86,ea_official,override_espn_v8,2026-08-12 11:23:22,,,,,,
5672,3516,87,59,75,78,77,80,82,ea_official,override_espn_v8,2026-08-12 11:23:22,,,,,,
5673,3517,79,82,84,82,67,76,83,ea_official,override_espn_v8,2026-08-12 11:23:22,,,,,,
5674,3518,74,74,76,82,72,76,80,ea_official,override_espn_v8,2026-08-12 11:23:22,,,,,,
5675,3519,66,82,85,85,78,76,87,ea_official,override_espn_v8,2026-08-12 11:23:22,,,,,,
5676,3520,76,76,81,85,81,81,85,ea_official,override_espn_v8,2026-08-12 11:23:22,,,,,,
5677,3522,83,82,80,83,47,74,84,ea_official,override_espn_v8,2026-08-12 11:23:22,,,,,,
5678,3523,89,88,86,90,45,76,91,ea_official,override_espn_v8,2026-08-12 11:23:22,,,,,,
5679,3524,84,81,72,84,48,84,84,ea_official,override_espn_v8,2026-08-12 11:23:22,,,,,,
5680,3525,87,80,75,83,44,68,81,ea_official,override_espn_v8,2026-08-12 11:23:22,,,,,,
5681,3527,74,29,70,71,79,73,79,ea_official,override_espn_v8,2026-08-12 11:23:22,,,,,,
5682,3548,58,56,59,62,57,70,64,ea_official,override_espn_v8,2026-08-12 11:23:22,,,,,,
5683,3595,73,70,70,74,38,73,72,ea_official,override_espn_v8,2026-08-12 11:23:22,,,,,,
5684,3596,73,65,65,69,69,72,70,ea_official,override_espn_v8,2026-08-12 11:23:22,,,,,,
5685,3597,45,35,51,54,72,83,73,ea_official,override_espn_v8,2026-08-12 11:23:22,,,,,,
5686,3598,66,50,63,63,70,77,70,ea_official,override_espn_v8,2026-08-12 11:23:22,,,,,,
5687,3600,84,64,69,77,63,66,73,ea_official,override_espn_v8,2026-08-12 11:23:22,,,,,,
5688,3601,67,64,69,71,75,67,74,ea_official,override_espn_v8,2026-08-12 11:23:22,,,,,,
5689,3603,70,70,54,66,36,80,70,ea_official,override_espn_v8,2026-08-12 11:23:22,,,,,,
5690,3605,76,67,68,72,36,69,72,ea_official,override_espn_v8,2026-08-12 11:23:22,,,,,,
5691,3610,67,62,68,71,56,65,68,ea_official,override_espn_v8,2026-08-12 11:23:22,,,,,,
5692,3614,78,65,67,71,36,66,70,ea_official,override_espn_v8,2026-08-12 11:23:22,,,,,,
5693,3616,83,81,75,84,27,76,81,ea_official,override_espn_v8,2026-08-12 11:23:22,,,,,,
5694,3619,78,52,70,70,70,67,75,ea_official,override_espn_v8,2026-08-12 11:23:22,,,,,,
5695,3625,88,66,69,77,34,49,75,ea_official,override_espn_v8,2026-08-12 11:23:22,,,,,,
5696,3629,70,27,54,58,62,78,65,ea_official,override_espn_v8,2026-08-12 11:23:22,,,,,,
5697,3631,62,65,61,59,26,60,61,ea_official,override_espn_v8,2026-08-12 11:23:22,,,,,,
5698,3633,60,49,59,66,62,71,64,ea_official,override_espn_v8,2026-08-12 11:23:22,,,,,,
5699,3654,60,74,56,67,32,77,73,ea_official,override_espn_v8,2026-08-12 11:23:22,,,,,,
5700,3734,91,71,63,73,37,68,73,ea_official,override_espn_v8,2026-08-12 11:23:22,,,,,,
5701,3735,84,72,70,76,45,64,74,ea_official,override_espn_v8,2026-08-12 11:23:22,,,,,,
5702,3737,78,44,52,46,67,84,70,ea_official,override_espn_v8,2026-08-12 11:23:22,,,,,,
5703,3751,78,71,77,82,51,64,79,ea_official,override_espn_v8,2026-08-12 11:23:22,,,,,,
5704,3755,77,70,78,83,59,66,78,ea_official,override_espn_v8,2026-08-12 11:23:22,,,,,,
5705,3759,91,73,70,81,46,71,78,ea_official,override_espn_v8,2026-08-12 11:23:22,,,,,,
5706,3767,74,81,64,77,35,82,82,ea_official,override_espn_v8,2026-08-12 11:23:22,,,,,,
5707,3769,77,65,55,71,24,54,65,ea_official,override_espn_v8,2026-08-12 11:23:22,,,,,,
5708,3770,68,49,57,61,47,51,59,ea_official,override_espn_v8,2026-08-12 11:23:22,,,,,,
5709,3774,57,57,48,56,20,50,56,ea_official,override_espn_v8,2026-08-12 11:23:22,,,,,,
5710,3775,79,71,71,80,31,74,75,ea_official,override_espn_v8,2026-08-12 11:23:22,,,,,,
5711,3776,33,42,58,53,78,78,76,ea_official,override_espn_v8,2026-08-12 11:23:22,,,,,,
5712,3778,67,66,66,68,32,71,68,ea_official,override_espn_v8,2026-08-12 11:23:22,,,,,,
5713,3780,85,56,58,61,77,79,76,ea_official,override_espn_v8,2026-08-12 11:23:22,,,,,,
5714,3783,66,70,74,72,69,71,74,ea_official,override_espn_v8,2026-08-12 11:23:22,,,,,,
5715,3785,71,67,76,76,71,65,76,ea_official,override_espn_v8,2026-08-12 11:23:22,,,,,,
5716,3786,89,49,68,71,64,66,72,ea_official,override_espn_v8,2026-08-12 11:23:22,,,,,,
5717,3787,82,80,64,77,43,72,77,ea_official,override_espn_v8,2026-08-12 11:23:22,,,,,,
5718,3839,67,42,55,61,60,60,62,ea_official,override_espn_v8,2026-08-12 11:23:22,,,,,,
5719,3882,78,78,71,84,28,58,78,ea_official,override_espn_v8,2026-08-12 11:23:22,,,,,,
5720,3883,70,79,80,83,56,68,82,ea_official,override_espn_v8,2026-08-12 11:23:22,,,,,,
5721,3888,86,84,73,88,32,67,84,ea_official,override_espn_v8,2026-08-12 11:23:22,,,,,,
5722,3900,59,35,53,49,72,77,71,ea_official,override_espn_v8,2026-08-12 11:23:22,,,,,,
5723,3902,77,56,66,75,71,76,73,ea_official,override_espn_v8,2026-08-12 11:23:22,,,,,,
5724,3903,81,54,63,69,72,74,75,ea_official,override_espn_v8,2026-08-12 11:23:22,,,,,,
5725,3905,84,70,65,68,32,70,71,ea_official,override_espn_v8,2026-08-12 11:23:22,,,,,,
5726,3906,73,68,69,71,68,80,73,ea_official,override_espn_v8,2026-08-12 11:23:22,,,,,,
5727,3912,84,67,62,75,38,49,72,ea_official,override_espn_v8,2026-08-12 11:23:22,,,,,,
5728,3915,74,70,73,74,71,66,75,ea_official,override_espn_v8,2026-08-12 11:23:22,,,,,,
5729,3919,78,73,71,75,46,57,73,ea_official,override_espn_v8,2026-08-12 11:23:22,,,,,,
5730,3945,65,79,82,82,62,72,81,ea_official,override_espn_v8,2026-08-12 11:23:22,,,,,,
5731,3958,83,52,59,66,65,67,69,ea_official,override_espn_v8,2026-08-12 11:23:22,,,,,,
5732,4020,78,42,60,67,70,75,71,ea_official,override_espn_v8,2026-08-12 11:23:22,,,,,,
5733,4029,67,40,70,71,80,82,80,ea_official,override_espn_v8,2026-08-12 11:23:22,,,,,,
5734,4031,78,64,68,73,71,69,72,ea_official,override_espn_v8,2026-08-12 11:23:22,,,,,,
5735,4046,76,76,78,79,38,75,77,ea_official,override_espn_v8,2026-08-12 11:23:22,,,,,,
5736,4053,80,64,75,76,77,78,79,ea_official,override_espn_v8,2026-08-12 11:23:22,,,,,,
5737,4057,78,72,70,74,55,67,74,ea_official,override_espn_v8,2026-08-12 11:23:22,,,,,,
5738,4060,76,63,73,76,68,82,74,ea_official,override_espn_v8,2026-08-12 11:23:22,,,,,,
5739,4065,53,33,53,63,72,76,72,ea_official,override_espn_v8,2026-08-12 11:23:22,,,,,,
5740,4066,83,78,78,84,52,80,82,ea_official,override_espn_v8,2026-08-12 11:23:22,,,,,,
5741,4067,66,48,62,65,83,81,82,ea_official,override_espn_v8,2026-08-12 11:23:22,,,,,,
5742,4068,90,49,64,72,82,80,82,ea_official,override_espn_v8,2026-08-12 11:23:22,,,,,,
5743,4069,73,32,57,62,78,83,79,ea_official,override_espn_v8,2026-08-12 11:23:22,,,,,,
5744,4071,75,76,80,78,79,84,81,ea_official,override_espn_v8,2026-08-12 11:23:22,,,,,,
5745,4072,88,44,71,79,74,72,78,ea_official,override_espn_v8,2026-08-12 11:23:22,,,,,,
5746,4073,78,73,81,80,77,76,82,ea_official,override_espn_v8,2026-08-12 11:23:22,,,,,,
5747,4074,71,80,66,77,42,83,80,ea_official,override_espn_v8,2026-08-12 11:23:22,,,,,,
5748,4075,77,77,80,87,61,70,84,ea_official,override_espn_v8,2026-08-12 11:23:22,,,,,,
5749,4082,88,64,73,78,76,79,80,ea_official,override_espn_v8,2026-08-12 11:23:22,,,,,,
5750,4083,90,79,71,80,38,65,81,ea_official,override_espn_v8,2026-08-12 11:23:22,,,,,,
5751,4086,82,78,79,85,56,83,81,ea_official,override_espn_v8,2026-08-12 11:23:22,,,,,,
5752,4087,67,40,65,67,73,79,74,ea_official,override_espn_v8,2026-08-12 11:23:22,,,,,,
5753,4089,78,70,77,79,75,70,79,ea_official,override_espn_v8,2026-08-12 11:23:22,,,,,,
5754,4090,80,53,68,70,81,76,80,ea_official,override_espn_v8,2026-08-12 11:23:22,,,,,,
5755,4091,77,71,77,77,80,80,78,ea_official,override_espn_v8,2026-08-12 11:23:22,,,,,,
5756,4092,78,76,77,80,81,81,81,ea_official,override_espn_v8,2026-08-12 11:23:22,,,,,,
5757,4093,63,69,80,76,81,78,84,ea_official,override_espn_v8,2026-08-12 11:23:22,,,,,,
5758,4094,81,82,71,80,34,78,82,ea_official,override_espn_v8,2026-08-12 11:23:22,,,,,,
5759,4096,87,68,73,85,36,50,79,ea_official,override_espn_v8,2026-08-12 11:23:22,,,,,,
5760,4097,70,79,83,78,75,75,81,ea_official,override_espn_v8,2026-08-12 11:23:22,,,,,,
5761,4098,78,78,71,78,57,79,78,ea_official,override_espn_v8,2026-08-12 11:23:22,,,,,,
5762,4099,73,60,75,76,66,68,74,ea_official,override_espn_v8,2026-08-12 11:23:22,,,,,,
5763,4100,72,38,69,65,74,69,74,ea_official,override_espn_v8,2026-08-12 11:23:22,,,,,,
5764,4101,84,71,76,85,25,62,79,ea_official,override_espn_v8,2026-08-12 11:23:22,,,,,,
5765,4103,95,81,69,81,31,80,83,ea_official,override_espn_v8,2026-08-12 11:23:22,,,,,,
5766,4105,64,43,59,63,66,53,66,ea_official,override_espn_v8,2026-08-12 11:23:22,,,,,,
5767,4108,70,70,62,70,42,69,69,ea_official,override_espn_v8,2026-08-12 11:23:22,,,,,,
5768,4133,79,76,76,81,56,75,78,ea_official,override_espn_v8,2026-08-12 11:23:22,,,,,,
5769,4134,37,52,66,64,78,78,77,ea_official,override_espn_v8,2026-08-12 11:23:22,,,,,,
5770,4135,67,46,72,70,80,78,80,ea_official,override_espn_v8,2026-08-12 11:23:22,,,,,,
5771,4137,63,49,68,70,80,77,78,ea_official,override_espn_v8,2026-08-12 11:23:22,,,,,,
5772,4138,77,75,75,80,60,74,77,ea_official,override_espn_v8,2026-08-12 11:23:22,,,,,,
5773,4139,69,67,71,75,72,75,73,ea_official,override_espn_v8,2026-08-12 11:23:22,,,,,,
5774,4140,69,70,73,77,69,62,75,ea_official,override_espn_v8,2026-08-12 11:23:22,,,,,,
5775,4142,87,73,76,86,57,64,82,ea_official,override_espn_v8,2026-08-12 11:23:22,,,,,,
5776,4144,60,78,74,77,45,77,78,ea_official,override_espn_v8,2026-08-12 11:23:22,,,,,,
5777,4145,52,40,56,60,75,72,74,ea_official,override_espn_v8,2026-08-12 11:23:22,,,,,,
5778,4146,46,69,75,72,73,63,73,ea_official,override_espn_v8,2026-08-12 11:23:22,,,,,,
5779,4147,74,72,78,72,39,73,73,ea_official,override_espn_v8,2026-08-12 11:23:22,,,,,,
5780,4148,79,65,62,69,29,57,68,ea_official,override_espn_v8,2026-08-12 11:23:22,,,,,,
5781,4149,66,65,73,73,74,72,75,ea_official,override_espn_v8,2026-08-12 11:23:22,,,,,,
5782,4151,65,50,77,77,79,76,79,ea_official,override_espn_v8,2026-08-12 11:23:22,,,,,,
5783,4152,76,73,80,79,75,75,80,ea_official,override_espn_v8,2026-08-12 11:23:22,,,,,,
5784,4193,83,83,74,84,43,87,85,ea_official,override_espn_v8,2026-08-12 11:23:22,,,,,,
5785,4216,76,69,69,73,69,77,73,ea_official,override_espn_v8,2026-08-12 11:23:22,,,,,,
5786,4224,77,72,73,80,38,56,75,ea_official,override_espn_v8,2026-08-12 11:23:22,,,,,,
5787,4229,65,70,67,73,56,80,74,ea_official,override_espn_v8,2026-08-12 11:23:22,,,,,,
5788,4252,71,39,51,60,61,52,63,ea_official,override_espn_v8,2026-08-12 11:23:22,,,,,,
5789,4254,88,42,61,73,74,80,76,ea_official,override_espn_v8,2026-08-12 11:23:22,,,,,,
5790,4256,79,56,69,77,73,73,77,ea_official,override_espn_v8,2026-08-12 11:23:22,,,,,,
5791,4257,76,54,65,73,71,75,74,ea_official,override_espn_v8,2026-08-12 11:23:22,,,,,,
5792,4258,70,78,81,82,43,60,80,ea_official,override_espn_v8,2026-08-12 11:23:22,,,,,,
5793,4265,65,58,69,72,78,79,78,ea_official,override_espn_v8,2026-08-12 11:23:22,,,,,,
5794,4302,71,76,65,71,30,61,76,ea_official,override_espn_v8,2026-08-12 11:23:22,,,,,,
5795,4306,68,79,66,76,39,71,78,ea_official,override_espn_v8,2026-08-12 11:23:22,,,,,,
5796,4316,83,61,67,71,67,80,74,ea_official,override_espn_v8,2026-08-12 11:23:22,,,,,,
5797,4346,69,68,75,76,68,69,74,ea_official,override_espn_v8,2026-08-12 11:23:22,,,,,,
5798,4353,83,82,67,81,44,76,82,ea_official,override_espn_v8,2026-08-12 11:23:22,,,,,,
5799,2,67,28,59,64,81,78,79,ea_official,override_espn_v11,2026-08-12 11:55:19,,,,,,
5800,3,55,58,71,66,85,75,82,ea_official,override_espn_v11,2026-08-12 11:55:19,,,,,,
5801,10,70,76,82,81,43,66,80,ea_official,override_espn_v11,2026-08-12 11:55:19,,,,,,
5802,24,83,82,82,85,56,85,85,ea_official,override_espn_v11,2026-08-12 11:55:19,,,,,,
5803,25,67,41,75,69,82,73,80,ea_official,override_espn_v11,2026-08-12 11:55:19,,,,,,
5804,26,75,53,71,75,84,78,82,ea_official,override_espn_v11,2026-08-12 11:55:19,,,,,,
5805,27,69,68,79,76,77,74,80,ea_official,override_espn_v11,2026-08-12 11:55:19,,,,,,
5806,28,75,66,71,75,75,76,79,ea_official,override_espn_v11,2026-08-12 11:55:19,,,,,,
5807,29,77,77,79,84,67,79,82,ea_official,override_espn_v11,2026-08-12 11:55:19,,,,,,
5808,30,54,79,85,80,75,72,85,ea_official,override_espn_v11,2026-08-12 11:55:19,,,,,,
5809,32,77,83,73,80,50,80,84,ea_official,override_espn_v11,2026-08-12 11:55:19,,,,,,
5810,33,66,74,78,81,66,66,77,ea_official,override_espn_v11,2026-08-12 11:55:19,,,,,,
5811,34,69,77,78,80,77,83,81,ea_official,override_espn_v11,2026-08-12 11:55:19,,,,,,
5812,35,77,64,69,73,68,66,73,ea_official,override_espn_v11,2026-08-12 11:55:19,,,,,,
5813,36,79,73,77,87,35,58,80,ea_official,override_espn_v11,2026-08-12 11:55:19,,,,,,
5814,37,76,76,65,74,36,74,77,ea_official,override_espn_v11,2026-08-12 11:55:19,,,,,,
5815,38,78,75,72,78,46,79,78,ea_official,override_espn_v11,2026-08-12 11:55:19,,,,,,
5816,39,74,62,72,73,78,81,79,ea_official,override_espn_v11,2026-08-12 11:55:19,,,,,,
5817,40,87,65,75,81,73,63,79,ea_official,override_espn_v11,2026-08-12 11:55:19,,,,,,
5818,41,58,44,67,64,78,76,78,ea_official,override_espn_v11,2026-08-12 11:55:19,,,,,,
5819,42,67,48,65,67,69,69,71,ea_official,override_espn_v11,2026-08-12 11:55:19,,,,,,
5820,45,72,70,77,81,53,50,78,ea_official,override_espn_v11,2026-08-12 11:55:19,,,,,,
5821,46,87,74,73,84,38,61,79,ea_official,override_espn_v11,2026-08-12 11:55:19,,,,,,
5822,48,80,34,62,62,86,86,86,ea_official,override_espn_v11,2026-08-12 11:55:19,,,,,,
5823,50,95,65,76,82,80,77,86,ea_official,override_espn_v11,2026-08-12 11:55:19,,,,,,
5824,51,92,79,82,83,82,79,89,ea_official,override_espn_v11,2026-08-12 11:55:19,,,,,,
5825,53,61,77,80,81,75,72,85,ea_official,override_espn_v11,2026-08-12 11:55:19,,,,,,
5826,54,74,69,80,84,82,83,85,ea_official,override_espn_v11,2026-08-12 11:55:19,,,,,,
5827,55,91,88,83,93,50,69,90,ea_official,override_espn_v11,2026-08-12 11:55:19,,,,,,
5828,56,86,80,83,88,58,78,87,ea_official,override_espn_v11,2026-08-12 11:55:19,,,,,,
5829,57,83,80,77,90,55,74,85,ea_official,override_espn_v11,2026-08-12 11:55:19,,,,,,
5830,58,79,68,76,79,75,79,80,ea_official,override_espn_v11,2026-08-12 11:55:19,,,,,,
5831,59,80,37,64,64,80,78,79,ea_official,override_espn_v11,2026-08-12 11:55:19,,,,,,
5832,62,73,79,64,77,48,79,80,ea_official,override_espn_v11,2026-08-12 11:55:19,,,,,,
5833,63,66,38,66,68,79,75,78,ea_official,override_espn_v11,2026-08-12 11:55:19,,,,,,
5834,65,71,54,72,70,82,77,81,ea_official,override_espn_v11,2026-08-12 11:55:19,,,,,,
5835,67,84,79,73,86,50,80,83,ea_official,override_espn_v11,2026-08-12 11:55:19,,,,,,
5836,69,90,77,78,84,39,66,84,ea_official,override_espn_v11,2026-08-12 11:55:19,,,,,,
5837,70,86,84,87,87,62,85,87,ea_official,override_espn_v11,2026-08-12 11:55:19,,,,,,
5838,71,64,44,64,65,88,84,88,ea_official,override_espn_v11,2026-08-12 11:55:19,,,,,,
5839,72,77,39,68,72,87,83,87,ea_official,override_espn_v11,2026-08-12 11:55:19,,,,,,
5840,73,84,41,65,72,84,82,83,ea_official,override_espn_v11,2026-08-12 11:55:19,,,,,,
5841,74,74,46,60,56,78,76,77,ea_official,override_espn_v11,2026-08-12 11:55:19,,,,,,
5842,75,84,82,85,88,60,73,88,ea_official,override_espn_v11,2026-08-12 11:55:19,,,,,,
5843,76,72,73,84,80,83,83,87,ea_official,override_espn_v11,2026-08-12 11:55:19,,,,,,
5844,77,76,60,74,77,75,78,78,ea_official,override_espn_v11,2026-08-12 11:55:19,,,,,,
5845,78,72,79,78,81,48,74,82,ea_official,override_espn_v11,2026-08-12 11:55:19,,,,,,
5846,79,80,81,80,85,30,60,83,ea_official,override_espn_v11,2026-08-12 11:55:19,,,,,,
5847,80,68,79,88,87,67,65,87,ea_official,override_espn_v11,2026-08-12 11:55:19,,,,,,
5848,81,81,79,74,86,39,71,80,ea_official,override_espn_v11,2026-08-12 11:55:19,,,,,,
5849,82,76,48,72,77,82,80,82,ea_official,override_espn_v11,2026-08-12 11:55:19,,,,,,
5850,83,49,65,74,71,79,79,80,ea_official,override_espn_v11,2026-08-12 11:55:19,,,,,,
5851,84,63,79,80,80,81,80,83,ea_official,override_espn_v11,2026-08-12 11:55:19,,,,,,
5852,85,90,77,75,83,46,72,81,ea_official,override_espn_v11,2026-08-12 11:55:19,,,,,,
5853,86,88,75,74,83,45,69,80,ea_official,override_espn_v11,2026-08-12 11:55:19,,,,,,
5854,87,90,86,73,81,36,91,87,ea_official,override_espn_v11,2026-08-12 11:55:19,,,,,,
5855,88,74,80,81,87,50,68,83,ea_official,override_espn_v11,2026-08-12 11:55:19,,,,,,
5856,90,72,66,71,75,77,77,78,ea_official,override_espn_v11,2026-08-12 11:55:19,,,,,,
5857,91,77,78,82,81,40,77,79,ea_official,override_espn_v11,2026-08-12 11:55:19,,,,,,
5858,92,66,67,79,79,80,73,83,ea_official,override_espn_v11,2026-08-12 11:55:19,,,,,,
5859,139,82,78,77,82,55,80,81,ea_official,override_espn_v11,2026-08-12 11:55:19,,,,,,
5860,140,88,40,57,67,80,82,79,ea_official,override_espn_v11,2026-08-12 11:55:19,,,,,,
5861,141,70,32,56,57,69,73,70,ea_official,override_espn_v11,2026-08-12 11:55:19,,,,,,
5862,142,60,32,57,61,71,72,72,ea_official,override_espn_v11,2026-08-12 11:55:19,,,,,,
5863,143,71,72,77,78,64,66,77,ea_official,override_espn_v11,2026-08-12 11:55:19,,,,,,
5864,144,62,62,81,77,75,69,79,ea_official,override_espn_v11,2026-08-12 11:55:19,,,,,,
5865,145,75,41,68,73,76,70,78,ea_official,override_espn_v11,2026-08-12 11:55:19,,,,,,
5866,146,39,80,87,78,74,67,82,ea_official,override_espn_v11,2026-08-12 11:55:19,,,,,,
5867,147,75,84,70,77,41,81,82,ea_official,override_espn_v11,2026-08-12 11:55:19,,,,,,
5868,149,91,78,76,78,28,69,79,ea_official,override_espn_v11,2026-08-12 11:55:19,,,,,,
5869,150,75,79,62,70,32,83,78,ea_official,override_espn_v11,2026-08-12 11:55:19,,,,,,
5870,151,71,53,77,73,67,70,73,ea_official,override_espn_v11,2026-08-12 11:55:19,,,,,,
5871,152,66,27,58,62,78,77,77,ea_official,override_espn_v11,2026-08-12 11:55:19,,,,,,
5872,153,64,63,62,63,45,62,63,ea_official,override_espn_v11,2026-08-12 11:55:19,,,,,,
5873,154,68,71,70,74,76,79,77,ea_official,override_espn_v11,2026-08-12 11:55:19,,,,,,
5874,155,86,76,72,78,43,59,79,ea_official,override_espn_v11,2026-08-12 11:55:19,,,,,,
5875,156,51,62,76,75,73,67,77,ea_official,override_espn_v11,2026-08-12 11:55:19,,,,,,
5876,157,83,76,73,79,36,77,79,ea_official,override_espn_v11,2026-08-12 11:55:19,,,,,,
5877,158,65,67,72,71,63,68,71,ea_official,override_espn_v11,2026-08-12 11:55:19,,,,,,
5878,159,60,60,65,69,72,56,70,ea_official,override_espn_v11,2026-08-12 11:55:19,,,,,,
5879,161,79,78,72,80,37,78,79,ea_official,override_espn_v11,2026-08-12 11:55:19,,,,,,
5880,162,78,78,74,80,43,77,79,ea_official,override_espn_v11,2026-08-12 11:55:19,,,,,,
5881,164,63,57,64,65,76,87,77,ea_official,override_espn_v11,2026-08-12 11:55:19,,,,,,
5882,171,88,70,77,81,51,45,80,ea_official,override_espn_v11,2026-08-12 11:55:19,,,,,,
5883,180,78,72,68,76,28,57,74,ea_official,override_espn_v11,2026-08-12 11:55:19,,,,,,
5884,185,61,33,58,60,76,75,75,ea_official,override_espn_v11,2026-08-12 11:55:19,,,,,,
5885,187,55,62,69,71,72,75,72,ea_official,override_espn_v11,2026-08-12 11:55:19,,,,,,
5886,188,66,78,79,76,63,73,76,ea_official,override_espn_v11,2026-08-12 11:55:19,,,,,,
5887,189,78,60,66,76,74,74,76,ea_official,override_espn_v11,2026-08-12 11:55:19,,,,,,
5888,195,69,69,68,72,64,66,69,ea_official,override_espn_v11,2026-08-12 11:55:19,,,,,,
5889,196,76,74,79,78,62,71,77,ea_official,override_espn_v11,2026-08-12 11:55:19,,,,,,
5890,202,81,70,64,69,28,74,71,ea_official,override_espn_v11,2026-08-12 11:55:19,,,,,,
5891,212,67,62,65,68,60,74,68,ea_official,override_espn_v11,2026-08-12 11:55:19,,,,,,
5892,213,66,67,72,75,74,70,74,ea_official,override_espn_v11,2026-08-12 11:55:19,,,,,,
5893,220,75,57,68,67,65,71,69,ea_official,override_espn_v11,2026-08-12 11:55:19,,,,,,
5894,233,77,73,70,79,44,76,77,ea_official,override_espn_v11,2026-08-12 11:55:19,,,,,,
5895,235,57,46,71,67,75,73,75,ea_official,override_espn_v11,2026-08-12 11:55:19,,,,,,
5896,238,83,56,71,77,71,65,77,ea_official,override_espn_v11,2026-08-12 11:55:19,,,,,,
5897,243,48,80,71,73,41,79,79,ea_official,override_espn_v11,2026-08-12 11:55:19,,,,,,
5898,250,76,70,68,73,55,73,73,ea_official,override_espn_v11,2026-08-12 11:55:19,,,,,,
5899,251,76,58,66,66,68,74,71,ea_official,override_espn_v11,2026-08-12 11:55:19,,,,,,
5900,252,63,74,72,71,75,81,76,ea_official,override_espn_v11,2026-08-12 11:55:19,,,,,,
5901,253,77,72,76,75,22,69,73,ea_official,override_espn_v11,2026-08-12 11:55:19,,,,,,
5902,259,57,48,63,62,57,61,65,ea_official,override_espn_v11,2026-08-12 11:55:19,,,,,,
5903,260,76,50,75,78,68,61,75,ea_official,override_espn_v11,2026-08-12 11:55:19,,,,,,
5904,262,73,59,58,66,35,47,63,ea_official,override_espn_v11,2026-08-12 11:55:19,,,,,,
5905,263,90,67,69,79,64,68,77,ea_official,override_espn_v11,2026-08-12 11:55:19,,,,,,
5906,265,74,55,62,69,41,62,67,ea_official,override_espn_v11,2026-08-12 11:55:19,,,,,,
5907,269,69,27,52,56,73,75,73,ea_official,override_espn_v11,2026-08-12 11:55:19,,,,,,
5908,272,70,65,74,80,32,64,76,ea_official,override_espn_v11,2026-08-12 11:55:19,,,,,,
5909,273,81,81,90,81,31,86,84,ea_official,override_espn_v11,2026-08-12 11:55:19,,,,,,
5910,275,77,45,64,73,84,84,85,ea_official,override_espn_v11,2026-08-12 11:55:19,,,,,,
5911,277,82,69,76,75,81,76,82,ea_official,override_espn_v11,2026-08-12 11:55:19,,,,,,
5912,278,80,82,80,90,66,65,88,ea_official,override_espn_v11,2026-08-12 11:55:19,,,,,,
5913,279,77,78,80,80,80,82,82,ea_official,override_espn_v11,2026-08-12 11:55:19,,,,,,
5914,280,72,74,89,84,83,79,89,ea_official,override_espn_v11,2026-08-12 11:55:19,,,,,,
5915,281,82,77,69,79,40,77,80,ea_official,override_espn_v11,2026-08-12 11:55:19,,,,,,
5916,282,88,81,76,87,45,75,85,ea_official,override_espn_v11,2026-08-12 11:55:19,,,,,,
5917,284,79,83,78,84,43,66,82,ea_official,override_espn_v11,2026-08-12 11:55:19,,,,,,
5918,285,69,78,85,88,74,54,80,ea_official,override_espn_v11,2026-08-12 11:55:19,,,,,,
5919,287,78,80,84,87,50,66,86,ea_official,override_espn_v11,2026-08-12 11:55:19,,,,,,
5920,290,63,38,60,63,87,86,87,ea_official,override_espn_v11,2026-08-12 11:55:19,,,,,,
5921,294,70,39,63,65,78,76,77,ea_official,override_espn_v11,2026-08-12 11:55:19,,,,,,
5922,295,74,59,68,69,73,79,74,ea_official,override_espn_v11,2026-08-12 11:55:19,,,,,,
5923,297,55,71,81,77,64,61,76,ea_official,override_espn_v11,2026-08-12 11:55:19,,,,,,
5924,299,80,54,67,74,62,69,70,ea_official,override_espn_v11,2026-08-12 11:55:19,,,,,,
5925,303,84,78,79,78,53,63,80,ea_official,override_espn_v11,2026-08-12 11:55:19,,,,,,
5926,308,83,75,68,76,39,76,75,ea_official,override_espn_v11,2026-08-12 11:55:19,,,,,,
5927,333,77,75,70,77,52,76,77,ea_official,override_espn_v11,2026-08-12 11:55:19,,,,,,
5928,334,50,31,56,56,77,77,76,ea_official,override_espn_v11,2026-08-12 11:55:19,,,,,,
5929,340,89,59,63,74,66,78,74,ea_official,override_espn_v11,2026-08-12 11:55:19,,,,,,
5930,341,75,80,57,70,31,81,79,ea_official,override_espn_v11,2026-08-12 11:55:19,,,,,,
5931,343,76,74,66,73,35,68,73,ea_official,override_espn_v11,2026-08-12 11:55:19,,,,,,
5932,344,66,63,69,69,74,75,74,ea_official,override_espn_v11,2026-08-12 11:55:19,,,,,,
5933,346,78,53,65,69,67,77,73,ea_official,override_espn_v11,2026-08-12 11:55:19,,,,,,
5934,347,54,68,72,75,77,74,78,ea_official,override_espn_v11,2026-08-12 11:55:19,,,,,,
5935,355,70,42,61,67,74,72,74,ea_official,override_espn_v11,2026-08-12 11:55:19,,,,,,
5936,357,76,57,65,72,68,67,74,ea_official,override_espn_v11,2026-08-12 11:55:19,,,,,,
5937,359,55,61,65,65,65,64,68,ea_official,override_espn_v11,2026-08-12 11:55:19,,,,,,
5938,361,79,71,61,76,23,68,73,ea_official,override_espn_v11,2026-08-12 11:55:19,,,,,,
5939,362,67,62,65,71,61,62,68,ea_official,override_espn_v11,2026-08-12 11:55:19,,,,,,
5940,365,57,47,64,72,66,64,69,ea_official,override_espn_v11,2026-08-12 11:55:19,,,,,,
5941,368,90,55,58,72,33,62,68,ea_official,override_espn_v11,2026-08-12 11:55:19,,,,,,
5942,371,68,72,77,79,62,65,76,ea_official,override_espn_v11,2026-08-12 11:55:19,,,,,,
5943,372,55,54,68,70,70,70,73,ea_official,override_espn_v11,2026-08-12 11:55:19,,,,,,
5944,391,77,76,78,77,24,77,78,ea_official,override_espn_v11,2026-08-12 11:55:19,,,,,,
5945,392,68,48,63,64,77,80,77,ea_official,override_espn_v11,2026-08-12 11:55:19,,,,,,
5946,393,76,63,71,75,75,74,76,ea_official,override_espn_v11,2026-08-12 11:55:19,,,,,,
5947,400,68,78,78,76,77,79,81,ea_official,override_espn_v11,2026-08-12 11:55:19,,,,,,
5948,402,73,74,69,71,45,75,74,ea_official,override_espn_v11,2026-08-12 11:55:19,,,,,,
5949,407,73,65,69,74,34,64,71,ea_official,override_espn_v11,2026-08-12 11:55:19,,,,,,
5950,413,74,25,44,54,64,71,65,ea_official,override_espn_v11,2026-08-12 11:55:19,,,,,,
5951,414,86,62,70,73,69,75,76,ea_official,override_espn_v11,2026-08-12 11:55:19,,,,,,
5952,415,85,69,76,78,73,69,80,ea_official,override_espn_v11,2026-08-12 11:55:19,,,,,,
5953,416,77,69,75,80,54,53,76,ea_official,override_espn_v11,2026-08-12 11:55:19,,,,,,
5954,417,55,65,76,72,73,78,77,ea_official,override_espn_v11,2026-08-12 11:55:19,,,,,,
5955,422,64,41,55,63,71,72,70,ea_official,override_espn_v11,2026-08-12 11:55:19,,,,,,
5956,423,73,67,74,77,74,76,77,ea_official,override_espn_v11,2026-08-12 11:55:19,,,,,,
5957,424,78,75,76,80,50,76,78,ea_official,override_espn_v11,2026-08-12 11:55:19,,,,,,
5958,426,85,67,60,75,41,68,71,ea_official,override_espn_v11,2026-08-12 11:55:19,,,,,,
5959,431,87,83,64,87,44,86,86,ea_official,override_espn_v11,2026-08-12 11:55:19,,,,,,
5960,432,69,47,67,66,84,84,82,ea_official,override_espn_v11,2026-08-12 11:55:19,,,,,,
5961,433,73,70,70,77,78,79,79,ea_official,override_espn_v11,2026-08-12 11:55:19,,,,,,
5962,435,82,74,73,81,80,86,82,ea_official,override_espn_v11,2026-08-12 11:55:19,,,,,,
5963,437,77,56,75,76,73,74,77,ea_official,override_espn_v11,2026-08-12 11:55:19,,,,,,
5964,438,74,63,71,76,77,82,79,ea_official,override_espn_v11,2026-08-12 11:55:19,,,,,,
5965,439,72,88,76,83,45,83,87,ea_official,override_espn_v11,2026-08-12 11:55:19,,,,,,
5966,440,74,78,83,84,44,70,83,ea_official,override_espn_v11,2026-08-12 11:55:19,,,,,,
5967,441,86,79,68,80,43,62,79,ea_official,override_espn_v11,2026-08-12 11:55:19,,,,,,
5968,443,96,76,72,82,36,69,81,ea_official,override_espn_v11,2026-08-12 11:55:19,,,,,,
5969,444,74,80,80,80,76,76,80,ea_official,override_espn_v11,2026-08-12 11:55:19,,,,,,
5970,446,70,59,68,73,75,79,75,ea_official,override_espn_v11,2026-08-12 11:55:19,,,,,,
5971,451,78,61,77,83,69,61,77,ea_official,override_espn_v11,2026-08-12 11:55:19,,,,,,
5972,453,81,77,64,79,32,79,79,ea_official,override_espn_v11,2026-08-12 11:55:19,,,,,,
5973,454,86,83,71,86,30,85,84,ea_official,override_espn_v11,2026-08-12 11:55:19,,,,,,
5974,457,80,32,64,67,81,78,80,ea_official,override_espn_v11,2026-08-12 11:55:19,,,,,,
5975,459,61,74,77,76,83,80,81,ea_official,override_espn_v11,2026-08-12 11:55:19,,,,,,
5976,461,76,73,77,77,76,69,79,ea_official,override_espn_v11,2026-08-12 11:55:19,,,,,,
5977,462,65,81,67,74,36,70,79,ea_official,override_espn_v11,2026-08-12 11:55:19,,,,,,
5978,463,83,64,73,78,63,59,76,ea_official,override_espn_v11,2026-08-12 11:55:19,,,,,,
5979,465,86,54,72,76,71,74,78,ea_official,override_espn_v11,2026-08-12 11:55:19,,,,,,
5980,469,75,72,74,76,44,79,76,ea_official,override_espn_v11,2026-08-12 11:55:19,,,,,,
5981,470,79,63,69,72,71,81,75,ea_official,override_espn_v11,2026-08-12 11:55:19,,,,,,
5982,471,69,37,49,58,79,82,78,ea_official,override_espn_v11,2026-08-12 11:55:19,,,,,,
5983,473,88,63,63,76,28,59,71,ea_official,override_espn_v11,2026-08-12 11:55:19,,,,,,
5984,475,55,35,57,61,80,71,77,ea_official,override_espn_v11,2026-08-12 11:55:19,,,,,,
5985,477,68,61,64,68,38,63,65,ea_official,override_espn_v11,2026-08-12 11:55:19,,,,,,
5986,492,78,70,75,81,38,61,77,ea_official,override_espn_v11,2026-08-12 11:55:19,,,,,,
5987,496,49,40,57,56,73,73,72,ea_official,override_espn_v11,2026-08-12 11:55:19,,,,,,
5988,498,71,55,73,73,71,73,74,ea_official,override_espn_v11,2026-08-12 11:55:19,,,,,,
5989,500,77,77,78,79,48,79,79,ea_official,override_espn_v11,2026-08-12 11:55:19,,,,,,
5990,501,80,32,64,71,76,75,76,ea_official,override_espn_v11,2026-08-12 11:55:19,,,,,,
5991,502,64,41,63,69,81,76,80,ea_official,override_espn_v11,2026-08-12 11:55:19,,,,,,
5992,503,66,69,78,74,70,72,74,ea_official,override_espn_v11,2026-08-12 11:55:19,,,,,,
5993,504,72,48,64,68,63,60,68,ea_official,override_espn_v11,2026-08-12 11:55:19,,,,,,
5994,505,60,63,70,72,75,72,77,ea_official,override_espn_v11,2026-08-12 11:55:19,,,,,,
5995,506,65,75,80,80,73,71,79,ea_official,override_espn_v11,2026-08-12 11:55:19,,,,,,
5996,507,75,76,72,74,72,80,75,ea_official,override_espn_v11,2026-08-12 11:55:19,,,,,,
5997,509,82,74,73,76,72,69,77,ea_official,override_espn_v11,2026-08-12 11:55:19,,,,,,
5998,510,75,65,64,67,35,61,66,ea_official,override_espn_v11,2026-08-12 11:55:19,,,,,,
5999,512,64,59,70,71,80,75,79,ea_official,override_espn_v11,2026-08-12 11:55:19,,,,,,
6000,515,59,66,75,74,75,75,78,ea_official,override_espn_v11,2026-08-12 11:55:19,,,,,,
6001,516,68,81,82,84,68,71,82,ea_official,override_espn_v11,2026-08-12 11:55:19,,,,,,
6002,518,56,54,64,68,53,45,63,ea_official,override_espn_v11,2026-08-12 11:55:19,,,,,,
6003,520,87,69,70,81,29,63,77,ea_official,override_espn_v11,2026-08-12 11:55:19,,,,,,
6004,522,78,78,78,80,41,80,79,ea_official,override_espn_v11,2026-08-12 11:55:19,,,,,,
6005,564,72,49,67,71,80,77,79,ea_official,override_espn_v11,2026-08-12 11:55:19,,,,,,
6006,566,80,37,61,68,71,79,74,ea_official,override_espn_v11,2026-08-12 11:55:19,,,,,,
6007,568,47,75,85,74,78,82,85,ea_official,override_espn_v11,2026-08-12 11:55:19,,,,,,
6008,569,72,59,70,75,78,78,78,ea_official,override_espn_v11,2026-08-12 11:55:19,,,,,,
6009,570,84,73,56,72,30,80,77,ea_official,override_espn_v11,2026-08-12 11:55:19,,,,,,
6010,571,87,70,70,80,30,52,76,ea_official,override_espn_v11,2026-08-12 11:55:19,,,,,,
6011,582,90,83,70,90,52,87,89,ea_official,override_espn_v11,2026-08-12 11:55:19,,,,,,
6012,583,72,53,72,75,84,74,83,ea_official,override_espn_v11,2026-08-12 11:55:19,,,,,,
6013,584,59,39,69,69,86,84,86,ea_official,override_espn_v11,2026-08-12 11:55:19,,,,,,
6014,586,85,70,76,79,73,76,79,ea_official,override_espn_v11,2026-08-12 11:55:19,,,,,,
6015,587,67,70,77,77,74,80,79,ea_official,override_espn_v11,2026-08-12 11:55:19,,,,,,
6016,588,81,81,82,89,57,57,85,ea_official,override_espn_v11,2026-08-12 11:55:19,,,,,,
6017,589,61,78,83,89,71,65,84,ea_official,override_espn_v11,2026-08-12 11:55:19,,,,,,
6018,590,86,91,70,80,45,88,90,ea_official,override_espn_v11,2026-08-12 11:55:19,,,,,,
6019,592,75,75,80,88,21,65,81,ea_official,override_espn_v11,2026-08-12 11:55:19,,,,,,
6020,593,79,79,82,85,77,77,86,ea_official,override_espn_v11,2026-08-12 11:55:19,,,,,,
6021,601,91,71,72,87,32,68,80,ea_official,override_espn_v11,2026-08-12 11:55:19,,,,,,
6022,602,73,72,68,78,24,74,74,ea_official,override_espn_v11,2026-08-12 11:55:19,,,,,,
6023,603,62,26,50,58,73,76,72,ea_official,override_espn_v11,2026-08-12 11:55:19,,,,,,
6024,604,58,32,45,47,67,75,68,ea_official,override_espn_v11,2026-08-12 11:55:19,,,,,,
6025,605,79,43,62,68,77,85,78,ea_official,override_espn_v11,2026-08-12 11:55:19,,,,,,
6026,606,73,64,71,68,62,67,71,ea_official,override_espn_v11,2026-08-12 11:55:19,,,,,,
6027,607,64,57,72,71,71,78,75,ea_official,override_espn_v11,2026-08-12 11:55:19,,,,,,
6028,608,73,59,66,71,64,58,70,ea_official,override_espn_v11,2026-08-12 11:55:19,,,,,,
6029,609,88,57,65,69,66,74,73,ea_official,override_espn_v11,2026-08-12 11:55:19,,,,,,
6030,610,64,71,56,72,40,76,72,ea_official,override_espn_v11,2026-08-12 11:55:19,,,,,,
6031,611,72,59,66,71,62,69,69,ea_official,override_espn_v11,2026-08-12 11:55:19,,,,,,
6032,612,70,69,73,73,67,75,74,ea_official,override_espn_v11,2026-08-12 11:55:19,,,,,,
6033,614,69,61,71,74,63,60,71,ea_official,override_espn_v11,2026-08-12 11:55:19,,,,,,
6034,615,52,50,51,58,73,75,72,ea_official,override_espn_v11,2026-08-12 11:55:19,,,,,,
6035,617,60,59,70,73,80,70,79,ea_official,override_espn_v11,2026-08-12 11:55:19,,,,,,
6036,618,62,65,56,62,45,70,65,ea_official,override_espn_v11,2026-08-12 11:55:19,,,,,,
6037,621,74,75,73,75,60,77,76,ea_official,override_espn_v11,2026-08-12 11:55:19,,,,,,
6038,622,80,80,77,85,58,82,82,ea_official,override_espn_v11,2026-08-12 11:55:19,,,,,,
6039,623,74,53,69,69,81,82,81,ea_official,override_espn_v11,2026-08-12 11:55:19,,,,,,
6040,624,72,49,73,71,80,79,80,ea_official,override_espn_v11,2026-08-12 11:55:19,,,,,,
6041,625,70,50,57,64,85,82,83,ea_official,override_espn_v11,2026-08-12 11:55:19,,,,,,
6042,626,62,63,76,74,73,75,77,ea_official,override_espn_v11,2026-08-12 11:55:19,,,,,,
6043,627,52,74,78,75,78,81,80,ea_official,override_espn_v11,2026-08-12 11:55:19,,,,,,
6044,629,72,59,69,73,73,74,76,ea_official,override_espn_v11,2026-08-12 11:55:19,,,,,,
6045,630,86,78,72,82,35,67,79,ea_official,override_espn_v11,2026-08-12 11:55:19,,,,,,
6046,631,75,77,80,80,73,73,80,ea_official,override_espn_v11,2026-08-12 11:55:19,,,,,,
6047,635,58,41,47,50,74,71,72,ea_official,override_espn_v11,2026-08-12 11:55:19,,,,,,
6048,636,41,36,59,62,83,84,81,ea_official,override_espn_v11,2026-08-12 11:55:19,,,,,,
6049,637,74,56,67,71,72,66,74,ea_official,override_espn_v11,2026-08-12 11:55:19,,,,,,
6050,638,72,68,71,75,38,70,72,ea_official,override_espn_v11,2026-08-12 11:55:19,,,,,,
6051,642,74,72,71,76,47,74,74,ea_official,override_espn_v11,2026-08-12 11:55:19,,,,,,
6052,643,67,66,68,73,69,62,72,ea_official,override_espn_v11,2026-08-12 11:55:19,,,,,,
6053,644,78,57,75,75,74,72,77,ea_official,override_espn_v11,2026-08-12 11:55:19,,,,,,
6054,665,78,74,80,80,40,77,78,ea_official,override_espn_v11,2026-08-12 11:55:19,,,,,,
6055,667,49,41,57,60,76,80,76,ea_official,override_espn_v11,2026-08-12 11:55:19,,,,,,
6056,669,77,59,66,69,63,67,69,ea_official,override_espn_v11,2026-08-12 11:55:19,,,,,,
6057,680,70,68,68,72,45,69,70,ea_official,override_espn_v11,2026-08-12 11:55:19,,,,,,
6058,681,72,66,66,69,49,61,68,ea_official,override_espn_v11,2026-08-12 11:55:19,,,,,,
6059,684,73,63,47,61,22,66,64,ea_official,override_espn_v11,2026-08-12 11:55:19,,,,,,
6060,687,69,39,69,73,83,78,82,ea_official,override_espn_v11,2026-08-12 11:55:19,,,,,,
6061,701,77,65,66,73,43,58,70,ea_official,override_espn_v11,2026-08-12 11:55:19,,,,,,
6062,705,80,79,76,81,53,80,80,ea_official,override_espn_v11,2026-08-12 11:55:19,,,,,,
6063,706,70,37,58,52,75,73,74,ea_official,override_espn_v11,2026-08-12 11:55:19,,,,,,
6064,707,39,57,71,65,78,82,78,ea_official,override_espn_v11,2026-08-12 11:55:19,,,,,,
6065,708,88,46,75,77,78,80,82,ea_official,override_espn_v11,2026-08-12 11:55:19,,,,,,
6066,709,73,47,67,69,76,76,77,ea_official,override_espn_v11,2026-08-12 11:55:19,,,,,,
6067,710,72,72,75,80,52,61,77,ea_official,override_espn_v11,2026-08-12 11:55:19,,,,,,
6068,711,55,65,74,71,75,84,79,ea_official,override_espn_v11,2026-08-12 11:55:19,,,,,,
6069,713,57,79,74,75,46,79,77,ea_official,override_espn_v11,2026-08-12 11:55:19,,,,,,
6070,715,75,78,75,76,46,56,76,ea_official,override_espn_v11,2026-08-12 11:55:19,,,,,,
6071,716,52,71,76,73,66,62,74,ea_official,override_espn_v11,2026-08-12 11:55:19,,,,,,
6072,717,68,57,70,72,74,71,76,ea_official,override_espn_v11,2026-08-12 11:55:19,,,,,,
6073,718,94,65,67,81,37,82,76,ea_official,override_espn_v11,2026-08-12 11:55:19,,,,,,
6074,720,53,60,71,68,71,63,72,ea_official,override_espn_v11,2026-08-12 11:55:19,,,,,,
6075,721,61,59,40,59,26,66,60,ea_official,override_espn_v11,2026-08-12 11:55:19,,,,,,
6076,722,73,72,75,75,41,73,74,ea_official,override_espn_v11,2026-08-12 11:55:19,,,,,,
6077,724,57,37,53,55,77,78,76,ea_official,override_espn_v11,2026-08-12 11:55:19,,,,,,
6078,725,74,72,77,77,38,74,75,ea_official,override_espn_v11,2026-08-12 11:55:19,,,,,,
6079,726,73,41,56,69,75,83,75,ea_official,override_espn_v11,2026-08-12 11:55:19,,,,,,
6080,734,72,76,70,75,46,74,76,ea_official,override_espn_v11,2026-08-12 11:55:19,,,,,,
6081,749,49,45,58,54,76,79,75,ea_official,override_espn_v11,2026-08-12 11:55:19,,,,,,
6082,752,85,41,67,69,74,77,77,ea_official,override_espn_v11,2026-08-12 11:55:19,,,,,,
6083,763,82,72,66,75,35,58,72,ea_official,override_espn_v11,2026-08-12 11:55:19,,,,,,
6084,770,79,78,74,78,36,77,79,ea_official,override_espn_v11,2026-08-12 11:55:19,,,,,,
6085,771,66,49,61,55,72,76,72,ea_official,override_espn_v11,2026-08-12 11:55:19,,,,,,
6086,773,80,61,76,77,77,72,81,ea_official,override_espn_v11,2026-08-12 11:55:19,,,,,,
6087,774,90,50,69,75,71,70,76,ea_official,override_espn_v11,2026-08-12 11:55:19,,,,,,
6088,775,45,58,70,69,77,75,77,ea_official,override_espn_v11,2026-08-12 11:55:19,,,,,,
6089,778,89,69,67,76,41,64,74,ea_official,override_espn_v11,2026-08-12 11:55:19,,,,,,
6090,780,82,76,62,71,30,76,77,ea_official,override_espn_v11,2026-08-12 11:55:19,,,,,,
6091,789,83,73,71,76,44,67,75,ea_official,override_espn_v11,2026-08-12 11:55:19,,,,,,
6092,791,69,66,75,77,67,63,75,ea_official,override_espn_v11,2026-08-12 11:55:19,,,,,,
6093,796,78,56,75,79,77,73,80,ea_official,override_espn_v11,2026-08-12 11:55:19,,,,,,
6094,801,59,84,63,76,35,80,82,ea_official,override_espn_v11,2026-08-12 11:55:19,,,,,,
6095,810,74,38,52,51,79,81,78,ea_official,override_espn_v11,2026-08-12 11:55:19,,,,,,
6096,814,77,77,71,77,30,77,77,ea_official,override_espn_v11,2026-08-12 11:55:19,,,,,,
6097,818,67,36,56,64,73,77,74,ea_official,override_espn_v11,2026-08-12 11:55:19,,,,,,
6098,819,67,65,75,75,76,79,78,ea_official,override_espn_v11,2026-08-12 11:55:19,,,,,,
6099,822,90,65,66,74,67,73,74,ea_official,override_espn_v11,2026-08-12 11:55:19,,,,,,
6100,823,81,80,73,80,40,70,77,ea_official,override_espn_v11,2026-08-12 11:55:19,,,,,,
6101,824,88,77,76,82,36,67,80,ea_official,override_espn_v11,2026-08-12 11:55:19,,,,,,
6102,827,85,71,54,66,31,67,70,ea_official,override_espn_v11,2026-08-12 11:55:19,,,,,,
6103,828,77,82,77,80,46,71,81,ea_official,override_espn_v11,2026-08-12 11:55:19,,,,,,
6104,829,39,80,87,78,74,67,82,ea_official,override_espn_v11,2026-08-12 11:55:19,,,,,,
6105,830,73,60,73,72,75,82,76,ea_official,override_espn_v11,2026-08-12 11:55:19,,,,,,
6106,832,59,71,80,77,80,82,83,ea_official,override_espn_v11,2026-08-12 11:55:19,,,,,,
6107,858,66,39,49,50,71,72,70,ea_official,override_espn_v11,2026-08-12 11:55:19,,,,,,
6108,860,80,39,57,67,65,74,71,ea_official,override_espn_v11,2026-08-12 11:55:19,,,,,,
6109,864,71,71,59,68,22,75,72,ea_official,override_espn_v11,2026-08-12 11:55:19,,,,,,
6110,865,86,61,64,75,33,47,72,ea_official,override_espn_v11,2026-08-12 11:55:19,,,,,,
6111,866,72,59,57,69,26,59,63,ea_official,override_espn_v11,2026-08-12 11:55:19,,,,,,
6112,874,79,36,49,56,66,80,69,ea_official,override_espn_v11,2026-08-12 11:55:19,,,,,,
6113,896,81,76,84,82,48,78,81,ea_official,override_espn_v11,2026-08-12 11:55:19,,,,,,
6114,898,69,38,56,62,73,72,72,ea_official,override_espn_v11,2026-08-12 11:55:19,,,,,,
6115,899,81,33,55,58,70,72,70,ea_official,override_espn_v11,2026-08-12 11:55:19,,,,,,
6116,900,67,49,67,73,66,68,68,ea_official,override_espn_v11,2026-08-12 11:55:19,,,,,,
6117,901,66,82,74,80,33,77,80,ea_official,override_espn_v11,2026-08-12 11:55:19,,,,,,
6118,902,56,58,83,84,76,71,83,ea_official,override_espn_v11,2026-08-12 11:55:19,,,,,,
6119,903,45,36,63,68,77,74,76,ea_official,override_espn_v11,2026-08-12 11:55:19,,,,,,
6120,905,83,71,65,78,46,72,75,ea_official,override_espn_v11,2026-08-12 11:55:19,,,,,,
6121,906,76,64,76,82,38,56,76,ea_official,override_espn_v11,2026-08-12 11:55:19,,,,,,
6122,907,71,67,66,74,39,68,71,ea_official,override_espn_v11,2026-08-12 11:55:19,,,,,,
6123,908,63,58,60,63,18,59,59,ea_official,override_espn_v11,2026-08-12 11:55:19,,,,,,
6124,910,64,42,52,62,68,71,69,ea_official,override_espn_v11,2026-08-12 11:55:19,,,,,,
6125,911,68,27,51,62,72,74,72,ea_official,override_espn_v11,2026-08-12 11:55:19,,,,,,
6126,912,70,68,75,78,33,58,75,ea_official,override_espn_v11,2026-08-12 11:55:19,,,,,,
6127,913,86,74,67,79,39,69,76,ea_official,override_espn_v11,2026-08-12 11:55:19,,,,,,
6128,914,81,62,77,77,78,74,82,ea_official,override_espn_v11,2026-08-12 11:55:19,,,,,,
6129,915,84,69,71,83,51,58,77,ea_official,override_espn_v11,2026-08-12 11:55:19,,,,,,
6130,916,76,53,64,73,73,73,76,ea_official,override_espn_v11,2026-08-12 11:55:19,,,,,,
6131,917,83,78,82,86,35,83,84,ea_official,override_espn_v11,2026-08-12 11:55:19,,,,,,
6132,918,43,22,55,55,74,77,73,ea_official,override_espn_v11,2026-08-12 11:55:19,,,,,,
6133,920,85,37,55,63,71,67,72,ea_official,override_espn_v11,2026-08-12 11:55:19,,,,,,
6134,923,77,66,74,79,40,41,76,ea_official,override_espn_v11,2026-08-12 11:55:19,,,,,,
6135,924,68,75,74,76,71,80,77,ea_official,override_espn_v11,2026-08-12 11:55:19,,,,,,
6136,925,82,75,54,71,26,73,75,ea_official,override_espn_v11,2026-08-12 11:55:19,,,,,,
6137,928,70,65,74,73,75,78,79,ea_official,override_espn_v11,2026-08-12 11:55:19,,,,,,
6138,930,81,51,70,74,69,65,75,ea_official,override_espn_v11,2026-08-12 11:55:19,,,,,,
6139,933,75,63,67,72,67,68,71,ea_official,override_espn_v11,2026-08-12 11:55:19,,,,,,
6140,937,67,37,66,65,78,74,77,ea_official,override_espn_v11,2026-08-12 11:55:19,,,,,,
6141,942,52,55,56,61,73,83,73,ea_official,override_espn_v11,2026-08-12 11:55:19,,,,,,
6142,944,77,61,66,68,67,72,72,ea_official,override_espn_v11,2026-08-12 11:55:19,,,,,,
6143,945,58,81,81,80,52,62,79,ea_official,override_espn_v11,2026-08-12 11:55:19,,,,,,
6144,949,90,70,68,80,35,67,76,ea_official,override_espn_v11,2026-08-12 11:55:19,,,,,,
6145,953,52,41,54,62,70,75,70,ea_official,override_espn_v11,2026-08-12 11:55:19,,,,,,
6146,963,78,30,59,64,62,64,66,ea_official,override_espn_v11,2026-08-12 11:55:19,,,,,,
6147,965,66,43,58,59,69,79,69,ea_official,override_espn_v11,2026-08-12 11:55:19,,,,,,
6148,966,76,61,65,68,66,77,70,ea_official,override_espn_v11,2026-08-12 11:55:19,,,,,,
6149,967,84,70,70,76,60,68,75,ea_official,override_espn_v11,2026-08-12 11:55:19,,,,,,
6150,968,77,68,67,73,37,68,71,ea_official,override_espn_v11,2026-08-12 11:55:19,,,,,,
6151,979,77,72,65,79,34,77,77,ea_official,override_espn_v11,2026-08-12 11:55:19,,,,,,
6152,981,65,48,57,59,69,79,70,ea_official,override_espn_v11,2026-08-12 11:55:19,,,,,,
6153,983,67,68,71,70,72,80,75,ea_official,override_espn_v11,2026-08-12 11:55:19,,,,,,
6154,984,49,50,61,66,69,72,71,ea_official,override_espn_v11,2026-08-12 11:55:19,,,,,,
6155,985,84,59,59,67,61,60,68,ea_official,override_espn_v11,2026-08-12 11:55:19,,,,,,
6156,986,69,58,68,72,66,69,73,ea_official,override_espn_v11,2026-08-12 11:55:19,,,,,,
6157,987,82,71,65,70,35,71,71,ea_official,override_espn_v11,2026-08-12 11:55:19,,,,,,
6158,988,73,64,71,72,64,68,71,ea_official,override_espn_v11,2026-08-12 11:55:19,,,,,,
6159,989,61,67,69,71,41,65,69,ea_official,override_espn_v11,2026-08-12 11:55:19,,,,,,
6160,990,68,64,65,70,24,66,67,ea_official,override_espn_v11,2026-08-12 11:55:19,,,,,,
6161,991,77,59,62,61,62,78,68,ea_official,override_espn_v11,2026-08-12 11:55:19,,,,,,
6162,992,62,44,60,63,59,62,63,ea_official,override_espn_v11,2026-08-12 11:55:19,,,,,,
6163,994,74,67,43,61,26,61,65,ea_official,override_espn_v11,2026-08-12 11:55:19,,,,,,
6164,995,75,48,62,65,64,67,69,ea_official,override_espn_v11,2026-08-12 11:55:19,,,,,,
6165,997,67,31,49,50,65,65,65,ea_official,override_espn_v11,2026-08-12 11:55:19,,,,,,
6166,1003,87,61,69,72,68,80,74,ea_official,override_espn_v11,2026-08-12 11:55:19,,,,,,
6167,1011,53,61,70,68,69,69,70,ea_official,override_espn_v11,2026-08-12 11:55:19,,,,,,
6168,1021,69,44,65,75,77,78,76,ea_official,override_espn_v11,2026-08-12 11:55:19,,,,,,
6169,1034,73,70,65,68,36,68,69,ea_official,override_espn_v11,2026-08-12 11:55:19,,,,,,
6170,1037,65,49,66,69,73,71,73,ea_official,override_espn_v11,2026-08-12 11:55:19,,,,,,
6171,1041,64,42,59,66,74,70,74,ea_official,override_espn_v11,2026-08-12 11:55:19,,,,,,
6172,1047,63,54,58,65,67,79,69,ea_official,override_espn_v11,2026-08-12 11:55:19,,,,,,
6173,1048,73,72,56,70,25,76,72,ea_official,override_espn_v11,2026-08-12 11:55:19,,,,,,
6174,1049,75,72,74,80,38,54,75,ea_official,override_espn_v11,2026-08-12 11:55:19,,,,,,
6175,1050,79,69,69,73,40,63,72,ea_official,override_espn_v11,2026-08-12 11:55:19,,,,,,
6176,1061,52,69,76,69,76,80,75,ea_official,override_espn_v11,2026-08-12 11:55:19,,,,,,
6177,1065,37,31,47,47,69,79,70,ea_official,override_espn_v11,2026-08-12 11:55:19,,,,,,
6178,1069,72,67,71,74,69,71,74,ea_official,override_espn_v11,2026-08-12 11:55:19,,,,,,
6179,1075,81,54,65,65,61,76,70,ea_official,override_espn_v11,2026-08-12 11:55:19,,,,,,
6180,1076,74,62,62,68,46,54,64,ea_official,override_espn_v11,2026-08-12 11:55:19,,,,,,
6181,1103,64,66,66,63,28,62,64,ea_official,override_espn_v11,2026-08-12 11:55:19,,,,,,
6182,1104,59,31,43,48,60,65,60,ea_official,override_espn_v11,2026-08-12 11:55:19,,,,,,
6183,1106,81,61,65,74,64,71,72,ea_official,override_espn_v11,2026-08-12 11:55:19,,,,,,
6184,1108,50,67,70,72,61,65,71,ea_official,override_espn_v11,2026-08-12 11:55:19,,,,,,
6185,1112,75,71,68,71,35,70,71,ea_official,override_espn_v11,2026-08-12 11:55:19,,,,,,
6186,1115,69,33,54,61,60,49,62,ea_official,override_espn_v11,2026-08-12 11:55:19,,,,,,
6187,1128,71,70,74,76,69,71,75,ea_official,override_espn_v11,2026-08-12 11:55:19,,,,,,
6188,1138,60,63,53,62,27,69,65,ea_official,override_espn_v11,2026-08-12 11:55:19,,,,,,
6189,1139,82,61,64,70,75,74,73,ea_official,override_espn_v11,2026-08-12 11:55:19,,,,,,
6190,1143,78,72,65,79,65,75,76,ea_official,override_espn_v11,2026-08-12 11:55:19,,,,,,
6191,1145,72,39,50,60,69,76,70,ea_official,override_espn_v11,2026-08-12 11:55:19,,,,,,
6192,1153,80,71,61,74,34,65,72,ea_official,override_espn_v11,2026-08-12 11:55:19,,,,,,
6193,1154,59,76,65,72,37,64,73,ea_official,override_espn_v11,2026-08-12 11:55:19,,,,,,
6194,1155,84,69,71,76,71,76,76,ea_official,override_espn_v11,2026-08-12 11:55:19,,,,,,
6195,1160,70,74,58,67,37,78,73,ea_official,override_espn_v11,2026-08-12 11:55:19,,,,,,
6196,1210,71,69,71,71,55,70,73,ea_official,override_espn_v11,2026-08-12 11:55:19,,,,,,
6197,1211,70,64,55,65,29,68,65,ea_official,override_espn_v11,2026-08-12 11:55:19,,,,,,
6198,1215,82,59,63,67,62,72,70,ea_official,override_espn_v11,2026-08-12 11:55:19,,,,,,
6199,1218,74,59,69,72,73,79,75,ea_official,override_espn_v11,2026-08-12 11:55:19,,,,,,
6200,1239,82,78,77,84,31,81,81,ea_official,override_espn_v11,2026-08-12 11:55:19,,,,,,
6201,1240,79,76,84,82,65,68,84,ea_official,override_espn_v11,2026-08-12 11:55:19,,,,,,
6202,1247,77,67,75,81,57,69,78,ea_official,override_espn_v11,2026-08-12 11:55:19,,,,,,
6203,1248,55,64,73,76,79,83,80,ea_official,override_espn_v11,2026-08-12 11:55:19,,,,,,
6204,1263,46,44,58,53,76,78,75,ea_official,override_espn_v11,2026-08-12 11:55:19,,,,,,
6205,1265,63,42,59,65,78,83,78,ea_official,override_espn_v11,2026-08-12 11:55:19,,,,,,
6206,1266,51,59,65,70,66,67,70,ea_official,override_espn_v11,2026-08-12 11:55:19,,,,,,
6207,1267,71,62,69,76,65,70,74,ea_official,override_espn_v11,2026-08-12 11:55:19,,,,,,
6208,1268,57,43,57,62,79,83,75,ea_official,override_espn_v11,2026-08-12 11:55:19,,,,,,
6209,1269,87,69,71,77,68,71,75,ea_official,override_espn_v11,2026-08-12 11:55:19,,,,,,
6210,1270,61,67,71,74,63,70,74,ea_official,override_espn_v11,2026-08-12 11:55:19,,,,,,
6211,1271,83,62,58,71,27,73,69,ea_official,override_espn_v11,2026-08-12 11:55:19,,,,,,
6212,1272,71,70,51,65,30,77,72,ea_official,override_espn_v11,2026-08-12 11:55:19,,,,,,
6213,1273,87,74,63,75,47,66,73,ea_official,override_espn_v11,2026-08-12 11:55:19,,,,,,
6214,1274,71,66,71,76,73,79,74,ea_official,override_espn_v11,2026-08-12 11:55:19,,,,,,
6215,1275,93,70,64,67,41,74,73,ea_official,override_espn_v11,2026-08-12 11:55:19,,,,,,
6216,1276,68,55,59,66,33,42,62,ea_official,override_espn_v11,2026-08-12 11:55:19,,,,,,
6217,1277,78,64,66,73,52,59,70,ea_official,override_espn_v11,2026-08-12 11:55:19,,,,,,
6218,1278,67,65,74,68,74,79,75,ea_official,override_espn_v11,2026-08-12 11:55:19,,,,,,
6219,1281,70,69,67,70,25,70,70,ea_official,override_espn_v11,2026-08-12 11:55:19,,,,,,
6220,1283,75,44,64,69,79,77,77,ea_official,override_espn_v11,2026-08-12 11:55:19,,,,,,
6221,1286,75,54,73,72,69,70,74,ea_official,override_espn_v11,2026-08-12 11:55:19,,,,,,
6222,1287,68,62,72,67,74,78,76,ea_official,override_espn_v11,2026-08-12 11:55:19,,,,,,
6223,1289,63,73,74,77,75,79,78,ea_official,override_espn_v11,2026-08-12 11:55:19,,,,,,
6224,1291,77,67,78,83,56,58,78,ea_official,override_espn_v11,2026-08-12 11:55:19,,,,,,
6225,1292,79,75,69,76,36,68,75,ea_official,override_espn_v11,2026-08-12 11:55:19,,,,,,
6226,1301,86,54,59,74,66,66,71,ea_official,override_espn_v11,2026-08-12 11:55:19,,,,,,
6227,1327,73,39,56,62,74,75,74,ea_official,override_espn_v11,2026-08-12 11:55:19,,,,,,
6228,1330,72,78,74,78,72,75,78,ea_official,override_espn_v11,2026-08-12 11:55:19,,,,,,
6229,1331,66,72,74,73,70,72,75,ea_official,override_espn_v11,2026-08-12 11:55:19,,,,,,
6230,1332,58,72,76,77,77,74,81,ea_official,override_espn_v11,2026-08-12 11:55:19,,,,,,
6231,1333,79,75,62,75,40,68,76,ea_official,override_espn_v11,2026-08-12 11:55:19,,,,,,
6232,1335,75,75,77,80,54,67,77,ea_official,override_espn_v11,2026-08-12 11:55:19,,,,,,
6233,1338,79,81,79,83,49,67,82,ea_official,override_espn_v11,2026-08-12 11:55:19,,,,,,
6234,1340,77,68,72,66,69,73,73,ea_official,override_espn_v11,2026-08-12 11:55:19,,,,,,
6235,1341,75,69,70,71,70,80,74,ea_official,override_espn_v11,2026-08-12 11:55:19,,,,,,
6236,1342,73,77,72,74,43,75,76,ea_official,override_espn_v11,2026-08-12 11:55:19,,,,,,
6237,1344,74,76,70,75,74,74,74,ea_official,override_espn_v11,2026-08-12 11:55:19,,,,,,
6238,1345,77,69,68,74,68,74,74,ea_official,override_espn_v11,2026-08-12 11:55:19,,,,,,
6239,1346,73,46,61,66,73,79,73,ea_official,override_espn_v11,2026-08-12 11:55:19,,,,,,
6240,1347,79,74,72,81,53,76,78,ea_official,override_espn_v11,2026-08-12 11:55:19,,,,,,
6241,1348,69,53,60,57,75,86,75,ea_official,override_espn_v11,2026-08-12 11:55:19,,,,,,
6242,1351,80,65,73,73,61,64,72,ea_official,override_espn_v11,2026-08-12 11:55:19,,,,,,
6243,1358,85,72,57,68,29,78,73,ea_official,override_espn_v11,2026-08-12 11:55:19,,,,,,
6244,1359,75,52,59,58,65,75,68,ea_official,override_espn_v11,2026-08-12 11:55:19,,,,,,
6245,1360,92,70,67,73,39,69,71,ea_official,override_espn_v11,2026-08-12 11:55:19,,,,,,
6246,1370,61,43,60,66,75,77,75,ea_official,override_espn_v11,2026-08-12 11:55:19,,,,,,
6247,1371,56,35,54,60,70,71,69,ea_official,override_espn_v11,2026-08-12 11:55:19,,,,,,
6248,1377,76,79,62,73,18,62,74,ea_official,override_espn_v11,2026-08-12 11:55:19,,,,,,
6249,1378,85,70,60,72,32,66,71,ea_official,override_espn_v11,2026-08-12 11:55:19,,,,,,
6250,1380,69,69,69,74,67,69,72,ea_official,override_espn_v11,2026-08-12 11:55:19,,,,,,
6251,1383,75,72,69,82,42,74,76,ea_official,override_espn_v11,2026-08-12 11:55:19,,,,,,
6252,1386,61,44,61,67,70,71,71,ea_official,override_espn_v11,2026-08-12 11:55:19,,,,,,
6253,1436,74,60,75,73,85,82,85,ea_official,override_espn_v11,2026-08-12 11:55:19,,,,,,
6254,1451,61,51,68,67,81,79,81,ea_official,override_espn_v11,2026-08-12 11:55:19,,,,,,
6255,1463,86,70,68,74,54,69,74,ea_official,override_espn_v11,2026-08-12 11:55:19,,,,,,
6256,1494,81,79,74,82,41,80,81,ea_official,override_espn_v11,2026-08-12 11:55:19,,,,,,
6257,1496,72,30,51,63,70,86,72,ea_official,override_espn_v11,2026-08-12 11:55:19,,,,,,
6258,1500,69,72,80,76,75,73,79,ea_official,override_espn_v11,2026-08-12 11:55:19,,,,,,
6259,1501,65,79,76,77,79,79,80,ea_official,override_espn_v11,2026-08-12 11:55:19,,,,,,
6260,1503,63,74,62,72,34,69,74,ea_official,override_espn_v11,2026-08-12 11:55:19,,,,,,
6261,1508,79,52,65,67,71,83,73,ea_official,override_espn_v11,2026-08-12 11:55:19,,,,,,
6262,1509,49,31,54,63,76,69,74,ea_official,override_espn_v11,2026-08-12 11:55:19,,,,,,
6263,1516,83,79,80,84,42,83,82,ea_official,override_espn_v11,2026-08-12 11:55:19,,,,,,
6264,1517,64,40,55,69,84,80,82,ea_official,override_espn_v11,2026-08-12 11:55:19,,,,,,
6265,1520,90,61,75,81,71,61,78,ea_official,override_espn_v11,2026-08-12 11:55:19,,,,,,
6266,1521,68,71,77,77,73,69,77,ea_official,override_espn_v11,2026-08-12 11:55:19,,,,,,
6267,1525,88,78,77,87,57,66,84,ea_official,override_espn_v11,2026-08-12 11:55:19,,,,,,
6268,1526,88,72,67,78,40,48,76,ea_official,override_espn_v11,2026-08-12 11:55:19,,,,,,
6269,1527,66,49,64,75,66,52,68,ea_official,override_espn_v11,2026-08-12 11:55:19,,,,,,
6270,1528,95,65,76,82,80,77,86,ea_official,override_espn_v11,2026-08-12 11:55:19,,,,,,
6271,1529,76,71,72,78,23,70,74,ea_official,override_espn_v11,2026-08-12 11:55:19,,,,,,
6272,1533,53,73,75,76,79,75,77,ea_official,override_espn_v11,2026-08-12 11:55:19,,,,,,
6273,1535,76,63,77,78,75,71,79,ea_official,override_espn_v11,2026-08-12 11:55:19,,,,,,
6274,1537,85,78,71,87,46,84,85,ea_official,override_espn_v11,2026-08-12 11:55:19,,,,,,
6275,1540,72,74,73,76,77,77,80,ea_official,override_espn_v11,2026-08-12 11:55:19,,,,,,
6276,1542,74,65,78,79,70,63,77,ea_official,override_espn_v11,2026-08-12 11:55:19,,,,,,
6277,1544,46,73,76,75,75,70,77,ea_official,override_espn_v11,2026-08-12 11:55:19,,,,,,
6278,1545,73,75,55,67,34,79,75,ea_official,override_espn_v11,2026-08-12 11:55:19,,,,,,
6279,1547,75,67,70,76,72,67,75,ea_official,override_espn_v11,2026-08-12 11:55:19,,,,,,
6280,1549,66,68,77,75,69,70,75,ea_official,override_espn_v11,2026-08-12 11:55:19,,,,,,
6281,1550,67,68,71,73,64,59,73,ea_official,override_espn_v11,2026-08-12 11:55:19,,,,,,
6282,1552,68,41,59,69,79,66,76,ea_official,override_espn_v11,2026-08-12 11:55:19,,,,,,
6283,1554,72,69,69,74,44,69,71,ea_official,override_espn_v11,2026-08-12 11:55:19,,,,,,
6284,1555,86,82,58,81,40,74,83,ea_official,override_espn_v11,2026-08-12 11:55:19,,,,,,
6285,1560,82,80,74,84,46,76,81,ea_official,override_espn_v11,2026-08-12 11:55:19,,,,,,
6286,1563,62,36,52,60,72,76,72,ea_official,override_espn_v11,2026-08-12 11:55:19,,,,,,
6287,1569,76,70,72,80,24,52,75,ea_official,override_espn_v11,2026-08-12 11:55:19,,,,,,
6288,1571,89,71,70,82,36,62,77,ea_official,override_espn_v11,2026-08-12 11:55:19,,,,,,
6289,1575,79,57,65,64,63,66,69,ea_official,override_espn_v11,2026-08-12 11:55:19,,,,,,
6290,1586,46,49,71,70,68,74,74,ea_official,override_espn_v11,2026-08-12 11:55:19,,,,,,
6291,1589,76,62,62,73,27,55,68,ea_official,override_espn_v11,2026-08-12 11:55:19,,,,,,
6292,1622,71,58,72,73,69,69,74,ea_official,override_espn_v11,2026-08-12 11:55:19,,,,,,
6293,1623,74,71,69,77,50,70,74,ea_official,override_espn_v11,2026-08-12 11:55:19,,,,,,
6294,1631,62,82,71,74,40,77,80,ea_official,override_espn_v11,2026-08-12 11:55:19,,,,,,
6295,1633,77,84,80,84,35,62,83,ea_official,override_espn_v11,2026-08-12 11:55:19,,,,,,
6296,1635,80,58,59,64,26,46,64,ea_official,override_espn_v11,2026-08-12 11:55:19,,,,,,
6297,1640,80,66,77,77,76,76,80,ea_official,override_espn_v11,2026-08-12 11:55:19,,,,,,
6298,1660,72,70,67,72,44,71,72,ea_official,override_espn_v11,2026-08-12 11:55:19,,,,,,
6299,1663,91,65,62,72,38,51,69,ea_official,override_espn_v11,2026-08-12 11:55:19,,,,,,
6300,1666,65,62,68,66,41,63,65,ea_official,override_espn_v11,2026-08-12 11:55:19,,,,,,
6301,1670,80,35,54,60,62,75,65,ea_official,override_espn_v11,2026-08-12 11:55:19,,,,,,
6302,1673,70,71,77,72,47,71,71,ea_official,override_espn_v11,2026-08-12 11:55:19,,,,,,
6303,1697,53,77,78,76,64,68,77,ea_official,override_espn_v11,2026-08-12 11:55:19,,,,,,
6304,1707,72,36,63,66,78,76,77,ea_official,override_espn_v11,2026-08-12 11:55:19,,,,,,
6305,1708,67,56,65,68,74,81,75,ea_official,override_espn_v11,2026-08-12 11:55:19,,,,,,
6306,1711,63,65,78,75,70,72,77,ea_official,override_espn_v11,2026-08-12 11:55:19,,,,,,
6307,1713,65,71,80,74,75,77,79,ea_official,override_espn_v11,2026-08-12 11:55:19,,,,,,
6308,1718,60,36,56,61,78,79,77,ea_official,override_espn_v11,2026-08-12 11:55:19,,,,,,
6309,1720,68,65,64,69,20,68,68,ea_official,override_espn_v11,2026-08-12 11:55:19,,,,,,
6310,1721,62,31,58,63,80,81,79,ea_official,override_espn_v11,2026-08-12 11:55:19,,,,,,
6311,1723,66,65,70,72,67,68,71,ea_official,override_espn_v11,2026-08-12 11:55:19,,,,,,
6312,1724,71,54,70,73,74,64,74,ea_official,override_espn_v11,2026-08-12 11:55:19,,,,,,
6313,1725,68,73,82,81,66,67,80,ea_official,override_espn_v11,2026-08-12 11:55:19,,,,,,
6314,1766,81,53,65,72,68,75,74,ea_official,override_espn_v11,2026-08-12 11:55:19,,,,,,
6315,1776,54,45,55,61,70,77,71,ea_official,override_espn_v11,2026-08-12 11:55:19,,,,,,
6316,1777,62,37,60,61,69,74,70,ea_official,override_espn_v11,2026-08-12 11:55:19,,,,,,
6317,1778,73,67,75,73,71,78,77,ea_official,override_espn_v11,2026-08-12 11:55:19,,,,,,
6318,1782,80,69,69,75,40,64,74,ea_official,override_espn_v11,2026-08-12 11:55:19,,,,,,
6319,1783,69,60,67,69,66,72,70,ea_official,override_espn_v11,2026-08-12 11:55:19,,,,,,
6320,1786,78,72,70,74,55,67,74,ea_official,override_espn_v11,2026-08-12 11:55:19,,,,,,
6321,1816,62,61,60,64,17,63,63,ea_official,override_espn_v11,2026-08-12 11:55:19,,,,,,
6322,1842,62,63,71,77,74,72,75,ea_official,override_espn_v11,2026-08-12 11:55:19,,,,,,
6323,1853,74,57,71,72,80,72,78,ea_official,override_espn_v11,2026-08-12 11:55:19,,,,,,
6324,1854,94,66,78,85,74,76,84,ea_official,override_espn_v11,2026-08-12 11:55:19,,,,,,
6325,1858,64,92,83,82,48,82,89,ea_official,override_espn_v11,2026-08-12 11:55:19,,,,,,
6326,1872,66,43,56,61,74,84,76,ea_official,override_espn_v11,2026-08-12 11:55:19,,,,,,
6327,1876,83,55,69,73,70,67,76,ea_official,override_espn_v11,2026-08-12 11:55:19,,,,,,
6328,1880,74,69,71,75,51,62,74,ea_official,override_espn_v11,2026-08-12 11:55:19,,,,,,
6329,1882,77,52,65,73,68,66,72,ea_official,override_espn_v11,2026-08-12 11:55:19,,,,,,
6330,1883,63,48,63,66,69,73,71,ea_official,override_espn_v11,2026-08-12 11:55:19,,,,,,
6331,1885,78,67,69,79,41,56,73,ea_official,override_espn_v11,2026-08-12 11:55:19,,,,,,
6332,1888,37,77,68,68,42,76,75,ea_official,override_espn_v11,2026-08-12 11:55:19,,,,,,
6333,1889,71,66,58,71,22,59,68,ea_official,override_espn_v11,2026-08-12 11:55:19,,,,,,
6334,1892,65,42,63,60,69,80,71,ea_official,override_espn_v11,2026-08-12 11:55:19,,,,,,
6335,1897,66,67,76,73,73,74,77,ea_official,override_espn_v11,2026-08-12 11:55:19,,,,,,
6336,1902,70,65,48,68,21,53,66,ea_official,override_espn_v11,2026-08-12 11:55:19,,,,,,
6337,1903,66,43,60,62,56,57,61,ea_official,override_espn_v11,2026-08-12 11:55:19,,,,,,
6338,1904,63,60,58,66,27,61,63,ea_official,override_espn_v11,2026-08-12 11:55:19,,,,,,
6339,1908,68,58,63,67,57,51,65,ea_official,override_espn_v11,2026-08-12 11:55:19,,,,,,
6340,1909,60,58,66,66,62,59,67,ea_official,override_espn_v11,2026-08-12 11:55:19,,,,,,
6341,1916,83,54,60,64,63,75,70,ea_official,override_espn_v11,2026-08-12 11:55:19,,,,,,
6342,1918,82,75,61,71,41,81,76,ea_official,override_espn_v11,2026-08-12 11:55:19,,,,,,
6343,1923,52,32,48,49,63,77,65,ea_official,override_espn_v11,2026-08-12 11:55:19,,,,,,
6344,1943,65,66,71,70,71,83,74,ea_official,override_espn_v11,2026-08-12 11:55:19,,,,,,
6345,1955,49,52,65,68,71,78,73,ea_official,override_espn_v11,2026-08-12 11:55:19,,,,,,
6346,1956,71,64,67,65,56,71,66,ea_official,override_espn_v11,2026-08-12 11:55:19,,,,,,
6347,1958,62,77,67,73,38,74,74,ea_official,override_espn_v11,2026-08-12 11:55:19,,,,,,
6348,1959,82,73,64,71,38,58,71,ea_official,override_espn_v11,2026-08-12 11:55:19,,,,,,
6349,1960,78,78,75,78,41,65,77,ea_official,override_espn_v11,2026-08-12 11:55:19,,,,,,
6350,1965,82,74,71,75,55,68,73,ea_official,override_espn_v11,2026-08-12 11:55:19,,,,,,
6351,1967,63,65,64,64,44,65,64,ea_official,override_espn_v11,2026-08-12 11:55:19,,,,,,
6352,1972,69,58,67,66,68,73,68,ea_official,override_espn_v11,2026-08-12 11:55:19,,,,,,
6353,1976,63,44,56,62,61,51,63,ea_official,override_espn_v11,2026-08-12 11:55:19,,,,,,
6354,1988,82,64,58,65,29,59,65,ea_official,override_espn_v11,2026-08-12 11:55:19,,,,,,
6355,1989,66,39,49,50,71,72,70,ea_official,override_espn_v11,2026-08-12 11:55:19,,,,,,
6356,2024,84,70,63,72,50,69,70,ea_official,override_espn_v11,2026-08-12 11:55:19,,,,,,
6357,2051,69,27,46,50,74,80,75,ea_official,override_espn_v11,2026-08-12 11:55:19,,,,,,
6358,2059,74,69,71,76,61,62,74,ea_official,override_espn_v11,2026-08-12 11:55:19,,,,,,
6359,2082,71,76,68,77,46,74,76,ea_official,override_espn_v11,2026-08-12 11:55:19,,,,,,
6360,2097,57,77,76,73,83,81,81,ea_official,override_espn_v11,2026-08-12 11:55:19,,,,,,
6361,2100,62,76,80,82,81,71,84,ea_official,override_espn_v11,2026-08-12 11:55:19,,,,,,
6362,2101,70,47,67,72,70,78,75,ea_official,override_espn_v11,2026-08-12 11:55:19,,,,,,
6363,2102,72,73,87,85,74,67,84,ea_official,override_espn_v11,2026-08-12 11:55:19,,,,,,
6364,2104,72,83,71,81,38,77,85,ea_official,override_espn_v11,2026-08-12 11:55:19,,,,,,
6365,2106,64,76,78,79,64,68,78,ea_official,override_espn_v11,2026-08-12 11:55:19,,,,,,
6366,2107,78,79,75,80,36,71,79,ea_official,override_espn_v11,2026-08-12 11:55:19,,,,,,
6367,2108,65,75,85,84,75,66,83,ea_official,override_espn_v11,2026-08-12 11:55:19,,,,,,
6368,2109,63,70,61,68,26,57,68,ea_official,override_espn_v11,2026-08-12 11:55:19,,,,,,
6369,2111,75,66,66,79,40,62,71,ea_official,override_espn_v11,2026-08-12 11:55:19,,,,,,
6370,2112,77,76,68,78,52,73,76,ea_official,override_espn_v11,2026-08-12 11:55:19,,,,,,
6371,2117,75,55,68,66,80,74,79,ea_official,override_espn_v11,2026-08-12 11:55:19,,,,,,
6372,2123,78,55,69,75,70,70,76,ea_official,override_espn_v11,2026-08-12 11:55:19,,,,,,
6373,2124,73,62,70,71,70,72,72,ea_official,override_espn_v11,2026-08-12 11:55:19,,,,,,
6374,2125,92,72,70,76,35,71,75,ea_official,override_espn_v11,2026-08-12 11:55:19,,,,,,
6375,2133,81,69,66,73,32,63,71,ea_official,override_espn_v11,2026-08-12 11:55:19,,,,,,
6376,2141,83,68,65,74,48,57,71,ea_official,override_espn_v11,2026-08-12 11:55:19,,,,,,
6377,2222,83,81,78,83,39,80,83,ea_official,override_espn_v11,2026-08-12 11:55:19,,,,,,
6378,2223,60,37,59,66,74,79,75,ea_official,override_espn_v11,2026-08-12 11:55:19,,,,,,
6379,2225,60,32,48,51,68,78,70,ea_official,override_espn_v11,2026-08-12 11:55:19,,,,,,
6380,2226,58,56,70,70,74,71,73,ea_official,override_espn_v11,2026-08-12 11:55:19,,,,,,
6381,2231,91,59,62,71,28,51,70,ea_official,override_espn_v11,2026-08-12 11:55:19,,,,,,
6382,2233,76,48,59,70,75,74,74,ea_official,override_espn_v11,2026-08-12 11:55:19,,,,,,
6383,2239,74,65,74,75,69,74,74,ea_official,override_espn_v11,2026-08-12 11:55:19,,,,,,
6384,2244,64,38,52,63,80,78,78,ea_official,override_espn_v11,2026-08-12 11:55:19,,,,,,
6385,2303,63,36,54,53,71,71,70,ea_official,override_espn_v11,2026-08-12 11:55:19,,,,,,
6386,2305,78,58,61,64,55,61,65,ea_official,override_espn_v11,2026-08-12 11:55:19,,,,,,
6387,2308,47,64,68,71,82,84,81,ea_official,override_espn_v11,2026-08-12 11:55:19,,,,,,
6388,2310,92,59,58,74,48,59,68,ea_official,override_espn_v11,2026-08-12 11:55:19,,,,,,
6389,2315,73,25,38,48,64,69,64,ea_official,override_espn_v11,2026-08-12 11:55:19,,,,,,
6390,2322,64,24,46,47,72,76,71,ea_official,override_espn_v11,2026-08-12 11:55:19,,,,,,
6391,2325,70,49,63,65,67,72,69,ea_official,override_espn_v11,2026-08-12 11:55:19,,,,,,
6392,2327,65,35,55,58,70,66,66,ea_official,override_espn_v11,2026-08-12 11:55:19,,,,,,
6393,2334,83,74,65,75,30,69,74,ea_official,override_espn_v11,2026-08-12 11:55:19,,,,,,
6394,2351,73,40,59,59,58,63,64,ea_official,override_espn_v11,2026-08-12 11:55:19,,,,,,
6395,2361,71,72,64,71,39,67,71,ea_official,override_espn_v11,2026-08-12 11:55:19,,,,,,
6396,2362,70,26,50,60,69,73,70,ea_official,override_espn_v11,2026-08-12 11:55:19,,,,,,
6397,2363,52,45,65,64,73,70,73,ea_official,override_espn_v11,2026-08-12 11:55:19,,,,,,
6398,2366,58,73,76,77,65,72,77,ea_official,override_espn_v11,2026-08-12 11:55:19,,,,,,
6399,2367,70,52,65,72,74,74,74,ea_official,override_espn_v11,2026-08-12 11:55:19,,,,,,
6400,2368,86,46,66,71,69,70,75,ea_official,override_espn_v11,2026-08-12 11:55:19,,,,,,
6401,2370,73,75,67,78,30,58,74,ea_official,override_espn_v11,2026-08-12 11:55:19,,,,,,
6402,2371,71,77,79,80,45,65,76,ea_official,override_espn_v11,2026-08-12 11:55:19,,,,,,
6403,2372,64,74,75,71,50,79,75,ea_official,override_espn_v11,2026-08-12 11:55:19,,,,,,
6404,2374,74,54,63,69,50,58,68,ea_official,override_espn_v11,2026-08-12 11:55:19,,,,,,
6405,2375,87,74,66,73,41,72,74,ea_official,override_espn_v11,2026-08-12 11:55:19,,,,,,
6406,2376,74,71,66,71,39,72,73,ea_official,override_espn_v11,2026-08-12 11:55:19,,,,,,
6407,2377,74,63,51,65,25,55,64,ea_official,override_espn_v11,2026-08-12 11:55:19,,,,,,
6408,2378,63,37,52,54,64,62,64,ea_official,override_espn_v11,2026-08-12 11:55:19,,,,,,
6409,2379,65,66,70,66,42,70,69,ea_official,override_espn_v11,2026-08-12 11:55:19,,,,,,
6410,2401,72,71,69,76,46,73,73,ea_official,override_espn_v11,2026-08-12 11:55:19,,,,,,
6411,2408,70,58,70,72,72,76,73,ea_official,override_espn_v11,2026-08-12 11:55:19,,,,,,
6412,2409,84,70,56,74,40,64,72,ea_official,override_espn_v11,2026-08-12 11:55:19,,,,,,
6413,2411,74,61,53,66,27,49,62,ea_official,override_espn_v11,2026-08-12 11:55:19,,,,,,
6414,2412,70,63,65,66,71,70,71,ea_official,override_espn_v11,2026-08-12 11:55:19,,,,,,
6415,2418,72,70,63,71,50,83,72,ea_official,override_espn_v11,2026-08-12 11:55:19,,,,,,
6416,2419,75,70,72,72,63,77,72,ea_official,override_espn_v11,2026-08-12 11:55:19,,,,,,
6417,2423,53,39,61,63,72,80,72,ea_official,override_espn_v11,2026-08-12 11:55:19,,,,,,
6418,2428,59,65,73,72,66,63,71,ea_official,override_espn_v11,2026-08-12 11:55:19,,,,,,
6419,2442,83,82,85,89,50,87,87,ea_official,override_espn_v11,2026-08-12 11:55:19,,,,,,
6420,2443,74,48,69,73,82,81,82,ea_official,override_espn_v11,2026-08-12 11:55:19,,,,,,
6421,2444,74,46,75,76,88,82,87,ea_official,override_espn_v11,2026-08-12 11:55:19,,,,,,
6422,2447,82,77,78,82,73,72,81,ea_official,override_espn_v11,2026-08-12 11:55:19,,,,,,
6423,2449,80,78,84,82,79,77,85,ea_official,override_espn_v11,2026-08-12 11:55:19,,,,,,
6424,2451,81,88,75,84,51,83,88,ea_official,override_espn_v11,2026-08-12 11:55:19,,,,,,
6425,2453,77,78,82,83,72,75,83,ea_official,override_espn_v11,2026-08-12 11:55:19,,,,,,
6426,2458,57,50,65,65,87,81,84,ea_official,override_espn_v11,2026-08-12 11:55:19,,,,,,
6427,2459,71,62,74,76,81,71,81,ea_official,override_espn_v11,2026-08-12 11:55:19,,,,,,
6428,2461,62,41,68,69,86,74,84,ea_official,override_espn_v11,2026-08-12 11:55:19,,,,,,
6429,2464,86,83,76,82,50,80,85,ea_official,override_espn_v11,2026-08-12 11:55:19,,,,,,
6430,2514,76,59,67,73,67,76,72,ea_official,override_espn_v11,2026-08-12 11:55:19,,,,,,
6431,2544,92,45,56,63,57,74,65,ea_official,override_espn_v11,2026-08-12 11:55:19,,,,,,
6432,2586,77,25,45,58,67,70,67,ea_official,override_espn_v11,2026-08-12 11:55:19,,,,,,
6433,2588,51,33,47,57,75,72,73,ea_official,override_espn_v11,2026-08-12 11:55:19,,,,,,
6434,2592,90,59,61,75,44,50,71,ea_official,override_espn_v11,2026-08-12 11:55:19,,,,,,
6435,2593,70,73,55,73,28,56,71,ea_official,override_espn_v11,2026-08-12 11:55:19,,,,,,
6436,2597,78,72,60,68,33,60,71,ea_official,override_espn_v11,2026-08-12 11:55:19,,,,,,
6437,2600,78,69,56,70,28,71,70,ea_official,override_espn_v11,2026-08-12 11:55:19,,,,,,
6438,2603,71,70,66,70,39,70,70,ea_official,override_espn_v11,2026-08-12 11:55:19,,,,,,
6439,2621,73,58,57,68,26,53,65,ea_official,override_espn_v11,2026-08-12 11:55:19,,,,,,
6440,2645,82,77,80,83,54,81,82,ea_official,override_espn_v11,2026-08-12 11:55:19,,,,,,
6441,2646,77,46,65,69,82,79,81,ea_official,override_espn_v11,2026-08-12 11:55:19,,,,,,
6442,2647,74,44,70,72,79,81,79,ea_official,override_espn_v11,2026-08-12 11:55:19,,,,,,
6443,2648,75,67,76,75,86,79,84,ea_official,override_espn_v11,2026-08-12 11:55:19,,,,,,
6444,2649,49,73,78,74,78,80,82,ea_official,override_espn_v11,2026-08-12 11:55:19,,,,,,
6445,2651,77,78,76,80,74,83,80,ea_official,override_espn_v11,2026-08-12 11:55:19,,,,,,
6446,2652,83,80,75,81,32,70,80,ea_official,override_espn_v11,2026-08-12 11:55:19,,,,,,
6447,2654,82,83,72,78,36,63,81,ea_official,override_espn_v11,2026-08-12 11:55:19,,,,,,
6448,2655,83,83,77,83,37,63,82,ea_official,override_espn_v11,2026-08-12 11:55:19,,,,,,
6449,2656,77,82,76,80,45,71,79,ea_official,override_espn_v11,2026-08-12 11:55:19,,,,,,
6450,2660,82,70,74,78,50,54,76,ea_official,override_espn_v11,2026-08-12 11:55:19,,,,,,
6451,2662,70,55,77,79,68,66,77,ea_official,override_espn_v11,2026-08-12 11:55:19,,,,,,
6452,2664,78,70,72,80,57,61,77,ea_official,override_espn_v11,2026-08-12 11:55:19,,,,,,
6453,2776,91,56,64,75,71,65,75,ea_official,override_espn_v11,2026-08-12 11:55:19,,,,,,
6454,2799,73,77,78,78,67,74,78,ea_official,override_espn_v11,2026-08-12 11:55:19,,,,,,
6455,2808,85,72,65,76,66,76,73,ea_official,override_espn_v11,2026-08-12 11:55:19,,,,,,
6456,2812,84,81,67,78,43,73,80,ea_official,override_espn_v11,2026-08-12 11:55:19,,,,,,
6457,2817,68,67,52,66,31,71,68,ea_official,override_espn_v11,2026-08-12 11:55:19,,,,,,
6458,2818,77,72,75,76,42,73,75,ea_official,override_espn_v11,2026-08-12 11:55:19,,,,,,
6459,2842,54,66,68,70,70,77,71,ea_official,override_espn_v11,2026-08-12 11:55:19,,,,,,
6460,2843,85,74,70,75,67,65,74,ea_official,override_espn_v11,2026-08-12 11:55:19,,,,,,
6461,2854,64,71,58,66,35,72,72,ea_official,override_espn_v11,2026-08-12 11:55:19,,,,,,
6462,2906,76,46,56,58,64,68,65,ea_official,override_espn_v11,2026-08-12 11:55:19,,,,,,
6463,2917,57,39,55,62,63,74,67,ea_official,override_espn_v11,2026-08-12 11:55:19,,,,,,
6464,2942,74,70,75,75,41,73,74,ea_official,override_espn_v11,2026-08-12 11:55:19,,,,,,
6465,2944,65,52,59,61,73,78,72,ea_official,override_espn_v11,2026-08-12 11:55:19,,,,,,
6466,2945,60,34,58,62,73,73,73,ea_official,override_espn_v11,2026-08-12 11:55:19,,,,,,
6467,2946,60,59,74,76,68,70,75,ea_official,override_espn_v11,2026-08-12 11:55:19,,,,,,
6468,2947,64,59,65,71,74,85,72,ea_official,override_espn_v11,2026-08-12 11:55:19,,,,,,
6469,2948,73,66,73,73,71,73,75,ea_official,override_espn_v11,2026-08-12 11:55:19,,,,,,
6470,2949,79,67,66,67,46,74,69,ea_official,override_espn_v11,2026-08-12 11:55:19,,,,,,
6471,2950,81,69,64,74,42,64,71,ea_official,override_espn_v11,2026-08-12 11:55:19,,,,,,
6472,2951,92,74,62,79,27,72,73,ea_official,override_espn_v11,2026-08-12 11:55:19,,,,,,
6473,2953,90,69,56,73,22,66,72,ea_official,override_espn_v11,2026-08-12 11:55:19,,,,,,
6474,2954,78,38,59,63,62,59,67,ea_official,override_espn_v11,2026-08-12 11:55:19,,,,,,
6475,2958,56,73,49,66,30,75,73,ea_official,override_espn_v11,2026-08-12 11:55:19,,,,,,
6476,2959,71,68,53,64,24,68,70,ea_official,override_espn_v11,2026-08-12 11:55:19,,,,,,
6477,2960,82,39,61,63,73,81,75,ea_official,override_espn_v11,2026-08-12 11:55:19,,,,,,
6478,2961,85,54,63,69,61,72,70,ea_official,override_espn_v11,2026-08-12 11:55:19,,,,,,
6479,2985,82,58,64,70,65,68,72,ea_official,override_espn_v11,2026-08-12 11:55:19,,,,,,
6480,2999,91,55,61,69,21,59,67,ea_official,override_espn_v11,2026-08-12 11:55:19,,,,,,
6481,3002,81,81,68,82,49,78,81,ea_official,override_espn_v11,2026-08-12 11:55:19,,,,,,
6482,3003,56,37,62,65,83,82,82,ea_official,override_espn_v11,2026-08-12 11:55:19,,,,,,
6483,3005,77,62,78,79,77,64,80,ea_official,override_espn_v11,2026-08-12 11:55:19,,,,,,
6484,3006,66,65,83,77,80,71,80,ea_official,override_espn_v11,2026-08-12 11:55:19,,,,,,
6485,3007,79,74,82,80,81,83,86,ea_official,override_espn_v11,2026-08-12 11:55:19,,,,,,
6486,3009,66,75,84,84,79,81,86,ea_official,override_espn_v11,2026-08-12 11:55:19,,,,,,
6487,3011,91,79,78,83,50,71,83,ea_official,override_espn_v11,2026-08-12 11:55:19,,,,,,
6488,3012,83,80,75,81,43,68,80,ea_official,override_espn_v11,2026-08-12 11:55:19,,,,,,
6489,3019,67,78,65,79,41,74,79,ea_official,override_espn_v11,2026-08-12 11:55:19,,,,,,
6490,3020,77,75,73,80,68,72,78,ea_official,override_espn_v11,2026-08-12 11:55:19,,,,,,
6491,3022,92,72,76,82,39,70,81,ea_official,override_espn_v11,2026-08-12 11:55:19,,,,,,
6492,3025,60,59,72,76,80,73,80,ea_official,override_espn_v11,2026-08-12 11:55:19,,,,,,
6493,3028,79,76,72,74,64,74,77,ea_official,override_espn_v11,2026-08-12 11:55:19,,,,,,
6494,3029,53,72,84,75,65,71,79,ea_official,override_espn_v11,2026-08-12 11:55:19,,,,,,
6495,3033,92,74,70,77,45,71,76,ea_official,override_espn_v11,2026-08-12 11:55:19,,,,,,
6496,3037,92,61,58,73,26,63,70,ea_official,override_espn_v11,2026-08-12 11:55:19,,,,,,
6497,3040,65,64,66,68,77,82,77,ea_official,override_espn_v11,2026-08-12 11:55:19,,,,,,
6498,3044,68,27,51,48,69,75,71,ea_official,override_espn_v11,2026-08-12 11:55:19,,,,,,
6499,3045,66,44,63,66,83,81,82,ea_official,override_espn_v11,2026-08-12 11:55:19,,,,,,
6500,3046,69,65,70,72,79,81,79,ea_official,override_espn_v11,2026-08-12 11:55:19,,,,,,
6501,3047,77,73,71,78,71,77,78,ea_official,override_espn_v11,2026-08-12 11:55:19,,,,,,
6502,3048,82,71,78,85,41,64,82,ea_official,override_espn_v11,2026-08-12 11:55:19,,,,,,
6503,3050,71,65,57,68,21,50,63,ea_official,override_espn_v11,2026-08-12 11:55:19,,,,,,
6504,3053,60,75,85,85,56,67,82,ea_official,override_espn_v11,2026-08-12 11:55:19,,,,,,
6505,3060,64,73,74,75,80,74,80,ea_official,override_espn_v11,2026-08-12 11:55:19,,,,,,
6506,3062,85,35,53,67,64,64,70,ea_official,override_espn_v11,2026-08-12 11:55:19,,,,,,
6507,3074,66,32,55,62,72,69,72,ea_official,override_espn_v11,2026-08-12 11:55:19,,,,,,
6508,3085,67,42,57,60,66,80,69,ea_official,override_espn_v11,2026-08-12 11:55:19,,,,,,
6509,3086,80,60,65,65,65,74,71,ea_official,override_espn_v11,2026-08-12 11:55:19,,,,,,
6510,3097,70,61,48,58,30,70,63,ea_official,override_espn_v11,2026-08-12 11:55:19,,,,,,
6511,3107,78,57,67,67,66,68,71,ea_official,override_espn_v11,2026-08-12 11:55:19,,,,,,
6512,3131,90,70,69,74,33,63,75,ea_official,override_espn_v11,2026-08-12 11:55:19,,,,,,
6513,3144,76,39,55,60,73,82,75,ea_official,override_espn_v11,2026-08-12 11:55:19,,,,,,
6514,3146,76,38,54,62,75,75,74,ea_official,override_espn_v11,2026-08-12 11:55:19,,,,,,
6515,3147,53,58,75,71,72,79,76,ea_official,override_espn_v11,2026-08-12 11:55:19,,,,,,
6516,3155,73,72,55,68,29,81,74,ea_official,override_espn_v11,2026-08-12 11:55:19,,,,,,
6517,3161,78,74,67,71,63,74,73,ea_official,override_espn_v11,2026-08-12 11:55:19,,,,,,
6518,3165,70,59,65,68,65,76,70,ea_official,override_espn_v11,2026-08-12 11:55:19,,,,,,
6519,3166,79,72,76,80,46,73,77,ea_official,override_espn_v11,2026-08-12 11:55:19,,,,,,
6520,3167,73,44,59,59,66,65,66,ea_official,override_espn_v11,2026-08-12 11:55:19,,,,,,
6521,3170,73,51,64,70,69,64,72,ea_official,override_espn_v11,2026-08-12 11:55:19,,,,,,
6522,3171,62,62,69,72,68,80,72,ea_official,override_espn_v11,2026-08-12 11:55:19,,,,,,
6523,3172,64,64,69,68,75,78,75,ea_official,override_espn_v11,2026-08-12 11:55:19,,,,,,
6524,3173,85,64,65,74,32,58,72,ea_official,override_espn_v11,2026-08-12 11:55:19,,,,,,
6525,3174,76,72,71,78,59,73,76,ea_official,override_espn_v11,2026-08-12 11:55:19,,,,,,
6526,3178,81,70,65,73,35,70,72,ea_official,override_espn_v11,2026-08-12 11:55:19,,,,,,
6527,3183,69,70,68,73,62,73,72,ea_official,override_espn_v11,2026-08-12 11:55:19,,,,,,
6528,3187,68,53,65,65,73,76,73,ea_official,override_espn_v11,2026-08-12 11:55:19,,,,,,
6529,3188,68,66,68,67,37,66,67,ea_official,override_espn_v11,2026-08-12 11:55:19,,,,,,
6530,3190,69,45,67,65,84,79,82,ea_official,override_espn_v11,2026-08-12 11:55:19,,,,,,
6531,3192,84,72,73,77,79,80,83,ea_official,override_espn_v11,2026-08-12 11:55:19,,,,,,
6532,3193,76,82,77,80,80,85,85,ea_official,override_espn_v11,2026-08-12 11:55:19,,,,,,
6533,3194,71,69,80,82,76,71,83,ea_official,override_espn_v11,2026-08-12 11:55:19,,,,,,
6534,3195,85,65,73,77,76,67,78,ea_official,override_espn_v11,2026-08-12 11:55:19,,,,,,
6535,3196,81,71,79,81,76,73,81,ea_official,override_espn_v11,2026-08-12 11:55:19,,,,,,
6536,3197,85,76,58,72,33,79,76,ea_official,override_espn_v11,2026-08-12 11:55:19,,,,,,
6537,3198,72,71,73,80,65,68,77,ea_official,override_espn_v11,2026-08-12 11:55:19,,,,,,
6538,3201,49,55,61,62,80,76,78,ea_official,override_espn_v11,2026-08-12 11:55:19,,,,,,
6539,3202,70,51,69,72,77,73,78,ea_official,override_espn_v11,2026-08-12 11:55:19,,,,,,
6540,3204,68,66,61,69,48,64,67,ea_official,override_espn_v11,2026-08-12 11:55:19,,,,,,
6541,3206,63,78,59,67,34,82,76,ea_official,override_espn_v11,2026-08-12 11:55:19,,,,,,
6542,3207,80,77,73,84,50,68,80,ea_official,override_espn_v11,2026-08-12 11:55:19,,,,,,
6543,3209,79,82,75,75,41,84,84,ea_official,override_espn_v11,2026-08-12 11:55:19,,,,,,
6544,3236,71,54,60,66,59,65,63,ea_official,override_espn_v11,2026-08-12 11:55:19,,,,,,
6545,3237,57,22,55,55,68,78,69,ea_official,override_espn_v11,2026-08-12 11:55:19,,,,,,
6546,3240,64,60,58,68,33,48,62,ea_official,override_espn_v11,2026-08-12 11:55:19,,,,,,
6547,3241,81,67,56,72,30,62,66,ea_official,override_espn_v11,2026-08-12 11:55:19,,,,,,
6548,3244,48,70,45,59,26,68,65,ea_official,override_espn_v11,2026-08-12 11:55:19,,,,,,
6549,3270,78,75,75,77,40,74,76,ea_official,override_espn_v11,2026-08-12 11:55:19,,,,,,
6550,3271,72,43,68,73,81,75,80,ea_official,override_espn_v11,2026-08-12 11:55:19,,,,,,
6551,3273,86,61,80,79,74,78,82,ea_official,override_espn_v11,2026-08-12 11:55:19,,,,,,
6552,3274,81,72,73,81,71,75,78,ea_official,override_espn_v11,2026-08-12 11:55:19,,,,,,
6553,3275,72,62,74,74,74,76,77,ea_official,override_espn_v11,2026-08-12 11:55:19,,,,,,
6554,3276,74,72,72,79,47,63,77,ea_official,override_espn_v11,2026-08-12 11:55:19,,,,,,
6555,3279,89,72,68,81,41,63,76,ea_official,override_espn_v11,2026-08-12 11:55:19,,,,,,
6556,3280,71,61,62,64,25,49,66,ea_official,override_espn_v11,2026-08-12 11:55:19,,,,,,
6557,3284,74,71,69,79,30,63,74,ea_official,override_espn_v11,2026-08-12 11:55:19,,,,,,
6558,3286,69,70,74,78,75,78,80,ea_official,override_espn_v11,2026-08-12 11:55:19,,,,,,
6559,3287,75,76,66,71,28,76,74,ea_official,override_espn_v11,2026-08-12 11:55:19,,,,,,
6560,3288,73,54,76,78,78,74,80,ea_official,override_espn_v11,2026-08-12 11:55:19,,,,,,
6561,3289,85,72,70,81,33,63,78,ea_official,override_espn_v11,2026-08-12 11:55:19,,,,,,
6562,3295,62,54,62,64,68,72,70,ea_official,override_espn_v11,2026-08-12 11:55:19,,,,,,
6563,3306,67,65,70,72,63,64,69,ea_official,override_espn_v11,2026-08-12 11:55:19,,,,,,
6564,3310,66,63,54,67,36,66,65,ea_official,override_espn_v11,2026-08-12 11:55:19,,,,,,
6565,3326,75,48,59,63,68,81,71,ea_official,override_espn_v11,2026-08-12 11:55:19,,,,,,
6566,3408,67,28,49,60,68,69,68,ea_official,override_espn_v11,2026-08-12 11:55:19,,,,,,
6567,3409,57,36,56,61,69,74,70,ea_official,override_espn_v11,2026-08-12 11:55:19,,,,,,
6568,3410,89,65,64,69,62,74,70,ea_official,override_espn_v11,2026-08-12 11:55:19,,,,,,
6569,3420,74,72,74,75,71,72,77,ea_official,override_espn_v11,2026-08-12 11:55:19,,,,,,
6570,3422,64,73,75,76,44,60,74,ea_official,override_espn_v11,2026-08-12 11:55:19,,,,,,
6571,3425,72,64,73,73,63,72,73,ea_official,override_espn_v11,2026-08-12 11:55:19,,,,,,
6572,3448,69,51,60,63,84,78,83,ea_official,override_espn_v11,2026-08-12 11:55:19,,,,,,
6573,3458,80,78,80,83,59,55,81,ea_official,override_espn_v11,2026-08-12 11:55:19,,,,,,
6574,3471,49,46,60,59,72,78,72,ea_official,override_espn_v11,2026-08-12 11:55:19,,,,,,
6575,3472,79,63,66,70,67,70,73,ea_official,override_espn_v11,2026-08-12 11:55:19,,,,,,
6576,3473,50,38,51,55,73,72,71,ea_official,override_espn_v11,2026-08-12 11:55:19,,,,,,
6577,3475,57,65,71,76,72,76,74,ea_official,override_espn_v11,2026-08-12 11:55:19,,,,,,
6578,3477,70,76,56,71,27,69,75,ea_official,override_espn_v11,2026-08-12 11:55:19,,,,,,
6579,3478,91,77,74,83,36,57,80,ea_official,override_espn_v11,2026-08-12 11:55:19,,,,,,
6580,3486,79,72,64,67,41,75,72,ea_official,override_espn_v11,2026-08-12 11:55:19,,,,,,
6581,3493,78,77,85,81,52,78,79,ea_official,override_espn_v11,2026-08-12 11:55:19,,,,,,
6582,3496,72,49,71,74,77,69,78,ea_official,override_espn_v11,2026-08-12 11:55:19,,,,,,
6583,3497,88,63,71,75,78,75,80,ea_official,override_espn_v11,2026-08-12 11:55:19,,,,,,
6584,3498,75,77,82,84,60,72,82,ea_official,override_espn_v11,2026-08-12 11:55:19,,,,,,
6585,3499,71,68,79,81,77,78,80,ea_official,override_espn_v11,2026-08-12 11:55:19,,,,,,
6586,3500,58,65,72,71,77,79,77,ea_official,override_espn_v11,2026-08-12 11:55:19,,,,,,
6587,3502,82,75,75,81,50,63,78,ea_official,override_espn_v11,2026-08-12 11:55:19,,,,,,
6588,3504,89,72,70,81,62,68,79,ea_official,override_espn_v11,2026-08-12 11:55:19,,,,,,
6589,3507,69,65,72,76,76,77,79,ea_official,override_espn_v11,2026-08-12 11:55:19,,,,,,
6590,3508,73,71,70,74,48,70,72,ea_official,override_espn_v11,2026-08-12 11:55:19,,,,,,
6591,3513,86,85,86,89,56,90,89,ea_official,override_espn_v11,2026-08-12 11:55:19,,,,,,
6592,3514,73,60,72,72,90,87,90,ea_official,override_espn_v11,2026-08-12 11:55:19,,,,,,
6593,3515,77,34,63,69,86,85,86,ea_official,override_espn_v11,2026-08-12 11:55:19,,,,,,
6594,3516,87,59,75,78,77,80,82,ea_official,override_espn_v11,2026-08-12 11:55:19,,,,,,
6595,3517,79,82,84,82,67,76,83,ea_official,override_espn_v11,2026-08-12 11:55:19,,,,,,
6596,3518,74,74,76,82,72,76,80,ea_official,override_espn_v11,2026-08-12 11:55:19,,,,,,
6597,3519,66,82,85,85,78,76,87,ea_official,override_espn_v11,2026-08-12 11:55:19,,,,,,
6598,3520,76,76,81,85,81,81,85,ea_official,override_espn_v11,2026-08-12 11:55:19,,,,,,
6599,3522,83,82,80,83,47,74,84,ea_official,override_espn_v11,2026-08-12 11:55:19,,,,,,
6600,3523,89,88,86,90,45,76,91,ea_official,override_espn_v11,2026-08-12 11:55:19,,,,,,
6601,3524,84,81,72,84,48,84,84,ea_official,override_espn_v11,2026-08-12 11:55:19,,,,,,
6602,3525,87,80,75,83,44,68,81,ea_official,override_espn_v11,2026-08-12 11:55:19,,,,,,
6603,3527,74,29,70,71,79,73,79,ea_official,override_espn_v11,2026-08-12 11:55:19,,,,,,
6604,3548,58,56,59,62,57,70,64,ea_official,override_espn_v11,2026-08-12 11:55:19,,,,,,
6605,3595,73,70,70,74,38,73,72,ea_official,override_espn_v11,2026-08-12 11:55:19,,,,,,
6606,3596,73,65,65,69,69,72,70,ea_official,override_espn_v11,2026-08-12 11:55:19,,,,,,
6607,3597,45,35,51,54,72,83,73,ea_official,override_espn_v11,2026-08-12 11:55:19,,,,,,
6608,3598,66,50,63,63,70,77,70,ea_official,override_espn_v11,2026-08-12 11:55:19,,,,,,
6609,3600,84,64,69,77,63,66,73,ea_official,override_espn_v11,2026-08-12 11:55:19,,,,,,
6610,3601,67,64,69,71,75,67,74,ea_official,override_espn_v11,2026-08-12 11:55:19,,,,,,
6611,3603,70,70,54,66,36,80,70,ea_official,override_espn_v11,2026-08-12 11:55:19,,,,,,
6612,3605,76,67,68,72,36,69,72,ea_official,override_espn_v11,2026-08-12 11:55:19,,,,,,
6613,3610,67,62,68,71,56,65,68,ea_official,override_espn_v11,2026-08-12 11:55:19,,,,,,
6614,3614,78,65,67,71,36,66,70,ea_official,override_espn_v11,2026-08-12 11:55:19,,,,,,
6615,3616,83,81,75,84,27,76,81,ea_official,override_espn_v11,2026-08-12 11:55:19,,,,,,
6616,3619,78,52,70,70,70,67,75,ea_official,override_espn_v11,2026-08-12 11:55:19,,,,,,
6617,3625,88,66,69,77,34,49,75,ea_official,override_espn_v11,2026-08-12 11:55:19,,,,,,
6618,3629,70,27,54,58,62,78,65,ea_official,override_espn_v11,2026-08-12 11:55:19,,,,,,
6619,3631,62,65,61,59,26,60,61,ea_official,override_espn_v11,2026-08-12 11:55:19,,,,,,
6620,3633,60,49,59,66,62,71,64,ea_official,override_espn_v11,2026-08-12 11:55:19,,,,,,
6621,3654,60,74,56,67,32,77,73,ea_official,override_espn_v11,2026-08-12 11:55:19,,,,,,
6622,3734,91,71,63,73,37,68,73,ea_official,override_espn_v11,2026-08-12 11:55:19,,,,,,
6623,3735,84,72,70,76,45,64,74,ea_official,override_espn_v11,2026-08-12 11:55:19,,,,,,
6624,3737,78,44,52,46,67,84,70,ea_official,override_espn_v11,2026-08-12 11:55:19,,,,,,
6625,3751,78,71,77,82,51,64,79,ea_official,override_espn_v11,2026-08-12 11:55:19,,,,,,
6626,3755,77,70,78,83,59,66,78,ea_official,override_espn_v11,2026-08-12 11:55:19,,,,,,
6627,3759,91,73,70,81,46,71,78,ea_official,override_espn_v11,2026-08-12 11:55:19,,,,,,
6628,3767,74,81,64,77,35,82,82,ea_official,override_espn_v11,2026-08-12 11:55:19,,,,,,
6629,3769,77,65,55,71,24,54,65,ea_official,override_espn_v11,2026-08-12 11:55:19,,,,,,
6630,3770,68,49,57,61,47,51,59,ea_official,override_espn_v11,2026-08-12 11:55:19,,,,,,
6631,3774,57,57,48,56,20,50,56,ea_official,override_espn_v11,2026-08-12 11:55:19,,,,,,
6632,3775,79,71,71,80,31,74,75,ea_official,override_espn_v11,2026-08-12 11:55:19,,,,,,
6633,3776,33,42,58,53,78,78,76,ea_official,override_espn_v11,2026-08-12 11:55:19,,,,,,
6634,3778,67,66,66,68,32,71,68,ea_official,override_espn_v11,2026-08-12 11:55:19,,,,,,
6635,3780,85,56,58,61,77,79,76,ea_official,override_espn_v11,2026-08-12 11:55:19,,,,,,
6636,3783,66,70,74,72,69,71,74,ea_official,override_espn_v11,2026-08-12 11:55:19,,,,,,
6637,3785,71,67,76,76,71,65,76,ea_official,override_espn_v11,2026-08-12 11:55:19,,,,,,
6638,3786,89,49,68,71,64,66,72,ea_official,override_espn_v11,2026-08-12 11:55:19,,,,,,
6639,3787,82,80,64,77,43,72,77,ea_official,override_espn_v11,2026-08-12 11:55:19,,,,,,
6640,3839,67,42,55,61,60,60,62,ea_official,override_espn_v11,2026-08-12 11:55:19,,,,,,
6641,3882,78,78,71,84,28,58,78,ea_official,override_espn_v11,2026-08-12 11:55:19,,,,,,
6642,3883,70,79,80,83,56,68,82,ea_official,override_espn_v11,2026-08-12 11:55:19,,,,,,
6643,3888,86,84,73,88,32,67,84,ea_official,override_espn_v11,2026-08-12 11:55:19,,,,,,
6644,3897,66,63,65,68,25,58,65,ea_official,override_espn_v11,2026-08-12 11:55:19,,,,,,
6645,3898,43,29,43,45,64,76,66,ea_official,override_espn_v11,2026-08-12 11:55:19,,,,,,
6646,3899,69,51,55,57,68,74,68,ea_official,override_espn_v11,2026-08-12 11:55:19,,,,,,
6647,3900,59,35,53,49,72,77,71,ea_official,override_espn_v11,2026-08-12 11:55:19,,,,,,
6648,3901,68,70,73,73,66,64,71,ea_official,override_espn_v11,2026-08-12 11:55:19,,,,,,
6649,3902,77,56,66,75,71,76,73,ea_official,override_espn_v11,2026-08-12 11:55:19,,,,,,
6650,3903,81,54,63,69,72,74,75,ea_official,override_espn_v11,2026-08-12 11:55:19,,,,,,
6651,3904,67,27,31,47,49,56,52,ea_official,override_espn_v11,2026-08-12 11:55:19,,,,,,
6652,3905,84,70,65,68,32,70,71,ea_official,override_espn_v11,2026-08-12 11:55:19,,,,,,
6653,3906,73,68,69,71,68,80,73,ea_official,override_espn_v11,2026-08-12 11:55:19,,,,,,
6654,3907,77,70,75,79,69,63,74,ea_official,override_espn_v11,2026-08-12 11:55:19,,,,,,
6655,3909,61,62,62,65,22,56,62,ea_official,override_espn_v11,2026-08-12 11:55:19,,,,,,
6656,3910,85,72,69,77,51,64,74,ea_official,override_espn_v11,2026-08-12 11:55:19,,,,,,
6657,3912,84,67,62,75,38,49,72,ea_official,override_espn_v11,2026-08-12 11:55:19,,,,,,
6658,3914,83,45,64,70,66,81,72,ea_official,override_espn_v11,2026-08-12 11:55:19,,,,,,
6659,3915,74,70,73,74,71,66,75,ea_official,override_espn_v11,2026-08-12 11:55:19,,,,,,
6660,3917,74,57,64,72,58,58,68,ea_official,override_espn_v11,2026-08-12 11:55:19,,,,,,
6661,3918,55,67,49,62,30,71,67,ea_official,override_espn_v11,2026-08-12 11:55:19,,,,,,
6662,3919,78,73,71,75,46,57,73,ea_official,override_espn_v11,2026-08-12 11:55:19,,,,,,
6663,3945,65,79,82,82,62,72,81,ea_official,override_espn_v11,2026-08-12 11:55:19,,,,,,
6664,3958,83,52,59,66,65,67,69,ea_official,override_espn_v11,2026-08-12 11:55:19,,,,,,
6665,4020,78,42,60,67,70,75,71,ea_official,override_espn_v11,2026-08-12 11:55:19,,,,,,
6666,4029,67,40,70,71,80,82,80,ea_official,override_espn_v11,2026-08-12 11:55:19,,,,,,
6667,4031,78,64,68,73,71,69,72,ea_official,override_espn_v11,2026-08-12 11:55:19,,,,,,
6668,4046,76,76,78,79,38,75,77,ea_official,override_espn_v11,2026-08-12 11:55:19,,,,,,
6669,4053,80,64,75,76,77,78,79,ea_official,override_espn_v11,2026-08-12 11:55:19,,,,,,
6670,4057,78,72,70,74,55,67,74,ea_official,override_espn_v11,2026-08-12 11:55:19,,,,,,
6671,4060,76,63,73,76,68,82,74,ea_official,override_espn_v11,2026-08-12 11:55:19,,,,,,
6672,4065,53,33,53,63,72,76,72,ea_official,override_espn_v11,2026-08-12 11:55:19,,,,,,
6673,4066,83,78,78,84,52,80,82,ea_official,override_espn_v11,2026-08-12 11:55:19,,,,,,
6674,4067,66,48,62,65,83,81,82,ea_official,override_espn_v11,2026-08-12 11:55:19,,,,,,
6675,4068,90,49,64,72,82,80,82,ea_official,override_espn_v11,2026-08-12 11:55:19,,,,,,
6676,4069,73,32,57,62,78,83,79,ea_official,override_espn_v11,2026-08-12 11:55:19,,,,,,
6677,4071,75,76,80,78,79,84,81,ea_official,override_espn_v11,2026-08-12 11:55:19,,,,,,
6678,4072,88,44,71,79,74,72,78,ea_official,override_espn_v11,2026-08-12 11:55:19,,,,,,
6679,4073,78,73,81,80,77,76,82,ea_official,override_espn_v11,2026-08-12 11:55:19,,,,,,
6680,4074,71,80,66,77,42,83,80,ea_official,override_espn_v11,2026-08-12 11:55:19,,,,,,
6681,4075,77,77,80,87,61,70,84,ea_official,override_espn_v11,2026-08-12 11:55:19,,,,,,
6682,4082,88,64,73,78,76,79,80,ea_official,override_espn_v11,2026-08-12 11:55:19,,,,,,
6683,4083,90,79,71,80,38,65,81,ea_official,override_espn_v11,2026-08-12 11:55:19,,,,,,
6684,4086,82,78,79,85,56,83,81,ea_official,override_espn_v11,2026-08-12 11:55:19,,,,,,
6685,4087,67,40,65,67,73,79,74,ea_official,override_espn_v11,2026-08-12 11:55:19,,,,,,
6686,4089,78,70,77,79,75,70,79,ea_official,override_espn_v11,2026-08-12 11:55:19,,,,,,
6687,4090,80,53,68,70,81,76,80,ea_official,override_espn_v11,2026-08-12 11:55:19,,,,,,
6688,4091,77,71,77,77,80,80,78,ea_official,override_espn_v11,2026-08-12 11:55:19,,,,,,
6689,4092,78,76,77,80,81,81,81,ea_official,override_espn_v11,2026-08-12 11:55:19,,,,,,
6690,4093,63,69,80,76,81,78,84,ea_official,override_espn_v11,2026-08-12 11:55:19,,,,,,
6691,4094,81,82,71,80,34,78,82,ea_official,override_espn_v11,2026-08-12 11:55:19,,,,,,
6692,4096,87,68,73,85,36,50,79,ea_official,override_espn_v11,2026-08-12 11:55:19,,,,,,
6693,4097,70,79,83,78,75,75,81,ea_official,override_espn_v11,2026-08-12 11:55:19,,,,,,
6694,4098,78,78,71,78,57,79,78,ea_official,override_espn_v11,2026-08-12 11:55:19,,,,,,
6695,4099,73,60,75,76,66,68,74,ea_official,override_espn_v11,2026-08-12 11:55:19,,,,,,
6696,4100,72,38,69,65,74,69,74,ea_official,override_espn_v11,2026-08-12 11:55:19,,,,,,
6697,4101,84,71,76,85,25,62,79,ea_official,override_espn_v11,2026-08-12 11:55:19,,,,,,
6698,4103,95,81,69,81,31,80,83,ea_official,override_espn_v11,2026-08-12 11:55:19,,,,,,
6699,4105,64,43,59,63,66,53,66,ea_official,override_espn_v11,2026-08-12 11:55:19,,,,,,
6700,4108,70,70,62,70,42,69,69,ea_official,override_espn_v11,2026-08-12 11:55:19,,,,,,
6701,4133,79,76,76,81,56,75,78,ea_official,override_espn_v11,2026-08-12 11:55:19,,,,,,
6702,4134,37,52,66,64,78,78,77,ea_official,override_espn_v11,2026-08-12 11:55:19,,,,,,
6703,4135,67,46,72,70,80,78,80,ea_official,override_espn_v11,2026-08-12 11:55:19,,,,,,
6704,4137,63,49,68,70,80,77,78,ea_official,override_espn_v11,2026-08-12 11:55:19,,,,,,
6705,4138,77,75,75,80,60,74,77,ea_official,override_espn_v11,2026-08-12 11:55:19,,,,,,
6706,4139,69,67,71,75,72,75,73,ea_official,override_espn_v11,2026-08-12 11:55:19,,,,,,
6707,4140,69,70,73,77,69,62,75,ea_official,override_espn_v11,2026-08-12 11:55:19,,,,,,
6708,4142,87,73,76,86,57,64,82,ea_official,override_espn_v11,2026-08-12 11:55:19,,,,,,
6709,4144,60,78,74,77,45,77,78,ea_official,override_espn_v11,2026-08-12 11:55:19,,,,,,
6710,4145,52,40,56,60,75,72,74,ea_official,override_espn_v11,2026-08-12 11:55:19,,,,,,
6711,4146,46,69,75,72,73,63,73,ea_official,override_espn_v11,2026-08-12 11:55:19,,,,,,
6712,4147,74,72,78,72,39,73,73,ea_official,override_espn_v11,2026-08-12 11:55:19,,,,,,
6713,4148,79,65,62,69,29,57,68,ea_official,override_espn_v11,2026-08-12 11:55:19,,,,,,
6714,4149,66,65,73,73,74,72,75,ea_official,override_espn_v11,2026-08-12 11:55:19,,,,,,
6715,4151,65,50,77,77,79,76,79,ea_official,override_espn_v11,2026-08-12 11:55:19,,,,,,
6716,4152,76,73,80,79,75,75,80,ea_official,override_espn_v11,2026-08-12 11:55:19,,,,,,
6717,4193,83,83,74,84,43,87,85,ea_official,override_espn_v11,2026-08-12 11:55:19,,,,,,
6718,4216,76,69,69,73,69,77,73,ea_official,override_espn_v11,2026-08-12 11:55:19,,,,,,
6719,4224,77,72,73,80,38,56,75,ea_official,override_espn_v11,2026-08-12 11:55:19,,,,,,
6720,4229,65,70,67,73,56,80,74,ea_official,override_espn_v11,2026-08-12 11:55:19,,,,,,
6721,4252,71,39,51,60,61,52,63,ea_official,override_espn_v11,2026-08-12 11:55:19,,,,,,
6722,4254,88,42,61,73,74,80,76,ea_official,override_espn_v11,2026-08-12 11:55:19,,,,,,
6723,4256,79,56,69,77,73,73,77,ea_official,override_espn_v11,2026-08-12 11:55:19,,,,,,
6724,4257,76,54,65,73,71,75,74,ea_official,override_espn_v11,2026-08-12 11:55:19,,,,,,
6725,4258,70,78,81,82,43,60,80,ea_official,override_espn_v11,2026-08-12 11:55:19,,,,,,
6726,4261,81,81,63,75,32,80,79,ea_official,override_espn_v11,2026-08-12 11:55:19,,,,,,
6727,4263,87,72,64,76,38,54,71,ea_official,override_espn_v11,2026-08-12 11:55:19,,,,,,
6728,4265,65,58,69,72,78,79,78,ea_official,override_espn_v11,2026-08-12 11:55:19,,,,,,
6729,4302,71,76,65,71,30,61,76,ea_official,override_espn_v11,2026-08-12 11:55:19,,,,,,
6730,4306,68,79,66,76,39,71,78,ea_official,override_espn_v11,2026-08-12 11:55:19,,,,,,
6731,4316,83,61,67,71,67,80,74,ea_official,override_espn_v11,2026-08-12 11:55:19,,,,,,
6732,4346,69,68,75,76,68,69,74,ea_official,override_espn_v11,2026-08-12 11:55:19,,,,,,
6733,4353,83,82,67,81,44,76,82,ea_official,override_espn_v11,2026-08-12 11:55:19,,,,,,
6734,2,67,28,59,64,81,78,79,ea_official,override_espn_v11_strict,2026-08-12 11:55:48,,,,,,
6735,3,55,58,71,66,85,75,82,ea_official,override_espn_v11_strict,2026-08-12 11:55:48,,,,,,
6736,10,70,76,82,81,43,66,80,ea_official,override_espn_v11_strict,2026-08-12 11:55:48,,,,,,
6737,24,83,82,82,85,56,85,85,ea_official,override_espn_v11_strict,2026-08-12 11:55:48,,,,,,
6738,26,75,53,71,75,84,78,82,ea_official,override_espn_v11_strict,2026-08-12 11:55:48,,,,,,
6739,27,69,68,79,76,77,74,80,ea_official,override_espn_v11_strict,2026-08-12 11:55:48,,,,,,
6740,28,75,66,71,75,75,76,79,ea_official,override_espn_v11_strict,2026-08-12 11:55:48,,,,,,
6741,29,77,77,79,84,67,79,82,ea_official,override_espn_v11_strict,2026-08-12 11:55:48,,,,,,
6742,30,54,79,85,80,75,72,85,ea_official,override_espn_v11_strict,2026-08-12 11:55:48,,,,,,
6743,32,77,83,73,80,50,80,84,ea_official,override_espn_v11_strict,2026-08-12 11:55:48,,,,,,
6744,33,66,74,78,81,66,66,77,ea_official,override_espn_v11_strict,2026-08-12 11:55:48,,,,,,
6745,34,69,77,78,80,77,83,81,ea_official,override_espn_v11_strict,2026-08-12 11:55:48,,,,,,
6746,36,79,73,77,87,35,58,80,ea_official,override_espn_v11_strict,2026-08-12 11:55:48,,,,,,
6747,37,76,76,65,74,36,74,77,ea_official,override_espn_v11_strict,2026-08-12 11:55:48,,,,,,
6748,38,78,75,72,78,46,79,78,ea_official,override_espn_v11_strict,2026-08-12 11:55:48,,,,,,
6749,39,74,62,72,73,78,81,79,ea_official,override_espn_v11_strict,2026-08-12 11:55:48,,,,,,
6750,40,87,65,75,81,73,63,79,ea_official,override_espn_v11_strict,2026-08-12 11:55:48,,,,,,
6751,41,58,44,67,64,78,76,78,ea_official,override_espn_v11_strict,2026-08-12 11:55:48,,,,,,
6752,42,67,48,65,67,69,69,71,ea_official,override_espn_v11_strict,2026-08-12 11:55:48,,,,,,
6753,45,72,70,77,81,53,50,78,ea_official,override_espn_v11_strict,2026-08-12 11:55:48,,,,,,
6754,46,87,74,73,84,38,61,79,ea_official,override_espn_v11_strict,2026-08-12 11:55:48,,,,,,
6755,48,80,34,62,62,86,86,86,ea_official,override_espn_v11_strict,2026-08-12 11:55:48,,,,,,
6756,51,92,79,82,83,82,79,89,ea_official,override_espn_v11_strict,2026-08-12 11:55:48,,,,,,
6757,55,91,88,83,93,50,69,90,ea_official,override_espn_v11_strict,2026-08-12 11:55:48,,,,,,
6758,56,86,80,83,88,58,78,87,ea_official,override_espn_v11_strict,2026-08-12 11:55:48,,,,,,
6759,57,83,80,77,90,55,74,85,ea_official,override_espn_v11_strict,2026-08-12 11:55:48,,,,,,
6760,58,79,68,76,79,75,79,80,ea_official,override_espn_v11_strict,2026-08-12 11:55:48,,,,,,
6761,59,80,37,64,64,80,78,79,ea_official,override_espn_v11_strict,2026-08-12 11:55:48,,,,,,
6762,62,73,79,64,77,48,79,80,ea_official,override_espn_v11_strict,2026-08-12 11:55:48,,,,,,
6763,65,71,54,72,70,82,77,81,ea_official,override_espn_v11_strict,2026-08-12 11:55:48,,,,,,
6764,67,84,79,73,86,50,80,83,ea_official,override_espn_v11_strict,2026-08-12 11:55:48,,,,,,
6765,69,90,77,78,84,39,66,84,ea_official,override_espn_v11_strict,2026-08-12 11:55:48,,,,,,
6766,72,77,39,68,72,87,83,87,ea_official,override_espn_v11_strict,2026-08-12 11:55:48,,,,,,
6767,73,84,41,65,72,84,82,83,ea_official,override_espn_v11_strict,2026-08-12 11:55:48,,,,,,
6768,75,84,82,85,88,60,73,88,ea_official,override_espn_v11_strict,2026-08-12 11:55:48,,,,,,
6769,76,72,73,84,80,83,83,87,ea_official,override_espn_v11_strict,2026-08-12 11:55:48,,,,,,
6770,77,76,60,74,77,75,78,78,ea_official,override_espn_v11_strict,2026-08-12 11:55:48,,,,,,
6771,78,72,79,78,81,48,74,82,ea_official,override_espn_v11_strict,2026-08-12 11:55:48,,,,,,
6772,79,80,81,80,85,30,60,83,ea_official,override_espn_v11_strict,2026-08-12 11:55:48,,,,,,
6773,80,68,79,88,87,67,65,87,ea_official,override_espn_v11_strict,2026-08-12 11:55:48,,,,,,
6774,82,76,48,72,77,82,80,82,ea_official,override_espn_v11_strict,2026-08-12 11:55:48,,,,,,
6775,83,49,65,74,71,79,79,80,ea_official,override_espn_v11_strict,2026-08-12 11:55:48,,,,,,
6776,86,88,75,74,83,45,69,80,ea_official,override_espn_v11_strict,2026-08-12 11:55:48,,,,,,
6777,87,90,86,73,81,36,91,87,ea_official,override_espn_v11_strict,2026-08-12 11:55:48,,,,,,
6778,88,74,80,81,87,50,68,83,ea_official,override_espn_v11_strict,2026-08-12 11:55:48,,,,,,
6779,90,72,66,71,75,77,77,78,ea_official,override_espn_v11_strict,2026-08-12 11:55:48,,,,,,
6780,91,77,78,82,81,40,77,79,ea_official,override_espn_v11_strict,2026-08-12 11:55:48,,,,,,
6781,139,82,78,77,82,55,80,81,ea_official,override_espn_v11_strict,2026-08-12 11:55:48,,,,,,
6782,140,88,40,57,67,80,82,79,ea_official,override_espn_v11_strict,2026-08-12 11:55:48,,,,,,
6783,141,70,32,56,57,69,73,70,ea_official,override_espn_v11_strict,2026-08-12 11:55:48,,,,,,
6784,142,60,32,57,61,71,72,72,ea_official,override_espn_v11_strict,2026-08-12 11:55:48,,,,,,
6785,143,71,72,77,78,64,66,77,ea_official,override_espn_v11_strict,2026-08-12 11:55:48,,,,,,
6786,144,62,62,81,77,75,69,79,ea_official,override_espn_v11_strict,2026-08-12 11:55:48,,,,,,
6787,145,75,41,68,73,76,70,78,ea_official,override_espn_v11_strict,2026-08-12 11:55:48,,,,,,
6788,146,75,69,72,76,79,81,81,ea_official,override_espn_v11_strict,2026-08-12 11:55:48,,,,,,
6789,147,75,84,70,77,41,81,82,ea_official,override_espn_v11_strict,2026-08-12 11:55:48,,,,,,
6790,149,91,78,76,78,28,69,79,ea_official,override_espn_v11_strict,2026-08-12 11:55:48,,,,,,
6791,150,75,79,62,70,32,83,78,ea_official,override_espn_v11_strict,2026-08-12 11:55:48,,,,,,
6792,151,71,53,77,73,67,70,73,ea_official,override_espn_v11_strict,2026-08-12 11:55:48,,,,,,
6793,152,66,27,58,62,78,77,77,ea_official,override_espn_v11_strict,2026-08-12 11:55:48,,,,,,
6794,153,64,63,62,63,45,62,63,ea_official,override_espn_v11_strict,2026-08-12 11:55:48,,,,,,
6795,154,68,71,70,74,76,79,77,ea_official,override_espn_v11_strict,2026-08-12 11:55:48,,,,,,
6796,155,86,76,72,78,43,59,79,ea_official,override_espn_v11_strict,2026-08-12 11:55:48,,,,,,
6797,156,51,62,76,75,73,67,77,ea_official,override_espn_v11_strict,2026-08-12 11:55:48,,,,,,
6798,157,83,76,73,79,36,77,79,ea_official,override_espn_v11_strict,2026-08-12 11:55:48,,,,,,
6799,158,65,67,72,71,63,68,71,ea_official,override_espn_v11_strict,2026-08-12 11:55:48,,,,,,
6800,159,60,60,65,69,72,56,70,ea_official,override_espn_v11_strict,2026-08-12 11:55:48,,,,,,
6801,161,79,78,72,80,37,78,79,ea_official,override_espn_v11_strict,2026-08-12 11:55:48,,,,,,
6802,162,78,78,74,80,43,77,79,ea_official,override_espn_v11_strict,2026-08-12 11:55:48,,,,,,
6803,164,63,57,64,65,76,87,77,ea_official,override_espn_v11_strict,2026-08-12 11:55:48,,,,,,
6804,180,78,72,68,76,28,57,74,ea_official,override_espn_v11_strict,2026-08-12 11:55:48,,,,,,
6805,185,61,33,58,60,76,75,75,ea_official,override_espn_v11_strict,2026-08-12 11:55:48,,,,,,
6806,187,55,62,69,71,72,75,72,ea_official,override_espn_v11_strict,2026-08-12 11:55:48,,,,,,
6807,188,66,78,79,76,63,73,76,ea_official,override_espn_v11_strict,2026-08-12 11:55:48,,,,,,
6808,189,78,60,66,76,74,74,76,ea_official,override_espn_v11_strict,2026-08-12 11:55:48,,,,,,
6809,195,69,69,68,72,64,66,69,ea_official,override_espn_v11_strict,2026-08-12 11:55:48,,,,,,
6810,196,76,74,79,78,62,71,77,ea_official,override_espn_v11_strict,2026-08-12 11:55:48,,,,,,
6811,202,81,70,64,69,28,74,71,ea_official,override_espn_v11_strict,2026-08-12 11:55:48,,,,,,
6812,212,67,62,65,68,60,74,68,ea_official,override_espn_v11_strict,2026-08-12 11:55:48,,,,,,
6813,213,66,67,72,75,74,70,74,ea_official,override_espn_v11_strict,2026-08-12 11:55:48,,,,,,
6814,220,75,57,68,67,65,71,69,ea_official,override_espn_v11_strict,2026-08-12 11:55:48,,,,,,
6815,233,77,73,70,79,44,76,77,ea_official,override_espn_v11_strict,2026-08-12 11:55:48,,,,,,
6816,235,57,46,71,67,75,73,75,ea_official,override_espn_v11_strict,2026-08-12 11:55:48,,,,,,
6817,243,48,80,71,73,41,79,79,ea_official,override_espn_v11_strict,2026-08-12 11:55:48,,,,,,
6818,250,76,70,68,73,55,73,73,ea_official,override_espn_v11_strict,2026-08-12 11:55:48,,,,,,
6819,251,76,58,66,66,68,74,71,ea_official,override_espn_v11_strict,2026-08-12 11:55:48,,,,,,
6820,252,63,74,72,71,75,81,76,ea_official,override_espn_v11_strict,2026-08-12 11:55:48,,,,,,
6821,253,77,72,76,75,22,69,73,ea_official,override_espn_v11_strict,2026-08-12 11:55:48,,,,,,
6822,260,76,50,75,78,68,61,75,ea_official,override_espn_v11_strict,2026-08-12 11:55:48,,,,,,
6823,262,73,59,58,66,35,47,63,ea_official,override_espn_v11_strict,2026-08-12 11:55:48,,,,,,
6824,265,74,55,62,69,41,62,67,ea_official,override_espn_v11_strict,2026-08-12 11:55:48,,,,,,
6825,269,69,27,52,56,73,75,73,ea_official,override_espn_v11_strict,2026-08-12 11:55:48,,,,,,
6826,272,70,65,74,80,32,64,76,ea_official,override_espn_v11_strict,2026-08-12 11:55:48,,,,,,
6827,273,81,81,90,81,31,86,84,ea_official,override_espn_v11_strict,2026-08-12 11:55:48,,,,,,
6828,275,77,45,64,73,84,84,85,ea_official,override_espn_v11_strict,2026-08-12 11:55:48,,,,,,
6829,277,82,69,76,75,81,76,82,ea_official,override_espn_v11_strict,2026-08-12 11:55:48,,,,,,
6830,278,80,82,80,90,66,65,88,ea_official,override_espn_v11_strict,2026-08-12 11:55:48,,,,,,
6831,279,77,78,80,80,80,82,82,ea_official,override_espn_v11_strict,2026-08-12 11:55:48,,,,,,
6832,280,72,74,89,84,83,79,89,ea_official,override_espn_v11_strict,2026-08-12 11:55:48,,,,,,
6833,281,82,77,69,79,40,77,80,ea_official,override_espn_v11_strict,2026-08-12 11:55:48,,,,,,
6834,282,88,81,76,87,45,75,85,ea_official,override_espn_v11_strict,2026-08-12 11:55:48,,,,,,
6835,284,79,83,78,84,43,66,82,ea_official,override_espn_v11_strict,2026-08-12 11:55:48,,,,,,
6836,285,69,78,85,88,74,54,80,ea_official,override_espn_v11_strict,2026-08-12 11:55:48,,,,,,
6837,287,78,80,84,87,50,66,86,ea_official,override_espn_v11_strict,2026-08-12 11:55:48,,,,,,
6838,290,63,38,60,63,87,86,87,ea_official,override_espn_v11_strict,2026-08-12 11:55:48,,,,,,
6839,294,70,39,63,65,78,76,77,ea_official,override_espn_v11_strict,2026-08-12 11:55:48,,,,,,
6840,295,74,59,68,69,73,79,74,ea_official,override_espn_v11_strict,2026-08-12 11:55:48,,,,,,
6841,297,55,71,81,77,64,61,76,ea_official,override_espn_v11_strict,2026-08-12 11:55:48,,,,,,
6842,299,80,54,67,74,62,69,70,ea_official,override_espn_v11_strict,2026-08-12 11:55:48,,,,,,
6843,303,84,78,79,78,53,63,80,ea_official,override_espn_v11_strict,2026-08-12 11:55:48,,,,,,
6844,308,83,75,68,76,39,76,75,ea_official,override_espn_v11_strict,2026-08-12 11:55:48,,,,,,
6845,334,50,31,56,56,77,77,76,ea_official,override_espn_v11_strict,2026-08-12 11:55:48,,,,,,
6846,340,89,59,63,74,66,78,74,ea_official,override_espn_v11_strict,2026-08-12 11:55:48,,,,,,
6847,341,75,80,57,70,31,81,79,ea_official,override_espn_v11_strict,2026-08-12 11:55:48,,,,,,
6848,343,76,74,66,73,35,68,73,ea_official,override_espn_v11_strict,2026-08-12 11:55:48,,,,,,
6849,344,66,63,69,69,74,75,74,ea_official,override_espn_v11_strict,2026-08-12 11:55:48,,,,,,
6850,346,78,53,65,69,67,77,73,ea_official,override_espn_v11_strict,2026-08-12 11:55:48,,,,,,
6851,355,70,42,61,67,74,72,74,ea_official,override_espn_v11_strict,2026-08-12 11:55:48,,,,,,
6852,357,76,57,65,72,68,67,74,ea_official,override_espn_v11_strict,2026-08-12 11:55:48,,,,,,
6853,361,79,71,61,76,23,68,73,ea_official,override_espn_v11_strict,2026-08-12 11:55:48,,,,,,
6854,362,67,62,65,71,61,62,68,ea_official,override_espn_v11_strict,2026-08-12 11:55:48,,,,,,
6855,365,57,47,64,72,66,64,69,ea_official,override_espn_v11_strict,2026-08-12 11:55:48,,,,,,
6856,368,90,55,58,72,33,62,68,ea_official,override_espn_v11_strict,2026-08-12 11:55:48,,,,,,
6857,371,68,72,77,79,62,65,76,ea_official,override_espn_v11_strict,2026-08-12 11:55:48,,,,,,
6858,372,55,54,68,70,70,70,73,ea_official,override_espn_v11_strict,2026-08-12 11:55:48,,,,,,
6859,391,77,76,78,77,24,77,78,ea_official,override_espn_v11_strict,2026-08-12 11:55:48,,,,,,
6860,392,68,48,63,64,77,80,77,ea_official,override_espn_v11_strict,2026-08-12 11:55:48,,,,,,
6861,393,76,63,71,75,75,74,76,ea_official,override_espn_v11_strict,2026-08-12 11:55:48,,,,,,
6862,400,68,78,78,76,77,79,81,ea_official,override_espn_v11_strict,2026-08-12 11:55:48,,,,,,
6863,402,73,74,69,71,45,75,74,ea_official,override_espn_v11_strict,2026-08-12 11:55:48,,,,,,
6864,407,73,65,69,74,34,64,71,ea_official,override_espn_v11_strict,2026-08-12 11:55:48,,,,,,
6865,413,74,25,44,54,64,71,65,ea_official,override_espn_v11_strict,2026-08-12 11:55:48,,,,,,
6866,414,86,62,70,73,69,75,76,ea_official,override_espn_v11_strict,2026-08-12 11:55:48,,,,,,
6867,415,85,69,76,78,73,69,80,ea_official,override_espn_v11_strict,2026-08-12 11:55:48,,,,,,
6868,416,77,69,75,80,54,53,76,ea_official,override_espn_v11_strict,2026-08-12 11:55:48,,,,,,
6869,417,55,65,76,72,73,78,77,ea_official,override_espn_v11_strict,2026-08-12 11:55:48,,,,,,
6870,422,64,41,55,63,71,72,70,ea_official,override_espn_v11_strict,2026-08-12 11:55:48,,,,,,
6871,423,73,67,74,77,74,76,77,ea_official,override_espn_v11_strict,2026-08-12 11:55:48,,,,,,
6872,424,78,75,76,80,50,76,78,ea_official,override_espn_v11_strict,2026-08-12 11:55:48,,,,,,
6873,426,85,67,60,75,41,68,71,ea_official,override_espn_v11_strict,2026-08-12 11:55:48,,,,,,
6874,431,87,83,64,87,44,86,86,ea_official,override_espn_v11_strict,2026-08-12 11:55:48,,,,,,
6875,432,69,47,67,66,84,84,82,ea_official,override_espn_v11_strict,2026-08-12 11:55:48,,,,,,
6876,433,73,70,70,77,78,79,79,ea_official,override_espn_v11_strict,2026-08-12 11:55:48,,,,,,
6877,435,82,74,73,81,80,86,82,ea_official,override_espn_v11_strict,2026-08-12 11:55:48,,,,,,
6878,437,77,56,75,76,73,74,77,ea_official,override_espn_v11_strict,2026-08-12 11:55:48,,,,,,
6879,438,74,63,71,76,77,82,79,ea_official,override_espn_v11_strict,2026-08-12 11:55:48,,,,,,
6880,439,72,88,76,83,45,83,87,ea_official,override_espn_v11_strict,2026-08-12 11:55:48,,,,,,
6881,440,74,78,83,84,44,70,83,ea_official,override_espn_v11_strict,2026-08-12 11:55:48,,,,,,
6882,441,86,79,68,80,43,62,79,ea_official,override_espn_v11_strict,2026-08-12 11:55:48,,,,,,
6883,443,96,76,72,82,36,69,81,ea_official,override_espn_v11_strict,2026-08-12 11:55:48,,,,,,
6884,444,74,80,80,80,76,76,80,ea_official,override_espn_v11_strict,2026-08-12 11:55:48,,,,,,
6885,446,70,59,68,73,75,79,75,ea_official,override_espn_v11_strict,2026-08-12 11:55:48,,,,,,
6886,454,86,83,71,86,30,85,84,ea_official,override_espn_v11_strict,2026-08-12 11:55:48,,,,,,
6887,457,80,32,64,67,81,78,80,ea_official,override_espn_v11_strict,2026-08-12 11:55:48,,,,,,
6888,461,76,73,77,77,76,69,79,ea_official,override_espn_v11_strict,2026-08-12 11:55:48,,,,,,
6889,462,65,81,67,74,36,70,79,ea_official,override_espn_v11_strict,2026-08-12 11:55:48,,,,,,
6890,463,83,64,73,78,63,59,76,ea_official,override_espn_v11_strict,2026-08-12 11:55:48,,,,,,
6891,465,86,54,72,76,71,74,78,ea_official,override_espn_v11_strict,2026-08-12 11:55:48,,,,,,
6892,469,75,72,74,76,44,79,76,ea_official,override_espn_v11_strict,2026-08-12 11:55:48,,,,,,
6893,470,79,63,69,72,71,81,75,ea_official,override_espn_v11_strict,2026-08-12 11:55:48,,,,,,
6894,471,69,37,49,58,79,82,78,ea_official,override_espn_v11_strict,2026-08-12 11:55:48,,,,,,
6895,473,88,63,63,76,28,59,71,ea_official,override_espn_v11_strict,2026-08-12 11:55:48,,,,,,
6896,475,55,35,57,61,80,71,77,ea_official,override_espn_v11_strict,2026-08-12 11:55:48,,,,,,
6897,477,68,61,64,68,38,63,65,ea_official,override_espn_v11_strict,2026-08-12 11:55:48,,,,,,
6898,492,78,70,75,81,38,61,77,ea_official,override_espn_v11_strict,2026-08-12 11:55:48,,,,,,
6899,496,49,40,57,56,73,73,72,ea_official,override_espn_v11_strict,2026-08-12 11:55:48,,,,,,
6900,498,71,55,73,73,71,73,74,ea_official,override_espn_v11_strict,2026-08-12 11:55:48,,,,,,
6901,501,80,32,64,71,76,75,76,ea_official,override_espn_v11_strict,2026-08-12 11:55:48,,,,,,
6902,503,66,69,78,74,70,72,74,ea_official,override_espn_v11_strict,2026-08-12 11:55:48,,,,,,
6903,507,75,76,72,74,72,80,75,ea_official,override_espn_v11_strict,2026-08-12 11:55:48,,,,,,
6904,520,87,69,70,81,29,63,77,ea_official,override_espn_v11_strict,2026-08-12 11:55:48,,,,,,
6905,564,72,49,67,71,80,77,79,ea_official,override_espn_v11_strict,2026-08-12 11:55:48,,,,,,
6906,566,80,37,61,68,71,79,74,ea_official,override_espn_v11_strict,2026-08-12 11:55:48,,,,,,
6907,568,47,75,85,74,78,82,85,ea_official,override_espn_v11_strict,2026-08-12 11:55:48,,,,,,
6908,569,72,59,70,75,78,78,78,ea_official,override_espn_v11_strict,2026-08-12 11:55:48,,,,,,
6909,570,84,73,56,72,30,80,77,ea_official,override_espn_v11_strict,2026-08-12 11:55:48,,,,,,
6910,571,87,70,70,80,30,52,76,ea_official,override_espn_v11_strict,2026-08-12 11:55:48,,,,,,
6911,582,90,83,70,90,52,87,89,ea_official,override_espn_v11_strict,2026-08-12 11:55:48,,,,,,
6912,583,72,53,72,75,84,74,83,ea_official,override_espn_v11_strict,2026-08-12 11:55:48,,,,,,
6913,588,81,81,82,89,57,57,85,ea_official,override_espn_v11_strict,2026-08-12 11:55:48,,,,,,
6914,590,86,91,70,80,45,88,90,ea_official,override_espn_v11_strict,2026-08-12 11:55:48,,,,,,
6915,592,75,75,80,88,21,65,81,ea_official,override_espn_v11_strict,2026-08-12 11:55:48,,,,,,
6916,593,79,79,82,85,77,77,86,ea_official,override_espn_v11_strict,2026-08-12 11:55:48,,,,,,
6917,601,91,71,72,87,32,68,80,ea_official,override_espn_v11_strict,2026-08-12 11:55:48,,,,,,
6918,602,73,72,68,78,24,74,74,ea_official,override_espn_v11_strict,2026-08-12 11:55:48,,,,,,
6919,603,62,26,50,58,73,76,72,ea_official,override_espn_v11_strict,2026-08-12 11:55:48,,,,,,
6920,604,58,32,45,47,67,75,68,ea_official,override_espn_v11_strict,2026-08-12 11:55:48,,,,,,
6921,605,79,43,62,68,77,85,78,ea_official,override_espn_v11_strict,2026-08-12 11:55:48,,,,,,
6922,606,73,64,71,68,62,67,71,ea_official,override_espn_v11_strict,2026-08-12 11:55:48,,,,,,
6923,607,64,57,72,71,71,78,75,ea_official,override_espn_v11_strict,2026-08-12 11:55:48,,,,,,
6924,608,73,59,66,71,64,58,70,ea_official,override_espn_v11_strict,2026-08-12 11:55:48,,,,,,
6925,609,88,57,65,69,66,74,73,ea_official,override_espn_v11_strict,2026-08-12 11:55:48,,,,,,
6926,610,64,71,56,72,40,76,72,ea_official,override_espn_v11_strict,2026-08-12 11:55:48,,,,,,
6927,611,72,59,66,71,62,69,69,ea_official,override_espn_v11_strict,2026-08-12 11:55:48,,,,,,
6928,612,70,69,73,73,67,75,74,ea_official,override_espn_v11_strict,2026-08-12 11:55:48,,,,,,
6929,615,52,50,51,58,73,75,72,ea_official,override_espn_v11_strict,2026-08-12 11:55:48,,,,,,
6930,617,60,59,70,73,80,70,79,ea_official,override_espn_v11_strict,2026-08-12 11:55:48,,,,,,
6931,618,62,65,56,62,45,70,65,ea_official,override_espn_v11_strict,2026-08-12 11:55:48,,,,,,
6932,621,74,75,73,75,60,77,76,ea_official,override_espn_v11_strict,2026-08-12 11:55:48,,,,,,
6933,622,80,80,77,85,58,82,82,ea_official,override_espn_v11_strict,2026-08-12 11:55:48,,,,,,
6934,623,74,53,69,69,81,82,81,ea_official,override_espn_v11_strict,2026-08-12 11:55:48,,,,,,
6935,625,70,50,57,64,85,82,83,ea_official,override_espn_v11_strict,2026-08-12 11:55:48,,,,,,
6936,627,52,74,78,75,78,81,80,ea_official,override_espn_v11_strict,2026-08-12 11:55:48,,,,,,
6937,629,72,59,69,73,73,74,76,ea_official,override_espn_v11_strict,2026-08-12 11:55:48,,,,,,
6938,630,86,78,72,82,35,67,79,ea_official,override_espn_v11_strict,2026-08-12 11:55:48,,,,,,
6939,631,75,77,80,80,73,73,80,ea_official,override_espn_v11_strict,2026-08-12 11:55:48,,,,,,
6940,635,58,41,47,50,74,71,72,ea_official,override_espn_v11_strict,2026-08-12 11:55:48,,,,,,
6941,637,74,56,67,71,72,66,74,ea_official,override_espn_v11_strict,2026-08-12 11:55:48,,,,,,
6942,638,72,68,71,75,38,70,72,ea_official,override_espn_v11_strict,2026-08-12 11:55:48,,,,,,
6943,642,74,72,71,76,47,74,74,ea_official,override_espn_v11_strict,2026-08-12 11:55:48,,,,,,
6944,643,67,66,68,73,69,62,72,ea_official,override_espn_v11_strict,2026-08-12 11:55:48,,,,,,
6945,644,78,57,75,75,74,72,77,ea_official,override_espn_v11_strict,2026-08-12 11:55:48,,,,,,
6946,665,78,74,80,80,40,77,78,ea_official,override_espn_v11_strict,2026-08-12 11:55:48,,,,,,
6947,667,49,41,57,60,76,80,76,ea_official,override_espn_v11_strict,2026-08-12 11:55:48,,,,,,
6948,669,77,59,66,69,63,67,69,ea_official,override_espn_v11_strict,2026-08-12 11:55:48,,,,,,
6949,680,70,68,68,72,45,69,70,ea_official,override_espn_v11_strict,2026-08-12 11:55:48,,,,,,
6950,681,72,66,66,69,49,61,68,ea_official,override_espn_v11_strict,2026-08-12 11:55:48,,,,,,
6951,684,73,63,47,61,22,66,64,ea_official,override_espn_v11_strict,2026-08-12 11:55:48,,,,,,
6952,687,69,39,69,73,83,78,82,ea_official,override_espn_v11_strict,2026-08-12 11:55:48,,,,,,
6953,701,77,65,66,73,43,58,70,ea_official,override_espn_v11_strict,2026-08-12 11:55:48,,,,,,
6954,705,80,79,76,81,53,80,80,ea_official,override_espn_v11_strict,2026-08-12 11:55:48,,,,,,
6955,707,39,57,71,65,78,82,78,ea_official,override_espn_v11_strict,2026-08-12 11:55:48,,,,,,
6956,708,88,46,75,77,78,80,82,ea_official,override_espn_v11_strict,2026-08-12 11:55:48,,,,,,
6957,709,73,47,67,69,76,76,77,ea_official,override_espn_v11_strict,2026-08-12 11:55:48,,,,,,
6958,711,55,65,74,71,75,84,79,ea_official,override_espn_v11_strict,2026-08-12 11:55:48,,,,,,
6959,713,57,79,74,75,46,79,77,ea_official,override_espn_v11_strict,2026-08-12 11:55:48,,,,,,
6960,715,75,78,75,76,46,56,76,ea_official,override_espn_v11_strict,2026-08-12 11:55:48,,,,,,
6961,716,52,71,76,73,66,62,74,ea_official,override_espn_v11_strict,2026-08-12 11:55:48,,,,,,
6962,717,68,57,70,72,74,71,76,ea_official,override_espn_v11_strict,2026-08-12 11:55:48,,,,,,
6963,720,53,60,71,68,71,63,72,ea_official,override_espn_v11_strict,2026-08-12 11:55:48,,,,,,
6964,721,61,59,40,59,26,66,60,ea_official,override_espn_v11_strict,2026-08-12 11:55:48,,,,,,
6965,722,73,72,75,75,41,73,74,ea_official,override_espn_v11_strict,2026-08-12 11:55:48,,,,,,
6966,724,57,37,53,55,77,78,76,ea_official,override_espn_v11_strict,2026-08-12 11:55:48,,,,,,
6967,725,74,72,77,77,38,74,75,ea_official,override_espn_v11_strict,2026-08-12 11:55:48,,,,,,
6968,726,73,41,56,69,75,83,75,ea_official,override_espn_v11_strict,2026-08-12 11:55:48,,,,,,
6969,749,49,45,58,54,76,79,75,ea_official,override_espn_v11_strict,2026-08-12 11:55:48,,,,,,
6970,763,82,72,66,75,35,58,72,ea_official,override_espn_v11_strict,2026-08-12 11:55:48,,,,,,
6971,770,79,78,74,78,36,77,79,ea_official,override_espn_v11_strict,2026-08-12 11:55:48,,,,,,
6972,771,66,49,61,55,72,76,72,ea_official,override_espn_v11_strict,2026-08-12 11:55:48,,,,,,
6973,775,45,58,70,69,77,75,77,ea_official,override_espn_v11_strict,2026-08-12 11:55:48,,,,,,
6974,778,89,69,67,76,41,64,74,ea_official,override_espn_v11_strict,2026-08-12 11:55:48,,,,,,
6975,780,82,76,62,71,30,76,77,ea_official,override_espn_v11_strict,2026-08-12 11:55:48,,,,,,
6976,789,83,73,71,76,44,67,75,ea_official,override_espn_v11_strict,2026-08-12 11:55:48,,,,,,
6977,801,59,84,63,76,35,80,82,ea_official,override_espn_v11_strict,2026-08-12 11:55:48,,,,,,
6978,810,74,38,52,51,79,81,78,ea_official,override_espn_v11_strict,2026-08-12 11:55:48,,,,,,
6979,818,67,36,56,64,73,77,74,ea_official,override_espn_v11_strict,2026-08-12 11:55:48,,,,,,
6980,819,67,65,75,75,76,79,78,ea_official,override_espn_v11_strict,2026-08-12 11:55:48,,,,,,
6981,822,90,65,66,74,67,73,74,ea_official,override_espn_v11_strict,2026-08-12 11:55:48,,,,,,
6982,823,81,80,73,80,40,70,77,ea_official,override_espn_v11_strict,2026-08-12 11:55:48,,,,,,
6983,824,88,77,76,82,36,67,80,ea_official,override_espn_v11_strict,2026-08-12 11:55:48,,,,,,
6984,827,85,71,54,66,31,67,70,ea_official,override_espn_v11_strict,2026-08-12 11:55:48,,,,,,
6985,832,59,71,80,77,80,82,83,ea_official,override_espn_v11_strict,2026-08-12 11:55:48,,,,,,
6986,858,66,39,49,50,71,72,70,ea_official,override_espn_v11_strict,2026-08-12 11:55:48,,,,,,
6987,860,80,39,57,67,65,74,71,ea_official,override_espn_v11_strict,2026-08-12 11:55:48,,,,,,
6988,864,71,71,59,68,22,75,72,ea_official,override_espn_v11_strict,2026-08-12 11:55:48,,,,,,
6989,865,86,61,64,75,33,47,72,ea_official,override_espn_v11_strict,2026-08-12 11:55:48,,,,,,
6990,866,72,59,57,69,26,59,63,ea_official,override_espn_v11_strict,2026-08-12 11:55:48,,,,,,
6991,874,79,36,49,56,66,80,69,ea_official,override_espn_v11_strict,2026-08-12 11:55:48,,,,,,
6992,896,81,76,84,82,48,78,81,ea_official,override_espn_v11_strict,2026-08-12 11:55:48,,,,,,
6993,898,69,38,56,62,73,72,72,ea_official,override_espn_v11_strict,2026-08-12 11:55:48,,,,,,
6994,899,81,33,55,58,70,72,70,ea_official,override_espn_v11_strict,2026-08-12 11:55:48,,,,,,
6995,900,67,49,67,73,66,68,68,ea_official,override_espn_v11_strict,2026-08-12 11:55:48,,,,,,
6996,901,66,82,74,80,33,77,80,ea_official,override_espn_v11_strict,2026-08-12 11:55:48,,,,,,
6997,902,56,58,83,84,76,71,83,ea_official,override_espn_v11_strict,2026-08-12 11:55:48,,,,,,
6998,903,45,36,63,68,77,74,76,ea_official,override_espn_v11_strict,2026-08-12 11:55:48,,,,,,
6999,905,83,71,65,78,46,72,75,ea_official,override_espn_v11_strict,2026-08-12 11:55:48,,,,,,
7000,907,71,67,66,74,39,68,71,ea_official,override_espn_v11_strict,2026-08-12 11:55:48,,,,,,
7001,908,63,58,60,63,18,59,59,ea_official,override_espn_v11_strict,2026-08-12 11:55:48,,,,,,
7002,910,64,42,52,62,68,71,69,ea_official,override_espn_v11_strict,2026-08-12 11:55:48,,,,,,
7003,912,70,68,75,78,33,58,75,ea_official,override_espn_v11_strict,2026-08-12 11:55:48,,,,,,
7004,914,81,62,77,77,78,74,82,ea_official,override_espn_v11_strict,2026-08-12 11:55:48,,,,,,
7005,915,84,69,71,83,51,58,77,ea_official,override_espn_v11_strict,2026-08-12 11:55:48,,,,,,
7006,916,76,53,64,73,73,73,76,ea_official,override_espn_v11_strict,2026-08-12 11:55:48,,,,,,
7007,918,43,22,55,55,74,77,73,ea_official,override_espn_v11_strict,2026-08-12 11:55:48,,,,,,
7008,920,85,37,55,63,71,67,72,ea_official,override_espn_v11_strict,2026-08-12 11:55:48,,,,,,
7009,924,68,75,74,76,71,80,77,ea_official,override_espn_v11_strict,2026-08-12 11:55:48,,,,,,
7010,925,82,75,54,71,26,73,75,ea_official,override_espn_v11_strict,2026-08-12 11:55:48,,,,,,
7011,928,70,65,74,73,75,78,79,ea_official,override_espn_v11_strict,2026-08-12 11:55:48,,,,,,
7012,933,75,63,67,72,67,68,71,ea_official,override_espn_v11_strict,2026-08-12 11:55:48,,,,,,
7013,937,67,37,66,65,78,74,77,ea_official,override_espn_v11_strict,2026-08-12 11:55:48,,,,,,
7014,942,52,55,56,61,73,83,73,ea_official,override_espn_v11_strict,2026-08-12 11:55:48,,,,,,
7015,944,77,61,66,68,67,72,72,ea_official,override_espn_v11_strict,2026-08-12 11:55:48,,,,,,
7016,945,58,81,81,80,52,62,79,ea_official,override_espn_v11_strict,2026-08-12 11:55:48,,,,,,
7017,949,90,70,68,80,35,67,76,ea_official,override_espn_v11_strict,2026-08-12 11:55:48,,,,,,
7018,953,52,41,54,62,70,75,70,ea_official,override_espn_v11_strict,2026-08-12 11:55:48,,,,,,
7019,963,78,30,59,64,62,64,66,ea_official,override_espn_v11_strict,2026-08-12 11:55:48,,,,,,
7020,965,66,43,58,59,69,79,69,ea_official,override_espn_v11_strict,2026-08-12 11:55:48,,,,,,
7021,966,76,61,65,68,66,77,70,ea_official,override_espn_v11_strict,2026-08-12 11:55:48,,,,,,
7022,967,84,70,70,76,60,68,75,ea_official,override_espn_v11_strict,2026-08-12 11:55:48,,,,,,
7023,968,77,68,67,73,37,68,71,ea_official,override_espn_v11_strict,2026-08-12 11:55:48,,,,,,
7024,979,77,72,65,79,34,77,77,ea_official,override_espn_v11_strict,2026-08-12 11:55:48,,,,,,
7025,981,65,48,57,59,69,79,70,ea_official,override_espn_v11_strict,2026-08-12 11:55:48,,,,,,
7026,983,67,68,71,70,72,80,75,ea_official,override_espn_v11_strict,2026-08-12 11:55:48,,,,,,
7027,984,49,50,61,66,69,72,71,ea_official,override_espn_v11_strict,2026-08-12 11:55:48,,,,,,
7028,985,84,59,59,67,61,60,68,ea_official,override_espn_v11_strict,2026-08-12 11:55:48,,,,,,
7029,986,69,58,68,72,66,69,73,ea_official,override_espn_v11_strict,2026-08-12 11:55:48,,,,,,
7030,987,82,71,65,70,35,71,71,ea_official,override_espn_v11_strict,2026-08-12 11:55:48,,,,,,
7031,988,73,64,71,72,64,68,71,ea_official,override_espn_v11_strict,2026-08-12 11:55:48,,,,,,
7032,989,61,67,69,71,41,65,69,ea_official,override_espn_v11_strict,2026-08-12 11:55:48,,,,,,
7033,990,68,64,65,70,24,66,67,ea_official,override_espn_v11_strict,2026-08-12 11:55:48,,,,,,
7034,991,77,59,62,61,62,78,68,ea_official,override_espn_v11_strict,2026-08-12 11:55:48,,,,,,
7035,992,62,44,60,63,59,62,63,ea_official,override_espn_v11_strict,2026-08-12 11:55:48,,,,,,
7036,994,74,67,43,61,26,61,65,ea_official,override_espn_v11_strict,2026-08-12 11:55:48,,,,,,
7037,995,75,48,62,65,64,67,69,ea_official,override_espn_v11_strict,2026-08-12 11:55:48,,,,,,
7038,997,67,31,49,50,65,65,65,ea_official,override_espn_v11_strict,2026-08-12 11:55:48,,,,,,
7039,1003,87,61,69,72,68,80,74,ea_official,override_espn_v11_strict,2026-08-12 11:55:48,,,,,,
7040,1011,53,61,70,68,69,69,70,ea_official,override_espn_v11_strict,2026-08-12 11:55:48,,,,,,
7041,1021,69,44,65,75,77,78,76,ea_official,override_espn_v11_strict,2026-08-12 11:55:48,,,,,,
7042,1034,73,70,65,68,36,68,69,ea_official,override_espn_v11_strict,2026-08-12 11:55:48,,,,,,
7043,1037,65,49,66,69,73,71,73,ea_official,override_espn_v11_strict,2026-08-12 11:55:48,,,,,,
7044,1041,64,42,59,66,74,70,74,ea_official,override_espn_v11_strict,2026-08-12 11:55:48,,,,,,
7045,1047,63,54,58,65,67,79,69,ea_official,override_espn_v11_strict,2026-08-12 11:55:48,,,,,,
7046,1048,73,72,56,70,25,76,72,ea_official,override_espn_v11_strict,2026-08-12 11:55:48,,,,,,
7047,1049,75,72,74,80,38,54,75,ea_official,override_espn_v11_strict,2026-08-12 11:55:48,,,,,,
7048,1050,79,69,69,73,40,63,72,ea_official,override_espn_v11_strict,2026-08-12 11:55:48,,,,,,
7049,1061,52,69,76,69,76,80,75,ea_official,override_espn_v11_strict,2026-08-12 11:55:48,,,,,,
7050,1065,37,31,47,47,69,79,70,ea_official,override_espn_v11_strict,2026-08-12 11:55:48,,,,,,
7051,1069,72,67,71,74,69,71,74,ea_official,override_espn_v11_strict,2026-08-12 11:55:48,,,,,,
7052,1075,81,54,65,65,61,76,70,ea_official,override_espn_v11_strict,2026-08-12 11:55:48,,,,,,
7053,1076,74,62,62,68,46,54,64,ea_official,override_espn_v11_strict,2026-08-12 11:55:48,,,,,,
7054,1103,64,66,66,63,28,62,64,ea_official,override_espn_v11_strict,2026-08-12 11:55:48,,,,,,
7055,1104,59,31,43,48,60,65,60,ea_official,override_espn_v11_strict,2026-08-12 11:55:48,,,,,,
7056,1106,81,61,65,74,64,71,72,ea_official,override_espn_v11_strict,2026-08-12 11:55:48,,,,,,
7057,1108,50,67,70,72,61,65,71,ea_official,override_espn_v11_strict,2026-08-12 11:55:48,,,,,,
7058,1112,75,71,68,71,35,70,71,ea_official,override_espn_v11_strict,2026-08-12 11:55:48,,,,,,
7059,1115,69,33,54,61,60,49,62,ea_official,override_espn_v11_strict,2026-08-12 11:55:48,,,,,,
7060,1128,71,70,74,76,69,71,75,ea_official,override_espn_v11_strict,2026-08-12 11:55:48,,,,,,
7061,1138,60,63,53,62,27,69,65,ea_official,override_espn_v11_strict,2026-08-12 11:55:48,,,,,,
7062,1139,82,61,64,70,75,74,73,ea_official,override_espn_v11_strict,2026-08-12 11:55:48,,,,,,
7063,1143,78,72,65,79,65,75,76,ea_official,override_espn_v11_strict,2026-08-12 11:55:48,,,,,,
7064,1145,72,39,50,60,69,76,70,ea_official,override_espn_v11_strict,2026-08-12 11:55:48,,,,,,
7065,1153,80,71,61,74,34,65,72,ea_official,override_espn_v11_strict,2026-08-12 11:55:48,,,,,,
7066,1155,84,69,71,76,71,76,76,ea_official,override_espn_v11_strict,2026-08-12 11:55:48,,,,,,
7067,1160,70,74,58,67,37,78,73,ea_official,override_espn_v11_strict,2026-08-12 11:55:48,,,,,,
7068,1210,71,69,71,71,55,70,73,ea_official,override_espn_v11_strict,2026-08-12 11:55:48,,,,,,
7069,1211,70,64,55,65,29,68,65,ea_official,override_espn_v11_strict,2026-08-12 11:55:48,,,,,,
7070,1215,82,59,63,67,62,72,70,ea_official,override_espn_v11_strict,2026-08-12 11:55:48,,,,,,
7071,1218,74,59,69,72,73,79,75,ea_official,override_espn_v11_strict,2026-08-12 11:55:48,,,,,,
7072,1247,77,67,75,81,57,69,78,ea_official,override_espn_v11_strict,2026-08-12 11:55:48,,,,,,
7073,1248,55,64,73,76,79,83,80,ea_official,override_espn_v11_strict,2026-08-12 11:55:48,,,,,,
7074,1263,46,44,58,53,76,78,75,ea_official,override_espn_v11_strict,2026-08-12 11:55:48,,,,,,
7075,1265,63,42,59,65,78,83,78,ea_official,override_espn_v11_strict,2026-08-12 11:55:48,,,,,,
7076,1266,51,59,65,70,66,67,70,ea_official,override_espn_v11_strict,2026-08-12 11:55:48,,,,,,
7077,1267,71,62,69,76,65,70,74,ea_official,override_espn_v11_strict,2026-08-12 11:55:48,,,,,,
7078,1268,57,43,57,62,79,83,75,ea_official,override_espn_v11_strict,2026-08-12 11:55:48,,,,,,
7079,1269,87,69,71,77,68,71,75,ea_official,override_espn_v11_strict,2026-08-12 11:55:48,,,,,,
7080,1270,61,67,71,74,63,70,74,ea_official,override_espn_v11_strict,2026-08-12 11:55:48,,,,,,
7081,1271,83,62,58,71,27,73,69,ea_official,override_espn_v11_strict,2026-08-12 11:55:48,,,,,,
7082,1272,71,70,51,65,30,77,72,ea_official,override_espn_v11_strict,2026-08-12 11:55:48,,,,,,
7083,1273,87,74,63,75,47,66,73,ea_official,override_espn_v11_strict,2026-08-12 11:55:48,,,,,,
7084,1274,71,66,71,76,73,79,74,ea_official,override_espn_v11_strict,2026-08-12 11:55:48,,,,,,
7085,1275,93,70,64,67,41,74,73,ea_official,override_espn_v11_strict,2026-08-12 11:55:48,,,,,,
7086,1276,68,55,59,66,33,42,62,ea_official,override_espn_v11_strict,2026-08-12 11:55:48,,,,,,
7087,1277,78,64,66,73,52,59,70,ea_official,override_espn_v11_strict,2026-08-12 11:55:48,,,,,,
7088,1278,67,65,74,68,74,79,75,ea_official,override_espn_v11_strict,2026-08-12 11:55:48,,,,,,
7089,1281,70,69,67,70,25,70,70,ea_official,override_espn_v11_strict,2026-08-12 11:55:48,,,,,,
7090,1283,75,44,64,69,79,77,77,ea_official,override_espn_v11_strict,2026-08-12 11:55:48,,,,,,
7091,1286,75,54,73,72,69,70,74,ea_official,override_espn_v11_strict,2026-08-12 11:55:48,,,,,,
7092,1287,68,62,72,67,74,78,76,ea_official,override_espn_v11_strict,2026-08-12 11:55:48,,,,,,
7093,1289,63,73,74,77,75,79,78,ea_official,override_espn_v11_strict,2026-08-12 11:55:48,,,,,,
7094,1291,77,67,78,83,56,58,78,ea_official,override_espn_v11_strict,2026-08-12 11:55:48,,,,,,
7095,1292,79,75,69,76,36,68,75,ea_official,override_espn_v11_strict,2026-08-12 11:55:48,,,,,,
7096,1301,86,54,59,74,66,66,71,ea_official,override_espn_v11_strict,2026-08-12 11:55:48,,,,,,
7097,1327,73,39,56,62,74,75,74,ea_official,override_espn_v11_strict,2026-08-12 11:55:48,,,,,,
7098,1330,72,78,74,78,72,75,78,ea_official,override_espn_v11_strict,2026-08-12 11:55:48,,,,,,
7099,1331,66,72,74,73,70,72,75,ea_official,override_espn_v11_strict,2026-08-12 11:55:48,,,,,,
7100,1332,58,72,76,77,77,74,81,ea_official,override_espn_v11_strict,2026-08-12 11:55:48,,,,,,
7101,1333,79,75,62,75,40,68,76,ea_official,override_espn_v11_strict,2026-08-12 11:55:48,,,,,,
7102,1335,75,75,77,80,54,67,77,ea_official,override_espn_v11_strict,2026-08-12 11:55:48,,,,,,
7103,1338,79,81,79,83,49,67,82,ea_official,override_espn_v11_strict,2026-08-12 11:55:48,,,,,,
7104,1340,77,68,72,66,69,73,73,ea_official,override_espn_v11_strict,2026-08-12 11:55:48,,,,,,
7105,1341,75,69,70,71,70,80,74,ea_official,override_espn_v11_strict,2026-08-12 11:55:48,,,,,,
7106,1342,73,77,72,74,43,75,76,ea_official,override_espn_v11_strict,2026-08-12 11:55:48,,,,,,
7107,1344,74,76,70,75,74,74,74,ea_official,override_espn_v11_strict,2026-08-12 11:55:48,,,,,,
7108,1345,77,69,68,74,68,74,74,ea_official,override_espn_v11_strict,2026-08-12 11:55:48,,,,,,
7109,1346,73,46,61,66,73,79,73,ea_official,override_espn_v11_strict,2026-08-12 11:55:48,,,,,,
7110,1347,79,74,72,81,53,76,78,ea_official,override_espn_v11_strict,2026-08-12 11:55:48,,,,,,
7111,1348,69,53,60,57,75,86,75,ea_official,override_espn_v11_strict,2026-08-12 11:55:48,,,,,,
7112,1351,80,65,73,73,61,64,72,ea_official,override_espn_v11_strict,2026-08-12 11:55:48,,,,,,
7113,1358,85,72,57,68,29,78,73,ea_official,override_espn_v11_strict,2026-08-12 11:55:48,,,,,,
7114,1359,75,52,59,58,65,75,68,ea_official,override_espn_v11_strict,2026-08-12 11:55:48,,,,,,
7115,1360,92,70,67,73,39,69,71,ea_official,override_espn_v11_strict,2026-08-12 11:55:48,,,,,,
7116,1370,61,43,60,66,75,77,75,ea_official,override_espn_v11_strict,2026-08-12 11:55:48,,,,,,
7117,1371,56,35,54,60,70,71,69,ea_official,override_espn_v11_strict,2026-08-12 11:55:48,,,,,,
7118,1377,76,79,62,73,18,62,74,ea_official,override_espn_v11_strict,2026-08-12 11:55:48,,,,,,
7119,1378,85,70,60,72,32,66,71,ea_official,override_espn_v11_strict,2026-08-12 11:55:48,,,,,,
7120,1380,69,69,69,74,67,69,72,ea_official,override_espn_v11_strict,2026-08-12 11:55:48,,,,,,
7121,1383,75,72,69,82,42,74,76,ea_official,override_espn_v11_strict,2026-08-12 11:55:48,,,,,,
7122,1386,61,44,61,67,70,71,71,ea_official,override_espn_v11_strict,2026-08-12 11:55:48,,,,,,
7123,1436,74,60,75,73,85,82,85,ea_official,override_espn_v11_strict,2026-08-12 11:55:48,,,,,,
7124,1451,61,51,68,67,81,79,81,ea_official,override_espn_v11_strict,2026-08-12 11:55:48,,,,,,
7125,1463,86,70,68,74,54,69,74,ea_official,override_espn_v11_strict,2026-08-12 11:55:48,,,,,,
7126,1496,72,30,51,63,70,86,72,ea_official,override_espn_v11_strict,2026-08-12 11:55:48,,,,,,
7127,1501,65,79,76,77,79,79,80,ea_official,override_espn_v11_strict,2026-08-12 11:55:48,,,,,,
7128,1503,63,74,62,72,34,69,74,ea_official,override_espn_v11_strict,2026-08-12 11:55:48,,,,,,
7129,1508,79,52,65,67,71,83,73,ea_official,override_espn_v11_strict,2026-08-12 11:55:48,,,,,,
7130,1509,49,31,54,63,76,69,74,ea_official,override_espn_v11_strict,2026-08-12 11:55:48,,,,,,
7131,1516,83,79,80,84,42,83,82,ea_official,override_espn_v11_strict,2026-08-12 11:55:48,,,,,,
7132,1517,64,40,55,69,84,80,82,ea_official,override_espn_v11_strict,2026-08-12 11:55:48,,,,,,
7133,1520,90,61,75,81,71,61,78,ea_official,override_espn_v11_strict,2026-08-12 11:55:48,,,,,,
7134,1521,68,71,77,77,73,69,77,ea_official,override_espn_v11_strict,2026-08-12 11:55:48,,,,,,
7135,1525,88,78,77,87,57,66,84,ea_official,override_espn_v11_strict,2026-08-12 11:55:48,,,,,,
7136,1526,88,72,67,78,40,48,76,ea_official,override_espn_v11_strict,2026-08-12 11:55:48,,,,,,
7137,1527,66,49,64,75,66,52,68,ea_official,override_espn_v11_strict,2026-08-12 11:55:48,,,,,,
7138,1529,76,71,72,78,23,70,74,ea_official,override_espn_v11_strict,2026-08-12 11:55:48,,,,,,
7139,1533,53,73,75,76,79,75,77,ea_official,override_espn_v11_strict,2026-08-12 11:55:48,,,,,,
7140,1535,76,63,77,78,75,71,79,ea_official,override_espn_v11_strict,2026-08-12 11:55:48,,,,,,
7141,1540,72,74,73,76,77,77,80,ea_official,override_espn_v11_strict,2026-08-12 11:55:48,,,,,,
7142,1542,74,65,78,79,70,63,77,ea_official,override_espn_v11_strict,2026-08-12 11:55:48,,,,,,
7143,1544,46,73,76,75,75,70,77,ea_official,override_espn_v11_strict,2026-08-12 11:55:48,,,,,,
7144,1545,73,75,55,67,34,79,75,ea_official,override_espn_v11_strict,2026-08-12 11:55:48,,,,,,
7145,1547,75,67,70,76,72,67,75,ea_official,override_espn_v11_strict,2026-08-12 11:55:48,,,,,,
7146,1552,68,41,59,69,79,66,76,ea_official,override_espn_v11_strict,2026-08-12 11:55:48,,,,,,
7147,1554,72,69,69,74,44,69,71,ea_official,override_espn_v11_strict,2026-08-12 11:55:48,,,,,,
7148,1555,86,82,58,81,40,74,83,ea_official,override_espn_v11_strict,2026-08-12 11:55:48,,,,,,
7149,1560,82,80,74,84,46,76,81,ea_official,override_espn_v11_strict,2026-08-12 11:55:48,,,,,,
7150,1563,62,36,52,60,72,76,72,ea_official,override_espn_v11_strict,2026-08-12 11:55:48,,,,,,
7151,1569,76,70,72,80,24,52,75,ea_official,override_espn_v11_strict,2026-08-12 11:55:48,,,,,,
7152,1571,89,71,70,82,36,62,77,ea_official,override_espn_v11_strict,2026-08-12 11:55:48,,,,,,
7153,1575,79,57,65,64,63,66,69,ea_official,override_espn_v11_strict,2026-08-12 11:55:48,,,,,,
7154,1586,46,49,71,70,68,74,74,ea_official,override_espn_v11_strict,2026-08-12 11:55:48,,,,,,
7155,1589,76,62,62,73,27,55,68,ea_official,override_espn_v11_strict,2026-08-12 11:55:48,,,,,,
7156,1623,74,71,69,77,50,70,74,ea_official,override_espn_v11_strict,2026-08-12 11:55:48,,,,,,
7157,1635,80,58,59,64,26,46,64,ea_official,override_espn_v11_strict,2026-08-12 11:55:48,,,,,,
7158,1660,72,70,67,72,44,71,72,ea_official,override_espn_v11_strict,2026-08-12 11:55:48,,,,,,
7159,1663,91,65,62,72,38,51,69,ea_official,override_espn_v11_strict,2026-08-12 11:55:48,,,,,,
7160,1666,65,62,68,66,41,63,65,ea_official,override_espn_v11_strict,2026-08-12 11:55:48,,,,,,
7161,1670,80,35,54,60,62,75,65,ea_official,override_espn_v11_strict,2026-08-12 11:55:48,,,,,,
7162,1673,70,71,77,72,47,71,71,ea_official,override_espn_v11_strict,2026-08-12 11:55:48,,,,,,
7163,1697,53,77,78,76,64,68,77,ea_official,override_espn_v11_strict,2026-08-12 11:55:48,,,,,,
7164,1708,67,56,65,68,74,81,75,ea_official,override_espn_v11_strict,2026-08-12 11:55:48,,,,,,
7165,1711,63,65,78,75,70,72,77,ea_official,override_espn_v11_strict,2026-08-12 11:55:48,,,,,,
7166,1713,65,71,80,74,75,77,79,ea_official,override_espn_v11_strict,2026-08-12 11:55:48,,,,,,
7167,1718,60,36,56,61,78,79,77,ea_official,override_espn_v11_strict,2026-08-12 11:55:48,,,,,,
7168,1720,68,65,64,69,20,68,68,ea_official,override_espn_v11_strict,2026-08-12 11:55:48,,,,,,
7169,1721,62,31,58,63,80,81,79,ea_official,override_espn_v11_strict,2026-08-12 11:55:48,,,,,,
7170,1723,66,65,70,72,67,68,71,ea_official,override_espn_v11_strict,2026-08-12 11:55:48,,,,,,
7171,1724,71,54,70,73,74,64,74,ea_official,override_espn_v11_strict,2026-08-12 11:55:48,,,,,,
7172,1725,68,73,82,81,66,67,80,ea_official,override_espn_v11_strict,2026-08-12 11:55:48,,,,,,
7173,1766,81,53,65,72,68,75,74,ea_official,override_espn_v11_strict,2026-08-12 11:55:48,,,,,,
7174,1776,54,45,55,61,70,77,71,ea_official,override_espn_v11_strict,2026-08-12 11:55:48,,,,,,
7175,1777,62,37,60,61,69,74,70,ea_official,override_espn_v11_strict,2026-08-12 11:55:48,,,,,,
7176,1778,73,67,75,73,71,78,77,ea_official,override_espn_v11_strict,2026-08-12 11:55:48,,,,,,
7177,1782,80,69,69,75,40,64,74,ea_official,override_espn_v11_strict,2026-08-12 11:55:48,,,,,,
7178,1783,69,60,67,69,66,72,70,ea_official,override_espn_v11_strict,2026-08-12 11:55:48,,,,,,
7179,1786,78,72,70,74,55,67,74,ea_official,override_espn_v11_strict,2026-08-12 11:55:48,,,,,,
7180,1842,62,63,71,77,74,72,75,ea_official,override_espn_v11_strict,2026-08-12 11:55:48,,,,,,
7181,1853,74,57,71,72,80,72,78,ea_official,override_espn_v11_strict,2026-08-12 11:55:48,,,,,,
7182,1854,94,66,78,85,74,76,84,ea_official,override_espn_v11_strict,2026-08-12 11:55:48,,,,,,
7183,1858,64,92,83,82,48,82,89,ea_official,override_espn_v11_strict,2026-08-12 11:55:48,,,,,,
7184,1872,66,43,56,61,74,84,76,ea_official,override_espn_v11_strict,2026-08-12 11:55:48,,,,,,
7185,1876,83,55,69,73,70,67,76,ea_official,override_espn_v11_strict,2026-08-12 11:55:48,,,,,,
7186,1880,74,69,71,75,51,62,74,ea_official,override_espn_v11_strict,2026-08-12 11:55:48,,,,,,
7187,1882,77,52,65,73,68,66,72,ea_official,override_espn_v11_strict,2026-08-12 11:55:48,,,,,,
7188,1883,63,48,63,66,69,73,71,ea_official,override_espn_v11_strict,2026-08-12 11:55:48,,,,,,
7189,1885,78,67,69,79,41,56,73,ea_official,override_espn_v11_strict,2026-08-12 11:55:48,,,,,,
7190,1888,37,77,68,68,42,76,75,ea_official,override_espn_v11_strict,2026-08-12 11:55:48,,,,,,
7191,1889,71,66,58,71,22,59,68,ea_official,override_espn_v11_strict,2026-08-12 11:55:48,,,,,,
7192,1892,65,42,63,60,69,80,71,ea_official,override_espn_v11_strict,2026-08-12 11:55:48,,,,,,
7193,1902,70,65,48,68,21,53,66,ea_official,override_espn_v11_strict,2026-08-12 11:55:48,,,,,,
7194,1903,66,43,60,62,56,57,61,ea_official,override_espn_v11_strict,2026-08-12 11:55:48,,,,,,
7195,1904,63,60,58,66,27,61,63,ea_official,override_espn_v11_strict,2026-08-12 11:55:48,,,,,,
7196,1908,68,58,63,67,57,51,65,ea_official,override_espn_v11_strict,2026-08-12 11:55:48,,,,,,
7197,1909,60,58,66,66,62,59,67,ea_official,override_espn_v11_strict,2026-08-12 11:55:48,,,,,,
7198,1916,83,54,60,64,63,75,70,ea_official,override_espn_v11_strict,2026-08-12 11:55:48,,,,,,
7199,1918,82,75,61,71,41,81,76,ea_official,override_espn_v11_strict,2026-08-12 11:55:48,,,,,,
7200,1923,52,32,48,49,63,77,65,ea_official,override_espn_v11_strict,2026-08-12 11:55:48,,,,,,
7201,1943,65,66,71,70,71,83,74,ea_official,override_espn_v11_strict,2026-08-12 11:55:48,,,,,,
7202,1955,49,52,65,68,71,78,73,ea_official,override_espn_v11_strict,2026-08-12 11:55:48,,,,,,
7203,1956,71,64,67,65,56,71,66,ea_official,override_espn_v11_strict,2026-08-12 11:55:48,,,,,,
7204,1958,62,77,67,73,38,74,74,ea_official,override_espn_v11_strict,2026-08-12 11:55:48,,,,,,
7205,1959,82,73,64,71,38,58,71,ea_official,override_espn_v11_strict,2026-08-12 11:55:48,,,,,,
7206,1960,78,78,75,78,41,65,77,ea_official,override_espn_v11_strict,2026-08-12 11:55:48,,,,,,
7207,1965,82,74,71,75,55,68,73,ea_official,override_espn_v11_strict,2026-08-12 11:55:48,,,,,,
7208,1967,63,65,64,64,44,65,64,ea_official,override_espn_v11_strict,2026-08-12 11:55:48,,,,,,
7209,1972,69,58,67,66,68,73,68,ea_official,override_espn_v11_strict,2026-08-12 11:55:48,,,,,,
7210,1988,82,64,58,65,29,59,65,ea_official,override_espn_v11_strict,2026-08-12 11:55:48,,,,,,
7211,1989,66,39,49,50,71,72,70,ea_official,override_espn_v11_strict,2026-08-12 11:55:48,,,,,,
7212,2024,84,70,63,72,50,69,70,ea_official,override_espn_v11_strict,2026-08-12 11:55:48,,,,,,
7213,2051,69,27,46,50,74,80,75,ea_official,override_espn_v11_strict,2026-08-12 11:55:48,,,,,,
7214,2059,74,69,71,76,61,62,74,ea_official,override_espn_v11_strict,2026-08-12 11:55:48,,,,,,
7215,2082,71,76,68,77,46,74,76,ea_official,override_espn_v11_strict,2026-08-12 11:55:48,,,,,,
7216,2097,57,77,76,73,83,81,81,ea_official,override_espn_v11_strict,2026-08-12 11:55:48,,,,,,
7217,2100,62,76,80,82,81,71,84,ea_official,override_espn_v11_strict,2026-08-12 11:55:48,,,,,,
7218,2101,70,47,67,72,70,78,75,ea_official,override_espn_v11_strict,2026-08-12 11:55:48,,,,,,
7219,2104,72,83,71,81,38,77,85,ea_official,override_espn_v11_strict,2026-08-12 11:55:48,,,,,,
7220,2106,64,76,78,79,64,68,78,ea_official,override_espn_v11_strict,2026-08-12 11:55:48,,,,,,
7221,2107,78,79,75,80,36,71,79,ea_official,override_espn_v11_strict,2026-08-12 11:55:48,,,,,,
7222,2109,63,70,61,68,26,57,68,ea_official,override_espn_v11_strict,2026-08-12 11:55:48,,,,,,
7223,2111,75,66,66,79,40,62,71,ea_official,override_espn_v11_strict,2026-08-12 11:55:48,,,,,,
7224,2112,77,76,68,78,52,73,76,ea_official,override_espn_v11_strict,2026-08-12 11:55:48,,,,,,
7225,2117,75,55,68,66,80,74,79,ea_official,override_espn_v11_strict,2026-08-12 11:55:48,,,,,,
7226,2123,78,55,69,75,70,70,76,ea_official,override_espn_v11_strict,2026-08-12 11:55:48,,,,,,
7227,2124,73,62,70,71,70,72,72,ea_official,override_espn_v11_strict,2026-08-12 11:55:48,,,,,,
7228,2125,92,72,70,76,35,71,75,ea_official,override_espn_v11_strict,2026-08-12 11:55:48,,,,,,
7229,2133,81,69,66,73,32,63,71,ea_official,override_espn_v11_strict,2026-08-12 11:55:48,,,,,,
7230,2141,83,68,65,74,48,57,71,ea_official,override_espn_v11_strict,2026-08-12 11:55:48,,,,,,
7231,2222,83,81,78,83,39,80,83,ea_official,override_espn_v11_strict,2026-08-12 11:55:48,,,,,,
7232,2223,60,37,59,66,74,79,75,ea_official,override_espn_v11_strict,2026-08-12 11:55:48,,,,,,
7233,2225,60,32,48,51,68,78,70,ea_official,override_espn_v11_strict,2026-08-12 11:55:48,,,,,,
7234,2226,58,56,70,70,74,71,73,ea_official,override_espn_v11_strict,2026-08-12 11:55:48,,,,,,
7235,2231,91,59,62,71,28,51,70,ea_official,override_espn_v11_strict,2026-08-12 11:55:48,,,,,,
7236,2233,76,48,59,70,75,74,74,ea_official,override_espn_v11_strict,2026-08-12 11:55:48,,,,,,
7237,2239,74,65,74,75,69,74,74,ea_official,override_espn_v11_strict,2026-08-12 11:55:48,,,,,,
7238,2303,63,36,54,53,71,71,70,ea_official,override_espn_v11_strict,2026-08-12 11:55:48,,,,,,
7239,2305,78,58,61,64,55,61,65,ea_official,override_espn_v11_strict,2026-08-12 11:55:48,,,,,,
7240,2310,92,59,58,74,48,59,68,ea_official,override_espn_v11_strict,2026-08-12 11:55:48,,,,,,
7241,2315,73,25,38,48,64,69,64,ea_official,override_espn_v11_strict,2026-08-12 11:55:48,,,,,,
7242,2322,64,24,46,47,72,76,71,ea_official,override_espn_v11_strict,2026-08-12 11:55:48,,,,,,
7243,2325,70,49,63,65,67,72,69,ea_official,override_espn_v11_strict,2026-08-12 11:55:48,,,,,,
7244,2327,65,35,55,58,70,66,66,ea_official,override_espn_v11_strict,2026-08-12 11:55:48,,,,,,
7245,2334,83,74,65,75,30,69,74,ea_official,override_espn_v11_strict,2026-08-12 11:55:48,,,,,,
7246,2351,73,40,59,59,58,63,64,ea_official,override_espn_v11_strict,2026-08-12 11:55:48,,,,,,
7247,2361,71,72,64,71,39,67,71,ea_official,override_espn_v11_strict,2026-08-12 11:55:48,,,,,,
7248,2362,70,26,50,60,69,73,70,ea_official,override_espn_v11_strict,2026-08-12 11:55:48,,,,,,
7249,2363,52,45,65,64,73,70,73,ea_official,override_espn_v11_strict,2026-08-12 11:55:48,,,,,,
7250,2366,58,73,76,77,65,72,77,ea_official,override_espn_v11_strict,2026-08-12 11:55:48,,,,,,
7251,2367,70,52,65,72,74,74,74,ea_official,override_espn_v11_strict,2026-08-12 11:55:48,,,,,,
7252,2368,86,46,66,71,69,70,75,ea_official,override_espn_v11_strict,2026-08-12 11:55:48,,,,,,
7253,2370,73,75,67,78,30,58,74,ea_official,override_espn_v11_strict,2026-08-12 11:55:48,,,,,,
7254,2371,71,77,79,80,45,65,76,ea_official,override_espn_v11_strict,2026-08-12 11:55:48,,,,,,
7255,2372,64,74,75,71,50,79,75,ea_official,override_espn_v11_strict,2026-08-12 11:55:48,,,,,,
7256,2374,74,54,63,69,50,58,68,ea_official,override_espn_v11_strict,2026-08-12 11:55:48,,,,,,
7257,2375,87,74,66,73,41,72,74,ea_official,override_espn_v11_strict,2026-08-12 11:55:48,,,,,,
7258,2376,74,71,66,71,39,72,73,ea_official,override_espn_v11_strict,2026-08-12 11:55:48,,,,,,
7259,2377,74,63,51,65,25,55,64,ea_official,override_espn_v11_strict,2026-08-12 11:55:48,,,,,,
7260,2378,63,37,52,54,64,62,64,ea_official,override_espn_v11_strict,2026-08-12 11:55:48,,,,,,
7261,2379,65,66,70,66,42,70,69,ea_official,override_espn_v11_strict,2026-08-12 11:55:48,,,,,,
7262,2401,72,71,69,76,46,73,73,ea_official,override_espn_v11_strict,2026-08-12 11:55:48,,,,,,
7263,2408,70,58,70,72,72,76,73,ea_official,override_espn_v11_strict,2026-08-12 11:55:48,,,,,,
7264,2409,84,70,56,74,40,64,72,ea_official,override_espn_v11_strict,2026-08-12 11:55:48,,,,,,
7265,2411,74,61,53,66,27,49,62,ea_official,override_espn_v11_strict,2026-08-12 11:55:48,,,,,,
7266,2412,70,63,65,66,71,70,71,ea_official,override_espn_v11_strict,2026-08-12 11:55:48,,,,,,
7267,2418,72,70,63,71,50,83,72,ea_official,override_espn_v11_strict,2026-08-12 11:55:48,,,,,,
7268,2419,75,70,72,72,63,77,72,ea_official,override_espn_v11_strict,2026-08-12 11:55:48,,,,,,
7269,2423,53,39,61,63,72,80,72,ea_official,override_espn_v11_strict,2026-08-12 11:55:48,,,,,,
7270,2428,59,65,73,72,66,63,71,ea_official,override_espn_v11_strict,2026-08-12 11:55:48,,,,,,
7271,2442,83,82,85,89,50,87,87,ea_official,override_espn_v11_strict,2026-08-12 11:55:48,,,,,,
7272,2443,74,48,69,73,82,81,82,ea_official,override_espn_v11_strict,2026-08-12 11:55:48,,,,,,
7273,2444,74,46,75,76,88,82,87,ea_official,override_espn_v11_strict,2026-08-12 11:55:48,,,,,,
7274,2447,82,77,78,82,73,72,81,ea_official,override_espn_v11_strict,2026-08-12 11:55:48,,,,,,
7275,2449,80,78,84,82,79,77,85,ea_official,override_espn_v11_strict,2026-08-12 11:55:48,,,,,,
7276,2451,81,88,75,84,51,83,88,ea_official,override_espn_v11_strict,2026-08-12 11:55:48,,,,,,
7277,2453,77,78,82,83,72,75,83,ea_official,override_espn_v11_strict,2026-08-12 11:55:48,,,,,,
7278,2458,57,50,65,65,87,81,84,ea_official,override_espn_v11_strict,2026-08-12 11:55:48,,,,,,
7279,2459,71,62,74,76,81,71,81,ea_official,override_espn_v11_strict,2026-08-12 11:55:48,,,,,,
7280,2464,86,83,76,82,50,80,85,ea_official,override_espn_v11_strict,2026-08-12 11:55:48,,,,,,
7281,2514,76,59,67,73,67,76,72,ea_official,override_espn_v11_strict,2026-08-12 11:55:48,,,,,,
7282,2544,92,45,56,63,57,74,65,ea_official,override_espn_v11_strict,2026-08-12 11:55:48,,,,,,
7283,2586,77,25,45,58,67,70,67,ea_official,override_espn_v11_strict,2026-08-12 11:55:48,,,,,,
7284,2588,51,33,47,57,75,72,73,ea_official,override_espn_v11_strict,2026-08-12 11:55:48,,,,,,
7285,2592,90,59,61,75,44,50,71,ea_official,override_espn_v11_strict,2026-08-12 11:55:48,,,,,,
7286,2593,70,73,55,73,28,56,71,ea_official,override_espn_v11_strict,2026-08-12 11:55:48,,,,,,
7287,2597,78,72,60,68,33,60,71,ea_official,override_espn_v11_strict,2026-08-12 11:55:48,,,,,,
7288,2600,78,69,56,70,28,71,70,ea_official,override_espn_v11_strict,2026-08-12 11:55:48,,,,,,
7289,2603,71,70,66,70,39,70,70,ea_official,override_espn_v11_strict,2026-08-12 11:55:48,,,,,,
7290,2621,73,58,57,68,26,53,65,ea_official,override_espn_v11_strict,2026-08-12 11:55:48,,,,,,
7291,2645,82,77,80,83,54,81,82,ea_official,override_espn_v11_strict,2026-08-12 11:55:48,,,,,,
7292,2646,77,46,65,69,82,79,81,ea_official,override_espn_v11_strict,2026-08-12 11:55:48,,,,,,
7293,2647,74,44,70,72,79,81,79,ea_official,override_espn_v11_strict,2026-08-12 11:55:48,,,,,,
7294,2648,75,67,76,75,86,79,84,ea_official,override_espn_v11_strict,2026-08-12 11:55:48,,,,,,
7295,2649,49,73,78,74,78,80,82,ea_official,override_espn_v11_strict,2026-08-12 11:55:48,,,,,,
7296,2651,77,78,76,80,74,83,80,ea_official,override_espn_v11_strict,2026-08-12 11:55:48,,,,,,
7297,2654,82,83,72,78,36,63,81,ea_official,override_espn_v11_strict,2026-08-12 11:55:48,,,,,,
7298,2655,83,83,77,83,37,63,82,ea_official,override_espn_v11_strict,2026-08-12 11:55:48,,,,,,
7299,2656,77,82,76,80,45,71,79,ea_official,override_espn_v11_strict,2026-08-12 11:55:48,,,,,,
7300,2660,82,70,74,78,50,54,76,ea_official,override_espn_v11_strict,2026-08-12 11:55:48,,,,,,
7301,2662,70,55,77,79,68,66,77,ea_official,override_espn_v11_strict,2026-08-12 11:55:48,,,,,,
7302,2664,78,70,72,80,57,61,77,ea_official,override_espn_v11_strict,2026-08-12 11:55:48,,,,,,
7303,2776,91,56,64,75,71,65,75,ea_official,override_espn_v11_strict,2026-08-12 11:55:48,,,,,,
7304,2799,73,77,78,78,67,74,78,ea_official,override_espn_v11_strict,2026-08-12 11:55:48,,,,,,
7305,2808,85,72,65,76,66,76,73,ea_official,override_espn_v11_strict,2026-08-12 11:55:48,,,,,,
7306,2812,84,81,67,78,43,73,80,ea_official,override_espn_v11_strict,2026-08-12 11:55:48,,,,,,
7307,2817,68,67,52,66,31,71,68,ea_official,override_espn_v11_strict,2026-08-12 11:55:48,,,,,,
7308,2818,77,72,75,76,42,73,75,ea_official,override_espn_v11_strict,2026-08-12 11:55:48,,,,,,
7309,2842,54,66,68,70,70,77,71,ea_official,override_espn_v11_strict,2026-08-12 11:55:48,,,,,,
7310,2843,85,74,70,75,67,65,74,ea_official,override_espn_v11_strict,2026-08-12 11:55:48,,,,,,
7311,2854,64,71,58,66,35,72,72,ea_official,override_espn_v11_strict,2026-08-12 11:55:48,,,,,,
7312,2906,76,46,56,58,64,68,65,ea_official,override_espn_v11_strict,2026-08-12 11:55:48,,,,,,
7313,2917,57,39,55,62,63,74,67,ea_official,override_espn_v11_strict,2026-08-12 11:55:48,,,,,,
7314,2944,65,52,59,61,73,78,72,ea_official,override_espn_v11_strict,2026-08-12 11:55:48,,,,,,
7315,2945,60,34,58,62,73,73,73,ea_official,override_espn_v11_strict,2026-08-12 11:55:48,,,,,,
7316,2947,64,59,65,71,74,85,72,ea_official,override_espn_v11_strict,2026-08-12 11:55:48,,,,,,
7317,2948,73,66,73,73,71,73,75,ea_official,override_espn_v11_strict,2026-08-12 11:55:48,,,,,,
7318,2949,79,67,66,67,46,74,69,ea_official,override_espn_v11_strict,2026-08-12 11:55:48,,,,,,
7319,2950,81,69,64,74,42,64,71,ea_official,override_espn_v11_strict,2026-08-12 11:55:48,,,,,,
7320,2951,92,74,62,79,27,72,73,ea_official,override_espn_v11_strict,2026-08-12 11:55:48,,,,,,
7321,2953,90,69,56,73,22,66,72,ea_official,override_espn_v11_strict,2026-08-12 11:55:48,,,,,,
7322,2954,78,38,59,63,62,59,67,ea_official,override_espn_v11_strict,2026-08-12 11:55:48,,,,,,
7323,2958,56,73,49,66,30,75,73,ea_official,override_espn_v11_strict,2026-08-12 11:55:48,,,,,,
7324,2959,71,68,53,64,24,68,70,ea_official,override_espn_v11_strict,2026-08-12 11:55:48,,,,,,
7325,2960,82,39,61,63,73,81,75,ea_official,override_espn_v11_strict,2026-08-12 11:55:48,,,,,,
7326,2961,85,54,63,69,61,72,70,ea_official,override_espn_v11_strict,2026-08-12 11:55:48,,,,,,
7327,2985,82,58,64,70,65,68,72,ea_official,override_espn_v11_strict,2026-08-12 11:55:48,,,,,,
7328,3002,81,81,68,82,49,78,81,ea_official,override_espn_v11_strict,2026-08-12 11:55:48,,,,,,
7329,3003,56,37,62,65,83,82,82,ea_official,override_espn_v11_strict,2026-08-12 11:55:48,,,,,,
7330,3005,77,62,78,79,77,64,80,ea_official,override_espn_v11_strict,2026-08-12 11:55:48,,,,,,
7331,3006,66,65,83,77,80,71,80,ea_official,override_espn_v11_strict,2026-08-12 11:55:48,,,,,,
7332,3007,79,74,82,80,81,83,86,ea_official,override_espn_v11_strict,2026-08-12 11:55:48,,,,,,
7333,3011,91,79,78,83,50,71,83,ea_official,override_espn_v11_strict,2026-08-12 11:55:48,,,,,,
7334,3012,83,80,75,81,43,68,80,ea_official,override_espn_v11_strict,2026-08-12 11:55:48,,,,,,
7335,3019,67,78,65,79,41,74,79,ea_official,override_espn_v11_strict,2026-08-12 11:55:48,,,,,,
7336,3020,77,75,73,80,68,72,78,ea_official,override_espn_v11_strict,2026-08-12 11:55:48,,,,,,
7337,3022,92,72,76,82,39,70,81,ea_official,override_espn_v11_strict,2026-08-12 11:55:48,,,,,,
7338,3025,60,59,72,76,80,73,80,ea_official,override_espn_v11_strict,2026-08-12 11:55:48,,,,,,
7339,3028,79,76,72,74,64,74,77,ea_official,override_espn_v11_strict,2026-08-12 11:55:48,,,,,,
7340,3029,53,72,84,75,65,71,79,ea_official,override_espn_v11_strict,2026-08-12 11:55:48,,,,,,
7341,3033,92,74,70,77,45,71,76,ea_official,override_espn_v11_strict,2026-08-12 11:55:48,,,,,,
7342,3037,92,61,58,73,26,63,70,ea_official,override_espn_v11_strict,2026-08-12 11:55:48,,,,,,
7343,3040,65,64,66,68,77,82,77,ea_official,override_espn_v11_strict,2026-08-12 11:55:48,,,,,,
7344,3044,68,27,51,48,69,75,71,ea_official,override_espn_v11_strict,2026-08-12 11:55:48,,,,,,
7345,3045,66,44,63,66,83,81,82,ea_official,override_espn_v11_strict,2026-08-12 11:55:48,,,,,,
7346,3046,69,65,70,72,79,81,79,ea_official,override_espn_v11_strict,2026-08-12 11:55:48,,,,,,
7347,3047,77,73,71,78,71,77,78,ea_official,override_espn_v11_strict,2026-08-12 11:55:48,,,,,,
7348,3048,82,71,78,85,41,64,82,ea_official,override_espn_v11_strict,2026-08-12 11:55:48,,,,,,
7349,3050,71,65,57,68,21,50,63,ea_official,override_espn_v11_strict,2026-08-12 11:55:48,,,,,,
7350,3053,60,75,85,85,56,67,82,ea_official,override_espn_v11_strict,2026-08-12 11:55:48,,,,,,
7351,3060,64,73,74,75,80,74,80,ea_official,override_espn_v11_strict,2026-08-12 11:55:48,,,,,,
7352,3062,85,35,53,67,64,64,70,ea_official,override_espn_v11_strict,2026-08-12 11:55:48,,,,,,
7353,3074,66,32,55,62,72,69,72,ea_official,override_espn_v11_strict,2026-08-12 11:55:48,,,,,,
7354,3085,67,42,57,60,66,80,69,ea_official,override_espn_v11_strict,2026-08-12 11:55:48,,,,,,
7355,3086,80,60,65,65,65,74,71,ea_official,override_espn_v11_strict,2026-08-12 11:55:48,,,,,,
7356,3097,70,61,48,58,30,70,63,ea_official,override_espn_v11_strict,2026-08-12 11:55:48,,,,,,
7357,3107,78,57,67,67,66,68,71,ea_official,override_espn_v11_strict,2026-08-12 11:55:48,,,,,,
7358,3144,76,39,55,60,73,82,75,ea_official,override_espn_v11_strict,2026-08-12 11:55:48,,,,,,
7359,3146,76,38,54,62,75,75,74,ea_official,override_espn_v11_strict,2026-08-12 11:55:48,,,,,,
7360,3147,53,58,75,71,72,79,76,ea_official,override_espn_v11_strict,2026-08-12 11:55:48,,,,,,
7361,3155,73,72,55,68,29,81,74,ea_official,override_espn_v11_strict,2026-08-12 11:55:48,,,,,,
7362,3161,78,74,67,71,63,74,73,ea_official,override_espn_v11_strict,2026-08-12 11:55:48,,,,,,
7363,3165,70,59,65,68,65,76,70,ea_official,override_espn_v11_strict,2026-08-12 11:55:48,,,,,,
7364,3166,79,72,76,80,46,73,77,ea_official,override_espn_v11_strict,2026-08-12 11:55:48,,,,,,
7365,3167,73,44,59,59,66,65,66,ea_official,override_espn_v11_strict,2026-08-12 11:55:48,,,,,,
7366,3170,73,51,64,70,69,64,72,ea_official,override_espn_v11_strict,2026-08-12 11:55:48,,,,,,
7367,3171,62,62,69,72,68,80,72,ea_official,override_espn_v11_strict,2026-08-12 11:55:48,,,,,,
7368,3172,64,64,69,68,75,78,75,ea_official,override_espn_v11_strict,2026-08-12 11:55:48,,,,,,
7369,3173,85,64,65,74,32,58,72,ea_official,override_espn_v11_strict,2026-08-12 11:55:48,,,,,,
7370,3174,76,72,71,78,59,73,76,ea_official,override_espn_v11_strict,2026-08-12 11:55:48,,,,,,
7371,3178,81,70,65,73,35,70,72,ea_official,override_espn_v11_strict,2026-08-12 11:55:48,,,,,,
7372,3183,69,70,68,73,62,73,72,ea_official,override_espn_v11_strict,2026-08-12 11:55:48,,,,,,
7373,3187,68,53,65,65,73,76,73,ea_official,override_espn_v11_strict,2026-08-12 11:55:48,,,,,,
7374,3188,68,66,68,67,37,66,67,ea_official,override_espn_v11_strict,2026-08-12 11:55:48,,,,,,
7375,3190,69,45,67,65,84,79,82,ea_official,override_espn_v11_strict,2026-08-12 11:55:48,,,,,,
7376,3193,76,82,77,80,80,85,85,ea_official,override_espn_v11_strict,2026-08-12 11:55:48,,,,,,
7377,3194,71,69,80,82,76,71,83,ea_official,override_espn_v11_strict,2026-08-12 11:55:48,,,,,,
7378,3195,85,65,73,77,76,67,78,ea_official,override_espn_v11_strict,2026-08-12 11:55:48,,,,,,
7379,3197,85,76,58,72,33,79,76,ea_official,override_espn_v11_strict,2026-08-12 11:55:48,,,,,,
7380,3198,72,71,73,80,65,68,77,ea_official,override_espn_v11_strict,2026-08-12 11:55:48,,,,,,
7381,3201,49,55,61,62,80,76,78,ea_official,override_espn_v11_strict,2026-08-12 11:55:48,,,,,,
7382,3202,70,51,69,72,77,73,78,ea_official,override_espn_v11_strict,2026-08-12 11:55:48,,,,,,
7383,3204,68,66,61,69,48,64,67,ea_official,override_espn_v11_strict,2026-08-12 11:55:48,,,,,,
7384,3206,63,78,59,67,34,82,76,ea_official,override_espn_v11_strict,2026-08-12 11:55:48,,,,,,
7385,3207,80,77,73,84,50,68,80,ea_official,override_espn_v11_strict,2026-08-12 11:55:48,,,,,,
7386,3209,79,82,75,75,41,84,84,ea_official,override_espn_v11_strict,2026-08-12 11:55:48,,,,,,
7387,3236,71,54,60,66,59,65,63,ea_official,override_espn_v11_strict,2026-08-12 11:55:48,,,,,,
7388,3237,57,22,55,55,68,78,69,ea_official,override_espn_v11_strict,2026-08-12 11:55:48,,,,,,
7389,3240,64,60,58,68,33,48,62,ea_official,override_espn_v11_strict,2026-08-12 11:55:48,,,,,,
7390,3241,81,67,56,72,30,62,66,ea_official,override_espn_v11_strict,2026-08-12 11:55:48,,,,,,
7391,3244,48,70,45,59,26,68,65,ea_official,override_espn_v11_strict,2026-08-12 11:55:48,,,,,,
7392,3270,78,75,75,77,40,74,76,ea_official,override_espn_v11_strict,2026-08-12 11:55:48,,,,,,
7393,3271,72,43,68,73,81,75,80,ea_official,override_espn_v11_strict,2026-08-12 11:55:48,,,,,,
7394,3273,86,61,80,79,74,78,82,ea_official,override_espn_v11_strict,2026-08-12 11:55:48,,,,,,
7395,3274,81,72,73,81,71,75,78,ea_official,override_espn_v11_strict,2026-08-12 11:55:48,,,,,,
7396,3275,72,62,74,74,74,76,77,ea_official,override_espn_v11_strict,2026-08-12 11:55:48,,,,,,
7397,3276,74,72,72,79,47,63,77,ea_official,override_espn_v11_strict,2026-08-12 11:55:48,,,,,,
7398,3279,89,72,68,81,41,63,76,ea_official,override_espn_v11_strict,2026-08-12 11:55:48,,,,,,
7399,3280,71,61,62,64,25,49,66,ea_official,override_espn_v11_strict,2026-08-12 11:55:48,,,,,,
7400,3284,74,71,69,79,30,63,74,ea_official,override_espn_v11_strict,2026-08-12 11:55:48,,,,,,
7401,3286,69,70,74,78,75,78,80,ea_official,override_espn_v11_strict,2026-08-12 11:55:48,,,,,,
7402,3287,75,76,66,71,28,76,74,ea_official,override_espn_v11_strict,2026-08-12 11:55:48,,,,,,
7403,3288,73,54,76,78,78,74,80,ea_official,override_espn_v11_strict,2026-08-12 11:55:48,,,,,,
7404,3289,85,72,70,81,33,63,78,ea_official,override_espn_v11_strict,2026-08-12 11:55:48,,,,,,
7405,3295,62,54,62,64,68,72,70,ea_official,override_espn_v11_strict,2026-08-12 11:55:48,,,,,,
7406,3306,67,65,70,72,63,64,69,ea_official,override_espn_v11_strict,2026-08-12 11:55:48,,,,,,
7407,3310,66,63,54,67,36,66,65,ea_official,override_espn_v11_strict,2026-08-12 11:55:48,,,,,,
7408,3326,75,48,59,63,68,81,71,ea_official,override_espn_v11_strict,2026-08-12 11:55:48,,,,,,
7409,3408,67,28,49,60,68,69,68,ea_official,override_espn_v11_strict,2026-08-12 11:55:48,,,,,,
7410,3409,57,36,56,61,69,74,70,ea_official,override_espn_v11_strict,2026-08-12 11:55:48,,,,,,
7411,3410,89,65,64,69,62,74,70,ea_official,override_espn_v11_strict,2026-08-12 11:55:48,,,,,,
7412,3420,74,72,74,75,71,72,77,ea_official,override_espn_v11_strict,2026-08-12 11:55:48,,,,,,
7413,3422,64,73,75,76,44,60,74,ea_official,override_espn_v11_strict,2026-08-12 11:55:48,,,,,,
7414,3425,72,64,73,73,63,72,73,ea_official,override_espn_v11_strict,2026-08-12 11:55:48,,,,,,
7415,3448,69,51,60,63,84,78,83,ea_official,override_espn_v11_strict,2026-08-12 11:55:48,,,,,,
7416,3458,80,78,80,83,59,55,81,ea_official,override_espn_v11_strict,2026-08-12 11:55:48,,,,,,
7417,3471,49,46,60,59,72,78,72,ea_official,override_espn_v11_strict,2026-08-12 11:55:48,,,,,,
7418,3472,79,63,66,70,67,70,73,ea_official,override_espn_v11_strict,2026-08-12 11:55:48,,,,,,
7419,3473,50,38,51,55,73,72,71,ea_official,override_espn_v11_strict,2026-08-12 11:55:48,,,,,,
7420,3475,57,65,71,76,72,76,74,ea_official,override_espn_v11_strict,2026-08-12 11:55:48,,,,,,
7421,3477,70,76,56,71,27,69,75,ea_official,override_espn_v11_strict,2026-08-12 11:55:48,,,,,,
7422,3478,91,77,74,83,36,57,80,ea_official,override_espn_v11_strict,2026-08-12 11:55:48,,,,,,
7423,3486,79,72,64,67,41,75,72,ea_official,override_espn_v11_strict,2026-08-12 11:55:48,,,,,,
7424,3493,78,77,85,81,52,78,79,ea_official,override_espn_v11_strict,2026-08-12 11:55:48,,,,,,
7425,3496,72,49,71,74,77,69,78,ea_official,override_espn_v11_strict,2026-08-12 11:55:48,,,,,,
7426,3497,88,63,71,75,78,75,80,ea_official,override_espn_v11_strict,2026-08-12 11:55:48,,,,,,
7427,3498,75,77,82,84,60,72,82,ea_official,override_espn_v11_strict,2026-08-12 11:55:48,,,,,,
7428,3499,71,68,79,81,77,78,80,ea_official,override_espn_v11_strict,2026-08-12 11:55:48,,,,,,
7429,3500,58,65,72,71,77,79,77,ea_official,override_espn_v11_strict,2026-08-12 11:55:48,,,,,,
7430,3502,82,75,75,81,50,63,78,ea_official,override_espn_v11_strict,2026-08-12 11:55:48,,,,,,
7431,3504,89,72,70,81,62,68,79,ea_official,override_espn_v11_strict,2026-08-12 11:55:48,,,,,,
7432,3507,69,65,72,76,76,77,79,ea_official,override_espn_v11_strict,2026-08-12 11:55:48,,,,,,
7433,3508,73,71,70,74,48,70,72,ea_official,override_espn_v11_strict,2026-08-12 11:55:48,,,,,,
7434,3515,77,34,63,69,86,85,86,ea_official,override_espn_v11_strict,2026-08-12 11:55:48,,,,,,
7435,3516,87,59,75,78,77,80,82,ea_official,override_espn_v11_strict,2026-08-12 11:55:48,,,,,,
7436,3517,79,82,84,82,67,76,83,ea_official,override_espn_v11_strict,2026-08-12 11:55:48,,,,,,
7437,3518,74,74,76,82,72,76,80,ea_official,override_espn_v11_strict,2026-08-12 11:55:48,,,,,,
7438,3520,76,76,81,85,81,81,85,ea_official,override_espn_v11_strict,2026-08-12 11:55:48,,,,,,
7439,3522,83,82,80,83,47,74,84,ea_official,override_espn_v11_strict,2026-08-12 11:55:48,,,,,,
7440,3523,89,88,86,90,45,76,91,ea_official,override_espn_v11_strict,2026-08-12 11:55:48,,,,,,
7441,3524,84,81,72,84,48,84,84,ea_official,override_espn_v11_strict,2026-08-12 11:55:48,,,,,,
7442,3525,87,80,75,83,44,68,81,ea_official,override_espn_v11_strict,2026-08-12 11:55:48,,,,,,
7443,3527,74,29,70,71,79,73,79,ea_official,override_espn_v11_strict,2026-08-12 11:55:48,,,,,,
7444,3548,58,56,59,62,57,70,64,ea_official,override_espn_v11_strict,2026-08-12 11:55:48,,,,,,
7445,3595,73,70,70,74,38,73,72,ea_official,override_espn_v11_strict,2026-08-12 11:55:48,,,,,,
7446,3596,73,65,65,69,69,72,70,ea_official,override_espn_v11_strict,2026-08-12 11:55:48,,,,,,
7447,3597,45,35,51,54,72,83,73,ea_official,override_espn_v11_strict,2026-08-12 11:55:48,,,,,,
7448,3598,66,50,63,63,70,77,70,ea_official,override_espn_v11_strict,2026-08-12 11:55:48,,,,,,
7449,3600,84,64,69,77,63,66,73,ea_official,override_espn_v11_strict,2026-08-12 11:55:48,,,,,,
7450,3601,67,64,69,71,75,67,74,ea_official,override_espn_v11_strict,2026-08-12 11:55:48,,,,,,
7451,3603,70,70,54,66,36,80,70,ea_official,override_espn_v11_strict,2026-08-12 11:55:48,,,,,,
7452,3605,76,67,68,72,36,69,72,ea_official,override_espn_v11_strict,2026-08-12 11:55:48,,,,,,
7453,3610,67,62,68,71,56,65,68,ea_official,override_espn_v11_strict,2026-08-12 11:55:48,,,,,,
7454,3614,78,65,67,71,36,66,70,ea_official,override_espn_v11_strict,2026-08-12 11:55:48,,,,,,
7455,3616,83,81,75,84,27,76,81,ea_official,override_espn_v11_strict,2026-08-12 11:55:48,,,,,,
7456,3619,78,52,70,70,70,67,75,ea_official,override_espn_v11_strict,2026-08-12 11:55:48,,,,,,
7457,3625,88,66,69,77,34,49,75,ea_official,override_espn_v11_strict,2026-08-12 11:55:48,,,,,,
7458,3629,70,27,54,58,62,78,65,ea_official,override_espn_v11_strict,2026-08-12 11:55:48,,,,,,
7459,3631,62,65,61,59,26,60,61,ea_official,override_espn_v11_strict,2026-08-12 11:55:48,,,,,,
7460,3633,60,49,59,66,62,71,64,ea_official,override_espn_v11_strict,2026-08-12 11:55:48,,,,,,
7461,3654,60,74,56,67,32,77,73,ea_official,override_espn_v11_strict,2026-08-12 11:55:48,,,,,,
7462,3735,84,72,70,76,45,64,74,ea_official,override_espn_v11_strict,2026-08-12 11:55:48,,,,,,
7463,3737,78,44,52,46,67,84,70,ea_official,override_espn_v11_strict,2026-08-12 11:55:48,,,,,,
7464,3755,77,70,78,83,59,66,78,ea_official,override_espn_v11_strict,2026-08-12 11:55:48,,,,,,
7465,3759,91,73,70,81,46,71,78,ea_official,override_espn_v11_strict,2026-08-12 11:55:48,,,,,,
7466,3767,74,81,64,77,35,82,82,ea_official,override_espn_v11_strict,2026-08-12 11:55:48,,,,,,
7467,3769,77,65,55,71,24,54,65,ea_official,override_espn_v11_strict,2026-08-12 11:55:48,,,,,,
7468,3770,68,49,57,61,47,51,59,ea_official,override_espn_v11_strict,2026-08-12 11:55:48,,,,,,
7469,3774,57,57,48,56,20,50,56,ea_official,override_espn_v11_strict,2026-08-12 11:55:48,,,,,,
7470,3775,79,71,71,80,31,74,75,ea_official,override_espn_v11_strict,2026-08-12 11:55:48,,,,,,
7471,3776,33,42,58,53,78,78,76,ea_official,override_espn_v11_strict,2026-08-12 11:55:48,,,,,,
7472,3778,67,66,66,68,32,71,68,ea_official,override_espn_v11_strict,2026-08-12 11:55:48,,,,,,
7473,3783,66,70,74,72,69,71,74,ea_official,override_espn_v11_strict,2026-08-12 11:55:48,,,,,,
7474,3785,71,67,76,76,71,65,76,ea_official,override_espn_v11_strict,2026-08-12 11:55:48,,,,,,
7475,3786,89,49,68,71,64,66,72,ea_official,override_espn_v11_strict,2026-08-12 11:55:48,,,,,,
7476,3787,82,80,64,77,43,72,77,ea_official,override_espn_v11_strict,2026-08-12 11:55:48,,,,,,
7477,3839,67,42,55,61,60,60,62,ea_official,override_espn_v11_strict,2026-08-12 11:55:48,,,,,,
7478,3882,78,78,71,84,28,58,78,ea_official,override_espn_v11_strict,2026-08-12 11:55:48,,,,,,
7479,3888,86,84,73,88,32,67,84,ea_official,override_espn_v11_strict,2026-08-12 11:55:48,,,,,,
7480,3897,66,63,65,68,25,58,65,ea_official,override_espn_v11_strict,2026-08-12 11:55:48,,,,,,
7481,3898,43,29,43,45,64,76,66,ea_official,override_espn_v11_strict,2026-08-12 11:55:48,,,,,,
7482,3899,69,51,55,57,68,74,68,ea_official,override_espn_v11_strict,2026-08-12 11:55:48,,,,,,
7483,3900,59,35,53,49,72,77,71,ea_official,override_espn_v11_strict,2026-08-12 11:55:48,,,,,,
7484,3901,68,70,73,73,66,64,71,ea_official,override_espn_v11_strict,2026-08-12 11:55:48,,,,,,
7485,3902,77,56,66,75,71,76,73,ea_official,override_espn_v11_strict,2026-08-12 11:55:48,,,,,,
7486,3904,67,27,31,47,49,56,52,ea_official,override_espn_v11_strict,2026-08-12 11:55:48,,,,,,
7487,3905,84,70,65,68,32,70,71,ea_official,override_espn_v11_strict,2026-08-12 11:55:48,,,,,,
7488,3906,73,68,69,71,68,80,73,ea_official,override_espn_v11_strict,2026-08-12 11:55:48,,,,,,
7489,3909,61,62,62,65,22,56,62,ea_official,override_espn_v11_strict,2026-08-12 11:55:48,,,,,,
7490,3910,85,72,69,77,51,64,74,ea_official,override_espn_v11_strict,2026-08-12 11:55:48,,,,,,
7491,3912,84,67,62,75,38,49,72,ea_official,override_espn_v11_strict,2026-08-12 11:55:48,,,,,,
7492,3914,83,45,64,70,66,81,72,ea_official,override_espn_v11_strict,2026-08-12 11:55:48,,,,,,
7493,3915,74,70,73,74,71,66,75,ea_official,override_espn_v11_strict,2026-08-12 11:55:48,,,,,,
7494,3917,74,57,64,72,58,58,68,ea_official,override_espn_v11_strict,2026-08-12 11:55:48,,,,,,
7495,3918,55,67,49,62,30,71,67,ea_official,override_espn_v11_strict,2026-08-12 11:55:48,,,,,,
7496,3919,78,73,71,75,46,57,73,ea_official,override_espn_v11_strict,2026-08-12 11:55:48,,,,,,
7497,3945,65,79,82,82,62,72,81,ea_official,override_espn_v11_strict,2026-08-12 11:55:48,,,,,,
7498,3958,83,52,59,66,65,67,69,ea_official,override_espn_v11_strict,2026-08-12 11:55:48,,,,,,
7499,4020,78,42,60,67,70,75,71,ea_official,override_espn_v11_strict,2026-08-12 11:55:48,,,,,,
7500,4029,67,40,70,71,80,82,80,ea_official,override_espn_v11_strict,2026-08-12 11:55:48,,,,,,
7501,4031,78,64,68,73,71,69,72,ea_official,override_espn_v11_strict,2026-08-12 11:55:48,,,,,,
7502,4046,76,76,78,79,38,75,77,ea_official,override_espn_v11_strict,2026-08-12 11:55:48,,,,,,
7503,4053,80,64,75,76,77,78,79,ea_official,override_espn_v11_strict,2026-08-12 11:55:48,,,,,,
7504,4057,78,72,70,74,55,67,74,ea_official,override_espn_v11_strict,2026-08-12 11:55:48,,,,,,
7505,4060,76,63,73,76,68,82,74,ea_official,override_espn_v11_strict,2026-08-12 11:55:48,,,,,,
7506,4065,53,33,53,63,72,76,72,ea_official,override_espn_v11_strict,2026-08-12 11:55:48,,,,,,
7507,4066,83,78,78,84,52,80,82,ea_official,override_espn_v11_strict,2026-08-12 11:55:48,,,,,,
7508,4067,66,48,62,65,83,81,82,ea_official,override_espn_v11_strict,2026-08-12 11:55:48,,,,,,
7509,4069,73,32,57,62,78,83,79,ea_official,override_espn_v11_strict,2026-08-12 11:55:48,,,,,,
7510,4071,75,76,80,78,79,84,81,ea_official,override_espn_v11_strict,2026-08-12 11:55:48,,,,,,
7511,4072,88,44,71,79,74,72,78,ea_official,override_espn_v11_strict,2026-08-12 11:55:48,,,,,,
7512,4074,71,80,66,77,42,83,80,ea_official,override_espn_v11_strict,2026-08-12 11:55:48,,,,,,
7513,4075,77,77,80,87,61,70,84,ea_official,override_espn_v11_strict,2026-08-12 11:55:48,,,,,,
7514,4082,88,64,73,78,76,79,80,ea_official,override_espn_v11_strict,2026-08-12 11:55:48,,,,,,
7515,4087,67,40,65,67,73,79,74,ea_official,override_espn_v11_strict,2026-08-12 11:55:48,,,,,,
7516,4089,78,70,77,79,75,70,79,ea_official,override_espn_v11_strict,2026-08-12 11:55:48,,,,,,
7517,4090,80,53,68,70,81,76,80,ea_official,override_espn_v11_strict,2026-08-12 11:55:48,,,,,,
7518,4091,77,71,77,77,80,80,78,ea_official,override_espn_v11_strict,2026-08-12 11:55:48,,,,,,
7519,4092,78,76,77,80,81,81,81,ea_official,override_espn_v11_strict,2026-08-12 11:55:48,,,,,,
7520,4093,63,69,80,76,81,78,84,ea_official,override_espn_v11_strict,2026-08-12 11:55:48,,,,,,
7521,4094,81,82,71,80,34,78,82,ea_official,override_espn_v11_strict,2026-08-12 11:55:48,,,,,,
7522,4097,70,79,83,78,75,75,81,ea_official,override_espn_v11_strict,2026-08-12 11:55:48,,,,,,
7523,4098,78,78,71,78,57,79,78,ea_official,override_espn_v11_strict,2026-08-12 11:55:48,,,,,,
7524,4099,73,60,75,76,66,68,74,ea_official,override_espn_v11_strict,2026-08-12 11:55:48,,,,,,
7525,4100,72,38,69,65,74,69,74,ea_official,override_espn_v11_strict,2026-08-12 11:55:48,,,,,,
7526,4101,84,71,76,85,25,62,79,ea_official,override_espn_v11_strict,2026-08-12 11:55:48,,,,,,
7527,4103,95,81,69,81,31,80,83,ea_official,override_espn_v11_strict,2026-08-12 11:55:48,,,,,,
7528,4105,64,43,59,63,66,53,66,ea_official,override_espn_v11_strict,2026-08-12 11:55:48,,,,,,
7529,4108,70,70,62,70,42,69,69,ea_official,override_espn_v11_strict,2026-08-12 11:55:48,,,,,,
7530,4133,79,76,76,81,56,75,78,ea_official,override_espn_v11_strict,2026-08-12 11:55:48,,,,,,
7531,4134,37,52,66,64,78,78,77,ea_official,override_espn_v11_strict,2026-08-12 11:55:48,,,,,,
7532,4137,63,49,68,70,80,77,78,ea_official,override_espn_v11_strict,2026-08-12 11:55:48,,,,,,
7533,4138,77,75,75,80,60,74,77,ea_official,override_espn_v11_strict,2026-08-12 11:55:48,,,,,,
7534,4139,69,67,71,75,72,75,73,ea_official,override_espn_v11_strict,2026-08-12 11:55:48,,,,,,
7535,4140,69,70,73,77,69,62,75,ea_official,override_espn_v11_strict,2026-08-12 11:55:48,,,,,,
7536,4142,87,73,76,86,57,64,82,ea_official,override_espn_v11_strict,2026-08-12 11:55:48,,,,,,
7537,4144,60,78,74,77,45,77,78,ea_official,override_espn_v11_strict,2026-08-12 11:55:48,,,,,,
7538,4145,52,40,56,60,75,72,74,ea_official,override_espn_v11_strict,2026-08-12 11:55:48,,,,,,
7539,4146,46,69,75,72,73,63,73,ea_official,override_espn_v11_strict,2026-08-12 11:55:48,,,,,,
7540,4147,74,72,78,72,39,73,73,ea_official,override_espn_v11_strict,2026-08-12 11:55:48,,,,,,
7541,4148,79,65,62,69,29,57,68,ea_official,override_espn_v11_strict,2026-08-12 11:55:48,,,,,,
7542,4149,66,65,73,73,74,72,75,ea_official,override_espn_v11_strict,2026-08-12 11:55:48,,,,,,
7543,4151,65,50,77,77,79,76,79,ea_official,override_espn_v11_strict,2026-08-12 11:55:48,,,,,,
7544,4193,83,83,74,84,43,87,85,ea_official,override_espn_v11_strict,2026-08-12 11:55:48,,,,,,
7545,4216,76,69,69,73,69,77,73,ea_official,override_espn_v11_strict,2026-08-12 11:55:48,,,,,,
7546,4224,77,72,73,80,38,56,75,ea_official,override_espn_v11_strict,2026-08-12 11:55:48,,,,,,
7547,4229,65,70,67,73,56,80,74,ea_official,override_espn_v11_strict,2026-08-12 11:55:48,,,,,,
7548,4252,71,39,51,60,61,52,63,ea_official,override_espn_v11_strict,2026-08-12 11:55:48,,,,,,
7549,4254,88,42,61,73,74,80,76,ea_official,override_espn_v11_strict,2026-08-12 11:55:48,,,,,,
7550,4257,76,54,65,73,71,75,74,ea_official,override_espn_v11_strict,2026-08-12 11:55:48,,,,,,
7551,4261,81,81,63,75,32,80,79,ea_official,override_espn_v11_strict,2026-08-12 11:55:48,,,,,,
7552,4263,87,72,64,76,38,54,71,ea_official,override_espn_v11_strict,2026-08-12 11:55:48,,,,,,
7553,4265,65,58,69,72,78,79,78,ea_official,override_espn_v11_strict,2026-08-12 11:55:48,,,,,,
7554,4302,71,76,65,71,30,61,76,ea_official,override_espn_v11_strict,2026-08-12 11:55:48,,,,,,
7555,4306,68,79,66,76,39,71,78,ea_official,override_espn_v11_strict,2026-08-12 11:55:48,,,,,,
7556,4316,83,61,67,71,67,80,74,ea_official,override_espn_v11_strict,2026-08-12 11:55:48,,,,,,
7557,4346,69,68,75,76,68,69,74,ea_official,override_espn_v11_strict,2026-08-12 11:55:48,,,,,,
7558,4353,83,82,67,81,44,76,82,ea_official,override_espn_v11_strict,2026-08-12 11:55:48,,,,,,
7559,2,67,28,59,64,81,78,79,ea_official,override_espn_v11_smart4,2026-08-12 11:57:28,,,,,,
7560,3,55,58,71,66,85,75,82,ea_official,override_espn_v11_smart4,2026-08-12 11:57:28,,,,,,
7561,10,70,76,82,81,43,66,80,ea_official,override_espn_v11_smart4,2026-08-12 11:57:28,,,,,,
7562,24,83,82,82,85,56,85,85,ea_official,override_espn_v11_smart4,2026-08-12 11:57:28,,,,,,
7563,26,75,53,71,75,84,78,82,ea_official,override_espn_v11_smart4,2026-08-12 11:57:28,,,,,,
7564,27,69,68,79,76,77,74,80,ea_official,override_espn_v11_smart4,2026-08-12 11:57:28,,,,,,
7565,28,75,66,71,75,75,76,79,ea_official,override_espn_v11_smart4,2026-08-12 11:57:28,,,,,,
7566,29,77,77,79,84,67,79,82,ea_official,override_espn_v11_smart4,2026-08-12 11:57:28,,,,,,
7567,30,54,79,85,80,75,72,85,ea_official,override_espn_v11_smart4,2026-08-12 11:57:28,,,,,,
7568,32,77,83,73,80,50,80,84,ea_official,override_espn_v11_smart4,2026-08-12 11:57:28,,,,,,
7569,33,66,74,78,81,66,66,77,ea_official,override_espn_v11_smart4,2026-08-12 11:57:28,,,,,,
7570,34,69,77,78,80,77,83,81,ea_official,override_espn_v11_smart4,2026-08-12 11:57:28,,,,,,
7571,35,77,64,69,73,68,66,73,ea_official,override_espn_v11_smart4,2026-08-12 11:57:28,,,,,,
7572,36,79,73,77,87,35,58,80,ea_official,override_espn_v11_smart4,2026-08-12 11:57:28,,,,,,
7573,37,76,76,65,74,36,74,77,ea_official,override_espn_v11_smart4,2026-08-12 11:57:28,,,,,,
7574,38,78,75,72,78,46,79,78,ea_official,override_espn_v11_smart4,2026-08-12 11:57:28,,,,,,
7575,39,74,62,72,73,78,81,79,ea_official,override_espn_v11_smart4,2026-08-12 11:57:28,,,,,,
7576,40,87,65,75,81,73,63,79,ea_official,override_espn_v11_smart4,2026-08-12 11:57:28,,,,,,
7577,41,58,44,67,64,78,76,78,ea_official,override_espn_v11_smart4,2026-08-12 11:57:28,,,,,,
7578,42,67,48,65,67,69,69,71,ea_official,override_espn_v11_smart4,2026-08-12 11:57:28,,,,,,
7579,45,72,70,77,81,53,50,78,ea_official,override_espn_v11_smart4,2026-08-12 11:57:28,,,,,,
7580,46,87,74,73,84,38,61,79,ea_official,override_espn_v11_smart4,2026-08-12 11:57:28,,,,,,
7581,48,80,34,62,62,86,86,86,ea_official,override_espn_v11_smart4,2026-08-12 11:57:28,,,,,,
7582,51,92,79,82,83,82,79,89,ea_official,override_espn_v11_smart4,2026-08-12 11:57:28,,,,,,
7583,53,61,77,80,81,75,72,85,ea_official,override_espn_v11_smart4,2026-08-12 11:57:28,,,,,,
7584,54,86,72,72,80,37,58,77,ea_official,override_espn_v11_smart4,2026-08-12 11:57:28,,,,,,
7585,55,91,88,83,93,50,69,90,ea_official,override_espn_v11_smart4,2026-08-12 11:57:28,,,,,,
7586,56,86,80,83,88,58,78,87,ea_official,override_espn_v11_smart4,2026-08-12 11:57:28,,,,,,
7587,57,83,80,77,90,55,74,85,ea_official,override_espn_v11_smart4,2026-08-12 11:57:28,,,,,,
7588,58,79,68,76,79,75,79,80,ea_official,override_espn_v11_smart4,2026-08-12 11:57:28,,,,,,
7589,59,80,37,64,64,80,78,79,ea_official,override_espn_v11_smart4,2026-08-12 11:57:28,,,,,,
7590,62,73,79,64,77,48,79,80,ea_official,override_espn_v11_smart4,2026-08-12 11:57:28,,,,,,
7591,65,71,54,72,70,82,77,81,ea_official,override_espn_v11_smart4,2026-08-12 11:57:28,,,,,,
7592,67,84,79,73,86,50,80,83,ea_official,override_espn_v11_smart4,2026-08-12 11:57:28,,,,,,
7593,69,90,77,78,84,39,66,84,ea_official,override_espn_v11_smart4,2026-08-12 11:57:28,,,,,,
7594,70,86,84,87,87,62,85,87,ea_official,override_espn_v11_smart4,2026-08-12 11:57:28,,,,,,
7595,72,77,39,68,72,87,83,87,ea_official,override_espn_v11_smart4,2026-08-12 11:57:28,,,,,,
7596,73,84,41,65,72,84,82,83,ea_official,override_espn_v11_smart4,2026-08-12 11:57:28,,,,,,
7597,74,74,46,60,56,78,76,77,ea_official,override_espn_v11_smart4,2026-08-12 11:57:28,,,,,,
7598,75,84,82,85,88,60,73,88,ea_official,override_espn_v11_smart4,2026-08-12 11:57:28,,,,,,
7599,76,72,73,84,80,83,83,87,ea_official,override_espn_v11_smart4,2026-08-12 11:57:28,,,,,,
7600,77,76,60,74,77,75,78,78,ea_official,override_espn_v11_smart4,2026-08-12 11:57:28,,,,,,
7601,78,72,79,78,81,48,74,82,ea_official,override_espn_v11_smart4,2026-08-12 11:57:28,,,,,,
7602,79,80,81,80,85,30,60,83,ea_official,override_espn_v11_smart4,2026-08-12 11:57:28,,,,,,
7603,80,68,79,88,87,67,65,87,ea_official,override_espn_v11_smart4,2026-08-12 11:57:28,,,,,,
7604,82,76,48,72,77,82,80,82,ea_official,override_espn_v11_smart4,2026-08-12 11:57:28,,,,,,
7605,83,49,65,74,71,79,79,80,ea_official,override_espn_v11_smart4,2026-08-12 11:57:28,,,,,,
7606,84,63,79,80,80,81,80,83,ea_official,override_espn_v11_smart4,2026-08-12 11:57:28,,,,,,
7607,85,90,77,75,83,46,72,81,ea_official,override_espn_v11_smart4,2026-08-12 11:57:28,,,,,,
7608,86,88,75,74,83,45,69,80,ea_official,override_espn_v11_smart4,2026-08-12 11:57:28,,,,,,
7609,87,90,86,73,81,36,91,87,ea_official,override_espn_v11_smart4,2026-08-12 11:57:28,,,,,,
7610,88,74,80,81,87,50,68,83,ea_official,override_espn_v11_smart4,2026-08-12 11:57:28,,,,,,
7611,90,72,66,71,75,77,77,78,ea_official,override_espn_v11_smart4,2026-08-12 11:57:28,,,,,,
7612,91,77,78,82,81,40,77,79,ea_official,override_espn_v11_smart4,2026-08-12 11:57:28,,,,,,
7613,92,66,67,79,79,80,73,83,ea_official,override_espn_v11_smart4,2026-08-12 11:57:28,,,,,,
7614,139,82,78,77,82,55,80,81,ea_official,override_espn_v11_smart4,2026-08-12 11:57:28,,,,,,
7615,140,88,40,57,67,80,82,79,ea_official,override_espn_v11_smart4,2026-08-12 11:57:28,,,,,,
7616,141,70,32,56,57,69,73,70,ea_official,override_espn_v11_smart4,2026-08-12 11:57:28,,,,,,
7617,142,60,32,57,61,71,72,72,ea_official,override_espn_v11_smart4,2026-08-12 11:57:28,,,,,,
7618,143,71,72,77,78,64,66,77,ea_official,override_espn_v11_smart4,2026-08-12 11:57:28,,,,,,
7619,144,62,62,81,77,75,69,79,ea_official,override_espn_v11_smart4,2026-08-12 11:57:28,,,,,,
7620,145,75,41,68,73,76,70,78,ea_official,override_espn_v11_smart4,2026-08-12 11:57:28,,,,,,
7621,146,75,69,72,76,79,81,81,ea_official,override_espn_v11_smart4,2026-08-12 11:57:28,,,,,,
7622,147,75,84,70,77,41,81,82,ea_official,override_espn_v11_smart4,2026-08-12 11:57:28,,,,,,
7623,149,91,78,76,78,28,69,79,ea_official,override_espn_v11_smart4,2026-08-12 11:57:28,,,,,,
7624,150,75,79,62,70,32,83,78,ea_official,override_espn_v11_smart4,2026-08-12 11:57:28,,,,,,
7625,151,71,53,77,73,67,70,73,ea_official,override_espn_v11_smart4,2026-08-12 11:57:28,,,,,,
7626,152,66,27,58,62,78,77,77,ea_official,override_espn_v11_smart4,2026-08-12 11:57:28,,,,,,
7627,153,64,63,62,63,45,62,63,ea_official,override_espn_v11_smart4,2026-08-12 11:57:28,,,,,,
7628,154,68,71,70,74,76,79,77,ea_official,override_espn_v11_smart4,2026-08-12 11:57:28,,,,,,
7629,155,86,76,72,78,43,59,79,ea_official,override_espn_v11_smart4,2026-08-12 11:57:28,,,,,,
7630,156,51,62,76,75,73,67,77,ea_official,override_espn_v11_smart4,2026-08-12 11:57:28,,,,,,
7631,157,83,76,73,79,36,77,79,ea_official,override_espn_v11_smart4,2026-08-12 11:57:28,,,,,,
7632,158,65,67,72,71,63,68,71,ea_official,override_espn_v11_smart4,2026-08-12 11:57:28,,,,,,
7633,159,60,60,65,69,72,56,70,ea_official,override_espn_v11_smart4,2026-08-12 11:57:28,,,,,,
7634,161,79,78,72,80,37,78,79,ea_official,override_espn_v11_smart4,2026-08-12 11:57:28,,,,,,
7635,162,78,78,74,80,43,77,79,ea_official,override_espn_v11_smart4,2026-08-12 11:57:28,,,,,,
7636,164,63,57,64,65,76,87,77,ea_official,override_espn_v11_smart4,2026-08-12 11:57:28,,,,,,
7637,171,88,70,77,81,51,45,80,ea_official,override_espn_v11_smart4,2026-08-12 11:57:28,,,,,,
7638,180,78,72,68,76,28,57,74,ea_official,override_espn_v11_smart4,2026-08-12 11:57:28,,,,,,
7639,185,61,33,58,60,76,75,75,ea_official,override_espn_v11_smart4,2026-08-12 11:57:28,,,,,,
7640,187,55,62,69,71,72,75,72,ea_official,override_espn_v11_smart4,2026-08-12 11:57:28,,,,,,
7641,188,66,78,79,76,63,73,76,ea_official,override_espn_v11_smart4,2026-08-12 11:57:28,,,,,,
7642,189,78,60,66,76,74,74,76,ea_official,override_espn_v11_smart4,2026-08-12 11:57:28,,,,,,
7643,195,69,69,68,72,64,66,69,ea_official,override_espn_v11_smart4,2026-08-12 11:57:28,,,,,,
7644,196,76,74,79,78,62,71,77,ea_official,override_espn_v11_smart4,2026-08-12 11:57:28,,,,,,
7645,202,81,70,64,69,28,74,71,ea_official,override_espn_v11_smart4,2026-08-12 11:57:28,,,,,,
7646,212,67,62,65,68,60,74,68,ea_official,override_espn_v11_smart4,2026-08-12 11:57:28,,,,,,
7647,213,66,67,72,75,74,70,74,ea_official,override_espn_v11_smart4,2026-08-12 11:57:28,,,,,,
7648,220,75,57,68,67,65,71,69,ea_official,override_espn_v11_smart4,2026-08-12 11:57:28,,,,,,
7649,233,77,73,70,79,44,76,77,ea_official,override_espn_v11_smart4,2026-08-12 11:57:28,,,,,,
7650,235,57,46,71,67,75,73,75,ea_official,override_espn_v11_smart4,2026-08-12 11:57:28,,,,,,
7651,243,48,80,71,73,41,79,79,ea_official,override_espn_v11_smart4,2026-08-12 11:57:28,,,,,,
7652,250,76,70,68,73,55,73,73,ea_official,override_espn_v11_smart4,2026-08-12 11:57:28,,,,,,
7653,251,76,58,66,66,68,74,71,ea_official,override_espn_v11_smart4,2026-08-12 11:57:28,,,,,,
7654,252,63,74,72,71,75,81,76,ea_official,override_espn_v11_smart4,2026-08-12 11:57:28,,,,,,
7655,253,77,72,76,75,22,69,73,ea_official,override_espn_v11_smart4,2026-08-12 11:57:28,,,,,,
7656,259,57,48,63,62,57,61,65,ea_official,override_espn_v11_smart4,2026-08-12 11:57:28,,,,,,
7657,260,76,50,75,78,68,61,75,ea_official,override_espn_v11_smart4,2026-08-12 11:57:28,,,,,,
7658,262,73,59,58,66,35,47,63,ea_official,override_espn_v11_smart4,2026-08-12 11:57:28,,,,,,
7659,265,74,55,62,69,41,62,67,ea_official,override_espn_v11_smart4,2026-08-12 11:57:28,,,,,,
7660,269,69,27,52,56,73,75,73,ea_official,override_espn_v11_smart4,2026-08-12 11:57:28,,,,,,
7661,272,70,65,74,80,32,64,76,ea_official,override_espn_v11_smart4,2026-08-12 11:57:28,,,,,,
7662,273,81,81,90,81,31,86,84,ea_official,override_espn_v11_smart4,2026-08-12 11:57:28,,,,,,
7663,275,77,45,64,73,84,84,85,ea_official,override_espn_v11_smart4,2026-08-12 11:57:28,,,,,,
7664,277,82,69,76,75,81,76,82,ea_official,override_espn_v11_smart4,2026-08-12 11:57:28,,,,,,
7665,278,80,82,80,90,66,65,88,ea_official,override_espn_v11_smart4,2026-08-12 11:57:28,,,,,,
7666,279,77,78,80,80,80,82,82,ea_official,override_espn_v11_smart4,2026-08-12 11:57:28,,,,,,
7667,280,72,74,89,84,83,79,89,ea_official,override_espn_v11_smart4,2026-08-12 11:57:28,,,,,,
7668,281,82,77,69,79,40,77,80,ea_official,override_espn_v11_smart4,2026-08-12 11:57:28,,,,,,
7669,282,88,81,76,87,45,75,85,ea_official,override_espn_v11_smart4,2026-08-12 11:57:28,,,,,,
7670,284,79,83,78,84,43,66,82,ea_official,override_espn_v11_smart4,2026-08-12 11:57:28,,,,,,
7671,285,69,78,85,88,74,54,80,ea_official,override_espn_v11_smart4,2026-08-12 11:57:28,,,,,,
7672,287,78,80,84,87,50,66,86,ea_official,override_espn_v11_smart4,2026-08-12 11:57:28,,,,,,
7673,290,63,38,60,63,87,86,87,ea_official,override_espn_v11_smart4,2026-08-12 11:57:28,,,,,,
7674,294,70,39,63,65,78,76,77,ea_official,override_espn_v11_smart4,2026-08-12 11:57:28,,,,,,
7675,295,74,59,68,69,73,79,74,ea_official,override_espn_v11_smart4,2026-08-12 11:57:28,,,,,,
7676,297,55,71,81,77,64,61,76,ea_official,override_espn_v11_smart4,2026-08-12 11:57:28,,,,,,
7677,299,80,54,67,74,62,69,70,ea_official,override_espn_v11_smart4,2026-08-12 11:57:28,,,,,,
7678,303,84,78,79,78,53,63,80,ea_official,override_espn_v11_smart4,2026-08-12 11:57:28,,,,,,
7679,308,83,75,68,76,39,76,75,ea_official,override_espn_v11_smart4,2026-08-12 11:57:28,,,,,,
7680,334,50,31,56,56,77,77,76,ea_official,override_espn_v11_smart4,2026-08-12 11:57:28,,,,,,
7681,340,89,59,63,74,66,78,74,ea_official,override_espn_v11_smart4,2026-08-12 11:57:28,,,,,,
7682,341,75,80,57,70,31,81,79,ea_official,override_espn_v11_smart4,2026-08-12 11:57:28,,,,,,
7683,343,76,74,66,73,35,68,73,ea_official,override_espn_v11_smart4,2026-08-12 11:57:28,,,,,,
7684,344,66,63,69,69,74,75,74,ea_official,override_espn_v11_smart4,2026-08-12 11:57:28,,,,,,
7685,346,78,53,65,69,67,77,73,ea_official,override_espn_v11_smart4,2026-08-12 11:57:28,,,,,,
7686,347,54,68,72,75,77,74,78,ea_official,override_espn_v11_smart4,2026-08-12 11:57:28,,,,,,
7687,355,70,42,61,67,74,72,74,ea_official,override_espn_v11_smart4,2026-08-12 11:57:28,,,,,,
7688,357,76,57,65,72,68,67,74,ea_official,override_espn_v11_smart4,2026-08-12 11:57:28,,,,,,
7689,359,55,61,65,65,65,64,68,ea_official,override_espn_v11_smart4,2026-08-12 11:57:28,,,,,,
7690,361,79,71,61,76,23,68,73,ea_official,override_espn_v11_smart4,2026-08-12 11:57:28,,,,,,
7691,362,67,62,65,71,61,62,68,ea_official,override_espn_v11_smart4,2026-08-12 11:57:28,,,,,,
7692,365,57,47,64,72,66,64,69,ea_official,override_espn_v11_smart4,2026-08-12 11:57:28,,,,,,
7693,368,90,55,58,72,33,62,68,ea_official,override_espn_v11_smart4,2026-08-12 11:57:28,,,,,,
7694,371,68,72,77,79,62,65,76,ea_official,override_espn_v11_smart4,2026-08-12 11:57:28,,,,,,
7695,372,55,54,68,70,70,70,73,ea_official,override_espn_v11_smart4,2026-08-12 11:57:28,,,,,,
7696,391,77,76,78,77,24,77,78,ea_official,override_espn_v11_smart4,2026-08-12 11:57:28,,,,,,
7697,392,68,48,63,64,77,80,77,ea_official,override_espn_v11_smart4,2026-08-12 11:57:28,,,,,,
7698,393,76,63,71,75,75,74,76,ea_official,override_espn_v11_smart4,2026-08-12 11:57:28,,,,,,
7699,400,68,78,78,76,77,79,81,ea_official,override_espn_v11_smart4,2026-08-12 11:57:28,,,,,,
7700,402,73,74,69,71,45,75,74,ea_official,override_espn_v11_smart4,2026-08-12 11:57:28,,,,,,
7701,407,73,65,69,74,34,64,71,ea_official,override_espn_v11_smart4,2026-08-12 11:57:28,,,,,,
7702,413,74,25,44,54,64,71,65,ea_official,override_espn_v11_smart4,2026-08-12 11:57:28,,,,,,
7703,414,86,62,70,73,69,75,76,ea_official,override_espn_v11_smart4,2026-08-12 11:57:28,,,,,,
7704,415,85,69,76,78,73,69,80,ea_official,override_espn_v11_smart4,2026-08-12 11:57:28,,,,,,
7705,416,77,69,75,80,54,53,76,ea_official,override_espn_v11_smart4,2026-08-12 11:57:28,,,,,,
7706,417,55,65,76,72,73,78,77,ea_official,override_espn_v11_smart4,2026-08-12 11:57:28,,,,,,
7707,422,64,41,55,63,71,72,70,ea_official,override_espn_v11_smart4,2026-08-12 11:57:28,,,,,,
7708,423,73,67,74,77,74,76,77,ea_official,override_espn_v11_smart4,2026-08-12 11:57:28,,,,,,
7709,424,78,75,76,80,50,76,78,ea_official,override_espn_v11_smart4,2026-08-12 11:57:28,,,,,,
7710,426,85,67,60,75,41,68,71,ea_official,override_espn_v11_smart4,2026-08-12 11:57:28,,,,,,
7711,431,87,83,64,87,44,86,86,ea_official,override_espn_v11_smart4,2026-08-12 11:57:28,,,,,,
7712,432,69,47,67,66,84,84,82,ea_official,override_espn_v11_smart4,2026-08-12 11:57:28,,,,,,
7713,433,73,70,70,77,78,79,79,ea_official,override_espn_v11_smart4,2026-08-12 11:57:28,,,,,,
7714,435,82,74,73,81,80,86,82,ea_official,override_espn_v11_smart4,2026-08-12 11:57:28,,,,,,
7715,437,77,56,75,76,73,74,77,ea_official,override_espn_v11_smart4,2026-08-12 11:57:28,,,,,,
7716,438,74,63,71,76,77,82,79,ea_official,override_espn_v11_smart4,2026-08-12 11:57:28,,,,,,
7717,439,72,88,76,83,45,83,87,ea_official,override_espn_v11_smart4,2026-08-12 11:57:28,,,,,,
7718,440,74,78,83,84,44,70,83,ea_official,override_espn_v11_smart4,2026-08-12 11:57:28,,,,,,
7719,441,86,79,68,80,43,62,79,ea_official,override_espn_v11_smart4,2026-08-12 11:57:28,,,,,,
7720,443,96,76,72,82,36,69,81,ea_official,override_espn_v11_smart4,2026-08-12 11:57:28,,,,,,
7721,444,74,80,80,80,76,76,80,ea_official,override_espn_v11_smart4,2026-08-12 11:57:28,,,,,,
7722,446,70,59,68,73,75,79,75,ea_official,override_espn_v11_smart4,2026-08-12 11:57:28,,,,,,
7723,454,86,83,71,86,30,85,84,ea_official,override_espn_v11_smart4,2026-08-12 11:57:28,,,,,,
7724,457,80,32,64,67,81,78,80,ea_official,override_espn_v11_smart4,2026-08-12 11:57:28,,,,,,
7725,459,61,74,77,76,83,80,81,ea_official,override_espn_v11_smart4,2026-08-12 11:57:28,,,,,,
7726,461,76,73,77,77,76,69,79,ea_official,override_espn_v11_smart4,2026-08-12 11:57:28,,,,,,
7727,462,65,81,67,74,36,70,79,ea_official,override_espn_v11_smart4,2026-08-12 11:57:28,,,,,,
7728,463,83,64,73,78,63,59,76,ea_official,override_espn_v11_smart4,2026-08-12 11:57:28,,,,,,
7729,465,86,54,72,76,71,74,78,ea_official,override_espn_v11_smart4,2026-08-12 11:57:28,,,,,,
7730,469,75,72,74,76,44,79,76,ea_official,override_espn_v11_smart4,2026-08-12 11:57:28,,,,,,
7731,470,79,63,69,72,71,81,75,ea_official,override_espn_v11_smart4,2026-08-12 11:57:28,,,,,,
7732,471,69,37,49,58,79,82,78,ea_official,override_espn_v11_smart4,2026-08-12 11:57:28,,,,,,
7733,473,88,63,63,76,28,59,71,ea_official,override_espn_v11_smart4,2026-08-12 11:57:28,,,,,,
7734,475,55,35,57,61,80,71,77,ea_official,override_espn_v11_smart4,2026-08-12 11:57:28,,,,,,
7735,477,68,61,64,68,38,63,65,ea_official,override_espn_v11_smart4,2026-08-12 11:57:28,,,,,,
7736,492,78,70,75,81,38,61,77,ea_official,override_espn_v11_smart4,2026-08-12 11:57:28,,,,,,
7737,496,49,40,57,56,73,73,72,ea_official,override_espn_v11_smart4,2026-08-12 11:57:28,,,,,,
7738,498,71,55,73,73,71,73,74,ea_official,override_espn_v11_smart4,2026-08-12 11:57:28,,,,,,
7739,500,77,77,78,79,48,79,79,ea_official,override_espn_v11_smart4,2026-08-12 11:57:28,,,,,,
7740,501,80,32,64,71,76,75,76,ea_official,override_espn_v11_smart4,2026-08-12 11:57:28,,,,,,
7741,502,64,41,63,69,81,76,80,ea_official,override_espn_v11_smart4,2026-08-12 11:57:28,,,,,,
7742,503,66,69,78,74,70,72,74,ea_official,override_espn_v11_smart4,2026-08-12 11:57:28,,,,,,
7743,504,72,48,64,68,63,60,68,ea_official,override_espn_v11_smart4,2026-08-12 11:57:28,,,,,,
7744,505,60,63,70,72,75,72,77,ea_official,override_espn_v11_smart4,2026-08-12 11:57:28,,,,,,
7745,506,65,75,80,80,73,71,79,ea_official,override_espn_v11_smart4,2026-08-12 11:57:28,,,,,,
7746,507,75,76,72,74,72,80,75,ea_official,override_espn_v11_smart4,2026-08-12 11:57:28,,,,,,
7747,509,82,74,73,76,72,69,77,ea_official,override_espn_v11_smart4,2026-08-12 11:57:28,,,,,,
7748,510,75,65,64,67,35,61,66,ea_official,override_espn_v11_smart4,2026-08-12 11:57:28,,,,,,
7749,512,64,59,70,71,80,75,79,ea_official,override_espn_v11_smart4,2026-08-12 11:57:28,,,,,,
7750,515,59,66,75,74,75,75,78,ea_official,override_espn_v11_smart4,2026-08-12 11:57:28,,,,,,
7751,516,68,81,82,84,68,71,82,ea_official,override_espn_v11_smart4,2026-08-12 11:57:28,,,,,,
7752,518,56,54,64,68,53,45,63,ea_official,override_espn_v11_smart4,2026-08-12 11:57:28,,,,,,
7753,520,87,69,70,81,29,63,77,ea_official,override_espn_v11_smart4,2026-08-12 11:57:28,,,,,,
7754,522,78,78,78,80,41,80,79,ea_official,override_espn_v11_smart4,2026-08-12 11:57:28,,,,,,
7755,564,72,49,67,71,80,77,79,ea_official,override_espn_v11_smart4,2026-08-12 11:57:28,,,,,,
7756,566,80,37,61,68,71,79,74,ea_official,override_espn_v11_smart4,2026-08-12 11:57:28,,,,,,
7757,568,47,75,85,74,78,82,85,ea_official,override_espn_v11_smart4,2026-08-12 11:57:28,,,,,,
7758,569,72,59,70,75,78,78,78,ea_official,override_espn_v11_smart4,2026-08-12 11:57:28,,,,,,
7759,570,84,73,56,72,30,80,77,ea_official,override_espn_v11_smart4,2026-08-12 11:57:28,,,,,,
7760,571,87,70,70,80,30,52,76,ea_official,override_espn_v11_smart4,2026-08-12 11:57:28,,,,,,
7761,582,90,83,70,90,52,87,89,ea_official,override_espn_v11_smart4,2026-08-12 11:57:28,,,,,,
7762,583,72,53,72,75,84,74,83,ea_official,override_espn_v11_smart4,2026-08-12 11:57:28,,,,,,
7763,587,67,70,77,77,74,80,79,ea_official,override_espn_v11_smart4,2026-08-12 11:57:28,,,,,,
7764,588,81,81,82,89,57,57,85,ea_official,override_espn_v11_smart4,2026-08-12 11:57:28,,,,,,
7765,590,86,91,70,80,45,88,90,ea_official,override_espn_v11_smart4,2026-08-12 11:57:28,,,,,,
7766,592,75,75,80,88,21,65,81,ea_official,override_espn_v11_smart4,2026-08-12 11:57:28,,,,,,
7767,593,79,79,82,85,77,77,86,ea_official,override_espn_v11_smart4,2026-08-12 11:57:28,,,,,,
7768,601,91,71,72,87,32,68,80,ea_official,override_espn_v11_smart4,2026-08-12 11:57:28,,,,,,
7769,602,73,72,68,78,24,74,74,ea_official,override_espn_v11_smart4,2026-08-12 11:57:28,,,,,,
7770,603,62,26,50,58,73,76,72,ea_official,override_espn_v11_smart4,2026-08-12 11:57:28,,,,,,
7771,604,58,32,45,47,67,75,68,ea_official,override_espn_v11_smart4,2026-08-12 11:57:28,,,,,,
7772,605,79,43,62,68,77,85,78,ea_official,override_espn_v11_smart4,2026-08-12 11:57:28,,,,,,
7773,606,73,64,71,68,62,67,71,ea_official,override_espn_v11_smart4,2026-08-12 11:57:28,,,,,,
7774,607,64,57,72,71,71,78,75,ea_official,override_espn_v11_smart4,2026-08-12 11:57:28,,,,,,
7775,608,73,59,66,71,64,58,70,ea_official,override_espn_v11_smart4,2026-08-12 11:57:28,,,,,,
7776,609,88,57,65,69,66,74,73,ea_official,override_espn_v11_smart4,2026-08-12 11:57:28,,,,,,
7777,610,64,71,56,72,40,76,72,ea_official,override_espn_v11_smart4,2026-08-12 11:57:28,,,,,,
7778,611,72,59,66,71,62,69,69,ea_official,override_espn_v11_smart4,2026-08-12 11:57:28,,,,,,
7779,612,70,69,73,73,67,75,74,ea_official,override_espn_v11_smart4,2026-08-12 11:57:28,,,,,,
7780,614,69,61,71,74,63,60,71,ea_official,override_espn_v11_smart4,2026-08-12 11:57:28,,,,,,
7781,615,52,50,51,58,73,75,72,ea_official,override_espn_v11_smart4,2026-08-12 11:57:28,,,,,,
7782,617,60,59,70,73,80,70,79,ea_official,override_espn_v11_smart4,2026-08-12 11:57:28,,,,,,
7783,618,62,65,56,62,45,70,65,ea_official,override_espn_v11_smart4,2026-08-12 11:57:28,,,,,,
7784,621,74,75,73,75,60,77,76,ea_official,override_espn_v11_smart4,2026-08-12 11:57:28,,,,,,
7785,622,80,80,77,85,58,82,82,ea_official,override_espn_v11_smart4,2026-08-12 11:57:28,,,,,,
7786,623,74,53,69,69,81,82,81,ea_official,override_espn_v11_smart4,2026-08-12 11:57:28,,,,,,
7787,624,72,49,73,71,80,79,80,ea_official,override_espn_v11_smart4,2026-08-12 11:57:28,,,,,,
7788,625,70,50,57,64,85,82,83,ea_official,override_espn_v11_smart4,2026-08-12 11:57:28,,,,,,
7789,626,62,63,76,74,73,75,77,ea_official,override_espn_v11_smart4,2026-08-12 11:57:28,,,,,,
7790,627,52,74,78,75,78,81,80,ea_official,override_espn_v11_smart4,2026-08-12 11:57:28,,,,,,
7791,629,72,59,69,73,73,74,76,ea_official,override_espn_v11_smart4,2026-08-12 11:57:28,,,,,,
7792,630,86,78,72,82,35,67,79,ea_official,override_espn_v11_smart4,2026-08-12 11:57:28,,,,,,
7793,631,75,77,80,80,73,73,80,ea_official,override_espn_v11_smart4,2026-08-12 11:57:28,,,,,,
7794,635,58,41,47,50,74,71,72,ea_official,override_espn_v11_smart4,2026-08-12 11:57:28,,,,,,
7795,637,74,56,67,71,72,66,74,ea_official,override_espn_v11_smart4,2026-08-12 11:57:28,,,,,,
7796,638,72,68,71,75,38,70,72,ea_official,override_espn_v11_smart4,2026-08-12 11:57:28,,,,,,
7797,642,74,72,71,76,47,74,74,ea_official,override_espn_v11_smart4,2026-08-12 11:57:28,,,,,,
7798,643,67,66,68,73,69,62,72,ea_official,override_espn_v11_smart4,2026-08-12 11:57:28,,,,,,
7799,644,78,57,75,75,74,72,77,ea_official,override_espn_v11_smart4,2026-08-12 11:57:28,,,,,,
7800,665,78,74,80,80,40,77,78,ea_official,override_espn_v11_smart4,2026-08-12 11:57:28,,,,,,
7801,667,49,41,57,60,76,80,76,ea_official,override_espn_v11_smart4,2026-08-12 11:57:28,,,,,,
7802,669,77,59,66,69,63,67,69,ea_official,override_espn_v11_smart4,2026-08-12 11:57:28,,,,,,
7803,680,70,68,68,72,45,69,70,ea_official,override_espn_v11_smart4,2026-08-12 11:57:28,,,,,,
7804,681,72,66,66,69,49,61,68,ea_official,override_espn_v11_smart4,2026-08-12 11:57:28,,,,,,
7805,684,73,63,47,61,22,66,64,ea_official,override_espn_v11_smart4,2026-08-12 11:57:28,,,,,,
7806,687,69,39,69,73,83,78,82,ea_official,override_espn_v11_smart4,2026-08-12 11:57:28,,,,,,
7807,701,77,65,66,73,43,58,70,ea_official,override_espn_v11_smart4,2026-08-12 11:57:28,,,,,,
7808,705,80,79,76,81,53,80,80,ea_official,override_espn_v11_smart4,2026-08-12 11:57:28,,,,,,
7809,706,70,37,58,52,75,73,74,ea_official,override_espn_v11_smart4,2026-08-12 11:57:28,,,,,,
7810,707,39,57,71,65,78,82,78,ea_official,override_espn_v11_smart4,2026-08-12 11:57:28,,,,,,
7811,708,88,46,75,77,78,80,82,ea_official,override_espn_v11_smart4,2026-08-12 11:57:28,,,,,,
7812,709,73,47,67,69,76,76,77,ea_official,override_espn_v11_smart4,2026-08-12 11:57:28,,,,,,
7813,710,72,72,75,80,52,61,77,ea_official,override_espn_v11_smart4,2026-08-12 11:57:28,,,,,,
7814,711,55,65,74,71,75,84,79,ea_official,override_espn_v11_smart4,2026-08-12 11:57:28,,,,,,
7815,713,57,79,74,75,46,79,77,ea_official,override_espn_v11_smart4,2026-08-12 11:57:28,,,,,,
7816,715,75,78,75,76,46,56,76,ea_official,override_espn_v11_smart4,2026-08-12 11:57:28,,,,,,
7817,716,52,71,76,73,66,62,74,ea_official,override_espn_v11_smart4,2026-08-12 11:57:28,,,,,,
7818,717,68,57,70,72,74,71,76,ea_official,override_espn_v11_smart4,2026-08-12 11:57:28,,,,,,
7819,718,94,65,67,81,37,82,76,ea_official,override_espn_v11_smart4,2026-08-12 11:57:28,,,,,,
7820,720,53,60,71,68,71,63,72,ea_official,override_espn_v11_smart4,2026-08-12 11:57:28,,,,,,
7821,721,61,59,40,59,26,66,60,ea_official,override_espn_v11_smart4,2026-08-12 11:57:28,,,,,,
7822,722,73,72,75,75,41,73,74,ea_official,override_espn_v11_smart4,2026-08-12 11:57:28,,,,,,
7823,724,57,37,53,55,77,78,76,ea_official,override_espn_v11_smart4,2026-08-12 11:57:28,,,,,,
7824,725,74,72,77,77,38,74,75,ea_official,override_espn_v11_smart4,2026-08-12 11:57:28,,,,,,
7825,726,73,41,56,69,75,83,75,ea_official,override_espn_v11_smart4,2026-08-12 11:57:28,,,,,,
7826,749,49,45,58,54,76,79,75,ea_official,override_espn_v11_smart4,2026-08-12 11:57:28,,,,,,
7827,752,85,41,67,69,74,77,77,ea_official,override_espn_v11_smart4,2026-08-12 11:57:28,,,,,,
7828,763,82,72,66,75,35,58,72,ea_official,override_espn_v11_smart4,2026-08-12 11:57:28,,,,,,
7829,770,79,78,74,78,36,77,79,ea_official,override_espn_v11_smart4,2026-08-12 11:57:28,,,,,,
7830,771,66,49,61,55,72,76,72,ea_official,override_espn_v11_smart4,2026-08-12 11:57:28,,,,,,
7831,773,80,61,76,77,77,72,81,ea_official,override_espn_v11_smart4,2026-08-12 11:57:28,,,,,,
7832,775,45,58,70,69,77,75,77,ea_official,override_espn_v11_smart4,2026-08-12 11:57:28,,,,,,
7833,778,89,69,67,76,41,64,74,ea_official,override_espn_v11_smart4,2026-08-12 11:57:28,,,,,,
7834,780,82,76,62,71,30,76,77,ea_official,override_espn_v11_smart4,2026-08-12 11:57:28,,,,,,
7835,789,83,73,71,76,44,67,75,ea_official,override_espn_v11_smart4,2026-08-12 11:57:28,,,,,,
7836,796,78,56,75,79,77,73,80,ea_official,override_espn_v11_smart4,2026-08-12 11:57:28,,,,,,
7837,801,59,84,63,76,35,80,82,ea_official,override_espn_v11_smart4,2026-08-12 11:57:28,,,,,,
7838,810,74,38,52,51,79,81,78,ea_official,override_espn_v11_smart4,2026-08-12 11:57:28,,,,,,
7839,818,67,36,56,64,73,77,74,ea_official,override_espn_v11_smart4,2026-08-12 11:57:28,,,,,,
7840,819,67,65,75,75,76,79,78,ea_official,override_espn_v11_smart4,2026-08-12 11:57:28,,,,,,
7841,822,90,65,66,74,67,73,74,ea_official,override_espn_v11_smart4,2026-08-12 11:57:28,,,,,,
7842,823,81,80,73,80,40,70,77,ea_official,override_espn_v11_smart4,2026-08-12 11:57:28,,,,,,
7843,824,88,77,76,82,36,67,80,ea_official,override_espn_v11_smart4,2026-08-12 11:57:28,,,,,,
7844,827,85,71,54,66,31,67,70,ea_official,override_espn_v11_smart4,2026-08-12 11:57:28,,,,,,
7845,828,77,82,77,80,46,71,81,ea_official,override_espn_v11_smart4,2026-08-12 11:57:28,,,,,,
7846,829,39,80,87,78,74,67,82,ea_official,override_espn_v11_smart4,2026-08-12 11:57:28,,,,,,
7847,832,59,71,80,77,80,82,83,ea_official,override_espn_v11_smart4,2026-08-12 11:57:28,,,,,,
7848,858,66,39,49,50,71,72,70,ea_official,override_espn_v11_smart4,2026-08-12 11:57:28,,,,,,
7849,860,80,39,57,67,65,74,71,ea_official,override_espn_v11_smart4,2026-08-12 11:57:28,,,,,,
7850,864,71,71,59,68,22,75,72,ea_official,override_espn_v11_smart4,2026-08-12 11:57:28,,,,,,
7851,865,86,61,64,75,33,47,72,ea_official,override_espn_v11_smart4,2026-08-12 11:57:28,,,,,,
7852,866,72,59,57,69,26,59,63,ea_official,override_espn_v11_smart4,2026-08-12 11:57:28,,,,,,
7853,874,79,36,49,56,66,80,69,ea_official,override_espn_v11_smart4,2026-08-12 11:57:28,,,,,,
7854,896,81,76,84,82,48,78,81,ea_official,override_espn_v11_smart4,2026-08-12 11:57:28,,,,,,
7855,898,69,38,56,62,73,72,72,ea_official,override_espn_v11_smart4,2026-08-12 11:57:28,,,,,,
7856,899,81,33,55,58,70,72,70,ea_official,override_espn_v11_smart4,2026-08-12 11:57:28,,,,,,
7857,900,67,49,67,73,66,68,68,ea_official,override_espn_v11_smart4,2026-08-12 11:57:28,,,,,,
7858,901,66,82,74,80,33,77,80,ea_official,override_espn_v11_smart4,2026-08-12 11:57:28,,,,,,
7859,902,56,58,83,84,76,71,83,ea_official,override_espn_v11_smart4,2026-08-12 11:57:28,,,,,,
7860,903,45,36,63,68,77,74,76,ea_official,override_espn_v11_smart4,2026-08-12 11:57:28,,,,,,
7861,905,83,71,65,78,46,72,75,ea_official,override_espn_v11_smart4,2026-08-12 11:57:28,,,,,,
7862,906,76,64,76,82,38,56,76,ea_official,override_espn_v11_smart4,2026-08-12 11:57:28,,,,,,
7863,907,71,67,66,74,39,68,71,ea_official,override_espn_v11_smart4,2026-08-12 11:57:28,,,,,,
7864,908,63,58,60,63,18,59,59,ea_official,override_espn_v11_smart4,2026-08-12 11:57:28,,,,,,
7865,910,64,42,52,62,68,71,69,ea_official,override_espn_v11_smart4,2026-08-12 11:57:28,,,,,,
7866,911,68,27,51,62,72,74,72,ea_official,override_espn_v11_smart4,2026-08-12 11:57:28,,,,,,
7867,912,70,68,75,78,33,58,75,ea_official,override_espn_v11_smart4,2026-08-12 11:57:28,,,,,,
7868,914,81,62,77,77,78,74,82,ea_official,override_espn_v11_smart4,2026-08-12 11:57:28,,,,,,
7869,915,84,69,71,83,51,58,77,ea_official,override_espn_v11_smart4,2026-08-12 11:57:28,,,,,,
7870,916,76,53,64,73,73,73,76,ea_official,override_espn_v11_smart4,2026-08-12 11:57:28,,,,,,
7871,918,43,22,55,55,74,77,73,ea_official,override_espn_v11_smart4,2026-08-12 11:57:28,,,,,,
7872,920,85,37,55,63,71,67,72,ea_official,override_espn_v11_smart4,2026-08-12 11:57:28,,,,,,
7873,923,77,66,74,79,40,41,76,ea_official,override_espn_v11_smart4,2026-08-12 11:57:28,,,,,,
7874,924,68,75,74,76,71,80,77,ea_official,override_espn_v11_smart4,2026-08-12 11:57:28,,,,,,
7875,925,82,75,54,71,26,73,75,ea_official,override_espn_v11_smart4,2026-08-12 11:57:28,,,,,,
7876,928,70,65,74,73,75,78,79,ea_official,override_espn_v11_smart4,2026-08-12 11:57:28,,,,,,
7877,933,75,63,67,72,67,68,71,ea_official,override_espn_v11_smart4,2026-08-12 11:57:28,,,,,,
7878,937,67,37,66,65,78,74,77,ea_official,override_espn_v11_smart4,2026-08-12 11:57:28,,,,,,
7879,942,52,55,56,61,73,83,73,ea_official,override_espn_v11_smart4,2026-08-12 11:57:28,,,,,,
7880,944,77,61,66,68,67,72,72,ea_official,override_espn_v11_smart4,2026-08-12 11:57:28,,,,,,
7881,945,58,81,81,80,52,62,79,ea_official,override_espn_v11_smart4,2026-08-12 11:57:28,,,,,,
7882,949,90,70,68,80,35,67,76,ea_official,override_espn_v11_smart4,2026-08-12 11:57:28,,,,,,
7883,953,52,41,54,62,70,75,70,ea_official,override_espn_v11_smart4,2026-08-12 11:57:28,,,,,,
7884,963,78,30,59,64,62,64,66,ea_official,override_espn_v11_smart4,2026-08-12 11:57:28,,,,,,
7885,965,66,43,58,59,69,79,69,ea_official,override_espn_v11_smart4,2026-08-12 11:57:28,,,,,,
7886,966,76,61,65,68,66,77,70,ea_official,override_espn_v11_smart4,2026-08-12 11:57:28,,,,,,
7887,967,84,70,70,76,60,68,75,ea_official,override_espn_v11_smart4,2026-08-12 11:57:28,,,,,,
7888,968,77,68,67,73,37,68,71,ea_official,override_espn_v11_smart4,2026-08-12 11:57:28,,,,,,
7889,979,77,72,65,79,34,77,77,ea_official,override_espn_v11_smart4,2026-08-12 11:57:28,,,,,,
7890,981,65,48,57,59,69,79,70,ea_official,override_espn_v11_smart4,2026-08-12 11:57:28,,,,,,
7891,983,67,68,71,70,72,80,75,ea_official,override_espn_v11_smart4,2026-08-12 11:57:28,,,,,,
7892,984,49,50,61,66,69,72,71,ea_official,override_espn_v11_smart4,2026-08-12 11:57:28,,,,,,
7893,985,84,59,59,67,61,60,68,ea_official,override_espn_v11_smart4,2026-08-12 11:57:28,,,,,,
7894,986,69,58,68,72,66,69,73,ea_official,override_espn_v11_smart4,2026-08-12 11:57:28,,,,,,
7895,987,82,71,65,70,35,71,71,ea_official,override_espn_v11_smart4,2026-08-12 11:57:28,,,,,,
7896,988,73,64,71,72,64,68,71,ea_official,override_espn_v11_smart4,2026-08-12 11:57:28,,,,,,
7897,989,61,67,69,71,41,65,69,ea_official,override_espn_v11_smart4,2026-08-12 11:57:28,,,,,,
7898,990,68,64,65,70,24,66,67,ea_official,override_espn_v11_smart4,2026-08-12 11:57:28,,,,,,
7899,991,77,59,62,61,62,78,68,ea_official,override_espn_v11_smart4,2026-08-12 11:57:28,,,,,,
7900,992,62,44,60,63,59,62,63,ea_official,override_espn_v11_smart4,2026-08-12 11:57:28,,,,,,
7901,994,74,67,43,61,26,61,65,ea_official,override_espn_v11_smart4,2026-08-12 11:57:28,,,,,,
7902,995,75,48,62,65,64,67,69,ea_official,override_espn_v11_smart4,2026-08-12 11:57:28,,,,,,
7903,997,67,31,49,50,65,65,65,ea_official,override_espn_v11_smart4,2026-08-12 11:57:28,,,,,,
7904,1003,87,61,69,72,68,80,74,ea_official,override_espn_v11_smart4,2026-08-12 11:57:28,,,,,,
7905,1011,53,61,70,68,69,69,70,ea_official,override_espn_v11_smart4,2026-08-12 11:57:28,,,,,,
7906,1021,69,44,65,75,77,78,76,ea_official,override_espn_v11_smart4,2026-08-12 11:57:28,,,,,,
7907,1034,73,70,65,68,36,68,69,ea_official,override_espn_v11_smart4,2026-08-12 11:57:28,,,,,,
7908,1037,65,49,66,69,73,71,73,ea_official,override_espn_v11_smart4,2026-08-12 11:57:28,,,,,,
7909,1041,64,42,59,66,74,70,74,ea_official,override_espn_v11_smart4,2026-08-12 11:57:28,,,,,,
7910,1047,63,54,58,65,67,79,69,ea_official,override_espn_v11_smart4,2026-08-12 11:57:28,,,,,,
7911,1048,73,72,56,70,25,76,72,ea_official,override_espn_v11_smart4,2026-08-12 11:57:28,,,,,,
7912,1049,75,72,74,80,38,54,75,ea_official,override_espn_v11_smart4,2026-08-12 11:57:28,,,,,,
7913,1050,79,69,69,73,40,63,72,ea_official,override_espn_v11_smart4,2026-08-12 11:57:28,,,,,,
7914,1061,52,69,76,69,76,80,75,ea_official,override_espn_v11_smart4,2026-08-12 11:57:28,,,,,,
7915,1065,37,31,47,47,69,79,70,ea_official,override_espn_v11_smart4,2026-08-12 11:57:28,,,,,,
7916,1069,72,67,71,74,69,71,74,ea_official,override_espn_v11_smart4,2026-08-12 11:57:28,,,,,,
7917,1075,81,54,65,65,61,76,70,ea_official,override_espn_v11_smart4,2026-08-12 11:57:28,,,,,,
7918,1076,74,62,62,68,46,54,64,ea_official,override_espn_v11_smart4,2026-08-12 11:57:28,,,,,,
7919,1103,64,66,66,63,28,62,64,ea_official,override_espn_v11_smart4,2026-08-12 11:57:28,,,,,,
7920,1104,59,31,43,48,60,65,60,ea_official,override_espn_v11_smart4,2026-08-12 11:57:28,,,,,,
7921,1106,81,61,65,74,64,71,72,ea_official,override_espn_v11_smart4,2026-08-12 11:57:28,,,,,,
7922,1108,50,67,70,72,61,65,71,ea_official,override_espn_v11_smart4,2026-08-12 11:57:28,,,,,,
7923,1112,75,71,68,71,35,70,71,ea_official,override_espn_v11_smart4,2026-08-12 11:57:28,,,,,,
7924,1115,69,33,54,61,60,49,62,ea_official,override_espn_v11_smart4,2026-08-12 11:57:28,,,,,,
7925,1128,71,70,74,76,69,71,75,ea_official,override_espn_v11_smart4,2026-08-12 11:57:28,,,,,,
7926,1138,60,63,53,62,27,69,65,ea_official,override_espn_v11_smart4,2026-08-12 11:57:28,,,,,,
7927,1139,82,61,64,70,75,74,73,ea_official,override_espn_v11_smart4,2026-08-12 11:57:28,,,,,,
7928,1143,78,72,65,79,65,75,76,ea_official,override_espn_v11_smart4,2026-08-12 11:57:28,,,,,,
7929,1145,72,39,50,60,69,76,70,ea_official,override_espn_v11_smart4,2026-08-12 11:57:28,,,,,,
7930,1153,80,71,61,74,34,65,72,ea_official,override_espn_v11_smart4,2026-08-12 11:57:28,,,,,,
7931,1154,59,76,65,72,37,64,73,ea_official,override_espn_v11_smart4,2026-08-12 11:57:28,,,,,,
7932,1155,84,69,71,76,71,76,76,ea_official,override_espn_v11_smart4,2026-08-12 11:57:28,,,,,,
7933,1160,70,74,58,67,37,78,73,ea_official,override_espn_v11_smart4,2026-08-12 11:57:28,,,,,,
7934,1210,71,69,71,71,55,70,73,ea_official,override_espn_v11_smart4,2026-08-12 11:57:28,,,,,,
7935,1211,70,64,55,65,29,68,65,ea_official,override_espn_v11_smart4,2026-08-12 11:57:28,,,,,,
7936,1215,82,59,63,67,62,72,70,ea_official,override_espn_v11_smart4,2026-08-12 11:57:28,,,,,,
7937,1218,74,59,69,72,73,79,75,ea_official,override_espn_v11_smart4,2026-08-12 11:57:28,,,,,,
7938,1247,77,67,75,81,57,69,78,ea_official,override_espn_v11_smart4,2026-08-12 11:57:28,,,,,,
7939,1248,55,64,73,76,79,83,80,ea_official,override_espn_v11_smart4,2026-08-12 11:57:28,,,,,,
7940,1263,46,44,58,53,76,78,75,ea_official,override_espn_v11_smart4,2026-08-12 11:57:28,,,,,,
7941,1265,63,42,59,65,78,83,78,ea_official,override_espn_v11_smart4,2026-08-12 11:57:28,,,,,,
7942,1266,51,59,65,70,66,67,70,ea_official,override_espn_v11_smart4,2026-08-12 11:57:28,,,,,,
7943,1267,71,62,69,76,65,70,74,ea_official,override_espn_v11_smart4,2026-08-12 11:57:28,,,,,,
7944,1268,57,43,57,62,79,83,75,ea_official,override_espn_v11_smart4,2026-08-12 11:57:28,,,,,,
7945,1269,87,69,71,77,68,71,75,ea_official,override_espn_v11_smart4,2026-08-12 11:57:28,,,,,,
7946,1270,61,67,71,74,63,70,74,ea_official,override_espn_v11_smart4,2026-08-12 11:57:28,,,,,,
7947,1271,83,62,58,71,27,73,69,ea_official,override_espn_v11_smart4,2026-08-12 11:57:28,,,,,,
7948,1272,71,70,51,65,30,77,72,ea_official,override_espn_v11_smart4,2026-08-12 11:57:28,,,,,,
7949,1273,87,74,63,75,47,66,73,ea_official,override_espn_v11_smart4,2026-08-12 11:57:28,,,,,,
7950,1274,71,66,71,76,73,79,74,ea_official,override_espn_v11_smart4,2026-08-12 11:57:28,,,,,,
7951,1275,93,70,64,67,41,74,73,ea_official,override_espn_v11_smart4,2026-08-12 11:57:28,,,,,,
7952,1276,68,55,59,66,33,42,62,ea_official,override_espn_v11_smart4,2026-08-12 11:57:28,,,,,,
7953,1277,78,64,66,73,52,59,70,ea_official,override_espn_v11_smart4,2026-08-12 11:57:28,,,,,,
7954,1278,67,65,74,68,74,79,75,ea_official,override_espn_v11_smart4,2026-08-12 11:57:28,,,,,,
7955,1281,70,69,67,70,25,70,70,ea_official,override_espn_v11_smart4,2026-08-12 11:57:28,,,,,,
7956,1283,75,44,64,69,79,77,77,ea_official,override_espn_v11_smart4,2026-08-12 11:57:28,,,,,,
7957,1286,75,54,73,72,69,70,74,ea_official,override_espn_v11_smart4,2026-08-12 11:57:28,,,,,,
7958,1287,68,62,72,67,74,78,76,ea_official,override_espn_v11_smart4,2026-08-12 11:57:28,,,,,,
7959,1289,63,73,74,77,75,79,78,ea_official,override_espn_v11_smart4,2026-08-12 11:57:28,,,,,,
7960,1291,77,67,78,83,56,58,78,ea_official,override_espn_v11_smart4,2026-08-12 11:57:28,,,,,,
7961,1292,79,75,69,76,36,68,75,ea_official,override_espn_v11_smart4,2026-08-12 11:57:28,,,,,,
7962,1301,86,54,59,74,66,66,71,ea_official,override_espn_v11_smart4,2026-08-12 11:57:28,,,,,,
7963,1327,73,39,56,62,74,75,74,ea_official,override_espn_v11_smart4,2026-08-12 11:57:28,,,,,,
7964,1330,72,78,74,78,72,75,78,ea_official,override_espn_v11_smart4,2026-08-12 11:57:28,,,,,,
7965,1331,66,72,74,73,70,72,75,ea_official,override_espn_v11_smart4,2026-08-12 11:57:28,,,,,,
7966,1332,58,72,76,77,77,74,81,ea_official,override_espn_v11_smart4,2026-08-12 11:57:28,,,,,,
7967,1333,79,75,62,75,40,68,76,ea_official,override_espn_v11_smart4,2026-08-12 11:57:28,,,,,,
7968,1335,75,75,77,80,54,67,77,ea_official,override_espn_v11_smart4,2026-08-12 11:57:28,,,,,,
7969,1338,79,81,79,83,49,67,82,ea_official,override_espn_v11_smart4,2026-08-12 11:57:28,,,,,,
7970,1340,77,68,72,66,69,73,73,ea_official,override_espn_v11_smart4,2026-08-12 11:57:28,,,,,,
7971,1341,75,69,70,71,70,80,74,ea_official,override_espn_v11_smart4,2026-08-12 11:57:28,,,,,,
7972,1342,73,77,72,74,43,75,76,ea_official,override_espn_v11_smart4,2026-08-12 11:57:28,,,,,,
7973,1344,74,76,70,75,74,74,74,ea_official,override_espn_v11_smart4,2026-08-12 11:57:28,,,,,,
7974,1345,77,69,68,74,68,74,74,ea_official,override_espn_v11_smart4,2026-08-12 11:57:28,,,,,,
7975,1346,73,46,61,66,73,79,73,ea_official,override_espn_v11_smart4,2026-08-12 11:57:28,,,,,,
7976,1347,79,74,72,81,53,76,78,ea_official,override_espn_v11_smart4,2026-08-12 11:57:28,,,,,,
7977,1348,69,53,60,57,75,86,75,ea_official,override_espn_v11_smart4,2026-08-12 11:57:28,,,,,,
7978,1351,80,65,73,73,61,64,72,ea_official,override_espn_v11_smart4,2026-08-12 11:57:28,,,,,,
7979,1358,85,72,57,68,29,78,73,ea_official,override_espn_v11_smart4,2026-08-12 11:57:28,,,,,,
7980,1359,75,52,59,58,65,75,68,ea_official,override_espn_v11_smart4,2026-08-12 11:57:28,,,,,,
7981,1360,92,70,67,73,39,69,71,ea_official,override_espn_v11_smart4,2026-08-12 11:57:28,,,,,,
7982,1370,61,43,60,66,75,77,75,ea_official,override_espn_v11_smart4,2026-08-12 11:57:28,,,,,,
7983,1371,56,35,54,60,70,71,69,ea_official,override_espn_v11_smart4,2026-08-12 11:57:28,,,,,,
7984,1377,76,79,62,73,18,62,74,ea_official,override_espn_v11_smart4,2026-08-12 11:57:28,,,,,,
7985,1378,85,70,60,72,32,66,71,ea_official,override_espn_v11_smart4,2026-08-12 11:57:28,,,,,,
7986,1380,69,69,69,74,67,69,72,ea_official,override_espn_v11_smart4,2026-08-12 11:57:28,,,,,,
7987,1383,75,72,69,82,42,74,76,ea_official,override_espn_v11_smart4,2026-08-12 11:57:28,,,,,,
7988,1386,61,44,61,67,70,71,71,ea_official,override_espn_v11_smart4,2026-08-12 11:57:28,,,,,,
7989,1436,74,60,75,73,85,82,85,ea_official,override_espn_v11_smart4,2026-08-12 11:57:28,,,,,,
7990,1451,61,51,68,67,81,79,81,ea_official,override_espn_v11_smart4,2026-08-12 11:57:28,,,,,,
7991,1463,86,70,68,74,54,69,74,ea_official,override_espn_v11_smart4,2026-08-12 11:57:28,,,,,,
7992,1494,81,79,74,82,41,80,81,ea_official,override_espn_v11_smart4,2026-08-12 11:57:28,,,,,,
7993,1496,72,30,51,63,70,86,72,ea_official,override_espn_v11_smart4,2026-08-12 11:57:28,,,,,,
7994,1500,69,72,80,76,75,73,79,ea_official,override_espn_v11_smart4,2026-08-12 11:57:28,,,,,,
7995,1501,65,79,76,77,79,79,80,ea_official,override_espn_v11_smart4,2026-08-12 11:57:28,,,,,,
7996,1503,63,74,62,72,34,69,74,ea_official,override_espn_v11_smart4,2026-08-12 11:57:28,,,,,,
7997,1508,79,52,65,67,71,83,73,ea_official,override_espn_v11_smart4,2026-08-12 11:57:28,,,,,,
7998,1509,49,31,54,63,76,69,74,ea_official,override_espn_v11_smart4,2026-08-12 11:57:28,,,,,,
7999,1516,83,79,80,84,42,83,82,ea_official,override_espn_v11_smart4,2026-08-12 11:57:28,,,,,,
8000,1517,64,40,55,69,84,80,82,ea_official,override_espn_v11_smart4,2026-08-12 11:57:28,,,,,,
8001,1520,90,61,75,81,71,61,78,ea_official,override_espn_v11_smart4,2026-08-12 11:57:28,,,,,,
8002,1521,68,71,77,77,73,69,77,ea_official,override_espn_v11_smart4,2026-08-12 11:57:28,,,,,,
8003,1525,88,78,77,87,57,66,84,ea_official,override_espn_v11_smart4,2026-08-12 11:57:28,,,,,,
8004,1526,88,72,67,78,40,48,76,ea_official,override_espn_v11_smart4,2026-08-12 11:57:28,,,,,,
8005,1527,66,49,64,75,66,52,68,ea_official,override_espn_v11_smart4,2026-08-12 11:57:28,,,,,,
8006,1528,95,65,76,82,80,77,86,ea_official,override_espn_v11_smart4,2026-08-12 11:57:28,,,,,,
8007,1529,76,71,72,78,23,70,74,ea_official,override_espn_v11_smart4,2026-08-12 11:57:28,,,,,,
8008,1533,53,73,75,76,79,75,77,ea_official,override_espn_v11_smart4,2026-08-12 11:57:28,,,,,,
8009,1535,76,63,77,78,75,71,79,ea_official,override_espn_v11_smart4,2026-08-12 11:57:28,,,,,,
8010,1540,72,74,73,76,77,77,80,ea_official,override_espn_v11_smart4,2026-08-12 11:57:28,,,,,,
8011,1542,74,65,78,79,70,63,77,ea_official,override_espn_v11_smart4,2026-08-12 11:57:28,,,,,,
8012,1544,46,73,76,75,75,70,77,ea_official,override_espn_v11_smart4,2026-08-12 11:57:28,,,,,,
8013,1545,73,75,55,67,34,79,75,ea_official,override_espn_v11_smart4,2026-08-12 11:57:28,,,,,,
8014,1547,75,67,70,76,72,67,75,ea_official,override_espn_v11_smart4,2026-08-12 11:57:28,,,,,,
8015,1549,66,68,77,75,69,70,75,ea_official,override_espn_v11_smart4,2026-08-12 11:57:28,,,,,,
8016,1552,68,41,59,69,79,66,76,ea_official,override_espn_v11_smart4,2026-08-12 11:57:28,,,,,,
8017,1554,72,69,69,74,44,69,71,ea_official,override_espn_v11_smart4,2026-08-12 11:57:28,,,,,,
8018,1555,86,82,58,81,40,74,83,ea_official,override_espn_v11_smart4,2026-08-12 11:57:28,,,,,,
8019,1560,82,80,74,84,46,76,81,ea_official,override_espn_v11_smart4,2026-08-12 11:57:28,,,,,,
8020,1563,62,36,52,60,72,76,72,ea_official,override_espn_v11_smart4,2026-08-12 11:57:28,,,,,,
8021,1569,76,70,72,80,24,52,75,ea_official,override_espn_v11_smart4,2026-08-12 11:57:28,,,,,,
8022,1571,89,71,70,82,36,62,77,ea_official,override_espn_v11_smart4,2026-08-12 11:57:28,,,,,,
8023,1575,79,57,65,64,63,66,69,ea_official,override_espn_v11_smart4,2026-08-12 11:57:28,,,,,,
8024,1586,46,49,71,70,68,74,74,ea_official,override_espn_v11_smart4,2026-08-12 11:57:28,,,,,,
8025,1589,76,62,62,73,27,55,68,ea_official,override_espn_v11_smart4,2026-08-12 11:57:28,,,,,,
8026,1623,74,71,69,77,50,70,74,ea_official,override_espn_v11_smart4,2026-08-12 11:57:28,,,,,,
8027,1631,62,82,71,74,40,77,80,ea_official,override_espn_v11_smart4,2026-08-12 11:57:28,,,,,,
8028,1633,77,84,80,84,35,62,83,ea_official,override_espn_v11_smart4,2026-08-12 11:57:28,,,,,,
8029,1635,80,58,59,64,26,46,64,ea_official,override_espn_v11_smart4,2026-08-12 11:57:28,,,,,,
8030,1640,80,66,77,77,76,76,80,ea_official,override_espn_v11_smart4,2026-08-12 11:57:28,,,,,,
8031,1660,72,70,67,72,44,71,72,ea_official,override_espn_v11_smart4,2026-08-12 11:57:28,,,,,,
8032,1663,91,65,62,72,38,51,69,ea_official,override_espn_v11_smart4,2026-08-12 11:57:28,,,,,,
8033,1666,65,62,68,66,41,63,65,ea_official,override_espn_v11_smart4,2026-08-12 11:57:28,,,,,,
8034,1670,80,35,54,60,62,75,65,ea_official,override_espn_v11_smart4,2026-08-12 11:57:28,,,,,,
8035,1673,70,71,77,72,47,71,71,ea_official,override_espn_v11_smart4,2026-08-12 11:57:28,,,,,,
8036,1697,53,77,78,76,64,68,77,ea_official,override_espn_v11_smart4,2026-08-12 11:57:28,,,,,,
8037,1708,67,56,65,68,74,81,75,ea_official,override_espn_v11_smart4,2026-08-12 11:57:28,,,,,,
8038,1711,63,65,78,75,70,72,77,ea_official,override_espn_v11_smart4,2026-08-12 11:57:28,,,,,,
8039,1713,65,71,80,74,75,77,79,ea_official,override_espn_v11_smart4,2026-08-12 11:57:28,,,,,,
8040,1718,60,36,56,61,78,79,77,ea_official,override_espn_v11_smart4,2026-08-12 11:57:28,,,,,,
8041,1720,68,65,64,69,20,68,68,ea_official,override_espn_v11_smart4,2026-08-12 11:57:28,,,,,,
8042,1721,62,31,58,63,80,81,79,ea_official,override_espn_v11_smart4,2026-08-12 11:57:28,,,,,,
8043,1723,66,65,70,72,67,68,71,ea_official,override_espn_v11_smart4,2026-08-12 11:57:28,,,,,,
8044,1724,71,54,70,73,74,64,74,ea_official,override_espn_v11_smart4,2026-08-12 11:57:28,,,,,,
8045,1725,68,73,82,81,66,67,80,ea_official,override_espn_v11_smart4,2026-08-12 11:57:28,,,,,,
8046,1766,81,53,65,72,68,75,74,ea_official,override_espn_v11_smart4,2026-08-12 11:57:28,,,,,,
8047,1776,54,45,55,61,70,77,71,ea_official,override_espn_v11_smart4,2026-08-12 11:57:28,,,,,,
8048,1777,62,37,60,61,69,74,70,ea_official,override_espn_v11_smart4,2026-08-12 11:57:28,,,,,,
8049,1778,73,67,75,73,71,78,77,ea_official,override_espn_v11_smart4,2026-08-12 11:57:28,,,,,,
8050,1782,80,69,69,75,40,64,74,ea_official,override_espn_v11_smart4,2026-08-12 11:57:28,,,,,,
8051,1783,69,60,67,69,66,72,70,ea_official,override_espn_v11_smart4,2026-08-12 11:57:28,,,,,,
8052,1786,78,72,70,74,55,67,74,ea_official,override_espn_v11_smart4,2026-08-12 11:57:28,,,,,,
8053,1842,62,63,71,77,74,72,75,ea_official,override_espn_v11_smart4,2026-08-12 11:57:28,,,,,,
8054,1853,74,57,71,72,80,72,78,ea_official,override_espn_v11_smart4,2026-08-12 11:57:28,,,,,,
8055,1854,94,66,78,85,74,76,84,ea_official,override_espn_v11_smart4,2026-08-12 11:57:28,,,,,,
8056,1858,64,92,83,82,48,82,89,ea_official,override_espn_v11_smart4,2026-08-12 11:57:28,,,,,,
8057,1872,66,43,56,61,74,84,76,ea_official,override_espn_v11_smart4,2026-08-12 11:57:28,,,,,,
8058,1876,83,55,69,73,70,67,76,ea_official,override_espn_v11_smart4,2026-08-12 11:57:28,,,,,,
8059,1880,74,69,71,75,51,62,74,ea_official,override_espn_v11_smart4,2026-08-12 11:57:28,,,,,,
8060,1882,77,52,65,73,68,66,72,ea_official,override_espn_v11_smart4,2026-08-12 11:57:28,,,,,,
8061,1883,63,48,63,66,69,73,71,ea_official,override_espn_v11_smart4,2026-08-12 11:57:28,,,,,,
8062,1885,78,67,69,79,41,56,73,ea_official,override_espn_v11_smart4,2026-08-12 11:57:28,,,,,,
8063,1888,37,77,68,68,42,76,75,ea_official,override_espn_v11_smart4,2026-08-12 11:57:28,,,,,,
8064,1889,71,66,58,71,22,59,68,ea_official,override_espn_v11_smart4,2026-08-12 11:57:28,,,,,,
8065,1892,65,42,63,60,69,80,71,ea_official,override_espn_v11_smart4,2026-08-12 11:57:28,,,,,,
8066,1902,70,65,48,68,21,53,66,ea_official,override_espn_v11_smart4,2026-08-12 11:57:28,,,,,,
8067,1903,66,43,60,62,56,57,61,ea_official,override_espn_v11_smart4,2026-08-12 11:57:28,,,,,,
8068,1904,63,60,58,66,27,61,63,ea_official,override_espn_v11_smart4,2026-08-12 11:57:28,,,,,,
8069,1908,68,58,63,67,57,51,65,ea_official,override_espn_v11_smart4,2026-08-12 11:57:28,,,,,,
8070,1909,60,58,66,66,62,59,67,ea_official,override_espn_v11_smart4,2026-08-12 11:57:28,,,,,,
8071,1916,83,54,60,64,63,75,70,ea_official,override_espn_v11_smart4,2026-08-12 11:57:28,,,,,,
8072,1918,82,75,61,71,41,81,76,ea_official,override_espn_v11_smart4,2026-08-12 11:57:28,,,,,,
8073,1923,52,32,48,49,63,77,65,ea_official,override_espn_v11_smart4,2026-08-12 11:57:28,,,,,,
8074,1943,65,66,71,70,71,83,74,ea_official,override_espn_v11_smart4,2026-08-12 11:57:28,,,,,,
8075,1955,49,52,65,68,71,78,73,ea_official,override_espn_v11_smart4,2026-08-12 11:57:28,,,,,,
8076,1956,71,64,67,65,56,71,66,ea_official,override_espn_v11_smart4,2026-08-12 11:57:28,,,,,,
8077,1958,62,77,67,73,38,74,74,ea_official,override_espn_v11_smart4,2026-08-12 11:57:28,,,,,,
8078,1959,82,73,64,71,38,58,71,ea_official,override_espn_v11_smart4,2026-08-12 11:57:28,,,,,,
8079,1960,78,78,75,78,41,65,77,ea_official,override_espn_v11_smart4,2026-08-12 11:57:28,,,,,,
8080,1965,82,74,71,75,55,68,73,ea_official,override_espn_v11_smart4,2026-08-12 11:57:28,,,,,,
8081,1967,63,65,64,64,44,65,64,ea_official,override_espn_v11_smart4,2026-08-12 11:57:28,,,,,,
8082,1972,69,58,67,66,68,73,68,ea_official,override_espn_v11_smart4,2026-08-12 11:57:28,,,,,,
8083,1988,82,64,58,65,29,59,65,ea_official,override_espn_v11_smart4,2026-08-12 11:57:28,,,,,,
8084,1989,66,39,49,50,71,72,70,ea_official,override_espn_v11_smart4,2026-08-12 11:57:28,,,,,,
8085,2024,84,70,63,72,50,69,70,ea_official,override_espn_v11_smart4,2026-08-12 11:57:28,,,,,,
8086,2051,69,27,46,50,74,80,75,ea_official,override_espn_v11_smart4,2026-08-12 11:57:28,,,,,,
8087,2059,74,69,71,76,61,62,74,ea_official,override_espn_v11_smart4,2026-08-12 11:57:28,,,,,,
8088,2082,71,76,68,77,46,74,76,ea_official,override_espn_v11_smart4,2026-08-12 11:57:28,,,,,,
8089,2097,57,77,76,73,83,81,81,ea_official,override_espn_v11_smart4,2026-08-12 11:57:28,,,,,,
8090,2100,62,76,80,82,81,71,84,ea_official,override_espn_v11_smart4,2026-08-12 11:57:28,,,,,,
8091,2101,70,47,67,72,70,78,75,ea_official,override_espn_v11_smart4,2026-08-12 11:57:28,,,,,,
8092,2102,72,73,87,85,74,67,84,ea_official,override_espn_v11_smart4,2026-08-12 11:57:28,,,,,,
8093,2104,72,83,71,81,38,77,85,ea_official,override_espn_v11_smart4,2026-08-12 11:57:28,,,,,,
8094,2106,64,76,78,79,64,68,78,ea_official,override_espn_v11_smart4,2026-08-12 11:57:28,,,,,,
8095,2107,78,79,75,80,36,71,79,ea_official,override_espn_v11_smart4,2026-08-12 11:57:28,,,,,,
8096,2108,65,75,85,84,75,66,83,ea_official,override_espn_v11_smart4,2026-08-12 11:57:28,,,,,,
8097,2109,63,70,61,68,26,57,68,ea_official,override_espn_v11_smart4,2026-08-12 11:57:28,,,,,,
8098,2111,75,66,66,79,40,62,71,ea_official,override_espn_v11_smart4,2026-08-12 11:57:28,,,,,,
8099,2112,77,76,68,78,52,73,76,ea_official,override_espn_v11_smart4,2026-08-12 11:57:28,,,,,,
8100,2117,75,55,68,66,80,74,79,ea_official,override_espn_v11_smart4,2026-08-12 11:57:28,,,,,,
8101,2123,78,55,69,75,70,70,76,ea_official,override_espn_v11_smart4,2026-08-12 11:57:28,,,,,,
8102,2124,73,62,70,71,70,72,72,ea_official,override_espn_v11_smart4,2026-08-12 11:57:28,,,,,,
8103,2125,92,72,70,76,35,71,75,ea_official,override_espn_v11_smart4,2026-08-12 11:57:28,,,,,,
8104,2133,81,69,66,73,32,63,71,ea_official,override_espn_v11_smart4,2026-08-12 11:57:28,,,,,,
8105,2141,83,68,65,74,48,57,71,ea_official,override_espn_v11_smart4,2026-08-12 11:57:28,,,,,,
8106,2222,83,81,78,83,39,80,83,ea_official,override_espn_v11_smart4,2026-08-12 11:57:28,,,,,,
8107,2223,60,37,59,66,74,79,75,ea_official,override_espn_v11_smart4,2026-08-12 11:57:28,,,,,,
8108,2225,60,32,48,51,68,78,70,ea_official,override_espn_v11_smart4,2026-08-12 11:57:28,,,,,,
8109,2226,58,56,70,70,74,71,73,ea_official,override_espn_v11_smart4,2026-08-12 11:57:28,,,,,,
8110,2231,91,59,62,71,28,51,70,ea_official,override_espn_v11_smart4,2026-08-12 11:57:28,,,,,,
8111,2233,76,48,59,70,75,74,74,ea_official,override_espn_v11_smart4,2026-08-12 11:57:28,,,,,,
8112,2239,74,65,74,75,69,74,74,ea_official,override_espn_v11_smart4,2026-08-12 11:57:28,,,,,,
8113,2303,63,36,54,53,71,71,70,ea_official,override_espn_v11_smart4,2026-08-12 11:57:28,,,,,,
8114,2305,78,58,61,64,55,61,65,ea_official,override_espn_v11_smart4,2026-08-12 11:57:28,,,,,,
8115,2310,92,59,58,74,48,59,68,ea_official,override_espn_v11_smart4,2026-08-12 11:57:28,,,,,,
8116,2315,73,25,38,48,64,69,64,ea_official,override_espn_v11_smart4,2026-08-12 11:57:28,,,,,,
8117,2322,64,24,46,47,72,76,71,ea_official,override_espn_v11_smart4,2026-08-12 11:57:28,,,,,,
8118,2325,70,49,63,65,67,72,69,ea_official,override_espn_v11_smart4,2026-08-12 11:57:28,,,,,,
8119,2327,65,35,55,58,70,66,66,ea_official,override_espn_v11_smart4,2026-08-12 11:57:28,,,,,,
8120,2334,83,74,65,75,30,69,74,ea_official,override_espn_v11_smart4,2026-08-12 11:57:28,,,,,,
8121,2351,73,40,59,59,58,63,64,ea_official,override_espn_v11_smart4,2026-08-12 11:57:28,,,,,,
8122,2361,71,72,64,71,39,67,71,ea_official,override_espn_v11_smart4,2026-08-12 11:57:28,,,,,,
8123,2362,70,26,50,60,69,73,70,ea_official,override_espn_v11_smart4,2026-08-12 11:57:28,,,,,,
8124,2363,52,45,65,64,73,70,73,ea_official,override_espn_v11_smart4,2026-08-12 11:57:28,,,,,,
8125,2366,58,73,76,77,65,72,77,ea_official,override_espn_v11_smart4,2026-08-12 11:57:28,,,,,,
8126,2367,70,52,65,72,74,74,74,ea_official,override_espn_v11_smart4,2026-08-12 11:57:28,,,,,,
8127,2368,86,46,66,71,69,70,75,ea_official,override_espn_v11_smart4,2026-08-12 11:57:28,,,,,,
8128,2370,73,75,67,78,30,58,74,ea_official,override_espn_v11_smart4,2026-08-12 11:57:28,,,,,,
8129,2371,71,77,79,80,45,65,76,ea_official,override_espn_v11_smart4,2026-08-12 11:57:28,,,,,,
8130,2372,64,74,75,71,50,79,75,ea_official,override_espn_v11_smart4,2026-08-12 11:57:28,,,,,,
8131,2374,74,54,63,69,50,58,68,ea_official,override_espn_v11_smart4,2026-08-12 11:57:28,,,,,,
8132,2375,87,74,66,73,41,72,74,ea_official,override_espn_v11_smart4,2026-08-12 11:57:28,,,,,,
8133,2376,74,71,66,71,39,72,73,ea_official,override_espn_v11_smart4,2026-08-12 11:57:28,,,,,,
8134,2377,74,63,51,65,25,55,64,ea_official,override_espn_v11_smart4,2026-08-12 11:57:28,,,,,,
8135,2378,63,37,52,54,64,62,64,ea_official,override_espn_v11_smart4,2026-08-12 11:57:28,,,,,,
8136,2379,65,66,70,66,42,70,69,ea_official,override_espn_v11_smart4,2026-08-12 11:57:28,,,,,,
8137,2401,72,71,69,76,46,73,73,ea_official,override_espn_v11_smart4,2026-08-12 11:57:28,,,,,,
8138,2408,70,58,70,72,72,76,73,ea_official,override_espn_v11_smart4,2026-08-12 11:57:28,,,,,,
8139,2409,84,70,56,74,40,64,72,ea_official,override_espn_v11_smart4,2026-08-12 11:57:28,,,,,,
8140,2411,74,61,53,66,27,49,62,ea_official,override_espn_v11_smart4,2026-08-12 11:57:28,,,,,,
8141,2412,70,63,65,66,71,70,71,ea_official,override_espn_v11_smart4,2026-08-12 11:57:28,,,,,,
8142,2418,72,70,63,71,50,83,72,ea_official,override_espn_v11_smart4,2026-08-12 11:57:28,,,,,,
8143,2419,75,70,72,72,63,77,72,ea_official,override_espn_v11_smart4,2026-08-12 11:57:28,,,,,,
8144,2423,53,39,61,63,72,80,72,ea_official,override_espn_v11_smart4,2026-08-12 11:57:28,,,,,,
8145,2428,59,65,73,72,66,63,71,ea_official,override_espn_v11_smart4,2026-08-12 11:57:28,,,,,,
8146,2442,83,82,85,89,50,87,87,ea_official,override_espn_v11_smart4,2026-08-12 11:57:28,,,,,,
8147,2443,74,48,69,73,82,81,82,ea_official,override_espn_v11_smart4,2026-08-12 11:57:28,,,,,,
8148,2444,74,46,75,76,88,82,87,ea_official,override_espn_v11_smart4,2026-08-12 11:57:28,,,,,,
8149,2447,82,77,78,82,73,72,81,ea_official,override_espn_v11_smart4,2026-08-12 11:57:28,,,,,,
8150,2449,80,78,84,82,79,77,85,ea_official,override_espn_v11_smart4,2026-08-12 11:57:28,,,,,,
8151,2451,81,88,75,84,51,83,88,ea_official,override_espn_v11_smart4,2026-08-12 11:57:28,,,,,,
8152,2453,77,78,82,83,72,75,83,ea_official,override_espn_v11_smart4,2026-08-12 11:57:28,,,,,,
8153,2458,57,50,65,65,87,81,84,ea_official,override_espn_v11_smart4,2026-08-12 11:57:28,,,,,,
8154,2459,71,62,74,76,81,71,81,ea_official,override_espn_v11_smart4,2026-08-12 11:57:28,,,,,,
8155,2461,62,41,68,69,86,74,84,ea_official,override_espn_v11_smart4,2026-08-12 11:57:28,,,,,,
8156,2464,86,83,76,82,50,80,85,ea_official,override_espn_v11_smart4,2026-08-12 11:57:28,,,,,,
8157,2514,76,59,67,73,67,76,72,ea_official,override_espn_v11_smart4,2026-08-12 11:57:28,,,,,,
8158,2544,92,45,56,63,57,74,65,ea_official,override_espn_v11_smart4,2026-08-12 11:57:28,,,,,,
8159,2586,77,25,45,58,67,70,67,ea_official,override_espn_v11_smart4,2026-08-12 11:57:28,,,,,,
8160,2588,51,33,47,57,75,72,73,ea_official,override_espn_v11_smart4,2026-08-12 11:57:28,,,,,,
8161,2592,90,59,61,75,44,50,71,ea_official,override_espn_v11_smart4,2026-08-12 11:57:28,,,,,,
8162,2593,70,73,55,73,28,56,71,ea_official,override_espn_v11_smart4,2026-08-12 11:57:28,,,,,,
8163,2597,78,72,60,68,33,60,71,ea_official,override_espn_v11_smart4,2026-08-12 11:57:28,,,,,,
8164,2600,78,69,56,70,28,71,70,ea_official,override_espn_v11_smart4,2026-08-12 11:57:28,,,,,,
8165,2603,71,70,66,70,39,70,70,ea_official,override_espn_v11_smart4,2026-08-12 11:57:28,,,,,,
8166,2621,73,58,57,68,26,53,65,ea_official,override_espn_v11_smart4,2026-08-12 11:57:28,,,,,,
8167,2645,82,77,80,83,54,81,82,ea_official,override_espn_v11_smart4,2026-08-12 11:57:28,,,,,,
8168,2646,77,46,65,69,82,79,81,ea_official,override_espn_v11_smart4,2026-08-12 11:57:28,,,,,,
8169,2647,74,44,70,72,79,81,79,ea_official,override_espn_v11_smart4,2026-08-12 11:57:28,,,,,,
8170,2648,75,67,76,75,86,79,84,ea_official,override_espn_v11_smart4,2026-08-12 11:57:28,,,,,,
8171,2649,49,73,78,74,78,80,82,ea_official,override_espn_v11_smart4,2026-08-12 11:57:28,,,,,,
8172,2651,77,78,76,80,74,83,80,ea_official,override_espn_v11_smart4,2026-08-12 11:57:28,,,,,,
8173,2654,82,83,72,78,36,63,81,ea_official,override_espn_v11_smart4,2026-08-12 11:57:28,,,,,,
8174,2655,83,83,77,83,37,63,82,ea_official,override_espn_v11_smart4,2026-08-12 11:57:28,,,,,,
8175,2656,77,82,76,80,45,71,79,ea_official,override_espn_v11_smart4,2026-08-12 11:57:28,,,,,,
8176,2660,82,70,74,78,50,54,76,ea_official,override_espn_v11_smart4,2026-08-12 11:57:28,,,,,,
8177,2662,70,55,77,79,68,66,77,ea_official,override_espn_v11_smart4,2026-08-12 11:57:28,,,,,,
8178,2664,78,70,72,80,57,61,77,ea_official,override_espn_v11_smart4,2026-08-12 11:57:28,,,,,,
8179,2776,91,56,64,75,71,65,75,ea_official,override_espn_v11_smart4,2026-08-12 11:57:28,,,,,,
8180,2799,73,77,78,78,67,74,78,ea_official,override_espn_v11_smart4,2026-08-12 11:57:28,,,,,,
8181,2808,85,72,65,76,66,76,73,ea_official,override_espn_v11_smart4,2026-08-12 11:57:28,,,,,,
8182,2812,84,81,67,78,43,73,80,ea_official,override_espn_v11_smart4,2026-08-12 11:57:28,,,,,,
8183,2817,68,67,52,66,31,71,68,ea_official,override_espn_v11_smart4,2026-08-12 11:57:28,,,,,,
8184,2818,77,72,75,76,42,73,75,ea_official,override_espn_v11_smart4,2026-08-12 11:57:28,,,,,,
8185,2842,54,66,68,70,70,77,71,ea_official,override_espn_v11_smart4,2026-08-12 11:57:28,,,,,,
8186,2843,85,74,70,75,67,65,74,ea_official,override_espn_v11_smart4,2026-08-12 11:57:28,,,,,,
8187,2854,64,71,58,66,35,72,72,ea_official,override_espn_v11_smart4,2026-08-12 11:57:28,,,,,,
8188,2906,76,46,56,58,64,68,65,ea_official,override_espn_v11_smart4,2026-08-12 11:57:28,,,,,,
8189,2917,57,39,55,62,63,74,67,ea_official,override_espn_v11_smart4,2026-08-12 11:57:28,,,,,,
8190,2944,65,52,59,61,73,78,72,ea_official,override_espn_v11_smart4,2026-08-12 11:57:28,,,,,,
8191,2945,60,34,58,62,73,73,73,ea_official,override_espn_v11_smart4,2026-08-12 11:57:28,,,,,,
8192,2946,60,59,74,76,68,70,75,ea_official,override_espn_v11_smart4,2026-08-12 11:57:28,,,,,,
8193,2947,64,59,65,71,74,85,72,ea_official,override_espn_v11_smart4,2026-08-12 11:57:28,,,,,,
8194,2948,73,66,73,73,71,73,75,ea_official,override_espn_v11_smart4,2026-08-12 11:57:28,,,,,,
8195,2949,79,67,66,67,46,74,69,ea_official,override_espn_v11_smart4,2026-08-12 11:57:28,,,,,,
8196,2950,81,69,64,74,42,64,71,ea_official,override_espn_v11_smart4,2026-08-12 11:57:28,,,,,,
8197,2951,92,74,62,79,27,72,73,ea_official,override_espn_v11_smart4,2026-08-12 11:57:28,,,,,,
8198,2953,90,69,56,73,22,66,72,ea_official,override_espn_v11_smart4,2026-08-12 11:57:28,,,,,,
8199,2954,78,38,59,63,62,59,67,ea_official,override_espn_v11_smart4,2026-08-12 11:57:28,,,,,,
8200,2958,56,73,49,66,30,75,73,ea_official,override_espn_v11_smart4,2026-08-12 11:57:28,,,,,,
8201,2959,71,68,53,64,24,68,70,ea_official,override_espn_v11_smart4,2026-08-12 11:57:28,,,,,,
8202,2960,82,39,61,63,73,81,75,ea_official,override_espn_v11_smart4,2026-08-12 11:57:28,,,,,,
8203,2961,85,54,63,69,61,72,70,ea_official,override_espn_v11_smart4,2026-08-12 11:57:28,,,,,,
8204,2985,82,58,64,70,65,68,72,ea_official,override_espn_v11_smart4,2026-08-12 11:57:28,,,,,,
8205,3002,81,81,68,82,49,78,81,ea_official,override_espn_v11_smart4,2026-08-12 11:57:28,,,,,,
8206,3003,56,37,62,65,83,82,82,ea_official,override_espn_v11_smart4,2026-08-12 11:57:28,,,,,,
8207,3005,77,62,78,79,77,64,80,ea_official,override_espn_v11_smart4,2026-08-12 11:57:28,,,,,,
8208,3006,66,65,83,77,80,71,80,ea_official,override_espn_v11_smart4,2026-08-12 11:57:28,,,,,,
8209,3007,79,74,82,80,81,83,86,ea_official,override_espn_v11_smart4,2026-08-12 11:57:28,,,,,,
8210,3009,66,75,84,84,79,81,86,ea_official,override_espn_v11_smart4,2026-08-12 11:57:28,,,,,,
8211,3011,91,79,78,83,50,71,83,ea_official,override_espn_v11_smart4,2026-08-12 11:57:28,,,,,,
8212,3012,83,80,75,81,43,68,80,ea_official,override_espn_v11_smart4,2026-08-12 11:57:28,,,,,,
8213,3019,67,78,65,79,41,74,79,ea_official,override_espn_v11_smart4,2026-08-12 11:57:28,,,,,,
8214,3020,77,75,73,80,68,72,78,ea_official,override_espn_v11_smart4,2026-08-12 11:57:28,,,,,,
8215,3022,92,72,76,82,39,70,81,ea_official,override_espn_v11_smart4,2026-08-12 11:57:28,,,,,,
8216,3025,60,59,72,76,80,73,80,ea_official,override_espn_v11_smart4,2026-08-12 11:57:28,,,,,,
8217,3028,79,76,72,74,64,74,77,ea_official,override_espn_v11_smart4,2026-08-12 11:57:28,,,,,,
8218,3029,53,72,84,75,65,71,79,ea_official,override_espn_v11_smart4,2026-08-12 11:57:28,,,,,,
8219,3033,92,74,70,77,45,71,76,ea_official,override_espn_v11_smart4,2026-08-12 11:57:28,,,,,,
8220,3037,92,61,58,73,26,63,70,ea_official,override_espn_v11_smart4,2026-08-12 11:57:28,,,,,,
8221,3040,65,64,66,68,77,82,77,ea_official,override_espn_v11_smart4,2026-08-12 11:57:28,,,,,,
8222,3044,68,27,51,48,69,75,71,ea_official,override_espn_v11_smart4,2026-08-12 11:57:28,,,,,,
8223,3045,66,44,63,66,83,81,82,ea_official,override_espn_v11_smart4,2026-08-12 11:57:28,,,,,,
8224,3046,69,65,70,72,79,81,79,ea_official,override_espn_v11_smart4,2026-08-12 11:57:28,,,,,,
8225,3047,77,73,71,78,71,77,78,ea_official,override_espn_v11_smart4,2026-08-12 11:57:28,,,,,,
8226,3048,82,71,78,85,41,64,82,ea_official,override_espn_v11_smart4,2026-08-12 11:57:28,,,,,,
8227,3050,71,65,57,68,21,50,63,ea_official,override_espn_v11_smart4,2026-08-12 11:57:28,,,,,,
8228,3053,60,75,85,85,56,67,82,ea_official,override_espn_v11_smart4,2026-08-12 11:57:28,,,,,,
8229,3060,64,73,74,75,80,74,80,ea_official,override_espn_v11_smart4,2026-08-12 11:57:28,,,,,,
8230,3062,85,35,53,67,64,64,70,ea_official,override_espn_v11_smart4,2026-08-12 11:57:28,,,,,,
8231,3074,66,32,55,62,72,69,72,ea_official,override_espn_v11_smart4,2026-08-12 11:57:28,,,,,,
8232,3085,67,42,57,60,66,80,69,ea_official,override_espn_v11_smart4,2026-08-12 11:57:28,,,,,,
8233,3086,80,60,65,65,65,74,71,ea_official,override_espn_v11_smart4,2026-08-12 11:57:28,,,,,,
8234,3097,70,61,48,58,30,70,63,ea_official,override_espn_v11_smart4,2026-08-12 11:57:28,,,,,,
8235,3107,78,57,67,67,66,68,71,ea_official,override_espn_v11_smart4,2026-08-12 11:57:28,,,,,,
8236,3144,76,39,55,60,73,82,75,ea_official,override_espn_v11_smart4,2026-08-12 11:57:28,,,,,,
8237,3146,76,38,54,62,75,75,74,ea_official,override_espn_v11_smart4,2026-08-12 11:57:28,,,,,,
8238,3147,53,58,75,71,72,79,76,ea_official,override_espn_v11_smart4,2026-08-12 11:57:28,,,,,,
8239,3155,73,72,55,68,29,81,74,ea_official,override_espn_v11_smart4,2026-08-12 11:57:28,,,,,,
8240,3161,78,74,67,71,63,74,73,ea_official,override_espn_v11_smart4,2026-08-12 11:57:28,,,,,,
8241,3165,70,59,65,68,65,76,70,ea_official,override_espn_v11_smart4,2026-08-12 11:57:28,,,,,,
8242,3166,79,72,76,80,46,73,77,ea_official,override_espn_v11_smart4,2026-08-12 11:57:28,,,,,,
8243,3167,73,44,59,59,66,65,66,ea_official,override_espn_v11_smart4,2026-08-12 11:57:28,,,,,,
8244,3170,73,51,64,70,69,64,72,ea_official,override_espn_v11_smart4,2026-08-12 11:57:28,,,,,,
8245,3171,62,62,69,72,68,80,72,ea_official,override_espn_v11_smart4,2026-08-12 11:57:28,,,,,,
8246,3172,64,64,69,68,75,78,75,ea_official,override_espn_v11_smart4,2026-08-12 11:57:28,,,,,,
8247,3173,85,64,65,74,32,58,72,ea_official,override_espn_v11_smart4,2026-08-12 11:57:28,,,,,,
8248,3174,76,72,71,78,59,73,76,ea_official,override_espn_v11_smart4,2026-08-12 11:57:28,,,,,,
8249,3178,81,70,65,73,35,70,72,ea_official,override_espn_v11_smart4,2026-08-12 11:57:28,,,,,,
8250,3183,69,70,68,73,62,73,72,ea_official,override_espn_v11_smart4,2026-08-12 11:57:28,,,,,,
8251,3187,68,53,65,65,73,76,73,ea_official,override_espn_v11_smart4,2026-08-12 11:57:28,,,,,,
8252,3188,68,66,68,67,37,66,67,ea_official,override_espn_v11_smart4,2026-08-12 11:57:28,,,,,,
8253,3190,69,45,67,65,84,79,82,ea_official,override_espn_v11_smart4,2026-08-12 11:57:28,,,,,,
8254,3192,84,72,73,77,79,80,83,ea_official,override_espn_v11_smart4,2026-08-12 11:57:28,,,,,,
8255,3193,76,82,77,80,80,85,85,ea_official,override_espn_v11_smart4,2026-08-12 11:57:28,,,,,,
8256,3194,71,69,80,82,76,71,83,ea_official,override_espn_v11_smart4,2026-08-12 11:57:28,,,,,,
8257,3195,85,65,73,77,76,67,78,ea_official,override_espn_v11_smart4,2026-08-12 11:57:28,,,,,,
8258,3196,81,71,79,81,76,73,81,ea_official,override_espn_v11_smart4,2026-08-12 11:57:28,,,,,,
8259,3197,85,76,58,72,33,79,76,ea_official,override_espn_v11_smart4,2026-08-12 11:57:28,,,,,,
8260,3198,72,71,73,80,65,68,77,ea_official,override_espn_v11_smart4,2026-08-12 11:57:28,,,,,,
8261,3201,49,55,61,62,80,76,78,ea_official,override_espn_v11_smart4,2026-08-12 11:57:28,,,,,,
8262,3202,70,51,69,72,77,73,78,ea_official,override_espn_v11_smart4,2026-08-12 11:57:28,,,,,,
8263,3204,68,66,61,69,48,64,67,ea_official,override_espn_v11_smart4,2026-08-12 11:57:28,,,,,,
8264,3206,63,78,59,67,34,82,76,ea_official,override_espn_v11_smart4,2026-08-12 11:57:28,,,,,,
8265,3207,80,77,73,84,50,68,80,ea_official,override_espn_v11_smart4,2026-08-12 11:57:28,,,,,,
8266,3209,79,82,75,75,41,84,84,ea_official,override_espn_v11_smart4,2026-08-12 11:57:28,,,,,,
8267,3236,71,54,60,66,59,65,63,ea_official,override_espn_v11_smart4,2026-08-12 11:57:28,,,,,,
8268,3237,57,22,55,55,68,78,69,ea_official,override_espn_v11_smart4,2026-08-12 11:57:28,,,,,,
8269,3240,64,60,58,68,33,48,62,ea_official,override_espn_v11_smart4,2026-08-12 11:57:28,,,,,,
8270,3241,81,67,56,72,30,62,66,ea_official,override_espn_v11_smart4,2026-08-12 11:57:28,,,,,,
8271,3244,48,70,45,59,26,68,65,ea_official,override_espn_v11_smart4,2026-08-12 11:57:28,,,,,,
8272,3270,78,75,75,77,40,74,76,ea_official,override_espn_v11_smart4,2026-08-12 11:57:28,,,,,,
8273,3271,72,43,68,73,81,75,80,ea_official,override_espn_v11_smart4,2026-08-12 11:57:28,,,,,,
8274,3273,86,61,80,79,74,78,82,ea_official,override_espn_v11_smart4,2026-08-12 11:57:28,,,,,,
8275,3274,81,72,73,81,71,75,78,ea_official,override_espn_v11_smart4,2026-08-12 11:57:28,,,,,,
8276,3275,72,62,74,74,74,76,77,ea_official,override_espn_v11_smart4,2026-08-12 11:57:28,,,,,,
8277,3276,74,72,72,79,47,63,77,ea_official,override_espn_v11_smart4,2026-08-12 11:57:28,,,,,,
8278,3279,89,72,68,81,41,63,76,ea_official,override_espn_v11_smart4,2026-08-12 11:57:28,,,,,,
8279,3280,71,61,62,64,25,49,66,ea_official,override_espn_v11_smart4,2026-08-12 11:57:28,,,,,,
8280,3284,74,71,69,79,30,63,74,ea_official,override_espn_v11_smart4,2026-08-12 11:57:28,,,,,,
8281,3286,69,70,74,78,75,78,80,ea_official,override_espn_v11_smart4,2026-08-12 11:57:28,,,,,,
8282,3287,75,76,66,71,28,76,74,ea_official,override_espn_v11_smart4,2026-08-12 11:57:28,,,,,,
8283,3288,73,54,76,78,78,74,80,ea_official,override_espn_v11_smart4,2026-08-12 11:57:28,,,,,,
8284,3289,85,72,70,81,33,63,78,ea_official,override_espn_v11_smart4,2026-08-12 11:57:28,,,,,,
8285,3295,62,54,62,64,68,72,70,ea_official,override_espn_v11_smart4,2026-08-12 11:57:28,,,,,,
8286,3306,67,65,70,72,63,64,69,ea_official,override_espn_v11_smart4,2026-08-12 11:57:28,,,,,,
8287,3310,66,63,54,67,36,66,65,ea_official,override_espn_v11_smart4,2026-08-12 11:57:28,,,,,,
8288,3326,75,48,59,63,68,81,71,ea_official,override_espn_v11_smart4,2026-08-12 11:57:28,,,,,,
8289,3408,67,28,49,60,68,69,68,ea_official,override_espn_v11_smart4,2026-08-12 11:57:28,,,,,,
8290,3409,57,36,56,61,69,74,70,ea_official,override_espn_v11_smart4,2026-08-12 11:57:28,,,,,,
8291,3410,89,65,64,69,62,74,70,ea_official,override_espn_v11_smart4,2026-08-12 11:57:28,,,,,,
8292,3420,74,72,74,75,71,72,77,ea_official,override_espn_v11_smart4,2026-08-12 11:57:28,,,,,,
8293,3422,64,73,75,76,44,60,74,ea_official,override_espn_v11_smart4,2026-08-12 11:57:28,,,,,,
8294,3425,72,64,73,73,63,72,73,ea_official,override_espn_v11_smart4,2026-08-12 11:57:28,,,,,,
8295,3448,69,51,60,63,84,78,83,ea_official,override_espn_v11_smart4,2026-08-12 11:57:28,,,,,,
8296,3458,80,78,80,83,59,55,81,ea_official,override_espn_v11_smart4,2026-08-12 11:57:28,,,,,,
8297,3471,49,46,60,59,72,78,72,ea_official,override_espn_v11_smart4,2026-08-12 11:57:28,,,,,,
8298,3472,79,63,66,70,67,70,73,ea_official,override_espn_v11_smart4,2026-08-12 11:57:28,,,,,,
8299,3473,50,38,51,55,73,72,71,ea_official,override_espn_v11_smart4,2026-08-12 11:57:28,,,,,,
8300,3475,57,65,71,76,72,76,74,ea_official,override_espn_v11_smart4,2026-08-12 11:57:28,,,,,,
8301,3477,70,76,56,71,27,69,75,ea_official,override_espn_v11_smart4,2026-08-12 11:57:28,,,,,,
8302,3478,91,77,74,83,36,57,80,ea_official,override_espn_v11_smart4,2026-08-12 11:57:28,,,,,,
8303,3486,79,72,64,67,41,75,72,ea_official,override_espn_v11_smart4,2026-08-12 11:57:28,,,,,,
8304,3493,78,77,85,81,52,78,79,ea_official,override_espn_v11_smart4,2026-08-12 11:57:28,,,,,,
8305,3496,72,49,71,74,77,69,78,ea_official,override_espn_v11_smart4,2026-08-12 11:57:28,,,,,,
8306,3497,88,63,71,75,78,75,80,ea_official,override_espn_v11_smart4,2026-08-12 11:57:28,,,,,,
8307,3498,75,77,82,84,60,72,82,ea_official,override_espn_v11_smart4,2026-08-12 11:57:28,,,,,,
8308,3499,71,68,79,81,77,78,80,ea_official,override_espn_v11_smart4,2026-08-12 11:57:28,,,,,,
8309,3500,58,65,72,71,77,79,77,ea_official,override_espn_v11_smart4,2026-08-12 11:57:28,,,,,,
8310,3502,82,75,75,81,50,63,78,ea_official,override_espn_v11_smart4,2026-08-12 11:57:28,,,,,,
8311,3504,89,72,70,81,62,68,79,ea_official,override_espn_v11_smart4,2026-08-12 11:57:28,,,,,,
8312,3507,69,65,72,76,76,77,79,ea_official,override_espn_v11_smart4,2026-08-12 11:57:28,,,,,,
8313,3508,73,71,70,74,48,70,72,ea_official,override_espn_v11_smart4,2026-08-12 11:57:28,,,,,,
8314,3514,73,60,72,72,90,87,90,ea_official,override_espn_v11_smart4,2026-08-12 11:57:28,,,,,,
8315,3515,77,34,63,69,86,85,86,ea_official,override_espn_v11_smart4,2026-08-12 11:57:28,,,,,,
8316,3516,87,59,75,78,77,80,82,ea_official,override_espn_v11_smart4,2026-08-12 11:57:28,,,,,,
8317,3517,79,82,84,82,67,76,83,ea_official,override_espn_v11_smart4,2026-08-12 11:57:28,,,,,,
8318,3518,74,74,76,82,72,76,80,ea_official,override_espn_v11_smart4,2026-08-12 11:57:28,,,,,,
8319,3519,66,82,85,85,78,76,87,ea_official,override_espn_v11_smart4,2026-08-12 11:57:28,,,,,,
8320,3520,76,76,81,85,81,81,85,ea_official,override_espn_v11_smart4,2026-08-12 11:57:28,,,,,,
8321,3522,83,82,80,83,47,74,84,ea_official,override_espn_v11_smart4,2026-08-12 11:57:28,,,,,,
8322,3523,89,88,86,90,45,76,91,ea_official,override_espn_v11_smart4,2026-08-12 11:57:28,,,,,,
8323,3524,84,81,72,84,48,84,84,ea_official,override_espn_v11_smart4,2026-08-12 11:57:28,,,,,,
8324,3525,87,80,75,83,44,68,81,ea_official,override_espn_v11_smart4,2026-08-12 11:57:28,,,,,,
8325,3527,74,29,70,71,79,73,79,ea_official,override_espn_v11_smart4,2026-08-12 11:57:28,,,,,,
8326,3548,58,56,59,62,57,70,64,ea_official,override_espn_v11_smart4,2026-08-12 11:57:28,,,,,,
8327,3595,73,70,70,74,38,73,72,ea_official,override_espn_v11_smart4,2026-08-12 11:57:28,,,,,,
8328,3596,73,65,65,69,69,72,70,ea_official,override_espn_v11_smart4,2026-08-12 11:57:28,,,,,,
8329,3597,45,35,51,54,72,83,73,ea_official,override_espn_v11_smart4,2026-08-12 11:57:28,,,,,,
8330,3598,66,50,63,63,70,77,70,ea_official,override_espn_v11_smart4,2026-08-12 11:57:28,,,,,,
8331,3600,84,64,69,77,63,66,73,ea_official,override_espn_v11_smart4,2026-08-12 11:57:28,,,,,,
8332,3601,67,64,69,71,75,67,74,ea_official,override_espn_v11_smart4,2026-08-12 11:57:28,,,,,,
8333,3603,70,70,54,66,36,80,70,ea_official,override_espn_v11_smart4,2026-08-12 11:57:28,,,,,,
8334,3605,76,67,68,72,36,69,72,ea_official,override_espn_v11_smart4,2026-08-12 11:57:28,,,,,,
8335,3610,67,62,68,71,56,65,68,ea_official,override_espn_v11_smart4,2026-08-12 11:57:28,,,,,,
8336,3614,78,65,67,71,36,66,70,ea_official,override_espn_v11_smart4,2026-08-12 11:57:28,,,,,,
8337,3616,83,81,75,84,27,76,81,ea_official,override_espn_v11_smart4,2026-08-12 11:57:28,,,,,,
8338,3619,78,52,70,70,70,67,75,ea_official,override_espn_v11_smart4,2026-08-12 11:57:28,,,,,,
8339,3625,88,66,69,77,34,49,75,ea_official,override_espn_v11_smart4,2026-08-12 11:57:28,,,,,,
8340,3629,70,27,54,58,62,78,65,ea_official,override_espn_v11_smart4,2026-08-12 11:57:28,,,,,,
8341,3631,62,65,61,59,26,60,61,ea_official,override_espn_v11_smart4,2026-08-12 11:57:28,,,,,,
8342,3633,60,49,59,66,62,71,64,ea_official,override_espn_v11_smart4,2026-08-12 11:57:28,,,,,,
8343,3654,60,74,56,67,32,77,73,ea_official,override_espn_v11_smart4,2026-08-12 11:57:28,,,,,,
8344,3734,91,71,63,73,37,68,73,ea_official,override_espn_v11_smart4,2026-08-12 11:57:28,,,,,,
8345,3735,84,72,70,76,45,64,74,ea_official,override_espn_v11_smart4,2026-08-12 11:57:28,,,,,,
8346,3737,78,44,52,46,67,84,70,ea_official,override_espn_v11_smart4,2026-08-12 11:57:28,,,,,,
8347,3751,78,71,77,82,51,64,79,ea_official,override_espn_v11_smart4,2026-08-12 11:57:28,,,,,,
8348,3755,77,70,78,83,59,66,78,ea_official,override_espn_v11_smart4,2026-08-12 11:57:28,,,,,,
8349,3759,91,73,70,81,46,71,78,ea_official,override_espn_v11_smart4,2026-08-12 11:57:28,,,,,,
8350,3767,74,81,64,77,35,82,82,ea_official,override_espn_v11_smart4,2026-08-12 11:57:28,,,,,,
8351,3769,77,65,55,71,24,54,65,ea_official,override_espn_v11_smart4,2026-08-12 11:57:28,,,,,,
8352,3770,68,49,57,61,47,51,59,ea_official,override_espn_v11_smart4,2026-08-12 11:57:28,,,,,,
8353,3774,57,57,48,56,20,50,56,ea_official,override_espn_v11_smart4,2026-08-12 11:57:28,,,,,,
8354,3775,79,71,71,80,31,74,75,ea_official,override_espn_v11_smart4,2026-08-12 11:57:28,,,,,,
8355,3776,33,42,58,53,78,78,76,ea_official,override_espn_v11_smart4,2026-08-12 11:57:28,,,,,,
8356,3778,67,66,66,68,32,71,68,ea_official,override_espn_v11_smart4,2026-08-12 11:57:28,,,,,,
8357,3780,85,56,58,61,77,79,76,ea_official,override_espn_v11_smart4,2026-08-12 11:57:28,,,,,,
8358,3783,66,70,74,72,69,71,74,ea_official,override_espn_v11_smart4,2026-08-12 11:57:28,,,,,,
8359,3785,71,67,76,76,71,65,76,ea_official,override_espn_v11_smart4,2026-08-12 11:57:28,,,,,,
8360,3786,89,49,68,71,64,66,72,ea_official,override_espn_v11_smart4,2026-08-12 11:57:28,,,,,,
8361,3787,82,80,64,77,43,72,77,ea_official,override_espn_v11_smart4,2026-08-12 11:57:28,,,,,,
8362,3839,67,42,55,61,60,60,62,ea_official,override_espn_v11_smart4,2026-08-12 11:57:28,,,,,,
8363,3882,78,78,71,84,28,58,78,ea_official,override_espn_v11_smart4,2026-08-12 11:57:28,,,,,,
8364,3883,70,79,80,83,56,68,82,ea_official,override_espn_v11_smart4,2026-08-12 11:57:28,,,,,,
8365,3888,86,84,73,88,32,67,84,ea_official,override_espn_v11_smart4,2026-08-12 11:57:28,,,,,,
8366,3897,66,63,65,68,25,58,65,ea_official,override_espn_v11_smart4,2026-08-12 11:57:28,,,,,,
8367,3898,43,29,43,45,64,76,66,ea_official,override_espn_v11_smart4,2026-08-12 11:57:28,,,,,,
8368,3899,69,51,55,57,68,74,68,ea_official,override_espn_v11_smart4,2026-08-12 11:57:28,,,,,,
8369,3900,59,35,53,49,72,77,71,ea_official,override_espn_v11_smart4,2026-08-12 11:57:28,,,,,,
8370,3901,68,70,73,73,66,64,71,ea_official,override_espn_v11_smart4,2026-08-12 11:57:28,,,,,,
8371,3902,77,56,66,75,71,76,73,ea_official,override_espn_v11_smart4,2026-08-12 11:57:28,,,,,,
8372,3904,67,27,31,47,49,56,52,ea_official,override_espn_v11_smart4,2026-08-12 11:57:28,,,,,,
8373,3905,84,70,65,68,32,70,71,ea_official,override_espn_v11_smart4,2026-08-12 11:57:28,,,,,,
8374,3906,73,68,69,71,68,80,73,ea_official,override_espn_v11_smart4,2026-08-12 11:57:28,,,,,,
8375,3907,77,70,75,79,69,63,74,ea_official,override_espn_v11_smart4,2026-08-12 11:57:28,,,,,,
8376,3909,61,62,62,65,22,56,62,ea_official,override_espn_v11_smart4,2026-08-12 11:57:28,,,,,,
8377,3910,85,72,69,77,51,64,74,ea_official,override_espn_v11_smart4,2026-08-12 11:57:28,,,,,,
8378,3912,84,67,62,75,38,49,72,ea_official,override_espn_v11_smart4,2026-08-12 11:57:28,,,,,,
8379,3914,83,45,64,70,66,81,72,ea_official,override_espn_v11_smart4,2026-08-12 11:57:28,,,,,,
8380,3915,74,70,73,74,71,66,75,ea_official,override_espn_v11_smart4,2026-08-12 11:57:28,,,,,,
8381,3917,74,57,64,72,58,58,68,ea_official,override_espn_v11_smart4,2026-08-12 11:57:28,,,,,,
8382,3918,55,67,49,62,30,71,67,ea_official,override_espn_v11_smart4,2026-08-12 11:57:28,,,,,,
8383,3919,78,73,71,75,46,57,73,ea_official,override_espn_v11_smart4,2026-08-12 11:57:28,,,,,,
8384,3945,65,79,82,82,62,72,81,ea_official,override_espn_v11_smart4,2026-08-12 11:57:28,,,,,,
8385,3958,83,52,59,66,65,67,69,ea_official,override_espn_v11_smart4,2026-08-12 11:57:28,,,,,,
8386,4020,78,42,60,67,70,75,71,ea_official,override_espn_v11_smart4,2026-08-12 11:57:28,,,,,,
8387,4029,67,40,70,71,80,82,80,ea_official,override_espn_v11_smart4,2026-08-12 11:57:28,,,,,,
8388,4031,78,64,68,73,71,69,72,ea_official,override_espn_v11_smart4,2026-08-12 11:57:28,,,,,,
8389,4046,76,76,78,79,38,75,77,ea_official,override_espn_v11_smart4,2026-08-12 11:57:28,,,,,,
8390,4053,80,64,75,76,77,78,79,ea_official,override_espn_v11_smart4,2026-08-12 11:57:28,,,,,,
8391,4057,78,72,70,74,55,67,74,ea_official,override_espn_v11_smart4,2026-08-12 11:57:28,,,,,,
8392,4060,76,63,73,76,68,82,74,ea_official,override_espn_v11_smart4,2026-08-12 11:57:28,,,,,,
8393,4065,53,33,53,63,72,76,72,ea_official,override_espn_v11_smart4,2026-08-12 11:57:28,,,,,,
8394,4066,83,78,78,84,52,80,82,ea_official,override_espn_v11_smart4,2026-08-12 11:57:28,,,,,,
8395,4067,66,48,62,65,83,81,82,ea_official,override_espn_v11_smart4,2026-08-12 11:57:28,,,,,,
8396,4069,73,32,57,62,78,83,79,ea_official,override_espn_v11_smart4,2026-08-12 11:57:28,,,,,,
8397,4071,75,76,80,78,79,84,81,ea_official,override_espn_v11_smart4,2026-08-12 11:57:28,,,,,,
8398,4072,88,44,71,79,74,72,78,ea_official,override_espn_v11_smart4,2026-08-12 11:57:28,,,,,,
8399,4073,78,73,81,80,77,76,82,ea_official,override_espn_v11_smart4,2026-08-12 11:57:28,,,,,,
8400,4074,71,80,66,77,42,83,80,ea_official,override_espn_v11_smart4,2026-08-12 11:57:28,,,,,,
8401,4075,77,77,80,87,61,70,84,ea_official,override_espn_v11_smart4,2026-08-12 11:57:28,,,,,,
8402,4082,88,64,73,78,76,79,80,ea_official,override_espn_v11_smart4,2026-08-12 11:57:28,,,,,,
8403,4083,90,79,71,80,38,65,81,ea_official,override_espn_v11_smart4,2026-08-12 11:57:28,,,,,,
8404,4086,82,78,79,85,56,83,81,ea_official,override_espn_v11_smart4,2026-08-12 11:57:28,,,,,,
8405,4087,67,40,65,67,73,79,74,ea_official,override_espn_v11_smart4,2026-08-12 11:57:28,,,,,,
8406,4089,78,70,77,79,75,70,79,ea_official,override_espn_v11_smart4,2026-08-12 11:57:28,,,,,,
8407,4090,80,53,68,70,81,76,80,ea_official,override_espn_v11_smart4,2026-08-12 11:57:28,,,,,,
8408,4091,77,71,77,77,80,80,78,ea_official,override_espn_v11_smart4,2026-08-12 11:57:28,,,,,,
8409,4092,78,76,77,80,81,81,81,ea_official,override_espn_v11_smart4,2026-08-12 11:57:28,,,,,,
8410,4093,63,69,80,76,81,78,84,ea_official,override_espn_v11_smart4,2026-08-12 11:57:28,,,,,,
8411,4094,81,82,71,80,34,78,82,ea_official,override_espn_v11_smart4,2026-08-12 11:57:28,,,,,,
8412,4097,70,79,83,78,75,75,81,ea_official,override_espn_v11_smart4,2026-08-12 11:57:28,,,,,,
8413,4098,78,78,71,78,57,79,78,ea_official,override_espn_v11_smart4,2026-08-12 11:57:28,,,,,,
8414,4099,73,60,75,76,66,68,74,ea_official,override_espn_v11_smart4,2026-08-12 11:57:28,,,,,,
8415,4100,72,38,69,65,74,69,74,ea_official,override_espn_v11_smart4,2026-08-12 11:57:28,,,,,,
8416,4101,84,71,76,85,25,62,79,ea_official,override_espn_v11_smart4,2026-08-12 11:57:28,,,,,,
8417,4103,95,81,69,81,31,80,83,ea_official,override_espn_v11_smart4,2026-08-12 11:57:28,,,,,,
8418,4105,64,43,59,63,66,53,66,ea_official,override_espn_v11_smart4,2026-08-12 11:57:28,,,,,,
8419,4108,70,70,62,70,42,69,69,ea_official,override_espn_v11_smart4,2026-08-12 11:57:28,,,,,,
8420,4133,79,76,76,81,56,75,78,ea_official,override_espn_v11_smart4,2026-08-12 11:57:28,,,,,,
8421,4134,37,52,66,64,78,78,77,ea_official,override_espn_v11_smart4,2026-08-12 11:57:28,,,,,,
8422,4135,67,46,72,70,80,78,80,ea_official,override_espn_v11_smart4,2026-08-12 11:57:28,,,,,,
8423,4137,63,49,68,70,80,77,78,ea_official,override_espn_v11_smart4,2026-08-12 11:57:28,,,,,,
8424,4138,77,75,75,80,60,74,77,ea_official,override_espn_v11_smart4,2026-08-12 11:57:28,,,,,,
8425,4139,69,67,71,75,72,75,73,ea_official,override_espn_v11_smart4,2026-08-12 11:57:28,,,,,,
8426,4140,69,70,73,77,69,62,75,ea_official,override_espn_v11_smart4,2026-08-12 11:57:28,,,,,,
8427,4142,87,73,76,86,57,64,82,ea_official,override_espn_v11_smart4,2026-08-12 11:57:28,,,,,,
8428,4144,60,78,74,77,45,77,78,ea_official,override_espn_v11_smart4,2026-08-12 11:57:28,,,,,,
8429,4145,52,40,56,60,75,72,74,ea_official,override_espn_v11_smart4,2026-08-12 11:57:28,,,,,,
8430,4146,46,69,75,72,73,63,73,ea_official,override_espn_v11_smart4,2026-08-12 11:57:28,,,,,,
8431,4147,74,72,78,72,39,73,73,ea_official,override_espn_v11_smart4,2026-08-12 11:57:28,,,,,,
8432,4148,79,65,62,69,29,57,68,ea_official,override_espn_v11_smart4,2026-08-12 11:57:28,,,,,,
8433,4149,66,65,73,73,74,72,75,ea_official,override_espn_v11_smart4,2026-08-12 11:57:28,,,,,,
8434,4151,65,50,77,77,79,76,79,ea_official,override_espn_v11_smart4,2026-08-12 11:57:28,,,,,,
8435,4152,76,73,80,79,75,75,80,ea_official,override_espn_v11_smart4,2026-08-12 11:57:28,,,,,,
8436,4193,83,83,74,84,43,87,85,ea_official,override_espn_v11_smart4,2026-08-12 11:57:28,,,,,,
8437,4216,76,69,69,73,69,77,73,ea_official,override_espn_v11_smart4,2026-08-12 11:57:28,,,,,,
8438,4224,77,72,73,80,38,56,75,ea_official,override_espn_v11_smart4,2026-08-12 11:57:28,,,,,,
8439,4229,65,70,67,73,56,80,74,ea_official,override_espn_v11_smart4,2026-08-12 11:57:28,,,,,,
8440,4252,71,39,51,60,61,52,63,ea_official,override_espn_v11_smart4,2026-08-12 11:57:28,,,,,,
8441,4254,88,42,61,73,74,80,76,ea_official,override_espn_v11_smart4,2026-08-12 11:57:28,,,,,,
8442,4257,76,54,65,73,71,75,74,ea_official,override_espn_v11_smart4,2026-08-12 11:57:28,,,,,,
8443,4258,70,78,81,82,43,60,80,ea_official,override_espn_v11_smart4,2026-08-12 11:57:28,,,,,,
8444,4261,81,81,63,75,32,80,79,ea_official,override_espn_v11_smart4,2026-08-12 11:57:28,,,,,,
8445,4263,87,72,64,76,38,54,71,ea_official,override_espn_v11_smart4,2026-08-12 11:57:28,,,,,,
8446,4265,65,58,69,72,78,79,78,ea_official,override_espn_v11_smart4,2026-08-12 11:57:28,,,,,,
8447,4302,71,76,65,71,30,61,76,ea_official,override_espn_v11_smart4,2026-08-12 11:57:28,,,,,,
8448,4306,68,79,66,76,39,71,78,ea_official,override_espn_v11_smart4,2026-08-12 11:57:28,,,,,,
8449,4316,83,61,67,71,67,80,74,ea_official,override_espn_v11_smart4,2026-08-12 11:57:28,,,,,,
8450,4346,69,68,75,76,68,69,74,ea_official,override_espn_v11_smart4,2026-08-12 11:57:28,,,,,,
8451,4353,83,82,67,81,44,76,82,ea_official,override_espn_v11_smart4,2026-08-12 11:57:28,,,,,,
8452,3221,76,88,76,80,34,76,85,eafchub,ismailoksuz/EAFC26-DataHub,2026-08-12T20:30:26.534511,,,,,,
8453,528,55,57,56,64,55,52,62,eafchub,ismailoksuz/EAFC26-DataHub,2026-08-12T20:30:26.534511,,,,,,
8454,61,75,68,73,78,57,55,75,eafchub,ismailoksuz/EAFC26-DataHub,2026-08-12T20:30:26.534511,,,,,,
8455,2374,74,54,63,71,50,58,68,eafchub,ismailoksuz/EAFC26-DataHub,2026-08-12T20:30:26.534511,,,,,,
8456,1564,77,44,60,67,61,59,67,eafchub,ismailoksuz/EAFC26-DataHub,2026-08-12T20:30:26.534511,,,,,,
8457,267,66,61,62,74,40,43,65,eafchub,ismailoksuz/EAFC26-DataHub,2026-08-12T20:30:26.534511,,,,,,
8458,1179,71,57,68,74,67,68,72,eafchub,ismailoksuz/EAFC26-DataHub,2026-08-12T20:30:26.534511,,,,,,
8459,2340,52,59,43,57,24,63,60,eafchub,ismailoksuz/EAFC26-DataHub,2026-08-12T20:30:26.534511,,,,,,
8460,856,,,,,,,69,eafchub,ismailoksuz/EAFC26-DataHub,2026-08-12T20:30:26.534511,,,,,,
8461,3401,,,,,,,57,eafchub,ismailoksuz/EAFC26-DataHub,2026-08-12T20:30:26.534511,,,,,,
8462,874,79,36,49,56,66,80,69,eafchub,ismailoksuz/EAFC26-DataHub,2026-08-12T20:30:26.534511,,,,,,
8463,1672,59,61,62,64,56,66,64,eafchub,ismailoksuz/EAFC26-DataHub,2026-08-12T20:30:26.534511,,,,,,
8464,3307,65,47,44,56,32,43,51,eafchub,ismailoksuz/EAFC26-DataHub,2026-08-12T20:30:26.534511,,,,,,
8465,2987,64,56,59,63,51,54,62,eafchub,ismailoksuz/EAFC26-DataHub,2026-08-12T20:30:26.534511,,,,,,
8466,1087,73,52,53,62,56,58,61,eafchub,ismailoksuz/EAFC26-DataHub,2026-08-12T20:30:26.534511,,,,,,
8467,1907,69,62,63,71,51,59,65,eafchub,ismailoksuz/EAFC26-DataHub,2026-08-12T20:30:26.534511,,,,,,
8468,1152,63,52,65,72,47,57,64,eafchub,ismailoksuz/EAFC26-DataHub,2026-08-12T20:30:26.534511,,,,,,
8469,3769,77,65,55,71,24,54,65,eafchub,ismailoksuz/EAFC26-DataHub,2026-08-12T20:30:26.534511,,,,,,
8470,3617,61,35,46,43,68,74,68,eafchub,ismailoksuz/EAFC26-DataHub,2026-08-12T20:30:26.534511,,,,,,
8471,714,81,70,70,80,33,61,76,eafchub,ismailoksuz/EAFC26-DataHub,2026-08-12T20:30:26.534511,,,,,,
8472,1735,77,68,66,73,37,55,70,eafchub,ismailoksuz/EAFC26-DataHub,2026-08-12T20:30:26.534511,,,,,,
8473,2320,59,44,60,62,52,65,61,eafchub,ismailoksuz/EAFC26-DataHub,2026-08-12T20:30:26.534511,,,,,,
8474,1203,56,40,52,56,70,74,70,eafchub,ismailoksuz/EAFC26-DataHub,2026-08-12T20:30:26.534511,,,,,,
8475,3180,67,42,51,60,67,75,69,eafchub,ismailoksuz/EAFC26-DataHub,2026-08-12T20:30:26.534511,,,,,,
8476,950,88,69,67,79,34,70,76,eafchub,ismailoksuz/EAFC26-DataHub,2026-08-12T20:30:26.534511,,,,,,
8477,2513,73,67,50,67,28,65,67,eafchub,ismailoksuz/EAFC26-DataHub,2026-08-12T20:30:26.534511,,,,,,
8478,527,69,61,61,65,59,67,65,eafchub,ismailoksuz/EAFC26-DataHub,2026-08-12T20:30:26.534511,,,,,,
8479,3748,57,22,45,48,65,62,64,eafchub,ismailoksuz/EAFC26-DataHub,2026-08-12T20:30:26.534511,,,,,,
8480,44,65,54,66,64,63,67,67,eafchub,ismailoksuz/EAFC26-DataHub,2026-08-12T20:30:26.534511,,,,,,
8481,730,82,71,65,71,50,76,72,eafchub,ismailoksuz/EAFC26-DataHub,2026-08-12T20:30:26.534511,,,,,,
8482,2559,60,58,60,61,51,58,61,eafchub,ismailoksuz/EAFC26-DataHub,2026-08-12T20:30:26.534511,,,,,,
8483,2551,55,55,57,61,38,53,59,eafchub,ismailoksuz/EAFC26-DataHub,2026-08-12T20:30:26.534511,,,,,,
8484,2333,63,30,32,49,59,57,56,eafchub,ismailoksuz/EAFC26-DataHub,2026-08-12T20:30:26.534511,,,,,,
8485,2553,55,63,63,67,62,54,66,eafchub,ismailoksuz/EAFC26-DataHub,2026-08-12T20:30:26.534511,,,,,,
8486,310,72,63,51,63,28,60,64,eafchub,ismailoksuz/EAFC26-DataHub,2026-08-12T20:30:26.534511,,,,,,
8487,3416,75,64,62,72,39,58,68,eafchub,ismailoksuz/EAFC26-DataHub,2026-08-12T20:30:26.534511,,,,,,
8488,1919,66,61,42,55,22,67,62,eafchub,ismailoksuz/EAFC26-DataHub,2026-08-12T20:30:26.534511,,,,,,
8489,807,57,49,56,61,51,49,59,eafchub,ismailoksuz/EAFC26-DataHub,2026-08-12T20:30:26.534511,,,,,,
8490,3539,55,52,58,56,64,71,65,eafchub,ismailoksuz/EAFC26-DataHub,2026-08-12T20:30:26.534511,,,,,,
8491,2403,70,33,44,41,66,72,66,eafchub,ismailoksuz/EAFC26-DataHub,2026-08-12T20:30:26.534511,,,,,,
8492,2231,91,59,62,71,28,51,70,eafchub,ismailoksuz/EAFC26-DataHub,2026-08-12T20:30:26.534511,,,,,,
8493,575,68,52,56,60,36,46,59,eafchub,ismailoksuz/EAFC26-DataHub,2026-08-12T20:30:26.534511,,,,,,
8494,2833,74,34,49,55,60,78,64,eafchub,ismailoksuz/EAFC26-DataHub,2026-08-12T20:30:26.534511,,,,,,
8495,809,63,52,54,60,58,65,61,eafchub,ismailoksuz/EAFC26-DataHub,2026-08-12T20:30:26.534511,,,,,,
8496,3062,85,35,53,67,64,64,70,eafchub,ismailoksuz/EAFC26-DataHub,2026-08-12T20:30:26.534511,,,,,,
8497,1753,64,58,57,61,59,60,63,eafchub,ismailoksuz/EAFC26-DataHub,2026-08-12T20:30:26.534511,,,,,,
8498,1084,53,33,45,52,65,69,66,eafchub,ismailoksuz/EAFC26-DataHub,2026-08-12T20:30:26.534511,,,,,,
8499,1213,57,26,44,45,58,66,59,eafchub,ismailoksuz/EAFC26-DataHub,2026-08-12T20:30:26.534511,,,,,,
8500,2330,72,65,59,67,27,43,64,eafchub,ismailoksuz/EAFC26-DataHub,2026-08-12T20:30:26.534511,,,,,,
8501,930,81,51,70,74,69,65,75,eafchub,ismailoksuz/EAFC26-DataHub,2026-08-12T20:30:26.534511,,,,,,
8502,2351,73,40,59,59,58,63,64,eafchub,ismailoksuz/EAFC26-DataHub,2026-08-12T20:30:26.534511,,,,,,
8503,1558,71,55,62,69,56,63,67,eafchub,ismailoksuz/EAFC26-DataHub,2026-08-12T20:30:26.534511,,,,,,
8504,3088,75,42,53,57,54,63,59,eafchub,ismailoksuz/EAFC26-DataHub,2026-08-12T20:30:26.534511,,,,,,
8505,2328,68,54,57,59,50,59,60,eafchub,ismailoksuz/EAFC26-DataHub,2026-08-12T20:30:26.534511,,,,,,
8506,3389,46,32,44,45,60,69,61,eafchub,ismailoksuz/EAFC26-DataHub,2026-08-12T20:30:26.534511,,,,,,
8507,1384,,,,,,,56,eafchub,ismailoksuz/EAFC26-DataHub,2026-08-12T20:30:26.534511,,,,,,
8508,1205,71,50,56,59,56,62,58,eafchub,ismailoksuz/EAFC26-DataHub,2026-08-12T20:30:26.534511,,,,,,
8509,1624,62,27,56,56,72,71,72,eafchub,ismailoksuz/EAFC26-DataHub,2026-08-12T20:30:26.534511,,,,,,
8510,1630,77,40,60,68,63,61,68,eafchub,ismailoksuz/EAFC26-DataHub,2026-08-12T20:30:26.534511,,,,,,
8511,958,70,58,57,61,56,50,59,eafchub,ismailoksuz/EAFC26-DataHub,2026-08-12T20:30:26.534511,,,,,,
8512,960,66,41,52,59,72,70,71,eafchub,ismailoksuz/EAFC26-DataHub,2026-08-12T20:30:26.534511,,,,,,
8513,923,77,66,74,79,40,41,76,eafchub,ismailoksuz/EAFC26-DataHub,2026-08-12T20:30:26.534511,,,,,,
8514,1437,68,25,43,55,62,61,62,eafchub,ismailoksuz/EAFC26-DataHub,2026-08-12T20:30:26.534511,,,,,,
8515,1678,67,50,49,54,48,48,54,eafchub,ismailoksuz/EAFC26-DataHub,2026-08-12T20:30:26.534511,,,,,,
8516,1765,62,49,58,61,51,56,59,eafchub,ismailoksuz/EAFC26-DataHub,2026-08-12T20:30:26.534511,,,,,,
8517,350,76,48,67,71,65,57,68,eafchub,ismailoksuz/EAFC26-DataHub,2026-08-12T20:30:26.534511,,,,,,
8518,2880,89,57,59,71,26,42,67,eafchub,ismailoksuz/EAFC26-DataHub,2026-08-12T20:30:26.534511,,,,,,
8519,2122,79,51,67,76,78,75,79,eafchub,ismailoksuz/EAFC26-DataHub,2026-08-12T20:30:26.534511,,,,,,
8520,1821,73,54,59,63,66,71,67,eafchub,ismailoksuz/EAFC26-DataHub,2026-08-12T20:30:26.534511,,,,,,
8521,1514,,,,,,,69,eafchub,ismailoksuz/EAFC26-DataHub,2026-08-12T20:30:26.534511,,,,,,
8522,325,68,73,69,73,68,83,76,eafchub,ismailoksuz/EAFC26-DataHub,2026-08-12T20:30:26.534511,,,,,,
8523,3278,82,75,63,75,35,78,76,eafchub,ismailoksuz/EAFC26-DataHub,2026-08-12T20:30:26.534511,,,,,,
8524,1211,70,64,55,65,29,68,65,eafchub,ismailoksuz/EAFC26-DataHub,2026-08-12T20:30:26.534511,,,,,,
8525,3179,72,52,57,59,45,45,58,eafchub,ismailoksuz/EAFC26-DataHub,2026-08-12T20:30:26.534511,,,,,,
8526,3145,69,34,52,57,68,76,70,eafchub,ismailoksuz/EAFC26-DataHub,2026-08-12T20:30:26.534511,,,,,,
8527,1043,83,45,58,63,64,72,69,eafchub,ismailoksuz/EAFC26-DataHub,2026-08-12T20:30:26.534511,,,,,,
8528,4077,,,,,,,75,eafchub,ismailoksuz/EAFC26-DataHub,2026-08-12T20:30:26.534511,76,76,76,74,75,25
8529,1093,64,57,52,58,50,62,60,eafchub,ismailoksuz/EAFC26-DataHub,2026-08-12T20:30:26.534511,,,,,,
8530,1966,68,32,44,52,53,54,56,eafchub,ismailoksuz/EAFC26-DataHub,2026-08-12T20:30:26.534511,,,,,,
8531,2519,75,56,60,66,57,56,62,eafchub,ismailoksuz/EAFC26-DataHub,2026-08-12T20:30:26.534511,,,,,,
8532,2468,61,35,49,52,66,70,66,eafchub,ismailoksuz/EAFC26-DataHub,2026-08-12T20:30:26.534511,,,,,,
8533,3715,61,46,53,60,55,58,58,eafchub,ismailoksuz/EAFC26-DataHub,2026-08-12T20:30:26.534511,,,,,,
8534,4141,86,68,61,71,41,77,72,eafchub,ismailoksuz/EAFC26-DataHub,2026-08-12T20:30:26.534511,,,,,,
8535,158,65,67,72,71,63,68,71,eafchub,ismailoksuz/EAFC26-DataHub,2026-08-12T20:30:26.534511,,,,,,
8536,1365,74,54,63,66,62,72,68,eafchub,ismailoksuz/EAFC26-DataHub,2026-08-12T20:30:26.534511,,,,,,
8537,141,70,32,56,57,69,73,70,eafchub,ismailoksuz/EAFC26-DataHub,2026-08-12T20:30:26.534511,,,,,,
8538,2549,79,37,53,55,57,62,63,eafchub,ismailoksuz/EAFC26-DataHub,2026-08-12T20:30:26.534511,,,,,,
8539,3181,84,62,62,73,30,59,69,eafchub,ismailoksuz/EAFC26-DataHub,2026-08-12T20:30:26.534511,,,,,,
8540,4105,64,43,59,63,66,53,66,eafchub,ismailoksuz/EAFC26-DataHub,2026-08-12T20:30:26.534511,,,,,,
8541,1846,78,65,66,74,32,47,71,eafchub,ismailoksuz/EAFC26-DataHub,2026-08-12T20:30:26.534511,,,,,,
8542,14,86,62,62,69,27,72,70,eafchub,ismailoksuz/EAFC26-DataHub,2026-08-12T20:30:26.534511,,,,,,
8543,1367,61,36,47,44,63,73,64,eafchub,ismailoksuz/EAFC26-DataHub,2026-08-12T20:30:26.534511,,,,,,
8544,60,77,60,60,72,25,45,68,eafchub,ismailoksuz/EAFC26-DataHub,2026-08-12T20:30:26.534511,,,,,,
8545,1161,67,61,68,72,64,62,70,eafchub,ismailoksuz/EAFC26-DataHub,2026-08-12T20:30:26.534511,,,,,,
8546,1159,70,61,59,71,26,48,67,eafchub,ismailoksuz/EAFC26-DataHub,2026-08-12T20:30:26.534511,,,,,,
8547,474,68,43,53,61,64,57,66,eafchub,ismailoksuz/EAFC26-DataHub,2026-08-12T20:30:26.534511,,,,,,
8548,197,67,60,46,64,19,54,61,eafchub,ismailoksuz/EAFC26-DataHub,2026-08-12T20:30:26.534511,,,,,,
8549,671,60,32,57,63,62,60,64,eafchub,ismailoksuz/EAFC26-DataHub,2026-08-12T20:30:26.534511,,,,,,
8550,4126,70,35,51,55,69,75,69,eafchub,ismailoksuz/EAFC26-DataHub,2026-08-12T20:30:26.534511,,,,,,
8551,1823,54,45,43,48,58,66,59,eafchub,ismailoksuz/EAFC26-DataHub,2026-08-12T20:30:26.534511,,,,,,
8552,2780,78,69,66,74,34,55,72,eafchub,ismailoksuz/EAFC26-DataHub,2026-08-12T20:30:26.534511,,,,,,
8553,460,65,57,60,64,60,60,65,eafchub,ismailoksuz/EAFC26-DataHub,2026-08-12T20:30:26.534511,,,,,,
8554,3163,78,59,58,67,25,47,65,eafchub,ismailoksuz/EAFC26-DataHub,2026-08-12T20:30:26.534511,,,,,,
8555,3729,68,48,59,62,64,65,67,eafchub,ismailoksuz/EAFC26-DataHub,2026-08-12T20:30:26.534511,,,,,,
8556,536,63,47,50,54,52,58,55,eafchub,ismailoksuz/EAFC26-DataHub,2026-08-12T20:30:26.534511,,,,,,
8557,337,58,58,74,77,75,72,78,eafchub,ismailoksuz/EAFC26-DataHub,2026-08-12T20:30:26.534511,,,,,,
8558,1873,78,37,51,52,76,73,74,eafchub,ismailoksuz/EAFC26-DataHub,2026-08-12T20:30:26.534511,,,,,,
8559,218,63,33,52,49,60,69,62,eafchub,ismailoksuz/EAFC26-DataHub,2026-08-12T20:30:26.534511,,,,,,
8560,1756,74,51,51,56,42,59,57,eafchub,ismailoksuz/EAFC26-DataHub,2026-08-12T20:30:26.534511,,,,,,
8561,1551,67,30,41,45,63,66,62,eafchub,ismailoksuz/EAFC26-DataHub,2026-08-12T20:30:26.534511,,,,,,
8562,203,72,54,62,63,47,54,62,eafchub,ismailoksuz/EAFC26-DataHub,2026-08-12T20:30:26.534511,,,,,,
8563,2407,74,54,59,67,65,63,68,eafchub,ismailoksuz/EAFC26-DataHub,2026-08-12T20:30:26.534511,,,,,,
8564,3756,80,68,69,77,32,54,74,eafchub,ismailoksuz/EAFC26-DataHub,2026-08-12T20:30:26.534511,,,,,,
8565,909,58,39,61,57,62,63,63,eafchub,ismailoksuz/EAFC26-DataHub,2026-08-12T20:30:26.534511,,,,,,
8566,4102,67,62,58,67,35,52,65,eafchub,ismailoksuz/EAFC26-DataHub,2026-08-12T20:30:26.534511,,,,,,
8567,3291,65,32,42,45,57,66,59,eafchub,ismailoksuz/EAFC26-DataHub,2026-08-12T20:30:26.534511,,,,,,
8568,425,66,25,53,53,73,75,72,eafchub,ismailoksuz/EAFC26-DataHub,2026-08-12T20:30:26.534511,,,,,,
8569,3184,61,49,60,57,58,62,62,eafchub,ismailoksuz/EAFC26-DataHub,2026-08-12T20:30:26.534511,,,,,,
8570,1363,58,45,52,56,48,53,56,eafchub,ismailoksuz/EAFC26-DataHub,2026-08-12T20:30:26.534511,,,,,,
8571,1954,60,31,38,49,52,55,54,eafchub,ismailoksuz/EAFC26-DataHub,2026-08-12T20:30:26.534511,,,,,,
8572,957,59,37,52,55,37,46,53,eafchub,ismailoksuz/EAFC26-DataHub,2026-08-12T20:30:26.534511,,,,,,
8573,2411,74,61,53,66,27,49,62,eafchub,ismailoksuz/EAFC26-DataHub,2026-08-12T20:30:26.534511,,,,,,
8574,2129,60,56,64,66,48,52,61,eafchub,ismailoksuz/EAFC26-DataHub,2026-08-12T20:30:26.534511,,,,,,
8575,265,74,57,63,70,41,62,68,eafchub,ismailoksuz/EAFC26-DataHub,2026-08-12T20:30:26.534511,,,,,,
8576,2378,63,37,52,54,64,62,64,eafchub,ismailoksuz/EAFC26-DataHub,2026-08-12T20:30:26.534511,,,,,,
8577,2364,71,54,54,61,62,76,66,eafchub,ismailoksuz/EAFC26-DataHub,2026-08-12T20:30:26.534511,,,,,,
8578,3774,57,57,48,56,20,50,56,eafchub,ismailoksuz/EAFC26-DataHub,2026-08-12T20:30:26.534511,,,,,,
8579,3610,67,62,68,71,56,65,68,eafchub,ismailoksuz/EAFC26-DataHub,2026-08-12T20:30:26.534511,,,,,,
8580,2417,,,,,,,53,eafchub,ismailoksuz/EAFC26-DataHub,2026-08-12T20:30:26.534511,,,,,,
8581,2410,70,64,60,66,36,53,63,eafchub,ismailoksuz/EAFC26-DataHub,2026-08-12T20:30:26.534511,,,,,,
8582,3408,67,28,49,60,68,69,68,eafchub,ismailoksuz/EAFC26-DataHub,2026-08-12T20:30:26.534511,,,,,,
8583,1618,65,32,48,54,54,54,59,eafchub,ismailoksuz/EAFC26-DataHub,2026-08-12T20:30:26.534511,,,,,,
8584,3904,67,27,31,47,49,56,52,eafchub,ismailoksuz/EAFC26-DataHub,2026-08-12T20:30:26.534511,,,,,,
8585,3608,69,38,51,58,57,51,60,eafchub,ismailoksuz/EAFC26-DataHub,2026-08-12T20:30:26.534511,,,,,,
8586,2110,68,42,57,60,66,58,65,eafchub,ismailoksuz/EAFC26-DataHub,2026-08-12T20:30:26.534511,,,,,,
8587,2413,,,,,,,64,eafchub,ismailoksuz/EAFC26-DataHub,2026-08-12T20:30:26.534511,,,,,,
8588,3770,68,49,57,61,47,51,59,eafchub,ismailoksuz/EAFC26-DataHub,2026-08-12T20:30:26.534511,,,,,,
8589,798,72,61,60,66,26,39,65,eafchub,ismailoksuz/EAFC26-DataHub,2026-08-12T20:30:26.534511,,,,,,
8590,996,67,58,52,57,30,55,59,eafchub,ismailoksuz/EAFC26-DataHub,2026-08-12T20:30:26.534511,,,,,,
8591,3588,58,46,55,59,58,63,60,eafchub,ismailoksuz/EAFC26-DataHub,2026-08-12T20:30:26.534511,,,,,,
8592,1296,69,55,61,66,39,38,63,eafchub,ismailoksuz/EAFC26-DataHub,2026-08-12T20:30:26.534511,,,,,,
8593,199,63,50,50,57,22,46,56,eafchub,ismailoksuz/EAFC26-DataHub,2026-08-12T20:30:26.534511,,,,,,
8594,4035,75,59,51,64,23,63,62,eafchub,ismailoksuz/EAFC26-DataHub,2026-08-12T20:30:26.534511,,,,,,
8595,1067,66,31,51,58,59,67,62,eafchub,ismailoksuz/EAFC26-DataHub,2026-08-12T20:30:26.534511,,,,,,
8596,2405,74,54,56,58,57,61,62,eafchub,ismailoksuz/EAFC26-DataHub,2026-08-12T20:30:26.534511,,,,,,
8597,633,79,61,54,65,28,55,64,eafchub,ismailoksuz/EAFC26-DataHub,2026-08-12T20:30:26.534511,,,,,,
8598,2109,63,70,61,68,26,57,68,eafchub,ismailoksuz/EAFC26-DataHub,2026-08-12T20:30:26.534511,,,,,,
8599,472,61,68,49,55,23,58,62,eafchub,ismailoksuz/EAFC26-DataHub,2026-08-12T20:30:26.534511,,,,,,
8600,2602,70,56,61,72,62,69,69,eafchub,ismailoksuz/EAFC26-DataHub,2026-08-12T20:30:26.534511,,,,,,
8601,3055,73,58,55,64,37,53,62,eafchub,ismailoksuz/EAFC26-DataHub,2026-08-12T20:30:26.534511,,,,,,
8602,2318,82,68,56,67,28,77,70,eafchub,ismailoksuz/EAFC26-DataHub,2026-08-12T20:30:26.534511,,,,,,
8603,504,72,48,64,68,63,60,68,eafchub,ismailoksuz/EAFC26-DataHub,2026-08-12T20:30:26.534511,,,,,,
8604,1486,66,49,55,59,58,62,62,eafchub,ismailoksuz/EAFC26-DataHub,2026-08-12T20:30:26.534511,,,,,,
8605,673,76,64,56,68,30,64,65,eafchub,ismailoksuz/EAFC26-DataHub,2026-08-12T20:30:26.534511,,,,,,
8606,3240,64,60,58,68,33,48,62,eafchub,ismailoksuz/EAFC26-DataHub,2026-08-12T20:30:26.534511,,,,,,
8607,1460,63,31,48,57,60,55,62,eafchub,ismailoksuz/EAFC26-DataHub,2026-08-12T20:30:26.534511,,,,,,
8608,927,82,66,61,75,30,51,70,eafchub,ismailoksuz/EAFC26-DataHub,2026-08-12T20:30:26.534511,,,,,,
8609,2373,60,35,49,50,62,71,64,eafchub,ismailoksuz/EAFC26-DataHub,2026-08-12T20:30:26.534511,,,,,,
8610,540,71,59,60,60,47,53,61,eafchub,ismailoksuz/EAFC26-DataHub,2026-08-12T20:30:26.534511,,,,,,
8611,3001,68,44,52,58,60,61,61,eafchub,ismailoksuz/EAFC26-DataHub,2026-08-12T20:30:26.534511,,,,,,
8612,1749,70,38,54,59,56,60,61,eafchub,ismailoksuz/EAFC26-DataHub,2026-08-12T20:30:26.534511,,,,,,
8613,2564,56,29,39,50,59,69,60,eafchub,ismailoksuz/EAFC26-DataHub,2026-08-12T20:30:26.534511,,,,,,
8614,3571,70,56,49,56,42,50,56,eafchub,ismailoksuz/EAFC26-DataHub,2026-08-12T20:30:26.534511,,,,,,
8615,2552,65,52,55,57,52,61,60,eafchub,ismailoksuz/EAFC26-DataHub,2026-08-12T20:30:26.534511,,,,,,
8616,2365,63,54,63,61,62,58,64,eafchub,ismailoksuz/EAFC26-DataHub,2026-08-12T20:30:26.534511,,,,,,
8617,1293,54,33,35,36,57,58,56,eafchub,ismailoksuz/EAFC26-DataHub,2026-08-12T20:30:26.534511,,,,,,
8618,1910,,,,,,,60,eafchub,ismailoksuz/EAFC26-DataHub,2026-08-12T20:30:26.534511,,,,,,
8619,1121,,,,,,,52,eafchub,ismailoksuz/EAFC26-DataHub,2026-08-12T20:30:26.534511,,,,,,
8620,857,64,24,40,50,68,68,67,eafchub,ismailoksuz/EAFC26-DataHub,2026-08-12T20:30:26.534511,,,,,,
8621,3757,63,52,62,68,74,77,72,eafchub,ismailoksuz/EAFC26-DataHub,2026-08-12T20:30:26.534511,,,,,,
8622,3565,76,64,52,63,25,61,65,eafchub,ismailoksuz/EAFC26-DataHub,2026-08-12T20:30:26.534511,,,,,,
8623,227,68,56,55,58,26,58,60,eafchub,ismailoksuz/EAFC26-DataHub,2026-08-12T20:30:26.534511,,,,,,
8624,3299,71,55,37,47,17,52,53,eafchub,ismailoksuz/EAFC26-DataHub,2026-08-12T20:30:26.534511,,,,,,
8625,951,68,35,53,50,52,46,57,eafchub,ismailoksuz/EAFC26-DataHub,2026-08-12T20:30:26.534511,,,,,,
8626,1937,66,45,52,53,56,59,58,eafchub,ismailoksuz/EAFC26-DataHub,2026-08-12T20:30:26.534511,,,,,,
8627,3743,,,,,,,51,eafchub,ismailoksuz/EAFC26-DataHub,2026-08-12T20:30:26.534511,,,,,,
8628,1951,64,44,47,54,44,63,53,eafchub,ismailoksuz/EAFC26-DataHub,2026-08-12T20:30:26.534511,,,,,,
8629,3707,59,23,43,38,56,60,55,eafchub,ismailoksuz/EAFC26-DataHub,2026-08-12T20:30:26.534511,,,,,,
8630,952,54,67,50,60,27,59,63,eafchub,ismailoksuz/EAFC26-DataHub,2026-08-12T20:30:26.534511,,,,,,
8631,1931,59,33,38,43,54,60,53,eafchub,ismailoksuz/EAFC26-DataHub,2026-08-12T20:30:26.534511,,,,,,
8632,2509,63,50,60,63,59,59,62,eafchub,ismailoksuz/EAFC26-DataHub,2026-08-12T20:30:26.534511,,,,,,
8633,3712,68,54,57,61,56,60,61,eafchub,ismailoksuz/EAFC26-DataHub,2026-08-12T20:30:26.534511,,,,,,
8634,1092,63,58,46,52,24,65,59,eafchub,ismailoksuz/EAFC26-DataHub,2026-08-12T20:30:26.534511,,,,,,
8635,342,75,59,49,61,27,61,60,eafchub,ismailoksuz/EAFC26-DataHub,2026-08-12T20:30:26.534511,,,,,,
8636,3246,80,37,53,61,50,59,59,eafchub,ismailoksuz/EAFC26-DataHub,2026-08-12T20:30:26.534511,,,,,,
8637,2377,74,64,53,66,26,55,65,eafchub,ismailoksuz/EAFC26-DataHub,2026-08-12T20:30:26.534511,,,,,,
8638,2784,63,31,41,43,61,61,60,eafchub,ismailoksuz/EAFC26-DataHub,2026-08-12T20:30:26.534511,,,,,,
8639,1098,,,,,,,60,eafchub,ismailoksuz/EAFC26-DataHub,2026-08-12T20:30:26.534511,,,,,,
8640,1903,66,43,60,62,56,57,61,eafchub,ismailoksuz/EAFC26-DataHub,2026-08-12T20:30:26.534511,,,,,,
8641,3803,,,,,,,59,eafchub,ismailoksuz/EAFC26-DataHub,2026-08-12T20:30:26.534511,,,,,,
8642,974,69,39,49,52,53,62,57,eafchub,ismailoksuz/EAFC26-DataHub,2026-08-12T20:30:26.534511,,,,,,
8643,2993,71,29,54,60,59,60,63,eafchub,ismailoksuz/EAFC26-DataHub,2026-08-12T20:30:26.534511,,,,,,
8644,1968,55,27,47,37,53,56,53,eafchub,ismailoksuz/EAFC26-DataHub,2026-08-12T20:30:26.534511,,,,,,
8645,1934,57,31,45,39,59,64,59,eafchub,ismailoksuz/EAFC26-DataHub,2026-08-12T20:30:26.534511,,,,,,
8646,3280,71,61,62,64,25,49,66,eafchub,ismailoksuz/EAFC26-DataHub,2026-08-12T20:30:26.534511,,,,,,
8647,1101,71,26,41,55,63,72,65,eafchub,ismailoksuz/EAFC26-DataHub,2026-08-12T20:30:26.534511,,,,,,
8648,532,70,49,52,58,27,53,57,eafchub,ismailoksuz/EAFC26-DataHub,2026-08-12T20:30:26.534511,,,,,,
8649,539,57,27,39,36,55,58,55,eafchub,ismailoksuz/EAFC26-DataHub,2026-08-12T20:30:26.534511,,,,,,
8650,283,69,58,60,69,34,37,63,eafchub,ismailoksuz/EAFC26-DataHub,2026-08-12T20:30:26.534511,,,,,,
8651,1927,67,52,62,68,61,60,66,eafchub,ismailoksuz/EAFC26-DataHub,2026-08-12T20:30:26.534511,,,,,,
8652,1906,64,25,41,35,56,53,53,eafchub,ismailoksuz/EAFC26-DataHub,2026-08-12T20:30:26.534511,,,,,,
8653,3722,,,,,,,55,eafchub,ismailoksuz/EAFC26-DataHub,2026-08-12T20:30:26.534511,,,,,,
8654,405,63,44,56,58,63,55,62,eafchub,ismailoksuz/EAFC26-DataHub,2026-08-12T20:30:26.534511,,,,,,
8655,535,65,51,51,53,47,54,55,eafchub,ismailoksuz/EAFC26-DataHub,2026-08-12T20:30:26.534511,,,,,,
8656,1596,54,65,50,64,32,50,63,eafchub,ismailoksuz/EAFC26-DataHub,2026-08-12T20:30:26.534511,,,,,,
8657,3235,72,59,55,67,20,41,61,eafchub,ismailoksuz/EAFC26-DataHub,2026-08-12T20:30:26.534511,,,,,,
8658,678,76,55,53,68,23,44,61,eafchub,ismailoksuz/EAFC26-DataHub,2026-08-12T20:30:26.534511,,,,,,
8659,2661,53,52,61,59,52,66,58,eafchub,ismailoksuz/EAFC26-DataHub,2026-08-12T20:30:26.534511,,,,,,
8660,3050,71,65,57,68,21,50,63,eafchub,ismailoksuz/EAFC26-DataHub,2026-08-12T20:30:26.534511,,,,,,
8661,2095,59,57,56,62,56,61,61,eafchub,ismailoksuz/EAFC26-DataHub,2026-08-12T20:30:26.534511,,,,,,
8662,428,66,59,63,71,29,59,66,eafchub,ismailoksuz/EAFC26-DataHub,2026-08-12T20:30:26.534511,,,,,,
8663,1102,64,46,51,53,48,50,54,eafchub,ismailoksuz/EAFC26-DataHub,2026-08-12T20:30:26.534511,,,,,,
8664,4267,59,29,33,41,60,54,57,eafchub,ismailoksuz/EAFC26-DataHub,2026-08-12T20:30:26.534511,,,,,,
8665,908,,,,,,,59,eafchub,ismailoksuz/EAFC26-DataHub,2026-08-12T20:30:26.534511,,,,,,
8666,3584,67,42,59,61,36,46,58,eafchub,ismailoksuz/EAFC26-DataHub,2026-08-12T20:30:26.534511,,,,,,
8667,286,61,49,58,59,58,43,59,eafchub,ismailoksuz/EAFC26-DataHub,2026-08-12T20:30:26.534511,,,,,,
8668,681,72,66,66,69,49,61,68,eafchub,ismailoksuz/EAFC26-DataHub,2026-08-12T20:30:26.534511,,,,,,
8669,3501,70,77,63,72,36,77,77,eafchub,ismailoksuz/EAFC26-DataHub,2026-08-12T20:30:26.534511,,,,,,
8670,3177,,,,,,,57,eafchub,ismailoksuz/EAFC26-DataHub,2026-08-12T20:30:26.534511,,,,,,
8671,1140,54,52,35,45,16,42,49,eafchub,ismailoksuz/EAFC26-DataHub,2026-08-12T20:30:26.534511,,,,,,
8672,1297,67,60,48,57,26,62,61,eafchub,ismailoksuz/EAFC26-DataHub,2026-08-12T20:30:26.534511,,,,,,
8673,1825,70,49,59,60,53,53,59,eafchub,ismailoksuz/EAFC26-DataHub,2026-08-12T20:30:26.534511,,,,,,
8674,1796,84,61,52,63,18,59,63,eafchub,ismailoksuz/EAFC26-DataHub,2026-08-12T20:30:26.534511,,,,,,
8675,270,59,51,64,67,61,68,67,eafchub,ismailoksuz/EAFC26-DataHub,2026-08-12T20:30:26.534511,,,,,,
8676,3509,67,38,59,58,73,80,74,eafchub,ismailoksuz/EAFC26-DataHub,2026-08-12T20:30:26.534511,,,,,,
8677,491,75,58,51,66,22,54,62,eafchub,ismailoksuz/EAFC26-DataHub,2026-08-12T20:30:26.534511,,,,,,
8678,4373,58,32,36,39,59,65,59,eafchub,ismailoksuz/EAFC26-DataHub,2026-08-12T20:30:26.534511,,,,,,
8679,488,71,59,44,55,27,63,61,eafchub,ismailoksuz/EAFC26-DataHub,2026-08-12T20:30:26.534511,,,,,,
8680,1921,67,52,44,52,24,47,52,eafchub,ismailoksuz/EAFC26-DataHub,2026-08-12T20:30:26.534511,,,,,,
8681,973,60,54,39,51,23,48,51,eafchub,ismailoksuz/EAFC26-DataHub,2026-08-12T20:30:26.534511,,,,,,
8682,3318,59,55,38,51,23,55,54,eafchub,ismailoksuz/EAFC26-DataHub,2026-08-12T20:30:26.534511,,,,,,
8683,2421,82,55,48,63,27,55,59,eafchub,ismailoksuz/EAFC26-DataHub,2026-08-12T20:30:26.534511,,,,,,
8684,2402,58,39,47,46,62,65,61,eafchub,ismailoksuz/EAFC26-DataHub,2026-08-12T20:30:26.534511,,,,,,
8685,403,64,51,66,72,56,42,66,eafchub,ismailoksuz/EAFC26-DataHub,2026-08-12T20:30:26.534511,,,,,,
8686,4252,71,39,51,60,61,52,63,eafchub,ismailoksuz/EAFC26-DataHub,2026-08-12T20:30:26.534511,,,,,,
8687,628,89,62,70,78,73,76,77,eafchub,ismailoksuz/EAFC26-DataHub,2026-08-12T20:30:26.534511,,,,,,
8688,619,,,,,,,56,eafchub,ismailoksuz/EAFC26-DataHub,2026-08-12T20:30:26.534511,,,,,,
8689,2996,68,53,58,58,38,57,58,eafchub,ismailoksuz/EAFC26-DataHub,2026-08-12T20:30:26.534511,,,,,,
8690,3801,62,33,52,58,58,64,60,eafchub,ismailoksuz/EAFC26-DataHub,2026-08-12T20:30:26.534511,,,,,,
8691,1379,66,67,60,71,21,55,65,eafchub,ismailoksuz/EAFC26-DataHub,2026-08-12T20:30:26.534511,,,,,,
8692,2909,62,44,49,57,54,52,58,eafchub,ismailoksuz/EAFC26-DataHub,2026-08-12T20:30:26.534511,,,,,,
8693,2547,64,25,40,46,59,59,58,eafchub,ismailoksuz/EAFC26-DataHub,2026-08-12T20:30:26.534511,,,,,,
8694,3526,90,64,59,72,35,53,68,eafchub,ismailoksuz/EAFC26-DataHub,2026-08-12T20:30:26.534511,,,,,,
8695,3652,61,42,51,47,58,68,61,eafchub,ismailoksuz/EAFC26-DataHub,2026-08-12T20:30:26.534511,,,,,,
8696,1684,76,53,51,60,52,53,58,eafchub,ismailoksuz/EAFC26-DataHub,2026-08-12T20:30:26.534511,,,,,,
8697,1557,67,30,40,44,62,64,61,eafchub,ismailoksuz/EAFC26-DataHub,2026-08-12T20:30:26.534511,,,,,,
8698,1144,68,34,49,51,67,69,67,eafchub,ismailoksuz/EAFC26-DataHub,2026-08-12T20:30:26.534511,,,,,,
8699,1981,68,36,49,58,58,50,61,eafchub,ismailoksuz/EAFC26-DataHub,2026-08-12T20:30:26.534511,,,,,,
8700,1957,58,40,46,49,47,54,50,eafchub,ismailoksuz/EAFC26-DataHub,2026-08-12T20:30:26.534511,,,,,,
8701,895,66,46,54,67,40,48,58,eafchub,ismailoksuz/EAFC26-DataHub,2026-08-12T20:30:26.534511,,,,,,
8702,666,57,32,41,39,61,65,61,eafchub,ismailoksuz/EAFC26-DataHub,2026-08-12T20:30:26.534511,,,,,,
8703,676,70,44,54,65,58,67,61,eafchub,ismailoksuz/EAFC26-DataHub,2026-08-12T20:30:26.534511,,,,,,
8704,677,74,65,55,64,29,62,65,eafchub,ismailoksuz/EAFC26-DataHub,2026-08-12T20:30:26.534511,,,,,,
8705,679,,,,,,,58,eafchub,ismailoksuz/EAFC26-DataHub,2026-08-12T20:30:26.534511,,,,,,
8706,682,67,34,44,46,61,57,59,eafchub,ismailoksuz/EAFC26-DataHub,2026-08-12T20:30:26.534511,,,,,,
8707,519,64,56,55,61,33,50,57,eafchub,ismailoksuz/EAFC26-DataHub,2026-08-12T20:30:26.534511,,,,,,
8708,219,61,29,45,48,55,57,53,eafchub,ismailoksuz/EAFC26-DataHub,2026-08-12T20:30:26.534511,,,,,,
8709,3488,,,,,,,62,eafchub,ismailoksuz/EAFC26-DataHub,2026-08-12T20:30:26.534511,,,,,,
8710,1381,75,43,54,62,65,70,66,eafchub,ismailoksuz/EAFC26-DataHub,2026-08-12T20:30:26.534511,,,,,,
8711,229,69,60,59,69,36,59,65,eafchub,ismailoksuz/EAFC26-DataHub,2026-08-12T20:30:26.534511,,,,,,
8712,3151,63,65,50,63,29,71,67,eafchub,ismailoksuz/EAFC26-DataHub,2026-08-12T20:30:26.534511,,,,,,
8713,181,,,,,,,54,eafchub,ismailoksuz/EAFC26-DataHub,2026-08-12T20:30:26.534511,,,,,,
8714,2316,60,29,38,36,57,66,57,eafchub,ismailoksuz/EAFC26-DataHub,2026-08-12T20:30:26.534511,,,,,,
8715,2118,60,29,36,41,62,69,62,eafchub,ismailoksuz/EAFC26-DataHub,2026-08-12T20:30:26.534511,,,,,,
8716,206,,,,,,,56,eafchub,ismailoksuz/EAFC26-DataHub,2026-08-12T20:30:26.534511,,,,,,
8717,4039,59,30,51,52,59,61,59,eafchub,ismailoksuz/EAFC26-DataHub,2026-08-12T20:30:26.534511,,,,,,
8718,4146,46,69,75,72,73,63,73,eafchub,ismailoksuz/EAFC26-DataHub,2026-08-12T20:30:26.534511,,,,,,
8719,1059,53,72,80,78,63,59,75,eafchub,ismailoksuz/EAFC26-DataHub,2026-08-12T20:30:26.534511,,,,,,
8720,208,30,41,62,61,77,67,76,eafchub,ismailoksuz/EAFC26-DataHub,2026-08-12T20:30:26.534511,,,,,,
8721,412,32,52,69,65,80,75,78,eafchub,ismailoksuz/EAFC26-DataHub,2026-08-12T20:30:26.534511,,,,,,
8722,618,,,,,,,65,eafchub,ismailoksuz/EAFC26-DataHub,2026-08-12T20:30:26.534511,,,,,,
8723,1110,81,61,60,69,40,62,66,eafchub,ismailoksuz/EAFC26-DataHub,2026-08-12T20:30:26.534511,,,,,,
8724,273,,,,,,,84,eafchub,ismailoksuz/EAFC26-DataHub,2026-08-12T20:30:26.534511,81,81,90,86,81,31
8725,1890,,,,,,,77,eafchub,ismailoksuz/EAFC26-DataHub,2026-08-12T20:30:26.534511,78,76,69,77,77,54
8726,4310,61,65,70,66,69,74,71,eafchub,ismailoksuz/EAFC26-DataHub,2026-08-12T20:30:26.534511,,,,,,
8727,174,58,71,73,71,68,71,71,eafchub,ismailoksuz/EAFC26-DataHub,2026-08-12T20:30:26.534511,,,,,,
8728,2379,,,,,,,69,eafchub,ismailoksuz/EAFC26-DataHub,2026-08-12T20:30:26.534511,,,,,,
8729,1089,45,59,65,64,61,73,67,eafchub,ismailoksuz/EAFC26-DataHub,2026-08-12T20:30:26.534511,,,,,,
8730,2442,,,,,,,87,eafchub,ismailoksuz/EAFC26-DataHub,2026-08-12T20:30:26.534511,83,82,85,87,89,50
8731,243,48,80,71,73,41,79,79,eafchub,ismailoksuz/EAFC26-DataHub,2026-08-12T20:30:26.534511,,,,,,
8732,3032,75,80,81,79,69,75,81,eafchub,ismailoksuz/EAFC26-DataHub,2026-08-12T20:30:26.534511,,,,,,
8733,3059,,,,,,,64,eafchub,ismailoksuz/EAFC26-DataHub,2026-08-12T20:30:26.534511,,,,,,
8734,1713,65,71,80,74,75,77,79,eafchub,ismailoksuz/EAFC26-DataHub,2026-08-12T20:30:26.534511,,,,,,
8735,964,59,68,72,76,52,48,72,eafchub,ismailoksuz/EAFC26-DataHub,2026-08-12T20:30:26.534511,,,,,,
8736,2459,71,62,74,76,81,71,81,eafchub,ismailoksuz/EAFC26-DataHub,2026-08-12T20:30:26.534511,,,,,,
8737,4193,,,,,,,85,eafchub,ismailoksuz/EAFC26-DataHub,2026-08-12T20:30:26.534511,83,83,74,87,84,43
8738,4144,60,78,74,77,45,77,78,eafchub,ismailoksuz/EAFC26-DataHub,2026-08-12T20:30:26.534511,,,,,,
8739,3418,,,,,,,75,eafchub,ismailoksuz/EAFC26-DataHub,2026-08-12T20:30:26.534511,73,71,70,77,75,48
8740,3006,66,65,83,77,80,71,80,eafchub,ismailoksuz/EAFC26-DataHub,2026-08-12T20:30:26.534511,,,,,,
8741,3761,,,,,,,64,eafchub,ismailoksuz/EAFC26-DataHub,2026-08-12T20:30:26.534511,,,,,,
8742,1039,,,,,,,72,eafchub,ismailoksuz/EAFC26-DataHub,2026-08-12T20:30:26.534511,71,73,67,74,71,38
8743,4061,41,71,68,69,46,78,70,eafchub,ismailoksuz/EAFC26-DataHub,2026-08-12T20:30:26.534511,,,,,,
8744,1120,,,,,,,66,eafchub,ismailoksuz/EAFC26-DataHub,2026-08-12T20:30:26.534511,,,,,,
8745,801,59,84,63,76,35,80,82,eafchub,ismailoksuz/EAFC26-DataHub,2026-08-12T20:30:26.534511,,,,,,
8746,945,58,81,81,80,52,62,79,eafchub,ismailoksuz/EAFC26-DataHub,2026-08-12T20:30:26.534511,,,,,,
8747,4053,80,64,75,76,77,78,79,eafchub,ismailoksuz/EAFC26-DataHub,2026-08-12T20:30:26.534511,,,,,,
8748,2654,82,83,72,78,36,63,81,eafchub,ismailoksuz/EAFC26-DataHub,2026-08-12T20:30:26.534511,,,,,,
8749,486,82,75,73,80,44,64,75,eafchub,ismailoksuz/EAFC26-DataHub,2026-08-12T20:30:26.534511,,,,,,
8750,4147,,,,,,,73,eafchub,ismailoksuz/EAFC26-DataHub,2026-08-12T20:30:26.534511,74,72,78,73,72,39
8751,1560,,,,,,,81,eafchub,ismailoksuz/EAFC26-DataHub,2026-08-12T20:30:26.534511,82,80,74,76,84,46
8752,4108,,,,,,,69,eafchub,ismailoksuz/EAFC26-DataHub,2026-08-12T20:30:26.534511,,,,,,
8753,1530,64,74,75,85,36,49,77,eafchub,ismailoksuz/EAFC26-DataHub,2026-08-12T20:30:26.534511,,,,,,
8754,829,39,80,87,78,74,67,82,eafchub,ismailoksuz/EAFC26-DataHub,2026-08-12T20:30:26.534511,,,,,,
8755,1499,68,56,70,69,73,66,75,eafchub,ismailoksuz/EAFC26-DataHub,2026-08-12T20:30:26.534511,,,,,,
8756,1561,54,39,64,59,69,71,69,eafchub,ismailoksuz/EAFC26-DataHub,2026-08-12T20:30:26.534511,,,,,,
8757,264,,,,,,,69,eafchub,ismailoksuz/EAFC26-DataHub,2026-08-12T20:30:26.534511,,,,,,
8758,615,52,50,51,58,73,75,72,eafchub,ismailoksuz/EAFC26-DataHub,2026-08-12T20:30:26.534511,,,,,,
8759,159,60,60,65,69,72,56,70,eafchub,ismailoksuz/EAFC26-DataHub,2026-08-12T20:30:26.534511,,,,,,
8760,1248,55,64,73,76,79,83,80,eafchub,ismailoksuz/EAFC26-DataHub,2026-08-12T20:30:26.534511,,,,,,
8761,1362,,,,,,,72,eafchub,ismailoksuz/EAFC26-DataHub,2026-08-12T20:30:26.534511,72,71,57,73,74,59
8762,2321,,,,,,,68,eafchub,ismailoksuz/EAFC26-DataHub,2026-08-12T20:30:26.534511,,,,,,
8763,3036,65,72,74,71,61,67,71,eafchub,ismailoksuz/EAFC26-DataHub,2026-08-12T20:30:26.534511,,,,,,
8764,2545,,,,,,,66,eafchub,ismailoksuz/EAFC26-DataHub,2026-08-12T20:30:26.534511,,,,,,
8765,3474,33,66,74,73,76,73,77,eafchub,ismailoksuz/EAFC26-DataHub,2026-08-12T20:30:26.534511,,,,,,
8766,953,52,41,54,62,70,75,70,eafchub,ismailoksuz/EAFC26-DataHub,2026-08-12T20:30:26.534511,,,,,,
8767,2915,76,48,60,64,58,64,65,eafchub,ismailoksuz/EAFC26-DataHub,2026-08-12T20:30:26.534511,,,,,,
8768,3053,60,75,85,85,56,67,82,eafchub,ismailoksuz/EAFC26-DataHub,2026-08-12T20:30:26.534511,,,,,,
8769,4306,68,79,66,76,39,71,78,eafchub,ismailoksuz/EAFC26-DataHub,2026-08-12T20:30:26.534511,,,,,,
8770,3209,79,82,75,75,41,84,84,eafchub,ismailoksuz/EAFC26-DataHub,2026-08-12T20:30:26.534511,,,,,,
8771,705,,,,,,,80,eafchub,ismailoksuz/EAFC26-DataHub,2026-08-12T20:30:26.534511,80,79,76,80,81,53
8772,1633,77,84,80,84,35,62,83,eafchub,ismailoksuz/EAFC26-DataHub,2026-08-12T20:30:26.534511,,,,,,
8773,1625,57,74,80,74,80,77,79,eafchub,ismailoksuz/EAFC26-DataHub,2026-08-12T20:30:26.534511,,,,,,
8774,749,49,45,58,54,76,79,75,eafchub,ismailoksuz/EAFC26-DataHub,2026-08-12T20:30:26.534511,,,,,,
8775,2453,77,78,82,83,72,75,83,eafchub,ismailoksuz/EAFC26-DataHub,2026-08-12T20:30:26.534511,,,,,,
8776,1537,,,,,,,85,eafchub,ismailoksuz/EAFC26-DataHub,2026-08-12T20:30:26.534511,85,78,71,84,87,46
8777,3606,,,,,,,67,eafchub,ismailoksuz/EAFC26-DataHub,2026-08-12T20:30:26.534511,,,,,,
8778,1278,67,65,74,68,74,79,75,eafchub,ismailoksuz/EAFC26-DataHub,2026-08-12T20:30:26.534511,,,,,,
8779,3172,64,64,69,68,75,78,75,eafchub,ismailoksuz/EAFC26-DataHub,2026-08-12T20:30:26.534511,,,,,,
8780,806,,,,,,,77,eafchub,ismailoksuz/EAFC26-DataHub,2026-08-12T20:30:26.534511,77,74,68,76,80,56
8781,3598,66,50,63,63,70,77,70,eafchub,ismailoksuz/EAFC26-DataHub,2026-08-12T20:30:26.534511,,,,,,
8782,617,60,59,70,73,80,70,79,eafchub,ismailoksuz/EAFC26-DataHub,2026-08-12T20:30:26.534511,,,,,,
8783,1157,59,71,76,79,40,49,75,eafchub,ismailoksuz/EAFC26-DataHub,2026-08-12T20:30:26.534511,,,,,,
8784,2431,55,52,56,58,77,76,76,eafchub,ismailoksuz/EAFC26-DataHub,2026-08-12T20:30:26.534511,,,,,,
8785,2222,,,,,,,83,eafchub,ismailoksuz/EAFC26-DataHub,2026-08-12T20:30:26.534511,83,81,78,80,83,39
8786,1154,59,76,65,72,37,64,73,eafchub,ismailoksuz/EAFC26-DataHub,2026-08-12T20:30:26.534511,,,,,,
8787,1594,73,44,66,68,69,72,72,eafchub,ismailoksuz/EAFC26-DataHub,2026-08-12T20:30:26.534511,,,,,,
8788,511,,,,,,,73,eafchub,ismailoksuz/EAFC26-DataHub,2026-08-12T20:30:26.534511,,,,,,
8789,3422,64,73,75,76,44,60,74,eafchub,ismailoksuz/EAFC26-DataHub,2026-08-12T20:30:26.534511,,,,,,
8790,496,49,40,57,56,73,73,72,eafchub,ismailoksuz/EAFC26-DataHub,2026-08-12T20:30:26.534511,,,,,,
8791,716,52,71,76,73,66,62,74,eafchub,ismailoksuz/EAFC26-DataHub,2026-08-12T20:30:26.534511,,,,,,
8792,1845,74,73,69,75,31,60,74,eafchub,ismailoksuz/EAFC26-DataHub,2026-08-12T20:30:26.534511,,,,,,
8793,3789,,,,,,,68,eafchub,ismailoksuz/EAFC26-DataHub,2026-08-12T20:30:26.534511,,,,,,
8794,163,49,61,67,65,78,78,78,eafchub,ismailoksuz/EAFC26-DataHub,2026-08-12T20:30:26.534511,,,,,,
8795,4098,,,,,,,78,eafchub,ismailoksuz/EAFC26-DataHub,2026-08-12T20:30:26.534511,78,78,71,79,78,57
8796,512,64,59,70,71,80,75,79,eafchub,ismailoksuz/EAFC26-DataHub,2026-08-12T20:30:26.534511,,,,,,
8797,2461,62,41,68,69,86,74,84,eafchub,ismailoksuz/EAFC26-DataHub,2026-08-12T20:30:26.534511,,,,,,
8798,1985,46,58,66,70,71,70,73,eafchub,ismailoksuz/EAFC26-DataHub,2026-08-12T20:30:26.534511,,,,,,
8799,3941,42,38,52,48,77,73,74,eafchub,ismailoksuz/EAFC26-DataHub,2026-08-12T20:30:26.534511,,,,,,
8800,1961,76,74,75,74,63,66,76,eafchub,ismailoksuz/EAFC26-DataHub,2026-08-12T20:30:26.534511,,,,,,
8801,938,,,,,,,73,eafchub,ismailoksuz/EAFC26-DataHub,2026-08-12T20:30:26.534511,78,72,64,72,72,55
8802,2985,82,58,64,70,65,68,72,eafchub,ismailoksuz/EAFC26-DataHub,2026-08-12T20:30:26.534511,,,,,,
8803,1747,32,44,49,45,64,77,66,eafchub,ismailoksuz/EAFC26-DataHub,2026-08-12T20:30:26.534511,,,,,,
8804,1218,74,59,69,72,73,79,75,eafchub,ismailoksuz/EAFC26-DataHub,2026-08-12T20:30:26.534511,,,,,,
8805,173,55,54,69,73,73,67,73,eafchub,ismailoksuz/EAFC26-DataHub,2026-08-12T20:30:26.534511,,,,,,
8806,221,52,32,48,59,72,76,71,eafchub,ismailoksuz/EAFC26-DataHub,2026-08-12T20:30:26.534511,,,,,,
8807,1697,53,77,78,76,64,68,77,eafchub,ismailoksuz/EAFC26-DataHub,2026-08-12T20:30:26.534511,,,,,,
8808,1888,37,77,68,68,42,76,75,eafchub,ismailoksuz/EAFC26-DataHub,2026-08-12T20:30:26.534511,,,,,,
8809,1143,,,,,,,76,eafchub,ismailoksuz/EAFC26-DataHub,2026-08-12T20:30:26.534511,78,72,65,75,79,65
8810,568,47,75,85,74,78,82,85,eafchub,ismailoksuz/EAFC26-DataHub,2026-08-12T20:30:26.534511,,,,,,
8811,2307,47,50,66,71,70,75,71,eafchub,ismailoksuz/EAFC26-DataHub,2026-08-12T20:30:26.534511,,,,,,
8812,3758,69,63,78,75,74,65,77,eafchub,ismailoksuz/EAFC26-DataHub,2026-08-12T20:30:26.534511,,,,,,
8813,3792,57,51,60,59,68,82,71,eafchub,ismailoksuz/EAFC26-DataHub,2026-08-12T20:30:26.534511,,,,,,
8814,2116,,,,,,,68,eafchub,ismailoksuz/EAFC26-DataHub,2026-08-12T20:30:26.534511,,,,,,
8815,2458,57,50,65,65,87,81,84,eafchub,ismailoksuz/EAFC26-DataHub,2026-08-12T20:30:26.534511,,,,,,
8816,7,51,47,64,66,74,71,73,eafchub,ismailoksuz/EAFC26-DataHub,2026-08-12T20:30:26.534511,,,,,,
8817,4134,37,52,66,64,78,78,77,eafchub,ismailoksuz/EAFC26-DataHub,2026-08-12T20:30:26.534511,,,,,,
8818,484,68,71,73,72,74,72,74,eafchub,ismailoksuz/EAFC26-DataHub,2026-08-12T20:30:26.534511,,,,,,
8819,38,,,,,,,78,eafchub,ismailoksuz/EAFC26-DataHub,2026-08-12T20:30:26.534511,78,75,72,79,78,46
8820,3493,,,,,,,79,eafchub,ismailoksuz/EAFC26-DataHub,2026-08-12T20:30:26.534511,78,77,85,78,81,52
8821,27,69,68,79,76,77,74,80,eafchub,ismailoksuz/EAFC26-DataHub,2026-08-12T20:30:26.534511,,,,,,
8822,3719,73,37,68,71,82,79,82,eafchub,ismailoksuz/EAFC26-DataHub,2026-08-12T20:30:26.534511,,,,,,
8823,722,,,,,,,74,eafchub,ismailoksuz/EAFC26-DataHub,2026-08-12T20:30:26.534511,73,72,75,73,75,41
8824,3191,58,33,53,61,77,73,74,eafchub,ismailoksuz/EAFC26-DataHub,2026-08-12T20:30:26.534511,,,,,,
8825,672,63,55,69,67,76,73,74,eafchub,ismailoksuz/EAFC26-DataHub,2026-08-12T20:30:26.534511,,,,,,
8826,873,68,43,60,66,67,70,69,eafchub,ismailoksuz/EAFC26-DataHub,2026-08-12T20:30:26.534511,,,,,,
8827,235,57,46,71,67,75,73,75,eafchub,ismailoksuz/EAFC26-DataHub,2026-08-12T20:30:26.534511,,,,,,
8828,183,,,,,,,71,eafchub,ismailoksuz/EAFC26-DataHub,2026-08-12T20:30:26.534511,75,71,61,65,72,33
8829,388,66,63,69,69,74,75,74,eafchub,ismailoksuz/EAFC26-DataHub,2026-08-12T20:30:26.534511,,,,,,
8830,2650,65,69,73,71,78,81,78,eafchub,ismailoksuz/EAFC26-DataHub,2026-08-12T20:30:26.534511,,,,,,
8831,2522,76,63,67,74,39,61,70,eafchub,ismailoksuz/EAFC26-DataHub,2026-08-12T20:30:26.534511,,,,,,
8832,2918,,,,,,,63,eafchub,ismailoksuz/EAFC26-DataHub,2026-08-12T20:30:26.534511,,,,,,
8833,3176,63,68,58,60,32,80,69,eafchub,ismailoksuz/EAFC26-DataHub,2026-08-12T20:30:26.534511,,,,,,
8834,1332,58,72,76,77,77,74,81,eafchub,ismailoksuz/EAFC26-DataHub,2026-08-12T20:30:26.534511,,,,,,
8835,1858,64,92,83,82,48,82,89,eafchub,ismailoksuz/EAFC26-DataHub,2026-08-12T20:30:26.534511,,,,,,
8836,252,63,74,72,71,75,81,76,eafchub,ismailoksuz/EAFC26-DataHub,2026-08-12T20:30:26.534511,,,,,,
8837,3804,,,,,,,63,eafchub,ismailoksuz/EAFC26-DataHub,2026-08-12T20:30:26.534511,,,,,,
8838,1900,,,,,,,85,eafchub,ismailoksuz/EAFC26-DataHub,2026-08-12T20:30:26.534511,,,,,,
8839,3195,85,65,73,77,76,67,78,eafchub,ismailoksuz/EAFC26-DataHub,2026-08-12T20:30:26.534511,,,,,,
8840,3317,68,52,61,67,69,73,70,eafchub,ismailoksuz/EAFC26-DataHub,2026-08-12T20:30:26.534511,,,,,,
8841,1299,73,69,71,79,57,59,73,eafchub,ismailoksuz/EAFC26-DataHub,2026-08-12T20:30:26.534511,,,,,,
8842,2076,73,59,66,68,72,74,74,eafchub,ismailoksuz/EAFC26-DataHub,2026-08-12T20:30:26.534511,,,,,,
8843,867,53,57,59,59,70,71,70,eafchub,ismailoksuz/EAFC26-DataHub,2026-08-12T20:30:26.534511,,,,,,
8844,3174,76,72,71,78,59,73,76,eafchub,ismailoksuz/EAFC26-DataHub,2026-08-12T20:30:26.534511,,,,,,
8845,3514,73,60,72,72,90,87,90,eafchub,ismailoksuz/EAFC26-DataHub,2026-08-12T20:30:26.534511,,,,,,
8846,179,80,51,69,74,72,70,76,eafchub,ismailoksuz/EAFC26-DataHub,2026-08-12T20:30:26.534511,,,,,,
8847,153,,,,,,,63,eafchub,ismailoksuz/EAFC26-DataHub,2026-08-12T20:30:26.534511,,,,,,
8848,3002,,,,,,,81,eafchub,ismailoksuz/EAFC26-DataHub,2026-08-12T20:30:26.534511,81,81,68,78,82,49
8849,2562,71,70,65,67,31,67,69,eafchub,ismailoksuz/EAFC26-DataHub,2026-08-12T20:30:26.534511,,,,,,
8850,2096,,,,,,,73,eafchub,ismailoksuz/EAFC26-DataHub,2026-08-12T20:30:26.534511,73,68,65,76,73,43
8851,3162,65,62,69,68,72,79,74,eafchub,ismailoksuz/EAFC26-DataHub,2026-08-12T20:30:26.534511,,,,,,
8852,297,55,71,81,77,64,61,76,eafchub,ismailoksuz/EAFC26-DataHub,2026-08-12T20:30:26.534511,,,,,,
8853,411,,,,,,,74,eafchub,ismailoksuz/EAFC26-DataHub,2026-08-12T20:30:26.534511,76,73,72,71,74,46
8854,3272,57,40,56,56,86,83,84,eafchub,ismailoksuz/EAFC26-DataHub,2026-08-12T20:30:26.534511,,,,,,
8855,946,81,75,69,75,56,67,74,eafchub,ismailoksuz/EAFC26-DataHub,2026-08-12T20:30:26.534511,,,,,,
8856,1667,35,43,47,50,67,71,67,eafchub,ismailoksuz/EAFC26-DataHub,2026-08-12T20:30:26.534511,,,,,,
8857,713,57,79,74,75,46,79,77,eafchub,ismailoksuz/EAFC26-DataHub,2026-08-12T20:30:26.534511,,,,,,
8858,444,74,80,80,80,76,76,80,eafchub,ismailoksuz/EAFC26-DataHub,2026-08-12T20:30:26.534511,,,,,,
8859,2371,71,77,79,80,45,65,76,eafchub,ismailoksuz/EAFC26-DataHub,2026-08-12T20:30:26.534511,,,,,,
8860,1025,55,70,77,75,63,52,74,eafchub,ismailoksuz/EAFC26-DataHub,2026-08-12T20:30:26.534511,,,,,,
8861,3090,84,76,74,75,56,83,76,eafchub,ismailoksuz/EAFC26-DataHub,2026-08-12T20:30:26.534511,,,,,,
8862,1933,76,66,55,66,24,73,66,eafchub,ismailoksuz/EAFC26-DataHub,2026-08-12T20:30:26.534511,,,,,,
8863,1349,51,35,56,58,72,73,71,eafchub,ismailoksuz/EAFC26-DataHub,2026-08-12T20:30:26.534511,,,,,,
8864,353,,,,,,,76,eafchub,ismailoksuz/EAFC26-DataHub,2026-08-12T20:30:26.534511,76,71,81,75,79,47
8865,483,64,59,71,73,71,80,75,eafchub,ismailoksuz/EAFC26-DataHub,2026-08-12T20:30:26.534511,,,,,,
8866,232,,,,,,,67,eafchub,ismailoksuz/EAFC26-DataHub,2026-08-12T20:30:26.534511,,,,,,
8867,3762,75,69,71,74,69,65,75,eafchub,ismailoksuz/EAFC26-DataHub,2026-08-12T20:30:26.534511,,,,,,
8868,720,53,60,71,68,71,63,72,eafchub,ismailoksuz/EAFC26-DataHub,2026-08-12T20:30:26.534511,,,,,,
8869,2585,,,,,,,76,eafchub,ismailoksuz/EAFC26-DataHub,2026-08-12T20:30:26.534511,77,76,73,74,77,42
8870,349,,,,,,,76,eafchub,ismailoksuz/EAFC26-DataHub,2026-08-12T20:30:26.534511,77,76,69,74,77,41
8871,3982,63,53,68,70,76,69,75,eafchub,ismailoksuz/EAFC26-DataHub,2026-08-12T20:30:26.534511,,,,,,
8872,284,79,83,78,84,43,66,82,eafchub,ismailoksuz/EAFC26-DataHub,2026-08-12T20:30:26.534511,,,,,,
8873,194,70,39,60,63,68,63,71,eafchub,ismailoksuz/EAFC26-DataHub,2026-08-12T20:30:26.534511,,,,,,
8874,727,57,52,64,65,74,79,74,eafchub,ismailoksuz/EAFC26-DataHub,2026-08-12T20:30:26.534511,,,,,,
8875,156,51,62,76,75,73,67,77,eafchub,ismailoksuz/EAFC26-DataHub,2026-08-12T20:30:26.534511,,,,,,
8876,91,,,,,,,79,eafchub,ismailoksuz/EAFC26-DataHub,2026-08-12T20:30:26.534511,,,,,,
8877,804,64,74,79,77,61,61,77,eafchub,ismailoksuz/EAFC26-DataHub,2026-08-12T20:30:26.534511,,,,,,
8878,1550,52,40,49,53,76,74,74,eafchub,ismailoksuz/EAFC26-DataHub,2026-08-12T20:30:26.534511,,,,,,
8879,79,80,81,80,85,30,60,83,eafchub,ismailoksuz/EAFC26-DataHub,2026-08-12T20:30:26.534511,,,,,,
8880,1366,47,77,77,77,53,76,74,eafchub,ismailoksuz/EAFC26-DataHub,2026-08-12T20:30:26.534511,,,,,,
8881,3183,69,70,68,73,62,73,72,eafchub,ismailoksuz/EAFC26-DataHub,2026-08-12T20:30:26.534511,,,,,,
8882,2916,,,,,,,64,eafchub,ismailoksuz/EAFC26-DataHub,2026-08-12T20:30:26.534511,,,,,,
8883,1083,,,,,,,67,eafchub,ismailoksuz/EAFC26-DataHub,2026-08-12T20:30:26.534511,,,,,,
8884,4229,65,70,67,73,56,80,74,eafchub,ismailoksuz/EAFC26-DataHub,2026-08-12T20:30:26.534511,,,,,,
8885,3,55,58,71,66,85,75,82,eafchub,ismailoksuz/EAFC26-DataHub,2026-08-12T20:30:26.534511,,,,,,
8886,49,78,56,75,74,89,80,87,eafchub,ismailoksuz/EAFC26-DataHub,2026-08-12T20:30:26.534511,,,,,,
8887,13,62,62,65,65,73,75,72,eafchub,ismailoksuz/EAFC26-DataHub,2026-08-12T20:30:26.534511,,,,,,
8888,725,,,,,,,75,eafchub,ismailoksuz/EAFC26-DataHub,2026-08-12T20:30:26.534511,74,72,77,74,77,38
8889,1976,73,72,72,80,47,64,75,eafchub,ismailoksuz/EAFC26-DataHub,2026-08-12T20:30:26.534511,,,,,,
8890,456,61,63,68,69,79,82,79,eafchub,ismailoksuz/EAFC26-DataHub,2026-08-12T20:30:26.534511,,,,,,
8891,4137,63,49,68,70,80,77,78,eafchub,ismailoksuz/EAFC26-DataHub,2026-08-12T20:30:26.534511,,,,,,
8892,482,74,69,72,74,44,62,72,eafchub,ismailoksuz/EAFC26-DataHub,2026-08-12T20:30:26.534511,,,,,,
8893,828,77,82,77,80,46,71,81,eafchub,ismailoksuz/EAFC26-DataHub,2026-08-12T20:30:26.534511,,,,,,
8894,800,39,63,69,68,76,75,78,eafchub,ismailoksuz/EAFC26-DataHub,2026-08-12T20:30:26.534511,,,,,,
8895,455,64,39,60,53,81,79,79,eafchub,ismailoksuz/EAFC26-DataHub,2026-08-12T20:30:26.534511,,,,,,
8896,627,52,74,78,75,78,81,80,eafchub,ismailoksuz/EAFC26-DataHub,2026-08-12T20:30:26.534511,,,,,,
8897,5,77,54,61,67,73,76,75,eafchub,ismailoksuz/EAFC26-DataHub,2026-08-12T20:30:26.534511,,,,,,
8898,394,79,61,68,74,77,78,77,eafchub,ismailoksuz/EAFC26-DataHub,2026-08-12T20:30:26.534511,,,,,,
8899,459,61,74,77,76,83,80,81,eafchub,ismailoksuz/EAFC26-DataHub,2026-08-12T20:30:26.534511,,,,,,
8900,1063,,,,,,,70,eafchub,ismailoksuz/EAFC26-DataHub,2026-08-12T20:30:26.534511,70,67,68,70,69,43
8901,4107,82,76,81,80,70,77,81,eafchub,ismailoksuz/EAFC26-DataHub,2026-08-12T20:30:26.534511,,,,,,
8902,1504,76,74,80,79,70,67,77,eafchub,ismailoksuz/EAFC26-DataHub,2026-08-12T20:30:26.534511,,,,,,
8903,2366,58,73,76,77,65,72,77,eafchub,ismailoksuz/EAFC26-DataHub,2026-08-12T20:30:26.534511,,,,,,
8904,1356,71,77,68,72,52,67,76,eafchub,ismailoksuz/EAFC26-DataHub,2026-08-12T20:30:26.534511,,,,,,
8905,583,72,53,72,75,84,74,83,eafchub,ismailoksuz/EAFC26-DataHub,2026-08-12T20:30:26.534511,,,,,,
8906,1073,77,68,61,71,27,67,69,eafchub,ismailoksuz/EAFC26-DataHub,2026-08-12T20:30:26.534511,,,,,,
8907,4259,77,71,78,82,76,75,80,eafchub,ismailoksuz/EAFC26-DataHub,2026-08-12T20:30:26.534511,,,,,,
8908,3523,89,88,86,90,45,76,91,eafchub,ismailoksuz/EAFC26-DataHub,2026-08-12T20:30:26.534511,,,,,,
8909,3086,80,60,65,65,65,74,71,eafchub,ismailoksuz/EAFC26-DataHub,2026-08-12T20:30:26.534511,,,,,,
8910,3790,54,34,43,44,71,81,71,eafchub,ismailoksuz/EAFC26-DataHub,2026-08-12T20:30:26.534511,,,,,,
8911,480,77,66,69,74,72,78,76,eafchub,ismailoksuz/EAFC26-DataHub,2026-08-12T20:30:26.534511,,,,,,
8912,279,77,78,80,80,80,82,82,eafchub,ismailoksuz/EAFC26-DataHub,2026-08-12T20:30:26.534511,,,,,,
8913,1591,44,71,72,69,67,60,70,eafchub,ismailoksuz/EAFC26-DataHub,2026-08-12T20:30:26.534511,,,,,,
8914,23,83,60,69,71,73,82,77,eafchub,ismailoksuz/EAFC26-DataHub,2026-08-12T20:30:26.534511,,,,,,
8915,285,69,78,85,88,74,54,80,eafchub,ismailoksuz/EAFC26-DataHub,2026-08-12T20:30:26.534511,,,,,,
8916,832,59,71,80,77,80,82,83,eafchub,ismailoksuz/EAFC26-DataHub,2026-08-12T20:30:26.534511,,,,,,
8917,2102,72,73,87,85,74,67,84,eafchub,ismailoksuz/EAFC26-DataHub,2026-08-12T20:30:26.534511,,,,,,
8918,479,76,45,65,66,74,77,75,eafchub,ismailoksuz/EAFC26-DataHub,2026-08-12T20:30:26.534511,,,,,,
8919,4253,,,,,,,85,eafchub,ismailoksuz/EAFC26-DataHub,2026-08-12T20:30:26.534511,,,,,,
8920,2106,64,76,78,79,64,68,78,eafchub,ismailoksuz/EAFC26-DataHub,2026-08-12T20:30:26.534511,,,,,,
8921,2115,,,,,,,66,eafchub,ismailoksuz/EAFC26-DataHub,2026-08-12T20:30:26.534511,,,,,,
8922,406,68,71,75,77,32,58,74,eafchub,ismailoksuz/EAFC26-DataHub,2026-08-12T20:30:26.534511,,,,,,
8923,1340,77,68,72,66,69,73,73,eafchub,ismailoksuz/EAFC26-DataHub,2026-08-12T20:30:26.534511,,,,,,
8924,2448,76,76,80,82,70,59,80,eafchub,ismailoksuz/EAFC26-DataHub,2026-08-12T20:30:26.534511,,,,,,
8925,1562,78,71,82,85,70,75,82,eafchub,ismailoksuz/EAFC26-DataHub,2026-08-12T20:30:26.534511,,,,,,
8926,1517,64,40,55,69,84,80,82,eafchub,ismailoksuz/EAFC26-DataHub,2026-08-12T20:30:26.534511,,,,,,
8927,872,42,64,66,65,72,80,75,eafchub,ismailoksuz/EAFC26-DataHub,2026-08-12T20:30:26.534511,,,,,,
8928,1024,72,55,69,74,72,68,74,eafchub,ismailoksuz/EAFC26-DataHub,2026-08-12T20:30:26.534511,,,,,,
8929,3616,,,,,,,81,eafchub,ismailoksuz/EAFC26-DataHub,2026-08-12T20:30:26.534511,83,81,75,76,84,27
8930,3540,73,65,65,67,60,70,65,eafchub,ismailoksuz/EAFC26-DataHub,2026-08-12T20:30:26.534511,,,,,,
8931,1770,64,56,64,60,67,74,68,eafchub,ismailoksuz/EAFC26-DataHub,2026-08-12T20:30:26.534511,,,,,,
8932,83,49,65,74,71,79,79,80,eafchub,ismailoksuz/EAFC26-DataHub,2026-08-12T20:30:26.534511,,,,,,
8933,1673,,,,,,,71,eafchub,ismailoksuz/EAFC26-DataHub,2026-08-12T20:30:26.534511,,,,,,
8934,3747,72,41,56,62,74,78,73,eafchub,ismailoksuz/EAFC26-DataHub,2026-08-12T20:30:26.534511,,,,,,
8935,2659,69,63,75,76,74,65,77,eafchub,ismailoksuz/EAFC26-DataHub,2026-08-12T20:30:26.534511,,,,,,
8936,1452,,,,,,,71,eafchub,ismailoksuz/EAFC26-DataHub,2026-08-12T20:30:26.534511,73,70,67,71,70,30
8937,1534,71,51,66,71,71,66,72,eafchub,ismailoksuz/EAFC26-DataHub,2026-08-12T20:30:26.534511,,,,,,
8938,34,69,77,78,80,77,83,81,eafchub,ismailoksuz/EAFC26-DataHub,2026-08-12T20:30:26.534511,,,,,,
8939,418,62,73,77,76,70,74,76,eafchub,ismailoksuz/EAFC26-DataHub,2026-08-12T20:30:26.534511,,,,,,
8940,234,67,56,65,67,75,73,75,eafchub,ismailoksuz/EAFC26-DataHub,2026-08-12T20:30:26.534511,,,,,,
8941,2510,70,71,80,79,38,62,79,eafchub,ismailoksuz/EAFC26-DataHub,2026-08-12T20:30:26.534511,,,,,,
8942,1369,,,,,,,67,eafchub,ismailoksuz/EAFC26-DataHub,2026-08-12T20:30:26.534511,,,,,,
8943,1350,62,48,56,61,73,71,72,eafchub,ismailoksuz/EAFC26-DataHub,2026-08-12T20:30:26.534511,,,,,,
8944,2396,44,54,65,62,62,71,66,eafchub,ismailoksuz/EAFC26-DataHub,2026-08-12T20:30:26.534511,,,,,,
8945,803,74,76,79,78,45,53,78,eafchub,ismailoksuz/EAFC26-DataHub,2026-08-12T20:30:26.534511,,,,,,
8946,3785,71,67,76,76,71,65,76,eafchub,ismailoksuz/EAFC26-DataHub,2026-08-12T20:30:26.534511,,,,,,
8947,770,,,,,,,79,eafchub,ismailoksuz/EAFC26-DataHub,2026-08-12T20:30:26.534511,79,78,74,77,78,36
8948,1521,68,71,77,77,73,69,77,eafchub,ismailoksuz/EAFC26-DataHub,2026-08-12T20:30:26.534511,,,,,,
8949,2992,74,64,64,71,50,64,69,eafchub,ismailoksuz/EAFC26-DataHub,2026-08-12T20:30:26.534511,,,,,,
8950,983,67,68,71,70,72,80,75,eafchub,ismailoksuz/EAFC26-DataHub,2026-08-12T20:30:26.534511,,,,,,
8951,642,,,,,,,74,eafchub,ismailoksuz/EAFC26-DataHub,2026-08-12T20:30:26.534511,74,72,71,74,76,47
8952,1901,84,67,62,71,48,64,68,eafchub,ismailoksuz/EAFC26-DataHub,2026-08-12T20:30:26.534511,,,,,,
8953,773,80,61,76,77,77,72,81,eafchub,ismailoksuz/EAFC26-DataHub,2026-08-12T20:30:26.534511,,,,,,
8954,2233,76,48,59,70,75,74,74,eafchub,ismailoksuz/EAFC26-DataHub,2026-08-12T20:30:26.534511,,,,,,
8955,1270,61,67,71,74,63,70,74,eafchub,ismailoksuz/EAFC26-DataHub,2026-08-12T20:30:26.534511,,,,,,
8956,1268,57,43,57,62,79,83,75,eafchub,ismailoksuz/EAFC26-DataHub,2026-08-12T20:30:26.534511,,,,,,
8957,301,60,73,52,65,29,80,73,eafchub,ismailoksuz/EAFC26-DataHub,2026-08-12T20:30:26.534511,,,,,,
8958,10,70,76,82,81,43,66,80,eafchub,ismailoksuz/EAFC26-DataHub,2026-08-12T20:30:26.534511,,,,,,
8959,1374,39,61,70,68,71,63,72,eafchub,ismailoksuz/EAFC26-DataHub,2026-08-12T20:30:26.534511,,,,,,
8960,3721,91,74,68,77,35,66,77,eafchub,ismailoksuz/EAFC26-DataHub,2026-08-12T20:30:26.534511,,,,,,
8961,1451,61,51,68,67,81,79,81,eafchub,ismailoksuz/EAFC26-DataHub,2026-08-12T20:30:26.534511,,,,,,
8962,440,74,78,83,84,44,70,83,eafchub,ismailoksuz/EAFC26-DataHub,2026-08-12T20:30:26.534511,,,,,,
8963,2942,,,,,,,74,eafchub,ismailoksuz/EAFC26-DataHub,2026-08-12T20:30:26.534511,74,70,75,73,75,41
8964,196,76,74,79,78,62,71,77,eafchub,ismailoksuz/EAFC26-DataHub,2026-08-12T20:30:26.534511,,,,,,
8965,2119,74,63,60,69,77,80,77,eafchub,ismailoksuz/EAFC26-DataHub,2026-08-12T20:30:26.534511,,,,,,
8966,2097,57,77,76,73,83,81,81,eafchub,ismailoksuz/EAFC26-DataHub,2026-08-12T20:30:26.534511,,,,,,
8967,1335,75,75,77,80,54,67,77,eafchub,ismailoksuz/EAFC26-DataHub,2026-08-12T20:30:26.534511,,,,,,
8968,41,58,44,67,64,78,76,78,eafchub,ismailoksuz/EAFC26-DataHub,2026-08-12T20:30:26.534511,,,,,,
8969,333,,,,,,,77,eafchub,ismailoksuz/EAFC26-DataHub,2026-08-12T20:30:26.534511,77,75,70,76,77,52
8970,1061,52,69,76,69,76,80,75,eafchub,ismailoksuz/EAFC26-DataHub,2026-08-12T20:30:26.534511,,,,,,
8971,3244,64,41,63,69,81,76,80,eafchub,ismailoksuz/EAFC26-DataHub,2026-08-12T20:30:26.534511,,,,,,
8972,2370,73,75,67,78,30,58,74,eafchub,ismailoksuz/EAFC26-DataHub,2026-08-12T20:30:26.534511,,,,,,
8973,280,72,74,89,84,83,79,89,eafchub,ismailoksuz/EAFC26-DataHub,2026-08-12T20:30:26.534511,,,,,,
8974,1328,68,75,79,79,64,68,78,eafchub,ismailoksuz/EAFC26-DataHub,2026-08-12T20:30:26.534511,,,,,,
8975,3513,,,,,,,89,eafchub,ismailoksuz/EAFC26-DataHub,2026-08-12T20:30:26.534511,,,,,,
8976,1284,79,50,62,66,74,78,75,eafchub,ismailoksuz/EAFC26-DataHub,2026-08-12T20:30:26.534511,,,,,,
8977,3237,57,22,55,55,68,78,69,eafchub,ismailoksuz/EAFC26-DataHub,2026-08-12T20:30:26.534511,,,,,,
8978,2301,,,,,,,69,eafchub,ismailoksuz/EAFC26-DataHub,2026-08-12T20:30:26.534511,,,,,,
8979,3781,75,65,66,76,74,71,74,eafchub,ismailoksuz/EAFC26-DataHub,2026-08-12T20:30:26.534511,,,,,,
8980,290,63,38,60,63,87,86,87,eafchub,ismailoksuz/EAFC26-DataHub,2026-08-12T20:30:26.534511,,,,,,
8981,2590,60,50,69,72,71,75,75,eafchub,ismailoksuz/EAFC26-DataHub,2026-08-12T20:30:26.534511,,,,,,
8982,1108,50,67,70,72,61,65,71,eafchub,ismailoksuz/EAFC26-DataHub,2026-08-12T20:30:26.534511,,,,,,
8983,3315,71,71,55,70,26,61,71,eafchub,ismailoksuz/EAFC26-DataHub,2026-08-12T20:30:26.534511,,,,,,
8984,2649,49,73,78,74,78,80,82,eafchub,ismailoksuz/EAFC26-DataHub,2026-08-12T20:30:26.534511,,,,,,
8985,3134,74,67,68,70,60,68,70,eafchub,ismailoksuz/EAFC26-DataHub,2026-08-12T20:30:26.534511,,,,,,
8986,1207,68,64,67,69,63,73,69,eafchub,ismailoksuz/EAFC26-DataHub,2026-08-12T20:30:26.534511,,,,,,
8987,1668,51,39,49,52,66,76,67,eafchub,ismailoksuz/EAFC26-DataHub,2026-08-12T20:30:26.534511,,,,,,
8988,3796,73,64,64,73,61,62,68,eafchub,ismailoksuz/EAFC26-DataHub,2026-08-12T20:30:26.534511,,,,,,
8989,718,94,65,67,81,37,82,76,eafchub,ismailoksuz/EAFC26-DataHub,2026-08-12T20:30:26.534511,,,,,,
8990,154,68,71,70,74,76,79,77,eafchub,ismailoksuz/EAFC26-DataHub,2026-08-12T20:30:26.534511,,,,,,
8991,3741,71,73,77,81,31,60,78,eafchub,ismailoksuz/EAFC26-DataHub,2026-08-12T20:30:26.534511,,,,,,
8992,607,64,57,72,71,71,78,75,eafchub,ismailoksuz/EAFC26-DataHub,2026-08-12T20:30:26.534511,,,,,,
8993,182,44,67,75,69,73,68,73,eafchub,ismailoksuz/EAFC26-DataHub,2026-08-12T20:30:26.534511,,,,,,
8994,1972,69,58,67,66,68,73,68,eafchub,ismailoksuz/EAFC26-DataHub,2026-08-12T20:30:26.534511,,,,,,
8995,518,74,52,62,67,64,70,69,eafchub,ismailoksuz/EAFC26-DataHub,2026-08-12T20:30:26.534511,,,,,,
8996,161,,,,,,,79,eafchub,ismailoksuz/EAFC26-DataHub,2026-08-12T20:30:26.534511,79,78,72,78,80,37
8997,1958,62,77,67,73,38,74,74,eafchub,ismailoksuz/EAFC26-DataHub,2026-08-12T20:30:26.534511,,,,,,
8998,2645,,,,,,,82,eafchub,ismailoksuz/EAFC26-DataHub,2026-08-12T20:30:26.534511,82,77,80,81,83,54
8999,3767,74,81,64,77,35,82,82,eafchub,ismailoksuz/EAFC26-DataHub,2026-08-12T20:30:26.534511,,,,,,
9000,1383,,,,,,,76,eafchub,ismailoksuz/EAFC26-DataHub,2026-08-12T20:30:26.534511,75,72,69,74,82,42
9001,439,72,88,76,83,45,83,87,eafchub,ismailoksuz/EAFC26-DataHub,2026-08-12T20:30:26.534511,,,,,,
9002,2401,,,,,,,73,eafchub,ismailoksuz/EAFC26-DataHub,2026-08-12T20:30:26.534511,72,71,69,73,76,46
9003,3601,67,64,69,71,75,67,74,eafchub,ismailoksuz/EAFC26-DataHub,2026-08-12T20:30:26.534511,,,,,,
9004,1124,46,26,47,57,72,78,72,eafchub,ismailoksuz/EAFC26-DataHub,2026-08-12T20:30:26.534511,,,,,,
9005,1915,67,65,64,69,68,66,70,eafchub,ismailoksuz/EAFC26-DataHub,2026-08-12T20:30:26.534511,,,,,,
9006,579,72,58,65,68,70,82,72,eafchub,ismailoksuz/EAFC26-DataHub,2026-08-12T20:30:26.534511,,,,,,
9007,2843,85,74,70,75,67,65,74,eafchub,ismailoksuz/EAFC26-DataHub,2026-08-12T20:30:26.534511,,,,,,
9008,1221,52,70,58,64,30,73,68,eafchub,ismailoksuz/EAFC26-DataHub,2026-08-12T20:30:26.534511,,,,,,
9009,469,,,,,,,76,eafchub,ismailoksuz/EAFC26-DataHub,2026-08-12T20:30:26.534511,75,72,74,79,76,44
9010,461,76,73,77,77,76,69,79,eafchub,ismailoksuz/EAFC26-DataHub,2026-08-12T20:30:26.534511,,,,,,
9011,2124,73,62,70,71,70,72,72,eafchub,ismailoksuz/EAFC26-DataHub,2026-08-12T20:30:26.534511,,,,,,
9012,1455,46,40,51,53,78,81,76,eafchub,ismailoksuz/EAFC26-DataHub,2026-08-12T20:30:26.534511,,,,,,
9013,2240,82,74,68,78,34,57,75,eafchub,ismailoksuz/EAFC26-DataHub,2026-08-12T20:30:26.534511,,,,,,
9014,709,73,47,67,69,76,76,77,eafchub,ismailoksuz/EAFC26-DataHub,2026-08-12T20:30:26.534511,,,,,,
9015,3531,74,61,80,77,79,75,82,eafchub,ismailoksuz/EAFC26-DataHub,2026-08-12T20:30:26.534511,,,,,,
9016,2123,78,55,69,75,70,70,76,eafchub,ismailoksuz/EAFC26-DataHub,2026-08-12T20:30:26.534511,,,,,,
9017,3637,68,75,74,76,71,80,77,eafchub,ismailoksuz/EAFC26-DataHub,2026-08-12T20:30:26.534511,,,,,,
9018,3508,,,,,,,72,eafchub,ismailoksuz/EAFC26-DataHub,2026-08-12T20:30:26.534511,73,71,70,70,74,48
9019,2544,92,45,56,63,57,74,65,eafchub,ismailoksuz/EAFC26-DataHub,2026-08-12T20:30:26.534511,,,,,,
9020,2229,67,82,78,84,33,73,81,eafchub,ismailoksuz/EAFC26-DataHub,2026-08-12T20:30:26.534511,,,,,,
9021,30,54,79,85,80,75,72,85,eafchub,ismailoksuz/EAFC26-DataHub,2026-08-12T20:30:26.534511,,,,,,
9022,3458,80,78,80,83,59,55,81,eafchub,ismailoksuz/EAFC26-DataHub,2026-08-12T20:30:26.534511,,,,,,
9023,3194,71,69,80,82,76,71,83,eafchub,ismailoksuz/EAFC26-DataHub,2026-08-12T20:30:26.534511,,,,,,
9024,171,88,70,77,81,51,45,80,eafchub,ismailoksuz/EAFC26-DataHub,2026-08-12T20:30:26.534511,,,,,,
9025,21,63,72,66,75,42,56,69,eafchub,ismailoksuz/EAFC26-DataHub,2026-08-12T20:30:26.534511,,,,,,
9026,3737,78,44,52,46,67,84,70,eafchub,ismailoksuz/EAFC26-DataHub,2026-08-12T20:30:26.534511,,,,,,
9027,1156,,,,,,,71,eafchub,ismailoksuz/EAFC26-DataHub,2026-08-12T20:30:26.534511,72,65,72,66,73,42
9028,1571,89,71,70,82,36,62,77,eafchub,ismailoksuz/EAFC26-DataHub,2026-08-12T20:30:26.534511,,,,,,
9029,1962,43,56,65,67,64,75,70,eafchub,ismailoksuz/EAFC26-DataHub,2026-08-12T20:30:26.534511,,,,,,
9030,1351,80,65,73,73,61,64,72,eafchub,ismailoksuz/EAFC26-DataHub,2026-08-12T20:30:26.534511,,,,,,
9031,4063,78,61,64,70,71,87,73,eafchub,ismailoksuz/EAFC26-DataHub,2026-08-12T20:30:26.534511,,,,,,
9032,3192,84,72,73,77,79,80,83,eafchub,ismailoksuz/EAFC26-DataHub,2026-08-12T20:30:26.534511,,,,,,
9033,3057,63,67,72,78,64,65,73,eafchub,ismailoksuz/EAFC26-DataHub,2026-08-12T20:30:26.534511,,,,,,
9034,589,61,78,83,89,71,65,84,eafchub,ismailoksuz/EAFC26-DataHub,2026-08-12T20:30:26.534511,,,,,,
9035,3776,33,42,58,53,78,78,76,eafchub,ismailoksuz/EAFC26-DataHub,2026-08-12T20:30:26.534511,,,,,,
9036,1062,51,46,53,55,73,80,73,eafchub,ismailoksuz/EAFC26-DataHub,2026-08-12T20:30:26.534511,,,,,,
9037,3170,73,51,64,70,69,64,72,eafchub,ismailoksuz/EAFC26-DataHub,2026-08-12T20:30:26.534511,,,,,,
9038,1548,,,,,,,69,eafchub,ismailoksuz/EAFC26-DataHub,2026-08-12T20:30:26.534511,,,,,,
9039,400,68,78,78,76,77,79,81,eafchub,ismailoksuz/EAFC26-DataHub,2026-08-12T20:30:26.534511,,,,,,
9040,3760,63,47,62,67,78,76,78,eafchub,ismailoksuz/EAFC26-DataHub,2026-08-12T20:30:26.534511,,,,,,
9041,2460,,,,,,,68,eafchub,ismailoksuz/EAFC26-DataHub,2026-08-12T20:30:26.534511,,,,,,
9042,2664,82,57,72,75,74,78,79,eafchub,ismailoksuz/EAFC26-DataHub,2026-08-12T20:30:26.534511,,,,,,
9043,790,42,67,73,74,72,75,76,eafchub,ismailoksuz/EAFC26-DataHub,2026-08-12T20:30:26.534511,,,,,,
9044,1042,69,46,63,67,71,75,72,eafchub,ismailoksuz/EAFC26-DataHub,2026-08-12T20:30:26.534511,,,,,,
9045,1533,53,73,75,76,79,75,77,eafchub,ismailoksuz/EAFC26-DataHub,2026-08-12T20:30:26.534511,,,,,,
9046,226,,,,,,,72,eafchub,ismailoksuz/EAFC26-DataHub,2026-08-12T20:30:26.534511,72,70,64,71,75,50
9047,3421,68,75,68,74,29,59,72,eafchub,ismailoksuz/EAFC26-DataHub,2026-08-12T20:30:26.534511,,,,,,
9048,393,76,63,71,75,75,74,76,eafchub,ismailoksuz/EAFC26-DataHub,2026-08-12T20:30:26.534511,,,,,,
9049,3599,83,52,59,66,63,70,67,eafchub,ismailoksuz/EAFC26-DataHub,2026-08-12T20:30:26.534511,,,,,,
9050,994,79,66,55,62,33,68,66,eafchub,ismailoksuz/EAFC26-DataHub,2026-08-12T20:30:26.534511,,,,,,
9051,1040,,,,,,,75,eafchub,ismailoksuz/EAFC26-DataHub,2026-08-12T20:30:26.534511,,,,,,
9052,4046,,,,,,,77,eafchub,ismailoksuz/EAFC26-DataHub,2026-08-12T20:30:26.534511,76,76,78,75,79,38
9053,1512,70,57,77,73,76,76,77,eafchub,ismailoksuz/EAFC26-DataHub,2026-08-12T20:30:26.534511,,,,,,
9054,1353,48,62,69,70,66,63,70,eafchub,ismailoksuz/EAFC26-DataHub,2026-08-12T20:30:26.534511,,,,,,
9055,1525,88,78,77,87,57,66,84,eafchub,ismailoksuz/EAFC26-DataHub,2026-08-12T20:30:26.534511,,,,,,
9056,3204,,,,,,,67,eafchub,ismailoksuz/EAFC26-DataHub,2026-08-12T20:30:26.534511,,,,,,
9057,918,43,22,55,57,74,77,74,eafchub,ismailoksuz/EAFC26-DataHub,2026-08-12T20:30:26.534511,,,,,,
9058,641,69,70,81,80,74,69,79,eafchub,ismailoksuz/EAFC26-DataHub,2026-08-12T20:30:26.534511,,,,,,
9059,3597,45,35,51,54,72,83,73,eafchub,ismailoksuz/EAFC26-DataHub,2026-08-12T20:30:26.534511,,,,,,
9060,715,75,78,75,76,46,56,76,eafchub,ismailoksuz/EAFC26-DataHub,2026-08-12T20:30:26.534511,,,,,,
9061,487,82,74,74,81,57,66,78,eafchub,ismailoksuz/EAFC26-DataHub,2026-08-12T20:30:26.534511,,,,,,
9062,65,71,54,72,70,82,77,81,eafchub,ismailoksuz/EAFC26-DataHub,2026-08-12T20:30:26.534511,,,,,,
9063,4258,70,78,81,82,43,60,80,eafchub,ismailoksuz/EAFC26-DataHub,2026-08-12T20:30:26.534511,,,,,,
9064,1155,84,69,71,76,71,76,76,eafchub,ismailoksuz/EAFC26-DataHub,2026-08-12T20:30:26.534511,,,,,,
9065,303,84,78,79,78,53,63,80,eafchub,ismailoksuz/EAFC26-DataHub,2026-08-12T20:30:26.534511,,,,,,
9066,70,,,,,,,87,eafchub,ismailoksuz/EAFC26-DataHub,2026-08-12T20:30:26.534511,86,84,87,85,87,62
9067,500,,,,,,,79,eafchub,ismailoksuz/EAFC26-DataHub,2026-08-12T20:30:26.534511,77,77,78,79,79,48
9068,1905,60,66,67,70,71,81,72,eafchub,ismailoksuz/EAFC26-DataHub,2026-08-12T20:30:26.534511,,,,,,
9069,294,70,39,63,65,78,76,77,eafchub,ismailoksuz/EAFC26-DataHub,2026-08-12T20:30:26.534511,,,,,,
9070,2560,49,56,64,62,64,77,68,eafchub,ismailoksuz/EAFC26-DataHub,2026-08-12T20:30:26.534511,,,,,,
9071,3321,66,37,52,58,61,71,64,eafchub,ismailoksuz/EAFC26-DataHub,2026-08-12T20:30:26.534511,,,,,,
9072,31,50,51,71,67,76,69,75,eafchub,ismailoksuz/EAFC26-DataHub,2026-08-12T20:30:26.534511,,,,,,
9073,2120,72,71,72,81,63,66,77,eafchub,ismailoksuz/EAFC26-DataHub,2026-08-12T20:30:26.534511,,,,,,
9074,1126,45,29,59,51,67,72,68,eafchub,ismailoksuz/EAFC26-DataHub,2026-08-12T20:30:26.534511,,,,,,
9075,32,77,83,73,80,50,80,84,eafchub,ismailoksuz/EAFC26-DataHub,2026-08-12T20:30:26.534511,,,,,,
9076,343,76,74,66,73,35,68,73,eafchub,ismailoksuz/EAFC26-DataHub,2026-08-12T20:30:26.534511,,,,,,
9077,1965,82,74,71,75,55,68,73,eafchub,ismailoksuz/EAFC26-DataHub,2026-08-12T20:30:26.534511,,,,,,
9078,3143,,,,,,,76,eafchub,ismailoksuz/EAFC26-DataHub,2026-08-12T20:30:26.534511,74,71,78,76,78,36
9079,1031,69,73,64,72,49,80,73,eafchub,ismailoksuz/EAFC26-DataHub,2026-08-12T20:30:26.534511,,,,,,
9080,4093,63,69,80,76,81,78,84,eafchub,ismailoksuz/EAFC26-DataHub,2026-08-12T20:30:26.534511,,,,,,
9081,1778,73,67,75,73,71,78,77,eafchub,ismailoksuz/EAFC26-DataHub,2026-08-12T20:30:26.534511,,,,,,
9082,4206,82,50,64,70,80,75,78,eafchub,ismailoksuz/EAFC26-DataHub,2026-08-12T20:30:26.534511,,,,,,
9083,169,68,72,77,78,69,70,76,eafchub,ismailoksuz/EAFC26-DataHub,2026-08-12T20:30:26.534511,,,,,,
9084,1019,,,,,,,76,eafchub,ismailoksuz/EAFC26-DataHub,2026-08-12T20:30:26.534511,76,74,77,75,78,57
9085,187,55,62,69,71,72,75,72,eafchub,ismailoksuz/EAFC26-DataHub,2026-08-12T20:30:26.534511,,,,,,
9086,312,58,41,54,50,76,72,74,eafchub,ismailoksuz/EAFC26-DataHub,2026-08-12T20:30:26.534511,,,,,,
9087,717,68,57,70,72,74,71,76,eafchub,ismailoksuz/EAFC26-DataHub,2026-08-12T20:30:26.534511,,,,,,
9088,66,61,71,80,82,72,67,81,eafchub,ismailoksuz/EAFC26-DataHub,2026-08-12T20:30:26.534511,,,,,,
9089,3532,,,,,,,71,eafchub,ismailoksuz/EAFC26-DataHub,2026-08-12T20:30:26.534511,72,69,62,68,71,47
9090,986,69,58,68,72,66,69,73,eafchub,ismailoksuz/EAFC26-DataHub,2026-08-12T20:30:26.534511,,,,,,
9091,3283,,,,,,,69,eafchub,ismailoksuz/EAFC26-DataHub,2026-08-12T20:30:26.534511,,,,,,
9092,3188,,,,,,,67,eafchub,ismailoksuz/EAFC26-DataHub,2026-08-12T20:30:26.534511,,,,,,
9093,1636,,,,,,,73,eafchub,ismailoksuz/EAFC26-DataHub,2026-08-12T20:30:26.534511,72,71,71,72,76,32
9094,80,68,79,88,87,67,65,87,eafchub,ismailoksuz/EAFC26-DataHub,2026-08-12T20:30:26.534511,,,,,,
9095,217,77,70,66,70,47,81,71,eafchub,ismailoksuz/EAFC26-DataHub,2026-08-12T20:30:26.534511,,,,,,
9096,1638,82,66,71,76,55,50,74,eafchub,ismailoksuz/EAFC26-DataHub,2026-08-12T20:30:26.534511,,,,,,
9097,1357,65,72,61,70,28,62,70,eafchub,ismailoksuz/EAFC26-DataHub,2026-08-12T20:30:26.534511,,,,,,
9098,2998,47,40,47,58,66,73,67,eafchub,ismailoksuz/EAFC26-DataHub,2026-08-12T20:30:26.534511,,,,,,
9099,3107,78,57,67,67,66,68,71,eafchub,ismailoksuz/EAFC26-DataHub,2026-08-12T20:30:26.534511,,,,,,
9100,464,69,78,77,81,67,76,80,eafchub,ismailoksuz/EAFC26-DataHub,2026-08-12T20:30:26.534511,,,,,,
9101,3008,74,73,77,81,82,90,82,eafchub,ismailoksuz/EAFC26-DataHub,2026-08-12T20:30:26.534511,,,,,,
9102,422,71,71,52,66,25,79,71,eafchub,ismailoksuz/EAFC26-DataHub,2026-08-12T20:30:26.534511,,,,,,
9103,2112,,,,,,,76,eafchub,ismailoksuz/EAFC26-DataHub,2026-08-12T20:30:26.534511,77,76,68,73,78,52
9104,907,,,,,,,71,eafchub,ismailoksuz/EAFC26-DataHub,2026-08-12T20:30:26.534511,71,67,66,68,74,39
9105,2117,75,55,68,66,80,74,79,eafchub,ismailoksuz/EAFC26-DataHub,2026-08-12T20:30:26.534511,,,,,,
9106,1540,72,74,73,76,77,77,80,eafchub,ismailoksuz/EAFC26-DataHub,2026-08-12T20:30:26.534511,,,,,,
9107,2412,70,63,65,66,71,70,71,eafchub,ismailoksuz/EAFC26-DataHub,2026-08-12T20:30:26.534511,,,,,,
9108,2125,92,72,70,76,35,71,75,eafchub,ismailoksuz/EAFC26-DataHub,2026-08-12T20:30:26.534511,,,,,,
9109,896,,,,,,,81,eafchub,ismailoksuz/EAFC26-DataHub,2026-08-12T20:30:26.534511,81,76,84,78,82,48
9110,1494,,,,,,,81,eafchub,ismailoksuz/EAFC26-DataHub,2026-08-12T20:30:26.534511,81,79,74,80,82,41
9111,1936,77,69,73,76,40,57,74,eafchub,ismailoksuz/EAFC26-DataHub,2026-08-12T20:30:26.534511,,,,,,
9112,793,,,,,,,79,eafchub,ismailoksuz/EAFC26-DataHub,2026-08-12T20:30:26.534511,79,78,75,77,80,47
9113,3169,64,69,77,79,65,54,76,eafchub,ismailoksuz/EAFC26-DataHub,2026-08-12T20:30:26.534511,,,,,,
9114,2797,80,66,67,74,75,77,78,eafchub,ismailoksuz/EAFC26-DataHub,2026-08-12T20:30:26.534511,,,,,,
9115,3407,,,,,,,77,eafchub,ismailoksuz/EAFC26-DataHub,2026-08-12T20:30:26.534511,77,74,75,75,82,47
9116,1955,49,52,65,68,71,78,73,eafchub,ismailoksuz/EAFC26-DataHub,2026-08-12T20:30:26.534511,,,,,,
9117,1631,62,82,71,74,40,77,80,eafchub,ismailoksuz/EAFC26-DataHub,2026-08-12T20:30:26.534511,,,,,,
9118,433,73,70,70,77,78,79,79,eafchub,ismailoksuz/EAFC26-DataHub,2026-08-12T20:30:26.534511,,,,,,
9119,707,39,57,71,65,78,82,78,eafchub,ismailoksuz/EAFC26-DataHub,2026-08-12T20:30:26.534511,,,,,,
9120,1708,67,56,65,68,74,81,75,eafchub,ismailoksuz/EAFC26-DataHub,2026-08-12T20:30:26.534511,,,,,,
9121,481,69,54,66,68,69,71,72,eafchub,ismailoksuz/EAFC26-DataHub,2026-08-12T20:30:26.534511,,,,,,
9122,680,,,,,,,70,eafchub,ismailoksuz/EAFC26-DataHub,2026-08-12T20:30:26.534511,70,68,68,69,72,45
9123,3726,,,,,,,72,eafchub,ismailoksuz/EAFC26-DataHub,2026-08-12T20:30:26.534511,74,69,68,66,75,61
9124,3178,81,70,65,73,35,70,72,eafchub,ismailoksuz/EAFC26-DataHub,2026-08-12T20:30:26.534511,,,,,,
9125,777,77,76,74,79,53,56,78,eafchub,ismailoksuz/EAFC26-DataHub,2026-08-12T20:30:26.534511,,,,,,
9126,1887,74,71,71,73,70,77,75,eafchub,ismailoksuz/EAFC26-DataHub,2026-08-12T20:30:26.534511,,,,,,
9127,3654,60,74,56,67,32,77,73,eafchub,ismailoksuz/EAFC26-DataHub,2026-08-12T20:30:26.534511,,,,,,
9128,1586,46,49,71,70,68,74,74,eafchub,ismailoksuz/EAFC26-DataHub,2026-08-12T20:30:26.534511,,,,,,
9129,629,72,59,69,73,73,74,76,eafchub,ismailoksuz/EAFC26-DataHub,2026-08-12T20:30:26.534511,,,,,,
9130,3497,88,63,71,75,78,75,80,eafchub,ismailoksuz/EAFC26-DataHub,2026-08-12T20:30:26.534511,,,,,,
9131,3189,,,,,,,79,eafchub,ismailoksuz/EAFC26-DataHub,2026-08-12T20:30:26.534511,79,77,84,81,79,43
9132,295,74,59,68,69,73,79,74,eafchub,ismailoksuz/EAFC26-DataHub,2026-08-12T20:30:26.534511,,,,,,
9133,1959,82,73,64,71,38,58,71,eafchub,ismailoksuz/EAFC26-DataHub,2026-08-12T20:30:26.534511,,,,,,
9134,4224,77,72,73,80,38,56,75,eafchub,ismailoksuz/EAFC26-DataHub,2026-08-12T20:30:26.534511,,,,,,
9135,1457,85,53,64,70,66,74,72,eafchub,ismailoksuz/EAFC26-DataHub,2026-08-12T20:30:26.534511,,,,,,
9136,1516,,,,,,,82,eafchub,ismailoksuz/EAFC26-DataHub,2026-08-12T20:30:26.534511,83,79,80,83,84,42
9137,1783,69,60,67,69,66,72,70,eafchub,ismailoksuz/EAFC26-DataHub,2026-08-12T20:30:26.534511,,,,,,
9138,3527,74,29,70,71,79,73,79,eafchub,ismailoksuz/EAFC26-DataHub,2026-08-12T20:30:26.534511,,,,,,
9139,3060,64,73,74,75,80,74,80,eafchub,ismailoksuz/EAFC26-DataHub,2026-08-12T20:30:26.534511,,,,,,
9140,3746,,,,,,,76,eafchub,ismailoksuz/EAFC26-DataHub,2026-08-12T20:30:26.534511,75,75,78,75,77,49
9141,84,63,79,80,80,81,80,83,eafchub,ismailoksuz/EAFC26-DataHub,2026-08-12T20:30:26.534511,,,,,,
9142,811,74,66,69,74,35,58,74,eafchub,ismailoksuz/EAFC26-DataHub,2026-08-12T20:30:26.534511,,,,,,
9143,1066,69,59,62,61,62,68,67,eafchub,ismailoksuz/EAFC26-DataHub,2026-08-12T20:30:26.534511,,,,,,
9144,864,71,71,59,68,22,75,72,eafchub,ismailoksuz/EAFC26-DataHub,2026-08-12T20:30:26.534511,,,,,,
9145,3945,65,79,82,82,62,72,81,eafchub,ismailoksuz/EAFC26-DataHub,2026-08-12T20:30:26.534511,,,,,,
9146,277,82,69,76,75,81,76,82,eafchub,ismailoksuz/EAFC26-DataHub,2026-08-12T20:30:26.534511,,,,,,
9147,205,,,,,,,62,eafchub,ismailoksuz/EAFC26-DataHub,2026-08-12T20:30:26.534511,,,,,,
9148,1544,46,73,76,75,75,70,77,eafchub,ismailoksuz/EAFC26-DataHub,2026-08-12T20:30:26.534511,,,,,,
9149,1041,64,42,59,66,74,70,74,eafchub,ismailoksuz/EAFC26-DataHub,2026-08-12T20:30:26.534511,,,,,,
9150,3603,70,70,54,66,36,80,70,eafchub,ismailoksuz/EAFC26-DataHub,2026-08-12T20:30:26.534511,,,,,,
9151,4074,71,80,66,77,42,83,80,eafchub,ismailoksuz/EAFC26-DataHub,2026-08-12T20:30:26.534511,,,,,,
9152,1275,93,70,64,67,41,74,73,eafchub,ismailoksuz/EAFC26-DataHub,2026-08-12T20:30:26.534511,,,,,,
9153,1896,,,,,,,74,eafchub,ismailoksuz/EAFC26-DataHub,2026-08-12T20:30:26.534511,,,,,,
9154,609,88,57,65,69,66,74,73,eafchub,ismailoksuz/EAFC26-DataHub,2026-08-12T20:30:26.534511,,,,,,
9155,398,77,65,73,76,72,74,77,eafchub,ismailoksuz/EAFC26-DataHub,2026-08-12T20:30:26.534511,,,,,,
9156,392,68,48,63,64,77,80,77,eafchub,ismailoksuz/EAFC26-DataHub,2026-08-12T20:30:26.534511,,,,,,
9157,4151,65,50,77,77,79,76,79,eafchub,ismailoksuz/EAFC26-DataHub,2026-08-12T20:30:26.534511,,,,,,
9158,755,72,71,70,71,51,67,71,eafchub,ismailoksuz/EAFC26-DataHub,2026-08-12T20:30:26.534511,,,,,,
9159,1899,85,81,71,79,38,79,79,eafchub,ismailoksuz/EAFC26-DataHub,2026-08-12T20:30:26.534511,,,,,,
9160,3787,82,80,64,77,43,72,77,eafchub,ismailoksuz/EAFC26-DataHub,2026-08-12T20:30:26.534511,,,,,,
9161,3485,44,32,49,56,74,65,70,eafchub,ismailoksuz/EAFC26-DataHub,2026-08-12T20:30:26.534511,,,,,,
9162,824,88,77,76,82,36,67,80,eafchub,ismailoksuz/EAFC26-DataHub,2026-08-12T20:30:26.534511,,,,,,
9163,1506,72,65,74,74,70,78,76,eafchub,ismailoksuz/EAFC26-DataHub,2026-08-12T20:30:26.534511,,,,,,
9164,33,66,74,78,81,66,66,77,eafchub,ismailoksuz/EAFC26-DataHub,2026-08-12T20:30:26.534511,,,,,,
9165,564,72,49,67,71,80,77,79,eafchub,ismailoksuz/EAFC26-DataHub,2026-08-12T20:30:26.534511,,,,,,
9166,8,60,62,69,71,72,77,75,eafchub,ismailoksuz/EAFC26-DataHub,2026-08-12T20:30:26.534511,,,,,,
9167,516,68,81,82,84,68,71,82,eafchub,ismailoksuz/EAFC26-DataHub,2026-08-12T20:30:26.534511,,,,,,
9168,2449,80,78,84,82,79,77,85,eafchub,ismailoksuz/EAFC26-DataHub,2026-08-12T20:30:26.534511,,,,,,
9169,53,61,77,80,81,75,72,85,eafchub,ismailoksuz/EAFC26-DataHub,2026-08-12T20:30:26.534511,,,,,,
9170,3098,81,73,81,80,52,64,79,eafchub,ismailoksuz/EAFC26-DataHub,2026-08-12T20:30:26.534511,,,,,,
9171,506,65,75,80,80,73,71,79,eafchub,ismailoksuz/EAFC26-DataHub,2026-08-12T20:30:26.534511,,,,,,
9172,981,65,48,57,59,69,79,70,eafchub,ismailoksuz/EAFC26-DataHub,2026-08-12T20:30:26.534511,,,,,,
9173,498,71,55,73,73,71,73,74,eafchub,ismailoksuz/EAFC26-DataHub,2026-08-12T20:30:26.534511,,,,,,
9174,462,65,81,67,74,36,70,79,eafchub,ismailoksuz/EAFC26-DataHub,2026-08-12T20:30:26.534511,,,,,,
9175,39,,,,,,,80,eafchub,ismailoksuz/EAFC26-DataHub,2026-08-12T20:30:26.534511,,,,,,
9176,2336,,,,,,,65,eafchub,ismailoksuz/EAFC26-DataHub,2026-08-12T20:30:26.534511,,,,,,
9177,2512,44,46,64,62,63,77,68,eafchub,ismailoksuz/EAFC26-DataHub,2026-08-12T20:30:26.534511,,,,,,
9178,2648,75,67,76,75,86,79,84,eafchub,ismailoksuz/EAFC26-DataHub,2026-08-12T20:30:26.534511,,,,,,
9179,28,75,66,71,75,75,76,79,eafchub,ismailoksuz/EAFC26-DataHub,2026-08-12T20:30:26.534511,,,,,,
9180,162,,,,,,,79,eafchub,ismailoksuz/EAFC26-DataHub,2026-08-12T20:30:26.534511,78,78,74,77,80,43
9181,1158,71,47,68,70,71,73,75,eafchub,ismailoksuz/EAFC26-DataHub,2026-08-12T20:30:26.534511,,,,,,
9182,2372,64,74,75,71,50,79,75,eafchub,ismailoksuz/EAFC26-DataHub,2026-08-12T20:30:26.534511,,,,,,
9183,748,,,,,,,79,eafchub,ismailoksuz/EAFC26-DataHub,2026-08-12T20:30:26.534511,76,79,78,80,80,37
9184,3058,,,,,,,76,eafchub,ismailoksuz/EAFC26-DataHub,2026-08-12T20:30:26.534511,76,71,81,73,77,41
9185,914,81,62,77,77,78,74,82,eafchub,ismailoksuz/EAFC26-DataHub,2026-08-12T20:30:26.534511,,,,,,
9186,26,75,53,71,75,84,78,82,eafchub,ismailoksuz/EAFC26-DataHub,2026-08-12T20:30:26.534511,,,,,,
9187,251,76,58,66,66,68,74,71,eafchub,ismailoksuz/EAFC26-DataHub,2026-08-12T20:30:26.534511,,,,,,
9188,2319,55,65,67,66,63,72,68,eafchub,ismailoksuz/EAFC26-DataHub,2026-08-12T20:30:26.534511,,,,,,
9189,2911,63,65,71,63,63,68,69,eafchub,ismailoksuz/EAFC26-DataHub,2026-08-12T20:30:26.534511,,,,,,
9190,4256,79,56,69,77,73,73,77,eafchub,ismailoksuz/EAFC26-DataHub,2026-08-12T20:30:26.534511,,,,,,
9191,711,55,65,74,71,75,84,79,eafchub,ismailoksuz/EAFC26-DataHub,2026-08-12T20:30:26.534511,,,,,,
9192,2464,86,83,76,82,50,80,85,eafchub,ismailoksuz/EAFC26-DataHub,2026-08-12T20:30:26.534511,,,,,,
9193,1769,70,65,52,61,29,74,66,eafchub,ismailoksuz/EAFC26-DataHub,2026-08-12T20:30:26.534511,,,,,,
9194,1776,54,45,55,61,70,77,71,eafchub,ismailoksuz/EAFC26-DataHub,2026-08-12T20:30:26.534511,,,,,,
9195,1519,75,77,80,80,73,73,80,eafchub,ismailoksuz/EAFC26-DataHub,2026-08-12T20:30:26.534511,,,,,,
9196,3292,40,34,58,62,73,66,72,eafchub,ismailoksuz/EAFC26-DataHub,2026-08-12T20:30:26.534511,,,,,,
9197,825,77,71,72,73,73,71,75,eafchub,ismailoksuz/EAFC26-DataHub,2026-08-12T20:30:26.534511,,,,,,
9198,1894,78,56,62,69,65,72,70,eafchub,ismailoksuz/EAFC26-DataHub,2026-08-12T20:30:26.534511,,,,,,
9199,3750,68,54,73,73,73,68,75,eafchub,ismailoksuz/EAFC26-DataHub,2026-08-12T20:30:26.534511,,,,,,
9200,3306,67,65,70,72,63,64,69,eafchub,ismailoksuz/EAFC26-DataHub,2026-08-12T20:30:26.534511,,,,,,
9201,1347,,,,,,,78,eafchub,ismailoksuz/EAFC26-DataHub,2026-08-12T20:30:26.534511,79,74,72,76,81,53
9202,508,74,76,69,75,52,84,74,eafchub,ismailoksuz/EAFC26-DataHub,2026-08-12T20:30:26.534511,,,,,,
9203,3288,73,54,76,78,78,74,80,eafchub,ismailoksuz/EAFC26-DataHub,2026-08-12T20:30:26.534511,,,,,,
9204,1584,75,44,66,66,66,75,71,eafchub,ismailoksuz/EAFC26-DataHub,2026-08-12T20:30:26.534511,,,,,,
9205,2228,62,72,70,73,74,77,75,eafchub,ismailoksuz/EAFC26-DataHub,2026-08-12T20:30:26.534511,,,,,,
9206,1567,61,57,69,69,67,71,70,eafchub,ismailoksuz/EAFC26-DataHub,2026-08-12T20:30:26.534511,,,,,,
9207,2108,65,75,85,84,75,66,83,eafchub,ismailoksuz/EAFC26-DataHub,2026-08-12T20:30:26.534511,,,,,,
9208,1685,79,45,61,60,60,70,66,eafchub,ismailoksuz/EAFC26-DataHub,2026-08-12T20:30:26.534511,,,,,,
9209,2845,61,48,59,57,71,77,71,eafchub,ismailoksuz/EAFC26-DataHub,2026-08-12T20:30:26.534511,,,,,,
9210,734,72,76,70,75,46,74,76,eafchub,ismailoksuz/EAFC26-DataHub,2026-08-12T20:30:26.534511,,,,,,
9211,3612,,,,,,,57,eafchub,ismailoksuz/EAFC26-DataHub,2026-08-12T20:30:26.534511,,,,,,
9212,2418,72,70,63,71,50,83,72,eafchub,ismailoksuz/EAFC26-DataHub,2026-08-12T20:30:26.534511,,,,,,
9213,3187,68,53,65,65,73,76,73,eafchub,ismailoksuz/EAFC26-DataHub,2026-08-12T20:30:26.534511,,,,,,
9214,1597,39,73,81,67,62,72,73,eafchub,ismailoksuz/EAFC26-DataHub,2026-08-12T20:30:26.534511,,,,,,
9215,2367,70,52,65,72,74,74,74,eafchub,ismailoksuz/EAFC26-DataHub,2026-08-12T20:30:26.534511,,,,,,
9216,2443,74,48,69,73,82,81,82,eafchub,ismailoksuz/EAFC26-DataHub,2026-08-12T20:30:26.534511,,,,,,
9217,1471,71,40,59,63,69,73,71,eafchub,ismailoksuz/EAFC26-DataHub,2026-08-12T20:30:26.534511,,,,,,
9218,1273,87,74,63,75,47,66,73,eafchub,ismailoksuz/EAFC26-DataHub,2026-08-12T20:30:26.534511,,,,,,
9219,708,88,46,75,77,78,80,82,eafchub,ismailoksuz/EAFC26-DataHub,2026-08-12T20:30:26.534511,,,,,,
9220,432,69,47,67,66,84,84,82,eafchub,ismailoksuz/EAFC26-DataHub,2026-08-12T20:30:26.534511,,,,,,
9221,275,77,45,64,73,84,84,85,eafchub,ismailoksuz/EAFC26-DataHub,2026-08-12T20:30:26.534511,,,,,,
9222,231,50,31,58,61,68,73,68,eafchub,ismailoksuz/EAFC26-DataHub,2026-08-12T20:30:26.534511,,,,,,
9223,625,70,50,57,64,85,82,83,eafchub,ismailoksuz/EAFC26-DataHub,2026-08-12T20:30:26.534511,,,,,,
9224,1011,53,61,70,68,69,69,70,eafchub,ismailoksuz/EAFC26-DataHub,2026-08-12T20:30:26.534511,,,,,,
9225,3786,77,52,65,73,68,66,72,eafchub,ismailoksuz/EAFC26-DataHub,2026-08-12T20:30:26.534511,,,,,,
9226,744,80,67,66,74,67,46,72,eafchub,ismailoksuz/EAFC26-DataHub,2026-08-12T20:30:26.534511,,,,,,
9227,624,72,49,73,71,80,79,80,eafchub,ismailoksuz/EAFC26-DataHub,2026-08-12T20:30:26.534511,,,,,,
9228,1797,63,42,56,59,60,72,64,eafchub,ismailoksuz/EAFC26-DataHub,2026-08-12T20:30:26.534511,,,,,,
9229,18,,,,,,,69,eafchub,ismailoksuz/EAFC26-DataHub,2026-08-12T20:30:26.534511,,,,,,
9230,1898,90,69,55,71,37,61,69,eafchub,ismailoksuz/EAFC26-DataHub,2026-08-12T20:30:26.534511,,,,,,
9231,1711,63,65,78,75,70,72,77,eafchub,ismailoksuz/EAFC26-DataHub,2026-08-12T20:30:26.534511,,,,,,
9232,758,62,73,75,77,70,69,75,eafchub,ismailoksuz/EAFC26-DataHub,2026-08-12T20:30:26.534511,,,,,,
9233,3717,50,32,59,59,68,78,69,eafchub,ismailoksuz/EAFC26-DataHub,2026-08-12T20:30:26.534511,,,,,,
9234,3323,81,64,58,66,38,59,66,eafchub,ismailoksuz/EAFC26-DataHub,2026-08-12T20:30:26.534511,,,,,,
9235,438,74,63,71,76,77,82,79,eafchub,ismailoksuz/EAFC26-DataHub,2026-08-12T20:30:26.534511,,,,,,
9236,3596,73,65,65,69,69,72,70,eafchub,ismailoksuz/EAFC26-DataHub,2026-08-12T20:30:26.534511,,,,,,
9237,46,87,74,73,84,38,61,79,eafchub,ismailoksuz/EAFC26-DataHub,2026-08-12T20:30:26.534511,,,,,,
9238,256,70,60,77,75,76,68,77,eafchub,ismailoksuz/EAFC26-DataHub,2026-08-12T20:30:26.534511,,,,,,
9239,2051,69,27,46,50,74,80,75,eafchub,ismailoksuz/EAFC26-DataHub,2026-08-12T20:30:26.534511,,,,,,
9240,1387,67,71,72,78,73,73,76,eafchub,ismailoksuz/EAFC26-DataHub,2026-08-12T20:30:26.534511,,,,,,
9241,3622,69,58,69,72,72,73,74,eafchub,ismailoksuz/EAFC26-DataHub,2026-08-12T20:30:26.534511,,,,,,
9242,365,57,47,64,72,66,64,69,eafchub,ismailoksuz/EAFC26-DataHub,2026-08-12T20:30:26.534511,,,,,,
9243,1239,65,54,64,64,70,70,73,eafchub,ismailoksuz/EAFC26-DataHub,2026-08-12T20:30:26.534511,,,,,,
9244,2074,62,39,55,59,77,76,76,eafchub,ismailoksuz/EAFC26-DataHub,2026-08-12T20:30:26.534511,,,,,,
9245,582,,,,,,,89,eafchub,ismailoksuz/EAFC26-DataHub,2026-08-12T20:30:26.534511,90,83,70,87,90,52
9246,81,81,79,74,86,39,71,80,eafchub,ismailoksuz/EAFC26-DataHub,2026-08-12T20:30:26.534511,,,,,,
9247,784,64,70,78,74,73,78,77,eafchub,ismailoksuz/EAFC26-DataHub,2026-08-12T20:30:26.534511,,,,,,
9248,1774,,,,,,,66,eafchub,ismailoksuz/EAFC26-DataHub,2026-08-12T20:30:26.534511,,,,,,
9249,1789,80,47,58,65,62,74,68,eafchub,ismailoksuz/EAFC26-DataHub,2026-08-12T20:30:26.534511,,,,,,
9250,622,,,,,,,82,eafchub,ismailoksuz/EAFC26-DataHub,2026-08-12T20:30:26.534511,80,80,77,82,85,58
9251,966,76,61,65,68,66,77,70,eafchub,ismailoksuz/EAFC26-DataHub,2026-08-12T20:30:26.534511,,,,,,
9252,3888,86,84,73,88,32,67,84,eafchub,ismailoksuz/EAFC26-DataHub,2026-08-12T20:30:26.534511,,,,,,
9253,3736,87,72,70,79,57,64,76,eafchub,ismailoksuz/EAFC26-DataHub,2026-08-12T20:30:26.534511,,,,,,
9254,1146,57,60,70,69,73,83,76,eafchub,ismailoksuz/EAFC26-DataHub,2026-08-12T20:30:26.534511,,,,,,
9255,2325,70,49,63,65,67,72,69,eafchub,ismailoksuz/EAFC26-DataHub,2026-08-12T20:30:26.534511,,,,,,
9256,775,73,78,72,78,51,78,79,eafchub,ismailoksuz/EAFC26-DataHub,2026-08-12T20:30:26.534511,,,,,,
9257,2711,65,38,62,61,77,78,76,eafchub,ismailoksuz/EAFC26-DataHub,2026-08-12T20:30:26.534511,,,,,,
9258,1458,70,71,72,77,71,70,74,eafchub,ismailoksuz/EAFC26-DataHub,2026-08-12T20:30:26.534511,,,,,,
9259,551,63,56,68,71,63,72,70,eafchub,ismailoksuz/EAFC26-DataHub,2026-08-12T20:30:26.534511,,,,,,
9260,1148,77,48,61,66,72,78,73,eafchub,ismailoksuz/EAFC26-DataHub,2026-08-12T20:30:26.534511,,,,,,
9261,1579,74,68,70,75,47,65,73,eafchub,ismailoksuz/EAFC26-DataHub,2026-08-12T20:30:26.534511,,,,,,
9262,237,72,75,76,75,68,71,74,eafchub,ismailoksuz/EAFC26-DataHub,2026-08-12T20:30:26.534511,,,,,,
9263,37,76,76,65,74,36,74,77,eafchub,ismailoksuz/EAFC26-DataHub,2026-08-12T20:30:26.534511,,,,,,
9264,2,67,28,59,64,81,78,79,eafchub,ismailoksuz/EAFC26-DataHub,2026-08-12T20:30:26.534511,,,,,,
9265,742,82,63,66,72,27,58,70,eafchub,ismailoksuz/EAFC26-DataHub,2026-08-12T20:30:26.534511,,,,,,
9266,55,91,88,83,93,50,69,90,eafchub,ismailoksuz/EAFC26-DataHub,2026-08-12T20:30:26.534511,,,,,,
9267,630,86,78,72,82,35,67,79,eafchub,ismailoksuz/EAFC26-DataHub,2026-08-12T20:30:26.534511,,,,,,
9268,2451,81,88,75,84,51,83,88,eafchub,ismailoksuz/EAFC26-DataHub,2026-08-12T20:30:26.534511,,,,,,
9269,4049,76,36,64,68,73,75,73,eafchub,ismailoksuz/EAFC26-DataHub,2026-08-12T20:30:26.534511,,,,,,
9270,4087,67,40,65,67,73,79,74,eafchub,ismailoksuz/EAFC26-DataHub,2026-08-12T20:30:26.534511,,,,,,
9271,2100,62,76,80,82,81,71,84,eafchub,ismailoksuz/EAFC26-DataHub,2026-08-12T20:30:26.534511,,,,,,
9272,499,74,45,59,68,68,63,71,eafchub,ismailoksuz/EAFC26-DataHub,2026-08-12T20:30:26.534511,,,,,,
9273,796,78,56,75,79,77,73,80,eafchub,ismailoksuz/EAFC26-DataHub,2026-08-12T20:30:26.534511,,,,,,
9274,3305,59,57,65,62,62,65,65,eafchub,ismailoksuz/EAFC26-DataHub,2026-08-12T20:30:26.534511,,,,,,
9275,780,82,76,62,71,30,76,77,eafchub,ismailoksuz/EAFC26-DataHub,2026-08-12T20:30:26.534511,,,,,,
9276,735,73,72,65,67,45,76,72,eafchub,ismailoksuz/EAFC26-DataHub,2026-08-12T20:30:26.534511,,,,,,
9277,724,57,37,53,55,77,78,76,eafchub,ismailoksuz/EAFC26-DataHub,2026-08-12T20:30:26.534511,,,,,,
9278,3733,75,69,68,71,40,55,70,eafchub,ismailoksuz/EAFC26-DataHub,2026-08-12T20:30:26.534511,,,,,,
9279,610,64,71,56,72,40,76,72,eafchub,ismailoksuz/EAFC26-DataHub,2026-08-12T20:30:26.534511,,,,,,
9280,3730,65,80,86,84,86,85,90,eafchub,ismailoksuz/EAFC26-DataHub,2026-08-12T20:30:26.534511,,,,,,
9281,2302,51,53,55,58,65,72,65,eafchub,ismailoksuz/EAFC26-DataHub,2026-08-12T20:30:26.534511,,,,,,
9282,188,66,78,79,76,63,73,76,eafchub,ismailoksuz/EAFC26-DataHub,2026-08-12T20:30:26.534511,,,,,,
9283,3301,68,51,61,65,68,74,70,eafchub,ismailoksuz/EAFC26-DataHub,2026-08-12T20:30:26.534511,,,,,,
9284,1106,81,61,65,74,64,71,72,eafchub,ismailoksuz/EAFC26-DataHub,2026-08-12T20:30:26.534511,,,,,,
9285,4270,69,47,58,65,77,80,77,eafchub,ismailoksuz/EAFC26-DataHub,2026-08-12T20:30:26.534511,,,,,,
9286,1913,79,56,60,66,62,74,69,eafchub,ismailoksuz/EAFC26-DataHub,2026-08-12T20:30:26.534511,,,,,,
9287,1112,75,71,68,71,35,70,71,eafchub,ismailoksuz/EAFC26-DataHub,2026-08-12T20:30:26.534511,,,,,,
9288,1463,86,70,68,74,54,69,74,eafchub,ismailoksuz/EAFC26-DataHub,2026-08-12T20:30:26.534511,,,,,,
9289,644,78,57,75,75,74,72,77,eafchub,ismailoksuz/EAFC26-DataHub,2026-08-12T20:30:26.534511,,,,,,
9290,2818,,,,,,,75,eafchub,ismailoksuz/EAFC26-DataHub,2026-08-12T20:30:26.534511,77,72,75,73,76,42
9291,3793,81,58,68,73,69,79,74,eafchub,ismailoksuz/EAFC26-DataHub,2026-08-12T20:30:26.534511,,,,,,
9292,1912,66,26,46,45,64,75,66,eafchub,ismailoksuz/EAFC26-DataHub,2026-08-12T20:30:26.534511,,,,,,
9293,4255,57,52,60,65,83,81,81,eafchub,ismailoksuz/EAFC26-DataHub,2026-08-12T20:30:26.534511,,,,,,
9294,3718,76,54,60,67,65,72,70,eafchub,ismailoksuz/EAFC26-DataHub,2026-08-12T20:30:26.534511,,,,,,
9295,4067,66,48,62,65,83,81,82,eafchub,ismailoksuz/EAFC26-DataHub,2026-08-12T20:30:26.534511,,,,,,
9296,167,84,77,80,82,39,65,81,eafchub,ismailoksuz/EAFC26-DataHub,2026-08-12T20:30:26.534511,,,,,,
9297,71,64,44,64,65,88,84,88,eafchub,ismailoksuz/EAFC26-DataHub,2026-08-12T20:30:26.534511,,,,,,
9298,3048,82,71,78,85,41,64,82,eafchub,ismailoksuz/EAFC26-DataHub,2026-08-12T20:30:26.534511,,,,,,
9299,542,73,58,64,64,58,68,65,eafchub,ismailoksuz/EAFC26-DataHub,2026-08-12T20:30:26.534511,,,,,,
9300,1265,63,42,59,65,78,83,78,eafchub,ismailoksuz/EAFC26-DataHub,2026-08-12T20:30:26.534511,,,,,,
9301,1501,65,79,76,77,79,79,80,eafchub,ismailoksuz/EAFC26-DataHub,2026-08-12T20:30:26.534511,,,,,,
9302,1145,72,39,50,60,69,76,70,eafchub,ismailoksuz/EAFC26-DataHub,2026-08-12T20:30:26.534511,,,,,,
9303,1289,63,73,74,77,75,79,78,eafchub,ismailoksuz/EAFC26-DataHub,2026-08-12T20:30:26.534511,,,,,,
9304,143,71,72,77,78,64,66,77,eafchub,ismailoksuz/EAFC26-DataHub,2026-08-12T20:30:26.534511,,,,,,
9305,1046,71,70,73,71,69,78,73,eafchub,ismailoksuz/EAFC26-DataHub,2026-08-12T20:30:26.534511,,,,,,
9306,3740,72,63,46,63,32,67,64,eafchub,ismailoksuz/EAFC26-DataHub,2026-08-12T20:30:26.534511,,,,,,
9307,2241,69,53,63,68,75,76,75,eafchub,ismailoksuz/EAFC26-DataHub,2026-08-12T20:30:26.534511,,,,,,
9308,2948,73,66,73,73,71,73,75,eafchub,ismailoksuz/EAFC26-DataHub,2026-08-12T20:30:26.534511,,,,,,
9309,36,79,73,77,87,35,58,80,eafchub,ismailoksuz/EAFC26-DataHub,2026-08-12T20:30:26.534511,,,,,,
9310,1027,66,69,71,74,58,59,73,eafchub,ismailoksuz/EAFC26-DataHub,2026-08-12T20:30:26.534511,,,,,,
9311,3469,,,,,,,72,eafchub,ismailoksuz/EAFC26-DataHub,2026-08-12T20:30:26.534511,73,71,75,71,73,45
9312,944,77,61,66,68,67,72,72,eafchub,ismailoksuz/EAFC26-DataHub,2026-08-12T20:30:26.534511,,,,,,
9313,638,,,,,,,72,eafchub,ismailoksuz/EAFC26-DataHub,2026-08-12T20:30:26.534511,72,68,71,70,75,38
9314,3286,69,70,74,78,75,78,80,eafchub,ismailoksuz/EAFC26-DataHub,2026-08-12T20:30:26.534511,,,,,,
9315,2126,59,75,57,68,34,81,75,eafchub,ismailoksuz/EAFC26-DataHub,2026-08-12T20:30:26.534511,,,,,,
9316,2505,,,,,,,74,eafchub,ismailoksuz/EAFC26-DataHub,2026-08-12T20:30:26.534511,74,72,67,73,74,40
9317,3046,69,65,70,72,79,81,79,eafchub,ismailoksuz/EAFC26-DataHub,2026-08-12T20:30:26.534511,,,,,,
9318,139,,,,,,,81,eafchub,ismailoksuz/EAFC26-DataHub,2026-08-12T20:30:26.534511,82,78,77,80,82,55
9319,215,72,62,68,71,62,77,71,eafchub,ismailoksuz/EAFC26-DataHub,2026-08-12T20:30:26.534511,,,,,,
9320,942,52,55,56,61,73,83,73,eafchub,ismailoksuz/EAFC26-DataHub,2026-08-12T20:30:26.534511,,,,,,
9321,1338,79,81,79,83,49,67,82,eafchub,ismailoksuz/EAFC26-DataHub,2026-08-12T20:30:26.534511,,,,,,
9322,2994,84,67,60,70,39,64,68,eafchub,ismailoksuz/EAFC26-DataHub,2026-08-12T20:30:26.534511,,,,,,
9323,1068,63,55,64,66,67,70,69,eafchub,ismailoksuz/EAFC26-DataHub,2026-08-12T20:30:26.534511,,,,,,
9324,3328,,,,,,,66,eafchub,ismailoksuz/EAFC26-DataHub,2026-08-12T20:30:26.534511,,,,,,
9325,961,71,41,56,58,71,74,71,eafchub,ismailoksuz/EAFC26-DataHub,2026-08-12T20:30:26.534511,,,,,,
9326,1766,81,53,65,72,68,75,74,eafchub,ismailoksuz/EAFC26-DataHub,2026-08-12T20:30:26.534511,,,,,,
9327,1782,80,69,69,75,40,64,74,eafchub,ismailoksuz/EAFC26-DataHub,2026-08-12T20:30:26.534511,,,,,,
9328,2369,66,73,65,71,45,67,72,eafchub,ismailoksuz/EAFC26-DataHub,2026-08-12T20:30:26.534511,,,,,,
9329,765,63,63,68,69,67,80,71,eafchub,ismailoksuz/EAFC26-DataHub,2026-08-12T20:30:26.534511,,,,,,
9330,771,66,49,61,55,72,76,72,eafchub,ismailoksuz/EAFC26-DataHub,2026-08-12T20:30:26.534511,,,,,,
9331,2322,64,24,46,47,72,76,71,eafchub,ismailoksuz/EAFC26-DataHub,2026-08-12T20:30:26.534511,,,,,,
9332,3014,,,,,,,77,eafchub,ismailoksuz/EAFC26-DataHub,2026-08-12T20:30:26.534511,77,76,80,74,79,48
9333,3420,74,72,74,75,71,72,77,eafchub,ismailoksuz/EAFC26-DataHub,2026-08-12T20:30:26.534511,,,,,,
9334,1623,,,,,,,74,eafchub,ismailoksuz/EAFC26-DataHub,2026-08-12T20:30:26.534511,74,71,69,70,77,50
9335,1541,86,59,74,79,72,69,78,eafchub,ismailoksuz/EAFC26-DataHub,2026-08-12T20:30:26.534511,,,,,,
9336,1568,87,64,59,71,25,60,69,eafchub,ismailoksuz/EAFC26-DataHub,2026-08-12T20:30:26.534511,,,,,,
9337,1853,74,57,71,72,80,72,78,eafchub,ismailoksuz/EAFC26-DataHub,2026-08-12T20:30:26.534511,,,,,,
9338,2104,72,83,71,81,38,77,85,eafchub,ismailoksuz/EAFC26-DataHub,2026-08-12T20:30:26.534511,,,,,,
9339,861,77,75,74,79,36,57,76,eafchub,ismailoksuz/EAFC26-DataHub,2026-08-12T20:30:26.534511,,,,,,
9340,409,,,,,,,74,eafchub,ismailoksuz/EAFC26-DataHub,2026-08-12T20:30:26.534511,74,70,65,74,76,43
9341,76,72,73,84,80,83,83,87,eafchub,ismailoksuz/EAFC26-DataHub,2026-08-12T20:30:26.534511,,,,,,
9342,1854,94,66,78,85,74,76,84,eafchub,ismailoksuz/EAFC26-DataHub,2026-08-12T20:30:26.534511,,,,,,
9343,1129,72,77,78,81,66,69,79,eafchub,ismailoksuz/EAFC26-DataHub,2026-08-12T20:30:26.534511,,,,,,
9344,1581,64,26,65,65,73,76,73,eafchub,ismailoksuz/EAFC26-DataHub,2026-08-12T20:30:26.534511,,,,,,
9345,4050,55,47,65,73,81,80,80,eafchub,ismailoksuz/EAFC26-DataHub,2026-08-12T20:30:26.534511,,,,,,
9346,2244,64,38,52,63,80,78,78,eafchub,ismailoksuz/EAFC26-DataHub,2026-08-12T20:30:26.534511,,,,,,
9347,2134,,,,,,,84,eafchub,ismailoksuz/EAFC26-DataHub,2026-08-12T20:30:26.534511,,,,,,
9348,1572,85,67,72,80,35,56,76,eafchub,ismailoksuz/EAFC26-DataHub,2026-08-12T20:30:26.534511,,,,,,
9349,2554,72,61,47,60,23,69,62,eafchub,ismailoksuz/EAFC26-DataHub,2026-08-12T20:30:26.534511,,,,,,
9350,2949,79,67,66,67,46,74,69,eafchub,ismailoksuz/EAFC26-DataHub,2026-08-12T20:30:26.534511,,,,,,
9351,1342,73,77,72,74,43,75,76,eafchub,ismailoksuz/EAFC26-DataHub,2026-08-12T20:30:26.534511,,,,,,
9352,1049,75,72,74,80,38,54,75,eafchub,ismailoksuz/EAFC26-DataHub,2026-08-12T20:30:26.534511,,,,,,
9353,797,81,52,71,76,72,75,77,eafchub,ismailoksuz/EAFC26-DataHub,2026-08-12T20:30:26.534511,,,,,,
9354,3012,83,80,75,81,43,68,80,eafchub,ismailoksuz/EAFC26-DataHub,2026-08-12T20:30:26.534511,,,,,,
9355,3290,,,,,,,73,eafchub,ismailoksuz/EAFC26-DataHub,2026-08-12T20:30:26.534511,75,72,71,69,75,53
9356,1373,70,66,69,74,69,69,72,eafchub,ismailoksuz/EAFC26-DataHub,2026-08-12T20:30:26.534511,,,,,,
9357,3010,85,82,70,80,31,71,82,eafchub,ismailoksuz/EAFC26-DataHub,2026-08-12T20:30:26.534511,,,,,,
9358,1029,67,74,60,70,24,78,74,eafchub,ismailoksuz/EAFC26-DataHub,2026-08-12T20:30:26.534511,,,,,,
9359,2423,53,39,61,63,71,80,71,eafchub,ismailoksuz/EAFC26-DataHub,2026-08-12T20:30:26.534511,,,,,,
9360,12,,,,,,,72,eafchub,ismailoksuz/EAFC26-DataHub,2026-08-12T20:30:26.534511,72,67,71,68,79,43
9361,1497,42,36,57,52,75,74,74,eafchub,ismailoksuz/EAFC26-DataHub,2026-08-12T20:30:26.534511,,,,,,
9362,2135,72,37,57,58,74,62,72,eafchub,ismailoksuz/EAFC26-DataHub,2026-08-12T20:30:26.534511,,,,,,
9363,17,67,72,55,63,51,79,73,eafchub,ismailoksuz/EAFC26-DataHub,2026-08-12T20:30:26.534511,,,,,,
9364,3605,76,67,68,72,36,69,72,eafchub,ismailoksuz/EAFC26-DataHub,2026-08-12T20:30:26.534511,,,,,,
9365,305,72,71,75,76,65,67,75,eafchub,ismailoksuz/EAFC26-DataHub,2026-08-12T20:30:26.534511,,,,,,
9366,3867,81,71,69,72,31,60,72,eafchub,ismailoksuz/EAFC26-DataHub,2026-08-12T20:30:26.534511,,,,,,
9367,2358,55,70,74,74,60,68,72,eafchub,ismailoksuz/EAFC26-DataHub,2026-08-12T20:30:26.534511,,,,,,
9368,431,,,,,,,86,eafchub,ismailoksuz/EAFC26-DataHub,2026-08-12T20:30:26.534511,87,83,64,86,87,44
9369,922,55,64,68,72,74,79,75,eafchub,ismailoksuz/EAFC26-DataHub,2026-08-12T20:30:26.534511,,,,,,
9370,3025,60,59,72,76,80,73,80,eafchub,ismailoksuz/EAFC26-DataHub,2026-08-12T20:30:26.534511,,,,,,
9371,1712,59,70,73,73,73,78,76,eafchub,ismailoksuz/EAFC26-DataHub,2026-08-12T20:30:26.534511,,,,,,
9372,3500,58,65,72,71,77,79,77,eafchub,ismailoksuz/EAFC26-DataHub,2026-08-12T20:30:26.534511,,,,,,
9373,51,92,79,82,83,82,79,89,eafchub,ismailoksuz/EAFC26-DataHub,2026-08-12T20:30:26.534511,,,,,,
9374,667,49,41,57,60,76,80,76,eafchub,ismailoksuz/EAFC26-DataHub,2026-08-12T20:30:26.534511,,,,,,
9375,3628,,,,,,,70,eafchub,ismailoksuz/EAFC26-DataHub,2026-08-12T20:30:26.534511,73,68,67,66,71,24
9376,149,91,78,76,78,28,69,79,eafchub,ismailoksuz/EAFC26-DataHub,2026-08-12T20:30:26.534511,,,,,,
9377,3415,81,70,52,69,29,76,73,eafchub,ismailoksuz/EAFC26-DataHub,2026-08-12T20:30:26.534511,,,,,,
9378,1520,90,61,75,81,71,61,78,eafchub,ismailoksuz/EAFC26-DataHub,2026-08-12T20:30:26.534511,,,,,,
9379,446,70,59,68,73,75,79,75,eafchub,ismailoksuz/EAFC26-DataHub,2026-08-12T20:30:26.534511,,,,,,
9380,1577,67,69,71,72,74,79,76,eafchub,ismailoksuz/EAFC26-DataHub,2026-08-12T20:30:26.534511,,,,,,
9381,338,78,63,72,78,70,72,75,eafchub,ismailoksuz/EAFC26-DataHub,2026-08-12T20:30:26.534511,,,,,,
9382,729,74,61,72,74,64,70,72,eafchub,ismailoksuz/EAFC26-DataHub,2026-08-12T20:30:26.534511,,,,,,
9383,1967,,,,,,,64,eafchub,ismailoksuz/EAFC26-DataHub,2026-08-12T20:30:26.534511,,,,,,
9384,4056,84,69,70,81,30,48,76,eafchub,ismailoksuz/EAFC26-DataHub,2026-08-12T20:30:26.534511,,,,,,
9385,424,,,,,,,78,eafchub,ismailoksuz/EAFC26-DataHub,2026-08-12T20:30:26.534511,78,75,76,76,80,50
9386,3171,62,62,69,72,68,80,72,eafchub,ismailoksuz/EAFC26-DataHub,2026-08-12T20:30:26.534511,,,,,,
9387,3512,50,62,68,67,76,82,77,eafchub,ismailoksuz/EAFC26-DataHub,2026-08-12T20:30:26.534511,,,,,,
9388,1370,61,43,60,66,75,77,75,eafchub,ismailoksuz/EAFC26-DataHub,2026-08-12T20:30:26.534511,,,,,,
9389,3028,79,76,72,74,64,74,77,eafchub,ismailoksuz/EAFC26-DataHub,2026-08-12T20:30:26.534511,,,,,,
9390,3778,,,,,,,68,eafchub,ismailoksuz/EAFC26-DataHub,2026-08-12T20:30:26.534511,,,,,,
9391,820,55,72,72,75,77,75,78,eafchub,ismailoksuz/EAFC26-DataHub,2026-08-12T20:30:26.534511,,,,,,
9392,78,72,79,78,81,48,74,82,eafchub,ismailoksuz/EAFC26-DataHub,2026-08-12T20:30:26.534511,,,,,,
9393,88,74,80,81,87,50,68,83,eafchub,ismailoksuz/EAFC26-DataHub,2026-08-12T20:30:26.534511,,,,,,
9394,3525,87,80,75,83,44,68,81,eafchub,ismailoksuz/EAFC26-DataHub,2026-08-12T20:30:26.534511,,,,,,
9395,3482,,,,,,,66,eafchub,ismailoksuz/EAFC26-DataHub,2026-08-12T20:30:26.534511,,,,,,
9396,4086,,,,,,,81,eafchub,ismailoksuz/EAFC26-DataHub,2026-08-12T20:30:26.534511,82,78,79,83,85,56
9397,3477,70,76,56,71,27,69,75,eafchub,ismailoksuz/EAFC26-DataHub,2026-08-12T20:30:26.534511,,,,,,
9398,4265,65,58,69,72,78,79,78,eafchub,ismailoksuz/EAFC26-DataHub,2026-08-12T20:30:26.534511,,,,,,
9399,869,89,64,56,67,21,70,67,eafchub,ismailoksuz/EAFC26-DataHub,2026-08-12T20:30:26.534511,,,,,,
9400,1683,77,71,67,76,40,66,74,eafchub,ismailoksuz/EAFC26-DataHub,2026-08-12T20:30:26.534511,,,,,,
9401,1376,72,61,69,69,69,66,73,eafchub,ismailoksuz/EAFC26-DataHub,2026-08-12T20:30:26.534511,,,,,,
9402,3742,72,51,62,71,64,70,68,eafchub,ismailoksuz/EAFC26-DataHub,2026-08-12T20:30:26.534511,,,,,,
9403,515,59,66,75,74,75,75,78,eafchub,ismailoksuz/EAFC26-DataHub,2026-08-12T20:30:26.534511,,,,,,
9404,2061,56,67,76,77,76,69,78,eafchub,ismailoksuz/EAFC26-DataHub,2026-08-12T20:30:26.534511,,,,,,
9405,3498,75,77,82,84,60,72,82,eafchub,ismailoksuz/EAFC26-DataHub,2026-08-12T20:30:26.534511,,,,,,
9406,177,,,,,,,75,eafchub,ismailoksuz/EAFC26-DataHub,2026-08-12T20:30:26.534511,74,73,73,75,76,44
9407,789,83,73,71,76,44,67,75,eafchub,ismailoksuz/EAFC26-DataHub,2026-08-12T20:30:26.534511,,,,,,
9408,190,59,54,76,75,71,64,74,eafchub,ismailoksuz/EAFC26-DataHub,2026-08-12T20:30:26.534511,,,,,,
9409,1805,68,29,61,67,75,71,75,eafchub,ismailoksuz/EAFC26-DataHub,2026-08-12T20:30:26.534511,,,,,,
9410,1872,66,43,56,61,74,84,76,eafchub,ismailoksuz/EAFC26-DataHub,2026-08-12T20:30:26.534511,,,,,,
9411,623,74,53,69,69,81,82,81,eafchub,ismailoksuz/EAFC26-DataHub,2026-08-12T20:30:26.534511,,,,,,
9412,3847,78,69,54,60,41,78,69,eafchub,ismailoksuz/EAFC26-DataHub,2026-08-12T20:30:26.534511,,,,,,
9413,1876,83,55,69,73,70,67,76,eafchub,ismailoksuz/EAFC26-DataHub,2026-08-12T20:30:26.534511,,,,,,
9414,147,75,84,70,77,41,81,82,eafchub,ismailoksuz/EAFC26-DataHub,2026-08-12T20:30:26.534511,,,,,,
9415,1879,75,74,73,81,68,66,77,eafchub,ismailoksuz/EAFC26-DataHub,2026-08-12T20:30:26.534511,,,,,,
9416,4070,66,66,74,79,76,74,78,eafchub,ismailoksuz/EAFC26-DataHub,2026-08-12T20:30:26.534511,,,,,,
9417,176,66,76,76,74,69,73,75,eafchub,ismailoksuz/EAFC26-DataHub,2026-08-12T20:30:26.534511,,,,,,
9418,1523,72,73,80,80,77,77,82,eafchub,ismailoksuz/EAFC26-DataHub,2026-08-12T20:30:26.534511,,,,,,
9419,3124,67,75,82,80,75,70,80,eafchub,ismailoksuz/EAFC26-DataHub,2026-08-12T20:30:26.534511,,,,,,
9420,293,56,42,70,72,79,75,78,eafchub,ismailoksuz/EAFC26-DataHub,2026-08-12T20:30:26.534511,77,76,70,75,78,21
9421,3732,66,63,72,75,66,70,71,eafchub,ismailoksuz/EAFC26-DataHub,2026-08-12T20:30:26.534511,,,,,,
9422,3045,66,44,63,66,83,81,82,eafchub,ismailoksuz/EAFC26-DataHub,2026-08-12T20:30:26.534511,,,,,,
9423,2958,56,73,49,66,30,75,73,eafchub,ismailoksuz/EAFC26-DataHub,2026-08-12T20:30:26.534511,,,,,,
9424,490,,,,,,,74,eafchub,ismailoksuz/EAFC26-DataHub,2026-08-12T20:30:26.534511,77,70,63,70,77,35
9425,6,71,33,61,66,72,77,73,eafchub,ismailoksuz/EAFC26-DataHub,2026-08-12T20:30:26.534511,,,,,,
9426,1555,86,82,58,81,40,74,83,eafchub,ismailoksuz/EAFC26-DataHub,2026-08-12T20:30:26.534511,,,,,,
9427,2986,80,56,62,66,59,69,67,eafchub,ismailoksuz/EAFC26-DataHub,2026-08-12T20:30:26.534511,,,,,,
9428,779,77,73,74,75,69,85,75,eafchub,ismailoksuz/EAFC26-DataHub,2026-08-12T20:30:26.534511,,,,,,
9429,712,60,69,76,74,76,79,78,eafchub,ismailoksuz/EAFC26-DataHub,2026-08-12T20:30:26.534511,,,,,,
9430,3273,86,61,80,79,74,78,82,eafchub,ismailoksuz/EAFC26-DataHub,2026-08-12T20:30:26.534511,,,,,,
9431,3912,84,67,62,75,38,49,72,eafchub,ismailoksuz/EAFC26-DataHub,2026-08-12T20:30:26.534511,,,,,,
9432,859,81,51,68,72,69,67,72,eafchub,ismailoksuz/EAFC26-DataHub,2026-08-12T20:30:26.534511,,,,,,
9433,1554,,,,,,,71,eafchub,ismailoksuz/EAFC26-DataHub,2026-08-12T20:30:26.534511,72,69,69,69,74,44
9434,3517,79,82,84,82,67,76,83,eafchub,ismailoksuz/EAFC26-DataHub,2026-08-12T20:30:26.534511,,,,,,
9435,2107,78,79,75,80,36,71,79,eafchub,ismailoksuz/EAFC26-DataHub,2026-08-12T20:30:26.534511,,,,,,
9436,2647,74,44,70,72,79,81,79,eafchub,ismailoksuz/EAFC26-DataHub,2026-08-12T20:30:26.534511,,,,,,
9437,2428,59,65,73,72,66,63,71,eafchub,ismailoksuz/EAFC26-DataHub,2026-08-12T20:30:26.534511,,,,,,
9438,213,66,67,72,75,74,70,74,eafchub,ismailoksuz/EAFC26-DataHub,2026-08-12T20:30:26.534511,,,,,,
9439,1960,78,78,75,78,41,65,77,eafchub,ismailoksuz/EAFC26-DataHub,2026-08-12T20:30:26.534511,,,,,,
9440,968,77,68,67,73,37,68,71,eafchub,ismailoksuz/EAFC26-DataHub,2026-08-12T20:30:26.534511,,,,,,
9441,2960,82,39,61,63,73,81,75,eafchub,ismailoksuz/EAFC26-DataHub,2026-08-12T20:30:26.534511,,,,,,
9442,2603,64,55,74,75,83,80,83,eafchub,ismailoksuz/EAFC26-DataHub,2026-08-12T20:30:26.534511,71,70,66,70,70,39
9443,3294,86,36,57,67,67,82,71,eafchub,ismailoksuz/EAFC26-DataHub,2026-08-12T20:30:26.534511,,,,,,
9444,2312,59,68,59,66,31,74,68,eafchub,ismailoksuz/EAFC26-DataHub,2026-08-12T20:30:26.534511,,,,,,
9445,274,73,33,58,63,83,84,82,eafchub,ismailoksuz/EAFC26-DataHub,2026-08-12T20:30:26.534511,,,,,,
9446,1923,52,32,48,49,63,77,65,eafchub,ismailoksuz/EAFC26-DataHub,2026-08-12T20:30:26.534511,,,,,,
9447,3193,76,82,77,80,80,85,85,eafchub,ismailoksuz/EAFC26-DataHub,2026-08-12T20:30:26.534511,,,,,,
9448,1893,59,30,48,57,68,73,68,eafchub,ismailoksuz/EAFC26-DataHub,2026-08-12T20:30:26.534511,,,,,,
9449,1946,,,,,,,64,eafchub,ismailoksuz/EAFC26-DataHub,2026-08-12T20:30:26.534511,,,,,,
9450,1133,75,78,54,73,29,83,77,eafchub,ismailoksuz/EAFC26-DataHub,2026-08-12T20:30:26.534511,,,,,,
9451,2526,82,35,55,67,72,79,73,eafchub,ismailoksuz/EAFC26-DataHub,2026-08-12T20:30:26.534511,,,,,,
9452,2517,59,61,67,66,64,73,69,eafchub,ismailoksuz/EAFC26-DataHub,2026-08-12T20:30:26.534511,,,,,,
9453,3734,91,71,63,73,37,68,73,eafchub,ismailoksuz/EAFC26-DataHub,2026-08-12T20:30:26.534511,,,,,,
9454,3013,75,72,73,79,72,68,76,eafchub,ismailoksuz/EAFC26-DataHub,2026-08-12T20:30:26.534511,,,,,,
9455,1389,74,70,71,74,55,60,72,eafchub,ismailoksuz/EAFC26-DataHub,2026-08-12T20:30:26.534511,,,,,,
9456,2444,74,46,75,76,88,82,87,eafchub,ismailoksuz/EAFC26-DataHub,2026-08-12T20:30:26.534511,,,,,,
9457,3713,66,57,63,64,60,71,65,eafchub,ismailoksuz/EAFC26-DataHub,2026-08-12T20:30:26.534511,,,,,,
9458,1142,,,,,,,59,eafchub,ismailoksuz/EAFC26-DataHub,2026-08-12T20:30:26.534511,,,,,,
9459,1360,92,70,67,73,39,69,71,eafchub,ismailoksuz/EAFC26-DataHub,2026-08-12T20:30:26.534511,,,,,,
9460,706,70,37,58,52,75,73,74,eafchub,ismailoksuz/EAFC26-DataHub,2026-08-12T20:30:26.534511,,,,,,
9461,250,,,,,,,73,eafchub,ismailoksuz/EAFC26-DataHub,2026-08-12T20:30:26.534511,76,70,68,73,73,55
9462,1283,75,44,64,69,79,77,77,eafchub,ismailoksuz/EAFC26-DataHub,2026-08-12T20:30:26.534511,,,,,,
9463,1842,62,63,71,77,74,72,75,eafchub,ismailoksuz/EAFC26-DataHub,2026-08-12T20:30:26.534511,,,,,,
9464,2854,64,71,58,66,35,72,72,eafchub,ismailoksuz/EAFC26-DataHub,2026-08-12T20:30:26.534511,,,,,,
9465,334,50,31,56,56,77,77,76,eafchub,ismailoksuz/EAFC26-DataHub,2026-08-12T20:30:26.534511,,,,,,
9466,1368,75,67,69,73,69,65,73,eafchub,ismailoksuz/EAFC26-DataHub,2026-08-12T20:30:26.534511,,,,,,
9467,3515,77,34,63,69,86,85,86,eafchub,ismailoksuz/EAFC26-DataHub,2026-08-12T20:30:26.534511,,,,,,
9468,4083,90,79,71,80,38,65,81,eafchub,ismailoksuz/EAFC26-DataHub,2026-08-12T20:30:26.534511,,,,,,
9469,588,81,81,82,89,57,57,85,eafchub,ismailoksuz/EAFC26-DataHub,2026-08-12T20:30:26.534511,,,,,,
9470,3507,69,65,72,76,76,77,79,eafchub,ismailoksuz/EAFC26-DataHub,2026-08-12T20:30:26.534511,,,,,,
9471,995,75,48,62,65,64,67,69,eafchub,ismailoksuz/EAFC26-DataHub,2026-08-12T20:30:26.534511,,,,,,
9472,543,,,,,,,68,eafchub,ismailoksuz/EAFC26-DataHub,2026-08-12T20:30:26.534511,,,,,,
9473,1069,72,67,71,74,69,71,74,eafchub,ismailoksuz/EAFC26-DataHub,2026-08-12T20:30:26.534511,,,,,,
9474,220,67,64,66,69,27,40,69,eafchub,ismailoksuz/EAFC26-DataHub,2026-08-12T20:30:26.534511,,,,,,
9475,4069,73,32,57,62,78,83,79,eafchub,ismailoksuz/EAFC26-DataHub,2026-08-12T20:30:26.534511,,,,,,
9476,621,74,75,73,75,60,77,76,eafchub,ismailoksuz/EAFC26-DataHub,2026-08-12T20:30:26.534511,,,,,,
9477,3495,57,46,63,62,84,86,83,eafchub,ismailoksuz/EAFC26-DataHub,2026-08-12T20:30:26.534511,,,,,,
9478,1036,60,69,72,76,65,56,74,eafchub,ismailoksuz/EAFC26-DataHub,2026-08-12T20:30:26.534511,,,,,,
9479,988,68,45,69,70,70,69,73,eafchub,ismailoksuz/EAFC26-DataHub,2026-08-12T20:30:26.534511,,,,,,
9480,2556,80,56,58,63,60,65,65,eafchub,ismailoksuz/EAFC26-DataHub,2026-08-12T20:30:26.534511,,,,,,
9481,4071,75,76,80,78,79,84,81,eafchub,ismailoksuz/EAFC26-DataHub,2026-08-12T20:30:26.534511,,,,,,
9482,2024,84,70,63,72,50,69,70,eafchub,ismailoksuz/EAFC26-DataHub,2026-08-12T20:30:26.534511,,,,,,
9483,1065,37,31,47,47,69,79,70,eafchub,ismailoksuz/EAFC26-DataHub,2026-08-12T20:30:26.534511,,,,,,
9484,3319,80,68,65,72,43,63,70,eafchub,ismailoksuz/EAFC26-DataHub,2026-08-12T20:30:26.534511,,,,,,
9485,2701,73,57,68,67,69,65,73,eafchub,ismailoksuz/EAFC26-DataHub,2026-08-12T20:30:26.534511,,,,,,
9486,1538,61,26,52,62,74,76,74,eafchub,ismailoksuz/EAFC26-DataHub,2026-08-12T20:30:26.534511,,,,,,
9487,900,67,49,67,73,66,68,68,eafchub,ismailoksuz/EAFC26-DataHub,2026-08-12T20:30:26.534511,,,,,,
9488,372,55,54,68,70,70,70,73,eafchub,ismailoksuz/EAFC26-DataHub,2026-08-12T20:30:26.534511,,,,,,
9489,2905,41,31,51,54,64,82,66,eafchub,ismailoksuz/EAFC26-DataHub,2026-08-12T20:30:26.534511,,,,,,
9490,184,60,37,50,61,71,79,73,eafchub,ismailoksuz/EAFC26-DataHub,2026-08-12T20:30:26.534511,,,,,,
9491,3706,,,,,,,73,eafchub,ismailoksuz/EAFC26-DataHub,2026-08-12T20:30:26.534511,,,,,,
9492,1718,60,36,56,61,78,79,77,eafchub,ismailoksuz/EAFC26-DataHub,2026-08-12T20:30:26.534511,,,,,,
9493,4091,77,71,77,77,80,80,78,eafchub,ismailoksuz/EAFC26-DataHub,2026-08-12T20:30:26.534511,,,,,,
9494,4057,75,79,62,70,32,83,78,eafchub,ismailoksuz/EAFC26-DataHub,2026-08-12T20:30:26.534511,,,,,,
9495,3130,85,70,72,83,52,58,78,eafchub,ismailoksuz/EAFC26-DataHub,2026-08-12T20:30:26.534511,,,,,,
9496,904,72,81,73,78,42,78,80,eafchub,ismailoksuz/EAFC26-DataHub,2026-08-12T20:30:26.534511,,,,,,
9497,3310,,,,,,,65,eafchub,ismailoksuz/EAFC26-DataHub,2026-08-12T20:30:26.534511,,,,,,
9498,1467,62,68,48,63,29,72,68,eafchub,ismailoksuz/EAFC26-DataHub,2026-08-12T20:30:26.534511,,,,,,
9499,590,86,91,70,80,45,88,90,eafchub,ismailoksuz/EAFC26-DataHub,2026-08-12T20:30:26.534511,,,,,,
9500,415,85,69,76,78,73,69,80,eafchub,ismailoksuz/EAFC26-DataHub,2026-08-12T20:30:26.534511,,,,,,
9501,903,45,36,63,68,77,74,76,eafchub,ismailoksuz/EAFC26-DataHub,2026-08-12T20:30:26.534511,,,,,,
9502,1147,69,41,61,69,74,68,73,eafchub,ismailoksuz/EAFC26-DataHub,2026-08-12T20:30:26.534511,,,,,,
9503,1280,76,62,68,78,36,60,73,eafchub,ismailoksuz/EAFC26-DataHub,2026-08-12T20:30:26.534511,,,,,,
9504,233,,,,,,,77,eafchub,ismailoksuz/EAFC26-DataHub,2026-08-12T20:30:26.534511,77,73,70,76,79,44
9505,897,47,29,48,56,78,85,78,eafchub,ismailoksuz/EAFC26-DataHub,2026-08-12T20:30:26.534511,,,,,,
9506,1580,,,,,,,73,eafchub,ismailoksuz/EAFC26-DataHub,2026-08-12T20:30:26.534511,75,69,68,67,76,56
9507,470,79,63,69,72,71,81,75,eafchub,ismailoksuz/EAFC26-DataHub,2026-08-12T20:30:26.534511,,,,,,
9508,3207,80,77,73,84,50,68,80,eafchub,ismailoksuz/EAFC26-DataHub,2026-08-12T20:30:26.534511,,,,,,
9509,2657,,,,,,,73,eafchub,ismailoksuz/EAFC26-DataHub,2026-08-12T20:30:26.534511,73,69,74,73,73,56
9510,4088,82,50,58,66,86,80,85,eafchub,ismailoksuz/EAFC26-DataHub,2026-08-12T20:30:26.534511,,,,,,
9511,1339,67,70,76,75,72,68,76,eafchub,ismailoksuz/EAFC26-DataHub,2026-08-12T20:30:26.534511,,,,,,
9512,361,79,71,61,76,23,68,73,eafchub,ismailoksuz/EAFC26-DataHub,2026-08-12T20:30:26.534511,,,,,,
9513,733,80,67,70,73,43,67,72,eafchub,ismailoksuz/EAFC26-DataHub,2026-08-12T20:30:26.534511,,,,,,
9514,3465,76,59,72,73,68,65,72,eafchub,ismailoksuz/EAFC26-DataHub,2026-08-12T20:30:26.534511,,,,,,
9515,1291,77,67,78,83,56,58,78,eafchub,ismailoksuz/EAFC26-DataHub,2026-08-12T20:30:26.534511,,,,,,
9516,3607,72,67,52,66,24,68,67,eafchub,ismailoksuz/EAFC26-DataHub,2026-08-12T20:30:26.534511,,,,,,
9517,3735,84,72,70,76,45,64,74,eafchub,ismailoksuz/EAFC26-DataHub,2026-08-12T20:30:26.534511,,,,,,
9518,4101,84,71,76,85,25,62,79,eafchub,ismailoksuz/EAFC26-DataHub,2026-08-12T20:30:26.534511,,,,,,
9519,1326,73,53,66,67,76,75,75,eafchub,ismailoksuz/EAFC26-DataHub,2026-08-12T20:30:26.534511,,,,,,
9520,202,81,70,64,69,28,74,71,eafchub,ismailoksuz/EAFC26-DataHub,2026-08-12T20:30:26.534511,,,,,,
9521,1759,,,,,,,66,eafchub,ismailoksuz/EAFC26-DataHub,2026-08-12T20:30:26.534511,,,,,,
9522,2447,82,77,78,82,73,72,81,eafchub,ismailoksuz/EAFC26-DataHub,2026-08-12T20:30:26.534511,,,,,,
9523,584,59,39,69,69,86,84,86,eafchub,ismailoksuz/EAFC26-DataHub,2026-08-12T20:30:26.534511,,,,,,
9524,3519,66,82,85,85,78,76,87,eafchub,ismailoksuz/EAFC26-DataHub,2026-08-12T20:30:26.534511,,,,,,
9525,485,72,75,55,67,29,79,75,eafchub,ismailoksuz/EAFC26-DataHub,2026-08-12T20:30:26.534511,,,,,,
9526,2223,60,37,59,66,74,79,75,eafchub,ismailoksuz/EAFC26-DataHub,2026-08-12T20:30:26.534511,,,,,,
9527,860,80,39,57,67,65,74,71,eafchub,ismailoksuz/EAFC26-DataHub,2026-08-12T20:30:26.534511,,,,,,
9528,3759,91,73,70,81,46,71,78,eafchub,ismailoksuz/EAFC26-DataHub,2026-08-12T20:30:26.534511,,,,,,
9529,3033,92,74,70,77,45,71,76,eafchub,ismailoksuz/EAFC26-DataHub,2026-08-12T20:30:26.534511,,,,,,
9530,875,69,31,48,55,73,80,74,eafchub,ismailoksuz/EAFC26-DataHub,2026-08-12T20:30:26.534511,,,,,,
9531,4066,,,,,,,82,eafchub,ismailoksuz/EAFC26-DataHub,2026-08-12T20:30:26.534511,83,78,78,80,84,52
9532,1874,60,67,71,73,69,74,74,eafchub,ismailoksuz/EAFC26-DataHub,2026-08-12T20:30:26.534511,,,,,,
9533,1641,73,64,66,72,68,68,73,eafchub,ismailoksuz/EAFC26-DataHub,2026-08-12T20:30:26.534511,,,,,,
9534,47,,,,,,,78,eafchub,ismailoksuz/EAFC26-DataHub,2026-08-12T20:30:26.534511,79,74,75,77,80,44
9535,1935,74,68,64,72,31,53,69,eafchub,ismailoksuz/EAFC26-DataHub,2026-08-12T20:30:26.534511,,,,,,
9536,710,72,72,75,80,52,61,77,eafchub,ismailoksuz/EAFC26-DataHub,2026-08-12T20:30:26.534511,,,,,,
9537,764,60,42,65,65,73,67,73,eafchub,ismailoksuz/EAFC26-DataHub,2026-08-12T20:30:26.534511,,,,,,
9538,1895,75,59,68,76,56,70,71,eafchub,ismailoksuz/EAFC26-DataHub,2026-08-12T20:30:26.534511,,,,,,
9539,563,60,61,62,69,79,78,78,eafchub,ismailoksuz/EAFC26-DataHub,2026-08-12T20:30:26.534511,,,,,,
9540,1892,65,42,63,60,69,80,71,eafchub,ismailoksuz/EAFC26-DataHub,2026-08-12T20:30:26.534511,,,,,,
9541,11,78,70,78,76,60,63,76,eafchub,ismailoksuz/EAFC26-DataHub,2026-08-12T20:30:26.534511,,,,,,
9542,223,85,72,62,73,29,80,75,eafchub,ismailoksuz/EAFC26-DataHub,2026-08-12T20:30:26.534511,,,,,,
9543,1032,41,63,72,71,72,69,76,eafchub,ismailoksuz/EAFC26-DataHub,2026-08-12T20:30:26.534511,,,,,,
9544,345,69,70,75,79,72,67,76,eafchub,ismailoksuz/EAFC26-DataHub,2026-08-12T20:30:26.534511,,,,,,
9545,593,79,79,82,85,77,77,86,eafchub,ismailoksuz/EAFC26-DataHub,2026-08-12T20:30:26.534511,,,,,,
9546,1325,,,,,,,70,eafchub,ismailoksuz/EAFC26-DataHub,2026-08-12T20:30:26.534511,72,67,67,69,75,37
9547,212,67,62,65,68,60,74,68,eafchub,ismailoksuz/EAFC26-DataHub,2026-08-12T20:30:26.534511,,,,,,
9548,2132,62,44,56,60,75,84,72,eafchub,ismailoksuz/EAFC26-DataHub,2026-08-12T20:30:26.534511,,,,,,
9549,4097,70,79,83,78,75,75,81,eafchub,ismailoksuz/EAFC26-DataHub,2026-08-12T20:30:26.534511,,,,,,
9550,402,73,74,69,71,45,75,74,eafchub,ismailoksuz/EAFC26-DataHub,2026-08-12T20:30:26.534511,,,,,,
9551,3274,81,72,73,81,71,75,78,eafchub,ismailoksuz/EAFC26-DataHub,2026-08-12T20:30:26.534511,,,,,,
9552,3202,70,51,69,72,77,73,78,eafchub,ismailoksuz/EAFC26-DataHub,2026-08-12T20:30:26.534511,,,,,,
9553,3502,82,75,75,81,50,63,78,eafchub,ismailoksuz/EAFC26-DataHub,2026-08-12T20:30:26.534511,,,,,,
9554,2656,77,82,76,80,45,71,79,eafchub,ismailoksuz/EAFC26-DataHub,2026-08-12T20:30:26.534511,,,,,,
9555,1552,68,41,59,69,79,66,76,eafchub,ismailoksuz/EAFC26-DataHub,2026-08-12T20:30:26.534511,,,,,,
9556,225,89,70,70,77,53,65,74,eafchub,ismailoksuz/EAFC26-DataHub,2026-08-12T20:30:26.534511,,,,,,
9557,3186,74,69,59,77,34,65,73,eafchub,ismailoksuz/EAFC26-DataHub,2026-08-12T20:30:26.534511,,,,,,
9558,3727,58,38,51,53,72,75,71,eafchub,ismailoksuz/EAFC26-DataHub,2026-08-12T20:30:26.534511,,,,,,
9559,772,66,24,51,51,76,77,76,eafchub,ismailoksuz/EAFC26-DataHub,2026-08-12T20:30:26.534511,,,,,,
9560,1706,,,,,,,79,eafchub,ismailoksuz/EAFC26-DataHub,2026-08-12T20:30:26.534511,77,76,79,78,80,43
9561,3720,82,62,73,73,71,68,76,eafchub,ismailoksuz/EAFC26-DataHub,2026-08-12T20:30:26.534511,,,,,,
9562,2830,76,73,72,76,58,56,72,eafchub,ismailoksuz/EAFC26-DataHub,2026-08-12T20:30:26.534511,,,,,,
9563,145,75,41,68,73,76,70,78,eafchub,ismailoksuz/EAFC26-DataHub,2026-08-12T20:30:26.534511,,,,,,
9564,1021,69,44,65,75,77,78,76,eafchub,ismailoksuz/EAFC26-DataHub,2026-08-12T20:30:26.534511,,,,,,
9565,3901,68,70,73,73,66,64,71,eafchub,ismailoksuz/EAFC26-DataHub,2026-08-12T20:30:26.534511,,,,,,
9566,1371,56,35,54,60,70,71,69,eafchub,ismailoksuz/EAFC26-DataHub,2026-08-12T20:30:26.534511,,,,,,
9567,1476,52,37,53,61,73,77,73,eafchub,ismailoksuz/EAFC26-DataHub,2026-08-12T20:30:26.534511,,,,,,
9568,447,,,,,,,75,eafchub,ismailoksuz/EAFC26-DataHub,2026-08-12T20:30:26.534511,72,71,79,74,76,41
9569,282,88,81,76,87,45,75,85,eafchub,ismailoksuz/EAFC26-DataHub,2026-08-12T20:30:26.534511,,,,,,
9570,3784,74,76,76,81,57,70,79,eafchub,ismailoksuz/EAFC26-DataHub,2026-08-12T20:30:26.534511,,,,,,
9571,3007,79,74,82,80,81,83,86,eafchub,ismailoksuz/EAFC26-DataHub,2026-08-12T20:30:26.534511,,,,,,
9572,1153,80,71,61,74,34,65,72,eafchub,ismailoksuz/EAFC26-DataHub,2026-08-12T20:30:26.534511,,,,,,
9573,687,69,39,69,73,83,78,82,eafchub,ismailoksuz/EAFC26-DataHub,2026-08-12T20:30:26.534511,,,,,,
9574,949,90,70,68,80,35,67,76,eafchub,ismailoksuz/EAFC26-DataHub,2026-08-12T20:30:26.534511,,,,,,
9575,3038,70,42,60,66,72,76,73,eafchub,ismailoksuz/EAFC26-DataHub,2026-08-12T20:30:26.534511,,,,,,
9576,4059,81,72,61,69,36,73,72,eafchub,ismailoksuz/EAFC26-DataHub,2026-08-12T20:30:26.534511,,,,,,
9577,783,,,,,,,65,eafchub,ismailoksuz/EAFC26-DataHub,2026-08-12T20:30:26.534511,,,,,,
9578,3160,78,68,67,78,24,61,74,eafchub,ismailoksuz/EAFC26-DataHub,2026-08-12T20:30:26.534511,,,,,,
9579,569,72,59,70,75,78,78,78,eafchub,ismailoksuz/EAFC26-DataHub,2026-08-12T20:30:26.534511,,,,,,
9580,862,70,63,72,74,64,73,72,eafchub,ismailoksuz/EAFC26-DataHub,2026-08-12T20:30:26.534511,,,,,,
9581,1574,79,72,60,72,27,67,72,eafchub,ismailoksuz/EAFC26-DataHub,2026-08-12T20:30:26.534511,,,,,,
9582,3198,72,71,73,80,65,68,77,eafchub,ismailoksuz/EAFC26-DataHub,2026-08-12T20:30:26.534511,,,,,,
9583,2306,83,81,79,83,35,68,83,eafchub,ismailoksuz/EAFC26-DataHub,2026-08-12T20:30:26.534511,,,,,,
9584,787,71,72,75,74,40,64,76,eafchub,ismailoksuz/EAFC26-DataHub,2026-08-12T20:30:26.534511,,,,,,
9585,25,67,41,75,69,82,73,80,eafchub,ismailoksuz/EAFC26-DataHub,2026-08-12T20:30:26.534511,,,,,,
9586,1072,79,64,64,72,40,70,69,eafchub,ismailoksuz/EAFC26-DataHub,2026-08-12T20:30:26.534511,,,,,,
9587,2653,87,75,72,78,68,65,77,eafchub,ismailoksuz/EAFC26-DataHub,2026-08-12T20:30:26.534511,,,,,,
9588,941,55,72,52,65,32,77,70,eafchub,ismailoksuz/EAFC26-DataHub,2026-08-12T20:30:26.534511,,,,,,
9589,1725,68,73,82,81,66,67,80,eafchub,ismailoksuz/EAFC26-DataHub,2026-08-12T20:30:26.534511,,,,,,
9590,3030,83,66,76,81,73,59,79,eafchub,ismailoksuz/EAFC26-DataHub,2026-08-12T20:30:26.534511,,,,,,
9591,3484,87,70,65,75,39,59,71,eafchub,ismailoksuz/EAFC26-DataHub,2026-08-12T20:30:26.534511,,,,,,
9592,87,90,86,73,81,36,91,87,eafchub,ismailoksuz/EAFC26-DataHub,2026-08-12T20:30:26.534511,,,,,,
9593,819,67,65,75,75,76,79,78,eafchub,ismailoksuz/EAFC26-DataHub,2026-08-12T20:30:26.534511,,,,,,
9594,2445,76,57,63,73,75,78,76,eafchub,ismailoksuz/EAFC26-DataHub,2026-08-12T20:30:26.534511,,,,,,
9595,2983,74,56,61,65,67,74,68,eafchub,ismailoksuz/EAFC26-DataHub,2026-08-12T20:30:26.534511,,,,,,
9596,972,34,62,68,68,68,74,72,eafchub,ismailoksuz/EAFC26-DataHub,2026-08-12T20:30:26.534511,,,,,,
9597,509,82,74,73,76,72,69,77,eafchub,ismailoksuz/EAFC26-DataHub,2026-08-12T20:30:26.534511,,,,,,
9598,915,84,69,71,83,51,58,77,eafchub,ismailoksuz/EAFC26-DataHub,2026-08-12T20:30:26.534511,,,,,,
9599,2946,60,59,74,76,68,70,75,eafchub,ismailoksuz/EAFC26-DataHub,2026-08-12T20:30:26.534511,,,,,,
9600,1380,69,69,69,74,67,69,72,eafchub,ismailoksuz/EAFC26-DataHub,2026-08-12T20:30:26.534511,,,,,,
9601,1264,78,38,62,67,72,77,72,eafchub,ismailoksuz/EAFC26-DataHub,2026-08-12T20:30:26.534511,,,,,,
9602,3165,70,59,65,68,65,76,70,eafchub,ismailoksuz/EAFC26-DataHub,2026-08-12T20:30:26.534511,,,,,,
9603,2587,74,54,63,73,66,62,70,eafchub,ismailoksuz/EAFC26-DataHub,2026-08-12T20:30:26.534511,,,,,,
9604,1111,74,76,62,69,48,82,75,eafchub,ismailoksuz/EAFC26-DataHub,2026-08-12T20:30:26.534511,,,,,,
9605,1771,87,63,70,76,57,65,73,eafchub,ismailoksuz/EAFC26-DataHub,2026-08-12T20:30:26.534511,,,,,,
9606,3276,74,72,72,79,47,63,77,eafchub,ismailoksuz/EAFC26-DataHub,2026-08-12T20:30:26.534511,,,,,,
9607,668,80,36,50,64,73,78,74,eafchub,ismailoksuz/EAFC26-DataHub,2026-08-12T20:30:26.534511,,,,,,
9608,1952,65,33,56,54,62,78,64,eafchub,ismailoksuz/EAFC26-DataHub,2026-08-12T20:30:26.534511,,,,,,
9609,1500,69,72,80,76,75,73,79,eafchub,ismailoksuz/EAFC26-DataHub,2026-08-12T20:30:26.534511,,,,,,
9610,984,49,50,61,66,69,72,71,eafchub,ismailoksuz/EAFC26-DataHub,2026-08-12T20:30:26.534511,,,,,,
9611,605,79,43,62,68,77,85,78,eafchub,ismailoksuz/EAFC26-DataHub,2026-08-12T20:30:26.534511,,,,,,
9612,1330,72,78,74,78,72,75,78,eafchub,ismailoksuz/EAFC26-DataHub,2026-08-12T20:30:26.534511,,,,,,
9613,2326,66,50,60,65,61,65,64,eafchub,ismailoksuz/EAFC26-DataHub,2026-08-12T20:30:26.534511,,,,,,
9614,1897,66,67,76,73,73,74,77,eafchub,ismailoksuz/EAFC26-DataHub,2026-08-12T20:30:26.534511,,,,,,
9615,3518,74,74,76,82,72,76,80,eafchub,ismailoksuz/EAFC26-DataHub,2026-08-12T20:30:26.534511,,,,,,
9616,1707,72,36,63,66,78,76,77,eafchub,ismailoksuz/EAFC26-DataHub,2026-08-12T20:30:26.534511,,,,,,
9617,3522,83,82,80,83,47,74,84,eafchub,ismailoksuz/EAFC26-DataHub,2026-08-12T20:30:26.534511,,,,,,
9618,670,77,64,68,72,74,74,74,eafchub,ismailoksuz/EAFC26-DataHub,2026-08-12T20:30:26.534511,,,,,,
9619,3314,76,58,61,65,66,72,70,eafchub,ismailoksuz/EAFC26-DataHub,2026-08-12T20:30:26.534511,,,,,,
9620,371,68,72,77,79,62,65,76,eafchub,ismailoksuz/EAFC26-DataHub,2026-08-12T20:30:26.534511,,,,,,
9621,1003,87,61,69,72,68,80,74,eafchub,ismailoksuz/EAFC26-DataHub,2026-08-12T20:30:26.534511,,,,,,
9622,1777,62,37,60,61,69,74,70,eafchub,ismailoksuz/EAFC26-DataHub,2026-08-12T20:30:26.534511,,,,,,
9623,2305,78,58,61,64,55,61,65,eafchub,ismailoksuz/EAFC26-DataHub,2026-08-12T20:30:26.534511,,,,,,
9624,189,78,60,66,76,74,74,76,eafchub,ismailoksuz/EAFC26-DataHub,2026-08-12T20:30:26.534511,,,,,,
9625,3144,76,39,55,60,73,82,75,eafchub,ismailoksuz/EAFC26-DataHub,2026-08-12T20:30:26.534511,,,,,,
9626,956,,,,,,,65,eafchub,ismailoksuz/EAFC26-DataHub,2026-08-12T20:30:26.534511,,,,,,
9627,1870,,,,,,,77,eafchub,ismailoksuz/EAFC26-DataHub,2026-08-12T20:30:26.534511,76,70,81,76,80,52
9628,2646,77,46,65,69,82,79,81,eafchub,ismailoksuz/EAFC26-DataHub,2026-08-12T20:30:26.534511,,,,,,
9629,3270,,,,,,,76,eafchub,ismailoksuz/EAFC26-DataHub,2026-08-12T20:30:26.534511,78,75,75,74,77,40
9630,1286,75,54,73,72,69,70,74,eafchub,ismailoksuz/EAFC26-DataHub,2026-08-12T20:30:26.534511,,,,,,
9631,3023,,,,,,,75,eafchub,ismailoksuz/EAFC26-DataHub,2026-08-12T20:30:26.534511,74,75,78,77,75,30
9632,3011,91,79,78,83,50,72,83,eafchub,ismailoksuz/EAFC26-DataHub,2026-08-12T20:30:26.534511,,,,,,
9633,3417,91,62,66,73,30,57,73,eafchub,ismailoksuz/EAFC26-DataHub,2026-08-12T20:30:26.534511,,,,,,
9634,948,64,73,62,66,36,86,72,eafchub,ismailoksuz/EAFC26-DataHub,2026-08-12T20:30:26.534511,,,,,,
9635,792,71,78,68,75,47,75,78,eafchub,ismailoksuz/EAFC26-DataHub,2026-08-12T20:30:26.534511,,,,,,
9636,300,83,49,60,69,71,76,74,eafchub,ismailoksuz/EAFC26-DataHub,2026-08-12T20:30:26.534511,,,,,,
9637,778,89,69,67,76,41,64,74,eafchub,ismailoksuz/EAFC26-DataHub,2026-08-12T20:30:26.534511,,,,,,
9638,3905,84,70,65,68,32,70,71,eafchub,ismailoksuz/EAFC26-DataHub,2026-08-12T20:30:26.534511,,,,,,
9639,1202,,,,,,,65,eafchub,ismailoksuz/EAFC26-DataHub,2026-08-12T20:30:26.534511,,,,,,
9640,1784,78,67,54,65,30,74,69,eafchub,ismailoksuz/EAFC26-DataHub,2026-08-12T20:30:26.534511,,,,,,
9641,3190,69,45,67,65,84,79,82,eafchub,ismailoksuz/EAFC26-DataHub,2026-08-12T20:30:26.534511,,,,,,
9642,612,70,69,73,73,67,75,74,eafchub,ismailoksuz/EAFC26-DataHub,2026-08-12T20:30:26.534511,,,,,,
9643,2456,,,,,,,75,eafchub,ismailoksuz/EAFC26-DataHub,2026-08-12T20:30:26.534511,75,71,67,76,74,26
9644,2776,91,56,64,75,71,65,75,eafchub,ismailoksuz/EAFC26-DataHub,2026-08-12T20:30:26.534511,,,,,,
9645,296,68,64,74,75,73,68,75,eafchub,ismailoksuz/EAFC26-DataHub,2026-08-12T20:30:26.534511,,,,,,
9646,151,71,53,77,73,67,70,73,eafchub,ismailoksuz/EAFC26-DataHub,2026-08-12T20:30:26.534511,,,,,,
9647,1663,91,65,62,72,38,51,69,eafchub,ismailoksuz/EAFC26-DataHub,2026-08-12T20:30:26.534511,,,,,,
9648,766,41,29,46,45,68,67,69,eafchub,ismailoksuz/EAFC26-DataHub,2026-08-12T20:30:26.534511,,,,,,
9649,1132,76,59,48,54,35,77,61,eafchub,ismailoksuz/EAFC26-DataHub,2026-08-12T20:30:26.534511,,,,,,
9650,2329,67,58,64,66,55,69,67,eafchub,ismailoksuz/EAFC26-DataHub,2026-08-12T20:30:26.534511,,,,,,
9651,3473,50,38,51,55,73,72,71,eafchub,ismailoksuz/EAFC26-DataHub,2026-08-12T20:30:26.534511,,,,,,
9652,4257,76,54,65,73,71,75,74,eafchub,ismailoksuz/EAFC26-DataHub,2026-08-12T20:30:26.534511,,,,,,
9653,2310,69,68,58,68,33,68,68,eafchub,ismailoksuz/EAFC26-DataHub,2026-08-12T20:30:26.534511,,,,,,
9654,168,64,50,67,68,76,76,78,eafchub,ismailoksuz/EAFC26-DataHub,2026-08-12T20:30:26.534511,,,,,,
9655,172,81,74,74,78,41,63,78,eafchub,ismailoksuz/EAFC26-DataHub,2026-08-12T20:30:26.534511,,,,,,
9656,4073,78,73,81,80,77,76,82,eafchub,ismailoksuz/EAFC26-DataHub,2026-08-12T20:30:26.534511,,,,,,
9657,4103,95,81,69,81,31,80,83,eafchub,ismailoksuz/EAFC26-DataHub,2026-08-12T20:30:26.534511,,,,,,
9658,3478,91,77,74,83,36,57,80,eafchub,ismailoksuz/EAFC26-DataHub,2026-08-12T20:30:26.534511,,,,,,
9659,812,78,73,73,77,32,50,76,eafchub,ismailoksuz/EAFC26-DataHub,2026-08-12T20:30:26.534511,,,,,,
9660,1722,77,67,72,77,70,64,76,eafchub,ismailoksuz/EAFC26-DataHub,2026-08-12T20:30:26.534511,,,,,,
9661,4094,81,82,71,80,34,78,82,eafchub,ismailoksuz/EAFC26-DataHub,2026-08-12T20:30:26.534511,,,,,,
9662,494,74,68,74,77,77,76,78,eafchub,ismailoksuz/EAFC26-DataHub,2026-08-12T20:30:26.534511,,,,,,
9663,4055,79,67,70,75,39,67,74,eafchub,ismailoksuz/EAFC26-DataHub,2026-08-12T20:30:26.534511,,,,,,
9664,4072,88,44,71,79,74,72,78,eafchub,ismailoksuz/EAFC26-DataHub,2026-08-12T20:30:26.534511,,,,,,
9665,72,77,39,68,72,87,83,87,eafchub,ismailoksuz/EAFC26-DataHub,2026-08-12T20:30:26.534511,,,,,,
9666,64,72,75,80,82,50,64,79,eafchub,ismailoksuz/EAFC26-DataHub,2026-08-12T20:30:26.534511,,,,,,
9667,3623,54,58,60,64,68,72,70,eafchub,ismailoksuz/EAFC26-DataHub,2026-08-12T20:30:26.534511,,,,,,
9668,3243,66,64,64,73,53,60,66,eafchub,ismailoksuz/EAFC26-DataHub,2026-08-12T20:30:26.534511,,,,,,
9669,1057,74,63,69,71,46,60,70,eafchub,ismailoksuz/EAFC26-DataHub,2026-08-12T20:30:26.534511,,,,,,
9670,795,64,39,63,53,79,78,79,eafchub,ismailoksuz/EAFC26-DataHub,2026-08-12T20:30:26.534511,,,,,,
9671,2870,75,63,69,68,69,81,73,eafchub,ismailoksuz/EAFC26-DataHub,2026-08-12T20:30:26.534511,,,,,,
9672,140,88,40,57,67,80,82,79,eafchub,ismailoksuz/EAFC26-DataHub,2026-08-12T20:30:26.534511,,,,,,
9673,1871,63,30,53,54,79,73,76,eafchub,ismailoksuz/EAFC26-DataHub,2026-08-12T20:30:26.534511,,,,,,
9674,2919,61,67,65,68,37,57,67,eafchub,ismailoksuz/EAFC26-DataHub,2026-08-12T20:30:26.534511,,,,,,
9675,901,66,82,74,80,33,77,80,eafchub,ismailoksuz/EAFC26-DataHub,2026-08-12T20:30:26.534511,,,,,,
9676,3238,72,67,46,54,36,79,68,eafchub,ismailoksuz/EAFC26-DataHub,2026-08-12T20:30:26.534511,,,,,,
9677,4353,83,82,67,81,44,76,82,eafchub,ismailoksuz/EAFC26-DataHub,2026-08-12T20:30:26.534511,,,,,,
9678,3448,69,51,60,63,84,78,83,eafchub,ismailoksuz/EAFC26-DataHub,2026-08-12T20:30:26.534511,,,,,,
9679,1331,66,72,74,73,70,72,75,eafchub,ismailoksuz/EAFC26-DataHub,2026-08-12T20:30:26.534511,,,,,,
9680,207,,,,,,,71,eafchub,ismailoksuz/EAFC26-DataHub,2026-08-12T20:30:26.534511,72,68,66,70,72,31
9681,185,61,33,58,60,76,75,75,eafchub,ismailoksuz/EAFC26-DataHub,2026-08-12T20:30:26.534511,,,,,,
9682,3426,80,77,69,73,48,76,76,eafchub,ismailoksuz/EAFC26-DataHub,2026-08-12T20:30:26.534511,,,,,,
9683,739,55,60,72,73,69,69,72,eafchub,ismailoksuz/EAFC26-DataHub,2026-08-12T20:30:26.534511,,,,,,
9684,753,65,58,72,69,72,71,75,eafchub,ismailoksuz/EAFC26-DataHub,2026-08-12T20:30:26.534511,,,,,,
9685,2226,58,56,70,70,74,71,73,eafchub,ismailoksuz/EAFC26-DataHub,2026-08-12T20:30:26.534511,,,,,,
9686,1341,75,69,70,71,70,80,74,eafchub,ismailoksuz/EAFC26-DataHub,2026-08-12T20:30:26.534511,,,,,,
9687,1911,79,35,45,63,68,74,69,eafchub,ismailoksuz/EAFC26-DataHub,2026-08-12T20:30:26.534511,,,,,,
9688,1909,60,58,66,66,62,59,67,eafchub,ismailoksuz/EAFC26-DataHub,2026-08-12T20:30:26.534511,,,,,,
9689,3619,78,52,70,70,70,67,75,eafchub,ismailoksuz/EAFC26-DataHub,2026-08-12T20:30:26.534511,,,,,,
9690,1035,79,72,74,76,31,58,78,eafchub,ismailoksuz/EAFC26-DataHub,2026-08-12T20:30:26.534511,,,,,,
9691,1128,71,70,74,76,69,71,75,eafchub,ismailoksuz/EAFC26-DataHub,2026-08-12T20:30:26.534511,,,,,,
9692,3157,57,75,60,64,32,88,75,eafchub,ismailoksuz/EAFC26-DataHub,2026-08-12T20:30:26.534511,,,,,,
9693,1918,82,75,61,71,41,81,76,eafchub,ismailoksuz/EAFC26-DataHub,2026-08-12T20:30:26.534511,,,,,,
9694,533,72,58,58,65,31,44,63,eafchub,ismailoksuz/EAFC26-DataHub,2026-08-12T20:30:26.534511,,,,,,
9695,3542,58,37,57,63,65,74,67,eafchub,ismailoksuz/EAFC26-DataHub,2026-08-12T20:30:26.534511,,,,,,
9696,417,55,65,76,72,73,78,77,eafchub,ismailoksuz/EAFC26-DataHub,2026-08-12T20:30:26.534511,,,,,,
9697,416,77,69,75,80,54,53,76,eafchub,ismailoksuz/EAFC26-DataHub,2026-08-12T20:30:26.534511,,,,,,
9698,2514,76,59,67,73,67,76,72,eafchub,ismailoksuz/EAFC26-DataHub,2026-08-12T20:30:26.534511,,,,,,
9699,1037,65,49,66,69,73,71,73,eafchub,ismailoksuz/EAFC26-DataHub,2026-08-12T20:30:26.534511,,,,,,
9700,757,63,48,70,71,80,73,79,eafchub,ismailoksuz/EAFC26-DataHub,2026-08-12T20:30:26.534511,,,,,,
9701,865,86,61,64,75,33,47,72,eafchub,ismailoksuz/EAFC26-DataHub,2026-08-12T20:30:26.534511,,,,,,
9702,3147,53,58,75,71,72,79,76,eafchub,ismailoksuz/EAFC26-DataHub,2026-08-12T20:30:26.534511,,,,,,
9703,1473,80,67,54,65,25,66,68,eafchub,ismailoksuz/EAFC26-DataHub,2026-08-12T20:30:26.534511,,,,,,
9704,1522,40,64,73,70,72,70,71,eafchub,ismailoksuz/EAFC26-DataHub,2026-08-12T20:30:26.534511,,,,,,
9705,3316,68,62,67,69,59,65,70,eafchub,ismailoksuz/EAFC26-DataHub,2026-08-12T20:30:26.534511,,,,,,
9706,4075,77,77,80,87,61,70,84,eafchub,ismailoksuz/EAFC26-DataHub,2026-08-12T20:30:26.534511,,,,,,
9707,3093,83,66,58,68,36,69,68,eafchub,ismailoksuz/EAFC26-DataHub,2026-08-12T20:30:26.534511,,,,,,
9708,1209,75,60,59,73,33,46,68,eafchub,ismailoksuz/EAFC26-DataHub,2026-08-12T20:30:26.534511,,,,,,
9709,304,67,72,72,80,38,68,75,eafchub,ismailoksuz/EAFC26-DataHub,2026-08-12T20:30:26.534511,,,,,,
9710,489,65,36,53,55,70,67,69,eafchub,ismailoksuz/EAFC26-DataHub,2026-08-12T20:30:26.534511,,,,,,
9711,501,82,51,74,76,70,74,76,eafchub,ismailoksuz/EAFC26-DataHub,2026-08-12T20:30:26.534511,,,,,,
9712,308,83,75,68,76,39,76,75,eafchub,ismailoksuz/EAFC26-DataHub,2026-08-12T20:30:26.534511,,,,,,
9713,1509,49,31,54,63,76,69,74,eafchub,ismailoksuz/EAFC26-DataHub,2026-08-12T20:30:26.534511,,,,,,
9714,4138,77,75,75,80,60,74,77,eafchub,ismailoksuz/EAFC26-DataHub,2026-08-12T20:30:26.534511,,,,,,
9715,1206,70,35,56,60,57,58,62,eafchub,ismailoksuz/EAFC26-DataHub,2026-08-12T20:30:26.534511,,,,,,
9716,1956,71,64,67,65,56,71,66,eafchub,ismailoksuz/EAFC26-DataHub,2026-08-12T20:30:26.534511,,,,,,
9717,1881,73,72,50,67,26,81,74,eafchub,ismailoksuz/EAFC26-DataHub,2026-08-12T20:30:26.534511,,,,,,
9718,2236,75,37,60,67,72,73,74,eafchub,ismailoksuz/EAFC26-DataHub,2026-08-12T20:30:26.534511,,,,,,
9719,1058,91,63,61,79,26,57,72,eafchub,ismailoksuz/EAFC26-DataHub,2026-08-12T20:30:26.534511,,,,,,
9720,2130,90,69,61,79,52,71,74,eafchub,ismailoksuz/EAFC26-DataHub,2026-08-12T20:30:26.534511,,,,,,
9721,495,83,78,73,76,28,68,77,eafchub,ismailoksuz/EAFC26-DataHub,2026-08-12T20:30:26.534511,,,,,,
9722,2988,75,55,63,67,63,78,69,eafchub,ismailoksuz/EAFC26-DataHub,2026-08-12T20:30:26.534511,,,,,,
9723,3089,56,58,64,65,63,74,67,eafchub,ismailoksuz/EAFC26-DataHub,2026-08-12T20:30:26.534511,,,,,,
9724,3520,76,76,81,85,81,81,85,eafchub,ismailoksuz/EAFC26-DataHub,2026-08-12T20:30:26.534511,,,,,,
9725,738,87,60,69,78,68,72,75,eafchub,ismailoksuz/EAFC26-DataHub,2026-08-12T20:30:26.534511,,,,,,
9726,746,,,,,,,76,eafchub,ismailoksuz/EAFC26-DataHub,2026-08-12T20:30:26.534511,75,73,77,75,78,35
9727,2655,83,83,77,83,37,63,82,eafchub,ismailoksuz/EAFC26-DataHub,2026-08-12T20:30:26.534511,,,,,,
9728,3899,69,51,55,57,68,74,68,eafchub,ismailoksuz/EAFC26-DataHub,2026-08-12T20:30:26.534511,,,,,,
9729,45,72,70,77,81,53,50,78,eafchub,ismailoksuz/EAFC26-DataHub,2026-08-12T20:30:26.534511,,,,,,
9730,2812,84,81,67,78,43,73,80,eafchub,ismailoksuz/EAFC26-DataHub,2026-08-12T20:30:26.534511,,,,,,
9731,2082,71,76,68,77,46,74,76,eafchub,ismailoksuz/EAFC26-DataHub,2026-08-12T20:30:26.534511,,,,,,
9732,3166,,,,,,,77,eafchub,ismailoksuz/EAFC26-DataHub,2026-08-12T20:30:26.534511,79,72,76,73,80,46
9733,1088,79,39,60,65,60,62,66,eafchub,ismailoksuz/EAFC26-DataHub,2026-08-12T20:30:26.534511,,,,,,
9734,3233,70,40,52,55,69,71,69,eafchub,ismailoksuz/EAFC26-DataHub,2026-08-12T20:30:26.534511,,,,,,
9735,1914,74,57,63,65,60,74,66,eafchub,ismailoksuz/EAFC26-DataHub,2026-08-12T20:30:26.534511,,,,,,
9736,567,63,61,76,80,62,56,76,eafchub,ismailoksuz/EAFC26-DataHub,2026-08-12T20:30:26.534511,,,,,,
9737,971,43,29,42,50,59,63,58,eafchub,ismailoksuz/EAFC26-DataHub,2026-08-12T20:30:26.534511,,,,,,
9738,3341,78,60,63,67,55,70,67,eafchub,ismailoksuz/EAFC26-DataHub,2026-08-12T20:30:26.534511,,,,,,
9739,3094,77,46,59,63,62,72,68,eafchub,ismailoksuz/EAFC26-DataHub,2026-08-12T20:30:26.534511,,,,,,
9740,2408,70,58,70,72,72,76,73,eafchub,ismailoksuz/EAFC26-DataHub,2026-08-12T20:30:26.534511,,,,,,
9741,573,,,,,,,73,eafchub,ismailoksuz/EAFC26-DataHub,2026-08-12T20:30:26.534511,73,71,72,70,75,30
9742,601,91,71,72,87,32,68,80,eafchub,ismailoksuz/EAFC26-DataHub,2026-08-12T20:30:26.534511,,,,,,
9743,3625,88,66,69,77,34,49,75,eafchub,ismailoksuz/EAFC26-DataHub,2026-08-12T20:30:26.534511,,,,,,
9744,763,82,72,66,75,35,58,72,eafchub,ismailoksuz/EAFC26-DataHub,2026-08-12T20:30:26.534511,,,,,,
9745,1875,68,48,66,74,70,72,72,eafchub,ismailoksuz/EAFC26-DataHub,2026-08-12T20:30:26.534511,,,,,,
9746,3766,75,62,75,78,76,67,77,eafchub,ismailoksuz/EAFC26-DataHub,2026-08-12T20:30:26.534511,,,,,,
9747,3627,67,64,65,69,40,59,68,eafchub,ismailoksuz/EAFC26-DataHub,2026-08-12T20:30:26.534511,,,,,,
9748,4316,83,61,67,71,67,80,74,eafchub,ismailoksuz/EAFC26-DataHub,2026-08-12T20:30:26.534511,,,,,,
9749,522,,,,,,,79,eafchub,ismailoksuz/EAFC26-DataHub,2026-08-12T20:30:26.534511,78,78,78,80,80,41
9750,75,84,82,85,88,60,73,88,eafchub,ismailoksuz/EAFC26-DataHub,2026-08-12T20:30:26.534511,,,,,,
9751,2368,86,46,66,71,69,70,75,eafchub,ismailoksuz/EAFC26-DataHub,2026-08-12T20:30:26.534511,,,,,,
9752,1220,74,48,62,65,63,67,67,eafchub,ismailoksuz/EAFC26-DataHub,2026-08-12T20:30:26.534511,,,,,,
9753,1553,83,73,73,80,43,45,77,eafchub,ismailoksuz/EAFC26-DataHub,2026-08-12T20:30:26.534511,,,,,,
9754,822,90,65,66,74,67,73,74,eafchub,ismailoksuz/EAFC26-DataHub,2026-08-12T20:30:26.534511,,,,,,
9755,3709,82,57,65,70,66,75,71,eafchub,ismailoksuz/EAFC26-DataHub,2026-08-12T20:30:26.534511,,,,,,
9756,731,65,54,68,65,68,62,70,eafchub,ismailoksuz/EAFC26-DataHub,2026-08-12T20:30:26.534511,,,,,,
9757,3425,72,64,73,73,63,72,73,eafchub,ismailoksuz/EAFC26-DataHub,2026-08-12T20:30:26.534511,,,,,,
9758,435,82,74,73,81,80,86,82,eafchub,ismailoksuz/EAFC26-DataHub,2026-08-12T20:30:26.534511,,,,,,
9759,457,80,32,64,67,81,78,80,eafchub,ismailoksuz/EAFC26-DataHub,2026-08-12T20:30:26.534511,,,,,,
9760,4216,76,69,69,73,69,77,73,eafchub,ismailoksuz/EAFC26-DataHub,2026-08-12T20:30:26.534511,,,,,,
9761,2546,59,43,58,62,65,71,66,eafchub,ismailoksuz/EAFC26-DataHub,2026-08-12T20:30:26.534511,,,,,,
9762,3020,77,75,73,80,68,72,78,eafchub,ismailoksuz/EAFC26-DataHub,2026-08-12T20:30:26.534511,,,,,,
9763,1075,81,54,65,65,61,76,70,eafchub,ismailoksuz/EAFC26-DataHub,2026-08-12T20:30:26.534511,,,,,,
9764,1267,71,62,69,76,65,70,74,eafchub,ismailoksuz/EAFC26-DataHub,2026-08-12T20:30:26.534511,,,,,,
9765,1274,71,66,71,76,73,79,74,eafchub,ismailoksuz/EAFC26-DataHub,2026-08-12T20:30:26.534511,,,,,,
9766,947,50,41,57,62,65,58,63,eafchub,ismailoksuz/EAFC26-DataHub,2026-08-12T20:30:26.534511,,,,,,
9767,399,71,73,74,77,39,64,77,eafchub,ismailoksuz/EAFC26-DataHub,2026-08-12T20:30:26.534511,,,,,,
9768,2101,68,75,85,81,73,75,84,eafchub,ismailoksuz/EAFC26-DataHub,2026-08-12T20:30:26.534511,,,,,,
9769,357,76,57,65,72,68,67,74,eafchub,ismailoksuz/EAFC26-DataHub,2026-08-12T20:30:26.534511,,,,,,
9770,175,84,60,67,68,69,81,74,eafchub,ismailoksuz/EAFC26-DataHub,2026-08-12T20:30:26.534511,,,,,,
9771,4261,81,81,63,75,32,80,79,eafchub,ismailoksuz/EAFC26-DataHub,2026-08-12T20:30:26.534511,,,,,,
9772,465,86,54,72,76,71,74,78,eafchub,ismailoksuz/EAFC26-DataHub,2026-08-12T20:30:26.534511,,,,,,
9773,4092,78,76,77,80,81,81,81,eafchub,ismailoksuz/EAFC26-DataHub,2026-08-12T20:30:26.534511,,,,,,
9774,1563,62,36,52,60,72,76,72,eafchub,ismailoksuz/EAFC26-DataHub,2026-08-12T20:30:26.534511,,,,,,
9775,2098,75,56,68,70,82,80,81,eafchub,ismailoksuz/EAFC26-DataHub,2026-08-12T20:30:26.534511,,,,,,
9776,581,81,71,60,70,31,72,72,eafchub,ismailoksuz/EAFC26-DataHub,2026-08-12T20:30:26.534511,,,,,,
9777,3327,,,,,,,54,eafchub,ismailoksuz/EAFC26-DataHub,2026-08-12T20:30:26.534511,,,,,,
9778,1134,69,26,50,58,63,73,65,eafchub,ismailoksuz/EAFC26-DataHub,2026-08-12T20:30:26.534511,,,,,,
9779,4020,78,42,60,67,70,75,71,eafchub,ismailoksuz/EAFC26-DataHub,2026-08-12T20:30:26.534511,,,,,,
9780,2335,67,32,39,49,69,84,70,eafchub,ismailoksuz/EAFC26-DataHub,2026-08-12T20:30:26.534511,,,,,,
9781,799,63,67,75,78,73,70,78,eafchub,ismailoksuz/EAFC26-DataHub,2026-08-12T20:30:26.534511,,,,,,
9782,959,,,,,,,69,eafchub,ismailoksuz/EAFC26-DataHub,2026-08-12T20:30:26.534511,,,,,,
9783,3629,70,27,54,58,62,78,65,eafchub,ismailoksuz/EAFC26-DataHub,2026-08-12T20:30:26.534511,,,,,,
9784,2999,91,55,61,69,21,59,67,eafchub,ismailoksuz/EAFC26-DataHub,2026-08-12T20:30:26.534511,,,,,,
9785,3300,85,61,53,64,34,51,63,eafchub,ismailoksuz/EAFC26-DataHub,2026-08-12T20:30:26.534511,,,,,,
9786,56,86,80,83,88,58,78,87,eafchub,ismailoksuz/EAFC26-DataHub,2026-08-12T20:30:26.534511,,,,,,
9787,3326,75,48,59,63,68,81,71,eafchub,ismailoksuz/EAFC26-DataHub,2026-08-12T20:30:26.534511,,,,,,
9788,791,69,66,75,77,67,63,75,eafchub,ismailoksuz/EAFC26-DataHub,2026-08-12T20:30:26.534511,,,,,,
9789,3085,67,42,57,60,66,80,69,eafchub,ismailoksuz/EAFC26-DataHub,2026-08-12T20:30:26.534511,,,,,,
9790,1285,64,63,69,71,66,73,71,eafchub,ismailoksuz/EAFC26-DataHub,2026-08-12T20:30:26.534511,,,,,,
9791,1436,74,60,75,73,85,82,85,eafchub,ismailoksuz/EAFC26-DataHub,2026-08-12T20:30:26.534511,,,,,,
9792,287,78,80,84,87,50,66,86,eafchub,ismailoksuz/EAFC26-DataHub,2026-08-12T20:30:26.534511,,,,,,
9793,774,90,50,69,75,71,70,76,eafchub,ismailoksuz/EAFC26-DataHub,2026-08-12T20:30:26.534511,,,,,,
9794,3009,66,75,84,84,79,81,86,eafchub,ismailoksuz/EAFC26-DataHub,2026-08-12T20:30:26.534511,,,,,,
9795,2521,64,65,66,70,33,50,69,eafchub,ismailoksuz/EAFC26-DataHub,2026-08-12T20:30:26.534511,,,,,,
9796,92,66,68,79,79,80,73,83,eafchub,ismailoksuz/EAFC26-DataHub,2026-08-12T20:30:26.534511,,,,,,
9797,166,92,60,74,79,74,71,79,eafchub,ismailoksuz/EAFC26-DataHub,2026-08-12T20:30:26.534511,,,,,,
9798,1943,65,66,70,69,71,83,73,eafchub,ismailoksuz/EAFC26-DataHub,2026-08-12T20:30:26.534511,,,,,,
9799,3239,70,52,61,69,59,58,65,eafchub,ismailoksuz/EAFC26-DataHub,2026-08-12T20:30:26.534511,,,,,,
9800,1904,,,,,,,63,eafchub,ismailoksuz/EAFC26-DataHub,2026-08-12T20:30:26.534511,,,,,,
9801,1070,68,52,60,64,62,69,66,eafchub,ismailoksuz/EAFC26-DataHub,2026-08-12T20:30:26.534511,,,,,,
9802,1346,73,46,61,66,73,79,73,eafchub,ismailoksuz/EAFC26-DataHub,2026-08-12T20:30:26.534511,,,,,,
9803,1545,73,75,55,67,34,79,75,eafchub,ismailoksuz/EAFC26-DataHub,2026-08-12T20:30:26.534511,,,,,,
9804,40,87,65,75,81,73,63,79,eafchub,ismailoksuz/EAFC26-DataHub,2026-08-12T20:30:26.534511,,,,,,
9805,3772,75,68,67,73,56,69,68,eafchub,ismailoksuz/EAFC26-DataHub,2026-08-12T20:30:26.534511,,,,,,
9806,1454,,,,,,,73,eafchub,ismailoksuz/EAFC26-DataHub,2026-08-12T20:30:26.534511,74,70,81,72,76,28
9807,3137,62,31,58,63,80,81,79,eafchub,ismailoksuz/EAFC26-DataHub,2026-08-12T20:30:26.534511,,,,,,
9808,728,65,33,54,58,71,78,70,eafchub,ismailoksuz/EAFC26-DataHub,2026-08-12T20:30:26.534511,,,,,,
9809,1386,61,44,61,67,70,71,71,eafchub,ismailoksuz/EAFC26-DataHub,2026-08-12T20:30:26.534511,,,,,,
9810,2334,83,74,65,75,30,69,74,eafchub,ismailoksuz/EAFC26-DataHub,2026-08-12T20:30:26.534511,,,,,,
9811,1526,88,72,67,78,40,48,76,eafchub,ismailoksuz/EAFC26-DataHub,2026-08-12T20:30:26.534511,,,,,,
9812,1295,,,,,,,73,eafchub,ismailoksuz/EAFC26-DataHub,2026-08-12T20:30:26.534511,72,71,69,73,76,35
9813,2861,92,51,50,73,28,57,66,eafchub,ismailoksuz/EAFC26-DataHub,2026-08-12T20:30:26.534511,,,,,,
9814,3492,66,67,49,67,23,63,68,eafchub,ismailoksuz/EAFC26-DataHub,2026-08-12T20:30:26.534511,,,,,,
9815,178,70,73,68,74,33,63,73,eafchub,ismailoksuz/EAFC26-DataHub,2026-08-12T20:30:26.534511,,,,,,
9816,1724,71,54,70,73,74,64,74,eafchub,ismailoksuz/EAFC26-DataHub,2026-08-12T20:30:26.534511,,,,,,
9817,3506,88,72,73,81,30,66,78,eafchub,ismailoksuz/EAFC26-DataHub,2026-08-12T20:30:26.534511,,,,,,
9818,164,63,57,64,65,76,87,77,eafchub,ismailoksuz/EAFC26-DataHub,2026-08-12T20:30:26.534511,,,,,,
9819,15,78,57,66,69,74,75,75,eafchub,ismailoksuz/EAFC26-DataHub,2026-08-12T20:30:26.534511,,,,,,
9820,1269,87,69,71,77,68,71,75,eafchub,ismailoksuz/EAFC26-DataHub,2026-08-12T20:30:26.534511,,,,,,
9821,152,66,27,58,62,78,77,77,eafchub,ismailoksuz/EAFC26-DataHub,2026-08-12T20:30:26.534511,,,,,,
9822,289,73,44,65,69,79,74,78,eafchub,ismailoksuz/EAFC26-DataHub,2026-08-12T20:30:26.534511,,,,,,
9823,902,56,58,83,84,76,71,83,eafchub,ismailoksuz/EAFC26-DataHub,2026-08-12T20:30:26.534511,,,,,,
9824,1472,95,64,56,70,37,63,69,eafchub,ismailoksuz/EAFC26-DataHub,2026-08-12T20:30:26.534511,,,,,,
9825,1938,76,75,61,70,32,73,75,eafchub,ismailoksuz/EAFC26-DataHub,2026-08-12T20:30:26.534511,,,,,,
9826,1052,,,,,,,71,eafchub,ismailoksuz/EAFC26-DataHub,2026-08-12T20:30:26.534511,71,69,66,71,73,43
9827,363,75,73,68,73,43,73,74,eafchub,ismailoksuz/EAFC26-DataHub,2026-08-12T20:30:26.534511,,,,,,
9828,1598,82,69,66,73,47,50,72,eafchub,ismailoksuz/EAFC26-DataHub,2026-08-12T20:30:26.534511,,,,,,
9829,3481,75,52,66,71,69,73,72,eafchub,ismailoksuz/EAFC26-DataHub,2026-08-12T20:30:26.534511,,,,,,
9830,155,86,76,72,78,43,59,79,eafchub,ismailoksuz/EAFC26-DataHub,2026-08-12T20:30:26.534511,,,,,,
9831,990,,,,,,,67,eafchub,ismailoksuz/EAFC26-DataHub,2026-08-12T20:30:26.534511,,,,,,
9832,3728,61,42,50,50,74,75,72,eafchub,ismailoksuz/EAFC26-DataHub,2026-08-12T20:30:26.534511,,,,,,
9833,3765,73,57,65,68,67,71,71,eafchub,ismailoksuz/EAFC26-DataHub,2026-08-12T20:30:26.534511,,,,,,
9834,3883,70,79,80,83,56,68,82,eafchub,ismailoksuz/EAFC26-DataHub,2026-08-12T20:30:26.534511,,,,,,
9835,4152,76,73,80,79,75,75,80,eafchub,ismailoksuz/EAFC26-DataHub,2026-08-12T20:30:26.534511,,,,,,
9836,597,78,71,75,78,84,82,84,eafchub,ismailoksuz/EAFC26-DataHub,2026-08-12T20:30:26.534511,,,,,,
9837,920,85,37,55,63,71,67,72,eafchub,ismailoksuz/EAFC26-DataHub,2026-08-12T20:30:26.534511,,,,,,
9838,1528,88,67,72,80,70,77,78,eafchub,ismailoksuz/EAFC26-DataHub,2026-08-12T20:30:26.534511,,,,,,
9839,3636,65,62,68,71,61,68,70,eafchub,ismailoksuz/EAFC26-DataHub,2026-08-12T20:30:26.534511,,,,,,
9840,85,90,77,75,83,46,72,81,eafchub,ismailoksuz/EAFC26-DataHub,2026-08-12T20:30:26.534511,,,,,,
9841,592,75,75,80,88,21,65,81,eafchub,ismailoksuz/EAFC26-DataHub,2026-08-12T20:30:26.534511,,,,,,
9842,1054,59,39,59,51,77,83,76,eafchub,ismailoksuz/EAFC26-DataHub,2026-08-12T20:30:26.534511,,,,,,
9843,3602,65,61,70,74,60,74,72,eafchub,ismailoksuz/EAFC26-DataHub,2026-08-12T20:30:26.534511,,,,,,
9844,67,,,,,,,83,eafchub,ismailoksuz/EAFC26-DataHub,2026-08-12T20:30:26.534511,84,79,73,80,86,50
9845,1824,69,70,65,67,54,84,70,eafchub,ismailoksuz/EAFC26-DataHub,2026-08-12T20:30:26.534511,,,,,,
9846,82,76,48,72,77,82,80,82,eafchub,ismailoksuz/EAFC26-DataHub,2026-08-12T20:30:26.534511,,,,,,
9847,2651,77,78,76,80,74,83,80,eafchub,ismailoksuz/EAFC26-DataHub,2026-08-12T20:30:26.534511,,,,,,
9848,3003,56,37,62,65,83,82,82,eafchub,ismailoksuz/EAFC26-DataHub,2026-08-12T20:30:26.534511,,,,,,
9849,570,84,73,56,72,30,80,77,eafchub,ismailoksuz/EAFC26-DataHub,2026-08-12T20:30:26.534511,,,,,,
9850,899,81,33,55,58,70,72,70,eafchub,ismailoksuz/EAFC26-DataHub,2026-08-12T20:30:26.534511,,,,,,
9851,443,96,76,72,82,36,69,81,eafchub,ismailoksuz/EAFC26-DataHub,2026-08-12T20:30:26.534511,,,,,,
9852,4100,72,38,69,65,74,69,74,eafchub,ismailoksuz/EAFC26-DataHub,2026-08-12T20:30:26.534511,,,,,,
9853,4271,79,59,61,76,19,47,67,eafchub,ismailoksuz/EAFC26-DataHub,2026-08-12T20:30:26.534511,,,,,,
9854,2953,90,69,56,73,22,66,72,eafchub,ismailoksuz/EAFC26-DataHub,2026-08-12T20:30:26.534511,,,,,,
9855,1375,74,57,68,71,67,63,71,eafchub,ismailoksuz/EAFC26-DataHub,2026-08-12T20:30:26.534511,,,,,,
9856,4302,71,76,65,71,30,61,76,eafchub,ismailoksuz/EAFC26-DataHub,2026-08-12T20:30:26.534511,,,,,,
9857,3475,57,65,71,76,72,76,74,eafchub,ismailoksuz/EAFC26-DataHub,2026-08-12T20:30:26.534511,,,,,,
9858,230,77,48,62,66,62,64,67,eafchub,ismailoksuz/EAFC26-DataHub,2026-08-12T20:30:26.534511,,,,,,
9859,453,81,77,64,79,32,79,79,eafchub,ismailoksuz/EAFC26-DataHub,2026-08-12T20:30:26.534511,,,,,,
9860,1344,74,76,70,75,74,74,74,eafchub,ismailoksuz/EAFC26-DataHub,2026-08-12T20:30:26.534511,,,,,,
9861,335,72,68,68,69,76,84,78,eafchub,ismailoksuz/EAFC26-DataHub,2026-08-12T20:30:26.534511,,,,,,
9862,50,95,65,76,82,80,77,86,eafchub,ismailoksuz/EAFC26-DataHub,2026-08-12T20:30:26.534511,,,,,,
9863,454,,,,,,,84,eafchub,ismailoksuz/EAFC26-DataHub,2026-08-12T20:30:26.534511,86,83,71,85,86,30
9864,3744,68,49,62,65,58,55,62,eafchub,ismailoksuz/EAFC26-DataHub,2026-08-12T20:30:26.534511,,,,,,
9865,3156,,,,,,,72,eafchub,ismailoksuz/EAFC26-DataHub,2026-08-12T20:30:26.534511,71,72,74,69,73,42
9866,4065,53,33,53,63,72,76,72,eafchub,ismailoksuz/EAFC26-DataHub,2026-08-12T20:30:26.534511,,,,,,
9867,436,80,86,83,90,78,85,90,eafchub,ismailoksuz/EAFC26-DataHub,2026-08-12T20:30:26.534511,,,,,,
9868,430,66,73,52,71,27,83,72,eafchub,ismailoksuz/EAFC26-DataHub,2026-08-12T20:30:26.534511,,,,,,
9869,1925,84,62,54,66,22,57,65,eafchub,ismailoksuz/EAFC26-DataHub,2026-08-12T20:30:26.534511,,,,,,
9870,1345,77,69,68,74,68,74,74,eafchub,ismailoksuz/EAFC26-DataHub,2026-08-12T20:30:26.534511,,,,,,
9871,905,83,71,65,78,46,72,75,eafchub,ismailoksuz/EAFC26-DataHub,2026-08-12T20:30:26.534511,,,,,,
9872,3411,84,65,68,77,53,58,74,eafchub,ismailoksuz/EAFC26-DataHub,2026-08-12T20:30:26.534511,,,,,,
9873,3614,78,65,67,71,36,66,71,eafchub,ismailoksuz/EAFC26-DataHub,2026-08-12T20:30:26.534511,,,,,,
9874,2422,82,46,63,70,67,66,72,eafchub,ismailoksuz/EAFC26-DataHub,2026-08-12T20:30:26.534511,,,,,,
9875,965,66,43,58,59,69,79,69,eafchub,ismailoksuz/EAFC26-DataHub,2026-08-12T20:30:26.534511,,,,,,
9876,414,86,62,70,73,69,75,76,eafchub,ismailoksuz/EAFC26-DataHub,2026-08-12T20:30:26.534511,,,,,,
9877,3907,77,70,75,79,69,63,74,eafchub,ismailoksuz/EAFC26-DataHub,2026-08-12T20:30:26.534511,,,,,,
9878,4264,,,,,,,67,eafchub,ismailoksuz/EAFC26-DataHub,2026-08-12T20:30:26.534511,,,,,,
9879,1629,76,52,72,75,68,65,75,eafchub,ismailoksuz/EAFC26-DataHub,2026-08-12T20:30:26.534511,,,,,,
9880,3530,76,46,61,64,58,64,65,eafchub,ismailoksuz/EAFC26-DataHub,2026-08-12T20:30:26.534511,,,,,,
9881,926,81,75,68,79,45,63,75,eafchub,ismailoksuz/EAFC26-DataHub,2026-08-12T20:30:26.534511,,,,,,
9882,674,79,69,70,79,36,63,75,eafchub,ismailoksuz/EAFC26-DataHub,2026-08-12T20:30:26.534511,,,,,,
9883,426,85,67,60,75,41,68,71,eafchub,ismailoksuz/EAFC26-DataHub,2026-08-12T20:30:26.534511,,,,,,
9884,3882,78,78,71,84,28,58,78,eafchub,ismailoksuz/EAFC26-DataHub,2026-08-12T20:30:26.534511,,,,,,
9885,3153,78,71,74,76,25,53,75,eafchub,ismailoksuz/EAFC26-DataHub,2026-08-12T20:30:26.534511,,,,,,
9886,3029,53,72,84,75,65,71,79,eafchub,ismailoksuz/EAFC26-DataHub,2026-08-12T20:30:26.534511,,,,,,
9887,1047,63,54,58,65,67,79,69,eafchub,ismailoksuz/EAFC26-DataHub,2026-08-12T20:30:26.534511,,,,,,
9888,586,85,70,76,79,73,76,79,eafchub,ismailoksuz/EAFC26-DataHub,2026-08-12T20:30:26.534511,,,,,,
9889,1470,63,72,71,71,69,75,73,eafchub,ismailoksuz/EAFC26-DataHub,2026-08-12T20:30:26.534511,,,,,,
9890,3626,69,67,65,72,59,69,70,eafchub,ismailoksuz/EAFC26-DataHub,2026-08-12T20:30:26.534511,,,,,,
9891,423,73,67,74,77,74,76,77,eafchub,ismailoksuz/EAFC26-DataHub,2026-08-12T20:30:26.534511,,,,,,
9892,1549,66,68,77,75,69,70,75,eafchub,ismailoksuz/EAFC26-DataHub,2026-08-12T20:30:26.534511,,,,,,
9893,249,84,69,68,76,42,64,75,eafchub,ismailoksuz/EAFC26-DataHub,2026-08-12T20:30:26.534511,,,,,,
9894,476,88,69,71,78,70,76,74,eafchub,ismailoksuz/EAFC26-DataHub,2026-08-12T20:30:26.534511,,,,,,
9895,1048,73,72,56,70,25,76,72,eafchub,ismailoksuz/EAFC26-DataHub,2026-08-12T20:30:26.534511,,,,,,
9896,808,66,74,61,70,25,68,73,eafchub,ismailoksuz/EAFC26-DataHub,2026-08-12T20:30:26.534511,,,,,,
9897,3051,80,80,63,78,29,71,78,eafchub,ismailoksuz/EAFC26-DataHub,2026-08-12T20:30:26.534511,,,,,,
9898,3342,86,62,60,68,42,62,68,eafchub,ismailoksuz/EAFC26-DataHub,2026-08-12T20:30:26.534511,,,,,,
9899,3152,76,75,78,78,64,82,78,eafchub,ismailoksuz/EAFC26-DataHub,2026-08-12T20:30:26.534511,,,,,,
9900,576,67,32,55,60,66,67,66,eafchub,ismailoksuz/EAFC26-DataHub,2026-08-12T20:30:26.534511,,,,,,
9901,3019,67,78,65,79,41,74,79,eafchub,ismailoksuz/EAFC26-DataHub,2026-08-12T20:30:26.534511,,,,,,
9902,3800,67,56,65,62,57,54,65,eafchub,ismailoksuz/EAFC26-DataHub,2026-08-12T20:30:26.534511,,,,,,
9903,441,86,79,68,80,43,62,79,eafchub,ismailoksuz/EAFC26-DataHub,2026-08-12T20:30:26.534511,,,,,,
9904,2342,54,30,51,57,74,75,74,eafchub,ismailoksuz/EAFC26-DataHub,2026-08-12T20:30:26.534511,,,,,,
9905,3102,70,64,72,71,69,81,74,eafchub,ismailoksuz/EAFC26-DataHub,2026-08-12T20:30:26.534511,,,,,,
9906,3499,71,68,79,81,77,78,80,eafchub,ismailoksuz/EAFC26-DataHub,2026-08-12T20:30:26.534511,,,,,,
9907,1160,70,74,58,67,37,78,73,eafchub,ismailoksuz/EAFC26-DataHub,2026-08-12T20:30:26.534511,,,,,,
9908,963,78,30,59,64,62,64,66,eafchub,ismailoksuz/EAFC26-DataHub,2026-08-12T20:30:26.534511,,,,,,
9909,3487,,,,,,,74,eafchub,ismailoksuz/EAFC26-DataHub,2026-08-12T20:30:26.534511,75,71,71,74,78,35
9910,823,81,80,73,80,40,70,77,eafchub,ismailoksuz/EAFC26-DataHub,2026-08-12T20:30:26.534511,,,,,,
9911,3752,77,71,73,79,71,63,74,eafchub,ismailoksuz/EAFC26-DataHub,2026-08-12T20:30:26.534511,,,,,,
9912,3410,89,65,64,69,62,74,70,eafchub,ismailoksuz/EAFC26-DataHub,2026-08-12T20:30:26.534511,,,,,,
9913,3414,81,69,66,72,54,67,72,eafchub,ismailoksuz/EAFC26-DataHub,2026-08-12T20:30:26.534511,,,,,,
9914,3000,87,63,62,72,29,57,69,eafchub,ismailoksuz/EAFC26-DataHub,2026-08-12T20:30:26.534511,,,,,,
9915,86,88,75,74,83,45,69,80,eafchub,ismailoksuz/EAFC26-DataHub,2026-08-12T20:30:26.534511,,,,,,
9916,1964,78,56,60,69,28,50,65,eafchub,ismailoksuz/EAFC26-DataHub,2026-08-12T20:30:26.534511,,,,,,
9917,732,85,62,65,73,26,46,71,eafchub,ismailoksuz/EAFC26-DataHub,2026-08-12T20:30:26.534511,,,,,,
9918,3148,78,57,76,79,75,72,78,eafchub,ismailoksuz/EAFC26-DataHub,2026-08-12T20:30:26.534511,,,,,,
9919,925,82,75,54,71,26,73,75,eafchub,ismailoksuz/EAFC26-DataHub,2026-08-12T20:30:26.534511,,,,,,
9920,1535,76,63,77,78,75,71,79,eafchub,ismailoksuz/EAFC26-DataHub,2026-08-12T20:30:26.534511,,,,,,
9921,2799,73,77,78,78,67,74,78,eafchub,ismailoksuz/EAFC26-DataHub,2026-08-12T20:30:26.534511,,,,,,
9922,2950,81,69,64,74,42,64,71,eafchub,ismailoksuz/EAFC26-DataHub,2026-08-12T20:30:26.534511,,,,,,
9923,587,67,70,77,77,74,80,79,eafchub,ismailoksuz/EAFC26-DataHub,2026-08-12T20:30:26.534511,,,,,,
9924,2518,60,25,42,56,64,70,64,eafchub,ismailoksuz/EAFC26-DataHub,2026-08-12T20:30:26.534511,,,,,,
9925,1113,71,61,68,73,71,78,72,eafchub,ismailoksuz/EAFC26-DataHub,2026-08-12T20:30:26.534511,,,,,,
9926,1136,56,40,58,56,59,70,63,eafchub,ismailoksuz/EAFC26-DataHub,2026-08-12T20:30:26.534511,,,,,,
9927,2141,83,68,65,74,48,57,71,eafchub,ismailoksuz/EAFC26-DataHub,2026-08-12T20:30:26.534511,,,,,,
9928,192,72,80,86,90,75,70,89,eafchub,ismailoksuz/EAFC26-DataHub,2026-08-12T20:30:26.534511,,,,,,
9929,1573,,,,,,,73,eafchub,ismailoksuz/EAFC26-DataHub,2026-08-12T20:30:26.534511,73,70,67,71,76,30
9930,2917,57,39,55,62,63,74,67,eafchub,ismailoksuz/EAFC26-DataHub,2026-08-12T20:30:26.534511,,,,,,
9931,3548,58,56,59,62,57,70,64,eafchub,ismailoksuz/EAFC26-DataHub,2026-08-12T20:30:26.534511,,,,,,
9932,1969,58,57,68,70,46,43,65,eafchub,ismailoksuz/EAFC26-DataHub,2026-08-12T20:30:26.534511,,,,,,
9933,258,74,72,70,78,33,51,73,eafchub,ismailoksuz/EAFC26-DataHub,2026-08-12T20:30:26.534511,,,,,,
9934,3919,78,73,71,75,46,57,73,eafchub,ismailoksuz/EAFC26-DataHub,2026-08-12T20:30:26.534511,,,,,,
9935,1210,71,69,71,71,55,70,73,eafchub,ismailoksuz/EAFC26-DataHub,2026-08-12T20:30:26.534511,,,,,,
9936,3320,84,78,78,83,43,70,81,eafchub,ismailoksuz/EAFC26-DataHub,2026-08-12T20:30:26.534511,,,,,,
9937,1604,61,54,62,66,65,79,70,eafchub,ismailoksuz/EAFC26-DataHub,2026-08-12T20:30:26.534511,,,,,,
9938,3472,79,63,66,70,67,70,73,eafchub,ismailoksuz/EAFC26-DataHub,2026-08-12T20:30:26.534511,,,,,,
9939,4142,87,73,76,86,57,64,82,eafchub,ismailoksuz/EAFC26-DataHub,2026-08-12T20:30:26.534511,,,,,,
9940,2801,70,70,75,76,42,64,74,eafchub,ismailoksuz/EAFC26-DataHub,2026-08-12T20:30:26.534511,,,,,,
9941,4090,80,53,68,70,81,76,80,eafchub,ismailoksuz/EAFC26-DataHub,2026-08-12T20:30:26.534511,,,,,,
9942,3146,76,38,54,62,75,75,74,eafchub,ismailoksuz/EAFC26-DataHub,2026-08-12T20:30:26.534511,,,,,,
9943,1908,68,58,63,67,57,51,65,eafchub,ismailoksuz/EAFC26-DataHub,2026-08-12T20:30:26.534511,,,,,,
9944,1090,68,66,62,70,54,60,67,eafchub,ismailoksuz/EAFC26-DataHub,2026-08-12T20:30:26.534511,,,,,,
9945,1020,48,22,52,51,75,68,74,eafchub,ismailoksuz/EAFC26-DataHub,2026-08-12T20:30:26.534511,,,,,,
9946,3763,,,,,,,70,eafchub,ismailoksuz/EAFC26-DataHub,2026-08-12T20:30:26.534511,69,70,67,69,68,46
9947,2842,54,66,68,70,70,77,71,eafchub,ismailoksuz/EAFC26-DataHub,2026-08-12T20:30:26.534511,,,,,,
9948,3505,53,37,57,60,76,80,76,eafchub,ismailoksuz/EAFC26-DataHub,2026-08-12T20:30:26.534511,,,,,,
9949,1891,70,36,47,56,66,75,67,eafchub,ismailoksuz/EAFC26-DataHub,2026-08-12T20:30:26.534511,,,,,,
9950,473,88,63,63,76,28,59,71,eafchub,ismailoksuz/EAFC26-DataHub,2026-08-12T20:30:26.534511,,,,,,
9951,3099,72,44,52,59,59,73,64,eafchub,ismailoksuz/EAFC26-DataHub,2026-08-12T20:30:26.534511,,,,,,
9952,3738,74,46,68,67,64,64,69,eafchub,ismailoksuz/EAFC26-DataHub,2026-08-12T20:30:26.534511,,,,,,
9953,1930,,,,,,,64,eafchub,ismailoksuz/EAFC26-DataHub,2026-08-12T20:30:26.534511,,,,,,
9954,1060,72,45,66,69,71,69,73,eafchub,ismailoksuz/EAFC26-DataHub,2026-08-12T20:30:26.534511,,,,,,
9955,396,57,63,71,71,71,78,75,eafchub,ismailoksuz/EAFC26-DataHub,2026-08-12T20:30:26.534511,,,,,,
9956,3725,59,47,60,67,48,61,62,eafchub,ismailoksuz/EAFC26-DataHub,2026-08-12T20:30:26.534511,,,,,,
9957,468,69,72,75,79,60,60,75,eafchub,ismailoksuz/EAFC26-DataHub,2026-08-12T20:30:26.534511,,,,,,
9958,1883,63,48,63,66,69,73,71,eafchub,ismailoksuz/EAFC26-DataHub,2026-08-12T20:30:26.534511,,,,,,
9959,2133,81,69,66,73,32,63,71,eafchub,ismailoksuz/EAFC26-DataHub,2026-08-12T20:30:26.534511,,,,,,
9960,48,80,34,62,62,86,86,86,eafchub,ismailoksuz/EAFC26-DataHub,2026-08-12T20:30:26.534511,,,,,,
9961,73,84,41,65,72,84,82,83,eafchub,ismailoksuz/EAFC26-DataHub,2026-08-12T20:30:26.534511,,,,,,
9962,2327,65,35,55,58,70,66,66,eafchub,ismailoksuz/EAFC26-DataHub,2026-08-12T20:30:26.534511,,,,,,
9963,3004,72,47,69,72,78,80,78,eafchub,ismailoksuz/EAFC26-DataHub,2026-08-12T20:30:26.534511,,,,,,
9964,4054,69,72,54,71,30,71,72,eafchub,ismailoksuz/EAFC26-DataHub,2026-08-12T20:30:26.534511,,,,,,
9965,1466,65,57,64,64,76,81,74,eafchub,ismailoksuz/EAFC26-DataHub,2026-08-12T20:30:26.534511,,,,,,
9966,2984,65,37,49,59,65,73,66,eafchub,ismailoksuz/EAFC26-DataHub,2026-08-12T20:30:26.534511,,,,,,
9967,1779,84,55,62,67,58,65,67,eafchub,ismailoksuz/EAFC26-DataHub,2026-08-12T20:30:26.534511,,,,,,
9968,2506,86,69,70,82,40,48,78,eafchub,ismailoksuz/EAFC26-DataHub,2026-08-12T20:30:26.534511,,,,,,
9969,3084,64,46,54,57,62,73,65,eafchub,ismailoksuz/EAFC26-DataHub,2026-08-12T20:30:26.534511,,,,,,
9970,1378,85,70,60,72,32,66,71,eafchub,ismailoksuz/EAFC26-DataHub,2026-08-12T20:30:26.534511,,,,,,
9971,421,80,70,69,78,26,59,76,eafchub,ismailoksuz/EAFC26-DataHub,2026-08-12T20:30:26.534511,,,,,,
9972,1802,70,61,47,56,20,59,62,eafchub,ismailoksuz/EAFC26-DataHub,2026-08-12T20:30:26.534511,,,,,,
9973,3496,93,76,80,87,36,66,86,eafchub,ismailoksuz/EAFC26-DataHub,2026-08-12T20:30:26.534511,,,,,,
9974,1292,79,75,69,76,36,68,75,eafchub,ismailoksuz/EAFC26-DataHub,2026-08-12T20:30:26.534511,,,,,,
9975,2232,75,71,60,73,38,74,73,eafchub,ismailoksuz/EAFC26-DataHub,2026-08-12T20:30:26.534511,,,,,,
9976,1781,76,61,63,68,57,65,66,eafchub,ismailoksuz/EAFC26-DataHub,2026-08-12T20:30:26.534511,,,,,,
9977,2450,90,73,71,77,54,77,78,eafchub,ismailoksuz/EAFC26-DataHub,2026-08-12T20:30:26.534511,,,,,,
9978,336,80,30,50,52,71,73,72,eafchub,ismailoksuz/EAFC26-DataHub,2026-08-12T20:30:26.534511,,,,,,
9979,1358,85,72,57,68,29,78,73,eafchub,ismailoksuz/EAFC26-DataHub,2026-08-12T20:30:26.534511,,,,,,
9980,1288,74,75,79,79,69,76,78,eafchub,ismailoksuz/EAFC26-DataHub,2026-08-12T20:30:26.534511,,,,,,
9981,3595,,,,,,,72,eafchub,ismailoksuz/EAFC26-DataHub,2026-08-12T20:30:26.534511,73,70,70,73,74,38
9982,1570,65,73,64,72,21,70,74,eafchub,ismailoksuz/EAFC26-DataHub,2026-08-12T20:30:26.534511,,,,,,
9983,1301,86,54,60,74,66,66,72,eafchub,ismailoksuz/EAFC26-DataHub,2026-08-12T20:30:26.534511,,,,,,
9984,272,70,65,74,80,32,64,76,eafchub,ismailoksuz/EAFC26-DataHub,2026-08-12T20:30:26.534511,,,,,,
9985,278,80,82,80,90,66,65,88,eafchub,ismailoksuz/EAFC26-DataHub,2026-08-12T20:30:26.534511,,,,,,
9986,565,78,55,64,68,67,63,72,eafchub,ismailoksuz/EAFC26-DataHub,2026-08-12T20:30:26.534511,,,,,,
9987,2945,60,34,58,62,73,73,73,eafchub,ismailoksuz/EAFC26-DataHub,2026-08-12T20:30:26.534511,,,,,,
9988,193,68,76,52,71,29,69,73,eafchub,ismailoksuz/EAFC26-DataHub,2026-08-12T20:30:26.534511,,,,,,
9989,62,73,79,64,77,48,79,80,eafchub,ismailoksuz/EAFC26-DataHub,2026-08-12T20:30:26.534511,,,,,,
9990,3296,64,46,52,54,66,76,64,eafchub,ismailoksuz/EAFC26-DataHub,2026-08-12T20:30:26.534511,,,,,,
9991,4174,61,51,63,71,75,80,76,eafchub,ismailoksuz/EAFC26-DataHub,2026-08-12T20:30:26.534511,,,,,,
9992,2952,71,73,78,78,56,53,78,eafchub,ismailoksuz/EAFC26-DataHub,2026-08-12T20:30:26.534511,,,,,,
9993,407,73,65,69,74,34,64,71,eafchub,ismailoksuz/EAFC26-DataHub,2026-08-12T20:30:26.534511,,,,,,
9994,2376,74,71,66,71,39,72,73,eafchub,ismailoksuz/EAFC26-DataHub,2026-08-12T20:30:26.534511,,,,,,
9995,756,79,61,62,74,42,59,69,eafchub,ismailoksuz/EAFC26-DataHub,2026-08-12T20:30:26.534511,,,,,,
9996,3087,77,50,58,61,66,76,69,eafchub,ismailoksuz/EAFC26-DataHub,2026-08-12T20:30:26.534511,,,,,,
9997,913,86,74,67,79,39,69,76,eafchub,ismailoksuz/EAFC26-DataHub,2026-08-12T20:30:26.534511,,,,,,
9998,2121,71,75,72,82,45,60,78,eafchub,ismailoksuz/EAFC26-DataHub,2026-08-12T20:30:26.534511,,,,,,
9999,4051,64,58,68,68,71,74,73,eafchub,ismailoksuz/EAFC26-DataHub,2026-08-12T20:30:26.534511,,,,,,
10000,254,64,42,63,65,76,76,76,eafchub,ismailoksuz/EAFC26-DataHub,2026-08-12T20:30:26.534511,,,,,,
10001,1569,76,70,72,80,24,52,76,eafchub,ismailoksuz/EAFC26-DataHub,2026-08-12T20:30:26.534511,,,,,,
10002,1461,84,54,62,69,68,72,73,eafchub,ismailoksuz/EAFC26-DataHub,2026-08-12T20:30:26.534511,,,,,,
10003,354,62,50,61,58,73,75,73,eafchub,ismailoksuz/EAFC26-DataHub,2026-08-12T20:30:26.534511,,,,,,
10004,3242,60,49,51,54,70,81,71,eafchub,ismailoksuz/EAFC26-DataHub,2026-08-12T20:30:26.534511,,,,,,
10005,1768,67,60,65,68,63,69,68,eafchub,ismailoksuz/EAFC26-DataHub,2026-08-12T20:30:26.534511,,,,,,
10006,307,,,,,,,68,eafchub,ismailoksuz/EAFC26-DataHub,2026-08-12T20:30:26.534511,,,,,,
10007,4029,67,40,70,71,80,82,80,eafchub,ismailoksuz/EAFC26-DataHub,2026-08-12T20:30:26.534511,,,,,,
10008,1240,79,76,84,82,65,68,84,eafchub,ismailoksuz/EAFC26-DataHub,2026-08-12T20:30:26.534511,,,,,,
10009,602,,,,,,,74,eafchub,ismailoksuz/EAFC26-DataHub,2026-08-12T20:30:26.534511,73,72,68,74,78,24
10010,3521,86,78,69,85,33,73,83,eafchub,ismailoksuz/EAFC26-DataHub,2026-08-12T20:30:26.534511,,,,,,
10011,3615,90,59,59,70,27,42,68,eafchub,ismailoksuz/EAFC26-DataHub,2026-08-12T20:30:26.534511,,,,,,
10012,3490,81,62,56,61,35,66,65,eafchub,ismailoksuz/EAFC26-DataHub,2026-08-12T20:30:26.534511,,,,,,
10013,1352,74,61,69,75,66,63,72,eafchub,ismailoksuz/EAFC26-DataHub,2026-08-12T20:30:26.534511,,,,,,
10014,1593,,,,,,,65,eafchub,ismailoksuz/EAFC26-DataHub,2026-08-12T20:30:26.534511,,,,,,
10015,4140,69,70,73,77,69,62,75,eafchub,ismailoksuz/EAFC26-DataHub,2026-08-12T20:30:26.534511,,,,,,
10016,3022,92,72,76,82,39,70,81,eafchub,ismailoksuz/EAFC26-DataHub,2026-08-12T20:30:26.534511,,,,,,
10017,1281,,,,,,,70,eafchub,ismailoksuz/EAFC26-DataHub,2026-08-12T20:30:26.534511,70,69,67,70,70,25
10018,906,76,64,76,82,38,56,76,eafchub,ismailoksuz/EAFC26-DataHub,2026-08-12T20:30:26.534511,,,,,,
10019,3056,89,71,69,76,56,64,77,eafchub,ismailoksuz/EAFC26-DataHub,2026-08-12T20:30:26.534511,,,,,,
10020,530,69,29,56,62,57,64,62,eafchub,ismailoksuz/EAFC26-DataHub,2026-08-12T20:30:26.534511,,,,,,
10021,2957,,,,,,,69,eafchub,ismailoksuz/EAFC26-DataHub,2026-08-12T20:30:26.534511,,,,,,
10022,367,76,68,53,68,26,67,70,eafchub,ismailoksuz/EAFC26-DataHub,2026-08-12T20:30:26.534511,,,,,,
10023,2234,,,,,,,68,eafchub,ismailoksuz/EAFC26-DataHub,2026-08-12T20:30:26.534511,,,,,,
10024,90,72,66,71,75,77,77,78,eafchub,ismailoksuz/EAFC26-DataHub,2026-08-12T20:30:26.534511,,,,,,
10025,1279,79,64,75,74,71,66,75,eafchub,ismailoksuz/EAFC26-DataHub,2026-08-12T20:30:26.534511,,,,,,
10026,4331,56,68,66,69,66,72,71,eafchub,ismailoksuz/EAFC26-DataHub,2026-08-12T20:30:26.534511,,,,,,
10027,3275,72,62,74,74,74,76,77,eafchub,ismailoksuz/EAFC26-DataHub,2026-08-12T20:30:26.534511,,,,,,
10028,985,84,59,59,67,61,60,68,eafchub,ismailoksuz/EAFC26-DataHub,2026-08-12T20:30:26.534511,,,,,,
10029,2470,72,62,65,68,76,80,76,eafchub,ismailoksuz/EAFC26-DataHub,2026-08-12T20:30:26.534511,,,,,,
10030,1671,62,53,64,65,64,62,66,eafchub,ismailoksuz/EAFC26-DataHub,2026-08-12T20:30:26.534511,,,,,,
10031,298,71,70,74,78,77,68,77,eafchub,ismailoksuz/EAFC26-DataHub,2026-08-12T20:30:26.534511,,,,,,
10032,683,81,52,65,71,68,67,72,eafchub,ismailoksuz/EAFC26-DataHub,2026-08-12T20:30:26.534511,,,,,,
10033,3906,73,68,69,71,68,80,73,eafchub,ismailoksuz/EAFC26-DataHub,2026-08-12T20:30:26.534511,,,,,,
10034,2593,70,73,55,73,28,56,71,eafchub,ismailoksuz/EAFC26-DataHub,2026-08-12T20:30:26.534511,,,,,,
10035,3504,89,72,70,81,62,68,79,eafchub,ismailoksuz/EAFC26-DataHub,2026-08-12T20:30:26.534511,,,,,,
10036,943,72,46,63,73,62,62,67,eafchub,ismailoksuz/EAFC26-DataHub,2026-08-12T20:30:26.534511,,,,,,
10037,802,83,65,71,81,27,49,76,eafchub,ismailoksuz/EAFC26-DataHub,2026-08-12T20:30:26.534511,,,,,,
10038,4254,88,42,61,73,74,80,76,eafchub,ismailoksuz/EAFC26-DataHub,2026-08-12T20:30:26.534511,,,,,,
10039,4060,76,63,73,76,68,82,74,eafchub,ismailoksuz/EAFC26-DataHub,2026-08-12T20:30:26.534511,,,,,,
10040,3797,71,71,68,74,53,79,72,eafchub,ismailoksuz/EAFC26-DataHub,2026-08-12T20:30:26.534511,,,,,,
10041,1464,86,72,69,75,31,60,74,eafchub,ismailoksuz/EAFC26-DataHub,2026-08-12T20:30:26.534511,,,,,,
10042,549,65,56,66,65,60,62,66,eafchub,ismailoksuz/EAFC26-DataHub,2026-08-12T20:30:26.534511,,,,,,
10043,1838,83,62,71,74,71,75,77,eafchub,ismailoksuz/EAFC26-DataHub,2026-08-12T20:30:26.534511,,,,,,
10044,3409,57,36,56,61,69,74,70,eafchub,ismailoksuz/EAFC26-DataHub,2026-08-12T20:30:26.534511,,,,,,
10045,4188,70,33,42,41,70,69,68,eafchub,ismailoksuz/EAFC26-DataHub,2026-08-12T20:30:26.534511,,,,,,
10046,1582,36,48,58,57,67,76,69,eafchub,ismailoksuz/EAFC26-DataHub,2026-08-12T20:30:26.534511,,,,,,
10047,157,83,76,73,79,36,77,79,eafchub,ismailoksuz/EAFC26-DataHub,2026-08-12T20:30:26.534511,,,,,,
10048,580,73,64,66,72,68,77,73,eafchub,ismailoksuz/EAFC26-DataHub,2026-08-12T20:30:26.534511,,,,,,
10049,142,60,32,57,61,71,72,72,eafchub,ismailoksuz/EAFC26-DataHub,2026-08-12T20:30:26.534511,,,,,,
10050,4133,,,,,,,78,eafchub,ismailoksuz/EAFC26-DataHub,2026-08-12T20:30:26.534511,79,76,76,75,81,56
10051,3768,81,43,61,63,65,65,69,eafchub,ismailoksuz/EAFC26-DataHub,2026-08-12T20:30:26.534511,,,,,,
10052,4262,85,75,74,81,41,58,80,eafchub,ismailoksuz/EAFC26-DataHub,2026-08-12T20:30:26.534511,,,,,,
10053,351,77,47,65,66,75,76,75,eafchub,ismailoksuz/EAFC26-DataHub,2026-08-12T20:30:26.534511,,,,,,
10054,614,69,61,71,74,63,60,71,eafchub,ismailoksuz/EAFC26-DataHub,2026-08-12T20:30:26.534511,,,,,,
10055,1149,66,60,71,74,72,72,74,eafchub,ismailoksuz/EAFC26-DataHub,2026-08-12T20:30:26.534511,,,,,,
10056,1138,60,63,53,62,27,69,65,eafchub,ismailoksuz/EAFC26-DataHub,2026-08-12T20:30:26.534511,,,,,,
10057,989,61,67,69,71,41,65,69,eafchub,ismailoksuz/EAFC26-DataHub,2026-08-12T20:30:26.534511,,,,,,
10058,769,77,56,65,69,69,67,72,eafchub,ismailoksuz/EAFC26-DataHub,2026-08-12T20:30:26.534511,,,,,,
10059,1071,70,66,52,66,27,78,67,eafchub,ismailoksuz/EAFC26-DataHub,2026-08-12T20:30:26.534511,,,,,,
10060,3915,74,70,73,74,71,66,75,eafchub,ismailoksuz/EAFC26-DataHub,2026-08-12T20:30:26.534511,,,,,,
10061,931,76,75,70,77,60,68,76,eafchub,ismailoksuz/EAFC26-DataHub,2026-08-12T20:30:26.534511,,,,,,
10062,3037,92,61,58,73,26,63,70,eafchub,ismailoksuz/EAFC26-DataHub,2026-08-12T20:30:26.534511,,,,,,
10063,510,78,40,57,65,66,71,69,eafchub,ismailoksuz/EAFC26-DataHub,2026-08-12T20:30:26.534511,,,,,,
10064,59,80,37,64,64,80,78,79,eafchub,ismailoksuz/EAFC26-DataHub,2026-08-12T20:30:26.534511,,,,,,
10065,3779,67,30,49,62,78,70,74,eafchub,ismailoksuz/EAFC26-DataHub,2026-08-12T20:30:26.534511,,,,,,
10066,1456,66,42,49,55,73,73,72,eafchub,ismailoksuz/EAFC26-DataHub,2026-08-12T20:30:26.534511,,,,,,
10067,637,74,56,67,71,72,66,74,eafchub,ismailoksuz/EAFC26-DataHub,2026-08-12T20:30:26.534511,,,,,,
10068,1139,82,61,64,70,75,74,73,eafchub,ismailoksuz/EAFC26-DataHub,2026-08-12T20:30:26.534511,,,,,,
10069,814,,,,,,,77,eafchub,ismailoksuz/EAFC26-DataHub,2026-08-12T20:30:26.534511,77,77,71,77,77,30
10070,2808,85,72,65,76,66,76,73,eafchub,ismailoksuz/EAFC26-DataHub,2026-08-12T20:30:26.534511,,,,,,
10071,1785,76,63,66,69,59,69,69,eafchub,ismailoksuz/EAFC26-DataHub,2026-08-12T20:30:26.534511,,,,,,
10072,4135,67,46,72,70,80,78,80,eafchub,ismailoksuz/EAFC26-DataHub,2026-08-12T20:30:26.534511,,,,,,
10073,341,75,80,57,70,31,81,79,eafchub,ismailoksuz/EAFC26-DataHub,2026-08-12T20:30:26.534511,,,,,,
10074,1217,64,26,51,54,65,73,66,eafchub,ismailoksuz/EAFC26-DataHub,2026-08-12T20:30:26.534511,,,,,,
10075,3604,81,69,64,73,47,78,73,eafchub,ismailoksuz/EAFC26-DataHub,2026-08-12T20:30:26.534511,,,,,,
10076,1422,66,74,74,78,64,65,77,eafchub,ismailoksuz/EAFC26-DataHub,2026-08-12T20:30:26.534511,,,,,,
10077,762,,,,,,,65,eafchub,ismailoksuz/EAFC26-DataHub,2026-08-12T20:30:26.534511,,,,,,
10078,760,79,72,71,74,41,62,74,eafchub,ismailoksuz/EAFC26-DataHub,2026-08-12T20:30:26.534511,,,,,,
10079,4089,78,70,77,79,75,70,79,eafchub,ismailoksuz/EAFC26-DataHub,2026-08-12T20:30:26.534511,,,,,,
10080,1547,75,67,70,76,72,67,75,eafchub,ismailoksuz/EAFC26-DataHub,2026-08-12T20:30:26.534511,,,,,,
10081,3234,77,43,45,66,58,58,62,eafchub,ismailoksuz/EAFC26-DataHub,2026-08-12T20:30:26.534511,,,,,,
10082,833,,,,,,,74,eafchub,ismailoksuz/EAFC26-DataHub,2026-08-12T20:30:26.534511,73,70,81,72,77,52
10083,810,74,38,52,51,79,81,78,eafchub,ismailoksuz/EAFC26-DataHub,2026-08-12T20:30:26.534511,,,,,,
10084,1924,71,69,62,70,48,65,70,eafchub,ismailoksuz/EAFC26-DataHub,2026-08-12T20:30:26.534511,,,,,,
10085,2225,60,32,48,51,68,78,70,eafchub,ismailoksuz/EAFC26-DataHub,2026-08-12T20:30:26.534511,,,,,,
10086,451,78,61,77,83,69,61,77,eafchub,ismailoksuz/EAFC26-DataHub,2026-08-12T20:30:26.534511,,,,,,
10087,3313,75,50,63,67,63,73,69,eafchub,ismailoksuz/EAFC26-DataHub,2026-08-12T20:30:26.534511,,,,,,
10088,2131,83,70,57,76,27,66,71,eafchub,ismailoksuz/EAFC26-DataHub,2026-08-12T20:30:26.534511,,,,,,
10089,352,79,67,64,75,52,50,72,eafchub,ismailoksuz/EAFC26-DataHub,2026-08-12T20:30:26.534511,,,,,,
10090,740,67,30,52,54,72,68,71,eafchub,ismailoksuz/EAFC26-DataHub,2026-08-12T20:30:26.534511,,,,,,
10091,281,82,77,69,79,40,77,80,eafchub,ismailoksuz/EAFC26-DataHub,2026-08-12T20:30:26.534511,,,,,,
10092,362,67,62,65,71,61,62,68,eafchub,ismailoksuz/EAFC26-DataHub,2026-08-12T20:30:26.534511,,,,,,
10093,1627,67,71,71,75,74,74,78,eafchub,ismailoksuz/EAFC26-DataHub,2026-08-12T20:30:26.534511,,,,,,
10094,144,62,62,81,77,75,69,79,eafchub,ismailoksuz/EAFC26-DataHub,2026-08-12T20:30:26.534511,,,,,,
10095,3241,81,67,56,72,30,62,66,eafchub,ismailoksuz/EAFC26-DataHub,2026-08-12T20:30:26.534511,,,,,,
10096,3634,71,33,50,52,68,81,70,eafchub,ismailoksuz/EAFC26-DataHub,2026-08-12T20:30:26.534511,,,,,,
10097,1880,74,69,71,75,51,62,74,eafchub,ismailoksuz/EAFC26-DataHub,2026-08-12T20:30:26.534511,,,,,,
10098,452,74,66,74,80,57,66,76,eafchub,ismailoksuz/EAFC26-DataHub,2026-08-12T20:30:26.534511,,,,,,
10099,148,77,73,78,81,38,53,80,eafchub,ismailoksuz/EAFC26-DataHub,2026-08-12T20:30:26.534511,,,,,,
10100,3197,85,76,58,72,33,79,76,eafchub,ismailoksuz/EAFC26-DataHub,2026-08-12T20:30:26.534511,,,,,,
10101,531,54,62,49,61,29,68,63,eafchub,ismailoksuz/EAFC26-DataHub,2026-08-12T20:30:26.534511,,,,,,
10102,4184,65,35,51,60,70,71,70,eafchub,ismailoksuz/EAFC26-DataHub,2026-08-12T20:30:26.534511,,,,,,
10103,759,61,70,74,75,72,72,77,eafchub,ismailoksuz/EAFC26-DataHub,2026-08-12T20:30:26.534511,,,,,,
10104,2455,87,75,67,76,32,71,76,eafchub,ismailoksuz/EAFC26-DataHub,2026-08-12T20:30:26.534511,,,,,,
10105,4082,88,64,73,78,76,79,80,eafchub,ismailoksuz/EAFC26-DataHub,2026-08-12T20:30:26.534511,,,,,,
10106,492,78,70,75,81,38,61,77,eafchub,ismailoksuz/EAFC26-DataHub,2026-08-12T20:30:26.534511,,,,,,
10107,608,73,59,66,71,64,58,70,eafchub,ismailoksuz/EAFC26-DataHub,2026-08-12T20:30:26.534511,,,,,,
10108,1640,80,66,77,77,76,76,80,eafchub,ismailoksuz/EAFC26-DataHub,2026-08-12T20:30:26.534511,,,,,,
10109,437,77,56,75,76,73,74,77,eafchub,ismailoksuz/EAFC26-DataHub,2026-08-12T20:30:26.534511,,,,,,
10110,1327,73,39,56,62,74,75,74,eafchub,ismailoksuz/EAFC26-DataHub,2026-08-12T20:30:26.534511,,,,,,
10111,9,68,69,55,67,34,74,71,eafchub,ismailoksuz/EAFC26-DataHub,2026-08-12T20:30:26.534511,,,,,,
10112,992,62,44,60,63,59,62,63,eafchub,ismailoksuz/EAFC26-DataHub,2026-08-12T20:30:26.534511,,,,,,
10113,2375,87,74,66,73,41,72,74,eafchub,ismailoksuz/EAFC26-DataHub,2026-08-12T20:30:26.534511,,,,,,
10114,3231,53,23,38,34,62,63,59,eafchub,ismailoksuz/EAFC26-DataHub,2026-08-12T20:30:26.534511,,,,,,
10115,1091,66,59,60,64,53,64,64,eafchub,ismailoksuz/EAFC26-DataHub,2026-08-12T20:30:26.534511,,,,,,
10116,781,69,50,65,66,68,62,70,eafchub,ismailoksuz/EAFC26-DataHub,2026-08-12T20:30:26.534511,,,,,,
10117,736,52,43,58,64,71,63,69,eafchub,ismailoksuz/EAFC26-DataHub,2026-08-12T20:30:26.534511,,,,,,
10118,369,79,52,60,64,61,61,67,eafchub,ismailoksuz/EAFC26-DataHub,2026-08-12T20:30:26.534511,,,,,,
10119,4081,67,37,53,65,75,74,75,eafchub,ismailoksuz/EAFC26-DataHub,2026-08-12T20:30:26.534511,,,,,,
10120,1104,59,31,43,48,60,65,60,eafchub,ismailoksuz/EAFC26-DataHub,2026-08-12T20:30:26.534511,,,,,,
10121,3503,80,73,70,79,55,59,75,eafchub,ismailoksuz/EAFC26-DataHub,2026-08-12T20:30:26.534511,,,,,,
10122,1498,79,39,61,66,71,69,74,eafchub,ismailoksuz/EAFC26-DataHub,2026-08-12T20:30:26.534511,,,,,,
10123,2414,74,52,60,67,62,66,66,eafchub,ismailoksuz/EAFC26-DataHub,2026-08-12T20:30:26.534511,,,,,,
10124,4263,87,72,64,76,38,54,71,eafchub,ismailoksuz/EAFC26-DataHub,2026-08-12T20:30:26.534511,,,,,,
10125,29,77,77,79,84,67,79,82,eafchub,ismailoksuz/EAFC26-DataHub,2026-08-12T20:30:26.534511,,,,,,
10126,3600,84,64,69,77,63,66,73,eafchub,ismailoksuz/EAFC26-DataHub,2026-08-12T20:30:26.534511,,,,,,
10127,1462,65,73,59,70,36,79,75,eafchub,ismailoksuz/EAFC26-DataHub,2026-08-12T20:30:26.534511,,,,,,
10128,1465,64,60,65,69,68,72,70,eafchub,ismailoksuz/EAFC26-DataHub,2026-08-12T20:30:26.534511,,,,,,
10129,1496,72,30,51,63,70,86,72,eafchub,ismailoksuz/EAFC26-DataHub,2026-08-12T20:30:26.534511,,,,,,
10130,419,84,76,67,77,31,66,75,eafchub,ismailoksuz/EAFC26-DataHub,2026-08-12T20:30:26.534511,,,,,,
10131,4260,74,59,70,73,74,78,77,eafchub,ismailoksuz/EAFC26-DataHub,2026-08-12T20:30:26.534511,,,,,,
10132,3794,70,55,72,70,58,62,71,eafchub,ismailoksuz/EAFC26-DataHub,2026-08-12T20:30:26.534511,,,,,,
10133,3297,83,71,70,76,69,61,75,eafchub,ismailoksuz/EAFC26-DataHub,2026-08-12T20:30:26.534511,,,,,,
10134,754,56,45,64,66,70,70,72,eafchub,ismailoksuz/EAFC26-DataHub,2026-08-12T20:30:26.534511,,,,,,
10135,916,76,53,64,73,73,73,76,eafchub,ismailoksuz/EAFC26-DataHub,2026-08-12T20:30:26.534511,,,,,,
10136,928,70,65,74,73,75,78,79,eafchub,ismailoksuz/EAFC26-DataHub,2026-08-12T20:30:26.534511,,,,,,
10137,2906,76,46,56,58,64,68,65,eafchub,ismailoksuz/EAFC26-DataHub,2026-08-12T20:30:26.534511,,,,,,
10138,3247,70,23,54,59,67,65,66,eafchub,ismailoksuz/EAFC26-DataHub,2026-08-12T20:30:26.534511,,,,,,
10139,191,80,45,63,70,61,65,68,eafchub,ismailoksuz/EAFC26-DataHub,2026-08-12T20:30:26.534511,,,,,,
10140,471,69,37,49,58,79,82,78,eafchub,ismailoksuz/EAFC26-DataHub,2026-08-12T20:30:26.534511,,,,,,
10141,3245,80,59,57,69,39,58,64,eafchub,ismailoksuz/EAFC26-DataHub,2026-08-12T20:30:26.534511,,,,,,
10142,571,87,70,70,80,30,52,76,eafchub,ismailoksuz/EAFC26-DataHub,2026-08-12T20:30:26.534511,,,,,,
10143,1542,74,65,78,79,70,63,77,eafchub,ismailoksuz/EAFC26-DataHub,2026-08-12T20:30:26.534511,,,,,,
10144,2419,75,70,72,72,64,77,73,eafchub,ismailoksuz/EAFC26-DataHub,2026-08-12T20:30:26.534511,,,,,,
10145,3516,87,59,75,78,77,80,82,eafchub,ismailoksuz/EAFC26-DataHub,2026-08-12T20:30:26.534511,,,,,,
10146,976,,,,,,,60,eafchub,ismailoksuz/EAFC26-DataHub,2026-08-12T20:30:26.534511,,,,,,
10147,1715,92,75,70,78,30,68,78,eafchub,ismailoksuz/EAFC26-DataHub,2026-08-12T20:30:26.534511,,,,,,
10148,3027,69,30,61,68,74,71,73,eafchub,ismailoksuz/EAFC26-DataHub,2026-08-12T20:30:26.534511,,,,,,
10149,1171,82,70,60,74,25,73,72,eafchub,ismailoksuz/EAFC26-DataHub,2026-08-12T20:30:26.534511,,,,,,
10150,364,82,68,63,71,43,67,71,eafchub,ismailoksuz/EAFC26-DataHub,2026-08-12T20:30:26.534511,,,,,,
10151,4085,75,63,52,66,23,63,65,eafchub,ismailoksuz/EAFC26-DataHub,2026-08-12T20:30:26.534511,,,,,,
10152,1916,83,54,60,64,63,75,70,eafchub,ismailoksuz/EAFC26-DataHub,2026-08-12T20:30:26.534511,,,,,,
10153,4096,87,69,74,85,37,50,79,eafchub,ismailoksuz/EAFC26-DataHub,2026-08-12T20:30:26.534511,,,,,,
10154,2597,78,72,60,68,33,60,71,eafchub,ismailoksuz/EAFC26-DataHub,2026-08-12T20:30:26.534511,,,,,,
10155,3710,87,58,49,64,24,63,64,eafchub,ismailoksuz/EAFC26-DataHub,2026-08-12T20:30:26.534511,,,,,,
10156,1298,71,35,57,63,68,74,69,eafchub,ismailoksuz/EAFC26-DataHub,2026-08-12T20:30:26.534511,,,,,,
10157,2309,81,74,72,79,32,68,75,eafchub,ismailoksuz/EAFC26-DataHub,2026-08-12T20:30:26.534511,,,,,,
10158,339,74,52,73,78,68,67,74,eafchub,ismailoksuz/EAFC26-DataHub,2026-08-12T20:30:26.534511,,,,,,
10159,2308,80,53,64,72,60,64,67,eafchub,ismailoksuz/EAFC26-DataHub,2026-08-12T20:30:26.534511,,,,,,
10160,726,73,41,56,69,75,83,75,eafchub,ismailoksuz/EAFC26-DataHub,2026-08-12T20:30:26.534511,,,,,,
10161,1511,78,71,73,80,38,58,76,eafchub,ismailoksuz/EAFC26-DataHub,2026-08-12T20:30:26.534511,,,,,,
10162,3413,87,54,65,66,63,69,71,eafchub,ismailoksuz/EAFC26-DataHub,2026-08-12T20:30:26.534511,,,,,,
10163,2313,66,53,67,62,57,64,64,eafchub,ismailoksuz/EAFC26-DataHub,2026-08-12T20:30:26.534511,,,,,,
10164,1080,71,56,61,67,54,58,64,eafchub,ismailoksuz/EAFC26-DataHub,2026-08-12T20:30:26.534511,,,,,,
10165,3302,74,55,45,62,22,59,60,eafchub,ismailoksuz/EAFC26-DataHub,2026-08-12T20:30:26.534511,,,,,,
10166,3754,79,72,62,73,34,70,73,eafchub,ismailoksuz/EAFC26-DataHub,2026-08-12T20:30:26.534511,,,,,,
10167,3902,77,56,66,75,71,76,73,eafchub,ismailoksuz/EAFC26-DataHub,2026-08-12T20:30:26.534511,,,,,,
10168,603,62,26,50,58,73,76,72,eafchub,ismailoksuz/EAFC26-DataHub,2026-08-12T20:30:26.534511,,,,,,
10169,1939,67,54,48,60,33,56,57,eafchub,ismailoksuz/EAFC26-DataHub,2026-08-12T20:30:26.534511,,,,,,
10170,269,69,27,52,56,73,75,73,eafchub,ismailoksuz/EAFC26-DataHub,2026-08-12T20:30:26.534511,,,,,,
10171,752,85,41,67,69,74,77,77,eafchub,ismailoksuz/EAFC26-DataHub,2026-08-12T20:30:26.534511,,,,,,
10172,1287,68,62,72,67,74,78,76,eafchub,ismailoksuz/EAFC26-DataHub,2026-08-12T20:30:26.534511,,,,,,
10173,3248,,,,,,,64,eafchub,ismailoksuz/EAFC26-DataHub,2026-08-12T20:30:26.534511,,,,,,
10174,1932,63,22,37,44,64,72,64,eafchub,ismailoksuz/EAFC26-DataHub,2026-08-12T20:30:26.534511,,,,,,
10175,3196,81,71,79,81,76,73,81,eafchub,ismailoksuz/EAFC26-DataHub,2026-08-12T20:30:26.534511,,,,,,
10176,1022,46,59,72,67,70,62,74,eafchub,ismailoksuz/EAFC26-DataHub,2026-08-12T20:30:26.534511,,,,,,
10177,3470,59,23,47,56,73,67,70,eafchub,ismailoksuz/EAFC26-DataHub,2026-08-12T20:30:26.534511,,,,,,
10178,4047,75,40,57,63,76,82,76,eafchub,ismailoksuz/EAFC26-DataHub,2026-08-12T20:30:26.534511,,,,,,
10179,2954,78,38,59,63,62,59,67,eafchub,ismailoksuz/EAFC26-DataHub,2026-08-12T20:30:26.534511,,,,,,
10180,236,78,44,49,67,67,75,69,eafchub,ismailoksuz/EAFC26-DataHub,2026-08-12T20:30:26.534511,,,,,,
10181,1247,77,67,75,81,57,69,78,eafchub,ismailoksuz/EAFC26-DataHub,2026-08-12T20:30:26.534511,,,,,,
10182,1225,71,31,53,56,67,69,67,eafchub,ismailoksuz/EAFC26-DataHub,2026-08-12T20:30:26.534511,,,,,,
10183,463,83,64,73,78,63,59,76,eafchub,ismailoksuz/EAFC26-DataHub,2026-08-12T20:30:26.534511,,,,,,
10184,346,78,53,65,69,67,77,73,eafchub,ismailoksuz/EAFC26-DataHub,2026-08-12T20:30:26.534511,,,,,,
10185,3271,72,43,68,73,81,75,80,eafchub,ismailoksuz/EAFC26-DataHub,2026-08-12T20:30:26.534511,,,,,,
10186,1644,63,28,56,56,74,72,74,eafchub,ismailoksuz/EAFC26-DataHub,2026-08-12T20:30:26.534511,,,,,,
10187,1050,79,69,69,73,40,63,72,eafchub,ismailoksuz/EAFC26-DataHub,2026-08-12T20:30:26.534511,,,,,,
10188,3201,49,55,61,62,80,76,78,eafchub,ismailoksuz/EAFC26-DataHub,2026-08-12T20:30:26.534511,,,,,,
10189,3471,49,46,60,59,72,78,72,eafchub,ismailoksuz/EAFC26-DataHub,2026-08-12T20:30:26.534511,,,,,,
10190,817,82,56,71,75,75,75,79,eafchub,ismailoksuz/EAFC26-DataHub,2026-08-12T20:30:26.534511,,,,,,
10191,3491,61,35,54,58,70,72,69,eafchub,ismailoksuz/EAFC26-DataHub,2026-08-12T20:30:26.534511,,,,,,
10192,767,79,59,63,65,64,69,69,eafchub,ismailoksuz/EAFC26-DataHub,2026-08-12T20:30:26.534511,,,,,,
10193,2500,72,71,58,72,24,74,71,eafchub,ismailoksuz/EAFC26-DataHub,2026-08-12T20:30:26.534511,,,,,,
10194,3524,,,,,,,84,eafchub,ismailoksuz/EAFC26-DataHub,2026-08-12T20:30:26.534511,84,81,72,84,84,48
10195,1,,,,,,,77,eafchub,ismailoksuz/EAFC26-DataHub,2026-08-12T20:30:26.534511,76,73,75,74,79,55
10196,4,81,45,67,76,65,66,74,eafchub,ismailoksuz/EAFC26-DataHub,2026-08-12T20:30:26.534511,,,,,,
10197,2595,82,36,62,66,69,72,72,eafchub,ismailoksuz/EAFC26-DataHub,2026-08-12T20:30:26.534511,,,,,,
10198,2621,72,47,55,56,69,70,68,eafchub,ismailoksuz/EAFC26-DataHub,2026-08-12T20:30:26.534511,,,,,,
10199,1078,68,59,61,67,59,53,64,eafchub,ismailoksuz/EAFC26-DataHub,2026-08-12T20:30:26.534511,,,,,,
10200,626,62,63,76,74,73,75,77,eafchub,ismailoksuz/EAFC26-DataHub,2026-08-12T20:30:26.534511,,,,,,
10201,1459,56,54,60,64,68,78,69,eafchub,ismailoksuz/EAFC26-DataHub,2026-08-12T20:30:26.534511,,,,,,
10202,4064,77,48,63,67,63,66,70,eafchub,ismailoksuz/EAFC26-DataHub,2026-08-12T20:30:26.534511,,,,,,
10203,3755,77,70,78,83,59,66,78,eafchub,ismailoksuz/EAFC26-DataHub,2026-08-12T20:30:26.534511,,,,,,
10204,3092,77,64,62,69,58,70,65,eafchub,ismailoksuz/EAFC26-DataHub,2026-08-12T20:30:26.534511,,,,,,
10205,3279,89,72,68,81,41,63,76,eafchub,ismailoksuz/EAFC26-DataHub,2026-08-12T20:30:26.534511,,,,,,
10206,3076,65,46,64,64,68,69,70,eafchub,ismailoksuz/EAFC26-DataHub,2026-08-12T20:30:26.534511,,,,,,
10207,1388,76,42,52,60,62,60,62,eafchub,ismailoksuz/EAFC26-DataHub,2026-08-12T20:30:26.534511,,,,,,
10208,340,89,59,63,74,66,78,74,eafchub,ismailoksuz/EAFC26-DataHub,2026-08-12T20:30:26.534511,,,,,,
10209,979,,,,,,,77,eafchub,ismailoksuz/EAFC26-DataHub,2026-08-12T20:30:26.534511,77,72,65,77,79,34
10210,19,82,30,57,67,75,68,74,eafchub,ismailoksuz/EAFC26-DataHub,2026-08-12T20:30:26.534511,,,,,,
10211,877,71,31,52,60,60,75,64,eafchub,ismailoksuz/EAFC26-DataHub,2026-08-12T20:30:26.534511,,,,,,
10212,2239,74,65,74,75,69,74,74,eafchub,ismailoksuz/EAFC26-DataHub,2026-08-12T20:30:26.534511,,,,,,
10213,600,,,,,,,76,eafchub,ismailoksuz/EAFC26-DataHub,2026-08-12T20:30:26.534511,77,74,72,74,78,53
10214,3795,90,59,54,70,28,47,64,eafchub,ismailoksuz/EAFC26-DataHub,2026-08-12T20:30:26.534511,,,,,,
10215,356,70,46,57,66,67,64,69,eafchub,ismailoksuz/EAFC26-DataHub,2026-08-12T20:30:26.534511,,,,,,
10216,2127,,,,,,,66,eafchub,ismailoksuz/EAFC26-DataHub,2026-08-12T20:30:26.534511,,,,,,
10217,391,,,,,,,78,eafchub,ismailoksuz/EAFC26-DataHub,2026-08-12T20:30:26.534511,77,76,78,77,77,24
10218,1055,60,32,49,54,69,78,69,eafchub,ismailoksuz/EAFC26-DataHub,2026-08-12T20:30:26.534511,,,,,,
10219,2331,73,74,54,69,26,72,72,eafchub,ismailoksuz/EAFC26-DataHub,2026-08-12T20:30:26.534511,,,,,,
10220,3282,72,36,60,56,74,79,75,eafchub,ismailoksuz/EAFC26-DataHub,2026-08-12T20:30:26.534511,,,,,,
10221,1885,78,67,69,79,41,56,73,eafchub,ismailoksuz/EAFC26-DataHub,2026-08-12T20:30:26.534511,,,,,,
10222,2059,74,69,71,76,61,62,74,eafchub,ismailoksuz/EAFC26-DataHub,2026-08-12T20:30:26.534511,,,,,,
10223,3161,78,74,67,71,63,74,73,eafchub,ismailoksuz/EAFC26-DataHub,2026-08-12T20:30:26.534511,,,,,,
10224,260,76,50,75,78,68,61,75,eafchub,ismailoksuz/EAFC26-DataHub,2026-08-12T20:30:26.534511,,,,,,
10225,2075,50,33,54,57,77,70,75,eafchub,ismailoksuz/EAFC26-DataHub,2026-08-12T20:30:26.534511,,,,,,
10226,370,,,,,,,66,eafchub,ismailoksuz/EAFC26-DataHub,2026-08-12T20:30:26.534511,,,,,,
10227,1150,61,52,57,64,65,70,68,eafchub,ismailoksuz/EAFC26-DataHub,2026-08-12T20:30:26.534511,,,,,,
10228,513,78,63,65,74,37,59,70,eafchub,ismailoksuz/EAFC26-DataHub,2026-08-12T20:30:26.534511,,,,,,
10229,911,68,27,51,62,72,74,72,eafchub,ismailoksuz/EAFC26-DataHub,2026-08-12T20:30:26.534511,,,,,,
10230,750,60,28,50,58,69,70,69,eafchub,ismailoksuz/EAFC26-DataHub,2026-08-12T20:30:26.534511,,,,,,
10231,3632,67,64,67,68,55,60,69,eafchub,ismailoksuz/EAFC26-DataHub,2026-08-12T20:30:26.534511,,,,,,
10232,3173,85,64,65,74,32,58,72,eafchub,ismailoksuz/EAFC26-DataHub,2026-08-12T20:30:26.534511,,,,,,
10233,761,73,73,62,73,41,76,74,eafchub,ismailoksuz/EAFC26-DataHub,2026-08-12T20:30:26.534511,,,,,,
10234,276,58,67,79,79,60,60,76,eafchub,ismailoksuz/EAFC26-DataHub,2026-08-12T20:30:26.534511,,,,,,
10235,562,,,,,,,74,eafchub,ismailoksuz/EAFC26-DataHub,2026-08-12T20:30:26.534511,76,74,68,70,76,31
10236,2073,,,,,,,76,eafchub,ismailoksuz/EAFC26-DataHub,2026-08-12T20:30:26.534511,76,74,78,77,75,32
10237,3479,82,64,64,76,58,69,71,eafchub,ismailoksuz/EAFC26-DataHub,2026-08-12T20:30:26.534511,,,,,,
10238,288,,,,,,,74,eafchub,ismailoksuz/EAFC26-DataHub,2026-08-12T20:30:26.534511,74,70,79,74,76,32
10239,1524,79,71,69,77,38,61,72,eafchub,ismailoksuz/EAFC26-DataHub,2026-08-12T20:30:26.534511,,,,,,
10240,3309,,,,,,,54,eafchub,ismailoksuz/EAFC26-DataHub,2026-08-12T20:30:26.534511,,,,,,
10241,2592,90,59,61,75,44,50,71,eafchub,ismailoksuz/EAFC26-DataHub,2026-08-12T20:30:26.534511,,,,,,
10242,2070,69,66,70,72,67,67,73,eafchub,ismailoksuz/EAFC26-DataHub,2026-08-12T20:30:26.534511,,,,,,
10243,852,,,,,,,66,eafchub,ismailoksuz/EAFC26-DataHub,2026-08-12T20:30:26.534511,,,,,,
10244,1720,,,,,,,68,eafchub,ismailoksuz/EAFC26-DataHub,2026-08-12T20:30:26.534511,,,,,,
10245,1122,71,60,67,68,63,67,69,eafchub,ismailoksuz/EAFC26-DataHub,2026-08-12T20:30:26.534511,,,,,,
10246,2311,79,44,60,67,62,65,67,eafchub,ismailoksuz/EAFC26-DataHub,2026-08-12T20:30:26.534511,,,,,,
10247,1026,51,59,68,69,66,57,72,eafchub,ismailoksuz/EAFC26-DataHub,2026-08-12T20:30:26.534511,,,,,,
10248,299,80,54,67,74,62,69,70,eafchub,ismailoksuz/EAFC26-DataHub,2026-08-12T20:30:26.534511,,,,,,
10249,42,67,48,65,67,69,69,71,eafchub,ismailoksuz/EAFC26-DataHub,2026-08-12T20:30:26.534511,,,,,,
10250,2105,94,60,59,72,32,60,70,eafchub,ismailoksuz/EAFC26-DataHub,2026-08-12T20:30:26.534511,,,,,,
10251,788,81,75,72,76,37,62,78,eafchub,ismailoksuz/EAFC26-DataHub,2026-08-12T20:30:26.534511,,,,,,
10252,2807,78,73,66,77,43,67,74,eafchub,ismailoksuz/EAFC26-DataHub,2026-08-12T20:30:26.534511,,,,,,
10253,2914,76,63,55,66,38,63,64,eafchub,ismailoksuz/EAFC26-DataHub,2026-08-12T20:30:26.534511,,,,,,
10254,4104,71,68,63,68,30,69,70,eafchub,ismailoksuz/EAFC26-DataHub,2026-08-12T20:30:26.534511,,,,,,
10255,529,60,48,59,63,62,60,64,eafchub,ismailoksuz/EAFC26-DataHub,2026-08-12T20:30:26.534511,,,,,,
10256,1503,63,74,62,72,34,69,74,eafchub,ismailoksuz/EAFC26-DataHub,2026-08-12T20:30:26.534511,,,,,,
10257,3510,72,69,70,75,41,59,73,eafchub,ismailoksuz/EAFC26-DataHub,2026-08-12T20:30:26.534511,,,,,,
10258,826,83,70,75,81,51,65,79,eafchub,ismailoksuz/EAFC26-DataHub,2026-08-12T20:30:26.534511,,,,,,
10259,1940,75,50,55,61,65,59,67,eafchub,ismailoksuz/EAFC26-DataHub,2026-08-12T20:30:26.534511,,,,,,
10260,2588,51,33,47,57,75,72,73,eafchub,ismailoksuz/EAFC26-DataHub,2026-08-12T20:30:26.534511,,,,,,
10261,1151,87,76,67,81,33,64,76,eafchub,ismailoksuz/EAFC26-DataHub,2026-08-12T20:30:26.534511,,,,,,
10262,520,87,69,70,81,29,63,77,eafchub,ismailoksuz/EAFC26-DataHub,2026-08-12T20:30:26.534511,,,,,,
10263,195,69,69,68,72,64,66,69,eafchub,ismailoksuz/EAFC26-DataHub,2026-08-12T20:30:26.534511,,,,,,
10264,4068,90,49,64,72,82,80,82,eafchub,ismailoksuz/EAFC26-DataHub,2026-08-12T20:30:26.534511,,,,,,
10265,210,65,44,52,54,72,77,70,eafchub,ismailoksuz/EAFC26-DataHub,2026-08-12T20:30:26.534511,,,,,,
10266,69,90,77,78,84,39,66,84,eafchub,ismailoksuz/EAFC26-DataHub,2026-08-12T20:30:26.534511,,,,,,
10267,3074,66,32,55,62,72,69,72,eafchub,ismailoksuz/EAFC26-DataHub,2026-08-12T20:30:26.534511,,,,,,
10268,4080,68,37,52,60,69,78,70,eafchub,ismailoksuz/EAFC26-DataHub,2026-08-12T20:30:26.534511,,,,,,
10269,311,67,33,49,56,70,67,68,eafchub,ismailoksuz/EAFC26-DataHub,2026-08-12T20:30:26.534511,,,,,,
10270,3611,55,32,43,42,65,71,65,eafchub,ismailoksuz/EAFC26-DataHub,2026-08-12T20:30:26.534511,,,,,,
10271,523,,,,,,,63,eafchub,ismailoksuz/EAFC26-DataHub,2026-08-12T20:30:26.534511,,,,,,
10272,1028,69,66,69,71,58,58,69,eafchub,ismailoksuz/EAFC26-DataHub,2026-08-12T20:30:26.534511,,,,,,
10273,74,74,46,60,56,78,76,77,eafchub,ismailoksuz/EAFC26-DataHub,2026-08-12T20:30:26.534511,,,,,,
10274,4062,75,71,63,70,37,54,69,eafchub,ismailoksuz/EAFC26-DataHub,2026-08-12T20:30:26.534511,,,,,,
10275,2921,,,,,,,61,eafchub,ismailoksuz/EAFC26-DataHub,2026-08-12T20:30:26.534511,,,,,,
10276,475,55,35,57,61,80,71,77,eafchub,ismailoksuz/EAFC26-DataHub,2026-08-12T20:30:26.534511,,,,,,
10277,2678,74,71,60,70,28,62,70,eafchub,ismailoksuz/EAFC26-DataHub,2026-08-12T20:30:26.534511,,,,,,
10278,3289,85,72,70,81,33,63,78,eafchub,ismailoksuz/EAFC26-DataHub,2026-08-12T20:30:26.534511,,,,,,
10279,395,64,63,77,75,69,65,74,eafchub,ismailoksuz/EAFC26-DataHub,2026-08-12T20:30:26.534511,,,,,,
10280,665,,,,,,,78,eafchub,ismailoksuz/EAFC26-DataHub,2026-08-12T20:30:26.534511,78,74,80,77,80,40
10281,2591,64,51,70,70,63,53,69,eafchub,ismailoksuz/EAFC26-DataHub,2026-08-12T20:30:26.534511,,,,,,
10282,1716,85,70,70,78,53,59,77,eafchub,ismailoksuz/EAFC26-DataHub,2026-08-12T20:30:26.534511,,,,,,
10283,1263,46,44,58,53,76,78,75,eafchub,ismailoksuz/EAFC26-DataHub,2026-08-12T20:30:26.534511,,,,,,
10284,2230,65,74,59,72,28,74,73,eafchub,ismailoksuz/EAFC26-DataHub,2026-08-12T20:30:26.534511,,,,,,
10285,180,78,72,68,76,28,57,74,eafchub,ismailoksuz/EAFC26-DataHub,2026-08-12T20:30:26.534511,,,,,,
10286,3780,85,56,58,61,77,79,76,eafchub,ismailoksuz/EAFC26-DataHub,2026-08-12T20:30:26.534511,,,,,,
10287,937,67,37,66,65,78,74,77,eafchub,ismailoksuz/EAFC26-DataHub,2026-08-12T20:30:26.534511,,,,,,
10288,632,79,74,76,81,36,58,78,eafchub,ismailoksuz/EAFC26-DataHub,2026-08-12T20:30:26.534511,,,,,,
10289,786,63,45,59,67,75,80,75,eafchub,ismailoksuz/EAFC26-DataHub,2026-08-12T20:30:26.534511,,,,,,
10290,3639,65,68,67,69,70,75,72,eafchub,ismailoksuz/EAFC26-DataHub,2026-08-12T20:30:26.534511,,,,,,
10291,1290,60,67,51,62,30,76,68,eafchub,ismailoksuz/EAFC26-DataHub,2026-08-12T20:30:26.534511,,,,,,
10292,1634,76,75,65,77,29,77,75,eafchub,ismailoksuz/EAFC26-DataHub,2026-08-12T20:30:26.534511,,,,,,
10293,2087,47,44,55,50,64,62,63,eafchub,ismailoksuz/EAFC26-DataHub,2026-08-12T20:30:26.534511,,,,,,
10294,1578,91,63,63,74,30,51,72,eafchub,ismailoksuz/EAFC26-DataHub,2026-08-12T20:30:26.534511,,,,,,
10295,2594,67,66,60,71,22,59,68,eafchub,ismailoksuz/EAFC26-DataHub,2026-08-12T20:30:26.534511,,,,,,
10296,1531,66,39,53,57,65,76,67,eafchub,ismailoksuz/EAFC26-DataHub,2026-08-12T20:30:26.534511,,,,,,
10297,3005,77,62,78,79,77,64,80,eafchub,ismailoksuz/EAFC26-DataHub,2026-08-12T20:30:26.534511,,,,,,
10298,3312,65,33,49,55,66,78,68,eafchub,ismailoksuz/EAFC26-DataHub,2026-08-12T20:30:26.534511,,,,,,
10299,1300,88,74,63,73,30,60,73,eafchub,ismailoksuz/EAFC26-DataHub,2026-08-12T20:30:26.534511,,,,,,
10300,1469,59,62,57,68,26,45,61,eafchub,ismailoksuz/EAFC26-DataHub,2026-08-12T20:30:26.534511,,,,,,
10301,3031,75,61,71,74,44,50,72,eafchub,ismailoksuz/EAFC26-DataHub,2026-08-12T20:30:26.534511,,,,,,
10302,3782,66,58,63,70,50,43,63,eafchub,ismailoksuz/EAFC26-DataHub,2026-08-12T20:30:26.534511,,,,,,
10303,3167,73,44,59,59,66,65,66,eafchub,ismailoksuz/EAFC26-DataHub,2026-08-12T20:30:26.534511,,,,,,
10304,1632,72,68,73,76,63,60,76,eafchub,ismailoksuz/EAFC26-DataHub,2026-08-12T20:30:26.534511,,,,,,
10305,3716,73,50,55,70,20,56,63,eafchub,ismailoksuz/EAFC26-DataHub,2026-08-12T20:30:26.534511,,,,,,
10306,1123,,,,,,,72,eafchub,ismailoksuz/EAFC26-DataHub,2026-08-12T20:30:26.534511,72,70,71,74,73,21
10307,2951,92,74,62,79,27,72,73,eafchub,ismailoksuz/EAFC26-DataHub,2026-08-12T20:30:26.534511,,,,,,
10308,566,80,37,61,68,71,79,74,eafchub,ismailoksuz/EAFC26-DataHub,2026-08-12T20:30:26.534511,,,,,,
10309,1878,76,70,67,72,39,63,70,eafchub,ismailoksuz/EAFC26-DataHub,2026-08-12T20:30:26.534511,,,,,,
10310,776,74,73,75,76,73,70,77,eafchub,ismailoksuz/EAFC26-DataHub,2026-08-12T20:30:26.534511,,,,,,
10311,1334,84,73,67,77,36,65,75,eafchub,ismailoksuz/EAFC26-DataHub,2026-08-12T20:30:26.534511,,,,,,
10312,3711,68,46,58,69,61,55,63,eafchub,ismailoksuz/EAFC26-DataHub,2026-08-12T20:30:26.534511,,,,,,
10313,3334,88,55,47,62,29,42,57,eafchub,ismailoksuz/EAFC26-DataHub,2026-08-12T20:30:26.534511,,,,,,
10314,1382,69,72,54,65,28,74,71,eafchub,ismailoksuz/EAFC26-DataHub,2026-08-12T20:30:26.534511,,,,,,
10315,3395,78,56,58,60,61,70,68,eafchub,ismailoksuz/EAFC26-DataHub,2026-08-12T20:30:26.534511,,,,,,
10316,1468,,,,,,,68,eafchub,ismailoksuz/EAFC26-DataHub,2026-08-12T20:30:26.534511,,,,,,
10317,2508,73,49,55,65,57,61,63,eafchub,ismailoksuz/EAFC26-DataHub,2026-08-12T20:30:26.534511,,,,,,
10318,910,64,42,52,62,68,71,69,eafchub,ismailoksuz/EAFC26-DataHub,2026-08-12T20:30:26.534511,,,,,,
10319,3724,68,58,61,68,55,63,65,eafchub,ismailoksuz/EAFC26-DataHub,2026-08-12T20:30:26.534511,,,,,,
10320,3660,,,,,,,71,eafchub,ismailoksuz/EAFC26-DataHub,2026-08-12T20:30:26.534511,71,70,65,71,74,25
10321,2323,52,26,39,42,66,78,67,eafchub,ismailoksuz/EAFC26-DataHub,2026-08-12T20:30:26.534511,,,,,,
10322,3633,60,49,59,66,62,71,64,eafchub,ismailoksuz/EAFC26-DataHub,2026-08-12T20:30:26.534511,,,,,,
10323,3304,73,59,55,69,38,56,65,eafchub,ismailoksuz/EAFC26-DataHub,2026-08-12T20:30:26.534511,,,,,,
10324,1219,56,54,59,59,55,45,60,eafchub,ismailoksuz/EAFC26-DataHub,2026-08-12T20:30:26.534511,,,,,,
10325,448,,,,,,,63,eafchub,ismailoksuz/EAFC26-DataHub,2026-08-12T20:30:26.534511,,,,,,
10326,1676,78,66,53,63,28,71,67,eafchub,ismailoksuz/EAFC26-DataHub,2026-08-12T20:30:26.534511,,,,,,
10327,507,75,76,72,74,72,80,75,eafchub,ismailoksuz/EAFC26-DataHub,2026-08-12T20:30:26.534511,,,,,,
10328,1660,72,70,67,72,44,71,72,eafchub,ismailoksuz/EAFC26-DataHub,2026-08-12T20:30:26.534511,,,,,,
10329,2561,54,25,43,48,64,67,64,eafchub,ismailoksuz/EAFC26-DataHub,2026-08-12T20:30:26.534511,,,,,,
10330,4139,80,32,64,71,76,75,76,eafchub,ismailoksuz/EAFC26-DataHub,2026-08-12T20:30:26.534511,,,,,,
10331,1333,79,75,62,75,40,68,76,eafchub,ismailoksuz/EAFC26-DataHub,2026-08-12T20:30:26.534511,,,,,,
10332,3958,83,52,59,66,65,67,69,eafchub,ismailoksuz/EAFC26-DataHub,2026-08-12T20:30:26.534511,,,,,,
10333,3805,60,66,54,64,27,60,65,eafchub,ismailoksuz/EAFC26-DataHub,2026-08-12T20:30:26.534511,,,,,,
10334,2406,65,62,58,67,26,51,65,eafchub,ismailoksuz/EAFC26-DataHub,2026-08-12T20:30:26.534511,,,,,,
10335,831,82,57,62,67,58,73,65,eafchub,ismailoksuz/EAFC26-DataHub,2026-08-12T20:30:26.534511,,,,,,
10336,3753,72,55,70,76,68,66,73,eafchub,ismailoksuz/EAFC26-DataHub,2026-08-12T20:30:26.534511,,,,,,
10337,962,73,53,56,65,60,62,64,eafchub,ismailoksuz/EAFC26-DataHub,2026-08-12T20:30:26.534511,,,,,,
10338,2910,74,57,62,66,62,66,66,eafchub,ismailoksuz/EAFC26-DataHub,2026-08-12T20:30:26.534511,,,,,,
10339,2663,76,32,61,67,75,78,75,eafchub,ismailoksuz/EAFC26-DataHub,2026-08-12T20:30:26.534511,,,,,,
10340,3955,75,67,48,67,26,73,70,eafchub,ismailoksuz/EAFC26-DataHub,2026-08-12T20:30:26.534511,,,,,,
10341,3324,77,67,48,64,27,67,68,eafchub,ismailoksuz/EAFC26-DataHub,2026-08-12T20:30:26.534511,,,,,,
10342,969,88,56,63,74,41,48,70,eafchub,ismailoksuz/EAFC26-DataHub,2026-08-12T20:30:26.534511,,,,,,
10343,1780,80,52,63,68,62,62,69,eafchub,ismailoksuz/EAFC26-DataHub,2026-08-12T20:30:26.534511,,,,,,
10344,3230,,,,,,,65,eafchub,ismailoksuz/EAFC26-DataHub,2026-08-12T20:30:26.534511,,,,,,
10345,4079,86,80,67,78,29,64,77,eafchub,ismailoksuz/EAFC26-DataHub,2026-08-12T20:30:26.534511,,,,,,
10346,1282,,,,,,,67,eafchub,ismailoksuz/EAFC26-DataHub,2026-08-12T20:30:26.534511,,,,,,
10347,1115,69,33,54,61,60,49,62,eafchub,ismailoksuz/EAFC26-DataHub,2026-08-12T20:30:26.534511,,,,,,
10348,358,82,38,52,63,59,56,66,eafchub,ismailoksuz/EAFC26-DataHub,2026-08-12T20:30:26.534511,,,,,,
10349,3206,63,78,59,67,34,82,76,eafchub,ismailoksuz/EAFC26-DataHub,2026-08-12T20:30:26.534511,,,,,,
10350,3714,66,63,41,54,20,69,63,eafchub,ismailoksuz/EAFC26-DataHub,2026-08-12T20:30:26.534511,,,,,,
10351,3486,79,72,64,67,41,75,72,eafchub,ismailoksuz/EAFC26-DataHub,2026-08-12T20:30:26.534511,,,,,,
10352,2454,77,68,71,78,67,76,75,eafchub,ismailoksuz/EAFC26-DataHub,2026-08-12T20:30:26.534511,,,,,,
10353,1348,69,53,60,57,75,86,75,eafchub,ismailoksuz/EAFC26-DataHub,2026-08-12T20:30:26.534511,,,,,,
10354,1361,70,62,69,69,68,78,72,eafchub,ismailoksuz/EAFC26-DataHub,2026-08-12T20:30:26.534511,,,,,,
10355,1125,64,37,45,47,61,65,62,eafchub,ismailoksuz/EAFC26-DataHub,2026-08-12T20:30:26.534511,,,,,,
10356,2338,65,47,55,58,38,60,58,eafchub,ismailoksuz/EAFC26-DataHub,2026-08-12T20:30:26.534511,,,,,,
10357,1337,75,72,66,77,38,63,73,eafchub,ismailoksuz/EAFC26-DataHub,2026-08-12T20:30:26.534511,,,,,,
10358,3026,82,42,68,73,65,64,71,eafchub,ismailoksuz/EAFC26-DataHub,2026-08-12T20:30:26.534511,,,,,,
10359,245,75,63,64,68,49,56,69,eafchub,ismailoksuz/EAFC26-DataHub,2026-08-12T20:30:26.534511,,,,,,
10360,1773,83,53,53,68,46,44,62,eafchub,ismailoksuz/EAFC26-DataHub,2026-08-12T20:30:26.534511,,,,,,
10361,224,65,58,67,69,61,70,68,eafchub,ismailoksuz/EAFC26-DataHub,2026-08-12T20:30:26.534511,,,,,,
10362,4099,73,60,75,76,66,68,74,eafchub,ismailoksuz/EAFC26-DataHub,2026-08-12T20:30:26.534511,,,,,,
10363,1518,85,53,67,75,80,76,79,eafchub,ismailoksuz/EAFC26-DataHub,2026-08-12T20:30:26.534511,,,,,,
10364,1889,71,66,58,71,22,59,68,eafchub,ismailoksuz/EAFC26-DataHub,2026-08-12T20:30:26.534511,,,,,,
10365,3047,77,73,71,78,71,77,78,eafchub,ismailoksuz/EAFC26-DataHub,2026-08-12T20:30:26.534511,,,,,,
10366,578,80,67,64,73,38,58,71,eafchub,ismailoksuz/EAFC26-DataHub,2026-08-12T20:30:26.534511,,,,,,
10367,3900,59,35,53,49,72,77,71,eafchub,ismailoksuz/EAFC26-DataHub,2026-08-12T20:30:26.534511,,,,,,
10368,2511,72,44,54,60,53,44,58,eafchub,ismailoksuz/EAFC26-DataHub,2026-08-12T20:30:26.534511,,,,,,
10369,4058,,,,,,,68,eafchub,ismailoksuz/EAFC26-DataHub,2026-08-12T20:30:26.534511,,,,,,
10370,4145,52,40,56,60,75,72,74,eafchub,ismailoksuz/EAFC26-DataHub,2026-08-12T20:30:26.534511,,,,,,
10371,1408,75,60,65,69,31,51,68,eafchub,ismailoksuz/EAFC26-DataHub,2026-08-12T20:30:26.534511,,,,,,
10372,1169,70,58,66,69,69,67,70,eafchub,ismailoksuz/EAFC26-DataHub,2026-08-12T20:30:26.534511,,,,,,
10373,987,82,71,65,70,35,71,71,eafchub,ismailoksuz/EAFC26-DataHub,2026-08-12T20:30:26.534511,,,,,,
10374,3910,85,72,69,77,51,64,74,eafchub,ismailoksuz/EAFC26-DataHub,2026-08-12T20:30:26.534511,,,,,,
10375,1877,80,58,67,70,70,75,73,eafchub,ismailoksuz/EAFC26-DataHub,2026-08-12T20:30:26.534511,,,,,,
10376,248,66,40,63,59,80,81,80,eafchub,ismailoksuz/EAFC26-DataHub,2026-08-12T20:30:26.534511,,,,,,
10377,3150,89,66,65,72,65,67,74,eafchub,ismailoksuz/EAFC26-DataHub,2026-08-12T20:30:26.534511,,,,,,
10378,4311,84,67,67,75,41,54,73,eafchub,ismailoksuz/EAFC26-DataHub,2026-08-12T20:30:26.534511,,,,,,
10379,737,72,61,69,72,69,77,72,eafchub,ismailoksuz/EAFC26-DataHub,2026-08-12T20:30:26.534511,,,,,,
10380,1051,71,73,56,67,37,62,71,eafchub,ismailoksuz/EAFC26-DataHub,2026-08-12T20:30:26.534511,,,,,,
10381,3049,83,53,71,77,71,51,77,eafchub,ismailoksuz/EAFC26-DataHub,2026-08-12T20:30:26.534511,,,,,,
10382,20,83,66,61,73,23,65,69,eafchub,ismailoksuz/EAFC26-DataHub,2026-08-12T20:30:26.534511,,,,,,
10383,2352,77,65,65,72,33,50,69,eafchub,ismailoksuz/EAFC26-DataHub,2026-08-12T20:30:26.534511,,,,,,
10384,1585,66,50,67,69,65,73,70,eafchub,ismailoksuz/EAFC26-DataHub,2026-08-12T20:30:26.534511,,,,,,
10385,3052,94,67,67,76,46,59,75,eafchub,ismailoksuz/EAFC26-DataHub,2026-08-12T20:30:26.534511,,,,,,
10386,1587,54,54,68,70,67,66,70,eafchub,ismailoksuz/EAFC26-DataHub,2026-08-12T20:30:26.534511,,,,,,
10387,359,55,61,65,65,65,64,68,eafchub,ismailoksuz/EAFC26-DataHub,2026-08-12T20:30:26.534511,,,,,,
10388,1746,,,,,,,61,eafchub,ismailoksuz/EAFC26-DataHub,2026-08-12T20:30:26.534511,,,,,,
10389,1754,60,58,44,56,24,58,58,eafchub,ismailoksuz/EAFC26-DataHub,2026-08-12T20:30:26.534511,,,,,,
10390,3236,71,54,60,66,59,65,63,eafchub,ismailoksuz/EAFC26-DataHub,2026-08-12T20:30:26.534511,,,,,,
10391,3042,77,54,65,76,40,59,67,eafchub,ismailoksuz/EAFC26-DataHub,2026-08-12T20:30:26.534511,,,,,,
10392,2662,70,55,77,79,68,66,77,eafchub,ismailoksuz/EAFC26-DataHub,2026-08-12T20:30:26.534511,,,,,,
10393,3424,67,62,65,73,64,71,72,eafchub,ismailoksuz/EAFC26-DataHub,2026-08-12T20:30:26.534511,,,,,,
10394,2944,65,52,59,61,73,78,72,eafchub,ismailoksuz/EAFC26-DataHub,2026-08-12T20:30:26.534511,,,,,,
10395,2114,83,34,55,62,72,76,72,eafchub,ismailoksuz/EAFC26-DataHub,2026-08-12T20:30:26.534511,,,,,,
10396,263,90,67,69,79,64,68,77,eafchub,ismailoksuz/EAFC26-DataHub,2026-08-12T20:30:26.534511,,,,,,
10397,3131,80,37,64,69,78,80,78,eafchub,ismailoksuz/EAFC26-DataHub,2026-08-12T20:30:26.534511,,,,,,
10398,2515,90,66,61,73,34,67,71,eafchub,ismailoksuz/EAFC26-DataHub,2026-08-12T20:30:26.534511,,,,,,
10399,743,76,67,67,74,61,69,70,eafchub,ismailoksuz/EAFC26-DataHub,2026-08-12T20:30:26.534511,,,,,,
10400,3775,,,,,,,75,eafchub,ismailoksuz/EAFC26-DataHub,2026-08-12T20:30:26.534511,79,71,71,74,80,31
10401,4084,71,60,71,73,73,73,75,eafchub,ismailoksuz/EAFC26-DataHub,2026-08-12T20:30:26.534511,,,,,,
10402,1532,,,,,,,61,eafchub,ismailoksuz/EAFC26-DataHub,2026-08-12T20:30:26.534511,,,,,,
10403,591,87,71,78,86,30,53,82,eafchub,ismailoksuz/EAFC26-DataHub,2026-08-12T20:30:26.534511,,,,,,
10404,912,70,68,75,78,33,58,75,eafchub,ismailoksuz/EAFC26-DataHub,2026-08-12T20:30:26.534511,,,,,,
10405,238,83,56,71,77,71,65,77,eafchub,ismailoksuz/EAFC26-DataHub,2026-08-12T20:30:26.534511,,,,,,
10406,4076,86,70,68,78,30,49,75,eafchub,ismailoksuz/EAFC26-DataHub,2026-08-12T20:30:26.534511,,,,,,
10407,1723,66,65,70,72,67,68,71,eafchub,ismailoksuz/EAFC26-DataHub,2026-08-12T20:30:26.534511,,,,,,
10408,3021,64,41,53,57,63,71,64,eafchub,ismailoksuz/EAFC26-DataHub,2026-08-12T20:30:26.534511,,,,,,
10409,3040,65,64,66,68,77,82,77,eafchub,ismailoksuz/EAFC26-DataHub,2026-08-12T20:30:26.534511,,,,,,
10410,3480,61,60,67,65,58,65,67,eafchub,ismailoksuz/EAFC26-DataHub,2026-08-12T20:30:26.534511,,,,,,
10411,214,67,52,64,68,64,63,69,eafchub,ismailoksuz/EAFC26-DataHub,2026-08-12T20:30:26.534511,,,,,,
10412,4346,69,68,75,76,68,69,74,eafchub,ismailoksuz/EAFC26-DataHub,2026-08-12T20:30:26.534511,,,,,,
10413,58,79,68,76,79,75,79,80,eafchub,ismailoksuz/EAFC26-DataHub,2026-08-12T20:30:26.534511,,,,,,
10414,921,68,59,64,68,66,67,69,eafchub,ismailoksuz/EAFC26-DataHub,2026-08-12T20:30:26.534511,,,,,,
10415,751,77,65,71,74,70,69,75,eafchub,ismailoksuz/EAFC26-DataHub,2026-08-12T20:30:26.534511,,,,,,
10416,253,,,,,,,73,eafchub,ismailoksuz/EAFC26-DataHub,2026-08-12T20:30:26.534511,77,72,76,69,75,22
10417,1034,73,70,65,68,36,68,69,eafchub,ismailoksuz/EAFC26-DataHub,2026-08-12T20:30:26.534511,,,,,,
10418,3044,68,27,51,48,69,75,71,eafchub,ismailoksuz/EAFC26-DataHub,2026-08-12T20:30:26.534511,,,,,,
10419,1635,80,58,59,64,26,46,64,eafchub,ismailoksuz/EAFC26-DataHub,2026-08-12T20:30:26.534511,,,,,,
10420,2362,70,26,50,60,69,73,70,eafchub,ismailoksuz/EAFC26-DataHub,2026-08-12T20:30:26.534511,,,,,,
10421,3489,72,51,63,68,63,63,68,eafchub,ismailoksuz/EAFC26-DataHub,2026-08-12T20:30:26.534511,,,,,,
10422,1109,77,58,61,69,65,71,70,eafchub,ismailoksuz/EAFC26-DataHub,2026-08-12T20:30:26.534511,,,,,,
10423,4299,67,72,72,74,67,60,74,eafchub,ismailoksuz/EAFC26-DataHub,2026-08-12T20:30:26.534511,,,,,,
10424,1583,72,31,58,63,64,65,68,eafchub,ismailoksuz/EAFC26-DataHub,2026-08-12T20:30:26.534511,,,,,,
10425,2586,77,25,45,58,67,70,67,eafchub,ismailoksuz/EAFC26-DataHub,2026-08-12T20:30:26.534511,,,,,,
10426,827,85,71,54,66,31,67,70,eafchub,ismailoksuz/EAFC26-DataHub,2026-08-12T20:30:26.534511,,,,,,
10427,306,73,56,63,73,73,71,74,eafchub,ismailoksuz/EAFC26-DataHub,2026-08-12T20:30:26.534511,,,,,,
10428,805,77,65,70,69,70,77,75,eafchub,ismailoksuz/EAFC26-DataHub,2026-08-12T20:30:26.534511,,,,,,
10429,1076,74,62,62,68,46,54,64,eafchub,ismailoksuz/EAFC26-DataHub,2026-08-12T20:30:26.534511,,,,,,
10430,3630,88,66,60,77,30,43,71,eafchub,ismailoksuz/EAFC26-DataHub,2026-08-12T20:30:26.534511,,,,,,
10431,1988,51,27,55,44,69,67,68,eafchub,ismailoksuz/EAFC26-DataHub,2026-08-12T20:30:26.534511,,,,,,
10432,2237,68,66,69,73,38,61,71,eafchub,ismailoksuz/EAFC26-DataHub,2026-08-12T20:30:26.534511,,,,,,
10433,572,85,70,61,69,32,70,71,eafchub,ismailoksuz/EAFC26-DataHub,2026-08-12T20:30:26.534511,,,,,,
10434,3101,77,62,60,68,33,63,66,eafchub,ismailoksuz/EAFC26-DataHub,2026-08-12T20:30:26.534511,,,,,,
10435,936,71,27,56,60,70,75,71,eafchub,ismailoksuz/EAFC26-DataHub,2026-08-12T20:30:26.534511,,,,,,
10436,541,64,51,52,57,25,40,56,eafchub,ismailoksuz/EAFC26-DataHub,2026-08-12T20:30:26.534511,,,,,,
10437,1816,72,68,69,74,39,55,72,eafchub,ismailoksuz/EAFC26-DataHub,2026-08-12T20:30:26.534511,,,,,,
10438,3897,,,,,,,65,eafchub,ismailoksuz/EAFC26-DataHub,2026-08-12T20:30:26.534511,,,,,,
10439,2652,83,80,75,81,32,70,80,eafchub,ismailoksuz/EAFC26-DataHub,2026-08-12T20:30:26.534511,,,,,,
10440,57,83,80,77,90,55,74,85,eafchub,ismailoksuz/EAFC26-DataHub,2026-08-12T20:30:26.534511,,,,,,
10441,3399,67,56,59,63,44,43,61,eafchub,ismailoksuz/EAFC26-DataHub,2026-08-12T20:30:26.534511,,,,,,
10442,3097,70,61,48,58,30,70,63,eafchub,ismailoksuz/EAFC26-DataHub,2026-08-12T20:30:26.534511,,,,,,
10443,604,58,32,45,47,67,75,68,eafchub,ismailoksuz/EAFC26-DataHub,2026-08-12T20:30:26.534511,,,,,,
10444,3620,72,57,60,68,68,67,69,eafchub,ismailoksuz/EAFC26-DataHub,2026-08-12T20:30:26.534511,,,,,,
10445,1666,76,27,61,73,68,69,72,eafchub,ismailoksuz/EAFC26-DataHub,2026-08-12T20:30:26.534511,,,,,,
10446,1709,76,54,74,79,73,58,77,eafchub,ismailoksuz/EAFC26-DataHub,2026-08-12T20:30:26.534511,,,,,,
10447,1354,79,60,71,70,67,62,71,eafchub,ismailoksuz/EAFC26-DataHub,2026-08-12T20:30:26.534511,,,,,,
10448,1757,68,47,57,62,52,55,60,eafchub,ismailoksuz/EAFC26-DataHub,2026-08-12T20:30:26.534511,,,,,,
10449,1266,51,59,65,70,66,67,70,eafchub,ismailoksuz/EAFC26-DataHub,2026-08-12T20:30:26.534511,,,,,,
10450,669,77,59,66,69,63,67,69,eafchub,ismailoksuz/EAFC26-DataHub,2026-08-12T20:30:26.534511,,,,,,
10451,2660,82,70,74,78,50,54,76,eafchub,ismailoksuz/EAFC26-DataHub,2026-08-12T20:30:26.534511,,,,,,
10452,186,63,34,48,50,63,64,63,eafchub,ismailoksuz/EAFC26-DataHub,2026-08-12T20:30:26.534511,,,,,,
10453,1645,82,72,72,82,30,44,77,eafchub,ismailoksuz/EAFC26-DataHub,2026-08-12T20:30:26.534511,,,,,,
10454,2361,,,,,,,72,eafchub,ismailoksuz/EAFC26-DataHub,2026-08-12T20:30:26.534511,72,72,70,67,73,39
10455,262,73,59,59,68,35,47,65,eafchub,ismailoksuz/EAFC26-DataHub,2026-08-12T20:30:26.534511,,,,,,
10456,1886,,,,,,,73,eafchub,ismailoksuz/EAFC26-DataHub,2026-08-12T20:30:26.534511,73,68,63,73,76,40
10457,3182,53,53,64,62,65,69,68,eafchub,ismailoksuz/EAFC26-DataHub,2026-08-12T20:30:26.534511,,,,,,
10458,1744,78,56,53,63,24,46,60,eafchub,ismailoksuz/EAFC26-DataHub,2026-08-12T20:30:26.534511,,,,,,
10459,794,49,37,57,67,76,66,74,eafchub,ismailoksuz/EAFC26-DataHub,2026-08-12T20:30:26.534511,,,,,,
10460,745,63,66,60,66,22,59,68,eafchub,ismailoksuz/EAFC26-DataHub,2026-08-12T20:30:26.534511,,,,,,
10461,1643,72,74,64,74,36,68,74,eafchub,ismailoksuz/EAFC26-DataHub,2026-08-12T20:30:26.534511,,,,,,
10462,1232,87,77,62,78,30,68,77,eafchub,ismailoksuz/EAFC26-DataHub,2026-08-12T20:30:26.534511,,,,,,
10463,1758,83,57,53,66,25,42,63,eafchub,ismailoksuz/EAFC26-DataHub,2026-08-12T20:30:26.534511,,,,,,
10464,1575,79,57,64,63,63,66,68,eafchub,ismailoksuz/EAFC26-DataHub,2026-08-12T20:30:26.534511,,,,,,
10465,204,61,70,73,73,46,48,72,eafchub,ismailoksuz/EAFC26-DataHub,2026-08-12T20:30:26.534511,,,,,,
10466,1922,67,56,50,60,54,56,57,eafchub,ismailoksuz/EAFC26-DataHub,2026-08-12T20:30:26.534511,,,,,,
10467,3284,74,71,69,79,30,63,74,eafchub,ismailoksuz/EAFC26-DataHub,2026-08-12T20:30:26.534511,,,,,,
10468,3917,74,57,64,72,58,58,68,eafchub,ismailoksuz/EAFC26-DataHub,2026-08-12T20:30:26.534511,,,,,,
10469,3843,61,66,71,71,67,65,71,eafchub,ismailoksuz/EAFC26-DataHub,2026-08-12T20:30:26.534511,,,,,,
10470,3203,75,63,60,65,40,72,67,eafchub,ismailoksuz/EAFC26-DataHub,2026-08-12T20:30:26.534511,,,,,,
10471,3041,,,,,,,63,eafchub,ismailoksuz/EAFC26-DataHub,2026-08-12T20:30:26.534511,,,,,,
10472,4048,73,43,66,69,72,75,73,eafchub,ismailoksuz/EAFC26-DataHub,2026-08-12T20:30:26.534511,,,,,,
10473,611,72,59,66,71,62,69,69,eafchub,ismailoksuz/EAFC26-DataHub,2026-08-12T20:30:26.534511,,,,,,
10474,54,74,71,80,84,82,83,85,eafchub,ismailoksuz/EAFC26-DataHub,2026-08-12T20:30:26.534511,,,,,,
10475,360,59,62,71,75,68,64,74,eafchub,ismailoksuz/EAFC26-DataHub,2026-08-12T20:30:26.534511,,,,,,
10476,302,76,68,65,71,37,57,70,eafchub,ismailoksuz/EAFC26-DataHub,2026-08-12T20:30:26.534511,,,,,,
10477,4170,79,56,57,67,29,47,64,eafchub,ismailoksuz/EAFC26-DataHub,2026-08-12T20:30:26.534511,,,,,,
10478,577,68,61,68,72,60,61,70,eafchub,ismailoksuz/EAFC26-DataHub,2026-08-12T20:30:26.534511,,,,,,
10479,347,54,68,72,75,77,74,78,eafchub,ismailoksuz/EAFC26-DataHub,2026-08-12T20:30:26.534511,,,,,,
10480,3311,58,29,50,53,62,75,64,eafchub,ismailoksuz/EAFC26-DataHub,2026-08-12T20:30:26.534511,,,,,,
10481,2520,58,31,34,43,61,69,60,eafchub,ismailoksuz/EAFC26-DataHub,2026-08-12T20:30:26.534511,,,,,,
10482,1377,76,79,62,73,18,62,74,eafchub,ismailoksuz/EAFC26-DataHub,2026-08-12T20:30:26.534511,,,,,,
10483,1920,79,64,66,70,48,55,68,eafchub,ismailoksuz/EAFC26-DataHub,2026-08-12T20:30:26.534511,,,,,,
10484,1670,80,35,54,60,62,75,65,eafchub,ismailoksuz/EAFC26-DataHub,2026-08-12T20:30:26.534511,,,,,,
10485,2558,,,,,,,56,eafchub,ismailoksuz/EAFC26-DataHub,2026-08-12T20:30:26.534511,,,,,,
10486,701,77,65,66,73,43,58,70,eafchub,ismailoksuz/EAFC26-DataHub,2026-08-12T20:30:26.534511,,,,,,
10487,1372,69,27,49,61,69,66,69,eafchub,ismailoksuz/EAFC26-DataHub,2026-08-12T20:30:26.534511,,,,,,
10488,2099,70,34,59,68,74,75,75,eafchub,ismailoksuz/EAFC26-DataHub,2026-08-12T20:30:26.534511,,,,,,
10489,1589,76,62,62,73,27,55,68,eafchub,ismailoksuz/EAFC26-DataHub,2026-08-12T20:30:26.534511,,,,,,
10490,261,68,75,62,70,27,79,74,eafchub,ismailoksuz/EAFC26-DataHub,2026-08-12T20:30:26.534511,,,,,,
10491,1599,71,42,57,70,69,59,70,eafchub,ismailoksuz/EAFC26-DataHub,2026-08-12T20:30:26.534511,,,,,,
10492,1508,79,52,65,67,71,83,73,eafchub,ismailoksuz/EAFC26-DataHub,2026-08-12T20:30:26.534511,,,,,,
10493,3332,88,54,53,64,57,60,62,eafchub,ismailoksuz/EAFC26-DataHub,2026-08-12T20:30:26.534511,,,,,,
10494,3749,81,56,67,72,67,65,72,eafchub,ismailoksuz/EAFC26-DataHub,2026-08-12T20:30:26.534511,,,,,,
10495,3783,66,70,74,72,69,71,74,eafchub,ismailoksuz/EAFC26-DataHub,2026-08-12T20:30:26.534511,,,,,,
10496,3914,83,45,64,70,66,81,72,eafchub,ismailoksuz/EAFC26-DataHub,2026-08-12T20:30:26.534511,,,,,,
10497,830,73,60,73,72,75,82,76,eafchub,ismailoksuz/EAFC26-DataHub,2026-08-12T20:30:26.534511,,,,,,
10498,3638,54,76,57,66,25,70,72,eafchub,ismailoksuz/EAFC26-DataHub,2026-08-12T20:30:26.534511,,,,,,
10499,4167,77,54,56,66,24,55,63,eafchub,ismailoksuz/EAFC26-DataHub,2026-08-12T20:30:26.534511,,,,,,
10500,3839,67,42,55,61,60,60,62,eafchub,ismailoksuz/EAFC26-DataHub,2026-08-12T20:30:26.534511,,,,,,
10501,413,74,25,44,55,68,71,68,eafchub,ismailoksuz/EAFC26-DataHub,2026-08-12T20:30:26.534511,,,,,,
10502,1130,85,62,64,70,62,66,71,eafchub,ismailoksuz/EAFC26-DataHub,2026-08-12T20:30:26.534511,,,,,,
10503,1192,80,60,62,67,28,63,67,eafchub,ismailoksuz/EAFC26-DataHub,2026-08-12T20:30:26.534511,,,,,,
10504,2317,71,52,35,48,17,61,52,eafchub,ismailoksuz/EAFC26-DataHub,2026-08-12T20:30:26.534511,,,,,,
10505,3168,67,38,58,64,73,80,74,eafchub,ismailoksuz/EAFC26-DataHub,2026-08-12T20:30:26.534511,,,,,,
10506,1884,68,64,63,72,38,51,68,eafchub,ismailoksuz/EAFC26-DataHub,2026-08-12T20:30:26.534511,,,,,,
10507,3015,65,61,72,73,64,66,72,eafchub,ismailoksuz/EAFC26-DataHub,2026-08-12T20:30:26.534511,,,,,,
10508,3303,71,28,43,42,63,62,61,eafchub,ismailoksuz/EAFC26-DataHub,2026-08-12T20:30:26.534511,,,,,,
10509,813,55,62,64,70,68,62,71,eafchub,ismailoksuz/EAFC26-DataHub,2026-08-12T20:30:26.534511,,,,,,
10510,3971,73,54,61,67,29,60,66,eafchub,ismailoksuz/EAFC26-DataHub,2026-08-12T20:30:26.534511,,,,,,
10511,2409,84,70,56,74,40,64,72,eafchub,ismailoksuz/EAFC26-DataHub,2026-08-12T20:30:26.534511,,,,,,
10512,240,69,57,65,71,70,75,74,eafchub,ismailoksuz/EAFC26-DataHub,2026-08-12T20:30:26.534511,,,,,,
10513,3708,66,24,47,45,64,65,61,eafchub,ismailoksuz/EAFC26-DataHub,2026-08-12T20:30:26.534511,,,,,,
10514,1137,57,34,45,50,48,43,49,eafchub,ismailoksuz/EAFC26-DataHub,2026-08-12T20:30:26.534511,,,,,,
10515,1502,65,53,67,70,63,58,68,eafchub,ismailoksuz/EAFC26-DataHub,2026-08-12T20:30:26.534511,,,,,,
10516,268,79,68,69,75,43,54,73,eafchub,ismailoksuz/EAFC26-DataHub,2026-08-12T20:30:26.534511,,,,,,
10517,3232,60,48,61,57,68,69,69,eafchub,ismailoksuz/EAFC26-DataHub,2026-08-12T20:30:26.534511,,,,,,
10518,3476,54,44,63,63,62,58,65,eafchub,ismailoksuz/EAFC26-DataHub,2026-08-12T20:30:26.534511,,,,,,
10519,2961,85,54,63,69,61,72,70,eafchub,ismailoksuz/EAFC26-DataHub,2026-08-12T20:30:26.534511,,,,,,
10520,1199,70,61,56,65,53,55,62,eafchub,ismailoksuz/EAFC26-DataHub,2026-08-12T20:30:26.534511,,,,,,
10521,3155,73,72,55,68,29,81,74,eafchub,ismailoksuz/EAFC26-DataHub,2026-08-12T20:30:26.534511,,,,,,
10522,2959,71,68,53,64,24,68,70,eafchub,ismailoksuz/EAFC26-DataHub,2026-08-12T20:30:26.534511,,,,,,
10523,3918,63,39,52,56,70,72,70,eafchub,ismailoksuz/EAFC26-DataHub,2026-08-12T20:30:26.534511,,,,,,
10524,548,83,47,55,62,57,69,63,eafchub,ismailoksuz/EAFC26-DataHub,2026-08-12T20:30:26.534511,,,,,,
10525,4031,78,64,68,73,71,69,72,eafchub,ismailoksuz/EAFC26-DataHub,2026-08-12T20:30:26.534511,,,,,,
10526,1107,60,38,61,65,60,64,64,eafchub,ismailoksuz/EAFC26-DataHub,2026-08-12T20:30:26.534511,,,,,,
10527,2037,46,60,61,60,62,66,64,eafchub,ismailoksuz/EAFC26-DataHub,2026-08-12T20:30:26.534511,,,,,,
10528,977,58,50,54,58,53,49,56,eafchub,ismailoksuz/EAFC26-DataHub,2026-08-12T20:30:26.534511,,,,,,
10529,537,,,,,,,58,eafchub,ismailoksuz/EAFC26-DataHub,2026-08-12T20:30:26.534511,,,,,,
10530,2103,83,40,66,73,63,57,71,eafchub,ismailoksuz/EAFC26-DataHub,2026-08-12T20:30:26.534511,,,,,,
10531,2111,75,66,66,79,40,62,71,eafchub,ismailoksuz/EAFC26-DataHub,2026-08-12T20:30:26.534511,,,,,,
10532,940,,,,,,,63,eafchub,ismailoksuz/EAFC26-DataHub,2026-08-12T20:30:26.534511,,,,,,
10533,1917,77,59,56,67,45,52,64,eafchub,ismailoksuz/EAFC26-DataHub,2026-08-12T20:30:26.534511,,,,,,
10534,1355,81,45,60,63,65,65,69,eafchub,ismailoksuz/EAFC26-DataHub,2026-08-12T20:30:26.534511,,,,,,
10535,1527,66,49,64,75,66,52,68,eafchub,ismailoksuz/EAFC26-DataHub,2026-08-12T20:30:26.534511,,,,,,
10536,2943,58,59,57,58,70,77,72,eafchub,ismailoksuz/EAFC26-DataHub,2026-08-12T20:30:26.534511,,,,,,
10537,2709,84,67,68,78,52,55,74,eafchub,ismailoksuz/EAFC26-DataHub,2026-08-12T20:30:26.534511,,,,,,
10538,257,72,47,70,72,74,78,77,eafchub,ismailoksuz/EAFC26-DataHub,2026-08-12T20:30:26.534511,,,,,,
10539,3325,75,43,60,62,63,66,68,eafchub,ismailoksuz/EAFC26-DataHub,2026-08-12T20:30:26.534511,,,,,,
10540,4148,79,65,62,69,29,57,68,eafchub,ismailoksuz/EAFC26-DataHub,2026-08-12T20:30:26.534511,,,,,,
10541,955,72,42,59,67,59,47,63,eafchub,ismailoksuz/EAFC26-DataHub,2026-08-12T20:30:26.534511,,,,,,
10542,1949,72,60,46,63,18,51,59,eafchub,ismailoksuz/EAFC26-DataHub,2026-08-12T20:30:26.534511,,,,,,
10543,643,67,66,68,73,69,62,72,eafchub,ismailoksuz/EAFC26-DataHub,2026-08-12T20:30:26.534511,,,,,,
10544,292,62,64,79,78,76,71,79,eafchub,ismailoksuz/EAFC26-DataHub,2026-08-12T20:30:26.534511,,,,,,
10545,2601,86,46,50,71,25,46,61,eafchub,ismailoksuz/EAFC26-DataHub,2026-08-12T20:30:26.534511,,,,,,
10546,35,77,64,69,73,68,66,73,eafchub,ismailoksuz/EAFC26-DataHub,2026-08-12T20:30:26.534511,,,,,,
10547,1074,54,32,44,50,54,65,57,eafchub,ismailoksuz/EAFC26-DataHub,2026-08-12T20:30:26.534511,,,,,,
10548,2363,66,30,56,57,77,73,76,eafchub,ismailoksuz/EAFC26-DataHub,2026-08-12T20:30:26.534511,,,,,,
10549,1131,81,66,53,74,24,45,68,eafchub,ismailoksuz/EAFC26-DataHub,2026-08-12T20:30:26.534511,,,,,,
10550,606,73,64,71,68,62,67,71,eafchub,ismailoksuz/EAFC26-DataHub,2026-08-12T20:30:26.534511,,,,,,
10551,1141,69,46,52,59,39,55,56,eafchub,ismailoksuz/EAFC26-DataHub,2026-08-12T20:30:26.534511,,,,,,
10552,1714,66,75,54,69,37,78,75,eafchub,ismailoksuz/EAFC26-DataHub,2026-08-12T20:30:26.534511,,,,,,
10553,3618,64,30,43,54,74,84,74,eafchub,ismailoksuz/EAFC26-DataHub,2026-08-12T20:30:26.534511,,,,,,
10554,1592,62,45,53,59,71,70,70,eafchub,ismailoksuz/EAFC26-DataHub,2026-08-12T20:30:26.534511,,,,,,
10555,2516,63,42,55,57,57,55,59,eafchub,ismailoksuz/EAFC26-DataHub,2026-08-12T20:30:26.534511,,,,,,
10556,1902,70,65,48,68,21,53,66,eafchub,ismailoksuz/EAFC26-DataHub,2026-08-12T20:30:26.534511,,,,,,
10557,2817,68,67,52,66,31,71,68,eafchub,ismailoksuz/EAFC26-DataHub,2026-08-12T20:30:26.534511,,,,,,
10558,1045,66,69,71,73,66,68,73,eafchub,ismailoksuz/EAFC26-DataHub,2026-08-12T20:30:26.534511,,,,,,
10559,1515,79,68,70,70,29,58,73,eafchub,ismailoksuz/EAFC26-DataHub,2026-08-12T20:30:26.534511,,,,,,
10560,2062,87,71,68,76,39,57,75,eafchub,ismailoksuz/EAFC26-DataHub,2026-08-12T20:30:26.534511,,,,,,
10561,2947,64,59,65,71,74,85,72,eafchub,ismailoksuz/EAFC26-DataHub,2026-08-12T20:30:26.534511,,,,,,
10562,3295,62,54,62,64,68,72,70,eafchub,ismailoksuz/EAFC26-DataHub,2026-08-12T20:30:26.534511,,,,,,
10563,3277,66,61,64,68,61,72,70,eafchub,ismailoksuz/EAFC26-DataHub,2026-08-12T20:30:26.534511,,,,,,
10564,1646,67,39,43,58,51,53,56,eafchub,ismailoksuz/EAFC26-DataHub,2026-08-12T20:30:26.534511,,,,,,
10565,2446,69,68,72,77,61,74,74,eafchub,ismailoksuz/EAFC26-DataHub,2026-08-12T20:30:26.534511,,,,,,
10566,1271,83,62,58,71,27,73,69,eafchub,ismailoksuz/EAFC26-DataHub,2026-08-12T20:30:26.534511,,,,,,
10567,266,67,31,56,61,69,71,69,eafchub,ismailoksuz/EAFC26-DataHub,2026-08-12T20:30:26.534511,,,,,,
10568,1566,61,65,67,71,66,57,71,eafchub,ismailoksuz/EAFC26-DataHub,2026-08-12T20:30:26.534511,,,,,,
10569,505,60,63,70,72,75,72,77,eafchub,ismailoksuz/EAFC26-DataHub,2026-08-12T20:30:26.534511,,,,,,
10570,200,64,39,48,43,66,69,66,eafchub,ismailoksuz/EAFC26-DataHub,2026-08-12T20:30:26.534511,,,,,,
10571,201,68,56,61,65,62,58,65,eafchub,ismailoksuz/EAFC26-DataHub,2026-08-12T20:30:26.534511,,,,,,
10572,1276,68,55,59,66,33,42,62,eafchub,ismailoksuz/EAFC26-DataHub,2026-08-12T20:30:26.534511,,,,,,
10573,818,67,36,56,64,73,77,74,eafchub,ismailoksuz/EAFC26-DataHub,2026-08-12T20:30:26.534511,,,,,,
10574,1119,67,23,35,44,58,57,57,eafchub,ismailoksuz/EAFC26-DataHub,2026-08-12T20:30:26.534511,,,,,,
10575,1277,78,64,66,73,52,59,70,eafchub,ismailoksuz/EAFC26-DataHub,2026-08-12T20:30:26.534511,,,,,,
10576,477,,,,,,,65,eafchub,ismailoksuz/EAFC26-DataHub,2026-08-12T20:30:26.534511,,,,,,
10577,2589,67,58,64,67,66,83,70,eafchub,ismailoksuz/EAFC26-DataHub,2026-08-12T20:30:26.534511,,,,,,
10578,991,77,59,62,61,62,78,68,eafchub,ismailoksuz/EAFC26-DataHub,2026-08-12T20:30:26.534511,,,,,,
10579,3298,68,69,52,66,36,62,68,eafchub,ismailoksuz/EAFC26-DataHub,2026-08-12T20:30:26.534511,,,,,,
10580,2224,75,38,51,52,70,76,71,eafchub,ismailoksuz/EAFC26-DataHub,2026-08-12T20:30:26.534511,,,,,,
10581,1543,55,62,69,71,58,69,70,eafchub,ismailoksuz/EAFC26-DataHub,2026-08-12T20:30:26.534511,,,,,,
10582,3199,66,63,63,66,38,59,65,eafchub,ismailoksuz/EAFC26-DataHub,2026-08-12T20:30:26.534511,,,,,,
10583,2170,75,44,68,70,67,73,72,eafchub,ismailoksuz/EAFC26-DataHub,2026-08-12T20:30:26.534511,,,,,,
10584,170,73,73,63,67,26,84,73,eafchub,ismailoksuz/EAFC26-DataHub,2026-08-12T20:30:26.534511,,,,,,
10585,526,66,41,49,56,62,68,64,eafchub,ismailoksuz/EAFC26-DataHub,2026-08-12T20:30:26.534511,,,,,,
10586,1231,81,59,61,73,42,52,67,eafchub,ismailoksuz/EAFC26-DataHub,2026-08-12T20:30:26.534511,,,,,,
10587,636,82,59,62,73,35,50,66,eafchub,ismailoksuz/EAFC26-DataHub,2026-08-12T20:30:26.534511,,,,,,
10588,2507,64,26,50,49,69,71,68,eafchub,ismailoksuz/EAFC26-DataHub,2026-08-12T20:30:26.534511,,,,,,
10589,997,67,31,49,50,65,65,65,eafchub,ismailoksuz/EAFC26-DataHub,2026-08-12T20:30:26.534511,,,,,,
10590,2227,60,59,73,69,62,70,70,eafchub,ismailoksuz/EAFC26-DataHub,2026-08-12T20:30:26.534511,,,,,,
10591,2555,65,59,53,64,20,45,60,eafchub,ismailoksuz/EAFC26-DataHub,2026-08-12T20:30:26.534511,,,,,,
10592,1628,63,51,64,68,61,56,68,eafchub,ismailoksuz/EAFC26-DataHub,2026-08-12T20:30:26.534511,,,,,,
10593,599,85,39,59,64,77,76,77,eafchub,ismailoksuz/EAFC26-DataHub,2026-08-12T20:30:26.534511,,,,,,
10594,4052,79,49,69,72,70,73,74,eafchub,ismailoksuz/EAFC26-DataHub,2026-08-12T20:30:26.534511,,,,,,
10595,1359,75,52,59,58,65,75,68,eafchub,ismailoksuz/EAFC26-DataHub,2026-08-12T20:30:26.534511,,,,,,
10596,2416,73,62,66,71,53,45,68,eafchub,ismailoksuz/EAFC26-DataHub,2026-08-12T20:30:26.534511,,,,,,
10597,1639,74,75,75,82,62,55,80,eafchub,ismailoksuz/EAFC26-DataHub,2026-08-12T20:30:26.534511,,,,,,
10598,3139,82,34,64,71,66,65,72,eafchub,ismailoksuz/EAFC26-DataHub,2026-08-12T20:30:26.534511,,,,,,
10599,2600,78,69,56,70,28,71,70,eafchub,ismailoksuz/EAFC26-DataHub,2026-08-12T20:30:26.534511,,,,,,
10600,1099,55,58,58,62,25,57,61,eafchub,ismailoksuz/EAFC26-DataHub,2026-08-12T20:30:26.534511,,,,,,
10601,815,67,28,58,57,71,68,70,eafchub,ismailoksuz/EAFC26-DataHub,2026-08-12T20:30:26.534511,,,,,,
10602,1513,80,68,61,70,31,71,69,eafchub,ismailoksuz/EAFC26-DataHub,2026-08-12T20:30:26.534511,,,,,,
10603,4149,66,65,73,73,74,72,75,eafchub,ismailoksuz/EAFC26-DataHub,2026-08-12T20:30:26.534511,,,,,,
10604,2339,73,58,68,71,39,54,68,eafchub,ismailoksuz/EAFC26-DataHub,2026-08-12T20:30:26.534511,,,,,,
10605,970,61,28,33,49,48,47,51,eafchub,ismailoksuz/EAFC26-DataHub,2026-08-12T20:30:26.534511,,,,,,
10606,216,71,65,53,62,32,75,67,eafchub,ismailoksuz/EAFC26-DataHub,2026-08-12T20:30:26.534511,,,,,,
10607,2452,64,72,62,69,35,68,72,eafchub,ismailoksuz/EAFC26-DataHub,2026-08-12T20:30:26.534511,,,,,,
10608,585,73,66,72,73,69,70,73,eafchub,ismailoksuz/EAFC26-DataHub,2026-08-12T20:30:26.534511,,,,,,
10609,1595,55,42,54,56,65,66,65,eafchub,ismailoksuz/EAFC26-DataHub,2026-08-12T20:30:26.534511,,,,,,
10610,1588,69,62,60,69,32,55,67,eafchub,ismailoksuz/EAFC26-DataHub,2026-08-12T20:30:26.534511,,,,,,
10611,355,70,42,61,67,74,72,74,eafchub,ismailoksuz/EAFC26-DataHub,2026-08-12T20:30:26.534511,,,,,,
10612,521,56,33,55,66,79,77,78,eafchub,ismailoksuz/EAFC26-DataHub,2026-08-12T20:30:26.534511,,,,,,
10613,271,77,58,63,73,28,41,69,eafchub,ismailoksuz/EAFC26-DataHub,2026-08-12T20:30:26.534511,,,,,,
10614,427,76,57,61,69,49,66,64,eafchub,ismailoksuz/EAFC26-DataHub,2026-08-12T20:30:26.534511,,,,,,
10615,2404,71,59,68,73,67,56,71,eafchub,ismailoksuz/EAFC26-DataHub,2026-08-12T20:30:26.534511,,,,,,
10616,3287,75,76,66,71,28,76,74,eafchub,ismailoksuz/EAFC26-DataHub,2026-08-12T20:30:26.534511,,,,,,
10617,635,58,41,47,50,74,71,72,eafchub,ismailoksuz/EAFC26-DataHub,2026-08-12T20:30:26.534511,,,,,,
10618,1010,74,63,49,61,24,52,62,eafchub,ismailoksuz/EAFC26-DataHub,2026-08-12T20:30:26.534511,,,,,,
10619,3308,84,63,69,73,50,60,72,eafchub,ismailoksuz/EAFC26-DataHub,2026-08-12T20:30:26.534511,,,,,,
10620,1272,71,70,51,65,30,77,72,eafchub,ismailoksuz/EAFC26-DataHub,2026-08-12T20:30:26.534511,,,,,,
10621,2809,,,,,,,59,eafchub,ismailoksuz/EAFC26-DataHub,2026-08-12T20:30:26.534511,,,,,,
10622,1038,,,,,,,61,eafchub,ismailoksuz/EAFC26-DataHub,2026-08-12T20:30:26.534511,,,,,,
10623,466,66,75,56,69,25,75,75,eafchub,ismailoksuz/EAFC26-DataHub,2026-08-12T20:30:26.534511,,,,,,
10624,3621,64,71,64,67,70,78,71,eafchub,ismailoksuz/EAFC26-DataHub,2026-08-12T20:30:26.534511,,,,,,
10625,3751,78,71,77,82,51,64,79,eafchub,ismailoksuz/EAFC26-DataHub,2026-08-12T20:30:26.534511,,,,,,
10626,1710,74,41,63,72,72,70,73,eafchub,ismailoksuz/EAFC26-DataHub,2026-08-12T20:30:26.534511,,,,,,
10627,3281,75,43,61,73,64,65,69,eafchub,ismailoksuz/EAFC26-DataHub,2026-08-12T20:30:26.534511,,,,,,
10628,1669,75,34,58,62,55,65,63,eafchub,ismailoksuz/EAFC26-DataHub,2026-08-12T20:30:26.534511,,,,,,
10629,1103,,,,,,,64,eafchub,ismailoksuz/EAFC26-DataHub,2026-08-12T20:30:26.534511,,,,,,
10630,3043,,,,,,,71,eafchub,ismailoksuz/EAFC26-DataHub,2026-08-12T20:30:26.534511,76,65,63,62,77,30
10631,2380,60,57,62,63,61,67,65,eafchub,ismailoksuz/EAFC26-DataHub,2026-08-12T20:30:26.534511,,,,,,
10632,866,73,60,59,72,26,59,66,eafchub,ismailoksuz/EAFC26-DataHub,2026-08-12T20:30:26.534511,,,,,,
10633,3494,80,48,67,71,83,83,83,eafchub,ismailoksuz/EAFC26-DataHub,2026-08-12T20:30:26.534511,,,,,,
10634,1529,,,,,,,74,eafchub,ismailoksuz/EAFC26-DataHub,2026-08-12T20:30:26.534511,76,71,72,70,78,23
10635,3285,85,55,59,73,30,54,68,eafchub,ismailoksuz/EAFC26-DataHub,2026-08-12T20:30:26.534511,,,,,,
10636,858,66,39,49,50,71,72,70,eafchub,ismailoksuz/EAFC26-DataHub,2026-08-12T20:30:26.534511,,,,,,
10637,1989,71,62,50,65,22,52,63,eafchub,ismailoksuz/EAFC26-DataHub,2026-08-12T20:30:26.534511,,,,,,
10638,242,73,60,68,71,59,54,69,eafchub,ismailoksuz/EAFC26-DataHub,2026-08-12T20:30:26.534511,,,,,,
10639,420,70,63,69,72,63,59,72,eafchub,ismailoksuz/EAFC26-DataHub,2026-08-12T20:30:26.534511,,,,,,
10640,2360,69,65,61,67,28,51,66,eafchub,ismailoksuz/EAFC26-DataHub,2026-08-12T20:30:26.534511,,,,,,
10641,3061,75,50,61,68,67,71,72,eafchub,ismailoksuz/EAFC26-DataHub,2026-08-12T20:30:26.534511,,,,,,
10642,1791,71,26,49,57,66,64,65,eafchub,ismailoksuz/EAFC26-DataHub,2026-08-12T20:30:26.534511,,,,,,
10643,3909,,,,,,,62,eafchub,ismailoksuz/EAFC26-DataHub,2026-08-12T20:30:26.534511,,,,,,
10644,3463,46,26,48,53,70,63,68,eafchub,ismailoksuz/EAFC26-DataHub,2026-08-12T20:30:26.534511,,,,,,
10645,1176,77,59,62,67,46,49,64,eafchub,ismailoksuz/EAFC26-DataHub,2026-08-12T20:30:26.534511,,,,,,
10646,1364,,,,,,,60,eafchub,ismailoksuz/EAFC26-DataHub,2026-08-12T20:30:26.534511,,,,,,
10647,1539,57,27,50,57,77,68,74,eafchub,ismailoksuz/EAFC26-DataHub,2026-08-12T20:30:26.534511,,,,,,
10648,198,78,57,56,67,31,65,65,eafchub,ismailoksuz/EAFC26-DataHub,2026-08-12T20:30:26.534511,,,,,,
10649,209,51,35,52,53,69,62,67,eafchub,ismailoksuz/EAFC26-DataHub,2026-08-12T20:30:26.534511,,,,,,
10650,2420,76,60,63,70,52,62,68,eafchub,ismailoksuz/EAFC26-DataHub,2026-08-12T20:30:26.534511,,,,,,
10651,3898,43,29,43,45,64,76,66,eafchub,ismailoksuz/EAFC26-DataHub,2026-08-12T20:30:26.534511,,,,,,
10652,3739,64,51,54,65,48,55,59,eafchub,ismailoksuz/EAFC26-DataHub,2026-08-12T20:30:26.534511,,,,,,
10653,934,87,69,63,72,42,57,71,eafchub,ismailoksuz/EAFC26-DataHub,2026-08-12T20:30:26.534511,,,,,,
10654,721,61,59,40,59,26,66,60,eafchub,ismailoksuz/EAFC26-DataHub,2026-08-12T20:30:26.534511,,,,,,
10655,935,69,64,58,67,28,66,66,eafchub,ismailoksuz/EAFC26-DataHub,2026-08-12T20:30:26.534511,,,,,,
10656,3631,,,,,,,61,eafchub,ismailoksuz/EAFC26-DataHub,2026-08-12T20:30:26.534511,,,,,,
10657,816,58,40,57,66,73,63,70,eafchub,ismailoksuz/EAFC26-DataHub,2026-08-12T20:30:26.534511,,,,,,
10658,3024,64,52,64,67,75,66,73,eafchub,ismailoksuz/EAFC26-DataHub,2026-08-12T20:30:26.534511,,,,,,
10659,1114,68,52,56,57,46,58,57,eafchub,ismailoksuz/EAFC26-DataHub,2026-08-12T20:30:26.534511,,,,,,
10660,2548,56,29,45,52,62,63,62,eafchub,ismailoksuz/EAFC26-DataHub,2026-08-12T20:30:26.534511,,,,,,
10661,1085,66,29,48,55,55,60,58,eafchub,ismailoksuz/EAFC26-DataHub,2026-08-12T20:30:26.534511,,,,,,
10662,2991,74,63,56,63,26,55,62,eafchub,ismailoksuz/EAFC26-DataHub,2026-08-12T20:30:26.534511,,,,,,
10663,2904,,,,,,,60,eafchub,ismailoksuz/EAFC26-DataHub,2026-08-12T20:30:26.534511,,,,,,
10664,1077,62,53,55,57,54,60,58,eafchub,ismailoksuz/EAFC26-DataHub,2026-08-12T20:30:26.534511,,,,,,
10665,1082,67,53,54,56,33,54,57,eafchub,ismailoksuz/EAFC26-DataHub,2026-08-12T20:30:26.534511,,,,,,
10666,1095,66,56,55,61,31,58,60,eafchub,ismailoksuz/EAFC26-DataHub,2026-08-12T20:30:26.534511,,,,,,
10667,1216,84,56,58,66,36,48,64,eafchub,ismailoksuz/EAFC26-DataHub,2026-08-12T20:30:26.534511,,,,,,
10668,77,76,60,74,77,75,78,78,eafchub,ismailoksuz/EAFC26-DataHub,2026-08-12T20:30:26.534511,,,,,,
10669,898,69,38,56,62,73,72,72,eafchub,ismailoksuz/EAFC26-DataHub,2026-08-12T20:30:26.534511,,,,,,
10670,445,77,41,60,63,58,70,64,eafchub,ismailoksuz/EAFC26-DataHub,2026-08-12T20:30:26.534511,,,,,,
10671,2303,63,36,54,53,71,71,70,eafchub,ismailoksuz/EAFC26-DataHub,2026-08-12T20:30:26.534511,,,,,,
10672,239,75,58,72,75,67,71,75,eafchub,ismailoksuz/EAFC26-DataHub,2026-08-12T20:30:26.534511,,,,,,
10673,1719,79,55,55,65,29,45,61,eafchub,ismailoksuz/EAFC26-DataHub,2026-08-12T20:30:26.534511,,,,,,
10674,2523,65,57,53,58,27,56,57,eafchub,ismailoksuz/EAFC26-DataHub,2026-08-12T20:30:26.534511,,,,,,
10675,933,75,63,67,72,67,68,71,eafchub,ismailoksuz/EAFC26-DataHub,2026-08-12T20:30:26.534511,,,,,,
10676,1626,74,45,68,71,73,72,76,eafchub,ismailoksuz/EAFC26-DataHub,2026-08-12T20:30:26.534511,,,,,,
10677,741,61,62,48,61,24,50,61,eafchub,ismailoksuz/EAFC26-DataHub,2026-08-12T20:30:26.534511,,,,,,
10678,16,65,27,41,49,59,59,59,eafchub,ismailoksuz/EAFC26-DataHub,2026-08-12T20:30:26.534511,,,,,,
10679,1755,65,58,57,60,27,53,61,eafchub,ismailoksuz/EAFC26-DataHub,2026-08-12T20:30:26.534511,,,,,,
10680,1491,73,46,62,61,64,71,67,eafchub,ismailoksuz/EAFC26-DataHub,2026-08-12T20:30:26.534511,,,,,,
10681,3529,67,54,61,69,52,52,64,eafchub,ismailoksuz/EAFC26-DataHub,2026-08-12T20:30:26.534511,,,,,,
10682,747,63,44,56,62,61,51,63,eafchub,ismailoksuz/EAFC26-DataHub,2026-08-12T20:30:26.534511,,,,,,
10683,4117,67,66,51,66,24,54,65,eafchub,ismailoksuz/EAFC26-DataHub,2026-08-12T20:30:26.534511,,,,,,
10684,2955,63,64,47,60,21,60,62,eafchub,ismailoksuz/EAFC26-DataHub,2026-08-12T20:30:26.534511,,,,,,
10685,3095,79,44,52,56,56,64,61,eafchub,ismailoksuz/EAFC26-DataHub,2026-08-12T20:30:26.534511,,,,,,
10686,3764,83,62,59,70,29,53,67,eafchub,ismailoksuz/EAFC26-DataHub,2026-08-12T20:30:26.534511,,,,,,
10687,2235,61,66,46,62,30,61,67,eafchub,ismailoksuz/EAFC26-DataHub,2026-08-12T20:30:26.534511,,,,,,
10688,768,,,,,,,64,eafchub,ismailoksuz/EAFC26-DataHub,2026-08-12T20:30:26.534511,,,,,,
10689,259,57,51,63,64,59,61,66,eafchub,ismailoksuz/EAFC26-DataHub,2026-08-12T20:30:26.534511,,,,,,
10690,1950,,,,,,,58,eafchub,ismailoksuz/EAFC26-DataHub,2026-08-12T20:30:26.534511,,,,,,
10691,63,66,38,66,68,79,75,78,eafchub,ismailoksuz/EAFC26-DataHub,2026-08-12T20:30:26.534511,,,,,,
10692,2045,60,30,48,52,62,64,63,eafchub,ismailoksuz/EAFC26-DataHub,2026-08-12T20:30:26.534511,,,,,,
10693,2557,74,57,64,62,57,62,65,eafchub,ismailoksuz/EAFC26-DataHub,2026-08-12T20:30:26.534511,,,,,,
10694,975,87,70,62,75,29,68,72,eafchub,ismailoksuz/EAFC26-DataHub,2026-08-12T20:30:26.534511,,,,,,
10695,782,67,54,59,64,31,50,63,eafchub,ismailoksuz/EAFC26-DataHub,2026-08-12T20:30:26.534511,,,,,,
10696,68,,,,,,,62,eafchub,ismailoksuz/EAFC26-DataHub,2026-08-12T20:30:26.534511,,,,,,
10697,2304,72,40,56,62,61,70,65,eafchub,ismailoksuz/EAFC26-DataHub,2026-08-12T20:30:26.534511,,,,,,
10698,4747,97,90,81,92,37,76,91,eafchub,ismailoksuz/EAFC26-DataHub,2026-08-12T20:32:32.308175,,,,,,
10699,5725,80,86,83,90,78,85,90,eafchub,ismailoksuz/EAFC26-DataHub,2026-08-12T20:32:32.308175,,,,,,
10700,6503,95,84,81,91,29,69,89,eafchub,ismailoksuz/EAFC26-DataHub,2026-08-12T20:32:32.308175,,,,,,
10701,7282,80,82,88,90,54,67,89,eafchub,ismailoksuz/EAFC26-DataHub,2026-08-12T20:34:47.890611,,,,,,
10702,7857,,,,,,,89,eafchub,ismailoksuz/EAFC26-DataHub,2026-08-12T20:34:47.890611,85,89,76,88,90,46
10703,8335,88,84,84,84,83,85,89,eafchub,ismailoksuz/EAFC26-DataHub,2026-08-12T20:34:47.890611,,,,,,
10704,8898,,,,,,,88,eafchub,ismailoksuz/EAFC26-DataHub,2026-08-12T20:34:47.890611,85,90,78,86,87,46
10705,9533,83,89,73,85,39,76,88,eafchub,ismailoksuz/EAFC26-DataHub,2026-08-12T20:34:47.890611,,,,,,
10706,10127,76,88,76,80,34,76,85,eafchub,ismailoksuz/EAFC26-DataHub,2026-08-13T00:48:03.227546,,,,,,
10707,10516,76,56,65,68,78,80,77,eafchub,ismailoksuz/EAFC26-DataHub,2026-08-13T00:55:16.786775,,,,,,
