player_id,pac,sho,pas,dri,def,phy,overall,n_sources,last_updated,has_eo
1,76,73,75,79,55,74,77,5,2026-08-12 10:40:36,1
2,67,28,59,64,81,78,79,8,2026-08-12 11:57:28,1
3,55,58,71,66,85,75,82,9,2026-08-12 11:57:28,1
4,81,45,67,76,65,66,74,4,2026-08-12 10:40:36,1
5,77,54,61,67,73,76,75,4,2026-08-12 10:40:36,1
6,75,61,59,72,56,62,67,5,2026-08-12 10:40:36,1
7,51,47,64,66,74,71,73,5,2026-08-12 10:40:36,1
8,60,62,69,71,72,77,75,5,2026-08-12 10:40:36,1
9,,,,,,,,4,2026-08-12 10:09:56,0
10,70,76,82,81,43,66,80,9,2026-08-12 11:57:28,1
11,,,,,,,,4,2026-08-12 10:09:56,0
12,72,67,71,79,43,68,72,5,2026-08-12 10:40:36,1
13,62,62,65,65,73,75,72,5,2026-08-12 10:40:36,1
14,86,62,62,69,27,72,70,5,2026-08-12 10:40:36,1
15,78,57,66,69,74,75,75,4,2026-08-12 10:40:36,1
16,,,,,,,,4,2026-08-12 10:09:56,0
17,67,72,55,63,51,79,73,5,2026-08-12 10:40:36,1
18,71,64,74,71,59,67,69,4,2026-08-12 10:40:36,1
19,82,30,57,67,75,68,74,4,2026-08-12 10:40:36,1
20,83,66,61,73,23,65,69,5,2026-08-12 10:40:36,1
21,63,72,66,75,42,56,69,4,2026-08-12 10:40:36,1
22,82,36,62,66,69,72,72,5,2026-08-12 10:40:36,1
23,83,60,69,71,73,82,77,5,2026-08-12 10:40:36,1
24,83,82,82,85,56,85,85,12,2026-08-12 11:57:28,1
25,67,41,75,69,82,73,80,10,2026-08-12 11:55:19,1
26,75,53,71,75,84,78,82,13,2026-08-12 11:57:28,1
27,69,68,79,76,77,74,80,13,2026-08-12 11:57:28,1
28,75,66,71,75,75,76,79,12,2026-08-12 11:57:28,1
29,77,77,79,84,67,79,82,13,2026-08-12 11:57:28,1
30,54,79,85,80,75,72,85,10,2026-08-12 11:57:28,1
31,,,,,,,,8,2026-08-12 10:10:28,0
32,77,83,73,80,50,80,84,12,2026-08-12 11:57:28,1
33,66,74,78,81,66,66,77,13,2026-08-12 11:57:28,1
34,69,77,78,80,77,83,81,8,2026-08-12 11:57:28,1
35,77,64,69,73,68,66,73,8,2026-08-12 11:57:28,1
36,79,73,77,87,35,58,80,12,2026-08-12 11:57:28,1
37,76,76,65,74,36,74,77,9,2026-08-12 11:57:28,1
38,78,75,72,78,46,79,78,13,2026-08-12 11:57:28,1
39,74,62,72,73,78,81,79,13,2026-08-12 11:57:28,1
40,87,65,75,81,73,63,79,13,2026-08-12 11:57:28,1
41,58,44,67,64,78,76,78,12,2026-08-12 11:57:28,1
42,67,48,65,67,69,69,71,12,2026-08-12 11:57:28,1
43,,,,,,,,6,2026-08-12 10:09:55,0
44,,,,,,,,6,2026-08-12 10:10:28,0
45,72,70,77,81,53,50,78,11,2026-08-12 11:57:28,1
46,87,74,73,84,38,61,79,10,2026-08-12 11:57:28,1
47,,,,,,,,2,2026-08-12 10:09:11,0
48,80,34,62,62,86,86,86,8,2026-08-12 11:57:28,1
49,,,,,,,,3,2026-08-12 10:09:11,0
50,95,65,76,82,80,77,86,4,2026-08-12 11:55:19,1
51,92,79,82,83,82,79,89,7,2026-08-12 11:57:28,1
52,,,,,,,,3,2026-08-12 10:09:11,0
53,61,77,80,81,75,72,85,4,2026-08-12 11:57:28,1
54,86,72,80,84,82,83,85,5,2026-08-12 11:57:28,1
55,91,88,83,93,50,69,90,8,2026-08-12 11:57:28,1
56,86,80,83,88,58,78,87,8,2026-08-12 11:57:28,1
57,83,80,77,90,55,74,85,8,2026-08-12 11:57:28,1
58,79,68,76,79,75,79,80,8,2026-08-12 11:57:28,1
59,80,37,64,64,80,78,79,7,2026-08-12 11:57:28,1
60,,,,,,,,3,2026-08-12 10:09:11,0
61,,,,,,,,2,2026-08-12 10:09:07,0
62,73,79,64,77,48,79,80,7,2026-08-12 11:57:28,1
63,66,38,66,68,79,75,78,5,2026-08-12 11:55:19,1
64,,,,,,,,2,2026-08-12 10:09:11,0
65,71,54,72,70,82,77,81,8,2026-08-12 11:57:28,1
66,,,,,,,,2,2026-08-12 10:09:11,0
67,84,79,73,86,50,80,83,8,2026-08-12 11:57:28,1
68,,,,,,,,3,2026-08-12 10:09:11,0
69,90,77,78,84,39,66,84,7,2026-08-12 11:57:28,1
70,86,84,87,87,62,85,87,4,2026-08-12 11:57:28,1
71,64,44,64,65,88,84,88,3,2026-08-12 11:55:19,1
72,77,39,68,72,87,83,87,6,2026-08-12 11:57:28,1
73,84,41,65,72,84,82,83,6,2026-08-12 11:57:28,1
74,74,46,60,56,78,76,77,4,2026-08-12 11:57:28,1
75,84,82,85,88,60,73,88,6,2026-08-12 11:57:28,1
76,72,73,84,80,83,83,87,6,2026-08-12 11:57:28,1
77,76,60,74,77,75,78,78,6,2026-08-12 11:57:28,1
78,72,79,78,81,48,74,82,6,2026-08-12 11:57:28,1
79,80,81,80,85,30,60,83,6,2026-08-12 11:57:28,1
80,68,79,88,87,67,65,87,6,2026-08-12 11:57:28,1
81,81,79,74,86,39,71,80,3,2026-08-12 11:55:19,1
82,76,48,72,77,82,80,82,6,2026-08-12 11:57:28,1
83,49,65,74,71,79,79,80,5,2026-08-12 11:57:28,1
84,63,79,80,80,81,80,83,4,2026-08-12 11:57:28,1
85,90,77,75,83,46,72,81,4,2026-08-12 11:57:28,1
86,88,75,74,83,45,69,80,6,2026-08-12 11:57:28,1
87,90,86,73,81,36,91,87,6,2026-08-12 11:57:28,1
88,74,80,81,87,50,68,83,6,2026-08-12 11:57:28,1
89,,,,,,,,1,2026-08-12 10:06:49,0
90,72,66,71,75,77,77,78,6,2026-08-12 11:57:28,1
91,77,78,82,81,40,77,79,5,2026-08-12 11:57:28,1
92,66,67,79,79,80,73,83,4,2026-08-12 11:57:28,1
139,82,78,77,82,55,80,81,9,2026-08-12 11:57:28,1
140,88,40,57,67,80,82,79,8,2026-08-12 11:57:28,1
141,70,32,56,57,69,73,70,8,2026-08-12 11:57:28,1
142,60,32,57,61,71,72,72,7,2026-08-12 11:57:28,1
143,71,72,77,78,64,66,77,7,2026-08-12 11:57:28,1
144,62,62,81,77,75,69,79,9,2026-08-12 11:57:28,1
145,75,41,68,73,76,70,78,9,2026-08-12 11:57:28,1
146,75,80,87,78,79,81,82,7,2026-08-12 11:57:28,1
147,75,84,70,77,41,81,82,7,2026-08-12 11:57:28,1
148,,,,,,,,4,2026-08-12 10:10:14,0
149,91,78,76,78,28,69,79,7,2026-08-12 11:57:28,1
150,75,79,62,70,32,83,78,7,2026-08-12 11:57:28,1
151,71,53,77,73,67,70,73,8,2026-08-12 11:57:28,1
152,66,27,58,62,78,77,77,7,2026-08-12 11:57:28,1
153,64,63,62,63,45,62,63,6,2026-08-12 11:57:28,1
154,68,71,70,74,76,79,77,6,2026-08-12 11:57:28,1
155,86,76,72,78,43,59,79,7,2026-08-12 11:57:28,1
156,51,62,76,75,73,67,77,8,2026-08-12 11:57:28,1
157,83,76,73,79,36,77,79,8,2026-08-12 11:57:28,1
158,65,67,72,71,63,68,71,8,2026-08-12 11:57:28,1
159,60,60,65,69,72,56,70,8,2026-08-12 11:57:28,1
160,,,,,,,,3,2026-08-12 10:10:14,0
161,79,78,72,80,37,78,79,9,2026-08-12 11:57:28,1
162,78,78,74,80,43,77,79,8,2026-08-12 11:57:28,1
163,,,,,,,,3,2026-08-12 10:09:53,0
164,63,57,64,65,76,87,77,6,2026-08-12 11:57:28,1
165,,,,,,,,3,2026-08-12 10:09:53,0
166,,,,,,,,3,2026-08-12 10:09:53,0
167,,,,,,,,3,2026-08-12 10:09:53,0
168,,,,,,,,3,2026-08-12 10:09:53,0
169,,,,,,,,3,2026-08-12 10:09:53,0
170,,,,,,,,2,2026-08-12 10:09:53,0
171,88,70,77,81,51,45,80,6,2026-08-12 11:57:28,1
172,,,,,,,,3,2026-08-12 10:09:53,0
173,,,,,,,,3,2026-08-12 10:09:53,0
174,,,,,,,,3,2026-08-12 10:09:53,0
175,,,,,,,,3,2026-08-12 10:09:53,0
176,,,,,,,,3,2026-08-12 10:09:53,0
177,,,,,,,,3,2026-08-12 10:09:53,0
178,,,,,,,,3,2026-08-12 10:09:53,0
179,,,,,,,,2,2026-08-12 10:09:53,0
180,78,72,68,76,28,57,74,6,2026-08-12 11:57:28,1
181,,,,,,,,2,2026-08-12 10:09:37,0
182,,,,,,,,3,2026-08-12 10:09:53,0
183,,,,,,,,2,2026-08-12 10:09:56,0
184,,,,,,,,2,2026-08-12 10:09:56,0
185,61,33,58,60,76,75,75,6,2026-08-12 11:57:28,1
186,,,,,,,,2,2026-08-12 10:09:56,0
187,55,62,69,71,72,75,72,6,2026-08-12 11:57:28,1
188,66,78,79,76,63,73,76,6,2026-08-12 11:57:28,1
189,78,60,66,76,74,74,76,6,2026-08-12 11:57:28,1
190,,,,,,,,2,2026-08-12 10:09:56,0
191,,,,,,,,2,2026-08-12 10:09:56,0
192,,,,,,,,2,2026-08-12 10:09:56,0
193,,,,,,,,2,2026-08-12 10:09:56,0
194,,,,,,,,2,2026-08-12 10:09:56,0
195,69,69,68,72,64,66,69,6,2026-08-12 11:57:28,1
196,76,74,79,78,62,71,77,5,2026-08-12 11:57:28,1
197,,,,,,,,2,2026-08-12 10:09:56,0
198,,,,,,,,1,2026-08-12 10:09:02,0
199,,,,,,,,2,2026-08-12 10:09:11,0
200,,,,,,,,2,2026-08-12 10:09:56,0
201,,,,,,,,2,2026-08-12 10:09:56,0
202,81,70,64,69,28,74,71,6,2026-08-12 11:57:28,1
203,,,,,,,,2,2026-08-12 10:09:56,0
204,,,,,,,,1,2026-08-12 10:09:02,0
205,,,,,,,,2,2026-08-12 10:09:56,0
206,,,,,,,,1,2026-08-12 10:09:02,0
207,,,,,,,,1,2026-08-12 10:09:02,0
208,,,,,,,,1,2026-08-12 10:09:02,0
209,,,,,,,,1,2026-08-12 10:09:02,0
210,,,,,,,,1,2026-08-12 10:09:02,0
211,,,,,,,,1,2026-08-12 10:09:02,0
212,67,62,65,68,60,74,68,5,2026-08-12 11:57:28,1
213,66,67,72,75,74,70,74,5,2026-08-12 11:57:28,1
214,,,,,,,,1,2026-08-12 10:09:02,0
215,,,,,,,,1,2026-08-12 10:09:02,0
216,,,,,,,,1,2026-08-12 10:09:02,0
217,,,,,,,,1,2026-08-12 10:09:02,0
218,,,,,,,,1,2026-08-12 10:09:02,0
219,,,,,,,,1,2026-08-12 10:09:02,0
220,75,57,68,67,65,71,69,5,2026-08-12 11:57:28,1
221,,,,,,,,1,2026-08-12 10:09:02,0
222,,,,,,,,1,2026-08-12 10:09:02,0
223,,,,,,,,1,2026-08-12 10:09:02,0
224,,,,,,,,1,2026-08-12 10:09:02,0
225,,,,,,,,1,2026-08-12 10:09:02,0
226,,,,,,,,1,2026-08-12 10:09:02,0
227,,,,,,,,1,2026-08-12 10:09:02,0
228,,,,,,,,1,2026-08-12 10:09:02,0
229,,,,,,,,1,2026-08-12 10:09:02,0
230,,,,,,,,1,2026-08-12 10:09:02,0
231,,,,,,,,1,2026-08-12 10:09:02,0
232,,,,,,,,1,2026-08-12 10:09:02,0
233,77,73,70,79,44,76,77,6,2026-08-12 11:57:28,1
234,,,,,,,,2,2026-08-12 10:09:25,0
235,57,46,71,67,75,73,75,6,2026-08-12 11:57:28,1
236,,,,,,,,2,2026-08-12 10:09:25,0
237,,,,,,,,2,2026-08-12 10:09:25,0
238,83,56,71,77,71,65,77,4,2026-08-12 11:55:19,1
239,,,,,,,,2,2026-08-12 10:09:25,0
240,,,,,,,,2,2026-08-12 10:09:25,0
241,,,,,,,,2,2026-08-12 10:09:25,0
242,,,,,,,,1,2026-08-12 10:09:03,0
243,48,80,71,73,41,79,79,7,2026-08-12 11:57:28,1
244,,,,,,,,2,2026-08-12 10:09:25,0
245,,,,,,,,2,2026-08-12 10:09:25,0
246,,,,,,,,2,2026-08-12 10:09:25,0
247,,,,,,,,2,2026-08-12 10:09:25,0
248,,,,,,,,2,2026-08-12 10:09:25,0
249,,,,,,,,2,2026-08-12 10:09:25,0
250,76,70,68,73,55,73,73,7,2026-08-12 11:57:28,1
251,76,58,66,66,68,74,71,6,2026-08-12 11:57:28,1
252,63,74,72,71,75,81,76,6,2026-08-12 11:57:28,1
253,77,72,76,75,22,69,73,7,2026-08-12 11:57:28,1
254,,,,,,,,2,2026-08-12 10:09:23,0
255,,,,,,,,1,2026-08-12 10:09:03,0
256,,,,,,,,1,2026-08-12 10:09:03,0
257,,,,,,,,2,2026-08-12 10:09:23,0
258,,,,,,,,2,2026-08-12 10:09:23,0
259,57,48,63,62,57,61,65,5,2026-08-12 11:57:28,1
260,76,50,75,78,68,61,75,7,2026-08-12 11:57:28,1
261,,,,,,,,2,2026-08-12 10:09:23,0
262,73,59,58,66,35,47,63,6,2026-08-12 11:57:28,1
263,90,67,69,79,64,68,77,3,2026-08-12 11:55:19,1
264,,,,,,,,2,2026-08-12 10:09:23,0
265,74,55,62,69,41,62,67,6,2026-08-12 11:57:28,1
266,,,,,,,,2,2026-08-12 10:09:23,0
267,,,,,,,,2,2026-08-12 10:09:23,0
268,,,,,,,,1,2026-08-12 10:09:03,0
269,69,27,52,56,73,75,73,6,2026-08-12 11:57:28,1
270,,,,,,,,2,2026-08-12 10:09:23,0
271,,,,,,,,2,2026-08-12 10:09:23,0
272,70,65,74,80,32,64,76,6,2026-08-12 11:57:28,1
273,81,81,90,81,31,86,84,8,2026-08-12 11:57:28,1
274,,,,,,,,3,2026-08-12 10:10:08,0
275,77,45,64,73,84,84,85,7,2026-08-12 11:57:28,1
276,58,67,79,79,60,60,76,4,2026-08-12 10:40:36,1
277,82,69,76,75,81,76,82,7,2026-08-12 11:57:28,1
278,80,82,80,90,66,65,88,7,2026-08-12 11:57:28,1
279,77,78,80,80,80,82,82,8,2026-08-12 11:57:28,1
280,72,74,89,84,83,79,89,7,2026-08-12 11:57:28,1
281,82,77,69,79,40,77,80,7,2026-08-12 11:57:28,1
282,88,81,76,87,45,75,85,8,2026-08-12 11:57:28,1
283,69,58,60,69,34,37,63,4,2026-08-12 10:40:36,1
284,79,83,78,84,43,66,82,7,2026-08-12 11:57:28,1
285,69,78,85,88,74,54,80,7,2026-08-12 11:57:28,1
286,,,,,,,,3,2026-08-12 10:10:08,0
287,78,80,84,87,50,66,86,8,2026-08-12 11:57:28,1
288,74,70,79,76,32,74,74,4,2026-08-12 10:40:36,1
289,,,,,,,,1,2026-08-12 10:09:04,0
290,63,38,60,63,87,86,87,8,2026-08-12 11:57:28,1
291,,,,,,,,1,2026-08-12 10:09:04,0
292,,,,,,,,3,2026-08-12 10:10:08,0
293,77,76,70,78,21,75,75,3,2026-08-12 10:40:36,1
294,70,39,63,65,78,76,77,7,2026-08-12 11:57:28,1
295,74,59,68,69,73,79,74,6,2026-08-12 11:57:28,1
296,68,64,74,75,73,68,75,3,2026-08-12 10:40:36,1
297,55,71,81,77,64,61,76,7,2026-08-12 11:57:28,1
298,71,70,74,78,77,68,77,3,2026-08-12 10:40:36,1
299,80,54,67,74,62,69,70,7,2026-08-12 11:57:28,1
300,83,49,60,69,71,76,74,3,2026-08-12 10:40:36,1
301,,,,,,,,2,2026-08-12 10:10:01,0
302,,,,,,,,2,2026-08-12 10:10:01,0
303,84,78,79,78,53,63,80,7,2026-08-12 11:57:28,1
304,67,72,72,80,38,68,75,2,2026-08-12 10:40:36,1
305,72,71,75,76,65,67,75,3,2026-08-12 10:40:36,1
306,73,56,63,73,73,71,74,3,2026-08-12 10:40:36,1
307,,,,,,,,2,2026-08-12 10:10:01,0
308,83,75,68,76,39,76,75,7,2026-08-12 11:57:28,1
309,,,,,,,,2,2026-08-12 10:10:01,0
310,72,63,51,63,28,60,64,2,2026-08-12 10:40:36,1
311,67,33,49,56,70,67,68,3,2026-08-12 10:40:36,1
312,58,41,54,50,76,72,74,3,2026-08-12 10:40:36,1
325,,,,,,,,2,2026-08-12 10:09:12,0
333,77,75,70,77,52,76,77,4,2026-08-12 11:55:19,1
334,50,31,56,56,77,77,76,6,2026-08-12 11:57:28,1
335,,,,,,,,1,2026-08-12 10:09:06,0
336,,,,,,,,2,2026-08-12 10:09:44,0
337,,,,,,,,2,2026-08-12 10:09:44,0
338,,,,,,,,2,2026-08-12 10:09:44,0
339,,,,,,,,2,2026-08-12 10:09:44,0
340,89,59,63,74,66,78,74,6,2026-08-12 11:57:28,1
341,75,80,57,70,31,81,79,6,2026-08-12 11:57:28,1
342,,,,,,,,2,2026-08-12 10:09:44,0
343,76,74,66,73,35,68,73,5,2026-08-12 11:57:28,1
344,66,63,69,69,74,75,74,6,2026-08-12 11:57:28,1
345,,,,,,,,2,2026-08-12 10:09:44,0
346,78,53,65,69,67,77,73,6,2026-08-12 11:57:28,1
347,54,68,72,75,77,74,78,5,2026-08-12 11:57:28,1
348,,,,,,,,2,2026-08-12 10:09:44,0
349,,,,,,,,2,2026-08-12 10:09:44,0
350,,,,,,,,2,2026-08-12 10:09:44,0
351,,,,,,,,2,2026-08-12 10:09:44,0
352,,,,,,,,2,2026-08-12 10:09:44,0
353,,,,,,,,2,2026-08-12 10:09:16,0
354,,,,,,,,2,2026-08-12 10:09:16,0
355,70,42,61,67,74,72,74,6,2026-08-12 11:57:28,1
356,,,,,,,,2,2026-08-12 10:09:16,0
357,76,57,65,72,68,67,74,6,2026-08-12 11:57:28,1
358,,,,,,,,2,2026-08-12 10:09:16,0
359,55,61,65,65,65,64,68,4,2026-08-12 11:57:28,1
360,,,,,,,,2,2026-08-12 10:09:16,0
361,79,71,61,76,23,68,73,5,2026-08-12 11:57:28,1
362,67,62,65,71,61,62,68,6,2026-08-12 11:57:28,1
363,,,,,,,,2,2026-08-12 10:09:16,0
364,,,,,,,,2,2026-08-12 10:09:16,0
365,57,47,64,72,66,64,69,6,2026-08-12 11:57:28,1
366,,,,,,,,1,2026-08-12 10:09:07,0
367,,,,,,,,2,2026-08-12 10:09:16,0
368,90,55,58,72,33,62,68,6,2026-08-12 11:57:28,1
369,,,,,,,,2,2026-08-12 10:09:16,0
370,,,,,,,,2,2026-08-12 10:09:16,0
371,68,72,77,79,62,65,76,5,2026-08-12 11:57:28,1
372,55,54,68,70,70,70,73,6,2026-08-12 11:57:28,1
385,,,,,,,,1,2026-08-12 10:09:07,0
388,,,,,,,,1,2026-08-12 10:09:07,0
391,77,76,78,77,24,77,78,7,2026-08-12 11:57:28,1
392,68,48,63,64,77,80,77,7,2026-08-12 11:57:28,1
393,76,63,71,75,75,74,76,8,2026-08-12 11:57:28,1
394,,,,,,,,3,2026-08-12 10:09:40,0
395,,,,,,,,2,2026-08-12 10:09:40,0
396,,,,,,,,3,2026-08-12 10:09:40,0
397,,,,,,,,2,2026-08-12 10:09:25,0
398,,,,,,,,3,2026-08-12 10:09:40,0
399,,,,,,,,3,2026-08-12 10:09:40,0
400,68,78,78,76,77,79,81,7,2026-08-12 11:57:28,1
401,,,,,,,,2,2026-08-12 10:09:25,0
402,73,74,69,71,45,75,74,5,2026-08-12 11:57:28,1
403,,,,,,,,3,2026-08-12 10:09:40,0
404,,,,,,,,3,2026-08-12 10:09:40,0
405,,,,,,,,1,2026-08-12 10:09:08,0
406,,,,,,,,1,2026-08-12 10:09:08,0
407,73,65,69,74,34,64,71,7,2026-08-12 11:57:28,1
408,,,,,,,,3,2026-08-12 10:09:40,0
409,,,,,,,,3,2026-08-12 10:09:40,0
410,,,,,,,,3,2026-08-12 10:09:40,0
411,,,,,,,,1,2026-08-12 10:09:08,0
412,,,,,,,,1,2026-08-12 10:09:08,0
413,74,25,44,54,64,71,65,5,2026-08-12 11:57:28,1
414,86,62,70,73,69,75,76,5,2026-08-12 11:57:28,1
415,85,69,76,78,73,69,80,6,2026-08-12 11:57:28,1
416,77,69,75,80,54,53,76,5,2026-08-12 11:57:28,1
417,55,65,76,72,73,78,77,6,2026-08-12 11:57:28,1
418,,,,,,,,1,2026-08-12 10:09:08,0
419,84,76,67,77,31,66,75,2,2026-08-12 10:40:36,1
420,,,,,,,,1,2026-08-12 10:09:08,0
421,,,,,,,,1,2026-08-12 10:09:08,0
422,64,41,55,63,71,72,70,5,2026-08-12 11:57:28,1
423,73,67,74,77,74,76,77,5,2026-08-12 11:57:28,1
424,78,75,76,80,50,76,78,5,2026-08-12 11:57:28,1
425,,,,,,,,1,2026-08-12 10:09:08,0
426,85,67,60,75,41,68,71,5,2026-08-12 11:57:28,1
427,,,,,,,,1,2026-08-12 10:09:08,0
428,,,,,,,,1,2026-08-12 10:09:08,0
429,,,,,,,,1,2026-08-12 10:09:08,0
430,,,,,,,,1,2026-08-12 10:09:08,0
431,87,83,64,87,44,86,86,8,2026-08-12 11:57:28,1
432,69,47,67,66,84,84,82,8,2026-08-12 11:57:28,1
433,73,70,70,77,78,79,79,8,2026-08-12 11:57:28,1
434,,,,,,,,2,2026-08-12 10:10:20,0
435,82,74,73,81,80,86,82,8,2026-08-12 11:57:28,1
436,70,68,71,74,72,78,74,4,2026-08-12 10:40:36,1
437,77,56,75,76,73,74,77,8,2026-08-12 11:57:28,1
438,74,63,71,76,77,82,79,8,2026-08-12 11:57:28,1
439,72,88,76,83,45,83,87,8,2026-08-12 11:57:28,1
440,74,78,83,84,44,70,83,8,2026-08-12 11:57:28,1
441,86,79,68,80,43,62,79,8,2026-08-12 11:57:28,1
442,,,,,,,,2,2026-08-12 10:10:20,0
443,96,76,72,82,36,69,81,8,2026-08-12 11:57:28,1
444,74,80,80,80,76,76,80,7,2026-08-12 11:57:28,1
445,77,41,60,63,58,70,64,2,2026-08-12 10:40:36,1
446,70,59,68,73,75,79,75,8,2026-08-12 11:57:28,1
447,72,71,79,76,41,74,75,4,2026-08-12 10:40:36,1
448,65,60,59,65,29,62,63,2,2026-08-12 10:40:36,1
449,,,,,,,,1,2026-08-12 10:09:09,0
450,,,,,,,,1,2026-08-12 10:09:09,0
451,78,61,77,83,69,61,77,5,2026-08-12 11:55:19,1
452,74,66,74,79,57,66,76,4,2026-08-12 10:40:36,1
453,81,77,64,79,32,79,79,5,2026-08-12 11:55:19,1
454,86,83,71,86,30,85,84,9,2026-08-12 11:57:28,1
455,,,,,,,,4,2026-08-12 10:10:29,0
456,,,,,,,,3,2026-08-12 10:10:22,0
457,80,32,64,67,81,78,80,7,2026-08-12 11:57:28,1
458,,,,,,,,4,2026-08-12 10:10:29,0
459,61,74,77,76,83,80,81,8,2026-08-12 11:57:28,1
460,,,,,,,,4,2026-08-12 10:10:29,0
461,76,73,77,77,76,69,79,9,2026-08-12 11:57:28,1
462,65,81,67,74,36,70,79,8,2026-08-12 11:57:28,1
463,83,64,73,78,63,59,76,8,2026-08-12 11:57:28,1
464,,,,,,,,4,2026-08-12 10:10:29,0
465,86,54,72,76,71,74,78,7,2026-08-12 11:57:28,1
466,,,,,,,,4,2026-08-12 10:10:29,0
467,,,,,,,,1,2026-08-12 10:09:09,0
468,,,,,,,,4,2026-08-12 10:10:29,0
469,75,72,74,76,44,79,76,9,2026-08-12 11:57:28,1
470,79,63,69,72,71,81,75,7,2026-08-12 11:57:28,1
471,69,37,49,58,79,82,78,8,2026-08-12 11:57:28,1
472,,,,,,,,4,2026-08-12 10:10:29,0
473,88,63,63,76,28,59,71,8,2026-08-12 11:57:28,1
474,,,,,,,,4,2026-08-12 10:10:29,0
475,55,35,57,61,80,71,77,9,2026-08-12 11:57:28,1
476,,,,,,,,4,2026-08-12 10:10:29,0
477,68,61,64,68,38,63,65,5,2026-08-12 11:57:28,1
478,,,,,,,,1,2026-08-12 10:09:09,0
479,,,,,,,,1,2026-08-12 10:09:09,0
480,,,,,,,,1,2026-08-12 10:09:09,0
481,,,,,,,,1,2026-08-12 10:09:09,0
482,,,,,,,,1,2026-08-12 10:09:09,0
483,,,,,,,,1,2026-08-12 10:09:09,0
484,,,,,,,,1,2026-08-12 10:09:09,0
485,,,,,,,,1,2026-08-12 10:09:09,0
486,,,,,,,,1,2026-08-12 10:09:09,0
487,,,,,,,,1,2026-08-12 10:09:09,0
488,,,,,,,,1,2026-08-12 10:09:09,0
489,,,,,,,,1,2026-08-12 10:09:09,0
490,,,,,,,,1,2026-08-12 10:09:09,0
491,,,,,,,,1,2026-08-12 10:09:09,0
492,78,70,75,81,38,61,77,5,2026-08-12 11:57:28,1
493,,,,,,,,1,2026-08-12 10:09:09,0
494,,,,,,,,1,2026-08-12 10:09:09,0
495,,,,,,,,1,2026-08-12 10:09:09,0
496,49,40,57,56,73,73,72,5,2026-08-12 11:57:28,1
497,,,,,,,,1,2026-08-12 10:09:09,0
498,71,55,73,73,71,73,74,5,2026-08-12 11:57:28,1
499,,,,,,,,1,2026-08-12 10:09:09,0
500,77,77,78,79,48,79,79,4,2026-08-12 11:57:28,1
501,80,32,64,71,76,75,76,6,2026-08-12 11:57:28,1
502,64,41,63,69,81,76,80,4,2026-08-12 11:57:28,1
503,66,69,78,74,70,72,74,5,2026-08-12 11:57:28,1
504,72,48,64,68,63,60,68,4,2026-08-12 11:57:28,1
505,60,63,70,72,75,72,77,4,2026-08-12 11:57:28,1
506,65,75,80,80,73,71,79,4,2026-08-12 11:57:28,1
507,75,76,72,74,72,80,75,5,2026-08-12 11:57:28,1
508,,,,,,,,1,2026-08-12 10:09:09,0
509,82,74,73,76,72,69,77,4,2026-08-12 11:57:28,1
510,75,65,64,67,35,61,66,4,2026-08-12 11:57:28,1
511,,,,,,,,1,2026-08-12 10:09:09,0
512,64,59,70,71,80,75,79,4,2026-08-12 11:57:28,1
513,,,,,,,,1,2026-08-12 10:09:09,0
514,,,,,,,,1,2026-08-12 10:09:09,0
515,59,66,75,74,75,75,78,4,2026-08-12 11:57:28,1
516,68,81,82,84,68,71,82,5,2026-08-12 11:57:28,1
517,,,,,,,,1,2026-08-12 10:09:09,0
518,56,54,64,68,53,45,63,4,2026-08-12 11:57:28,1
519,,,,,,,,1,2026-08-12 10:09:09,0
520,87,69,70,81,29,63,77,5,2026-08-12 11:57:28,1
521,,,,,,,,1,2026-08-12 10:09:09,0
522,78,78,78,80,41,80,79,4,2026-08-12 11:57:28,1
523,,,,,,,,2,2026-08-12 10:09:24,0
524,,,,,,,,2,2026-08-12 10:09:24,0
525,,,,,,,,2,2026-08-12 10:09:24,0
526,,,,,,,,2,2026-08-12 10:09:24,0
527,,,,,,,,2,2026-08-12 10:09:24,0
528,,,,,,,,1,2026-08-12 10:09:10,0
529,,,,,,,,2,2026-08-12 10:09:24,0
530,,,,,,,,2,2026-08-12 10:09:24,0
531,,,,,,,,2,2026-08-12 10:09:24,0
532,,,,,,,,2,2026-08-12 10:09:24,0
533,,,,,,,,2,2026-08-12 10:09:24,0
534,,,,,,,,1,2026-08-12 10:09:10,0
535,,,,,,,,1,2026-08-12 10:09:10,0
536,,,,,,,,2,2026-08-12 10:09:24,0
537,,,,,,,,2,2026-08-12 10:09:24,0
538,,,,,,,,2,2026-08-12 10:09:24,0
539,,,,,,,,1,2026-08-12 10:09:10,0
540,,,,,,,,2,2026-08-12 10:09:24,0
541,,,,,,,,2,2026-08-12 10:09:24,0
542,,,,,,,,2,2026-08-12 10:09:24,0
543,,,,,,,,2,2026-08-12 10:09:46,0
544,,,,,,,,3,2026-08-12 10:10:00,0
545,,,,,,,,3,2026-08-12 10:10:00,0
546,,,,,,,,3,2026-08-12 10:10:00,0
547,,,,,,,,3,2026-08-12 10:10:00,0
548,,,,,,,,3,2026-08-12 10:10:00,0
549,,,,,,,,3,2026-08-12 10:10:00,0
550,,,,,,,,3,2026-08-12 10:10:00,0
551,,,,,,,,3,2026-08-12 10:10:00,0
552,,,,,,,,3,2026-08-12 10:10:00,0
553,,,,,,,,2,2026-08-12 10:09:46,0
554,,,,,,,,3,2026-08-12 10:10:00,0
555,,,,,,,,3,2026-08-12 10:10:00,0
556,,,,,,,,2,2026-08-12 10:09:46,0
557,,,,,,,,3,2026-08-12 10:10:00,0
558,,,,,,,,3,2026-08-12 10:10:00,0
559,,,,,,,,3,2026-08-12 10:10:00,0
560,,,,,,,,2,2026-08-12 10:10:00,0
561,,,,,,,,3,2026-08-12 10:10:00,0
562,,,,,,,,1,2026-08-12 10:09:10,0
563,,,,,,,,1,2026-08-12 10:09:10,0
564,72,49,67,71,80,77,79,6,2026-08-12 11:57:28,1
565,,,,,,,,1,2026-08-12 10:09:10,0
566,80,37,61,68,71,79,74,5,2026-08-12 11:57:28,1
567,,,,,,,,1,2026-08-12 10:09:10,0
568,47,75,85,74,78,82,85,6,2026-08-12 11:57:28,1
569,72,59,70,75,78,78,78,6,2026-08-12 11:57:28,1
570,84,73,56,72,30,80,77,6,2026-08-12 11:57:28,1
571,87,70,70,80,30,52,76,5,2026-08-12 11:57:28,1
572,,,,,,,,1,2026-08-12 10:09:10,0
573,,,,,,,,1,2026-08-12 10:09:10,0
574,,,,,,,,1,2026-08-12 10:09:10,0
575,,,,,,,,1,2026-08-12 10:09:10,0
576,,,,,,,,1,2026-08-12 10:09:10,0
577,,,,,,,,1,2026-08-12 10:09:10,0
578,,,,,,,,1,2026-08-12 10:09:10,0
579,,,,,,,,1,2026-08-12 10:09:10,0
580,,,,,,,,1,2026-08-12 10:09:10,0
581,,,,,,,,1,2026-08-12 10:09:10,0
582,90,83,70,90,52,87,89,6,2026-08-12 11:57:28,1
583,72,53,72,75,84,74,83,6,2026-08-12 11:57:28,1
584,59,39,69,69,86,84,86,3,2026-08-12 11:55:19,1
585,,,,,,,,1,2026-08-12 10:09:10,0
586,85,70,76,79,73,76,79,3,2026-08-12 11:55:19,1
587,67,70,77,77,74,80,79,4,2026-08-12 11:57:28,1
588,81,81,82,89,57,57,85,6,2026-08-12 11:57:28,1
589,61,78,83,89,71,65,84,3,2026-08-12 11:55:19,1
590,86,91,70,80,45,88,90,6,2026-08-12 11:57:28,1
591,,,,,,,,1,2026-08-12 10:09:10,0
592,75,75,80,88,21,65,81,6,2026-08-12 11:57:28,1
593,79,79,82,85,77,77,86,6,2026-08-12 11:57:28,1
594,,,,,,,,1,2026-08-12 10:09:10,0
595,,,,,,,,1,2026-08-12 10:09:10,0
596,,,,,,,,1,2026-08-12 10:09:10,0
597,,,,,,,,1,2026-08-12 10:09:10,0
598,,,,,,,,1,2026-08-12 10:09:10,0
599,,,,,,,,1,2026-08-12 10:09:10,0
600,,,,,,,,1,2026-08-12 10:09:10,0
601,91,71,72,87,32,68,80,6,2026-08-12 11:57:28,1
602,73,72,68,78,24,74,74,6,2026-08-12 11:57:28,1
603,62,26,50,58,73,76,72,6,2026-08-12 11:57:28,1
604,58,32,45,47,67,75,68,6,2026-08-12 11:57:28,1
605,79,43,62,68,77,85,78,6,2026-08-12 11:57:28,1
606,73,64,71,68,62,67,71,6,2026-08-12 11:57:28,1
607,64,57,72,71,71,78,75,6,2026-08-12 11:57:28,1
608,73,59,66,71,64,58,70,6,2026-08-12 11:57:28,1
609,88,57,65,69,66,74,73,6,2026-08-12 11:57:28,1
610,64,71,56,72,40,76,72,5,2026-08-12 11:57:28,1
611,72,59,66,71,62,69,69,6,2026-08-12 11:57:28,1
612,70,69,73,73,67,75,74,6,2026-08-12 11:57:28,1
613,,,,,,,,2,2026-08-12 10:10:13,0
614,69,61,71,74,63,60,71,5,2026-08-12 11:57:28,1
615,52,50,51,58,73,75,72,6,2026-08-12 11:57:28,1
616,,,,,,,,2,2026-08-12 10:10:13,0
617,60,59,70,73,80,70,79,6,2026-08-12 11:57:28,1
618,62,65,56,62,45,70,65,6,2026-08-12 11:57:28,1
619,,,,,,,,1,2026-08-12 10:09:11,0
620,,,,,,,,2,2026-08-12 10:10:13,0
621,74,75,73,75,60,77,76,7,2026-08-12 11:57:28,1
622,80,80,77,85,58,82,82,5,2026-08-12 11:57:28,1
623,74,53,69,69,81,82,81,5,2026-08-12 11:57:28,1
624,72,49,73,71,80,79,80,4,2026-08-12 11:57:28,1
625,70,50,57,64,85,82,83,6,2026-08-12 11:57:28,1
626,62,63,76,74,73,75,77,4,2026-08-12 11:57:28,1
627,52,74,78,75,78,81,80,6,2026-08-12 11:57:28,1
628,,,,,,,,1,2026-08-12 10:09:11,0
629,72,59,69,73,73,74,76,5,2026-08-12 11:57:28,1
630,86,78,72,82,35,67,79,6,2026-08-12 11:57:28,1
631,75,77,80,80,73,73,80,6,2026-08-12 11:57:28,1
632,,,,,,,,1,2026-08-12 10:09:11,0
633,,,,,,,,1,2026-08-12 10:09:11,0
634,,,,,,,,1,2026-08-12 10:09:11,0
635,58,41,47,50,74,71,72,4,2026-08-12 11:57:28,1
636,41,36,59,62,83,84,81,3,2026-08-12 11:55:19,1
637,74,56,67,71,72,66,74,4,2026-08-12 11:57:28,1
638,72,68,71,75,38,70,72,4,2026-08-12 11:57:28,1
640,,,,,,,,1,2026-08-12 10:09:11,0
641,,,,,,,,1,2026-08-12 10:09:11,0
642,74,72,71,76,47,74,74,4,2026-08-12 11:57:28,1
643,67,66,68,73,69,62,72,4,2026-08-12 11:57:28,1
644,78,57,75,75,74,72,77,5,2026-08-12 11:57:28,1
665,78,74,80,80,40,77,78,8,2026-08-12 11:57:28,1
666,,,,,,,,3,2026-08-12 10:09:52,0
667,49,41,57,60,76,80,76,7,2026-08-12 11:57:28,1
668,,,,,,,,3,2026-08-12 10:09:52,0
669,77,59,66,69,63,67,69,6,2026-08-12 11:57:28,1
670,,,,,,,,3,2026-08-12 10:09:52,0
671,,,,,,,,2,2026-08-12 10:09:52,0
672,,,,,,,,3,2026-08-12 10:09:52,0
673,,,,,,,,3,2026-08-12 10:09:52,0
674,,,,,,,,3,2026-08-12 10:09:52,0
675,,,,,,,,3,2026-08-12 10:09:52,0
676,,,,,,,,3,2026-08-12 10:09:52,0
677,,,,,,,,3,2026-08-12 10:09:52,0
678,,,,,,,,1,2026-08-12 10:09:11,0
679,,,,,,,,2,2026-08-12 10:09:52,0
680,70,68,68,72,45,69,70,7,2026-08-12 11:57:28,1
681,72,66,66,69,49,61,68,7,2026-08-12 11:57:28,1
682,,,,,,,,3,2026-08-12 10:09:52,0
683,,,,,,,,3,2026-08-12 10:09:52,0
684,73,63,47,61,22,66,64,6,2026-08-12 11:57:28,1
687,69,39,69,73,83,78,82,6,2026-08-12 11:57:28,1
699,,,,,,,,1,2026-08-12 10:09:12,0
700,,,,,,,,1,2026-08-12 10:09:12,0
701,77,65,66,73,43,58,70,5,2026-08-12 11:57:28,1
703,,,,,,,,1,2026-08-12 10:09:12,0
704,,,,,,,,2,2026-08-12 10:10:14,0
705,80,79,76,81,53,80,80,6,2026-08-12 11:57:28,1
706,70,37,58,52,75,73,74,4,2026-08-12 11:57:28,1
707,39,57,71,65,78,82,78,5,2026-08-12 11:57:28,1
708,88,46,75,77,78,80,82,5,2026-08-12 11:57:28,1
709,73,47,67,69,76,76,77,6,2026-08-12 11:57:28,1
710,72,72,75,80,52,61,77,4,2026-08-12 11:57:28,1
711,55,65,74,71,75,84,79,5,2026-08-12 11:57:28,1
712,,,,,,,,1,2026-08-12 10:09:12,0
713,57,79,74,75,46,79,77,5,2026-08-12 11:57:28,1
714,,,,,,,,1,2026-08-12 10:09:12,0
715,75,78,75,76,46,56,76,5,2026-08-12 11:57:28,1
716,52,71,76,73,66,62,74,5,2026-08-12 11:57:28,1
717,68,57,70,72,74,71,76,6,2026-08-12 11:57:28,1
718,94,65,67,81,37,82,76,4,2026-08-12 11:57:28,1
719,,,,,,,,1,2026-08-12 10:09:12,0
720,53,60,71,68,71,63,72,5,2026-08-12 11:57:28,1
721,61,59,40,59,26,66,60,5,2026-08-12 11:57:28,1
722,73,72,75,75,41,73,74,5,2026-08-12 11:57:28,1
723,,,,,,,,1,2026-08-12 10:09:12,0
724,57,37,53,55,77,78,76,5,2026-08-12 11:57:28,1
725,74,72,77,77,38,74,75,8,2026-08-12 11:57:28,1
726,73,41,56,69,75,83,75,6,2026-08-12 11:57:28,1
727,,,,,,,,3,2026-08-12 10:09:29,0
728,,,,,,,,3,2026-08-12 10:09:29,0
729,,,,,,,,3,2026-08-12 10:09:29,0
730,,,,,,,,3,2026-08-12 10:09:29,0
731,,,,,,,,3,2026-08-12 10:09:29,0
732,,,,,,,,3,2026-08-12 10:09:29,0
733,,,,,,,,3,2026-08-12 10:09:29,0
734,72,76,70,75,46,74,76,5,2026-08-12 11:55:19,1
735,,,,,,,,3,2026-08-12 10:09:29,0
736,,,,,,,,2,2026-08-12 10:09:29,0
737,,,,,,,,3,2026-08-12 10:09:29,0
738,,,,,,,,3,2026-08-12 10:09:29,0
739,,,,,,,,3,2026-08-12 10:09:29,0
740,,,,,,,,3,2026-08-12 10:09:29,0
741,,,,,,,,2,2026-08-12 10:09:29,0
742,,,,,,,,2,2026-08-12 10:09:16,0
743,,,,,,,,3,2026-08-12 10:09:29,0
744,,,,,,,,2,2026-08-12 10:09:16,0
745,,,,,,,,3,2026-08-12 10:09:29,0
746,,,,,,,,3,2026-08-12 10:09:29,0
747,,,,,,,,3,2026-08-12 10:09:29,0
748,,,,,,,,1,2026-08-12 10:09:13,0
749,49,45,58,54,76,79,75,5,2026-08-12 11:57:28,1
750,,,,,,,,1,2026-08-12 10:09:13,0
751,,,,,,,,1,2026-08-12 10:09:13,0
752,85,41,67,69,74,77,77,4,2026-08-12 11:57:28,1
753,,,,,,,,1,2026-08-12 10:09:13,0
754,,,,,,,,1,2026-08-12 10:09:13,0
755,,,,,,,,1,2026-08-12 10:09:13,0
756,,,,,,,,1,2026-08-12 10:09:13,0
757,,,,,,,,1,2026-08-12 10:09:13,0
758,,,,,,,,1,2026-08-12 10:09:13,0
759,,,,,,,,1,2026-08-12 10:09:13,0
760,,,,,,,,1,2026-08-12 10:09:13,0
761,,,,,,,,1,2026-08-12 10:09:13,0
762,,,,,,,,1,2026-08-12 10:09:13,0
763,82,72,66,75,35,58,72,7,2026-08-12 11:57:28,1
764,,,,,,,,1,2026-08-12 10:09:13,0
765,,,,,,,,1,2026-08-12 10:09:13,0
766,,,,,,,,1,2026-08-12 10:09:13,0
767,,,,,,,,1,2026-08-12 10:09:13,0
768,,,,,,,,1,2026-08-12 10:09:13,0
769,,,,,,,,1,2026-08-12 10:09:13,0
770,79,78,74,78,36,77,79,5,2026-08-12 11:57:28,1
771,66,49,61,55,72,76,72,5,2026-08-12 11:57:28,1
772,,,,,,,,1,2026-08-12 10:09:15,0
773,80,61,76,77,77,72,81,5,2026-08-12 11:57:28,1
774,90,50,69,75,71,70,76,4,2026-08-12 11:55:19,1
775,45,58,70,69,77,75,77,6,2026-08-12 11:57:28,1
776,,,,,,,,2,2026-08-12 10:09:42,0
777,,,,,,,,2,2026-08-12 10:09:42,0
778,89,69,67,76,41,64,74,7,2026-08-12 11:57:28,1
779,,,,,,,,1,2026-08-12 10:09:15,0
780,82,76,62,71,30,76,77,5,2026-08-12 11:57:28,1
781,,,,,,,,2,2026-08-12 10:09:42,0
782,,,,,,,,1,2026-08-12 10:09:15,0
783,,,,,,,,2,2026-08-12 10:09:42,0
784,,,,,,,,2,2026-08-12 10:09:42,0
785,,,,,,,,2,2026-08-12 10:09:42,0
786,,,,,,,,2,2026-08-12 10:09:42,0
787,,,,,,,,2,2026-08-12 10:09:42,0
788,,,,,,,,2,2026-08-12 10:09:42,0
789,83,73,71,76,44,67,75,7,2026-08-12 11:57:28,1
790,,,,,,,,2,2026-08-12 10:09:42,0
791,69,66,75,77,67,63,75,4,2026-08-12 11:55:19,1
792,,,,,,,,2,2026-08-12 10:09:42,0
793,,,,,,,,2,2026-08-12 10:09:29,0
794,,,,,,,,2,2026-08-12 10:09:29,0
795,,,,,,,,2,2026-08-12 10:09:29,0
796,78,56,75,79,77,73,80,5,2026-08-12 11:57:28,1
797,,,,,,,,2,2026-08-12 10:09:29,0
798,,,,,,,,2,2026-08-12 10:09:29,0
799,,,,,,,,2,2026-08-12 10:09:29,0
800,,,,,,,,2,2026-08-12 10:09:29,0
801,59,84,63,76,35,80,82,7,2026-08-12 11:57:28,1
802,,,,,,,,2,2026-08-12 10:09:29,0
803,,,,,,,,2,2026-08-12 10:09:29,0
804,,,,,,,,2,2026-08-12 10:09:29,0
805,,,,,,,,2,2026-08-12 10:09:29,0
806,,,,,,,,2,2026-08-12 10:09:29,0
807,,,,,,,,2,2026-08-12 10:09:29,0
808,,,,,,,,2,2026-08-12 10:09:29,0
809,,,,,,,,2,2026-08-12 10:09:29,0
810,74,38,52,51,79,81,78,5,2026-08-12 11:57:28,1
811,,,,,,,,2,2026-08-12 10:09:29,0
812,,,,,,,,2,2026-08-12 10:09:29,0
813,,,,,,,,2,2026-08-12 10:09:29,0
814,77,77,71,77,30,77,77,3,2026-08-12 11:55:19,1
815,,,,,,,,1,2026-08-12 10:09:16,0
816,,,,,,,,1,2026-08-12 10:09:16,0
817,,,,,,,,1,2026-08-12 10:09:16,0
818,67,36,56,64,73,77,74,5,2026-08-12 11:57:28,1
819,67,65,75,75,76,79,78,5,2026-08-12 11:57:28,1
820,,,,,,,,1,2026-08-12 10:09:16,0
821,,,,,,,,1,2026-08-12 10:09:16,0
822,90,65,66,74,67,73,74,5,2026-08-12 11:57:28,1
823,81,80,73,80,40,70,77,5,2026-08-12 11:57:28,1
824,88,77,76,82,36,67,80,5,2026-08-12 11:57:28,1
825,,,,,,,,1,2026-08-12 10:09:16,0
826,,,,,,,,1,2026-08-12 10:09:16,0
827,85,71,54,66,31,67,70,5,2026-08-12 11:57:28,1
828,77,82,77,80,46,71,81,4,2026-08-12 11:57:28,1
829,39,80,87,78,74,67,82,4,2026-08-12 11:57:28,1
830,73,60,73,72,75,82,76,3,2026-08-12 11:55:19,1
831,,,,,,,,1,2026-08-12 10:09:16,0
832,59,71,80,77,80,82,83,5,2026-08-12 11:57:28,1
833,,,,,,,,1,2026-08-12 10:09:16,0
852,,,,,,,,2,2026-08-12 10:09:29,0
856,,,,,,,,3,2026-08-12 10:09:51,0
857,,,,,,,,3,2026-08-12 10:09:51,0
858,66,39,49,50,71,72,70,6,2026-08-12 11:57:28,1
859,,,,,,,,3,2026-08-12 10:09:51,0
860,80,39,57,67,65,74,71,7,2026-08-12 11:57:28,1
861,,,,,,,,3,2026-08-12 10:09:51,0
862,,,,,,,,3,2026-08-12 10:09:51,0
863,,,,,,,,2,2026-08-12 10:09:40,0
864,71,71,59,68,22,75,72,6,2026-08-12 11:57:28,1
865,86,61,64,75,33,47,72,7,2026-08-12 11:57:28,1
866,72,59,57,69,26,59,63,7,2026-08-12 11:57:28,1
867,,,,,,,,1,2026-08-12 10:09:16,0
868,,,,,,,,1,2026-08-12 10:09:16,0
869,,,,,,,,2,2026-08-12 10:09:51,0
870,,,,,,,,1,2026-08-12 10:09:16,0
871,,,,,,,,1,2026-08-12 10:09:16,0
872,,,,,,,,3,2026-08-12 10:09:51,0
873,,,,,,,,3,2026-08-12 10:09:51,0
874,79,36,49,56,66,80,69,7,2026-08-12 11:57:28,1
875,,,,,,,,3,2026-08-12 10:09:51,0
877,,,,,,,,1,2026-08-12 10:09:16,0
888,,,,,,,,1,2026-08-12 10:09:16,0
895,,,,,,,,1,2026-08-12 10:09:16,0
896,81,76,84,82,48,78,81,10,2026-08-12 11:57:28,1
897,,,,,,,,5,2026-08-12 10:10:22,0
898,69,38,56,62,73,72,72,10,2026-08-12 11:57:28,1
899,81,33,55,58,70,72,70,10,2026-08-12 11:57:28,1
900,67,49,67,73,66,68,68,8,2026-08-12 11:57:28,1
901,66,82,74,80,33,77,80,10,2026-08-12 11:57:28,1
902,56,58,83,84,76,71,83,10,2026-08-12 11:57:28,1
903,45,36,63,68,77,74,76,10,2026-08-12 11:57:28,1
904,,,,,,,,5,2026-08-12 10:10:22,0
905,83,71,65,78,46,72,75,10,2026-08-12 11:57:28,1
906,76,64,76,82,38,56,76,8,2026-08-12 11:57:28,1
907,71,67,66,74,39,68,71,10,2026-08-12 11:57:28,1
908,63,58,60,63,18,59,59,7,2026-08-12 11:57:28,1
909,,,,,,,,5,2026-08-12 10:10:22,0
910,64,42,52,62,68,71,69,8,2026-08-12 11:57:28,1
911,68,27,51,62,72,74,72,7,2026-08-12 11:57:28,1
912,70,68,75,78,33,58,75,9,2026-08-12 11:57:28,1
913,86,74,67,79,39,69,76,4,2026-08-12 11:55:19,1
914,81,62,77,77,78,74,82,10,2026-08-12 11:57:28,1
915,84,69,71,83,51,58,77,10,2026-08-12 11:57:28,1
916,76,53,64,73,73,73,76,10,2026-08-12 11:57:28,1
917,83,78,82,86,35,83,84,3,2026-08-12 11:55:19,1
918,43,22,55,55,74,77,73,5,2026-08-12 11:57:28,1
919,,,,,,,,1,2026-08-12 10:09:18,0
920,85,37,55,63,71,67,72,5,2026-08-12 11:57:28,1
921,,,,,,,,1,2026-08-12 10:09:18,0
922,,,,,,,,1,2026-08-12 10:09:18,0
923,77,66,74,79,40,41,76,4,2026-08-12 11:57:28,1
924,68,75,74,76,71,80,77,5,2026-08-12 11:57:28,1
925,82,75,54,71,26,73,75,5,2026-08-12 11:57:28,1
926,,,,,,,,1,2026-08-12 10:09:18,0
927,,,,,,,,1,2026-08-12 10:09:18,0
928,70,65,74,73,75,78,79,6,2026-08-12 11:57:28,1
929,,,,,,,,1,2026-08-12 10:09:18,0
930,81,51,70,74,69,65,75,3,2026-08-12 11:55:19,1
931,,,,,,,,1,2026-08-12 10:09:18,0
932,,,,,,,,1,2026-08-12 10:09:18,0
933,75,63,67,72,67,68,71,5,2026-08-12 11:57:28,1
934,,,,,,,,1,2026-08-12 10:09:18,0
935,,,,,,,,1,2026-08-12 10:09:18,0
936,,,,,,,,1,2026-08-12 10:09:18,0
937,67,37,66,65,78,74,77,5,2026-08-12 11:57:28,1
938,,,,,,,,1,2026-08-12 10:09:18,0
939,,,,,,,,1,2026-08-12 10:09:18,0
940,,,,,,,,1,2026-08-12 10:09:18,0
941,,,,,,,,1,2026-08-12 10:09:18,0
942,52,55,56,61,73,83,73,5,2026-08-12 11:57:28,1
943,,,,,,,,1,2026-08-12 10:09:18,0
944,77,61,66,68,67,72,72,5,2026-08-12 11:57:28,1
945,58,81,81,80,52,62,79,6,2026-08-12 11:57:28,1
946,,,,,,,,1,2026-08-12 10:09:18,0
947,,,,,,,,1,2026-08-12 10:09:18,0
948,,,,,,,,1,2026-08-12 10:09:18,0
949,90,70,68,80,35,67,76,5,2026-08-12 11:57:28,1
950,,,,,,,,1,2026-08-12 10:09:18,0
951,,,,,,,,1,2026-08-12 10:09:18,0
952,,,,,,,,1,2026-08-12 10:09:18,0
953,52,41,54,62,70,75,70,5,2026-08-12 11:57:28,1
954,,,,,,,,1,2026-08-12 10:09:18,0
955,,,,,,,,1,2026-08-12 10:09:18,0
956,,,,,,,,1,2026-08-12 10:09:18,0
957,,,,,,,,1,2026-08-12 10:09:18,0
958,,,,,,,,1,2026-08-12 10:09:18,0
959,,,,,,,,1,2026-08-12 10:09:18,0
960,,,,,,,,1,2026-08-12 10:09:18,0
961,,,,,,,,1,2026-08-12 10:09:18,0
962,,,,,,,,1,2026-08-12 10:09:18,0
963,78,30,59,64,62,64,66,5,2026-08-12 11:57:28,1
964,,,,,,,,1,2026-08-12 10:09:18,0
965,66,43,58,59,69,79,69,5,2026-08-12 11:57:28,1
966,76,61,65,68,66,77,70,5,2026-08-12 11:57:28,1
967,84,70,70,76,60,68,75,6,2026-08-12 11:57:28,1
968,77,68,67,73,37,68,71,5,2026-08-12 11:57:28,1
969,,,,,,,,1,2026-08-12 10:09:18,0
970,,,,,,,,1,2026-08-12 10:09:18,0
971,,,,,,,,1,2026-08-12 10:09:18,0
972,,,,,,,,1,2026-08-12 10:09:18,0
973,,,,,,,,1,2026-08-12 10:09:18,0
974,,,,,,,,1,2026-08-12 10:09:18,0
975,,,,,,,,1,2026-08-12 10:09:18,0
976,,,,,,,,1,2026-08-12 10:09:18,0
977,,,,,,,,1,2026-08-12 10:09:18,0
978,,,,,,,,1,2026-08-12 10:09:18,0
979,77,72,65,79,34,77,77,6,2026-08-12 11:57:28,1
980,,,,,,,,1,2026-08-12 10:09:19,0
981,65,48,57,59,69,79,70,6,2026-08-12 11:57:28,1
982,,,,,,,,1,2026-08-12 10:09:19,0
983,67,68,71,70,72,80,75,6,2026-08-12 11:57:28,1
984,49,50,61,66,69,72,71,6,2026-08-12 11:57:28,1
985,84,59,59,67,61,60,68,6,2026-08-12 11:57:28,1
986,69,58,68,72,66,69,73,6,2026-08-12 11:57:28,1
987,82,71,65,70,35,71,71,6,2026-08-12 11:57:28,1
988,73,64,71,72,64,68,71,5,2026-08-12 11:57:28,1
989,61,67,69,71,41,65,69,6,2026-08-12 11:57:28,1
990,68,64,65,70,24,66,67,6,2026-08-12 11:57:28,1
991,77,59,62,61,62,78,68,6,2026-08-12 11:57:28,1
992,62,44,60,63,59,62,63,6,2026-08-12 11:57:28,1
993,,,,,,,,1,2026-08-12 10:09:19,0
994,74,67,43,61,26,61,65,6,2026-08-12 11:57:28,1
995,75,48,62,65,64,67,69,6,2026-08-12 11:57:28,1
996,,,,,,,,1,2026-08-12 10:09:19,0
997,67,31,49,50,65,65,65,6,2026-08-12 11:57:28,1
998,,,,,,,,1,2026-08-12 10:09:19,0
1003,87,61,69,72,68,80,74,8,2026-08-12 11:57:28,1
1010,,,,,,,,3,2026-08-12 10:10:22,0
1011,53,61,70,68,69,69,70,7,2026-08-12 11:57:28,1
1019,,,,,,,,2,2026-08-12 10:09:32,0
1020,,,,,,,,2,2026-08-12 10:09:32,0
1021,69,44,65,75,77,78,76,7,2026-08-12 11:57:28,1
1022,,,,,,,,2,2026-08-12 10:09:32,0
1023,,,,,,,,2,2026-08-12 10:09:32,0
1024,,,,,,,,2,2026-08-12 10:09:32,0
1025,,,,,,,,2,2026-08-12 10:09:32,0
1026,,,,,,,,2,2026-08-12 10:09:32,0
1027,,,,,,,,2,2026-08-12 10:09:32,0
1028,,,,,,,,2,2026-08-12 10:09:32,0
1029,,,,,,,,2,2026-08-12 10:09:32,0
1030,,,,,,,,2,2026-08-12 10:09:32,0
1031,,,,,,,,2,2026-08-12 10:09:32,0
1032,,,,,,,,2,2026-08-12 10:09:32,0
1033,,,,,,,,1,2026-08-12 10:09:20,0
1034,73,70,65,68,36,68,69,6,2026-08-12 11:57:28,1
1035,,,,,,,,1,2026-08-12 10:09:20,0
1036,,,,,,,,2,2026-08-12 10:09:32,0
1037,65,49,66,69,73,71,73,5,2026-08-12 11:57:28,1
1038,,,,,,,,1,2026-08-12 10:09:20,0
1039,,,,,,,,2,2026-08-12 10:09:32,0
1040,,,,,,,,2,2026-08-12 10:09:53,0
1041,64,42,59,66,74,70,74,5,2026-08-12 11:57:28,1
1042,,,,,,,,1,2026-08-12 10:09:20,0
1043,,,,,,,,2,2026-08-12 10:09:53,0
1044,,,,,,,,2,2026-08-12 10:09:53,0
1045,,,,,,,,2,2026-08-12 10:09:53,0
1046,,,,,,,,2,2026-08-12 10:09:53,0
1047,63,54,58,65,67,79,69,6,2026-08-12 11:57:28,1
1048,73,72,56,70,25,76,72,6,2026-08-12 11:57:28,1
1049,75,72,74,80,38,54,75,5,2026-08-12 11:57:28,1
1050,79,69,69,73,40,63,72,6,2026-08-12 11:57:28,1
1051,,,,,,,,2,2026-08-12 10:09:53,0
1052,,,,,,,,2,2026-08-12 10:09:53,0
1053,,,,,,,,2,2026-08-12 10:09:53,0
1054,,,,,,,,2,2026-08-12 10:09:53,0
1055,,,,,,,,1,2026-08-12 10:09:20,0
1056,,,,,,,,2,2026-08-12 10:09:53,0
1057,,,,,,,,2,2026-08-12 10:09:53,0
1058,91,63,61,79,26,57,72,3,2026-08-12 10:40:36,1
1059,,,,,,,,2,2026-08-12 10:09:53,0
1060,,,,,,,,2,2026-08-12 10:09:53,0
1061,52,69,76,69,76,80,75,6,2026-08-12 11:57:28,1
1062,,,,,,,,2,2026-08-12 10:09:53,0
1063,,,,,,,,2,2026-08-12 10:09:50,0
1064,,,,,,,,1,2026-08-12 10:09:21,0
1065,37,31,47,47,69,79,70,8,2026-08-12 11:57:28,1
1066,,,,,,,,5,2026-08-12 10:10:08,0
1067,,,,,,,,2,2026-08-12 10:09:50,0
1068,,,,,,,,3,2026-08-12 10:10:08,0
1069,72,67,71,74,69,71,74,9,2026-08-12 11:57:28,1
1070,,,,,,,,4,2026-08-12 10:10:08,0
1071,,,,,,,,5,2026-08-12 10:10:08,0
1072,,,,,,,,5,2026-08-12 10:10:08,0
1073,,,,,,,,5,2026-08-12 10:10:08,0
1074,,,,,,,,5,2026-08-12 10:10:08,0
1075,81,54,65,65,61,76,70,9,2026-08-12 11:57:28,1
1076,74,62,62,68,46,54,64,9,2026-08-12 11:57:28,1
1077,,,,,,,,5,2026-08-12 10:10:08,0
1078,,,,,,,,5,2026-08-12 10:10:08,0
1079,,,,,,,,5,2026-08-12 10:10:08,0
1080,,,,,,,,5,2026-08-12 10:10:08,0
1081,,,,,,,,4,2026-08-12 10:10:08,0
1082,,,,,,,,2,2026-08-12 10:09:34,0
1083,,,,,,,,4,2026-08-12 10:10:12,0
1084,,,,,,,,4,2026-08-12 10:10:12,0
1085,,,,,,,,4,2026-08-12 10:10:12,0
1086,,,,,,,,4,2026-08-12 10:10:12,0
1087,,,,,,,,4,2026-08-12 10:10:12,0
1088,,,,,,,,4,2026-08-12 10:10:12,0
1089,,,,,,,,4,2026-08-12 10:10:12,0
1090,,,,,,,,4,2026-08-12 10:10:12,0
1091,,,,,,,,4,2026-08-12 10:10:12,0
1092,,,,,,,,4,2026-08-12 10:10:12,0
1093,,,,,,,,4,2026-08-12 10:10:12,0
1094,,,,,,,,3,2026-08-12 10:09:58,0
1095,,,,,,,,4,2026-08-12 10:10:12,0
1096,,,,,,,,2,2026-08-12 10:09:58,0
1097,,,,,,,,3,2026-08-12 10:09:58,0
1098,,,,,,,,4,2026-08-12 10:10:12,0
1099,,,,,,,,4,2026-08-12 10:10:12,0
1100,,,,,,,,2,2026-08-12 10:09:41,0
1101,,,,,,,,2,2026-08-12 10:09:58,0
1102,,,,,,,,3,2026-08-12 10:09:58,0
1103,64,66,66,63,28,62,64,5,2026-08-12 11:57:28,1
1104,59,31,43,48,60,65,60,5,2026-08-12 11:57:28,1
1105,,,,,,,,1,2026-08-12 10:09:23,0
1106,81,61,65,74,64,71,72,5,2026-08-12 11:57:28,1
1107,,,,,,,,1,2026-08-12 10:09:23,0
1108,50,67,70,72,61,65,71,5,2026-08-12 11:57:28,1
1109,,,,,,,,1,2026-08-12 10:09:23,0
1110,,,,,,,,1,2026-08-12 10:09:23,0
1111,,,,,,,,1,2026-08-12 10:09:23,0
1112,75,71,68,71,35,70,71,5,2026-08-12 11:57:28,1
1113,,,,,,,,1,2026-08-12 10:09:23,0
1114,,,,,,,,1,2026-08-12 10:09:23,0
1115,69,33,54,61,60,49,62,5,2026-08-12 11:57:28,1
1116,,,,,,,,1,2026-08-12 10:09:23,0
1117,,,,,,,,1,2026-08-12 10:09:23,0
1118,,,,,,,,1,2026-08-12 10:09:23,0
1119,,,,,,,,1,2026-08-12 10:09:23,0
1120,,,,,,,,1,2026-08-12 10:09:23,0
1121,,,,,,,,1,2026-08-12 10:09:23,0
1122,,,,,,,,1,2026-08-12 10:09:23,0
1123,,,,,,,,2,2026-08-12 10:09:50,0
1124,,,,,,,,2,2026-08-12 10:09:50,0
1125,,,,,,,,2,2026-08-12 10:09:50,0
1126,,,,,,,,2,2026-08-12 10:09:50,0
1127,,,,,,,,2,2026-08-12 10:09:50,0
1128,71,70,74,76,69,71,75,6,2026-08-12 11:57:28,1
1129,,,,,,,,2,2026-08-12 10:09:50,0
1130,,,,,,,,2,2026-08-12 10:09:50,0
1131,,,,,,,,2,2026-08-12 10:09:50,0
1132,,,,,,,,2,2026-08-12 10:09:50,0
1133,,,,,,,,2,2026-08-12 10:09:50,0
1134,,,,,,,,2,2026-08-12 10:09:50,0
1135,,,,,,,,2,2026-08-12 10:09:50,0
1136,,,,,,,,2,2026-08-12 10:09:50,0
1137,,,,,,,,1,2026-08-12 10:09:23,0
1138,60,63,53,62,27,69,65,6,2026-08-12 11:57:28,1
1139,82,61,64,70,75,74,73,6,2026-08-12 11:57:28,1
1140,,,,,,,,1,2026-08-12 10:09:23,0
1141,,,,,,,,2,2026-08-12 10:09:50,0
1142,,,,,,,,2,2026-08-12 10:09:50,0
1143,78,72,65,79,65,75,76,6,2026-08-12 11:57:28,1
1144,,,,,,,,1,2026-08-12 10:09:23,0
1145,72,39,50,60,69,76,70,5,2026-08-12 11:57:28,1
1146,,,,,,,,1,2026-08-12 10:09:23,0
1147,,,,,,,,1,2026-08-12 10:09:23,0
1148,,,,,,,,1,2026-08-12 10:09:23,0
1149,,,,,,,,1,2026-08-12 10:09:23,0
1150,,,,,,,,2,2026-08-12 10:10:24,0
1151,,,,,,,,1,2026-08-12 10:09:23,0
1152,,,,,,,,1,2026-08-12 10:09:23,0
1153,80,71,61,74,34,65,72,5,2026-08-12 11:57:28,1
1154,59,76,65,72,37,64,73,4,2026-08-12 11:57:28,1
1155,84,69,71,76,71,76,76,5,2026-08-12 11:57:28,1
1156,,,,,,,,1,2026-08-12 10:09:23,0
1157,,,,,,,,1,2026-08-12 10:09:23,0
1158,,,,,,,,1,2026-08-12 10:09:23,0
1159,,,,,,,,1,2026-08-12 10:09:23,0
1160,70,74,58,67,37,78,73,5,2026-08-12 11:57:28,1
1161,,,,,,,,1,2026-08-12 10:09:23,0
1162,,,,,,,,1,2026-08-12 10:09:23,0
1169,,,,,,,,1,2026-08-12 10:09:23,0
1171,,,,,,,,1,2026-08-12 10:09:23,0
1176,,,,,,,,1,2026-08-12 10:09:23,0
1179,,,,,,,,1,2026-08-12 10:09:23,0
1192,,,,,,,,1,2026-08-12 10:09:24,0
1198,,,,,,,,1,2026-08-12 10:09:24,0
1199,,,,,,,,1,2026-08-12 10:09:24,0
1202,,,,,,,,3,2026-08-12 10:10:02,0
1203,,,,,,,,3,2026-08-12 10:10:02,0
1204,,,,,,,,3,2026-08-12 10:10:02,0
1205,,,,,,,,3,2026-08-12 10:10:02,0
1206,,,,,,,,3,2026-08-12 10:10:02,0
1207,,,,,,,,3,2026-08-12 10:10:02,0
1208,,,,,,,,3,2026-08-12 10:10:02,0
1209,,,,,,,,3,2026-08-12 10:10:02,0
1210,71,69,71,71,55,70,73,6,2026-08-12 11:57:28,1
1211,70,64,55,65,29,68,65,7,2026-08-12 11:57:28,1
1212,,,,,,,,3,2026-08-12 10:10:02,0
1213,,,,,,,,2,2026-08-12 10:09:36,0
1214,,,,,,,,3,2026-08-12 10:10:02,0
1215,82,59,63,67,62,72,70,7,2026-08-12 11:57:28,1
1216,,,,,,,,2,2026-08-12 10:09:36,0
1217,,,,,,,,3,2026-08-12 10:10:02,0
1218,74,59,69,72,73,79,75,6,2026-08-12 11:57:28,1
1219,,,,,,,,2,2026-08-12 10:10:02,0
1220,,,,,,,,3,2026-08-12 10:10:02,0
1221,,,,,,,,3,2026-08-12 10:10:02,0
1225,,,,,,,,2,2026-08-12 10:09:40,0
1231,,,,,,,,2,2026-08-12 10:09:40,0
1232,,,,,,,,2,2026-08-12 10:09:40,0
1239,82,78,77,84,31,81,81,4,2026-08-12 11:55:19,1
1240,79,76,84,82,65,68,84,4,2026-08-12 11:55:19,1
1247,77,67,75,81,57,69,78,5,2026-08-12 11:57:28,1
1248,55,64,73,76,79,83,80,6,2026-08-12 11:57:28,1
1262,,,,,,,,4,2026-08-12 10:10:27,0
1263,46,44,58,53,76,78,75,9,2026-08-12 11:57:28,1
1264,,,,,,,,4,2026-08-12 10:10:27,0
1265,63,42,59,65,78,83,78,9,2026-08-12 11:57:28,1
1266,51,59,65,70,66,67,70,9,2026-08-12 11:57:28,1
1267,71,62,69,76,65,70,74,9,2026-08-12 11:57:28,1
1268,57,43,57,62,79,83,75,9,2026-08-12 11:57:28,1
1269,87,69,71,77,68,71,75,9,2026-08-12 11:57:28,1
1270,61,67,71,74,63,70,74,9,2026-08-12 11:57:28,1
1271,83,62,58,71,27,73,69,9,2026-08-12 11:57:28,1
1272,71,70,51,65,30,77,72,9,2026-08-12 11:57:28,1
1273,87,74,63,75,47,66,73,8,2026-08-12 11:57:28,1
1274,71,66,71,76,73,79,74,9,2026-08-12 11:57:28,1
1275,93,70,64,67,41,74,73,9,2026-08-12 11:57:28,1
1276,68,55,59,66,33,42,62,8,2026-08-12 11:57:28,1
1277,78,64,66,73,52,59,70,9,2026-08-12 11:57:28,1
1278,67,65,74,68,74,79,75,9,2026-08-12 11:57:28,1
1279,,,,,,,,2,2026-08-12 10:09:49,0
1280,,,,,,,,4,2026-08-12 10:10:27,0
1281,70,69,67,70,25,70,70,9,2026-08-12 11:57:28,1
1282,67,63,61,71,19,66,67,3,2026-08-12 10:40:36,1
1283,75,44,64,69,79,77,77,7,2026-08-12 11:57:28,1
1284,79,50,62,66,74,78,75,2,2026-08-12 10:40:36,1
1285,64,63,69,71,66,73,71,3,2026-08-12 10:40:36,1
1286,75,54,73,72,69,70,74,7,2026-08-12 11:57:28,1
1287,68,62,72,67,74,78,76,7,2026-08-12 11:57:28,1
1288,74,75,79,79,69,76,78,3,2026-08-12 10:40:36,1
1289,63,73,74,77,75,79,78,7,2026-08-12 11:57:28,1
1290,60,67,51,62,30,76,68,3,2026-08-12 10:40:36,1
1291,77,67,78,83,56,58,78,7,2026-08-12 11:57:28,1
1292,79,75,69,76,36,68,75,7,2026-08-12 11:57:28,1
1293,54,33,35,36,57,58,56,2,2026-08-12 10:40:36,1
1294,,,,,,,,1,2026-08-12 10:09:26,0
1295,72,71,69,76,35,73,73,3,2026-08-12 10:40:36,1
1296,,,,,,,,2,2026-08-12 10:09:56,0
1297,67,60,48,57,26,62,61,2,2026-08-12 10:40:36,1
1298,,,,,,,,2,2026-08-12 10:09:56,0
1299,73,69,71,79,57,59,73,3,2026-08-12 10:40:36,1
1300,88,74,63,73,30,60,73,3,2026-08-12 10:40:36,1
1301,86,54,59,74,66,66,71,7,2026-08-12 11:57:28,1
1325,,,,,,,,3,2026-08-12 10:10:29,0
1326,,,,,,,,3,2026-08-12 10:10:29,0
1327,73,39,56,62,74,75,74,6,2026-08-12 11:57:28,1
1328,,,,,,,,3,2026-08-12 10:10:24,0
1329,,,,,,,,3,2026-08-12 10:10:29,0
1330,72,78,74,78,72,75,78,7,2026-08-12 11:57:28,1
1331,66,72,74,73,70,72,75,7,2026-08-12 11:57:28,1
1332,58,72,76,77,77,74,81,7,2026-08-12 11:57:28,1
1333,79,75,62,75,40,68,76,8,2026-08-12 11:57:28,1
1334,,,,,,,,3,2026-08-12 10:10:29,0
1335,75,75,77,80,54,67,77,7,2026-08-12 11:57:28,1
1336,,,,,,,,3,2026-08-12 10:10:29,0
1337,,,,,,,,3,2026-08-12 10:10:29,0
1338,79,81,79,83,49,67,82,8,2026-08-12 11:57:28,1
1339,,,,,,,,3,2026-08-12 10:10:29,0
1340,77,68,72,66,69,73,73,6,2026-08-12 11:57:28,1
1341,75,69,70,71,70,80,74,7,2026-08-12 11:57:28,1
1342,73,77,72,74,43,75,76,7,2026-08-12 11:57:28,1
1343,,,,,,,,2,2026-08-12 10:09:55,0
1344,74,76,70,75,74,74,74,8,2026-08-12 11:57:28,1
1345,77,69,68,74,68,74,74,8,2026-08-12 11:57:28,1
1346,73,46,61,66,73,79,73,7,2026-08-12 11:57:28,1
1347,79,74,72,81,53,76,78,6,2026-08-12 11:57:28,1
1348,69,53,60,57,75,86,75,7,2026-08-12 11:57:28,1
1349,,,,,,,,2,2026-08-12 10:09:48,0
1350,,,,,,,,2,2026-08-12 10:09:48,0
1351,80,65,73,73,61,64,72,6,2026-08-12 11:57:28,1
1352,,,,,,,,1,2026-08-12 10:09:28,0
1353,,,,,,,,2,2026-08-12 10:09:48,0
1354,,,,,,,,2,2026-08-12 10:09:48,0
1355,,,,,,,,1,2026-08-12 10:09:28,0
1356,,,,,,,,2,2026-08-12 10:09:48,0
1357,,,,,,,,2,2026-08-12 10:09:48,0
1358,85,72,57,68,29,78,73,5,2026-08-12 11:57:28,1
1359,75,52,59,58,65,75,68,6,2026-08-12 11:57:28,1
1360,92,70,67,73,39,69,71,7,2026-08-12 11:57:28,1
1361,,,,,,,,1,2026-08-12 10:09:28,0
1362,,,,,,,,2,2026-08-12 10:09:48,0
1363,,,,,,,,1,2026-08-12 10:09:28,0
1364,,,,,,,,2,2026-08-12 10:09:48,0
1365,,,,,,,,2,2026-08-12 10:09:48,0
1366,,,,,,,,1,2026-08-12 10:09:28,0
1367,,,,,,,,2,2026-08-12 10:09:48,0
1368,,,,,,,,2,2026-08-12 10:09:48,0
1369,,,,,,,,1,2026-08-12 10:09:28,0
1370,61,43,60,66,75,77,75,5,2026-08-12 11:57:28,1
1371,56,35,54,60,70,71,69,5,2026-08-12 11:57:28,1
1372,,,,,,,,1,2026-08-12 10:09:28,0
1373,,,,,,,,1,2026-08-12 10:09:28,0
1374,,,,,,,,1,2026-08-12 10:09:28,0
1375,,,,,,,,1,2026-08-12 10:09:28,0
1376,,,,,,,,1,2026-08-12 10:09:28,0
1377,76,79,62,73,18,62,74,5,2026-08-12 11:57:28,1
1378,85,70,60,72,32,66,71,5,2026-08-12 11:57:28,1
1379,,,,,,,,1,2026-08-12 10:09:28,0
1380,69,69,69,74,67,69,72,5,2026-08-12 11:57:28,1
1381,,,,,,,,1,2026-08-12 10:09:28,0
1382,,,,,,,,1,2026-08-12 10:09:28,0
1383,75,72,69,82,42,74,76,6,2026-08-12 11:57:28,1
1384,,,,,,,,1,2026-08-12 10:09:28,0
1385,,,,,,,,1,2026-08-12 10:09:28,0
1386,61,44,61,67,70,71,71,5,2026-08-12 11:57:28,1
1387,,,,,,,,1,2026-08-12 10:09:28,0
1388,,,,,,,,1,2026-08-12 10:09:28,0
1389,,,,,,,,1,2026-08-12 10:09:28,0
1407,,,,,,,,1,2026-08-12 10:09:29,0
1408,,,,,,,,1,2026-08-12 10:09:29,0
1422,,,,,,,,1,2026-08-12 10:09:29,0
1436,74,60,75,73,85,82,85,6,2026-08-12 11:57:28,1
1437,,,,,,,,1,2026-08-12 10:09:31,0
1451,61,51,68,67,81,79,81,7,2026-08-12 11:57:28,1
1452,73,70,67,70,30,71,71,2,2026-08-12 10:40:36,1
1454,74,70,81,76,28,72,73,5,2026-08-12 10:40:36,1
1455,46,40,51,53,78,81,76,5,2026-08-12 10:40:36,1
1456,66,42,49,55,73,73,72,3,2026-08-12 10:40:36,1
1457,85,53,64,70,66,74,72,5,2026-08-12 10:40:36,1
1458,70,71,72,77,71,70,74,5,2026-08-12 10:40:36,1
1459,56,54,60,64,68,78,69,5,2026-08-12 10:40:36,1
1460,63,31,48,57,60,55,62,5,2026-08-12 10:40:36,1
1461,,,,,,,,4,2026-08-12 10:10:30,0
1462,65,73,59,70,36,79,75,4,2026-08-12 10:40:36,1
1463,86,70,68,74,54,69,74,9,2026-08-12 11:57:28,1
1464,,,,,,,,4,2026-08-12 10:10:30,0
1465,64,60,65,69,68,72,70,4,2026-08-12 10:40:36,1
1466,65,57,64,64,76,81,74,5,2026-08-12 10:40:36,1
1467,62,68,48,63,29,72,68,5,2026-08-12 10:40:36,1
1468,73,69,69,68,30,72,68,5,2026-08-12 10:40:36,1
1469,,,,,,,,3,2026-08-12 10:10:30,0
1470,63,72,71,71,69,75,73,4,2026-08-12 10:40:36,1
1471,71,40,59,63,69,73,71,5,2026-08-12 10:40:36,1
1472,95,64,56,70,37,63,69,5,2026-08-12 10:40:36,1
1473,80,67,54,65,25,66,68,3,2026-08-12 10:40:36,1
1476,,,,,,,,1,2026-08-12 10:09:32,0
1486,,,,,,,,1,2026-08-12 10:09:32,0
1491,,,,,,,,1,2026-08-12 10:09:32,0
1494,81,79,74,82,41,80,81,5,2026-08-12 11:57:28,1
1495,,,,,,,,2,2026-08-12 10:09:37,0
1496,72,30,51,63,70,86,72,5,2026-08-12 11:57:28,1
1497,,,,,,,,2,2026-08-12 10:09:37,0
1498,,,,,,,,2,2026-08-12 10:09:37,0
1499,,,,,,,,2,2026-08-12 10:09:37,0
1500,69,72,80,76,75,73,79,5,2026-08-12 11:57:28,1
1501,65,79,76,77,79,79,80,6,2026-08-12 11:57:28,1
1502,,,,,,,,2,2026-08-12 10:09:37,0
1503,63,74,62,72,34,69,74,5,2026-08-12 11:57:28,1
1504,,,,,,,,1,2026-08-12 10:09:32,0
1505,,,,,,,,2,2026-08-12 10:09:37,0
1506,,,,,,,,2,2026-08-12 10:09:37,0
1507,,,,,,,,2,2026-08-12 10:09:37,0
1508,79,52,65,67,71,83,73,5,2026-08-12 11:57:28,1
1509,49,31,54,63,76,69,74,5,2026-08-12 11:57:28,1
1510,,,,,,,,1,2026-08-12 10:09:32,0
1511,,,,,,,,1,2026-08-12 10:09:32,0
1512,,,,,,,,2,2026-08-12 10:09:37,0
1513,,,,,,,,2,2026-08-12 10:09:37,0
1514,,,,,,,,2,2026-08-12 10:09:37,0
1515,,,,,,,,2,2026-08-12 10:09:37,0
1516,83,79,80,84,42,83,82,8,2026-08-12 11:57:28,1
1517,64,40,55,69,84,80,82,6,2026-08-12 11:57:28,1
1518,,,,,,,,3,2026-08-12 10:10:22,0
1519,,,,,,,,3,2026-08-12 10:10:22,0
1520,90,61,75,81,71,61,78,7,2026-08-12 11:57:28,1
1521,68,71,77,77,73,69,77,8,2026-08-12 11:57:28,1
1522,,,,,,,,2,2026-08-12 10:09:56,0
1523,,,,,,,,1,2026-08-12 10:09:32,0
1524,,,,,,,,3,2026-08-12 10:10:22,0
1525,88,78,77,87,57,66,84,7,2026-08-12 11:57:28,1
1526,88,72,67,78,40,48,76,7,2026-08-12 11:57:28,1
1527,66,49,64,75,66,52,68,7,2026-08-12 11:57:28,1
1528,95,65,76,82,80,77,86,6,2026-08-12 11:57:28,1
1529,76,71,72,78,23,70,74,5,2026-08-12 11:57:28,1
1530,,,,,,,,2,2026-08-12 10:09:56,0
1531,,,,,,,,3,2026-08-12 10:10:22,0
1532,,,,,,,,3,2026-08-12 10:10:22,0
1533,53,73,75,76,79,75,77,7,2026-08-12 11:57:28,1
1534,,,,,,,,3,2026-08-12 10:10:22,0
1535,76,63,77,78,75,71,79,8,2026-08-12 11:57:28,1
1536,,,,,,,,1,2026-08-12 10:09:32,0
1537,85,78,71,87,46,84,85,3,2026-08-12 11:55:19,1
1538,,,,,,,,1,2026-08-12 10:09:32,0
1539,,,,,,,,1,2026-08-12 10:09:32,0
1540,72,74,73,76,77,77,80,6,2026-08-12 11:57:28,1
1541,,,,,,,,1,2026-08-12 10:09:32,0
1542,74,65,78,79,70,63,77,6,2026-08-12 11:57:28,1
1543,,,,,,,,1,2026-08-12 10:09:32,0
1544,46,73,76,75,75,70,77,6,2026-08-12 11:57:28,1
1545,73,75,55,67,34,79,75,6,2026-08-12 11:57:28,1
1546,,,,,,,,1,2026-08-12 10:09:32,0
1547,75,67,70,76,72,67,75,6,2026-08-12 11:57:28,1
1548,,,,,,,,1,2026-08-12 10:09:32,0
1549,66,68,77,75,69,70,75,5,2026-08-12 11:57:28,1
1550,67,68,71,73,64,59,73,3,2026-08-12 11:55:19,1
1551,,,,,,,,1,2026-08-12 10:09:32,0
1552,68,41,59,69,79,66,76,6,2026-08-12 11:57:28,1
1553,,,,,,,,1,2026-08-12 10:09:32,0
1554,72,69,69,74,44,69,71,5,2026-08-12 11:57:28,1
1555,86,82,58,81,40,74,83,6,2026-08-12 11:57:28,1
1557,,,,,,,,1,2026-08-12 10:09:32,0
1558,,,,,,,,1,2026-08-12 10:09:32,0
1559,,,,,,,,1,2026-08-12 10:09:32,0
1560,82,80,74,84,46,76,81,6,2026-08-12 11:57:28,1
1561,,,,,,,,1,2026-08-12 10:09:33,0
1562,,,,,,,,1,2026-08-12 10:09:33,0
1563,62,36,52,60,72,76,72,5,2026-08-12 11:57:28,1
1564,,,,,,,,1,2026-08-12 10:09:33,0
1565,,,,,,,,1,2026-08-12 10:09:33,0
1566,,,,,,,,1,2026-08-12 10:09:33,0
1567,,,,,,,,1,2026-08-12 10:09:33,0
1568,,,,,,,,1,2026-08-12 10:09:33,0
1569,76,70,72,80,24,52,75,5,2026-08-12 11:57:28,1
1570,,,,,,,,1,2026-08-12 10:09:33,0
1571,89,71,70,82,36,62,77,5,2026-08-12 11:57:28,1
1572,,,,,,,,1,2026-08-12 10:09:33,0
1573,,,,,,,,1,2026-08-12 10:09:33,0
1574,,,,,,,,1,2026-08-12 10:09:33,0
1575,79,57,65,64,63,66,69,5,2026-08-12 11:57:28,1
1576,,,,,,,,1,2026-08-12 10:09:33,0
1577,,,,,,,,1,2026-08-12 10:09:33,0
1578,91,63,63,74,30,51,72,2,2026-08-12 10:40:36,1
1579,,,,,,,,1,2026-08-12 10:09:33,0
1580,,,,,,,,1,2026-08-12 10:09:33,0
1581,,,,,,,,1,2026-08-12 10:09:33,0
1582,,,,,,,,1,2026-08-12 10:09:33,0
1583,,,,,,,,1,2026-08-12 10:09:33,0
1584,,,,,,,,1,2026-08-12 10:09:33,0
1585,,,,,,,,1,2026-08-12 10:09:33,0
1586,46,49,71,70,68,74,74,5,2026-08-12 11:57:28,1
1587,,,,,,,,1,2026-08-12 10:09:33,0
1588,,,,,,,,1,2026-08-12 10:09:33,0
1589,76,62,62,73,27,55,68,5,2026-08-12 11:57:28,1
1590,,,,,,,,1,2026-08-12 10:09:33,0
1591,,,,,,,,1,2026-08-12 10:09:33,0
1592,,,,,,,,1,2026-08-12 10:09:33,0
1593,,,,,,,,1,2026-08-12 10:09:33,0
1594,,,,,,,,1,2026-08-12 10:09:33,0
1595,,,,,,,,1,2026-08-12 10:09:33,0
1596,,,,,,,,1,2026-08-12 10:09:33,0
1597,,,,,,,,1,2026-08-12 10:09:33,0
1598,,,,,,,,1,2026-08-12 10:09:33,0
1599,,,,,,,,1,2026-08-12 10:09:33,0
1600,,,,,,,,1,2026-08-12 10:09:34,0
1601,,,,,,,,1,2026-08-12 10:09:34,0
1602,,,,,,,,1,2026-08-12 10:09:34,0
1603,,,,,,,,1,2026-08-12 10:09:34,0
1604,,,,,,,,1,2026-08-12 10:09:34,0
1605,,,,,,,,1,2026-08-12 10:09:34,0
1606,,,,,,,,1,2026-08-12 10:09:34,0
1607,,,,,,,,1,2026-08-12 10:09:34,0
1608,,,,,,,,1,2026-08-12 10:09:34,0
1609,,,,,,,,1,2026-08-12 10:09:34,0
1610,,,,,,,,1,2026-08-12 10:09:34,0
1611,,,,,,,,1,2026-08-12 10:09:34,0
1612,,,,,,,,1,2026-08-12 10:09:34,0
1613,,,,,,,,1,2026-08-12 10:09:34,0
1614,,,,,,,,1,2026-08-12 10:09:34,0
1615,,,,,,,,1,2026-08-12 10:09:34,0
1616,,,,,,,,1,2026-08-12 10:09:34,0
1617,,,,,,,,1,2026-08-12 10:09:34,0
1618,,,,,,,,1,2026-08-12 10:09:34,0
1619,,,,,,,,1,2026-08-12 10:09:34,0
1620,,,,,,,,1,2026-08-12 10:09:34,0
1621,,,,,,,,1,2026-08-12 10:09:34,0
1622,71,58,72,73,69,69,74,3,2026-08-12 11:55:19,1
1623,74,71,69,77,50,70,74,7,2026-08-12 11:57:28,1
1624,,,,,,,,3,2026-08-12 10:09:43,0
1625,,,,,,,,3,2026-08-12 10:09:43,0
1626,,,,,,,,3,2026-08-12 10:09:43,0
1627,,,,,,,,3,2026-08-12 10:09:43,0
1628,,,,,,,,2,2026-08-12 10:09:42,0
1629,,,,,,,,3,2026-08-12 10:09:43,0
1630,,,,,,,,2,2026-08-12 10:09:42,0
1631,62,82,71,74,40,77,80,6,2026-08-12 11:57:28,1
1632,,,,,,,,2,2026-08-12 10:09:42,0
1633,77,84,80,84,35,62,83,6,2026-08-12 11:57:28,1
1634,,,,,,,,3,2026-08-12 10:09:43,0
1635,80,58,59,64,26,46,64,7,2026-08-12 11:57:28,1
1636,,,,,,,,3,2026-08-12 10:09:43,0
1637,,,,,,,,1,2026-08-12 10:09:34,0
1638,,,,,,,,3,2026-08-12 10:09:43,0
1639,,,,,,,,2,2026-08-12 10:09:43,0
1640,80,66,77,77,76,76,80,6,2026-08-12 11:57:28,1
1641,,,,,,,,1,2026-08-12 10:09:34,0
1642,,,,,,,,2,2026-08-12 10:09:43,0
1643,,,,,,,,3,2026-08-12 10:09:43,0
1644,,,,,,,,2,2026-08-12 10:09:43,0
1645,,,,,,,,2,2026-08-12 10:09:42,0
1646,,,,,,,,3,2026-08-12 10:10:08,0
1660,72,70,67,72,44,71,72,8,2026-08-12 11:57:28,1
1662,,,,,,,,4,2026-08-12 10:10:08,0
1663,91,65,62,72,38,51,69,7,2026-08-12 11:57:28,1
1664,,,,,,,,3,2026-08-12 10:10:08,0
1666,65,62,68,66,41,63,65,5,2026-08-12 11:57:28,1
1667,,,,,,,,1,2026-08-12 10:09:34,0
1668,,,,,,,,1,2026-08-12 10:09:34,0
1669,,,,,,,,1,2026-08-12 10:09:34,0
1670,80,35,54,60,62,75,65,5,2026-08-12 11:57:28,1
1671,,,,,,,,1,2026-08-12 10:09:34,0
1672,,,,,,,,1,2026-08-12 10:09:34,0
1673,70,71,77,72,47,71,71,5,2026-08-12 11:57:28,1
1674,,,,,,,,1,2026-08-12 10:09:34,0
1675,,,,,,,,1,2026-08-12 10:09:34,0
1676,,,,,,,,1,2026-08-12 10:09:34,0
1677,,,,,,,,1,2026-08-12 10:09:34,0
1678,,,,,,,,1,2026-08-12 10:09:34,0
1679,,,,,,,,2,2026-08-12 10:10:07,0
1680,,,,,,,,1,2026-08-12 10:09:34,0
1681,,,,,,,,1,2026-08-12 10:09:34,0
1682,,,,,,,,1,2026-08-12 10:09:34,0
1683,,,,,,,,1,2026-08-12 10:09:34,0
1684,,,,,,,,1,2026-08-12 10:09:34,0
1685,,,,,,,,1,2026-08-12 10:09:34,0
1697,53,77,78,76,64,68,77,6,2026-08-12 11:57:28,1
1703,,,,,,,,3,2026-08-12 10:10:28,0
1706,,,,,,,,1,2026-08-12 10:09:35,0
1707,72,36,63,66,78,76,77,4,2026-08-12 11:55:19,1
1708,67,56,65,68,74,81,75,5,2026-08-12 11:57:28,1
1709,,,,,,,,1,2026-08-12 10:09:35,0
1710,,,,,,,,1,2026-08-12 10:09:35,0
1711,63,65,78,75,70,72,77,5,2026-08-12 11:57:28,1
1712,,,,,,,,1,2026-08-12 10:09:35,0
1713,65,71,80,74,75,77,79,6,2026-08-12 11:57:28,1
1714,,,,,,,,1,2026-08-12 10:09:35,0
1715,92,75,70,78,30,68,78,2,2026-08-12 10:40:36,1
1716,,,,,,,,1,2026-08-12 10:09:35,0
1717,,,,,,,,1,2026-08-12 10:09:35,0
1718,60,36,56,61,78,79,77,5,2026-08-12 11:57:28,1
1719,,,,,,,,1,2026-08-12 10:09:35,0
1720,68,65,64,69,20,68,68,5,2026-08-12 11:57:28,1
1721,62,31,58,63,80,81,79,5,2026-08-12 11:57:28,1
1722,,,,,,,,1,2026-08-12 10:09:35,0
1723,66,65,70,72,67,68,71,5,2026-08-12 11:57:28,1
1724,71,54,70,73,74,64,74,5,2026-08-12 11:57:28,1
1725,68,73,82,81,66,67,80,5,2026-08-12 11:57:28,1
1735,,,,,,,,2,2026-08-12 10:10:02,0
1744,,,,,,,,2,2026-08-12 10:10:02,0
1746,,,,,,,,2,2026-08-12 10:10:07,0
1747,,,,,,,,2,2026-08-12 10:10:07,0
1748,,,,,,,,2,2026-08-12 10:10:07,0
1749,,,,,,,,2,2026-08-12 10:10:07,0
1750,,,,,,,,2,2026-08-12 10:10:07,0
1751,,,,,,,,2,2026-08-12 10:10:07,0
1752,,,,,,,,2,2026-08-12 10:10:07,0
1753,,,,,,,,2,2026-08-12 10:10:07,0
1754,,,,,,,,2,2026-08-12 10:10:07,0
1755,,,,,,,,2,2026-08-12 10:10:07,0
1756,,,,,,,,2,2026-08-12 10:10:07,0
1757,,,,,,,,2,2026-08-12 10:10:07,0
1758,,,,,,,,2,2026-08-12 10:10:07,0
1759,,,,,,,,2,2026-08-12 10:10:07,0
1760,,,,,,,,1,2026-08-12 10:09:36,0
1761,,,,,,,,1,2026-08-12 10:09:36,0
1762,,,,,,,,2,2026-08-12 10:10:07,0
1763,,,,,,,,1,2026-08-12 10:09:36,0
1764,,,,,,,,2,2026-08-12 10:10:07,0
1765,,,,,,,,1,2026-08-12 10:09:36,0
1766,81,53,65,72,68,75,74,6,2026-08-12 11:57:28,1
1767,,,,,,,,1,2026-08-12 10:09:36,0
1768,,,,,,,,2,2026-08-12 10:09:41,0
1769,,,,,,,,2,2026-08-12 10:09:41,0
1770,,,,,,,,2,2026-08-12 10:09:41,0
1771,,,,,,,,2,2026-08-12 10:09:41,0
1772,,,,,,,,2,2026-08-12 10:09:41,0
1773,,,,,,,,2,2026-08-12 10:09:41,0
1774,,,,,,,,2,2026-08-12 10:09:41,0
1775,,,,,,,,2,2026-08-12 10:09:41,0
1776,54,45,55,61,70,77,71,6,2026-08-12 11:57:28,1
1777,62,37,60,61,69,74,70,6,2026-08-12 11:57:28,1
1778,73,67,75,73,71,78,77,6,2026-08-12 11:57:28,1
1779,,,,,,,,2,2026-08-12 10:09:41,0
1780,,,,,,,,2,2026-08-12 10:09:41,0
1781,,,,,,,,2,2026-08-12 10:09:41,0
1782,80,69,69,75,40,64,74,6,2026-08-12 11:57:28,1
1783,69,60,67,69,66,72,70,6,2026-08-12 11:57:28,1
1784,,,,,,,,2,2026-08-12 10:09:41,0
1785,,,,,,,,2,2026-08-12 10:09:41,0
1786,78,72,70,74,55,67,74,5,2026-08-12 11:57:28,1
1787,,,,,,,,1,2026-08-12 10:09:36,0
1788,,,,,,,,1,2026-08-12 10:09:36,0
1789,,,,,,,,1,2026-08-12 10:09:36,0
1790,,,,,,,,1,2026-08-12 10:09:36,0
1791,,,,,,,,1,2026-08-12 10:09:36,0
1792,,,,,,,,1,2026-08-12 10:09:36,0
1793,,,,,,,,1,2026-08-12 10:09:36,0
1794,,,,,,,,1,2026-08-12 10:09:36,0
1795,,,,,,,,1,2026-08-12 10:09:36,0
1796,,,,,,,,1,2026-08-12 10:09:36,0
1797,,,,,,,,1,2026-08-12 10:09:36,0
1798,,,,,,,,1,2026-08-12 10:09:36,0
1799,,,,,,,,1,2026-08-12 10:09:36,0
1800,,,,,,,,1,2026-08-12 10:09:36,0
1801,,,,,,,,1,2026-08-12 10:09:36,0
1802,,,,,,,,1,2026-08-12 10:09:36,0
1803,,,,,,,,1,2026-08-12 10:09:36,0
1805,,,,,,,,2,2026-08-12 10:09:53,0
1816,62,61,60,64,17,63,63,4,2026-08-12 11:55:19,1
1821,,,,,,,,1,2026-08-12 10:09:37,0
1823,,,,,,,,1,2026-08-12 10:09:37,0
1824,,,,,,,,1,2026-08-12 10:09:37,0
1825,,,,,,,,1,2026-08-12 10:09:37,0
1838,,,,,,,,1,2026-08-12 10:09:37,0
1841,,,,,,,,1,2026-08-12 10:09:37,0
1842,62,63,71,77,74,72,75,5,2026-08-12 11:57:28,1
1845,,,,,,,,1,2026-08-12 10:09:37,0
1846,,,,,,,,1,2026-08-12 10:09:37,0
1847,,,,,,,,1,2026-08-12 10:09:37,0
1848,,,,,,,,1,2026-08-12 10:09:37,0
1849,,,,,,,,1,2026-08-12 10:09:37,0
1853,74,57,71,72,80,72,78,7,2026-08-12 11:57:28,1
1854,94,66,78,85,74,76,84,6,2026-08-12 11:57:28,1
1858,64,92,83,82,48,82,89,7,2026-08-12 11:57:28,1
1862,,,,,,,,2,2026-08-12 10:10:08,0
1865,,,,,,,,3,2026-08-12 10:10:26,0
1869,,,,,,,,2,2026-08-12 10:10:08,0
1870,76,70,81,80,52,76,77,3,2026-08-12 10:40:36,1
1871,63,30,53,54,79,73,76,3,2026-08-12 10:40:36,1
1872,66,43,56,61,74,84,76,7,2026-08-12 11:57:28,1
1873,,,,,,,,1,2026-08-12 10:09:38,0
1874,,,,,,,,2,2026-08-12 10:09:49,0
1875,68,48,66,74,70,72,72,3,2026-08-12 10:40:36,1
1876,83,55,69,73,70,67,76,7,2026-08-12 11:57:28,1
1877,80,58,67,70,70,75,73,3,2026-08-12 10:40:36,1
1878,76,70,67,72,39,63,70,3,2026-08-12 10:40:36,1
1879,75,74,73,81,68,66,77,3,2026-08-12 10:40:36,1
1880,74,69,71,75,51,62,74,7,2026-08-12 11:57:28,1
1881,73,72,50,67,26,81,74,3,2026-08-12 10:40:36,1
1882,77,52,65,73,68,66,72,7,2026-08-12 11:57:28,1
1883,63,48,63,66,69,73,71,7,2026-08-12 11:57:28,1
1884,68,64,63,72,38,51,68,3,2026-08-12 10:40:36,1
1885,78,67,69,79,41,56,73,7,2026-08-12 11:57:28,1
1886,,,,,,,,2,2026-08-12 10:09:49,0
1887,74,71,71,73,70,77,75,3,2026-08-12 10:40:36,1
1888,37,77,68,68,42,76,75,6,2026-08-12 11:57:28,1
1889,71,66,58,71,22,59,68,5,2026-08-12 11:57:28,1
1890,,,,,,,,2,2026-08-12 10:10:17,0
1891,,,,,,,,2,2026-08-12 10:10:17,0
1892,65,42,63,60,69,80,71,6,2026-08-12 11:57:28,1
1893,,,,,,,,2,2026-08-12 10:10:17,0
1894,,,,,,,,2,2026-08-12 10:10:17,0
1895,,,,,,,,2,2026-08-12 10:10:17,0
1896,,,,,,,,2,2026-08-12 10:10:17,0
1897,66,67,76,73,73,74,77,4,2026-08-12 11:55:19,1
1898,,,,,,,,2,2026-08-12 10:10:17,0
1899,,,,,,,,2,2026-08-12 10:10:17,0
1900,,,,,,,,2,2026-08-12 10:10:17,0
1901,,,,,,,,2,2026-08-12 10:10:17,0
1902,70,65,48,68,21,53,66,6,2026-08-12 11:57:28,1
1903,66,43,60,62,56,57,61,6,2026-08-12 11:57:28,1
1904,63,60,58,66,27,61,63,6,2026-08-12 11:57:28,1
1905,,,,,,,,2,2026-08-12 10:10:17,0
1906,,,,,,,,2,2026-08-12 10:10:17,0
1907,,,,,,,,2,2026-08-12 10:10:17,0
1908,68,58,63,67,57,51,65,6,2026-08-12 11:57:28,1
1909,60,58,66,66,62,59,67,6,2026-08-12 11:57:28,1
1910,,,,,,,,1,2026-08-12 10:09:38,0
1911,,,,,,,,1,2026-08-12 10:09:38,0
1912,,,,,,,,1,2026-08-12 10:09:38,0
1913,,,,,,,,1,2026-08-12 10:09:38,0
1914,,,,,,,,1,2026-08-12 10:09:38,0
1915,,,,,,,,1,2026-08-12 10:09:38,0
1916,83,54,60,64,63,75,70,5,2026-08-12 11:57:28,1
1917,,,,,,,,1,2026-08-12 10:09:38,0
1918,82,75,61,71,41,81,76,5,2026-08-12 11:57:28,1
1919,,,,,,,,1,2026-08-12 10:09:38,0
1920,,,,,,,,1,2026-08-12 10:09:38,0
1921,,,,,,,,1,2026-08-12 10:09:38,0
1922,,,,,,,,1,2026-08-12 10:09:38,0
1923,52,32,48,49,63,77,65,5,2026-08-12 11:57:28,1
1924,,,,,,,,1,2026-08-12 10:09:38,0
1925,,,,,,,,1,2026-08-12 10:09:38,0
1926,,,,,,,,1,2026-08-12 10:09:38,0
1927,,,,,,,,1,2026-08-12 10:09:38,0
1928,,,,,,,,1,2026-08-12 10:09:38,0
1929,,,,,,,,1,2026-08-12 10:09:38,0
1930,,,,,,,,1,2026-08-12 10:09:39,0
1931,,,,,,,,1,2026-08-12 10:09:39,0
1932,,,,,,,,1,2026-08-12 10:09:39,0
1933,,,,,,,,1,2026-08-12 10:09:39,0
1934,,,,,,,,1,2026-08-12 10:09:39,0
1935,,,,,,,,1,2026-08-12 10:09:39,0
1936,,,,,,,,1,2026-08-12 10:09:39,0
1937,,,,,,,,1,2026-08-12 10:09:39,0
1938,,,,,,,,1,2026-08-12 10:09:39,0
1939,,,,,,,,1,2026-08-12 10:09:39,0
1940,,,,,,,,1,2026-08-12 10:09:39,0
1941,,,,,,,,1,2026-08-12 10:09:39,0
1942,,,,,,,,1,2026-08-12 10:09:39,0
1943,65,66,71,70,71,83,74,5,2026-08-12 11:57:28,1
1944,,,,,,,,1,2026-08-12 10:09:39,0
1945,,,,,,,,1,2026-08-12 10:09:39,0
1946,,,,,,,,1,2026-08-12 10:09:39,0
1947,,,,,,,,1,2026-08-12 10:09:39,0
1948,,,,,,,,1,2026-08-12 10:09:39,0
1949,,,,,,,,1,2026-08-12 10:09:39,0
1950,,,,,,,,2,2026-08-12 10:10:05,0
1951,,,,,,,,2,2026-08-12 10:10:05,0
1952,,,,,,,,2,2026-08-12 10:10:05,0
1953,,,,,,,,2,2026-08-12 10:10:05,0
1954,,,,,,,,2,2026-08-12 10:10:05,0
1955,49,52,65,68,71,78,73,6,2026-08-12 11:57:28,1
1956,71,64,67,65,56,71,66,6,2026-08-12 11:57:28,1
1957,,,,,,,,2,2026-08-12 10:10:05,0
1958,62,77,67,73,38,74,74,6,2026-08-12 11:57:28,1
1959,82,73,64,71,38,58,71,6,2026-08-12 11:57:28,1
1960,78,78,75,78,41,65,77,6,2026-08-12 11:57:28,1
1961,,,,,,,,2,2026-08-12 10:10:05,0
1962,,,,,,,,2,2026-08-12 10:10:05,0
1963,,,,,,,,2,2026-08-12 10:10:05,0
1964,,,,,,,,2,2026-08-12 10:10:05,0
1965,82,74,71,75,55,68,73,5,2026-08-12 11:57:28,1
1966,,,,,,,,2,2026-08-12 10:10:05,0
1967,63,65,64,64,44,65,64,5,2026-08-12 11:57:28,1
1968,,,,,,,,2,2026-08-12 10:10:05,0
1969,,,,,,,,2,2026-08-12 10:10:05,0
1972,69,58,67,66,68,73,68,5,2026-08-12 11:57:28,1
1976,63,44,56,62,61,51,63,3,2026-08-12 11:55:19,1
1981,,,,,,,,2,2026-08-12 10:09:51,0
1985,,,,,,,,2,2026-08-12 10:09:51,0
1988,82,64,58,65,29,59,65,6,2026-08-12 11:57:28,1
1989,66,39,49,50,71,72,70,6,2026-08-12 11:57:28,1
2024,84,70,63,72,50,69,70,5,2026-08-12 11:57:28,1
2037,,,,,,,,3,2026-08-12 10:10:12,0
2045,,,,,,,,2,2026-08-12 10:10:12,0
2051,69,27,46,50,74,80,75,6,2026-08-12 11:57:28,1
2059,74,69,71,76,61,62,74,6,2026-08-12 11:57:28,1
2061,,,,,,,,1,2026-08-12 10:09:42,0
2062,,,,,,,,2,2026-08-12 10:09:43,0
2070,,,,,,,,2,2026-08-12 10:09:43,0
2073,,,,,,,,1,2026-08-12 10:09:42,0
2074,,,,,,,,1,2026-08-12 10:09:42,0
2075,,,,,,,,1,2026-08-12 10:09:42,0
2076,,,,,,,,1,2026-08-12 10:09:42,0
2082,71,76,68,77,46,74,76,6,2026-08-12 11:57:28,1
2087,,,,,,,,1,2026-08-12 10:09:42,0
2095,,,,,,,,1,2026-08-12 10:09:42,0
2096,73,68,65,73,43,76,73,2,2026-08-12 10:40:36,1
2097,57,77,76,73,83,81,81,6,2026-08-12 11:57:28,1
2098,75,56,68,70,82,80,81,2,2026-08-12 10:40:36,1
2099,70,34,59,68,74,75,75,2,2026-08-12 10:40:36,1
2100,62,76,80,82,81,71,84,6,2026-08-12 11:57:28,1
2101,70,47,67,72,70,78,75,6,2026-08-12 11:57:28,1
2102,72,73,87,85,74,67,84,4,2026-08-12 11:57:28,1
2103,,,,,,,,1,2026-08-12 10:09:42,0
2104,72,83,71,81,38,77,85,6,2026-08-12 11:57:28,1
2105,94,60,59,72,32,60,70,2,2026-08-12 10:40:36,1
2106,64,76,78,79,64,68,78,6,2026-08-12 11:57:28,1
2107,78,79,75,80,36,71,79,6,2026-08-12 11:57:28,1
2108,65,75,85,84,75,66,83,4,2026-08-12 11:57:28,1
2109,63,70,61,68,26,57,68,6,2026-08-12 11:57:28,1
2110,68,42,57,60,66,58,65,2,2026-08-12 10:40:36,1
2111,75,66,66,79,40,62,71,6,2026-08-12 11:57:28,1
2112,77,76,68,78,52,73,76,6,2026-08-12 11:57:28,1
2113,,,,,,,,1,2026-08-12 10:09:42,0
2114,,,,,,,,1,2026-08-12 10:09:42,0
2115,68,58,64,70,38,63,66,2,2026-08-12 10:40:36,1
2116,,,,,,,,2,2026-08-12 10:10:20,0
2117,75,55,68,66,80,74,79,6,2026-08-12 11:57:28,1
2118,,,,,,,,2,2026-08-12 10:10:20,0
2119,,,,,,,,2,2026-08-12 10:10:20,0
2120,,,,,,,,2,2026-08-12 10:10:20,0
2121,,,,,,,,2,2026-08-12 10:10:20,0
2122,,,,,,,,2,2026-08-12 10:10:20,0
2123,78,55,69,75,70,70,76,6,2026-08-12 11:57:28,1
2124,73,62,70,71,70,72,72,6,2026-08-12 11:57:28,1
2125,92,72,70,76,35,71,75,7,2026-08-12 11:57:28,1
2126,59,75,57,68,34,81,75,3,2026-08-12 10:40:36,1
2127,,,,,,,,2,2026-08-12 10:10:20,0
2128,,,,,,,,1,2026-08-12 10:09:42,0
2129,,,,,,,,1,2026-08-12 10:09:42,0
2130,,,,,,,,2,2026-08-12 10:10:20,0
2131,,,,,,,,1,2026-08-12 10:09:42,0
2132,,,,,,,,1,2026-08-12 10:09:42,0
2133,81,69,66,73,32,63,71,6,2026-08-12 11:57:28,1
2134,,,,,,,,2,2026-08-12 10:10:20,0
2135,,,,,,,,2,2026-08-12 10:10:20,0
2141,83,68,65,74,48,57,71,7,2026-08-12 11:57:28,1
2147,,,,,,,,1,2026-08-12 10:09:43,0
2170,,,,,,,,1,2026-08-12 10:09:43,0
2198,,,,,,,,1,2026-08-12 10:09:44,0
2221,,,,,,,,1,2026-08-12 10:09:44,0
2222,83,81,78,83,39,80,83,7,2026-08-12 11:57:28,1
2223,60,37,59,66,74,79,75,7,2026-08-12 11:57:28,1
2224,,,,,,,,2,2026-08-12 10:09:58,0
2225,60,32,48,51,68,78,70,7,2026-08-12 11:57:28,1
2226,58,56,70,70,74,71,73,7,2026-08-12 11:57:28,1
2227,60,59,73,69,62,70,70,3,2026-08-12 10:40:36,1
2228,62,72,70,73,74,77,75,3,2026-08-12 10:40:36,1
2229,,,,,,,,2,2026-08-12 10:09:58,0
2230,65,74,59,72,28,74,73,3,2026-08-12 10:40:36,1
2231,91,59,62,71,28,51,70,7,2026-08-12 11:57:28,1
2232,75,71,60,73,38,74,73,3,2026-08-12 10:40:36,1
2233,76,48,59,70,75,74,74,7,2026-08-12 11:57:28,1
2234,68,64,64,70,26,69,68,3,2026-08-12 10:40:36,1
2235,61,66,46,62,30,61,67,3,2026-08-12 10:40:36,1
2236,75,37,60,67,72,73,74,3,2026-08-12 10:40:36,1
2237,68,66,69,73,38,61,71,3,2026-08-12 10:40:36,1
2238,,,,,,,,1,2026-08-12 10:09:45,0
2239,74,65,74,75,69,74,74,7,2026-08-12 11:57:28,1
2240,82,74,68,78,34,57,75,2,2026-08-12 10:40:36,1
2241,,,,,,,,2,2026-08-12 10:09:58,0
2244,64,38,52,63,80,78,78,4,2026-08-12 11:55:19,1
2271,,,,,,,,1,2026-08-12 10:09:46,0
2280,,,,,,,,2,2026-08-12 10:10:00,0
2301,,,,,,,,1,2026-08-12 10:09:46,0
2302,,,,,,,,1,2026-08-12 10:09:46,0
2303,63,36,54,53,71,71,70,5,2026-08-12 11:57:28,1
2304,,,,,,,,1,2026-08-12 10:09:46,0
2305,78,58,61,64,55,61,65,5,2026-08-12 11:57:28,1
2306,,,,,,,,1,2026-08-12 10:09:46,0
2307,,,,,,,,1,2026-08-12 10:09:46,0
2308,47,64,68,71,82,84,81,3,2026-08-12 11:55:19,1
2309,,,,,,,,1,2026-08-12 10:09:46,0
2310,92,59,58,74,48,59,68,6,2026-08-12 11:57:28,1
2311,,,,,,,,1,2026-08-12 10:09:46,0
2312,,,,,,,,1,2026-08-12 10:09:46,0
2313,,,,,,,,1,2026-08-12 10:09:46,0
2314,,,,,,,,1,2026-08-12 10:09:46,0
2315,73,25,38,48,64,69,64,5,2026-08-12 11:57:28,1
2316,,,,,,,,1,2026-08-12 10:09:46,0
2317,,,,,,,,1,2026-08-12 10:09:46,0
2318,,,,,,,,1,2026-08-12 10:09:46,0
2319,,,,,,,,1,2026-08-12 10:09:46,0
2320,,,,,,,,1,2026-08-12 10:09:46,0
2321,,,,,,,,1,2026-08-12 10:09:46,0
2322,64,24,46,47,72,76,71,5,2026-08-12 11:57:28,1
2323,,,,,,,,1,2026-08-12 10:09:46,0
2324,,,,,,,,1,2026-08-12 10:09:46,0
2325,70,49,63,65,67,72,69,6,2026-08-12 11:57:28,1
2326,,,,,,,,1,2026-08-12 10:09:46,0
2327,65,35,55,58,70,66,66,5,2026-08-12 11:57:28,1
2328,,,,,,,,1,2026-08-12 10:09:46,0
2329,,,,,,,,1,2026-08-12 10:09:46,0
2330,,,,,,,,1,2026-08-12 10:09:46,0
2331,,,,,,,,1,2026-08-12 10:09:46,0
2332,,,,,,,,1,2026-08-12 10:09:46,0
2333,,,,,,,,1,2026-08-12 10:09:46,0
2334,83,74,65,75,30,69,74,5,2026-08-12 11:57:28,1
2335,,,,,,,,1,2026-08-12 10:09:46,0
2336,,,,,,,,1,2026-08-12 10:09:46,0
2337,,,,,,,,1,2026-08-12 10:09:46,0
2338,,,,,,,,1,2026-08-12 10:09:46,0
2339,,,,,,,,1,2026-08-12 10:09:46,0
2340,,,,,,,,1,2026-08-12 10:09:46,0
2342,,,,,,,,1,2026-08-12 10:09:47,0
2351,73,40,59,59,58,63,64,5,2026-08-12 11:57:28,1
2352,,,,,,,,2,2026-08-12 10:09:52,0
2358,,,,,,,,1,2026-08-12 10:09:47,0
2360,,,,,,,,1,2026-08-12 10:09:47,0
2361,71,72,64,71,39,67,71,5,2026-08-12 11:57:28,1
2362,70,26,50,60,69,73,70,5,2026-08-12 11:57:28,1
2363,52,45,65,64,73,70,73,5,2026-08-12 11:57:28,1
2364,,,,,,,,1,2026-08-12 10:09:47,0
2365,,,,,,,,1,2026-08-12 10:09:47,0
2366,58,73,76,77,65,72,77,5,2026-08-12 11:57:28,1
2367,70,52,65,72,74,74,74,5,2026-08-12 11:57:28,1
2368,86,46,66,71,69,70,75,5,2026-08-12 11:57:28,1
2369,,,,,,,,1,2026-08-12 10:09:47,0
2370,73,75,67,78,30,58,74,5,2026-08-12 11:57:28,1
2371,71,77,79,80,45,65,76,5,2026-08-12 11:57:28,1
2372,64,74,75,71,50,79,75,5,2026-08-12 11:57:28,1
2373,,,,,,,,1,2026-08-12 10:09:47,0
2374,74,54,63,69,50,58,68,5,2026-08-12 11:57:28,1
2375,87,74,66,73,41,72,74,5,2026-08-12 11:57:28,1
2376,74,71,66,71,39,72,73,5,2026-08-12 11:57:28,1
2377,74,63,51,65,25,55,64,5,2026-08-12 11:57:28,1
2378,63,37,52,54,64,62,64,5,2026-08-12 11:57:28,1
2379,65,66,70,66,42,70,69,5,2026-08-12 11:57:28,1
2380,,,,,,,,1,2026-08-12 10:09:47,0
2392,,,,,,,,2,2026-08-12 10:10:28,0
2396,,,,,,,,2,2026-08-12 10:10:28,0
2401,72,71,69,76,46,73,73,5,2026-08-12 11:57:28,1
2402,,,,,,,,1,2026-08-12 10:09:48,0
2403,,,,,,,,1,2026-08-12 10:09:48,0
2404,,,,,,,,1,2026-08-12 10:09:48,0
2405,,,,,,,,1,2026-08-12 10:09:48,0
2406,,,,,,,,1,2026-08-12 10:09:48,0
2407,,,,,,,,1,2026-08-12 10:09:48,0
2408,70,58,70,72,72,76,73,5,2026-08-12 11:57:28,1
2409,84,70,56,74,40,64,72,5,2026-08-12 11:57:28,1
2410,,,,,,,,1,2026-08-12 10:09:48,0
2411,74,61,53,66,27,49,62,5,2026-08-12 11:57:28,1
2412,70,63,65,66,71,70,71,5,2026-08-12 11:57:28,1
2413,,,,,,,,1,2026-08-12 10:09:48,0
2414,,,,,,,,1,2026-08-12 10:09:48,0
2415,,,,,,,,1,2026-08-12 10:09:48,0
2416,,,,,,,,1,2026-08-12 10:09:48,0
2417,,,,,,,,1,2026-08-12 10:09:48,0
2418,72,70,63,71,50,83,72,5,2026-08-12 11:57:28,1
2419,75,70,72,72,63,77,72,5,2026-08-12 11:57:28,1
2420,,,,,,,,1,2026-08-12 10:09:48,0
2421,,,,,,,,1,2026-08-12 10:09:48,0
2422,,,,,,,,1,2026-08-12 10:09:48,0
2423,53,39,61,63,72,80,72,5,2026-08-12 11:57:28,1
2428,59,65,73,72,66,63,71,6,2026-08-12 11:57:28,1
2431,,,,,,,,1,2026-08-12 10:09:48,0
2441,,,,,,,,2,2026-08-12 10:10:19,0
2442,83,82,85,89,50,87,87,6,2026-08-12 11:57:28,1
2443,74,48,69,73,82,81,82,6,2026-08-12 11:57:28,1
2444,74,46,75,76,88,82,87,6,2026-08-12 11:57:28,1
2445,,,,,,,,1,2026-08-12 10:09:48,0
2446,,,,,,,,1,2026-08-12 10:09:48,0
2447,82,77,78,82,73,72,81,6,2026-08-12 11:57:28,1
2448,,,,,,,,1,2026-08-12 10:09:48,0
2449,80,78,84,82,79,77,85,6,2026-08-12 11:57:28,1
2450,,,,,,,,1,2026-08-12 10:09:48,0
2451,81,88,75,84,51,83,88,6,2026-08-12 11:57:28,1
2452,,,,,,,,1,2026-08-12 10:09:48,0
2453,77,78,82,83,72,75,83,5,2026-08-12 11:57:28,1
2454,,,,,,,,1,2026-08-12 10:09:48,0
2455,,,,,,,,1,2026-08-12 10:09:48,0
2456,,,,,,,,1,2026-08-12 10:09:48,0
2457,,,,,,,,1,2026-08-12 10:09:48,0
2458,57,50,65,65,87,81,84,6,2026-08-12 11:57:28,1
2459,71,62,74,76,81,71,81,6,2026-08-12 11:57:28,1
2460,,,,,,,,1,2026-08-12 10:09:48,0
2461,62,41,68,69,86,74,84,5,2026-08-12 11:57:28,1
2462,,,,,,,,1,2026-08-12 10:09:48,0
2463,,,,,,,,1,2026-08-12 10:09:48,0
2464,86,83,76,82,50,80,85,6,2026-08-12 11:57:28,1
2468,61,35,49,52,66,70,66,2,2026-08-12 10:40:36,1
2470,,,,,,,,1,2026-08-12 10:09:49,0
2500,,,,,,,,1,2026-08-12 10:09:49,0
2505,,,,,,,,1,2026-08-12 10:09:50,0
2506,,,,,,,,1,2026-08-12 10:09:50,0
2507,,,,,,,,1,2026-08-12 10:09:50,0
2508,,,,,,,,1,2026-08-12 10:09:50,0
2509,,,,,,,,1,2026-08-12 10:09:50,0
2510,,,,,,,,1,2026-08-12 10:09:50,0
2511,,,,,,,,1,2026-08-12 10:09:50,0
2512,,,,,,,,1,2026-08-12 10:09:50,0
2513,,,,,,,,1,2026-08-12 10:09:50,0
2514,76,59,67,73,67,76,72,5,2026-08-12 11:57:28,1
2515,,,,,,,,1,2026-08-12 10:09:50,0
2516,,,,,,,,1,2026-08-12 10:09:50,0
2517,,,,,,,,1,2026-08-12 10:09:50,0
2518,,,,,,,,1,2026-08-12 10:09:50,0
2519,,,,,,,,1,2026-08-12 10:09:50,0
2520,,,,,,,,1,2026-08-12 10:09:50,0
2521,,,,,,,,1,2026-08-12 10:09:50,0
2522,,,,,,,,1,2026-08-12 10:09:50,0
2523,,,,,,,,1,2026-08-12 10:09:50,0
2524,,,,,,,,1,2026-08-12 10:09:50,0
2526,,,,,,,,1,2026-08-12 10:09:50,0
2544,92,45,56,63,57,74,65,6,2026-08-12 11:57:28,1
2545,,,,,,,,2,2026-08-12 10:10:12,0
2546,,,,,,,,2,2026-08-12 10:10:12,0
2547,,,,,,,,2,2026-08-12 10:10:12,0
2548,,,,,,,,2,2026-08-12 10:10:12,0
2549,,,,,,,,2,2026-08-12 10:10:12,0
2550,,,,,,,,1,2026-08-12 10:09:50,0
2551,,,,,,,,2,2026-08-12 10:10:12,0
2552,,,,,,,,2,2026-08-12 10:10:12,0
2553,,,,,,,,1,2026-08-12 10:09:50,0
2554,,,,,,,,2,2026-08-12 10:10:12,0
2555,,,,,,,,2,2026-08-12 10:10:12,0
2556,,,,,,,,2,2026-08-12 10:10:12,0
2557,,,,,,,,2,2026-08-12 10:10:12,0
2558,,,,,,,,2,2026-08-12 10:10:12,0
2559,,,,,,,,2,2026-08-12 10:10:12,0
2560,,,,,,,,2,2026-08-12 10:10:12,0
2561,,,,,,,,2,2026-08-12 10:10:12,0
2562,,,,,,,,2,2026-08-12 10:10:12,0
2563,,,,,,,,1,2026-08-12 10:09:50,0
2564,,,,,,,,1,2026-08-12 10:09:50,0
2585,,,,,,,,1,2026-08-12 10:09:51,0
2586,77,25,45,58,67,70,67,5,2026-08-12 11:57:28,1
2587,,,,,,,,1,2026-08-12 10:09:51,0
2588,51,33,47,57,75,72,73,5,2026-08-12 11:57:28,1
2589,,,,,,,,1,2026-08-12 10:09:51,0
2590,,,,,,,,1,2026-08-12 10:09:51,0
2591,,,,,,,,1,2026-08-12 10:09:51,0
2592,90,59,61,75,44,50,71,5,2026-08-12 11:57:28,1
2593,70,73,55,73,28,56,71,5,2026-08-12 11:57:28,1
2594,,,,,,,,1,2026-08-12 10:09:51,0
2595,,,,,,,,1,2026-08-12 10:09:51,0
2596,,,,,,,,1,2026-08-12 10:09:51,0
2597,78,72,60,68,33,60,71,5,2026-08-12 11:57:28,1
2598,,,,,,,,1,2026-08-12 10:09:51,0
2599,,,,,,,,1,2026-08-12 10:09:51,0
2600,78,69,56,70,28,71,70,5,2026-08-12 11:57:28,1
2601,,,,,,,,1,2026-08-12 10:09:51,0
2602,,,,,,,,1,2026-08-12 10:09:51,0
2603,71,70,66,70,39,70,70,5,2026-08-12 11:57:28,1
2604,,,,,,,,1,2026-08-12 10:09:51,0
2621,73,58,57,68,26,53,65,5,2026-08-12 11:57:28,1
2645,82,77,80,83,54,81,82,6,2026-08-12 11:57:28,1
2646,77,46,65,69,82,79,81,6,2026-08-12 11:57:28,1
2647,74,44,70,72,79,81,79,6,2026-08-12 11:57:28,1
2648,75,67,76,75,86,79,84,6,2026-08-12 11:57:28,1
2649,49,73,78,74,78,80,82,5,2026-08-12 11:57:28,1
2650,,,,,,,,1,2026-08-12 10:09:52,0
2651,77,78,76,80,74,83,80,6,2026-08-12 11:57:28,1
2652,83,80,75,81,32,70,80,3,2026-08-12 11:55:19,1
2653,,,,,,,,1,2026-08-12 10:09:52,0
2654,82,83,72,78,36,63,81,6,2026-08-12 11:57:28,1
2655,83,83,77,83,37,63,82,6,2026-08-12 11:57:28,1
2656,77,82,76,80,45,71,79,6,2026-08-12 11:57:28,1
2657,,,,,,,,1,2026-08-12 10:09:52,0
2658,,,,,,,,1,2026-08-12 10:09:52,0
2659,,,,,,,,1,2026-08-12 10:09:52,0
2660,82,70,74,78,50,54,76,5,2026-08-12 11:57:28,1
2661,,,,,,,,1,2026-08-12 10:09:52,0
2662,70,55,77,79,68,66,77,6,2026-08-12 11:57:28,1
2663,,,,,,,,1,2026-08-12 10:09:52,0
2664,78,70,72,80,57,61,77,5,2026-08-12 11:57:28,1
2678,,,,,,,,1,2026-08-12 10:09:53,0
2701,,,,,,,,1,2026-08-12 10:09:53,0
2702,,,,,,,,1,2026-08-12 10:09:53,0
2705,,,,,,,,1,2026-08-12 10:09:53,0
2709,,,,,,,,1,2026-08-12 10:09:53,0
2711,,,,,,,,2,2026-08-12 10:10:29,0
2767,,,,,,,,1,2026-08-12 10:09:56,0
2775,,,,,,,,1,2026-08-12 10:09:56,0
2776,91,56,64,75,71,65,75,6,2026-08-12 11:57:28,1
2780,78,69,66,74,34,55,72,2,2026-08-12 10:40:36,1
2784,63,30,41,43,60,61,60,2,2026-08-12 10:40:36,1
2797,,,,,,,,2,2026-08-12 10:10:22,0
2799,73,77,78,78,67,74,78,7,2026-08-12 11:57:28,1
2801,,,,,,,,4,2026-08-12 10:10:29,0
2807,,,,,,,,2,2026-08-12 10:10:22,0
2808,85,72,65,76,66,76,73,6,2026-08-12 11:57:28,1
2809,,,,,,,,2,2026-08-12 10:10:22,0
2812,84,81,67,78,43,73,80,6,2026-08-12 11:57:28,1
2817,68,67,52,66,31,71,68,6,2026-08-12 11:57:28,1
2818,77,72,75,76,42,73,75,6,2026-08-12 11:57:28,1
2830,,,,,,,,1,2026-08-12 10:09:56,0
2832,,,,,,,,1,2026-08-12 10:09:56,0
2833,,,,,,,,1,2026-08-12 10:09:56,0
2839,,,,,,,,1,2026-08-12 10:09:56,0
2842,54,66,68,70,70,77,71,5,2026-08-12 11:57:28,1
2843,85,74,70,75,67,65,74,5,2026-08-12 11:57:28,1
2845,61,48,59,57,71,77,71,4,2026-08-12 10:40:36,1
2854,64,71,58,66,35,72,72,8,2026-08-12 11:57:28,1
2861,92,51,50,73,28,57,66,2,2026-08-12 10:40:36,1
2870,75,63,69,68,69,81,73,2,2026-08-12 10:40:36,1
2880,89,57,59,71,26,42,67,2,2026-08-12 10:40:36,1
2904,,,,,,,,2,2026-08-12 10:10:08,0
2905,,,,,,,,2,2026-08-12 10:10:08,0
2906,76,46,56,58,64,68,65,5,2026-08-12 11:57:28,1
2907,,,,,,,,2,2026-08-12 10:10:08,0
2908,,,,,,,,2,2026-08-12 10:10:08,0
2909,,,,,,,,2,2026-08-12 10:10:08,0
2910,,,,,,,,2,2026-08-12 10:10:08,0
2911,,,,,,,,2,2026-08-12 10:10:08,0
2912,,,,,,,,2,2026-08-12 10:10:08,0
2913,,,,,,,,2,2026-08-12 10:10:08,0
2914,,,,,,,,2,2026-08-12 10:10:08,0
2915,,,,,,,,2,2026-08-12 10:10:08,0
2916,,,,,,,,2,2026-08-12 10:10:08,0
2917,57,39,55,62,63,74,67,6,2026-08-12 11:57:28,1
2918,,,,,,,,1,2026-08-12 10:09:58,0
2919,,,,,,,,1,2026-08-12 10:09:58,0
2920,,,,,,,,2,2026-08-12 10:10:08,0
2921,,,,,,,,1,2026-08-12 10:09:58,0
2942,74,70,75,75,41,73,74,5,2026-08-12 11:55:19,1
2943,,,,,,,,2,2026-08-12 10:10:27,0
2944,65,52,59,61,73,78,72,7,2026-08-12 11:57:28,1
2945,60,34,58,62,73,73,73,6,2026-08-12 11:57:28,1
2946,60,59,74,76,68,70,75,5,2026-08-12 11:57:28,1
2947,64,59,65,71,74,85,72,7,2026-08-12 11:57:28,1
2948,73,66,73,73,71,73,75,7,2026-08-12 11:57:28,1
2949,79,67,66,67,46,74,69,7,2026-08-12 11:57:28,1
2950,81,69,64,74,42,64,71,7,2026-08-12 11:57:28,1
2951,92,74,62,79,27,72,73,7,2026-08-12 11:57:28,1
2952,,,,,,,,2,2026-08-12 10:10:27,0
2953,90,69,56,73,22,66,72,7,2026-08-12 11:57:28,1
2954,78,38,59,63,62,59,67,7,2026-08-12 11:57:28,1
2955,,,,,,,,2,2026-08-12 10:10:27,0
2956,,,,,,,,2,2026-08-12 10:10:27,0
2957,,,,,,,,2,2026-08-12 10:10:27,0
2958,56,73,49,66,30,75,73,7,2026-08-12 11:57:28,1
2959,71,68,53,64,24,68,70,4,2026-08-12 11:57:28,1
2960,82,39,61,63,73,81,75,7,2026-08-12 11:57:28,1
2961,85,54,63,69,61,72,70,7,2026-08-12 11:57:28,1
2974,,,,,,,,1,2026-08-12 10:10:00,0
2975,,,,,,,,1,2026-08-12 10:10:00,0
2980,,,,,,,,1,2026-08-12 10:10:00,0
2982,,,,,,,,1,2026-08-12 10:10:00,0
2983,,,,,,,,1,2026-08-12 10:10:00,0
2984,,,,,,,,1,2026-08-12 10:10:00,0
2985,82,58,64,70,65,68,72,5,2026-08-12 11:57:28,1
2986,,,,,,,,1,2026-08-12 10:10:00,0
2987,,,,,,,,1,2026-08-12 10:10:00,0
2988,,,,,,,,1,2026-08-12 10:10:00,0
2989,,,,,,,,1,2026-08-12 10:10:00,0
2990,,,,,,,,1,2026-08-12 10:10:00,0
2991,,,,,,,,1,2026-08-12 10:10:00,0
2992,,,,,,,,1,2026-08-12 10:10:00,0
2993,,,,,,,,1,2026-08-12 10:10:00,0
2994,,,,,,,,1,2026-08-12 10:10:00,0
2995,,,,,,,,1,2026-08-12 10:10:00,0
2996,,,,,,,,1,2026-08-12 10:10:00,0
2997,,,,,,,,1,2026-08-12 10:10:00,0
2998,,,,,,,,1,2026-08-12 10:10:00,0
2999,91,55,61,69,21,59,67,3,2026-08-12 11:55:19,1
3000,,,,,,,,1,2026-08-12 10:10:00,0
3001,,,,,,,,1,2026-08-12 10:10:00,0
3002,81,81,68,82,49,78,81,6,2026-08-12 11:57:28,1
3003,56,37,62,65,83,82,82,6,2026-08-12 11:57:28,1
3004,,,,,,,,1,2026-08-12 10:10:01,0
3005,77,62,78,79,77,64,80,6,2026-08-12 11:57:28,1
3006,66,65,83,77,80,71,80,6,2026-08-12 11:57:28,1
3007,79,74,82,80,81,83,86,6,2026-08-12 11:57:28,1
3008,,,,,,,,1,2026-08-12 10:10:01,0
3009,66,75,84,84,79,81,86,4,2026-08-12 11:57:28,1
3010,,,,,,,,1,2026-08-12 10:10:01,0
3011,91,79,78,83,50,71,83,6,2026-08-12 11:57:28,1
3012,83,80,75,81,43,68,80,6,2026-08-12 11:57:28,1
3013,,,,,,,,1,2026-08-12 10:10:01,0
3014,,,,,,,,1,2026-08-12 10:10:01,0
3015,,,,,,,,1,2026-08-12 10:10:01,0
3016,,,,,,,,1,2026-08-12 10:10:01,0
3017,,,,,,,,1,2026-08-12 10:10:01,0
3018,,,,,,,,1,2026-08-12 10:10:01,0
3019,67,78,65,79,41,74,79,6,2026-08-12 11:57:28,1
3020,77,75,73,80,68,72,78,6,2026-08-12 11:57:28,1
3021,,,,,,,,1,2026-08-12 10:10:01,0
3022,92,72,76,82,39,70,81,6,2026-08-12 11:57:28,1
3023,,,,,,,,1,2026-08-12 10:10:01,0
3024,,,,,,,,1,2026-08-12 10:10:01,0
3025,60,59,72,76,80,73,80,6,2026-08-12 11:57:28,1
3026,,,,,,,,1,2026-08-12 10:10:01,0
3027,,,,,,,,1,2026-08-12 10:10:01,0
3028,79,76,72,74,64,74,77,6,2026-08-12 11:57:28,1
3029,53,72,84,75,65,71,79,6,2026-08-12 11:57:28,1
3030,,,,,,,,1,2026-08-12 10:10:01,0
3031,,,,,,,,1,2026-08-12 10:10:01,0
3032,,,,,,,,1,2026-08-12 10:10:01,0
3033,92,74,70,77,45,71,76,6,2026-08-12 11:57:28,1
3034,,,,,,,,1,2026-08-12 10:10:01,0
3035,,,,,,,,1,2026-08-12 10:10:01,0
3036,,,,,,,,1,2026-08-12 10:10:01,0
3037,92,61,58,73,26,63,70,6,2026-08-12 11:57:28,1
3038,,,,,,,,1,2026-08-12 10:10:01,0
3039,,,,,,,,1,2026-08-12 10:10:01,0
3040,65,64,66,68,77,82,77,6,2026-08-12 11:57:28,1
3041,,,,,,,,1,2026-08-12 10:10:01,0
3042,,,,,,,,1,2026-08-12 10:10:01,0
3043,,,,,,,,2,2026-08-12 10:10:22,0
3044,68,27,51,48,69,75,71,8,2026-08-12 11:57:28,1
3045,66,44,63,66,83,81,82,8,2026-08-12 11:57:28,1
3046,69,65,70,72,79,81,79,7,2026-08-12 11:57:28,1
3047,77,73,71,78,71,77,78,7,2026-08-12 11:57:28,1
3048,82,71,78,85,41,64,82,8,2026-08-12 11:57:28,1
3049,83,53,71,77,71,51,77,3,2026-08-12 10:40:36,1
3050,71,65,57,68,21,50,63,7,2026-08-12 11:57:28,1
3051,,,,,,,,3,2026-08-12 10:10:30,0
3052,94,67,67,76,46,59,75,4,2026-08-12 10:40:36,1
3053,60,75,85,85,56,67,82,8,2026-08-12 11:57:28,1
3054,86,30,64,68,73,76,74,4,2026-08-12 10:40:36,1
3055,,,,,,,,2,2026-08-12 10:10:30,0
3056,89,71,69,76,56,64,77,3,2026-08-12 10:40:36,1
3057,63,67,72,78,64,65,73,4,2026-08-12 10:40:36,1
3058,76,71,81,77,41,73,76,4,2026-08-12 10:40:36,1
3059,68,60,58,66,44,62,64,3,2026-08-12 10:40:36,1
3060,64,73,74,75,80,74,80,8,2026-08-12 11:57:28,1
3061,75,50,61,68,67,71,72,3,2026-08-12 10:40:36,1
3062,85,35,53,67,64,64,70,6,2026-08-12 11:57:28,1
3071,,,,,,,,1,2026-08-12 10:10:01,0
3074,66,32,55,62,72,69,72,5,2026-08-12 11:57:28,1
3076,,,,,,,,1,2026-08-12 10:10:01,0
3083,,,,,,,,1,2026-08-12 10:10:02,0
3084,,,,,,,,1,2026-08-12 10:10:02,0
3085,67,42,57,60,66,80,69,5,2026-08-12 11:57:28,1
3086,80,60,65,65,65,74,71,5,2026-08-12 11:57:28,1
3087,,,,,,,,1,2026-08-12 10:10:02,0
3088,,,,,,,,1,2026-08-12 10:10:02,0
3089,,,,,,,,1,2026-08-12 10:10:02,0
3090,,,,,,,,1,2026-08-12 10:10:02,0
3091,,,,,,,,1,2026-08-12 10:10:02,0
3092,,,,,,,,1,2026-08-12 10:10:02,0
3093,,,,,,,,1,2026-08-12 10:10:02,0
3094,,,,,,,,1,2026-08-12 10:10:02,0
3095,,,,,,,,1,2026-08-12 10:10:02,0
3096,,,,,,,,1,2026-08-12 10:10:02,0
3097,70,61,48,58,30,70,63,5,2026-08-12 11:57:28,1
3098,,,,,,,,1,2026-08-12 10:10:02,0
3099,,,,,,,,1,2026-08-12 10:10:02,0
3100,,,,,,,,1,2026-08-12 10:10:02,0
3101,,,,,,,,1,2026-08-12 10:10:02,0
3102,,,,,,,,1,2026-08-12 10:10:02,0
3107,78,57,67,67,66,68,71,5,2026-08-12 11:57:28,1
3123,,,,,,,,1,2026-08-12 10:10:03,0
3124,,,,,,,,1,2026-08-12 10:10:03,0
3125,,,,,,,,1,2026-08-12 10:10:03,0
3126,,,,,,,,1,2026-08-12 10:10:03,0
3127,,,,,,,,1,2026-08-12 10:10:03,0
3128,,,,,,,,1,2026-08-12 10:10:03,0
3129,,,,,,,,1,2026-08-12 10:10:03,0
3130,,,,,,,,1,2026-08-12 10:10:03,0
3131,90,70,69,74,33,63,75,3,2026-08-12 11:55:19,1
3132,,,,,,,,1,2026-08-12 10:10:03,0
3133,,,,,,,,1,2026-08-12 10:10:03,0
3134,,,,,,,,1,2026-08-12 10:10:03,0
3135,,,,,,,,1,2026-08-12 10:10:03,0
3136,,,,,,,,1,2026-08-12 10:10:03,0
3137,,,,,,,,1,2026-08-12 10:10:03,0
3138,,,,,,,,1,2026-08-12 10:10:03,0
3139,,,,,,,,1,2026-08-12 10:10:03,0
3140,,,,,,,,1,2026-08-12 10:10:03,0
3141,,,,,,,,1,2026-08-12 10:10:03,0
3142,,,,,,,,1,2026-08-12 10:10:03,0
3143,,,,,,,,1,2026-08-12 10:10:03,0
3144,76,39,55,60,73,82,75,5,2026-08-12 11:57:28,1
3145,,,,,,,,1,2026-08-12 10:10:03,0
3146,76,38,54,62,75,75,74,5,2026-08-12 11:57:28,1
3147,53,58,75,71,72,79,76,5,2026-08-12 11:57:28,1
3148,,,,,,,,1,2026-08-12 10:10:03,0
3149,,,,,,,,1,2026-08-12 10:10:03,0
3150,,,,,,,,1,2026-08-12 10:10:03,0
3151,,,,,,,,1,2026-08-12 10:10:03,0
3152,,,,,,,,1,2026-08-12 10:10:03,0
3153,,,,,,,,1,2026-08-12 10:10:03,0
3154,,,,,,,,1,2026-08-12 10:10:03,0
3155,73,72,55,68,29,81,74,5,2026-08-12 11:57:28,1
3156,,,,,,,,1,2026-08-12 10:10:03,0
3157,,,,,,,,1,2026-08-12 10:10:03,0
3158,,,,,,,,1,2026-08-12 10:10:03,0
3159,,,,,,,,1,2026-08-12 10:10:03,0
3160,,,,,,,,1,2026-08-12 10:10:03,0
3161,78,74,67,71,63,74,73,5,2026-08-12 11:57:28,1
3162,,,,,,,,1,2026-08-12 10:10:03,0
3163,,,,,,,,1,2026-08-12 10:10:03,0
3164,,,,,,,,1,2026-08-12 10:10:03,0
3165,70,59,65,68,65,76,70,5,2026-08-12 11:57:28,1
3166,79,72,76,80,46,73,77,5,2026-08-12 11:57:28,1
3167,73,44,59,59,66,65,66,5,2026-08-12 11:57:28,1
3168,,,,,,,,1,2026-08-12 10:10:04,0
3169,,,,,,,,1,2026-08-12 10:10:04,0
3170,73,51,64,70,69,64,72,5,2026-08-12 11:57:28,1
3171,62,62,69,72,68,80,72,5,2026-08-12 11:57:28,1
3172,64,64,69,68,75,78,75,5,2026-08-12 11:57:28,1
3173,85,64,65,74,32,58,72,5,2026-08-12 11:57:28,1
3174,76,72,71,78,59,73,76,5,2026-08-12 11:57:28,1
3175,,,,,,,,1,2026-08-12 10:10:04,0
3176,,,,,,,,1,2026-08-12 10:10:04,0
3177,,,,,,,,1,2026-08-12 10:10:04,0
3178,81,70,65,73,35,70,72,5,2026-08-12 11:57:28,1
3179,,,,,,,,1,2026-08-12 10:10:04,0
3180,,,,,,,,1,2026-08-12 10:10:04,0
3181,,,,,,,,1,2026-08-12 10:10:04,0
3182,,,,,,,,1,2026-08-12 10:10:04,0
3183,69,70,68,73,62,73,72,5,2026-08-12 11:57:28,1
3184,,,,,,,,1,2026-08-12 10:10:04,0
3185,,,,,,,,1,2026-08-12 10:10:04,0
3186,,,,,,,,1,2026-08-12 10:10:04,0
3187,68,53,65,65,73,76,73,5,2026-08-12 11:57:28,1
3188,68,66,68,67,37,66,67,5,2026-08-12 11:57:28,1
3189,,,,,,,,2,2026-08-12 10:10:10,0
3190,69,45,67,65,84,79,82,7,2026-08-12 11:57:28,1
3191,,,,,,,,2,2026-08-12 10:10:10,0
3192,84,72,73,77,79,80,83,6,2026-08-12 11:57:28,1
3193,76,82,77,80,80,85,85,6,2026-08-12 11:57:28,1
3194,71,69,80,82,76,71,83,6,2026-08-12 11:57:28,1
3195,85,65,73,77,76,67,78,7,2026-08-12 11:57:28,1
3196,81,71,79,81,76,73,81,5,2026-08-12 11:57:28,1
3197,85,76,58,72,33,79,76,6,2026-08-12 11:57:28,1
3198,72,71,73,80,65,68,77,6,2026-08-12 11:57:28,1
3199,,,,,,,,2,2026-08-12 10:10:10,0
3200,,,,,,,,2,2026-08-12 10:10:10,0
3201,49,55,61,62,80,76,78,7,2026-08-12 11:57:28,1
3202,70,51,69,72,77,73,78,6,2026-08-12 11:57:28,1
3203,,,,,,,,2,2026-08-12 10:10:10,0
3204,68,66,61,69,48,64,67,6,2026-08-12 11:57:28,1
3205,,,,,,,,1,2026-08-12 10:10:04,0
3206,63,78,59,67,34,82,76,8,2026-08-12 11:57:28,1
3207,80,77,73,84,50,68,80,7,2026-08-12 11:57:28,1
3208,,,,,,,,1,2026-08-12 10:10:04,0
3209,79,82,75,75,41,84,84,6,2026-08-12 11:57:28,1
3221,,,,,,,,1,2026-08-12 10:10:05,0
3224,,,,,,,,1,2026-08-12 10:10:05,0
3230,,,,,,,,1,2026-08-12 10:10:05,0
3231,,,,,,,,1,2026-08-12 10:10:05,0
3232,,,,,,,,1,2026-08-12 10:10:05,0
3233,,,,,,,,1,2026-08-12 10:10:05,0
3234,,,,,,,,1,2026-08-12 10:10:05,0
3235,,,,,,,,1,2026-08-12 10:10:05,0
3236,71,54,60,66,59,65,63,5,2026-08-12 11:57:28,1
3237,57,22,55,55,68,78,69,5,2026-08-12 11:57:28,1
3238,,,,,,,,1,2026-08-12 10:10:05,0
3239,,,,,,,,1,2026-08-12 10:10:05,0
3240,64,60,58,68,33,48,62,5,2026-08-12 11:57:28,1
3241,81,67,56,72,30,62,66,5,2026-08-12 11:57:28,1
3242,,,,,,,,1,2026-08-12 10:10:05,0
3243,,,,,,,,1,2026-08-12 10:10:05,0
3244,48,70,45,59,26,68,65,5,2026-08-12 11:57:28,1
3245,,,,,,,,1,2026-08-12 10:10:05,0
3246,,,,,,,,1,2026-08-12 10:10:05,0
3247,,,,,,,,1,2026-08-12 10:10:05,0
3248,,,,,,,,1,2026-08-12 10:10:05,0
3249,,,,,,,,1,2026-08-12 10:10:05,0
3270,78,75,75,77,40,74,76,7,2026-08-12 11:57:28,1
3271,72,43,68,73,81,75,80,6,2026-08-12 11:57:28,1
3272,,,,,,,,2,2026-08-12 10:10:26,0
3273,86,61,80,79,74,78,82,7,2026-08-12 11:57:28,1
3274,81,72,73,81,71,75,78,7,2026-08-12 11:57:28,1
3275,72,62,74,74,74,76,77,7,2026-08-12 11:57:28,1
3276,74,72,72,79,47,63,77,7,2026-08-12 11:57:28,1
3277,66,61,64,68,61,72,70,3,2026-08-12 10:40:36,1
3278,,,,,,,,2,2026-08-12 10:10:26,0
3279,89,72,68,81,41,63,76,7,2026-08-12 11:57:28,1
3280,71,61,62,64,25,49,66,7,2026-08-12 11:57:28,1
3281,,,,,,,,2,2026-08-12 10:10:26,0
3282,72,36,60,56,74,79,75,3,2026-08-12 10:40:36,1
3283,70,66,66,71,42,68,69,2,2026-08-12 10:40:36,1
3284,74,71,69,79,30,63,74,7,2026-08-12 11:57:28,1
3285,85,55,59,73,30,54,68,3,2026-08-12 10:40:36,1
3286,69,70,74,78,75,78,80,7,2026-08-12 11:57:28,1
3287,75,76,66,71,28,76,74,7,2026-08-12 11:57:28,1
3288,73,54,76,78,78,74,80,7,2026-08-12 11:57:28,1
3289,85,72,70,81,33,63,78,7,2026-08-12 11:57:28,1
3290,,,,,,,,1,2026-08-12 10:10:06,0
3291,,,,,,,,1,2026-08-12 10:10:06,0
3292,,,,,,,,1,2026-08-12 10:10:06,0
3293,,,,,,,,1,2026-08-12 10:10:06,0
3294,,,,,,,,1,2026-08-12 10:10:06,0
3295,62,54,62,64,68,72,70,5,2026-08-12 11:57:28,1
3296,,,,,,,,1,2026-08-12 10:10:06,0
3297,,,,,,,,1,2026-08-12 10:10:06,0
3298,,,,,,,,1,2026-08-12 10:10:06,0
3299,,,,,,,,1,2026-08-12 10:10:06,0
3300,,,,,,,,1,2026-08-12 10:10:06,0
3301,,,,,,,,1,2026-08-12 10:10:06,0
3302,,,,,,,,1,2026-08-12 10:10:06,0
3303,,,,,,,,1,2026-08-12 10:10:06,0
3304,,,,,,,,1,2026-08-12 10:10:06,0
3305,,,,,,,,1,2026-08-12 10:10:06,0
3306,67,65,70,72,63,64,69,5,2026-08-12 11:57:28,1
3307,,,,,,,,1,2026-08-12 10:10:06,0
3308,,,,,,,,1,2026-08-12 10:10:06,0
3309,,,,,,,,1,2026-08-12 10:10:06,0
3310,66,63,54,67,36,66,65,5,2026-08-12 11:57:28,1
3311,,,,,,,,1,2026-08-12 10:10:06,0
3312,,,,,,,,1,2026-08-12 10:10:06,0
3313,,,,,,,,1,2026-08-12 10:10:06,0
3314,,,,,,,,1,2026-08-12 10:10:06,0
3315,,,,,,,,1,2026-08-12 10:10:06,0
3316,,,,,,,,1,2026-08-12 10:10:06,0
3317,,,,,,,,1,2026-08-12 10:10:06,0
3318,,,,,,,,1,2026-08-12 10:10:06,0
3319,,,,,,,,1,2026-08-12 10:10:06,0
3320,,,,,,,,1,2026-08-12 10:10:06,0
3321,,,,,,,,1,2026-08-12 10:10:06,0
3322,,,,,,,,1,2026-08-12 10:10:06,0
3323,,,,,,,,1,2026-08-12 10:10:06,0
3324,,,,,,,,1,2026-08-12 10:10:06,0
3325,,,,,,,,1,2026-08-12 10:10:06,0
3326,75,48,59,63,68,81,71,5,2026-08-12 11:57:28,1
3327,,,,,,,,1,2026-08-12 10:10:06,0
3328,,,,,,,,1,2026-08-12 10:10:07,0
3329,,,,,,,,1,2026-08-12 10:10:07,0
3330,,,,,,,,1,2026-08-12 10:10:07,0
3331,,,,,,,,1,2026-08-12 10:10:07,0
3332,,,,,,,,1,2026-08-12 10:10:07,0
3333,,,,,,,,1,2026-08-12 10:10:07,0
3334,,,,,,,,1,2026-08-12 10:10:07,0
3335,,,,,,,,1,2026-08-12 10:10:07,0
3336,,,,,,,,1,2026-08-12 10:10:07,0
3337,,,,,,,,1,2026-08-12 10:10:07,0
3338,,,,,,,,1,2026-08-12 10:10:07,0
3339,,,,,,,,1,2026-08-12 10:10:07,0
3340,,,,,,,,1,2026-08-12 10:10:07,0
3341,,,,,,,,1,2026-08-12 10:10:07,0
3342,,,,,,,,1,2026-08-12 10:10:07,0
3343,,,,,,,,1,2026-08-12 10:10:07,0
3344,,,,,,,,1,2026-08-12 10:10:07,0
3345,,,,,,,,1,2026-08-12 10:10:07,0
3346,,,,,,,,1,2026-08-12 10:10:07,0
3347,,,,,,,,1,2026-08-12 10:10:07,0
3362,,,,,,,,1,2026-08-12 10:10:07,0
3364,,,,,,,,1,2026-08-12 10:10:07,0
3389,,,,,,,,1,2026-08-12 10:10:08,0
3395,,,,,,,,1,2026-08-12 10:10:08,0
3399,,,,,,,,1,2026-08-12 10:10:08,0
3401,,,,,,,,1,2026-08-12 10:10:08,0
3403,,,,,,,,1,2026-08-12 10:10:08,0
3405,,,,,,,,1,2026-08-12 10:10:08,0
3407,,,,,,,,2,2026-08-12 10:10:26,0
3408,67,28,49,60,68,69,68,5,2026-08-12 11:57:28,1
3409,57,36,56,61,69,74,70,6,2026-08-12 11:57:28,1
3410,89,65,64,69,62,74,70,6,2026-08-12 11:57:28,1
3411,,,,,,,,2,2026-08-12 10:10:26,0
3412,,,,,,,,2,2026-08-12 10:10:26,0
3413,,,,,,,,2,2026-08-12 10:10:26,0
3414,,,,,,,,2,2026-08-12 10:10:26,0
3415,,,,,,,,2,2026-08-12 10:10:26,0
3416,,,,,,,,2,2026-08-12 10:10:26,0
3417,,,,,,,,1,2026-08-12 10:10:08,0
3418,,,,,,,,2,2026-08-12 10:10:26,0
3419,,,,,,,,2,2026-08-12 10:10:26,0
3420,74,72,74,75,71,72,77,6,2026-08-12 11:57:28,1
3421,,,,,,,,2,2026-08-12 10:10:26,0
3422,64,73,75,76,44,60,74,5,2026-08-12 11:57:28,1
3423,,,,,,,,2,2026-08-12 10:10:26,0
3424,,,,,,,,2,2026-08-12 10:10:26,0
3425,72,64,73,73,63,72,73,6,2026-08-12 11:57:28,1
3426,,,,,,,,2,2026-08-12 10:10:26,0
3448,69,51,60,63,84,78,83,6,2026-08-12 11:57:28,1
3458,80,78,80,83,59,55,81,6,2026-08-12 11:57:28,1
3463,,,,,,,,2,2026-08-12 10:10:18,0
3465,,,,,,,,1,2026-08-12 10:10:10,0
3469,,,,,,,,1,2026-08-12 10:10:10,0
3470,,,,,,,,1,2026-08-12 10:10:10,0
3471,49,46,60,59,72,78,72,5,2026-08-12 11:57:28,1
3472,79,63,66,70,67,70,73,5,2026-08-12 11:57:28,1
3473,50,38,51,55,73,72,71,5,2026-08-12 11:57:28,1
3474,,,,,,,,1,2026-08-12 10:10:10,0
3475,57,65,71,76,72,76,74,6,2026-08-12 11:57:28,1
3476,,,,,,,,1,2026-08-12 10:10:10,0
3477,70,76,56,71,27,69,75,6,2026-08-12 11:57:28,1
3478,91,77,74,83,36,57,80,6,2026-08-12 11:57:28,1
3479,,,,,,,,1,2026-08-12 10:10:10,0
3480,,,,,,,,1,2026-08-12 10:10:10,0
3481,,,,,,,,1,2026-08-12 10:10:10,0
3482,,,,,,,,1,2026-08-12 10:10:10,0
3483,,,,,,,,1,2026-08-12 10:10:10,0
3484,,,,,,,,1,2026-08-12 10:10:10,0
3485,,,,,,,,1,2026-08-12 10:10:10,0
3486,79,72,64,67,41,75,72,7,2026-08-12 11:57:28,1
3487,,,,,,,,1,2026-08-12 10:10:10,0
3488,,,,,,,,1,2026-08-12 10:10:10,0
3489,,,,,,,,1,2026-08-12 10:10:10,0
3490,,,,,,,,1,2026-08-12 10:10:10,0
3491,,,,,,,,1,2026-08-12 10:10:10,0
3492,,,,,,,,1,2026-08-12 10:10:10,0
3493,78,77,85,81,52,78,79,6,2026-08-12 11:57:28,1
3494,,,,,,,,1,2026-08-12 10:10:11,0
3495,,,,,,,,1,2026-08-12 10:10:11,0
3496,72,49,71,74,77,69,78,5,2026-08-12 11:57:28,1
3497,88,63,71,75,78,75,80,5,2026-08-12 11:57:28,1
3498,75,77,82,84,60,72,82,6,2026-08-12 11:57:28,1
3499,71,68,79,81,77,78,80,6,2026-08-12 11:57:28,1
3500,58,65,72,71,77,79,77,5,2026-08-12 11:57:28,1
3501,,,,,,,,1,2026-08-12 10:10:11,0
3502,82,75,75,81,50,63,78,6,2026-08-12 11:57:28,1
3503,,,,,,,,1,2026-08-12 10:10:11,0
3504,89,72,70,81,62,68,79,5,2026-08-12 11:57:28,1
3505,,,,,,,,1,2026-08-12 10:10:11,0
3506,,,,,,,,1,2026-08-12 10:10:11,0
3507,69,65,72,76,76,77,79,6,2026-08-12 11:57:28,1
3508,73,71,70,74,48,70,72,5,2026-08-12 11:57:28,1
3509,,,,,,,,1,2026-08-12 10:10:11,0
3510,,,,,,,,1,2026-08-12 10:10:11,0
3512,,,,,,,,1,2026-08-12 10:10:11,0
3513,86,85,86,89,56,90,89,3,2026-08-12 11:55:19,1
3514,73,60,72,72,90,87,90,5,2026-08-12 11:57:28,1
3515,77,34,63,69,86,85,86,6,2026-08-12 11:57:28,1
3516,87,59,75,78,77,80,82,5,2026-08-12 11:57:28,1
3517,79,82,84,82,67,76,83,6,2026-08-12 11:57:28,1
3518,74,74,76,82,72,76,80,6,2026-08-12 11:57:28,1
3519,66,82,85,85,78,76,87,5,2026-08-12 11:57:28,1
3520,76,76,81,85,81,81,85,6,2026-08-12 11:57:28,1
3521,,,,,,,,1,2026-08-12 10:10:11,0
3522,83,82,80,83,47,74,84,6,2026-08-12 11:57:28,1
3523,89,88,86,90,45,76,91,6,2026-08-12 11:57:28,1
3524,84,81,72,84,48,84,84,5,2026-08-12 11:57:28,1
3525,87,80,75,83,44,68,81,6,2026-08-12 11:57:28,1
3526,,,,,,,,1,2026-08-12 10:10:11,0
3527,74,29,70,71,79,73,79,6,2026-08-12 11:57:28,1
3528,,,,,,,,1,2026-08-12 10:10:11,0
3529,,,,,,,,1,2026-08-12 10:10:11,0
3530,,,,,,,,1,2026-08-12 10:10:11,0
3531,,,,,,,,1,2026-08-12 10:10:11,0
3532,,,,,,,,1,2026-08-12 10:10:11,0
3539,,,,,,,,1,2026-08-12 10:10:12,0
3540,,,,,,,,1,2026-08-12 10:10:12,0
3542,,,,,,,,1,2026-08-12 10:10:12,0
3548,58,56,59,62,57,70,64,5,2026-08-12 11:57:28,1
3564,,,,,,,,1,2026-08-12 10:10:12,0
3565,,,,,,,,1,2026-08-12 10:10:12,0
3566,,,,,,,,1,2026-08-12 10:10:12,0
3571,,,,,,,,1,2026-08-12 10:10:12,0
3584,,,,,,,,1,2026-08-12 10:10:12,0
3588,,,,,,,,1,2026-08-12 10:10:12,0
3593,,,,,,,,1,2026-08-12 10:10:12,0
3595,73,70,70,74,38,73,72,5,2026-08-12 11:57:28,1
3596,73,65,65,69,69,72,70,5,2026-08-12 11:57:28,1
3597,45,35,51,54,72,83,73,5,2026-08-12 11:57:28,1
3598,66,50,63,63,70,77,70,5,2026-08-12 11:57:28,1
3599,,,,,,,,1,2026-08-12 10:10:12,0
3600,84,64,69,77,63,66,73,5,2026-08-12 11:57:28,1
3601,67,64,69,71,75,67,74,5,2026-08-12 11:57:28,1
3602,,,,,,,,1,2026-08-12 10:10:12,0
3603,70,70,54,66,36,80,70,5,2026-08-12 11:57:28,1
3604,,,,,,,,1,2026-08-12 10:10:12,0
3605,76,67,68,72,36,69,72,5,2026-08-12 11:57:28,1
3606,,,,,,,,1,2026-08-12 10:10:12,0
3607,,,,,,,,1,2026-08-12 10:10:12,0
3608,,,,,,,,1,2026-08-12 10:10:12,0
3609,,,,,,,,1,2026-08-12 10:10:12,0
3610,67,62,68,71,56,65,68,5,2026-08-12 11:57:28,1
3611,,,,,,,,1,2026-08-12 10:10:12,0
3612,,,,,,,,1,2026-08-12 10:10:12,0
3613,,,,,,,,1,2026-08-12 10:10:12,0
3614,78,65,67,71,36,66,70,5,2026-08-12 11:57:28,1
3615,,,,,,,,1,2026-08-12 10:10:12,0
3616,83,81,75,84,27,76,81,8,2026-08-12 11:57:28,1
3617,,,,,,,,3,2026-08-12 10:10:24,0
3618,,,,,,,,3,2026-08-12 10:10:24,0
3619,78,52,70,70,70,67,75,8,2026-08-12 11:57:28,1
3620,,,,,,,,3,2026-08-12 10:10:24,0
3621,,,,,,,,2,2026-08-12 10:10:18,0
3622,,,,,,,,2,2026-08-12 10:10:18,0
3623,,,,,,,,3,2026-08-12 10:10:24,0
3625,88,66,69,77,34,49,75,7,2026-08-12 11:57:28,1
3626,,,,,,,,3,2026-08-12 10:10:24,0
3627,,,,,,,,2,2026-08-12 10:10:24,0
3628,,,,,,,,1,2026-08-12 10:10:13,0
3629,70,27,54,58,62,78,65,7,2026-08-12 11:57:28,1
3630,,,,,,,,3,2026-08-12 10:10:24,0
3631,62,65,61,59,26,60,61,7,2026-08-12 11:57:28,1
3632,,,,,,,,2,2026-08-12 10:10:24,0
3633,60,49,59,66,62,71,64,6,2026-08-12 11:57:28,1
3634,,,,,,,,3,2026-08-12 10:10:24,0
3635,,,,,,,,3,2026-08-12 10:10:24,0
3636,,,,,,,,3,2026-08-12 10:10:24,0
3637,,,,,,,,2,2026-08-12 10:10:18,0
3638,,,,,,,,3,2026-08-12 10:10:24,0
3639,,,,,,,,3,2026-08-12 10:10:24,0
3652,,,,,,,,1,2026-08-12 10:10:13,0
3654,60,74,56,67,32,77,73,5,2026-08-12 11:57:28,1
3660,,,,,,,,1,2026-08-12 10:10:13,0
3661,,,,,,,,1,2026-08-12 10:10:14,0
3662,,,,,,,,1,2026-08-12 10:10:14,0
3663,,,,,,,,1,2026-08-12 10:10:14,0
3664,,,,,,,,1,2026-08-12 10:10:14,0
3665,,,,,,,,1,2026-08-12 10:10:14,0
3666,,,,,,,,1,2026-08-12 10:10:14,0
3667,,,,,,,,1,2026-08-12 10:10:14,0
3668,,,,,,,,1,2026-08-12 10:10:14,0
3669,,,,,,,,1,2026-08-12 10:10:14,0
3670,,,,,,,,1,2026-08-12 10:10:14,0
3671,,,,,,,,1,2026-08-12 10:10:14,0
3672,,,,,,,,1,2026-08-12 10:10:14,0
3673,,,,,,,,1,2026-08-12 10:10:14,0
3674,,,,,,,,1,2026-08-12 10:10:14,0
3675,,,,,,,,1,2026-08-12 10:10:14,0
3676,,,,,,,,1,2026-08-12 10:10:14,0
3677,,,,,,,,1,2026-08-12 10:10:14,0
3678,,,,,,,,1,2026-08-12 10:10:14,0
3679,,,,,,,,1,2026-08-12 10:10:14,0
3680,,,,,,,,1,2026-08-12 10:10:14,0
3681,,,,,,,,1,2026-08-12 10:10:14,0
3682,,,,,,,,1,2026-08-12 10:10:14,0
3683,,,,,,,,1,2026-08-12 10:10:14,0
3706,,,,,,,,1,2026-08-12 10:10:15,0
3707,,,,,,,,1,2026-08-12 10:10:15,0
3708,,,,,,,,1,2026-08-12 10:10:15,0
3709,,,,,,,,1,2026-08-12 10:10:15,0
3710,,,,,,,,1,2026-08-12 10:10:15,0
3711,,,,,,,,1,2026-08-12 10:10:15,0
3712,,,,,,,,1,2026-08-12 10:10:15,0
3713,,,,,,,,1,2026-08-12 10:10:15,0
3714,,,,,,,,1,2026-08-12 10:10:15,0
3715,,,,,,,,1,2026-08-12 10:10:15,0
3716,,,,,,,,1,2026-08-12 10:10:15,0
3717,,,,,,,,1,2026-08-12 10:10:15,0
3718,,,,,,,,1,2026-08-12 10:10:15,0
3719,,,,,,,,1,2026-08-12 10:10:15,0
3720,,,,,,,,1,2026-08-12 10:10:15,0
3721,91,74,68,77,35,66,77,2,2026-08-12 10:40:36,1
3722,,,,,,,,1,2026-08-12 10:10:15,0
3723,,,,,,,,1,2026-08-12 10:10:15,0
3724,,,,,,,,1,2026-08-12 10:10:15,0
3725,,,,,,,,1,2026-08-12 10:10:15,0
3726,,,,,,,,1,2026-08-12 10:10:15,0
3727,,,,,,,,1,2026-08-12 10:10:15,0
3728,,,,,,,,1,2026-08-12 10:10:15,0
3729,,,,,,,,1,2026-08-12 10:10:15,0
3730,,,,,,,,1,2026-08-12 10:10:15,0
3731,,,,,,,,1,2026-08-12 10:10:15,0
3732,,,,,,,,1,2026-08-12 10:10:15,0
3733,,,,,,,,1,2026-08-12 10:10:15,0
3734,91,71,63,73,37,68,73,5,2026-08-12 11:57:28,1
3735,84,72,70,76,45,64,74,5,2026-08-12 11:57:28,1
3736,,,,,,,,1,2026-08-12 10:10:15,0
3737,78,44,52,46,67,84,70,5,2026-08-12 11:57:28,1
3738,,,,,,,,1,2026-08-12 10:10:15,0
3739,,,,,,,,1,2026-08-12 10:10:15,0
3740,,,,,,,,1,2026-08-12 10:10:15,0
3741,,,,,,,,1,2026-08-12 10:10:15,0
3742,,,,,,,,1,2026-08-12 10:10:15,0
3743,,,,,,,,1,2026-08-12 10:10:15,0
3744,,,,,,,,1,2026-08-12 10:10:15,0
3745,,,,,,,,1,2026-08-12 10:10:15,0
3746,,,,,,,,1,2026-08-12 10:10:16,0
3747,,,,,,,,1,2026-08-12 10:10:16,0
3748,,,,,,,,1,2026-08-12 10:10:16,0
3749,,,,,,,,1,2026-08-12 10:10:16,0
3750,,,,,,,,1,2026-08-12 10:10:16,0
3751,78,71,77,82,51,64,79,4,2026-08-12 11:57:28,1
3752,,,,,,,,1,2026-08-12 10:10:16,0
3753,,,,,,,,1,2026-08-12 10:10:16,0
3754,,,,,,,,1,2026-08-12 10:10:16,0
3755,77,70,78,83,59,66,78,5,2026-08-12 11:57:28,1
3756,,,,,,,,1,2026-08-12 10:10:16,0
3757,,,,,,,,1,2026-08-12 10:10:16,0
3758,,,,,,,,1,2026-08-12 10:10:16,0
3759,91,73,70,81,46,71,78,6,2026-08-12 11:57:28,1
3760,,,,,,,,1,2026-08-12 10:10:16,0
3761,,,,,,,,1,2026-08-12 10:10:16,0
3762,,,,,,,,1,2026-08-12 10:10:16,0
3763,,,,,,,,1,2026-08-12 10:10:16,0
3764,,,,,,,,1,2026-08-12 10:10:16,0
3765,,,,,,,,1,2026-08-12 10:10:16,0
3766,,,,,,,,1,2026-08-12 10:10:16,0
3767,74,81,64,77,35,82,82,6,2026-08-12 11:57:28,1
3768,,,,,,,,2,2026-08-12 10:10:18,0
3769,77,65,55,71,24,54,65,6,2026-08-12 11:57:28,1
3770,68,49,57,61,47,51,59,6,2026-08-12 11:57:28,1
3771,,,,,,,,1,2026-08-12 10:10:16,0
3772,,,,,,,,2,2026-08-12 10:10:18,0
3773,,,,,,,,1,2026-08-12 10:10:16,0
3774,57,57,48,56,20,50,56,6,2026-08-12 11:57:28,1
3775,79,71,71,80,31,74,75,6,2026-08-12 11:57:28,1
3776,33,42,58,53,78,78,76,6,2026-08-12 11:57:28,1
3777,,,,,,,,2,2026-08-12 10:10:18,0
3778,67,66,66,68,32,71,68,6,2026-08-12 11:57:28,1
3779,,,,,,,,1,2026-08-12 10:10:16,0
3780,85,56,58,61,77,79,76,5,2026-08-12 11:57:28,1
3781,,,,,,,,2,2026-08-12 10:10:18,0
3782,,,,,,,,2,2026-08-12 10:10:18,0
3783,66,70,74,72,69,71,74,7,2026-08-12 11:57:28,1
3784,,,,,,,,2,2026-08-12 10:10:18,0
3785,71,67,76,76,71,65,76,6,2026-08-12 11:57:28,1
3786,89,49,68,71,64,66,72,6,2026-08-12 11:57:28,1
3787,82,80,64,77,43,72,77,6,2026-08-12 11:57:28,1
3789,,,,,,,,1,2026-08-12 10:10:17,0
3790,,,,,,,,1,2026-08-12 10:10:17,0
3791,,,,,,,,1,2026-08-12 10:10:17,0
3792,,,,,,,,1,2026-08-12 10:10:17,0
3793,,,,,,,,1,2026-08-12 10:10:17,0
3794,,,,,,,,1,2026-08-12 10:10:17,0
3795,,,,,,,,1,2026-08-12 10:10:17,0
3796,,,,,,,,1,2026-08-12 10:10:17,0
3797,,,,,,,,1,2026-08-12 10:10:17,0
3798,,,,,,,,1,2026-08-12 10:10:17,0
3799,,,,,,,,1,2026-08-12 10:10:17,0
3800,,,,,,,,1,2026-08-12 10:10:17,0
3801,,,,,,,,1,2026-08-12 10:10:17,0
3802,,,,,,,,1,2026-08-12 10:10:17,0
3803,,,,,,,,1,2026-08-12 10:10:17,0
3804,,,,,,,,1,2026-08-12 10:10:17,0
3805,,,,,,,,1,2026-08-12 10:10:17,0
3806,,,,,,,,1,2026-08-12 10:10:17,0
3839,67,42,55,61,60,60,62,5,2026-08-12 11:57:28,1
3843,,,,,,,,1,2026-08-12 10:10:18,0
3847,,,,,,,,1,2026-08-12 10:10:18,0
3861,,,,,,,,2,2026-08-12 10:10:24,0
3865,,,,,,,,1,2026-08-12 10:10:18,0
3867,,,,,,,,2,2026-08-12 10:10:24,0
3882,78,78,71,84,28,58,78,7,2026-08-12 11:57:28,1
3883,70,79,80,83,56,68,82,6,2026-08-12 11:57:28,1
3888,86,84,73,88,32,67,84,6,2026-08-12 11:57:28,1
3897,66,63,65,68,25,58,65,4,2026-08-12 11:57:28,1
3898,43,29,43,45,64,76,66,4,2026-08-12 11:57:28,1
3899,69,51,55,57,68,74,68,4,2026-08-12 11:57:28,1
3900,59,35,53,49,72,77,71,5,2026-08-12 11:57:28,1
3901,68,70,73,73,66,64,71,4,2026-08-12 11:57:28,1
3902,77,56,66,75,71,76,73,6,2026-08-12 11:57:28,1
3903,81,54,63,69,72,74,75,3,2026-08-12 11:55:19,1
3904,67,27,31,47,49,56,52,4,2026-08-12 11:57:28,1
3905,84,70,65,68,32,70,71,5,2026-08-12 11:57:28,1
3906,73,68,69,71,68,80,73,5,2026-08-12 11:57:28,1
3907,77,70,75,79,69,63,74,3,2026-08-12 11:57:28,1
3908,,,,,,,,1,2026-08-12 10:10:19,0
3909,61,62,62,65,22,56,62,4,2026-08-12 11:57:28,1
3910,85,72,69,77,51,64,74,4,2026-08-12 11:57:28,1
3911,,,,,,,,1,2026-08-12 10:10:19,0
3912,84,67,62,75,38,49,72,5,2026-08-12 11:57:28,1
3914,83,45,64,70,66,81,72,4,2026-08-12 11:57:28,1
3915,74,70,73,74,71,66,75,6,2026-08-12 11:57:28,1
3916,,,,,,,,1,2026-08-12 10:10:19,0
3917,74,57,64,72,58,58,68,4,2026-08-12 11:57:28,1
3918,55,67,49,62,30,71,67,4,2026-08-12 11:57:28,1
3919,78,73,71,75,46,57,73,5,2026-08-12 11:57:28,1
3941,,,,,,,,1,2026-08-12 10:10:20,0
3945,65,79,82,82,62,72,81,6,2026-08-12 11:57:28,1
3955,,,,,,,,1,2026-08-12 10:10:20,0
3958,83,52,59,66,65,67,69,5,2026-08-12 11:57:28,1
3971,,,,,,,,1,2026-08-12 10:10:22,0
3977,,,,,,,,1,2026-08-12 10:10:22,0
3982,,,,,,,,1,2026-08-12 10:10:22,0
4020,78,42,60,67,70,75,71,6,2026-08-12 11:57:28,1
4029,67,40,70,71,80,82,80,6,2026-08-12 11:57:28,1
4031,78,64,68,73,71,69,72,7,2026-08-12 11:57:28,1
4035,,,,,,,,1,2026-08-12 10:10:22,0
4039,,,,,,,,2,2026-08-12 10:10:30,0
4041,,,,,,,,1,2026-08-12 10:10:22,0
4046,76,76,78,79,38,75,77,6,2026-08-12 11:57:28,1
4047,,,,,,,,1,2026-08-12 10:10:23,0
4048,,,,,,,,2,2026-08-12 10:10:25,0
4049,,,,,,,,1,2026-08-12 10:10:23,0
4050,,,,,,,,2,2026-08-12 10:10:25,0
4051,,,,,,,,2,2026-08-12 10:10:25,0
4052,,,,,,,,2,2026-08-12 10:10:25,0
4053,80,64,75,76,77,78,79,7,2026-08-12 11:57:28,1
4054,,,,,,,,2,2026-08-12 10:10:25,0
4055,,,,,,,,2,2026-08-12 10:10:25,0
4056,,,,,,,,2,2026-08-12 10:10:25,0
4057,78,72,70,74,55,67,74,6,2026-08-12 11:57:28,1
4058,,,,,,,,2,2026-08-12 10:10:25,0
4059,,,,,,,,1,2026-08-12 10:10:23,0
4060,76,63,73,76,68,82,74,5,2026-08-12 11:57:28,1
4061,,,,,,,,2,2026-08-12 10:10:25,0
4062,,,,,,,,2,2026-08-12 10:10:25,0
4063,,,,,,,,2,2026-08-12 10:10:25,0
4064,,,,,,,,2,2026-08-12 10:10:25,0
4065,53,33,53,63,72,76,72,6,2026-08-12 11:57:28,1
4066,83,78,78,84,52,80,82,6,2026-08-12 11:57:28,1
4067,66,48,62,65,83,81,82,6,2026-08-12 11:57:28,1
4068,90,49,64,72,82,80,82,4,2026-08-12 11:55:19,1
4069,73,32,57,62,78,83,79,5,2026-08-12 11:57:28,1
4070,,,,,,,,1,2026-08-12 10:10:23,0
4071,75,76,80,78,79,84,81,6,2026-08-12 11:57:28,1
4072,88,44,71,79,74,72,78,6,2026-08-12 11:57:28,1
4073,78,73,81,80,77,76,82,4,2026-08-12 11:57:28,1
4074,71,80,66,77,42,83,80,6,2026-08-12 11:57:28,1
4075,77,77,80,87,61,70,84,6,2026-08-12 11:57:28,1
4076,,,,,,,,1,2026-08-12 10:10:23,0
4077,,,,,,,,1,2026-08-12 10:10:23,0
4078,,,,,,,,1,2026-08-12 10:10:23,0
4079,,,,,,,,1,2026-08-12 10:10:23,0
4080,,,,,,,,1,2026-08-12 10:10:23,0
4081,,,,,,,,1,2026-08-12 10:10:23,0
4082,88,64,73,78,76,79,80,6,2026-08-12 11:57:28,1
4083,90,79,71,80,38,65,81,5,2026-08-12 11:57:28,1
4084,,,,,,,,1,2026-08-12 10:10:23,0
4085,,,,,,,,1,2026-08-12 10:10:23,0
4086,82,78,79,85,56,83,81,5,2026-08-12 11:57:28,1
4087,67,40,65,67,73,79,74,5,2026-08-12 11:57:28,1
4088,,,,,,,,1,2026-08-12 10:10:24,0
4089,78,70,77,79,75,70,79,6,2026-08-12 11:57:28,1
4090,80,53,68,70,81,76,80,6,2026-08-12 11:57:28,1
4091,77,71,77,77,80,80,78,5,2026-08-12 11:57:28,1
4092,78,76,77,80,81,81,81,6,2026-08-12 11:57:28,1
4093,63,69,80,76,81,78,84,6,2026-08-12 11:57:28,1
4094,81,82,71,80,34,78,82,6,2026-08-12 11:57:28,1
4095,,,,,,,,1,2026-08-12 10:10:24,0
4096,87,68,73,85,36,50,79,3,2026-08-12 11:55:19,1
4097,70,79,83,78,75,75,81,6,2026-08-12 11:57:28,1
4098,78,78,71,78,57,79,78,6,2026-08-12 11:57:28,1
4099,73,60,75,76,66,68,74,5,2026-08-12 11:57:28,1
4100,72,38,69,65,74,69,74,5,2026-08-12 11:57:28,1
4101,84,71,76,85,25,62,79,5,2026-08-12 11:57:28,1
4102,,,,,,,,1,2026-08-12 10:10:24,0
4103,95,81,69,81,31,80,83,6,2026-08-12 11:57:28,1
4104,,,,,,,,1,2026-08-12 10:10:24,0
4105,64,43,59,63,66,53,66,5,2026-08-12 11:57:28,1
4107,,,,,,,,1,2026-08-12 10:10:24,0
4108,70,70,62,70,42,69,69,5,2026-08-12 11:57:28,1
4117,,,,,,,,1,2026-08-12 10:10:24,0
4122,,,,,,,,1,2026-08-12 10:10:24,0
4126,,,,,,,,1,2026-08-12 10:10:24,0
4133,79,76,76,81,56,75,78,6,2026-08-12 11:57:28,1
4134,37,52,66,64,78,78,77,5,2026-08-12 11:57:28,1
4135,67,46,72,70,80,78,80,5,2026-08-12 11:57:28,1
4136,,,,,,,,1,2026-08-12 10:10:25,0
4137,63,49,68,70,80,77,78,6,2026-08-12 11:57:28,1
4138,77,75,75,80,60,74,77,5,2026-08-12 11:57:28,1
4139,69,67,71,75,72,75,73,5,2026-08-12 11:57:28,1
4140,69,70,73,77,69,62,75,5,2026-08-12 11:57:28,1
4141,,,,,,,,1,2026-08-12 10:10:25,0
4142,87,73,76,86,57,64,82,6,2026-08-12 11:57:28,1
4144,60,78,74,77,45,77,78,6,2026-08-12 11:57:28,1
4145,52,40,56,60,75,72,74,5,2026-08-12 11:57:28,1
4146,46,69,75,72,73,63,73,5,2026-08-12 11:57:28,1
4147,74,72,78,72,39,73,73,5,2026-08-12 11:57:28,1
4148,79,65,62,69,29,57,68,5,2026-08-12 11:57:28,1
4149,66,65,73,73,74,72,75,5,2026-08-12 11:57:28,1
4150,,,,,,,,1,2026-08-12 10:10:25,0
4151,65,50,77,77,79,76,79,6,2026-08-12 11:57:28,1
4152,76,73,80,79,75,75,80,5,2026-08-12 11:57:28,1
4166,,,,,,,,1,2026-08-12 10:10:25,0
4167,,,,,,,,1,2026-08-12 10:10:25,0
4170,,,,,,,,1,2026-08-12 10:10:25,0
4172,,,,,,,,1,2026-08-12 10:10:25,0
4174,,,,,,,,1,2026-08-12 10:10:26,0
4184,,,,,,,,1,2026-08-12 10:10:26,0
4188,,,,,,,,1,2026-08-12 10:10:26,0
4193,83,83,74,84,43,87,85,6,2026-08-12 11:57:28,1
4206,82,50,64,70,80,75,78,2,2026-08-12 10:40:36,1
4216,76,69,69,73,69,77,73,6,2026-08-12 11:57:28,1
4224,77,72,73,80,38,56,75,6,2026-08-12 11:57:28,1
4229,65,70,67,73,56,80,74,6,2026-08-12 11:57:28,1
4252,71,39,51,60,61,52,63,6,2026-08-12 11:57:28,1
4253,,,,,,,,1,2026-08-12 10:10:28,0
4254,88,42,61,73,74,80,76,6,2026-08-12 11:57:28,1
4255,,,,,,,,1,2026-08-12 10:10:28,0
4256,79,56,69,77,73,73,77,3,2026-08-12 11:55:19,1
4257,76,54,65,73,71,75,74,5,2026-08-12 11:57:28,1
4258,70,78,81,82,43,60,80,4,2026-08-12 11:57:28,1
4259,,,,,,,,1,2026-08-12 10:10:28,0
4260,,,,,,,,1,2026-08-12 10:10:28,0
4261,81,81,63,75,32,80,79,4,2026-08-12 11:57:28,1
4262,,,,,,,,1,2026-08-12 10:10:28,0
4263,87,72,64,76,38,54,71,4,2026-08-12 11:57:28,1
4264,,,,,,,,1,2026-08-12 10:10:28,0
4265,65,58,69,72,78,79,78,5,2026-08-12 11:57:28,1
4266,,,,,,,,1,2026-08-12 10:10:28,0
4267,,,,,,,,1,2026-08-12 10:10:28,0
4268,,,,,,,,1,2026-08-12 10:10:28,0
4269,,,,,,,,1,2026-08-12 10:10:28,0
4270,,,,,,,,1,2026-08-12 10:10:28,0
4271,,,,,,,,1,2026-08-12 10:10:28,0
4288,,,,,,,,1,2026-08-12 10:10:28,0
4299,,,,,,,,1,2026-08-12 10:10:29,0
4302,71,76,65,71,30,61,76,6,2026-08-12 11:57:28,1
4306,68,79,66,76,39,71,78,6,2026-08-12 11:57:28,1
4310,,,,,,,,1,2026-08-12 10:10:29,0
4311,,,,,,,,1,2026-08-12 10:10:29,0
4316,83,61,67,71,67,80,74,5,2026-08-12 11:57:28,1
4319,,,,,,,,1,2026-08-12 10:10:29,0
4331,,,,,,,,1,2026-08-12 10:10:29,0
4346,69,68,75,76,68,69,74,6,2026-08-12 11:57:28,1
4353,83,82,67,81,44,76,82,6,2026-08-12 11:57:28,1
4373,58,32,36,39,59,65,59,2,2026-08-12 10:40:36,1
