outcome_id,event_id,league_slug,home_team_id,away_team_id,home_team_name,away_team_name,match_date,home_score,away_score,status,actual_outcome,home_xg,away_xg,fetched_at,recorded_at
37605,kor1_tSXSxps1,kor.1,,,Gangwon FC,Jeju SK,2026-07-01,1,1,,D,,,,
37606,kor1_vZkFbR3K,kor.1,,,Daejeon Hana Citizen,Jeonbuk Hyundai Motors,2026-07-01,0,0,,D,,,,
37607,kor1_EuWzyOBD,kor.1,,,Incheon United,Ulsan HD,2026-07-01,1,2,,A,,,,
37608,kor1_EHmlpSlR,kor.1,,,FC Anyang,Gwangju FC,2026-07-01,1,1,,D,,,,
37609,kor1_p0vKv6Cl,kor.1,,,Bucheon FC 1995,FC Seoul,2026-07-01,1,3,,A,,,,
37610,kor1_bqGxSSSr,kor.1,,,Daejeon Hana Citizen,Ulsan HD,2026-07-01,2,2,,D,,,,
37611,kor1_WdEpQ6ce,kor.1,,,Gangwon FC,Gimcheon Sangmu,2026-07-01,2,0,,H,,,,
37612,kor1_SO7gOpS7,kor.1,,,Incheon United,Jeonbuk Hyundai Motors,2026-07-01,1,0,,H,,,,
37613,kor1_h2aunlKE,kor.1,,,Jeju SK,Pohang Steelers,2026-07-01,2,1,,H,,,,
37614,kor1_hrybZAz9,kor.1,,,FC Anyang,Incheon United,2026-07-01,0,1,,A,,,,
37615,kor1_CnbBB7r2,kor.1,,,Daejeon Hana Citizen,Jeju SK,2026-07-01,0,0,,D,,,,
37616,kor1_vaZ5Xl5L,kor.1,,,Gangwon FC,FC Seoul,2026-07-01,0,0,,D,,,,
37617,kor1_ALxVVyUG,kor.1,,,Bucheon FC 1995,Gimcheon Sangmu,2026-07-01,1,1,,D,,,,
37618,kor1_4Mf3DTDk,kor.1,,,Gwangju FC,Pohang Steelers,2026-07-01,0,3,,A,,,,
37619,kor1_x8vNXca4,kor.1,,,Jeonbuk Hyundai Motors,Ulsan HD,2026-07-01,1,3,,A,,,,
37620,kor1_UivTBGxo,kor.1,,,Gimcheon Sangmu,Jeju SK,2026-07-01,1,1,,D,,,,
37621,kor1_dbWEZJUi,kor.1,,,Gwangju FC,Ulsan HD,2026-07-01,1,1,,D,,,,
37622,kor1_pK2dHxFN,kor.1,,,Incheon United,FC Seoul,2026-07-01,1,0,,H,,,,
37623,kor1_xfalJbpB,kor.1,,,FC Anyang,Pohang Steelers,2026-07-01,2,3,,A,,,,
37624,kor1_IiqmLKFb,kor.1,,,Bucheon FC 1995,Daejeon Hana Citizen,2026-07-01,2,2,,D,,,,
37625,kor1_pvouNton,kor.1,,,Gangwon FC,Jeonbuk Hyundai Motors,2026-07-01,1,2,,A,,,,
37626,kor1_6DFU2w0U,kor.1,,,Bucheon FC 1995,Pohang Steelers,2026-07-01,2,0,,H,,,,
37627,kor1_bmCM4aVH,kor.1,,,Gangwon FC,Ulsan HD,2026-07-01,2,0,,H,,,,
37628,kor1_WzL58sWh,kor.1,,,Gimcheon Sangmu,Jeonbuk Hyundai Motors,2026-07-01,1,0,,H,,,,
37629,kor1_xYND6L05,kor.1,,,FC Anyang,Jeju SK,2026-07-01,1,2,,A,,,,
37630,kor1_z9RdA31t,kor.1,,,Gwangju FC,Incheon United,2026-07-01,4,0,,H,,,,
37631,kor1_Kdimj0GO,kor.1,,,Daejeon Hana Citizen,FC Seoul,2026-07-01,1,2,,A,,,,
37632,kor1_j3pXgrHa,kor.1,,,FC Anyang,Gimcheon Sangmu,2026-07-01,2,2,,D,,,,
37633,kor1_OUcvhMoC,kor.1,,,Bucheon FC 1995,Jeonbuk Hyundai Motors,2026-07-01,0,0,,D,,,,
37634,kor1_UmdOe4nm,kor.1,,,Jeju SK,Ulsan HD,2026-07-01,2,1,,H,,,,
37635,kor1_AqPcuq26,kor.1,,,Daejeon Hana Citizen,Gangwon FC,2026-07-01,2,0,,H,,,,
37636,kor1_rcN5wNWI,kor.1,,,Gwangju FC,FC Seoul,2026-07-01,0,1,,A,,,,
37637,kor1_b55h1QOP,kor.1,,,Incheon United,Pohang Steelers,2026-07-01,0,1,,A,,,,
37638,kor1_GpWls5Xg,kor.1,,,FC Anyang,Jeonbuk Hyundai Motors,2026-07-01,1,1,,D,,,,
37639,kor1_8KStqR2s,kor.1,,,Bucheon FC 1995,Ulsan HD,2026-07-01,1,0,,H,,,,
37640,kor1_lWF81ZI8,kor.1,,,Daejeon Hana Citizen,Pohang Steelers,2026-07-01,0,2,,A,,,,
37641,kor1_2N7Luhdk,kor.1,,,Gimcheon Sangmu,Incheon United,2026-07-01,0,3,,A,,,,
37642,kor1_MPNMwWQ1,kor.1,,,Gangwon FC,Gwangju FC,2026-07-01,0,0,,D,,,,
37643,kor1_6iMkoEYR,kor.1,,,Jeju SK,FC Seoul,2026-07-01,2,1,,H,,,,
37644,kor1_APStmz4F,kor.1,,,FC Anyang,FC Seoul,2026-07-01,0,0,,D,,,,
37645,kor1_Kz0lspGd,kor.1,,,Daejeon Hana Citizen,Incheon United,2026-07-01,0,0,,D,,,,
37646,kor1_2aPYldZ2,kor.1,,,Gangwon FC,Pohang Steelers,2026-07-01,1,1,,D,,,,
37647,kor1_SSssq6op,kor.1,,,Gimcheon Sangmu,Ulsan HD,2026-07-01,1,2,,A,,,,
37648,kor1_8r1AlSNM,kor.1,,,Bucheon FC 1995,Jeju SK,2026-07-01,0,1,,A,,,,
37649,kor1_zV22jlgA,kor.1,,,Gwangju FC,Jeonbuk Hyundai Motors,2026-07-01,4,0,,H,,,,
37650,kor1_Y5M7U6Wj,kor.1,,,FC Anyang,Bucheon FC 1995,2026-07-01,0,1,,A,,,,
37651,kor1_v39ghAOc,kor.1,,,Daejeon Hana Citizen,Gwangju FC,2026-07-01,0,5,,A,,,,
37652,kor1_t8sTykvH,kor.1,,,Gangwon FC,Incheon United,2026-07-01,0,1,,A,,,,
37653,kor1_lYpyzT8T,kor.1,,,Jeju SK,Jeonbuk Hyundai Motors,2026-07-01,0,2,,A,,,,
37654,kor1_CSkCuXvh,kor.1,,,Gimcheon Sangmu,FC Seoul,2026-07-01,2,3,,A,,,,
37655,kor1_ptlKwB94,kor.1,,,Pohang Steelers,Ulsan HD,2026-07-01,0,1,,A,,,,
37656,kor1_S4HgNkPN,kor.1,,,FC Anyang,Gwangju FC,2026-07-01,2,5,,A,,,,
37657,kor1_bm8PHTno,kor.1,,,Daejeon Hana Citizen,Ulsan HD,2026-07-01,1,4,,A,,,,
37658,kor1_6kTpPBfB,kor.1,,,Jeonbuk Hyundai Motors,Pohang Steelers,2026-07-01,3,2,,H,,,,
37659,kor1_bPPxRXPb,kor.1,,,Bucheon FC 1995,Gimcheon Sangmu,2026-07-01,0,2,,A,,,,
37660,kor1_hCfxTgen,kor.1,,,Incheon United,Jeju SK,2026-07-01,1,0,,H,,,,
37661,kor1_2qqRLxlJ,kor.1,,,Gangwon FC,FC Seoul,2026-07-01,1,2,,A,,,,
37662,kor1_binAPKlf,kor.1,,,FC Anyang,Ulsan HD,2026-07-01,1,1,,D,,,,
37663,kor1_xxb1RtKs,kor.1,,,Daejeon Hana Citizen,Jeju SK,2026-07-01,0,1,,A,,,,
37664,kor1_6HkINbJ6,kor.1,,,Gwangju FC,Pohang Steelers,2026-07-01,1,0,,H,,,,
37665,kor1_K0RzBLZ0,kor.1,,,Gangwon FC,Gimcheon Sangmu,2026-07-01,0,3,,A,,,,
37666,kor1_8M7VW2dK,kor.1,,,Incheon United,Jeonbuk Hyundai Motors,2026-07-01,1,2,,A,,,,
37667,kor1_hEPr9a4D,kor.1,,,Bucheon FC 1995,FC Seoul,2026-07-01,3,0,,H,,,,
37668,kor1_OYXRCs5l,kor.1,,,FC Anyang,Pohang Steelers,2026-07-01,0,1,,A,,,,
37669,kor1_EandI3sR,kor.1,,,Gwangju FC,Ulsan HD,2026-07-01,5,1,,H,,,,
37670,kor1_hpbmKPCE,kor.1,,,Bucheon FC 1995,Incheon United,2026-07-01,2,2,,D,,,,
37671,kor1_Qw61dMK7,kor.1,,,Gimcheon Sangmu,Jeju SK,2026-07-01,1,1,,D,,,,
37672,kor1_dbEp04Lr,kor.1,,,Gangwon FC,Jeonbuk Hyundai Motors,2026-07-01,1,1,,D,,,,
37673,kor1_UBChbrje,kor.1,,,Daejeon Hana Citizen,FC Seoul,2026-07-01,0,1,,A,,,,
37674,kor1_6caIM3GM,kor.1,,,FC Seoul,Ulsan HD,2026-07-01,1,4,,A,,,,
37675,kor1_hWIE5QcL,kor.1,,,FC Anyang,Gimcheon Sangmu,2026-07-01,1,1,,D,,,,
37676,kor1_p6F67nT8,kor.1,,,Daejeon Hana Citizen,Gangwon FC,2026-07-01,0,2,,A,,,,
37677,kor1_dpZBo56k,kor.1,,,Bucheon FC 1995,Gwangju FC,2026-07-01,0,1,,A,,,,
37678,kor1_4AxKqqy2,kor.1,,,Incheon United,Ulsan HD,2026-07-01,1,2,,A,,,,
37679,kor1_tCXvgmEF,kor.1,,,Jeju SK,Pohang Steelers,2026-07-01,0,2,,A,,,,
37680,kor1_EPVniRrS,kor.1,,,Jeonbuk Hyundai Motors,FC Seoul,2026-07-01,1,0,,H,,,,
37681,kor1_ppvWf9q3,kor.1,,,Gimcheon Sangmu,Incheon United,2026-07-01,2,1,,H,,,,
37682,kor1_IwnpX5id,kor.1,,,FC Anyang,FC Seoul,2026-07-01,1,1,,D,,,,
37683,kor1_dOcyZRMq,kor.1,,,Gangwon FC,Gwangju FC,2026-07-01,3,0,,H,,,,
37684,kor1_hhW3izwB,kor.1,,,Daejeon Hana Citizen,Pohang Steelers,2026-07-01,1,0,,H,,,,
37685,kor1_OCvmeIwn,kor.1,,,Bucheon FC 1995,Jeju SK,2026-07-01,1,0,,H,,,,
37686,kor1_dQxegd8b,kor.1,,,Jeonbuk Hyundai Motors,Ulsan HD,2026-07-01,2,0,,H,,,,
37687,kor1_Yq1AOPoA,kor.1,,,Gangwon FC,Pohang Steelers,2026-07-01,1,0,,H,,,,
37688,kor1_j57Mvcg5,kor.1,,,FC Anyang,Incheon United,2026-07-01,0,1,,A,,,,
37689,kor1_CKeVxyOH,kor.1,,,Gangwon FC,Jeju SK,2026-07-01,1,1,,D,,,,
37690,kor1_pn9xyFhU,kor.1,,,Bucheon FC 1995,Pohang Steelers,2026-07-01,0,0,,D,,,,
37691,kor1_nDA5ruft,kor.1,,,Gwangju FC,FC Seoul,2026-07-01,5,0,,H,,,,
37692,kor1_ru4EtJOh,kor.1,,,Gimcheon Sangmu,Ulsan HD,2026-07-01,0,0,,D,,,,
37693,kor1_W0zdOy9O,kor.1,,,Daejeon Hana Citizen,Jeonbuk Hyundai Motors,2026-07-01,0,1,,A,,,,
37694,kor1_dS7NRkbJ,kor.1,,,Bucheon FC 1995,Gangwon FC,2026-07-01,0,0,,D,,,,
37695,kor1_xva0Z1HP,kor.1,,,Daejeon Hana Citizen,Incheon United,2026-07-01,1,3,,A,,,,
37696,kor1_8MkWTuum,kor.1,,,Jeju SK,Ulsan HD,2026-07-01,0,2,,A,,,,
37697,kor1_UyvuSJ9a,kor.1,,,FC Anyang,Jeonbuk Hyundai Motors,2026-07-01,2,1,,H,,,,
37698,kor1_x2smQcvC,kor.1,,,Pohang Steelers,FC Seoul,2026-07-01,0,1,,A,,,,
37699,kor1_OE9FTBT6,kor.1,,,Gimcheon Sangmu,Gwangju FC,2026-07-01,1,1,,D,,,,
37700,kor1_KMCbXgUs,kor.1,,,FC Anyang,Gangwon FC,2026-07-01,1,1,,D,,,,
37701,kor1_SnG6VXbf,kor.1,,,Incheon United,Pohang Steelers,2026-07-01,1,1,,D,,,,
37702,kor1_O0UtFCED,kor.1,,,Bucheon FC 1995,Ulsan HD,2026-07-01,1,2,,A,,,,
37703,kor1_zkySxG6K,kor.1,,,Jeju SK,FC Seoul,2026-07-01,1,2,,A,,,,
37704,kor1_SYzYGYq1,kor.1,,,Daejeon Hana Citizen,Gimcheon Sangmu,2026-07-01,1,1,,D,,,,
37705,kor1_fLxQIfFl,kor.1,,,Gwangju FC,Jeonbuk Hyundai Motors,2026-07-01,0,0,,D,,,,
37706,kor1_0KKiy3VF,kor.1,,,FC Anyang,Jeju SK,2026-07-01,2,1,,H,,,,
37707,kor1_E3MqwP03,kor.1,,,Gimcheon Sangmu,Jeonbuk Hyundai Motors,2026-07-01,1,1,,D,,,,
37708,swe1_27czzXaM,swe.1,,,Kalmar FF,Malmö FF,2026-07-01,2,2,,D,,,,
37709,swe1_KnOWFB8j,swe.1,,,Djurgården,Djurgarden,2026-07-01,0,0,,D,,,,
37710,swe1_6u4RygV9,swe.1,,,IF Elfsborg,IK Sirius,2026-07-01,1,3,,A,,,,
37711,swe1_Ykl6UANq,swe.1,,,BK Häcken,Halmstads BK,2026-07-01,0,2,,A,,,,
37712,swe1_SlqhNgGG,swe.1,,,Degerfors IF,Hammarby IF,2026-07-01,4,0,,H,,,,
37713,swe1_KOupPFo4,swe.1,,,AIK,GAIS,2026-07-01,2,0,,H,,,,
37714,swe1_l4X0LXpT,swe.1,,,IF Brommapojkarna,IFK Göteborg,2026-07-01,2,1,,H,,,,
37715,swe1_YR5JwF0c,swe.1,,,Mjällby AIF,Västerås SK,2026-07-01,0,0,,D,,,,
37716,swe1_EmWoC8jI,swe.1,,,Djurgården,Halmstads BK,2026-07-01,3,0,,H,,,,
37717,swe1_MHNc3YOp,swe.1,,,IF Brommapojkarna,IK Sirius,2026-07-01,1,2,,A,,,,
37718,swe1_Sfn2EbXo,swe.1,,,IF Elfsborg,GAIS,2026-07-01,1,0,,H,,,,
37719,swe1_n1UgAnLU,swe.1,,,Hammarby IF,Kalmar FF,2026-07-01,2,0,,H,,,,
37720,swe1_2XtR8f1N,swe.1,,,IFK Göteborg,Malmö FF,2026-07-01,4,0,,H,,,,
37721,swe1_EBAqRyHi,swe.1,,,Degerfors IF,Västerås SK,2026-07-01,2,0,,H,,,,
37722,swe1_YikACx2b,swe.1,,,BK Häcken,Hacken,2026-07-01,4,3,,H,,,,
37723,swe1_f7wJAGWA,swe.1,,,AIK,Mjällby AIF,2026-07-01,1,2,,A,,,,
37724,swe1_lrt2CHp1,swe.1,,,IF Brommapojkarna,GAIS,2026-07-01,1,1,,D,,,,
37725,swe1_C2nOJahR,swe.1,,,Djurgården,BK Häcken,2026-07-01,2,4,,A,,,,
37726,swe1_GUsfEwGl,swe.1,,,IF Elfsborg,Hammarby IF,2026-07-01,1,2,,A,,,,
37727,swe1_4xqGLLNE,swe.1,,,AIK,IFK Göteborg,2026-07-01,1,2,,A,,,,
37728,swe1_W4vVFjig,swe.1,,,Kalmar FF,Orgryte,2026-07-01,3,0,,H,,,,
37729,swe1_pAZAAeFD,swe.1,,,Degerfors IF,Malmö FF,2026-07-01,0,1,,A,,,,
37730,swe1_ILxwEUL5,swe.1,,,Halmstads BK,Västerås SK,2026-07-01,1,3,,A,,,,
37731,swe1_AkjMHCMt,swe.1,,,Mjällby AIF,IK Sirius,2026-07-01,4,4,,D,,,,
37732,swe1_GG2Lav1e,swe.1,,,IF Brommapojkarna,Degerfors IF,2026-07-01,2,2,,D,,,,
37733,swe1_4G7u9rv9,swe.1,,,BK Häcken,Hammarby IF,2026-07-01,3,2,,H,,,,
37734,swe1_Ot6TcIV7,swe.1,,,IFK Göteborg,Västerås SK,2026-07-01,4,5,,A,,,,
37735,swe1_nuyFhNgS,swe.1,,,AIK,IK Sirius,2026-07-01,0,3,,A,,,,
37736,swe1_GfRpm1Hk,swe.1,,,GAIS,Kalmar FF,2026-07-01,3,0,,H,,,,
37737,swe1_dEnK10Wr,swe.1,,,Halmstads BK,Malmö FF,2026-07-01,5,2,,H,,,,
37738,swe1_xAFgoun2,swe.1,,,IF Elfsborg,Elfsborg,2026-07-01,2,2,,D,,,,
37739,swe1_UPm4zOXq,swe.1,,,IF Elfsborg,BK Häcken,2026-07-01,1,1,,D,,,,
37740,swe1_xS8Ps6uA,swe.1,,,IFK Göteborg,Mjällby AIF,2026-07-01,1,1,,D,,,,
37741,swe1_phCXupAM,swe.1,,,Malmö FF,Västerås SK,2026-07-01,2,3,,A,,,,
37742,swe1_t0FGqSAc,swe.1,,,AIK,Hammarby IF,2026-07-01,1,2,,A,,,,
37743,swe1_2i1BY12d,swe.1,,,GAIS,IK Sirius,2026-07-01,2,1,,H,,,,
37744,swe1_jDs6fqPF,swe.1,,,Halmstads BK,Orgryte,2026-07-01,2,0,,H,,,,
37745,swe1_Iaqbd5f3,swe.1,,,Degerfors IF,Kalmar FF,2026-07-01,2,1,,H,,,,
37746,swe1_l6SULOIj,swe.1,,,IF Brommapojkarna,Djurgården,2026-07-01,1,2,,A,,,,
37747,swe1_zHabevSa,swe.1,,,IF Elfsborg,Mjällby AIF,2026-07-01,1,1,,D,,,,
37748,swe1_rJKJ2MZP,swe.1,,,GAIS,Hammarby IF,2026-07-01,2,0,,H,,,,
37749,swe1_IRNUPXJO,swe.1,,,IFK Göteborg,Goteborg,2026-07-01,2,3,,A,,,,
37750,swe1_tMS5Vyjm,swe.1,,,Djurgården,IK Sirius,2026-07-01,2,3,,A,,,,
37751,swe1_KSFXqy5t,swe.1,,,BK Häcken,Mjällby AIF,2026-07-01,0,1,,A,,,,
37752,swe1_l87ltg45,swe.1,,,AIK,Västerås SK,2026-07-01,1,1,,D,,,,
37753,swe1_ShJurFZh,swe.1,,,IF Brommapojkarna,Kalmar FF,2026-07-01,1,0,,H,,,,
37754,swe1_lnWDTFKa,swe.1,,,Hammarby IF,Malmö FF,2026-07-01,4,1,,H,,,,
37755,swe1_pEPMRgkC,swe.1,,,Degerfors IF,GAIS,2026-07-01,1,1,,D,,,,
37756,swe1_dYAdvXYH,swe.1,,,IF Elfsborg,Halmstads BK,2026-07-01,1,1,,D,,,,
37757,swe1_lYjuFG56,swe.1,,,Sirius,IK Sirius,2026-07-01,2,0,,H,,,,
37758,swe1_AJDhOKrK,swe.1,,,BK Häcken,Malmö FF,2026-07-01,3,2,,H,,,,
37759,swe1_McXc2wM0,swe.1,,,AIK,Djurgården,2026-07-01,2,4,,A,,,,
37760,swe1_dliZzbSP,swe.1,,,Halmstads BK,Kalmar FF,2026-07-01,2,0,,H,,,,
37761,swe1_GKhXGxyf,swe.1,,,Degerfors IF,Mjällby AIF,2026-07-01,1,4,,A,,,,
37762,swe1_UNz60HjD,swe.1,,,Hammarby IF,IFK Göteborg,2026-07-01,0,1,,A,,,,
37763,swe1_p0plDfzJ,swe.1,,,GAIS,Västerås SK,2026-07-01,0,1,,A,,,,
37764,swe1_KhaOIb6s,swe.1,,,IF Brommapojkarna,IF Elfsborg,2026-07-01,2,0,,H,,,,
37765,swe1_2FNZBjgc,swe.1,,,Djurgården,IFK Göteborg,2026-07-01,6,0,,H,,,,
37766,swe1_QVwk4ail,swe.1,,,IF Brommapojkarna,Halmstads BK,2026-07-01,1,3,,A,,,,
37767,swe1_8f7Omv77,swe.1,,,AIK,IF Elfsborg,2026-07-01,1,1,,D,,,,
37768,swe1_vFF7iM7r,swe.1,,,GAIS,Orgryte,2026-07-01,4,0,,H,,,,
37769,swe1_zTLsAUN9,swe.1,,,Hammarby IF,Västerås SK,2026-07-01,3,0,,H,,,,
37770,swe1_nuJFk0xe,swe.1,,,Malmö FF,Mjällby AIF,2026-07-01,2,3,,A,,,,
37771,swe1_z1aABsaE,swe.1,,,Degerfors IF,BK Häcken,2026-07-01,1,1,,D,,,,
37772,swe1_UahJ9LTQ,swe.1,,,Kalmar FF,IK Sirius,2026-07-01,3,2,,H,,,,
37773,swe1_hMkTbqbB,swe.1,,,AIK,Malmö FF,2026-07-01,0,1,,A,,,,
37774,swe1_nqB2DrD4,swe.1,,,BK Häcken,IK Sirius,2026-07-01,2,2,,D,,,,
37775,swe1_pvgk4vzi,swe.1,,,IF Elfsborg,Kalmar FF,2026-07-01,2,1,,H,,,,
37776,swe1_htEABMsH,swe.1,,,Halmstads BK,Mjällby AIF,2026-07-01,2,0,,H,,,,
37777,swe1_jHHgF4rh,swe.1,,,Degerfors IF,Degerfors,2026-07-01,1,1,,D,,,,
37778,swe1_Ee2J90CT,swe.1,,,IF Brommapojkarna,Västerås SK,2026-07-01,1,2,,A,,,,
37779,swe1_bNU7i1jo,swe.1,,,GAIS,IFK Göteborg,2026-07-01,2,2,,D,,,,
37780,swe1_vwlycNSN,swe.1,,,Djurgården,Hammarby IF,2026-07-01,1,1,,D,,,,
37781,swe1_pGS1rODU,swe.1,,,AIK,Degerfors IF,2026-07-01,2,1,,H,,,,
37782,swe1_2DUUklFt,swe.1,,,GAIS,Mjällby AIF,2026-07-01,0,0,,D,,,,
37783,swe1_W61K05Tb,swe.1,,,IFK Göteborg,Kalmar FF,2026-07-01,1,1,,D,,,,
37784,swe1_WhMon6E5,swe.1,,,Malmö FF,IK Sirius,2026-07-01,2,3,,A,,,,
37785,swe1_C2UgppqI,swe.1,,,Djurgården,IF Elfsborg,2026-07-01,2,1,,H,,,,
37786,swe1_ClkLVpUO,swe.1,,,Halmstads BK,Hammarby IF,2026-07-01,1,1,,D,,,,
37787,swe1_OSIwlSqg,swe.1,,,IF Brommapojkarna,Brommapojkarna,2026-07-01,1,2,,A,,,,
37788,swe1_OtbC2Rbn,swe.1,,,BK Häcken,Västerås SK,2026-07-01,3,3,,D,,,,
37789,swe1_xCxqWgO7,swe.1,,,GAIS,BK Häcken,2026-07-01,2,1,,H,,,,
37790,swe1_vHfdub1L,swe.1,,,AIK,Kalmar FF,2026-07-01,1,0,,H,,,,
37791,swe1_hnZJX6aC,swe.1,,,Halmstads BK,IFK Göteborg,2026-07-01,1,1,,D,,,,
37792,swe1_WEZzYFge,swe.1,,,Hammarby IF,Orgryte,2026-07-01,8,1,,H,,,,
37793,swe1_I7FVgcGE,swe.1,,,IF Brommapojkarna,Mjällby AIF,2026-07-01,3,0,,H,,,,
37794,swe1_KYzCZSUa,swe.1,,,IK Sirius,Västerås SK,2026-07-01,4,1,,H,,,,
37795,swe1_O6s3yk0m,swe.1,,,Degerfors IF,IF Elfsborg,2026-07-01,0,1,,A,,,,
37796,swe1_zmtSZyPr,swe.1,,,Djurgården,Malmö FF,2026-07-01,0,1,,A,,,,
37797,swe1_bqKNQbnS,swe.1,,,AIK,IF Brommapojkarna,2026-07-01,2,2,,D,,,,
37798,swe1_URAgLxAk,swe.1,,,Hammarby IF,IK Sirius,2026-07-01,2,0,,H,,,,
37799,swe1_2HQESKHF,swe.1,,,GAIS,Malmö FF,2026-07-01,3,1,,H,,,,
37800,swe1_8bsC8aQq,swe.1,,,Djurgården,Kalmar FF,2026-07-01,3,2,,H,,,,
37801,swe1_rk1msKW8,swe.1,,,Degerfors IF,Halmstads BK,2026-07-01,0,3,,A,,,,
37802,swe1_GOpK6wed,swe.1,,,BK Häcken,IFK Göteborg,2026-07-01,0,2,,A,,,,
37803,swe1_U3S6Utm3,swe.1,,,Mjällby AIF,Orgryte,2026-07-01,0,2,,A,,,,
37804,swe1_jsa2JGv2,swe.1,,,IF Elfsborg,Västerås SK,2026-07-01,2,2,,D,,,,
37805,swe1_xfF51rJG,swe.1,,,Djurgården,GAIS,2026-07-01,0,1,,A,,,,
37806,swe1_dbnWH33c,swe.1,,,IF Elfsborg,IFK Göteborg,2026-07-01,2,0,,H,,,,
37807,swe1_44apf0Bj,swe.1,,,IF Brommapojkarna,BK Häcken,2026-07-01,2,2,,D,,,,
37808,swe1_pKIDaMmT,swe.1,,,Malmö FF,Malmo FF,2026-07-01,1,1,,D,,,,
37809,swe1_OW8k5QJi,swe.1,,,AIK,Halmstads BK,2026-07-01,2,1,,H,,,,
37810,swe1_OQ5uEL2M,swe.1,,,Kalmar FF,Västerås SK,2026-07-01,0,1,,A,,,,
37811,swe1_G02XFsY9,swe.1,,,Degerfors IF,IK Sirius,2026-07-01,0,3,,A,,,,
37812,swe1_GvRd34l4,swe.1,,,Hammarby IF,Mjällby AIF,2026-07-01,3,0,,H,,,,
38344,espn:2026-europa-q2-1763,uefa.europa.q2,,,Hammarby IF,Anderlecht,2026-07-23,1,1,FT,D,,,2026-07-24 01:55:06,2026-07-24 01:55:06
38345,espn:2026-europa-q2-1764,uefa.europa.q2,,,Qarabağ,CSKA Sofia,2026-07-23,0,0,FT,D,,,2026-07-24 01:55:06,2026-07-24 01:55:06
38346,espn:2026-europa-q2-1765,uefa.europa.q2,,,Tromsø,Hradec Králové,2026-07-23,0,1,FT,A,,,2026-07-24 01:55:06,2026-07-24 01:55:06
38347,espn:2026-europa-q2-1766,uefa.europa.q2,,,Twente,Ferencváros,2026-07-23,1,2,FT,A,1.1,1.59,2026-07-24 01:55:06,2026-07-24 01:55:06
38348,espn:2026-europa-q2-1767,uefa.europa.q2,,,Beşiktaş,Midtjylland,2026-07-23,1,0,FT,H,3.04,0.67,2026-07-24 01:55:06,2026-07-24 01:55:06
38349,espn:2026-europa-q2-1768,uefa.europa.q2,,,Hajduk Split,Pafos,2026-07-23,2,0,FT,H,,,2026-07-24 01:55:06,2026-07-24 01:55:06
38350,espn:2026-europa-q2-1769,uefa.europa.q2,,,Sheriff Tiraspol,Maccabi Tel Aviv,2026-07-23,0,5,FT,A,,,2026-07-24 01:55:06,2026-07-24 01:55:06
38351,espn:2026-europa-q2-1770,uefa.europa.q2,,,St. Gallen,Benfica,2026-07-23,2,1,FT,H,1.74,1.32,2026-07-24 01:55:06,2026-07-24 01:55:06
38352,espn:2026-europa-q2-1771,uefa.europa.q2,,,Dynamo Kyiv,PAOK,2026-07-23,2,3,FT,A,1.18,1.9,2026-07-24 01:55:06,2026-07-24 01:55:06
38353,kl1_2024_000,kor.1,,,Daegu FC,Daejeon Hana Citizen,2024-12-31,0,0,completed,,,,,
38354,kl1_2024_001,kor.1,,,Daegu FC,Gangwon FC,2024-12-31,1,2,completed,,,,,
38355,kl1_2024_002,kor.1,,,Daegu FC,Gimcheon Sangmu,2024-12-31,0,1,completed,,,,,
38356,kl1_2024_003,kor.1,,,Daegu FC,Gwangju FC,2024-12-31,3,2,completed,,,,,
38357,kl1_2024_004,kor.1,,,Daegu FC,Incheon United,2024-12-31,0,0,completed,,,,,
38358,kl1_2024_005,kor.1,,,Daegu FC,Jeju SK,2024-12-31,1,0,completed,,,,,
38359,kl1_2024_006,kor.1,,,Daegu FC,Jeonbuk Hyundai Motors,2024-12-31,3,0,completed,,,,,
38360,kl1_2024_007,kor.1,,,Daegu FC,Pohang Steelers,2024-12-31,3,3,completed,,,,,
38361,kl1_2024_008,kor.1,,,Daegu FC,FC Seoul,2024-12-31,0,0,completed,,,,,
38362,kl1_2024_009,kor.1,,,Daegu FC,Suwon FC,2024-12-31,1,1,completed,,,,,
38363,kl1_2024_010,kor.1,,,Daejeon Hana Citizen,Daegu FC,2024-12-31,1,0,completed,,,,,
38364,kl1_2024_011,kor.1,,,Daejeon Hana Citizen,Gangwon FC,2024-12-31,1,1,completed,,,,,
38365,kl1_2024_012,kor.1,,,Daejeon Hana Citizen,Gimcheon Sangmu,2024-12-31,0,0,completed,,,,,
38366,kl1_2024_013,kor.1,,,Daejeon Hana Citizen,Gwangju FC,2024-12-31,2,1,completed,,,,,
38367,kl1_2024_014,kor.1,,,Daejeon Hana Citizen,Incheon United,2024-12-31,0,1,completed,,,,,
38368,kl1_2024_015,kor.1,,,Daejeon Hana Citizen,Jeju SK,2024-12-31,0,1,completed,,,,,
38369,kl1_2024_016,kor.1,,,Daejeon Hana Citizen,Jeonbuk Hyundai Motors,2024-12-31,2,2,completed,,,,,
38370,kl1_2024_017,kor.1,,,Daejeon Hana Citizen,Pohang Steelers,2024-12-31,1,2,completed,,,,,
38371,kl1_2024_018,kor.1,,,Daejeon Hana Citizen,FC Seoul,2024-12-31,3,1,completed,,,,,
38372,kl1_2024_019,kor.1,,,Daejeon Hana Citizen,Suwon FC,2024-12-31,0,2,completed,,,,,
38373,kl1_2024_020,kor.1,,,Gangwon FC,Daegu FC,2024-12-31,3,0,completed,,,,,
38374,kl1_2024_021,kor.1,,,Gangwon FC,Daejeon Hana Citizen,2024-12-31,3,3,completed,,,,,
38375,kl1_2024_022,kor.1,,,Gangwon FC,Gimcheon Sangmu,2024-12-31,2,3,completed,,,,,
38376,kl1_2024_023,kor.1,,,Gangwon FC,Gwangju FC,2024-12-31,2,0,completed,,,,,
38377,kl1_2024_024,kor.1,,,Gangwon FC,Incheon United,2024-12-31,4,1,completed,,,,,
38378,kl1_2024_025,kor.1,,,Gangwon FC,Jeju SK,2024-12-31,1,1,completed,,,,,
38379,kl1_2024_026,kor.1,,,Gangwon FC,Jeonbuk Hyundai Motors,2024-12-31,2,1,completed,,,,,
38380,kl1_2024_027,kor.1,,,Gangwon FC,Pohang Steelers,2024-12-31,2,4,completed,,,,,
38381,kl1_2024_028,kor.1,,,Gangwon FC,FC Seoul,2024-12-31,1,1,completed,,,,,
38382,kl1_2024_029,kor.1,,,Gangwon FC,Suwon FC,2024-12-31,3,1,completed,,,,,
38383,kl1_2024_030,kor.1,,,Gimcheon Sangmu,Daegu FC,2024-12-31,2,0,completed,,,,,
38384,kl1_2024_031,kor.1,,,Gimcheon Sangmu,Daejeon Hana Citizen,2024-12-31,2,0,completed,,,,,
38385,kl1_2024_032,kor.1,,,Gimcheon Sangmu,Gangwon FC,2024-12-31,1,0,completed,,,,,
38386,kl1_2024_033,kor.1,,,Gimcheon Sangmu,Gwangju FC,2024-12-31,2,1,completed,,,,,
38387,kl1_2024_034,kor.1,,,Gimcheon Sangmu,Incheon United,2024-12-31,2,2,completed,,,,,
38388,kl1_2024_035,kor.1,,,Gimcheon Sangmu,Jeju SK,2024-12-31,1,0,completed,,,,,
38389,kl1_2024_036,kor.1,,,Gimcheon Sangmu,Jeonbuk Hyundai Motors,2024-12-31,1,0,completed,,,,,
38390,kl1_2024_037,kor.1,,,Gimcheon Sangmu,Pohang Steelers,2024-12-31,3,1,completed,,,,,
38391,kl1_2024_038,kor.1,,,Gimcheon Sangmu,FC Seoul,2024-12-31,0,0,completed,,,,,
38392,kl1_2024_039,kor.1,,,Gimcheon Sangmu,Suwon FC,2024-12-31,2,3,completed,,,,,
38393,kl1_2024_040,kor.1,,,Gwangju FC,Daegu FC,2024-12-31,1,2,completed,,,,,
38394,kl1_2024_041,kor.1,,,Gwangju FC,Daejeon Hana Citizen,2024-12-31,2,1,completed,,,,,
38395,kl1_2024_042,kor.1,,,Gwangju FC,Gangwon FC,2024-12-31,4,2,completed,,,,,
38396,kl1_2024_043,kor.1,,,Gwangju FC,Gimcheon Sangmu,2024-12-31,2,0,completed,,,,,
38397,kl1_2024_044,kor.1,,,Gwangju FC,Incheon United,2024-12-31,2,3,completed,,,,,
38398,kl1_2024_045,kor.1,,,Gwangju FC,Jeju SK,2024-12-31,2,1,completed,,,,,
38399,kl1_2024_046,kor.1,,,Gwangju FC,Jeonbuk Hyundai Motors,2024-12-31,0,3,completed,,,,,
38400,kl1_2024_047,kor.1,,,Gwangju FC,Pohang Steelers,2024-12-31,0,1,completed,,,,,
38401,kl1_2024_048,kor.1,,,Gwangju FC,FC Seoul,2024-12-31,2,0,completed,,,,,
38402,kl1_2024_049,kor.1,,,Gwangju FC,Suwon FC,2024-12-31,1,2,completed,,,,,
38403,kl1_2024_050,kor.1,,,Incheon United,Daegu FC,2024-12-31,1,1,completed,,,,,
38404,kl1_2024_051,kor.1,,,Incheon United,Daejeon Hana Citizen,2024-12-31,2,0,completed,,,,,
38405,kl1_2024_052,kor.1,,,Incheon United,Gangwon FC,2024-12-31,0,1,completed,,,,,
38406,kl1_2024_053,kor.1,,,Incheon United,Gimcheon Sangmu,2024-12-31,1,1,completed,,,,,
38407,kl1_2024_054,kor.1,,,Incheon United,Gwangju FC,2024-12-31,1,1,completed,,,,,
38408,kl1_2024_055,kor.1,,,Incheon United,Jeju SK,2024-12-31,0,1,completed,,,,,
38409,kl1_2024_056,kor.1,,,Incheon United,Jeonbuk Hyundai Motors,2024-12-31,3,0,completed,,,,,
38410,kl1_2024_057,kor.1,,,Incheon United,Pohang Steelers,2024-12-31,1,3,completed,,,,,
38411,kl1_2024_058,kor.1,,,Incheon United,Suwon FC,2024-12-31,0,1,completed,,,,,
38412,kl1_2024_059,kor.1,,,Jeju SK,Daegu FC,2024-12-31,1,0,completed,,,,,
38413,kl1_2024_060,kor.1,,,Jeju SK,Daejeon Hana Citizen,2024-12-31,3,1,completed,,,,,
38414,kl1_2024_061,kor.1,,,Jeju SK,Gangwon FC,2024-12-31,1,2,completed,,,,,
38415,kl1_2024_062,kor.1,,,Jeju SK,Gimcheon Sangmu,2024-12-31,0,2,completed,,,,,
38416,kl1_2024_063,kor.1,,,Jeju SK,Gwangju FC,2024-12-31,1,3,completed,,,,,
38417,kl1_2024_064,kor.1,,,Jeju SK,Incheon United,2024-12-31,1,0,completed,,,,,
38418,kl1_2024_065,kor.1,,,Jeju SK,Jeonbuk Hyundai Motors,2024-12-31,2,0,completed,,,,,
38419,kl1_2024_066,kor.1,,,Jeju SK,Pohang Steelers,2024-12-31,0,2,completed,,,,,
38420,kl1_2024_067,kor.1,,,Jeju SK,FC Seoul,2024-12-31,3,2,completed,,,,,
38421,kl1_2024_068,kor.1,,,Jeju SK,Suwon FC,2024-12-31,1,0,completed,,,,,
38422,kl1_2024_069,kor.1,,,Jeonbuk Hyundai Motors,Daegu FC,2024-12-31,2,2,completed,,,,,
38423,kl1_2024_070,kor.1,,,Jeonbuk Hyundai Motors,Daejeon Hana Citizen,2024-12-31,1,1,completed,,,,,
38424,kl1_2024_071,kor.1,,,Jeonbuk Hyundai Motors,Gangwon FC,2024-12-31,2,3,completed,,,,,
38425,kl1_2024_072,kor.1,,,Jeonbuk Hyundai Motors,Gimcheon Sangmu,2024-12-31,0,0,completed,,,,,
38426,kl1_2024_073,kor.1,,,Jeonbuk Hyundai Motors,Gwangju FC,2024-12-31,2,1,completed,,,,,
38427,kl1_2024_074,kor.1,,,Jeonbuk Hyundai Motors,Incheon United,2024-12-31,2,2,completed,,,,,
38428,kl1_2024_075,kor.1,,,Jeonbuk Hyundai Motors,Jeju SK,2024-12-31,2,1,completed,,,,,
38429,kl1_2024_076,kor.1,,,Jeonbuk Hyundai Motors,Pohang Steelers,2024-12-31,1,1,completed,,,,,
38430,kl1_2024_077,kor.1,,,Jeonbuk Hyundai Motors,Suwon FC,2024-12-31,2,3,completed,,,,,
38431,kl1_2024_078,kor.1,,,Pohang Steelers,Daegu FC,2024-12-31,3,1,completed,,,,,
38432,kl1_2024_079,kor.1,,,Pohang Steelers,Daejeon Hana Citizen,2024-12-31,1,1,completed,,,,,
38433,kl1_2024_080,kor.1,,,Pohang Steelers,Gangwon FC,2024-12-31,2,0,completed,,,,,
38434,kl1_2024_081,kor.1,,,Pohang Steelers,Gimcheon Sangmu,2024-12-31,0,0,completed,,,,,
38435,kl1_2024_082,kor.1,,,Pohang Steelers,Gwangju FC,2024-12-31,1,0,completed,,,,,
38436,kl1_2024_083,kor.1,,,Pohang Steelers,Incheon United,2024-12-31,0,0,completed,,,,,
38437,kl1_2024_084,kor.1,,,Pohang Steelers,Jeju SK,2024-12-31,1,1,completed,,,,,
38438,kl1_2024_085,kor.1,,,Pohang Steelers,Jeonbuk Hyundai Motors,2024-12-31,1,0,completed,,,,,
38439,kl1_2024_086,kor.1,,,Pohang Steelers,FC Seoul,2024-12-31,2,2,completed,,,,,
38440,kl1_2024_087,kor.1,,,Pohang Steelers,Suwon FC,2024-12-31,1,1,completed,,,,,
38441,kl1_2024_088,kor.1,,,FC Seoul,Daegu FC,2024-12-31,1,2,completed,,,,,
38442,kl1_2024_089,kor.1,,,FC Seoul,Daejeon Hana Citizen,2024-12-31,2,1,completed,,,,,
38443,kl1_2024_090,kor.1,,,FC Seoul,Gangwon FC,2024-12-31,2,0,completed,,,,,
38444,kl1_2024_091,kor.1,,,FC Seoul,Gimcheon Sangmu,2024-12-31,5,1,completed,,,,,
38445,kl1_2024_092,kor.1,,,FC Seoul,Gwangju FC,2024-12-31,1,2,completed,,,,,
38446,kl1_2024_093,kor.1,,,FC Seoul,Jeju SK,2024-12-31,2,0,completed,,,,,
38447,kl1_2024_094,kor.1,,,FC Seoul,Pohang Steelers,2024-12-31,2,4,completed,,,,,
38448,kl1_2024_095,kor.1,,,FC Seoul,Suwon FC,2024-12-31,3,0,completed,,,,,
38449,kl1_2024_096,kor.1,,,Suwon FC,Daegu FC,2024-12-31,2,0,completed,,,,,
38450,kl1_2024_097,kor.1,,,Suwon FC,Daejeon Hana Citizen,2024-12-31,1,0,completed,,,,,
38451,kl1_2024_098,kor.1,,,Suwon FC,Gangwon FC,2024-12-31,1,2,completed,,,,,
38452,kl1_2024_099,kor.1,,,Suwon FC,Gimcheon Sangmu,2024-12-31,1,4,completed,,,,,
38453,kl1_2024_100,kor.1,,,Suwon FC,Gwangju FC,2024-12-31,1,0,completed,,,,,
38454,kl1_2024_101,kor.1,,,Suwon FC,Incheon United,2024-12-31,3,1,completed,,,,,
38455,kl1_2024_102,kor.1,,,Suwon FC,Jeju SK,2024-12-31,2,1,completed,,,,,
38456,kl1_2024_103,kor.1,,,Suwon FC,Jeonbuk Hyundai Motors,2024-12-31,1,1,completed,,,,,
38457,kl1_2024_104,kor.1,,,Suwon FC,Pohang Steelers,2024-12-31,1,0,completed,,,,,
38458,kl1_2024_105,kor.1,,,Suwon FC,FC Seoul,2024-12-31,0,2,completed,,,,,
38459,kl1_2024_106,kor.1,,,Daegu FC,Daejeon Hana Citizen,2024-12-31,1,1,completed,,,,,
38460,kl1_2024_107,kor.1,,,Daegu FC,Gimcheon Sangmu,2024-12-31,3,0,completed,,,,,
38461,kl1_2024_108,kor.1,,,Daegu FC,Gwangju FC,2024-12-31,0,1,completed,,,,,
38462,kl1_2024_109,kor.1,,,Daegu FC,Incheon United,2024-12-31,1,2,completed,,,,,
38463,kl1_2024_110,kor.1,,,Daegu FC,Jeonbuk Hyundai Motors,2024-12-31,4,3,completed,,,,,
38464,kl1_2024_111,kor.1,,,Daegu FC,FC Seoul,2024-12-31,1,1,completed,,,,,
38465,kl1_2024_112,kor.1,,,Suwon FC,Daegu FC,2024-12-31,2,2,completed,,,,,
38466,kl1_2024_113,kor.1,,,Suwon FC,Daejeon Hana Citizen,2024-12-31,1,2,completed,,,,,
38467,kl1_2024_114,kor.1,,,Suwon FC,Gimcheon Sangmu,2024-12-31,2,4,completed,,,,,
38468,kl1_2024_115,kor.1,,,Suwon FC,Jeju SK,2024-12-31,5,0,completed,,,,,
38469,kl1_2024_116,kor.1,,,Suwon FC,Jeonbuk Hyundai Motors,2024-12-31,0,6,completed,,,,,
38470,kl1_2024_117,kor.1,,,Daejeon Hana Citizen,Gangwon FC,2024-12-31,1,1,completed,,,,,
38471,kl1_2024_118,kor.1,,,Daejeon Hana Citizen,Gwangju FC,2024-12-31,2,0,completed,,,,,
38472,kl1_2024_119,kor.1,,,Daejeon Hana Citizen,Incheon United,2024-12-31,2,1,completed,,,,,
38473,kl1_2024_120,kor.1,,,Daejeon Hana Citizen,Jeonbuk Hyundai Motors,2024-12-31,0,0,completed,,,,,
38474,kl1_2024_121,kor.1,,,Daejeon Hana Citizen,Pohang Steelers,2024-12-31,1,2,completed,,,,,
38475,kl1_2024_122,kor.1,,,Gangwon FC,Daegu FC,2024-12-31,1,1,completed,,,,,
38476,kl1_2024_123,kor.1,,,Gangwon FC,Gwangju FC,2024-12-31,3,2,completed,,,,,
38477,kl1_2024_124,kor.1,,,Gangwon FC,Jeju SK,2024-12-31,4,0,completed,,,,,
38478,kl1_2024_125,kor.1,,,Gangwon FC,Jeonbuk Hyundai Motors,2024-12-31,4,2,completed,,,,,
38479,kl1_2024_126,kor.1,,,Gangwon FC,Suwon FC,2024-12-31,2,2,completed,,,,,
38480,kl1_2024_127,kor.1,,,Gimcheon Sangmu,Daejeon Hana Citizen,2024-12-31,2,2,completed,,,,,
38481,kl1_2024_128,kor.1,,,Gimcheon Sangmu,Gangwon FC,2024-12-31,1,2,completed,,,,,
38482,kl1_2024_129,kor.1,,,Gimcheon Sangmu,Gwangju FC,2024-12-31,2,0,completed,,,,,
38483,kl1_2024_130,kor.1,,,Gimcheon Sangmu,Incheon United,2024-12-31,2,0,completed,,,,,
38484,kl1_2024_131,kor.1,,,Gimcheon Sangmu,Jeonbuk Hyundai Motors,2024-12-31,4,0,completed,,,,,
38485,kl1_2024_132,kor.1,,,Gwangju FC,Incheon United,2024-12-31,0,2,completed,,,,,
38486,kl1_2024_133,kor.1,,,Gwangju FC,Jeju SK,2024-12-31,0,2,completed,,,,,
38487,kl1_2024_134,kor.1,,,Gwangju FC,Pohang Steelers,2024-12-31,2,1,completed,,,,,
38488,kl1_2024_135,kor.1,,,Gwangju FC,FC Seoul,2024-12-31,3,1,completed,,,,,
38489,kl1_2024_136,kor.1,,,Gwangju FC,Suwon FC,2024-12-31,1,0,completed,,,,,
38490,kl1_2024_137,kor.1,,,Incheon United,Gangwon FC,2024-12-31,1,3,completed,,,,,
38491,kl1_2024_138,kor.1,,,Incheon United,Jeonbuk Hyundai Motors,2024-12-31,0,1,completed,,,,,
38492,kl1_2024_139,kor.1,,,Incheon United,FC Seoul,2024-12-31,0,1,completed,,,,,
38493,kl1_2024_140,kor.1,,,Incheon United,Suwon FC,2024-12-31,1,4,completed,,,,,
38494,kl1_2024_141,kor.1,,,Jeju SK,Daegu FC,2024-12-31,0,4,completed,,,,,
38495,kl1_2024_142,kor.1,,,Jeju SK,Daejeon Hana Citizen,2024-12-31,2,1,completed,,,,,
38496,kl1_2024_143,kor.1,,,Jeju SK,Gimcheon Sangmu,2024-12-31,1,0,completed,,,,,
38497,kl1_2024_144,kor.1,,,Jeju SK,Incheon United,2024-12-31,0,1,completed,,,,,
38498,kl1_2024_145,kor.1,,,Jeju SK,Pohang Steelers,2024-12-31,2,1,completed,,,,,
38499,kl1_2024_146,kor.1,,,Jeonbuk Hyundai Motors,Gwangju FC,2024-12-31,0,1,completed,,,,,
38500,kl1_2024_147,kor.1,,,Jeonbuk Hyundai Motors,Jeju SK,2024-12-31,2,1,completed,,,,,
38501,kl1_2024_148,kor.1,,,Jeonbuk Hyundai Motors,Pohang Steelers,2024-12-31,2,1,completed,,,,,
38502,kl1_2024_149,kor.1,,,Jeonbuk Hyundai Motors,FC Seoul,2024-12-31,0,0,completed,,,,,
38503,kl1_2024_150,kor.1,,,Pohang Steelers,Daegu FC,2024-12-31,1,2,completed,,,,,
38504,kl1_2024_151,kor.1,,,Pohang Steelers,Gangwon FC,2024-12-31,2,1,completed,,,,,
38505,kl1_2024_152,kor.1,,,Pohang Steelers,Gimcheon Sangmu,2024-12-31,1,2,completed,,,,,
38506,kl1_2024_153,kor.1,,,Pohang Steelers,Incheon United,2024-12-31,1,0,completed,,,,,
38507,kl1_2024_154,kor.1,,,Pohang Steelers,FC Seoul,2024-12-31,1,2,completed,,,,,
38508,kl1_2024_155,kor.1,,,Pohang Steelers,Suwon FC,2024-12-31,1,1,completed,,,,,
38509,kl1_2024_156,kor.1,,,FC Seoul,Daejeon Hana Citizen,2024-12-31,2,3,completed,,,,,
38510,kl1_2024_157,kor.1,,,FC Seoul,Gangwon FC,2024-12-31,2,0,completed,,,,,
38511,kl1_2024_158,kor.1,,,FC Seoul,Gimcheon Sangmu,2024-12-31,1,0,completed,,,,,
38512,kl1_2024_159,kor.1,,,FC Seoul,Jeju SK,2024-12-31,1,0,completed,,,,,
38513,kl1_2024_160,kor.1,,,FC Seoul,Suwon FC,2024-12-31,1,0,completed,,,,,
38514,kl1_2024_161,kor.1,,,Gangwon FC,Gimcheon Sangmu,2024-12-31,1,0,completed,,,,,
38515,kl1_2024_162,kor.1,,,Gangwon FC,Pohang Steelers,2024-12-31,1,0,completed,,,,,
38516,kl1_2024_163,kor.1,,,Gangwon FC,FC Seoul,2024-12-31,1,0,completed,,,,,
38517,kl1_2024_164,kor.1,,,Gimcheon Sangmu,FC Seoul,2024-12-31,1,3,completed,,,,,
38518,kl1_2024_165,kor.1,,,Gimcheon Sangmu,Suwon FC,2024-12-31,1,0,completed,,,,,
38519,kl1_2024_166,kor.1,,,Pohang Steelers,Gimcheon Sangmu,2024-12-31,0,3,completed,,,,,
38520,kl1_2024_167,kor.1,,,Pohang Steelers,Suwon FC,2024-12-31,1,1,completed,,,,,
38521,kl1_2024_168,kor.1,,,FC Seoul,Pohang Steelers,2024-12-31,1,1,completed,,,,,
38522,kl1_2024_169,kor.1,,,Suwon FC,Gangwon FC,2024-12-31,4,0,completed,,,,,
38523,kl1_2024_170,kor.1,,,Suwon FC,FC Seoul,2024-12-31,0,1,completed,,,,,
38524,kl1_2024_171,kor.1,,,Daegu FC,Incheon United,2024-12-31,1,3,completed,,,,,
38525,kl1_2024_172,kor.1,,,Daegu FC,Jeju SK,2024-12-31,2,2,completed,,,,,
38526,kl1_2024_173,kor.1,,,Daejeon Hana Citizen,Daegu FC,2024-12-31,1,0,completed,,,,,
38527,kl1_2024_174,kor.1,,,Daejeon Hana Citizen,Jeju SK,2024-12-31,2,1,completed,,,,,
38528,kl1_2024_175,kor.1,,,Gwangju FC,Daegu FC,2024-12-31,1,1,completed,,,,,
38529,kl1_2024_176,kor.1,,,Gwangju FC,Daejeon Hana Citizen,2024-12-31,0,0,completed,,,,,
38530,kl1_2024_177,kor.1,,,Incheon United,Daejeon Hana Citizen,2024-12-31,1,2,completed,,,,,
38531,kl1_2024_178,kor.1,,,Incheon United,Gwangju FC,2024-12-31,1,0,completed,,,,,
38532,kl1_2024_179,kor.1,,,Incheon United,Jeju SK,2024-12-31,1,2,completed,,,,,
38533,kl1_2024_180,kor.1,,,Jeju SK,Gwangju FC,2024-12-31,0,0,completed,,,,,
38534,kl1_2024_181,kor.1,,,Jeonbuk Hyundai Motors,Daegu FC,2024-12-31,3,1,completed,,,,,
38535,kl1_2024_182,kor.1,,,Jeonbuk Hyundai Motors,Daejeon Hana Citizen,2024-12-31,0,2,completed,,,,,
38536,kl1_2024_183,kor.1,,,Jeonbuk Hyundai Motors,Incheon United,2024-12-31,0,0,completed,,,,,
38537,kl1_2022_000,kor.1,,,Daegu FC,Gangwon FC,2024-12-31,3,0,completed,,,,,
38538,kl1_2022_001,kor.1,,,Daegu FC,Gimcheon Sangmu,2024-12-31,1,0,completed,,,,,
38539,kl1_2022_002,kor.1,,,Daegu FC,Incheon United,2024-12-31,1,2,completed,,,,,
38540,kl1_2022_003,kor.1,,,Daegu FC,Jeju SK,2024-12-31,1,0,completed,,,,,
38541,kl1_2022_004,kor.1,,,Daegu FC,Jeonbuk Hyundai Motors,2024-12-31,1,1,completed,,,,,
38542,kl1_2022_005,kor.1,,,Daegu FC,Pohang Steelers,2024-12-31,2,2,completed,,,,,
38543,kl1_2022_006,kor.1,,,Daegu FC,Seongnam FC,2024-12-31,3,1,completed,,,,,
38544,kl1_2022_007,kor.1,,,Daegu FC,FC Seoul,2024-12-31,0,2,completed,,,,,
38545,kl1_2022_008,kor.1,,,Daegu FC,Suwon Samsung Bluewings,2024-12-31,3,0,completed,,,,,
38546,kl1_2022_009,kor.1,,,Daegu FC,Suwon FC,2024-12-31,0,0,completed,,,,,
38547,kl1_2022_010,kor.1,,,Gangwon FC,Daegu FC,2024-12-31,2,0,completed,,,,,
38548,kl1_2022_011,kor.1,,,Gangwon FC,Gimcheon Sangmu,2024-12-31,3,2,completed,,,,,
38549,kl1_2022_012,kor.1,,,Gangwon FC,Incheon United,2024-12-31,0,1,completed,,,,,
38550,kl1_2022_013,kor.1,,,Gangwon FC,Jeju SK,2024-12-31,4,2,completed,,,,,
38551,kl1_2022_014,kor.1,,,Gangwon FC,Jeonbuk Hyundai Motors,2024-12-31,1,2,completed,,,,,
38552,kl1_2022_015,kor.1,,,Gangwon FC,Pohang Steelers,2024-12-31,1,1,completed,,,,,
38553,kl1_2022_016,kor.1,,,Gangwon FC,Seongnam FC,2024-12-31,2,0,completed,,,,,
38554,kl1_2022_017,kor.1,,,Gangwon FC,FC Seoul,2024-12-31,1,0,completed,,,,,
38555,kl1_2022_018,kor.1,,,Gangwon FC,Suwon Samsung Bluewings,2024-12-31,1,1,completed,,,,,
38556,kl1_2022_019,kor.1,,,Gangwon FC,Suwon FC,2024-12-31,0,2,completed,,,,,
38557,kl1_2022_020,kor.1,,,Gimcheon Sangmu,Daegu FC,2024-12-31,1,1,completed,,,,,
38558,kl1_2022_021,kor.1,,,Gimcheon Sangmu,Gangwon FC,2024-12-31,1,0,completed,,,,,
38559,kl1_2022_022,kor.1,,,Gimcheon Sangmu,Incheon United,2024-12-31,0,1,completed,,,,,
38560,kl1_2022_023,kor.1,,,Gimcheon Sangmu,Jeju SK,2024-12-31,4,0,completed,,,,,
38561,kl1_2022_024,kor.1,,,Gimcheon Sangmu,Jeonbuk Hyundai Motors,2024-12-31,1,2,completed,,,,,
38562,kl1_2022_025,kor.1,,,Gimcheon Sangmu,Pohang Steelers,2024-12-31,3,2,completed,,,,,
38563,kl1_2022_026,kor.1,,,Gimcheon Sangmu,Seongnam FC,2024-12-31,1,1,completed,,,,,
38564,kl1_2022_027,kor.1,,,Gimcheon Sangmu,FC Seoul,2024-12-31,2,0,completed,,,,,
38565,kl1_2022_028,kor.1,,,Gimcheon Sangmu,Suwon Samsung Bluewings,2024-12-31,1,1,completed,,,,,
38566,kl1_2022_029,kor.1,,,Gimcheon Sangmu,Suwon FC,2024-12-31,0,1,completed,,,,,
38567,kl1_2022_030,kor.1,,,Incheon United,Daegu FC,2024-12-31,2,2,completed,,,,,
38568,kl1_2022_031,kor.1,,,Incheon United,Gangwon FC,2024-12-31,4,1,completed,,,,,
38569,kl1_2022_032,kor.1,,,Incheon United,Gimcheon Sangmu,2024-12-31,1,0,completed,,,,,
38570,kl1_2022_033,kor.1,,,Incheon United,Jeju SK,2024-12-31,2,2,completed,,,,,
38571,kl1_2022_034,kor.1,,,Incheon United,Jeonbuk Hyundai Motors,2024-12-31,0,1,completed,,,,,
38572,kl1_2022_035,kor.1,,,Incheon United,Pohang Steelers,2024-12-31,0,1,completed,,,,,
38573,kl1_2022_036,kor.1,,,Incheon United,Seongnam FC,2024-12-31,1,0,completed,,,,,
38574,kl1_2022_037,kor.1,,,Incheon United,FC Seoul,2024-12-31,1,1,completed,,,,,
38575,kl1_2022_038,kor.1,,,Incheon United,Suwon Samsung Bluewings,2024-12-31,1,0,completed,,,,,
38576,kl1_2022_039,kor.1,,,Incheon United,Suwon FC,2024-12-31,0,1,completed,,,,,
38577,kl1_2022_040,kor.1,,,Jeju SK,Daegu FC,2024-12-31,0,0,completed,,,,,
38578,kl1_2022_041,kor.1,,,Jeju SK,Gangwon FC,2024-12-31,0,0,completed,,,,,
38579,kl1_2022_042,kor.1,,,Jeju SK,Gimcheon Sangmu,2024-12-31,3,1,completed,,,,,
38580,kl1_2022_043,kor.1,,,Jeju SK,Incheon United,2024-12-31,2,1,completed,,,,,
38581,kl1_2022_044,kor.1,,,Jeju SK,Jeonbuk Hyundai Motors,2024-12-31,2,0,completed,,,,,
38582,kl1_2022_045,kor.1,,,Jeju SK,Pohang Steelers,2024-12-31,0,3,completed,,,,,
38583,kl1_2022_046,kor.1,,,Jeju SK,Seongnam FC,2024-12-31,3,2,completed,,,,,
38584,kl1_2022_047,kor.1,,,Jeju SK,FC Seoul,2024-12-31,2,2,completed,,,,,
38585,kl1_2022_048,kor.1,,,Jeju SK,Suwon Samsung Bluewings,2024-12-31,0,0,completed,,,,,
38586,kl1_2022_049,kor.1,,,Jeju SK,Suwon FC,2024-12-31,0,0,completed,,,,,
38587,kl1_2022_050,kor.1,,,Jeonbuk Hyundai Motors,Daegu FC,2024-12-31,1,1,completed,,,,,
38588,kl1_2022_051,kor.1,,,Jeonbuk Hyundai Motors,Gangwon FC,2024-12-31,1,1,completed,,,,,
38589,kl1_2022_052,kor.1,,,Jeonbuk Hyundai Motors,Gimcheon Sangmu,2024-12-31,1,1,completed,,,,,
38590,kl1_2022_053,kor.1,,,Jeonbuk Hyundai Motors,Incheon United,2024-12-31,2,2,completed,,,,,
38591,kl1_2022_054,kor.1,,,Jeonbuk Hyundai Motors,Jeju SK,2024-12-31,0,2,completed,,,,,
38592,kl1_2022_055,kor.1,,,Jeonbuk Hyundai Motors,Pohang Steelers,2024-12-31,0,1,completed,,,,,
38593,kl1_2022_056,kor.1,,,Jeonbuk Hyundai Motors,Seongnam FC,2024-12-31,3,2,completed,,,,,
38594,kl1_2022_057,kor.1,,,Jeonbuk Hyundai Motors,FC Seoul,2024-12-31,1,1,completed,,,,,
38595,kl1_2022_058,kor.1,,,Jeonbuk Hyundai Motors,Suwon Samsung Bluewings,2024-12-31,2,1,completed,,,,,
38596,kl1_2022_059,kor.1,,,Jeonbuk Hyundai Motors,Suwon FC,2024-12-31,1,0,completed,,,,,
38597,kl1_2022_060,kor.1,,,Pohang Steelers,Daegu FC,2024-12-31,1,1,completed,,,,,
38598,kl1_2022_061,kor.1,,,Pohang Steelers,Gangwon FC,2024-12-31,3,1,completed,,,,,
38599,kl1_2022_062,kor.1,,,Pohang Steelers,Gimcheon Sangmu,2024-12-31,1,1,completed,,,,,
38600,kl1_2022_063,kor.1,,,Pohang Steelers,Incheon United,2024-12-31,2,0,completed,,,,,
38601,kl1_2022_064,kor.1,,,Pohang Steelers,Jeju SK,2024-12-31,1,1,completed,,,,,
38602,kl1_2022_065,kor.1,,,Pohang Steelers,Jeonbuk Hyundai Motors,2024-12-31,0,1,completed,,,,,
38603,kl1_2022_066,kor.1,,,Pohang Steelers,Seongnam FC,2024-12-31,1,0,completed,,,,,
38604,kl1_2022_067,kor.1,,,Pohang Steelers,FC Seoul,2024-12-31,1,1,completed,,,,,
38605,kl1_2022_068,kor.1,,,Pohang Steelers,Suwon Samsung Bluewings,2024-12-31,1,0,completed,,,,,
38606,kl1_2022_069,kor.1,,,Pohang Steelers,Suwon FC,2024-12-31,2,0,completed,,,,,
38607,kl1_2022_070,kor.1,,,Seongnam FC,Daegu FC,2024-12-31,1,1,completed,,,,,
38608,kl1_2022_071,kor.1,,,Seongnam FC,Gangwon FC,2024-12-31,0,2,completed,,,,,
38609,kl1_2022_072,kor.1,,,Seongnam FC,Gimcheon Sangmu,2024-12-31,0,3,completed,,,,,
38610,kl1_2022_073,kor.1,,,Seongnam FC,Incheon United,2024-12-31,0,1,completed,,,,,
38611,kl1_2022_074,kor.1,,,Seongnam FC,Jeju SK,2024-12-31,1,2,completed,,,,,
38612,kl1_2022_075,kor.1,,,Seongnam FC,Jeonbuk Hyundai Motors,2024-12-31,0,4,completed,,,,,
38613,kl1_2022_076,kor.1,,,Seongnam FC,Pohang Steelers,2024-12-31,1,4,completed,,,,,
38614,kl1_2022_077,kor.1,,,Seongnam FC,FC Seoul,2024-12-31,0,0,completed,,,,,
38615,kl1_2022_078,kor.1,,,Seongnam FC,Suwon Samsung Bluewings,2024-12-31,2,2,completed,,,,,
38616,kl1_2022_079,kor.1,,,Seongnam FC,Suwon FC,2024-12-31,2,2,completed,,,,,
38617,kl1_2022_080,kor.1,,,FC Seoul,Daegu FC,2024-12-31,2,1,completed,,,,,
38618,kl1_2022_081,kor.1,,,FC Seoul,Gangwon FC,2024-12-31,2,2,completed,,,,,
38619,kl1_2022_082,kor.1,,,FC Seoul,Gimcheon Sangmu,2024-12-31,2,2,completed,,,,,
38620,kl1_2022_083,kor.1,,,FC Seoul,Incheon United,2024-12-31,1,1,completed,,,,,
38621,kl1_2022_084,kor.1,,,FC Seoul,Jeju SK,2024-12-31,1,2,completed,,,,,
38622,kl1_2022_085,kor.1,,,FC Seoul,Jeonbuk Hyundai Motors,2024-12-31,0,1,completed,,,,,
38623,kl1_2022_086,kor.1,,,FC Seoul,Pohang Steelers,2024-12-31,1,0,completed,,,,,
38624,kl1_2022_087,kor.1,,,FC Seoul,Seongnam FC,2024-12-31,0,1,completed,,,,,
38625,kl1_2022_088,kor.1,,,FC Seoul,Suwon Samsung Bluewings,2024-12-31,2,0,completed,,,,,
38626,kl1_2022_089,kor.1,,,FC Seoul,Suwon FC,2024-12-31,3,1,completed,,,,,
38627,kl1_2022_090,kor.1,,,Suwon Samsung Bluewings,Daegu FC,2024-12-31,1,1,completed,,,,,
38628,kl1_2022_091,kor.1,,,Suwon Samsung Bluewings,Gangwon FC,2024-12-31,2,2,completed,,,,,
38629,kl1_2022_092,kor.1,,,Suwon Samsung Bluewings,Gimcheon Sangmu,2024-12-31,2,1,completed,,,,,
38630,kl1_2022_093,kor.1,,,Suwon Samsung Bluewings,Incheon United,2024-12-31,0,0,completed,,,,,
38631,kl1_2022_094,kor.1,,,Suwon Samsung Bluewings,Jeju SK,2024-12-31,0,1,completed,,,,,
38632,kl1_2022_095,kor.1,,,Suwon Samsung Bluewings,Jeonbuk Hyundai Motors,2024-12-31,0,1,completed,,,,,
38633,kl1_2022_096,kor.1,,,Suwon Samsung Bluewings,Pohang Steelers,2024-12-31,1,1,completed,,,,,
38634,kl1_2022_097,kor.1,,,Suwon Samsung Bluewings,Seongnam FC,2024-12-31,1,0,completed,,,,,
38635,kl1_2022_098,kor.1,,,Suwon Samsung Bluewings,FC Seoul,2024-12-31,0,1,completed,,,,,
38636,kl1_2022_099,kor.1,,,Suwon Samsung Bluewings,Suwon FC,2024-12-31,1,0,completed,,,,,
38637,kl1_2022_100,kor.1,,,Suwon FC,Daegu FC,2024-12-31,4,3,completed,,,,,
38638,kl1_2022_101,kor.1,,,Suwon FC,Gangwon FC,2024-12-31,2,4,completed,,,,,
38639,kl1_2022_102,kor.1,,,Suwon FC,Gimcheon Sangmu,2024-12-31,3,2,completed,,,,,
38640,kl1_2022_103,kor.1,,,Suwon FC,Incheon United,2024-12-31,2,2,completed,,,,,
38641,kl1_2022_104,kor.1,,,Suwon FC,Jeju SK,2024-12-31,1,3,completed,,,,,
38642,kl1_2022_105,kor.1,,,Suwon FC,Jeonbuk Hyundai Motors,2024-12-31,0,1,completed,,,,,
38643,kl1_2022_106,kor.1,,,Suwon FC,Pohang Steelers,2024-12-31,1,0,completed,,,,,
38644,kl1_2022_107,kor.1,,,Suwon FC,Seongnam FC,2024-12-31,3,4,completed,,,,,
38645,kl1_2022_108,kor.1,,,Suwon FC,FC Seoul,2024-12-31,4,3,completed,,,,,
38646,kl1_2022_109,kor.1,,,Suwon FC,Suwon Samsung Bluewings,2024-12-31,3,0,completed,,,,,
38647,kl1_2022_110,kor.1,,,Daegu FC,Gimcheon Sangmu,2024-12-31,0,0,completed,,,,,
38648,kl1_2022_111,kor.1,,,Daegu FC,Incheon United,2024-12-31,2,3,completed,,,,,
38649,kl1_2022_112,kor.1,,,Daegu FC,Jeonbuk Hyundai Motors,2024-12-31,0,5,completed,,,,,
38650,kl1_2022_113,kor.1,,,Daegu FC,Seongnam FC,2024-12-31,1,0,completed,,,,,
38651,kl1_2022_114,kor.1,,,Daegu FC,FC Seoul,2024-12-31,3,0,completed,,,,,
38652,kl1_2022_115,kor.1,,,Daegu FC,Suwon Samsung Bluewings,2024-12-31,1,2,completed,,,,,
38653,kl1_2022_116,kor.1,,,Gangwon FC,Daegu FC,2024-12-31,1,0,completed,,,,,
38654,kl1_2022_117,kor.1,,,Gangwon FC,Gimcheon Sangmu,2024-12-31,0,1,completed,,,,,
38655,kl1_2022_118,kor.1,,,Gangwon FC,Jeju SK,2024-12-31,2,1,completed,,,,,
38656,kl1_2022_119,kor.1,,,Gangwon FC,Jeonbuk Hyundai Motors,2024-12-31,2,1,completed,,,,,
38657,kl1_2022_120,kor.1,,,Gangwon FC,Suwon FC,2024-12-31,2,3,completed,,,,,
38658,kl1_2022_121,kor.1,,,Gimcheon Sangmu,Incheon United,2024-12-31,1,0,completed,,,,,
38659,kl1_2022_122,kor.1,,,Gimcheon Sangmu,Jeju SK,2024-12-31,1,2,completed,,,,,
38660,kl1_2022_123,kor.1,,,Gimcheon Sangmu,Jeonbuk Hyundai Motors,2024-12-31,2,2,completed,,,,,
38661,kl1_2022_124,kor.1,,,Gimcheon Sangmu,Pohang Steelers,2024-12-31,0,1,completed,,,,,
38662,kl1_2022_125,kor.1,,,Gimcheon Sangmu,FC Seoul,2024-12-31,1,2,completed,,,,,
38663,kl1_2022_126,kor.1,,,Incheon United,Gangwon FC,2024-12-31,0,1,completed,,,,,
38664,kl1_2022_127,kor.1,,,Incheon United,Jeonbuk Hyundai Motors,2024-12-31,3,1,completed,,,,,
38665,kl1_2022_128,kor.1,,,Incheon United,FC Seoul,2024-12-31,2,0,completed,,,,,
38666,kl1_2022_129,kor.1,,,Incheon United,Suwon FC,2024-12-31,1,1,completed,,,,,
38667,kl1_2022_130,kor.1,,,Jeju SK,Daegu FC,2024-12-31,2,2,completed,,,,,
38668,kl1_2022_131,kor.1,,,Jeju SK,Incheon United,2024-12-31,0,1,completed,,,,,
38669,kl1_2022_132,kor.1,,,Jeju SK,Pohang Steelers,2024-12-31,5,0,completed,,,,,
38670,kl1_2022_133,kor.1,,,Jeju SK,Seongnam FC,2024-12-31,1,2,completed,,,,,
38671,kl1_2022_134,kor.1,,,Jeju SK,Suwon Samsung Bluewings,2024-12-31,1,2,completed,,,,,
38672,kl1_2022_135,kor.1,,,Jeonbuk Hyundai Motors,Jeju SK,2024-12-31,1,0,completed,,,,,
38673,kl1_2022_136,kor.1,,,Jeonbuk Hyundai Motors,Pohang Steelers,2024-12-31,2,2,completed,,,,,
38674,kl1_2022_137,kor.1,,,Jeonbuk Hyundai Motors,Seongnam FC,2024-12-31,1,0,completed,,,,,
38675,kl1_2022_138,kor.1,,,Jeonbuk Hyundai Motors,FC Seoul,2024-12-31,0,0,completed,,,,,
38676,kl1_2022_139,kor.1,,,Pohang Steelers,Daegu FC,2024-12-31,4,1,completed,,,,,
38677,kl1_2022_140,kor.1,,,Pohang Steelers,Gangwon FC,2024-12-31,2,1,completed,,,,,
38678,kl1_2022_141,kor.1,,,Pohang Steelers,Incheon United,2024-12-31,1,1,completed,,,,,
38679,kl1_2022_142,kor.1,,,Pohang Steelers,FC Seoul,2024-12-31,1,2,completed,,,,,
38680,kl1_2022_143,kor.1,,,Seongnam FC,Gangwon FC,2024-12-31,0,4,completed,,,,,
38681,kl1_2022_144,kor.1,,,Seongnam FC,Gimcheon Sangmu,2024-12-31,1,4,completed,,,,,
38682,kl1_2022_145,kor.1,,,Seongnam FC,Incheon United,2024-12-31,3,1,completed,,,,,
38683,kl1_2022_146,kor.1,,,Seongnam FC,Pohang Steelers,2024-12-31,1,1,completed,,,,,
38684,kl1_2022_147,kor.1,,,Seongnam FC,Suwon FC,2024-12-31,2,1,completed,,,,,
38685,kl1_2022_148,kor.1,,,FC Seoul,Gangwon FC,2024-12-31,1,0,completed,,,,,
38686,kl1_2022_149,kor.1,,,FC Seoul,Jeju SK,2024-12-31,0,2,completed,,,,,
38687,kl1_2022_150,kor.1,,,FC Seoul,Seongnam FC,2024-12-31,2,0,completed,,,,,
38688,kl1_2022_151,kor.1,,,FC Seoul,Suwon Samsung Bluewings,2024-12-31,1,3,completed,,,,,
38689,kl1_2022_152,kor.1,,,FC Seoul,Suwon FC,2024-12-31,2,2,completed,,,,,
38690,kl1_2022_153,kor.1,,,Suwon Samsung Bluewings,Gangwon FC,2024-12-31,2,3,completed,,,,,
38691,kl1_2022_154,kor.1,,,Suwon Samsung Bluewings,Gimcheon Sangmu,2024-12-31,0,0,completed,,,,,
38692,kl1_2022_155,kor.1,,,Suwon Samsung Bluewings,Incheon United,2024-12-31,3,3,completed,,,,,
38693,kl1_2022_156,kor.1,,,Suwon Samsung Bluewings,Jeonbuk Hyundai Motors,2024-12-31,2,3,completed,,,,,
38694,kl1_2022_157,kor.1,,,Suwon Samsung Bluewings,Pohang Steelers,2024-12-31,0,2,completed,,,,,
38695,kl1_2022_158,kor.1,,,Suwon Samsung Bluewings,Seongnam FC,2024-12-31,4,1,completed,,,,,
38696,kl1_2022_159,kor.1,,,Suwon FC,Daegu FC,2024-12-31,2,2,completed,,,,,
38697,kl1_2022_160,kor.1,,,Suwon FC,Gimcheon Sangmu,2024-12-31,2,1,completed,,,,,
38698,kl1_2022_161,kor.1,,,Suwon FC,Jeju SK,2024-12-31,2,2,completed,,,,,
38699,kl1_2022_162,kor.1,,,Suwon FC,Jeonbuk Hyundai Motors,2024-12-31,0,1,completed,,,,,
38700,kl1_2022_163,kor.1,,,Suwon FC,Pohang Steelers,2024-12-31,1,0,completed,,,,,
38701,kl1_2022_164,kor.1,,,Suwon FC,Suwon Samsung Bluewings,2024-12-31,4,2,completed,,,,,
38702,kl1_2022_165,kor.1,,,Gangwon FC,Incheon United,2024-12-31,0,0,completed,,,,,
38703,kl1_2022_166,kor.1,,,Incheon United,Jeju SK,2024-12-31,3,1,completed,,,,,
38704,kl1_2022_167,kor.1,,,Incheon United,Pohang Steelers,2024-12-31,1,1,completed,,,,,
38705,kl1_2022_168,kor.1,,,Jeju SK,Gangwon FC,2024-12-31,1,2,completed,,,,,
38706,kl1_2022_169,kor.1,,,Jeju SK,Jeonbuk Hyundai Motors,2024-12-31,1,2,completed,,,,,
38707,kl1_2022_170,kor.1,,,Jeonbuk Hyundai Motors,Gangwon FC,2024-12-31,1,0,completed,,,,,
38708,kl1_2022_171,kor.1,,,Jeonbuk Hyundai Motors,Incheon United,2024-12-31,2,1,completed,,,,,
38709,kl1_2022_172,kor.1,,,Jeonbuk Hyundai Motors,Pohang Steelers,2024-12-31,3,1,completed,,,,,
38710,kl1_2022_173,kor.1,,,Pohang Steelers,Gangwon FC,2024-12-31,1,0,completed,,,,,
38711,kl1_2022_174,kor.1,,,Pohang Steelers,Jeju SK,2024-12-31,1,2,completed,,,,,
38712,kl1_2022_175,kor.1,,,Daegu FC,Gimcheon Sangmu,2024-12-31,1,1,completed,,,,,
38713,kl1_2022_176,kor.1,,,Gimcheon Sangmu,Seongnam FC,2024-12-31,1,1,completed,,,,,
38714,kl1_2022_177,kor.1,,,Gimcheon Sangmu,Suwon Samsung Bluewings,2024-12-31,1,3,completed,,,,,
38715,kl1_2022_178,kor.1,,,Seongnam FC,Daegu FC,2024-12-31,4,4,completed,,,,,
38716,kl1_2022_179,kor.1,,,Seongnam FC,Suwon Samsung Bluewings,2024-12-31,0,2,completed,,,,,
38717,kl1_2022_180,kor.1,,,FC Seoul,Daegu FC,2024-12-31,2,3,completed,,,,,
38718,kl1_2022_181,kor.1,,,FC Seoul,Gimcheon Sangmu,2024-12-31,1,1,completed,,,,,
38719,kl1_2022_182,kor.1,,,FC Seoul,Seongnam FC,2024-12-31,0,1,completed,,,,,
38720,kl1_2022_183,kor.1,,,Suwon Samsung Bluewings,Daegu FC,2024-12-31,1,2,completed,,,,,
38721,kl1_2022_184,kor.1,,,Suwon Samsung Bluewings,FC Seoul,2024-12-31,0,0,completed,,,,,
38722,kl1_2022_185,kor.1,,,Suwon FC,Gimcheon Sangmu,2024-12-31,2,2,completed,,,,,
38723,kl1_2022_186,kor.1,,,Suwon FC,Seongnam FC,2024-12-31,2,1,completed,,,,,
38724,kl1_2022_187,kor.1,,,Suwon FC,FC Seoul,2024-12-31,0,2,completed,,,,,
38725,kl1_2023_000,kor.1,,,Daegu FC,Daejeon Hana Citizen,2024-12-31,1,0,completed,,,,,
38726,kl1_2023_001,kor.1,,,Daegu FC,Gangwon FC,2024-12-31,0,0,completed,,,,,
38727,kl1_2023_002,kor.1,,,Daegu FC,Gwangju FC,2024-12-31,3,4,completed,,,,,
38728,kl1_2023_003,kor.1,,,Daegu FC,Incheon United,2024-12-31,2,2,completed,,,,,
38729,kl1_2023_004,kor.1,,,Daegu FC,Jeju SK,2024-12-31,1,1,completed,,,,,
38730,kl1_2023_005,kor.1,,,Daegu FC,Jeonbuk Hyundai Motors,2024-12-31,2,0,completed,,,,,
38731,kl1_2023_006,kor.1,,,Daegu FC,Pohang Steelers,2024-12-31,1,1,completed,,,,,
38732,kl1_2023_007,kor.1,,,Daegu FC,FC Seoul,2024-12-31,1,0,completed,,,,,
38733,kl1_2023_008,kor.1,,,Daegu FC,Suwon Samsung Bluewings,2024-12-31,1,1,completed,,,,,
38734,kl1_2023_009,kor.1,,,Daegu FC,Suwon FC,2024-12-31,3,1,completed,,,,,
38735,kl1_2023_010,kor.1,,,Daejeon Hana Citizen,Daegu FC,2024-12-31,0,1,completed,,,,,
38736,kl1_2023_011,kor.1,,,Daejeon Hana Citizen,Gangwon FC,2024-12-31,2,0,completed,,,,,
38737,kl1_2023_012,kor.1,,,Daejeon Hana Citizen,Gwangju FC,2024-12-31,1,1,completed,,,,,
38738,kl1_2023_013,kor.1,,,Daejeon Hana Citizen,Incheon United,2024-12-31,1,3,completed,,,,,
38739,kl1_2023_014,kor.1,,,Daejeon Hana Citizen,Jeju SK,2024-12-31,0,3,completed,,,,,
38740,kl1_2023_015,kor.1,,,Daejeon Hana Citizen,Jeonbuk Hyundai Motors,2024-12-31,2,2,completed,,,,,
38741,kl1_2023_016,kor.1,,,Daejeon Hana Citizen,Pohang Steelers,2024-12-31,0,0,completed,,,,,
38742,kl1_2023_017,kor.1,,,Daejeon Hana Citizen,FC Seoul,2024-12-31,3,2,completed,,,,,
38743,kl1_2023_018,kor.1,,,Daejeon Hana Citizen,Suwon Samsung Bluewings,2024-12-31,2,2,completed,,,,,
38744,kl1_2023_019,kor.1,,,Daejeon Hana Citizen,Suwon FC,2024-12-31,2,1,completed,,,,,
38745,kl1_2023_020,kor.1,,,Gangwon FC,Daegu FC,2024-12-31,1,1,completed,,,,,
38746,kl1_2023_021,kor.1,,,Gangwon FC,Daejeon Hana Citizen,2024-12-31,1,2,completed,,,,,
38747,kl1_2023_022,kor.1,,,Gangwon FC,Gwangju FC,2024-12-31,1,1,completed,,,,,
38748,kl1_2023_023,kor.1,,,Gangwon FC,Incheon United,2024-12-31,0,2,completed,,,,,
38749,kl1_2023_024,kor.1,,,Gangwon FC,Jeju SK,2024-12-31,0,1,completed,,,,,
38750,kl1_2023_025,kor.1,,,Gangwon FC,Jeonbuk Hyundai Motors,2024-12-31,1,2,completed,,,,,
38751,kl1_2023_026,kor.1,,,Gangwon FC,Pohang Steelers,2024-12-31,0,0,completed,,,,,
38752,kl1_2023_027,kor.1,,,Gangwon FC,FC Seoul,2024-12-31,3,2,completed,,,,,
38753,kl1_2023_028,kor.1,,,Gangwon FC,Suwon Samsung Bluewings,2024-12-31,0,2,completed,,,,,
38754,kl1_2023_029,kor.1,,,Gangwon FC,Suwon FC,2024-12-31,1,2,completed,,,,,
38755,kl1_2023_030,kor.1,,,Gwangju FC,Daegu FC,2024-12-31,0,2,completed,,,,,
38756,kl1_2023_031,kor.1,,,Gwangju FC,Daejeon Hana Citizen,2024-12-31,0,0,completed,,,,,
38757,kl1_2023_032,kor.1,,,Gwangju FC,Gangwon FC,2024-12-31,0,0,completed,,,,,
38758,kl1_2023_033,kor.1,,,Gwangju FC,Incheon United,2024-12-31,5,0,completed,,,,,
38759,kl1_2023_034,kor.1,,,Gwangju FC,Jeju SK,2024-12-31,0,1,completed,,,,,
38760,kl1_2023_035,kor.1,,,Gwangju FC,Jeonbuk Hyundai Motors,2024-12-31,2,0,completed,,,,,
38761,kl1_2023_036,kor.1,,,Gwangju FC,Pohang Steelers,2024-12-31,4,2,completed,,,,,
38762,kl1_2023_037,kor.1,,,Gwangju FC,FC Seoul,2024-12-31,0,2,completed,,,,,
38763,kl1_2023_038,kor.1,,,Gwangju FC,Suwon Samsung Bluewings,2024-12-31,2,1,completed,,,,,
38764,kl1_2023_039,kor.1,,,Gwangju FC,Suwon FC,2024-12-31,2,0,completed,,,,,
38765,kl1_2023_040,kor.1,,,Incheon United,Daegu FC,2024-12-31,0,0,completed,,,,,
38766,kl1_2023_041,kor.1,,,Incheon United,Daejeon Hana Citizen,2024-12-31,3,3,completed,,,,,
38767,kl1_2023_042,kor.1,,,Incheon United,Gangwon FC,2024-12-31,1,0,completed,,,,,
38768,kl1_2023_043,kor.1,,,Incheon United,Gwangju FC,2024-12-31,1,1,completed,,,,,
38769,kl1_2023_044,kor.1,,,Incheon United,Jeju SK,2024-12-31,1,0,completed,,,,,
38770,kl1_2023_045,kor.1,,,Incheon United,Jeonbuk Hyundai Motors,2024-12-31,0,0,completed,,,,,
38771,kl1_2023_046,kor.1,,,Incheon United,Pohang Steelers,2024-12-31,0,1,completed,,,,,
38772,kl1_2023_047,kor.1,,,Incheon United,FC Seoul,2024-12-31,1,1,completed,,,,,
38773,kl1_2023_048,kor.1,,,Incheon United,Suwon Samsung Bluewings,2024-12-31,0,1,completed,,,,,
38774,kl1_2023_049,kor.1,,,Incheon United,Suwon FC,2024-12-31,2,2,completed,,,,,
38775,kl1_2023_050,kor.1,,,Jeju SK,Daegu FC,2024-12-31,1,2,completed,,,,,
38776,kl1_2023_051,kor.1,,,Jeju SK,Daejeon Hana Citizen,2024-12-31,1,1,completed,,,,,
38777,kl1_2023_052,kor.1,,,Jeju SK,Gangwon FC,2024-12-31,2,2,completed,,,,,
38778,kl1_2023_053,kor.1,,,Jeju SK,Gwangju FC,2024-12-31,0,0,completed,,,,,
38779,kl1_2023_054,kor.1,,,Jeju SK,Incheon United,2024-12-31,2,0,completed,,,,,
38780,kl1_2023_055,kor.1,,,Jeju SK,Jeonbuk Hyundai Motors,2024-12-31,0,2,completed,,,,,
38781,kl1_2023_056,kor.1,,,Jeju SK,Pohang Steelers,2024-12-31,2,1,completed,,,,,
38782,kl1_2023_057,kor.1,,,Jeju SK,FC Seoul,2024-12-31,1,2,completed,,,,,
38783,kl1_2023_058,kor.1,,,Jeju SK,Suwon Samsung Bluewings,2024-12-31,2,1,completed,,,,,
38784,kl1_2023_059,kor.1,,,Jeju SK,Suwon FC,2024-12-31,0,0,completed,,,,,
38785,kl1_2023_060,kor.1,,,Jeonbuk Hyundai Motors,Daegu FC,2024-12-31,1,0,completed,,,,,
38786,kl1_2023_061,kor.1,,,Jeonbuk Hyundai Motors,Daejeon Hana Citizen,2024-12-31,1,2,completed,,,,,
38787,kl1_2023_062,kor.1,,,Jeonbuk Hyundai Motors,Gangwon FC,2024-12-31,0,1,completed,,,,,
38788,kl1_2023_063,kor.1,,,Jeonbuk Hyundai Motors,Gwangju FC,2024-12-31,2,0,completed,,,,,
38789,kl1_2023_064,kor.1,,,Jeonbuk Hyundai Motors,Incheon United,2024-12-31,2,0,completed,,,,,
38790,kl1_2023_065,kor.1,,,Jeonbuk Hyundai Motors,Jeju SK,2024-12-31,2,0,completed,,,,,
38791,kl1_2023_066,kor.1,,,Jeonbuk Hyundai Motors,Pohang Steelers,2024-12-31,1,2,completed,,,,,
38792,kl1_2023_067,kor.1,,,Jeonbuk Hyundai Motors,FC Seoul,2024-12-31,2,1,completed,,,,,
38793,kl1_2023_068,kor.1,,,Jeonbuk Hyundai Motors,Suwon Samsung Bluewings,2024-12-31,1,1,completed,,,,,
38794,kl1_2023_069,kor.1,,,Jeonbuk Hyundai Motors,Suwon FC,2024-12-31,3,1,completed,,,,,
38795,kl1_2023_070,kor.1,,,Pohang Steelers,Daegu FC,2024-12-31,3,2,completed,,,,,
38796,kl1_2023_071,kor.1,,,Pohang Steelers,Daejeon Hana Citizen,2024-12-31,3,2,completed,,,,,
38797,kl1_2023_072,kor.1,,,Pohang Steelers,Gangwon FC,2024-12-31,1,1,completed,,,,,
38798,kl1_2023_073,kor.1,,,Pohang Steelers,Gwangju FC,2024-12-31,2,0,completed,,,,,
38799,kl1_2023_074,kor.1,,,Pohang Steelers,Incheon United,2024-12-31,0,2,completed,,,,,
38800,kl1_2023_075,kor.1,,,Pohang Steelers,Jeju SK,2024-12-31,2,1,completed,,,,,
38801,kl1_2023_076,kor.1,,,Pohang Steelers,Jeonbuk Hyundai Motors,2024-12-31,1,0,completed,,,,,
38802,kl1_2023_077,kor.1,,,Pohang Steelers,FC Seoul,2024-12-31,1,1,completed,,,,,
38803,kl1_2023_078,kor.1,,,Pohang Steelers,Suwon Samsung Bluewings,2024-12-31,3,1,completed,,,,,
38804,kl1_2023_079,kor.1,,,Pohang Steelers,Suwon FC,2024-12-31,1,0,completed,,,,,
38805,kl1_2023_080,kor.1,,,FC Seoul,Daegu FC,2024-12-31,3,0,completed,,,,,
38806,kl1_2023_081,kor.1,,,FC Seoul,Daejeon Hana Citizen,2024-12-31,0,0,completed,,,,,
38807,kl1_2023_082,kor.1,,,FC Seoul,Gangwon FC,2024-12-31,1,0,completed,,,,,
38808,kl1_2023_083,kor.1,,,FC Seoul,Gwangju FC,2024-12-31,3,1,completed,,,,,
38809,kl1_2023_084,kor.1,,,FC Seoul,Incheon United,2024-12-31,2,1,completed,,,,,
38810,kl1_2023_085,kor.1,,,FC Seoul,Jeju SK,2024-12-31,1,1,completed,,,,,
38811,kl1_2023_086,kor.1,,,FC Seoul,Jeonbuk Hyundai Motors,2024-12-31,1,1,completed,,,,,
38812,kl1_2023_087,kor.1,,,FC Seoul,Pohang Steelers,2024-12-31,1,1,completed,,,,,
38813,kl1_2023_088,kor.1,,,FC Seoul,Suwon Samsung Bluewings,2024-12-31,3,1,completed,,,,,
38814,kl1_2023_089,kor.1,,,FC Seoul,Suwon FC,2024-12-31,7,2,completed,,,,,
38815,kl1_2023_090,kor.1,,,Suwon Samsung Bluewings,Daegu FC,2024-12-31,0,1,completed,,,,,
38816,kl1_2023_091,kor.1,,,Suwon Samsung Bluewings,Daejeon Hana Citizen,2024-12-31,1,3,completed,,,,,
38817,kl1_2023_092,kor.1,,,Suwon Samsung Bluewings,Gangwon FC,2024-12-31,1,1,completed,,,,,
38818,kl1_2023_093,kor.1,,,Suwon Samsung Bluewings,Gwangju FC,2024-12-31,0,1,completed,,,,,
38819,kl1_2023_094,kor.1,,,Suwon Samsung Bluewings,Incheon United,2024-12-31,0,0,completed,,,,,
38820,kl1_2023_095,kor.1,,,Suwon Samsung Bluewings,Jeju SK,2024-12-31,2,3,completed,,,,,
38821,kl1_2023_096,kor.1,,,Suwon Samsung Bluewings,Jeonbuk Hyundai Motors,2024-12-31,0,3,completed,,,,,
38822,kl1_2023_097,kor.1,,,Suwon Samsung Bluewings,Pohang Steelers,2024-12-31,1,1,completed,,,,,
38823,kl1_2023_098,kor.1,,,Suwon Samsung Bluewings,FC Seoul,2024-12-31,0,1,completed,,,,,
38824,kl1_2023_099,kor.1,,,Suwon Samsung Bluewings,Suwon FC,2024-12-31,1,2,completed,,,,,
38825,kl1_2023_100,kor.1,,,Suwon FC,Daegu FC,2024-12-31,1,1,completed,,,,,
38826,kl1_2023_101,kor.1,,,Suwon FC,Daejeon Hana Citizen,2024-12-31,5,3,completed,,,,,
38827,kl1_2023_102,kor.1,,,Suwon FC,Gangwon FC,2024-12-31,2,0,completed,,,,,
38828,kl1_2023_103,kor.1,,,Suwon FC,Gwangju FC,2024-12-31,0,2,completed,,,,,
38829,kl1_2023_104,kor.1,,,Suwon FC,Incheon United,2024-12-31,2,2,completed,,,,,
38830,kl1_2023_105,kor.1,,,Suwon FC,Jeju SK,2024-12-31,0,5,completed,,,,,
38831,kl1_2023_106,kor.1,,,Suwon FC,Jeonbuk Hyundai Motors,2024-12-31,1,0,completed,,,,,
38832,kl1_2023_107,kor.1,,,Suwon FC,Pohang Steelers,2024-12-31,1,2,completed,,,,,
38833,kl1_2023_108,kor.1,,,Suwon FC,FC Seoul,2024-12-31,0,3,completed,,,,,
38834,kl1_2023_109,kor.1,,,Suwon FC,Suwon Samsung Bluewings,2024-12-31,2,0,completed,,,,,
38835,kl1_2023_110,kor.1,,,Daegu FC,Gangwon FC,2024-12-31,1,0,completed,,,,,
38836,kl1_2023_111,kor.1,,,Daegu FC,Jeju SK,2024-12-31,1,0,completed,,,,,
38837,kl1_2023_112,kor.1,,,Daegu FC,Pohang Steelers,2024-12-31,0,0,completed,,,,,
38838,kl1_2023_113,kor.1,,,Daegu FC,Suwon FC,2024-12-31,2,2,completed,,,,,
38839,kl1_2023_114,kor.1,,,Daejeon Hana Citizen,Daegu FC,2024-12-31,1,0,completed,,,,,
38840,kl1_2023_115,kor.1,,,Daejeon Hana Citizen,Jeju SK,2024-12-31,1,0,completed,,,,,
38841,kl1_2023_116,kor.1,,,Daejeon Hana Citizen,FC Seoul,2024-12-31,4,3,completed,,,,,
38842,kl1_2023_117,kor.1,,,Daejeon Hana Citizen,Suwon Samsung Bluewings,2024-12-31,3,1,completed,,,,,
38843,kl1_2023_118,kor.1,,,Daejeon Hana Citizen,Suwon FC,2024-12-31,0,1,completed,,,,,
38844,kl1_2023_119,kor.1,,,Gangwon FC,Daejeon Hana Citizen,2024-12-31,1,1,completed,,,,,
38845,kl1_2023_120,kor.1,,,Gangwon FC,Incheon United,2024-12-31,1,1,completed,,,,,
38846,kl1_2023_121,kor.1,,,Gangwon FC,Pohang Steelers,2024-12-31,1,1,completed,,,,,
38847,kl1_2023_122,kor.1,,,Gangwon FC,FC Seoul,2024-12-31,1,1,completed,,,,,
38848,kl1_2023_123,kor.1,,,Gangwon FC,Suwon Samsung Bluewings,2024-12-31,1,2,completed,,,,,
38849,kl1_2023_124,kor.1,,,Gwangju FC,Daegu FC,2024-12-31,1,1,completed,,,,,
38850,kl1_2023_125,kor.1,,,Gwangju FC,Daejeon Hana Citizen,2024-12-31,3,0,completed,,,,,
38851,kl1_2023_126,kor.1,,,Gwangju FC,Gangwon FC,2024-12-31,1,0,completed,,,,,
38852,kl1_2023_127,kor.1,,,Gwangju FC,Jeonbuk Hyundai Motors,2024-12-31,0,1,completed,,,,,
38853,kl1_2023_128,kor.1,,,Gwangju FC,Suwon Samsung Bluewings,2024-12-31,4,0,completed,,,,,
38854,kl1_2023_129,kor.1,,,Incheon United,Daegu FC,2024-12-31,3,1,completed,,,,,
38855,kl1_2023_130,kor.1,,,Incheon United,Daejeon Hana Citizen,2024-12-31,2,0,completed,,,,,
38856,kl1_2023_131,kor.1,,,Incheon United,Gwangju FC,2024-12-31,2,2,completed,,,,,
38857,kl1_2023_132,kor.1,,,Incheon United,Jeju SK,2024-12-31,2,1,completed,,,,,
38858,kl1_2023_133,kor.1,,,Incheon United,Pohang Steelers,2024-12-31,0,2,completed,,,,,
38859,kl1_2023_134,kor.1,,,Incheon United,Suwon Samsung Bluewings,2024-12-31,2,0,completed,,,,,
38860,kl1_2023_135,kor.1,,,Jeju SK,Gangwon FC,2024-12-31,1,1,completed,,,,,
38861,kl1_2023_136,kor.1,,,Jeju SK,Gwangju FC,2024-12-31,1,2,completed,,,,,
38862,kl1_2023_137,kor.1,,,Jeju SK,Jeonbuk Hyundai Motors,2024-12-31,0,0,completed,,,,,
38863,kl1_2023_138,kor.1,,,Jeju SK,FC Seoul,2024-12-31,1,3,completed,,,,,
38864,kl1_2023_139,kor.1,,,Jeju SK,Suwon FC,2024-12-31,3,0,completed,,,,,
38865,kl1_2023_140,kor.1,,,Jeonbuk Hyundai Motors,Daegu FC,2024-12-31,1,3,completed,,,,,
38866,kl1_2023_141,kor.1,,,Jeonbuk Hyundai Motors,Daejeon Hana Citizen,2024-12-31,1,1,completed,,,,,
38867,kl1_2023_142,kor.1,,,Jeonbuk Hyundai Motors,Gangwon FC,2024-12-31,1,3,completed,,,,,
38868,kl1_2023_143,kor.1,,,Jeonbuk Hyundai Motors,Incheon United,2024-12-31,2,0,completed,,,,,
38869,kl1_2023_144,kor.1,,,Jeonbuk Hyundai Motors,Suwon Samsung Bluewings,2024-12-31,1,1,completed,,,,,
38870,kl1_2023_145,kor.1,,,Jeonbuk Hyundai Motors,Suwon FC,2024-12-31,1,0,completed,,,,,
38871,kl1_2023_146,kor.1,,,Pohang Steelers,Daejeon Hana Citizen,2024-12-31,4,3,completed,,,,,
38872,kl1_2023_147,kor.1,,,Pohang Steelers,Gwangju FC,2024-12-31,1,1,completed,,,,,
38873,kl1_2023_148,kor.1,,,Pohang Steelers,Jeju SK,2024-12-31,4,2,completed,,,,,
38874,kl1_2023_149,kor.1,,,Pohang Steelers,Jeonbuk Hyundai Motors,2024-12-31,2,1,completed,,,,,
38875,kl1_2023_150,kor.1,,,Pohang Steelers,Suwon FC,2024-12-31,2,0,completed,,,,,
38876,kl1_2023_151,kor.1,,,FC Seoul,Daegu FC,2024-12-31,2,2,completed,,,,,
38877,kl1_2023_152,kor.1,,,FC Seoul,Gwangju FC,2024-12-31,0,1,completed,,,,,
38878,kl1_2023_153,kor.1,,,FC Seoul,Incheon United,2024-12-31,0,1,completed,,,,,
38879,kl1_2023_154,kor.1,,,FC Seoul,Jeonbuk Hyundai Motors,2024-12-31,0,2,completed,,,,,
38880,kl1_2023_155,kor.1,,,FC Seoul,Pohang Steelers,2024-12-31,2,2,completed,,,,,
38881,kl1_2023_156,kor.1,,,Suwon Samsung Bluewings,Daegu FC,2024-12-31,0,1,completed,,,,,
38882,kl1_2023_157,kor.1,,,Suwon Samsung Bluewings,Jeju SK,2024-12-31,1,0,completed,,,,,
38883,kl1_2023_158,kor.1,,,Suwon Samsung Bluewings,Pohang Steelers,2024-12-31,1,0,completed,,,,,
38884,kl1_2023_159,kor.1,,,Suwon Samsung Bluewings,FC Seoul,2024-12-31,0,1,completed,,,,,
38885,kl1_2023_160,kor.1,,,Suwon Samsung Bluewings,Suwon FC,2024-12-31,0,2,completed,,,,,
38886,kl1_2023_161,kor.1,,,Suwon FC,Gangwon FC,2024-12-31,1,1,completed,,,,,
38887,kl1_2023_162,kor.1,,,Suwon FC,Gwangju FC,2024-12-31,0,1,completed,,,,,
38888,kl1_2023_163,kor.1,,,Suwon FC,Incheon United,2024-12-31,1,2,completed,,,,,
38889,kl1_2023_164,kor.1,,,Suwon FC,FC Seoul,2024-12-31,1,1,completed,,,,,
38890,kl1_2023_165,kor.1,,,Daegu FC,Gwangju FC,2024-12-31,1,1,completed,,,,,
38891,kl1_2023_166,kor.1,,,Daegu FC,Incheon United,2024-12-31,2,1,completed,,,,,
38892,kl1_2023_167,kor.1,,,Daegu FC,Jeonbuk Hyundai Motors,2024-12-31,1,2,completed,,,,,
38893,kl1_2023_168,kor.1,,,Gwangju FC,Incheon United,2024-12-31,0,2,completed,,,,,
38894,kl1_2023_169,kor.1,,,Gwangju FC,Pohang Steelers,2024-12-31,0,0,completed,,,,,
38895,kl1_2023_170,kor.1,,,Incheon United,Jeonbuk Hyundai Motors,2024-12-31,1,1,completed,,,,,
38896,kl1_2023_171,kor.1,,,Jeonbuk Hyundai Motors,Gwangju FC,2024-12-31,2,0,completed,,,,,
38897,kl1_2023_172,kor.1,,,Pohang Steelers,Daegu FC,2024-12-31,1,0,completed,,,,,
38898,kl1_2023_173,kor.1,,,Pohang Steelers,Incheon United,2024-12-31,1,1,completed,,,,,
38899,kl1_2023_174,kor.1,,,Daejeon Hana Citizen,Gangwon FC,2024-12-31,0,1,completed,,,,,
38900,kl1_2023_175,kor.1,,,Daejeon Hana Citizen,FC Seoul,2024-12-31,2,2,completed,,,,,
38901,kl1_2023_176,kor.1,,,Gangwon FC,Jeju SK,2024-12-31,1,1,completed,,,,,
38902,kl1_2023_177,kor.1,,,Jeju SK,Daejeon Hana Citizen,2024-12-31,0,2,completed,,,,,
38903,kl1_2023_178,kor.1,,,Jeju SK,FC Seoul,2024-12-31,0,0,completed,,,,,
38904,kl1_2023_179,kor.1,,,Jeju SK,Suwon Samsung Bluewings,2024-12-31,2,0,completed,,,,,
38905,kl1_2023_180,kor.1,,,FC Seoul,Gangwon FC,2024-12-31,2,1,completed,,,,,
38906,kl1_2023_181,kor.1,,,FC Seoul,Suwon Samsung Bluewings,2024-12-31,0,1,completed,,,,,
38907,kl1_2023_182,kor.1,,,Suwon Samsung Bluewings,Daejeon Hana Citizen,2024-12-31,2,2,completed,,,,,
38908,kl1_2023_183,kor.1,,,Suwon Samsung Bluewings,Gangwon FC,2024-12-31,0,0,completed,,,,,
38909,kl1_2023_184,kor.1,,,Suwon FC,Jeju SK,2024-12-31,1,1,completed,,,,,
38910,kl1_2023_185,kor.1,,,Suwon FC,FC Seoul,2024-12-31,3,4,completed,,,,,
38911,kl1_2023_186,kor.1,,,Suwon FC,Suwon Samsung Bluewings,2024-12-31,2,3,completed,,,,,
39096,kl1_2025_000,kor.1,,,FC Anyang,Daegu FC,2024-12-31,2,2,completed,,,,,
39097,kl1_2025_001,kor.1,,,FC Anyang,Daejeon Hana Citizen,2024-12-31,1,1,completed,,,,,
39098,kl1_2025_002,kor.1,,,FC Anyang,Gangwon FC,2024-12-31,2,0,completed,,,,,
39099,kl1_2025_003,kor.1,,,FC Anyang,Gimcheon Sangmu,2024-12-31,1,3,completed,,,,,
39100,kl1_2025_004,kor.1,,,FC Anyang,Gwangju FC,2024-12-31,1,2,completed,,,,,
39101,kl1_2025_005,kor.1,,,FC Anyang,Jeju SK,2024-12-31,2,1,completed,,,,,
39102,kl1_2025_006,kor.1,,,FC Anyang,Jeonbuk Hyundai Motors,2024-12-31,0,1,completed,,,,,
39103,kl1_2025_007,kor.1,,,FC Anyang,Pohang Steelers,2024-12-31,0,2,completed,,,,,
39104,kl1_2025_008,kor.1,,,FC Anyang,FC Seoul,2024-12-31,1,1,completed,,,,,
39105,kl1_2025_009,kor.1,,,FC Anyang,Suwon FC,2024-12-31,3,1,completed,,,,,
39106,kl1_2025_010,kor.1,,,Daegu FC,FC Anyang,2024-12-31,0,1,completed,,,,,
39107,kl1_2025_011,kor.1,,,Daegu FC,Daejeon Hana Citizen,2024-12-31,1,2,completed,,,,,
39108,kl1_2025_012,kor.1,,,Daegu FC,Gangwon FC,2024-12-31,2,1,completed,,,,,
39109,kl1_2025_013,kor.1,,,Daegu FC,Gimcheon Sangmu,2024-12-31,2,3,completed,,,,,
39110,kl1_2025_014,kor.1,,,Daegu FC,Gwangju FC,2024-12-31,1,1,completed,,,,,
39111,kl1_2025_015,kor.1,,,Daegu FC,Jeju SK,2024-12-31,3,1,completed,,,,,
39112,kl1_2025_016,kor.1,,,Daegu FC,Jeonbuk Hyundai Motors,2024-12-31,0,4,completed,,,,,
39113,kl1_2025_017,kor.1,,,Daegu FC,Pohang Steelers,2024-12-31,1,1,completed,,,,,
39114,kl1_2025_018,kor.1,,,Daegu FC,FC Seoul,2024-12-31,0,1,completed,,,,,
39115,kl1_2025_019,kor.1,,,Daegu FC,Suwon FC,2024-12-31,3,1,completed,,,,,
39116,kl1_2025_020,kor.1,,,Daejeon Hana Citizen,FC Anyang,2024-12-31,2,1,completed,,,,,
39117,kl1_2025_021,kor.1,,,Daejeon Hana Citizen,Daegu FC,2024-12-31,2,1,completed,,,,,
39118,kl1_2025_022,kor.1,,,Daejeon Hana Citizen,Gangwon FC,2024-12-31,1,0,completed,,,,,
39119,kl1_2025_023,kor.1,,,Daejeon Hana Citizen,Gimcheon Sangmu,2024-12-31,0,0,completed,,,,,
39120,kl1_2025_024,kor.1,,,Daejeon Hana Citizen,Gwangju FC,2024-12-31,1,1,completed,,,,,
39121,kl1_2025_025,kor.1,,,Daejeon Hana Citizen,Jeju SK,2024-12-31,1,1,completed,,,,,
39122,kl1_2025_026,kor.1,,,Daejeon Hana Citizen,Jeonbuk Hyundai Motors,2024-12-31,0,2,completed,,,,,
39123,kl1_2025_027,kor.1,,,Daejeon Hana Citizen,Pohang Steelers,2024-12-31,1,3,completed,,,,,
39124,kl1_2025_028,kor.1,,,Daejeon Hana Citizen,FC Seoul,2024-12-31,0,0,completed,,,,,
39125,kl1_2025_029,kor.1,,,Daejeon Hana Citizen,Suwon FC,2024-12-31,1,0,completed,,,,,
39126,kl1_2025_030,kor.1,,,Gangwon FC,FC Anyang,2024-12-31,1,3,completed,,,,,
39127,kl1_2025_031,kor.1,,,Gangwon FC,Daegu FC,2024-12-31,3,0,completed,,,,,
39128,kl1_2025_032,kor.1,,,Gangwon FC,Daejeon Hana Citizen,2024-12-31,2,2,completed,,,,,
39129,kl1_2025_033,kor.1,,,Gangwon FC,Gimcheon Sangmu,2024-12-31,0,4,completed,,,,,
39130,kl1_2025_034,kor.1,,,Gangwon FC,Gwangju FC,2024-12-31,1,0,completed,,,,,
39131,kl1_2025_035,kor.1,,,Gangwon FC,Jeonbuk Hyundai Motors,2024-12-31,0,3,completed,,,,,
39132,kl1_2025_036,kor.1,,,Gangwon FC,Pohang Steelers,2024-12-31,2,1,completed,,,,,
39133,kl1_2025_037,kor.1,,,Gangwon FC,FC Seoul,2024-12-31,0,1,completed,,,,,
39134,kl1_2025_038,kor.1,,,Gangwon FC,Suwon FC,2024-12-31,0,0,completed,,,,,
39135,kl1_2025_039,kor.1,,,Gimcheon Sangmu,FC Anyang,2024-12-31,1,0,completed,,,,,
39136,kl1_2025_040,kor.1,,,Gimcheon Sangmu,Daegu FC,2024-12-31,2,0,completed,,,,,
39137,kl1_2025_041,kor.1,,,Gimcheon Sangmu,Daejeon Hana Citizen,2024-12-31,0,2,completed,,,,,
39138,kl1_2025_042,kor.1,,,Gimcheon Sangmu,Gangwon FC,2024-12-31,1,0,completed,,,,,
39139,kl1_2025_043,kor.1,,,Gimcheon Sangmu,Gwangju FC,2024-12-31,0,0,completed,,,,,
39140,kl1_2025_044,kor.1,,,Gimcheon Sangmu,Jeju SK,2024-12-31,1,1,completed,,,,,
39141,kl1_2025_045,kor.1,,,Gimcheon Sangmu,Jeonbuk Hyundai Motors,2024-12-31,1,2,completed,,,,,
39142,kl1_2025_046,kor.1,,,Gimcheon Sangmu,Pohang Steelers,2024-12-31,1,0,completed,,,,,
39143,kl1_2025_047,kor.1,,,Gimcheon Sangmu,FC Seoul,2024-12-31,0,1,completed,,,,,
39144,kl1_2025_048,kor.1,,,Gimcheon Sangmu,Suwon FC,2024-12-31,1,1,completed,,,,,
39145,kl1_2025_049,kor.1,,,Gwangju FC,FC Anyang,2024-12-31,2,1,completed,,,,,
39146,kl1_2025_050,kor.1,,,Gwangju FC,Daegu FC,2024-12-31,2,1,completed,,,,,
39147,kl1_2025_051,kor.1,,,Gwangju FC,Daejeon Hana Citizen,2024-12-31,2,2,completed,,,,,
39148,kl1_2025_052,kor.1,,,Gwangju FC,Gangwon FC,2024-12-31,0,1,completed,,,,,
39149,kl1_2025_053,kor.1,,,Gwangju FC,Gimcheon Sangmu,2024-12-31,1,0,completed,,,,,
39150,kl1_2025_054,kor.1,,,Gwangju FC,Jeju SK,2024-12-31,1,0,completed,,,,,
39151,kl1_2025_055,kor.1,,,Gwangju FC,Jeonbuk Hyundai Motors,2024-12-31,0,1,completed,,,,,
39152,kl1_2025_056,kor.1,,,Gwangju FC,Pohang Steelers,2024-12-31,2,3,completed,,,,,
39153,kl1_2025_057,kor.1,,,Gwangju FC,FC Seoul,2024-12-31,1,3,completed,,,,,
39154,kl1_2025_058,kor.1,,,Gwangju FC,Suwon FC,2024-12-31,0,0,completed,,,,,
39155,kl1_2025_059,kor.1,,,Jeju SK,FC Anyang,2024-12-31,2,0,completed,,,,,
39156,kl1_2025_060,kor.1,,,Jeju SK,Daegu FC,2024-12-31,2,1,completed,,,,,
39157,kl1_2025_061,kor.1,,,Jeju SK,Daejeon Hana Citizen,2024-12-31,1,3,completed,,,,,
39158,kl1_2025_062,kor.1,,,Jeju SK,Gangwon FC,2024-12-31,0,3,completed,,,,,
39159,kl1_2025_063,kor.1,,,Jeju SK,Gimcheon Sangmu,2024-12-31,2,3,completed,,,,,
39160,kl1_2025_064,kor.1,,,Jeju SK,Gwangju FC,2024-12-31,0,1,completed,,,,,
39161,kl1_2025_065,kor.1,,,Jeju SK,Jeonbuk Hyundai Motors,2024-12-31,0,0,completed,,,,,
39162,kl1_2025_066,kor.1,,,Jeju SK,Pohang Steelers,2024-12-31,2,0,completed,,,,,
39163,kl1_2025_067,kor.1,,,Jeju SK,FC Seoul,2024-12-31,2,0,completed,,,,,
39164,kl1_2025_068,kor.1,,,Jeju SK,Suwon FC,2024-12-31,1,0,completed,,,,,
39165,kl1_2025_069,kor.1,,,Jeonbuk Hyundai Motors,FC Anyang,2024-12-31,2,0,completed,,,,,
39166,kl1_2025_070,kor.1,,,Jeonbuk Hyundai Motors,Daegu FC,2024-12-31,3,1,completed,,,,,
39167,kl1_2025_071,kor.1,,,Jeonbuk Hyundai Motors,Daejeon Hana Citizen,2024-12-31,1,1,completed,,,,,
39168,kl1_2025_072,kor.1,,,Jeonbuk Hyundai Motors,Gangwon FC,2024-12-31,0,1,completed,,,,,
39169,kl1_2025_073,kor.1,,,Jeonbuk Hyundai Motors,Gimcheon Sangmu,2024-12-31,2,1,completed,,,,,
39170,kl1_2025_074,kor.1,,,Jeonbuk Hyundai Motors,Gwangju FC,2024-12-31,2,2,completed,,,,,
39171,kl1_2025_075,kor.1,,,Jeonbuk Hyundai Motors,Jeju SK,2024-12-31,1,1,completed,,,,,
39172,kl1_2025_076,kor.1,,,Jeonbuk Hyundai Motors,Pohang Steelers,2024-12-31,2,2,completed,,,,,
39173,kl1_2025_077,kor.1,,,Jeonbuk Hyundai Motors,FC Seoul,2024-12-31,1,1,completed,,,,,
39174,kl1_2025_078,kor.1,,,Jeonbuk Hyundai Motors,Suwon FC,2024-12-31,3,2,completed,,,,,
39175,kl1_2025_079,kor.1,,,Pohang Steelers,FC Anyang,2024-12-31,2,1,completed,,,,,
39176,kl1_2025_080,kor.1,,,Pohang Steelers,Daegu FC,2024-12-31,0,0,completed,,,,,
39177,kl1_2025_081,kor.1,,,Pohang Steelers,Daejeon Hana Citizen,2024-12-31,0,3,completed,,,,,
39178,kl1_2025_082,kor.1,,,Pohang Steelers,Gangwon FC,2024-12-31,2,1,completed,,,,,
39179,kl1_2025_083,kor.1,,,Pohang Steelers,Gimcheon Sangmu,2024-12-31,1,2,completed,,,,,
39180,kl1_2025_084,kor.1,,,Pohang Steelers,Gwangju FC,2024-12-31,0,1,completed,,,,,
39181,kl1_2025_085,kor.1,,,Pohang Steelers,Jeju SK,2024-12-31,2,1,completed,,,,,
39182,kl1_2025_086,kor.1,,,Pohang Steelers,Jeonbuk Hyundai Motors,2024-12-31,2,3,completed,,,,,
39183,kl1_2025_087,kor.1,,,Pohang Steelers,FC Seoul,2024-12-31,1,0,completed,,,,,
39184,kl1_2025_088,kor.1,,,Pohang Steelers,Suwon FC,2024-12-31,2,0,completed,,,,,
39185,kl1_2025_089,kor.1,,,FC Seoul,FC Anyang,2024-12-31,2,1,completed,,,,,
39186,kl1_2025_090,kor.1,,,FC Seoul,Daegu FC,2024-12-31,3,2,completed,,,,,
39187,kl1_2025_091,kor.1,,,FC Seoul,Daejeon Hana Citizen,2024-12-31,2,2,completed,,,,,
39188,kl1_2025_092,kor.1,,,FC Seoul,Gangwon FC,2024-12-31,1,1,completed,,,,,
39189,kl1_2025_093,kor.1,,,FC Seoul,Gimcheon Sangmu,2024-12-31,0,0,completed,,,,,
39190,kl1_2025_094,kor.1,,,FC Seoul,Gwangju FC,2024-12-31,1,2,completed,,,,,
39191,kl1_2025_095,kor.1,,,FC Seoul,Jeju SK,2024-12-31,1,3,completed,,,,,
39192,kl1_2025_096,kor.1,,,FC Seoul,Jeonbuk Hyundai Motors,2024-12-31,0,1,completed,,,,,
39193,kl1_2025_097,kor.1,,,FC Seoul,Pohang Steelers,2024-12-31,4,1,completed,,,,,
39194,kl1_2025_098,kor.1,,,FC Seoul,Suwon FC,2024-12-31,1,1,completed,,,,,
39195,kl1_2025_099,kor.1,,,Suwon FC,FC Anyang,2024-12-31,1,2,completed,,,,,
39196,kl1_2025_100,kor.1,,,Suwon FC,Daegu FC,2024-12-31,2,1,completed,,,,,
39197,kl1_2025_101,kor.1,,,Suwon FC,Daejeon Hana Citizen,2024-12-31,3,0,completed,,,,,
39198,kl1_2025_102,kor.1,,,Suwon FC,Gangwon FC,2024-12-31,1,2,completed,,,,,
39199,kl1_2025_103,kor.1,,,Suwon FC,Gimcheon Sangmu,2024-12-31,3,2,completed,,,,,
39200,kl1_2025_104,kor.1,,,Suwon FC,Gwangju FC,2024-12-31,2,1,completed,,,,,
39201,kl1_2025_105,kor.1,,,Suwon FC,Jeju SK,2024-12-31,0,1,completed,,,,,
39202,kl1_2025_106,kor.1,,,Suwon FC,Jeonbuk Hyundai Motors,2024-12-31,1,2,completed,,,,,
39203,kl1_2025_107,kor.1,,,Suwon FC,Pohang Steelers,2024-12-31,1,1,completed,,,,,
39204,kl1_2025_108,kor.1,,,Suwon FC,FC Seoul,2024-12-31,0,0,completed,,,,,
39205,kl1_2025_109,kor.1,,,FC Anyang,Daegu FC,2024-12-31,4,0,completed,,,,,
39206,kl1_2025_110,kor.1,,,FC Anyang,Daejeon Hana Citizen,2024-12-31,3,2,completed,,,,,
39207,kl1_2025_111,kor.1,,,FC Anyang,Gimcheon Sangmu,2024-12-31,4,1,completed,,,,,
39208,kl1_2025_112,kor.1,,,FC Anyang,Gwangju FC,2024-12-31,0,0,completed,,,,,
39209,kl1_2025_113,kor.1,,,FC Anyang,Jeju SK,2024-12-31,2,1,completed,,,,,
39210,kl1_2025_114,kor.1,,,FC Anyang,Pohang Steelers,2024-12-31,0,1,completed,,,,,
39211,kl1_2025_115,kor.1,,,Daegu FC,Gangwon FC,2024-12-31,2,2,completed,,,,,
39212,kl1_2025_116,kor.1,,,Daegu FC,Jeju SK,2024-12-31,2,2,completed,,,,,
39213,kl1_2025_117,kor.1,,,Daegu FC,Suwon FC,2024-12-31,3,1,completed,,,,,
39214,kl1_2025_118,kor.1,,,Daejeon Hana Citizen,Daegu FC,2024-12-31,3,2,completed,,,,,
39215,kl1_2025_119,kor.1,,,Daejeon Hana Citizen,Gimcheon Sangmu,2024-12-31,2,1,completed,,,,,
39216,kl1_2025_120,kor.1,,,Daejeon Hana Citizen,Jeju SK,2024-12-31,3,1,completed,,,,,
39217,kl1_2025_121,kor.1,,,Daejeon Hana Citizen,Suwon FC,2024-12-31,3,2,completed,,,,,
39218,kl1_2025_122,kor.1,,,Gangwon FC,FC Anyang,2024-12-31,1,1,completed,,,,,
39219,kl1_2025_123,kor.1,,,Gangwon FC,Daejeon Hana Citizen,2024-12-31,0,0,completed,,,,,
39220,kl1_2025_124,kor.1,,,Gangwon FC,Gimcheon Sangmu,2024-12-31,0,0,completed,,,,,
39221,kl1_2025_125,kor.1,,,Gangwon FC,Pohang Steelers,2024-12-31,1,0,completed,,,,,
39222,kl1_2025_126,kor.1,,,Gangwon FC,FC Seoul,2024-12-31,3,2,completed,,,,,
39223,kl1_2025_127,kor.1,,,Gimcheon Sangmu,Daegu FC,2024-12-31,1,2,completed,,,,,
39224,kl1_2025_128,kor.1,,,Gimcheon Sangmu,Jeju SK,2024-12-31,3,1,completed,,,,,
39225,kl1_2025_129,kor.1,,,Gimcheon Sangmu,Pohang Steelers,2024-12-31,2,0,completed,,,,,
39226,kl1_2025_130,kor.1,,,Gimcheon Sangmu,FC Seoul,2024-12-31,6,2,completed,,,,,
39227,kl1_2025_131,kor.1,,,Gimcheon Sangmu,Suwon FC,2024-12-31,3,2,completed,,,,,
39228,kl1_2025_132,kor.1,,,Gwangju FC,Daegu FC,2024-12-31,2,3,completed,,,,,
39229,kl1_2025_133,kor.1,,,Gwangju FC,Daejeon Hana Citizen,2024-12-31,2,0,completed,,,,,
39230,kl1_2025_134,kor.1,,,Gwangju FC,Gangwon FC,2024-12-31,0,1,completed,,,,,
39231,kl1_2025_135,kor.1,,,Gwangju FC,Gimcheon Sangmu,2024-12-31,1,1,completed,,,,,
39232,kl1_2025_136,kor.1,,,Gwangju FC,Jeonbuk Hyundai Motors,2024-12-31,1,2,completed,,,,,
39233,kl1_2025_137,kor.1,,,Jeju SK,Gangwon FC,2024-12-31,0,0,completed,,,,,
39234,kl1_2025_138,kor.1,,,Jeju SK,Gwangju FC,2024-12-31,0,1,completed,,,,,
39235,kl1_2025_139,kor.1,,,Jeju SK,Jeonbuk Hyundai Motors,2024-12-31,1,1,completed,,,,,
39236,kl1_2025_140,kor.1,,,Jeju SK,FC Seoul,2024-12-31,3,2,completed,,,,,
39237,kl1_2025_141,kor.1,,,Jeju SK,Suwon FC,2024-12-31,3,4,completed,,,,,
39238,kl1_2025_142,kor.1,,,Jeonbuk Hyundai Motors,FC Anyang,2024-12-31,2,1,completed,,,,,
39239,kl1_2025_143,kor.1,,,Jeonbuk Hyundai Motors,Daegu FC,2024-12-31,3,0,completed,,,,,
39240,kl1_2025_144,kor.1,,,Jeonbuk Hyundai Motors,Daejeon Hana Citizen,2024-12-31,1,0,completed,,,,,
39241,kl1_2025_145,kor.1,,,Jeonbuk Hyundai Motors,Gangwon FC,2024-12-31,2,0,completed,,,,,
39242,kl1_2025_146,kor.1,,,Jeonbuk Hyundai Motors,Gimcheon Sangmu,2024-12-31,1,2,completed,,,,,
39243,kl1_2025_147,kor.1,,,Jeonbuk Hyundai Motors,Suwon FC,2024-12-31,2,0,completed,,,,,
39244,kl1_2025_148,kor.1,,,Pohang Steelers,Daejeon Hana Citizen,2024-12-31,1,3,completed,,,,,
39245,kl1_2025_149,kor.1,,,Pohang Steelers,Gwangju FC,2024-12-31,1,0,completed,,,,,
39246,kl1_2025_150,kor.1,,,Pohang Steelers,Jeju SK,2024-12-31,1,0,completed,,,,,
39247,kl1_2025_151,kor.1,,,Pohang Steelers,Jeonbuk Hyundai Motors,2024-12-31,3,1,completed,,,,,
39248,kl1_2025_152,kor.1,,,Pohang Steelers,Suwon FC,2024-12-31,1,5,completed,,,,,
39249,kl1_2025_153,kor.1,,,FC Seoul,FC Anyang,2024-12-31,1,2,completed,,,,,
39250,kl1_2025_154,kor.1,,,FC Seoul,Daegu FC,2024-12-31,2,2,completed,,,,,
39251,kl1_2025_155,kor.1,,,FC Seoul,Gwangju FC,2024-12-31,3,0,completed,,,,,
39252,kl1_2025_156,kor.1,,,FC Seoul,Jeonbuk Hyundai Motors,2024-12-31,1,1,completed,,,,,
39253,kl1_2025_157,kor.1,,,FC Seoul,Pohang Steelers,2024-12-31,1,2,completed,,,,,
39254,kl1_2025_158,kor.1,,,Suwon FC,FC Anyang,2024-12-31,2,1,completed,,,,,
39255,kl1_2025_159,kor.1,,,Suwon FC,Gangwon FC,2024-12-31,1,0,completed,,,,,
39256,kl1_2025_160,kor.1,,,Suwon FC,Gwangju FC,2024-12-31,2,4,completed,,,,,
39257,kl1_2025_161,kor.1,,,Suwon FC,FC Seoul,2024-12-31,1,1,completed,,,,,
39258,kl1_2025_162,kor.1,,,Daejeon Hana Citizen,Gangwon FC,2024-12-31,1,1,completed,,,,,
39259,kl1_2025_163,kor.1,,,Daejeon Hana Citizen,Pohang Steelers,2024-12-31,2,0,completed,,,,,
39260,kl1_2025_164,kor.1,,,Gangwon FC,Jeonbuk Hyundai Motors,2024-12-31,0,0,completed,,,,,
39261,kl1_2025_165,kor.1,,,Gangwon FC,Pohang Steelers,2024-12-31,1,0,completed,,,,,
39262,kl1_2025_166,kor.1,,,Gimcheon Sangmu,Daejeon Hana Citizen,2024-12-31,0,3,completed,,,,,
39263,kl1_2025_167,kor.1,,,Gimcheon Sangmu,Gangwon FC,2024-12-31,0,1,completed,,,,,
39264,kl1_2025_168,kor.1,,,Gimcheon Sangmu,Pohang Steelers,2024-12-31,0,1,completed,,,,,
39265,kl1_2025_169,kor.1,,,Jeonbuk Hyundai Motors,Daejeon Hana Citizen,2024-12-31,3,1,completed,,,,,
39266,kl1_2025_170,kor.1,,,Jeonbuk Hyundai Motors,Gimcheon Sangmu,2024-12-31,2,3,completed,,,,,
39267,kl1_2025_171,kor.1,,,Pohang Steelers,Jeonbuk Hyundai Motors,2024-12-31,0,0,completed,,,,,
39268,kl1_2025_172,kor.1,,,FC Seoul,Gangwon FC,2024-12-31,4,2,completed,,,,,
39269,kl1_2025_173,kor.1,,,FC Seoul,Gimcheon Sangmu,2024-12-31,1,3,completed,,,,,
39270,kl1_2025_174,kor.1,,,FC Anyang,Suwon FC,2024-12-31,0,1,completed,,,,,
39271,kl1_2025_175,kor.1,,,Daegu FC,FC Anyang,2024-12-31,2,2,completed,,,,,
39272,kl1_2025_176,kor.1,,,Daegu FC,Gwangju FC,2024-12-31,1,0,completed,,,,,
39273,kl1_2025_177,kor.1,,,Gwangju FC,FC Anyang,2024-12-31,1,0,completed,,,,,
39274,kl1_2025_178,kor.1,,,Gwangju FC,Jeju SK,2024-12-31,2,0,completed,,,,,
39275,kl1_2025_179,kor.1,,,Jeju SK,FC Anyang,2024-12-31,1,2,completed,,,,,
39276,kl1_2025_180,kor.1,,,Jeju SK,Daegu FC,2024-12-31,1,1,completed,,,,,
39277,kl1_2025_181,kor.1,,,Suwon FC,Daegu FC,2024-12-31,1,1,completed,,,,,
39278,kl1_2025_182,kor.1,,,Suwon FC,Gwangju FC,2024-12-31,0,1,completed,,,,,
39279,kl1_2025_183,kor.1,,,Suwon FC,Jeju SK,2024-12-31,1,2,completed,,,,,
39280,swe1_2024_000,swe.1,,,IF Elfsborg,Landskrona BoIS,2024-11-24,1,0,completed,,,,,
39281,swe1_2024_001,swe.1,,,Landskrona BoIS,IF Elfsborg,2024-11-22,2,2,completed,,,,,
39282,swe1_2024_002,swe.1,,,AIK,Halmstads BK,2024-11-10,5,1,completed,,,,,
39283,swe1_2024_003,swe.1,,,Djurgården,IFK Norrköping,2024-11-10,3,1,completed,,,,,
39284,swe1_2024_004,swe.1,,,GAIS,IK Sirius,2024-11-10,2,1,completed,,,,,
39285,swe1_2024_005,swe.1,,,Kalmar FF,BK Häcken,2024-11-10,1,0,completed,,,,,
39286,swe1_2024_006,swe.1,,,Malmö FF,IF Brommapojkarna,2024-11-10,2,1,completed,,,,,
39287,swe1_2024_007,swe.1,,,Mjällby AIF,IFK Göteborg,2024-11-10,1,0,completed,,,,,
39288,swe1_2024_008,swe.1,,,IF Elfsborg,IF Elfsborg,2024-11-10,0,0,completed,,,,,
39289,swe1_2024_009,swe.1,,,Västerås SK,Hammarby IF,2024-11-10,1,0,completed,,,,,
39290,swe1_2024_010,swe.1,,,IFK Norrköping,AIK,2024-11-05,1,0,completed,,,,,
39291,swe1_2024_011,swe.1,,,Halmstads BK,Djurgården,2024-11-03,1,0,completed,,,,,
39292,swe1_2024_012,swe.1,,,IK Sirius,Mjällby AIF,2024-11-03,1,1,completed,,,,,
39293,swe1_2024_013,swe.1,,,IF Brommapojkarna,IF Elfsborg,2024-11-03,0,1,completed,,,,,
39294,swe1_2024_014,swe.1,,,BK Häcken,GAIS,2024-11-03,1,2,completed,,,,,
39295,swe1_2024_015,swe.1,,,IFK Göteborg,Kalmar FF,2024-11-03,1,1,completed,,,,,
39296,swe1_2024_016,swe.1,,,IF Elfsborg,Västerås SK,2024-11-02,1,0,completed,,,,,
39297,swe1_2024_017,swe.1,,,Hammarby IF,Malmö FF,2024-11-02,2,2,completed,,,,,
39298,swe1_2024_018,swe.1,,,Malmö FF,IFK Göteborg,2024-10-29,2,1,completed,,,,,
39299,swe1_2024_019,swe.1,,,Djurgården,Västerås SK,2024-10-29,2,1,completed,,,,,
39300,swe1_2024_020,swe.1,,,BK Häcken,Halmstads BK,2024-10-27,0,1,completed,,,,,
39301,swe1_2024_021,swe.1,,,AIK,IF Elfsborg,2024-10-27,2,1,completed,,,,,
39302,swe1_2024_022,swe.1,,,IF Elfsborg,IFK Norrköping,2024-10-27,1,2,completed,,,,,
39303,swe1_2024_023,swe.1,,,IF Brommapojkarna,Kalmar FF,2024-10-26,1,2,completed,,,,,
39304,swe1_2024_024,swe.1,,,Mjällby AIF,GAIS,2024-10-26,1,1,completed,,,,,
39305,swe1_2024_025,swe.1,,,IK Sirius,Hammarby IF,2024-10-26,0,3,completed,,,,,
39306,swe1_2024_026,swe.1,,,IFK Göteborg,AIK,2024-10-22,1,2,completed,,,,,
39307,swe1_2024_027,swe.1,,,IFK Norrköping,IF Brommapojkarna,2024-10-22,1,1,completed,,,,,
39308,swe1_2024_028,swe.1,,,Hammarby IF,Djurgården,2024-10-21,2,0,completed,,,,,
39309,swe1_2024_029,swe.1,,,GAIS,IF Elfsborg,2024-10-20,0,0,completed,,,,,
39310,swe1_2024_030,swe.1,,,Kalmar FF,Mjällby AIF,2024-10-20,0,3,completed,,,,,
39311,swe1_2024_031,swe.1,,,Halmstads BK,IK Sirius,2024-10-19,3,1,completed,,,,,
39312,swe1_2024_032,swe.1,,,IF Elfsborg,BK Häcken,2024-10-19,1,3,completed,,,,,
39313,swe1_2024_033,swe.1,,,Västerås SK,Malmö FF,2024-10-19,1,1,completed,,,,,
39314,swe1_2024_034,swe.1,,,Malmö FF,IF Elfsborg,2024-10-06,1,1,completed,,,,,
39315,swe1_2024_035,swe.1,,,IFK Norrköping,IFK Göteborg,2024-10-06,0,2,completed,,,,,
39316,swe1_2024_036,swe.1,,,IK Sirius,IF Elfsborg,2024-10-06,4,1,completed,,,,,
39317,swe1_2024_037,swe.1,,,AIK,BK Häcken,2024-10-06,0,2,completed,,,,,
39318,swe1_2024_038,swe.1,,,Djurgården,Kalmar FF,2024-10-06,1,1,completed,,,,,
39319,swe1_2024_039,swe.1,,,IF Brommapojkarna,GAIS,2024-10-05,2,0,completed,,,,,
39320,swe1_2024_040,swe.1,,,Hammarby IF,Halmstads BK,2024-10-05,1,0,completed,,,,,
39321,swe1_2024_041,swe.1,,,Mjällby AIF,Västerås SK,2024-10-05,2,1,completed,,,,,
39322,swe1_2024_042,swe.1,,,IFK Norrköping,IK Sirius,2024-10-04,0,2,completed,,,,,
39323,swe1_2024_043,swe.1,,,IFK Göteborg,GAIS,2024-10-01,2,0,completed,,,,,
39324,swe1_2024_044,swe.1,,,IF Brommapojkarna,Västerås SK,2024-10-01,2,1,completed,,,,,
39325,swe1_2024_045,swe.1,,,BK Häcken,IK Sirius,2024-09-29,2,0,completed,,,,,
39326,swe1_2024_046,swe.1,,,Kalmar FF,IF Elfsborg,2024-09-29,1,3,completed,,,,,
39327,swe1_2024_047,swe.1,,,Malmö FF,Mjällby AIF,2024-09-29,2,0,completed,,,,,
39328,swe1_2024_048,swe.1,,,AIK,Hammarby IF,2024-09-29,1,0,completed,,,,,
39329,swe1_2024_049,swe.1,,,Halmstads BK,IFK Norrköping,2024-09-29,0,0,completed,,,,,
39330,swe1_2024_050,swe.1,,,IF Elfsborg,Djurgården,2024-09-29,1,1,completed,,,,,
39331,swe1_2024_051,swe.1,,,Halmstads BK,Kalmar FF,2024-09-27,2,2,completed,,,,,
39332,swe1_2024_052,swe.1,,,Hammarby IF,BK Häcken,2024-09-27,2,0,completed,,,,,
39333,swe1_2024_053,swe.1,,,Västerås SK,IFK Göteborg,2024-09-27,1,1,completed,,,,,
39334,swe1_2024_054,swe.1,,,Djurgården,IF Brommapojkarna,2024-09-26,2,1,completed,,,,,
39335,swe1_2024_055,swe.1,,,Mjällby AIF,IF Elfsborg,2024-09-26,1,1,completed,,,,,
39336,swe1_2024_056,swe.1,,,IK Sirius,AIK,2024-09-26,0,1,completed,,,,,
39337,swe1_2024_057,swe.1,,,IFK Göteborg,Halmstads BK,2024-09-24,1,1,completed,,,,,
39338,swe1_2024_058,swe.1,,,Malmö FF,BK Häcken,2024-09-22,4,0,completed,,,,,
39339,swe1_2024_059,swe.1,,,IF Elfsborg,Hammarby IF,2024-09-22,0,0,completed,,,,,
39340,swe1_2024_060,swe.1,,,GAIS,Djurgården,2024-09-22,3,0,completed,,,,,
39341,swe1_2024_061,swe.1,,,IF Elfsborg,Västerås SK,2024-09-22,2,0,completed,,,,,
39342,swe1_2024_062,swe.1,,,IF Brommapojkarna,Mjällby AIF,2024-09-21,0,0,completed,,,,,
39343,swe1_2024_063,swe.1,,,Kalmar FF,AIK,2024-09-21,0,1,completed,,,,,
39344,swe1_2024_064,swe.1,,,IF Elfsborg,IFK Norrköping,2024-09-20,2,2,completed,,,,,
39345,swe1_2024_065,swe.1,,,BK Häcken,Djurgården,2024-09-20,1,2,completed,,,,,
39346,swe1_2024_066,swe.1,,,GAIS,Malmö FF,2024-09-19,0,0,completed,,,,,
39347,swe1_2024_067,swe.1,,,Hammarby IF,IFK Norrköping,2024-09-17,1,1,completed,,,,,
39348,swe1_2024_068,swe.1,,,BK Häcken,IFK Göteborg,2024-09-15,3,3,completed,,,,,
39349,swe1_2024_069,swe.1,,,Halmstads BK,IF Elfsborg,2024-09-15,0,1,completed,,,,,
39350,swe1_2024_070,swe.1,,,Kalmar FF,IF Elfsborg,2024-09-15,3,1,completed,,,,,
39351,swe1_2024_071,swe.1,,,AIK,Malmö FF,2024-09-15,0,0,completed,,,,,
39352,swe1_2024_072,swe.1,,,Djurgården,Mjällby AIF,2024-09-15,1,1,completed,,,,,
39353,swe1_2024_073,swe.1,,,IK Sirius,IF Brommapojkarna,2024-09-15,3,2,completed,,,,,
39354,swe1_2024_074,swe.1,,,Västerås SK,GAIS,2024-09-14,2,3,completed,,,,,
39355,swe1_2024_075,swe.1,,,IFK Göteborg,Hammarby IF,2024-09-01,0,1,completed,,,,,
39356,swe1_2024_076,swe.1,,,IFK Norrköping,BK Häcken,2024-09-01,3,3,completed,,,,,
39357,swe1_2024_077,swe.1,,,IF Brommapojkarna,IF Elfsborg,2024-09-01,3,3,completed,,,,,
39358,swe1_2024_078,swe.1,,,Malmö FF,Djurgården,2024-09-01,4,0,completed,,,,,
39359,swe1_2024_079,swe.1,,,Mjällby AIF,Halmstads BK,2024-08-31,3,1,completed,,,,,
39360,swe1_2024_080,swe.1,,,Västerås SK,IK Sirius,2024-08-31,1,2,completed,,,,,
39361,swe1_2024_081,swe.1,,,GAIS,Kalmar FF,2024-08-31,1,1,completed,,,,,
39362,swe1_2024_082,swe.1,,,IF Elfsborg,AIK,2024-08-31,0,1,completed,,,,,
39363,swe1_2024_083,swe.1,,,Halmstads BK,Västerås SK,2024-08-27,0,1,completed,,,,,
39364,swe1_2024_084,swe.1,,,Hammarby IF,GAIS,2024-08-27,0,0,completed,,,,,
39365,swe1_2024_085,swe.1,,,IFK Norrköping,Mjällby AIF,2024-08-27,1,2,completed,,,,,
39366,swe1_2024_086,swe.1,,,AIK,IF Brommapojkarna,2024-08-25,2,1,completed,,,,,
39367,swe1_2024_087,swe.1,,,BK Häcken,IF Elfsborg,2024-08-25,1,1,completed,,,,,
39368,swe1_2024_088,swe.1,,,IF Elfsborg,IFK Göteborg,2024-08-25,3,1,completed,,,,,
39369,swe1_2024_089,swe.1,,,IK Sirius,Djurgården,2024-08-25,0,1,completed,,,,,
39370,swe1_2024_090,swe.1,,,Kalmar FF,Malmö FF,2024-08-24,2,2,completed,,,,,
39371,swe1_2024_091,swe.1,,,GAIS,Halmstads BK,2024-08-18,3,1,completed,,,,,
39372,swe1_2024_092,swe.1,,,IF Brommapojkarna,BK Häcken,2024-08-18,1,3,completed,,,,,
39373,swe1_2024_093,swe.1,,,Djurgården,AIK,2024-08-18,0,2,completed,,,,,
39374,swe1_2024_094,swe.1,,,Mjällby AIF,IF Elfsborg,2024-08-18,1,1,completed,,,,,
39375,swe1_2024_095,swe.1,,,Västerås SK,Kalmar FF,2024-08-17,2,1,completed,,,,,
39376,swe1_2024_096,swe.1,,,IFK Göteborg,IK Sirius,2024-08-17,1,1,completed,,,,,
39377,swe1_2024_097,swe.1,,,Malmö FF,IFK Norrköping,2024-08-17,2,1,completed,,,,,
39378,swe1_2024_098,swe.1,,,IF Elfsborg,Hammarby IF,2024-08-17,0,3,completed,,,,,
39379,swe1_2024_099,swe.1,,,Hammarby IF,IF Brommapojkarna,2024-08-13,3,3,completed,,,,,
39380,swe1_2024_100,swe.1,,,AIK,Mjällby AIF,2024-08-11,1,0,completed,,,,,
39381,swe1_2024_101,swe.1,,,IF Elfsborg,GAIS,2024-08-11,2,1,completed,,,,,
39382,swe1_2024_102,swe.1,,,IK Sirius,Kalmar FF,2024-08-11,3,1,completed,,,,,
39383,swe1_2024_103,swe.1,,,IFK Göteborg,IF Elfsborg,2024-08-10,0,0,completed,,,,,
39384,swe1_2024_104,swe.1,,,Halmstads BK,Malmö FF,2024-08-10,0,1,completed,,,,,
39385,swe1_2024_105,swe.1,,,IFK Norrköping,Västerås SK,2024-08-10,2,1,completed,,,,,
39386,kl2_2022_000,kor.2,,,Ansan Greeners,FC Anyang,2022-02-19,1,2,STATUS_FINAL,A,,,2026-07-25T03:23:35Z,2026-07-25T03:23:35Z
39387,kl2_2022_001,kor.2,,,Ansan Greeners,Bucheon FC 1995,2022-02-22,3,0,STATUS_FINAL,H,,,2026-07-25T03:23:35Z,2026-07-25T03:23:35Z
39388,kl2_2022_002,kor.2,,,Ansan Greeners,Busan IPark,2022-02-25,1,1,STATUS_FINAL,D,,,2026-07-25T03:23:35Z,2026-07-25T03:23:35Z
39389,kl2_2022_003,kor.2,,,Ansan Greeners,Chungnam Asan,2022-02-28,0,1,STATUS_FINAL,A,,,2026-07-25T03:23:35Z,2026-07-25T03:23:35Z
39390,kl2_2022_004,kor.2,,,Ansan Greeners,Daejeon Hana Citizen,2022-03-03,1,2,STATUS_FINAL,A,,,2026-07-25T03:23:35Z,2026-07-25T03:23:35Z
39391,kl2_2022_005,kor.2,,,Ansan Greeners,Gimpo FC,2022-03-06,1,1,STATUS_FINAL,D,,,2026-07-25T03:23:35Z,2026-07-25T03:23:35Z
39392,kl2_2022_006,kor.2,,,Ansan Greeners,Gwangju FC,2022-03-09,0,2,STATUS_FINAL,A,,,2026-07-25T03:23:35Z,2026-07-25T03:23:35Z
39393,kl2_2022_007,kor.2,,,Ansan Greeners,Gyeongnam FC,2022-03-12,2,2,STATUS_FINAL,D,,,2026-07-25T03:23:35Z,2026-07-25T03:23:35Z
39394,kl2_2022_008,kor.2,,,Ansan Greeners,Jeonnam Dragons,2022-03-15,3,0,STATUS_FINAL,H,,,2026-07-25T03:23:35Z,2026-07-25T03:23:35Z
39395,kl2_2022_009,kor.2,,,Ansan Greeners,Seoul E-Land,2022-03-18,0,1,STATUS_FINAL,A,,,2026-07-25T03:23:35Z,2026-07-25T03:23:35Z
39396,kl2_2022_010,kor.2,,,FC Anyang,Ansan Greeners,2022-03-21,1,1,STATUS_FINAL,D,,,2026-07-25T03:23:35Z,2026-07-25T03:23:35Z
39397,kl2_2022_011,kor.2,,,FC Anyang,Bucheon FC 1995,2022-03-24,4,2,STATUS_FINAL,H,,,2026-07-25T03:23:35Z,2026-07-25T03:23:35Z
39398,kl2_2022_012,kor.2,,,FC Anyang,Busan IPark,2022-03-27,1,0,STATUS_FINAL,H,,,2026-07-25T03:23:35Z,2026-07-25T03:23:35Z
39399,kl2_2022_013,kor.2,,,FC Anyang,Chungnam Asan,2022-03-30,2,0,STATUS_FINAL,H,,,2026-07-25T03:23:35Z,2026-07-25T03:23:35Z
39400,kl2_2022_014,kor.2,,,FC Anyang,Daejeon Hana Citizen,2022-04-02,2,2,STATUS_FINAL,D,,,2026-07-25T03:23:35Z,2026-07-25T03:23:35Z
39401,kl2_2022_015,kor.2,,,FC Anyang,Gimpo FC,2022-04-05,3,2,STATUS_FINAL,H,,,2026-07-25T03:23:35Z,2026-07-25T03:23:35Z
39402,kl2_2022_016,kor.2,,,FC Anyang,Gwangju FC,2022-04-08,2,2,STATUS_FINAL,D,,,2026-07-25T03:23:35Z,2026-07-25T03:23:35Z
39403,kl2_2022_017,kor.2,,,FC Anyang,Gyeongnam FC,2022-04-11,2,3,STATUS_FINAL,A,,,2026-07-25T03:23:35Z,2026-07-25T03:23:35Z
39404,kl2_2022_018,kor.2,,,FC Anyang,Jeonnam Dragons,2022-04-14,1,0,STATUS_FINAL,H,,,2026-07-25T03:23:35Z,2026-07-25T03:23:35Z
39405,kl2_2022_019,kor.2,,,FC Anyang,Seoul E-Land,2022-04-17,0,0,STATUS_FINAL,D,,,2026-07-25T03:23:35Z,2026-07-25T03:23:35Z
39406,kl2_2022_020,kor.2,,,Bucheon FC 1995,Ansan Greeners,2022-04-20,2,1,STATUS_FINAL,H,,,2026-07-25T03:23:35Z,2026-07-25T03:23:35Z
39407,kl2_2022_021,kor.2,,,Bucheon FC 1995,FC Anyang,2022-04-23,2,0,STATUS_FINAL,H,,,2026-07-25T03:23:35Z,2026-07-25T03:23:35Z
39408,kl2_2022_022,kor.2,,,Bucheon FC 1995,Busan IPark,2022-04-26,3,1,STATUS_FINAL,H,,,2026-07-25T03:23:35Z,2026-07-25T03:23:35Z
39409,kl2_2022_023,kor.2,,,Bucheon FC 1995,Chungnam Asan,2022-04-29,0,0,STATUS_FINAL,D,,,2026-07-25T03:23:35Z,2026-07-25T03:23:35Z
39410,kl2_2022_024,kor.2,,,Bucheon FC 1995,Daejeon Hana Citizen,2022-05-02,2,1,STATUS_FINAL,H,,,2026-07-25T03:23:35Z,2026-07-25T03:23:35Z
39411,kl2_2022_025,kor.2,,,Bucheon FC 1995,Gimpo FC,2022-05-05,1,0,STATUS_FINAL,H,,,2026-07-25T03:23:35Z,2026-07-25T03:23:35Z
39412,kl2_2022_026,kor.2,,,Bucheon FC 1995,Gwangju FC,2022-05-08,2,0,STATUS_FINAL,H,,,2026-07-25T03:23:35Z,2026-07-25T03:23:35Z
39413,kl2_2022_027,kor.2,,,Bucheon FC 1995,Gyeongnam FC,2022-05-11,0,1,STATUS_FINAL,A,,,2026-07-25T03:23:35Z,2026-07-25T03:23:35Z
39414,kl2_2022_028,kor.2,,,Bucheon FC 1995,Jeonnam Dragons,2022-05-14,2,1,STATUS_FINAL,H,,,2026-07-25T03:23:35Z,2026-07-25T03:23:35Z
39415,kl2_2022_029,kor.2,,,Bucheon FC 1995,Seoul E-Land,2022-05-17,0,0,STATUS_FINAL,D,,,2026-07-25T03:23:35Z,2026-07-25T03:23:35Z
39416,kl2_2022_030,kor.2,,,Busan IPark,Ansan Greeners,2022-05-20,2,0,STATUS_FINAL,H,,,2026-07-25T03:23:35Z,2026-07-25T03:23:35Z
39417,kl2_2022_031,kor.2,,,Busan IPark,FC Anyang,2022-05-23,1,1,STATUS_FINAL,D,,,2026-07-25T03:23:35Z,2026-07-25T03:23:35Z
39418,kl2_2022_032,kor.2,,,Busan IPark,Bucheon FC 1995,2022-05-26,0,1,STATUS_FINAL,A,,,2026-07-25T03:23:35Z,2026-07-25T03:23:35Z
39419,kl2_2022_033,kor.2,,,Busan IPark,Chungnam Asan,2022-05-29,3,1,STATUS_FINAL,H,,,2026-07-25T03:23:35Z,2026-07-25T03:23:35Z
39420,kl2_2022_034,kor.2,,,Busan IPark,Daejeon Hana Citizen,2022-06-01,1,1,STATUS_FINAL,D,,,2026-07-25T03:23:35Z,2026-07-25T03:23:35Z
39421,kl2_2022_035,kor.2,,,Busan IPark,Gimpo FC,2022-06-04,2,0,STATUS_FINAL,H,,,2026-07-25T03:23:35Z,2026-07-25T03:23:35Z
39422,kl2_2022_036,kor.2,,,Busan IPark,Gwangju FC,2022-06-07,0,3,STATUS_FINAL,A,,,2026-07-25T03:23:35Z,2026-07-25T03:23:35Z
39423,kl2_2022_037,kor.2,,,Busan IPark,Gyeongnam FC,2022-06-10,1,1,STATUS_FINAL,D,,,2026-07-25T03:23:35Z,2026-07-25T03:23:35Z
39424,kl2_2022_038,kor.2,,,Busan IPark,Jeonnam Dragons,2022-06-13,0,2,STATUS_FINAL,A,,,2026-07-25T03:23:35Z,2026-07-25T03:23:35Z
39425,kl2_2022_039,kor.2,,,Busan IPark,Seoul E-Land,2022-06-16,1,2,STATUS_FINAL,A,,,2026-07-25T03:23:35Z,2026-07-25T03:23:35Z
39426,kl2_2022_040,kor.2,,,Chungnam Asan,Ansan Greeners,2022-06-19,0,0,STATUS_FINAL,D,,,2026-07-25T03:23:35Z,2026-07-25T03:23:35Z
39427,kl2_2022_041,kor.2,,,Chungnam Asan,FC Anyang,2022-06-22,2,0,STATUS_FINAL,H,,,2026-07-25T03:23:35Z,2026-07-25T03:23:35Z
39428,kl2_2022_042,kor.2,,,Chungnam Asan,Bucheon FC 1995,2022-06-25,0,0,STATUS_FINAL,D,,,2026-07-25T03:23:35Z,2026-07-25T03:23:35Z
39429,kl2_2022_043,kor.2,,,Chungnam Asan,Busan IPark,2022-06-28,1,0,STATUS_FINAL,H,,,2026-07-25T03:23:35Z,2026-07-25T03:23:35Z
39430,kl2_2022_044,kor.2,,,Chungnam Asan,Daejeon Hana Citizen,2022-07-01,0,3,STATUS_FINAL,A,,,2026-07-25T03:23:35Z,2026-07-25T03:23:35Z
39431,kl2_2022_045,kor.2,,,Chungnam Asan,Gimpo FC,2022-07-04,2,1,STATUS_FINAL,H,,,2026-07-25T03:23:35Z,2026-07-25T03:23:35Z
39432,kl2_2022_046,kor.2,,,Chungnam Asan,Gwangju FC,2022-07-07,0,2,STATUS_FINAL,A,,,2026-07-25T03:23:35Z,2026-07-25T03:23:35Z
39433,kl2_2022_047,kor.2,,,Chungnam Asan,Gyeongnam FC,2022-07-10,2,2,STATUS_FINAL,D,,,2026-07-25T03:23:35Z,2026-07-25T03:23:35Z
39434,kl2_2022_048,kor.2,,,Chungnam Asan,Jeonnam Dragons,2022-07-13,1,0,STATUS_FINAL,H,,,2026-07-25T03:23:35Z,2026-07-25T03:23:35Z
39435,kl2_2022_049,kor.2,,,Chungnam Asan,Seoul E-Land,2022-07-16,0,0,STATUS_FINAL,D,,,2026-07-25T03:23:35Z,2026-07-25T03:23:35Z
39436,kl2_2022_050,kor.2,,,Daejeon Hana Citizen,Ansan Greeners,2022-07-19,0,0,STATUS_FINAL,D,,,2026-07-25T03:23:35Z,2026-07-25T03:23:35Z
39437,kl2_2022_051,kor.2,,,Daejeon Hana Citizen,FC Anyang,2022-07-22,1,1,STATUS_FINAL,D,,,2026-07-25T03:23:35Z,2026-07-25T03:23:35Z
39438,kl2_2022_052,kor.2,,,Daejeon Hana Citizen,Bucheon FC 1995,2022-07-25,1,0,STATUS_FINAL,H,,,2026-07-25T03:23:35Z,2026-07-25T03:23:35Z
39439,kl2_2022_053,kor.2,,,Daejeon Hana Citizen,Busan IPark,2022-07-28,4,3,STATUS_FINAL,H,,,2026-07-25T03:23:35Z,2026-07-25T03:23:35Z
39440,kl2_2022_054,kor.2,,,Daejeon Hana Citizen,Chungnam Asan,2022-07-31,2,1,STATUS_FINAL,H,,,2026-07-25T03:23:35Z,2026-07-25T03:23:35Z
39441,kl2_2022_055,kor.2,,,Daejeon Hana Citizen,Gimpo FC,2022-08-03,4,4,STATUS_FINAL,D,,,2026-07-25T03:23:35Z,2026-07-25T03:23:35Z
39442,kl2_2022_056,kor.2,,,Daejeon Hana Citizen,Gwangju FC,2022-08-06,1,1,STATUS_FINAL,D,,,2026-07-25T03:23:35Z,2026-07-25T03:23:35Z
39443,kl2_2022_057,kor.2,,,Daejeon Hana Citizen,Gyeongnam FC,2022-08-09,4,1,STATUS_FINAL,H,,,2026-07-25T03:23:35Z,2026-07-25T03:23:35Z
39444,kl2_2022_058,kor.2,,,Daejeon Hana Citizen,Jeonnam Dragons,2022-08-12,3,2,STATUS_FINAL,H,,,2026-07-25T03:23:35Z,2026-07-25T03:23:35Z
39445,kl2_2022_059,kor.2,,,Daejeon Hana Citizen,Seoul E-Land,2022-08-15,2,1,STATUS_FINAL,H,,,2026-07-25T03:23:35Z,2026-07-25T03:23:35Z
39446,kl2_2022_060,kor.2,,,Gimpo FC,Ansan Greeners,2022-08-18,1,1,STATUS_FINAL,D,,,2026-07-25T03:23:35Z,2026-07-25T03:23:35Z
39447,kl2_2022_061,kor.2,,,Gimpo FC,FC Anyang,2022-08-21,0,1,STATUS_FINAL,A,,,2026-07-25T03:23:35Z,2026-07-25T03:23:35Z
39448,kl2_2022_062,kor.2,,,Gimpo FC,Bucheon FC 1995,2022-08-24,2,1,STATUS_FINAL,H,,,2026-07-25T03:23:35Z,2026-07-25T03:23:35Z
39449,kl2_2022_063,kor.2,,,Gimpo FC,Busan IPark,2022-08-27,1,0,STATUS_FINAL,H,,,2026-07-25T03:23:35Z,2026-07-25T03:23:35Z
39450,kl2_2022_064,kor.2,,,Gimpo FC,Chungnam Asan,2022-08-30,0,4,STATUS_FINAL,A,,,2026-07-25T03:23:35Z,2026-07-25T03:23:35Z
39451,kl2_2022_065,kor.2,,,Gimpo FC,Daejeon Hana Citizen,2022-09-02,1,2,STATUS_FINAL,A,,,2026-07-25T03:23:35Z,2026-07-25T03:23:35Z
39452,kl2_2022_066,kor.2,,,Gimpo FC,Gwangju FC,2022-09-05,1,2,STATUS_FINAL,A,,,2026-07-25T03:23:35Z,2026-07-25T03:23:35Z
39453,kl2_2022_067,kor.2,,,Gimpo FC,Gyeongnam FC,2022-09-08,2,1,STATUS_FINAL,H,,,2026-07-25T03:23:35Z,2026-07-25T03:23:35Z
39454,kl2_2022_068,kor.2,,,Gimpo FC,Jeonnam Dragons,2022-09-11,2,2,STATUS_FINAL,D,,,2026-07-25T03:23:35Z,2026-07-25T03:23:35Z
39455,kl2_2022_069,kor.2,,,Gimpo FC,Seoul E-Land,2022-09-14,2,2,STATUS_FINAL,D,,,2026-07-25T03:23:35Z,2026-07-25T03:23:35Z
39456,kl2_2022_070,kor.2,,,Gwangju FC,Ansan Greeners,2022-09-17,2,0,STATUS_FINAL,H,,,2026-07-25T03:23:35Z,2026-07-25T03:23:35Z
39457,kl2_2022_071,kor.2,,,Gwangju FC,FC Anyang,2022-09-20,4,0,STATUS_FINAL,H,,,2026-07-25T03:23:35Z,2026-07-25T03:23:35Z
39458,kl2_2022_072,kor.2,,,Gwangju FC,Bucheon FC 1995,2022-09-23,1,0,STATUS_FINAL,H,,,2026-07-25T03:23:35Z,2026-07-25T03:23:35Z
39459,kl2_2022_073,kor.2,,,Gwangju FC,Busan IPark,2022-09-26,1,0,STATUS_FINAL,H,,,2026-07-25T03:23:35Z,2026-07-25T03:23:35Z
39460,kl2_2022_074,kor.2,,,Gwangju FC,Chungnam Asan,2022-09-29,2,1,STATUS_FINAL,H,,,2026-07-25T03:23:35Z,2026-07-25T03:23:35Z
39461,kl2_2022_075,kor.2,,,Gwangju FC,Daejeon Hana Citizen,2022-10-02,2,0,STATUS_FINAL,H,,,2026-07-25T03:23:35Z,2026-07-25T03:23:35Z
39462,kl2_2022_076,kor.2,,,Gwangju FC,Gimpo FC,2022-10-05,1,2,STATUS_FINAL,A,,,2026-07-25T03:23:35Z,2026-07-25T03:23:35Z
39463,kl2_2022_077,kor.2,,,Gwangju FC,Gyeongnam FC,2022-10-08,1,4,STATUS_FINAL,A,,,2026-07-25T03:23:35Z,2026-07-25T03:23:35Z
39464,kl2_2022_078,kor.2,,,Gwangju FC,Jeonnam Dragons,2022-10-11,1,0,STATUS_FINAL,H,,,2026-07-25T03:23:35Z,2026-07-25T03:23:35Z
39465,kl2_2022_079,kor.2,,,Gwangju FC,Seoul E-Land,2022-10-14,2,1,STATUS_FINAL,H,,,2026-07-25T03:23:35Z,2026-07-25T03:23:35Z
39466,kl2_2022_080,kor.2,,,Gyeongnam FC,Ansan Greeners,2022-10-17,2,1,STATUS_FINAL,H,,,2026-07-25T03:23:35Z,2026-07-25T03:23:35Z
39467,kl2_2022_081,kor.2,,,Gyeongnam FC,FC Anyang,2022-10-20,2,3,STATUS_FINAL,A,,,2026-07-25T03:23:35Z,2026-07-25T03:23:35Z
39468,kl2_2022_082,kor.2,,,Gyeongnam FC,Bucheon FC 1995,2022-10-23,2,3,STATUS_FINAL,A,,,2026-07-25T03:23:35Z,2026-07-25T03:23:35Z
39469,kl2_2022_083,kor.2,,,Gyeongnam FC,Busan IPark,2022-10-26,3,2,STATUS_FINAL,H,,,2026-07-25T03:23:35Z,2026-07-25T03:23:35Z
39470,kl2_2022_084,kor.2,,,Gyeongnam FC,Chungnam Asan,2022-10-29,0,0,STATUS_FINAL,D,,,2026-07-25T03:23:35Z,2026-07-25T03:23:35Z
39471,kl2_2022_085,kor.2,,,Gyeongnam FC,Daejeon Hana Citizen,2022-11-01,1,1,STATUS_FINAL,D,,,2026-07-25T03:23:35Z,2026-07-25T03:23:35Z
39472,kl2_2022_086,kor.2,,,Gyeongnam FC,Gimpo FC,2022-11-04,6,1,STATUS_FINAL,H,,,2026-07-25T03:23:35Z,2026-07-25T03:23:35Z
39473,kl2_2022_087,kor.2,,,Gyeongnam FC,Gwangju FC,2022-11-07,1,2,STATUS_FINAL,A,,,2026-07-25T03:23:35Z,2026-07-25T03:23:35Z
39474,kl2_2022_088,kor.2,,,Gyeongnam FC,Jeonnam Dragons,2022-11-10,1,2,STATUS_FINAL,A,,,2026-07-25T03:23:35Z,2026-07-25T03:23:35Z
39475,kl2_2022_089,kor.2,,,Gyeongnam FC,Seoul E-Land,2022-02-19,0,1,STATUS_FINAL,A,,,2026-07-25T03:23:35Z,2026-07-25T03:23:35Z
39476,kl2_2022_090,kor.2,,,Jeonnam Dragons,Ansan Greeners,2022-02-22,1,1,STATUS_FINAL,D,,,2026-07-25T03:23:35Z,2026-07-25T03:23:35Z
39477,kl2_2022_091,kor.2,,,Jeonnam Dragons,FC Anyang,2022-02-25,2,0,STATUS_FINAL,H,,,2026-07-25T03:23:35Z,2026-07-25T03:23:35Z
39478,kl2_2022_092,kor.2,,,Jeonnam Dragons,Bucheon FC 1995,2022-02-28,2,1,STATUS_FINAL,H,,,2026-07-25T03:23:35Z,2026-07-25T03:23:35Z
39479,kl2_2022_093,kor.2,,,Jeonnam Dragons,Busan IPark,2022-03-03,0,0,STATUS_FINAL,D,,,2026-07-25T03:23:35Z,2026-07-25T03:23:35Z
39480,kl2_2022_094,kor.2,,,Jeonnam Dragons,Chungnam Asan,2022-03-06,0,0,STATUS_FINAL,D,,,2026-07-25T03:23:35Z,2026-07-25T03:23:35Z
39481,kl2_2022_095,kor.2,,,Jeonnam Dragons,Daejeon Hana Citizen,2022-03-09,0,1,STATUS_FINAL,A,,,2026-07-25T03:23:35Z,2026-07-25T03:23:35Z
39482,kl2_2022_096,kor.2,,,Jeonnam Dragons,Gimpo FC,2022-03-12,0,2,STATUS_FINAL,A,,,2026-07-25T03:23:35Z,2026-07-25T03:23:35Z
39483,kl2_2022_097,kor.2,,,Jeonnam Dragons,Gwangju FC,2022-03-15,1,1,STATUS_FINAL,D,,,2026-07-25T03:23:35Z,2026-07-25T03:23:35Z
39484,kl2_2022_098,kor.2,,,Jeonnam Dragons,Gyeongnam FC,2022-03-18,2,2,STATUS_FINAL,D,,,2026-07-25T03:23:35Z,2026-07-25T03:23:35Z
39485,kl2_2022_099,kor.2,,,Jeonnam Dragons,Seoul E-Land,2022-03-21,1,1,STATUS_FINAL,D,,,2026-07-25T03:23:35Z,2026-07-25T03:23:35Z
39486,kl2_2022_100,kor.2,,,Seoul E-Land,Ansan Greeners,2022-03-24,2,3,STATUS_FINAL,A,,,2026-07-25T03:23:35Z,2026-07-25T03:23:35Z
39487,kl2_2022_101,kor.2,,,Seoul E-Land,FC Anyang,2022-03-27,0,0,STATUS_FINAL,D,,,2026-07-25T03:23:35Z,2026-07-25T03:23:35Z
39488,kl2_2022_102,kor.2,,,Seoul E-Land,Bucheon FC 1995,2022-03-30,1,1,STATUS_FINAL,D,,,2026-07-25T03:23:35Z,2026-07-25T03:23:35Z
39489,kl2_2022_103,kor.2,,,Seoul E-Land,Busan IPark,2022-04-02,2,2,STATUS_FINAL,D,,,2026-07-25T03:23:35Z,2026-07-25T03:23:35Z
39490,kl2_2022_104,kor.2,,,Seoul E-Land,Chungnam Asan,2022-04-05,0,0,STATUS_FINAL,D,,,2026-07-25T03:23:35Z,2026-07-25T03:23:35Z
39491,kl2_2022_105,kor.2,,,Seoul E-Land,Daejeon Hana Citizen,2022-04-08,0,1,STATUS_FINAL,A,,,2026-07-25T03:23:35Z,2026-07-25T03:23:35Z
39492,kl2_2022_106,kor.2,,,Seoul E-Land,Gimpo FC,2022-04-11,3,1,STATUS_FINAL,H,,,2026-07-25T03:23:35Z,2026-07-25T03:23:35Z
39493,kl2_2022_107,kor.2,,,Seoul E-Land,Gwangju FC,2022-04-14,2,2,STATUS_FINAL,D,,,2026-07-25T03:23:35Z,2026-07-25T03:23:35Z
39494,kl2_2022_108,kor.2,,,Seoul E-Land,Gyeongnam FC,2022-04-17,2,1,STATUS_FINAL,H,,,2026-07-25T03:23:35Z,2026-07-25T03:23:35Z
39495,kl2_2022_109,kor.2,,,Seoul E-Land,Jeonnam Dragons,2022-04-20,1,1,STATUS_FINAL,D,,,2026-07-25T03:23:35Z,2026-07-25T03:23:35Z
39496,kl2_2023_000,kor.2,,,Ansan Greeners,FC Anyang,2023-03-04,1,1,STATUS_FINAL,D,,,2026-07-25T03:23:35Z,2026-07-25T03:23:35Z
39497,kl2_2023_001,kor.2,,,Ansan Greeners,Bucheon FC 1995,2023-03-07,0,2,STATUS_FINAL,A,,,2026-07-25T03:23:35Z,2026-07-25T03:23:35Z
39498,kl2_2023_002,kor.2,,,Ansan Greeners,Busan IPark,2023-03-10,1,2,STATUS_FINAL,A,,,2026-07-25T03:23:35Z,2026-07-25T03:23:35Z
39499,kl2_2023_003,kor.2,,,Ansan Greeners,Cheonan City,2023-03-13,2,1,STATUS_FINAL,H,,,2026-07-25T03:23:35Z,2026-07-25T03:23:35Z
39500,kl2_2023_004,kor.2,,,Ansan Greeners,Chungbuk Cheongju,2023-03-16,0,2,STATUS_FINAL,A,,,2026-07-25T03:23:35Z,2026-07-25T03:23:35Z
39501,kl2_2023_005,kor.2,,,Ansan Greeners,Chungnam Asan,2023-03-19,1,0,STATUS_FINAL,H,,,2026-07-25T03:23:35Z,2026-07-25T03:23:35Z
39502,kl2_2023_006,kor.2,,,Ansan Greeners,Gimcheon Sangmu,2023-03-22,2,3,STATUS_FINAL,A,,,2026-07-25T03:23:35Z,2026-07-25T03:23:35Z
39503,kl2_2023_007,kor.2,,,Ansan Greeners,Gimpo FC,2023-03-25,2,3,STATUS_FINAL,A,,,2026-07-25T03:23:35Z,2026-07-25T03:23:35Z
39504,kl2_2023_008,kor.2,,,Ansan Greeners,Gyeongnam FC,2023-03-28,1,1,STATUS_FINAL,D,,,2026-07-25T03:23:35Z,2026-07-25T03:23:35Z
39505,kl2_2023_009,kor.2,,,Ansan Greeners,Jeonnam Dragons,2023-03-31,1,0,STATUS_FINAL,H,,,2026-07-25T03:23:35Z,2026-07-25T03:23:35Z
39506,kl2_2023_010,kor.2,,,Ansan Greeners,Seongnam FC,2023-04-03,0,3,STATUS_FINAL,A,,,2026-07-25T03:23:35Z,2026-07-25T03:23:35Z
39507,kl2_2023_011,kor.2,,,Ansan Greeners,Seoul E-Land,2023-04-06,1,2,STATUS_FINAL,A,,,2026-07-25T03:23:35Z,2026-07-25T03:23:35Z
39508,kl2_2023_012,kor.2,,,FC Anyang,Ansan Greeners,2023-04-09,1,1,STATUS_FINAL,D,,,2026-07-25T03:23:35Z,2026-07-25T03:23:35Z
39509,kl2_2023_013,kor.2,,,FC Anyang,Bucheon FC 1995,2023-04-12,2,2,STATUS_FINAL,D,,,2026-07-25T03:23:35Z,2026-07-25T03:23:35Z
39510,kl2_2023_014,kor.2,,,FC Anyang,Busan IPark,2023-04-15,0,3,STATUS_FINAL,A,,,2026-07-25T03:23:35Z,2026-07-25T03:23:35Z
39511,kl2_2023_015,kor.2,,,FC Anyang,Cheonan City,2023-04-18,1,1,STATUS_FINAL,D,,,2026-07-25T03:23:35Z,2026-07-25T03:23:35Z
39512,kl2_2023_016,kor.2,,,FC Anyang,Chungbuk Cheongju,2023-04-21,1,0,STATUS_FINAL,H,,,2026-07-25T03:23:35Z,2026-07-25T03:23:35Z
39513,kl2_2023_017,kor.2,,,FC Anyang,Chungnam Asan,2023-04-24,3,0,STATUS_FINAL,H,,,2026-07-25T03:23:35Z,2026-07-25T03:23:35Z
39514,kl2_2023_018,kor.2,,,FC Anyang,Gimcheon Sangmu,2023-04-27,2,0,STATUS_FINAL,H,,,2026-07-25T03:23:35Z,2026-07-25T03:23:35Z
39515,kl2_2023_019,kor.2,,,FC Anyang,Gimpo FC,2023-04-30,1,2,STATUS_FINAL,A,,,2026-07-25T03:23:35Z,2026-07-25T03:23:35Z
39516,kl2_2023_020,kor.2,,,FC Anyang,Gyeongnam FC,2023-05-03,2,4,STATUS_FINAL,A,,,2026-07-25T03:23:35Z,2026-07-25T03:23:35Z
39517,kl2_2023_021,kor.2,,,FC Anyang,Jeonnam Dragons,2023-05-06,2,0,STATUS_FINAL,H,,,2026-07-25T03:23:35Z,2026-07-25T03:23:35Z
39518,kl2_2023_022,kor.2,,,FC Anyang,Seongnam FC,2023-05-09,2,1,STATUS_FINAL,H,,,2026-07-25T03:23:35Z,2026-07-25T03:23:35Z
39519,kl2_2023_023,kor.2,,,FC Anyang,Seoul E-Land,2023-05-12,1,1,STATUS_FINAL,D,,,2026-07-25T03:23:35Z,2026-07-25T03:23:35Z
39520,kl2_2023_024,kor.2,,,Bucheon FC 1995,Ansan Greeners,2023-05-15,1,0,STATUS_FINAL,H,,,2026-07-25T03:23:35Z,2026-07-25T03:23:35Z
39521,kl2_2023_025,kor.2,,,Bucheon FC 1995,FC Anyang,2023-05-18,2,4,STATUS_FINAL,A,,,2026-07-25T03:23:35Z,2026-07-25T03:23:35Z
39522,kl2_2023_026,kor.2,,,Bucheon FC 1995,Busan IPark,2023-05-21,0,0,STATUS_FINAL,D,,,2026-07-25T03:23:35Z,2026-07-25T03:23:35Z
39523,kl2_2023_027,kor.2,,,Bucheon FC 1995,Cheonan City,2023-05-24,1,1,STATUS_FINAL,D,,,2026-07-25T03:23:35Z,2026-07-25T03:23:35Z
39524,kl2_2023_028,kor.2,,,Bucheon FC 1995,Chungbuk Cheongju,2023-05-27,0,0,STATUS_FINAL,D,,,2026-07-25T03:23:35Z,2026-07-25T03:23:35Z
39525,kl2_2023_029,kor.2,,,Bucheon FC 1995,Chungnam Asan,2023-05-30,2,1,STATUS_FINAL,H,,,2026-07-25T03:23:35Z,2026-07-25T03:23:35Z
39526,kl2_2023_030,kor.2,,,Bucheon FC 1995,Gimcheon Sangmu,2023-06-02,0,3,STATUS_FINAL,A,,,2026-07-25T03:23:35Z,2026-07-25T03:23:35Z
39527,kl2_2023_031,kor.2,,,Bucheon FC 1995,Gimpo FC,2023-06-05,2,0,STATUS_FINAL,H,,,2026-07-25T03:23:35Z,2026-07-25T03:23:35Z
39528,kl2_2023_032,kor.2,,,Bucheon FC 1995,Gyeongnam FC,2023-06-08,2,0,STATUS_FINAL,H,,,2026-07-25T03:23:35Z,2026-07-25T03:23:35Z
39529,kl2_2023_033,kor.2,,,Bucheon FC 1995,Jeonnam Dragons,2023-06-11,5,2,STATUS_FINAL,H,,,2026-07-25T03:23:35Z,2026-07-25T03:23:35Z
39530,kl2_2023_034,kor.2,,,Bucheon FC 1995,Seongnam FC,2023-06-14,1,0,STATUS_FINAL,H,,,2026-07-25T03:23:35Z,2026-07-25T03:23:35Z
39531,kl2_2023_035,kor.2,,,Bucheon FC 1995,Seoul E-Land,2023-06-17,0,1,STATUS_FINAL,A,,,2026-07-25T03:23:35Z,2026-07-25T03:23:35Z
39532,kl2_2023_036,kor.2,,,Busan IPark,Ansan Greeners,2023-06-20,0,0,STATUS_FINAL,D,,,2026-07-25T03:23:35Z,2026-07-25T03:23:35Z
39533,kl2_2023_037,kor.2,,,Busan IPark,FC Anyang,2023-06-23,2,1,STATUS_FINAL,H,,,2026-07-25T03:23:35Z,2026-07-25T03:23:35Z
39534,kl2_2023_038,kor.2,,,Busan IPark,Bucheon FC 1995,2023-06-26,0,1,STATUS_FINAL,A,,,2026-07-25T03:23:35Z,2026-07-25T03:23:35Z
39535,kl2_2023_039,kor.2,,,Busan IPark,Cheonan City,2023-06-29,1,0,STATUS_FINAL,H,,,2026-07-25T03:23:35Z,2026-07-25T03:23:35Z
39536,kl2_2023_040,kor.2,,,Busan IPark,Chungbuk Cheongju,2023-07-02,1,1,STATUS_FINAL,D,,,2026-07-25T03:23:35Z,2026-07-25T03:23:35Z
39537,kl2_2023_041,kor.2,,,Busan IPark,Chungnam Asan,2023-07-05,2,0,STATUS_FINAL,H,,,2026-07-25T03:23:35Z,2026-07-25T03:23:35Z
39538,kl2_2023_042,kor.2,,,Busan IPark,Gimcheon Sangmu,2023-07-08,3,1,STATUS_FINAL,H,,,2026-07-25T03:23:35Z,2026-07-25T03:23:35Z
39539,kl2_2023_043,kor.2,,,Busan IPark,Gimpo FC,2023-07-11,0,0,STATUS_FINAL,D,,,2026-07-25T03:23:35Z,2026-07-25T03:23:35Z
39540,kl2_2023_044,kor.2,,,Busan IPark,Gyeongnam FC,2023-07-14,0,0,STATUS_FINAL,D,,,2026-07-25T03:23:35Z,2026-07-25T03:23:35Z
39541,kl2_2023_045,kor.2,,,Busan IPark,Jeonnam Dragons,2023-07-17,1,0,STATUS_FINAL,H,,,2026-07-25T03:23:35Z,2026-07-25T03:23:35Z
39542,kl2_2023_046,kor.2,,,Busan IPark,Seongnam FC,2023-07-20,2,3,STATUS_FINAL,A,,,2026-07-25T03:23:35Z,2026-07-25T03:23:35Z
39543,kl2_2023_047,kor.2,,,Busan IPark,Seoul E-Land,2023-07-23,1,0,STATUS_FINAL,H,,,2026-07-25T03:23:35Z,2026-07-25T03:23:35Z
39544,kl2_2023_048,kor.2,,,Cheonan City,Ansan Greeners,2023-07-26,1,1,STATUS_FINAL,D,,,2026-07-25T03:23:35Z,2026-07-25T03:23:35Z
39545,kl2_2023_049,kor.2,,,Cheonan City,FC Anyang,2023-07-29,0,4,STATUS_FINAL,A,,,2026-07-25T03:23:35Z,2026-07-25T03:23:35Z
39546,kl2_2023_050,kor.2,,,Cheonan City,Bucheon FC 1995,2023-08-01,0,3,STATUS_FINAL,A,,,2026-07-25T03:23:35Z,2026-07-25T03:23:35Z
39547,kl2_2023_051,kor.2,,,Cheonan City,Busan IPark,2023-08-04,2,3,STATUS_FINAL,A,,,2026-07-25T03:23:35Z,2026-07-25T03:23:35Z
39548,kl2_2023_052,kor.2,,,Cheonan City,Chungbuk Cheongju,2023-08-07,2,2,STATUS_FINAL,D,,,2026-07-25T03:23:35Z,2026-07-25T03:23:35Z
39549,kl2_2023_053,kor.2,,,Cheonan City,Chungnam Asan,2023-08-10,0,1,STATUS_FINAL,A,,,2026-07-25T03:23:35Z,2026-07-25T03:23:35Z
39550,kl2_2023_054,kor.2,,,Cheonan City,Gimcheon Sangmu,2023-08-13,0,2,STATUS_FINAL,A,,,2026-07-25T03:23:35Z,2026-07-25T03:23:35Z
39551,kl2_2023_055,kor.2,,,Cheonan City,Gimpo FC,2023-08-16,0,2,STATUS_FINAL,A,,,2026-07-25T03:23:35Z,2026-07-25T03:23:35Z
39552,kl2_2023_056,kor.2,,,Cheonan City,Gyeongnam FC,2023-08-19,2,3,STATUS_FINAL,A,,,2026-07-25T03:23:35Z,2026-07-25T03:23:35Z
39553,kl2_2023_057,kor.2,,,Cheonan City,Jeonnam Dragons,2023-08-22,1,3,STATUS_FINAL,A,,,2026-07-25T03:23:35Z,2026-07-25T03:23:35Z
39554,kl2_2023_058,kor.2,,,Cheonan City,Seongnam FC,2023-08-25,3,2,STATUS_FINAL,H,,,2026-07-25T03:23:35Z,2026-07-25T03:23:35Z
39555,kl2_2023_059,kor.2,,,Cheonan City,Seoul E-Land,2023-08-28,0,0,STATUS_FINAL,D,,,2026-07-25T03:23:35Z,2026-07-25T03:23:35Z
39556,kl2_2023_060,kor.2,,,Chungbuk Cheongju,Ansan Greeners,2023-08-31,3,0,STATUS_FINAL,H,,,2026-07-25T03:23:35Z,2026-07-25T03:23:35Z
39557,kl2_2023_061,kor.2,,,Chungbuk Cheongju,FC Anyang,2023-09-03,2,1,STATUS_FINAL,H,,,2026-07-25T03:23:35Z,2026-07-25T03:23:35Z
39558,kl2_2023_062,kor.2,,,Chungbuk Cheongju,Bucheon FC 1995,2023-09-06,0,4,STATUS_FINAL,A,,,2026-07-25T03:23:35Z,2026-07-25T03:23:35Z
39559,kl2_2023_063,kor.2,,,Chungbuk Cheongju,Busan IPark,2023-09-09,1,1,STATUS_FINAL,D,,,2026-07-25T03:23:35Z,2026-07-25T03:23:35Z
39560,kl2_2023_064,kor.2,,,Chungbuk Cheongju,Cheonan City,2023-09-12,2,1,STATUS_FINAL,H,,,2026-07-25T03:23:35Z,2026-07-25T03:23:35Z
39561,kl2_2023_065,kor.2,,,Chungbuk Cheongju,Chungnam Asan,2023-09-15,0,4,STATUS_FINAL,A,,,2026-07-25T03:23:35Z,2026-07-25T03:23:35Z
39562,kl2_2023_066,kor.2,,,Chungbuk Cheongju,Gimcheon Sangmu,2023-09-18,0,2,STATUS_FINAL,A,,,2026-07-25T03:23:35Z,2026-07-25T03:23:35Z
39563,kl2_2023_067,kor.2,,,Chungbuk Cheongju,Gimpo FC,2023-09-21,0,0,STATUS_FINAL,D,,,2026-07-25T03:23:35Z,2026-07-25T03:23:35Z
39564,kl2_2023_068,kor.2,,,Chungbuk Cheongju,Gyeongnam FC,2023-09-24,0,2,STATUS_FINAL,A,,,2026-07-25T03:23:35Z,2026-07-25T03:23:35Z
39565,kl2_2023_069,kor.2,,,Chungbuk Cheongju,Jeonnam Dragons,2023-09-27,3,1,STATUS_FINAL,H,,,2026-07-25T03:23:35Z,2026-07-25T03:23:35Z
39566,kl2_2023_070,kor.2,,,Chungbuk Cheongju,Seongnam FC,2023-09-30,0,0,STATUS_FINAL,D,,,2026-07-25T03:23:35Z,2026-07-25T03:23:35Z
39567,kl2_2023_071,kor.2,,,Chungbuk Cheongju,Seoul E-Land,2023-10-03,2,1,STATUS_FINAL,H,,,2026-07-25T03:23:35Z,2026-07-25T03:23:35Z
39568,kl2_2023_072,kor.2,,,Chungnam Asan,Ansan Greeners,2023-10-06,1,0,STATUS_FINAL,H,,,2026-07-25T03:23:35Z,2026-07-25T03:23:35Z
39569,kl2_2023_073,kor.2,,,Chungnam Asan,FC Anyang,2023-10-09,2,3,STATUS_FINAL,A,,,2026-07-25T03:23:35Z,2026-07-25T03:23:35Z
39570,kl2_2023_074,kor.2,,,Chungnam Asan,Bucheon FC 1995,2023-10-12,1,0,STATUS_FINAL,H,,,2026-07-25T03:23:35Z,2026-07-25T03:23:35Z
39571,kl2_2023_075,kor.2,,,Chungnam Asan,Busan IPark,2023-10-15,1,1,STATUS_FINAL,D,,,2026-07-25T03:23:35Z,2026-07-25T03:23:35Z
39572,kl2_2023_076,kor.2,,,Chungnam Asan,Cheonan City,2023-10-18,1,0,STATUS_FINAL,H,,,2026-07-25T03:23:35Z,2026-07-25T03:23:35Z
39573,kl2_2023_077,kor.2,,,Chungnam Asan,Chungbuk Cheongju,2023-10-21,3,2,STATUS_FINAL,H,,,2026-07-25T03:23:35Z,2026-07-25T03:23:35Z
39574,kl2_2023_078,kor.2,,,Chungnam Asan,Gimcheon Sangmu,2023-10-24,1,2,STATUS_FINAL,A,,,2026-07-25T03:23:35Z,2026-07-25T03:23:35Z
39575,kl2_2023_079,kor.2,,,Chungnam Asan,Gimpo FC,2023-10-27,0,1,STATUS_FINAL,A,,,2026-07-25T03:23:35Z,2026-07-25T03:23:35Z
39576,kl2_2023_080,kor.2,,,Chungnam Asan,Gyeongnam FC,2023-10-30,2,2,STATUS_FINAL,D,,,2026-07-25T03:23:35Z,2026-07-25T03:23:35Z
39577,kl2_2023_081,kor.2,,,Chungnam Asan,Jeonnam Dragons,2023-11-02,3,3,STATUS_FINAL,D,,,2026-07-25T03:23:35Z,2026-07-25T03:23:35Z
39578,kl2_2023_082,kor.2,,,Chungnam Asan,Seongnam FC,2023-11-05,2,0,STATUS_FINAL,H,,,2026-07-25T03:23:35Z,2026-07-25T03:23:35Z
39579,kl2_2023_083,kor.2,,,Chungnam Asan,Seoul E-Land,2023-11-08,2,0,STATUS_FINAL,H,,,2026-07-25T03:23:35Z,2026-07-25T03:23:35Z
39580,kl2_2023_084,kor.2,,,Gimcheon Sangmu,Ansan Greeners,2023-11-11,3,2,STATUS_FINAL,H,,,2026-07-25T03:23:35Z,2026-07-25T03:23:35Z
39581,kl2_2023_085,kor.2,,,Gimcheon Sangmu,FC Anyang,2023-11-14,0,0,STATUS_FINAL,D,,,2026-07-25T03:23:35Z,2026-07-25T03:23:35Z
39582,kl2_2023_086,kor.2,,,Gimcheon Sangmu,Bucheon FC 1995,2023-11-17,4,1,STATUS_FINAL,H,,,2026-07-25T03:23:35Z,2026-07-25T03:23:35Z
39583,kl2_2023_087,kor.2,,,Gimcheon Sangmu,Busan IPark,2023-11-20,2,1,STATUS_FINAL,H,,,2026-07-25T03:23:35Z,2026-07-25T03:23:35Z
39584,kl2_2023_088,kor.2,,,Gimcheon Sangmu,Cheonan City,2023-11-23,4,1,STATUS_FINAL,H,,,2026-07-25T03:23:35Z,2026-07-25T03:23:35Z
39585,kl2_2023_089,kor.2,,,Gimcheon Sangmu,Chungbuk Cheongju,2023-03-04,0,0,STATUS_FINAL,D,,,2026-07-25T03:23:35Z,2026-07-25T03:23:35Z
39586,kl2_2023_090,kor.2,,,Gimcheon Sangmu,Chungnam Asan,2023-03-07,3,2,STATUS_FINAL,H,,,2026-07-25T03:23:35Z,2026-07-25T03:23:35Z
39587,kl2_2023_091,kor.2,,,Gimcheon Sangmu,Gimpo FC,2023-03-10,0,2,STATUS_FINAL,A,,,2026-07-25T03:23:35Z,2026-07-25T03:23:35Z
39588,kl2_2023_092,kor.2,,,Gimcheon Sangmu,Gyeongnam FC,2023-03-13,0,2,STATUS_FINAL,A,,,2026-07-25T03:23:35Z,2026-07-25T03:23:35Z
39589,kl2_2023_093,kor.2,,,Gimcheon Sangmu,Jeonnam Dragons,2023-03-16,2,1,STATUS_FINAL,H,,,2026-07-25T03:23:35Z,2026-07-25T03:23:35Z
39590,kl2_2023_094,kor.2,,,Gimcheon Sangmu,Seongnam FC,2023-03-19,4,0,STATUS_FINAL,H,,,2026-07-25T03:23:35Z,2026-07-25T03:23:35Z
39591,kl2_2023_095,kor.2,,,Gimcheon Sangmu,Seoul E-Land,2023-03-22,4,0,STATUS_FINAL,H,,,2026-07-25T03:23:35Z,2026-07-25T03:23:35Z
39592,kl2_2023_096,kor.2,,,Gimpo FC,Ansan Greeners,2023-03-25,0,1,STATUS_FINAL,A,,,2026-07-25T03:23:35Z,2026-07-25T03:23:35Z
39593,kl2_2023_097,kor.2,,,Gimpo FC,FC Anyang,2023-03-28,1,0,STATUS_FINAL,H,,,2026-07-25T03:23:35Z,2026-07-25T03:23:35Z
39594,kl2_2023_098,kor.2,,,Gimpo FC,Bucheon FC 1995,2023-03-31,1,1,STATUS_FINAL,D,,,2026-07-25T03:23:35Z,2026-07-25T03:23:35Z
39595,kl2_2023_099,kor.2,,,Gimpo FC,Busan IPark,2023-04-03,1,0,STATUS_FINAL,H,,,2026-07-25T03:23:35Z,2026-07-25T03:23:35Z
39596,kl2_2023_100,kor.2,,,Gimpo FC,Cheonan City,2023-04-06,4,0,STATUS_FINAL,H,,,2026-07-25T03:23:35Z,2026-07-25T03:23:35Z
39597,kl2_2023_101,kor.2,,,Gimpo FC,Chungbuk Cheongju,2023-04-09,1,2,STATUS_FINAL,A,,,2026-07-25T03:23:35Z,2026-07-25T03:23:35Z
39598,kl2_2023_102,kor.2,,,Gimpo FC,Chungnam Asan,2023-04-12,1,1,STATUS_FINAL,D,,,2026-07-25T03:23:35Z,2026-07-25T03:23:35Z
39599,kl2_2023_103,kor.2,,,Gimpo FC,Gimcheon Sangmu,2023-04-15,2,1,STATUS_FINAL,H,,,2026-07-25T03:23:35Z,2026-07-25T03:23:35Z
39600,kl2_2023_104,kor.2,,,Gimpo FC,Gyeongnam FC,2023-04-18,0,0,STATUS_FINAL,D,,,2026-07-25T03:23:35Z,2026-07-25T03:23:35Z
39601,kl2_2023_105,kor.2,,,Gimpo FC,Jeonnam Dragons,2023-04-21,1,2,STATUS_FINAL,A,,,2026-07-25T03:23:35Z,2026-07-25T03:23:35Z
39602,kl2_2023_106,kor.2,,,Gimpo FC,Seongnam FC,2023-04-24,0,0,STATUS_FINAL,D,,,2026-07-25T03:23:35Z,2026-07-25T03:23:35Z
39603,kl2_2023_107,kor.2,,,Gimpo FC,Seoul E-Land,2023-04-27,0,0,STATUS_FINAL,D,,,2026-07-25T03:23:35Z,2026-07-25T03:23:35Z
39604,kl2_2023_108,kor.2,,,Gyeongnam FC,Ansan Greeners,2023-04-30,3,1,STATUS_FINAL,H,,,2026-07-25T03:23:35Z,2026-07-25T03:23:35Z
39605,kl2_2023_109,kor.2,,,Gyeongnam FC,FC Anyang,2023-05-03,3,2,STATUS_FINAL,H,,,2026-07-25T03:23:35Z,2026-07-25T03:23:35Z
39606,kl2_2023_110,kor.2,,,Gyeongnam FC,Bucheon FC 1995,2023-05-06,1,0,STATUS_FINAL,H,,,2026-07-25T03:23:35Z,2026-07-25T03:23:35Z
39607,kl2_2023_111,kor.2,,,Gyeongnam FC,Busan IPark,2023-05-09,1,2,STATUS_FINAL,A,,,2026-07-25T03:23:35Z,2026-07-25T03:23:35Z
39608,kl2_2023_112,kor.2,,,Gyeongnam FC,Cheonan City,2023-05-12,2,1,STATUS_FINAL,H,,,2026-07-25T03:23:35Z,2026-07-25T03:23:35Z
39609,kl2_2023_113,kor.2,,,Gyeongnam FC,Chungbuk Cheongju,2023-05-15,2,2,STATUS_FINAL,D,,,2026-07-25T03:23:35Z,2026-07-25T03:23:35Z
39610,kl2_2023_114,kor.2,,,Gyeongnam FC,Chungnam Asan,2023-05-18,2,1,STATUS_FINAL,H,,,2026-07-25T03:23:35Z,2026-07-25T03:23:35Z
39611,kl2_2023_115,kor.2,,,Gyeongnam FC,Gimcheon Sangmu,2023-05-21,0,2,STATUS_FINAL,A,,,2026-07-25T03:23:35Z,2026-07-25T03:23:35Z
39612,kl2_2023_116,kor.2,,,Gyeongnam FC,Gimpo FC,2023-05-24,0,0,STATUS_FINAL,D,,,2026-07-25T03:23:35Z,2026-07-25T03:23:35Z
39613,kl2_2023_117,kor.2,,,Gyeongnam FC,Jeonnam Dragons,2023-05-27,0,2,STATUS_FINAL,A,,,2026-07-25T03:23:35Z,2026-07-25T03:23:35Z
39614,kl2_2023_118,kor.2,,,Gyeongnam FC,Seongnam FC,2023-05-30,2,2,STATUS_FINAL,D,,,2026-07-25T03:23:35Z,2026-07-25T03:23:35Z
39615,kl2_2023_119,kor.2,,,Gyeongnam FC,Seoul E-Land,2023-06-02,1,2,STATUS_FINAL,A,,,2026-07-25T03:23:35Z,2026-07-25T03:23:35Z
39616,kl2_2023_120,kor.2,,,Jeonnam Dragons,Ansan Greeners,2023-06-05,5,2,STATUS_FINAL,H,,,2026-07-25T03:23:35Z,2026-07-25T03:23:35Z
39617,kl2_2023_121,kor.2,,,Jeonnam Dragons,FC Anyang,2023-06-08,0,1,STATUS_FINAL,A,,,2026-07-25T03:23:35Z,2026-07-25T03:23:35Z
39618,kl2_2023_122,kor.2,,,Jeonnam Dragons,Bucheon FC 1995,2023-06-11,1,0,STATUS_FINAL,H,,,2026-07-25T03:23:35Z,2026-07-25T03:23:35Z
39619,kl2_2023_123,kor.2,,,Jeonnam Dragons,Busan IPark,2023-06-14,1,1,STATUS_FINAL,D,,,2026-07-25T03:23:35Z,2026-07-25T03:23:35Z
39620,kl2_2023_124,kor.2,,,Jeonnam Dragons,Cheonan City,2023-06-17,2,0,STATUS_FINAL,H,,,2026-07-25T03:23:35Z,2026-07-25T03:23:35Z
39621,kl2_2023_125,kor.2,,,Jeonnam Dragons,Chungbuk Cheongju,2023-06-20,3,0,STATUS_FINAL,H,,,2026-07-25T03:23:35Z,2026-07-25T03:23:35Z
39622,kl2_2023_126,kor.2,,,Jeonnam Dragons,Chungnam Asan,2023-06-23,2,1,STATUS_FINAL,H,,,2026-07-25T03:23:35Z,2026-07-25T03:23:35Z
39623,kl2_2023_127,kor.2,,,Jeonnam Dragons,Gimcheon Sangmu,2023-06-26,1,0,STATUS_FINAL,H,,,2026-07-25T03:23:35Z,2026-07-25T03:23:35Z
39624,kl2_2023_128,kor.2,,,Jeonnam Dragons,Gimpo FC,2023-06-29,0,2,STATUS_FINAL,A,,,2026-07-25T03:23:35Z,2026-07-25T03:23:35Z
39625,kl2_2023_129,kor.2,,,Jeonnam Dragons,Gyeongnam FC,2023-07-02,0,5,STATUS_FINAL,A,,,2026-07-25T03:23:35Z,2026-07-25T03:23:35Z
39626,kl2_2023_130,kor.2,,,Jeonnam Dragons,Seongnam FC,2023-07-05,2,2,STATUS_FINAL,D,,,2026-07-25T03:23:35Z,2026-07-25T03:23:35Z
39627,kl2_2023_131,kor.2,,,Jeonnam Dragons,Seoul E-Land,2023-07-08,3,3,STATUS_FINAL,D,,,2026-07-25T03:23:35Z,2026-07-25T03:23:35Z
39628,kl2_2023_132,kor.2,,,Seongnam FC,Ansan Greeners,2023-07-11,2,1,STATUS_FINAL,H,,,2026-07-25T03:23:35Z,2026-07-25T03:23:35Z
39629,kl2_2023_133,kor.2,,,Seongnam FC,FC Anyang,2023-07-14,1,2,STATUS_FINAL,A,,,2026-07-25T03:23:35Z,2026-07-25T03:23:35Z
39630,kl2_2023_134,kor.2,,,Seongnam FC,Bucheon FC 1995,2023-07-17,0,1,STATUS_FINAL,A,,,2026-07-25T03:23:35Z,2026-07-25T03:23:35Z
39631,kl2_2023_135,kor.2,,,Seongnam FC,Busan IPark,2023-07-20,1,3,STATUS_FINAL,A,,,2026-07-25T03:23:35Z,2026-07-25T03:23:35Z
39632,kl2_2023_136,kor.2,,,Seongnam FC,Cheonan City,2023-07-23,2,0,STATUS_FINAL,H,,,2026-07-25T03:23:35Z,2026-07-25T03:23:35Z
39633,kl2_2023_137,kor.2,,,Seongnam FC,Chungbuk Cheongju,2023-07-26,3,2,STATUS_FINAL,H,,,2026-07-25T03:23:35Z,2026-07-25T03:23:35Z
39634,kl2_2023_138,kor.2,,,Seongnam FC,Chungnam Asan,2023-07-29,0,0,STATUS_FINAL,D,,,2026-07-25T03:23:35Z,2026-07-25T03:23:35Z
39635,kl2_2023_139,kor.2,,,Seongnam FC,Gimcheon Sangmu,2023-08-01,2,2,STATUS_FINAL,D,,,2026-07-25T03:23:35Z,2026-07-25T03:23:35Z
39636,kl2_2023_140,kor.2,,,Seongnam FC,Gimpo FC,2023-08-04,0,0,STATUS_FINAL,D,,,2026-07-25T03:23:35Z,2026-07-25T03:23:35Z
39637,kl2_2023_141,kor.2,,,Seongnam FC,Gyeongnam FC,2023-08-07,1,1,STATUS_FINAL,D,,,2026-07-25T03:23:35Z,2026-07-25T03:23:35Z
39638,kl2_2023_142,kor.2,,,Seongnam FC,Jeonnam Dragons,2023-08-10,2,1,STATUS_FINAL,H,,,2026-07-25T03:23:35Z,2026-07-25T03:23:35Z
39639,kl2_2023_143,kor.2,,,Seongnam FC,Seoul E-Land,2023-08-13,1,2,STATUS_FINAL,A,,,2026-07-25T03:23:35Z,2026-07-25T03:23:35Z
39640,kl2_2023_144,kor.2,,,Seoul E-Land,Ansan Greeners,2023-08-16,4,1,STATUS_FINAL,H,,,2026-07-25T03:23:35Z,2026-07-25T03:23:35Z
39641,kl2_2023_145,kor.2,,,Seoul E-Land,FC Anyang,2023-08-19,1,2,STATUS_FINAL,A,,,2026-07-25T03:23:35Z,2026-07-25T03:23:35Z
39642,kl2_2023_146,kor.2,,,Seoul E-Land,Bucheon FC 1995,2023-08-22,2,0,STATUS_FINAL,H,,,2026-07-25T03:23:35Z,2026-07-25T03:23:35Z
39643,kl2_2023_147,kor.2,,,Seoul E-Land,Busan IPark,2023-08-25,1,2,STATUS_FINAL,A,,,2026-07-25T03:23:35Z,2026-07-25T03:23:35Z
39644,kl2_2023_148,kor.2,,,Seoul E-Land,Cheonan City,2023-08-28,3,2,STATUS_FINAL,H,,,2026-07-25T03:23:35Z,2026-07-25T03:23:35Z
39645,kl2_2023_149,kor.2,,,Seoul E-Land,Chungbuk Cheongju,2023-08-31,2,3,STATUS_FINAL,A,,,2026-07-25T03:23:35Z,2026-07-25T03:23:35Z
39646,kl2_2023_150,kor.2,,,Seoul E-Land,Chungnam Asan,2023-09-03,0,0,STATUS_FINAL,D,,,2026-07-25T03:23:35Z,2026-07-25T03:23:35Z
39647,kl2_2023_151,kor.2,,,Seoul E-Land,Gimcheon Sangmu,2023-09-06,0,1,STATUS_FINAL,A,,,2026-07-25T03:23:35Z,2026-07-25T03:23:35Z
39648,kl2_2023_152,kor.2,,,Seoul E-Land,Gimpo FC,2023-09-09,0,1,STATUS_FINAL,A,,,2026-07-25T03:23:35Z,2026-07-25T03:23:35Z
39649,kl2_2023_153,kor.2,,,Seoul E-Land,Gyeongnam FC,2023-09-12,1,2,STATUS_FINAL,A,,,2026-07-25T03:23:35Z,2026-07-25T03:23:35Z
39650,kl2_2023_154,kor.2,,,Seoul E-Land,Jeonnam Dragons,2023-09-15,0,1,STATUS_FINAL,A,,,2026-07-25T03:23:35Z,2026-07-25T03:23:35Z
39651,kl2_2023_155,kor.2,,,Seoul E-Land,Seongnam FC,2023-09-18,1,2,STATUS_FINAL,A,,,2026-07-25T03:23:35Z,2026-07-25T03:23:35Z
39652,kl2_2024_000,kor.2,,,Ansan Greeners,FC Anyang,2024-03-02,3,2,STATUS_FINAL,H,,,2026-07-25T03:23:35Z,2026-07-25T03:23:35Z
39653,kl2_2024_001,kor.2,,,Ansan Greeners,Bucheon FC 1995,2024-03-05,2,1,STATUS_FINAL,H,,,2026-07-25T03:23:35Z,2026-07-25T03:23:35Z
39654,kl2_2024_002,kor.2,,,Ansan Greeners,Busan IPark,2024-03-08,1,0,STATUS_FINAL,H,,,2026-07-25T03:23:35Z,2026-07-25T03:23:35Z
39655,kl2_2024_003,kor.2,,,Ansan Greeners,Cheonan City,2024-03-11,1,2,STATUS_FINAL,A,,,2026-07-25T03:23:35Z,2026-07-25T03:23:35Z
39656,kl2_2024_004,kor.2,,,Ansan Greeners,Chungbuk Cheongju,2024-03-14,0,0,STATUS_FINAL,D,,,2026-07-25T03:23:35Z,2026-07-25T03:23:35Z
39657,kl2_2024_005,kor.2,,,Ansan Greeners,Chungnam Asan,2024-03-17,1,0,STATUS_FINAL,H,,,2026-07-25T03:23:35Z,2026-07-25T03:23:35Z
39658,kl2_2024_006,kor.2,,,Ansan Greeners,Gimpo FC,2024-03-20,1,2,STATUS_FINAL,A,,,2026-07-25T03:23:35Z,2026-07-25T03:23:35Z
39659,kl2_2024_007,kor.2,,,Ansan Greeners,Gyeongnam FC,2024-03-23,1,2,STATUS_FINAL,A,,,2026-07-25T03:23:35Z,2026-07-25T03:23:35Z
39660,kl2_2024_008,kor.2,,,Ansan Greeners,Jeonnam Dragons,2024-03-26,1,2,STATUS_FINAL,A,,,2026-07-25T03:23:35Z,2026-07-25T03:23:35Z
39661,kl2_2024_009,kor.2,,,Ansan Greeners,Seongnam FC,2024-03-29,0,1,STATUS_FINAL,A,,,2026-07-25T03:23:35Z,2026-07-25T03:23:35Z
39662,kl2_2024_010,kor.2,,,Ansan Greeners,Seoul E-Land,2024-04-01,0,3,STATUS_FINAL,A,,,2026-07-25T03:23:35Z,2026-07-25T03:23:35Z
39663,kl2_2024_011,kor.2,,,Ansan Greeners,Suwon Samsung Bluewings,2024-04-04,0,1,STATUS_FINAL,A,,,2026-07-25T03:23:35Z,2026-07-25T03:23:35Z
39664,kl2_2024_012,kor.2,,,FC Anyang,Ansan Greeners,2024-04-07,1,0,STATUS_FINAL,H,,,2026-07-25T03:23:35Z,2026-07-25T03:23:35Z
39665,kl2_2024_013,kor.2,,,FC Anyang,Bucheon FC 1995,2024-04-10,3,0,STATUS_FINAL,H,,,2026-07-25T03:23:35Z,2026-07-25T03:23:35Z
39666,kl2_2024_014,kor.2,,,FC Anyang,Busan IPark,2024-04-13,0,2,STATUS_FINAL,A,,,2026-07-25T03:23:35Z,2026-07-25T03:23:35Z
39667,kl2_2024_015,kor.2,,,FC Anyang,Cheonan City,2024-04-16,3,0,STATUS_FINAL,H,,,2026-07-25T03:23:35Z,2026-07-25T03:23:35Z
39668,kl2_2024_016,kor.2,,,FC Anyang,Chungbuk Cheongju,2024-04-19,2,0,STATUS_FINAL,H,,,2026-07-25T03:23:35Z,2026-07-25T03:23:35Z
39669,kl2_2024_017,kor.2,,,FC Anyang,Chungnam Asan,2024-04-22,1,0,STATUS_FINAL,H,,,2026-07-25T03:23:35Z,2026-07-25T03:23:35Z
39670,kl2_2024_018,kor.2,,,FC Anyang,Gimpo FC,2024-04-25,0,0,STATUS_FINAL,D,,,2026-07-25T03:23:35Z,2026-07-25T03:23:35Z
39671,kl2_2024_019,kor.2,,,FC Anyang,Gyeongnam FC,2024-04-28,1,0,STATUS_FINAL,H,,,2026-07-25T03:23:35Z,2026-07-25T03:23:35Z
39672,kl2_2024_020,kor.2,,,FC Anyang,Jeonnam Dragons,2024-05-01,2,3,STATUS_FINAL,A,,,2026-07-25T03:23:35Z,2026-07-25T03:23:35Z
39673,kl2_2024_021,kor.2,,,FC Anyang,Seongnam FC,2024-05-04,2,0,STATUS_FINAL,H,,,2026-07-25T03:23:35Z,2026-07-25T03:23:35Z
39674,kl2_2024_022,kor.2,,,FC Anyang,Seoul E-Land,2024-05-07,2,1,STATUS_FINAL,H,,,2026-07-25T03:23:35Z,2026-07-25T03:23:35Z
39675,kl2_2024_023,kor.2,,,FC Anyang,Suwon Samsung Bluewings,2024-05-10,1,3,STATUS_FINAL,A,,,2026-07-25T03:23:35Z,2026-07-25T03:23:35Z
39676,kl2_2024_024,kor.2,,,Bucheon FC 1995,Ansan Greeners,2024-05-13,0,0,STATUS_FINAL,D,,,2026-07-25T03:23:35Z,2026-07-25T03:23:35Z
39677,kl2_2024_025,kor.2,,,Bucheon FC 1995,FC Anyang,2024-05-16,1,2,STATUS_FINAL,A,,,2026-07-25T03:23:35Z,2026-07-25T03:23:35Z
39678,kl2_2024_026,kor.2,,,Bucheon FC 1995,Busan IPark,2024-05-19,1,3,STATUS_FINAL,A,,,2026-07-25T03:23:35Z,2026-07-25T03:23:35Z
39679,kl2_2024_027,kor.2,,,Bucheon FC 1995,Cheonan City,2024-05-22,1,3,STATUS_FINAL,A,,,2026-07-25T03:23:35Z,2026-07-25T03:23:35Z
39680,kl2_2024_028,kor.2,,,Bucheon FC 1995,Chungbuk Cheongju,2024-05-25,0,4,STATUS_FINAL,A,,,2026-07-25T03:23:35Z,2026-07-25T03:23:35Z
39681,kl2_2024_029,kor.2,,,Bucheon FC 1995,Chungnam Asan,2024-05-28,3,0,STATUS_FINAL,H,,,2026-07-25T03:23:35Z,2026-07-25T03:23:35Z
39682,kl2_2024_030,kor.2,,,Bucheon FC 1995,Gimpo FC,2024-05-31,1,0,STATUS_FINAL,H,,,2026-07-25T03:23:35Z,2026-07-25T03:23:35Z
39683,kl2_2024_031,kor.2,,,Bucheon FC 1995,Gyeongnam FC,2024-06-03,2,0,STATUS_FINAL,H,,,2026-07-25T03:23:35Z,2026-07-25T03:23:35Z
39684,kl2_2024_032,kor.2,,,Bucheon FC 1995,Jeonnam Dragons,2024-06-06,3,4,STATUS_FINAL,A,,,2026-07-25T03:23:35Z,2026-07-25T03:23:35Z
39685,kl2_2024_033,kor.2,,,Bucheon FC 1995,Seongnam FC,2024-06-09,1,1,STATUS_FINAL,D,,,2026-07-25T03:23:35Z,2026-07-25T03:23:35Z
39686,kl2_2024_034,kor.2,,,Bucheon FC 1995,Seoul E-Land,2024-06-12,1,0,STATUS_FINAL,H,,,2026-07-25T03:23:35Z,2026-07-25T03:23:35Z
39687,kl2_2024_035,kor.2,,,Bucheon FC 1995,Suwon Samsung Bluewings,2024-06-15,0,3,STATUS_FINAL,A,,,2026-07-25T03:23:35Z,2026-07-25T03:23:35Z
39688,kl2_2024_036,kor.2,,,Busan IPark,Ansan Greeners,2024-06-18,2,1,STATUS_FINAL,H,,,2026-07-25T03:23:35Z,2026-07-25T03:23:35Z
39689,kl2_2024_037,kor.2,,,Busan IPark,FC Anyang,2024-06-21,3,4,STATUS_FINAL,A,,,2026-07-25T03:23:35Z,2026-07-25T03:23:35Z
39690,kl2_2024_038,kor.2,,,Busan IPark,Bucheon FC 1995,2024-06-24,2,2,STATUS_FINAL,D,,,2026-07-25T03:23:35Z,2026-07-25T03:23:35Z
39691,kl2_2024_039,kor.2,,,Busan IPark,Cheonan City,2024-06-27,2,3,STATUS_FINAL,A,,,2026-07-25T03:23:35Z,2026-07-25T03:23:35Z
39692,kl2_2024_040,kor.2,,,Busan IPark,Chungbuk Cheongju,2024-06-30,0,2,STATUS_FINAL,A,,,2026-07-25T03:23:35Z,2026-07-25T03:23:35Z
39693,kl2_2024_041,kor.2,,,Busan IPark,Chungnam Asan,2024-07-03,2,3,STATUS_FINAL,A,,,2026-07-25T03:23:35Z,2026-07-25T03:23:35Z
39694,kl2_2024_042,kor.2,,,Busan IPark,Gimpo FC,2024-07-06,0,1,STATUS_FINAL,A,,,2026-07-25T03:23:35Z,2026-07-25T03:23:35Z
39695,kl2_2024_043,kor.2,,,Busan IPark,Gyeongnam FC,2024-07-09,2,1,STATUS_FINAL,H,,,2026-07-25T03:23:35Z,2026-07-25T03:23:35Z
39696,kl2_2024_044,kor.2,,,Busan IPark,Jeonnam Dragons,2024-07-12,0,1,STATUS_FINAL,A,,,2026-07-25T03:23:35Z,2026-07-25T03:23:35Z
39697,kl2_2024_045,kor.2,,,Busan IPark,Seongnam FC,2024-07-15,2,2,STATUS_FINAL,D,,,2026-07-25T03:23:35Z,2026-07-25T03:23:35Z
39698,kl2_2024_046,kor.2,,,Busan IPark,Seoul E-Land,2024-07-18,0,3,STATUS_FINAL,A,,,2026-07-25T03:23:35Z,2026-07-25T03:23:35Z
39699,kl2_2024_047,kor.2,,,Busan IPark,Suwon Samsung Bluewings,2024-07-21,1,1,STATUS_FINAL,D,,,2026-07-25T03:23:35Z,2026-07-25T03:23:35Z
39700,kl2_2024_048,kor.2,,,Cheonan City,Ansan Greeners,2024-07-24,1,1,STATUS_FINAL,D,,,2026-07-25T03:23:35Z,2026-07-25T03:23:35Z
39701,kl2_2024_049,kor.2,,,Cheonan City,FC Anyang,2024-07-27,0,1,STATUS_FINAL,A,,,2026-07-25T03:23:35Z,2026-07-25T03:23:35Z
39702,kl2_2024_050,kor.2,,,Cheonan City,Bucheon FC 1995,2024-07-30,1,2,STATUS_FINAL,A,,,2026-07-25T03:23:35Z,2026-07-25T03:23:35Z
39703,kl2_2024_051,kor.2,,,Cheonan City,Busan IPark,2024-08-02,2,4,STATUS_FINAL,A,,,2026-07-25T03:23:35Z,2026-07-25T03:23:35Z
39704,kl2_2024_052,kor.2,,,Cheonan City,Chungbuk Cheongju,2024-08-05,1,2,STATUS_FINAL,A,,,2026-07-25T03:23:35Z,2026-07-25T03:23:35Z
39705,kl2_2024_053,kor.2,,,Cheonan City,Chungnam Asan,2024-08-08,0,1,STATUS_FINAL,A,,,2026-07-25T03:23:35Z,2026-07-25T03:23:35Z
39706,kl2_2024_054,kor.2,,,Cheonan City,Gimpo FC,2024-08-11,1,2,STATUS_FINAL,A,,,2026-07-25T03:23:35Z,2026-07-25T03:23:35Z
39707,kl2_2024_055,kor.2,,,Cheonan City,Gyeongnam FC,2024-08-14,2,2,STATUS_FINAL,D,,,2026-07-25T03:23:35Z,2026-07-25T03:23:35Z
39708,kl2_2024_056,kor.2,,,Cheonan City,Jeonnam Dragons,2024-08-17,1,0,STATUS_FINAL,H,,,2026-07-25T03:23:35Z,2026-07-25T03:23:35Z
39709,kl2_2024_057,kor.2,,,Cheonan City,Seongnam FC,2024-08-20,0,0,STATUS_FINAL,D,,,2026-07-25T03:23:35Z,2026-07-25T03:23:35Z
39710,kl2_2024_058,kor.2,,,Cheonan City,Seoul E-Land,2024-08-23,0,4,STATUS_FINAL,A,,,2026-07-25T03:23:35Z,2026-07-25T03:23:35Z
39711,kl2_2024_059,kor.2,,,Cheonan City,Suwon Samsung Bluewings,2024-08-26,1,2,STATUS_FINAL,A,,,2026-07-25T03:23:35Z,2026-07-25T03:23:35Z
39712,kl2_2024_060,kor.2,,,Chungbuk Cheongju,Ansan Greeners,2024-08-29,2,1,STATUS_FINAL,H,,,2026-07-25T03:23:35Z,2026-07-25T03:23:35Z
39713,kl2_2024_061,kor.2,,,Chungbuk Cheongju,FC Anyang,2024-09-01,1,1,STATUS_FINAL,D,,,2026-07-25T03:23:35Z,2026-07-25T03:23:35Z
39714,kl2_2024_062,kor.2,,,Chungbuk Cheongju,Bucheon FC 1995,2024-09-04,0,0,STATUS_FINAL,D,,,2026-07-25T03:23:35Z,2026-07-25T03:23:35Z
39715,kl2_2024_063,kor.2,,,Chungbuk Cheongju,Busan IPark,2024-09-07,0,0,STATUS_FINAL,D,,,2026-07-25T03:23:35Z,2026-07-25T03:23:35Z
39716,kl2_2024_064,kor.2,,,Chungbuk Cheongju,Cheonan City,2024-09-10,1,1,STATUS_FINAL,D,,,2026-07-25T03:23:35Z,2026-07-25T03:23:35Z
39717,kl2_2024_065,kor.2,,,Chungbuk Cheongju,Chungnam Asan,2024-09-13,0,3,STATUS_FINAL,A,,,2026-07-25T03:23:35Z,2026-07-25T03:23:35Z
39718,kl2_2024_066,kor.2,,,Chungbuk Cheongju,Gimpo FC,2024-09-16,0,0,STATUS_FINAL,D,,,2026-07-25T03:23:35Z,2026-07-25T03:23:35Z
39719,kl2_2024_067,kor.2,,,Chungbuk Cheongju,Gyeongnam FC,2024-09-19,1,0,STATUS_FINAL,H,,,2026-07-25T03:23:35Z,2026-07-25T03:23:35Z
39720,kl2_2024_068,kor.2,,,Chungbuk Cheongju,Jeonnam Dragons,2024-09-22,1,0,STATUS_FINAL,H,,,2026-07-25T03:23:35Z,2026-07-25T03:23:35Z
39721,kl2_2024_069,kor.2,,,Chungbuk Cheongju,Seongnam FC,2024-09-25,1,1,STATUS_FINAL,D,,,2026-07-25T03:23:35Z,2026-07-25T03:23:35Z
39722,kl2_2024_070,kor.2,,,Chungbuk Cheongju,Seoul E-Land,2024-09-28,2,3,STATUS_FINAL,A,,,2026-07-25T03:23:35Z,2026-07-25T03:23:35Z
39723,kl2_2024_071,kor.2,,,Chungbuk Cheongju,Suwon Samsung Bluewings,2024-10-01,0,1,STATUS_FINAL,A,,,2026-07-25T03:23:35Z,2026-07-25T03:23:35Z
39724,kl2_2024_072,kor.2,,,Chungnam Asan,Ansan Greeners,2024-10-04,2,0,STATUS_FINAL,H,,,2026-07-25T03:23:35Z,2026-07-25T03:23:35Z
39725,kl2_2024_073,kor.2,,,Chungnam Asan,FC Anyang,2024-10-07,1,1,STATUS_FINAL,D,,,2026-07-25T03:23:35Z,2026-07-25T03:23:35Z
39726,kl2_2024_074,kor.2,,,Chungnam Asan,Bucheon FC 1995,2024-10-10,1,1,STATUS_FINAL,D,,,2026-07-25T03:23:35Z,2026-07-25T03:23:35Z
39727,kl2_2024_075,kor.2,,,Chungnam Asan,Busan IPark,2024-10-13,0,0,STATUS_FINAL,D,,,2026-07-25T03:23:35Z,2026-07-25T03:23:35Z
39728,kl2_2024_076,kor.2,,,Chungnam Asan,Cheonan City,2024-10-16,2,2,STATUS_FINAL,D,,,2026-07-25T03:23:35Z,2026-07-25T03:23:35Z
39729,kl2_2024_077,kor.2,,,Chungnam Asan,Chungbuk Cheongju,2024-10-19,4,1,STATUS_FINAL,H,,,2026-07-25T03:23:35Z,2026-07-25T03:23:35Z
39730,kl2_2024_078,kor.2,,,Chungnam Asan,Gimpo FC,2024-10-22,1,2,STATUS_FINAL,A,,,2026-07-25T03:23:35Z,2026-07-25T03:23:35Z
39731,kl2_2024_079,kor.2,,,Chungnam Asan,Gyeongnam FC,2024-10-25,4,0,STATUS_FINAL,H,,,2026-07-25T03:23:35Z,2026-07-25T03:23:35Z
39732,kl2_2024_080,kor.2,,,Chungnam Asan,Jeonnam Dragons,2024-10-28,1,1,STATUS_FINAL,D,,,2026-07-25T03:23:35Z,2026-07-25T03:23:35Z
39733,kl2_2024_081,kor.2,,,Chungnam Asan,Seongnam FC,2024-10-31,1,1,STATUS_FINAL,D,,,2026-07-25T03:23:35Z,2026-07-25T03:23:35Z
39734,kl2_2024_082,kor.2,,,Chungnam Asan,Seoul E-Land,2024-11-03,2,0,STATUS_FINAL,H,,,2026-07-25T03:23:35Z,2026-07-25T03:23:35Z
39735,kl2_2024_083,kor.2,,,Chungnam Asan,Suwon Samsung Bluewings,2024-11-06,1,0,STATUS_FINAL,H,,,2026-07-25T03:23:35Z,2026-07-25T03:23:35Z
39736,kl2_2024_084,kor.2,,,Gimpo FC,Ansan Greeners,2024-11-09,1,0,STATUS_FINAL,H,,,2026-07-25T03:23:35Z,2026-07-25T03:23:35Z
39737,kl2_2024_085,kor.2,,,Gimpo FC,FC Anyang,2024-11-12,0,1,STATUS_FINAL,A,,,2026-07-25T03:23:35Z,2026-07-25T03:23:35Z
39738,kl2_2024_086,kor.2,,,Gimpo FC,Bucheon FC 1995,2024-11-15,0,1,STATUS_FINAL,A,,,2026-07-25T03:23:35Z,2026-07-25T03:23:35Z
39739,kl2_2024_087,kor.2,,,Gimpo FC,Busan IPark,2024-11-18,1,0,STATUS_FINAL,H,,,2026-07-25T03:23:35Z,2026-07-25T03:23:35Z
39740,kl2_2024_088,kor.2,,,Gimpo FC,Cheonan City,2024-11-21,1,1,STATUS_FINAL,D,,,2026-07-25T03:23:35Z,2026-07-25T03:23:35Z
39741,kl2_2024_089,kor.2,,,Gimpo FC,Chungbuk Cheongju,2024-11-24,1,1,STATUS_FINAL,D,,,2026-07-25T03:23:35Z,2026-07-25T03:23:35Z
39742,kl2_2024_090,kor.2,,,Gimpo FC,Chungnam Asan,2024-11-27,3,3,STATUS_FINAL,D,,,2026-07-25T03:23:35Z,2026-07-25T03:23:35Z
39743,kl2_2024_091,kor.2,,,Gimpo FC,Gyeongnam FC,2024-11-30,2,2,STATUS_FINAL,D,,,2026-07-25T03:23:35Z,2026-07-25T03:23:35Z
39744,kl2_2024_092,kor.2,,,Gimpo FC,Jeonnam Dragons,2024-12-03,1,2,STATUS_FINAL,A,,,2026-07-25T03:23:35Z,2026-07-25T03:23:35Z
39745,kl2_2024_093,kor.2,,,Gimpo FC,Seongnam FC,2024-12-06,2,1,STATUS_FINAL,H,,,2026-07-25T03:23:35Z,2026-07-25T03:23:35Z
39746,kl2_2024_094,kor.2,,,Gimpo FC,Seoul E-Land,2024-12-09,2,5,STATUS_FINAL,A,,,2026-07-25T03:23:35Z,2026-07-25T03:23:35Z
39747,kl2_2024_095,kor.2,,,Gimpo FC,Suwon Samsung Bluewings,2024-12-12,1,1,STATUS_FINAL,D,,,2026-07-25T03:23:35Z,2026-07-25T03:23:35Z
39748,kl2_2024_096,kor.2,,,Gyeongnam FC,Ansan Greeners,2024-12-15,2,0,STATUS_FINAL,H,,,2026-07-25T03:23:35Z,2026-07-25T03:23:35Z
39749,kl2_2024_097,kor.2,,,Gyeongnam FC,FC Anyang,2024-12-18,0,0,STATUS_FINAL,D,,,2026-07-25T03:23:35Z,2026-07-25T03:23:35Z
39750,kl2_2024_098,kor.2,,,Gyeongnam FC,Bucheon FC 1995,2024-12-21,2,2,STATUS_FINAL,D,,,2026-07-25T03:23:35Z,2026-07-25T03:23:35Z
39751,kl2_2024_099,kor.2,,,Gyeongnam FC,Busan IPark,2024-12-24,1,4,STATUS_FINAL,A,,,2026-07-25T03:23:35Z,2026-07-25T03:23:35Z
39752,kl2_2024_100,kor.2,,,Gyeongnam FC,Cheonan City,2024-12-27,3,3,STATUS_FINAL,D,,,2026-07-25T03:23:35Z,2026-07-25T03:23:35Z
39753,kl2_2024_101,kor.2,,,Gyeongnam FC,Chungbuk Cheongju,2024-12-30,1,1,STATUS_FINAL,D,,,2026-07-25T03:23:35Z,2026-07-25T03:23:35Z
39754,kl2_2024_102,kor.2,,,Gyeongnam FC,Chungnam Asan,2024-03-04,1,2,STATUS_FINAL,A,,,2026-07-25T03:23:35Z,2026-07-25T03:23:35Z
39755,kl2_2024_103,kor.2,,,Gyeongnam FC,Gimpo FC,2024-03-07,1,3,STATUS_FINAL,A,,,2026-07-25T03:23:35Z,2026-07-25T03:23:35Z
39756,kl2_2024_104,kor.2,,,Gyeongnam FC,Jeonnam Dragons,2024-03-10,2,4,STATUS_FINAL,A,,,2026-07-25T03:23:35Z,2026-07-25T03:23:35Z
39757,kl2_2024_105,kor.2,,,Gyeongnam FC,Seongnam FC,2024-03-13,1,2,STATUS_FINAL,A,,,2026-07-25T03:23:35Z,2026-07-25T03:23:35Z
39758,kl2_2024_106,kor.2,,,Gyeongnam FC,Seoul E-Land,2024-03-16,2,1,STATUS_FINAL,H,,,2026-07-25T03:23:35Z,2026-07-25T03:23:35Z
39759,kl2_2024_107,kor.2,,,Gyeongnam FC,Suwon Samsung Bluewings,2024-03-19,0,0,STATUS_FINAL,D,,,2026-07-25T03:23:35Z,2026-07-25T03:23:35Z
39760,kl2_2024_108,kor.2,,,Jeonnam Dragons,Ansan Greeners,2024-03-22,1,1,STATUS_FINAL,D,,,2026-07-25T03:23:35Z,2026-07-25T03:23:35Z
39761,kl2_2024_109,kor.2,,,Jeonnam Dragons,FC Anyang,2024-03-25,1,2,STATUS_FINAL,A,,,2026-07-25T03:23:35Z,2026-07-25T03:23:35Z
39762,kl2_2024_110,kor.2,,,Jeonnam Dragons,Bucheon FC 1995,2024-03-28,1,1,STATUS_FINAL,D,,,2026-07-25T03:23:35Z,2026-07-25T03:23:35Z
39763,kl2_2024_111,kor.2,,,Jeonnam Dragons,Busan IPark,2024-03-31,2,3,STATUS_FINAL,A,,,2026-07-25T03:23:35Z,2026-07-25T03:23:35Z
39764,kl2_2024_112,kor.2,,,Jeonnam Dragons,Cheonan City,2024-04-03,1,0,STATUS_FINAL,H,,,2026-07-25T03:23:35Z,2026-07-25T03:23:35Z
39765,kl2_2024_113,kor.2,,,Jeonnam Dragons,Chungbuk Cheongju,2024-04-06,1,1,STATUS_FINAL,D,,,2026-07-25T03:23:35Z,2026-07-25T03:23:35Z
39766,kl2_2024_114,kor.2,,,Jeonnam Dragons,Chungnam Asan,2024-04-09,3,2,STATUS_FINAL,H,,,2026-07-25T03:23:35Z,2026-07-25T03:23:35Z
39767,kl2_2024_115,kor.2,,,Jeonnam Dragons,Gimpo FC,2024-04-12,4,0,STATUS_FINAL,H,,,2026-07-25T03:23:35Z,2026-07-25T03:23:35Z
39768,kl2_2024_116,kor.2,,,Jeonnam Dragons,Gyeongnam FC,2024-04-15,1,3,STATUS_FINAL,A,,,2026-07-25T03:23:35Z,2026-07-25T03:23:35Z
39769,kl2_2024_117,kor.2,,,Jeonnam Dragons,Seongnam FC,2024-04-18,2,0,STATUS_FINAL,H,,,2026-07-25T03:23:35Z,2026-07-25T03:23:35Z
39770,kl2_2024_118,kor.2,,,Jeonnam Dragons,Seoul E-Land,2024-04-21,2,2,STATUS_FINAL,D,,,2026-07-25T03:23:35Z,2026-07-25T03:23:35Z
39771,kl2_2024_119,kor.2,,,Jeonnam Dragons,Suwon Samsung Bluewings,2024-04-24,1,1,STATUS_FINAL,D,,,2026-07-25T03:23:35Z,2026-07-25T03:23:35Z
39772,kl2_2024_120,kor.2,,,Seongnam FC,Ansan Greeners,2024-04-27,1,3,STATUS_FINAL,A,,,2026-07-25T03:23:35Z,2026-07-25T03:23:35Z
39773,kl2_2024_121,kor.2,,,Seongnam FC,FC Anyang,2024-04-30,3,1,STATUS_FINAL,H,,,2026-07-25T03:23:35Z,2026-07-25T03:23:35Z
39774,kl2_2024_122,kor.2,,,Seongnam FC,Bucheon FC 1995,2024-05-03,0,1,STATUS_FINAL,A,,,2026-07-25T03:23:35Z,2026-07-25T03:23:35Z
39775,kl2_2024_123,kor.2,,,Seongnam FC,Busan IPark,2024-05-06,0,1,STATUS_FINAL,A,,,2026-07-25T03:23:35Z,2026-07-25T03:23:35Z
39776,kl2_2024_124,kor.2,,,Seongnam FC,Cheonan City,2024-05-09,0,2,STATUS_FINAL,A,,,2026-07-25T03:23:35Z,2026-07-25T03:23:35Z
39777,kl2_2024_125,kor.2,,,Seongnam FC,Chungbuk Cheongju,2024-05-12,1,2,STATUS_FINAL,A,,,2026-07-25T03:23:35Z,2026-07-25T03:23:35Z
39778,kl2_2024_126,kor.2,,,Seongnam FC,Chungnam Asan,2024-05-15,0,4,STATUS_FINAL,A,,,2026-07-25T03:23:35Z,2026-07-25T03:23:35Z
39779,kl2_2024_127,kor.2,,,Seongnam FC,Gimpo FC,2024-05-18,2,1,STATUS_FINAL,H,,,2026-07-25T03:23:35Z,2026-07-25T03:23:35Z
39780,kl2_2024_128,kor.2,,,Seongnam FC,Gyeongnam FC,2024-05-21,1,4,STATUS_FINAL,A,,,2026-07-25T03:23:35Z,2026-07-25T03:23:35Z
39781,kl2_2024_129,kor.2,,,Seongnam FC,Jeonnam Dragons,2024-05-24,1,2,STATUS_FINAL,A,,,2026-07-25T03:23:35Z,2026-07-25T03:23:35Z
39782,kl2_2024_130,kor.2,,,Seongnam FC,Seoul E-Land,2024-05-27,2,2,STATUS_FINAL,D,,,2026-07-25T03:23:35Z,2026-07-25T03:23:35Z
39783,kl2_2024_131,kor.2,,,Seongnam FC,Suwon Samsung Bluewings,2024-05-30,2,1,STATUS_FINAL,H,,,2026-07-25T03:23:35Z,2026-07-25T03:23:35Z
39784,kl2_2024_132,kor.2,,,Seoul E-Land,Ansan Greeners,2024-06-02,0,3,STATUS_FINAL,A,,,2026-07-25T03:23:35Z,2026-07-25T03:23:35Z
39785,kl2_2024_133,kor.2,,,Seoul E-Land,FC Anyang,2024-06-05,1,2,STATUS_FINAL,A,,,2026-07-25T03:23:35Z,2026-07-25T03:23:35Z
39786,kl2_2024_134,kor.2,,,Seoul E-Land,Bucheon FC 1995,2024-06-08,1,1,STATUS_FINAL,D,,,2026-07-25T03:23:35Z,2026-07-25T03:23:35Z
39787,kl2_2024_135,kor.2,,,Seoul E-Land,Busan IPark,2024-06-11,2,1,STATUS_FINAL,H,,,2026-07-25T03:23:35Z,2026-07-25T03:23:35Z
39788,kl2_2024_136,kor.2,,,Seoul E-Land,Cheonan City,2024-06-14,3,4,STATUS_FINAL,A,,,2026-07-25T03:23:35Z,2026-07-25T03:23:35Z
39789,kl2_2024_137,kor.2,,,Seoul E-Land,Chungbuk Cheongju,2024-06-17,1,1,STATUS_FINAL,D,,,2026-07-25T03:23:35Z,2026-07-25T03:23:35Z
39790,kl2_2024_138,kor.2,,,Seoul E-Land,Chungnam Asan,2024-06-20,5,0,STATUS_FINAL,H,,,2026-07-25T03:23:35Z,2026-07-25T03:23:35Z
39791,kl2_2024_139,kor.2,,,Seoul E-Land,Gimpo FC,2024-06-23,1,1,STATUS_FINAL,D,,,2026-07-25T03:23:35Z,2026-07-25T03:23:35Z
39792,kl2_2024_140,kor.2,,,Seoul E-Land,Gyeongnam FC,2024-06-26,2,1,STATUS_FINAL,H,,,2026-07-25T03:23:35Z,2026-07-25T03:23:35Z
39793,kl2_2024_141,kor.2,,,Seoul E-Land,Jeonnam Dragons,2024-06-29,1,2,STATUS_FINAL,A,,,2026-07-25T03:23:35Z,2026-07-25T03:23:35Z
39794,kl2_2024_142,kor.2,,,Seoul E-Land,Seongnam FC,2024-07-02,3,1,STATUS_FINAL,H,,,2026-07-25T03:23:35Z,2026-07-25T03:23:35Z
39795,kl2_2024_143,kor.2,,,Seoul E-Land,Suwon Samsung Bluewings,2024-07-05,2,1,STATUS_FINAL,H,,,2026-07-25T03:23:35Z,2026-07-25T03:23:35Z
39796,kl2_2024_144,kor.2,,,Suwon Samsung Bluewings,Ansan Greeners,2024-07-08,1,1,STATUS_FINAL,D,,,2026-07-25T03:23:35Z,2026-07-25T03:23:35Z
39797,kl2_2024_145,kor.2,,,Suwon Samsung Bluewings,FC Anyang,2024-07-11,2,1,STATUS_FINAL,H,,,2026-07-25T03:23:35Z,2026-07-25T03:23:35Z
39798,kl2_2024_146,kor.2,,,Suwon Samsung Bluewings,Bucheon FC 1995,2024-07-14,0,1,STATUS_FINAL,A,,,2026-07-25T03:23:35Z,2026-07-25T03:23:35Z
39799,kl2_2024_147,kor.2,,,Suwon Samsung Bluewings,Busan IPark,2024-07-17,0,1,STATUS_FINAL,A,,,2026-07-25T03:23:35Z,2026-07-25T03:23:35Z
39800,kl2_2024_148,kor.2,,,Suwon Samsung Bluewings,Cheonan City,2024-07-20,0,1,STATUS_FINAL,A,,,2026-07-25T03:23:35Z,2026-07-25T03:23:35Z
39801,kl2_2024_149,kor.2,,,Suwon Samsung Bluewings,Chungbuk Cheongju,2024-07-23,0,0,STATUS_FINAL,D,,,2026-07-25T03:23:35Z,2026-07-25T03:23:35Z
39802,kl2_2024_150,kor.2,,,Suwon Samsung Bluewings,Chungnam Asan,2024-07-26,2,1,STATUS_FINAL,H,,,2026-07-25T03:23:35Z,2026-07-25T03:23:35Z
39803,kl2_2024_151,kor.2,,,Suwon Samsung Bluewings,Gimpo FC,2024-07-29,2,1,STATUS_FINAL,H,,,2026-07-25T03:23:35Z,2026-07-25T03:23:35Z
39804,kl2_2024_152,kor.2,,,Suwon Samsung Bluewings,Gyeongnam FC,2024-08-01,1,1,STATUS_FINAL,D,,,2026-07-25T03:23:35Z,2026-07-25T03:23:35Z
39805,kl2_2024_153,kor.2,,,Suwon Samsung Bluewings,Jeonnam Dragons,2024-08-04,5,1,STATUS_FINAL,H,,,2026-07-25T03:23:35Z,2026-07-25T03:23:35Z
39806,kl2_2024_154,kor.2,,,Suwon Samsung Bluewings,Seongnam FC,2024-08-07,3,0,STATUS_FINAL,H,,,2026-07-25T03:23:35Z,2026-07-25T03:23:35Z
39807,kl2_2024_155,kor.2,,,Suwon Samsung Bluewings,Seoul E-Land,2024-08-10,1,3,STATUS_FINAL,A,,,2026-07-25T03:23:35Z,2026-07-25T03:23:35Z
39808,kl_kl1_2022_en_000,kor.1,,,Daegu&#8197;FC,Gangwon&#8197;FC,2022-02-19,3,0,STATUS_FINAL,H,,,2026-07-25T04:13:22Z,2026-07-25T04:13:22Z
39809,kl_kl1_2022_en_001,kor.1,,,Daegu&#8197;FC,Gimcheon&#8197;Sangmu,2022-02-23,1,0,STATUS_FINAL,H,,,2026-07-25T04:13:22Z,2026-07-25T04:13:22Z
39810,kl_kl1_2022_en_002,kor.1,,,Daegu&#8197;FC,Incheon&#8197;United,2022-02-27,1,2,STATUS_FINAL,A,,,2026-07-25T04:13:22Z,2026-07-25T04:13:22Z
39811,kl_kl1_2022_en_003,kor.1,,,Daegu&#8197;FC,Jeju&#8197;United,2022-03-03,1,0,STATUS_FINAL,H,,,2026-07-25T04:13:22Z,2026-07-25T04:13:22Z
39812,kl_kl1_2022_en_004,kor.1,,,Daegu&#8197;FC,Jeonbuk&#8197;Hyundai&#8197;Motors,2022-03-07,1,1,STATUS_FINAL,D,,,2026-07-25T04:13:22Z,2026-07-25T04:13:22Z
39813,kl_kl1_2022_en_005,kor.1,,,Daegu&#8197;FC,Pohang&#8197;Steelers,2022-03-11,2,2,STATUS_FINAL,D,,,2026-07-25T04:13:22Z,2026-07-25T04:13:22Z
39814,kl_kl1_2022_en_006,kor.1,,,Daegu&#8197;FC,Seongnam&#8197;FC,2022-03-15,3,1,STATUS_FINAL,H,,,2026-07-25T04:13:22Z,2026-07-25T04:13:22Z
39815,kl_kl1_2022_en_007,kor.1,,,Daegu&#8197;FC,FC&#8197;Seoul,2022-03-19,0,2,STATUS_FINAL,A,,,2026-07-25T04:13:22Z,2026-07-25T04:13:22Z
39816,kl_kl1_2022_en_008,kor.1,,,Daegu&#8197;FC,Suwon&#8197;Samsung&#8197;Bluewings,2022-03-23,3,0,STATUS_FINAL,H,,,2026-07-25T04:13:22Z,2026-07-25T04:13:22Z
39817,kl_kl1_2022_en_009,kor.1,,,Daegu&#8197;FC,Suwon&#8197;FC,2022-03-27,0,0,STATUS_FINAL,D,,,2026-07-25T04:13:22Z,2026-07-25T04:13:22Z
39818,kl_kl1_2022_en_010,kor.1,,,Daegu&#8197;FC,Ulsan&#8197;Hyundai,2022-03-31,1,1,STATUS_FINAL,D,,,2026-07-25T04:13:22Z,2026-07-25T04:13:22Z
39819,kl_kl1_2022_en_011,kor.1,,,Gangwon&#8197;FC,Daegu&#8197;FC,2022-04-04,2,0,STATUS_FINAL,H,,,2026-07-25T04:13:22Z,2026-07-25T04:13:22Z
39820,kl_kl1_2022_en_012,kor.1,,,Gangwon&#8197;FC,Gimcheon&#8197;Sangmu,2022-04-08,3,2,STATUS_FINAL,H,,,2026-07-25T04:13:22Z,2026-07-25T04:13:22Z
39821,kl_kl1_2022_en_013,kor.1,,,Gangwon&#8197;FC,Incheon&#8197;United,2022-04-12,0,1,STATUS_FINAL,A,,,2026-07-25T04:13:22Z,2026-07-25T04:13:22Z
39822,kl_kl1_2022_en_014,kor.1,,,Gangwon&#8197;FC,Jeju&#8197;United,2022-04-16,4,2,STATUS_FINAL,H,,,2026-07-25T04:13:22Z,2026-07-25T04:13:22Z
39823,kl_kl1_2022_en_015,kor.1,,,Gangwon&#8197;FC,Jeonbuk&#8197;Hyundai&#8197;Motors,2022-04-20,1,2,STATUS_FINAL,A,,,2026-07-25T04:13:22Z,2026-07-25T04:13:22Z
39824,kl_kl1_2022_en_016,kor.1,,,Gangwon&#8197;FC,Pohang&#8197;Steelers,2022-04-24,1,1,STATUS_FINAL,D,,,2026-07-25T04:13:22Z,2026-07-25T04:13:22Z
39825,kl_kl1_2022_en_017,kor.1,,,Gangwon&#8197;FC,Seongnam&#8197;FC,2022-04-28,2,0,STATUS_FINAL,H,,,2026-07-25T04:13:22Z,2026-07-25T04:13:22Z
39826,kl_kl1_2022_en_018,kor.1,,,Gangwon&#8197;FC,FC&#8197;Seoul,2022-05-02,1,0,STATUS_FINAL,H,,,2026-07-25T04:13:22Z,2026-07-25T04:13:22Z
39827,kl_kl1_2022_en_019,kor.1,,,Gangwon&#8197;FC,Suwon&#8197;Samsung&#8197;Bluewings,2022-05-06,1,1,STATUS_FINAL,D,,,2026-07-25T04:13:22Z,2026-07-25T04:13:22Z
39828,kl_kl1_2022_en_020,kor.1,,,Gangwon&#8197;FC,Suwon&#8197;FC,2022-05-10,0,2,STATUS_FINAL,A,,,2026-07-25T04:13:22Z,2026-07-25T04:13:22Z
39829,kl_kl1_2022_en_021,kor.1,,,Gangwon&#8197;FC,Ulsan&#8197;Hyundai,2022-05-14,1,3,STATUS_FINAL,A,,,2026-07-25T04:13:22Z,2026-07-25T04:13:22Z
39830,kl_kl1_2022_en_022,kor.1,,,Gimcheon&#8197;Sangmu,Daegu&#8197;FC,2022-05-18,1,1,STATUS_FINAL,D,,,2026-07-25T04:13:22Z,2026-07-25T04:13:22Z
39831,kl_kl1_2022_en_023,kor.1,,,Gimcheon&#8197;Sangmu,Gangwon&#8197;FC,2022-05-22,1,0,STATUS_FINAL,H,,,2026-07-25T04:13:22Z,2026-07-25T04:13:22Z
39832,kl_kl1_2022_en_024,kor.1,,,Gimcheon&#8197;Sangmu,Incheon&#8197;United,2022-05-26,0,1,STATUS_FINAL,A,,,2026-07-25T04:13:22Z,2026-07-25T04:13:22Z
39833,kl_kl1_2022_en_025,kor.1,,,Gimcheon&#8197;Sangmu,Jeju&#8197;United,2022-05-30,4,0,STATUS_FINAL,H,,,2026-07-25T04:13:22Z,2026-07-25T04:13:22Z
39834,kl_kl1_2022_en_026,kor.1,,,Gimcheon&#8197;Sangmu,Jeonbuk&#8197;Hyundai&#8197;Motors,2022-06-03,1,2,STATUS_FINAL,A,,,2026-07-25T04:13:22Z,2026-07-25T04:13:22Z
39835,kl_kl1_2022_en_027,kor.1,,,Gimcheon&#8197;Sangmu,Pohang&#8197;Steelers,2022-06-07,3,2,STATUS_FINAL,H,,,2026-07-25T04:13:22Z,2026-07-25T04:13:22Z
39836,kl_kl1_2022_en_028,kor.1,,,Gimcheon&#8197;Sangmu,Seongnam&#8197;FC,2022-06-11,1,1,STATUS_FINAL,D,,,2026-07-25T04:13:22Z,2026-07-25T04:13:22Z
39837,kl_kl1_2022_en_029,kor.1,,,Gimcheon&#8197;Sangmu,FC&#8197;Seoul,2022-06-15,2,0,STATUS_FINAL,H,,,2026-07-25T04:13:22Z,2026-07-25T04:13:22Z
39838,kl_kl1_2022_en_030,kor.1,,,Gimcheon&#8197;Sangmu,Suwon&#8197;Samsung&#8197;Bluewings,2022-06-19,1,1,STATUS_FINAL,D,,,2026-07-25T04:13:22Z,2026-07-25T04:13:22Z
39839,kl_kl1_2022_en_031,kor.1,,,Gimcheon&#8197;Sangmu,Suwon&#8197;FC,2022-06-23,0,1,STATUS_FINAL,A,,,2026-07-25T04:13:22Z,2026-07-25T04:13:22Z
39840,kl_kl1_2022_en_032,kor.1,,,Gimcheon&#8197;Sangmu,Ulsan&#8197;Hyundai,2022-06-27,0,2,STATUS_FINAL,A,,,2026-07-25T04:13:22Z,2026-07-25T04:13:22Z
39841,kl_kl1_2022_en_033,kor.1,,,Incheon&#8197;United,Daegu&#8197;FC,2022-07-01,2,2,STATUS_FINAL,D,,,2026-07-25T04:13:22Z,2026-07-25T04:13:22Z
39842,kl_kl1_2022_en_034,kor.1,,,Incheon&#8197;United,Gangwon&#8197;FC,2022-07-05,4,1,STATUS_FINAL,H,,,2026-07-25T04:13:22Z,2026-07-25T04:13:22Z
39843,kl_kl1_2022_en_035,kor.1,,,Incheon&#8197;United,Gimcheon&#8197;Sangmu,2022-07-09,1,0,STATUS_FINAL,H,,,2026-07-25T04:13:22Z,2026-07-25T04:13:22Z
39844,kl_kl1_2022_en_036,kor.1,,,Incheon&#8197;United,Jeju&#8197;United,2022-07-13,2,2,STATUS_FINAL,D,,,2026-07-25T04:13:22Z,2026-07-25T04:13:22Z
39845,kl_kl1_2022_en_037,kor.1,,,Incheon&#8197;United,Jeonbuk&#8197;Hyundai&#8197;Motors,2022-07-17,0,1,STATUS_FINAL,A,,,2026-07-25T04:13:22Z,2026-07-25T04:13:22Z
39846,kl_kl1_2022_en_038,kor.1,,,Incheon&#8197;United,Pohang&#8197;Steelers,2022-07-21,0,1,STATUS_FINAL,A,,,2026-07-25T04:13:22Z,2026-07-25T04:13:22Z
39847,kl_kl1_2022_en_039,kor.1,,,Incheon&#8197;United,Seongnam&#8197;FC,2022-07-25,1,0,STATUS_FINAL,H,,,2026-07-25T04:13:22Z,2026-07-25T04:13:22Z
39848,kl_kl1_2022_en_040,kor.1,,,Incheon&#8197;United,FC&#8197;Seoul,2022-07-29,1,1,STATUS_FINAL,D,,,2026-07-25T04:13:22Z,2026-07-25T04:13:22Z
39849,kl_kl1_2022_en_041,kor.1,,,Incheon&#8197;United,Suwon&#8197;Samsung&#8197;Bluewings,2022-08-02,1,0,STATUS_FINAL,H,,,2026-07-25T04:13:22Z,2026-07-25T04:13:22Z
39850,kl_kl1_2022_en_042,kor.1,,,Incheon&#8197;United,Suwon&#8197;FC,2022-08-06,0,1,STATUS_FINAL,A,,,2026-07-25T04:13:22Z,2026-07-25T04:13:22Z
39851,kl_kl1_2022_en_043,kor.1,,,Incheon&#8197;United,Ulsan&#8197;Hyundai,2022-08-10,1,1,STATUS_FINAL,D,,,2026-07-25T04:13:22Z,2026-07-25T04:13:22Z
39852,kl_kl1_2022_en_044,kor.1,,,Jeju&#8197;United,Daegu&#8197;FC,2022-08-14,0,0,STATUS_FINAL,D,,,2026-07-25T04:13:22Z,2026-07-25T04:13:22Z
39853,kl_kl1_2022_en_045,kor.1,,,Jeju&#8197;United,Gangwon&#8197;FC,2022-08-18,0,0,STATUS_FINAL,D,,,2026-07-25T04:13:22Z,2026-07-25T04:13:22Z
39854,kl_kl1_2022_en_046,kor.1,,,Jeju&#8197;United,Gimcheon&#8197;Sangmu,2022-08-22,3,1,STATUS_FINAL,H,,,2026-07-25T04:13:22Z,2026-07-25T04:13:22Z
39855,kl_kl1_2022_en_047,kor.1,,,Jeju&#8197;United,Incheon&#8197;United,2022-08-26,2,1,STATUS_FINAL,H,,,2026-07-25T04:13:22Z,2026-07-25T04:13:22Z
39856,kl_kl1_2022_en_048,kor.1,,,Jeju&#8197;United,Jeonbuk&#8197;Hyundai&#8197;Motors,2022-08-30,2,0,STATUS_FINAL,H,,,2026-07-25T04:13:22Z,2026-07-25T04:13:22Z
39857,kl_kl1_2022_en_049,kor.1,,,Jeju&#8197;United,Pohang&#8197;Steelers,2022-09-03,0,3,STATUS_FINAL,A,,,2026-07-25T04:13:22Z,2026-07-25T04:13:22Z
39858,kl_kl1_2022_en_050,kor.1,,,Jeju&#8197;United,Seongnam&#8197;FC,2022-09-07,3,2,STATUS_FINAL,H,,,2026-07-25T04:13:22Z,2026-07-25T04:13:22Z
39859,kl_kl1_2022_en_051,kor.1,,,Jeju&#8197;United,FC&#8197;Seoul,2022-09-11,2,2,STATUS_FINAL,D,,,2026-07-25T04:13:22Z,2026-07-25T04:13:22Z
39860,kl_kl1_2022_en_052,kor.1,,,Jeju&#8197;United,Suwon&#8197;Samsung&#8197;Bluewings,2022-09-15,0,0,STATUS_FINAL,D,,,2026-07-25T04:13:22Z,2026-07-25T04:13:22Z
39861,kl_kl1_2022_en_053,kor.1,,,Jeju&#8197;United,Suwon&#8197;FC,2022-09-19,0,0,STATUS_FINAL,D,,,2026-07-25T04:13:22Z,2026-07-25T04:13:22Z
39862,kl_kl1_2022_en_054,kor.1,,,Jeju&#8197;United,Ulsan&#8197;Hyundai,2022-09-23,1,2,STATUS_FINAL,A,,,2026-07-25T04:13:22Z,2026-07-25T04:13:22Z
39863,kl_kl1_2022_en_055,kor.1,,,Jeonbuk&#8197;Hyundai&#8197;Motors,Daegu&#8197;FC,2022-09-27,1,1,STATUS_FINAL,D,,,2026-07-25T04:13:22Z,2026-07-25T04:13:22Z
39864,kl_kl1_2022_en_056,kor.1,,,Jeonbuk&#8197;Hyundai&#8197;Motors,Gangwon&#8197;FC,2022-10-01,1,1,STATUS_FINAL,D,,,2026-07-25T04:13:22Z,2026-07-25T04:13:22Z
39865,kl_kl1_2022_en_057,kor.1,,,Jeonbuk&#8197;Hyundai&#8197;Motors,Gimcheon&#8197;Sangmu,2022-10-05,1,1,STATUS_FINAL,D,,,2026-07-25T04:13:22Z,2026-07-25T04:13:22Z
39866,kl_kl1_2022_en_058,kor.1,,,Jeonbuk&#8197;Hyundai&#8197;Motors,Incheon&#8197;United,2022-10-09,2,2,STATUS_FINAL,D,,,2026-07-25T04:13:22Z,2026-07-25T04:13:22Z
39867,kl_kl1_2022_en_059,kor.1,,,Jeonbuk&#8197;Hyundai&#8197;Motors,Jeju&#8197;United,2022-10-13,0,2,STATUS_FINAL,A,,,2026-07-25T04:13:22Z,2026-07-25T04:13:22Z
39868,kl_kl1_2022_en_060,kor.1,,,Jeonbuk&#8197;Hyundai&#8197;Motors,Pohang&#8197;Steelers,2022-10-17,0,1,STATUS_FINAL,A,,,2026-07-25T04:13:22Z,2026-07-25T04:13:22Z
39869,kl_kl1_2022_en_061,kor.1,,,Jeonbuk&#8197;Hyundai&#8197;Motors,Seongnam&#8197;FC,2022-10-21,3,2,STATUS_FINAL,H,,,2026-07-25T04:13:22Z,2026-07-25T04:13:22Z
39870,kl_kl1_2022_en_062,kor.1,,,Jeonbuk&#8197;Hyundai&#8197;Motors,FC&#8197;Seoul,2022-10-25,1,1,STATUS_FINAL,D,,,2026-07-25T04:13:22Z,2026-07-25T04:13:22Z
39871,kl_kl1_2022_en_063,kor.1,,,Jeonbuk&#8197;Hyundai&#8197;Motors,Suwon&#8197;Samsung&#8197;Bluewings,2022-10-29,2,1,STATUS_FINAL,H,,,2026-07-25T04:13:22Z,2026-07-25T04:13:22Z
39872,kl_kl1_2022_en_064,kor.1,,,Jeonbuk&#8197;Hyundai&#8197;Motors,Suwon&#8197;FC,2022-02-22,1,0,STATUS_FINAL,H,,,2026-07-25T04:13:22Z,2026-07-25T04:13:22Z
39873,kl_kl1_2022_en_065,kor.1,,,Jeonbuk&#8197;Hyundai&#8197;Motors,Ulsan&#8197;Hyundai,2022-02-26,0,1,STATUS_FINAL,A,,,2026-07-25T04:13:22Z,2026-07-25T04:13:22Z
39874,kl_kl1_2022_en_066,kor.1,,,Pohang&#8197;Steelers,Daegu&#8197;FC,2022-03-02,1,1,STATUS_FINAL,D,,,2026-07-25T04:13:22Z,2026-07-25T04:13:22Z
39875,kl_kl1_2022_en_067,kor.1,,,Pohang&#8197;Steelers,Gangwon&#8197;FC,2022-03-06,3,1,STATUS_FINAL,H,,,2026-07-25T04:13:22Z,2026-07-25T04:13:22Z
39876,kl_kl1_2022_en_068,kor.1,,,Pohang&#8197;Steelers,Gimcheon&#8197;Sangmu,2022-03-10,1,1,STATUS_FINAL,D,,,2026-07-25T04:13:22Z,2026-07-25T04:13:22Z
39877,kl_kl1_2022_en_069,kor.1,,,Pohang&#8197;Steelers,Incheon&#8197;United,2022-03-14,2,0,STATUS_FINAL,H,,,2026-07-25T04:13:22Z,2026-07-25T04:13:22Z
39878,kl_kl1_2022_en_070,kor.1,,,Pohang&#8197;Steelers,Jeju&#8197;United,2022-03-18,1,1,STATUS_FINAL,D,,,2026-07-25T04:13:22Z,2026-07-25T04:13:22Z
39879,kl_kl1_2022_en_071,kor.1,,,Pohang&#8197;Steelers,Jeonbuk&#8197;Hyundai&#8197;Motors,2022-03-22,0,1,STATUS_FINAL,A,,,2026-07-25T04:13:22Z,2026-07-25T04:13:22Z
39880,kl_kl1_2022_en_072,kor.1,,,Pohang&#8197;Steelers,Seongnam&#8197;FC,2022-03-26,1,0,STATUS_FINAL,H,,,2026-07-25T04:13:22Z,2026-07-25T04:13:22Z
39881,kl_kl1_2022_en_073,kor.1,,,Pohang&#8197;Steelers,FC&#8197;Seoul,2022-03-30,1,1,STATUS_FINAL,D,,,2026-07-25T04:13:22Z,2026-07-25T04:13:22Z
39882,kl_kl1_2022_en_074,kor.1,,,Pohang&#8197;Steelers,Suwon&#8197;Samsung&#8197;Bluewings,2022-04-03,1,0,STATUS_FINAL,H,,,2026-07-25T04:13:22Z,2026-07-25T04:13:22Z
39883,kl_kl1_2022_en_075,kor.1,,,Pohang&#8197;Steelers,Suwon&#8197;FC,2022-04-07,2,0,STATUS_FINAL,H,,,2026-07-25T04:13:22Z,2026-07-25T04:13:22Z
39884,kl_kl1_2022_en_076,kor.1,,,Pohang&#8197;Steelers,Ulsan&#8197;Hyundai,2022-04-11,2,0,STATUS_FINAL,H,,,2026-07-25T04:13:22Z,2026-07-25T04:13:22Z
39885,kl_kl1_2022_en_077,kor.1,,,Seongnam&#8197;FC,Daegu&#8197;FC,2022-04-15,1,1,STATUS_FINAL,D,,,2026-07-25T04:13:22Z,2026-07-25T04:13:22Z
39886,kl_kl1_2022_en_078,kor.1,,,Seongnam&#8197;FC,Gangwon&#8197;FC,2022-04-19,0,2,STATUS_FINAL,A,,,2026-07-25T04:13:22Z,2026-07-25T04:13:22Z
39887,kl_kl1_2022_en_079,kor.1,,,Seongnam&#8197;FC,Gimcheon&#8197;Sangmu,2022-04-23,0,3,STATUS_FINAL,A,,,2026-07-25T04:13:22Z,2026-07-25T04:13:22Z
39888,kl_kl1_2022_en_080,kor.1,,,Seongnam&#8197;FC,Incheon&#8197;United,2022-04-27,0,1,STATUS_FINAL,A,,,2026-07-25T04:13:22Z,2026-07-25T04:13:22Z
39889,kl_kl1_2022_en_081,kor.1,,,Seongnam&#8197;FC,Jeju&#8197;United,2022-05-01,1,2,STATUS_FINAL,A,,,2026-07-25T04:13:22Z,2026-07-25T04:13:22Z
39890,kl_kl1_2022_en_082,kor.1,,,Seongnam&#8197;FC,Jeonbuk&#8197;Hyundai&#8197;Motors,2022-05-05,0,4,STATUS_FINAL,A,,,2026-07-25T04:13:22Z,2026-07-25T04:13:22Z
39891,kl_kl1_2022_en_083,kor.1,,,Seongnam&#8197;FC,Pohang&#8197;Steelers,2022-05-09,1,4,STATUS_FINAL,A,,,2026-07-25T04:13:22Z,2026-07-25T04:13:22Z
39892,kl_kl1_2022_en_084,kor.1,,,Seongnam&#8197;FC,FC&#8197;Seoul,2022-05-13,0,0,STATUS_FINAL,D,,,2026-07-25T04:13:22Z,2026-07-25T04:13:22Z
39893,kl_kl1_2022_en_085,kor.1,,,Seongnam&#8197;FC,Suwon&#8197;Samsung&#8197;Bluewings,2022-05-17,2,2,STATUS_FINAL,D,,,2026-07-25T04:13:22Z,2026-07-25T04:13:22Z
39894,kl_kl1_2022_en_086,kor.1,,,Seongnam&#8197;FC,Suwon&#8197;FC,2022-05-21,2,2,STATUS_FINAL,D,,,2026-07-25T04:13:22Z,2026-07-25T04:13:22Z
39895,kl_kl1_2022_en_087,kor.1,,,Seongnam&#8197;FC,Ulsan&#8197;Hyundai,2022-05-25,0,2,STATUS_FINAL,A,,,2026-07-25T04:13:22Z,2026-07-25T04:13:22Z
39896,kl_kl1_2022_en_088,kor.1,,,FC&#8197;Seoul,Daegu&#8197;FC,2022-05-29,2,1,STATUS_FINAL,H,,,2026-07-25T04:13:22Z,2026-07-25T04:13:22Z
39897,kl_kl1_2022_en_089,kor.1,,,FC&#8197;Seoul,Gangwon&#8197;FC,2022-06-02,2,2,STATUS_FINAL,D,,,2026-07-25T04:13:22Z,2026-07-25T04:13:22Z
39898,kl_kl1_2022_en_090,kor.1,,,FC&#8197;Seoul,Gimcheon&#8197;Sangmu,2022-06-06,2,2,STATUS_FINAL,D,,,2026-07-25T04:13:22Z,2026-07-25T04:13:22Z
39899,kl_kl1_2022_en_091,kor.1,,,FC&#8197;Seoul,Incheon&#8197;United,2022-06-10,1,1,STATUS_FINAL,D,,,2026-07-25T04:13:22Z,2026-07-25T04:13:22Z
39900,kl_kl1_2022_en_092,kor.1,,,FC&#8197;Seoul,Jeju&#8197;United,2022-06-14,1,2,STATUS_FINAL,A,,,2026-07-25T04:13:22Z,2026-07-25T04:13:22Z
39901,kl_kl1_2022_en_093,kor.1,,,FC&#8197;Seoul,Jeonbuk&#8197;Hyundai&#8197;Motors,2022-06-18,0,1,STATUS_FINAL,A,,,2026-07-25T04:13:22Z,2026-07-25T04:13:22Z
39902,kl_kl1_2022_en_094,kor.1,,,FC&#8197;Seoul,Pohang&#8197;Steelers,2022-06-22,1,0,STATUS_FINAL,H,,,2026-07-25T04:13:22Z,2026-07-25T04:13:22Z
39903,kl_kl1_2022_en_095,kor.1,,,FC&#8197;Seoul,Seongnam&#8197;FC,2022-06-26,0,1,STATUS_FINAL,A,,,2026-07-25T04:13:22Z,2026-07-25T04:13:22Z
39904,kl_kl1_2022_en_096,kor.1,,,FC&#8197;Seoul,Suwon&#8197;Samsung&#8197;Bluewings,2022-06-30,2,0,STATUS_FINAL,H,,,2026-07-25T04:13:22Z,2026-07-25T04:13:22Z
39905,kl_kl1_2022_en_097,kor.1,,,FC&#8197;Seoul,Suwon&#8197;FC,2022-07-04,3,1,STATUS_FINAL,H,,,2026-07-25T04:13:22Z,2026-07-25T04:13:22Z
39906,kl_kl1_2022_en_098,kor.1,,,FC&#8197;Seoul,Ulsan&#8197;Hyundai,2022-07-08,1,2,STATUS_FINAL,A,,,2026-07-25T04:13:22Z,2026-07-25T04:13:22Z
39907,kl_kl1_2022_en_099,kor.1,,,Suwon&#8197;Samsung&#8197;Bluewings,Daegu&#8197;FC,2022-07-12,1,1,STATUS_FINAL,D,,,2026-07-25T04:13:22Z,2026-07-25T04:13:22Z
39908,kl_kl1_2022_en_100,kor.1,,,Suwon&#8197;Samsung&#8197;Bluewings,Gangwon&#8197;FC,2022-07-16,2,2,STATUS_FINAL,D,,,2026-07-25T04:13:22Z,2026-07-25T04:13:22Z
39909,kl_kl1_2022_en_101,kor.1,,,Suwon&#8197;Samsung&#8197;Bluewings,Gimcheon&#8197;Sangmu,2022-07-20,2,1,STATUS_FINAL,H,,,2026-07-25T04:13:22Z,2026-07-25T04:13:22Z
39910,kl_kl1_2022_en_102,kor.1,,,Suwon&#8197;Samsung&#8197;Bluewings,Incheon&#8197;United,2022-07-24,0,0,STATUS_FINAL,D,,,2026-07-25T04:13:22Z,2026-07-25T04:13:22Z
39911,kl_kl1_2022_en_103,kor.1,,,Suwon&#8197;Samsung&#8197;Bluewings,Jeju&#8197;United,2022-07-28,0,1,STATUS_FINAL,A,,,2026-07-25T04:13:22Z,2026-07-25T04:13:22Z
39912,kl_kl1_2022_en_104,kor.1,,,Suwon&#8197;Samsung&#8197;Bluewings,Jeonbuk&#8197;Hyundai&#8197;Motors,2022-08-01,0,1,STATUS_FINAL,A,,,2026-07-25T04:13:22Z,2026-07-25T04:13:22Z
39913,kl_kl1_2022_en_105,kor.1,,,Suwon&#8197;Samsung&#8197;Bluewings,Pohang&#8197;Steelers,2022-08-05,1,1,STATUS_FINAL,D,,,2026-07-25T04:13:22Z,2026-07-25T04:13:22Z
39914,kl_kl1_2022_en_106,kor.1,,,Suwon&#8197;Samsung&#8197;Bluewings,Seongnam&#8197;FC,2022-08-09,1,0,STATUS_FINAL,H,,,2026-07-25T04:13:22Z,2026-07-25T04:13:22Z
39915,kl_kl1_2022_en_107,kor.1,,,Suwon&#8197;Samsung&#8197;Bluewings,FC&#8197;Seoul,2022-08-13,0,1,STATUS_FINAL,A,,,2026-07-25T04:13:22Z,2026-07-25T04:13:22Z
39916,kl_kl1_2022_en_108,kor.1,,,Suwon&#8197;Samsung&#8197;Bluewings,Suwon&#8197;FC,2022-08-17,1,0,STATUS_FINAL,H,,,2026-07-25T04:13:22Z,2026-07-25T04:13:22Z
39917,kl_kl1_2022_en_109,kor.1,,,Suwon&#8197;Samsung&#8197;Bluewings,Ulsan&#8197;Hyundai,2022-08-21,1,0,STATUS_FINAL,H,,,2026-07-25T04:13:22Z,2026-07-25T04:13:22Z
39918,kl_kl1_2022_en_110,kor.1,,,Suwon&#8197;FC,Daegu&#8197;FC,2022-08-25,4,3,STATUS_FINAL,H,,,2026-07-25T04:13:22Z,2026-07-25T04:13:22Z
39919,kl_kl1_2022_en_111,kor.1,,,Suwon&#8197;FC,Gangwon&#8197;FC,2022-08-29,2,4,STATUS_FINAL,A,,,2026-07-25T04:13:22Z,2026-07-25T04:13:22Z
39920,kl_kl1_2022_en_112,kor.1,,,Suwon&#8197;FC,Gimcheon&#8197;Sangmu,2022-09-02,3,2,STATUS_FINAL,H,,,2026-07-25T04:13:22Z,2026-07-25T04:13:22Z
39921,kl_kl1_2022_en_113,kor.1,,,Suwon&#8197;FC,Incheon&#8197;United,2022-09-06,2,2,STATUS_FINAL,D,,,2026-07-25T04:13:22Z,2026-07-25T04:13:22Z
39922,kl_kl1_2022_en_114,kor.1,,,Suwon&#8197;FC,Jeju&#8197;United,2022-09-10,1,3,STATUS_FINAL,A,,,2026-07-25T04:13:22Z,2026-07-25T04:13:22Z
39923,kl_kl1_2022_en_115,kor.1,,,Suwon&#8197;FC,Jeonbuk&#8197;Hyundai&#8197;Motors,2022-09-14,0,1,STATUS_FINAL,A,,,2026-07-25T04:13:22Z,2026-07-25T04:13:22Z
39924,kl_kl1_2022_en_116,kor.1,,,Suwon&#8197;FC,Pohang&#8197;Steelers,2022-09-18,1,0,STATUS_FINAL,H,,,2026-07-25T04:13:22Z,2026-07-25T04:13:22Z
39925,kl_kl1_2022_en_117,kor.1,,,Suwon&#8197;FC,Seongnam&#8197;FC,2022-09-22,3,4,STATUS_FINAL,A,,,2026-07-25T04:13:22Z,2026-07-25T04:13:22Z
39926,kl_kl1_2022_en_118,kor.1,,,Suwon&#8197;FC,FC&#8197;Seoul,2022-09-26,4,3,STATUS_FINAL,H,,,2026-07-25T04:13:22Z,2026-07-25T04:13:22Z
39927,kl_kl1_2022_en_119,kor.1,,,Suwon&#8197;FC,Suwon&#8197;Samsung&#8197;Bluewings,2022-09-30,3,0,STATUS_FINAL,H,,,2026-07-25T04:13:22Z,2026-07-25T04:13:22Z
39928,kl_kl1_2022_en_120,kor.1,,,Suwon&#8197;FC,Ulsan&#8197;Hyundai,2022-10-04,1,2,STATUS_FINAL,A,,,2026-07-25T04:13:22Z,2026-07-25T04:13:22Z
39929,kl_kl1_2022_en_121,kor.1,,,Ulsan&#8197;Hyundai,Daegu&#8197;FC,2022-10-08,3,1,STATUS_FINAL,H,,,2026-07-25T04:13:22Z,2026-07-25T04:13:22Z
39930,kl_kl1_2022_en_122,kor.1,,,Ulsan&#8197;Hyundai,Gangwon&#8197;FC,2022-10-12,2,1,STATUS_FINAL,H,,,2026-07-25T04:13:22Z,2026-07-25T04:13:22Z
39931,kl_kl1_2022_en_123,kor.1,,,Ulsan&#8197;Hyundai,Gimcheon&#8197;Sangmu,2022-10-16,0,0,STATUS_FINAL,D,,,2026-07-25T04:13:22Z,2026-07-25T04:13:22Z
39932,kl_kl1_2022_en_124,kor.1,,,Ulsan&#8197;Hyundai,Incheon&#8197;United,2022-10-20,2,2,STATUS_FINAL,D,,,2026-07-25T04:13:22Z,2026-07-25T04:13:22Z
39933,kl_kl1_2022_en_125,kor.1,,,Ulsan&#8197;Hyundai,Jeju&#8197;United,2022-10-24,1,0,STATUS_FINAL,H,,,2026-07-25T04:13:22Z,2026-07-25T04:13:22Z
39934,kl_kl1_2022_en_126,kor.1,,,Ulsan&#8197;Hyundai,Jeonbuk&#8197;Hyundai&#8197;Motors,2022-10-28,1,3,STATUS_FINAL,A,,,2026-07-25T04:13:22Z,2026-07-25T04:13:22Z
39935,kl_kl1_2022_en_127,kor.1,,,Ulsan&#8197;Hyundai,Pohang&#8197;Steelers,2022-02-21,2,0,STATUS_FINAL,H,,,2026-07-25T04:13:22Z,2026-07-25T04:13:22Z
39936,kl_kl1_2022_en_128,kor.1,,,Ulsan&#8197;Hyundai,Seongnam&#8197;FC,2022-02-25,0,0,STATUS_FINAL,D,,,2026-07-25T04:13:22Z,2026-07-25T04:13:22Z
39937,kl_kl1_2022_en_129,kor.1,,,Ulsan&#8197;Hyundai,FC&#8197;Seoul,2022-03-01,2,1,STATUS_FINAL,H,,,2026-07-25T04:13:22Z,2026-07-25T04:13:22Z
39938,kl_kl1_2022_en_130,kor.1,,,Ulsan&#8197;Hyundai,Suwon&#8197;Samsung&#8197;Bluewings,2022-03-05,2,1,STATUS_FINAL,H,,,2026-07-25T04:13:22Z,2026-07-25T04:13:22Z
39939,kl_kl1_2022_en_131,kor.1,,,Ulsan&#8197;Hyundai,Suwon&#8197;FC,2022-03-09,2,1,STATUS_FINAL,H,,,2026-07-25T04:13:22Z,2026-07-25T04:13:22Z
39940,kl_kl1_2023_en_000,kor.1,,,Daegu&#8197;FC,Daejeon&#8197;Hana&#8197;Citizen,2023-02-25,1,0,STATUS_FINAL,H,,,2026-07-25T04:13:22Z,2026-07-25T04:13:22Z
39941,kl_kl1_2023_en_001,kor.1,,,Daegu&#8197;FC,Gangwon&#8197;FC,2023-03-01,0,0,STATUS_FINAL,D,,,2026-07-25T04:13:22Z,2026-07-25T04:13:22Z
39942,kl_kl1_2023_en_002,kor.1,,,Daegu&#8197;FC,Gwangju&#8197;FC,2023-03-05,3,4,STATUS_FINAL,A,,,2026-07-25T04:13:22Z,2026-07-25T04:13:22Z
39943,kl_kl1_2023_en_003,kor.1,,,Daegu&#8197;FC,Incheon&#8197;United,2023-03-09,2,2,STATUS_FINAL,D,,,2026-07-25T04:13:22Z,2026-07-25T04:13:22Z
39944,kl_kl1_2023_en_004,kor.1,,,Daegu&#8197;FC,Jeju&#8197;United,2023-03-13,1,1,STATUS_FINAL,D,,,2026-07-25T04:13:22Z,2026-07-25T04:13:22Z
39945,kl_kl1_2023_en_005,kor.1,,,Daegu&#8197;FC,Jeonbuk&#8197;Hyundai&#8197;Motors,2023-03-17,2,0,STATUS_FINAL,H,,,2026-07-25T04:13:22Z,2026-07-25T04:13:22Z
39946,kl_kl1_2023_en_006,kor.1,,,Daegu&#8197;FC,Pohang&#8197;Steelers,2023-03-21,1,1,STATUS_FINAL,D,,,2026-07-25T04:13:22Z,2026-07-25T04:13:22Z
39947,kl_kl1_2023_en_007,kor.1,,,Daegu&#8197;FC,FC&#8197;Seoul,2023-03-25,1,0,STATUS_FINAL,H,,,2026-07-25T04:13:22Z,2026-07-25T04:13:22Z
39948,kl_kl1_2023_en_008,kor.1,,,Daegu&#8197;FC,Suwon&#8197;Samsung&#8197;Bluewings,2023-03-29,1,1,STATUS_FINAL,D,,,2026-07-25T04:13:22Z,2026-07-25T04:13:22Z
39949,kl_kl1_2023_en_009,kor.1,,,Daegu&#8197;FC,Suwon&#8197;FC,2023-04-02,3,1,STATUS_FINAL,H,,,2026-07-25T04:13:22Z,2026-07-25T04:13:22Z
39950,kl_kl1_2023_en_010,kor.1,,,Daegu&#8197;FC,Ulsan&#8197;Hyundai,2023-04-06,0,3,STATUS_FINAL,A,,,2026-07-25T04:13:22Z,2026-07-25T04:13:22Z
39951,kl_kl1_2023_en_011,kor.1,,,Daejeon&#8197;Hana&#8197;Citizen,Daegu&#8197;FC,2023-04-10,0,1,STATUS_FINAL,A,,,2026-07-25T04:13:22Z,2026-07-25T04:13:22Z
39952,kl_kl1_2023_en_012,kor.1,,,Daejeon&#8197;Hana&#8197;Citizen,Gangwon&#8197;FC,2023-04-14,2,0,STATUS_FINAL,H,,,2026-07-25T04:13:22Z,2026-07-25T04:13:22Z
39953,kl_kl1_2023_en_013,kor.1,,,Daejeon&#8197;Hana&#8197;Citizen,Gwangju&#8197;FC,2023-04-18,1,1,STATUS_FINAL,D,,,2026-07-25T04:13:22Z,2026-07-25T04:13:22Z
39954,kl_kl1_2023_en_014,kor.1,,,Daejeon&#8197;Hana&#8197;Citizen,Incheon&#8197;United,2023-04-22,1,3,STATUS_FINAL,A,,,2026-07-25T04:13:22Z,2026-07-25T04:13:22Z
39955,kl_kl1_2023_en_015,kor.1,,,Daejeon&#8197;Hana&#8197;Citizen,Jeju&#8197;United,2023-04-26,0,3,STATUS_FINAL,A,,,2026-07-25T04:13:22Z,2026-07-25T04:13:22Z
39956,kl_kl1_2023_en_016,kor.1,,,Daejeon&#8197;Hana&#8197;Citizen,Jeonbuk&#8197;Hyundai&#8197;Motors,2023-04-30,2,2,STATUS_FINAL,D,,,2026-07-25T04:13:22Z,2026-07-25T04:13:22Z
39957,kl_kl1_2023_en_017,kor.1,,,Daejeon&#8197;Hana&#8197;Citizen,Pohang&#8197;Steelers,2023-05-04,0,0,STATUS_FINAL,D,,,2026-07-25T04:13:22Z,2026-07-25T04:13:22Z
39958,kl_kl1_2023_en_018,kor.1,,,Daejeon&#8197;Hana&#8197;Citizen,FC&#8197;Seoul,2023-05-08,3,2,STATUS_FINAL,H,,,2026-07-25T04:13:22Z,2026-07-25T04:13:22Z
39959,kl_kl1_2023_en_019,kor.1,,,Daejeon&#8197;Hana&#8197;Citizen,Suwon&#8197;Samsung&#8197;Bluewings,2023-05-12,2,2,STATUS_FINAL,D,,,2026-07-25T04:13:22Z,2026-07-25T04:13:22Z
39960,kl_kl1_2023_en_020,kor.1,,,Daejeon&#8197;Hana&#8197;Citizen,Suwon&#8197;FC,2023-05-16,2,1,STATUS_FINAL,H,,,2026-07-25T04:13:22Z,2026-07-25T04:13:22Z
39961,kl_kl1_2023_en_021,kor.1,,,Daejeon&#8197;Hana&#8197;Citizen,Ulsan&#8197;Hyundai,2023-05-20,2,1,STATUS_FINAL,H,,,2026-07-25T04:13:22Z,2026-07-25T04:13:22Z
39962,kl_kl1_2023_en_022,kor.1,,,Gangwon&#8197;FC,Daegu&#8197;FC,2023-05-24,1,1,STATUS_FINAL,D,,,2026-07-25T04:13:22Z,2026-07-25T04:13:22Z
39963,kl_kl1_2023_en_023,kor.1,,,Gangwon&#8197;FC,Daejeon&#8197;Hana&#8197;Citizen,2023-05-28,1,2,STATUS_FINAL,A,,,2026-07-25T04:13:22Z,2026-07-25T04:13:22Z
39964,kl_kl1_2023_en_024,kor.1,,,Gangwon&#8197;FC,Gwangju&#8197;FC,2023-06-01,1,1,STATUS_FINAL,D,,,2026-07-25T04:13:22Z,2026-07-25T04:13:22Z
39965,kl_kl1_2023_en_025,kor.1,,,Gangwon&#8197;FC,Incheon&#8197;United,2023-06-05,0,2,STATUS_FINAL,A,,,2026-07-25T04:13:22Z,2026-07-25T04:13:22Z
39966,kl_kl1_2023_en_026,kor.1,,,Gangwon&#8197;FC,Jeju&#8197;United,2023-06-09,0,1,STATUS_FINAL,A,,,2026-07-25T04:13:22Z,2026-07-25T04:13:22Z
39967,kl_kl1_2023_en_027,kor.1,,,Gangwon&#8197;FC,Jeonbuk&#8197;Hyundai&#8197;Motors,2023-06-13,1,2,STATUS_FINAL,A,,,2026-07-25T04:13:22Z,2026-07-25T04:13:22Z
39968,kl_kl1_2023_en_028,kor.1,,,Gangwon&#8197;FC,Pohang&#8197;Steelers,2023-06-17,0,0,STATUS_FINAL,D,,,2026-07-25T04:13:22Z,2026-07-25T04:13:22Z
39969,kl_kl1_2023_en_029,kor.1,,,Gangwon&#8197;FC,FC&#8197;Seoul,2023-06-21,3,2,STATUS_FINAL,H,,,2026-07-25T04:13:22Z,2026-07-25T04:13:22Z
39970,kl_kl1_2023_en_030,kor.1,,,Gangwon&#8197;FC,Suwon&#8197;Samsung&#8197;Bluewings,2023-06-25,0,2,STATUS_FINAL,A,,,2026-07-25T04:13:22Z,2026-07-25T04:13:22Z
39971,kl_kl1_2023_en_031,kor.1,,,Gangwon&#8197;FC,Suwon&#8197;FC,2023-06-29,1,2,STATUS_FINAL,A,,,2026-07-25T04:13:22Z,2026-07-25T04:13:22Z
39972,kl_kl1_2023_en_032,kor.1,,,Gangwon&#8197;FC,Ulsan&#8197;Hyundai,2023-07-03,0,1,STATUS_FINAL,A,,,2026-07-25T04:13:22Z,2026-07-25T04:13:22Z
39973,kl_kl1_2023_en_033,kor.1,,,Gwangju&#8197;FC,Daegu&#8197;FC,2023-07-07,0,2,STATUS_FINAL,A,,,2026-07-25T04:13:22Z,2026-07-25T04:13:22Z
39974,kl_kl1_2023_en_034,kor.1,,,Gwangju&#8197;FC,Daejeon&#8197;Hana&#8197;Citizen,2023-07-11,0,0,STATUS_FINAL,D,,,2026-07-25T04:13:22Z,2026-07-25T04:13:22Z
39975,kl_kl1_2023_en_035,kor.1,,,Gwangju&#8197;FC,Gangwon&#8197;FC,2023-07-15,0,0,STATUS_FINAL,D,,,2026-07-25T04:13:22Z,2026-07-25T04:13:22Z
39976,kl_kl1_2023_en_036,kor.1,,,Gwangju&#8197;FC,Incheon&#8197;United,2023-07-19,5,0,STATUS_FINAL,H,,,2026-07-25T04:13:22Z,2026-07-25T04:13:22Z
39977,kl_kl1_2023_en_037,kor.1,,,Gwangju&#8197;FC,Jeju&#8197;United,2023-07-23,0,1,STATUS_FINAL,A,,,2026-07-25T04:13:22Z,2026-07-25T04:13:22Z
39978,kl_kl1_2023_en_038,kor.1,,,Gwangju&#8197;FC,Jeonbuk&#8197;Hyundai&#8197;Motors,2023-07-27,2,0,STATUS_FINAL,H,,,2026-07-25T04:13:22Z,2026-07-25T04:13:22Z
39979,kl_kl1_2023_en_039,kor.1,,,Gwangju&#8197;FC,Pohang&#8197;Steelers,2023-07-31,4,2,STATUS_FINAL,H,,,2026-07-25T04:13:22Z,2026-07-25T04:13:22Z
39980,kl_kl1_2023_en_040,kor.1,,,Gwangju&#8197;FC,FC&#8197;Seoul,2023-08-04,0,2,STATUS_FINAL,A,,,2026-07-25T04:13:22Z,2026-07-25T04:13:22Z
39981,kl_kl1_2023_en_041,kor.1,,,Gwangju&#8197;FC,Suwon&#8197;Samsung&#8197;Bluewings,2023-08-08,2,1,STATUS_FINAL,H,,,2026-07-25T04:13:22Z,2026-07-25T04:13:22Z
39982,kl_kl1_2023_en_042,kor.1,,,Gwangju&#8197;FC,Suwon&#8197;FC,2023-08-12,2,0,STATUS_FINAL,H,,,2026-07-25T04:13:22Z,2026-07-25T04:13:22Z
39983,kl_kl1_2023_en_043,kor.1,,,Gwangju&#8197;FC,Ulsan&#8197;Hyundai,2023-08-16,0,1,STATUS_FINAL,A,,,2026-07-25T04:13:22Z,2026-07-25T04:13:22Z
39984,kl_kl1_2023_en_044,kor.1,,,Incheon&#8197;United,Daegu&#8197;FC,2023-08-20,0,0,STATUS_FINAL,D,,,2026-07-25T04:13:22Z,2026-07-25T04:13:22Z
39985,kl_kl1_2023_en_045,kor.1,,,Incheon&#8197;United,Daejeon&#8197;Hana&#8197;Citizen,2023-08-24,3,3,STATUS_FINAL,D,,,2026-07-25T04:13:22Z,2026-07-25T04:13:22Z
39986,kl_kl1_2023_en_046,kor.1,,,Incheon&#8197;United,Gangwon&#8197;FC,2023-08-28,1,0,STATUS_FINAL,H,,,2026-07-25T04:13:22Z,2026-07-25T04:13:22Z
39987,kl_kl1_2023_en_047,kor.1,,,Incheon&#8197;United,Gwangju&#8197;FC,2023-09-01,1,1,STATUS_FINAL,D,,,2026-07-25T04:13:22Z,2026-07-25T04:13:22Z
39988,kl_kl1_2023_en_048,kor.1,,,Incheon&#8197;United,Jeju&#8197;United,2023-09-05,1,0,STATUS_FINAL,H,,,2026-07-25T04:13:22Z,2026-07-25T04:13:22Z
39989,kl_kl1_2023_en_049,kor.1,,,Incheon&#8197;United,Jeonbuk&#8197;Hyundai&#8197;Motors,2023-09-09,0,0,STATUS_FINAL,D,,,2026-07-25T04:13:22Z,2026-07-25T04:13:22Z
39990,kl_kl1_2023_en_050,kor.1,,,Incheon&#8197;United,Pohang&#8197;Steelers,2023-09-13,0,1,STATUS_FINAL,A,,,2026-07-25T04:13:22Z,2026-07-25T04:13:22Z
39991,kl_kl1_2023_en_051,kor.1,,,Incheon&#8197;United,FC&#8197;Seoul,2023-09-17,1,1,STATUS_FINAL,D,,,2026-07-25T04:13:22Z,2026-07-25T04:13:22Z
39992,kl_kl1_2023_en_052,kor.1,,,Incheon&#8197;United,Suwon&#8197;Samsung&#8197;Bluewings,2023-09-21,0,1,STATUS_FINAL,A,,,2026-07-25T04:13:22Z,2026-07-25T04:13:22Z
39993,kl_kl1_2023_en_053,kor.1,,,Incheon&#8197;United,Suwon&#8197;FC,2023-09-25,2,2,STATUS_FINAL,D,,,2026-07-25T04:13:22Z,2026-07-25T04:13:22Z
39994,kl_kl1_2023_en_054,kor.1,,,Incheon&#8197;United,Ulsan&#8197;Hyundai,2023-09-29,0,1,STATUS_FINAL,A,,,2026-07-25T04:13:22Z,2026-07-25T04:13:22Z
39995,kl_kl1_2023_en_055,kor.1,,,Jeju&#8197;United,Daegu&#8197;FC,2023-10-03,1,2,STATUS_FINAL,A,,,2026-07-25T04:13:22Z,2026-07-25T04:13:22Z
39996,kl_kl1_2023_en_056,kor.1,,,Jeju&#8197;United,Daejeon&#8197;Hana&#8197;Citizen,2023-10-07,1,1,STATUS_FINAL,D,,,2026-07-25T04:13:22Z,2026-07-25T04:13:22Z
39997,kl_kl1_2023_en_057,kor.1,,,Jeju&#8197;United,Gangwon&#8197;FC,2023-10-11,2,2,STATUS_FINAL,D,,,2026-07-25T04:13:22Z,2026-07-25T04:13:22Z
39998,kl_kl1_2023_en_058,kor.1,,,Jeju&#8197;United,Gwangju&#8197;FC,2023-10-15,0,0,STATUS_FINAL,D,,,2026-07-25T04:13:22Z,2026-07-25T04:13:22Z
39999,kl_kl1_2023_en_059,kor.1,,,Jeju&#8197;United,Incheon&#8197;United,2023-10-19,2,0,STATUS_FINAL,H,,,2026-07-25T04:13:22Z,2026-07-25T04:13:22Z
40000,kl_kl1_2023_en_060,kor.1,,,Jeju&#8197;United,Jeonbuk&#8197;Hyundai&#8197;Motors,2023-10-23,0,2,STATUS_FINAL,A,,,2026-07-25T04:13:22Z,2026-07-25T04:13:22Z
40001,kl_kl1_2023_en_061,kor.1,,,Jeju&#8197;United,Pohang&#8197;Steelers,2023-10-27,2,1,STATUS_FINAL,H,,,2026-07-25T04:13:22Z,2026-07-25T04:13:22Z
40002,kl_kl1_2023_en_062,kor.1,,,Jeju&#8197;United,FC&#8197;Seoul,2023-10-31,1,2,STATUS_FINAL,A,,,2026-07-25T04:13:22Z,2026-07-25T04:13:22Z
40003,kl_kl1_2023_en_063,kor.1,,,Jeju&#8197;United,Suwon&#8197;Samsung&#8197;Bluewings,2023-11-04,2,1,STATUS_FINAL,H,,,2026-07-25T04:13:22Z,2026-07-25T04:13:22Z
40004,kl_kl1_2023_en_064,kor.1,,,Jeju&#8197;United,Suwon&#8197;FC,2023-11-08,0,0,STATUS_FINAL,D,,,2026-07-25T04:13:22Z,2026-07-25T04:13:22Z
40005,kl_kl1_2023_en_065,kor.1,,,Jeju&#8197;United,Ulsan&#8197;Hyundai,2023-11-12,1,3,STATUS_FINAL,A,,,2026-07-25T04:13:22Z,2026-07-25T04:13:22Z
40006,kl_kl1_2023_en_066,kor.1,,,Jeonbuk&#8197;Hyundai&#8197;Motors,Daegu&#8197;FC,2023-11-16,1,0,STATUS_FINAL,H,,,2026-07-25T04:13:22Z,2026-07-25T04:13:22Z
40007,kl_kl1_2023_en_067,kor.1,,,Jeonbuk&#8197;Hyundai&#8197;Motors,Daejeon&#8197;Hana&#8197;Citizen,2023-11-20,1,2,STATUS_FINAL,A,,,2026-07-25T04:13:22Z,2026-07-25T04:13:22Z
40008,kl_kl1_2023_en_068,kor.1,,,Jeonbuk&#8197;Hyundai&#8197;Motors,Gangwon&#8197;FC,2023-11-24,0,1,STATUS_FINAL,A,,,2026-07-25T04:13:22Z,2026-07-25T04:13:22Z
40009,kl_kl1_2023_en_069,kor.1,,,Jeonbuk&#8197;Hyundai&#8197;Motors,Gwangju&#8197;FC,2023-11-28,2,0,STATUS_FINAL,H,,,2026-07-25T04:13:22Z,2026-07-25T04:13:22Z
40010,kl_kl1_2023_en_070,kor.1,,,Jeonbuk&#8197;Hyundai&#8197;Motors,Incheon&#8197;United,2023-12-02,2,0,STATUS_FINAL,H,,,2026-07-25T04:13:22Z,2026-07-25T04:13:22Z
40011,kl_kl1_2023_en_071,kor.1,,,Jeonbuk&#8197;Hyundai&#8197;Motors,Jeju&#8197;United,2023-02-28,2,0,STATUS_FINAL,H,,,2026-07-25T04:13:22Z,2026-07-25T04:13:22Z
40012,kl_kl1_2023_en_072,kor.1,,,Jeonbuk&#8197;Hyundai&#8197;Motors,Pohang&#8197;Steelers,2023-03-04,1,2,STATUS_FINAL,A,,,2026-07-25T04:13:22Z,2026-07-25T04:13:22Z
40013,kl_kl1_2023_en_073,kor.1,,,Jeonbuk&#8197;Hyundai&#8197;Motors,FC&#8197;Seoul,2023-03-08,2,1,STATUS_FINAL,H,,,2026-07-25T04:13:22Z,2026-07-25T04:13:22Z
40014,kl_kl1_2023_en_074,kor.1,,,Jeonbuk&#8197;Hyundai&#8197;Motors,Suwon&#8197;Samsung&#8197;Bluewings,2023-03-12,1,1,STATUS_FINAL,D,,,2026-07-25T04:13:22Z,2026-07-25T04:13:22Z
40015,kl_kl1_2023_en_075,kor.1,,,Jeonbuk&#8197;Hyundai&#8197;Motors,Suwon&#8197;FC,2023-03-16,3,1,STATUS_FINAL,H,,,2026-07-25T04:13:22Z,2026-07-25T04:13:22Z
40016,kl_kl1_2023_en_076,kor.1,,,Jeonbuk&#8197;Hyundai&#8197;Motors,Ulsan&#8197;Hyundai,2023-03-20,2,0,STATUS_FINAL,H,,,2026-07-25T04:13:22Z,2026-07-25T04:13:22Z
40017,kl_kl1_2023_en_077,kor.1,,,Pohang&#8197;Steelers,Daegu&#8197;FC,2023-03-24,3,2,STATUS_FINAL,H,,,2026-07-25T04:13:22Z,2026-07-25T04:13:22Z
40018,kl_kl1_2023_en_078,kor.1,,,Pohang&#8197;Steelers,Daejeon&#8197;Hana&#8197;Citizen,2023-03-28,3,2,STATUS_FINAL,H,,,2026-07-25T04:13:22Z,2026-07-25T04:13:22Z
40019,kl_kl1_2023_en_079,kor.1,,,Pohang&#8197;Steelers,Gangwon&#8197;FC,2023-04-01,1,1,STATUS_FINAL,D,,,2026-07-25T04:13:22Z,2026-07-25T04:13:22Z
40020,kl_kl1_2023_en_080,kor.1,,,Pohang&#8197;Steelers,Gwangju&#8197;FC,2023-04-05,2,0,STATUS_FINAL,H,,,2026-07-25T04:13:22Z,2026-07-25T04:13:22Z
40021,kl_kl1_2023_en_081,kor.1,,,Pohang&#8197;Steelers,Incheon&#8197;United,2023-04-09,0,2,STATUS_FINAL,A,,,2026-07-25T04:13:22Z,2026-07-25T04:13:22Z
40022,kl_kl1_2023_en_082,kor.1,,,Pohang&#8197;Steelers,Jeju&#8197;United,2023-04-13,2,1,STATUS_FINAL,H,,,2026-07-25T04:13:22Z,2026-07-25T04:13:22Z
40023,kl_kl1_2023_en_083,kor.1,,,Pohang&#8197;Steelers,Jeonbuk&#8197;Hyundai&#8197;Motors,2023-04-17,1,0,STATUS_FINAL,H,,,2026-07-25T04:13:22Z,2026-07-25T04:13:22Z
40024,kl_kl1_2023_en_084,kor.1,,,Pohang&#8197;Steelers,FC&#8197;Seoul,2023-04-21,1,1,STATUS_FINAL,D,,,2026-07-25T04:13:22Z,2026-07-25T04:13:22Z
40025,kl_kl1_2023_en_085,kor.1,,,Pohang&#8197;Steelers,Suwon&#8197;Samsung&#8197;Bluewings,2023-04-25,3,1,STATUS_FINAL,H,,,2026-07-25T04:13:22Z,2026-07-25T04:13:22Z
40026,kl_kl1_2023_en_086,kor.1,,,Pohang&#8197;Steelers,Suwon&#8197;FC,2023-04-29,1,0,STATUS_FINAL,H,,,2026-07-25T04:13:22Z,2026-07-25T04:13:22Z
40027,kl_kl1_2023_en_087,kor.1,,,Pohang&#8197;Steelers,Ulsan&#8197;Hyundai,2023-05-03,0,1,STATUS_FINAL,A,,,2026-07-25T04:13:22Z,2026-07-25T04:13:22Z
40028,kl_kl1_2023_en_088,kor.1,,,FC&#8197;Seoul,Daegu&#8197;FC,2023-05-07,3,0,STATUS_FINAL,H,,,2026-07-25T04:13:22Z,2026-07-25T04:13:22Z
40029,kl_kl1_2023_en_089,kor.1,,,FC&#8197;Seoul,Daejeon&#8197;Hana&#8197;Citizen,2023-05-11,0,0,STATUS_FINAL,D,,,2026-07-25T04:13:22Z,2026-07-25T04:13:22Z
40030,kl_kl1_2023_en_090,kor.1,,,FC&#8197;Seoul,Gangwon&#8197;FC,2023-05-15,1,0,STATUS_FINAL,H,,,2026-07-25T04:13:22Z,2026-07-25T04:13:22Z
40031,kl_kl1_2023_en_091,kor.1,,,FC&#8197;Seoul,Gwangju&#8197;FC,2023-05-19,3,1,STATUS_FINAL,H,,,2026-07-25T04:13:22Z,2026-07-25T04:13:22Z
40032,kl_kl1_2023_en_092,kor.1,,,FC&#8197;Seoul,Incheon&#8197;United,2023-05-23,2,1,STATUS_FINAL,H,,,2026-07-25T04:13:22Z,2026-07-25T04:13:22Z
40033,kl_kl1_2023_en_093,kor.1,,,FC&#8197;Seoul,Jeju&#8197;United,2023-05-27,1,1,STATUS_FINAL,D,,,2026-07-25T04:13:22Z,2026-07-25T04:13:22Z
40034,kl_kl1_2023_en_094,kor.1,,,FC&#8197;Seoul,Jeonbuk&#8197;Hyundai&#8197;Motors,2023-05-31,1,1,STATUS_FINAL,D,,,2026-07-25T04:13:22Z,2026-07-25T04:13:22Z
40035,kl_kl1_2023_en_095,kor.1,,,FC&#8197;Seoul,Pohang&#8197;Steelers,2023-06-04,1,1,STATUS_FINAL,D,,,2026-07-25T04:13:22Z,2026-07-25T04:13:22Z
40036,kl_kl1_2023_en_096,kor.1,,,FC&#8197;Seoul,Suwon&#8197;Samsung&#8197;Bluewings,2023-06-08,3,1,STATUS_FINAL,H,,,2026-07-25T04:13:22Z,2026-07-25T04:13:22Z
40037,kl_kl1_2023_en_097,kor.1,,,FC&#8197;Seoul,Suwon&#8197;FC,2023-06-12,7,2,STATUS_FINAL,H,,,2026-07-25T04:13:22Z,2026-07-25T04:13:22Z
40038,kl_kl1_2023_en_098,kor.1,,,FC&#8197;Seoul,Ulsan&#8197;Hyundai,2023-06-16,1,2,STATUS_FINAL,A,,,2026-07-25T04:13:22Z,2026-07-25T04:13:22Z
40039,kl_kl1_2023_en_099,kor.1,,,Suwon&#8197;Samsung&#8197;Bluewings,Daegu&#8197;FC,2023-06-20,0,1,STATUS_FINAL,A,,,2026-07-25T04:13:22Z,2026-07-25T04:13:22Z
40040,kl_kl1_2023_en_100,kor.1,,,Suwon&#8197;Samsung&#8197;Bluewings,Daejeon&#8197;Hana&#8197;Citizen,2023-06-24,1,3,STATUS_FINAL,A,,,2026-07-25T04:13:22Z,2026-07-25T04:13:22Z
40041,kl_kl1_2023_en_101,kor.1,,,Suwon&#8197;Samsung&#8197;Bluewings,Gangwon&#8197;FC,2023-06-28,1,1,STATUS_FINAL,D,,,2026-07-25T04:13:22Z,2026-07-25T04:13:22Z
40042,kl_kl1_2023_en_102,kor.1,,,Suwon&#8197;Samsung&#8197;Bluewings,Gwangju&#8197;FC,2023-07-02,0,1,STATUS_FINAL,A,,,2026-07-25T04:13:22Z,2026-07-25T04:13:22Z
40043,kl_kl1_2023_en_103,kor.1,,,Suwon&#8197;Samsung&#8197;Bluewings,Incheon&#8197;United,2023-07-06,0,0,STATUS_FINAL,D,,,2026-07-25T04:13:22Z,2026-07-25T04:13:22Z
40044,kl_kl1_2023_en_104,kor.1,,,Suwon&#8197;Samsung&#8197;Bluewings,Jeju&#8197;United,2023-07-10,2,3,STATUS_FINAL,A,,,2026-07-25T04:13:22Z,2026-07-25T04:13:22Z
40045,kl_kl1_2023_en_105,kor.1,,,Suwon&#8197;Samsung&#8197;Bluewings,Jeonbuk&#8197;Hyundai&#8197;Motors,2023-07-14,0,3,STATUS_FINAL,A,,,2026-07-25T04:13:22Z,2026-07-25T04:13:22Z
40046,kl_kl1_2023_en_106,kor.1,,,Suwon&#8197;Samsung&#8197;Bluewings,Pohang&#8197;Steelers,2023-07-18,1,1,STATUS_FINAL,D,,,2026-07-25T04:13:22Z,2026-07-25T04:13:22Z
40047,kl_kl1_2023_en_107,kor.1,,,Suwon&#8197;Samsung&#8197;Bluewings,FC&#8197;Seoul,2023-07-22,0,1,STATUS_FINAL,A,,,2026-07-25T04:13:22Z,2026-07-25T04:13:22Z
40048,kl_kl1_2023_en_108,kor.1,,,Suwon&#8197;Samsung&#8197;Bluewings,Suwon&#8197;FC,2023-07-26,1,2,STATUS_FINAL,A,,,2026-07-25T04:13:22Z,2026-07-25T04:13:22Z
40049,kl_kl1_2023_en_109,kor.1,,,Suwon&#8197;Samsung&#8197;Bluewings,Ulsan&#8197;Hyundai,2023-07-30,2,3,STATUS_FINAL,A,,,2026-07-25T04:13:22Z,2026-07-25T04:13:22Z
40050,kl_kl1_2023_en_110,kor.1,,,Suwon&#8197;FC,Daegu&#8197;FC,2023-08-03,1,1,STATUS_FINAL,D,,,2026-07-25T04:13:22Z,2026-07-25T04:13:22Z
40051,kl_kl1_2023_en_111,kor.1,,,Suwon&#8197;FC,Daejeon&#8197;Hana&#8197;Citizen,2023-08-07,5,3,STATUS_FINAL,H,,,2026-07-25T04:13:22Z,2026-07-25T04:13:22Z
40052,kl_kl1_2023_en_112,kor.1,,,Suwon&#8197;FC,Gangwon&#8197;FC,2023-08-11,2,0,STATUS_FINAL,H,,,2026-07-25T04:13:22Z,2026-07-25T04:13:22Z
40053,kl_kl1_2023_en_113,kor.1,,,Suwon&#8197;FC,Gwangju&#8197;FC,2023-08-15,0,2,STATUS_FINAL,A,,,2026-07-25T04:13:22Z,2026-07-25T04:13:22Z
40054,kl_kl1_2023_en_114,kor.1,,,Suwon&#8197;FC,Incheon&#8197;United,2023-08-19,2,2,STATUS_FINAL,D,,,2026-07-25T04:13:22Z,2026-07-25T04:13:22Z
40055,kl_kl1_2023_en_115,kor.1,,,Suwon&#8197;FC,Jeju&#8197;United,2023-08-23,0,5,STATUS_FINAL,A,,,2026-07-25T04:13:22Z,2026-07-25T04:13:22Z
40056,kl_kl1_2023_en_116,kor.1,,,Suwon&#8197;FC,Jeonbuk&#8197;Hyundai&#8197;Motors,2023-08-27,1,0,STATUS_FINAL,H,,,2026-07-25T04:13:22Z,2026-07-25T04:13:22Z
40057,kl_kl1_2023_en_117,kor.1,,,Suwon&#8197;FC,Pohang&#8197;Steelers,2023-08-31,1,2,STATUS_FINAL,A,,,2026-07-25T04:13:22Z,2026-07-25T04:13:22Z
40058,kl_kl1_2023_en_118,kor.1,,,Suwon&#8197;FC,FC&#8197;Seoul,2023-09-04,0,3,STATUS_FINAL,A,,,2026-07-25T04:13:22Z,2026-07-25T04:13:22Z
40059,kl_kl1_2023_en_119,kor.1,,,Suwon&#8197;FC,Suwon&#8197;Samsung&#8197;Bluewings,2023-09-08,2,0,STATUS_FINAL,H,,,2026-07-25T04:13:22Z,2026-07-25T04:13:22Z
40060,kl_kl1_2023_en_120,kor.1,,,Suwon&#8197;FC,Ulsan&#8197;Hyundai,2023-09-12,1,3,STATUS_FINAL,A,,,2026-07-25T04:13:22Z,2026-07-25T04:13:22Z
40061,kl_kl1_2023_en_121,kor.1,,,Ulsan&#8197;Hyundai,Daegu&#8197;FC,2023-09-16,3,1,STATUS_FINAL,H,,,2026-07-25T04:13:22Z,2026-07-25T04:13:22Z
40062,kl_kl1_2023_en_122,kor.1,,,Ulsan&#8197;Hyundai,Daejeon&#8197;Hana&#8197;Citizen,2023-09-20,3,3,STATUS_FINAL,D,,,2026-07-25T04:13:22Z,2026-07-25T04:13:22Z
40063,kl_kl1_2023_en_123,kor.1,,,Ulsan&#8197;Hyundai,Gangwon&#8197;FC,2023-09-24,1,0,STATUS_FINAL,H,,,2026-07-25T04:13:22Z,2026-07-25T04:13:22Z
40064,kl_kl1_2023_en_124,kor.1,,,Ulsan&#8197;Hyundai,Gwangju&#8197;FC,2023-09-28,2,1,STATUS_FINAL,H,,,2026-07-25T04:13:22Z,2026-07-25T04:13:22Z
40065,kl_kl1_2023_en_125,kor.1,,,Ulsan&#8197;Hyundai,Incheon&#8197;United,2023-10-02,1,2,STATUS_FINAL,A,,,2026-07-25T04:13:22Z,2026-07-25T04:13:22Z
40066,kl_kl1_2023_en_126,kor.1,,,Ulsan&#8197;Hyundai,Jeju&#8197;United,2023-10-06,5,1,STATUS_FINAL,H,,,2026-07-25T04:13:22Z,2026-07-25T04:13:22Z
40067,kl_kl1_2023_en_127,kor.1,,,Ulsan&#8197;Hyundai,Jeonbuk&#8197;Hyundai&#8197;Motors,2023-10-10,2,1,STATUS_FINAL,H,,,2026-07-25T04:13:22Z,2026-07-25T04:13:22Z
40068,kl_kl1_2023_en_128,kor.1,,,Ulsan&#8197;Hyundai,Pohang&#8197;Steelers,2023-10-14,2,2,STATUS_FINAL,D,,,2026-07-25T04:13:22Z,2026-07-25T04:13:22Z
40069,kl_kl1_2023_en_129,kor.1,,,Ulsan&#8197;Hyundai,FC&#8197;Seoul,2023-10-18,3,2,STATUS_FINAL,H,,,2026-07-25T04:13:22Z,2026-07-25T04:13:22Z
40070,kl_kl1_2023_en_130,kor.1,,,Ulsan&#8197;Hyundai,Suwon&#8197;Samsung&#8197;Bluewings,2023-10-22,2,1,STATUS_FINAL,H,,,2026-07-25T04:13:22Z,2026-07-25T04:13:22Z
40071,kl_kl1_2023_en_131,kor.1,,,Ulsan&#8197;Hyundai,Suwon&#8197;FC,2023-10-26,3,0,STATUS_FINAL,H,,,2026-07-25T04:13:22Z,2026-07-25T04:13:22Z
40072,kl_kl2_2026_en_000,kor.2,,,Ansan&#8197;Greeners,Busan&#8197;IPark,2025-02-15,1,3,STATUS_FINAL,A,,,2026-07-25T04:13:22Z,2026-07-25T04:13:22Z
40073,kl_kl2_2026_en_001,kor.2,,,Ansan&#8197;Greeners,Cheonan&#8197;City,2025-02-19,1,3,STATUS_FINAL,A,,,2026-07-25T04:13:22Z,2026-07-25T04:13:22Z
40074,kl_kl2_2026_en_002,kor.2,,,Ansan&#8197;Greeners,Chungnam&#8197;Asan,2025-02-23,1,3,STATUS_FINAL,A,,,2026-07-25T04:13:22Z,2026-07-25T04:13:22Z
40075,kl_kl2_2026_en_003,kor.2,,,Ansan&#8197;Greeners,Gimpo&#8197;FC,2025-02-27,0,1,STATUS_FINAL,A,,,2026-07-25T04:13:22Z,2026-07-25T04:13:22Z
40076,kl_kl2_2026_en_004,kor.2,,,Ansan&#8197;Greeners,Gyeongnam&#8197;FC,2025-03-03,1,1,STATUS_FINAL,D,,,2026-07-25T04:13:22Z,2026-07-25T04:13:22Z
40077,kl_kl2_2026_en_005,kor.2,,,Ansan&#8197;Greeners,Jeonnam&#8197;Dragons,2025-03-07,2,1,STATUS_FINAL,H,,,2026-07-25T04:13:22Z,2026-07-25T04:13:22Z
40078,kl_kl2_2026_en_006,kor.2,,,Ansan&#8197;Greeners,Paju&#8197;Frontier,2025-03-11,1,2,STATUS_FINAL,A,,,2026-07-25T04:13:22Z,2026-07-25T04:13:22Z
40079,kl_kl2_2026_en_007,kor.2,,,Ansan&#8197;Greeners,Seoul&#8197;E-Land,2025-03-15,0,2,STATUS_FINAL,A,,,2026-07-25T04:13:22Z,2026-07-25T04:13:22Z
40080,kl_kl2_2026_en_008,kor.2,,,Ansan&#8197;Greeners,Yongin&#8197;FC,2025-03-19,1,2,STATUS_FINAL,A,,,2026-07-25T04:13:22Z,2026-07-25T04:13:22Z
40081,kl_kl2_2026_en_009,kor.2,,,Busan&#8197;IPark,Cheonan&#8197;City,2025-03-23,1,0,STATUS_FINAL,H,,,2026-07-25T04:13:22Z,2026-07-25T04:13:22Z
40082,kl_kl2_2026_en_010,kor.2,,,Busan&#8197;IPark,Chungnam&#8197;Asan,2025-03-27,2,2,STATUS_FINAL,D,,,2026-07-25T04:13:22Z,2026-07-25T04:13:22Z
40083,kl_kl2_2026_en_011,kor.2,,,Busan&#8197;IPark,Daegu&#8197;FC,2025-03-31,3,1,STATUS_FINAL,H,,,2026-07-25T04:13:22Z,2026-07-25T04:13:22Z
40084,kl_kl2_2026_en_012,kor.2,,,Busan&#8197;IPark,Paju&#8197;Frontier,2025-04-04,4,1,STATUS_FINAL,H,,,2026-07-25T04:13:22Z,2026-07-25T04:13:22Z
40085,kl_kl2_2026_en_013,kor.2,,,Busan&#8197;IPark,Seongnam&#8197;FC,2025-04-08,1,1,STATUS_FINAL,D,,,2026-07-25T04:13:22Z,2026-07-25T04:13:22Z
40086,kl_kl2_2026_en_014,kor.2,,,Busan&#8197;IPark,Suwon&#8197;FC,2025-04-12,2,1,STATUS_FINAL,H,,,2026-07-25T04:13:22Z,2026-07-25T04:13:22Z
40087,kl_kl2_2026_en_015,kor.2,,,Busan&#8197;IPark,Yongin&#8197;FC,2025-04-16,2,0,STATUS_FINAL,H,,,2026-07-25T04:13:22Z,2026-07-25T04:13:22Z
40088,kl_kl2_2026_en_016,kor.2,,,Cheonan&#8197;City,Chungbuk&#8197;Cheongju,2025-04-20,2,2,STATUS_FINAL,D,,,2026-07-25T04:13:22Z,2026-07-25T04:13:22Z
40089,kl_kl2_2026_en_017,kor.2,,,Cheonan&#8197;City,Chungnam&#8197;Asan,2025-04-24,1,0,STATUS_FINAL,H,,,2026-07-25T04:13:22Z,2026-07-25T04:13:22Z
40090,kl_kl2_2026_en_018,kor.2,,,Cheonan&#8197;City,Gimpo&#8197;FC,2025-04-28,0,1,STATUS_FINAL,A,,,2026-07-25T04:13:22Z,2026-07-25T04:13:22Z
40091,kl_kl2_2026_en_019,kor.2,,,Cheonan&#8197;City,Jeonnam&#8197;Dragons,2025-05-02,1,0,STATUS_FINAL,H,,,2026-07-25T04:13:22Z,2026-07-25T04:13:22Z
40092,kl_kl2_2026_en_020,kor.2,,,Cheonan&#8197;City,Paju&#8197;Frontier,2025-05-06,0,0,STATUS_FINAL,D,,,2026-07-25T04:13:22Z,2026-07-25T04:13:22Z
40093,kl_kl2_2026_en_021,kor.2,,,Cheonan&#8197;City,Seongnam&#8197;FC,2025-05-10,1,1,STATUS_FINAL,D,,,2026-07-25T04:13:22Z,2026-07-25T04:13:22Z
40094,kl_kl2_2026_en_022,kor.2,,,Cheonan&#8197;City,Seoul&#8197;E-Land,2025-05-14,0,0,STATUS_FINAL,D,,,2026-07-25T04:13:22Z,2026-07-25T04:13:22Z
40095,kl_kl2_2026_en_023,kor.2,,,Cheonan&#8197;City,Suwon&#8197;FC,2025-05-18,2,2,STATUS_FINAL,D,,,2026-07-25T04:13:22Z,2026-07-25T04:13:22Z
40096,kl_kl2_2026_en_024,kor.2,,,Chungbuk&#8197;Cheongju,Ansan&#8197;Greeners,2025-05-22,1,1,STATUS_FINAL,D,,,2026-07-25T04:13:22Z,2026-07-25T04:13:22Z
40097,kl_kl2_2026_en_025,kor.2,,,Chungbuk&#8197;Cheongju,Busan&#8197;IPark,2025-05-26,1,2,STATUS_FINAL,A,,,2026-07-25T04:13:22Z,2026-07-25T04:13:22Z
40098,kl_kl2_2026_en_026,kor.2,,,Chungbuk&#8197;Cheongju,Chungnam&#8197;Asan,2025-05-30,0,0,STATUS_FINAL,D,,,2026-07-25T04:13:22Z,2026-07-25T04:13:22Z
40099,kl_kl2_2026_en_027,kor.2,,,Chungbuk&#8197;Cheongju,Gimhae&#8197;FC&#8197;2008,2025-06-03,1,1,STATUS_FINAL,D,,,2026-07-25T04:13:22Z,2026-07-25T04:13:22Z
40100,kl_kl2_2026_en_028,kor.2,,,Chungbuk&#8197;Cheongju,Gimpo&#8197;FC,2025-06-07,1,1,STATUS_FINAL,D,,,2026-07-25T04:13:22Z,2026-07-25T04:13:22Z
40101,kl_kl2_2026_en_029,kor.2,,,Chungbuk&#8197;Cheongju,Hwaseong&#8197;FC,2025-06-11,2,3,STATUS_FINAL,A,,,2026-07-25T04:13:22Z,2026-07-25T04:13:22Z
40102,kl_kl2_2026_en_030,kor.2,,,Chungbuk&#8197;Cheongju,Suwon&#8197;FC,2025-06-15,1,4,STATUS_FINAL,A,,,2026-07-25T04:13:22Z,2026-07-25T04:13:22Z
40103,kl_kl2_2026_en_031,kor.2,,,Chungnam&#8197;Asan,Daegu&#8197;FC,2025-06-19,2,3,STATUS_FINAL,A,,,2026-07-25T04:13:22Z,2026-07-25T04:13:22Z
40104,kl_kl2_2026_en_032,kor.2,,,Chungnam&#8197;Asan,Gimhae&#8197;FC&#8197;2008,2025-06-23,1,1,STATUS_FINAL,D,,,2026-07-25T04:13:22Z,2026-07-25T04:13:22Z
40105,kl_kl2_2026_en_033,kor.2,,,Chungnam&#8197;Asan,Hwaseong&#8197;FC,2025-06-27,1,0,STATUS_FINAL,H,,,2026-07-25T04:13:22Z,2026-07-25T04:13:22Z
40106,kl_kl2_2026_en_034,kor.2,,,Chungnam&#8197;Asan,Jeonnam&#8197;Dragons,2025-07-01,2,2,STATUS_FINAL,D,,,2026-07-25T04:13:22Z,2026-07-25T04:13:22Z
40107,kl_kl2_2026_en_035,kor.2,,,Chungnam&#8197;Asan,Paju&#8197;Frontier,2025-07-05,3,2,STATUS_FINAL,H,,,2026-07-25T04:13:22Z,2026-07-25T04:13:22Z
40108,kl_kl2_2026_en_036,kor.2,,,Chungnam&#8197;Asan,Seoul&#8197;E-Land,2025-07-09,3,0,STATUS_FINAL,H,,,2026-07-25T04:13:22Z,2026-07-25T04:13:22Z
40109,kl_kl2_2026_en_037,kor.2,,,Chungnam&#8197;Asan,Suwon&#8197;FC,2025-07-13,1,3,STATUS_FINAL,A,,,2026-07-25T04:13:22Z,2026-07-25T04:13:22Z
40110,kl_kl2_2026_en_038,kor.2,,,Chungnam&#8197;Asan,Suwon&#8197;Samsung&#8197;Bluewings,2025-07-17,2,1,STATUS_FINAL,H,,,2026-07-25T04:13:22Z,2026-07-25T04:13:22Z
40111,kl_kl2_2026_en_039,kor.2,,,Daegu&#8197;FC,Ansan&#8197;Greeners,2025-07-21,3,0,STATUS_FINAL,H,,,2026-07-25T04:13:22Z,2026-07-25T04:13:22Z
40112,kl_kl2_2026_en_040,kor.2,,,Daegu&#8197;FC,Cheonan&#8197;City,2025-07-25,1,2,STATUS_FINAL,A,,,2026-07-25T04:13:22Z,2026-07-25T04:13:22Z
40113,kl_kl2_2026_en_041,kor.2,,,Daegu&#8197;FC,Gimpo&#8197;FC,2025-07-29,3,3,STATUS_FINAL,D,,,2026-07-25T04:13:22Z,2026-07-25T04:13:22Z
40114,kl_kl2_2026_en_042,kor.2,,,Daegu&#8197;FC,Gyeongnam&#8197;FC,2025-08-02,2,0,STATUS_FINAL,H,,,2026-07-25T04:13:22Z,2026-07-25T04:13:22Z
40115,kl_kl2_2026_en_043,kor.2,,,Daegu&#8197;FC,Hwaseong&#8197;FC,2025-08-06,1,0,STATUS_FINAL,H,,,2026-07-25T04:13:22Z,2026-07-25T04:13:22Z
40116,kl_kl2_2026_en_044,kor.2,,,Daegu&#8197;FC,Jeonnam&#8197;Dragons,2025-08-10,4,2,STATUS_FINAL,H,,,2026-07-25T04:13:22Z,2026-07-25T04:13:22Z
40117,kl_kl2_2026_en_045,kor.2,,,Daegu&#8197;FC,Paju&#8197;Frontier,2025-08-14,1,0,STATUS_FINAL,H,,,2026-07-25T04:13:22Z,2026-07-25T04:13:22Z
40118,kl_kl2_2026_en_046,kor.2,,,Daegu&#8197;FC,Seoul&#8197;E-Land,2025-08-18,1,3,STATUS_FINAL,A,,,2026-07-25T04:13:22Z,2026-07-25T04:13:22Z
40119,kl_kl2_2026_en_047,kor.2,,,Gimhae&#8197;FC&#8197;2008,Ansan&#8197;Greeners,2025-08-22,1,4,STATUS_FINAL,A,,,2026-07-25T04:13:22Z,2026-07-25T04:13:22Z
40120,kl_kl2_2026_en_048,kor.2,,,Gimhae&#8197;FC&#8197;2008,Busan&#8197;IPark,2025-08-26,0,1,STATUS_FINAL,A,,,2026-07-25T04:13:22Z,2026-07-25T04:13:22Z
40121,kl_kl2_2026_en_049,kor.2,,,Gimhae&#8197;FC&#8197;2008,Daegu&#8197;FC,2025-08-30,1,4,STATUS_FINAL,A,,,2026-07-25T04:13:22Z,2026-07-25T04:13:22Z
40122,kl_kl2_2026_en_050,kor.2,,,Gimhae&#8197;FC&#8197;2008,Gimpo&#8197;FC,2025-09-03,1,2,STATUS_FINAL,A,,,2026-07-25T04:13:22Z,2026-07-25T04:13:22Z
40123,kl_kl2_2026_en_051,kor.2,,,Gimhae&#8197;FC&#8197;2008,Suwon&#8197;FC,2025-09-07,1,2,STATUS_FINAL,A,,,2026-07-25T04:13:22Z,2026-07-25T04:13:22Z
40124,kl_kl2_2026_en_052,kor.2,,,Gimhae&#8197;FC&#8197;2008,Suwon&#8197;Samsung&#8197;Bluewings,2025-09-11,0,3,STATUS_FINAL,A,,,2026-07-25T04:13:22Z,2026-07-25T04:13:22Z
40125,kl_kl2_2026_en_053,kor.2,,,Gimpo&#8197;FC,Jeonnam&#8197;Dragons,2025-09-15,2,2,STATUS_FINAL,D,,,2026-07-25T04:13:22Z,2026-07-25T04:13:22Z
40126,kl_kl2_2026_en_054,kor.2,,,Gyeongnam&#8197;FC,Busan&#8197;IPark,2025-09-19,1,2,STATUS_FINAL,A,,,2026-07-25T04:13:22Z,2026-07-25T04:13:22Z
40127,kl_kl2_2026_en_055,kor.2,,,Gyeongnam&#8197;FC,Chungbuk&#8197;Cheongju,2025-09-23,2,2,STATUS_FINAL,D,,,2026-07-25T04:13:22Z,2026-07-25T04:13:22Z
40128,kl_kl2_2026_en_056,kor.2,,,Gyeongnam&#8197;FC,Gimhae&#8197;FC&#8197;2008,2025-09-27,2,1,STATUS_FINAL,H,,,2026-07-25T04:13:22Z,2026-07-25T04:13:22Z
40129,kl_kl2_2026_en_057,kor.2,,,Gyeongnam&#8197;FC,Gimpo&#8197;FC,2025-10-01,1,0,STATUS_FINAL,H,,,2026-07-25T04:13:22Z,2026-07-25T04:13:22Z
40130,kl_kl2_2026_en_058,kor.2,,,Gyeongnam&#8197;FC,Jeonnam&#8197;Dragons,2025-10-05,1,4,STATUS_FINAL,A,,,2026-07-25T04:13:22Z,2026-07-25T04:13:22Z
40131,kl_kl2_2026_en_059,kor.2,,,Gyeongnam&#8197;FC,Suwon&#8197;FC,2025-10-09,3,2,STATUS_FINAL,H,,,2026-07-25T04:13:22Z,2026-07-25T04:13:22Z
40132,kl_kl2_2026_en_060,kor.2,,,Gyeongnam&#8197;FC,Suwon&#8197;Samsung&#8197;Bluewings,2025-10-13,0,1,STATUS_FINAL,A,,,2026-07-25T04:13:22Z,2026-07-25T04:13:22Z
40133,kl_kl2_2026_en_061,kor.2,,,Gyeongnam&#8197;FC,Yongin&#8197;FC,2025-10-17,2,2,STATUS_FINAL,D,,,2026-07-25T04:13:22Z,2026-07-25T04:13:22Z
40134,kl_kl2_2026_en_062,kor.2,,,Hwaseong&#8197;FC,Ansan&#8197;Greeners,2025-10-21,2,0,STATUS_FINAL,H,,,2026-07-25T04:13:22Z,2026-07-25T04:13:22Z
40135,kl_kl2_2026_en_063,kor.2,,,Hwaseong&#8197;FC,Busan&#8197;IPark,2025-10-25,3,2,STATUS_FINAL,H,,,2026-07-25T04:13:22Z,2026-07-25T04:13:22Z
40136,kl_kl2_2026_en_064,kor.2,,,Hwaseong&#8197;FC,Cheonan&#8197;City,2025-10-29,2,2,STATUS_FINAL,D,,,2026-07-25T04:13:22Z,2026-07-25T04:13:22Z
40137,kl_kl2_2026_en_065,kor.2,,,Hwaseong&#8197;FC,Gimhae&#8197;FC&#8197;2008,2025-11-02,2,0,STATUS_FINAL,H,,,2026-07-25T04:13:22Z,2026-07-25T04:13:22Z
40138,kl_kl2_2026_en_066,kor.2,,,Hwaseong&#8197;FC,Gimpo&#8197;FC,2025-11-06,2,2,STATUS_FINAL,D,,,2026-07-25T04:13:22Z,2026-07-25T04:13:22Z
40139,kl_kl2_2026_en_067,kor.2,,,Hwaseong&#8197;FC,Gyeongnam&#8197;FC,2025-11-10,2,0,STATUS_FINAL,H,,,2026-07-25T04:13:22Z,2026-07-25T04:13:22Z
40140,kl_kl2_2026_en_068,kor.2,,,Hwaseong&#8197;FC,Jeonnam&#8197;Dragons,2025-11-14,1,0,STATUS_FINAL,H,,,2026-07-25T04:13:22Z,2026-07-25T04:13:22Z
40141,kl_kl2_2026_en_069,kor.2,,,Hwaseong&#8197;FC,Seongnam&#8197;FC,2025-11-18,1,3,STATUS_FINAL,A,,,2026-07-25T04:13:22Z,2026-07-25T04:13:22Z
40142,kl_kl2_2026_en_070,kor.2,,,Hwaseong&#8197;FC,Suwon&#8197;FC,2025-11-22,1,1,STATUS_FINAL,D,,,2026-07-25T04:13:22Z,2026-07-25T04:13:22Z
40143,kl_kl2_2026_en_071,kor.2,,,Hwaseong&#8197;FC,Suwon&#8197;Samsung&#8197;Bluewings,2025-11-26,1,2,STATUS_FINAL,A,,,2026-07-25T04:13:22Z,2026-07-25T04:13:22Z
40144,kl_kl2_2026_en_072,kor.2,,,Hwaseong&#8197;FC,Yongin&#8197;FC,2025-11-30,0,0,STATUS_FINAL,D,,,2026-07-25T04:13:22Z,2026-07-25T04:13:22Z
40145,kl_kl2_2026_en_073,kor.2,,,Jeonnam&#8197;Dragons,Chungbuk&#8197;Cheongju,2025-12-04,2,2,STATUS_FINAL,D,,,2026-07-25T04:13:22Z,2026-07-25T04:13:22Z
40146,kl_kl2_2026_en_074,kor.2,,,Jeonnam&#8197;Dragons,Gimhae&#8197;FC&#8197;2008,2025-12-08,0,1,STATUS_FINAL,A,,,2026-07-25T04:13:22Z,2026-07-25T04:13:22Z
40147,kl_kl2_2026_en_075,kor.2,,,Jeonnam&#8197;Dragons,Seoul&#8197;E-Land,2025-12-12,0,1,STATUS_FINAL,A,,,2026-07-25T04:13:22Z,2026-07-25T04:13:22Z
40148,kl_kl2_2026_en_076,kor.2,,,Paju&#8197;Frontier,Chungbuk&#8197;Cheongju,2025-12-16,0,0,STATUS_FINAL,D,,,2026-07-25T04:13:22Z,2026-07-25T04:13:22Z
40149,kl_kl2_2026_en_077,kor.2,,,Paju&#8197;Frontier,Gimhae&#8197;FC&#8197;2008,2025-12-20,3,1,STATUS_FINAL,H,,,2026-07-25T04:13:22Z,2026-07-25T04:13:22Z
40150,kl_kl2_2026_en_078,kor.2,,,Paju&#8197;Frontier,Gimpo&#8197;FC,2025-12-24,0,1,STATUS_FINAL,A,,,2026-07-25T04:13:22Z,2026-07-25T04:13:22Z
40151,kl_kl2_2026_en_079,kor.2,,,Paju&#8197;Frontier,Gyeongnam&#8197;FC,2025-12-28,2,3,STATUS_FINAL,A,,,2026-07-25T04:13:22Z,2026-07-25T04:13:22Z
40152,kl_kl2_2026_en_080,kor.2,,,Paju&#8197;Frontier,Jeonnam&#8197;Dragons,2026-01-01,2,0,STATUS_FINAL,H,,,2026-07-25T04:13:22Z,2026-07-25T04:13:22Z
40153,kl_kl2_2026_en_081,kor.2,,,Paju&#8197;Frontier,Seoul&#8197;E-Land,2026-01-05,1,3,STATUS_FINAL,A,,,2026-07-25T04:13:22Z,2026-07-25T04:13:22Z
40154,kl_kl2_2026_en_082,kor.2,,,Paju&#8197;Frontier,Suwon&#8197;Samsung&#8197;Bluewings,2026-01-09,0,1,STATUS_FINAL,A,,,2026-07-25T04:13:22Z,2026-07-25T04:13:22Z
40155,kl_kl2_2026_en_083,kor.2,,,Seongnam&#8197;FC,Ansan&#8197;Greeners,2026-01-13,0,1,STATUS_FINAL,A,,,2026-07-25T04:13:22Z,2026-07-25T04:13:22Z
40156,kl_kl2_2026_en_084,kor.2,,,Seongnam&#8197;FC,Chungbuk&#8197;Cheongju,2026-01-17,2,2,STATUS_FINAL,D,,,2026-07-25T04:13:22Z,2026-07-25T04:13:22Z
40157,kl_kl2_2026_en_085,kor.2,,,Seongnam&#8197;FC,Chungnam&#8197;Asan,2026-01-21,2,1,STATUS_FINAL,H,,,2026-07-25T04:13:22Z,2026-07-25T04:13:22Z
40158,kl_kl2_2026_en_086,kor.2,,,Seongnam&#8197;FC,Gimhae&#8197;FC&#8197;2008,2026-01-25,1,1,STATUS_FINAL,D,,,2026-07-25T04:13:22Z,2026-07-25T04:13:22Z
40159,kl_kl2_2026_en_087,kor.2,,,Seongnam&#8197;FC,Gimpo&#8197;FC,2026-01-29,0,0,STATUS_FINAL,D,,,2026-07-25T04:13:22Z,2026-07-25T04:13:22Z
40160,kl_kl2_2026_en_088,kor.2,,,Seongnam&#8197;FC,Gyeongnam&#8197;FC,2026-02-02,1,1,STATUS_FINAL,D,,,2026-07-25T04:13:22Z,2026-07-25T04:13:22Z
40161,kl_kl2_2026_en_089,kor.2,,,Seongnam&#8197;FC,Jeonnam&#8197;Dragons,2026-02-06,0,0,STATUS_FINAL,D,,,2026-07-25T04:13:22Z,2026-07-25T04:13:22Z
40162,kl_kl2_2026_en_090,kor.2,,,Seongnam&#8197;FC,Paju&#8197;Frontier,2026-02-10,0,1,STATUS_FINAL,A,,,2026-07-25T04:13:22Z,2026-07-25T04:13:22Z
40163,kl_kl2_2026_en_091,kor.2,,,Seoul&#8197;E-Land,Busan&#8197;IPark,2026-02-14,2,3,STATUS_FINAL,A,,,2026-07-25T04:13:22Z,2026-07-25T04:13:22Z
40164,kl_kl2_2026_en_092,kor.2,,,Seoul&#8197;E-Land,Chungbuk&#8197;Cheongju,2026-02-18,1,2,STATUS_FINAL,A,,,2026-07-25T04:13:22Z,2026-07-25T04:13:22Z
40165,kl_kl2_2026_en_093,kor.2,,,Seoul&#8197;E-Land,Gimpo&#8197;FC,2026-02-22,2,1,STATUS_FINAL,H,,,2026-07-25T04:13:22Z,2026-07-25T04:13:22Z
40166,kl_kl2_2026_en_094,kor.2,,,Seoul&#8197;E-Land,Gyeongnam&#8197;FC,2026-02-26,1,0,STATUS_FINAL,H,,,2026-07-25T04:13:22Z,2026-07-25T04:13:22Z
40167,kl_kl2_2026_en_095,kor.2,,,Seoul&#8197;E-Land,Hwaseong&#8197;FC,2026-03-02,1,2,STATUS_FINAL,A,,,2026-07-25T04:13:22Z,2026-07-25T04:13:22Z
40168,kl_kl2_2026_en_096,kor.2,,,Seoul&#8197;E-Land,Seongnam&#8197;FC,2026-03-06,3,1,STATUS_FINAL,H,,,2026-07-25T04:13:22Z,2026-07-25T04:13:22Z
40169,kl_kl2_2026_en_097,kor.2,,,Seoul&#8197;E-Land,Suwon&#8197;FC,2026-03-10,3,0,STATUS_FINAL,H,,,2026-07-25T04:13:22Z,2026-07-25T04:13:22Z
40170,kl_kl2_2026_en_098,kor.2,,,Seoul&#8197;E-Land,Yongin&#8197;FC,2026-03-14,2,2,STATUS_FINAL,D,,,2026-07-25T04:13:22Z,2026-07-25T04:13:22Z
40171,kl_kl2_2026_en_099,kor.2,,,Suwon&#8197;FC,Daegu&#8197;FC,2026-03-18,2,2,STATUS_FINAL,D,,,2026-07-25T04:13:22Z,2026-07-25T04:13:22Z
40172,kl_kl2_2026_en_100,kor.2,,,Suwon&#8197;FC,Gimpo&#8197;FC,2026-03-22,1,1,STATUS_FINAL,D,,,2026-07-25T04:13:22Z,2026-07-25T04:13:22Z
40173,kl_kl2_2026_en_101,kor.2,,,Suwon&#8197;FC,Paju&#8197;Frontier,2026-03-26,2,1,STATUS_FINAL,H,,,2026-07-25T04:13:22Z,2026-07-25T04:13:22Z
40174,kl_kl2_2026_en_102,kor.2,,,Suwon&#8197;FC,Seongnam&#8197;FC,2026-03-30,0,0,STATUS_FINAL,D,,,2026-07-25T04:13:22Z,2026-07-25T04:13:22Z
40175,kl_kl2_2026_en_103,kor.2,,,Suwon&#8197;FC,Suwon&#8197;Samsung&#8197;Bluewings,2026-04-03,3,1,STATUS_FINAL,H,,,2026-07-25T04:13:22Z,2026-07-25T04:13:22Z
40176,kl_kl2_2026_en_104,kor.2,,,Suwon&#8197;FC,Yongin&#8197;FC,2026-04-07,3,1,STATUS_FINAL,H,,,2026-07-25T04:13:22Z,2026-07-25T04:13:22Z
40177,kl_kl2_2026_en_105,kor.2,,,Suwon&#8197;Samsung&#8197;Bluewings,Busan&#8197;IPark,2026-04-11,3,2,STATUS_FINAL,H,,,2026-07-25T04:13:22Z,2026-07-25T04:13:22Z
40178,kl_kl2_2026_en_106,kor.2,,,Suwon&#8197;Samsung&#8197;Bluewings,Cheonan&#8197;City,2026-04-15,3,2,STATUS_FINAL,H,,,2026-07-25T04:13:22Z,2026-07-25T04:13:22Z
40179,kl_kl2_2026_en_107,kor.2,,,Suwon&#8197;Samsung&#8197;Bluewings,Chungbuk&#8197;Cheongju,2026-04-19,0,0,STATUS_FINAL,D,,,2026-07-25T04:13:22Z,2026-07-25T04:13:22Z
40180,kl_kl2_2026_en_108,kor.2,,,Suwon&#8197;Samsung&#8197;Bluewings,Daegu&#8197;FC,2026-04-23,0,0,STATUS_FINAL,D,,,2026-07-25T04:13:22Z,2026-07-25T04:13:22Z
40181,kl_kl2_2026_en_109,kor.2,,,Suwon&#8197;Samsung&#8197;Bluewings,Gimpo&#8197;FC,2026-04-27,0,1,STATUS_FINAL,A,,,2026-07-25T04:13:22Z,2026-07-25T04:13:22Z
40182,kl_kl2_2026_en_110,kor.2,,,Suwon&#8197;Samsung&#8197;Bluewings,Jeonnam&#8197;Dragons,2026-05-01,2,0,STATUS_FINAL,H,,,2026-07-25T04:13:22Z,2026-07-25T04:13:22Z
40183,kl_kl2_2026_en_111,kor.2,,,Suwon&#8197;Samsung&#8197;Bluewings,Seoul&#8197;E-Land,2026-05-05,2,1,STATUS_FINAL,H,,,2026-07-25T04:13:22Z,2026-07-25T04:13:22Z
40184,kl_kl2_2026_en_112,kor.2,,,Yongin&#8197;FC,Cheonan&#8197;City,2026-05-09,2,2,STATUS_FINAL,D,,,2026-07-25T04:13:22Z,2026-07-25T04:13:22Z
40185,kl_kl2_2026_en_113,kor.2,,,Yongin&#8197;FC,Chungnam&#8197;Asan,2026-05-13,0,0,STATUS_FINAL,D,,,2026-07-25T04:13:22Z,2026-07-25T04:13:22Z
40186,kl_kl2_2026_en_114,kor.2,,,Yongin&#8197;FC,Daegu&#8197;FC,2026-05-17,1,1,STATUS_FINAL,D,,,2026-07-25T04:13:22Z,2026-07-25T04:13:22Z
40187,kl_kl2_2026_en_115,kor.2,,,Yongin&#8197;FC,Gimhae&#8197;FC&#8197;2008,2026-05-21,4,1,STATUS_FINAL,H,,,2026-07-25T04:13:22Z,2026-07-25T04:13:22Z
40188,kl_kl2_2026_en_116,kor.2,,,Yongin&#8197;FC,Gimpo&#8197;FC,2026-05-25,1,3,STATUS_FINAL,A,,,2026-07-25T04:13:22Z,2026-07-25T04:13:22Z
40189,kl_kl2_2026_en_117,kor.2,,,Yongin&#8197;FC,Jeonnam&#8197;Dragons,2026-05-29,2,2,STATUS_FINAL,D,,,2026-07-25T04:13:22Z,2026-07-25T04:13:22Z
40190,kl_kl2_2026_en_118,kor.2,,,Yongin&#8197;FC,Seongnam&#8197;FC,2026-06-02,1,2,STATUS_FINAL,A,,,2026-07-25T04:13:22Z,2026-07-25T04:13:22Z
40191,kl_kl2_2026_en_119,kor.2,,,Yongin&#8197;FC,Suwon&#8197;Samsung&#8197;Bluewings,2026-06-06,0,1,STATUS_FINAL,A,,,2026-07-25T04:13:22Z,2026-07-25T04:13:22Z
40192,kl_kl2_2022_en_000,kor.2,,,Ansan&#8197;Greeners,FC&#8197;Anyang,2022-02-19,1,2,STATUS_FINAL,A,,,2026-07-25T04:13:22Z,2026-07-25T04:13:22Z
40193,kl_kl2_2022_en_001,kor.2,,,Ansan&#8197;Greeners,Bucheon&#8197;FC&#8197;1995,2022-02-23,3,0,STATUS_FINAL,H,,,2026-07-25T04:13:22Z,2026-07-25T04:13:22Z
40194,kl_kl2_2022_en_002,kor.2,,,Ansan&#8197;Greeners,Busan&#8197;IPark,2022-02-27,1,1,STATUS_FINAL,D,,,2026-07-25T04:13:22Z,2026-07-25T04:13:22Z
40195,kl_kl2_2022_en_003,kor.2,,,Ansan&#8197;Greeners,Chungnam&#8197;Asan,2022-03-03,0,1,STATUS_FINAL,A,,,2026-07-25T04:13:22Z,2026-07-25T04:13:22Z
40196,kl_kl2_2022_en_004,kor.2,,,Ansan&#8197;Greeners,Daejeon&#8197;Hana&#8197;Citizen,2022-03-07,1,2,STATUS_FINAL,A,,,2026-07-25T04:13:22Z,2026-07-25T04:13:22Z
40197,kl_kl2_2022_en_005,kor.2,,,Ansan&#8197;Greeners,Gimpo&#8197;FC,2022-03-11,1,1,STATUS_FINAL,D,,,2026-07-25T04:13:22Z,2026-07-25T04:13:22Z
40198,kl_kl2_2022_en_006,kor.2,,,Ansan&#8197;Greeners,Gwangju&#8197;FC,2022-03-15,0,2,STATUS_FINAL,A,,,2026-07-25T04:13:22Z,2026-07-25T04:13:22Z
40199,kl_kl2_2022_en_007,kor.2,,,Ansan&#8197;Greeners,Gyeongnam&#8197;FC,2022-03-19,2,2,STATUS_FINAL,D,,,2026-07-25T04:13:22Z,2026-07-25T04:13:22Z
40200,kl_kl2_2022_en_008,kor.2,,,Ansan&#8197;Greeners,Jeonnam&#8197;Dragons,2022-03-23,3,0,STATUS_FINAL,H,,,2026-07-25T04:13:22Z,2026-07-25T04:13:22Z
40201,kl_kl2_2022_en_009,kor.2,,,Ansan&#8197;Greeners,Seoul&#8197;E-Land,2022-03-27,0,1,STATUS_FINAL,A,,,2026-07-25T04:13:22Z,2026-07-25T04:13:22Z
40202,kl_kl2_2022_en_010,kor.2,,,FC&#8197;Anyang,Ansan&#8197;Greeners,2022-03-31,1,1,STATUS_FINAL,D,,,2026-07-25T04:13:22Z,2026-07-25T04:13:22Z
40203,kl_kl2_2022_en_011,kor.2,,,FC&#8197;Anyang,Bucheon&#8197;FC&#8197;1995,2022-04-04,4,2,STATUS_FINAL,H,,,2026-07-25T04:13:22Z,2026-07-25T04:13:22Z
40204,kl_kl2_2022_en_012,kor.2,,,FC&#8197;Anyang,Busan&#8197;IPark,2022-04-08,1,0,STATUS_FINAL,H,,,2026-07-25T04:13:22Z,2026-07-25T04:13:22Z
40205,kl_kl2_2022_en_013,kor.2,,,FC&#8197;Anyang,Chungnam&#8197;Asan,2022-04-12,2,0,STATUS_FINAL,H,,,2026-07-25T04:13:22Z,2026-07-25T04:13:22Z
40206,kl_kl2_2022_en_014,kor.2,,,FC&#8197;Anyang,Daejeon&#8197;Hana&#8197;Citizen,2022-04-16,2,2,STATUS_FINAL,D,,,2026-07-25T04:13:22Z,2026-07-25T04:13:22Z
40207,kl_kl2_2022_en_015,kor.2,,,FC&#8197;Anyang,Gimpo&#8197;FC,2022-04-20,3,2,STATUS_FINAL,H,,,2026-07-25T04:13:22Z,2026-07-25T04:13:22Z
40208,kl_kl2_2022_en_016,kor.2,,,FC&#8197;Anyang,Gwangju&#8197;FC,2022-04-24,2,2,STATUS_FINAL,D,,,2026-07-25T04:13:22Z,2026-07-25T04:13:22Z
40209,kl_kl2_2022_en_017,kor.2,,,FC&#8197;Anyang,Gyeongnam&#8197;FC,2022-04-28,2,3,STATUS_FINAL,A,,,2026-07-25T04:13:22Z,2026-07-25T04:13:22Z
40210,kl_kl2_2022_en_018,kor.2,,,FC&#8197;Anyang,Jeonnam&#8197;Dragons,2022-05-02,1,0,STATUS_FINAL,H,,,2026-07-25T04:13:22Z,2026-07-25T04:13:22Z
40211,kl_kl2_2022_en_019,kor.2,,,FC&#8197;Anyang,Seoul&#8197;E-Land,2022-05-06,0,0,STATUS_FINAL,D,,,2026-07-25T04:13:22Z,2026-07-25T04:13:22Z
40212,kl_kl2_2022_en_020,kor.2,,,Bucheon&#8197;FC&#8197;1995,Ansan&#8197;Greeners,2022-05-10,2,1,STATUS_FINAL,H,,,2026-07-25T04:13:22Z,2026-07-25T04:13:22Z
40213,kl_kl2_2022_en_021,kor.2,,,Bucheon&#8197;FC&#8197;1995,FC&#8197;Anyang,2022-05-14,2,0,STATUS_FINAL,H,,,2026-07-25T04:13:22Z,2026-07-25T04:13:22Z
40214,kl_kl2_2022_en_022,kor.2,,,Bucheon&#8197;FC&#8197;1995,Busan&#8197;IPark,2022-05-18,3,1,STATUS_FINAL,H,,,2026-07-25T04:13:22Z,2026-07-25T04:13:22Z
40215,kl_kl2_2022_en_023,kor.2,,,Bucheon&#8197;FC&#8197;1995,Chungnam&#8197;Asan,2022-05-22,0,0,STATUS_FINAL,D,,,2026-07-25T04:13:22Z,2026-07-25T04:13:22Z
40216,kl_kl2_2022_en_024,kor.2,,,Bucheon&#8197;FC&#8197;1995,Daejeon&#8197;Hana&#8197;Citizen,2022-05-26,2,1,STATUS_FINAL,H,,,2026-07-25T04:13:22Z,2026-07-25T04:13:22Z
40217,kl_kl2_2022_en_025,kor.2,,,Bucheon&#8197;FC&#8197;1995,Gimpo&#8197;FC,2022-05-30,1,0,STATUS_FINAL,H,,,2026-07-25T04:13:22Z,2026-07-25T04:13:22Z
40218,kl_kl2_2022_en_026,kor.2,,,Bucheon&#8197;FC&#8197;1995,Gwangju&#8197;FC,2022-06-03,2,0,STATUS_FINAL,H,,,2026-07-25T04:13:22Z,2026-07-25T04:13:22Z
40219,kl_kl2_2022_en_027,kor.2,,,Bucheon&#8197;FC&#8197;1995,Gyeongnam&#8197;FC,2022-06-07,0,1,STATUS_FINAL,A,,,2026-07-25T04:13:22Z,2026-07-25T04:13:22Z
40220,kl_kl2_2022_en_028,kor.2,,,Bucheon&#8197;FC&#8197;1995,Jeonnam&#8197;Dragons,2022-06-11,2,1,STATUS_FINAL,H,,,2026-07-25T04:13:22Z,2026-07-25T04:13:22Z
40221,kl_kl2_2022_en_029,kor.2,,,Bucheon&#8197;FC&#8197;1995,Seoul&#8197;E-Land,2022-06-15,0,0,STATUS_FINAL,D,,,2026-07-25T04:13:22Z,2026-07-25T04:13:22Z
40222,kl_kl2_2022_en_030,kor.2,,,Busan&#8197;IPark,Ansan&#8197;Greeners,2022-06-19,2,0,STATUS_FINAL,H,,,2026-07-25T04:13:22Z,2026-07-25T04:13:22Z
40223,kl_kl2_2022_en_031,kor.2,,,Busan&#8197;IPark,FC&#8197;Anyang,2022-06-23,1,1,STATUS_FINAL,D,,,2026-07-25T04:13:22Z,2026-07-25T04:13:22Z
40224,kl_kl2_2022_en_032,kor.2,,,Busan&#8197;IPark,Bucheon&#8197;FC&#8197;1995,2022-06-27,0,1,STATUS_FINAL,A,,,2026-07-25T04:13:22Z,2026-07-25T04:13:22Z
40225,kl_kl2_2022_en_033,kor.2,,,Busan&#8197;IPark,Chungnam&#8197;Asan,2022-07-01,3,1,STATUS_FINAL,H,,,2026-07-25T04:13:22Z,2026-07-25T04:13:22Z
40226,kl_kl2_2022_en_034,kor.2,,,Busan&#8197;IPark,Daejeon&#8197;Hana&#8197;Citizen,2022-07-05,1,1,STATUS_FINAL,D,,,2026-07-25T04:13:22Z,2026-07-25T04:13:22Z
40227,kl_kl2_2022_en_035,kor.2,,,Busan&#8197;IPark,Gimpo&#8197;FC,2022-07-09,2,0,STATUS_FINAL,H,,,2026-07-25T04:13:22Z,2026-07-25T04:13:22Z
40228,kl_kl2_2022_en_036,kor.2,,,Busan&#8197;IPark,Gwangju&#8197;FC,2022-07-13,0,3,STATUS_FINAL,A,,,2026-07-25T04:13:22Z,2026-07-25T04:13:22Z
40229,kl_kl2_2022_en_037,kor.2,,,Busan&#8197;IPark,Gyeongnam&#8197;FC,2022-07-17,1,1,STATUS_FINAL,D,,,2026-07-25T04:13:22Z,2026-07-25T04:13:22Z
40230,kl_kl2_2022_en_038,kor.2,,,Busan&#8197;IPark,Jeonnam&#8197;Dragons,2022-07-21,0,2,STATUS_FINAL,A,,,2026-07-25T04:13:22Z,2026-07-25T04:13:22Z
40231,kl_kl2_2022_en_039,kor.2,,,Busan&#8197;IPark,Seoul&#8197;E-Land,2022-07-25,1,2,STATUS_FINAL,A,,,2026-07-25T04:13:22Z,2026-07-25T04:13:22Z
40232,kl_kl2_2022_en_040,kor.2,,,Chungnam&#8197;Asan,Ansan&#8197;Greeners,2022-07-29,0,0,STATUS_FINAL,D,,,2026-07-25T04:13:22Z,2026-07-25T04:13:22Z
40233,kl_kl2_2022_en_041,kor.2,,,Chungnam&#8197;Asan,FC&#8197;Anyang,2022-08-02,2,0,STATUS_FINAL,H,,,2026-07-25T04:13:22Z,2026-07-25T04:13:22Z
40234,kl_kl2_2022_en_042,kor.2,,,Chungnam&#8197;Asan,Bucheon&#8197;FC&#8197;1995,2022-08-06,0,0,STATUS_FINAL,D,,,2026-07-25T04:13:22Z,2026-07-25T04:13:22Z
40235,kl_kl2_2022_en_043,kor.2,,,Chungnam&#8197;Asan,Busan&#8197;IPark,2022-08-10,1,0,STATUS_FINAL,H,,,2026-07-25T04:13:22Z,2026-07-25T04:13:22Z
40236,kl_kl2_2022_en_044,kor.2,,,Chungnam&#8197;Asan,Daejeon&#8197;Hana&#8197;Citizen,2022-08-14,0,3,STATUS_FINAL,A,,,2026-07-25T04:13:22Z,2026-07-25T04:13:22Z
40237,kl_kl2_2022_en_045,kor.2,,,Chungnam&#8197;Asan,Gimpo&#8197;FC,2022-08-18,2,1,STATUS_FINAL,H,,,2026-07-25T04:13:22Z,2026-07-25T04:13:22Z
40238,kl_kl2_2022_en_046,kor.2,,,Chungnam&#8197;Asan,Gwangju&#8197;FC,2022-08-22,0,2,STATUS_FINAL,A,,,2026-07-25T04:13:22Z,2026-07-25T04:13:22Z
40239,kl_kl2_2022_en_047,kor.2,,,Chungnam&#8197;Asan,Gyeongnam&#8197;FC,2022-08-26,2,2,STATUS_FINAL,D,,,2026-07-25T04:13:22Z,2026-07-25T04:13:22Z
40240,kl_kl2_2022_en_048,kor.2,,,Chungnam&#8197;Asan,Jeonnam&#8197;Dragons,2022-08-30,1,0,STATUS_FINAL,H,,,2026-07-25T04:13:22Z,2026-07-25T04:13:22Z
40241,kl_kl2_2022_en_049,kor.2,,,Chungnam&#8197;Asan,Seoul&#8197;E-Land,2022-09-03,0,0,STATUS_FINAL,D,,,2026-07-25T04:13:22Z,2026-07-25T04:13:22Z
40242,kl_kl2_2022_en_050,kor.2,,,Daejeon&#8197;Hana&#8197;Citizen,Ansan&#8197;Greeners,2022-09-07,0,0,STATUS_FINAL,D,,,2026-07-25T04:13:22Z,2026-07-25T04:13:22Z
40243,kl_kl2_2022_en_051,kor.2,,,Daejeon&#8197;Hana&#8197;Citizen,FC&#8197;Anyang,2022-09-11,1,1,STATUS_FINAL,D,,,2026-07-25T04:13:22Z,2026-07-25T04:13:22Z
40244,kl_kl2_2022_en_052,kor.2,,,Daejeon&#8197;Hana&#8197;Citizen,Bucheon&#8197;FC&#8197;1995,2022-09-15,1,0,STATUS_FINAL,H,,,2026-07-25T04:13:22Z,2026-07-25T04:13:22Z
40245,kl_kl2_2022_en_053,kor.2,,,Daejeon&#8197;Hana&#8197;Citizen,Busan&#8197;IPark,2022-09-19,4,3,STATUS_FINAL,H,,,2026-07-25T04:13:22Z,2026-07-25T04:13:22Z
40246,kl_kl2_2022_en_054,kor.2,,,Daejeon&#8197;Hana&#8197;Citizen,Chungnam&#8197;Asan,2022-09-23,2,1,STATUS_FINAL,H,,,2026-07-25T04:13:22Z,2026-07-25T04:13:22Z
40247,kl_kl2_2022_en_055,kor.2,,,Daejeon&#8197;Hana&#8197;Citizen,Gimpo&#8197;FC,2022-09-27,4,4,STATUS_FINAL,D,,,2026-07-25T04:13:22Z,2026-07-25T04:13:22Z
40248,kl_kl2_2022_en_056,kor.2,,,Daejeon&#8197;Hana&#8197;Citizen,Gwangju&#8197;FC,2022-10-01,1,1,STATUS_FINAL,D,,,2026-07-25T04:13:22Z,2026-07-25T04:13:22Z
40249,kl_kl2_2022_en_057,kor.2,,,Daejeon&#8197;Hana&#8197;Citizen,Gyeongnam&#8197;FC,2022-10-05,4,1,STATUS_FINAL,H,,,2026-07-25T04:13:22Z,2026-07-25T04:13:22Z
40250,kl_kl2_2022_en_058,kor.2,,,Daejeon&#8197;Hana&#8197;Citizen,Jeonnam&#8197;Dragons,2022-10-09,3,2,STATUS_FINAL,H,,,2026-07-25T04:13:22Z,2026-07-25T04:13:22Z
40251,kl_kl2_2022_en_059,kor.2,,,Daejeon&#8197;Hana&#8197;Citizen,Seoul&#8197;E-Land,2022-10-13,2,1,STATUS_FINAL,H,,,2026-07-25T04:13:22Z,2026-07-25T04:13:22Z
40252,kl_kl2_2022_en_060,kor.2,,,Gimpo&#8197;FC,Ansan&#8197;Greeners,2022-10-17,1,1,STATUS_FINAL,D,,,2026-07-25T04:13:22Z,2026-07-25T04:13:22Z
40253,kl_kl2_2022_en_061,kor.2,,,Gimpo&#8197;FC,FC&#8197;Anyang,2022-10-21,0,1,STATUS_FINAL,A,,,2026-07-25T04:13:22Z,2026-07-25T04:13:22Z
40254,kl_kl2_2022_en_062,kor.2,,,Gimpo&#8197;FC,Bucheon&#8197;FC&#8197;1995,2022-10-25,2,1,STATUS_FINAL,H,,,2026-07-25T04:13:22Z,2026-07-25T04:13:22Z
40255,kl_kl2_2022_en_063,kor.2,,,Gimpo&#8197;FC,Busan&#8197;IPark,2022-10-29,1,0,STATUS_FINAL,H,,,2026-07-25T04:13:22Z,2026-07-25T04:13:22Z
40256,kl_kl2_2022_en_064,kor.2,,,Gimpo&#8197;FC,Chungnam&#8197;Asan,2022-11-02,0,4,STATUS_FINAL,A,,,2026-07-25T04:13:22Z,2026-07-25T04:13:22Z
40257,kl_kl2_2022_en_065,kor.2,,,Gimpo&#8197;FC,Daejeon&#8197;Hana&#8197;Citizen,2022-11-06,1,2,STATUS_FINAL,A,,,2026-07-25T04:13:22Z,2026-07-25T04:13:22Z
40258,kl_kl2_2022_en_066,kor.2,,,Gimpo&#8197;FC,Gwangju&#8197;FC,2022-11-10,1,2,STATUS_FINAL,A,,,2026-07-25T04:13:22Z,2026-07-25T04:13:22Z
40259,kl_kl2_2022_en_067,kor.2,,,Gimpo&#8197;FC,Gyeongnam&#8197;FC,2022-02-20,2,1,STATUS_FINAL,H,,,2026-07-25T04:13:22Z,2026-07-25T04:13:22Z
40260,kl_kl2_2022_en_068,kor.2,,,Gimpo&#8197;FC,Jeonnam&#8197;Dragons,2022-02-24,2,2,STATUS_FINAL,D,,,2026-07-25T04:13:22Z,2026-07-25T04:13:22Z
40261,kl_kl2_2022_en_069,kor.2,,,Gimpo&#8197;FC,Seoul&#8197;E-Land,2022-02-28,2,2,STATUS_FINAL,D,,,2026-07-25T04:13:22Z,2026-07-25T04:13:22Z
40262,kl_kl2_2022_en_070,kor.2,,,Gwangju&#8197;FC,Ansan&#8197;Greeners,2022-03-04,2,0,STATUS_FINAL,H,,,2026-07-25T04:13:22Z,2026-07-25T04:13:22Z
40263,kl_kl2_2022_en_071,kor.2,,,Gwangju&#8197;FC,FC&#8197;Anyang,2022-03-08,4,0,STATUS_FINAL,H,,,2026-07-25T04:13:22Z,2026-07-25T04:13:22Z
40264,kl_kl2_2022_en_072,kor.2,,,Gwangju&#8197;FC,Bucheon&#8197;FC&#8197;1995,2022-03-12,1,0,STATUS_FINAL,H,,,2026-07-25T04:13:22Z,2026-07-25T04:13:22Z
40265,kl_kl2_2022_en_073,kor.2,,,Gwangju&#8197;FC,Busan&#8197;IPark,2022-03-16,1,0,STATUS_FINAL,H,,,2026-07-25T04:13:22Z,2026-07-25T04:13:22Z
40266,kl_kl2_2022_en_074,kor.2,,,Gwangju&#8197;FC,Chungnam&#8197;Asan,2022-03-20,2,1,STATUS_FINAL,H,,,2026-07-25T04:13:22Z,2026-07-25T04:13:22Z
40267,kl_kl2_2022_en_075,kor.2,,,Gwangju&#8197;FC,Daejeon&#8197;Hana&#8197;Citizen,2022-03-24,2,0,STATUS_FINAL,H,,,2026-07-25T04:13:22Z,2026-07-25T04:13:22Z
40268,kl_kl2_2022_en_076,kor.2,,,Gwangju&#8197;FC,Gimpo&#8197;FC,2022-03-28,1,2,STATUS_FINAL,A,,,2026-07-25T04:13:22Z,2026-07-25T04:13:22Z
40269,kl_kl2_2022_en_077,kor.2,,,Gwangju&#8197;FC,Gyeongnam&#8197;FC,2022-04-01,1,4,STATUS_FINAL,A,,,2026-07-25T04:13:22Z,2026-07-25T04:13:22Z
40270,kl_kl2_2022_en_078,kor.2,,,Gwangju&#8197;FC,Jeonnam&#8197;Dragons,2022-04-05,1,0,STATUS_FINAL,H,,,2026-07-25T04:13:22Z,2026-07-25T04:13:22Z
40271,kl_kl2_2022_en_079,kor.2,,,Gwangju&#8197;FC,Seoul&#8197;E-Land,2022-04-09,2,1,STATUS_FINAL,H,,,2026-07-25T04:13:22Z,2026-07-25T04:13:22Z
40272,kl_kl2_2022_en_080,kor.2,,,Gyeongnam&#8197;FC,Ansan&#8197;Greeners,2022-04-13,2,1,STATUS_FINAL,H,,,2026-07-25T04:13:22Z,2026-07-25T04:13:22Z
40273,kl_kl2_2022_en_081,kor.2,,,Gyeongnam&#8197;FC,FC&#8197;Anyang,2022-04-17,2,3,STATUS_FINAL,A,,,2026-07-25T04:13:22Z,2026-07-25T04:13:22Z
40274,kl_kl2_2022_en_082,kor.2,,,Gyeongnam&#8197;FC,Bucheon&#8197;FC&#8197;1995,2022-04-21,2,3,STATUS_FINAL,A,,,2026-07-25T04:13:22Z,2026-07-25T04:13:22Z
40275,kl_kl2_2022_en_083,kor.2,,,Gyeongnam&#8197;FC,Busan&#8197;IPark,2022-04-25,3,2,STATUS_FINAL,H,,,2026-07-25T04:13:22Z,2026-07-25T04:13:22Z
40276,kl_kl2_2022_en_084,kor.2,,,Gyeongnam&#8197;FC,Chungnam&#8197;Asan,2022-04-29,0,0,STATUS_FINAL,D,,,2026-07-25T04:13:22Z,2026-07-25T04:13:22Z
40277,kl_kl2_2022_en_085,kor.2,,,Gyeongnam&#8197;FC,Daejeon&#8197;Hana&#8197;Citizen,2022-05-03,1,1,STATUS_FINAL,D,,,2026-07-25T04:13:22Z,2026-07-25T04:13:22Z
40278,kl_kl2_2022_en_086,kor.2,,,Gyeongnam&#8197;FC,Gimpo&#8197;FC,2022-05-07,6,1,STATUS_FINAL,H,,,2026-07-25T04:13:22Z,2026-07-25T04:13:22Z
40279,kl_kl2_2022_en_087,kor.2,,,Gyeongnam&#8197;FC,Gwangju&#8197;FC,2022-05-11,1,2,STATUS_FINAL,A,,,2026-07-25T04:13:22Z,2026-07-25T04:13:22Z
40280,kl_kl2_2022_en_088,kor.2,,,Gyeongnam&#8197;FC,Jeonnam&#8197;Dragons,2022-05-15,1,2,STATUS_FINAL,A,,,2026-07-25T04:13:22Z,2026-07-25T04:13:22Z
40281,kl_kl2_2022_en_089,kor.2,,,Gyeongnam&#8197;FC,Seoul&#8197;E-Land,2022-05-19,0,1,STATUS_FINAL,A,,,2026-07-25T04:13:22Z,2026-07-25T04:13:22Z
40282,kl_kl2_2022_en_090,kor.2,,,Jeonnam&#8197;Dragons,Ansan&#8197;Greeners,2022-05-23,1,1,STATUS_FINAL,D,,,2026-07-25T04:13:22Z,2026-07-25T04:13:22Z
40283,kl_kl2_2022_en_091,kor.2,,,Jeonnam&#8197;Dragons,FC&#8197;Anyang,2022-05-27,2,0,STATUS_FINAL,H,,,2026-07-25T04:13:22Z,2026-07-25T04:13:22Z
40284,kl_kl2_2022_en_092,kor.2,,,Jeonnam&#8197;Dragons,Bucheon&#8197;FC&#8197;1995,2022-05-31,2,1,STATUS_FINAL,H,,,2026-07-25T04:13:22Z,2026-07-25T04:13:22Z
40285,kl_kl2_2022_en_093,kor.2,,,Jeonnam&#8197;Dragons,Busan&#8197;IPark,2022-06-04,0,0,STATUS_FINAL,D,,,2026-07-25T04:13:22Z,2026-07-25T04:13:22Z
40286,kl_kl2_2022_en_094,kor.2,,,Jeonnam&#8197;Dragons,Chungnam&#8197;Asan,2022-06-08,0,0,STATUS_FINAL,D,,,2026-07-25T04:13:22Z,2026-07-25T04:13:22Z
40287,kl_kl2_2022_en_095,kor.2,,,Jeonnam&#8197;Dragons,Daejeon&#8197;Hana&#8197;Citizen,2022-06-12,0,1,STATUS_FINAL,A,,,2026-07-25T04:13:22Z,2026-07-25T04:13:22Z
40288,kl_kl2_2022_en_096,kor.2,,,Jeonnam&#8197;Dragons,Gimpo&#8197;FC,2022-06-16,0,2,STATUS_FINAL,A,,,2026-07-25T04:13:22Z,2026-07-25T04:13:22Z
40289,kl_kl2_2022_en_097,kor.2,,,Jeonnam&#8197;Dragons,Gwangju&#8197;FC,2022-06-20,1,1,STATUS_FINAL,D,,,2026-07-25T04:13:22Z,2026-07-25T04:13:22Z
40290,kl_kl2_2022_en_098,kor.2,,,Jeonnam&#8197;Dragons,Gyeongnam&#8197;FC,2022-06-24,2,2,STATUS_FINAL,D,,,2026-07-25T04:13:22Z,2026-07-25T04:13:22Z
40291,kl_kl2_2022_en_099,kor.2,,,Jeonnam&#8197;Dragons,Seoul&#8197;E-Land,2022-06-28,1,1,STATUS_FINAL,D,,,2026-07-25T04:13:22Z,2026-07-25T04:13:22Z
40292,kl_kl2_2022_en_100,kor.2,,,Seoul&#8197;E-Land,Ansan&#8197;Greeners,2022-07-02,2,3,STATUS_FINAL,A,,,2026-07-25T04:13:22Z,2026-07-25T04:13:22Z
40293,kl_kl2_2022_en_101,kor.2,,,Seoul&#8197;E-Land,FC&#8197;Anyang,2022-07-06,0,0,STATUS_FINAL,D,,,2026-07-25T04:13:22Z,2026-07-25T04:13:22Z
40294,kl_kl2_2022_en_102,kor.2,,,Seoul&#8197;E-Land,Bucheon&#8197;FC&#8197;1995,2022-07-10,1,1,STATUS_FINAL,D,,,2026-07-25T04:13:22Z,2026-07-25T04:13:22Z
40295,kl_kl2_2022_en_103,kor.2,,,Seoul&#8197;E-Land,Busan&#8197;IPark,2022-07-14,2,2,STATUS_FINAL,D,,,2026-07-25T04:13:22Z,2026-07-25T04:13:22Z
40296,kl_kl2_2022_en_104,kor.2,,,Seoul&#8197;E-Land,Chungnam&#8197;Asan,2022-07-18,0,0,STATUS_FINAL,D,,,2026-07-25T04:13:22Z,2026-07-25T04:13:22Z
40297,kl_kl2_2022_en_105,kor.2,,,Seoul&#8197;E-Land,Daejeon&#8197;Hana&#8197;Citizen,2022-07-22,0,1,STATUS_FINAL,A,,,2026-07-25T04:13:22Z,2026-07-25T04:13:22Z
40298,kl_kl2_2022_en_106,kor.2,,,Seoul&#8197;E-Land,Gimpo&#8197;FC,2022-07-26,3,1,STATUS_FINAL,H,,,2026-07-25T04:13:22Z,2026-07-25T04:13:22Z
40299,kl_kl2_2022_en_107,kor.2,,,Seoul&#8197;E-Land,Gwangju&#8197;FC,2022-07-30,2,2,STATUS_FINAL,D,,,2026-07-25T04:13:22Z,2026-07-25T04:13:22Z
40300,kl_kl2_2022_en_108,kor.2,,,Seoul&#8197;E-Land,Gyeongnam&#8197;FC,2022-08-03,2,1,STATUS_FINAL,H,,,2026-07-25T04:13:22Z,2026-07-25T04:13:22Z
40301,kl_kl2_2022_en_109,kor.2,,,Seoul&#8197;E-Land,Jeonnam&#8197;Dragons,2022-08-07,1,1,STATUS_FINAL,D,,,2026-07-25T04:13:22Z,2026-07-25T04:13:22Z
40302,kl_kl2_2023_en_000,kor.2,,,Ansan&#8197;Greeners,FC&#8197;Anyang,2023-03-04,1,1,STATUS_FINAL,D,,,2026-07-25T04:13:22Z,2026-07-25T04:13:22Z
40303,kl_kl2_2023_en_001,kor.2,,,Ansan&#8197;Greeners,Bucheon&#8197;FC&#8197;1995,2023-03-08,0,2,STATUS_FINAL,A,,,2026-07-25T04:13:22Z,2026-07-25T04:13:22Z
40304,kl_kl2_2023_en_002,kor.2,,,Ansan&#8197;Greeners,Busan&#8197;IPark,2023-03-12,1,2,STATUS_FINAL,A,,,2026-07-25T04:13:22Z,2026-07-25T04:13:22Z
40305,kl_kl2_2023_en_003,kor.2,,,Ansan&#8197;Greeners,Cheonan&#8197;City,2023-03-16,2,1,STATUS_FINAL,H,,,2026-07-25T04:13:22Z,2026-07-25T04:13:22Z
40306,kl_kl2_2023_en_004,kor.2,,,Ansan&#8197;Greeners,Chungbuk&#8197;Cheongju,2023-03-20,0,2,STATUS_FINAL,A,,,2026-07-25T04:13:22Z,2026-07-25T04:13:22Z
40307,kl_kl2_2023_en_005,kor.2,,,Ansan&#8197;Greeners,Chungnam&#8197;Asan,2023-03-24,1,0,STATUS_FINAL,H,,,2026-07-25T04:13:22Z,2026-07-25T04:13:22Z
40308,kl_kl2_2023_en_006,kor.2,,,Ansan&#8197;Greeners,Gimcheon&#8197;Sangmu,2023-03-28,2,3,STATUS_FINAL,A,,,2026-07-25T04:13:22Z,2026-07-25T04:13:22Z
40309,kl_kl2_2023_en_007,kor.2,,,Ansan&#8197;Greeners,Gimpo&#8197;FC,2023-04-01,2,3,STATUS_FINAL,A,,,2026-07-25T04:13:22Z,2026-07-25T04:13:22Z
40310,kl_kl2_2023_en_008,kor.2,,,Ansan&#8197;Greeners,Gyeongnam&#8197;FC,2023-04-05,1,1,STATUS_FINAL,D,,,2026-07-25T04:13:22Z,2026-07-25T04:13:22Z
40311,kl_kl2_2023_en_009,kor.2,,,Ansan&#8197;Greeners,Jeonnam&#8197;Dragons,2023-04-09,1,0,STATUS_FINAL,H,,,2026-07-25T04:13:22Z,2026-07-25T04:13:22Z
40312,kl_kl2_2023_en_010,kor.2,,,Ansan&#8197;Greeners,Seongnam&#8197;FC,2023-04-13,0,3,STATUS_FINAL,A,,,2026-07-25T04:13:22Z,2026-07-25T04:13:22Z
40313,kl_kl2_2023_en_011,kor.2,,,Ansan&#8197;Greeners,Seoul&#8197;E-Land,2023-04-17,1,2,STATUS_FINAL,A,,,2026-07-25T04:13:22Z,2026-07-25T04:13:22Z
40314,kl_kl2_2023_en_012,kor.2,,,FC&#8197;Anyang,Ansan&#8197;Greeners,2023-04-21,1,1,STATUS_FINAL,D,,,2026-07-25T04:13:22Z,2026-07-25T04:13:22Z
40315,kl_kl2_2023_en_013,kor.2,,,FC&#8197;Anyang,Bucheon&#8197;FC&#8197;1995,2023-04-25,2,2,STATUS_FINAL,D,,,2026-07-25T04:13:22Z,2026-07-25T04:13:22Z
40316,kl_kl2_2023_en_014,kor.2,,,FC&#8197;Anyang,Busan&#8197;IPark,2023-04-29,0,3,STATUS_FINAL,A,,,2026-07-25T04:13:22Z,2026-07-25T04:13:22Z
40317,kl_kl2_2023_en_015,kor.2,,,FC&#8197;Anyang,Cheonan&#8197;City,2023-05-03,1,1,STATUS_FINAL,D,,,2026-07-25T04:13:22Z,2026-07-25T04:13:22Z
40318,kl_kl2_2023_en_016,kor.2,,,FC&#8197;Anyang,Chungbuk&#8197;Cheongju,2023-05-07,1,0,STATUS_FINAL,H,,,2026-07-25T04:13:22Z,2026-07-25T04:13:22Z
40319,kl_kl2_2023_en_017,kor.2,,,FC&#8197;Anyang,Chungnam&#8197;Asan,2023-05-11,3,0,STATUS_FINAL,H,,,2026-07-25T04:13:22Z,2026-07-25T04:13:22Z
40320,kl_kl2_2023_en_018,kor.2,,,FC&#8197;Anyang,Gimcheon&#8197;Sangmu,2023-05-15,2,0,STATUS_FINAL,H,,,2026-07-25T04:13:22Z,2026-07-25T04:13:22Z
40321,kl_kl2_2023_en_019,kor.2,,,FC&#8197;Anyang,Gimpo&#8197;FC,2023-05-19,1,2,STATUS_FINAL,A,,,2026-07-25T04:13:22Z,2026-07-25T04:13:22Z
40322,kl_kl2_2023_en_020,kor.2,,,FC&#8197;Anyang,Gyeongnam&#8197;FC,2023-05-23,2,4,STATUS_FINAL,A,,,2026-07-25T04:13:22Z,2026-07-25T04:13:22Z
40323,kl_kl2_2023_en_021,kor.2,,,FC&#8197;Anyang,Jeonnam&#8197;Dragons,2023-05-27,2,0,STATUS_FINAL,H,,,2026-07-25T04:13:22Z,2026-07-25T04:13:22Z
40324,kl_kl2_2023_en_022,kor.2,,,FC&#8197;Anyang,Seongnam&#8197;FC,2023-05-31,2,1,STATUS_FINAL,H,,,2026-07-25T04:13:22Z,2026-07-25T04:13:22Z
40325,kl_kl2_2023_en_023,kor.2,,,FC&#8197;Anyang,Seoul&#8197;E-Land,2023-06-04,1,1,STATUS_FINAL,D,,,2026-07-25T04:13:22Z,2026-07-25T04:13:22Z
40326,kl_kl2_2023_en_024,kor.2,,,Bucheon&#8197;FC&#8197;1995,Ansan&#8197;Greeners,2023-06-08,1,0,STATUS_FINAL,H,,,2026-07-25T04:13:22Z,2026-07-25T04:13:22Z
40327,kl_kl2_2023_en_025,kor.2,,,Bucheon&#8197;FC&#8197;1995,FC&#8197;Anyang,2023-06-12,2,4,STATUS_FINAL,A,,,2026-07-25T04:13:22Z,2026-07-25T04:13:22Z
40328,kl_kl2_2023_en_026,kor.2,,,Bucheon&#8197;FC&#8197;1995,Busan&#8197;IPark,2023-06-16,0,0,STATUS_FINAL,D,,,2026-07-25T04:13:22Z,2026-07-25T04:13:22Z
40329,kl_kl2_2023_en_027,kor.2,,,Bucheon&#8197;FC&#8197;1995,Cheonan&#8197;City,2023-06-20,1,1,STATUS_FINAL,D,,,2026-07-25T04:13:22Z,2026-07-25T04:13:22Z
40330,kl_kl2_2023_en_028,kor.2,,,Bucheon&#8197;FC&#8197;1995,Chungbuk&#8197;Cheongju,2023-06-24,0,0,STATUS_FINAL,D,,,2026-07-25T04:13:22Z,2026-07-25T04:13:22Z
40331,kl_kl2_2023_en_029,kor.2,,,Bucheon&#8197;FC&#8197;1995,Chungnam&#8197;Asan,2023-06-28,2,1,STATUS_FINAL,H,,,2026-07-25T04:13:22Z,2026-07-25T04:13:22Z
40332,kl_kl2_2023_en_030,kor.2,,,Bucheon&#8197;FC&#8197;1995,Gimcheon&#8197;Sangmu,2023-07-02,0,3,STATUS_FINAL,A,,,2026-07-25T04:13:22Z,2026-07-25T04:13:22Z
40333,kl_kl2_2023_en_031,kor.2,,,Bucheon&#8197;FC&#8197;1995,Gimpo&#8197;FC,2023-07-06,2,0,STATUS_FINAL,H,,,2026-07-25T04:13:22Z,2026-07-25T04:13:22Z
40334,kl_kl2_2023_en_032,kor.2,,,Bucheon&#8197;FC&#8197;1995,Gyeongnam&#8197;FC,2023-07-10,2,0,STATUS_FINAL,H,,,2026-07-25T04:13:22Z,2026-07-25T04:13:22Z
40335,kl_kl2_2023_en_033,kor.2,,,Bucheon&#8197;FC&#8197;1995,Jeonnam&#8197;Dragons,2023-07-14,5,2,STATUS_FINAL,H,,,2026-07-25T04:13:22Z,2026-07-25T04:13:22Z
40336,kl_kl2_2023_en_034,kor.2,,,Bucheon&#8197;FC&#8197;1995,Seongnam&#8197;FC,2023-07-18,1,0,STATUS_FINAL,H,,,2026-07-25T04:13:22Z,2026-07-25T04:13:22Z
40337,kl_kl2_2023_en_035,kor.2,,,Bucheon&#8197;FC&#8197;1995,Seoul&#8197;E-Land,2023-07-22,0,1,STATUS_FINAL,A,,,2026-07-25T04:13:22Z,2026-07-25T04:13:22Z
40338,kl_kl2_2023_en_036,kor.2,,,Busan&#8197;IPark,Ansan&#8197;Greeners,2023-07-26,0,0,STATUS_FINAL,D,,,2026-07-25T04:13:22Z,2026-07-25T04:13:22Z
40339,kl_kl2_2023_en_037,kor.2,,,Busan&#8197;IPark,FC&#8197;Anyang,2023-07-30,2,1,STATUS_FINAL,H,,,2026-07-25T04:13:22Z,2026-07-25T04:13:22Z
40340,kl_kl2_2023_en_038,kor.2,,,Busan&#8197;IPark,Bucheon&#8197;FC&#8197;1995,2023-08-03,0,1,STATUS_FINAL,A,,,2026-07-25T04:13:22Z,2026-07-25T04:13:22Z
40341,kl_kl2_2023_en_039,kor.2,,,Busan&#8197;IPark,Cheonan&#8197;City,2023-08-07,1,0,STATUS_FINAL,H,,,2026-07-25T04:13:22Z,2026-07-25T04:13:22Z
40342,kl_kl2_2023_en_040,kor.2,,,Busan&#8197;IPark,Chungbuk&#8197;Cheongju,2023-08-11,1,1,STATUS_FINAL,D,,,2026-07-25T04:13:22Z,2026-07-25T04:13:22Z
40343,kl_kl2_2023_en_041,kor.2,,,Busan&#8197;IPark,Chungnam&#8197;Asan,2023-08-15,2,0,STATUS_FINAL,H,,,2026-07-25T04:13:22Z,2026-07-25T04:13:22Z
40344,kl_kl2_2023_en_042,kor.2,,,Busan&#8197;IPark,Gimcheon&#8197;Sangmu,2023-08-19,3,1,STATUS_FINAL,H,,,2026-07-25T04:13:22Z,2026-07-25T04:13:22Z
40345,kl_kl2_2023_en_043,kor.2,,,Busan&#8197;IPark,Gimpo&#8197;FC,2023-08-23,0,0,STATUS_FINAL,D,,,2026-07-25T04:13:22Z,2026-07-25T04:13:22Z
40346,kl_kl2_2023_en_044,kor.2,,,Busan&#8197;IPark,Gyeongnam&#8197;FC,2023-08-27,0,0,STATUS_FINAL,D,,,2026-07-25T04:13:22Z,2026-07-25T04:13:22Z
40347,kl_kl2_2023_en_045,kor.2,,,Busan&#8197;IPark,Jeonnam&#8197;Dragons,2023-08-31,1,0,STATUS_FINAL,H,,,2026-07-25T04:13:22Z,2026-07-25T04:13:22Z
40348,kl_kl2_2023_en_046,kor.2,,,Busan&#8197;IPark,Seongnam&#8197;FC,2023-09-04,2,3,STATUS_FINAL,A,,,2026-07-25T04:13:22Z,2026-07-25T04:13:22Z
40349,kl_kl2_2023_en_047,kor.2,,,Busan&#8197;IPark,Seoul&#8197;E-Land,2023-09-08,1,0,STATUS_FINAL,H,,,2026-07-25T04:13:22Z,2026-07-25T04:13:22Z
40350,kl_kl2_2023_en_048,kor.2,,,Cheonan&#8197;City,Ansan&#8197;Greeners,2023-09-12,1,1,STATUS_FINAL,D,,,2026-07-25T04:13:22Z,2026-07-25T04:13:22Z
40351,kl_kl2_2023_en_049,kor.2,,,Cheonan&#8197;City,FC&#8197;Anyang,2023-09-16,0,4,STATUS_FINAL,A,,,2026-07-25T04:13:22Z,2026-07-25T04:13:22Z
40352,kl_kl2_2023_en_050,kor.2,,,Cheonan&#8197;City,Bucheon&#8197;FC&#8197;1995,2023-09-20,0,3,STATUS_FINAL,A,,,2026-07-25T04:13:22Z,2026-07-25T04:13:22Z
40353,kl_kl2_2023_en_051,kor.2,,,Cheonan&#8197;City,Busan&#8197;IPark,2023-09-24,2,3,STATUS_FINAL,A,,,2026-07-25T04:13:22Z,2026-07-25T04:13:22Z
40354,kl_kl2_2023_en_052,kor.2,,,Cheonan&#8197;City,Chungbuk&#8197;Cheongju,2023-09-28,2,2,STATUS_FINAL,D,,,2026-07-25T04:13:22Z,2026-07-25T04:13:22Z
40355,kl_kl2_2023_en_053,kor.2,,,Cheonan&#8197;City,Chungnam&#8197;Asan,2023-10-02,0,1,STATUS_FINAL,A,,,2026-07-25T04:13:22Z,2026-07-25T04:13:22Z
40356,kl_kl2_2023_en_054,kor.2,,,Cheonan&#8197;City,Gimcheon&#8197;Sangmu,2023-10-06,0,2,STATUS_FINAL,A,,,2026-07-25T04:13:22Z,2026-07-25T04:13:22Z
40357,kl_kl2_2023_en_055,kor.2,,,Cheonan&#8197;City,Gimpo&#8197;FC,2023-10-10,0,2,STATUS_FINAL,A,,,2026-07-25T04:13:22Z,2026-07-25T04:13:22Z
40358,kl_kl2_2023_en_056,kor.2,,,Cheonan&#8197;City,Gyeongnam&#8197;FC,2023-10-14,2,3,STATUS_FINAL,A,,,2026-07-25T04:13:22Z,2026-07-25T04:13:22Z
40359,kl_kl2_2023_en_057,kor.2,,,Cheonan&#8197;City,Jeonnam&#8197;Dragons,2023-10-18,1,3,STATUS_FINAL,A,,,2026-07-25T04:13:22Z,2026-07-25T04:13:22Z
40360,kl_kl2_2023_en_058,kor.2,,,Cheonan&#8197;City,Seongnam&#8197;FC,2023-10-22,3,2,STATUS_FINAL,H,,,2026-07-25T04:13:22Z,2026-07-25T04:13:22Z
40361,kl_kl2_2023_en_059,kor.2,,,Cheonan&#8197;City,Seoul&#8197;E-Land,2023-10-26,0,0,STATUS_FINAL,D,,,2026-07-25T04:13:22Z,2026-07-25T04:13:22Z
40362,kl_kl2_2023_en_060,kor.2,,,Chungbuk&#8197;Cheongju,Ansan&#8197;Greeners,2023-10-30,3,0,STATUS_FINAL,H,,,2026-07-25T04:13:22Z,2026-07-25T04:13:22Z
40363,kl_kl2_2023_en_061,kor.2,,,Chungbuk&#8197;Cheongju,FC&#8197;Anyang,2023-11-03,2,1,STATUS_FINAL,H,,,2026-07-25T04:13:22Z,2026-07-25T04:13:22Z
40364,kl_kl2_2023_en_062,kor.2,,,Chungbuk&#8197;Cheongju,Bucheon&#8197;FC&#8197;1995,2023-11-07,0,4,STATUS_FINAL,A,,,2026-07-25T04:13:22Z,2026-07-25T04:13:22Z
40365,kl_kl2_2023_en_063,kor.2,,,Chungbuk&#8197;Cheongju,Busan&#8197;IPark,2023-11-11,1,1,STATUS_FINAL,D,,,2026-07-25T04:13:22Z,2026-07-25T04:13:22Z
40366,kl_kl2_2023_en_064,kor.2,,,Chungbuk&#8197;Cheongju,Cheonan&#8197;City,2023-11-15,2,1,STATUS_FINAL,H,,,2026-07-25T04:13:22Z,2026-07-25T04:13:22Z
40367,kl_kl2_2023_en_065,kor.2,,,Chungbuk&#8197;Cheongju,Chungnam&#8197;Asan,2023-11-19,0,4,STATUS_FINAL,A,,,2026-07-25T04:13:22Z,2026-07-25T04:13:22Z
40368,kl_kl2_2023_en_066,kor.2,,,Chungbuk&#8197;Cheongju,Gimcheon&#8197;Sangmu,2023-11-23,0,2,STATUS_FINAL,A,,,2026-07-25T04:13:22Z,2026-07-25T04:13:22Z
40369,kl_kl2_2023_en_067,kor.2,,,Chungbuk&#8197;Cheongju,Gimpo&#8197;FC,2023-03-05,0,0,STATUS_FINAL,D,,,2026-07-25T04:13:22Z,2026-07-25T04:13:22Z
40370,kl_kl2_2023_en_068,kor.2,,,Chungbuk&#8197;Cheongju,Gyeongnam&#8197;FC,2023-03-09,0,2,STATUS_FINAL,A,,,2026-07-25T04:13:22Z,2026-07-25T04:13:22Z
40371,kl_kl2_2023_en_069,kor.2,,,Chungbuk&#8197;Cheongju,Jeonnam&#8197;Dragons,2023-03-13,3,1,STATUS_FINAL,H,,,2026-07-25T04:13:22Z,2026-07-25T04:13:22Z
40372,kl_kl2_2023_en_070,kor.2,,,Chungbuk&#8197;Cheongju,Seongnam&#8197;FC,2023-03-17,0,0,STATUS_FINAL,D,,,2026-07-25T04:13:22Z,2026-07-25T04:13:22Z
40373,kl_kl2_2023_en_071,kor.2,,,Chungbuk&#8197;Cheongju,Seoul&#8197;E-Land,2023-03-21,2,1,STATUS_FINAL,H,,,2026-07-25T04:13:22Z,2026-07-25T04:13:22Z
40374,kl_kl2_2023_en_072,kor.2,,,Chungnam&#8197;Asan,Ansan&#8197;Greeners,2023-03-25,1,0,STATUS_FINAL,H,,,2026-07-25T04:13:22Z,2026-07-25T04:13:22Z
40375,kl_kl2_2023_en_073,kor.2,,,Chungnam&#8197;Asan,FC&#8197;Anyang,2023-03-29,2,3,STATUS_FINAL,A,,,2026-07-25T04:13:22Z,2026-07-25T04:13:22Z
40376,kl_kl2_2023_en_074,kor.2,,,Chungnam&#8197;Asan,Bucheon&#8197;FC&#8197;1995,2023-04-02,1,0,STATUS_FINAL,H,,,2026-07-25T04:13:22Z,2026-07-25T04:13:22Z
40377,kl_kl2_2023_en_075,kor.2,,,Chungnam&#8197;Asan,Busan&#8197;IPark,2023-04-06,1,1,STATUS_FINAL,D,,,2026-07-25T04:13:22Z,2026-07-25T04:13:22Z
40378,kl_kl2_2023_en_076,kor.2,,,Chungnam&#8197;Asan,Cheonan&#8197;City,2023-04-10,1,0,STATUS_FINAL,H,,,2026-07-25T04:13:22Z,2026-07-25T04:13:22Z
40379,kl_kl2_2023_en_077,kor.2,,,Chungnam&#8197;Asan,Chungbuk&#8197;Cheongju,2023-04-14,3,2,STATUS_FINAL,H,,,2026-07-25T04:13:22Z,2026-07-25T04:13:22Z
40380,kl_kl2_2023_en_078,kor.2,,,Chungnam&#8197;Asan,Gimcheon&#8197;Sangmu,2023-04-18,1,2,STATUS_FINAL,A,,,2026-07-25T04:13:22Z,2026-07-25T04:13:22Z
40381,kl_kl2_2023_en_079,kor.2,,,Chungnam&#8197;Asan,Gimpo&#8197;FC,2023-04-22,0,1,STATUS_FINAL,A,,,2026-07-25T04:13:22Z,2026-07-25T04:13:22Z
40382,kl_kl2_2023_en_080,kor.2,,,Chungnam&#8197;Asan,Gyeongnam&#8197;FC,2023-04-26,2,2,STATUS_FINAL,D,,,2026-07-25T04:13:22Z,2026-07-25T04:13:22Z
40383,kl_kl2_2023_en_081,kor.2,,,Chungnam&#8197;Asan,Jeonnam&#8197;Dragons,2023-04-30,3,3,STATUS_FINAL,D,,,2026-07-25T04:13:22Z,2026-07-25T04:13:22Z
40384,kl_kl2_2023_en_082,kor.2,,,Chungnam&#8197;Asan,Seongnam&#8197;FC,2023-05-04,2,0,STATUS_FINAL,H,,,2026-07-25T04:13:22Z,2026-07-25T04:13:22Z
40385,kl_kl2_2023_en_083,kor.2,,,Chungnam&#8197;Asan,Seoul&#8197;E-Land,2023-05-08,2,0,STATUS_FINAL,H,,,2026-07-25T04:13:22Z,2026-07-25T04:13:22Z
40386,kl_kl2_2023_en_084,kor.2,,,Gimcheon&#8197;Sangmu,Ansan&#8197;Greeners,2023-05-12,3,2,STATUS_FINAL,H,,,2026-07-25T04:13:22Z,2026-07-25T04:13:22Z
40387,kl_kl2_2023_en_085,kor.2,,,Gimcheon&#8197;Sangmu,FC&#8197;Anyang,2023-05-16,0,0,STATUS_FINAL,D,,,2026-07-25T04:13:22Z,2026-07-25T04:13:22Z
40388,kl_kl2_2023_en_086,kor.2,,,Gimcheon&#8197;Sangmu,Bucheon&#8197;FC&#8197;1995,2023-05-20,4,1,STATUS_FINAL,H,,,2026-07-25T04:13:22Z,2026-07-25T04:13:22Z
40389,kl_kl2_2023_en_087,kor.2,,,Gimcheon&#8197;Sangmu,Busan&#8197;IPark,2023-05-24,2,1,STATUS_FINAL,H,,,2026-07-25T04:13:22Z,2026-07-25T04:13:22Z
40390,kl_kl2_2023_en_088,kor.2,,,Gimcheon&#8197;Sangmu,Cheonan&#8197;City,2023-05-28,4,1,STATUS_FINAL,H,,,2026-07-25T04:13:22Z,2026-07-25T04:13:22Z
40391,kl_kl2_2023_en_089,kor.2,,,Gimcheon&#8197;Sangmu,Chungbuk&#8197;Cheongju,2023-06-01,0,0,STATUS_FINAL,D,,,2026-07-25T04:13:22Z,2026-07-25T04:13:22Z
40392,kl_kl2_2023_en_090,kor.2,,,Gimcheon&#8197;Sangmu,Chungnam&#8197;Asan,2023-06-05,3,2,STATUS_FINAL,H,,,2026-07-25T04:13:22Z,2026-07-25T04:13:22Z
40393,kl_kl2_2023_en_091,kor.2,,,Gimcheon&#8197;Sangmu,Gimpo&#8197;FC,2023-06-09,0,2,STATUS_FINAL,A,,,2026-07-25T04:13:22Z,2026-07-25T04:13:22Z
40394,kl_kl2_2023_en_092,kor.2,,,Gimcheon&#8197;Sangmu,Gyeongnam&#8197;FC,2023-06-13,0,2,STATUS_FINAL,A,,,2026-07-25T04:13:22Z,2026-07-25T04:13:22Z
40395,kl_kl2_2023_en_093,kor.2,,,Gimcheon&#8197;Sangmu,Jeonnam&#8197;Dragons,2023-06-17,2,1,STATUS_FINAL,H,,,2026-07-25T04:13:22Z,2026-07-25T04:13:22Z
40396,kl_kl2_2023_en_094,kor.2,,,Gimcheon&#8197;Sangmu,Seongnam&#8197;FC,2023-06-21,4,0,STATUS_FINAL,H,,,2026-07-25T04:13:22Z,2026-07-25T04:13:22Z
40397,kl_kl2_2023_en_095,kor.2,,,Gimcheon&#8197;Sangmu,Seoul&#8197;E-Land,2023-06-25,4,0,STATUS_FINAL,H,,,2026-07-25T04:13:22Z,2026-07-25T04:13:22Z
40398,kl_kl2_2023_en_096,kor.2,,,Gimpo&#8197;FC,Ansan&#8197;Greeners,2023-06-29,0,1,STATUS_FINAL,A,,,2026-07-25T04:13:22Z,2026-07-25T04:13:22Z
40399,kl_kl2_2023_en_097,kor.2,,,Gimpo&#8197;FC,FC&#8197;Anyang,2023-07-03,1,0,STATUS_FINAL,H,,,2026-07-25T04:13:22Z,2026-07-25T04:13:22Z
40400,kl_kl2_2023_en_098,kor.2,,,Gimpo&#8197;FC,Bucheon&#8197;FC&#8197;1995,2023-07-07,1,1,STATUS_FINAL,D,,,2026-07-25T04:13:22Z,2026-07-25T04:13:22Z
40401,kl_kl2_2023_en_099,kor.2,,,Gimpo&#8197;FC,Busan&#8197;IPark,2023-07-11,1,0,STATUS_FINAL,H,,,2026-07-25T04:13:22Z,2026-07-25T04:13:22Z
40402,kl_kl2_2023_en_100,kor.2,,,Gimpo&#8197;FC,Cheonan&#8197;City,2023-07-15,4,0,STATUS_FINAL,H,,,2026-07-25T04:13:22Z,2026-07-25T04:13:22Z
40403,kl_kl2_2023_en_101,kor.2,,,Gimpo&#8197;FC,Chungbuk&#8197;Cheongju,2023-07-19,1,2,STATUS_FINAL,A,,,2026-07-25T04:13:22Z,2026-07-25T04:13:22Z
40404,kl_kl2_2023_en_102,kor.2,,,Gimpo&#8197;FC,Chungnam&#8197;Asan,2023-07-23,1,1,STATUS_FINAL,D,,,2026-07-25T04:13:22Z,2026-07-25T04:13:22Z
40405,kl_kl2_2023_en_103,kor.2,,,Gimpo&#8197;FC,Gimcheon&#8197;Sangmu,2023-07-27,2,1,STATUS_FINAL,H,,,2026-07-25T04:13:22Z,2026-07-25T04:13:22Z
40406,kl_kl2_2023_en_104,kor.2,,,Gimpo&#8197;FC,Gyeongnam&#8197;FC,2023-07-31,0,0,STATUS_FINAL,D,,,2026-07-25T04:13:22Z,2026-07-25T04:13:22Z
40407,kl_kl2_2023_en_105,kor.2,,,Gimpo&#8197;FC,Jeonnam&#8197;Dragons,2023-08-04,1,2,STATUS_FINAL,A,,,2026-07-25T04:13:22Z,2026-07-25T04:13:22Z
40408,kl_kl2_2023_en_106,kor.2,,,Gimpo&#8197;FC,Seongnam&#8197;FC,2023-08-08,0,0,STATUS_FINAL,D,,,2026-07-25T04:13:22Z,2026-07-25T04:13:22Z
40409,kl_kl2_2023_en_107,kor.2,,,Gimpo&#8197;FC,Seoul&#8197;E-Land,2023-08-12,0,0,STATUS_FINAL,D,,,2026-07-25T04:13:22Z,2026-07-25T04:13:22Z
40410,kl_kl2_2023_en_108,kor.2,,,Gyeongnam&#8197;FC,Ansan&#8197;Greeners,2023-08-16,3,1,STATUS_FINAL,H,,,2026-07-25T04:13:22Z,2026-07-25T04:13:22Z
40411,kl_kl2_2023_en_109,kor.2,,,Gyeongnam&#8197;FC,FC&#8197;Anyang,2023-08-20,3,2,STATUS_FINAL,H,,,2026-07-25T04:13:22Z,2026-07-25T04:13:22Z
40412,kl_kl2_2023_en_110,kor.2,,,Gyeongnam&#8197;FC,Bucheon&#8197;FC&#8197;1995,2023-08-24,1,0,STATUS_FINAL,H,,,2026-07-25T04:13:22Z,2026-07-25T04:13:22Z
40413,kl_kl2_2023_en_111,kor.2,,,Gyeongnam&#8197;FC,Busan&#8197;IPark,2023-08-28,1,2,STATUS_FINAL,A,,,2026-07-25T04:13:22Z,2026-07-25T04:13:22Z
40414,kl_kl2_2023_en_112,kor.2,,,Gyeongnam&#8197;FC,Cheonan&#8197;City,2023-09-01,2,1,STATUS_FINAL,H,,,2026-07-25T04:13:22Z,2026-07-25T04:13:22Z
40415,kl_kl2_2023_en_113,kor.2,,,Gyeongnam&#8197;FC,Chungbuk&#8197;Cheongju,2023-09-05,2,2,STATUS_FINAL,D,,,2026-07-25T04:13:22Z,2026-07-25T04:13:22Z
40416,kl_kl2_2023_en_114,kor.2,,,Gyeongnam&#8197;FC,Chungnam&#8197;Asan,2023-09-09,2,1,STATUS_FINAL,H,,,2026-07-25T04:13:22Z,2026-07-25T04:13:22Z
40417,kl_kl2_2023_en_115,kor.2,,,Gyeongnam&#8197;FC,Gimcheon&#8197;Sangmu,2023-09-13,0,2,STATUS_FINAL,A,,,2026-07-25T04:13:22Z,2026-07-25T04:13:22Z
40418,kl_kl2_2023_en_116,kor.2,,,Gyeongnam&#8197;FC,Gimpo&#8197;FC,2023-09-17,0,0,STATUS_FINAL,D,,,2026-07-25T04:13:22Z,2026-07-25T04:13:22Z
40419,kl_kl2_2023_en_117,kor.2,,,Gyeongnam&#8197;FC,Jeonnam&#8197;Dragons,2023-09-21,0,2,STATUS_FINAL,A,,,2026-07-25T04:13:22Z,2026-07-25T04:13:22Z
40420,kl_kl2_2023_en_118,kor.2,,,Gyeongnam&#8197;FC,Seongnam&#8197;FC,2023-09-25,2,2,STATUS_FINAL,D,,,2026-07-25T04:13:22Z,2026-07-25T04:13:22Z
40421,kl_kl2_2023_en_119,kor.2,,,Gyeongnam&#8197;FC,Seoul&#8197;E-Land,2023-09-29,1,2,STATUS_FINAL,A,,,2026-07-25T04:13:22Z,2026-07-25T04:13:22Z
40422,kl_kl2_2023_en_120,kor.2,,,Jeonnam&#8197;Dragons,Ansan&#8197;Greeners,2023-10-03,5,2,STATUS_FINAL,H,,,2026-07-25T04:13:22Z,2026-07-25T04:13:22Z
40423,kl_kl2_2023_en_121,kor.2,,,Jeonnam&#8197;Dragons,FC&#8197;Anyang,2023-10-07,0,1,STATUS_FINAL,A,,,2026-07-25T04:13:22Z,2026-07-25T04:13:22Z
40424,kl_kl2_2023_en_122,kor.2,,,Jeonnam&#8197;Dragons,Bucheon&#8197;FC&#8197;1995,2023-10-11,1,0,STATUS_FINAL,H,,,2026-07-25T04:13:22Z,2026-07-25T04:13:22Z
40425,kl_kl2_2023_en_123,kor.2,,,Jeonnam&#8197;Dragons,Busan&#8197;IPark,2023-10-15,1,1,STATUS_FINAL,D,,,2026-07-25T04:13:22Z,2026-07-25T04:13:22Z
40426,kl_kl2_2023_en_124,kor.2,,,Jeonnam&#8197;Dragons,Cheonan&#8197;City,2023-10-19,2,0,STATUS_FINAL,H,,,2026-07-25T04:13:22Z,2026-07-25T04:13:22Z
40427,kl_kl2_2023_en_125,kor.2,,,Jeonnam&#8197;Dragons,Chungbuk&#8197;Cheongju,2023-10-23,3,0,STATUS_FINAL,H,,,2026-07-25T04:13:22Z,2026-07-25T04:13:22Z
40428,kl_kl2_2023_en_126,kor.2,,,Jeonnam&#8197;Dragons,Chungnam&#8197;Asan,2023-10-27,2,1,STATUS_FINAL,H,,,2026-07-25T04:13:22Z,2026-07-25T04:13:22Z
40429,kl_kl2_2023_en_127,kor.2,,,Jeonnam&#8197;Dragons,Gimcheon&#8197;Sangmu,2023-10-31,1,0,STATUS_FINAL,H,,,2026-07-25T04:13:22Z,2026-07-25T04:13:22Z
40430,kl_kl2_2023_en_128,kor.2,,,Jeonnam&#8197;Dragons,Gimpo&#8197;FC,2023-11-04,0,2,STATUS_FINAL,A,,,2026-07-25T04:13:22Z,2026-07-25T04:13:22Z
40431,kl_kl2_2023_en_129,kor.2,,,Jeonnam&#8197;Dragons,Gyeongnam&#8197;FC,2023-11-08,0,5,STATUS_FINAL,A,,,2026-07-25T04:13:22Z,2026-07-25T04:13:22Z
40432,kl_kl2_2023_en_130,kor.2,,,Jeonnam&#8197;Dragons,Seongnam&#8197;FC,2023-11-12,2,2,STATUS_FINAL,D,,,2026-07-25T04:13:22Z,2026-07-25T04:13:22Z
40433,kl_kl2_2023_en_131,kor.2,,,Jeonnam&#8197;Dragons,Seoul&#8197;E-Land,2023-11-16,3,3,STATUS_FINAL,D,,,2026-07-25T04:13:22Z,2026-07-25T04:13:22Z
40434,kl_kl2_2023_en_132,kor.2,,,Seongnam&#8197;FC,Ansan&#8197;Greeners,2023-11-20,2,1,STATUS_FINAL,H,,,2026-07-25T04:13:22Z,2026-07-25T04:13:22Z
40435,kl_kl2_2023_en_133,kor.2,,,Seongnam&#8197;FC,FC&#8197;Anyang,2023-11-24,1,2,STATUS_FINAL,A,,,2026-07-25T04:13:22Z,2026-07-25T04:13:22Z
40436,kl_kl2_2023_en_134,kor.2,,,Seongnam&#8197;FC,Bucheon&#8197;FC&#8197;1995,2023-03-06,0,1,STATUS_FINAL,A,,,2026-07-25T04:13:22Z,2026-07-25T04:13:22Z
40437,kl_kl2_2023_en_135,kor.2,,,Seongnam&#8197;FC,Busan&#8197;IPark,2023-03-10,1,3,STATUS_FINAL,A,,,2026-07-25T04:13:22Z,2026-07-25T04:13:22Z
40438,kl_kl2_2023_en_136,kor.2,,,Seongnam&#8197;FC,Cheonan&#8197;City,2023-03-14,2,0,STATUS_FINAL,H,,,2026-07-25T04:13:22Z,2026-07-25T04:13:22Z
40439,kl_kl2_2023_en_137,kor.2,,,Seongnam&#8197;FC,Chungbuk&#8197;Cheongju,2023-03-18,3,2,STATUS_FINAL,H,,,2026-07-25T04:13:22Z,2026-07-25T04:13:22Z
40440,kl_kl2_2023_en_138,kor.2,,,Seongnam&#8197;FC,Chungnam&#8197;Asan,2023-03-22,0,0,STATUS_FINAL,D,,,2026-07-25T04:13:22Z,2026-07-25T04:13:22Z
40441,kl_kl2_2023_en_139,kor.2,,,Seongnam&#8197;FC,Gimcheon&#8197;Sangmu,2023-03-26,2,2,STATUS_FINAL,D,,,2026-07-25T04:13:22Z,2026-07-25T04:13:22Z
40442,kl_kl2_2023_en_140,kor.2,,,Seongnam&#8197;FC,Gimpo&#8197;FC,2023-03-30,0,0,STATUS_FINAL,D,,,2026-07-25T04:13:22Z,2026-07-25T04:13:22Z
40443,kl_kl2_2023_en_141,kor.2,,,Seongnam&#8197;FC,Gyeongnam&#8197;FC,2023-04-03,1,1,STATUS_FINAL,D,,,2026-07-25T04:13:22Z,2026-07-25T04:13:22Z
40444,kl_kl2_2023_en_142,kor.2,,,Seongnam&#8197;FC,Jeonnam&#8197;Dragons,2023-04-07,2,1,STATUS_FINAL,H,,,2026-07-25T04:13:22Z,2026-07-25T04:13:22Z
40445,kl_kl2_2023_en_143,kor.2,,,Seongnam&#8197;FC,Seoul&#8197;E-Land,2023-04-11,1,2,STATUS_FINAL,A,,,2026-07-25T04:13:22Z,2026-07-25T04:13:22Z
40446,kl_kl2_2023_en_144,kor.2,,,Seoul&#8197;E-Land,Ansan&#8197;Greeners,2023-04-15,4,1,STATUS_FINAL,H,,,2026-07-25T04:13:22Z,2026-07-25T04:13:22Z
40447,kl_kl2_2023_en_145,kor.2,,,Seoul&#8197;E-Land,FC&#8197;Anyang,2023-04-19,1,2,STATUS_FINAL,A,,,2026-07-25T04:13:22Z,2026-07-25T04:13:22Z
40448,kl_kl2_2023_en_146,kor.2,,,Seoul&#8197;E-Land,Bucheon&#8197;FC&#8197;1995,2023-04-23,2,0,STATUS_FINAL,H,,,2026-07-25T04:13:22Z,2026-07-25T04:13:22Z
40449,kl_kl2_2023_en_147,kor.2,,,Seoul&#8197;E-Land,Busan&#8197;IPark,2023-04-27,1,2,STATUS_FINAL,A,,,2026-07-25T04:13:22Z,2026-07-25T04:13:22Z
40450,kl_kl2_2023_en_148,kor.2,,,Seoul&#8197;E-Land,Cheonan&#8197;City,2023-05-01,3,2,STATUS_FINAL,H,,,2026-07-25T04:13:22Z,2026-07-25T04:13:22Z
40451,kl_kl2_2023_en_149,kor.2,,,Seoul&#8197;E-Land,Chungbuk&#8197;Cheongju,2023-05-05,2,3,STATUS_FINAL,A,,,2026-07-25T04:13:22Z,2026-07-25T04:13:22Z
40452,kl_kl2_2023_en_150,kor.2,,,Seoul&#8197;E-Land,Chungnam&#8197;Asan,2023-05-09,0,0,STATUS_FINAL,D,,,2026-07-25T04:13:22Z,2026-07-25T04:13:22Z
40453,kl_kl2_2023_en_151,kor.2,,,Seoul&#8197;E-Land,Gimcheon&#8197;Sangmu,2023-05-13,0,1,STATUS_FINAL,A,,,2026-07-25T04:13:22Z,2026-07-25T04:13:22Z
40454,kl_kl2_2023_en_152,kor.2,,,Seoul&#8197;E-Land,Gimpo&#8197;FC,2023-05-17,0,1,STATUS_FINAL,A,,,2026-07-25T04:13:22Z,2026-07-25T04:13:22Z
40455,kl_kl2_2023_en_153,kor.2,,,Seoul&#8197;E-Land,Gyeongnam&#8197;FC,2023-05-21,1,2,STATUS_FINAL,A,,,2026-07-25T04:13:22Z,2026-07-25T04:13:22Z
40456,kl_kl2_2023_en_154,kor.2,,,Seoul&#8197;E-Land,Jeonnam&#8197;Dragons,2023-05-25,0,1,STATUS_FINAL,A,,,2026-07-25T04:13:22Z,2026-07-25T04:13:22Z
40457,kl_kl2_2023_en_155,kor.2,,,Seoul&#8197;E-Land,Seongnam&#8197;FC,2023-05-29,1,2,STATUS_FINAL,A,,,2026-07-25T04:13:22Z,2026-07-25T04:13:22Z
40458,kl_kl2_2024_en_000,kor.2,,,Ansan&#8197;Greeners,FC&#8197;Anyang,2024-03-02,3,2,STATUS_FINAL,H,,,2026-07-25T04:13:22Z,2026-07-25T04:13:22Z
40459,kl_kl2_2024_en_001,kor.2,,,Ansan&#8197;Greeners,Bucheon&#8197;FC&#8197;1995,2024-03-06,2,1,STATUS_FINAL,H,,,2026-07-25T04:13:22Z,2026-07-25T04:13:22Z
40460,kl_kl2_2024_en_002,kor.2,,,Ansan&#8197;Greeners,Busan&#8197;IPark,2024-03-10,1,0,STATUS_FINAL,H,,,2026-07-25T04:13:22Z,2026-07-25T04:13:22Z
40461,kl_kl2_2024_en_003,kor.2,,,Ansan&#8197;Greeners,Cheonan&#8197;City,2024-03-14,1,2,STATUS_FINAL,A,,,2026-07-25T04:13:22Z,2026-07-25T04:13:22Z
40462,kl_kl2_2024_en_004,kor.2,,,Ansan&#8197;Greeners,Chungbuk&#8197;Cheongju,2024-03-18,0,0,STATUS_FINAL,D,,,2026-07-25T04:13:22Z,2026-07-25T04:13:22Z
40463,kl_kl2_2024_en_005,kor.2,,,Ansan&#8197;Greeners,Chungnam&#8197;Asan,2024-03-22,1,0,STATUS_FINAL,H,,,2026-07-25T04:13:22Z,2026-07-25T04:13:22Z
40464,kl_kl2_2024_en_006,kor.2,,,Ansan&#8197;Greeners,Gimpo&#8197;FC,2024-03-26,1,2,STATUS_FINAL,A,,,2026-07-25T04:13:22Z,2026-07-25T04:13:22Z
40465,kl_kl2_2024_en_007,kor.2,,,Ansan&#8197;Greeners,Gyeongnam&#8197;FC,2024-03-30,1,2,STATUS_FINAL,A,,,2026-07-25T04:13:22Z,2026-07-25T04:13:22Z
40466,kl_kl2_2024_en_008,kor.2,,,Ansan&#8197;Greeners,Jeonnam&#8197;Dragons,2024-04-03,1,2,STATUS_FINAL,A,,,2026-07-25T04:13:22Z,2026-07-25T04:13:22Z
40467,kl_kl2_2024_en_009,kor.2,,,Ansan&#8197;Greeners,Seongnam&#8197;FC,2024-04-07,0,1,STATUS_FINAL,A,,,2026-07-25T04:13:22Z,2026-07-25T04:13:22Z
40468,kl_kl2_2024_en_010,kor.2,,,Ansan&#8197;Greeners,Seoul&#8197;E-Land,2024-04-11,0,3,STATUS_FINAL,A,,,2026-07-25T04:13:22Z,2026-07-25T04:13:22Z
40469,kl_kl2_2024_en_011,kor.2,,,Ansan&#8197;Greeners,Suwon&#8197;Samsung&#8197;Bluewings,2024-04-15,0,1,STATUS_FINAL,A,,,2026-07-25T04:13:22Z,2026-07-25T04:13:22Z
40470,kl_kl2_2024_en_012,kor.2,,,FC&#8197;Anyang,Ansan&#8197;Greeners,2024-04-19,1,0,STATUS_FINAL,H,,,2026-07-25T04:13:22Z,2026-07-25T04:13:22Z
40471,kl_kl2_2024_en_013,kor.2,,,FC&#8197;Anyang,Bucheon&#8197;FC&#8197;1995,2024-04-23,3,0,STATUS_FINAL,H,,,2026-07-25T04:13:22Z,2026-07-25T04:13:22Z
40472,kl_kl2_2024_en_014,kor.2,,,FC&#8197;Anyang,Busan&#8197;IPark,2024-04-27,0,2,STATUS_FINAL,A,,,2026-07-25T04:13:22Z,2026-07-25T04:13:22Z
40473,kl_kl2_2024_en_015,kor.2,,,FC&#8197;Anyang,Cheonan&#8197;City,2024-05-01,3,0,STATUS_FINAL,H,,,2026-07-25T04:13:22Z,2026-07-25T04:13:22Z
40474,kl_kl2_2024_en_016,kor.2,,,FC&#8197;Anyang,Chungbuk&#8197;Cheongju,2024-05-05,2,0,STATUS_FINAL,H,,,2026-07-25T04:13:22Z,2026-07-25T04:13:22Z
40475,kl_kl2_2024_en_017,kor.2,,,FC&#8197;Anyang,Chungnam&#8197;Asan,2024-05-09,1,0,STATUS_FINAL,H,,,2026-07-25T04:13:22Z,2026-07-25T04:13:22Z
40476,kl_kl2_2024_en_018,kor.2,,,FC&#8197;Anyang,Gimpo&#8197;FC,2024-05-13,0,0,STATUS_FINAL,D,,,2026-07-25T04:13:22Z,2026-07-25T04:13:22Z
40477,kl_kl2_2024_en_019,kor.2,,,FC&#8197;Anyang,Gyeongnam&#8197;FC,2024-05-17,1,0,STATUS_FINAL,H,,,2026-07-25T04:13:22Z,2026-07-25T04:13:22Z
40478,kl_kl2_2024_en_020,kor.2,,,FC&#8197;Anyang,Jeonnam&#8197;Dragons,2024-05-21,2,3,STATUS_FINAL,A,,,2026-07-25T04:13:22Z,2026-07-25T04:13:22Z
40479,kl_kl2_2024_en_021,kor.2,,,FC&#8197;Anyang,Seongnam&#8197;FC,2024-05-25,2,0,STATUS_FINAL,H,,,2026-07-25T04:13:22Z,2026-07-25T04:13:22Z
40480,kl_kl2_2024_en_022,kor.2,,,FC&#8197;Anyang,Seoul&#8197;E-Land,2024-05-29,2,1,STATUS_FINAL,H,,,2026-07-25T04:13:22Z,2026-07-25T04:13:22Z
40481,kl_kl2_2024_en_023,kor.2,,,FC&#8197;Anyang,Suwon&#8197;Samsung&#8197;Bluewings,2024-06-02,1,3,STATUS_FINAL,A,,,2026-07-25T04:13:22Z,2026-07-25T04:13:22Z
40482,kl_kl2_2024_en_024,kor.2,,,Bucheon&#8197;FC&#8197;1995,Ansan&#8197;Greeners,2024-06-06,0,0,STATUS_FINAL,D,,,2026-07-25T04:13:22Z,2026-07-25T04:13:22Z
40483,kl_kl2_2024_en_025,kor.2,,,Bucheon&#8197;FC&#8197;1995,FC&#8197;Anyang,2024-06-10,1,2,STATUS_FINAL,A,,,2026-07-25T04:13:22Z,2026-07-25T04:13:22Z
40484,kl_kl2_2024_en_026,kor.2,,,Bucheon&#8197;FC&#8197;1995,Busan&#8197;IPark,2024-06-14,1,3,STATUS_FINAL,A,,,2026-07-25T04:13:22Z,2026-07-25T04:13:22Z
40485,kl_kl2_2024_en_027,kor.2,,,Bucheon&#8197;FC&#8197;1995,Cheonan&#8197;City,2024-06-18,1,3,STATUS_FINAL,A,,,2026-07-25T04:13:22Z,2026-07-25T04:13:22Z
40486,kl_kl2_2024_en_028,kor.2,,,Bucheon&#8197;FC&#8197;1995,Chungbuk&#8197;Cheongju,2024-06-22,0,4,STATUS_FINAL,A,,,2026-07-25T04:13:22Z,2026-07-25T04:13:22Z
40487,kl_kl2_2024_en_029,kor.2,,,Bucheon&#8197;FC&#8197;1995,Chungnam&#8197;Asan,2024-06-26,3,0,STATUS_FINAL,H,,,2026-07-25T04:13:22Z,2026-07-25T04:13:22Z
40488,kl_kl2_2024_en_030,kor.2,,,Bucheon&#8197;FC&#8197;1995,Gimpo&#8197;FC,2024-06-30,1,0,STATUS_FINAL,H,,,2026-07-25T04:13:22Z,2026-07-25T04:13:22Z
40489,kl_kl2_2024_en_031,kor.2,,,Bucheon&#8197;FC&#8197;1995,Gyeongnam&#8197;FC,2024-07-04,2,0,STATUS_FINAL,H,,,2026-07-25T04:13:22Z,2026-07-25T04:13:22Z
40490,kl_kl2_2024_en_032,kor.2,,,Bucheon&#8197;FC&#8197;1995,Jeonnam&#8197;Dragons,2024-07-08,3,4,STATUS_FINAL,A,,,2026-07-25T04:13:22Z,2026-07-25T04:13:22Z
40491,kl_kl2_2024_en_033,kor.2,,,Bucheon&#8197;FC&#8197;1995,Seongnam&#8197;FC,2024-07-12,1,1,STATUS_FINAL,D,,,2026-07-25T04:13:22Z,2026-07-25T04:13:22Z
40492,kl_kl2_2024_en_034,kor.2,,,Bucheon&#8197;FC&#8197;1995,Seoul&#8197;E-Land,2024-07-16,1,0,STATUS_FINAL,H,,,2026-07-25T04:13:22Z,2026-07-25T04:13:22Z
40493,kl_kl2_2024_en_035,kor.2,,,Bucheon&#8197;FC&#8197;1995,Suwon&#8197;Samsung&#8197;Bluewings,2024-07-20,0,3,STATUS_FINAL,A,,,2026-07-25T04:13:22Z,2026-07-25T04:13:22Z
40494,kl_kl2_2024_en_036,kor.2,,,Busan&#8197;IPark,Ansan&#8197;Greeners,2024-07-24,2,1,STATUS_FINAL,H,,,2026-07-25T04:13:22Z,2026-07-25T04:13:22Z
40495,kl_kl2_2024_en_037,kor.2,,,Busan&#8197;IPark,FC&#8197;Anyang,2024-07-28,3,4,STATUS_FINAL,A,,,2026-07-25T04:13:22Z,2026-07-25T04:13:22Z
40496,kl_kl2_2024_en_038,kor.2,,,Busan&#8197;IPark,Bucheon&#8197;FC&#8197;1995,2024-08-01,2,2,STATUS_FINAL,D,,,2026-07-25T04:13:22Z,2026-07-25T04:13:22Z
40497,kl_kl2_2024_en_039,kor.2,,,Busan&#8197;IPark,Cheonan&#8197;City,2024-08-05,2,3,STATUS_FINAL,A,,,2026-07-25T04:13:22Z,2026-07-25T04:13:22Z
40498,kl_kl2_2024_en_040,kor.2,,,Busan&#8197;IPark,Chungbuk&#8197;Cheongju,2024-08-09,0,2,STATUS_FINAL,A,,,2026-07-25T04:13:22Z,2026-07-25T04:13:22Z
40499,kl_kl2_2024_en_041,kor.2,,,Busan&#8197;IPark,Chungnam&#8197;Asan,2024-08-13,2,3,STATUS_FINAL,A,,,2026-07-25T04:13:22Z,2026-07-25T04:13:22Z
40500,kl_kl2_2024_en_042,kor.2,,,Busan&#8197;IPark,Gimpo&#8197;FC,2024-08-17,0,1,STATUS_FINAL,A,,,2026-07-25T04:13:22Z,2026-07-25T04:13:22Z
40501,kl_kl2_2024_en_043,kor.2,,,Busan&#8197;IPark,Gyeongnam&#8197;FC,2024-08-21,2,1,STATUS_FINAL,H,,,2026-07-25T04:13:22Z,2026-07-25T04:13:22Z
40502,kl_kl2_2024_en_044,kor.2,,,Busan&#8197;IPark,Jeonnam&#8197;Dragons,2024-08-25,0,1,STATUS_FINAL,A,,,2026-07-25T04:13:22Z,2026-07-25T04:13:22Z
40503,kl_kl2_2024_en_045,kor.2,,,Busan&#8197;IPark,Seongnam&#8197;FC,2024-08-29,2,2,STATUS_FINAL,D,,,2026-07-25T04:13:22Z,2026-07-25T04:13:22Z
40504,kl_kl2_2024_en_046,kor.2,,,Busan&#8197;IPark,Seoul&#8197;E-Land,2024-09-02,0,3,STATUS_FINAL,A,,,2026-07-25T04:13:22Z,2026-07-25T04:13:22Z
40505,kl_kl2_2024_en_047,kor.2,,,Busan&#8197;IPark,Suwon&#8197;Samsung&#8197;Bluewings,2024-09-06,1,1,STATUS_FINAL,D,,,2026-07-25T04:13:22Z,2026-07-25T04:13:22Z
40506,kl_kl2_2024_en_048,kor.2,,,Cheonan&#8197;City,Ansan&#8197;Greeners,2024-09-10,1,1,STATUS_FINAL,D,,,2026-07-25T04:13:22Z,2026-07-25T04:13:22Z
40507,kl_kl2_2024_en_049,kor.2,,,Cheonan&#8197;City,FC&#8197;Anyang,2024-09-14,0,1,STATUS_FINAL,A,,,2026-07-25T04:13:22Z,2026-07-25T04:13:22Z
40508,kl_kl2_2024_en_050,kor.2,,,Cheonan&#8197;City,Bucheon&#8197;FC&#8197;1995,2024-09-18,1,2,STATUS_FINAL,A,,,2026-07-25T04:13:22Z,2026-07-25T04:13:22Z
40509,kl_kl2_2024_en_051,kor.2,,,Cheonan&#8197;City,Busan&#8197;IPark,2024-09-22,2,4,STATUS_FINAL,A,,,2026-07-25T04:13:22Z,2026-07-25T04:13:22Z
40510,kl_kl2_2024_en_052,kor.2,,,Cheonan&#8197;City,Chungbuk&#8197;Cheongju,2024-09-26,1,2,STATUS_FINAL,A,,,2026-07-25T04:13:22Z,2026-07-25T04:13:22Z
40511,kl_kl2_2024_en_053,kor.2,,,Cheonan&#8197;City,Chungnam&#8197;Asan,2024-09-30,0,1,STATUS_FINAL,A,,,2026-07-25T04:13:22Z,2026-07-25T04:13:22Z
40512,kl_kl2_2024_en_054,kor.2,,,Cheonan&#8197;City,Gimpo&#8197;FC,2024-10-04,1,2,STATUS_FINAL,A,,,2026-07-25T04:13:22Z,2026-07-25T04:13:22Z
40513,kl_kl2_2024_en_055,kor.2,,,Cheonan&#8197;City,Gyeongnam&#8197;FC,2024-10-08,2,2,STATUS_FINAL,D,,,2026-07-25T04:13:22Z,2026-07-25T04:13:22Z
40514,kl_kl2_2024_en_056,kor.2,,,Cheonan&#8197;City,Jeonnam&#8197;Dragons,2024-10-12,1,0,STATUS_FINAL,H,,,2026-07-25T04:13:22Z,2026-07-25T04:13:22Z
40515,kl_kl2_2024_en_057,kor.2,,,Cheonan&#8197;City,Seongnam&#8197;FC,2024-10-16,0,0,STATUS_FINAL,D,,,2026-07-25T04:13:22Z,2026-07-25T04:13:22Z
40516,kl_kl2_2024_en_058,kor.2,,,Cheonan&#8197;City,Seoul&#8197;E-Land,2024-10-20,0,4,STATUS_FINAL,A,,,2026-07-25T04:13:22Z,2026-07-25T04:13:22Z
40517,kl_kl2_2024_en_059,kor.2,,,Cheonan&#8197;City,Suwon&#8197;Samsung&#8197;Bluewings,2024-10-24,1,2,STATUS_FINAL,A,,,2026-07-25T04:13:22Z,2026-07-25T04:13:22Z
40518,kl_kl2_2024_en_060,kor.2,,,Chungbuk&#8197;Cheongju,Ansan&#8197;Greeners,2024-10-28,2,1,STATUS_FINAL,H,,,2026-07-25T04:13:22Z,2026-07-25T04:13:22Z
40519,kl_kl2_2024_en_061,kor.2,,,Chungbuk&#8197;Cheongju,FC&#8197;Anyang,2024-11-01,1,1,STATUS_FINAL,D,,,2026-07-25T04:13:22Z,2026-07-25T04:13:22Z
40520,kl_kl2_2024_en_062,kor.2,,,Chungbuk&#8197;Cheongju,Bucheon&#8197;FC&#8197;1995,2024-11-05,0,0,STATUS_FINAL,D,,,2026-07-25T04:13:22Z,2026-07-25T04:13:22Z
40521,kl_kl2_2024_en_063,kor.2,,,Chungbuk&#8197;Cheongju,Busan&#8197;IPark,2024-11-09,0,0,STATUS_FINAL,D,,,2026-07-25T04:13:22Z,2026-07-25T04:13:22Z
40522,kl_kl2_2024_en_064,kor.2,,,Chungbuk&#8197;Cheongju,Cheonan&#8197;City,2024-11-13,1,1,STATUS_FINAL,D,,,2026-07-25T04:13:22Z,2026-07-25T04:13:22Z
40523,kl_kl2_2024_en_065,kor.2,,,Chungbuk&#8197;Cheongju,Chungnam&#8197;Asan,2024-11-17,0,3,STATUS_FINAL,A,,,2026-07-25T04:13:22Z,2026-07-25T04:13:22Z
40524,kl_kl2_2024_en_066,kor.2,,,Chungbuk&#8197;Cheongju,Gimpo&#8197;FC,2024-11-21,0,0,STATUS_FINAL,D,,,2026-07-25T04:13:22Z,2026-07-25T04:13:22Z
40525,kl_kl2_2024_en_067,kor.2,,,Chungbuk&#8197;Cheongju,Gyeongnam&#8197;FC,2024-11-25,1,0,STATUS_FINAL,H,,,2026-07-25T04:13:22Z,2026-07-25T04:13:22Z
40526,kl_kl2_2024_en_068,kor.2,,,Chungbuk&#8197;Cheongju,Jeonnam&#8197;Dragons,2024-11-29,1,0,STATUS_FINAL,H,,,2026-07-25T04:13:22Z,2026-07-25T04:13:22Z
40527,kl_kl2_2024_en_069,kor.2,,,Chungbuk&#8197;Cheongju,Seongnam&#8197;FC,2024-03-04,1,1,STATUS_FINAL,D,,,2026-07-25T04:13:22Z,2026-07-25T04:13:22Z
40528,kl_kl2_2024_en_070,kor.2,,,Chungbuk&#8197;Cheongju,Seoul&#8197;E-Land,2024-03-08,2,3,STATUS_FINAL,A,,,2026-07-25T04:13:22Z,2026-07-25T04:13:22Z
40529,kl_kl2_2024_en_071,kor.2,,,Chungbuk&#8197;Cheongju,Suwon&#8197;Samsung&#8197;Bluewings,2024-03-12,0,1,STATUS_FINAL,A,,,2026-07-25T04:13:22Z,2026-07-25T04:13:22Z
40530,kl_kl2_2024_en_072,kor.2,,,Chungnam&#8197;Asan,Ansan&#8197;Greeners,2024-03-16,2,0,STATUS_FINAL,H,,,2026-07-25T04:13:22Z,2026-07-25T04:13:22Z
40531,kl_kl2_2024_en_073,kor.2,,,Chungnam&#8197;Asan,FC&#8197;Anyang,2024-03-20,1,1,STATUS_FINAL,D,,,2026-07-25T04:13:22Z,2026-07-25T04:13:22Z
40532,kl_kl2_2024_en_074,kor.2,,,Chungnam&#8197;Asan,Bucheon&#8197;FC&#8197;1995,2024-03-24,1,1,STATUS_FINAL,D,,,2026-07-25T04:13:22Z,2026-07-25T04:13:22Z
40533,kl_kl2_2024_en_075,kor.2,,,Chungnam&#8197;Asan,Busan&#8197;IPark,2024-03-28,0,0,STATUS_FINAL,D,,,2026-07-25T04:13:22Z,2026-07-25T04:13:22Z
40534,kl_kl2_2024_en_076,kor.2,,,Chungnam&#8197;Asan,Cheonan&#8197;City,2024-04-01,2,2,STATUS_FINAL,D,,,2026-07-25T04:13:22Z,2026-07-25T04:13:22Z
40535,kl_kl2_2024_en_077,kor.2,,,Chungnam&#8197;Asan,Chungbuk&#8197;Cheongju,2024-04-05,4,1,STATUS_FINAL,H,,,2026-07-25T04:13:22Z,2026-07-25T04:13:22Z
40536,kl_kl2_2024_en_078,kor.2,,,Chungnam&#8197;Asan,Gimpo&#8197;FC,2024-04-09,1,2,STATUS_FINAL,A,,,2026-07-25T04:13:22Z,2026-07-25T04:13:22Z
40537,kl_kl2_2024_en_079,kor.2,,,Chungnam&#8197;Asan,Gyeongnam&#8197;FC,2024-04-13,4,0,STATUS_FINAL,H,,,2026-07-25T04:13:22Z,2026-07-25T04:13:22Z
40538,kl_kl2_2024_en_080,kor.2,,,Chungnam&#8197;Asan,Jeonnam&#8197;Dragons,2024-04-17,1,1,STATUS_FINAL,D,,,2026-07-25T04:13:22Z,2026-07-25T04:13:22Z
40539,kl_kl2_2024_en_081,kor.2,,,Chungnam&#8197;Asan,Seongnam&#8197;FC,2024-04-21,1,1,STATUS_FINAL,D,,,2026-07-25T04:13:22Z,2026-07-25T04:13:22Z
40540,kl_kl2_2024_en_082,kor.2,,,Chungnam&#8197;Asan,Seoul&#8197;E-Land,2024-04-25,2,0,STATUS_FINAL,H,,,2026-07-25T04:13:22Z,2026-07-25T04:13:22Z
40541,kl_kl2_2024_en_083,kor.2,,,Chungnam&#8197;Asan,Suwon&#8197;Samsung&#8197;Bluewings,2024-04-29,1,0,STATUS_FINAL,H,,,2026-07-25T04:13:22Z,2026-07-25T04:13:22Z
40542,kl_kl2_2024_en_084,kor.2,,,Gimpo&#8197;FC,Ansan&#8197;Greeners,2024-05-03,1,0,STATUS_FINAL,H,,,2026-07-25T04:13:22Z,2026-07-25T04:13:22Z
40543,kl_kl2_2024_en_085,kor.2,,,Gimpo&#8197;FC,FC&#8197;Anyang,2024-05-07,0,1,STATUS_FINAL,A,,,2026-07-25T04:13:22Z,2026-07-25T04:13:22Z
40544,kl_kl2_2024_en_086,kor.2,,,Gimpo&#8197;FC,Bucheon&#8197;FC&#8197;1995,2024-05-11,0,1,STATUS_FINAL,A,,,2026-07-25T04:13:22Z,2026-07-25T04:13:22Z
40545,kl_kl2_2024_en_087,kor.2,,,Gimpo&#8197;FC,Busan&#8197;IPark,2024-05-15,1,0,STATUS_FINAL,H,,,2026-07-25T04:13:22Z,2026-07-25T04:13:22Z
40546,kl_kl2_2024_en_088,kor.2,,,Gimpo&#8197;FC,Cheonan&#8197;City,2024-05-19,1,1,STATUS_FINAL,D,,,2026-07-25T04:13:22Z,2026-07-25T04:13:22Z
40547,kl_kl2_2024_en_089,kor.2,,,Gimpo&#8197;FC,Chungbuk&#8197;Cheongju,2024-05-23,1,1,STATUS_FINAL,D,,,2026-07-25T04:13:22Z,2026-07-25T04:13:22Z
40548,kl_kl2_2024_en_090,kor.2,,,Gimpo&#8197;FC,Chungnam&#8197;Asan,2024-05-27,3,3,STATUS_FINAL,D,,,2026-07-25T04:13:22Z,2026-07-25T04:13:22Z
40549,kl_kl2_2024_en_091,kor.2,,,Gimpo&#8197;FC,Gyeongnam&#8197;FC,2024-05-31,2,2,STATUS_FINAL,D,,,2026-07-25T04:13:22Z,2026-07-25T04:13:22Z
40550,kl_kl2_2024_en_092,kor.2,,,Gimpo&#8197;FC,Jeonnam&#8197;Dragons,2024-06-04,1,2,STATUS_FINAL,A,,,2026-07-25T04:13:22Z,2026-07-25T04:13:22Z
40551,kl_kl2_2024_en_093,kor.2,,,Gimpo&#8197;FC,Seongnam&#8197;FC,2024-06-08,2,1,STATUS_FINAL,H,,,2026-07-25T04:13:22Z,2026-07-25T04:13:22Z
40552,kl_kl2_2024_en_094,kor.2,,,Gimpo&#8197;FC,Seoul&#8197;E-Land,2024-06-12,2,5,STATUS_FINAL,A,,,2026-07-25T04:13:22Z,2026-07-25T04:13:22Z
40553,kl_kl2_2024_en_095,kor.2,,,Gimpo&#8197;FC,Suwon&#8197;Samsung&#8197;Bluewings,2024-06-16,1,1,STATUS_FINAL,D,,,2026-07-25T04:13:22Z,2026-07-25T04:13:22Z
40554,kl_kl2_2024_en_096,kor.2,,,Gyeongnam&#8197;FC,Ansan&#8197;Greeners,2024-06-20,2,0,STATUS_FINAL,H,,,2026-07-25T04:13:22Z,2026-07-25T04:13:22Z
40555,kl_kl2_2024_en_097,kor.2,,,Gyeongnam&#8197;FC,FC&#8197;Anyang,2024-06-24,0,0,STATUS_FINAL,D,,,2026-07-25T04:13:22Z,2026-07-25T04:13:22Z
40556,kl_kl2_2024_en_098,kor.2,,,Gyeongnam&#8197;FC,Bucheon&#8197;FC&#8197;1995,2024-06-28,2,2,STATUS_FINAL,D,,,2026-07-25T04:13:22Z,2026-07-25T04:13:22Z
40557,kl_kl2_2024_en_099,kor.2,,,Gyeongnam&#8197;FC,Busan&#8197;IPark,2024-07-02,1,4,STATUS_FINAL,A,,,2026-07-25T04:13:22Z,2026-07-25T04:13:22Z
40558,kl_kl2_2024_en_100,kor.2,,,Gyeongnam&#8197;FC,Cheonan&#8197;City,2024-07-06,3,3,STATUS_FINAL,D,,,2026-07-25T04:13:22Z,2026-07-25T04:13:22Z
40559,kl_kl2_2024_en_101,kor.2,,,Gyeongnam&#8197;FC,Chungbuk&#8197;Cheongju,2024-07-10,1,1,STATUS_FINAL,D,,,2026-07-25T04:13:22Z,2026-07-25T04:13:22Z
40560,kl_kl2_2024_en_102,kor.2,,,Gyeongnam&#8197;FC,Chungnam&#8197;Asan,2024-07-14,1,2,STATUS_FINAL,A,,,2026-07-25T04:13:22Z,2026-07-25T04:13:22Z
40561,kl_kl2_2024_en_103,kor.2,,,Gyeongnam&#8197;FC,Gimpo&#8197;FC,2024-07-18,1,3,STATUS_FINAL,A,,,2026-07-25T04:13:22Z,2026-07-25T04:13:22Z
40562,kl_kl2_2024_en_104,kor.2,,,Gyeongnam&#8197;FC,Jeonnam&#8197;Dragons,2024-07-22,2,4,STATUS_FINAL,A,,,2026-07-25T04:13:22Z,2026-07-25T04:13:22Z
40563,kl_kl2_2024_en_105,kor.2,,,Gyeongnam&#8197;FC,Seongnam&#8197;FC,2024-07-26,1,2,STATUS_FINAL,A,,,2026-07-25T04:13:22Z,2026-07-25T04:13:22Z
40564,kl_kl2_2024_en_106,kor.2,,,Gyeongnam&#8197;FC,Seoul&#8197;E-Land,2024-07-30,2,1,STATUS_FINAL,H,,,2026-07-25T04:13:22Z,2026-07-25T04:13:22Z
40565,kl_kl2_2024_en_107,kor.2,,,Gyeongnam&#8197;FC,Suwon&#8197;Samsung&#8197;Bluewings,2024-08-03,0,0,STATUS_FINAL,D,,,2026-07-25T04:13:22Z,2026-07-25T04:13:22Z
40566,kl_kl2_2024_en_108,kor.2,,,Jeonnam&#8197;Dragons,Ansan&#8197;Greeners,2024-08-07,1,1,STATUS_FINAL,D,,,2026-07-25T04:13:22Z,2026-07-25T04:13:22Z
40567,kl_kl2_2024_en_109,kor.2,,,Jeonnam&#8197;Dragons,FC&#8197;Anyang,2024-08-11,1,2,STATUS_FINAL,A,,,2026-07-25T04:13:22Z,2026-07-25T04:13:22Z
40568,kl_kl2_2024_en_110,kor.2,,,Jeonnam&#8197;Dragons,Bucheon&#8197;FC&#8197;1995,2024-08-15,1,1,STATUS_FINAL,D,,,2026-07-25T04:13:22Z,2026-07-25T04:13:22Z
40569,kl_kl2_2024_en_111,kor.2,,,Jeonnam&#8197;Dragons,Busan&#8197;IPark,2024-08-19,2,3,STATUS_FINAL,A,,,2026-07-25T04:13:22Z,2026-07-25T04:13:22Z
40570,kl_kl2_2024_en_112,kor.2,,,Jeonnam&#8197;Dragons,Cheonan&#8197;City,2024-08-23,1,0,STATUS_FINAL,H,,,2026-07-25T04:13:22Z,2026-07-25T04:13:22Z
40571,kl_kl2_2024_en_113,kor.2,,,Jeonnam&#8197;Dragons,Chungbuk&#8197;Cheongju,2024-08-27,1,1,STATUS_FINAL,D,,,2026-07-25T04:13:22Z,2026-07-25T04:13:22Z
40572,kl_kl2_2024_en_114,kor.2,,,Jeonnam&#8197;Dragons,Chungnam&#8197;Asan,2024-08-31,3,2,STATUS_FINAL,H,,,2026-07-25T04:13:22Z,2026-07-25T04:13:22Z
40573,kl_kl2_2024_en_115,kor.2,,,Jeonnam&#8197;Dragons,Gimpo&#8197;FC,2024-09-04,4,0,STATUS_FINAL,H,,,2026-07-25T04:13:22Z,2026-07-25T04:13:22Z
40574,kl_kl2_2024_en_116,kor.2,,,Jeonnam&#8197;Dragons,Gyeongnam&#8197;FC,2024-09-08,1,3,STATUS_FINAL,A,,,2026-07-25T04:13:22Z,2026-07-25T04:13:22Z
40575,kl_kl2_2024_en_117,kor.2,,,Jeonnam&#8197;Dragons,Seongnam&#8197;FC,2024-09-12,2,0,STATUS_FINAL,H,,,2026-07-25T04:13:22Z,2026-07-25T04:13:22Z
40576,kl_kl2_2024_en_118,kor.2,,,Jeonnam&#8197;Dragons,Seoul&#8197;E-Land,2024-09-16,2,2,STATUS_FINAL,D,,,2026-07-25T04:13:22Z,2026-07-25T04:13:22Z
40577,kl_kl2_2024_en_119,kor.2,,,Jeonnam&#8197;Dragons,Suwon&#8197;Samsung&#8197;Bluewings,2024-09-20,1,1,STATUS_FINAL,D,,,2026-07-25T04:13:22Z,2026-07-25T04:13:22Z
40578,kl_kl2_2024_en_120,kor.2,,,Seongnam&#8197;FC,Ansan&#8197;Greeners,2024-09-24,1,3,STATUS_FINAL,A,,,2026-07-25T04:13:22Z,2026-07-25T04:13:22Z
40579,kl_kl2_2024_en_121,kor.2,,,Seongnam&#8197;FC,FC&#8197;Anyang,2024-09-28,3,1,STATUS_FINAL,H,,,2026-07-25T04:13:22Z,2026-07-25T04:13:22Z
40580,kl_kl2_2024_en_122,kor.2,,,Seongnam&#8197;FC,Bucheon&#8197;FC&#8197;1995,2024-10-02,0,1,STATUS_FINAL,A,,,2026-07-25T04:13:22Z,2026-07-25T04:13:22Z
40581,kl_kl2_2024_en_123,kor.2,,,Seongnam&#8197;FC,Busan&#8197;IPark,2024-10-06,0,1,STATUS_FINAL,A,,,2026-07-25T04:13:22Z,2026-07-25T04:13:22Z
40582,kl_kl2_2024_en_124,kor.2,,,Seongnam&#8197;FC,Cheonan&#8197;City,2024-10-10,0,2,STATUS_FINAL,A,,,2026-07-25T04:13:22Z,2026-07-25T04:13:22Z
40583,kl_kl2_2024_en_125,kor.2,,,Seongnam&#8197;FC,Chungbuk&#8197;Cheongju,2024-10-14,1,2,STATUS_FINAL,A,,,2026-07-25T04:13:22Z,2026-07-25T04:13:22Z
40584,kl_kl2_2024_en_126,kor.2,,,Seongnam&#8197;FC,Chungnam&#8197;Asan,2024-10-18,0,4,STATUS_FINAL,A,,,2026-07-25T04:13:22Z,2026-07-25T04:13:22Z
40585,kl_kl2_2024_en_127,kor.2,,,Seongnam&#8197;FC,Gimpo&#8197;FC,2024-10-22,2,1,STATUS_FINAL,H,,,2026-07-25T04:13:22Z,2026-07-25T04:13:22Z
40586,kl_kl2_2024_en_128,kor.2,,,Seongnam&#8197;FC,Gyeongnam&#8197;FC,2024-10-26,1,4,STATUS_FINAL,A,,,2026-07-25T04:13:22Z,2026-07-25T04:13:22Z
40587,kl_kl2_2024_en_129,kor.2,,,Seongnam&#8197;FC,Jeonnam&#8197;Dragons,2024-10-30,1,2,STATUS_FINAL,A,,,2026-07-25T04:13:22Z,2026-07-25T04:13:22Z
40588,kl_kl2_2024_en_130,kor.2,,,Seongnam&#8197;FC,Seoul&#8197;E-Land,2024-11-03,2,2,STATUS_FINAL,D,,,2026-07-25T04:13:22Z,2026-07-25T04:13:22Z
40589,kl_kl2_2024_en_131,kor.2,,,Seongnam&#8197;FC,Suwon&#8197;Samsung&#8197;Bluewings,2024-11-07,2,1,STATUS_FINAL,H,,,2026-07-25T04:13:22Z,2026-07-25T04:13:22Z
40590,kl_kl2_2024_en_132,kor.2,,,Seoul&#8197;E-Land,Ansan&#8197;Greeners,2024-11-11,0,3,STATUS_FINAL,A,,,2026-07-25T04:13:22Z,2026-07-25T04:13:22Z
40591,kl_kl2_2024_en_133,kor.2,,,Seoul&#8197;E-Land,FC&#8197;Anyang,2024-11-15,1,2,STATUS_FINAL,A,,,2026-07-25T04:13:22Z,2026-07-25T04:13:22Z
40592,kl_kl2_2024_en_134,kor.2,,,Seoul&#8197;E-Land,Bucheon&#8197;FC&#8197;1995,2024-11-19,1,1,STATUS_FINAL,D,,,2026-07-25T04:13:22Z,2026-07-25T04:13:22Z
40593,kl_kl2_2024_en_135,kor.2,,,Seoul&#8197;E-Land,Busan&#8197;IPark,2024-11-23,2,1,STATUS_FINAL,H,,,2026-07-25T04:13:22Z,2026-07-25T04:13:22Z
40594,kl_kl2_2024_en_136,kor.2,,,Seoul&#8197;E-Land,Cheonan&#8197;City,2024-11-27,3,4,STATUS_FINAL,A,,,2026-07-25T04:13:22Z,2026-07-25T04:13:22Z
40595,kl_kl2_2024_en_137,kor.2,,,Seoul&#8197;E-Land,Chungbuk&#8197;Cheongju,2024-03-02,1,1,STATUS_FINAL,D,,,2026-07-25T04:13:22Z,2026-07-25T04:13:22Z
40596,kl_kl2_2024_en_138,kor.2,,,Seoul&#8197;E-Land,Chungnam&#8197;Asan,2024-03-06,5,0,STATUS_FINAL,H,,,2026-07-25T04:13:22Z,2026-07-25T04:13:22Z
40597,kl_kl2_2024_en_139,kor.2,,,Seoul&#8197;E-Land,Gimpo&#8197;FC,2024-03-10,1,1,STATUS_FINAL,D,,,2026-07-25T04:13:22Z,2026-07-25T04:13:22Z
40598,kl_kl2_2024_en_140,kor.2,,,Seoul&#8197;E-Land,Gyeongnam&#8197;FC,2024-03-14,2,1,STATUS_FINAL,H,,,2026-07-25T04:13:22Z,2026-07-25T04:13:22Z
40599,kl_kl2_2024_en_141,kor.2,,,Seoul&#8197;E-Land,Jeonnam&#8197;Dragons,2024-03-18,1,2,STATUS_FINAL,A,,,2026-07-25T04:13:22Z,2026-07-25T04:13:22Z
40600,kl_kl2_2024_en_142,kor.2,,,Seoul&#8197;E-Land,Seongnam&#8197;FC,2024-03-22,3,1,STATUS_FINAL,H,,,2026-07-25T04:13:22Z,2026-07-25T04:13:22Z
40601,kl_kl2_2024_en_143,kor.2,,,Seoul&#8197;E-Land,Suwon&#8197;Samsung&#8197;Bluewings,2024-03-26,2,1,STATUS_FINAL,H,,,2026-07-25T04:13:22Z,2026-07-25T04:13:22Z
40602,kl_kl2_2024_en_144,kor.2,,,Suwon&#8197;Samsung&#8197;Bluewings,Ansan&#8197;Greeners,2024-03-30,1,1,STATUS_FINAL,D,,,2026-07-25T04:13:22Z,2026-07-25T04:13:22Z
40603,kl_kl2_2024_en_145,kor.2,,,Suwon&#8197;Samsung&#8197;Bluewings,FC&#8197;Anyang,2024-04-03,2,1,STATUS_FINAL,H,,,2026-07-25T04:13:22Z,2026-07-25T04:13:22Z
40604,kl_kl2_2024_en_146,kor.2,,,Suwon&#8197;Samsung&#8197;Bluewings,Bucheon&#8197;FC&#8197;1995,2024-04-07,0,1,STATUS_FINAL,A,,,2026-07-25T04:13:22Z,2026-07-25T04:13:22Z
40605,kl_kl2_2024_en_147,kor.2,,,Suwon&#8197;Samsung&#8197;Bluewings,Busan&#8197;IPark,2024-04-11,0,1,STATUS_FINAL,A,,,2026-07-25T04:13:22Z,2026-07-25T04:13:22Z
40606,kl_kl2_2024_en_148,kor.2,,,Suwon&#8197;Samsung&#8197;Bluewings,Cheonan&#8197;City,2024-04-15,0,1,STATUS_FINAL,A,,,2026-07-25T04:13:22Z,2026-07-25T04:13:22Z
40607,kl_kl2_2024_en_149,kor.2,,,Suwon&#8197;Samsung&#8197;Bluewings,Chungbuk&#8197;Cheongju,2024-04-19,0,0,STATUS_FINAL,D,,,2026-07-25T04:13:22Z,2026-07-25T04:13:22Z
40608,kl_kl2_2024_en_150,kor.2,,,Suwon&#8197;Samsung&#8197;Bluewings,Chungnam&#8197;Asan,2024-04-23,2,1,STATUS_FINAL,H,,,2026-07-25T04:13:22Z,2026-07-25T04:13:22Z
40609,kl_kl2_2024_en_151,kor.2,,,Suwon&#8197;Samsung&#8197;Bluewings,Gimpo&#8197;FC,2024-04-27,2,1,STATUS_FINAL,H,,,2026-07-25T04:13:22Z,2026-07-25T04:13:22Z
40610,kl_kl2_2024_en_152,kor.2,,,Suwon&#8197;Samsung&#8197;Bluewings,Gyeongnam&#8197;FC,2024-05-01,1,1,STATUS_FINAL,D,,,2026-07-25T04:13:22Z,2026-07-25T04:13:22Z
40611,kl_kl2_2024_en_153,kor.2,,,Suwon&#8197;Samsung&#8197;Bluewings,Jeonnam&#8197;Dragons,2024-05-05,5,1,STATUS_FINAL,H,,,2026-07-25T04:13:22Z,2026-07-25T04:13:22Z
40612,kl_kl2_2024_en_154,kor.2,,,Suwon&#8197;Samsung&#8197;Bluewings,Seongnam&#8197;FC,2024-05-09,3,0,STATUS_FINAL,H,,,2026-07-25T04:13:22Z,2026-07-25T04:13:22Z
40613,kl_kl2_2024_en_155,kor.2,,,Suwon&#8197;Samsung&#8197;Bluewings,Seoul&#8197;E-Land,2024-05-13,1,3,STATUS_FINAL,A,,,2026-07-25T04:13:22Z,2026-07-25T04:13:22Z
40614,kl_kl1_2024_en_000,kor.1,,,Ulsan&#8197;HD,Pohang&#8197;Steelers,2024-03-01,1,0,STATUS_FINAL,H,,,2026-07-25T04:13:22Z,2026-07-25T04:13:22Z
40615,kl_kl1_2024_en_001,kor.1,,,Jeonbuk&#8197;Hyundai&#8197;Motors,Daejeon&#8197;Hana&#8197;Citizen,2024-03-01,1,1,STATUS_FINAL,D,,,2026-07-25T04:13:22Z,2026-07-25T04:13:22Z
40616,kl_kl1_2024_en_002,kor.1,,,Gwangju&#8197;FC,FC&#8197;Seoul,2024-03-02,2,0,STATUS_FINAL,H,,,2026-07-25T04:13:22Z,2026-07-25T04:13:22Z
40617,kl_kl1_2024_en_003,kor.1,,,Gangwon&#8197;FC,Jeju&#8197;United,2024-03-02,1,1,STATUS_FINAL,D,,,2026-07-25T04:13:22Z,2026-07-25T04:13:22Z
40618,kl_kl1_2024_en_004,kor.1,,,Incheon&#8197;United,Suwon&#8197;FC,2024-03-02,0,1,STATUS_FINAL,A,,,2026-07-25T04:13:22Z,2026-07-25T04:13:22Z
40619,kl_kl1_2024_en_005,kor.1,,,Daegu&#8197;FC,Gimcheon&#8197;Sangmu,2024-03-03,0,1,STATUS_FINAL,A,,,2026-07-25T04:13:22Z,2026-07-25T04:13:22Z
40620,kl_kl1_2024_en_006,kor.1,,,Suwon&#8197;FC,Jeonbuk&#8197;Hyundai&#8197;Motors,2024-03-09,1,1,STATUS_FINAL,D,,,2026-07-25T04:13:22Z,2026-07-25T04:13:22Z
40621,kl_kl1_2024_en_007,kor.1,,,Pohang&#8197;Steelers,Daegu&#8197;FC,2024-03-09,3,1,STATUS_FINAL,H,,,2026-07-25T04:13:22Z,2026-07-25T04:13:22Z
40622,kl_kl1_2024_en_008,kor.1,,,Gimcheon&#8197;Sangmu,Ulsan&#8197;HD,2024-03-09,2,3,STATUS_FINAL,A,,,2026-07-25T04:13:22Z,2026-07-25T04:13:22Z
40623,kl_kl1_2024_en_009,kor.1,,,Jeju&#8197;United,Daejeon&#8197;Hana&#8197;Citizen,2024-03-10,3,1,STATUS_FINAL,H,,,2026-07-25T04:13:22Z,2026-07-25T04:13:22Z
40624,kl_kl1_2024_en_010,kor.1,,,FC&#8197;Seoul,Incheon&#8197;United,2024-03-10,0,0,STATUS_FINAL,D,,,2026-07-25T04:13:22Z,2026-07-25T04:13:22Z
40625,kl_kl1_2024_en_011,kor.1,,,Gwangju&#8197;FC,Gangwon&#8197;FC,2024-03-10,4,2,STATUS_FINAL,H,,,2026-07-25T04:13:22Z,2026-07-25T04:13:22Z
40626,kl_kl1_2024_en_012,kor.1,,,Daejeon&#8197;Hana&#8197;Citizen,Gangwon&#8197;FC,2024-03-16,1,1,STATUS_FINAL,D,,,2026-07-25T04:13:22Z,2026-07-25T04:13:22Z
40627,kl_kl1_2024_en_013,kor.1,,,Daegu&#8197;FC,Suwon&#8197;FC,2024-03-16,1,1,STATUS_FINAL,D,,,2026-07-25T04:13:22Z,2026-07-25T04:13:22Z
40628,kl_kl1_2024_en_014,kor.1,,,FC&#8197;Seoul,Jeju&#8197;United,2024-03-16,2,0,STATUS_FINAL,H,,,2026-07-25T04:13:22Z,2026-07-25T04:13:22Z
40629,kl_kl1_2024_en_015,kor.1,,,Gimcheon&#8197;Sangmu,Jeonbuk&#8197;Hyundai&#8197;Motors,2024-03-17,1,0,STATUS_FINAL,H,,,2026-07-25T04:13:22Z,2026-07-25T04:13:22Z
40630,kl_kl1_2024_en_016,kor.1,,,Pohang&#8197;Steelers,Gwangju&#8197;FC,2024-03-17,1,0,STATUS_FINAL,H,,,2026-07-25T04:13:22Z,2026-07-25T04:13:22Z
40631,kl_kl1_2024_en_017,kor.1,,,Ulsan&#8197;HD,Incheon&#8197;United,2024-03-17,3,3,STATUS_FINAL,D,,,2026-07-25T04:13:22Z,2026-07-25T04:13:22Z
40632,kl_kl1_2024_en_018,kor.1,,,Incheon&#8197;United,Daejeon&#8197;Hana&#8197;Citizen,2024-03-30,2,0,STATUS_FINAL,H,,,2026-07-25T04:13:22Z,2026-07-25T04:13:22Z
40633,kl_kl1_2024_en_019,kor.1,,,Jeonbuk&#8197;Hyundai&#8197;Motors,Ulsan&#8197;HD,2024-03-30,2,2,STATUS_FINAL,D,,,2026-07-25T04:13:22Z,2026-07-25T04:13:22Z
40634,kl_kl1_2024_en_020,kor.1,,,Jeju&#8197;United,Pohang&#8197;Steelers,2024-03-30,0,2,STATUS_FINAL,A,,,2026-07-25T04:13:22Z,2026-07-25T04:13:22Z
40635,kl_kl1_2024_en_021,kor.1,,,Suwon&#8197;FC,Gimcheon&#8197;Sangmu,2024-03-30,1,4,STATUS_FINAL,A,,,2026-07-25T04:13:22Z,2026-07-25T04:13:22Z
40636,kl_kl1_2024_en_022,kor.1,,,Gangwon&#8197;FC,FC&#8197;Seoul,2024-03-31,1,1,STATUS_FINAL,D,,,2026-07-25T04:13:22Z,2026-07-25T04:13:22Z
40637,kl_kl1_2024_en_023,kor.1,,,Gwangju&#8197;FC,Daegu&#8197;FC,2024-03-31,1,2,STATUS_FINAL,A,,,2026-07-25T04:13:22Z,2026-07-25T04:13:22Z
40638,kl_kl1_2024_en_024,kor.1,,,Pohang&#8197;Steelers,Suwon&#8197;FC,2024-04-02,1,1,STATUS_FINAL,D,,,2026-07-25T04:13:22Z,2026-07-25T04:13:22Z
40639,kl_kl1_2024_en_025,kor.1,,,Daejeon&#8197;Hana&#8197;Citizen,Ulsan&#8197;HD,2024-04-02,2,0,STATUS_FINAL,H,,,2026-07-25T04:13:22Z,2026-07-25T04:13:22Z
40640,kl_kl1_2024_en_026,kor.1,,,Jeju&#8197;United,Jeonbuk&#8197;Hyundai&#8197;Motors,2024-04-03,2,0,STATUS_FINAL,H,,,2026-07-25T04:13:22Z,2026-07-25T04:13:22Z
40641,kl_kl1_2024_en_027,kor.1,,,Gangwon&#8197;FC,Daegu&#8197;FC,2024-04-03,3,0,STATUS_FINAL,H,,,2026-07-25T04:13:22Z,2026-07-25T04:13:22Z
40642,kl_kl1_2024_en_028,kor.1,,,Gwangju&#8197;FC,Incheon&#8197;United,2024-04-03,2,3,STATUS_FINAL,A,,,2026-07-25T04:13:22Z,2026-07-25T04:13:22Z
40643,kl_kl1_2024_en_029,kor.1,,,FC&#8197;Seoul,Gimcheon&#8197;Sangmu,2024-04-03,5,1,STATUS_FINAL,H,,,2026-07-25T04:13:22Z,2026-07-25T04:13:22Z
40644,kl_kl1_2024_en_030,kor.1,,,Ulsan&#8197;HD,Suwon&#8197;FC,2024-04-06,3,0,STATUS_FINAL,H,,,2026-07-25T04:13:22Z,2026-07-25T04:13:22Z
40645,kl_kl1_2024_en_031,kor.1,,,Gimcheon&#8197;Sangmu,Gwangju&#8197;FC,2024-04-06,2,1,STATUS_FINAL,H,,,2026-07-25T04:13:22Z,2026-07-25T04:13:22Z
40646,kl_kl1_2024_en_032,kor.1,,,Incheon&#8197;United,Jeju&#8197;United,2024-04-06,0,1,STATUS_FINAL,A,,,2026-07-25T04:13:22Z,2026-07-25T04:13:22Z
40647,kl_kl1_2024_en_033,kor.1,,,Jeonbuk&#8197;Hyundai&#8197;Motors,Gangwon&#8197;FC,2024-04-07,2,3,STATUS_FINAL,A,,,2026-07-25T04:13:22Z,2026-07-25T04:13:22Z
40648,kl_kl1_2024_en_034,kor.1,,,Daegu&#8197;FC,FC&#8197;Seoul,2024-04-07,0,0,STATUS_FINAL,D,,,2026-07-25T04:13:22Z,2026-07-25T04:13:22Z
40649,kl_kl1_2024_en_035,kor.1,,,Daejeon&#8197;Hana&#8197;Citizen,Pohang&#8197;Steelers,2024-04-07,1,2,STATUS_FINAL,A,,,2026-07-25T04:13:22Z,2026-07-25T04:13:22Z
40650,kl_kl1_2024_en_036,kor.1,,,Jeonbuk&#8197;Hyundai&#8197;Motors,Gwangju&#8197;FC,2024-04-13,2,1,STATUS_FINAL,H,,,2026-07-25T04:13:22Z,2026-07-25T04:13:22Z
40651,kl_kl1_2024_en_037,kor.1,,,FC&#8197;Seoul,Pohang&#8197;Steelers,2024-04-13,2,4,STATUS_FINAL,A,,,2026-07-25T04:13:22Z,2026-07-25T04:13:22Z
40652,kl_kl1_2024_en_038,kor.1,,,Jeju&#8197;United,Gimcheon&#8197;Sangmu,2024-04-13,0,2,STATUS_FINAL,A,,,2026-07-25T04:13:22Z,2026-07-25T04:13:22Z
40653,kl_kl1_2024_en_039,kor.1,,,Ulsan&#8197;HD,Gangwon&#8197;FC,2024-04-13,4,0,STATUS_FINAL,H,,,2026-07-25T04:13:22Z,2026-07-25T04:13:22Z
40654,kl_kl1_2024_en_040,kor.1,,,Suwon&#8197;FC,Daejeon&#8197;Hana&#8197;Citizen,2024-04-14,1,0,STATUS_FINAL,H,,,2026-07-25T04:13:22Z,2026-07-25T04:13:22Z
40655,kl_kl1_2024_en_041,kor.1,,,Incheon&#8197;United,Daegu&#8197;FC,2024-04-14,1,1,STATUS_FINAL,D,,,2026-07-25T04:13:22Z,2026-07-25T04:13:22Z
40656,kl_kl1_2024_en_042,kor.1,,,Suwon&#8197;FC,Jeju&#8197;United,2024-04-20,2,1,STATUS_FINAL,H,,,2026-07-25T04:13:22Z,2026-07-25T04:13:22Z
40657,kl_kl1_2024_en_043,kor.1,,,Pohang&#8197;Steelers,Gimcheon&#8197;Sangmu,2024-04-20,0,0,STATUS_FINAL,D,,,2026-07-25T04:13:22Z,2026-07-25T04:13:22Z
40658,kl_kl1_2024_en_044,kor.1,,,FC&#8197;Seoul,Jeonbuk&#8197;Hyundai&#8197;Motors,2024-04-20,2,3,STATUS_FINAL,A,,,2026-07-25T04:13:22Z,2026-07-25T04:13:22Z
40659,kl_kl1_2024_en_045,kor.1,,,Gangwon&#8197;FC,Incheon&#8197;United,2024-04-21,4,1,STATUS_FINAL,H,,,2026-07-25T04:13:22Z,2026-07-25T04:13:22Z
40660,kl_kl1_2024_en_046,kor.1,,,Daegu&#8197;FC,Daejeon&#8197;Hana&#8197;Citizen,2024-04-21,0,0,STATUS_FINAL,D,,,2026-07-25T04:13:22Z,2026-07-25T04:13:22Z
40661,kl_kl1_2024_en_047,kor.1,,,Gwangju&#8197;FC,Ulsan&#8197;HD,2024-05-15,2,1,STATUS_FINAL,H,,,2026-07-25T04:13:22Z,2026-07-25T04:13:22Z
40662,kl_kl1_2024_en_048,kor.1,,,Daejeon&#8197;Hana&#8197;Citizen,FC&#8197;Seoul,2024-04-27,3,1,STATUS_FINAL,H,,,2026-07-25T04:13:22Z,2026-07-25T04:13:22Z
40663,kl_kl1_2024_en_049,kor.1,,,Gimcheon&#8197;Sangmu,Gangwon&#8197;FC,2024-04-27,1,0,STATUS_FINAL,H,,,2026-07-25T04:13:22Z,2026-07-25T04:13:22Z
40664,kl_kl1_2024_en_050,kor.1,,,Gwangju&#8197;FC,Suwon&#8197;FC,2024-04-27,1,2,STATUS_FINAL,A,,,2026-07-25T04:13:22Z,2026-07-25T04:13:22Z
40665,kl_kl1_2024_en_051,kor.1,,,Jeonbuk&#8197;Hyundai&#8197;Motors,Daegu&#8197;FC,2024-04-28,2,2,STATUS_FINAL,D,,,2026-07-25T04:13:22Z,2026-07-25T04:13:22Z
40666,kl_kl1_2024_en_052,kor.1,,,Pohang&#8197;Steelers,Incheon&#8197;United,2024-04-28,0,0,STATUS_FINAL,D,,,2026-07-25T04:13:22Z,2026-07-25T04:13:22Z
40667,kl_kl1_2024_en_053,kor.1,,,Ulsan&#8197;HD,Jeju&#8197;United,2024-04-28,3,1,STATUS_FINAL,H,,,2026-07-25T04:13:22Z,2026-07-25T04:13:22Z
40668,kl_kl1_2024_en_054,kor.1,,,Daejeon&#8197;Hana&#8197;Citizen,Gimcheon&#8197;Sangmu,2024-04-30,0,0,STATUS_FINAL,D,,,2026-07-25T04:13:22Z,2026-07-25T04:13:22Z
40669,kl_kl1_2024_en_055,kor.1,,,Suwon&#8197;FC,FC&#8197;Seoul,2024-04-30,0,2,STATUS_FINAL,A,,,2026-07-25T04:13:22Z,2026-07-25T04:13:22Z
40670,kl_kl1_2024_en_056,kor.1,,,Daegu&#8197;FC,Ulsan&#8197;HD,2024-05-01,1,2,STATUS_FINAL,A,,,2026-07-25T04:13:22Z,2026-07-25T04:13:22Z
40671,kl_kl1_2024_en_057,kor.1,,,Gangwon&#8197;FC,Pohang&#8197;Steelers,2024-05-01,2,4,STATUS_FINAL,A,,,2026-07-25T04:13:22Z,2026-07-25T04:13:22Z
40672,kl_kl1_2024_en_058,kor.1,,,Incheon&#8197;United,Jeonbuk&#8197;Hyundai&#8197;Motors,2024-05-01,3,0,STATUS_FINAL,H,,,2026-07-25T04:13:22Z,2026-07-25T04:13:22Z
40673,kl_kl1_2024_en_059,kor.1,,,Jeju&#8197;United,Gwangju&#8197;FC,2024-05-01,1,3,STATUS_FINAL,A,,,2026-07-25T04:13:22Z,2026-07-25T04:13:22Z
40674,kl_kl1_2024_en_060,kor.1,,,FC&#8197;Seoul,Ulsan&#8197;HD,2024-05-04,0,1,STATUS_FINAL,A,,,2026-07-25T04:13:22Z,2026-07-25T04:13:22Z
40675,kl_kl1_2024_en_061,kor.1,,,Pohang&#8197;Steelers,Jeonbuk&#8197;Hyundai&#8197;Motors,2024-05-04,1,0,STATUS_FINAL,H,,,2026-07-25T04:13:22Z,2026-07-25T04:13:22Z
40676,kl_kl1_2024_en_062,kor.1,,,Suwon&#8197;FC,Gangwon&#8197;FC,2024-05-05,1,2,STATUS_FINAL,A,,,2026-07-25T04:13:22Z,2026-07-25T04:13:22Z
40677,kl_kl1_2024_en_063,kor.1,,,Gimcheon&#8197;Sangmu,Incheon&#8197;United,2024-05-05,2,2,STATUS_FINAL,D,,,2026-07-25T04:13:22Z,2026-07-25T04:13:22Z
40678,kl_kl1_2024_en_064,kor.1,,,Jeju&#8197;United,Daegu&#8197;FC,2024-05-06,1,0,STATUS_FINAL,H,,,2026-07-25T04:13:22Z,2026-07-25T04:13:22Z
40679,kl_kl1_2024_en_065,kor.1,,,Gwangju&#8197;FC,Daejeon&#8197;Hana&#8197;Citizen,2024-05-06,2,1,STATUS_FINAL,H,,,2026-07-25T04:13:22Z,2026-07-25T04:13:22Z
40680,kl_kl1_2024_en_066,kor.1,,,Incheon&#8197;United,FC&#8197;Seoul,2024-05-11,1,2,STATUS_FINAL,A,,,2026-07-25T04:13:22Z,2026-07-25T04:13:22Z
40681,kl_kl1_2024_en_067,kor.1,,,Gangwon&#8197;FC,Daejeon&#8197;Hana&#8197;Citizen,2024-05-11,3,3,STATUS_FINAL,D,,,2026-07-25T04:13:22Z,2026-07-25T04:13:22Z
40682,kl_kl1_2024_en_068,kor.1,,,Daegu&#8197;FC,Gwangju&#8197;FC,2024-05-11,3,2,STATUS_FINAL,H,,,2026-07-25T04:13:22Z,2026-07-25T04:13:22Z
40683,kl_kl1_2024_en_069,kor.1,,,Jeonbuk&#8197;Hyundai&#8197;Motors,Suwon&#8197;FC,2024-05-12,2,3,STATUS_FINAL,A,,,2026-07-25T04:13:22Z,2026-07-25T04:13:22Z
40684,kl_kl1_2024_en_070,kor.1,,,Pohang&#8197;Steelers,Jeju&#8197;United,2024-05-12,1,1,STATUS_FINAL,D,,,2026-07-25T04:13:22Z,2026-07-25T04:13:22Z
40685,kl_kl1_2024_en_071,kor.1,,,Ulsan&#8197;HD,Gimcheon&#8197;Sangmu,2024-05-12,2,2,STATUS_FINAL,D,,,2026-07-25T04:13:22Z,2026-07-25T04:13:22Z
40686,kl_kl1_2024_en_072,kor.1,,,Daejeon&#8197;Hana&#8197;Citizen,Incheon&#8197;United,2024-05-18,0,1,STATUS_FINAL,A,,,2026-07-25T04:13:22Z,2026-07-25T04:13:22Z
40687,kl_kl1_2024_en_073,kor.1,,,Gimcheon&#8197;Sangmu,Jeju&#8197;United,2024-05-18,1,0,STATUS_FINAL,H,,,2026-07-25T04:13:22Z,2026-07-25T04:13:22Z
40688,kl_kl1_2024_en_074,kor.1,,,Gwangju&#8197;FC,Jeonbuk&#8197;Hyundai&#8197;Motors,2024-05-19,0,3,STATUS_FINAL,A,,,2026-07-25T04:13:22Z,2026-07-25T04:13:22Z
40689,kl_kl1_2024_en_075,kor.1,,,Gangwon&#8197;FC,Ulsan&#8197;HD,2024-05-19,1,0,STATUS_FINAL,H,,,2026-07-25T04:13:22Z,2026-07-25T04:13:22Z
40690,kl_kl1_2024_en_076,kor.1,,,FC&#8197;Seoul,Daegu&#8197;FC,2024-05-19,1,2,STATUS_FINAL,A,,,2026-07-25T04:13:22Z,2026-07-25T04:13:22Z
40691,kl_kl1_2024_en_077,kor.1,,,Suwon&#8197;FC,Pohang&#8197;Steelers,2024-05-19,1,0,STATUS_FINAL,H,,,2026-07-25T04:13:22Z,2026-07-25T04:13:22Z
40692,kl_kl1_2024_en_078,kor.1,,,Jeonbuk&#8197;Hyundai&#8197;Motors,Gimcheon&#8197;Sangmu,2024-05-25,0,0,STATUS_FINAL,D,,,2026-07-25T04:13:22Z,2026-07-25T04:13:22Z
40693,kl_kl1_2024_en_079,kor.1,,,Ulsan&#8197;HD,Daejeon&#8197;Hana&#8197;Citizen,2024-05-25,4,1,STATUS_FINAL,H,,,2026-07-25T04:13:22Z,2026-07-25T04:13:22Z
40694,kl_kl1_2024_en_080,kor.1,,,Incheon&#8197;United,Gwangju&#8197;FC,2024-05-25,1,1,STATUS_FINAL,D,,,2026-07-25T04:13:22Z,2026-07-25T04:13:22Z
40695,kl_kl1_2024_en_081,kor.1,,,Pohang&#8197;Steelers,FC&#8197;Seoul,2024-05-25,2,2,STATUS_FINAL,D,,,2026-07-25T04:13:22Z,2026-07-25T04:13:22Z
40696,kl_kl1_2024_en_082,kor.1,,,Daegu&#8197;FC,Gangwon&#8197;FC,2024-05-26,1,2,STATUS_FINAL,A,,,2026-07-25T04:13:22Z,2026-07-25T04:13:22Z
40697,kl_kl1_2024_en_083,kor.1,,,Jeju&#8197;United,Suwon&#8197;FC,2024-05-26,1,0,STATUS_FINAL,H,,,2026-07-25T04:13:22Z,2026-07-25T04:13:22Z
40698,kl_kl1_2024_en_084,kor.1,,,Gwangju&#8197;FC,Pohang&#8197;Steelers,2024-05-28,0,1,STATUS_FINAL,A,,,2026-07-25T04:13:22Z,2026-07-25T04:13:22Z
40699,kl_kl1_2024_en_085,kor.1,,,Gimcheon&#8197;Sangmu,FC&#8197;Seoul,2024-05-28,0,0,STATUS_FINAL,D,,,2026-07-25T04:13:22Z,2026-07-25T04:13:22Z
40700,kl_kl1_2024_en_086,kor.1,,,Daejeon&#8197;Hana&#8197;Citizen,Jeju&#8197;United,2024-05-29,0,1,STATUS_FINAL,A,,,2026-07-25T04:13:22Z,2026-07-25T04:13:22Z
40701,kl_kl1_2024_en_087,kor.1,,,Gangwon&#8197;FC,Jeonbuk&#8197;Hyundai&#8197;Motors,2024-05-29,2,1,STATUS_FINAL,H,,,2026-07-25T04:13:22Z,2026-07-25T04:13:22Z
40702,kl_kl1_2024_en_088,kor.1,,,Incheon&#8197;United,Ulsan&#8197;HD,2024-05-29,1,1,STATUS_FINAL,D,,,2026-07-25T04:13:22Z,2026-07-25T04:13:22Z
40703,kl_kl1_2024_en_089,kor.1,,,Suwon&#8197;FC,Daegu&#8197;FC,2024-05-29,2,0,STATUS_FINAL,H,,,2026-07-25T04:13:22Z,2026-07-25T04:13:22Z
40704,kl_kl1_2024_en_090,kor.1,,,Ulsan&#8197;HD,Jeonbuk&#8197;Hyundai&#8197;Motors,2024-06-01,1,0,STATUS_FINAL,H,,,2026-07-25T04:13:22Z,2026-07-25T04:13:22Z
40705,kl_kl1_2024_en_091,kor.1,,,Gimcheon&#8197;Sangmu,Pohang&#8197;Steelers,2024-06-01,3,1,STATUS_FINAL,H,,,2026-07-25T04:13:22Z,2026-07-25T04:13:22Z
40706,kl_kl1_2024_en_092,kor.1,,,Suwon&#8197;FC,Incheon&#8197;United,2024-06-01,3,1,STATUS_FINAL,H,,,2026-07-25T04:13:22Z,2026-07-25T04:13:22Z
40707,kl_kl1_2024_en_093,kor.1,,,Jeju&#8197;United,Gangwon&#8197;FC,2024-06-02,1,2,STATUS_FINAL,A,,,2026-07-25T04:13:22Z,2026-07-25T04:13:22Z
40708,kl_kl1_2024_en_094,kor.1,,,Daejeon&#8197;Hana&#8197;Citizen,Daegu&#8197;FC,2024-06-02,1,0,STATUS_FINAL,H,,,2026-07-25T04:13:22Z,2026-07-25T04:13:22Z
40709,kl_kl1_2024_en_095,kor.1,,,FC&#8197;Seoul,Gwangju&#8197;FC,2024-06-02,1,2,STATUS_FINAL,A,,,2026-07-25T04:13:22Z,2026-07-25T04:13:22Z
40710,kl_kl1_2024_en_096,kor.1,,,Pohang&#8197;Steelers,Daejeon&#8197;Hana&#8197;Citizen,2024-06-15,1,1,STATUS_FINAL,D,,,2026-07-25T04:13:22Z,2026-07-25T04:13:22Z
40711,kl_kl1_2024_en_097,kor.1,,,Gwangju&#8197;FC,Gimcheon&#8197;Sangmu,2024-06-15,2,0,STATUS_FINAL,H,,,2026-07-25T04:13:22Z,2026-07-25T04:13:22Z
40712,kl_kl1_2024_en_098,kor.1,,,Gangwon&#8197;FC,Suwon&#8197;FC,2024-06-15,3,1,STATUS_FINAL,H,,,2026-07-25T04:13:22Z,2026-07-25T04:13:22Z
40713,kl_kl1_2024_en_099,kor.1,,,Jeonbuk&#8197;Hyundai&#8197;Motors,Incheon&#8197;United,2024-06-16,2,2,STATUS_FINAL,D,,,2026-07-25T04:13:22Z,2026-07-25T04:13:22Z
40714,kl_kl1_2024_en_100,kor.1,,,Ulsan&#8197;HD,FC&#8197;Seoul,2024-06-16,2,2,STATUS_FINAL,D,,,2026-07-25T04:13:22Z,2026-07-25T04:13:22Z
40715,kl_kl1_2024_en_101,kor.1,,,Daegu&#8197;FC,Jeju&#8197;United,2024-06-16,1,0,STATUS_FINAL,H,,,2026-07-25T04:13:22Z,2026-07-25T04:13:22Z
40716,kl_kl1_2024_en_102,kor.1,,,Daegu&#8197;FC,Jeonbuk&#8197;Hyundai&#8197;Motors,2024-06-22,3,0,STATUS_FINAL,H,,,2026-07-25T04:13:22Z,2026-07-25T04:13:22Z
40717,kl_kl1_2024_en_103,kor.1,,,Gangwon&#8197;FC,Gimcheon&#8197;Sangmu,2024-06-22,2,3,STATUS_FINAL,A,,,2026-07-25T04:13:22Z,2026-07-25T04:13:22Z
40718,kl_kl1_2024_en_104,kor.1,,,Daejeon&#8197;Hana&#8197;Citizen,Gwangju&#8197;FC,2024-06-22,2,1,STATUS_FINAL,H,,,2026-07-25T04:13:22Z,2026-07-25T04:13:22Z
40719,kl_kl1_2024_en_105,kor.1,,,FC&#8197;Seoul,Suwon&#8197;FC,2024-06-22,3,0,STATUS_FINAL,H,,,2026-07-25T04:13:22Z,2026-07-25T04:13:22Z
40720,kl_kl1_2024_en_106,kor.1,,,Incheon&#8197;United,Pohang&#8197;Steelers,2024-06-23,1,3,STATUS_FINAL,A,,,2026-07-25T04:13:22Z,2026-07-25T04:13:22Z
40721,kl_kl1_2024_en_107,kor.1,,,Jeju&#8197;United,Ulsan&#8197;HD,2024-06-23,2,3,STATUS_FINAL,A,,,2026-07-25T04:13:22Z,2026-07-25T04:13:22Z
40722,kl_kl1_2024_en_108,kor.1,,,Suwon&#8197;FC,Gwangju&#8197;FC,2024-06-25,1,0,STATUS_FINAL,H,,,2026-07-25T04:13:22Z,2026-07-25T04:13:22Z
40723,kl_kl1_2024_en_109,kor.1,,,Gimcheon&#8197;Sangmu,Daejeon&#8197;Hana&#8197;Citizen,2024-06-25,2,0,STATUS_FINAL,H,,,2026-07-25T04:13:22Z,2026-07-25T04:13:22Z
40724,kl_kl1_2024_en_110,kor.1,,,Ulsan&#8197;HD,Daegu&#8197;FC,2024-06-26,1,0,STATUS_FINAL,H,,,2026-07-25T04:13:22Z,2026-07-25T04:13:22Z
40725,kl_kl1_2024_en_111,kor.1,,,Jeonbuk&#8197;Hyundai&#8197;Motors,Pohang&#8197;Steelers,2024-06-26,1,1,STATUS_FINAL,D,,,2026-07-25T04:13:22Z,2026-07-25T04:13:22Z
40726,kl_kl1_2024_en_112,kor.1,,,FC&#8197;Seoul,Gangwon&#8197;FC,2024-06-26,2,0,STATUS_FINAL,H,,,2026-07-25T04:13:22Z,2026-07-25T04:13:22Z
40727,kl_kl1_2024_en_113,kor.1,,,Jeju&#8197;United,Incheon&#8197;United,2024-06-26,1,0,STATUS_FINAL,H,,,2026-07-25T04:13:22Z,2026-07-25T04:13:22Z
40728,kl_kl1_2024_en_114,kor.1,,,Gimcheon&#8197;Sangmu,Daegu&#8197;FC,2024-06-29,2,0,STATUS_FINAL,H,,,2026-07-25T04:13:22Z,2026-07-25T04:13:22Z
40729,kl_kl1_2024_en_115,kor.1,,,Jeonbuk&#8197;Hyundai&#8197;Motors,FC&#8197;Seoul,2024-06-29,1,5,STATUS_FINAL,A,,,2026-07-25T04:13:22Z,2026-07-25T04:13:22Z
40730,kl_kl1_2024_en_116,kor.1,,,Daejeon&#8197;Hana&#8197;Citizen,Suwon&#8197;FC,2024-06-29,0,2,STATUS_FINAL,A,,,2026-07-25T04:13:22Z,2026-07-25T04:13:22Z
40731,kl_kl1_2024_en_117,kor.1,,,Pohang&#8197;Steelers,Ulsan&#8197;HD,2024-06-30,2,1,STATUS_FINAL,H,,,2026-07-25T04:13:22Z,2026-07-25T04:13:22Z
40732,kl_kl1_2024_en_118,kor.1,,,Gwangju&#8197;FC,Jeju&#8197;United,2024-06-30,2,1,STATUS_FINAL,H,,,2026-07-25T04:13:22Z,2026-07-25T04:13:22Z
40733,kl_kl1_2024_en_119,kor.1,,,Incheon&#8197;United,Gangwon&#8197;FC,2024-06-30,0,1,STATUS_FINAL,A,,,2026-07-25T04:13:22Z,2026-07-25T04:13:22Z
40734,kl_kl1_2024_en_120,kor.1,,,Incheon&#8197;United,Gimcheon&#8197;Sangmu,2024-07-05,1,1,STATUS_FINAL,D,,,2026-07-25T04:13:22Z,2026-07-25T04:13:22Z
40735,kl_kl1_2024_en_121,kor.1,,,Suwon&#8197;FC,Ulsan&#8197;HD,2024-07-05,1,1,STATUS_FINAL,D,,,2026-07-25T04:13:22Z,2026-07-25T04:13:22Z
40736,kl_kl1_2024_en_122,kor.1,,,Jeju&#8197;United,FC&#8197;Seoul,2024-07-06,3,2,STATUS_FINAL,H,,,2026-07-25T04:13:22Z,2026-07-25T04:13:22Z
40737,kl_kl1_2024_en_123,kor.1,,,Daegu&#8197;FC,Pohang&#8197;Steelers,2024-07-06,3,3,STATUS_FINAL,D,,,2026-07-25T04:13:22Z,2026-07-25T04:13:22Z
40738,kl_kl1_2024_en_124,kor.1,,,Daejeon&#8197;Hana&#8197;Citizen,Jeonbuk&#8197;Hyundai&#8197;Motors,2024-07-07,2,2,STATUS_FINAL,D,,,2026-07-25T04:13:22Z,2026-07-25T04:13:22Z
40739,kl_kl1_2024_en_125,kor.1,,,Gangwon&#8197;FC,Gwangju&#8197;FC,2024-07-07,2,0,STATUS_FINAL,H,,,2026-07-25T04:13:22Z,2026-07-25T04:13:22Z
40740,kl_kl1_2024_en_126,kor.1,,,Daegu&#8197;FC,Incheon&#8197;United,2024-07-09,0,0,STATUS_FINAL,D,,,2026-07-25T04:13:22Z,2026-07-25T04:13:22Z
40741,kl_kl1_2024_en_127,kor.1,,,Gimcheon&#8197;Sangmu,Suwon&#8197;FC,2024-07-09,2,3,STATUS_FINAL,A,,,2026-07-25T04:13:22Z,2026-07-25T04:13:22Z
40742,kl_kl1_2024_en_128,kor.1,,,Ulsan&#8197;HD,Gwangju&#8197;FC,2024-07-10,0,1,STATUS_FINAL,A,,,2026-07-25T04:13:22Z,2026-07-25T04:13:22Z
40743,kl_kl1_2024_en_129,kor.1,,,Pohang&#8197;Steelers,Gangwon&#8197;FC,2024-07-10,2,0,STATUS_FINAL,H,,,2026-07-25T04:13:22Z,2026-07-25T04:13:22Z
40744,kl_kl1_2024_en_130,kor.1,,,Jeonbuk&#8197;Hyundai&#8197;Motors,Jeju&#8197;United,2024-07-10,2,1,STATUS_FINAL,H,,,2026-07-25T04:13:22Z,2026-07-25T04:13:22Z
40745,kl_kl1_2024_en_131,kor.1,,,FC&#8197;Seoul,Daejeon&#8197;Hana&#8197;Citizen,2024-07-10,2,1,STATUS_FINAL,H,,,2026-07-25T04:13:22Z,2026-07-25T04:13:22Z
40746,kl_kl1_2024_en_132,kor.1,,,Chungnam&#8197;Asan,Daegu&#8197;FC,2024-11-28,4,3,STATUS_FINAL,H,,,2026-07-25T04:13:22Z,2026-07-25T04:13:22Z
40747,kl_kl1_2024_en_133,kor.1,,,Daegu&#8197;FC,Chungnam&#8197;Asan,2024-12-01,3,1,STATUS_FINAL,H,,,2026-07-25T04:13:22Z,2026-07-25T04:13:22Z
40748,kl_kl1_2024_en_134,kor.1,,,Seoul&#8197;E-Land,Jeonbuk&#8197;Hyundai&#8197;Motors,2024-12-01,1,2,STATUS_FINAL,A,,,2026-07-25T04:13:22Z,2026-07-25T04:13:22Z
40749,kl_kl1_2024_en_135,kor.1,,,Jeonbuk&#8197;Hyundai&#8197;Motors,Seoul&#8197;E-Land,2024-12-08,2,1,STATUS_FINAL,H,,,2026-07-25T04:13:22Z,2026-07-25T04:13:22Z
40808,klofficial_kor1_199,kor.1,,,Jeonbuk Hyundai Motors,Gimcheon Sangmu,2025-10-25,2,3,STATUS_FINAL,A,,,2026-07-25T04:22:45Z,2026-07-25T04:22:45Z
40809,klofficial_kor1_200,kor.1,,,Gwangju FC,안양,2025-10-25,1,0,STATUS_FINAL,H,,,2026-07-25T04:22:45Z,2026-07-25T04:22:45Z
40810,klofficial_kor1_201,kor.1,,,수원FC,Jeju SK,2025-10-25,1,2,STATUS_FINAL,A,,,2026-07-25T04:22:45Z,2026-07-25T04:22:45Z
40811,klofficial_kor1_202,kor.1,,,Ulsan HD,Daegu FC,2025-10-26,1,1,STATUS_FINAL,D,,,2026-07-25T04:22:45Z,2026-07-25T04:22:45Z
40812,klofficial_kor1_203,kor.1,,,FC Seoul,Gangwon FC,2025-10-26,4,2,STATUS_FINAL,H,,,2026-07-25T04:22:45Z,2026-07-25T04:22:45Z
40813,klofficial_kor1_204,kor.1,,,Daejeon Hana Citizen,Pohang Steelers,2025-10-26,2,0,STATUS_FINAL,H,,,2026-07-25T04:22:45Z,2026-07-25T04:22:45Z
40814,klofficial_kor1_205,kor.1,,,Gangwon FC,Jeonbuk Hyundai Motors,2025-11-01,0,0,STATUS_FINAL,D,,,2026-07-25T04:22:45Z,2026-07-25T04:22:45Z
40815,klofficial_kor1_206,kor.1,,,Daejeon Hana Citizen,FC Seoul,2025-11-01,3,1,STATUS_FINAL,H,,,2026-07-25T04:22:45Z,2026-07-25T04:22:45Z
40816,klofficial_kor1_207,kor.1,,,Gimcheon Sangmu,Pohang Steelers,2025-11-01,0,1,STATUS_FINAL,A,,,2026-07-25T04:22:45Z,2026-07-25T04:22:45Z
40817,klofficial_kor1_208,kor.1,,,안양,Ulsan HD,2025-11-01,3,1,STATUS_FINAL,H,,,2026-07-25T04:22:45Z,2026-07-25T04:22:45Z
40818,klofficial_kor1_209,kor.1,,,Gwangju FC,Jeju SK,2025-11-02,2,0,STATUS_FINAL,H,,,2026-07-25T04:22:45Z,2026-07-25T04:22:45Z
40819,klofficial_kor1_210,kor.1,,,수원FC,Daegu FC,2025-11-02,1,1,STATUS_FINAL,D,,,2026-07-25T04:22:45Z,2026-07-25T04:22:45Z
40820,klofficial_kor1_211,kor.1,,,Jeju SK,안양,2025-11-08,1,2,STATUS_FINAL,A,,,2026-07-25T04:22:45Z,2026-07-25T04:22:45Z
40821,klofficial_kor1_212,kor.1,,,Daegu FC,Gwangju FC,2025-11-08,1,0,STATUS_FINAL,H,,,2026-07-25T04:22:45Z,2026-07-25T04:22:45Z
40822,klofficial_kor1_213,kor.1,,,Gimcheon Sangmu,Gangwon FC,2025-11-08,0,1,STATUS_FINAL,A,,,2026-07-25T04:22:45Z,2026-07-25T04:22:45Z
40823,klofficial_kor1_214,kor.1,,,Jeonbuk Hyundai Motors,Daejeon Hana Citizen,2025-11-08,3,1,STATUS_FINAL,H,,,2026-07-25T04:22:45Z,2026-07-25T04:22:45Z
40824,klofficial_kor1_215,kor.1,,,Pohang Steelers,FC Seoul,2025-11-09,0,0,STATUS_FINAL,D,,,2026-07-25T04:22:45Z,2026-07-25T04:22:45Z
40825,klofficial_kor1_216,kor.1,,,Ulsan HD,수원FC,2025-11-09,1,0,STATUS_FINAL,H,,,2026-07-25T04:22:45Z,2026-07-25T04:22:45Z
40826,klofficial_kor1_217,kor.1,,,안양,수원FC,2025-11-22,0,1,STATUS_FINAL,A,,,2026-07-25T04:22:45Z,2026-07-25T04:22:45Z
40827,klofficial_kor1_218,kor.1,,,FC Seoul,Gimcheon Sangmu,2025-11-22,1,3,STATUS_FINAL,A,,,2026-07-25T04:22:45Z,2026-07-25T04:22:45Z
40828,klofficial_kor1_219,kor.1,,,Daejeon Hana Citizen,Gangwon FC,2025-11-22,1,1,STATUS_FINAL,D,,,2026-07-25T04:22:45Z,2026-07-25T04:22:45Z
40829,klofficial_kor1_220,kor.1,,,Gwangju FC,Ulsan HD,2025-11-22,2,0,STATUS_FINAL,H,,,2026-07-25T04:22:45Z,2026-07-25T04:22:45Z
40830,klofficial_kor1_221,kor.1,,,Pohang Steelers,Jeonbuk Hyundai Motors,2025-11-22,0,0,STATUS_FINAL,D,,,2026-07-25T04:22:45Z,2026-07-25T04:22:45Z
40831,klofficial_kor1_222,kor.1,,,Jeju SK,Daegu FC,2025-11-23,1,1,STATUS_FINAL,D,,,2026-07-25T04:22:45Z,2026-07-25T04:22:45Z
40832,klofficial_kor1_223,kor.1,,,Daegu FC,안양,2025-11-30,2,2,STATUS_FINAL,D,,,2026-07-25T04:22:45Z,2026-07-25T04:22:45Z
40833,klofficial_kor1_224,kor.1,,,수원FC,Gwangju FC,2025-11-30,0,1,STATUS_FINAL,A,,,2026-07-25T04:22:45Z,2026-07-25T04:22:45Z
40834,klofficial_kor1_225,kor.1,,,Ulsan HD,Jeju SK,2025-11-30,0,1,STATUS_FINAL,A,,,2026-07-25T04:22:45Z,2026-07-25T04:22:45Z
40835,klofficial_kor1_226,kor.1,,,Jeonbuk Hyundai Motors,FC Seoul,2025-11-30,2,1,STATUS_FINAL,H,,,2026-07-25T04:22:45Z,2026-07-25T04:22:45Z
40836,klofficial_kor1_227,kor.1,,,Gimcheon Sangmu,Daejeon Hana Citizen,2025-11-30,0,3,STATUS_FINAL,A,,,2026-07-25T04:22:45Z,2026-07-25T04:22:45Z
40837,klofficial_kor1_228,kor.1,,,Gangwon FC,Pohang Steelers,2025-11-30,1,0,STATUS_FINAL,H,,,2026-07-25T04:22:45Z,2026-07-25T04:22:45Z
40838,klofficial_kor1_1,kor.1,,,Suwon FC,Jeju SK,2025-12-03,0,1,STATUS_FINAL,A,,,2026-07-25T04:22:45Z,2026-07-25T04:22:45Z
40839,klofficial_kor1_2,kor.1,,,Bucheon FC 1995,수원FC,2025-12-05,1,0,STATUS_FINAL,H,,,2026-07-25T04:22:45Z,2026-07-25T04:22:45Z
40840,klofficial_kor1_3,kor.1,,,Jeju SK,Suwon FC,2025-12-07,2,0,STATUS_FINAL,H,,,2026-07-25T04:22:45Z,2026-07-25T04:22:45Z
40841,klofficial_kor1_4,kor.1,,,수원FC,Bucheon FC 1995,2025-12-08,2,3,STATUS_FINAL,A,,,2026-07-25T04:22:45Z,2026-07-25T04:22:45Z
40860,klofficial_kor1_181,kor.1,,,Daejeon Hana Citizen,Jeonbuk Hyundai Motors,2026-10-09,0,0,STATUS_FINAL,D,,,2026-07-25T04:22:45Z,2026-07-25T04:22:45Z
40861,klofficial_kor1_182,kor.1,,,Gangwon FC,Bucheon FC 1995,2026-10-09,0,0,STATUS_FINAL,D,,,2026-07-25T04:22:45Z,2026-07-25T04:22:45Z
40862,klofficial_kor1_183,kor.1,,,Incheon United,Pohang Steelers,2026-10-09,0,0,STATUS_FINAL,D,,,2026-07-25T04:22:45Z,2026-07-25T04:22:45Z
40863,klofficial_kor1_184,kor.1,,,FC Seoul,Jeju SK,2026-10-10,0,0,STATUS_FINAL,D,,,2026-07-25T04:22:45Z,2026-07-25T04:22:45Z
40864,klofficial_kor1_185,kor.1,,,Gimcheon Sangmu,안양,2026-10-10,0,0,STATUS_FINAL,D,,,2026-07-25T04:22:45Z,2026-07-25T04:22:45Z
40865,klofficial_kor1_186,kor.1,,,Gwangju FC,Ulsan HD,2026-10-11,0,0,STATUS_FINAL,D,,,2026-07-25T04:22:45Z,2026-07-25T04:22:45Z
40866,klofficial_kor1_187,kor.1,,,FC Seoul,Gimcheon Sangmu,2026-10-17,0,0,STATUS_FINAL,D,,,2026-07-25T04:22:45Z,2026-07-25T04:22:45Z
40867,klofficial_kor1_188,kor.1,,,Ulsan HD,Bucheon FC 1995,2026-10-17,0,0,STATUS_FINAL,D,,,2026-07-25T04:22:45Z,2026-07-25T04:22:45Z
40868,klofficial_kor1_189,kor.1,,,Daejeon Hana Citizen,Gwangju FC,2026-10-18,0,0,STATUS_FINAL,D,,,2026-07-25T04:22:45Z,2026-07-25T04:22:45Z
40869,klofficial_kor1_190,kor.1,,,Jeonbuk Hyundai Motors,Jeju SK,2026-10-18,0,0,STATUS_FINAL,D,,,2026-07-25T04:22:45Z,2026-07-25T04:22:45Z
40870,klofficial_kor1_191,kor.1,,,Gangwon FC,Incheon United,2026-10-18,0,0,STATUS_FINAL,D,,,2026-07-25T04:22:45Z,2026-07-25T04:22:45Z
40871,klofficial_kor1_192,kor.1,,,Pohang Steelers,안양,2026-10-18,0,0,STATUS_FINAL,D,,,2026-07-25T04:22:45Z,2026-07-25T04:22:45Z
40872,klofficial_kor1_193,kor.1,,,Ulsan HD,Pohang Steelers,2026-10-24,0,0,STATUS_FINAL,D,,,2026-07-25T04:22:45Z,2026-07-25T04:22:45Z
40873,klofficial_kor1_194,kor.1,,,안양,Jeonbuk Hyundai Motors,2026-10-24,0,0,STATUS_FINAL,D,,,2026-07-25T04:22:45Z,2026-07-25T04:22:45Z
40874,klofficial_kor1_195,kor.1,,,Bucheon FC 1995,Gwangju FC,2026-10-24,0,0,STATUS_FINAL,D,,,2026-07-25T04:22:45Z,2026-07-25T04:22:45Z
40875,klofficial_kor1_196,kor.1,,,Gimcheon Sangmu,Daejeon Hana Citizen,2026-10-24,0,0,STATUS_FINAL,D,,,2026-07-25T04:22:45Z,2026-07-25T04:22:45Z
40876,klofficial_kor1_197,kor.1,,,Incheon United,Jeju SK,2026-10-24,0,0,STATUS_FINAL,D,,,2026-07-25T04:22:45Z,2026-07-25T04:22:45Z
40877,klofficial_kor1_198,kor.1,,,FC Seoul,Gangwon FC,2026-10-24,0,0,STATUS_FINAL,D,,,2026-07-25T04:22:45Z,2026-07-25T04:22:45Z
40991,klofficial_kor2_273,kor.2,,,Seongnam FC,Busan IPark,2025-11-23,2,1,STATUS_FINAL,H,,,2026-07-25T04:22:45Z,2026-07-25T04:22:45Z
40992,klofficial_kor2_274,kor.2,,,Seoul E-Land,Seongnam FC,2025-11-27,0,1,STATUS_FINAL,A,,,2026-07-25T04:22:45Z,2026-07-25T04:22:45Z
40993,klofficial_kor2_275,kor.2,,,Bucheon FC 1995,Seongnam FC,2025-11-30,0,0,STATUS_FINAL,D,,,2026-07-25T04:22:45Z,2026-07-25T04:22:45Z
41050,klofficial_kor2_217,kor.2,,,수원FC,Hwaseong FC,2026-10-09,0,0,STATUS_FINAL,D,,,2026-07-25T04:22:45Z,2026-07-25T04:22:45Z
41051,klofficial_kor2_218,kor.2,,,Chungbuk Cheongju,Seongnam FC,2026-10-09,0,0,STATUS_FINAL,D,,,2026-07-25T04:22:45Z,2026-07-25T04:22:45Z
41052,klofficial_kor2_219,kor.2,,,Gimpo FC,Seoul E-Land,2026-10-09,0,0,STATUS_FINAL,D,,,2026-07-25T04:22:45Z,2026-07-25T04:22:45Z
41053,klofficial_kor2_220,kor.2,,,Jeonnam Dragons,Yongin FC,2026-10-10,0,0,STATUS_FINAL,D,,,2026-07-25T04:22:45Z,2026-07-25T04:22:45Z
41054,klofficial_kor2_221,kor.2,,,Paju FC,Busan IPark,2026-10-10,0,0,STATUS_FINAL,D,,,2026-07-25T04:22:45Z,2026-07-25T04:22:45Z
41055,klofficial_kor2_222,kor.2,,,Cheonan City,Gyeongnam FC,2026-10-10,0,0,STATUS_FINAL,D,,,2026-07-25T04:22:45Z,2026-07-25T04:22:45Z
41056,klofficial_kor2_223,kor.2,,,Gimhae FC,Chungnam Asan,2026-10-10,0,0,STATUS_FINAL,D,,,2026-07-25T04:22:45Z,2026-07-25T04:22:45Z
41057,klofficial_kor2_224,kor.2,,,Suwon FC,Ansan Greeners,2026-10-11,0,0,STATUS_FINAL,D,,,2026-07-25T04:22:45Z,2026-07-25T04:22:45Z
41058,klofficial_kor2_225,kor.2,,,Daegu FC,Chungbuk Cheongju,2026-10-17,0,0,STATUS_FINAL,D,,,2026-07-25T04:22:45Z,2026-07-25T04:22:45Z
41059,klofficial_kor2_226,kor.2,,,Seongnam FC,수원FC,2026-10-17,0,0,STATUS_FINAL,D,,,2026-07-25T04:22:45Z,2026-07-25T04:22:45Z
41060,klofficial_kor2_227,kor.2,,,Yongin FC,Ansan Greeners,2026-10-17,0,0,STATUS_FINAL,D,,,2026-07-25T04:22:45Z,2026-07-25T04:22:45Z
41061,klofficial_kor2_228,kor.2,,,Gimpo FC,Paju FC,2026-10-17,0,0,STATUS_FINAL,D,,,2026-07-25T04:22:45Z,2026-07-25T04:22:45Z
41062,klofficial_kor2_229,kor.2,,,Gyeongnam FC,Chungnam Asan,2026-10-17,0,0,STATUS_FINAL,D,,,2026-07-25T04:22:45Z,2026-07-25T04:22:45Z
41063,klofficial_kor2_230,kor.2,,,Suwon FC,Hwaseong FC,2026-10-18,0,0,STATUS_FINAL,D,,,2026-07-25T04:22:45Z,2026-07-25T04:22:45Z
41064,klofficial_kor2_231,kor.2,,,Seoul E-Land,Gimhae FC,2026-10-18,0,0,STATUS_FINAL,D,,,2026-07-25T04:22:45Z,2026-07-25T04:22:45Z
41065,klofficial_kor2_232,kor.2,,,Busan IPark,Jeonnam Dragons,2026-10-18,0,0,STATUS_FINAL,D,,,2026-07-25T04:22:45Z,2026-07-25T04:22:45Z
41066,klofficial_kor2_233,kor.2,,,Jeonnam Dragons,Daegu FC,2026-10-24,0,0,STATUS_FINAL,D,,,2026-07-25T04:22:45Z,2026-07-25T04:22:45Z
41067,klofficial_kor2_234,kor.2,,,Gimpo FC,Gimhae FC,2026-10-24,0,0,STATUS_FINAL,D,,,2026-07-25T04:22:45Z,2026-07-25T04:22:45Z
41068,klofficial_kor2_235,kor.2,,,Seongnam FC,Suwon FC,2026-10-25,0,0,STATUS_FINAL,D,,,2026-07-25T04:22:45Z,2026-07-25T04:22:45Z
41069,klofficial_kor2_236,kor.2,,,수원FC,Chungnam Asan,2026-10-25,0,0,STATUS_FINAL,D,,,2026-07-25T04:22:45Z,2026-07-25T04:22:45Z
41070,klofficial_kor2_237,kor.2,,,Busan IPark,Gyeongnam FC,2026-10-25,0,0,STATUS_FINAL,D,,,2026-07-25T04:22:45Z,2026-07-25T04:22:45Z
41071,klofficial_kor2_238,kor.2,,,Cheonan City,Ansan Greeners,2026-10-25,0,0,STATUS_FINAL,D,,,2026-07-25T04:22:45Z,2026-07-25T04:22:45Z
41072,klofficial_kor2_239,kor.2,,,Chungbuk Cheongju,Yongin FC,2026-10-25,0,0,STATUS_FINAL,D,,,2026-07-25T04:22:45Z,2026-07-25T04:22:45Z
41073,klofficial_kor2_240,kor.2,,,Paju FC,Hwaseong FC,2026-10-25,0,0,STATUS_FINAL,D,,,2026-07-25T04:22:45Z,2026-07-25T04:22:45Z
41074,klofficial_kor2_241,kor.2,,,Gyeongnam FC,Hwaseong FC,2026-10-31,0,0,STATUS_FINAL,D,,,2026-07-25T04:22:45Z,2026-07-25T04:22:45Z
41075,klofficial_kor2_242,kor.2,,,Yongin FC,Seoul E-Land,2026-10-31,0,0,STATUS_FINAL,D,,,2026-07-25T04:22:45Z,2026-07-25T04:22:45Z
41076,klofficial_kor2_243,kor.2,,,Chungnam Asan,Gimpo FC,2026-10-31,0,0,STATUS_FINAL,D,,,2026-07-25T04:22:45Z,2026-07-25T04:22:45Z
41077,klofficial_kor2_244,kor.2,,,Daegu FC,Suwon FC,2026-10-31,0,0,STATUS_FINAL,D,,,2026-07-25T04:22:45Z,2026-07-25T04:22:45Z
41078,klofficial_kor2_245,kor.2,,,수원FC,Ansan Greeners,2026-11-01,0,0,STATUS_FINAL,D,,,2026-07-25T04:22:45Z,2026-07-25T04:22:45Z
41079,klofficial_kor2_246,kor.2,,,Jeonnam Dragons,Seongnam FC,2026-11-01,0,0,STATUS_FINAL,D,,,2026-07-25T04:22:45Z,2026-07-25T04:22:45Z
41080,klofficial_kor2_247,kor.2,,,Chungbuk Cheongju,Paju FC,2026-11-01,0,0,STATUS_FINAL,D,,,2026-07-25T04:22:45Z,2026-07-25T04:22:45Z
41081,klofficial_kor2_248,kor.2,,,Gimhae FC,Cheonan City,2026-11-01,0,0,STATUS_FINAL,D,,,2026-07-25T04:22:45Z,2026-07-25T04:22:45Z
41082,klofficial_kor2_249,kor.2,,,Seongnam FC,Daegu FC,2026-11-07,0,0,STATUS_FINAL,D,,,2026-07-25T04:22:45Z,2026-07-25T04:22:45Z
41083,klofficial_kor2_250,kor.2,,,수원FC,Gyeongnam FC,2026-11-07,0,0,STATUS_FINAL,D,,,2026-07-25T04:22:45Z,2026-07-25T04:22:45Z
41084,klofficial_kor2_251,kor.2,,,Gimpo FC,Ansan Greeners,2026-11-07,0,0,STATUS_FINAL,D,,,2026-07-25T04:22:45Z,2026-07-25T04:22:45Z
41085,klofficial_kor2_252,kor.2,,,Gimhae FC,Hwaseong FC,2026-11-07,0,0,STATUS_FINAL,D,,,2026-07-25T04:22:45Z,2026-07-25T04:22:45Z
41086,klofficial_kor2_253,kor.2,,,Seoul E-Land,Jeonnam Dragons,2026-11-07,0,0,STATUS_FINAL,D,,,2026-07-25T04:22:45Z,2026-07-25T04:22:45Z
41087,klofficial_kor2_254,kor.2,,,Suwon FC,Yongin FC,2026-11-08,0,0,STATUS_FINAL,D,,,2026-07-25T04:22:45Z,2026-07-25T04:22:45Z
41088,klofficial_kor2_255,kor.2,,,Cheonan City,Busan IPark,2026-11-08,0,0,STATUS_FINAL,D,,,2026-07-25T04:22:45Z,2026-07-25T04:22:45Z
41089,klofficial_kor2_256,kor.2,,,Paju FC,Chungnam Asan,2026-11-08,0,0,STATUS_FINAL,D,,,2026-07-25T04:22:45Z,2026-07-25T04:22:45Z
41090,klofficial_kor2_257,kor.2,,,Suwon FC,Gyeongnam FC,2026-11-21,0,0,STATUS_FINAL,D,,,2026-07-25T04:22:45Z,2026-07-25T04:22:45Z
41091,klofficial_kor2_258,kor.2,,,Busan IPark,Chungbuk Cheongju,2026-11-21,0,0,STATUS_FINAL,D,,,2026-07-25T04:22:45Z,2026-07-25T04:22:45Z
41092,klofficial_kor2_259,kor.2,,,Gimpo FC,수원FC,2026-11-21,0,0,STATUS_FINAL,D,,,2026-07-25T04:22:45Z,2026-07-25T04:22:45Z
41093,klofficial_kor2_260,kor.2,,,Seongnam FC,Yongin FC,2026-11-21,0,0,STATUS_FINAL,D,,,2026-07-25T04:22:45Z,2026-07-25T04:22:45Z
41094,klofficial_kor2_261,kor.2,,,Daegu FC,Gimhae FC,2026-11-22,0,0,STATUS_FINAL,D,,,2026-07-25T04:22:45Z,2026-07-25T04:22:45Z
41095,klofficial_kor2_262,kor.2,,,Jeonnam Dragons,Ansan Greeners,2026-11-22,0,0,STATUS_FINAL,D,,,2026-07-25T04:22:45Z,2026-07-25T04:22:45Z
41096,klofficial_kor2_263,kor.2,,,Paju FC,Cheonan City,2026-11-22,0,0,STATUS_FINAL,D,,,2026-07-25T04:22:45Z,2026-07-25T04:22:45Z
41097,klofficial_kor2_264,kor.2,,,Seoul E-Land,Chungnam Asan,2026-11-22,0,0,STATUS_FINAL,D,,,2026-07-25T04:22:45Z,2026-07-25T04:22:45Z
41098,klofficial_kor2_265,kor.2,,,Yongin FC,Paju FC,2026-11-29,0,0,STATUS_FINAL,D,,,2026-07-25T04:22:45Z,2026-07-25T04:22:45Z
41099,klofficial_kor2_266,kor.2,,,Chungnam Asan,Busan IPark,2026-11-29,0,0,STATUS_FINAL,D,,,2026-07-25T04:22:45Z,2026-07-25T04:22:45Z
41100,klofficial_kor2_267,kor.2,,,Cheonan City,Daegu FC,2026-11-29,0,0,STATUS_FINAL,D,,,2026-07-25T04:22:45Z,2026-07-25T04:22:45Z
41101,klofficial_kor2_268,kor.2,,,Gimhae FC,Seongnam FC,2026-11-29,0,0,STATUS_FINAL,D,,,2026-07-25T04:22:45Z,2026-07-25T04:22:45Z
41102,klofficial_kor2_269,kor.2,,,Gimpo FC,Hwaseong FC,2026-11-29,0,0,STATUS_FINAL,D,,,2026-07-25T04:22:45Z,2026-07-25T04:22:45Z
41103,klofficial_kor2_270,kor.2,,,Gyeongnam FC,Seoul E-Land,2026-11-29,0,0,STATUS_FINAL,D,,,2026-07-25T04:22:45Z,2026-07-25T04:22:45Z
41104,klofficial_kor2_271,kor.2,,,Jeonnam Dragons,Suwon FC,2026-11-29,0,0,STATUS_FINAL,D,,,2026-07-25T04:22:45Z,2026-07-25T04:22:45Z
41105,klofficial_kor2_272,kor.2,,,수원FC,Chungbuk Cheongju,2026-11-29,0,0,STATUS_FINAL,D,,,2026-07-25T04:22:45Z,2026-07-25T04:22:45Z
42636,wiki_kor.1_2022_1st_Dae_GWN_0000,kor.1,,,Daegu FC,Gangwon FC,2022-03-02,3,0,,H,,,wiki_2026_h2h_v5,wiki_2026_h2h_v5
42637,wiki_kor.1_2022_1st_Dae_GCS_0001,kor.1,,,Daegu FC,Gimcheon Sangmu,2022-03-03,1,0,,H,,,wiki_2026_h2h_v5,wiki_2026_h2h_v5
42638,wiki_kor.1_2022_1st_Dae_ICU_0002,kor.1,,,Daegu FC,Incheon United,2022-03-04,1,2,,A,,,wiki_2026_h2h_v5,wiki_2026_h2h_v5
42639,wiki_kor.1_2022_1st_Dae_JJU_0003,kor.1,,,Daegu FC,Jeju SK,2022-03-05,1,0,,H,,,wiki_2026_h2h_v5,wiki_2026_h2h_v5
42640,wiki_kor.1_2022_1st_Dae_JHM_0004,kor.1,,,Daegu FC,Jeonbuk Hyundai Motors,2022-03-06,1,1,,D,,,wiki_2026_h2h_v5,wiki_2026_h2h_v5
42641,wiki_kor.1_2022_1st_Dae_PHS_0005,kor.1,,,Daegu FC,Pohang Steelers,2022-03-07,2,2,,D,,,wiki_2026_h2h_v5,wiki_2026_h2h_v5
42642,wiki_kor.1_2022_1st_Dae_SNM_0006,kor.1,,,Daegu FC,Seongnam FC,2022-03-08,3,1,,H,,,wiki_2026_h2h_v5,wiki_2026_h2h_v5
42643,wiki_kor.1_2022_1st_Dae_SEL_0007,kor.1,,,Daegu FC,Seoul E-Land,2022-03-09,0,2,,A,,,wiki_2026_h2h_v5,wiki_2026_h2h_v5
42644,wiki_kor.1_2022_1st_Dae_SSB_0008,kor.1,,,Daegu FC,Suwon Samsung Bluewings,2022-03-10,3,0,,H,,,wiki_2026_h2h_v5,wiki_2026_h2h_v5
42645,wiki_kor.1_2022_1st_Dae_SWN_0009,kor.1,,,Daegu FC,Suwon FC,2022-03-11,0,0,,D,,,wiki_2026_h2h_v5,wiki_2026_h2h_v5
42646,wiki_kor.1_2022_1st_Dae_USH_0010,kor.1,,,Daegu FC,Ulsan HD,2022-03-12,1,1,,D,,,wiki_2026_h2h_v5,wiki_2026_h2h_v5
42647,wiki_kor.1_2022_1st_Gan_DGU_0011,kor.1,,,Gangwon FC,Daegu FC,2022-03-13,2,0,,H,,,wiki_2026_h2h_v5,wiki_2026_h2h_v5
42648,wiki_kor.1_2022_1st_Gan_GCS_0012,kor.1,,,Gangwon FC,Gimcheon Sangmu,2022-03-14,3,2,,H,,,wiki_2026_h2h_v5,wiki_2026_h2h_v5
42649,wiki_kor.1_2022_1st_Gan_ICU_0013,kor.1,,,Gangwon FC,Incheon United,2022-03-15,0,1,,A,,,wiki_2026_h2h_v5,wiki_2026_h2h_v5
42650,wiki_kor.1_2022_1st_Gan_JJU_0014,kor.1,,,Gangwon FC,Jeju SK,2022-03-16,4,2,,H,,,wiki_2026_h2h_v5,wiki_2026_h2h_v5
42651,wiki_kor.1_2022_1st_Gan_JHM_0015,kor.1,,,Gangwon FC,Jeonbuk Hyundai Motors,2022-03-17,1,2,,A,,,wiki_2026_h2h_v5,wiki_2026_h2h_v5
42652,wiki_kor.1_2022_1st_Gan_PHS_0016,kor.1,,,Gangwon FC,Pohang Steelers,2022-03-18,1,1,,D,,,wiki_2026_h2h_v5,wiki_2026_h2h_v5
42653,wiki_kor.1_2022_1st_Gan_SNM_0017,kor.1,,,Gangwon FC,Seongnam FC,2022-03-19,2,0,,H,,,wiki_2026_h2h_v5,wiki_2026_h2h_v5
42654,wiki_kor.1_2022_1st_Gan_SEL_0018,kor.1,,,Gangwon FC,Seoul E-Land,2022-03-20,1,0,,H,,,wiki_2026_h2h_v5,wiki_2026_h2h_v5
42655,wiki_kor.1_2022_1st_Gan_SSB_0019,kor.1,,,Gangwon FC,Suwon Samsung Bluewings,2022-03-21,1,1,,D,,,wiki_2026_h2h_v5,wiki_2026_h2h_v5
42656,wiki_kor.1_2022_1st_Gan_SWN_0020,kor.1,,,Gangwon FC,Suwon FC,2022-03-22,0,2,,A,,,wiki_2026_h2h_v5,wiki_2026_h2h_v5
42657,wiki_kor.1_2022_1st_Gan_USH_0021,kor.1,,,Gangwon FC,Ulsan HD,2022-03-23,1,3,,A,,,wiki_2026_h2h_v5,wiki_2026_h2h_v5
42658,wiki_kor.1_2022_1st_Gim_DGU_0022,kor.1,,,Gimcheon Sangmu,Daegu FC,2022-03-24,1,1,,D,,,wiki_2026_h2h_v5,wiki_2026_h2h_v5
42659,wiki_kor.1_2022_1st_Gim_GWN_0023,kor.1,,,Gimcheon Sangmu,Gangwon FC,2022-03-25,1,0,,H,,,wiki_2026_h2h_v5,wiki_2026_h2h_v5
42660,wiki_kor.1_2022_1st_Gim_ICU_0024,kor.1,,,Gimcheon Sangmu,Incheon United,2022-03-26,0,1,,A,,,wiki_2026_h2h_v5,wiki_2026_h2h_v5
42661,wiki_kor.1_2022_1st_Gim_JJU_0025,kor.1,,,Gimcheon Sangmu,Jeju SK,2022-03-27,4,0,,H,,,wiki_2026_h2h_v5,wiki_2026_h2h_v5
42662,wiki_kor.1_2022_1st_Gim_JHM_0026,kor.1,,,Gimcheon Sangmu,Jeonbuk Hyundai Motors,2022-03-28,1,2,,A,,,wiki_2026_h2h_v5,wiki_2026_h2h_v5
42663,wiki_kor.1_2022_1st_Gim_PHS_0027,kor.1,,,Gimcheon Sangmu,Pohang Steelers,2022-03-29,3,2,,H,,,wiki_2026_h2h_v5,wiki_2026_h2h_v5
42664,wiki_kor.1_2022_1st_Gim_SNM_0028,kor.1,,,Gimcheon Sangmu,Seongnam FC,2022-03-30,1,1,,D,,,wiki_2026_h2h_v5,wiki_2026_h2h_v5
42665,wiki_kor.1_2022_1st_Gim_SEL_0029,kor.1,,,Gimcheon Sangmu,Seoul E-Land,2022-03-31,2,0,,H,,,wiki_2026_h2h_v5,wiki_2026_h2h_v5
42666,wiki_kor.1_2022_1st_Gim_SSB_0030,kor.1,,,Gimcheon Sangmu,Suwon Samsung Bluewings,2022-04-01,1,1,,D,,,wiki_2026_h2h_v5,wiki_2026_h2h_v5
42667,wiki_kor.1_2022_1st_Gim_SWN_0031,kor.1,,,Gimcheon Sangmu,Suwon FC,2022-04-02,0,1,,A,,,wiki_2026_h2h_v5,wiki_2026_h2h_v5
42668,wiki_kor.1_2022_1st_Gim_USH_0032,kor.1,,,Gimcheon Sangmu,Ulsan HD,2022-04-03,0,2,,A,,,wiki_2026_h2h_v5,wiki_2026_h2h_v5
42669,wiki_kor.1_2022_1st_Inc_DGU_0033,kor.1,,,Incheon United,Daegu FC,2022-04-04,2,2,,D,,,wiki_2026_h2h_v5,wiki_2026_h2h_v5
42670,wiki_kor.1_2022_1st_Inc_GWN_0034,kor.1,,,Incheon United,Gangwon FC,2022-04-05,4,1,,H,,,wiki_2026_h2h_v5,wiki_2026_h2h_v5
42671,wiki_kor.1_2022_1st_Inc_GCS_0035,kor.1,,,Incheon United,Gimcheon Sangmu,2022-04-06,1,0,,H,,,wiki_2026_h2h_v5,wiki_2026_h2h_v5
42672,wiki_kor.1_2022_1st_Inc_JJU_0036,kor.1,,,Incheon United,Jeju SK,2022-04-07,2,2,,D,,,wiki_2026_h2h_v5,wiki_2026_h2h_v5
42673,wiki_kor.1_2022_1st_Inc_JHM_0037,kor.1,,,Incheon United,Jeonbuk Hyundai Motors,2022-04-08,0,1,,A,,,wiki_2026_h2h_v5,wiki_2026_h2h_v5
42674,wiki_kor.1_2022_1st_Inc_PHS_0038,kor.1,,,Incheon United,Pohang Steelers,2022-04-09,0,1,,A,,,wiki_2026_h2h_v5,wiki_2026_h2h_v5
42675,wiki_kor.1_2022_1st_Inc_SNM_0039,kor.1,,,Incheon United,Seongnam FC,2022-04-10,1,0,,H,,,wiki_2026_h2h_v5,wiki_2026_h2h_v5
42676,wiki_kor.1_2022_1st_Inc_SEL_0040,kor.1,,,Incheon United,Seoul E-Land,2022-04-11,1,1,,D,,,wiki_2026_h2h_v5,wiki_2026_h2h_v5
42677,wiki_kor.1_2022_1st_Inc_SSB_0041,kor.1,,,Incheon United,Suwon Samsung Bluewings,2022-04-12,1,0,,H,,,wiki_2026_h2h_v5,wiki_2026_h2h_v5
42678,wiki_kor.1_2022_1st_Inc_SWN_0042,kor.1,,,Incheon United,Suwon FC,2022-04-13,0,1,,A,,,wiki_2026_h2h_v5,wiki_2026_h2h_v5
42679,wiki_kor.1_2022_1st_Inc_USH_0043,kor.1,,,Incheon United,Ulsan HD,2022-04-14,1,1,,D,,,wiki_2026_h2h_v5,wiki_2026_h2h_v5
42680,wiki_kor.1_2022_1st_Jej_DGU_0044,kor.1,,,Jeju SK,Daegu FC,2022-04-15,0,0,,D,,,wiki_2026_h2h_v5,wiki_2026_h2h_v5
42681,wiki_kor.1_2022_1st_Jej_GWN_0045,kor.1,,,Jeju SK,Gangwon FC,2022-04-16,0,0,,D,,,wiki_2026_h2h_v5,wiki_2026_h2h_v5
42682,wiki_kor.1_2022_1st_Jej_GCS_0046,kor.1,,,Jeju SK,Gimcheon Sangmu,2022-04-17,3,1,,H,,,wiki_2026_h2h_v5,wiki_2026_h2h_v5
42683,wiki_kor.1_2022_1st_Jej_ICU_0047,kor.1,,,Jeju SK,Incheon United,2022-04-18,2,1,,H,,,wiki_2026_h2h_v5,wiki_2026_h2h_v5
42684,wiki_kor.1_2022_1st_Jej_JHM_0048,kor.1,,,Jeju SK,Jeonbuk Hyundai Motors,2022-04-19,2,0,,H,,,wiki_2026_h2h_v5,wiki_2026_h2h_v5
42685,wiki_kor.1_2022_1st_Jej_PHS_0049,kor.1,,,Jeju SK,Pohang Steelers,2022-04-20,0,3,,A,,,wiki_2026_h2h_v5,wiki_2026_h2h_v5
42686,wiki_kor.1_2022_1st_Jej_SNM_0050,kor.1,,,Jeju SK,Seongnam FC,2022-04-21,3,2,,H,,,wiki_2026_h2h_v5,wiki_2026_h2h_v5
42687,wiki_kor.1_2022_1st_Jej_SEL_0051,kor.1,,,Jeju SK,Seoul E-Land,2022-04-22,2,2,,D,,,wiki_2026_h2h_v5,wiki_2026_h2h_v5
42688,wiki_kor.1_2022_1st_Jej_SSB_0052,kor.1,,,Jeju SK,Suwon Samsung Bluewings,2022-04-23,0,0,,D,,,wiki_2026_h2h_v5,wiki_2026_h2h_v5
42689,wiki_kor.1_2022_1st_Jej_SWN_0053,kor.1,,,Jeju SK,Suwon FC,2022-04-24,0,0,,D,,,wiki_2026_h2h_v5,wiki_2026_h2h_v5
42690,wiki_kor.1_2022_1st_Jej_USH_0054,kor.1,,,Jeju SK,Ulsan HD,2022-04-25,1,2,,A,,,wiki_2026_h2h_v5,wiki_2026_h2h_v5
42691,wiki_kor.1_2022_1st_Jeo_DGU_0055,kor.1,,,Jeonbuk Hyundai Motors,Daegu FC,2022-04-26,1,1,,D,,,wiki_2026_h2h_v5,wiki_2026_h2h_v5
42692,wiki_kor.1_2022_1st_Jeo_GWN_0056,kor.1,,,Jeonbuk Hyundai Motors,Gangwon FC,2022-04-27,1,1,,D,,,wiki_2026_h2h_v5,wiki_2026_h2h_v5
42693,wiki_kor.1_2022_1st_Jeo_GCS_0057,kor.1,,,Jeonbuk Hyundai Motors,Gimcheon Sangmu,2022-04-28,1,1,,D,,,wiki_2026_h2h_v5,wiki_2026_h2h_v5
42694,wiki_kor.1_2022_1st_Jeo_ICU_0058,kor.1,,,Jeonbuk Hyundai Motors,Incheon United,2022-04-29,2,2,,D,,,wiki_2026_h2h_v5,wiki_2026_h2h_v5
42695,wiki_kor.1_2022_1st_Jeo_JJU_0059,kor.1,,,Jeonbuk Hyundai Motors,Jeju SK,2022-04-30,0,2,,A,,,wiki_2026_h2h_v5,wiki_2026_h2h_v5
42696,wiki_kor.1_2022_1st_Jeo_PHS_0060,kor.1,,,Jeonbuk Hyundai Motors,Pohang Steelers,2022-05-01,0,1,,A,,,wiki_2026_h2h_v5,wiki_2026_h2h_v5
42697,wiki_kor.1_2022_1st_Jeo_SNM_0061,kor.1,,,Jeonbuk Hyundai Motors,Seongnam FC,2022-05-02,3,2,,H,,,wiki_2026_h2h_v5,wiki_2026_h2h_v5
42698,wiki_kor.1_2022_1st_Jeo_SEL_0062,kor.1,,,Jeonbuk Hyundai Motors,Seoul E-Land,2022-05-03,1,1,,D,,,wiki_2026_h2h_v5,wiki_2026_h2h_v5
42699,wiki_kor.1_2022_1st_Jeo_SSB_0063,kor.1,,,Jeonbuk Hyundai Motors,Suwon Samsung Bluewings,2022-05-04,2,1,,H,,,wiki_2026_h2h_v5,wiki_2026_h2h_v5
42700,wiki_kor.1_2022_1st_Jeo_SWN_0064,kor.1,,,Jeonbuk Hyundai Motors,Suwon FC,2022-05-05,1,0,,H,,,wiki_2026_h2h_v5,wiki_2026_h2h_v5
42701,wiki_kor.1_2022_1st_Jeo_USH_0065,kor.1,,,Jeonbuk Hyundai Motors,Ulsan HD,2022-05-06,0,1,,A,,,wiki_2026_h2h_v5,wiki_2026_h2h_v5
42702,wiki_kor.1_2022_1st_Poh_DGU_0066,kor.1,,,Pohang Steelers,Daegu FC,2022-05-07,1,1,,D,,,wiki_2026_h2h_v5,wiki_2026_h2h_v5
42703,wiki_kor.1_2022_1st_Poh_GWN_0067,kor.1,,,Pohang Steelers,Gangwon FC,2022-05-08,3,1,,H,,,wiki_2026_h2h_v5,wiki_2026_h2h_v5
42704,wiki_kor.1_2022_1st_Poh_GCS_0068,kor.1,,,Pohang Steelers,Gimcheon Sangmu,2022-05-09,1,1,,D,,,wiki_2026_h2h_v5,wiki_2026_h2h_v5
42705,wiki_kor.1_2022_1st_Poh_ICU_0069,kor.1,,,Pohang Steelers,Incheon United,2022-05-10,2,0,,H,,,wiki_2026_h2h_v5,wiki_2026_h2h_v5
42706,wiki_kor.1_2022_1st_Poh_JJU_0070,kor.1,,,Pohang Steelers,Jeju SK,2022-05-11,1,1,,D,,,wiki_2026_h2h_v5,wiki_2026_h2h_v5
42707,wiki_kor.1_2022_1st_Poh_JHM_0071,kor.1,,,Pohang Steelers,Jeonbuk Hyundai Motors,2022-05-12,0,1,,A,,,wiki_2026_h2h_v5,wiki_2026_h2h_v5
42708,wiki_kor.1_2022_1st_Poh_SNM_0072,kor.1,,,Pohang Steelers,Seongnam FC,2022-05-13,1,0,,H,,,wiki_2026_h2h_v5,wiki_2026_h2h_v5
42709,wiki_kor.1_2022_1st_Poh_SEL_0073,kor.1,,,Pohang Steelers,Seoul E-Land,2022-05-14,1,1,,D,,,wiki_2026_h2h_v5,wiki_2026_h2h_v5
42710,wiki_kor.1_2022_1st_Poh_SSB_0074,kor.1,,,Pohang Steelers,Suwon Samsung Bluewings,2022-05-15,1,0,,H,,,wiki_2026_h2h_v5,wiki_2026_h2h_v5
42711,wiki_kor.1_2022_1st_Poh_SWN_0075,kor.1,,,Pohang Steelers,Suwon FC,2022-05-16,2,0,,H,,,wiki_2026_h2h_v5,wiki_2026_h2h_v5
42712,wiki_kor.1_2022_1st_Poh_USH_0076,kor.1,,,Pohang Steelers,Ulsan HD,2022-05-17,2,0,,H,,,wiki_2026_h2h_v5,wiki_2026_h2h_v5
42713,wiki_kor.1_2022_1st_Seo_DGU_0077,kor.1,,,Seongnam FC,Daegu FC,2022-05-18,1,1,,D,,,wiki_2026_h2h_v5,wiki_2026_h2h_v5
42714,wiki_kor.1_2022_1st_Seo_GWN_0078,kor.1,,,Seongnam FC,Gangwon FC,2022-05-19,0,2,,A,,,wiki_2026_h2h_v5,wiki_2026_h2h_v5
42715,wiki_kor.1_2022_1st_Seo_GCS_0079,kor.1,,,Seongnam FC,Gimcheon Sangmu,2022-05-20,0,3,,A,,,wiki_2026_h2h_v5,wiki_2026_h2h_v5
42716,wiki_kor.1_2022_1st_Seo_ICU_0080,kor.1,,,Seongnam FC,Incheon United,2022-05-21,0,1,,A,,,wiki_2026_h2h_v5,wiki_2026_h2h_v5
42717,wiki_kor.1_2022_1st_Seo_JJU_0081,kor.1,,,Seongnam FC,Jeju SK,2022-05-22,1,2,,A,,,wiki_2026_h2h_v5,wiki_2026_h2h_v5
42718,wiki_kor.1_2022_1st_Seo_JHM_0082,kor.1,,,Seongnam FC,Jeonbuk Hyundai Motors,2022-05-23,0,4,,A,,,wiki_2026_h2h_v5,wiki_2026_h2h_v5
42719,wiki_kor.1_2022_1st_Seo_PHS_0083,kor.1,,,Seongnam FC,Pohang Steelers,2022-05-24,1,4,,A,,,wiki_2026_h2h_v5,wiki_2026_h2h_v5
42720,wiki_kor.1_2022_1st_Seo_SEL_0084,kor.1,,,Seongnam FC,Seoul E-Land,2022-05-25,0,0,,D,,,wiki_2026_h2h_v5,wiki_2026_h2h_v5
42721,wiki_kor.1_2022_1st_Seo_SSB_0085,kor.1,,,Seongnam FC,Suwon Samsung Bluewings,2022-05-26,2,2,,D,,,wiki_2026_h2h_v5,wiki_2026_h2h_v5
42722,wiki_kor.1_2022_1st_Seo_SWN_0086,kor.1,,,Seongnam FC,Suwon FC,2022-05-27,2,2,,D,,,wiki_2026_h2h_v5,wiki_2026_h2h_v5
42723,wiki_kor.1_2022_1st_Seo_USH_0087,kor.1,,,Seongnam FC,Ulsan HD,2022-05-28,0,2,,A,,,wiki_2026_h2h_v5,wiki_2026_h2h_v5
42724,wiki_kor.1_2022_1st_FC _DGU_0088,kor.1,,,FC Seoul,Daegu FC,2022-05-29,2,1,,H,,,wiki_2026_h2h_v5,wiki_2026_h2h_v5
42725,wiki_kor.1_2022_1st_FC _GWN_0089,kor.1,,,FC Seoul,Gangwon FC,2022-05-30,2,2,,D,,,wiki_2026_h2h_v5,wiki_2026_h2h_v5
42726,wiki_kor.1_2022_1st_FC _GCS_0090,kor.1,,,FC Seoul,Gimcheon Sangmu,2022-05-31,2,2,,D,,,wiki_2026_h2h_v5,wiki_2026_h2h_v5
42727,wiki_kor.1_2022_1st_FC _ICU_0091,kor.1,,,FC Seoul,Incheon United,2022-06-01,1,1,,D,,,wiki_2026_h2h_v5,wiki_2026_h2h_v5
42728,wiki_kor.1_2022_1st_FC _JJU_0092,kor.1,,,FC Seoul,Jeju SK,2022-06-02,1,2,,A,,,wiki_2026_h2h_v5,wiki_2026_h2h_v5
42729,wiki_kor.1_2022_1st_FC _JHM_0093,kor.1,,,FC Seoul,Jeonbuk Hyundai Motors,2022-06-03,0,1,,A,,,wiki_2026_h2h_v5,wiki_2026_h2h_v5
42730,wiki_kor.1_2022_1st_FC _PHS_0094,kor.1,,,FC Seoul,Pohang Steelers,2022-06-04,1,0,,H,,,wiki_2026_h2h_v5,wiki_2026_h2h_v5
42731,wiki_kor.1_2022_1st_FC _SNM_0095,kor.1,,,FC Seoul,Seongnam FC,2022-06-05,0,1,,A,,,wiki_2026_h2h_v5,wiki_2026_h2h_v5
42732,wiki_kor.1_2022_1st_FC _SSB_0096,kor.1,,,FC Seoul,Suwon Samsung Bluewings,2022-06-06,2,0,,H,,,wiki_2026_h2h_v5,wiki_2026_h2h_v5
42733,wiki_kor.1_2022_1st_FC _SWN_0097,kor.1,,,FC Seoul,Suwon FC,2022-06-07,3,1,,H,,,wiki_2026_h2h_v5,wiki_2026_h2h_v5
42734,wiki_kor.1_2022_1st_FC _USH_0098,kor.1,,,FC Seoul,Ulsan HD,2022-06-08,1,2,,A,,,wiki_2026_h2h_v5,wiki_2026_h2h_v5
42735,wiki_kor.1_2022_1st_Suw_DGU_0099,kor.1,,,Suwon Samsung Bluewings,Daegu FC,2022-06-09,1,1,,D,,,wiki_2026_h2h_v5,wiki_2026_h2h_v5
42736,wiki_kor.1_2022_1st_Suw_GWN_0100,kor.1,,,Suwon Samsung Bluewings,Gangwon FC,2022-06-10,2,2,,D,,,wiki_2026_h2h_v5,wiki_2026_h2h_v5
42737,wiki_kor.1_2022_1st_Suw_GCS_0101,kor.1,,,Suwon Samsung Bluewings,Gimcheon Sangmu,2022-06-11,2,1,,H,,,wiki_2026_h2h_v5,wiki_2026_h2h_v5
42738,wiki_kor.1_2022_1st_Suw_ICU_0102,kor.1,,,Suwon Samsung Bluewings,Incheon United,2022-06-12,0,0,,D,,,wiki_2026_h2h_v5,wiki_2026_h2h_v5
42739,wiki_kor.1_2022_1st_Suw_JJU_0103,kor.1,,,Suwon Samsung Bluewings,Jeju SK,2022-06-13,0,1,,A,,,wiki_2026_h2h_v5,wiki_2026_h2h_v5
42740,wiki_kor.1_2022_1st_Suw_JHM_0104,kor.1,,,Suwon Samsung Bluewings,Jeonbuk Hyundai Motors,2022-06-14,0,1,,A,,,wiki_2026_h2h_v5,wiki_2026_h2h_v5
42741,wiki_kor.1_2022_1st_Suw_PHS_0105,kor.1,,,Suwon Samsung Bluewings,Pohang Steelers,2022-06-15,1,1,,D,,,wiki_2026_h2h_v5,wiki_2026_h2h_v5
42742,wiki_kor.1_2022_1st_Suw_SNM_0106,kor.1,,,Suwon Samsung Bluewings,Seongnam FC,2022-06-16,1,0,,H,,,wiki_2026_h2h_v5,wiki_2026_h2h_v5
42743,wiki_kor.1_2022_1st_Suw_SEL_0107,kor.1,,,Suwon Samsung Bluewings,Seoul E-Land,2022-06-17,0,1,,A,,,wiki_2026_h2h_v5,wiki_2026_h2h_v5
42744,wiki_kor.1_2022_1st_Suw_SWN_0108,kor.1,,,Suwon Samsung Bluewings,Suwon FC,2022-06-18,1,0,,H,,,wiki_2026_h2h_v5,wiki_2026_h2h_v5
42745,wiki_kor.1_2022_1st_Suw_USH_0109,kor.1,,,Suwon Samsung Bluewings,Ulsan HD,2022-06-19,1,0,,H,,,wiki_2026_h2h_v5,wiki_2026_h2h_v5
42746,wiki_kor.1_2022_1st_Suw_DGU_0110,kor.1,,,Suwon FC,Daegu FC,2022-06-20,4,3,,H,,,wiki_2026_h2h_v5,wiki_2026_h2h_v5
42747,wiki_kor.1_2022_1st_Suw_GWN_0111,kor.1,,,Suwon FC,Gangwon FC,2022-06-21,2,4,,A,,,wiki_2026_h2h_v5,wiki_2026_h2h_v5
42748,wiki_kor.1_2022_1st_Suw_GCS_0112,kor.1,,,Suwon FC,Gimcheon Sangmu,2022-06-22,3,2,,H,,,wiki_2026_h2h_v5,wiki_2026_h2h_v5
42749,wiki_kor.1_2022_1st_Suw_ICU_0113,kor.1,,,Suwon FC,Incheon United,2022-06-23,2,2,,D,,,wiki_2026_h2h_v5,wiki_2026_h2h_v5
42750,wiki_kor.1_2022_1st_Suw_JJU_0114,kor.1,,,Suwon FC,Jeju SK,2022-06-24,1,3,,A,,,wiki_2026_h2h_v5,wiki_2026_h2h_v5
42751,wiki_kor.1_2022_1st_Suw_JHM_0115,kor.1,,,Suwon FC,Jeonbuk Hyundai Motors,2022-06-25,0,1,,A,,,wiki_2026_h2h_v5,wiki_2026_h2h_v5
42752,wiki_kor.1_2022_1st_Suw_PHS_0116,kor.1,,,Suwon FC,Pohang Steelers,2022-06-26,1,0,,H,,,wiki_2026_h2h_v5,wiki_2026_h2h_v5
42753,wiki_kor.1_2022_1st_Suw_SNM_0117,kor.1,,,Suwon FC,Seongnam FC,2022-06-27,3,4,,A,,,wiki_2026_h2h_v5,wiki_2026_h2h_v5
42754,wiki_kor.1_2022_1st_Suw_SEL_0118,kor.1,,,Suwon FC,Seoul E-Land,2022-06-28,4,3,,H,,,wiki_2026_h2h_v5,wiki_2026_h2h_v5
42755,wiki_kor.1_2022_1st_Suw_SSB_0119,kor.1,,,Suwon FC,Suwon Samsung Bluewings,2022-06-29,3,0,,H,,,wiki_2026_h2h_v5,wiki_2026_h2h_v5
42756,wiki_kor.1_2022_1st_Suw_USH_0120,kor.1,,,Suwon FC,Ulsan HD,2022-06-30,1,2,,A,,,wiki_2026_h2h_v5,wiki_2026_h2h_v5
42757,wiki_kor.1_2022_1st_Uls_DGU_0121,kor.1,,,Ulsan HD,Daegu FC,2022-07-01,3,1,,H,,,wiki_2026_h2h_v5,wiki_2026_h2h_v5
42758,wiki_kor.1_2022_1st_Uls_GWN_0122,kor.1,,,Ulsan HD,Gangwon FC,2022-07-02,2,1,,H,,,wiki_2026_h2h_v5,wiki_2026_h2h_v5
42759,wiki_kor.1_2022_1st_Uls_GCS_0123,kor.1,,,Ulsan HD,Gimcheon Sangmu,2022-07-03,0,0,,D,,,wiki_2026_h2h_v5,wiki_2026_h2h_v5
42760,wiki_kor.1_2022_1st_Uls_ICU_0124,kor.1,,,Ulsan HD,Incheon United,2022-07-04,2,2,,D,,,wiki_2026_h2h_v5,wiki_2026_h2h_v5
42761,wiki_kor.1_2022_1st_Uls_JJU_0125,kor.1,,,Ulsan HD,Jeju SK,2022-07-05,1,0,,H,,,wiki_2026_h2h_v5,wiki_2026_h2h_v5
42762,wiki_kor.1_2022_1st_Uls_JHM_0126,kor.1,,,Ulsan HD,Jeonbuk Hyundai Motors,2022-07-06,1,3,,A,,,wiki_2026_h2h_v5,wiki_2026_h2h_v5
42763,wiki_kor.1_2022_1st_Uls_PHS_0127,kor.1,,,Ulsan HD,Pohang Steelers,2022-07-07,2,0,,H,,,wiki_2026_h2h_v5,wiki_2026_h2h_v5
42764,wiki_kor.1_2022_1st_Uls_SNM_0128,kor.1,,,Ulsan HD,Seongnam FC,2022-07-08,0,0,,D,,,wiki_2026_h2h_v5,wiki_2026_h2h_v5
42765,wiki_kor.1_2022_1st_Uls_SEL_0129,kor.1,,,Ulsan HD,Seoul E-Land,2022-07-09,2,1,,H,,,wiki_2026_h2h_v5,wiki_2026_h2h_v5
42766,wiki_kor.1_2022_1st_Uls_SSB_0130,kor.1,,,Ulsan HD,Suwon Samsung Bluewings,2022-07-10,2,1,,H,,,wiki_2026_h2h_v5,wiki_2026_h2h_v5
42767,wiki_kor.1_2022_1st_Uls_SWN_0131,kor.1,,,Ulsan HD,Suwon FC,2022-07-11,2,1,,H,,,wiki_2026_h2h_v5,wiki_2026_h2h_v5
42768,wiki_kor.1_2022_2nd_Dae_GCS_0132,kor.1,,,Daegu FC,Gimcheon Sangmu,2022-11-29,0,0,,D,,,wiki_2026_h2h_v5,wiki_2026_h2h_v5
42769,wiki_kor.1_2022_2nd_Dae_ICU_0133,kor.1,,,Daegu FC,Incheon United,2022-11-30,2,3,,A,,,wiki_2026_h2h_v5,wiki_2026_h2h_v5
42770,wiki_kor.1_2022_2nd_Dae_JHM_0134,kor.1,,,Daegu FC,Jeonbuk Hyundai Motors,2022-12-01,0,5,,A,,,wiki_2026_h2h_v5,wiki_2026_h2h_v5
42771,wiki_kor.1_2022_2nd_Dae_SNM_0135,kor.1,,,Daegu FC,Seongnam FC,2022-12-02,1,0,,H,,,wiki_2026_h2h_v5,wiki_2026_h2h_v5
42772,wiki_kor.1_2022_2nd_Dae_SEL_0136,kor.1,,,Daegu FC,Seoul E-Land,2022-12-03,3,0,,H,,,wiki_2026_h2h_v5,wiki_2026_h2h_v5
42773,wiki_kor.1_2022_2nd_Dae_SSB_0137,kor.1,,,Daegu FC,Suwon Samsung Bluewings,2022-12-04,1,2,,A,,,wiki_2026_h2h_v5,wiki_2026_h2h_v5
42774,wiki_kor.1_2022_2nd_Gan_DGU_0138,kor.1,,,Gangwon FC,Daegu FC,2022-12-05,1,0,,H,,,wiki_2026_h2h_v5,wiki_2026_h2h_v5
42775,wiki_kor.1_2022_2nd_Gan_GCS_0139,kor.1,,,Gangwon FC,Gimcheon Sangmu,2022-12-06,0,1,,A,,,wiki_2026_h2h_v5,wiki_2026_h2h_v5
42776,wiki_kor.1_2022_2nd_Gan_JJU_0140,kor.1,,,Gangwon FC,Jeju SK,2022-12-07,2,1,,H,,,wiki_2026_h2h_v5,wiki_2026_h2h_v5
42777,wiki_kor.1_2022_2nd_Gan_JHM_0141,kor.1,,,Gangwon FC,Jeonbuk Hyundai Motors,2022-12-08,2,1,,H,,,wiki_2026_h2h_v5,wiki_2026_h2h_v5
42778,wiki_kor.1_2022_2nd_Gan_SWN_0142,kor.1,,,Gangwon FC,Suwon FC,2022-12-09,2,3,,A,,,wiki_2026_h2h_v5,wiki_2026_h2h_v5
42779,wiki_kor.1_2022_2nd_Gim_ICU_0143,kor.1,,,Gimcheon Sangmu,Incheon United,2022-12-10,1,0,,H,,,wiki_2026_h2h_v5,wiki_2026_h2h_v5
42780,wiki_kor.1_2022_2nd_Gim_JJU_0144,kor.1,,,Gimcheon Sangmu,Jeju SK,2022-12-11,1,2,,A,,,wiki_2026_h2h_v5,wiki_2026_h2h_v5
42781,wiki_kor.1_2022_2nd_Gim_JHM_0145,kor.1,,,Gimcheon Sangmu,Jeonbuk Hyundai Motors,2022-12-12,2,2,,D,,,wiki_2026_h2h_v5,wiki_2026_h2h_v5
42782,wiki_kor.1_2022_2nd_Gim_PHS_0146,kor.1,,,Gimcheon Sangmu,Pohang Steelers,2022-12-13,0,1,,A,,,wiki_2026_h2h_v5,wiki_2026_h2h_v5
42783,wiki_kor.1_2022_2nd_Gim_SEL_0147,kor.1,,,Gimcheon Sangmu,Seoul E-Land,2022-12-14,1,2,,A,,,wiki_2026_h2h_v5,wiki_2026_h2h_v5
42784,wiki_kor.1_2022_2nd_Gim_USH_0148,kor.1,,,Gimcheon Sangmu,Ulsan HD,2022-12-15,1,2,,A,,,wiki_2026_h2h_v5,wiki_2026_h2h_v5
42785,wiki_kor.1_2022_2nd_Inc_GWN_0149,kor.1,,,Incheon United,Gangwon FC,2022-12-16,0,1,,A,,,wiki_2026_h2h_v5,wiki_2026_h2h_v5
42786,wiki_kor.1_2022_2nd_Inc_JHM_0150,kor.1,,,Incheon United,Jeonbuk Hyundai Motors,2022-07-20,3,1,,H,,,wiki_2026_h2h_v5,wiki_2026_h2h_v5
42787,wiki_kor.1_2022_2nd_Inc_SEL_0151,kor.1,,,Incheon United,Seoul E-Land,2022-07-21,2,0,,H,,,wiki_2026_h2h_v5,wiki_2026_h2h_v5
42788,wiki_kor.1_2022_2nd_Inc_SWN_0152,kor.1,,,Incheon United,Suwon FC,2022-07-22,1,1,,D,,,wiki_2026_h2h_v5,wiki_2026_h2h_v5
42789,wiki_kor.1_2022_2nd_Inc_USH_0153,kor.1,,,Incheon United,Ulsan HD,2022-07-23,0,0,,D,,,wiki_2026_h2h_v5,wiki_2026_h2h_v5
42790,wiki_kor.1_2022_2nd_Jej_DGU_0154,kor.1,,,Jeju SK,Daegu FC,2022-07-24,2,2,,D,,,wiki_2026_h2h_v5,wiki_2026_h2h_v5
42791,wiki_kor.1_2022_2nd_Jej_ICU_0155,kor.1,,,Jeju SK,Incheon United,2022-07-25,0,1,,A,,,wiki_2026_h2h_v5,wiki_2026_h2h_v5
42792,wiki_kor.1_2022_2nd_Jej_PHS_0156,kor.1,,,Jeju SK,Pohang Steelers,2022-07-26,5,0,,H,,,wiki_2026_h2h_v5,wiki_2026_h2h_v5
42793,wiki_kor.1_2022_2nd_Jej_SNM_0157,kor.1,,,Jeju SK,Seongnam FC,2022-07-27,1,2,,A,,,wiki_2026_h2h_v5,wiki_2026_h2h_v5
42794,wiki_kor.1_2022_2nd_Jej_SSB_0158,kor.1,,,Jeju SK,Suwon Samsung Bluewings,2022-07-28,1,2,,A,,,wiki_2026_h2h_v5,wiki_2026_h2h_v5
42795,wiki_kor.1_2022_2nd_Jej_USH_0159,kor.1,,,Jeju SK,Ulsan HD,2022-07-29,1,1,,D,,,wiki_2026_h2h_v5,wiki_2026_h2h_v5
42796,wiki_kor.1_2022_2nd_Jeo_JJU_0160,kor.1,,,Jeonbuk Hyundai Motors,Jeju SK,2022-07-30,1,0,,H,,,wiki_2026_h2h_v5,wiki_2026_h2h_v5
42797,wiki_kor.1_2022_2nd_Jeo_PHS_0161,kor.1,,,Jeonbuk Hyundai Motors,Pohang Steelers,2022-07-31,2,2,,D,,,wiki_2026_h2h_v5,wiki_2026_h2h_v5
42798,wiki_kor.1_2022_2nd_Jeo_SNM_0162,kor.1,,,Jeonbuk Hyundai Motors,Seongnam FC,2022-08-01,1,0,,H,,,wiki_2026_h2h_v5,wiki_2026_h2h_v5
42799,wiki_kor.1_2022_2nd_Jeo_SEL_0163,kor.1,,,Jeonbuk Hyundai Motors,Seoul E-Land,2022-08-02,0,0,,D,,,wiki_2026_h2h_v5,wiki_2026_h2h_v5
42800,wiki_kor.1_2022_2nd_Jeo_USH_0164,kor.1,,,Jeonbuk Hyundai Motors,Ulsan HD,2022-08-03,1,1,,D,,,wiki_2026_h2h_v5,wiki_2026_h2h_v5
42801,wiki_kor.1_2022_2nd_Poh_DGU_0165,kor.1,,,Pohang Steelers,Daegu FC,2022-08-04,4,1,,H,,,wiki_2026_h2h_v5,wiki_2026_h2h_v5
42802,wiki_kor.1_2022_2nd_Poh_GWN_0166,kor.1,,,Pohang Steelers,Gangwon FC,2022-08-05,2,1,,H,,,wiki_2026_h2h_v5,wiki_2026_h2h_v5
42803,wiki_kor.1_2022_2nd_Poh_ICU_0167,kor.1,,,Pohang Steelers,Incheon United,2022-08-06,1,1,,D,,,wiki_2026_h2h_v5,wiki_2026_h2h_v5
42804,wiki_kor.1_2022_2nd_Poh_SEL_0168,kor.1,,,Pohang Steelers,Seoul E-Land,2022-08-07,1,2,,A,,,wiki_2026_h2h_v5,wiki_2026_h2h_v5
42805,wiki_kor.1_2022_2nd_Seo_GWN_0169,kor.1,,,Seongnam FC,Gangwon FC,2022-08-08,0,4,,A,,,wiki_2026_h2h_v5,wiki_2026_h2h_v5
42806,wiki_kor.1_2022_2nd_Seo_GCS_0170,kor.1,,,Seongnam FC,Gimcheon Sangmu,2022-08-09,1,4,,A,,,wiki_2026_h2h_v5,wiki_2026_h2h_v5
42807,wiki_kor.1_2022_2nd_Seo_ICU_0171,kor.1,,,Seongnam FC,Incheon United,2022-08-10,3,1,,H,,,wiki_2026_h2h_v5,wiki_2026_h2h_v5
42808,wiki_kor.1_2022_2nd_Seo_PHS_0172,kor.1,,,Seongnam FC,Pohang Steelers,2022-08-11,1,1,,D,,,wiki_2026_h2h_v5,wiki_2026_h2h_v5
42809,wiki_kor.1_2022_2nd_Seo_SWN_0173,kor.1,,,Seongnam FC,Suwon FC,2022-08-12,2,1,,H,,,wiki_2026_h2h_v5,wiki_2026_h2h_v5
42810,wiki_kor.1_2022_2nd_Seo_USH_0174,kor.1,,,Seongnam FC,Ulsan HD,2022-08-13,2,0,,H,,,wiki_2026_h2h_v5,wiki_2026_h2h_v5
42811,wiki_kor.1_2022_2nd_FC _GWN_0175,kor.1,,,FC Seoul,Gangwon FC,2022-08-14,1,0,,H,,,wiki_2026_h2h_v5,wiki_2026_h2h_v5
42812,wiki_kor.1_2022_2nd_FC _JJU_0176,kor.1,,,FC Seoul,Jeju SK,2022-08-15,0,2,,A,,,wiki_2026_h2h_v5,wiki_2026_h2h_v5
42813,wiki_kor.1_2022_2nd_FC _SNM_0177,kor.1,,,FC Seoul,Seongnam FC,2022-08-16,2,0,,H,,,wiki_2026_h2h_v5,wiki_2026_h2h_v5
42814,wiki_kor.1_2022_2nd_FC _SSB_0178,kor.1,,,FC Seoul,Suwon Samsung Bluewings,2022-08-17,1,3,,A,,,wiki_2026_h2h_v5,wiki_2026_h2h_v5
42815,wiki_kor.1_2022_2nd_FC _SWN_0179,kor.1,,,FC Seoul,Suwon FC,2022-08-18,2,2,,D,,,wiki_2026_h2h_v5,wiki_2026_h2h_v5
42816,wiki_kor.1_2022_2nd_Suw_GWN_0180,kor.1,,,Suwon Samsung Bluewings,Gangwon FC,2022-08-19,2,3,,A,,,wiki_2026_h2h_v5,wiki_2026_h2h_v5
42817,wiki_kor.1_2022_2nd_Suw_GCS_0181,kor.1,,,Suwon Samsung Bluewings,Gimcheon Sangmu,2022-08-20,0,0,,D,,,wiki_2026_h2h_v5,wiki_2026_h2h_v5
42818,wiki_kor.1_2022_2nd_Suw_ICU_0182,kor.1,,,Suwon Samsung Bluewings,Incheon United,2022-08-21,3,3,,D,,,wiki_2026_h2h_v5,wiki_2026_h2h_v5
42819,wiki_kor.1_2022_2nd_Suw_JHM_0183,kor.1,,,Suwon Samsung Bluewings,Jeonbuk Hyundai Motors,2022-08-22,2,3,,A,,,wiki_2026_h2h_v5,wiki_2026_h2h_v5
42820,wiki_kor.1_2022_2nd_Suw_PHS_0184,kor.1,,,Suwon Samsung Bluewings,Pohang Steelers,2022-08-23,0,2,,A,,,wiki_2026_h2h_v5,wiki_2026_h2h_v5
42821,wiki_kor.1_2022_2nd_Suw_SNM_0185,kor.1,,,Suwon Samsung Bluewings,Seongnam FC,2022-08-24,4,1,,H,,,wiki_2026_h2h_v5,wiki_2026_h2h_v5
42822,wiki_kor.1_2022_2nd_Suw_DGU_0186,kor.1,,,Suwon FC,Daegu FC,2022-08-25,2,2,,D,,,wiki_2026_h2h_v5,wiki_2026_h2h_v5
42823,wiki_kor.1_2022_2nd_Suw_GCS_0187,kor.1,,,Suwon FC,Gimcheon Sangmu,2022-08-26,2,1,,H,,,wiki_2026_h2h_v5,wiki_2026_h2h_v5
42824,wiki_kor.1_2022_2nd_Suw_JJU_0188,kor.1,,,Suwon FC,Jeju SK,2022-08-27,2,2,,D,,,wiki_2026_h2h_v5,wiki_2026_h2h_v5
42825,wiki_kor.1_2022_2nd_Suw_JHM_0189,kor.1,,,Suwon FC,Jeonbuk Hyundai Motors,2022-08-28,0,1,,A,,,wiki_2026_h2h_v5,wiki_2026_h2h_v5
42826,wiki_kor.1_2022_2nd_Suw_PHS_0190,kor.1,,,Suwon FC,Pohang Steelers,2022-08-29,1,0,,H,,,wiki_2026_h2h_v5,wiki_2026_h2h_v5
42827,wiki_kor.1_2022_2nd_Suw_SSB_0191,kor.1,,,Suwon FC,Suwon Samsung Bluewings,2022-08-30,4,2,,H,,,wiki_2026_h2h_v5,wiki_2026_h2h_v5
42828,wiki_kor.1_2022_2nd_Uls_DGU_0192,kor.1,,,Ulsan HD,Daegu FC,2022-08-31,4,0,,H,,,wiki_2026_h2h_v5,wiki_2026_h2h_v5
42829,wiki_kor.1_2022_2nd_Uls_GWN_0193,kor.1,,,Ulsan HD,Gangwon FC,2022-09-01,2,1,,H,,,wiki_2026_h2h_v5,wiki_2026_h2h_v5
42830,wiki_kor.1_2022_2nd_Uls_PHS_0194,kor.1,,,Ulsan HD,Pohang Steelers,2022-09-02,1,2,,A,,,wiki_2026_h2h_v5,wiki_2026_h2h_v5
42831,wiki_kor.1_2022_2nd_Uls_SEL_0195,kor.1,,,Ulsan HD,Seoul E-Land,2022-09-03,1,1,,D,,,wiki_2026_h2h_v5,wiki_2026_h2h_v5
42832,wiki_kor.1_2022_2nd_Uls_SSB_0196,kor.1,,,Ulsan HD,Suwon Samsung Bluewings,2022-09-04,1,0,,H,,,wiki_2026_h2h_v5,wiki_2026_h2h_v5
42833,wiki_kor.1_2022_2nd_Uls_SWN_0197,kor.1,,,Ulsan HD,Suwon FC,2022-09-05,2,0,,H,,,wiki_2026_h2h_v5,wiki_2026_h2h_v5
42834,wiki_kor.1_2023_1st_Dae_DHC_0198,kor.1,,,Daegu FC,Daejeon Hana Citizen,2023-03-20,1,0,,H,,,wiki_2026_h2h_v5,wiki_2026_h2h_v5
42835,wiki_kor.1_2023_1st_Dae_GWN_0199,kor.1,,,Daegu FC,Gangwon FC,2023-03-21,0,0,,D,,,wiki_2026_h2h_v5,wiki_2026_h2h_v5
42836,wiki_kor.1_2023_1st_Dae_GJU_0200,kor.1,,,Daegu FC,Gwangju FC,2023-03-22,3,4,,A,,,wiki_2026_h2h_v5,wiki_2026_h2h_v5
42837,wiki_kor.1_2023_1st_Dae_ICU_0201,kor.1,,,Daegu FC,Incheon United,2023-03-23,2,2,,D,,,wiki_2026_h2h_v5,wiki_2026_h2h_v5
42838,wiki_kor.1_2023_1st_Dae_JJU_0202,kor.1,,,Daegu FC,Jeju SK,2023-03-24,1,1,,D,,,wiki_2026_h2h_v5,wiki_2026_h2h_v5
42839,wiki_kor.1_2023_1st_Dae_JHM_0203,kor.1,,,Daegu FC,Jeonbuk Hyundai Motors,2023-03-25,2,0,,H,,,wiki_2026_h2h_v5,wiki_2026_h2h_v5
42840,wiki_kor.1_2023_1st_Dae_PHS_0204,kor.1,,,Daegu FC,Pohang Steelers,2023-03-26,1,1,,D,,,wiki_2026_h2h_v5,wiki_2026_h2h_v5
42841,wiki_kor.1_2023_1st_Dae_SEL_0205,kor.1,,,Daegu FC,Seoul E-Land,2023-03-27,1,0,,H,,,wiki_2026_h2h_v5,wiki_2026_h2h_v5
42842,wiki_kor.1_2023_1st_Dae_SSB_0206,kor.1,,,Daegu FC,Suwon Samsung Bluewings,2023-03-28,1,1,,D,,,wiki_2026_h2h_v5,wiki_2026_h2h_v5
42843,wiki_kor.1_2023_1st_Dae_SWN_0207,kor.1,,,Daegu FC,Suwon FC,2023-03-29,3,1,,H,,,wiki_2026_h2h_v5,wiki_2026_h2h_v5
42844,wiki_kor.1_2023_1st_Dae_USH_0208,kor.1,,,Daegu FC,Ulsan HD,2023-03-30,0,3,,A,,,wiki_2026_h2h_v5,wiki_2026_h2h_v5
42845,wiki_kor.1_2023_1st_Dae_DGU_0209,kor.1,,,Daejeon Hana Citizen,Daegu FC,2023-03-31,0,1,,A,,,wiki_2026_h2h_v5,wiki_2026_h2h_v5
42846,wiki_kor.1_2023_1st_Dae_GWN_0210,kor.1,,,Daejeon Hana Citizen,Gangwon FC,2023-04-01,2,0,,H,,,wiki_2026_h2h_v5,wiki_2026_h2h_v5
42847,wiki_kor.1_2023_1st_Dae_GJU_0211,kor.1,,,Daejeon Hana Citizen,Gwangju FC,2023-04-02,1,1,,D,,,wiki_2026_h2h_v5,wiki_2026_h2h_v5
42848,wiki_kor.1_2023_1st_Dae_ICU_0212,kor.1,,,Daejeon Hana Citizen,Incheon United,2023-04-03,1,3,,A,,,wiki_2026_h2h_v5,wiki_2026_h2h_v5
42849,wiki_kor.1_2023_1st_Dae_JJU_0213,kor.1,,,Daejeon Hana Citizen,Jeju SK,2023-04-04,0,3,,A,,,wiki_2026_h2h_v5,wiki_2026_h2h_v5
42850,wiki_kor.1_2023_1st_Dae_JHM_0214,kor.1,,,Daejeon Hana Citizen,Jeonbuk Hyundai Motors,2023-04-05,2,2,,D,,,wiki_2026_h2h_v5,wiki_2026_h2h_v5
42851,wiki_kor.1_2023_1st_Dae_PHS_0215,kor.1,,,Daejeon Hana Citizen,Pohang Steelers,2023-04-06,0,0,,D,,,wiki_2026_h2h_v5,wiki_2026_h2h_v5
42852,wiki_kor.1_2023_1st_Dae_SEL_0216,kor.1,,,Daejeon Hana Citizen,Seoul E-Land,2023-04-07,3,2,,H,,,wiki_2026_h2h_v5,wiki_2026_h2h_v5
42853,wiki_kor.1_2023_1st_Dae_SSB_0217,kor.1,,,Daejeon Hana Citizen,Suwon Samsung Bluewings,2023-04-08,2,2,,D,,,wiki_2026_h2h_v5,wiki_2026_h2h_v5
42854,wiki_kor.1_2023_1st_Dae_SWN_0218,kor.1,,,Daejeon Hana Citizen,Suwon FC,2023-04-09,2,1,,H,,,wiki_2026_h2h_v5,wiki_2026_h2h_v5
42855,wiki_kor.1_2023_1st_Dae_USH_0219,kor.1,,,Daejeon Hana Citizen,Ulsan HD,2023-04-10,2,1,,H,,,wiki_2026_h2h_v5,wiki_2026_h2h_v5
42856,wiki_kor.1_2023_1st_Gan_DGU_0220,kor.1,,,Gangwon FC,Daegu FC,2023-04-11,1,1,,D,,,wiki_2026_h2h_v5,wiki_2026_h2h_v5
42857,wiki_kor.1_2023_1st_Gan_DHC_0221,kor.1,,,Gangwon FC,Daejeon Hana Citizen,2023-04-12,1,2,,A,,,wiki_2026_h2h_v5,wiki_2026_h2h_v5
42858,wiki_kor.1_2023_1st_Gan_GJU_0222,kor.1,,,Gangwon FC,Gwangju FC,2023-04-13,1,1,,D,,,wiki_2026_h2h_v5,wiki_2026_h2h_v5
42859,wiki_kor.1_2023_1st_Gan_ICU_0223,kor.1,,,Gangwon FC,Incheon United,2023-04-14,0,2,,A,,,wiki_2026_h2h_v5,wiki_2026_h2h_v5
42860,wiki_kor.1_2023_1st_Gan_JJU_0224,kor.1,,,Gangwon FC,Jeju SK,2023-04-15,0,1,,A,,,wiki_2026_h2h_v5,wiki_2026_h2h_v5
42861,wiki_kor.1_2023_1st_Gan_JHM_0225,kor.1,,,Gangwon FC,Jeonbuk Hyundai Motors,2023-04-16,1,2,,A,,,wiki_2026_h2h_v5,wiki_2026_h2h_v5
42862,wiki_kor.1_2023_1st_Gan_PHS_0226,kor.1,,,Gangwon FC,Pohang Steelers,2023-04-17,0,0,,D,,,wiki_2026_h2h_v5,wiki_2026_h2h_v5
42863,wiki_kor.1_2023_1st_Gan_SEL_0227,kor.1,,,Gangwon FC,Seoul E-Land,2023-04-18,3,2,,H,,,wiki_2026_h2h_v5,wiki_2026_h2h_v5
42864,wiki_kor.1_2023_1st_Gan_SSB_0228,kor.1,,,Gangwon FC,Suwon Samsung Bluewings,2023-04-19,0,2,,A,,,wiki_2026_h2h_v5,wiki_2026_h2h_v5
42865,wiki_kor.1_2023_1st_Gan_SWN_0229,kor.1,,,Gangwon FC,Suwon FC,2023-04-20,1,2,,A,,,wiki_2026_h2h_v5,wiki_2026_h2h_v5
42866,wiki_kor.1_2023_1st_Gan_USH_0230,kor.1,,,Gangwon FC,Ulsan HD,2023-04-21,0,1,,A,,,wiki_2026_h2h_v5,wiki_2026_h2h_v5
42867,wiki_kor.1_2023_1st_Gwa_DGU_0231,kor.1,,,Gwangju FC,Daegu FC,2023-04-22,0,2,,A,,,wiki_2026_h2h_v5,wiki_2026_h2h_v5
42868,wiki_kor.1_2023_1st_Gwa_DHC_0232,kor.1,,,Gwangju FC,Daejeon Hana Citizen,2023-04-23,0,0,,D,,,wiki_2026_h2h_v5,wiki_2026_h2h_v5
42869,wiki_kor.1_2023_1st_Gwa_GWN_0233,kor.1,,,Gwangju FC,Gangwon FC,2023-04-24,0,0,,D,,,wiki_2026_h2h_v5,wiki_2026_h2h_v5
42870,wiki_kor.1_2023_1st_Gwa_ICU_0234,kor.1,,,Gwangju FC,Incheon United,2023-04-25,5,0,,H,,,wiki_2026_h2h_v5,wiki_2026_h2h_v5
42871,wiki_kor.1_2023_1st_Gwa_JJU_0235,kor.1,,,Gwangju FC,Jeju SK,2023-04-26,0,1,,A,,,wiki_2026_h2h_v5,wiki_2026_h2h_v5
42872,wiki_kor.1_2023_1st_Gwa_JHM_0236,kor.1,,,Gwangju FC,Jeonbuk Hyundai Motors,2023-04-27,2,0,,H,,,wiki_2026_h2h_v5,wiki_2026_h2h_v5
42873,wiki_kor.1_2023_1st_Gwa_PHS_0237,kor.1,,,Gwangju FC,Pohang Steelers,2023-04-28,4,2,,H,,,wiki_2026_h2h_v5,wiki_2026_h2h_v5
42874,wiki_kor.1_2023_1st_Gwa_SEL_0238,kor.1,,,Gwangju FC,Seoul E-Land,2023-04-29,0,2,,A,,,wiki_2026_h2h_v5,wiki_2026_h2h_v5
42875,wiki_kor.1_2023_1st_Gwa_SSB_0239,kor.1,,,Gwangju FC,Suwon Samsung Bluewings,2023-04-30,2,1,,H,,,wiki_2026_h2h_v5,wiki_2026_h2h_v5
42876,wiki_kor.1_2023_1st_Gwa_SWN_0240,kor.1,,,Gwangju FC,Suwon FC,2023-05-01,2,0,,H,,,wiki_2026_h2h_v5,wiki_2026_h2h_v5
42877,wiki_kor.1_2023_1st_Gwa_USH_0241,kor.1,,,Gwangju FC,Ulsan HD,2023-05-02,0,1,,A,,,wiki_2026_h2h_v5,wiki_2026_h2h_v5
42878,wiki_kor.1_2023_1st_Inc_DGU_0242,kor.1,,,Incheon United,Daegu FC,2023-05-03,0,0,,D,,,wiki_2026_h2h_v5,wiki_2026_h2h_v5
42879,wiki_kor.1_2023_1st_Inc_DHC_0243,kor.1,,,Incheon United,Daejeon Hana Citizen,2023-05-04,3,3,,D,,,wiki_2026_h2h_v5,wiki_2026_h2h_v5
42880,wiki_kor.1_2023_1st_Inc_GWN_0244,kor.1,,,Incheon United,Gangwon FC,2023-05-05,1,0,,H,,,wiki_2026_h2h_v5,wiki_2026_h2h_v5
42881,wiki_kor.1_2023_1st_Inc_GJU_0245,kor.1,,,Incheon United,Gwangju FC,2023-05-06,1,1,,D,,,wiki_2026_h2h_v5,wiki_2026_h2h_v5
42882,wiki_kor.1_2023_1st_Inc_JJU_0246,kor.1,,,Incheon United,Jeju SK,2023-05-07,1,0,,H,,,wiki_2026_h2h_v5,wiki_2026_h2h_v5
42883,wiki_kor.1_2023_1st_Inc_JHM_0247,kor.1,,,Incheon United,Jeonbuk Hyundai Motors,2023-05-08,0,0,,D,,,wiki_2026_h2h_v5,wiki_2026_h2h_v5
42884,wiki_kor.1_2023_1st_Inc_PHS_0248,kor.1,,,Incheon United,Pohang Steelers,2023-05-09,0,1,,A,,,wiki_2026_h2h_v5,wiki_2026_h2h_v5
42885,wiki_kor.1_2023_1st_Inc_SEL_0249,kor.1,,,Incheon United,Seoul E-Land,2023-05-10,1,1,,D,,,wiki_2026_h2h_v5,wiki_2026_h2h_v5
42886,wiki_kor.1_2023_1st_Inc_SSB_0250,kor.1,,,Incheon United,Suwon Samsung Bluewings,2023-05-11,0,1,,A,,,wiki_2026_h2h_v5,wiki_2026_h2h_v5
42887,wiki_kor.1_2023_1st_Inc_SWN_0251,kor.1,,,Incheon United,Suwon FC,2023-05-12,2,2,,D,,,wiki_2026_h2h_v5,wiki_2026_h2h_v5
42888,wiki_kor.1_2023_1st_Inc_USH_0252,kor.1,,,Incheon United,Ulsan HD,2023-05-13,0,1,,A,,,wiki_2026_h2h_v5,wiki_2026_h2h_v5
42889,wiki_kor.1_2023_1st_Jej_DGU_0253,kor.1,,,Jeju SK,Daegu FC,2023-05-14,1,2,,A,,,wiki_2026_h2h_v5,wiki_2026_h2h_v5
42890,wiki_kor.1_2023_1st_Jej_DHC_0254,kor.1,,,Jeju SK,Daejeon Hana Citizen,2023-05-15,1,1,,D,,,wiki_2026_h2h_v5,wiki_2026_h2h_v5
42891,wiki_kor.1_2023_1st_Jej_GWN_0255,kor.1,,,Jeju SK,Gangwon FC,2023-05-16,2,2,,D,,,wiki_2026_h2h_v5,wiki_2026_h2h_v5
42892,wiki_kor.1_2023_1st_Jej_GJU_0256,kor.1,,,Jeju SK,Gwangju FC,2023-05-17,0,0,,D,,,wiki_2026_h2h_v5,wiki_2026_h2h_v5
42893,wiki_kor.1_2023_1st_Jej_ICU_0257,kor.1,,,Jeju SK,Incheon United,2023-05-18,2,0,,H,,,wiki_2026_h2h_v5,wiki_2026_h2h_v5
42894,wiki_kor.1_2023_1st_Jej_JHM_0258,kor.1,,,Jeju SK,Jeonbuk Hyundai Motors,2023-05-19,0,2,,A,,,wiki_2026_h2h_v5,wiki_2026_h2h_v5
42895,wiki_kor.1_2023_1st_Jej_PHS_0259,kor.1,,,Jeju SK,Pohang Steelers,2023-05-20,2,1,,H,,,wiki_2026_h2h_v5,wiki_2026_h2h_v5
42896,wiki_kor.1_2023_1st_Jej_SEL_0260,kor.1,,,Jeju SK,Seoul E-Land,2023-05-21,1,2,,A,,,wiki_2026_h2h_v5,wiki_2026_h2h_v5
42897,wiki_kor.1_2023_1st_Jej_SSB_0261,kor.1,,,Jeju SK,Suwon Samsung Bluewings,2023-05-22,2,1,,H,,,wiki_2026_h2h_v5,wiki_2026_h2h_v5
42898,wiki_kor.1_2023_1st_Jej_SWN_0262,kor.1,,,Jeju SK,Suwon FC,2023-05-23,0,0,,D,,,wiki_2026_h2h_v5,wiki_2026_h2h_v5
42899,wiki_kor.1_2023_1st_Jej_USH_0263,kor.1,,,Jeju SK,Ulsan HD,2023-05-24,1,3,,A,,,wiki_2026_h2h_v5,wiki_2026_h2h_v5
42900,wiki_kor.1_2023_1st_Jeo_DGU_0264,kor.1,,,Jeonbuk Hyundai Motors,Daegu FC,2023-05-25,1,0,,H,,,wiki_2026_h2h_v5,wiki_2026_h2h_v5
42901,wiki_kor.1_2023_1st_Jeo_DHC_0265,kor.1,,,Jeonbuk Hyundai Motors,Daejeon Hana Citizen,2023-05-26,1,2,,A,,,wiki_2026_h2h_v5,wiki_2026_h2h_v5
42902,wiki_kor.1_2023_1st_Jeo_GWN_0266,kor.1,,,Jeonbuk Hyundai Motors,Gangwon FC,2023-05-27,0,1,,A,,,wiki_2026_h2h_v5,wiki_2026_h2h_v5
42903,wiki_kor.1_2023_1st_Jeo_GJU_0267,kor.1,,,Jeonbuk Hyundai Motors,Gwangju FC,2023-05-28,2,0,,H,,,wiki_2026_h2h_v5,wiki_2026_h2h_v5
42904,wiki_kor.1_2023_1st_Jeo_ICU_0268,kor.1,,,Jeonbuk Hyundai Motors,Incheon United,2023-05-29,2,0,,H,,,wiki_2026_h2h_v5,wiki_2026_h2h_v5
42905,wiki_kor.1_2023_1st_Jeo_JJU_0269,kor.1,,,Jeonbuk Hyundai Motors,Jeju SK,2023-05-30,2,0,,H,,,wiki_2026_h2h_v5,wiki_2026_h2h_v5
42906,wiki_kor.1_2023_1st_Jeo_PHS_0270,kor.1,,,Jeonbuk Hyundai Motors,Pohang Steelers,2023-05-31,1,2,,A,,,wiki_2026_h2h_v5,wiki_2026_h2h_v5
42907,wiki_kor.1_2023_1st_Jeo_SEL_0271,kor.1,,,Jeonbuk Hyundai Motors,Seoul E-Land,2023-06-01,2,1,,H,,,wiki_2026_h2h_v5,wiki_2026_h2h_v5
42908,wiki_kor.1_2023_1st_Jeo_SSB_0272,kor.1,,,Jeonbuk Hyundai Motors,Suwon Samsung Bluewings,2023-06-02,1,1,,D,,,wiki_2026_h2h_v5,wiki_2026_h2h_v5
42909,wiki_kor.1_2023_1st_Jeo_SWN_0273,kor.1,,,Jeonbuk Hyundai Motors,Suwon FC,2023-06-03,3,1,,H,,,wiki_2026_h2h_v5,wiki_2026_h2h_v5
42910,wiki_kor.1_2023_1st_Jeo_USH_0274,kor.1,,,Jeonbuk Hyundai Motors,Ulsan HD,2023-06-04,2,0,,H,,,wiki_2026_h2h_v5,wiki_2026_h2h_v5
42911,wiki_kor.1_2023_1st_Poh_DGU_0275,kor.1,,,Pohang Steelers,Daegu FC,2023-06-05,3,2,,H,,,wiki_2026_h2h_v5,wiki_2026_h2h_v5
42912,wiki_kor.1_2023_1st_Poh_DHC_0276,kor.1,,,Pohang Steelers,Daejeon Hana Citizen,2023-06-06,3,2,,H,,,wiki_2026_h2h_v5,wiki_2026_h2h_v5
42913,wiki_kor.1_2023_1st_Poh_GWN_0277,kor.1,,,Pohang Steelers,Gangwon FC,2023-06-07,1,1,,D,,,wiki_2026_h2h_v5,wiki_2026_h2h_v5
42914,wiki_kor.1_2023_1st_Poh_GJU_0278,kor.1,,,Pohang Steelers,Gwangju FC,2023-06-08,2,0,,H,,,wiki_2026_h2h_v5,wiki_2026_h2h_v5
42915,wiki_kor.1_2023_1st_Poh_ICU_0279,kor.1,,,Pohang Steelers,Incheon United,2023-06-09,0,2,,A,,,wiki_2026_h2h_v5,wiki_2026_h2h_v5
42916,wiki_kor.1_2023_1st_Poh_JJU_0280,kor.1,,,Pohang Steelers,Jeju SK,2023-06-10,2,1,,H,,,wiki_2026_h2h_v5,wiki_2026_h2h_v5
42917,wiki_kor.1_2023_1st_Poh_JHM_0281,kor.1,,,Pohang Steelers,Jeonbuk Hyundai Motors,2023-06-11,1,0,,H,,,wiki_2026_h2h_v5,wiki_2026_h2h_v5
42918,wiki_kor.1_2023_1st_Poh_SEL_0282,kor.1,,,Pohang Steelers,Seoul E-Land,2023-06-12,1,1,,D,,,wiki_2026_h2h_v5,wiki_2026_h2h_v5
42919,wiki_kor.1_2023_1st_Poh_SSB_0283,kor.1,,,Pohang Steelers,Suwon Samsung Bluewings,2023-06-13,3,1,,H,,,wiki_2026_h2h_v5,wiki_2026_h2h_v5
42920,wiki_kor.1_2023_1st_Poh_SWN_0284,kor.1,,,Pohang Steelers,Suwon FC,2023-06-14,1,0,,H,,,wiki_2026_h2h_v5,wiki_2026_h2h_v5
42921,wiki_kor.1_2023_1st_Poh_USH_0285,kor.1,,,Pohang Steelers,Ulsan HD,2023-06-15,0,1,,A,,,wiki_2026_h2h_v5,wiki_2026_h2h_v5
42922,wiki_kor.1_2023_1st_FC _DGU_0286,kor.1,,,FC Seoul,Daegu FC,2023-06-16,3,0,,H,,,wiki_2026_h2h_v5,wiki_2026_h2h_v5
42923,wiki_kor.1_2023_1st_FC _DHC_0287,kor.1,,,FC Seoul,Daejeon Hana Citizen,2023-06-17,0,0,,D,,,wiki_2026_h2h_v5,wiki_2026_h2h_v5
42924,wiki_kor.1_2023_1st_FC _GWN_0288,kor.1,,,FC Seoul,Gangwon FC,2023-06-18,1,0,,H,,,wiki_2026_h2h_v5,wiki_2026_h2h_v5
42925,wiki_kor.1_2023_1st_FC _GJU_0289,kor.1,,,FC Seoul,Gwangju FC,2023-06-19,3,1,,H,,,wiki_2026_h2h_v5,wiki_2026_h2h_v5
42926,wiki_kor.1_2023_1st_FC _ICU_0290,kor.1,,,FC Seoul,Incheon United,2023-06-20,2,1,,H,,,wiki_2026_h2h_v5,wiki_2026_h2h_v5
42927,wiki_kor.1_2023_1st_FC _JJU_0291,kor.1,,,FC Seoul,Jeju SK,2023-06-21,1,1,,D,,,wiki_2026_h2h_v5,wiki_2026_h2h_v5
42928,wiki_kor.1_2023_1st_FC _JHM_0292,kor.1,,,FC Seoul,Jeonbuk Hyundai Motors,2023-06-22,1,1,,D,,,wiki_2026_h2h_v5,wiki_2026_h2h_v5
42929,wiki_kor.1_2023_1st_FC _PHS_0293,kor.1,,,FC Seoul,Pohang Steelers,2023-06-23,1,1,,D,,,wiki_2026_h2h_v5,wiki_2026_h2h_v5
42930,wiki_kor.1_2023_1st_FC _SSB_0294,kor.1,,,FC Seoul,Suwon Samsung Bluewings,2023-06-24,3,1,,H,,,wiki_2026_h2h_v5,wiki_2026_h2h_v5
42931,wiki_kor.1_2023_1st_FC _SWN_0295,kor.1,,,FC Seoul,Suwon FC,2023-06-25,7,2,,H,,,wiki_2026_h2h_v5,wiki_2026_h2h_v5
42932,wiki_kor.1_2023_1st_FC _USH_0296,kor.1,,,FC Seoul,Ulsan HD,2023-06-26,1,2,,A,,,wiki_2026_h2h_v5,wiki_2026_h2h_v5
42933,wiki_kor.1_2023_1st_Suw_DGU_0297,kor.1,,,Suwon Samsung Bluewings,Daegu FC,2023-06-27,0,1,,A,,,wiki_2026_h2h_v5,wiki_2026_h2h_v5
42934,wiki_kor.1_2023_1st_Suw_DHC_0298,kor.1,,,Suwon Samsung Bluewings,Daejeon Hana Citizen,2023-06-28,1,3,,A,,,wiki_2026_h2h_v5,wiki_2026_h2h_v5
42935,wiki_kor.1_2023_1st_Suw_GWN_0299,kor.1,,,Suwon Samsung Bluewings,Gangwon FC,2023-06-29,1,1,,D,,,wiki_2026_h2h_v5,wiki_2026_h2h_v5
42936,wiki_kor.1_2023_1st_Suw_GJU_0300,kor.1,,,Suwon Samsung Bluewings,Gwangju FC,2023-06-30,0,1,,A,,,wiki_2026_h2h_v5,wiki_2026_h2h_v5
42937,wiki_kor.1_2023_1st_Suw_ICU_0301,kor.1,,,Suwon Samsung Bluewings,Incheon United,2023-07-01,0,0,,D,,,wiki_2026_h2h_v5,wiki_2026_h2h_v5
42938,wiki_kor.1_2023_1st_Suw_JJU_0302,kor.1,,,Suwon Samsung Bluewings,Jeju SK,2023-07-02,2,3,,A,,,wiki_2026_h2h_v5,wiki_2026_h2h_v5
42939,wiki_kor.1_2023_1st_Suw_JHM_0303,kor.1,,,Suwon Samsung Bluewings,Jeonbuk Hyundai Motors,2023-07-03,0,3,,A,,,wiki_2026_h2h_v5,wiki_2026_h2h_v5
42940,wiki_kor.1_2023_1st_Suw_PHS_0304,kor.1,,,Suwon Samsung Bluewings,Pohang Steelers,2023-07-04,1,1,,D,,,wiki_2026_h2h_v5,wiki_2026_h2h_v5
42941,wiki_kor.1_2023_1st_Suw_SEL_0305,kor.1,,,Suwon Samsung Bluewings,Seoul E-Land,2023-07-05,0,1,,A,,,wiki_2026_h2h_v5,wiki_2026_h2h_v5
42942,wiki_kor.1_2023_1st_Suw_SWN_0306,kor.1,,,Suwon Samsung Bluewings,Suwon FC,2023-07-06,1,2,,A,,,wiki_2026_h2h_v5,wiki_2026_h2h_v5
42943,wiki_kor.1_2023_1st_Suw_USH_0307,kor.1,,,Suwon Samsung Bluewings,Ulsan HD,2023-07-07,2,3,,A,,,wiki_2026_h2h_v5,wiki_2026_h2h_v5
42944,wiki_kor.1_2023_1st_Suw_DGU_0308,kor.1,,,Suwon FC,Daegu FC,2023-07-08,1,1,,D,,,wiki_2026_h2h_v5,wiki_2026_h2h_v5
42945,wiki_kor.1_2023_1st_Suw_DHC_0309,kor.1,,,Suwon FC,Daejeon Hana Citizen,2023-07-09,5,3,,H,,,wiki_2026_h2h_v5,wiki_2026_h2h_v5
42946,wiki_kor.1_2023_1st_Suw_GWN_0310,kor.1,,,Suwon FC,Gangwon FC,2023-07-10,2,0,,H,,,wiki_2026_h2h_v5,wiki_2026_h2h_v5
42947,wiki_kor.1_2023_1st_Suw_GJU_0311,kor.1,,,Suwon FC,Gwangju FC,2023-07-11,0,2,,A,,,wiki_2026_h2h_v5,wiki_2026_h2h_v5
42948,wiki_kor.1_2023_1st_Suw_ICU_0312,kor.1,,,Suwon FC,Incheon United,2023-07-12,2,2,,D,,,wiki_2026_h2h_v5,wiki_2026_h2h_v5
42949,wiki_kor.1_2023_1st_Suw_JJU_0313,kor.1,,,Suwon FC,Jeju SK,2023-07-13,0,5,,A,,,wiki_2026_h2h_v5,wiki_2026_h2h_v5
42950,wiki_kor.1_2023_1st_Suw_JHM_0314,kor.1,,,Suwon FC,Jeonbuk Hyundai Motors,2023-07-14,1,0,,H,,,wiki_2026_h2h_v5,wiki_2026_h2h_v5
42951,wiki_kor.1_2023_1st_Suw_PHS_0315,kor.1,,,Suwon FC,Pohang Steelers,2023-07-15,1,2,,A,,,wiki_2026_h2h_v5,wiki_2026_h2h_v5
42952,wiki_kor.1_2023_1st_Suw_SEL_0316,kor.1,,,Suwon FC,Seoul E-Land,2023-07-16,0,3,,A,,,wiki_2026_h2h_v5,wiki_2026_h2h_v5
42953,wiki_kor.1_2023_1st_Suw_SSB_0317,kor.1,,,Suwon FC,Suwon Samsung Bluewings,2023-07-17,2,0,,H,,,wiki_2026_h2h_v5,wiki_2026_h2h_v5
42954,wiki_kor.1_2023_1st_Suw_USH_0318,kor.1,,,Suwon FC,Ulsan HD,2023-07-18,1,3,,A,,,wiki_2026_h2h_v5,wiki_2026_h2h_v5
42955,wiki_kor.1_2023_1st_Uls_DGU_0319,kor.1,,,Ulsan HD,Daegu FC,2023-07-19,3,1,,H,,,wiki_2026_h2h_v5,wiki_2026_h2h_v5
42956,wiki_kor.1_2023_1st_Uls_DHC_0320,kor.1,,,Ulsan HD,Daejeon Hana Citizen,2023-07-20,3,3,,D,,,wiki_2026_h2h_v5,wiki_2026_h2h_v5
42957,wiki_kor.1_2023_1st_Uls_GWN_0321,kor.1,,,Ulsan HD,Gangwon FC,2023-07-21,1,0,,H,,,wiki_2026_h2h_v5,wiki_2026_h2h_v5
42958,wiki_kor.1_2023_1st_Uls_GJU_0322,kor.1,,,Ulsan HD,Gwangju FC,2023-07-22,2,1,,H,,,wiki_2026_h2h_v5,wiki_2026_h2h_v5
42959,wiki_kor.1_2023_1st_Uls_ICU_0323,kor.1,,,Ulsan HD,Incheon United,2023-07-23,1,2,,A,,,wiki_2026_h2h_v5,wiki_2026_h2h_v5
42960,wiki_kor.1_2023_1st_Uls_JJU_0324,kor.1,,,Ulsan HD,Jeju SK,2023-07-24,5,1,,H,,,wiki_2026_h2h_v5,wiki_2026_h2h_v5
42961,wiki_kor.1_2023_1st_Uls_JHM_0325,kor.1,,,Ulsan HD,Jeonbuk Hyundai Motors,2023-07-25,2,1,,H,,,wiki_2026_h2h_v5,wiki_2026_h2h_v5
42962,wiki_kor.1_2023_1st_Uls_PHS_0326,kor.1,,,Ulsan HD,Pohang Steelers,2023-07-26,2,2,,D,,,wiki_2026_h2h_v5,wiki_2026_h2h_v5
42963,wiki_kor.1_2023_1st_Uls_SEL_0327,kor.1,,,Ulsan HD,Seoul E-Land,2023-07-27,3,2,,H,,,wiki_2026_h2h_v5,wiki_2026_h2h_v5
42964,wiki_kor.1_2023_1st_Uls_SSB_0328,kor.1,,,Ulsan HD,Suwon Samsung Bluewings,2023-07-28,2,1,,H,,,wiki_2026_h2h_v5,wiki_2026_h2h_v5
42965,wiki_kor.1_2023_1st_Uls_SWN_0329,kor.1,,,Ulsan HD,Suwon FC,2023-07-29,3,0,,H,,,wiki_2026_h2h_v5,wiki_2026_h2h_v5
42966,wiki_kor.1_2023_2nd_Dae_GWN_0330,kor.1,,,Daegu FC,Gangwon FC,2023-08-19,1,0,,H,,,wiki_2026_h2h_v5,wiki_2026_h2h_v5
42967,wiki_kor.1_2023_2nd_Dae_JJU_0331,kor.1,,,Daegu FC,Jeju SK,2023-08-20,1,0,,H,,,wiki_2026_h2h_v5,wiki_2026_h2h_v5
42968,wiki_kor.1_2023_2nd_Dae_PHS_0332,kor.1,,,Daegu FC,Pohang Steelers,2023-08-21,0,0,,D,,,wiki_2026_h2h_v5,wiki_2026_h2h_v5
42969,wiki_kor.1_2023_2nd_Dae_SWN_0333,kor.1,,,Daegu FC,Suwon FC,2023-08-22,2,2,,D,,,wiki_2026_h2h_v5,wiki_2026_h2h_v5
42970,wiki_kor.1_2023_2nd_Dae_USH_0334,kor.1,,,Daegu FC,Ulsan HD,2023-08-23,0,0,,D,,,wiki_2026_h2h_v5,wiki_2026_h2h_v5
42971,wiki_kor.1_2023_2nd_Dae_DGU_0335,kor.1,,,Daejeon Hana Citizen,Daegu FC,2023-08-24,1,0,,H,,,wiki_2026_h2h_v5,wiki_2026_h2h_v5
42972,wiki_kor.1_2023_2nd_Dae_JJU_0336,kor.1,,,Daejeon Hana Citizen,Jeju SK,2023-08-25,1,0,,H,,,wiki_2026_h2h_v5,wiki_2026_h2h_v5
42973,wiki_kor.1_2023_2nd_Dae_SEL_0337,kor.1,,,Daejeon Hana Citizen,Seoul E-Land,2023-08-26,4,3,,H,,,wiki_2026_h2h_v5,wiki_2026_h2h_v5
42974,wiki_kor.1_2023_2nd_Dae_SSB_0338,kor.1,,,Daejeon Hana Citizen,Suwon Samsung Bluewings,2023-08-27,3,1,,H,,,wiki_2026_h2h_v5,wiki_2026_h2h_v5
42975,wiki_kor.1_2023_2nd_Dae_SWN_0339,kor.1,,,Daejeon Hana Citizen,Suwon FC,2023-08-28,0,1,,A,,,wiki_2026_h2h_v5,wiki_2026_h2h_v5
42976,wiki_kor.1_2023_2nd_Gan_DHC_0340,kor.1,,,Gangwon FC,Daejeon Hana Citizen,2023-08-29,1,1,,D,,,wiki_2026_h2h_v5,wiki_2026_h2h_v5
42977,wiki_kor.1_2023_2nd_Gan_ICU_0341,kor.1,,,Gangwon FC,Incheon United,2023-08-30,1,1,,D,,,wiki_2026_h2h_v5,wiki_2026_h2h_v5
42978,wiki_kor.1_2023_2nd_Gan_PHS_0342,kor.1,,,Gangwon FC,Pohang Steelers,2023-08-31,1,1,,D,,,wiki_2026_h2h_v5,wiki_2026_h2h_v5
42979,wiki_kor.1_2023_2nd_Gan_SEL_0343,kor.1,,,Gangwon FC,Seoul E-Land,2023-09-01,1,1,,D,,,wiki_2026_h2h_v5,wiki_2026_h2h_v5
42980,wiki_kor.1_2023_2nd_Gan_SSB_0344,kor.1,,,Gangwon FC,Suwon Samsung Bluewings,2023-09-02,1,2,,A,,,wiki_2026_h2h_v5,wiki_2026_h2h_v5
42981,wiki_kor.1_2023_2nd_Gan_USH_0345,kor.1,,,Gangwon FC,Ulsan HD,2023-09-03,2,0,,H,,,wiki_2026_h2h_v5,wiki_2026_h2h_v5
42982,wiki_kor.1_2023_2nd_Gwa_DGU_0346,kor.1,,,Gwangju FC,Daegu FC,2023-09-04,1,1,,D,,,wiki_2026_h2h_v5,wiki_2026_h2h_v5
42983,wiki_kor.1_2023_2nd_Gwa_DHC_0347,kor.1,,,Gwangju FC,Daejeon Hana Citizen,2023-09-05,3,0,,H,,,wiki_2026_h2h_v5,wiki_2026_h2h_v5
42984,wiki_kor.1_2023_2nd_Gwa_GWN_0348,kor.1,,,Gwangju FC,Gangwon FC,2023-09-06,1,0,,H,,,wiki_2026_h2h_v5,wiki_2026_h2h_v5
42985,wiki_kor.1_2023_2nd_Gwa_JHM_0349,kor.1,,,Gwangju FC,Jeonbuk Hyundai Motors,2023-09-07,0,1,,A,,,wiki_2026_h2h_v5,wiki_2026_h2h_v5
42986,wiki_kor.1_2023_2nd_Gwa_SSB_0350,kor.1,,,Gwangju FC,Suwon Samsung Bluewings,2023-09-08,4,0,,H,,,wiki_2026_h2h_v5,wiki_2026_h2h_v5
42987,wiki_kor.1_2023_2nd_Inc_DGU_0351,kor.1,,,Incheon United,Daegu FC,2023-09-09,3,1,,H,,,wiki_2026_h2h_v5,wiki_2026_h2h_v5
42988,wiki_kor.1_2023_2nd_Inc_DHC_0352,kor.1,,,Incheon United,Daejeon Hana Citizen,2023-09-10,2,0,,H,,,wiki_2026_h2h_v5,wiki_2026_h2h_v5
42989,wiki_kor.1_2023_2nd_Inc_GJU_0353,kor.1,,,Incheon United,Gwangju FC,2023-09-11,2,2,,D,,,wiki_2026_h2h_v5,wiki_2026_h2h_v5
42990,wiki_kor.1_2023_2nd_Inc_JJU_0354,kor.1,,,Incheon United,Jeju SK,2023-09-12,2,1,,H,,,wiki_2026_h2h_v5,wiki_2026_h2h_v5
42991,wiki_kor.1_2023_2nd_Inc_PHS_0355,kor.1,,,Incheon United,Pohang Steelers,2023-09-13,0,2,,A,,,wiki_2026_h2h_v5,wiki_2026_h2h_v5
42992,wiki_kor.1_2023_2nd_Inc_SSB_0356,kor.1,,,Incheon United,Suwon Samsung Bluewings,2023-09-14,2,0,,H,,,wiki_2026_h2h_v5,wiki_2026_h2h_v5
42993,wiki_kor.1_2023_2nd_Jej_GWN_0357,kor.1,,,Jeju SK,Gangwon FC,2023-09-15,1,1,,D,,,wiki_2026_h2h_v5,wiki_2026_h2h_v5
42994,wiki_kor.1_2023_2nd_Jej_GJU_0358,kor.1,,,Jeju SK,Gwangju FC,2023-09-16,1,2,,A,,,wiki_2026_h2h_v5,wiki_2026_h2h_v5
42995,wiki_kor.1_2023_2nd_Jej_JHM_0359,kor.1,,,Jeju SK,Jeonbuk Hyundai Motors,2023-09-17,0,0,,D,,,wiki_2026_h2h_v5,wiki_2026_h2h_v5
42996,wiki_kor.1_2023_2nd_Jej_SEL_0360,kor.1,,,Jeju SK,Seoul E-Land,2023-09-18,1,3,,A,,,wiki_2026_h2h_v5,wiki_2026_h2h_v5
42997,wiki_kor.1_2023_2nd_Jej_SWN_0361,kor.1,,,Jeju SK,Suwon FC,2023-09-19,3,0,,H,,,wiki_2026_h2h_v5,wiki_2026_h2h_v5
42998,wiki_kor.1_2023_2nd_Jeo_DGU_0362,kor.1,,,Jeonbuk Hyundai Motors,Daegu FC,2023-09-20,1,3,,A,,,wiki_2026_h2h_v5,wiki_2026_h2h_v5
42999,wiki_kor.1_2023_2nd_Jeo_DHC_0363,kor.1,,,Jeonbuk Hyundai Motors,Daejeon Hana Citizen,2023-09-21,1,1,,D,,,wiki_2026_h2h_v5,wiki_2026_h2h_v5
43000,wiki_kor.1_2023_2nd_Jeo_GWN_0364,kor.1,,,Jeonbuk Hyundai Motors,Gangwon FC,2023-09-22,1,3,,A,,,wiki_2026_h2h_v5,wiki_2026_h2h_v5
43001,wiki_kor.1_2023_2nd_Jeo_ICU_0365,kor.1,,,Jeonbuk Hyundai Motors,Incheon United,2023-09-23,2,0,,H,,,wiki_2026_h2h_v5,wiki_2026_h2h_v5
43002,wiki_kor.1_2023_2nd_Jeo_SSB_0366,kor.1,,,Jeonbuk Hyundai Motors,Suwon Samsung Bluewings,2023-09-24,1,1,,D,,,wiki_2026_h2h_v5,wiki_2026_h2h_v5
43003,wiki_kor.1_2023_2nd_Jeo_SWN_0367,kor.1,,,Jeonbuk Hyundai Motors,Suwon FC,2023-09-25,1,0,,H,,,wiki_2026_h2h_v5,wiki_2026_h2h_v5
43004,wiki_kor.1_2023_2nd_Poh_DHC_0368,kor.1,,,Pohang Steelers,Daejeon Hana Citizen,2023-09-26,4,3,,H,,,wiki_2026_h2h_v5,wiki_2026_h2h_v5
43005,wiki_kor.1_2023_2nd_Poh_GJU_0369,kor.1,,,Pohang Steelers,Gwangju FC,2023-09-27,1,1,,D,,,wiki_2026_h2h_v5,wiki_2026_h2h_v5
43006,wiki_kor.1_2023_2nd_Poh_JJU_0370,kor.1,,,Pohang Steelers,Jeju SK,2023-09-28,4,2,,H,,,wiki_2026_h2h_v5,wiki_2026_h2h_v5
43007,wiki_kor.1_2023_2nd_Poh_JHM_0371,kor.1,,,Pohang Steelers,Jeonbuk Hyundai Motors,2023-09-29,2,1,,H,,,wiki_2026_h2h_v5,wiki_2026_h2h_v5
43008,wiki_kor.1_2023_2nd_Poh_SWN_0372,kor.1,,,Pohang Steelers,Suwon FC,2023-09-30,2,0,,H,,,wiki_2026_h2h_v5,wiki_2026_h2h_v5
43009,wiki_kor.1_2023_2nd_Poh_USH_0373,kor.1,,,Pohang Steelers,Ulsan HD,2023-10-01,0,0,,D,,,wiki_2026_h2h_v5,wiki_2026_h2h_v5
43010,wiki_kor.1_2023_2nd_FC _DGU_0374,kor.1,,,FC Seoul,Daegu FC,2023-10-02,2,2,,D,,,wiki_2026_h2h_v5,wiki_2026_h2h_v5
43011,wiki_kor.1_2023_2nd_FC _GJU_0375,kor.1,,,FC Seoul,Gwangju FC,2023-10-03,0,1,,A,,,wiki_2026_h2h_v5,wiki_2026_h2h_v5
43012,wiki_kor.1_2023_2nd_FC _ICU_0376,kor.1,,,FC Seoul,Incheon United,2023-10-04,0,1,,A,,,wiki_2026_h2h_v5,wiki_2026_h2h_v5
43013,wiki_kor.1_2023_2nd_FC _JHM_0377,kor.1,,,FC Seoul,Jeonbuk Hyundai Motors,2023-10-05,0,2,,A,,,wiki_2026_h2h_v5,wiki_2026_h2h_v5
43014,wiki_kor.1_2023_2nd_FC _PHS_0378,kor.1,,,FC Seoul,Pohang Steelers,2023-10-06,2,2,,D,,,wiki_2026_h2h_v5,wiki_2026_h2h_v5
43015,wiki_kor.1_2023_2nd_FC _USH_0379,kor.1,,,FC Seoul,Ulsan HD,2023-10-07,2,2,,D,,,wiki_2026_h2h_v5,wiki_2026_h2h_v5
43016,wiki_kor.1_2023_2nd_Suw_DGU_0380,kor.1,,,Suwon Samsung Bluewings,Daegu FC,2023-10-08,0,1,,A,,,wiki_2026_h2h_v5,wiki_2026_h2h_v5
43017,wiki_kor.1_2023_2nd_Suw_JJU_0381,kor.1,,,Suwon Samsung Bluewings,Jeju SK,2023-10-09,1,0,,H,,,wiki_2026_h2h_v5,wiki_2026_h2h_v5
43018,wiki_kor.1_2023_2nd_Suw_PHS_0382,kor.1,,,Suwon Samsung Bluewings,Pohang Steelers,2023-10-10,1,0,,H,,,wiki_2026_h2h_v5,wiki_2026_h2h_v5
43019,wiki_kor.1_2023_2nd_Suw_SEL_0383,kor.1,,,Suwon Samsung Bluewings,Seoul E-Land,2023-10-11,0,1,,A,,,wiki_2026_h2h_v5,wiki_2026_h2h_v5
43020,wiki_kor.1_2023_2nd_Suw_SWN_0384,kor.1,,,Suwon Samsung Bluewings,Suwon FC,2023-10-12,0,2,,A,,,wiki_2026_h2h_v5,wiki_2026_h2h_v5
43021,wiki_kor.1_2023_2nd_Suw_USH_0385,kor.1,,,Suwon Samsung Bluewings,Ulsan HD,2023-10-13,3,1,,H,,,wiki_2026_h2h_v5,wiki_2026_h2h_v5
43022,wiki_kor.1_2023_2nd_Suw_GWN_0386,kor.1,,,Suwon FC,Gangwon FC,2023-10-14,1,1,,D,,,wiki_2026_h2h_v5,wiki_2026_h2h_v5
43023,wiki_kor.1_2023_2nd_Suw_GJU_0387,kor.1,,,Suwon FC,Gwangju FC,2023-10-15,0,1,,A,,,wiki_2026_h2h_v5,wiki_2026_h2h_v5
43024,wiki_kor.1_2023_2nd_Suw_ICU_0388,kor.1,,,Suwon FC,Incheon United,2023-10-16,1,2,,A,,,wiki_2026_h2h_v5,wiki_2026_h2h_v5
43025,wiki_kor.1_2023_2nd_Suw_SEL_0389,kor.1,,,Suwon FC,Seoul E-Land,2023-10-17,1,1,,D,,,wiki_2026_h2h_v5,wiki_2026_h2h_v5
43026,wiki_kor.1_2023_2nd_Suw_USH_0390,kor.1,,,Suwon FC,Ulsan HD,2023-10-18,2,3,,A,,,wiki_2026_h2h_v5,wiki_2026_h2h_v5
43027,wiki_kor.1_2023_2nd_Uls_DHC_0391,kor.1,,,Ulsan HD,Daejeon Hana Citizen,2023-10-19,1,1,,D,,,wiki_2026_h2h_v5,wiki_2026_h2h_v5
43028,wiki_kor.1_2023_2nd_Uls_GJU_0392,kor.1,,,Ulsan HD,Gwangju FC,2023-10-20,0,2,,A,,,wiki_2026_h2h_v5,wiki_2026_h2h_v5
43029,wiki_kor.1_2023_2nd_Uls_ICU_0393,kor.1,,,Ulsan HD,Incheon United,2023-10-21,0,0,,D,,,wiki_2026_h2h_v5,wiki_2026_h2h_v5
43030,wiki_kor.1_2023_2nd_Uls_JJU_0394,kor.1,,,Ulsan HD,Jeju SK,2023-10-22,2,1,,H,,,wiki_2026_h2h_v5,wiki_2026_h2h_v5
43031,wiki_kor.1_2023_2nd_Uls_JHM_0395,kor.1,,,Ulsan HD,Jeonbuk Hyundai Motors,2023-10-23,1,0,,H,,,wiki_2026_h2h_v5,wiki_2026_h2h_v5
43032,wiki_kor.1_2024_1st_Uls_GCS_0396,kor.1,,,Ulsan HD,Gimcheon Sangmu,2024-04-06,2,2,,D,,,wiki_2026_h2h_v5,wiki_2026_h2h_v5
43033,wiki_kor.1_2024_1st_Uls_GWN_0397,kor.1,,,Ulsan HD,Gangwon FC,2024-04-07,4,0,,H,,,wiki_2026_h2h_v5,wiki_2026_h2h_v5
43034,wiki_kor.1_2024_1st_Uls_PHS_0398,kor.1,,,Ulsan HD,Pohang Steelers,2024-04-08,1,0,,H,,,wiki_2026_h2h_v5,wiki_2026_h2h_v5
43035,wiki_kor.1_2024_1st_Uls_SEL_0399,kor.1,,,Ulsan HD,Seoul E-Land,2024-04-09,2,2,,D,,,wiki_2026_h2h_v5,wiki_2026_h2h_v5
43036,wiki_kor.1_2024_1st_Uls_SWN_0400,kor.1,,,Ulsan HD,Suwon FC,2024-04-10,3,0,,H,,,wiki_2026_h2h_v5,wiki_2026_h2h_v5
43037,wiki_kor.1_2024_1st_Uls_GJU_0401,kor.1,,,Ulsan HD,Gwangju FC,2024-04-11,0,1,,A,,,wiki_2026_h2h_v5,wiki_2026_h2h_v5
43038,wiki_kor.1_2024_1st_Uls_JJU_0402,kor.1,,,Ulsan HD,Jeju SK,2024-04-12,3,1,,H,,,wiki_2026_h2h_v5,wiki_2026_h2h_v5
43039,wiki_kor.1_2024_1st_Uls_JHM_0403,kor.1,,,Ulsan HD,Jeonbuk Hyundai Motors,2024-04-13,1,0,,H,,,wiki_2026_h2h_v5,wiki_2026_h2h_v5
43040,wiki_kor.1_2024_1st_Uls_DGU_0404,kor.1,,,Ulsan HD,Daegu FC,2024-04-14,1,0,,H,,,wiki_2026_h2h_v5,wiki_2026_h2h_v5
43041,wiki_kor.1_2024_1st_Uls_DHC_0405,kor.1,,,Ulsan HD,Daejeon Hana Citizen,2024-04-15,4,1,,H,,,wiki_2026_h2h_v5,wiki_2026_h2h_v5
43042,wiki_kor.1_2024_1st_Uls_ICU_0406,kor.1,,,Ulsan HD,Incheon United,2024-04-16,3,3,,D,,,wiki_2026_h2h_v5,wiki_2026_h2h_v5
43043,wiki_kor.1_2024_1st_Gim_USH_0407,kor.1,,,Gimcheon Sangmu,Ulsan HD,2024-04-17,2,3,,A,,,wiki_2026_h2h_v5,wiki_2026_h2h_v5
43044,wiki_kor.1_2024_1st_Gim_GWN_0408,kor.1,,,Gimcheon Sangmu,Gangwon FC,2024-04-18,1,0,,H,,,wiki_2026_h2h_v5,wiki_2026_h2h_v5
43045,wiki_kor.1_2024_1st_Gim_PHS_0409,kor.1,,,Gimcheon Sangmu,Pohang Steelers,2024-04-19,3,1,,H,,,wiki_2026_h2h_v5,wiki_2026_h2h_v5
43046,wiki_kor.1_2024_1st_Gim_SEL_0410,kor.1,,,Gimcheon Sangmu,Seoul E-Land,2024-04-20,0,0,,D,,,wiki_2026_h2h_v5,wiki_2026_h2h_v5
43047,wiki_kor.1_2024_1st_Gim_SWN_0411,kor.1,,,Gimcheon Sangmu,Suwon FC,2024-04-21,2,3,,A,,,wiki_2026_h2h_v5,wiki_2026_h2h_v5
43048,wiki_kor.1_2024_1st_Gim_GJU_0412,kor.1,,,Gimcheon Sangmu,Gwangju FC,2024-04-22,2,1,,H,,,wiki_2026_h2h_v5,wiki_2026_h2h_v5
43049,wiki_kor.1_2024_1st_Gim_JJU_0413,kor.1,,,Gimcheon Sangmu,Jeju SK,2024-04-23,1,0,,H,,,wiki_2026_h2h_v5,wiki_2026_h2h_v5
43050,wiki_kor.1_2024_1st_Gim_JHM_0414,kor.1,,,Gimcheon Sangmu,Jeonbuk Hyundai Motors,2024-04-24,1,0,,H,,,wiki_2026_h2h_v5,wiki_2026_h2h_v5
43051,wiki_kor.1_2024_1st_Gim_DGU_0415,kor.1,,,Gimcheon Sangmu,Daegu FC,2024-04-25,2,0,,H,,,wiki_2026_h2h_v5,wiki_2026_h2h_v5
43052,wiki_kor.1_2024_1st_Gim_DHC_0416,kor.1,,,Gimcheon Sangmu,Daejeon Hana Citizen,2024-04-26,2,0,,H,,,wiki_2026_h2h_v5,wiki_2026_h2h_v5
43053,wiki_kor.1_2024_1st_Gim_ICU_0417,kor.1,,,Gimcheon Sangmu,Incheon United,2024-04-27,2,2,,D,,,wiki_2026_h2h_v5,wiki_2026_h2h_v5
43054,wiki_kor.1_2024_1st_Gan_USH_0418,kor.1,,,Gangwon FC,Ulsan HD,2024-04-28,1,0,,H,,,wiki_2026_h2h_v5,wiki_2026_h2h_v5
43055,wiki_kor.1_2024_1st_Gan_GCS_0419,kor.1,,,Gangwon FC,Gimcheon Sangmu,2024-04-29,2,3,,A,,,wiki_2026_h2h_v5,wiki_2026_h2h_v5
43056,wiki_kor.1_2024_1st_Gan_PHS_0420,kor.1,,,Gangwon FC,Pohang Steelers,2024-04-30,2,4,,A,,,wiki_2026_h2h_v5,wiki_2026_h2h_v5
43057,wiki_kor.1_2024_1st_Gan_SEL_0421,kor.1,,,Gangwon FC,Seoul E-Land,2024-05-01,1,1,,D,,,wiki_2026_h2h_v5,wiki_2026_h2h_v5
43058,wiki_kor.1_2024_1st_Gan_SWN_0422,kor.1,,,Gangwon FC,Suwon FC,2024-05-02,3,1,,H,,,wiki_2026_h2h_v5,wiki_2026_h2h_v5
43059,wiki_kor.1_2024_1st_Gan_GJU_0423,kor.1,,,Gangwon FC,Gwangju FC,2024-05-03,2,0,,H,,,wiki_2026_h2h_v5,wiki_2026_h2h_v5
43060,wiki_kor.1_2024_1st_Gan_JJU_0424,kor.1,,,Gangwon FC,Jeju SK,2024-05-04,1,1,,D,,,wiki_2026_h2h_v5,wiki_2026_h2h_v5
43061,wiki_kor.1_2024_1st_Gan_JHM_0425,kor.1,,,Gangwon FC,Jeonbuk Hyundai Motors,2024-05-05,2,1,,H,,,wiki_2026_h2h_v5,wiki_2026_h2h_v5
43062,wiki_kor.1_2024_1st_Gan_DGU_0426,kor.1,,,Gangwon FC,Daegu FC,2024-05-06,3,0,,H,,,wiki_2026_h2h_v5,wiki_2026_h2h_v5
43063,wiki_kor.1_2024_1st_Gan_DHC_0427,kor.1,,,Gangwon FC,Daejeon Hana Citizen,2024-05-07,3,3,,D,,,wiki_2026_h2h_v5,wiki_2026_h2h_v5
43064,wiki_kor.1_2024_1st_Gan_ICU_0428,kor.1,,,Gangwon FC,Incheon United,2024-05-08,4,1,,H,,,wiki_2026_h2h_v5,wiki_2026_h2h_v5
43065,wiki_kor.1_2024_1st_Poh_USH_0429,kor.1,,,Pohang Steelers,Ulsan HD,2024-05-09,2,1,,H,,,wiki_2026_h2h_v5,wiki_2026_h2h_v5
43066,wiki_kor.1_2024_1st_Poh_GCS_0430,kor.1,,,Pohang Steelers,Gimcheon Sangmu,2024-05-10,0,0,,D,,,wiki_2026_h2h_v5,wiki_2026_h2h_v5
43067,wiki_kor.1_2024_1st_Poh_GWN_0431,kor.1,,,Pohang Steelers,Gangwon FC,2024-05-11,2,0,,H,,,wiki_2026_h2h_v5,wiki_2026_h2h_v5
43068,wiki_kor.1_2024_1st_Poh_SEL_0432,kor.1,,,Pohang Steelers,Seoul E-Land,2024-05-12,2,2,,D,,,wiki_2026_h2h_v5,wiki_2026_h2h_v5
43069,wiki_kor.1_2024_1st_Poh_SWN_0433,kor.1,,,Pohang Steelers,Suwon FC,2024-05-13,1,1,,D,,,wiki_2026_h2h_v5,wiki_2026_h2h_v5
43070,wiki_kor.1_2024_1st_Poh_GJU_0434,kor.1,,,Pohang Steelers,Gwangju FC,2024-05-14,1,0,,H,,,wiki_2026_h2h_v5,wiki_2026_h2h_v5
43071,wiki_kor.1_2024_1st_Poh_JJU_0435,kor.1,,,Pohang Steelers,Jeju SK,2024-05-15,1,1,,D,,,wiki_2026_h2h_v5,wiki_2026_h2h_v5
43072,wiki_kor.1_2024_1st_Poh_JHM_0436,kor.1,,,Pohang Steelers,Jeonbuk Hyundai Motors,2024-05-16,1,0,,H,,,wiki_2026_h2h_v5,wiki_2026_h2h_v5
43073,wiki_kor.1_2024_1st_Poh_DGU_0437,kor.1,,,Pohang Steelers,Daegu FC,2024-05-17,3,1,,H,,,wiki_2026_h2h_v5,wiki_2026_h2h_v5
43074,wiki_kor.1_2024_1st_Poh_DHC_0438,kor.1,,,Pohang Steelers,Daejeon Hana Citizen,2024-05-18,1,1,,D,,,wiki_2026_h2h_v5,wiki_2026_h2h_v5
43075,wiki_kor.1_2024_1st_Poh_ICU_0439,kor.1,,,Pohang Steelers,Incheon United,2024-05-19,0,0,,D,,,wiki_2026_h2h_v5,wiki_2026_h2h_v5
43076,wiki_kor.1_2024_1st_FC _USH_0440,kor.1,,,FC Seoul,Ulsan HD,2024-05-20,0,1,,A,,,wiki_2026_h2h_v5,wiki_2026_h2h_v5
43077,wiki_kor.1_2024_1st_FC _GCS_0441,kor.1,,,FC Seoul,Gimcheon Sangmu,2024-05-21,5,1,,H,,,wiki_2026_h2h_v5,wiki_2026_h2h_v5
43078,wiki_kor.1_2024_1st_FC _GWN_0442,kor.1,,,FC Seoul,Gangwon FC,2024-05-22,2,0,,H,,,wiki_2026_h2h_v5,wiki_2026_h2h_v5
43079,wiki_kor.1_2024_1st_FC _PHS_0443,kor.1,,,FC Seoul,Pohang Steelers,2024-05-23,2,4,,A,,,wiki_2026_h2h_v5,wiki_2026_h2h_v5
43080,wiki_kor.1_2024_1st_FC _SWN_0444,kor.1,,,FC Seoul,Suwon FC,2024-05-24,3,0,,H,,,wiki_2026_h2h_v5,wiki_2026_h2h_v5
43081,wiki_kor.1_2024_1st_FC _GJU_0445,kor.1,,,FC Seoul,Gwangju FC,2024-05-25,1,2,,A,,,wiki_2026_h2h_v5,wiki_2026_h2h_v5
43082,wiki_kor.1_2024_1st_FC _JJU_0446,kor.1,,,FC Seoul,Jeju SK,2024-05-26,2,0,,H,,,wiki_2026_h2h_v5,wiki_2026_h2h_v5
43083,wiki_kor.1_2024_1st_FC _JHM_0447,kor.1,,,FC Seoul,Jeonbuk Hyundai Motors,2024-05-27,2,3,,A,,,wiki_2026_h2h_v5,wiki_2026_h2h_v5
43084,wiki_kor.1_2024_1st_FC _DGU_0448,kor.1,,,FC Seoul,Daegu FC,2024-05-28,1,2,,A,,,wiki_2026_h2h_v5,wiki_2026_h2h_v5
43085,wiki_kor.1_2024_1st_FC _DHC_0449,kor.1,,,FC Seoul,Daejeon Hana Citizen,2024-05-29,2,1,,H,,,wiki_2026_h2h_v5,wiki_2026_h2h_v5
43086,wiki_kor.1_2024_1st_FC _ICU_0450,kor.1,,,FC Seoul,Incheon United,2024-05-30,0,0,,D,,,wiki_2026_h2h_v5,wiki_2026_h2h_v5
43087,wiki_kor.1_2024_1st_Suw_USH_0451,kor.1,,,Suwon FC,Ulsan HD,2024-05-31,1,1,,D,,,wiki_2026_h2h_v5,wiki_2026_h2h_v5
43088,wiki_kor.1_2024_1st_Suw_GCS_0452,kor.1,,,Suwon FC,Gimcheon Sangmu,2024-06-01,1,4,,A,,,wiki_2026_h2h_v5,wiki_2026_h2h_v5
43089,wiki_kor.1_2024_1st_Suw_GWN_0453,kor.1,,,Suwon FC,Gangwon FC,2024-06-02,1,2,,A,,,wiki_2026_h2h_v5,wiki_2026_h2h_v5
43090,wiki_kor.1_2024_1st_Suw_PHS_0454,kor.1,,,Suwon FC,Pohang Steelers,2024-06-03,1,0,,H,,,wiki_2026_h2h_v5,wiki_2026_h2h_v5
43091,wiki_kor.1_2024_1st_Suw_SEL_0455,kor.1,,,Suwon FC,Seoul E-Land,2024-06-04,0,2,,A,,,wiki_2026_h2h_v5,wiki_2026_h2h_v5
43092,wiki_kor.1_2024_1st_Suw_GJU_0456,kor.1,,,Suwon FC,Gwangju FC,2024-06-05,1,0,,H,,,wiki_2026_h2h_v5,wiki_2026_h2h_v5
43093,wiki_kor.1_2024_1st_Suw_JJU_0457,kor.1,,,Suwon FC,Jeju SK,2024-06-06,2,1,,H,,,wiki_2026_h2h_v5,wiki_2026_h2h_v5
43094,wiki_kor.1_2024_1st_Suw_JHM_0458,kor.1,,,Suwon FC,Jeonbuk Hyundai Motors,2024-06-07,1,1,,D,,,wiki_2026_h2h_v5,wiki_2026_h2h_v5
43095,wiki_kor.1_2024_1st_Suw_DGU_0459,kor.1,,,Suwon FC,Daegu FC,2024-06-08,2,0,,H,,,wiki_2026_h2h_v5,wiki_2026_h2h_v5
43096,wiki_kor.1_2024_1st_Suw_DHC_0460,kor.1,,,Suwon FC,Daejeon Hana Citizen,2024-06-09,1,0,,H,,,wiki_2026_h2h_v5,wiki_2026_h2h_v5
43097,wiki_kor.1_2024_1st_Suw_ICU_0461,kor.1,,,Suwon FC,Incheon United,2024-06-10,3,1,,H,,,wiki_2026_h2h_v5,wiki_2026_h2h_v5
43098,wiki_kor.1_2024_1st_Gwa_USH_0462,kor.1,,,Gwangju FC,Ulsan HD,2024-06-11,2,1,,H,,,wiki_2026_h2h_v5,wiki_2026_h2h_v5
43099,wiki_kor.1_2024_1st_Gwa_GCS_0463,kor.1,,,Gwangju FC,Gimcheon Sangmu,2024-06-12,2,0,,H,,,wiki_2026_h2h_v5,wiki_2026_h2h_v5
43100,wiki_kor.1_2024_1st_Gwa_GWN_0464,kor.1,,,Gwangju FC,Gangwon FC,2024-06-13,4,2,,H,,,wiki_2026_h2h_v5,wiki_2026_h2h_v5
43101,wiki_kor.1_2024_1st_Gwa_PHS_0465,kor.1,,,Gwangju FC,Pohang Steelers,2024-06-14,0,1,,A,,,wiki_2026_h2h_v5,wiki_2026_h2h_v5
43102,wiki_kor.1_2024_1st_Gwa_SEL_0466,kor.1,,,Gwangju FC,Seoul E-Land,2024-06-15,2,0,,H,,,wiki_2026_h2h_v5,wiki_2026_h2h_v5
43103,wiki_kor.1_2024_1st_Gwa_SWN_0467,kor.1,,,Gwangju FC,Suwon FC,2024-06-16,1,2,,A,,,wiki_2026_h2h_v5,wiki_2026_h2h_v5
43104,wiki_kor.1_2024_1st_Gwa_JJU_0468,kor.1,,,Gwangju FC,Jeju SK,2024-06-17,2,1,,H,,,wiki_2026_h2h_v5,wiki_2026_h2h_v5
43105,wiki_kor.1_2024_1st_Gwa_JHM_0469,kor.1,,,Gwangju FC,Jeonbuk Hyundai Motors,2024-06-18,0,3,,A,,,wiki_2026_h2h_v5,wiki_2026_h2h_v5
43106,wiki_kor.1_2024_1st_Gwa_DGU_0470,kor.1,,,Gwangju FC,Daegu FC,2024-06-19,1,2,,A,,,wiki_2026_h2h_v5,wiki_2026_h2h_v5
43107,wiki_kor.1_2024_1st_Gwa_DHC_0471,kor.1,,,Gwangju FC,Daejeon Hana Citizen,2024-06-20,2,1,,H,,,wiki_2026_h2h_v5,wiki_2026_h2h_v5
43108,wiki_kor.1_2024_1st_Gwa_ICU_0472,kor.1,,,Gwangju FC,Incheon United,2024-06-21,2,3,,A,,,wiki_2026_h2h_v5,wiki_2026_h2h_v5
43109,wiki_kor.1_2024_1st_Jej_USH_0473,kor.1,,,Jeju SK,Ulsan HD,2024-06-22,2,3,,A,,,wiki_2026_h2h_v5,wiki_2026_h2h_v5
43110,wiki_kor.1_2024_1st_Jej_GCS_0474,kor.1,,,Jeju SK,Gimcheon Sangmu,2024-06-23,0,2,,A,,,wiki_2026_h2h_v5,wiki_2026_h2h_v5
43111,wiki_kor.1_2024_1st_Jej_GWN_0475,kor.1,,,Jeju SK,Gangwon FC,2024-06-24,1,2,,A,,,wiki_2026_h2h_v5,wiki_2026_h2h_v5
43112,wiki_kor.1_2024_1st_Jej_PHS_0476,kor.1,,,Jeju SK,Pohang Steelers,2024-06-25,0,2,,A,,,wiki_2026_h2h_v5,wiki_2026_h2h_v5
43113,wiki_kor.1_2024_1st_Jej_SEL_0477,kor.1,,,Jeju SK,Seoul E-Land,2024-06-26,3,2,,H,,,wiki_2026_h2h_v5,wiki_2026_h2h_v5
43114,wiki_kor.1_2024_1st_Jej_SWN_0478,kor.1,,,Jeju SK,Suwon FC,2024-06-27,1,0,,H,,,wiki_2026_h2h_v5,wiki_2026_h2h_v5
43115,wiki_kor.1_2024_1st_Jej_GJU_0479,kor.1,,,Jeju SK,Gwangju FC,2024-06-28,1,3,,A,,,wiki_2026_h2h_v5,wiki_2026_h2h_v5
43116,wiki_kor.1_2024_1st_Jej_JHM_0480,kor.1,,,Jeju SK,Jeonbuk Hyundai Motors,2024-06-29,2,0,,H,,,wiki_2026_h2h_v5,wiki_2026_h2h_v5
43117,wiki_kor.1_2024_1st_Jej_DGU_0481,kor.1,,,Jeju SK,Daegu FC,2024-06-30,1,0,,H,,,wiki_2026_h2h_v5,wiki_2026_h2h_v5
43118,wiki_kor.1_2024_1st_Jej_DHC_0482,kor.1,,,Jeju SK,Daejeon Hana Citizen,2024-07-01,3,1,,H,,,wiki_2026_h2h_v5,wiki_2026_h2h_v5
43119,wiki_kor.1_2024_1st_Jej_ICU_0483,kor.1,,,Jeju SK,Incheon United,2024-07-02,1,0,,H,,,wiki_2026_h2h_v5,wiki_2026_h2h_v5
43120,wiki_kor.1_2024_1st_Jeo_USH_0484,kor.1,,,Jeonbuk Hyundai Motors,Ulsan HD,2024-07-03,2,2,,D,,,wiki_2026_h2h_v5,wiki_2026_h2h_v5
43121,wiki_kor.1_2024_1st_Jeo_GCS_0485,kor.1,,,Jeonbuk Hyundai Motors,Gimcheon Sangmu,2024-07-04,0,0,,D,,,wiki_2026_h2h_v5,wiki_2026_h2h_v5
43122,wiki_kor.1_2024_1st_Jeo_GWN_0486,kor.1,,,Jeonbuk Hyundai Motors,Gangwon FC,2024-07-05,2,3,,A,,,wiki_2026_h2h_v5,wiki_2026_h2h_v5
43123,wiki_kor.1_2024_1st_Jeo_PHS_0487,kor.1,,,Jeonbuk Hyundai Motors,Pohang Steelers,2024-07-06,1,1,,D,,,wiki_2026_h2h_v5,wiki_2026_h2h_v5
43124,wiki_kor.1_2024_1st_Jeo_SEL_0488,kor.1,,,Jeonbuk Hyundai Motors,Seoul E-Land,2024-07-07,1,5,,A,,,wiki_2026_h2h_v5,wiki_2026_h2h_v5
43125,wiki_kor.1_2024_1st_Jeo_SWN_0489,kor.1,,,Jeonbuk Hyundai Motors,Suwon FC,2024-07-08,2,3,,A,,,wiki_2026_h2h_v5,wiki_2026_h2h_v5
43126,wiki_kor.1_2024_1st_Jeo_GJU_0490,kor.1,,,Jeonbuk Hyundai Motors,Gwangju FC,2024-07-09,2,1,,H,,,wiki_2026_h2h_v5,wiki_2026_h2h_v5
43127,wiki_kor.1_2024_1st_Jeo_JJU_0491,kor.1,,,Jeonbuk Hyundai Motors,Jeju SK,2024-07-10,2,1,,H,,,wiki_2026_h2h_v5,wiki_2026_h2h_v5
43128,wiki_kor.1_2024_1st_Jeo_DGU_0492,kor.1,,,Jeonbuk Hyundai Motors,Daegu FC,2024-07-11,2,2,,D,,,wiki_2026_h2h_v5,wiki_2026_h2h_v5
43129,wiki_kor.1_2024_1st_Jeo_DHC_0493,kor.1,,,Jeonbuk Hyundai Motors,Daejeon Hana Citizen,2024-07-12,1,1,,D,,,wiki_2026_h2h_v5,wiki_2026_h2h_v5
43130,wiki_kor.1_2024_1st_Jeo_ICU_0494,kor.1,,,Jeonbuk Hyundai Motors,Incheon United,2024-07-13,2,2,,D,,,wiki_2026_h2h_v5,wiki_2026_h2h_v5
43131,wiki_kor.1_2024_1st_Dae_USH_0495,kor.1,,,Daegu FC,Ulsan HD,2024-07-14,1,2,,A,,,wiki_2026_h2h_v5,wiki_2026_h2h_v5
43132,wiki_kor.1_2024_1st_Dae_GCS_0496,kor.1,,,Daegu FC,Gimcheon Sangmu,2024-07-15,0,1,,A,,,wiki_2026_h2h_v5,wiki_2026_h2h_v5
43133,wiki_kor.1_2024_1st_Dae_GWN_0497,kor.1,,,Daegu FC,Gangwon FC,2024-07-16,1,2,,A,,,wiki_2026_h2h_v5,wiki_2026_h2h_v5
43134,wiki_kor.1_2024_1st_Dae_PHS_0498,kor.1,,,Daegu FC,Pohang Steelers,2024-07-17,3,3,,D,,,wiki_2026_h2h_v5,wiki_2026_h2h_v5
43135,wiki_kor.1_2024_1st_Dae_SEL_0499,kor.1,,,Daegu FC,Seoul E-Land,2024-07-18,0,0,,D,,,wiki_2026_h2h_v5,wiki_2026_h2h_v5
43136,wiki_kor.1_2024_1st_Dae_SWN_0500,kor.1,,,Daegu FC,Suwon FC,2024-07-19,1,1,,D,,,wiki_2026_h2h_v5,wiki_2026_h2h_v5
43137,wiki_kor.1_2024_1st_Dae_GJU_0501,kor.1,,,Daegu FC,Gwangju FC,2024-07-20,3,2,,H,,,wiki_2026_h2h_v5,wiki_2026_h2h_v5
43138,wiki_kor.1_2024_1st_Dae_JJU_0502,kor.1,,,Daegu FC,Jeju SK,2024-07-21,1,0,,H,,,wiki_2026_h2h_v5,wiki_2026_h2h_v5
43139,wiki_kor.1_2024_1st_Dae_JHM_0503,kor.1,,,Daegu FC,Jeonbuk Hyundai Motors,2024-07-22,3,0,,H,,,wiki_2026_h2h_v5,wiki_2026_h2h_v5
43140,wiki_kor.1_2024_1st_Dae_DHC_0504,kor.1,,,Daegu FC,Daejeon Hana Citizen,2024-07-23,0,0,,D,,,wiki_2026_h2h_v5,wiki_2026_h2h_v5
43141,wiki_kor.1_2024_1st_Dae_ICU_0505,kor.1,,,Daegu FC,Incheon United,2024-07-24,0,0,,D,,,wiki_2026_h2h_v5,wiki_2026_h2h_v5
43142,wiki_kor.1_2024_1st_Dae_USH_0506,kor.1,,,Daejeon Hana Citizen,Ulsan HD,2024-07-25,2,0,,H,,,wiki_2026_h2h_v5,wiki_2026_h2h_v5
43143,wiki_kor.1_2024_1st_Dae_GCS_0507,kor.1,,,Daejeon Hana Citizen,Gimcheon Sangmu,2024-07-26,0,0,,D,,,wiki_2026_h2h_v5,wiki_2026_h2h_v5
43144,wiki_kor.1_2024_1st_Dae_GWN_0508,kor.1,,,Daejeon Hana Citizen,Gangwon FC,2024-07-27,1,1,,D,,,wiki_2026_h2h_v5,wiki_2026_h2h_v5
43145,wiki_kor.1_2024_1st_Dae_PHS_0509,kor.1,,,Daejeon Hana Citizen,Pohang Steelers,2024-07-28,1,2,,A,,,wiki_2026_h2h_v5,wiki_2026_h2h_v5
43146,wiki_kor.1_2024_1st_Dae_SEL_0510,kor.1,,,Daejeon Hana Citizen,Seoul E-Land,2024-07-29,3,1,,H,,,wiki_2026_h2h_v5,wiki_2026_h2h_v5
43147,wiki_kor.1_2024_1st_Dae_SWN_0511,kor.1,,,Daejeon Hana Citizen,Suwon FC,2024-07-30,0,2,,A,,,wiki_2026_h2h_v5,wiki_2026_h2h_v5
43148,wiki_kor.1_2024_1st_Dae_GJU_0512,kor.1,,,Daejeon Hana Citizen,Gwangju FC,2024-07-31,2,1,,H,,,wiki_2026_h2h_v5,wiki_2026_h2h_v5
43149,wiki_kor.1_2024_1st_Dae_JJU_0513,kor.1,,,Daejeon Hana Citizen,Jeju SK,2024-08-01,0,1,,A,,,wiki_2026_h2h_v5,wiki_2026_h2h_v5
43150,wiki_kor.1_2024_1st_Dae_JHM_0514,kor.1,,,Daejeon Hana Citizen,Jeonbuk Hyundai Motors,2024-08-02,2,2,,D,,,wiki_2026_h2h_v5,wiki_2026_h2h_v5
43151,wiki_kor.1_2024_1st_Dae_DGU_0515,kor.1,,,Daejeon Hana Citizen,Daegu FC,2024-08-03,1,0,,H,,,wiki_2026_h2h_v5,wiki_2026_h2h_v5
43152,wiki_kor.1_2024_1st_Dae_ICU_0516,kor.1,,,Daejeon Hana Citizen,Incheon United,2024-08-04,0,1,,A,,,wiki_2026_h2h_v5,wiki_2026_h2h_v5
43153,wiki_kor.1_2024_1st_Inc_USH_0517,kor.1,,,Incheon United,Ulsan HD,2024-08-05,1,1,,D,,,wiki_2026_h2h_v5,wiki_2026_h2h_v5
43154,wiki_kor.1_2024_1st_Inc_GCS_0518,kor.1,,,Incheon United,Gimcheon Sangmu,2024-08-06,1,1,,D,,,wiki_2026_h2h_v5,wiki_2026_h2h_v5
43155,wiki_kor.1_2024_1st_Inc_GWN_0519,kor.1,,,Incheon United,Gangwon FC,2024-08-07,0,1,,A,,,wiki_2026_h2h_v5,wiki_2026_h2h_v5
43156,wiki_kor.1_2024_1st_Inc_PHS_0520,kor.1,,,Incheon United,Pohang Steelers,2024-08-08,1,3,,A,,,wiki_2026_h2h_v5,wiki_2026_h2h_v5
43157,wiki_kor.1_2024_1st_Inc_SEL_0521,kor.1,,,Incheon United,Seoul E-Land,2024-08-09,1,2,,A,,,wiki_2026_h2h_v5,wiki_2026_h2h_v5
43158,wiki_kor.1_2024_1st_Inc_SWN_0522,kor.1,,,Incheon United,Suwon FC,2024-08-10,0,1,,A,,,wiki_2026_h2h_v5,wiki_2026_h2h_v5
43159,wiki_kor.1_2024_1st_Inc_GJU_0523,kor.1,,,Incheon United,Gwangju FC,2024-08-11,1,1,,D,,,wiki_2026_h2h_v5,wiki_2026_h2h_v5
43160,wiki_kor.1_2024_1st_Inc_JJU_0524,kor.1,,,Incheon United,Jeju SK,2024-08-12,0,1,,A,,,wiki_2026_h2h_v5,wiki_2026_h2h_v5
43161,wiki_kor.1_2024_1st_Inc_JHM_0525,kor.1,,,Incheon United,Jeonbuk Hyundai Motors,2024-08-13,3,0,,H,,,wiki_2026_h2h_v5,wiki_2026_h2h_v5
43162,wiki_kor.1_2024_1st_Inc_DGU_0526,kor.1,,,Incheon United,Daegu FC,2024-08-14,1,1,,D,,,wiki_2026_h2h_v5,wiki_2026_h2h_v5
43163,wiki_kor.1_2024_1st_Inc_DHC_0527,kor.1,,,Incheon United,Daejeon Hana Citizen,2024-08-15,2,0,,H,,,wiki_2026_h2h_v5,wiki_2026_h2h_v5
43164,wiki_kor.1_2024_2nd_Uls_GCS_0528,kor.1,,,Ulsan HD,Gimcheon Sangmu,2024-10-05,2,1,,H,,,wiki_2026_h2h_v5,wiki_2026_h2h_v5
43165,wiki_kor.1_2024_2nd_Uls_GWN_0529,kor.1,,,Ulsan HD,Gangwon FC,2024-10-06,2,0,,H,,,wiki_2026_h2h_v5,wiki_2026_h2h_v5
43166,wiki_kor.1_2024_2nd_Uls_PHS_0530,kor.1,,,Ulsan HD,Pohang Steelers,2024-10-07,5,4,,H,,,wiki_2026_h2h_v5,wiki_2026_h2h_v5
43167,wiki_kor.1_2024_2nd_Uls_SEL_0531,kor.1,,,Ulsan HD,Seoul E-Land,2024-10-08,1,0,,H,,,wiki_2026_h2h_v5,wiki_2026_h2h_v5
43168,wiki_kor.1_2024_2nd_Uls_SWN_0532,kor.1,,,Ulsan HD,Suwon FC,2024-10-09,1,2,,A,,,wiki_2026_h2h_v5,wiki_2026_h2h_v5
43169,wiki_kor.1_2024_2nd_Uls_DGU_0533,kor.1,,,Ulsan HD,Daegu FC,2024-10-10,1,0,,H,,,wiki_2026_h2h_v5,wiki_2026_h2h_v5
43170,wiki_kor.1_2024_2nd_Gim_GWN_0534,kor.1,,,Gimcheon Sangmu,Gangwon FC,2024-10-11,1,2,,A,,,wiki_2026_h2h_v5,wiki_2026_h2h_v5
43171,wiki_kor.1_2024_2nd_Gim_GJU_0535,kor.1,,,Gimcheon Sangmu,Gwangju FC,2024-10-12,2,0,,H,,,wiki_2026_h2h_v5,wiki_2026_h2h_v5
43172,wiki_kor.1_2024_2nd_Gim_JHM_0536,kor.1,,,Gimcheon Sangmu,Jeonbuk Hyundai Motors,2024-10-13,4,0,,H,,,wiki_2026_h2h_v5,wiki_2026_h2h_v5
43173,wiki_kor.1_2024_2nd_Gim_DHC_0537,kor.1,,,Gimcheon Sangmu,Daejeon Hana Citizen,2024-10-14,2,2,,D,,,wiki_2026_h2h_v5,wiki_2026_h2h_v5
43174,wiki_kor.1_2024_2nd_Gim_ICU_0538,kor.1,,,Gimcheon Sangmu,Incheon United,2024-10-15,2,0,,H,,,wiki_2026_h2h_v5,wiki_2026_h2h_v5
43175,wiki_kor.1_2024_2nd_Gan_SWN_0539,kor.1,,,Gangwon FC,Suwon FC,2024-10-16,2,2,,D,,,wiki_2026_h2h_v5,wiki_2026_h2h_v5
43176,wiki_kor.1_2024_2nd_Gan_GJU_0540,kor.1,,,Gangwon FC,Gwangju FC,2024-10-17,3,2,,H,,,wiki_2026_h2h_v5,wiki_2026_h2h_v5
43177,wiki_kor.1_2024_2nd_Gan_JJU_0541,kor.1,,,Gangwon FC,Jeju SK,2024-10-18,4,0,,H,,,wiki_2026_h2h_v5,wiki_2026_h2h_v5
43178,wiki_kor.1_2024_2nd_Gan_JHM_0542,kor.1,,,Gangwon FC,Jeonbuk Hyundai Motors,2024-10-19,4,2,,H,,,wiki_2026_h2h_v5,wiki_2026_h2h_v5
43179,wiki_kor.1_2024_2nd_Gan_DGU_0543,kor.1,,,Gangwon FC,Daegu FC,2024-10-20,1,1,,D,,,wiki_2026_h2h_v5,wiki_2026_h2h_v5
43180,wiki_kor.1_2024_2nd_Poh_GCS_0544,kor.1,,,Pohang Steelers,Gimcheon Sangmu,2024-10-21,1,2,,A,,,wiki_2026_h2h_v5,wiki_2026_h2h_v5
43181,wiki_kor.1_2024_2nd_Poh_GWN_0545,kor.1,,,Pohang Steelers,Gangwon FC,2024-10-22,2,1,,H,,,wiki_2026_h2h_v5,wiki_2026_h2h_v5
43182,wiki_kor.1_2024_2nd_Poh_SEL_0546,kor.1,,,Pohang Steelers,Seoul E-Land,2024-10-23,1,2,,A,,,wiki_2026_h2h_v5,wiki_2026_h2h_v5
43183,wiki_kor.1_2024_2nd_Poh_SWN_0547,kor.1,,,Pohang Steelers,Suwon FC,2024-10-24,1,1,,D,,,wiki_2026_h2h_v5,wiki_2026_h2h_v5
43184,wiki_kor.1_2024_2nd_Poh_DGU_0548,kor.1,,,Pohang Steelers,Daegu FC,2024-10-25,1,2,,A,,,wiki_2026_h2h_v5,wiki_2026_h2h_v5
43185,wiki_kor.1_2024_2nd_Poh_ICU_0549,kor.1,,,Pohang Steelers,Incheon United,2024-10-26,1,0,,H,,,wiki_2026_h2h_v5,wiki_2026_h2h_v5
43186,wiki_kor.1_2024_2nd_FC _GCS_0550,kor.1,,,FC Seoul,Gimcheon Sangmu,2024-10-27,1,0,,H,,,wiki_2026_h2h_v5,wiki_2026_h2h_v5
43187,wiki_kor.1_2024_2nd_FC _GWN_0551,kor.1,,,FC Seoul,Gangwon FC,2024-10-28,2,0,,H,,,wiki_2026_h2h_v5,wiki_2026_h2h_v5
43188,wiki_kor.1_2024_2nd_FC _SWN_0552,kor.1,,,FC Seoul,Suwon FC,2024-10-29,1,0,,H,,,wiki_2026_h2h_v5,wiki_2026_h2h_v5
43189,wiki_kor.1_2024_2nd_FC _JJU_0553,kor.1,,,FC Seoul,Jeju SK,2024-10-30,1,0,,H,,,wiki_2026_h2h_v5,wiki_2026_h2h_v5
43190,wiki_kor.1_2024_2nd_FC _DHC_0554,kor.1,,,FC Seoul,Daejeon Hana Citizen,2024-10-31,2,3,,A,,,wiki_2026_h2h_v5,wiki_2026_h2h_v5
43191,wiki_kor.1_2024_2nd_Suw_GCS_0555,kor.1,,,Suwon FC,Gimcheon Sangmu,2024-11-01,2,4,,A,,,wiki_2026_h2h_v5,wiki_2026_h2h_v5
43192,wiki_kor.1_2024_2nd_Suw_JJU_0556,kor.1,,,Suwon FC,Jeju SK,2024-11-02,5,0,,H,,,wiki_2026_h2h_v5,wiki_2026_h2h_v5
43193,wiki_kor.1_2024_2nd_Suw_JHM_0557,kor.1,,,Suwon FC,Jeonbuk Hyundai Motors,2024-11-03,0,6,,A,,,wiki_2026_h2h_v5,wiki_2026_h2h_v5
43194,wiki_kor.1_2024_2nd_Suw_DGU_0558,kor.1,,,Suwon FC,Daegu FC,2024-11-04,2,2,,D,,,wiki_2026_h2h_v5,wiki_2026_h2h_v5
43195,wiki_kor.1_2024_2nd_Suw_DHC_0559,kor.1,,,Suwon FC,Daejeon Hana Citizen,2024-11-05,1,2,,A,,,wiki_2026_h2h_v5,wiki_2026_h2h_v5
43196,wiki_kor.1_2024_2nd_Gwa_USH_0560,kor.1,,,Gwangju FC,Ulsan HD,2024-11-06,0,1,,A,,,wiki_2026_h2h_v5,wiki_2026_h2h_v5
43197,wiki_kor.1_2024_2nd_Gwa_PHS_0561,kor.1,,,Gwangju FC,Pohang Steelers,2024-11-07,2,1,,H,,,wiki_2026_h2h_v5,wiki_2026_h2h_v5
43198,wiki_kor.1_2024_2nd_Gwa_SEL_0562,kor.1,,,Gwangju FC,Seoul E-Land,2024-11-08,3,1,,H,,,wiki_2026_h2h_v5,wiki_2026_h2h_v5
43199,wiki_kor.1_2024_2nd_Gwa_SWN_0563,kor.1,,,Gwangju FC,Suwon FC,2024-11-09,1,0,,H,,,wiki_2026_h2h_v5,wiki_2026_h2h_v5
43200,wiki_kor.1_2024_2nd_Gwa_JJU_0564,kor.1,,,Gwangju FC,Jeju SK,2024-11-10,0,2,,A,,,wiki_2026_h2h_v5,wiki_2026_h2h_v5
43201,wiki_kor.1_2024_2nd_Gwa_ICU_0565,kor.1,,,Gwangju FC,Incheon United,2024-11-11,0,2,,A,,,wiki_2026_h2h_v5,wiki_2026_h2h_v5
43202,wiki_kor.1_2024_2nd_Jej_USH_0566,kor.1,,,Jeju SK,Ulsan HD,2024-11-12,1,0,,H,,,wiki_2026_h2h_v5,wiki_2026_h2h_v5
43203,wiki_kor.1_2024_2nd_Jej_GCS_0567,kor.1,,,Jeju SK,Gimcheon Sangmu,2024-11-13,1,0,,H,,,wiki_2026_h2h_v5,wiki_2026_h2h_v5
43204,wiki_kor.1_2024_2nd_Jej_PHS_0568,kor.1,,,Jeju SK,Pohang Steelers,2024-11-14,2,1,,H,,,wiki_2026_h2h_v5,wiki_2026_h2h_v5
43205,wiki_kor.1_2024_2nd_Jej_DGU_0569,kor.1,,,Jeju SK,Daegu FC,2024-11-15,0,4,,A,,,wiki_2026_h2h_v5,wiki_2026_h2h_v5
43206,wiki_kor.1_2024_2nd_Jej_DHC_0570,kor.1,,,Jeju SK,Daejeon Hana Citizen,2024-11-16,2,1,,H,,,wiki_2026_h2h_v5,wiki_2026_h2h_v5
43207,wiki_kor.1_2024_2nd_Jej_ICU_0571,kor.1,,,Jeju SK,Incheon United,2024-11-17,0,1,,A,,,wiki_2026_h2h_v5,wiki_2026_h2h_v5
43208,wiki_kor.1_2024_2nd_Jeo_USH_0572,kor.1,,,Jeonbuk Hyundai Motors,Ulsan HD,2024-11-18,2,0,,H,,,wiki_2026_h2h_v5,wiki_2026_h2h_v5
43209,wiki_kor.1_2024_2nd_Jeo_PHS_0573,kor.1,,,Jeonbuk Hyundai Motors,Pohang Steelers,2024-11-19,2,1,,H,,,wiki_2026_h2h_v5,wiki_2026_h2h_v5
43210,wiki_kor.1_2024_2nd_Jeo_SEL_0574,kor.1,,,Jeonbuk Hyundai Motors,Seoul E-Land,2024-11-20,0,0,,D,,,wiki_2026_h2h_v5,wiki_2026_h2h_v5
43211,wiki_kor.1_2024_2nd_Jeo_GJU_0575,kor.1,,,Jeonbuk Hyundai Motors,Gwangju FC,2024-11-21,0,1,,A,,,wiki_2026_h2h_v5,wiki_2026_h2h_v5
43212,wiki_kor.1_2024_2nd_Jeo_JJU_0576,kor.1,,,Jeonbuk Hyundai Motors,Jeju SK,2024-11-22,2,1,,H,,,wiki_2026_h2h_v5,wiki_2026_h2h_v5
43213,wiki_kor.1_2024_2nd_Dae_GCS_0577,kor.1,,,Daegu FC,Gimcheon Sangmu,2024-11-23,3,0,,H,,,wiki_2026_h2h_v5,wiki_2026_h2h_v5
43214,wiki_kor.1_2024_2nd_Dae_SEL_0578,kor.1,,,Daegu FC,Seoul E-Land,2024-11-24,1,1,,D,,,wiki_2026_h2h_v5,wiki_2026_h2h_v5
43215,wiki_kor.1_2024_2nd_Dae_GJU_0579,kor.1,,,Daegu FC,Gwangju FC,2024-11-25,0,1,,A,,,wiki_2026_h2h_v5,wiki_2026_h2h_v5
43216,wiki_kor.1_2024_2nd_Dae_JHM_0580,kor.1,,,Daegu FC,Jeonbuk Hyundai Motors,2024-11-26,4,3,,H,,,wiki_2026_h2h_v5,wiki_2026_h2h_v5
43217,wiki_kor.1_2024_2nd_Dae_DHC_0581,kor.1,,,Daegu FC,Daejeon Hana Citizen,2024-11-27,1,1,,D,,,wiki_2026_h2h_v5,wiki_2026_h2h_v5
43218,wiki_kor.1_2024_2nd_Dae_ICU_0582,kor.1,,,Daegu FC,Incheon United,2024-11-28,1,2,,A,,,wiki_2026_h2h_v5,wiki_2026_h2h_v5
43219,wiki_kor.1_2024_2nd_Dae_USH_0583,kor.1,,,Daejeon Hana Citizen,Ulsan HD,2024-11-29,0,1,,A,,,wiki_2026_h2h_v5,wiki_2026_h2h_v5
43220,wiki_kor.1_2024_2nd_Dae_GWN_0584,kor.1,,,Daejeon Hana Citizen,Gangwon FC,2024-11-30,1,1,,D,,,wiki_2026_h2h_v5,wiki_2026_h2h_v5
43221,wiki_kor.1_2024_2nd_Dae_PHS_0585,kor.1,,,Daejeon Hana Citizen,Pohang Steelers,2024-12-01,1,2,,A,,,wiki_2026_h2h_v5,wiki_2026_h2h_v5
43222,wiki_kor.1_2024_2nd_Dae_GJU_0586,kor.1,,,Daejeon Hana Citizen,Gwangju FC,2024-12-02,2,0,,H,,,wiki_2026_h2h_v5,wiki_2026_h2h_v5
43223,wiki_kor.1_2024_2nd_Dae_JHM_0587,kor.1,,,Daejeon Hana Citizen,Jeonbuk Hyundai Motors,2024-12-03,0,0,,D,,,wiki_2026_h2h_v5,wiki_2026_h2h_v5
43224,wiki_kor.1_2024_2nd_Dae_ICU_0588,kor.1,,,Daejeon Hana Citizen,Incheon United,2024-12-04,2,1,,H,,,wiki_2026_h2h_v5,wiki_2026_h2h_v5
43225,wiki_kor.1_2024_2nd_Inc_USH_0589,kor.1,,,Incheon United,Ulsan HD,2024-12-05,0,0,,D,,,wiki_2026_h2h_v5,wiki_2026_h2h_v5
43226,wiki_kor.1_2024_2nd_Inc_GWN_0590,kor.1,,,Incheon United,Gangwon FC,2024-12-06,1,3,,A,,,wiki_2026_h2h_v5,wiki_2026_h2h_v5
43227,wiki_kor.1_2024_2nd_Inc_SEL_0591,kor.1,,,Incheon United,Seoul E-Land,2024-12-07,0,1,,A,,,wiki_2026_h2h_v5,wiki_2026_h2h_v5
43228,wiki_kor.1_2024_2nd_Inc_SWN_0592,kor.1,,,Incheon United,Suwon FC,2024-12-08,1,4,,A,,,wiki_2026_h2h_v5,wiki_2026_h2h_v5
43229,wiki_kor.1_2024_2nd_Inc_JHM_0593,kor.1,,,Incheon United,Jeonbuk Hyundai Motors,2024-12-09,0,1,,A,,,wiki_2026_h2h_v5,wiki_2026_h2h_v5
43230,wiki_kor.1_2025_1st_FC _DGU_0594,kor.1,,,FC Anyang,Daegu FC,2025-04-25,2,2,,D,,,wiki_2026_h2h_v5,wiki_2026_h2h_v5
43231,wiki_kor.1_2025_1st_FC _DHC_0595,kor.1,,,FC Anyang,Daejeon Hana Citizen,2025-04-26,1,1,,D,,,wiki_2026_h2h_v5,wiki_2026_h2h_v5
43232,wiki_kor.1_2025_1st_FC _GWN_0596,kor.1,,,FC Anyang,Gangwon FC,2025-04-27,2,0,,H,,,wiki_2026_h2h_v5,wiki_2026_h2h_v5
43233,wiki_kor.1_2025_1st_FC _GCS_0597,kor.1,,,FC Anyang,Gimcheon Sangmu,2025-04-28,1,3,,A,,,wiki_2026_h2h_v5,wiki_2026_h2h_v5
43234,wiki_kor.1_2025_1st_FC _GJU_0598,kor.1,,,FC Anyang,Gwangju FC,2025-04-29,1,2,,A,,,wiki_2026_h2h_v5,wiki_2026_h2h_v5
43235,wiki_kor.1_2025_1st_FC _JSK_0599,kor.1,,,FC Anyang,Jeju SK,2025-04-30,2,1,,H,,,wiki_2026_h2h_v5,wiki_2026_h2h_v5
43236,wiki_kor.1_2025_1st_FC _JHM_0600,kor.1,,,FC Anyang,Jeonbuk Hyundai Motors,2025-05-01,0,1,,A,,,wiki_2026_h2h_v5,wiki_2026_h2h_v5
43237,wiki_kor.1_2025_1st_FC _PHS_0601,kor.1,,,FC Anyang,Pohang Steelers,2025-05-02,0,2,,A,,,wiki_2026_h2h_v5,wiki_2026_h2h_v5
43238,wiki_kor.1_2025_1st_FC _SEL_0602,kor.1,,,FC Anyang,Seoul E-Land,2025-05-03,1,1,,D,,,wiki_2026_h2h_v5,wiki_2026_h2h_v5
43239,wiki_kor.1_2025_1st_FC _SWN_0603,kor.1,,,FC Anyang,Suwon FC,2025-05-04,3,1,,H,,,wiki_2026_h2h_v5,wiki_2026_h2h_v5
43240,wiki_kor.1_2025_1st_FC _USH_0604,kor.1,,,FC Anyang,Ulsan HD,2025-05-05,0,1,,A,,,wiki_2026_h2h_v5,wiki_2026_h2h_v5
43241,wiki_kor.1_2025_1st_Dae_AYG_0605,kor.1,,,Daegu FC,FC Anyang,2025-05-06,0,1,,A,,,wiki_2026_h2h_v5,wiki_2026_h2h_v5
43242,wiki_kor.1_2025_1st_Dae_DHC_0606,kor.1,,,Daegu FC,Daejeon Hana Citizen,2025-05-07,1,2,,A,,,wiki_2026_h2h_v5,wiki_2026_h2h_v5
43243,wiki_kor.1_2025_1st_Dae_GWN_0607,kor.1,,,Daegu FC,Gangwon FC,2025-05-08,2,1,,H,,,wiki_2026_h2h_v5,wiki_2026_h2h_v5
43244,wiki_kor.1_2025_1st_Dae_GCS_0608,kor.1,,,Daegu FC,Gimcheon Sangmu,2025-05-09,2,3,,A,,,wiki_2026_h2h_v5,wiki_2026_h2h_v5
43245,wiki_kor.1_2025_1st_Dae_GJU_0609,kor.1,,,Daegu FC,Gwangju FC,2025-05-10,1,1,,D,,,wiki_2026_h2h_v5,wiki_2026_h2h_v5
43246,wiki_kor.1_2025_1st_Dae_JSK_0610,kor.1,,,Daegu FC,Jeju SK,2025-05-11,3,1,,H,,,wiki_2026_h2h_v5,wiki_2026_h2h_v5
43247,wiki_kor.1_2025_1st_Dae_JHM_0611,kor.1,,,Daegu FC,Jeonbuk Hyundai Motors,2025-05-12,0,4,,A,,,wiki_2026_h2h_v5,wiki_2026_h2h_v5
43248,wiki_kor.1_2025_1st_Dae_PHS_0612,kor.1,,,Daegu FC,Pohang Steelers,2025-05-13,1,1,,D,,,wiki_2026_h2h_v5,wiki_2026_h2h_v5
43249,wiki_kor.1_2025_1st_Dae_SEL_0613,kor.1,,,Daegu FC,Seoul E-Land,2025-05-14,0,1,,A,,,wiki_2026_h2h_v5,wiki_2026_h2h_v5
43250,wiki_kor.1_2025_1st_Dae_SWN_0614,kor.1,,,Daegu FC,Suwon FC,2025-05-15,3,1,,H,,,wiki_2026_h2h_v5,wiki_2026_h2h_v5
43251,wiki_kor.1_2025_1st_Dae_USH_0615,kor.1,,,Daegu FC,Ulsan HD,2025-05-16,0,1,,A,,,wiki_2026_h2h_v5,wiki_2026_h2h_v5
43252,wiki_kor.1_2025_1st_Dae_AYG_0616,kor.1,,,Daejeon Hana Citizen,FC Anyang,2025-05-17,2,1,,H,,,wiki_2026_h2h_v5,wiki_2026_h2h_v5
43253,wiki_kor.1_2025_1st_Dae_DGU_0617,kor.1,,,Daejeon Hana Citizen,Daegu FC,2025-05-18,2,1,,H,,,wiki_2026_h2h_v5,wiki_2026_h2h_v5
43254,wiki_kor.1_2025_1st_Dae_GWN_0618,kor.1,,,Daejeon Hana Citizen,Gangwon FC,2025-05-19,1,0,,H,,,wiki_2026_h2h_v5,wiki_2026_h2h_v5
43255,wiki_kor.1_2025_1st_Dae_GCS_0619,kor.1,,,Daejeon Hana Citizen,Gimcheon Sangmu,2025-05-20,0,0,,D,,,wiki_2026_h2h_v5,wiki_2026_h2h_v5
43256,wiki_kor.1_2025_1st_Dae_GJU_0620,kor.1,,,Daejeon Hana Citizen,Gwangju FC,2025-05-21,1,1,,D,,,wiki_2026_h2h_v5,wiki_2026_h2h_v5
43257,wiki_kor.1_2025_1st_Dae_JSK_0621,kor.1,,,Daejeon Hana Citizen,Jeju SK,2025-05-22,1,1,,D,,,wiki_2026_h2h_v5,wiki_2026_h2h_v5
43258,wiki_kor.1_2025_1st_Dae_JHM_0622,kor.1,,,Daejeon Hana Citizen,Jeonbuk Hyundai Motors,2025-05-23,0,2,,A,,,wiki_2026_h2h_v5,wiki_2026_h2h_v5
43259,wiki_kor.1_2025_1st_Dae_PHS_0623,kor.1,,,Daejeon Hana Citizen,Pohang Steelers,2025-05-24,1,3,,A,,,wiki_2026_h2h_v5,wiki_2026_h2h_v5
43260,wiki_kor.1_2025_1st_Dae_SEL_0624,kor.1,,,Daejeon Hana Citizen,Seoul E-Land,2025-05-25,0,0,,D,,,wiki_2026_h2h_v5,wiki_2026_h2h_v5
43261,wiki_kor.1_2025_1st_Dae_SWN_0625,kor.1,,,Daejeon Hana Citizen,Suwon FC,2025-05-26,1,0,,H,,,wiki_2026_h2h_v5,wiki_2026_h2h_v5
43262,wiki_kor.1_2025_1st_Dae_USH_0626,kor.1,,,Daejeon Hana Citizen,Ulsan HD,2025-05-27,0,2,,A,,,wiki_2026_h2h_v5,wiki_2026_h2h_v5
43263,wiki_kor.1_2025_1st_Gan_AYG_0627,kor.1,,,Gangwon FC,FC Anyang,2025-05-28,1,3,,A,,,wiki_2026_h2h_v5,wiki_2026_h2h_v5
43264,wiki_kor.1_2025_1st_Gan_DGU_0628,kor.1,,,Gangwon FC,Daegu FC,2025-05-29,3,0,,H,,,wiki_2026_h2h_v5,wiki_2026_h2h_v5
43265,wiki_kor.1_2025_1st_Gan_DHC_0629,kor.1,,,Gangwon FC,Daejeon Hana Citizen,2025-05-30,2,2,,D,,,wiki_2026_h2h_v5,wiki_2026_h2h_v5
43266,wiki_kor.1_2025_1st_Gan_GCS_0630,kor.1,,,Gangwon FC,Gimcheon Sangmu,2025-05-31,0,4,,A,,,wiki_2026_h2h_v5,wiki_2026_h2h_v5
43267,wiki_kor.1_2025_1st_Gan_GJU_0631,kor.1,,,Gangwon FC,Gwangju FC,2025-06-01,1,0,,H,,,wiki_2026_h2h_v5,wiki_2026_h2h_v5
43268,wiki_kor.1_2025_1st_Gan_JSK_0632,kor.1,,,Gangwon FC,Jeju SK,2025-06-02,0,0,,D,,,wiki_2026_h2h_v5,wiki_2026_h2h_v5
43269,wiki_kor.1_2025_1st_Gan_JHM_0633,kor.1,,,Gangwon FC,Jeonbuk Hyundai Motors,2025-06-03,0,3,,A,,,wiki_2026_h2h_v5,wiki_2026_h2h_v5
43270,wiki_kor.1_2025_1st_Gan_PHS_0634,kor.1,,,Gangwon FC,Pohang Steelers,2025-06-04,2,1,,H,,,wiki_2026_h2h_v5,wiki_2026_h2h_v5
43271,wiki_kor.1_2025_1st_Gan_SEL_0635,kor.1,,,Gangwon FC,Seoul E-Land,2025-06-05,0,1,,A,,,wiki_2026_h2h_v5,wiki_2026_h2h_v5
43272,wiki_kor.1_2025_1st_Gan_SWN_0636,kor.1,,,Gangwon FC,Suwon FC,2025-06-06,0,0,,D,,,wiki_2026_h2h_v5,wiki_2026_h2h_v5
43273,wiki_kor.1_2025_1st_Gan_USH_0637,kor.1,,,Gangwon FC,Ulsan HD,2025-06-07,1,1,,D,,,wiki_2026_h2h_v5,wiki_2026_h2h_v5
43274,wiki_kor.1_2025_1st_Gim_AYG_0638,kor.1,,,Gimcheon Sangmu,FC Anyang,2025-06-08,1,0,,H,,,wiki_2026_h2h_v5,wiki_2026_h2h_v5
43275,wiki_kor.1_2025_1st_Gim_DGU_0639,kor.1,,,Gimcheon Sangmu,Daegu FC,2025-06-09,2,0,,H,,,wiki_2026_h2h_v5,wiki_2026_h2h_v5
43276,wiki_kor.1_2025_1st_Gim_DHC_0640,kor.1,,,Gimcheon Sangmu,Daejeon Hana Citizen,2025-06-10,0,2,,A,,,wiki_2026_h2h_v5,wiki_2026_h2h_v5
43277,wiki_kor.1_2025_1st_Gim_GWN_0641,kor.1,,,Gimcheon Sangmu,Gangwon FC,2025-06-11,1,0,,H,,,wiki_2026_h2h_v5,wiki_2026_h2h_v5
43278,wiki_kor.1_2025_1st_Gim_GJU_0642,kor.1,,,Gimcheon Sangmu,Gwangju FC,2025-06-12,0,0,,D,,,wiki_2026_h2h_v5,wiki_2026_h2h_v5
43279,wiki_kor.1_2025_1st_Gim_JSK_0643,kor.1,,,Gimcheon Sangmu,Jeju SK,2025-06-13,1,1,,D,,,wiki_2026_h2h_v5,wiki_2026_h2h_v5
43280,wiki_kor.1_2025_1st_Gim_JHM_0644,kor.1,,,Gimcheon Sangmu,Jeonbuk Hyundai Motors,2025-06-14,1,2,,A,,,wiki_2026_h2h_v5,wiki_2026_h2h_v5
43281,wiki_kor.1_2025_1st_Gim_PHS_0645,kor.1,,,Gimcheon Sangmu,Pohang Steelers,2025-06-15,1,0,,H,,,wiki_2026_h2h_v5,wiki_2026_h2h_v5
43282,wiki_kor.1_2025_1st_Gim_SEL_0646,kor.1,,,Gimcheon Sangmu,Seoul E-Land,2025-06-16,0,1,,A,,,wiki_2026_h2h_v5,wiki_2026_h2h_v5
43283,wiki_kor.1_2025_1st_Gim_SWN_0647,kor.1,,,Gimcheon Sangmu,Suwon FC,2025-06-17,1,1,,D,,,wiki_2026_h2h_v5,wiki_2026_h2h_v5
43284,wiki_kor.1_2025_1st_Gim_USH_0648,kor.1,,,Gimcheon Sangmu,Ulsan HD,2025-06-18,2,0,,H,,,wiki_2026_h2h_v5,wiki_2026_h2h_v5
43285,wiki_kor.1_2025_1st_Gwa_AYG_0649,kor.1,,,Gwangju FC,FC Anyang,2025-06-19,2,1,,H,,,wiki_2026_h2h_v5,wiki_2026_h2h_v5
43286,wiki_kor.1_2025_1st_Gwa_DGU_0650,kor.1,,,Gwangju FC,Daegu FC,2025-06-20,2,1,,H,,,wiki_2026_h2h_v5,wiki_2026_h2h_v5
43287,wiki_kor.1_2025_1st_Gwa_DHC_0651,kor.1,,,Gwangju FC,Daejeon Hana Citizen,2025-06-21,2,2,,D,,,wiki_2026_h2h_v5,wiki_2026_h2h_v5
43288,wiki_kor.1_2025_1st_Gwa_GWN_0652,kor.1,,,Gwangju FC,Gangwon FC,2025-06-22,0,1,,A,,,wiki_2026_h2h_v5,wiki_2026_h2h_v5
43289,wiki_kor.1_2025_1st_Gwa_GCS_0653,kor.1,,,Gwangju FC,Gimcheon Sangmu,2025-06-23,1,0,,H,,,wiki_2026_h2h_v5,wiki_2026_h2h_v5
43290,wiki_kor.1_2025_1st_Gwa_JSK_0654,kor.1,,,Gwangju FC,Jeju SK,2025-06-24,1,0,,H,,,wiki_2026_h2h_v5,wiki_2026_h2h_v5
43291,wiki_kor.1_2025_1st_Gwa_JHM_0655,kor.1,,,Gwangju FC,Jeonbuk Hyundai Motors,2025-06-25,0,1,,A,,,wiki_2026_h2h_v5,wiki_2026_h2h_v5
43292,wiki_kor.1_2025_1st_Gwa_PHS_0656,kor.1,,,Gwangju FC,Pohang Steelers,2025-06-26,2,3,,A,,,wiki_2026_h2h_v5,wiki_2026_h2h_v5
43293,wiki_kor.1_2025_1st_Gwa_SEL_0657,kor.1,,,Gwangju FC,Seoul E-Land,2025-06-27,1,3,,A,,,wiki_2026_h2h_v5,wiki_2026_h2h_v5
43294,wiki_kor.1_2025_1st_Gwa_SWN_0658,kor.1,,,Gwangju FC,Suwon FC,2025-06-28,0,0,,D,,,wiki_2026_h2h_v5,wiki_2026_h2h_v5
43295,wiki_kor.1_2025_1st_Gwa_USH_0659,kor.1,,,Gwangju FC,Ulsan HD,2025-06-29,1,1,,D,,,wiki_2026_h2h_v5,wiki_2026_h2h_v5
43296,wiki_kor.1_2025_1st_Jej_AYG_0660,kor.1,,,Jeju SK,FC Anyang,2025-06-30,2,0,,H,,,wiki_2026_h2h_v5,wiki_2026_h2h_v5
43297,wiki_kor.1_2025_1st_Jej_DGU_0661,kor.1,,,Jeju SK,Daegu FC,2025-07-01,2,1,,H,,,wiki_2026_h2h_v5,wiki_2026_h2h_v5
43298,wiki_kor.1_2025_1st_Jej_DHC_0662,kor.1,,,Jeju SK,Daejeon Hana Citizen,2025-07-02,1,3,,A,,,wiki_2026_h2h_v5,wiki_2026_h2h_v5
43299,wiki_kor.1_2025_1st_Jej_GWN_0663,kor.1,,,Jeju SK,Gangwon FC,2025-07-03,0,3,,A,,,wiki_2026_h2h_v5,wiki_2026_h2h_v5
43300,wiki_kor.1_2025_1st_Jej_GCS_0664,kor.1,,,Jeju SK,Gimcheon Sangmu,2025-07-04,2,3,,A,,,wiki_2026_h2h_v5,wiki_2026_h2h_v5
43301,wiki_kor.1_2025_1st_Jej_GJU_0665,kor.1,,,Jeju SK,Gwangju FC,2025-07-05,0,1,,A,,,wiki_2026_h2h_v5,wiki_2026_h2h_v5
43302,wiki_kor.1_2025_1st_Jej_JHM_0666,kor.1,,,Jeju SK,Jeonbuk Hyundai Motors,2025-07-06,0,0,,D,,,wiki_2026_h2h_v5,wiki_2026_h2h_v5
43303,wiki_kor.1_2025_1st_Jej_PHS_0667,kor.1,,,Jeju SK,Pohang Steelers,2025-07-07,2,0,,H,,,wiki_2026_h2h_v5,wiki_2026_h2h_v5
43304,wiki_kor.1_2025_1st_Jej_SEL_0668,kor.1,,,Jeju SK,Seoul E-Land,2025-07-08,2,0,,H,,,wiki_2026_h2h_v5,wiki_2026_h2h_v5
43305,wiki_kor.1_2025_1st_Jej_SWN_0669,kor.1,,,Jeju SK,Suwon FC,2025-07-09,1,0,,H,,,wiki_2026_h2h_v5,wiki_2026_h2h_v5
43306,wiki_kor.1_2025_1st_Jej_USH_0670,kor.1,,,Jeju SK,Ulsan HD,2025-07-10,1,2,,A,,,wiki_2026_h2h_v5,wiki_2026_h2h_v5
43307,wiki_kor.1_2025_1st_Jeo_AYG_0671,kor.1,,,Jeonbuk Hyundai Motors,FC Anyang,2025-07-11,2,0,,H,,,wiki_2026_h2h_v5,wiki_2026_h2h_v5
43308,wiki_kor.1_2025_1st_Jeo_DGU_0672,kor.1,,,Jeonbuk Hyundai Motors,Daegu FC,2025-07-12,3,1,,H,,,wiki_2026_h2h_v5,wiki_2026_h2h_v5
43309,wiki_kor.1_2025_1st_Jeo_DHC_0673,kor.1,,,Jeonbuk Hyundai Motors,Daejeon Hana Citizen,2025-07-13,1,1,,D,,,wiki_2026_h2h_v5,wiki_2026_h2h_v5
43310,wiki_kor.1_2025_1st_Jeo_GWN_0674,kor.1,,,Jeonbuk Hyundai Motors,Gangwon FC,2025-07-14,0,1,,A,,,wiki_2026_h2h_v5,wiki_2026_h2h_v5
43311,wiki_kor.1_2025_1st_Jeo_GCS_0675,kor.1,,,Jeonbuk Hyundai Motors,Gimcheon Sangmu,2025-07-15,2,1,,H,,,wiki_2026_h2h_v5,wiki_2026_h2h_v5
43312,wiki_kor.1_2025_1st_Jeo_GJU_0676,kor.1,,,Jeonbuk Hyundai Motors,Gwangju FC,2025-07-16,2,2,,D,,,wiki_2026_h2h_v5,wiki_2026_h2h_v5
43313,wiki_kor.1_2025_1st_Jeo_JSK_0677,kor.1,,,Jeonbuk Hyundai Motors,Jeju SK,2025-07-17,1,1,,D,,,wiki_2026_h2h_v5,wiki_2026_h2h_v5
43314,wiki_kor.1_2025_1st_Jeo_PHS_0678,kor.1,,,Jeonbuk Hyundai Motors,Pohang Steelers,2025-07-18,2,2,,D,,,wiki_2026_h2h_v5,wiki_2026_h2h_v5
43315,wiki_kor.1_2025_1st_Jeo_SEL_0679,kor.1,,,Jeonbuk Hyundai Motors,Seoul E-Land,2025-07-19,1,1,,D,,,wiki_2026_h2h_v5,wiki_2026_h2h_v5
43316,wiki_kor.1_2025_1st_Jeo_SWN_0680,kor.1,,,Jeonbuk Hyundai Motors,Suwon FC,2025-07-20,3,2,,H,,,wiki_2026_h2h_v5,wiki_2026_h2h_v5
43317,wiki_kor.1_2025_1st_Jeo_USH_0681,kor.1,,,Jeonbuk Hyundai Motors,Ulsan HD,2025-07-21,3,1,,H,,,wiki_2026_h2h_v5,wiki_2026_h2h_v5
43318,wiki_kor.1_2025_1st_Poh_AYG_0682,kor.1,,,Pohang Steelers,FC Anyang,2025-07-22,2,1,,H,,,wiki_2026_h2h_v5,wiki_2026_h2h_v5
43319,wiki_kor.1_2025_1st_Poh_DGU_0683,kor.1,,,Pohang Steelers,Daegu FC,2025-07-23,0,0,,D,,,wiki_2026_h2h_v5,wiki_2026_h2h_v5
43320,wiki_kor.1_2025_1st_Poh_DHC_0684,kor.1,,,Pohang Steelers,Daejeon Hana Citizen,2025-07-24,0,3,,A,,,wiki_2026_h2h_v5,wiki_2026_h2h_v5
43321,wiki_kor.1_2025_1st_Poh_GWN_0685,kor.1,,,Pohang Steelers,Gangwon FC,2025-07-25,2,1,,H,,,wiki_2026_h2h_v5,wiki_2026_h2h_v5
43322,wiki_kor.1_2025_1st_Poh_GCS_0686,kor.1,,,Pohang Steelers,Gimcheon Sangmu,2025-07-26,1,2,,A,,,wiki_2026_h2h_v5,wiki_2026_h2h_v5
43323,wiki_kor.1_2025_1st_Poh_GJU_0687,kor.1,,,Pohang Steelers,Gwangju FC,2025-07-27,0,1,,A,,,wiki_2026_h2h_v5,wiki_2026_h2h_v5
43324,wiki_kor.1_2025_1st_Poh_JSK_0688,kor.1,,,Pohang Steelers,Jeju SK,2025-07-28,2,1,,H,,,wiki_2026_h2h_v5,wiki_2026_h2h_v5
43325,wiki_kor.1_2025_1st_Poh_JHM_0689,kor.1,,,Pohang Steelers,Jeonbuk Hyundai Motors,2025-07-29,2,3,,A,,,wiki_2026_h2h_v5,wiki_2026_h2h_v5
43326,wiki_kor.1_2025_1st_Poh_SEL_0690,kor.1,,,Pohang Steelers,Seoul E-Land,2025-07-30,1,0,,H,,,wiki_2026_h2h_v5,wiki_2026_h2h_v5
43327,wiki_kor.1_2025_1st_Poh_SWN_0691,kor.1,,,Pohang Steelers,Suwon FC,2025-07-31,2,0,,H,,,wiki_2026_h2h_v5,wiki_2026_h2h_v5
43328,wiki_kor.1_2025_1st_Poh_USH_0692,kor.1,,,Pohang Steelers,Ulsan HD,2025-08-01,1,0,,H,,,wiki_2026_h2h_v5,wiki_2026_h2h_v5
43329,wiki_kor.1_2025_1st_FC _AYG_0693,kor.1,,,FC Seoul,FC Anyang,2025-08-02,2,1,,H,,,wiki_2026_h2h_v5,wiki_2026_h2h_v5
43330,wiki_kor.1_2025_1st_FC _DGU_0694,kor.1,,,FC Seoul,Daegu FC,2025-08-03,3,2,,H,,,wiki_2026_h2h_v5,wiki_2026_h2h_v5
43331,wiki_kor.1_2025_1st_FC _DHC_0695,kor.1,,,FC Seoul,Daejeon Hana Citizen,2025-08-04,2,2,,D,,,wiki_2026_h2h_v5,wiki_2026_h2h_v5
43332,wiki_kor.1_2025_1st_FC _GWN_0696,kor.1,,,FC Seoul,Gangwon FC,2025-08-05,1,1,,D,,,wiki_2026_h2h_v5,wiki_2026_h2h_v5
43333,wiki_kor.1_2025_1st_FC _GCS_0697,kor.1,,,FC Seoul,Gimcheon Sangmu,2025-08-06,0,0,,D,,,wiki_2026_h2h_v5,wiki_2026_h2h_v5
43334,wiki_kor.1_2025_1st_FC _GJU_0698,kor.1,,,FC Seoul,Gwangju FC,2025-08-07,1,2,,A,,,wiki_2026_h2h_v5,wiki_2026_h2h_v5
43335,wiki_kor.1_2025_1st_FC _JSK_0699,kor.1,,,FC Seoul,Jeju SK,2025-08-08,1,3,,A,,,wiki_2026_h2h_v5,wiki_2026_h2h_v5
43336,wiki_kor.1_2025_1st_FC _JHM_0700,kor.1,,,FC Seoul,Jeonbuk Hyundai Motors,2025-08-09,0,1,,A,,,wiki_2026_h2h_v5,wiki_2026_h2h_v5
43337,wiki_kor.1_2025_1st_FC _PHS_0701,kor.1,,,FC Seoul,Pohang Steelers,2025-08-10,4,1,,H,,,wiki_2026_h2h_v5,wiki_2026_h2h_v5
43338,wiki_kor.1_2025_1st_FC _SWN_0702,kor.1,,,FC Seoul,Suwon FC,2025-08-11,1,1,,D,,,wiki_2026_h2h_v5,wiki_2026_h2h_v5
43339,wiki_kor.1_2025_1st_FC _USH_0703,kor.1,,,FC Seoul,Ulsan HD,2025-08-12,1,0,,H,,,wiki_2026_h2h_v5,wiki_2026_h2h_v5
43340,wiki_kor.1_2025_1st_Suw_AYG_0704,kor.1,,,Suwon FC,FC Anyang,2025-08-13,1,2,,A,,,wiki_2026_h2h_v5,wiki_2026_h2h_v5
43341,wiki_kor.1_2025_1st_Suw_DGU_0705,kor.1,,,Suwon FC,Daegu FC,2025-08-14,2,1,,H,,,wiki_2026_h2h_v5,wiki_2026_h2h_v5
43342,wiki_kor.1_2025_1st_Suw_DHC_0706,kor.1,,,Suwon FC,Daejeon Hana Citizen,2025-08-15,3,0,,H,,,wiki_2026_h2h_v5,wiki_2026_h2h_v5
43343,wiki_kor.1_2025_1st_Suw_GWN_0707,kor.1,,,Suwon FC,Gangwon FC,2025-08-16,1,2,,A,,,wiki_2026_h2h_v5,wiki_2026_h2h_v5
43344,wiki_kor.1_2025_1st_Suw_GCS_0708,kor.1,,,Suwon FC,Gimcheon Sangmu,2025-08-17,3,2,,H,,,wiki_2026_h2h_v5,wiki_2026_h2h_v5
43345,wiki_kor.1_2025_1st_Suw_GJU_0709,kor.1,,,Suwon FC,Gwangju FC,2025-08-18,2,1,,H,,,wiki_2026_h2h_v5,wiki_2026_h2h_v5
43346,wiki_kor.1_2025_1st_Suw_JSK_0710,kor.1,,,Suwon FC,Jeju SK,2025-08-19,0,1,,A,,,wiki_2026_h2h_v5,wiki_2026_h2h_v5
43347,wiki_kor.1_2025_1st_Suw_JHM_0711,kor.1,,,Suwon FC,Jeonbuk Hyundai Motors,2025-08-20,1,2,,A,,,wiki_2026_h2h_v5,wiki_2026_h2h_v5
43348,wiki_kor.1_2025_1st_Suw_PHS_0712,kor.1,,,Suwon FC,Pohang Steelers,2025-08-21,1,1,,D,,,wiki_2026_h2h_v5,wiki_2026_h2h_v5
43349,wiki_kor.1_2025_1st_Suw_SEL_0713,kor.1,,,Suwon FC,Seoul E-Land,2025-08-22,0,0,,D,,,wiki_2026_h2h_v5,wiki_2026_h2h_v5
43350,wiki_kor.1_2025_1st_Suw_USH_0714,kor.1,,,Suwon FC,Ulsan HD,2025-08-23,1,1,,D,,,wiki_2026_h2h_v5,wiki_2026_h2h_v5
43351,wiki_kor.1_2025_1st_Uls_AYG_0715,kor.1,,,Ulsan HD,FC Anyang,2025-08-24,0,1,,A,,,wiki_2026_h2h_v5,wiki_2026_h2h_v5
43352,wiki_kor.1_2025_1st_Uls_DGU_0716,kor.1,,,Ulsan HD,Daegu FC,2025-08-25,2,2,,D,,,wiki_2026_h2h_v5,wiki_2026_h2h_v5
43353,wiki_kor.1_2025_1st_Uls_DHC_0717,kor.1,,,Ulsan HD,Daejeon Hana Citizen,2025-08-26,2,3,,A,,,wiki_2026_h2h_v5,wiki_2026_h2h_v5
43354,wiki_kor.1_2025_1st_Uls_GWN_0718,kor.1,,,Ulsan HD,Gangwon FC,2025-08-27,1,2,,A,,,wiki_2026_h2h_v5,wiki_2026_h2h_v5
43355,wiki_kor.1_2025_1st_Uls_GCS_0719,kor.1,,,Ulsan HD,Gimcheon Sangmu,2025-08-28,3,2,,H,,,wiki_2026_h2h_v5,wiki_2026_h2h_v5
43356,wiki_kor.1_2025_1st_Uls_GJU_0720,kor.1,,,Ulsan HD,Gwangju FC,2025-03-02,3,0,,H,,,wiki_2026_h2h_v5,wiki_2026_h2h_v5
43357,wiki_kor.1_2025_1st_Uls_JSK_0721,kor.1,,,Ulsan HD,Jeju SK,2025-03-03,2,0,,H,,,wiki_2026_h2h_v5,wiki_2026_h2h_v5
43358,wiki_kor.1_2025_1st_Uls_JHM_0722,kor.1,,,Ulsan HD,Jeonbuk Hyundai Motors,2025-03-04,1,0,,H,,,wiki_2026_h2h_v5,wiki_2026_h2h_v5
43359,wiki_kor.1_2025_1st_Uls_PHS_0723,kor.1,,,Ulsan HD,Pohang Steelers,2025-03-05,1,1,,D,,,wiki_2026_h2h_v5,wiki_2026_h2h_v5
43360,wiki_kor.1_2025_1st_Uls_SEL_0724,kor.1,,,Ulsan HD,Seoul E-Land,2025-03-06,0,0,,D,,,wiki_2026_h2h_v5,wiki_2026_h2h_v5
43361,wiki_kor.1_2025_1st_Uls_SWN_0725,kor.1,,,Ulsan HD,Suwon FC,2025-03-07,2,3,,A,,,wiki_2026_h2h_v5,wiki_2026_h2h_v5
43362,wiki_kor.1_2025_2nd_FC _DGU_0726,kor.1,,,FC Anyang,Daegu FC,2025-11-23,4,0,,H,,,wiki_2026_h2h_v5,wiki_2026_h2h_v5
43363,wiki_kor.1_2025_2nd_FC _DHC_0727,kor.1,,,FC Anyang,Daejeon Hana Citizen,2025-11-24,3,2,,H,,,wiki_2026_h2h_v5,wiki_2026_h2h_v5
43364,wiki_kor.1_2025_2nd_FC _GCS_0728,kor.1,,,FC Anyang,Gimcheon Sangmu,2025-11-25,4,1,,H,,,wiki_2026_h2h_v5,wiki_2026_h2h_v5
43365,wiki_kor.1_2025_2nd_FC _GJU_0729,kor.1,,,FC Anyang,Gwangju FC,2025-11-26,0,0,,D,,,wiki_2026_h2h_v5,wiki_2026_h2h_v5
43366,wiki_kor.1_2025_2nd_FC _JSK_0730,kor.1,,,FC Anyang,Jeju SK,2025-11-27,2,1,,H,,,wiki_2026_h2h_v5,wiki_2026_h2h_v5
43367,wiki_kor.1_2025_2nd_FC _PHS_0731,kor.1,,,FC Anyang,Pohang Steelers,2025-11-28,0,1,,A,,,wiki_2026_h2h_v5,wiki_2026_h2h_v5
43368,wiki_kor.1_2025_2nd_Dae_GWN_0732,kor.1,,,Daegu FC,Gangwon FC,2025-11-29,2,2,,D,,,wiki_2026_h2h_v5,wiki_2026_h2h_v5
43369,wiki_kor.1_2025_2nd_Dae_JSK_0733,kor.1,,,Daegu FC,Jeju SK,2025-11-30,2,2,,D,,,wiki_2026_h2h_v5,wiki_2026_h2h_v5
43370,wiki_kor.1_2025_2nd_Dae_SWN_0734,kor.1,,,Daegu FC,Suwon FC,2025-12-01,3,1,,H,,,wiki_2026_h2h_v5,wiki_2026_h2h_v5
43371,wiki_kor.1_2025_2nd_Dae_USH_0735,kor.1,,,Daegu FC,Ulsan HD,2025-12-02,1,1,,D,,,wiki_2026_h2h_v5,wiki_2026_h2h_v5
43372,wiki_kor.1_2025_2nd_Dae_DGU_0736,kor.1,,,Daejeon Hana Citizen,Daegu FC,2025-12-03,3,2,,H,,,wiki_2026_h2h_v5,wiki_2026_h2h_v5
43373,wiki_kor.1_2025_2nd_Dae_GCS_0737,kor.1,,,Daejeon Hana Citizen,Gimcheon Sangmu,2025-12-04,2,1,,H,,,wiki_2026_h2h_v5,wiki_2026_h2h_v5
43374,wiki_kor.1_2025_2nd_Dae_JSK_0738,kor.1,,,Daejeon Hana Citizen,Jeju SK,2025-12-05,3,1,,H,,,wiki_2026_h2h_v5,wiki_2026_h2h_v5
43375,wiki_kor.1_2025_2nd_Dae_SWN_0739,kor.1,,,Daejeon Hana Citizen,Suwon FC,2025-12-06,3,2,,H,,,wiki_2026_h2h_v5,wiki_2026_h2h_v5
43376,wiki_kor.1_2025_2nd_Gan_AYG_0740,kor.1,,,Gangwon FC,FC Anyang,2025-12-07,1,1,,D,,,wiki_2026_h2h_v5,wiki_2026_h2h_v5
43377,wiki_kor.1_2025_2nd_Gan_DHC_0741,kor.1,,,Gangwon FC,Daejeon Hana Citizen,2025-12-08,0,0,,D,,,wiki_2026_h2h_v5,wiki_2026_h2h_v5
43378,wiki_kor.1_2025_2nd_Gan_GCS_0742,kor.1,,,Gangwon FC,Gimcheon Sangmu,2025-12-09,0,0,,D,,,wiki_2026_h2h_v5,wiki_2026_h2h_v5
43379,wiki_kor.1_2025_2nd_Gan_PHS_0743,kor.1,,,Gangwon FC,Pohang Steelers,2025-12-10,1,0,,H,,,wiki_2026_h2h_v5,wiki_2026_h2h_v5
43380,wiki_kor.1_2025_2nd_Gan_SEL_0744,kor.1,,,Gangwon FC,Seoul E-Land,2025-12-11,3,2,,H,,,wiki_2026_h2h_v5,wiki_2026_h2h_v5
43381,wiki_kor.1_2025_2nd_Gim_DGU_0745,kor.1,,,Gimcheon Sangmu,Daegu FC,2025-12-12,1,2,,A,,,wiki_2026_h2h_v5,wiki_2026_h2h_v5
43382,wiki_kor.1_2025_2nd_Gim_JSK_0746,kor.1,,,Gimcheon Sangmu,Jeju SK,2025-12-13,3,1,,H,,,wiki_2026_h2h_v5,wiki_2026_h2h_v5
43383,wiki_kor.1_2025_2nd_Gim_PHS_0747,kor.1,,,Gimcheon Sangmu,Pohang Steelers,2025-12-14,2,0,,H,,,wiki_2026_h2h_v5,wiki_2026_h2h_v5
43384,wiki_kor.1_2025_2nd_Gim_SEL_0748,kor.1,,,Gimcheon Sangmu,Seoul E-Land,2025-12-15,6,2,,H,,,wiki_2026_h2h_v5,wiki_2026_h2h_v5
43385,wiki_kor.1_2025_2nd_Gim_SWN_0749,kor.1,,,Gimcheon Sangmu,Suwon FC,2025-12-16,3,2,,H,,,wiki_2026_h2h_v5,wiki_2026_h2h_v5
43386,wiki_kor.1_2025_2nd_Gim_USH_0750,kor.1,,,Gimcheon Sangmu,Ulsan HD,2025-07-20,3,0,,H,,,wiki_2026_h2h_v5,wiki_2026_h2h_v5
43387,wiki_kor.1_2025_2nd_Gwa_DGU_0751,kor.1,,,Gwangju FC,Daegu FC,2025-07-21,2,3,,A,,,wiki_2026_h2h_v5,wiki_2026_h2h_v5
43388,wiki_kor.1_2025_2nd_Gwa_DHC_0752,kor.1,,,Gwangju FC,Daejeon Hana Citizen,2025-07-22,2,0,,H,,,wiki_2026_h2h_v5,wiki_2026_h2h_v5
43389,wiki_kor.1_2025_2nd_Gwa_GWN_0753,kor.1,,,Gwangju FC,Gangwon FC,2025-07-23,0,1,,A,,,wiki_2026_h2h_v5,wiki_2026_h2h_v5
43390,wiki_kor.1_2025_2nd_Gwa_GCS_0754,kor.1,,,Gwangju FC,Gimcheon Sangmu,2025-07-24,1,1,,D,,,wiki_2026_h2h_v5,wiki_2026_h2h_v5
43391,wiki_kor.1_2025_2nd_Gwa_JHM_0755,kor.1,,,Gwangju FC,Jeonbuk Hyundai Motors,2025-07-25,1,2,,A,,,wiki_2026_h2h_v5,wiki_2026_h2h_v5
43392,wiki_kor.1_2025_2nd_Jej_GWN_0756,kor.1,,,Jeju SK,Gangwon FC,2025-07-26,0,0,,D,,,wiki_2026_h2h_v5,wiki_2026_h2h_v5
43393,wiki_kor.1_2025_2nd_Jej_GJU_0757,kor.1,,,Jeju SK,Gwangju FC,2025-07-27,0,1,,A,,,wiki_2026_h2h_v5,wiki_2026_h2h_v5
43394,wiki_kor.1_2025_2nd_Jej_JHM_0758,kor.1,,,Jeju SK,Jeonbuk Hyundai Motors,2025-07-28,1,1,,D,,,wiki_2026_h2h_v5,wiki_2026_h2h_v5
43395,wiki_kor.1_2025_2nd_Jej_SEL_0759,kor.1,,,Jeju SK,Seoul E-Land,2025-07-29,3,2,,H,,,wiki_2026_h2h_v5,wiki_2026_h2h_v5
43396,wiki_kor.1_2025_2nd_Jej_SWN_0760,kor.1,,,Jeju SK,Suwon FC,2025-07-30,3,4,,A,,,wiki_2026_h2h_v5,wiki_2026_h2h_v5
43397,wiki_kor.1_2025_2nd_Jeo_AYG_0761,kor.1,,,Jeonbuk Hyundai Motors,FC Anyang,2025-07-31,2,1,,H,,,wiki_2026_h2h_v5,wiki_2026_h2h_v5
43398,wiki_kor.1_2025_2nd_Jeo_DGU_0762,kor.1,,,Jeonbuk Hyundai Motors,Daegu FC,2025-08-01,3,0,,H,,,wiki_2026_h2h_v5,wiki_2026_h2h_v5
43399,wiki_kor.1_2025_2nd_Jeo_DHC_0763,kor.1,,,Jeonbuk Hyundai Motors,Daejeon Hana Citizen,2025-08-02,1,0,,H,,,wiki_2026_h2h_v5,wiki_2026_h2h_v5
43400,wiki_kor.1_2025_2nd_Jeo_GWN_0764,kor.1,,,Jeonbuk Hyundai Motors,Gangwon FC,2025-08-03,2,0,,H,,,wiki_2026_h2h_v5,wiki_2026_h2h_v5
43401,wiki_kor.1_2025_2nd_Jeo_GCS_0765,kor.1,,,Jeonbuk Hyundai Motors,Gimcheon Sangmu,2025-08-04,1,2,,A,,,wiki_2026_h2h_v5,wiki_2026_h2h_v5
43402,wiki_kor.1_2025_2nd_Jeo_SWN_0766,kor.1,,,Jeonbuk Hyundai Motors,Suwon FC,2025-08-05,2,0,,H,,,wiki_2026_h2h_v5,wiki_2026_h2h_v5
43403,wiki_kor.1_2025_2nd_Poh_DHC_0767,kor.1,,,Pohang Steelers,Daejeon Hana Citizen,2025-08-06,1,3,,A,,,wiki_2026_h2h_v5,wiki_2026_h2h_v5
43404,wiki_kor.1_2025_2nd_Poh_GJU_0768,kor.1,,,Pohang Steelers,Gwangju FC,2025-08-07,1,0,,H,,,wiki_2026_h2h_v5,wiki_2026_h2h_v5
43405,wiki_kor.1_2025_2nd_Poh_JSK_0769,kor.1,,,Pohang Steelers,Jeju SK,2025-08-08,1,0,,H,,,wiki_2026_h2h_v5,wiki_2026_h2h_v5
43406,wiki_kor.1_2025_2nd_Poh_JHM_0770,kor.1,,,Pohang Steelers,Jeonbuk Hyundai Motors,2025-08-09,3,1,,H,,,wiki_2026_h2h_v5,wiki_2026_h2h_v5
43407,wiki_kor.1_2025_2nd_Poh_SWN_0771,kor.1,,,Pohang Steelers,Suwon FC,2025-08-10,1,5,,A,,,wiki_2026_h2h_v5,wiki_2026_h2h_v5
43408,wiki_kor.1_2025_2nd_Poh_USH_0772,kor.1,,,Pohang Steelers,Ulsan HD,2025-08-11,1,1,,D,,,wiki_2026_h2h_v5,wiki_2026_h2h_v5
43409,wiki_kor.1_2025_2nd_FC _AYG_0773,kor.1,,,FC Seoul,FC Anyang,2025-08-12,1,2,,A,,,wiki_2026_h2h_v5,wiki_2026_h2h_v5
43410,wiki_kor.1_2025_2nd_FC _DGU_0774,kor.1,,,FC Seoul,Daegu FC,2025-08-13,2,2,,D,,,wiki_2026_h2h_v5,wiki_2026_h2h_v5
43411,wiki_kor.1_2025_2nd_FC _GJU_0775,kor.1,,,FC Seoul,Gwangju FC,2025-08-14,3,0,,H,,,wiki_2026_h2h_v5,wiki_2026_h2h_v5
43412,wiki_kor.1_2025_2nd_FC _JHM_0776,kor.1,,,FC Seoul,Jeonbuk Hyundai Motors,2025-08-15,1,1,,D,,,wiki_2026_h2h_v5,wiki_2026_h2h_v5
43413,wiki_kor.1_2025_2nd_FC _PHS_0777,kor.1,,,FC Seoul,Pohang Steelers,2025-08-16,1,2,,A,,,wiki_2026_h2h_v5,wiki_2026_h2h_v5
43414,wiki_kor.1_2025_2nd_FC _USH_0778,kor.1,,,FC Seoul,Ulsan HD,2025-08-17,3,2,,H,,,wiki_2026_h2h_v5,wiki_2026_h2h_v5
43415,wiki_kor.1_2025_2nd_Suw_AYG_0779,kor.1,,,Suwon FC,FC Anyang,2025-08-18,2,1,,H,,,wiki_2026_h2h_v5,wiki_2026_h2h_v5
43416,wiki_kor.1_2025_2nd_Suw_GWN_0780,kor.1,,,Suwon FC,Gangwon FC,2025-08-19,1,0,,H,,,wiki_2026_h2h_v5,wiki_2026_h2h_v5
43417,wiki_kor.1_2025_2nd_Suw_GJU_0781,kor.1,,,Suwon FC,Gwangju FC,2025-08-20,2,4,,A,,,wiki_2026_h2h_v5,wiki_2026_h2h_v5
43418,wiki_kor.1_2025_2nd_Suw_SEL_0782,kor.1,,,Suwon FC,Seoul E-Land,2025-08-21,1,1,,D,,,wiki_2026_h2h_v5,wiki_2026_h2h_v5
43419,wiki_kor.1_2025_2nd_Suw_USH_0783,kor.1,,,Suwon FC,Ulsan HD,2025-08-22,4,2,,H,,,wiki_2026_h2h_v5,wiki_2026_h2h_v5
43420,wiki_kor.1_2025_2nd_Uls_AYG_0784,kor.1,,,Ulsan HD,FC Anyang,2025-08-23,0,0,,D,,,wiki_2026_h2h_v5,wiki_2026_h2h_v5
43421,wiki_kor.1_2025_2nd_Uls_DHC_0785,kor.1,,,Ulsan HD,Daejeon Hana Citizen,2025-08-24,1,2,,A,,,wiki_2026_h2h_v5,wiki_2026_h2h_v5
43422,wiki_kor.1_2025_2nd_Uls_GJU_0786,kor.1,,,Ulsan HD,Gwangju FC,2025-08-25,2,0,,H,,,wiki_2026_h2h_v5,wiki_2026_h2h_v5
43423,wiki_kor.1_2025_2nd_Uls_JSK_0787,kor.1,,,Ulsan HD,Jeju SK,2025-08-26,1,0,,H,,,wiki_2026_h2h_v5,wiki_2026_h2h_v5
43424,wiki_kor.1_2025_2nd_Uls_JHM_0788,kor.1,,,Ulsan HD,Jeonbuk Hyundai Motors,2025-08-27,0,2,,A,,,wiki_2026_h2h_v5,wiki_2026_h2h_v5
43425,wiki_kor.2_2023_1st_Ans_AYG_0789,kor.2,,,Ansan Greeners,FC Anyang,2023-05-10,1,1,,D,,,wiki_2026_h2h_v5,wiki_2026_h2h_v5
43426,wiki_kor.2_2023_1st_Ans_BCN_0790,kor.2,,,Ansan Greeners,Bucheon FC 1995,2023-05-11,0,2,,A,,,wiki_2026_h2h_v5,wiki_2026_h2h_v5
43427,wiki_kor.2_2023_1st_Ans_BSI_0791,kor.2,,,Ansan Greeners,Busan IPark,2023-05-12,1,2,,A,,,wiki_2026_h2h_v5,wiki_2026_h2h_v5
43428,wiki_kor.2_2023_1st_Ans_CNC_0792,kor.2,,,Ansan Greeners,Cheonan City,2023-05-13,2,1,,H,,,wiki_2026_h2h_v5,wiki_2026_h2h_v5
43429,wiki_kor.2_2023_1st_Ans_CBC_0793,kor.2,,,Ansan Greeners,Chungbuk Cheongju,2023-05-14,0,2,,A,,,wiki_2026_h2h_v5,wiki_2026_h2h_v5
43430,wiki_kor.2_2023_1st_Ans_CNA_0794,kor.2,,,Ansan Greeners,Chungnam Asan,2023-05-15,1,0,,H,,,wiki_2026_h2h_v5,wiki_2026_h2h_v5
43431,wiki_kor.2_2023_1st_Ans_GCS_0795,kor.2,,,Ansan Greeners,Gimcheon Sangmu,2023-05-16,2,3,,A,,,wiki_2026_h2h_v5,wiki_2026_h2h_v5
43432,wiki_kor.2_2023_1st_Ans_GIM_0796,kor.2,,,Ansan Greeners,Gimpo FC,2023-05-17,2,3,,A,,,wiki_2026_h2h_v5,wiki_2026_h2h_v5
43433,wiki_kor.2_2023_1st_Ans_GNM_0797,kor.2,,,Ansan Greeners,Gyeongnam FC,2023-05-18,1,1,,D,,,wiki_2026_h2h_v5,wiki_2026_h2h_v5
43434,wiki_kor.2_2023_1st_Ans_JND_0798,kor.2,,,Ansan Greeners,Jeonnam Dragons,2023-05-19,1,0,,H,,,wiki_2026_h2h_v5,wiki_2026_h2h_v5
43435,wiki_kor.2_2023_1st_Ans_SNM_0799,kor.2,,,Ansan Greeners,Seongnam FC,2023-05-20,0,3,,A,,,wiki_2026_h2h_v5,wiki_2026_h2h_v5
43436,wiki_kor.2_2023_1st_Ans_SUE_0800,kor.2,,,Ansan Greeners,Suwon FC,2023-05-21,1,2,,A,,,wiki_2026_h2h_v5,wiki_2026_h2h_v5
43437,wiki_kor.2_2023_1st_FC _ASG_0801,kor.2,,,FC Anyang,Ansan Greeners,2023-05-22,1,1,,D,,,wiki_2026_h2h_v5,wiki_2026_h2h_v5
43438,wiki_kor.2_2023_1st_FC _BCN_0802,kor.2,,,FC Anyang,Bucheon FC 1995,2023-05-23,2,2,,D,,,wiki_2026_h2h_v5,wiki_2026_h2h_v5
43439,wiki_kor.2_2023_1st_FC _BSI_0803,kor.2,,,FC Anyang,Busan IPark,2023-05-24,0,3,,A,,,wiki_2026_h2h_v5,wiki_2026_h2h_v5
43440,wiki_kor.2_2023_1st_FC _CNC_0804,kor.2,,,FC Anyang,Cheonan City,2023-05-25,1,1,,D,,,wiki_2026_h2h_v5,wiki_2026_h2h_v5
43441,wiki_kor.2_2023_1st_FC _CBC_0805,kor.2,,,FC Anyang,Chungbuk Cheongju,2023-05-26,1,0,,H,,,wiki_2026_h2h_v5,wiki_2026_h2h_v5
43442,wiki_kor.2_2023_1st_FC _CNA_0806,kor.2,,,FC Anyang,Chungnam Asan,2023-05-27,3,0,,H,,,wiki_2026_h2h_v5,wiki_2026_h2h_v5
43443,wiki_kor.2_2023_1st_FC _GCS_0807,kor.2,,,FC Anyang,Gimcheon Sangmu,2023-05-28,2,0,,H,,,wiki_2026_h2h_v5,wiki_2026_h2h_v5
43444,wiki_kor.2_2023_1st_FC _GIM_0808,kor.2,,,FC Anyang,Gimpo FC,2023-05-29,1,2,,A,,,wiki_2026_h2h_v5,wiki_2026_h2h_v5
43445,wiki_kor.2_2023_1st_FC _GNM_0809,kor.2,,,FC Anyang,Gyeongnam FC,2023-05-30,2,4,,A,,,wiki_2026_h2h_v5,wiki_2026_h2h_v5
43446,wiki_kor.2_2023_1st_FC _JND_0810,kor.2,,,FC Anyang,Jeonnam Dragons,2023-05-31,2,0,,H,,,wiki_2026_h2h_v5,wiki_2026_h2h_v5
43447,wiki_kor.2_2023_1st_FC _SNM_0811,kor.2,,,FC Anyang,Seongnam FC,2023-06-01,2,1,,H,,,wiki_2026_h2h_v5,wiki_2026_h2h_v5
43448,wiki_kor.2_2023_1st_FC _SUE_0812,kor.2,,,FC Anyang,Suwon FC,2023-06-02,1,1,,D,,,wiki_2026_h2h_v5,wiki_2026_h2h_v5
43449,wiki_kor.2_2023_1st_Buc_ASG_0813,kor.2,,,Bucheon FC 1995,Ansan Greeners,2023-06-03,1,0,,H,,,wiki_2026_h2h_v5,wiki_2026_h2h_v5
43450,wiki_kor.2_2023_1st_Buc_AYG_0814,kor.2,,,Bucheon FC 1995,FC Anyang,2023-06-04,2,4,,A,,,wiki_2026_h2h_v5,wiki_2026_h2h_v5
43451,wiki_kor.2_2023_1st_Buc_BSI_0815,kor.2,,,Bucheon FC 1995,Busan IPark,2023-06-05,0,0,,D,,,wiki_2026_h2h_v5,wiki_2026_h2h_v5
43452,wiki_kor.2_2023_1st_Buc_CNC_0816,kor.2,,,Bucheon FC 1995,Cheonan City,2023-06-06,1,1,,D,,,wiki_2026_h2h_v5,wiki_2026_h2h_v5
43453,wiki_kor.2_2023_1st_Buc_CBC_0817,kor.2,,,Bucheon FC 1995,Chungbuk Cheongju,2023-06-07,0,0,,D,,,wiki_2026_h2h_v5,wiki_2026_h2h_v5
43454,wiki_kor.2_2023_1st_Buc_CNA_0818,kor.2,,,Bucheon FC 1995,Chungnam Asan,2023-06-08,2,1,,H,,,wiki_2026_h2h_v5,wiki_2026_h2h_v5
43455,wiki_kor.2_2023_1st_Buc_GCS_0819,kor.2,,,Bucheon FC 1995,Gimcheon Sangmu,2023-06-09,0,3,,A,,,wiki_2026_h2h_v5,wiki_2026_h2h_v5
43456,wiki_kor.2_2023_1st_Buc_GIM_0820,kor.2,,,Bucheon FC 1995,Gimpo FC,2023-06-10,2,0,,H,,,wiki_2026_h2h_v5,wiki_2026_h2h_v5
43457,wiki_kor.2_2023_1st_Buc_GNM_0821,kor.2,,,Bucheon FC 1995,Gyeongnam FC,2023-06-11,2,0,,H,,,wiki_2026_h2h_v5,wiki_2026_h2h_v5
43458,wiki_kor.2_2023_1st_Buc_JND_0822,kor.2,,,Bucheon FC 1995,Jeonnam Dragons,2023-06-12,5,2,,H,,,wiki_2026_h2h_v5,wiki_2026_h2h_v5
43459,wiki_kor.2_2023_1st_Buc_SNM_0823,kor.2,,,Bucheon FC 1995,Seongnam FC,2023-06-13,1,0,,H,,,wiki_2026_h2h_v5,wiki_2026_h2h_v5
43460,wiki_kor.2_2023_1st_Buc_SUE_0824,kor.2,,,Bucheon FC 1995,Suwon FC,2023-06-14,0,1,,A,,,wiki_2026_h2h_v5,wiki_2026_h2h_v5
43461,wiki_kor.2_2023_1st_Bus_ASG_0825,kor.2,,,Busan IPark,Ansan Greeners,2023-06-15,0,0,,D,,,wiki_2026_h2h_v5,wiki_2026_h2h_v5
43462,wiki_kor.2_2023_1st_Bus_AYG_0826,kor.2,,,Busan IPark,FC Anyang,2023-06-16,2,1,,H,,,wiki_2026_h2h_v5,wiki_2026_h2h_v5
43463,wiki_kor.2_2023_1st_Bus_BCN_0827,kor.2,,,Busan IPark,Bucheon FC 1995,2023-06-17,0,1,,A,,,wiki_2026_h2h_v5,wiki_2026_h2h_v5
43464,wiki_kor.2_2023_1st_Bus_CNC_0828,kor.2,,,Busan IPark,Cheonan City,2023-06-18,1,0,,H,,,wiki_2026_h2h_v5,wiki_2026_h2h_v5
43465,wiki_kor.2_2023_1st_Bus_CBC_0829,kor.2,,,Busan IPark,Chungbuk Cheongju,2023-06-19,1,1,,D,,,wiki_2026_h2h_v5,wiki_2026_h2h_v5
43466,wiki_kor.2_2023_1st_Bus_CNA_0830,kor.2,,,Busan IPark,Chungnam Asan,2023-06-20,2,0,,H,,,wiki_2026_h2h_v5,wiki_2026_h2h_v5
43467,wiki_kor.2_2023_1st_Bus_GCS_0831,kor.2,,,Busan IPark,Gimcheon Sangmu,2023-06-21,3,1,,H,,,wiki_2026_h2h_v5,wiki_2026_h2h_v5
43468,wiki_kor.2_2023_1st_Bus_GIM_0832,kor.2,,,Busan IPark,Gimpo FC,2023-06-22,0,0,,D,,,wiki_2026_h2h_v5,wiki_2026_h2h_v5
43469,wiki_kor.2_2023_1st_Bus_GNM_0833,kor.2,,,Busan IPark,Gyeongnam FC,2023-06-23,0,0,,D,,,wiki_2026_h2h_v5,wiki_2026_h2h_v5
43470,wiki_kor.2_2023_1st_Bus_JND_0834,kor.2,,,Busan IPark,Jeonnam Dragons,2023-06-24,1,0,,H,,,wiki_2026_h2h_v5,wiki_2026_h2h_v5
43471,wiki_kor.2_2023_1st_Bus_SNM_0835,kor.2,,,Busan IPark,Seongnam FC,2023-06-25,2,3,,A,,,wiki_2026_h2h_v5,wiki_2026_h2h_v5
43472,wiki_kor.2_2023_1st_Bus_SUE_0836,kor.2,,,Busan IPark,Suwon FC,2023-06-26,1,0,,H,,,wiki_2026_h2h_v5,wiki_2026_h2h_v5
43473,wiki_kor.2_2023_1st_Che_ASG_0837,kor.2,,,Cheonan City,Ansan Greeners,2023-06-27,1,1,,D,,,wiki_2026_h2h_v5,wiki_2026_h2h_v5
43474,wiki_kor.2_2023_1st_Che_AYG_0838,kor.2,,,Cheonan City,FC Anyang,2023-06-28,0,4,,A,,,wiki_2026_h2h_v5,wiki_2026_h2h_v5
43475,wiki_kor.2_2023_1st_Che_BCN_0839,kor.2,,,Cheonan City,Bucheon FC 1995,2023-06-29,0,3,,A,,,wiki_2026_h2h_v5,wiki_2026_h2h_v5
43476,wiki_kor.2_2023_1st_Che_BSI_0840,kor.2,,,Cheonan City,Busan IPark,2023-06-30,2,3,,A,,,wiki_2026_h2h_v5,wiki_2026_h2h_v5
43477,wiki_kor.2_2023_1st_Che_CBC_0841,kor.2,,,Cheonan City,Chungbuk Cheongju,2023-07-01,2,2,,D,,,wiki_2026_h2h_v5,wiki_2026_h2h_v5
43478,wiki_kor.2_2023_1st_Che_CNA_0842,kor.2,,,Cheonan City,Chungnam Asan,2023-07-02,0,1,,A,,,wiki_2026_h2h_v5,wiki_2026_h2h_v5
43479,wiki_kor.2_2023_1st_Che_GCS_0843,kor.2,,,Cheonan City,Gimcheon Sangmu,2023-07-03,0,2,,A,,,wiki_2026_h2h_v5,wiki_2026_h2h_v5
43480,wiki_kor.2_2023_1st_Che_GIM_0844,kor.2,,,Cheonan City,Gimpo FC,2023-07-04,0,2,,A,,,wiki_2026_h2h_v5,wiki_2026_h2h_v5
43481,wiki_kor.2_2023_1st_Che_GNM_0845,kor.2,,,Cheonan City,Gyeongnam FC,2023-07-05,2,3,,A,,,wiki_2026_h2h_v5,wiki_2026_h2h_v5
43482,wiki_kor.2_2023_1st_Che_JND_0846,kor.2,,,Cheonan City,Jeonnam Dragons,2023-07-06,1,3,,A,,,wiki_2026_h2h_v5,wiki_2026_h2h_v5
43483,wiki_kor.2_2023_1st_Che_SNM_0847,kor.2,,,Cheonan City,Seongnam FC,2023-07-07,3,2,,H,,,wiki_2026_h2h_v5,wiki_2026_h2h_v5
43484,wiki_kor.2_2023_1st_Che_SUE_0848,kor.2,,,Cheonan City,Suwon FC,2023-07-08,0,0,,D,,,wiki_2026_h2h_v5,wiki_2026_h2h_v5
43485,wiki_kor.2_2023_1st_Chu_ASG_0849,kor.2,,,Chungbuk Cheongju,Ansan Greeners,2023-07-09,3,0,,H,,,wiki_2026_h2h_v5,wiki_2026_h2h_v5
43486,wiki_kor.2_2023_1st_Chu_AYG_0850,kor.2,,,Chungbuk Cheongju,FC Anyang,2023-07-10,2,1,,H,,,wiki_2026_h2h_v5,wiki_2026_h2h_v5
43487,wiki_kor.2_2023_1st_Chu_BCN_0851,kor.2,,,Chungbuk Cheongju,Bucheon FC 1995,2023-07-11,0,4,,A,,,wiki_2026_h2h_v5,wiki_2026_h2h_v5
43488,wiki_kor.2_2023_1st_Chu_BSI_0852,kor.2,,,Chungbuk Cheongju,Busan IPark,2023-07-12,1,1,,D,,,wiki_2026_h2h_v5,wiki_2026_h2h_v5
43489,wiki_kor.2_2023_1st_Chu_CNC_0853,kor.2,,,Chungbuk Cheongju,Cheonan City,2023-07-13,2,1,,H,,,wiki_2026_h2h_v5,wiki_2026_h2h_v5
43490,wiki_kor.2_2023_1st_Chu_CNA_0854,kor.2,,,Chungbuk Cheongju,Chungnam Asan,2023-07-14,0,4,,A,,,wiki_2026_h2h_v5,wiki_2026_h2h_v5
43491,wiki_kor.2_2023_1st_Chu_GCS_0855,kor.2,,,Chungbuk Cheongju,Gimcheon Sangmu,2023-07-15,0,2,,A,,,wiki_2026_h2h_v5,wiki_2026_h2h_v5
43492,wiki_kor.2_2023_1st_Chu_GIM_0856,kor.2,,,Chungbuk Cheongju,Gimpo FC,2023-07-16,0,0,,D,,,wiki_2026_h2h_v5,wiki_2026_h2h_v5
43493,wiki_kor.2_2023_1st_Chu_GNM_0857,kor.2,,,Chungbuk Cheongju,Gyeongnam FC,2023-07-17,0,2,,A,,,wiki_2026_h2h_v5,wiki_2026_h2h_v5
43494,wiki_kor.2_2023_1st_Chu_JND_0858,kor.2,,,Chungbuk Cheongju,Jeonnam Dragons,2023-07-18,3,1,,H,,,wiki_2026_h2h_v5,wiki_2026_h2h_v5
43495,wiki_kor.2_2023_1st_Chu_SNM_0859,kor.2,,,Chungbuk Cheongju,Seongnam FC,2023-07-19,0,0,,D,,,wiki_2026_h2h_v5,wiki_2026_h2h_v5
43496,wiki_kor.2_2023_1st_Chu_SUE_0860,kor.2,,,Chungbuk Cheongju,Suwon FC,2023-07-20,2,1,,H,,,wiki_2026_h2h_v5,wiki_2026_h2h_v5
43497,wiki_kor.2_2023_1st_Chu_ASG_0861,kor.2,,,Chungnam Asan,Ansan Greeners,2023-07-21,1,0,,H,,,wiki_2026_h2h_v5,wiki_2026_h2h_v5
43498,wiki_kor.2_2023_1st_Chu_AYG_0862,kor.2,,,Chungnam Asan,FC Anyang,2023-07-22,2,3,,A,,,wiki_2026_h2h_v5,wiki_2026_h2h_v5
43499,wiki_kor.2_2023_1st_Chu_BCN_0863,kor.2,,,Chungnam Asan,Bucheon FC 1995,2023-07-23,1,0,,H,,,wiki_2026_h2h_v5,wiki_2026_h2h_v5
43500,wiki_kor.2_2023_1st_Chu_BSI_0864,kor.2,,,Chungnam Asan,Busan IPark,2023-07-24,1,1,,D,,,wiki_2026_h2h_v5,wiki_2026_h2h_v5
43501,wiki_kor.2_2023_1st_Chu_CNC_0865,kor.2,,,Chungnam Asan,Cheonan City,2023-07-25,1,0,,H,,,wiki_2026_h2h_v5,wiki_2026_h2h_v5
43502,wiki_kor.2_2023_1st_Chu_CBC_0866,kor.2,,,Chungnam Asan,Chungbuk Cheongju,2023-07-26,3,2,,H,,,wiki_2026_h2h_v5,wiki_2026_h2h_v5
43503,wiki_kor.2_2023_1st_Chu_GCS_0867,kor.2,,,Chungnam Asan,Gimcheon Sangmu,2023-07-27,1,2,,A,,,wiki_2026_h2h_v5,wiki_2026_h2h_v5
43504,wiki_kor.2_2023_1st_Chu_GIM_0868,kor.2,,,Chungnam Asan,Gimpo FC,2023-07-28,0,1,,A,,,wiki_2026_h2h_v5,wiki_2026_h2h_v5
43505,wiki_kor.2_2023_1st_Chu_GNM_0869,kor.2,,,Chungnam Asan,Gyeongnam FC,2023-07-29,2,2,,D,,,wiki_2026_h2h_v5,wiki_2026_h2h_v5
43506,wiki_kor.2_2023_1st_Chu_JND_0870,kor.2,,,Chungnam Asan,Jeonnam Dragons,2023-07-30,3,3,,D,,,wiki_2026_h2h_v5,wiki_2026_h2h_v5
43507,wiki_kor.2_2023_1st_Chu_SNM_0871,kor.2,,,Chungnam Asan,Seongnam FC,2023-07-31,2,0,,H,,,wiki_2026_h2h_v5,wiki_2026_h2h_v5
43508,wiki_kor.2_2023_1st_Chu_SUE_0872,kor.2,,,Chungnam Asan,Suwon FC,2023-08-01,2,0,,H,,,wiki_2026_h2h_v5,wiki_2026_h2h_v5
43509,wiki_kor.2_2023_1st_Gim_ASG_0873,kor.2,,,Gimcheon Sangmu,Ansan Greeners,2023-08-02,3,2,,H,,,wiki_2026_h2h_v5,wiki_2026_h2h_v5
43510,wiki_kor.2_2023_1st_Gim_AYG_0874,kor.2,,,Gimcheon Sangmu,FC Anyang,2023-08-03,0,0,,D,,,wiki_2026_h2h_v5,wiki_2026_h2h_v5
43511,wiki_kor.2_2023_1st_Gim_BCN_0875,kor.2,,,Gimcheon Sangmu,Bucheon FC 1995,2023-08-04,4,1,,H,,,wiki_2026_h2h_v5,wiki_2026_h2h_v5
43512,wiki_kor.2_2023_1st_Gim_BSI_0876,kor.2,,,Gimcheon Sangmu,Busan IPark,2023-08-05,2,1,,H,,,wiki_2026_h2h_v5,wiki_2026_h2h_v5
43513,wiki_kor.2_2023_1st_Gim_CNC_0877,kor.2,,,Gimcheon Sangmu,Cheonan City,2023-08-06,4,1,,H,,,wiki_2026_h2h_v5,wiki_2026_h2h_v5
43514,wiki_kor.2_2023_1st_Gim_CBC_0878,kor.2,,,Gimcheon Sangmu,Chungbuk Cheongju,2023-08-07,0,0,,D,,,wiki_2026_h2h_v5,wiki_2026_h2h_v5
43515,wiki_kor.2_2023_1st_Gim_CNA_0879,kor.2,,,Gimcheon Sangmu,Chungnam Asan,2023-08-08,3,2,,H,,,wiki_2026_h2h_v5,wiki_2026_h2h_v5
43516,wiki_kor.2_2023_1st_Gim_GIM_0880,kor.2,,,Gimcheon Sangmu,Gimpo FC,2023-08-09,0,2,,A,,,wiki_2026_h2h_v5,wiki_2026_h2h_v5
43517,wiki_kor.2_2023_1st_Gim_GNM_0881,kor.2,,,Gimcheon Sangmu,Gyeongnam FC,2023-08-10,0,2,,A,,,wiki_2026_h2h_v5,wiki_2026_h2h_v5
43518,wiki_kor.2_2023_1st_Gim_JND_0882,kor.2,,,Gimcheon Sangmu,Jeonnam Dragons,2023-08-11,2,1,,H,,,wiki_2026_h2h_v5,wiki_2026_h2h_v5
43519,wiki_kor.2_2023_1st_Gim_SNM_0883,kor.2,,,Gimcheon Sangmu,Seongnam FC,2023-08-12,4,0,,H,,,wiki_2026_h2h_v5,wiki_2026_h2h_v5
43520,wiki_kor.2_2023_1st_Gim_SUE_0884,kor.2,,,Gimcheon Sangmu,Suwon FC,2023-08-13,4,0,,H,,,wiki_2026_h2h_v5,wiki_2026_h2h_v5
43521,wiki_kor.2_2023_1st_Gim_ASG_0885,kor.2,,,Gimpo FC,Ansan Greeners,2023-08-14,0,1,,A,,,wiki_2026_h2h_v5,wiki_2026_h2h_v5
43522,wiki_kor.2_2023_1st_Gim_AYG_0886,kor.2,,,Gimpo FC,FC Anyang,2023-08-15,1,0,,H,,,wiki_2026_h2h_v5,wiki_2026_h2h_v5
43523,wiki_kor.2_2023_1st_Gim_BCN_0887,kor.2,,,Gimpo FC,Bucheon FC 1995,2023-08-16,1,1,,D,,,wiki_2026_h2h_v5,wiki_2026_h2h_v5
43524,wiki_kor.2_2023_1st_Gim_BSI_0888,kor.2,,,Gimpo FC,Busan IPark,2023-08-17,1,0,,H,,,wiki_2026_h2h_v5,wiki_2026_h2h_v5
43525,wiki_kor.2_2023_1st_Gim_CNC_0889,kor.2,,,Gimpo FC,Cheonan City,2023-08-18,4,0,,H,,,wiki_2026_h2h_v5,wiki_2026_h2h_v5
43526,wiki_kor.2_2023_1st_Gim_CBC_0890,kor.2,,,Gimpo FC,Chungbuk Cheongju,2023-08-19,1,2,,A,,,wiki_2026_h2h_v5,wiki_2026_h2h_v5
43527,wiki_kor.2_2023_1st_Gim_CNA_0891,kor.2,,,Gimpo FC,Chungnam Asan,2023-08-20,1,1,,D,,,wiki_2026_h2h_v5,wiki_2026_h2h_v5
43528,wiki_kor.2_2023_1st_Gim_GCS_0892,kor.2,,,Gimpo FC,Gimcheon Sangmu,2023-08-21,2,1,,H,,,wiki_2026_h2h_v5,wiki_2026_h2h_v5
43529,wiki_kor.2_2023_1st_Gim_GNM_0893,kor.2,,,Gimpo FC,Gyeongnam FC,2023-08-22,0,0,,D,,,wiki_2026_h2h_v5,wiki_2026_h2h_v5
43530,wiki_kor.2_2023_1st_Gim_JND_0894,kor.2,,,Gimpo FC,Jeonnam Dragons,2023-08-23,1,2,,A,,,wiki_2026_h2h_v5,wiki_2026_h2h_v5
43531,wiki_kor.2_2023_1st_Gim_SNM_0895,kor.2,,,Gimpo FC,Seongnam FC,2023-08-24,0,0,,D,,,wiki_2026_h2h_v5,wiki_2026_h2h_v5
43532,wiki_kor.2_2023_1st_Gim_SUE_0896,kor.2,,,Gimpo FC,Suwon FC,2023-08-25,0,0,,D,,,wiki_2026_h2h_v5,wiki_2026_h2h_v5
43533,wiki_kor.2_2023_1st_Gye_ASG_0897,kor.2,,,Gyeongnam FC,Ansan Greeners,2023-08-26,3,1,,H,,,wiki_2026_h2h_v5,wiki_2026_h2h_v5
43534,wiki_kor.2_2023_1st_Gye_AYG_0898,kor.2,,,Gyeongnam FC,FC Anyang,2023-08-27,3,2,,H,,,wiki_2026_h2h_v5,wiki_2026_h2h_v5
43535,wiki_kor.2_2023_1st_Gye_BCN_0899,kor.2,,,Gyeongnam FC,Bucheon FC 1995,2023-08-28,1,0,,H,,,wiki_2026_h2h_v5,wiki_2026_h2h_v5
43536,wiki_kor.2_2023_1st_Gye_BSI_0900,kor.2,,,Gyeongnam FC,Busan IPark,2023-03-02,1,2,,A,,,wiki_2026_h2h_v5,wiki_2026_h2h_v5
43537,wiki_kor.2_2023_1st_Gye_CNC_0901,kor.2,,,Gyeongnam FC,Cheonan City,2023-03-03,2,1,,H,,,wiki_2026_h2h_v5,wiki_2026_h2h_v5
43538,wiki_kor.2_2023_1st_Gye_CBC_0902,kor.2,,,Gyeongnam FC,Chungbuk Cheongju,2023-03-04,2,2,,D,,,wiki_2026_h2h_v5,wiki_2026_h2h_v5
43539,wiki_kor.2_2023_1st_Gye_CNA_0903,kor.2,,,Gyeongnam FC,Chungnam Asan,2023-03-05,2,1,,H,,,wiki_2026_h2h_v5,wiki_2026_h2h_v5
43540,wiki_kor.2_2023_1st_Gye_GCS_0904,kor.2,,,Gyeongnam FC,Gimcheon Sangmu,2023-03-06,0,2,,A,,,wiki_2026_h2h_v5,wiki_2026_h2h_v5
43541,wiki_kor.2_2023_1st_Gye_GIM_0905,kor.2,,,Gyeongnam FC,Gimpo FC,2023-03-07,0,0,,D,,,wiki_2026_h2h_v5,wiki_2026_h2h_v5
43542,wiki_kor.2_2023_1st_Gye_JND_0906,kor.2,,,Gyeongnam FC,Jeonnam Dragons,2023-03-08,0,2,,A,,,wiki_2026_h2h_v5,wiki_2026_h2h_v5
43543,wiki_kor.2_2023_1st_Gye_SNM_0907,kor.2,,,Gyeongnam FC,Seongnam FC,2023-03-09,2,2,,D,,,wiki_2026_h2h_v5,wiki_2026_h2h_v5
43544,wiki_kor.2_2023_1st_Gye_SUE_0908,kor.2,,,Gyeongnam FC,Suwon FC,2023-03-10,1,2,,A,,,wiki_2026_h2h_v5,wiki_2026_h2h_v5
43545,wiki_kor.2_2023_1st_Jeo_ASG_0909,kor.2,,,Jeonnam Dragons,Ansan Greeners,2023-03-11,5,2,,H,,,wiki_2026_h2h_v5,wiki_2026_h2h_v5
43546,wiki_kor.2_2023_1st_Jeo_AYG_0910,kor.2,,,Jeonnam Dragons,FC Anyang,2023-03-12,0,1,,A,,,wiki_2026_h2h_v5,wiki_2026_h2h_v5
43547,wiki_kor.2_2023_1st_Jeo_BCN_0911,kor.2,,,Jeonnam Dragons,Bucheon FC 1995,2023-03-13,1,0,,H,,,wiki_2026_h2h_v5,wiki_2026_h2h_v5
43548,wiki_kor.2_2023_1st_Jeo_BSI_0912,kor.2,,,Jeonnam Dragons,Busan IPark,2023-03-14,1,1,,D,,,wiki_2026_h2h_v5,wiki_2026_h2h_v5
43549,wiki_kor.2_2023_1st_Jeo_CNC_0913,kor.2,,,Jeonnam Dragons,Cheonan City,2023-03-15,2,0,,H,,,wiki_2026_h2h_v5,wiki_2026_h2h_v5
43550,wiki_kor.2_2023_1st_Jeo_CBC_0914,kor.2,,,Jeonnam Dragons,Chungbuk Cheongju,2023-03-16,3,0,,H,,,wiki_2026_h2h_v5,wiki_2026_h2h_v5
43551,wiki_kor.2_2023_1st_Jeo_CNA_0915,kor.2,,,Jeonnam Dragons,Chungnam Asan,2023-03-17,2,1,,H,,,wiki_2026_h2h_v5,wiki_2026_h2h_v5
43552,wiki_kor.2_2023_1st_Jeo_GCS_0916,kor.2,,,Jeonnam Dragons,Gimcheon Sangmu,2023-03-18,1,0,,H,,,wiki_2026_h2h_v5,wiki_2026_h2h_v5
43553,wiki_kor.2_2023_1st_Jeo_GIM_0917,kor.2,,,Jeonnam Dragons,Gimpo FC,2023-03-19,0,2,,A,,,wiki_2026_h2h_v5,wiki_2026_h2h_v5
43554,wiki_kor.2_2023_1st_Jeo_GNM_0918,kor.2,,,Jeonnam Dragons,Gyeongnam FC,2023-03-20,0,5,,A,,,wiki_2026_h2h_v5,wiki_2026_h2h_v5
43555,wiki_kor.2_2023_1st_Jeo_SNM_0919,kor.2,,,Jeonnam Dragons,Seongnam FC,2023-03-21,2,2,,D,,,wiki_2026_h2h_v5,wiki_2026_h2h_v5
43556,wiki_kor.2_2023_1st_Jeo_SUE_0920,kor.2,,,Jeonnam Dragons,Suwon FC,2023-03-22,3,3,,D,,,wiki_2026_h2h_v5,wiki_2026_h2h_v5
43557,wiki_kor.2_2023_1st_Seo_ASG_0921,kor.2,,,Seongnam FC,Ansan Greeners,2023-03-23,2,1,,H,,,wiki_2026_h2h_v5,wiki_2026_h2h_v5
43558,wiki_kor.2_2023_1st_Seo_AYG_0922,kor.2,,,Seongnam FC,FC Anyang,2023-03-24,1,2,,A,,,wiki_2026_h2h_v5,wiki_2026_h2h_v5
43559,wiki_kor.2_2023_1st_Seo_BCN_0923,kor.2,,,Seongnam FC,Bucheon FC 1995,2023-03-25,0,1,,A,,,wiki_2026_h2h_v5,wiki_2026_h2h_v5
43560,wiki_kor.2_2023_1st_Seo_BSI_0924,kor.2,,,Seongnam FC,Busan IPark,2023-03-26,1,3,,A,,,wiki_2026_h2h_v5,wiki_2026_h2h_v5
43561,wiki_kor.2_2023_1st_Seo_CNC_0925,kor.2,,,Seongnam FC,Cheonan City,2023-03-27,2,0,,H,,,wiki_2026_h2h_v5,wiki_2026_h2h_v5
43562,wiki_kor.2_2023_1st_Seo_CBC_0926,kor.2,,,Seongnam FC,Chungbuk Cheongju,2023-03-28,3,2,,H,,,wiki_2026_h2h_v5,wiki_2026_h2h_v5
43563,wiki_kor.2_2023_1st_Seo_CNA_0927,kor.2,,,Seongnam FC,Chungnam Asan,2023-03-29,0,0,,D,,,wiki_2026_h2h_v5,wiki_2026_h2h_v5
43564,wiki_kor.2_2023_1st_Seo_GCS_0928,kor.2,,,Seongnam FC,Gimcheon Sangmu,2023-03-30,2,2,,D,,,wiki_2026_h2h_v5,wiki_2026_h2h_v5
43565,wiki_kor.2_2023_1st_Seo_GIM_0929,kor.2,,,Seongnam FC,Gimpo FC,2023-03-31,0,0,,D,,,wiki_2026_h2h_v5,wiki_2026_h2h_v5
43566,wiki_kor.2_2023_1st_Seo_GNM_0930,kor.2,,,Seongnam FC,Gyeongnam FC,2023-04-01,1,1,,D,,,wiki_2026_h2h_v5,wiki_2026_h2h_v5
43567,wiki_kor.2_2023_1st_Seo_JND_0931,kor.2,,,Seongnam FC,Jeonnam Dragons,2023-04-02,2,1,,H,,,wiki_2026_h2h_v5,wiki_2026_h2h_v5
43568,wiki_kor.2_2023_1st_Seo_SUE_0932,kor.2,,,Seongnam FC,Suwon FC,2023-04-03,1,2,,A,,,wiki_2026_h2h_v5,wiki_2026_h2h_v5
43569,wiki_kor.2_2023_1st_Seo_ASG_0933,kor.2,,,Seoul E-Land,Ansan Greeners,2023-04-04,4,1,,H,,,wiki_2026_h2h_v5,wiki_2026_h2h_v5
43570,wiki_kor.2_2023_1st_Seo_AYG_0934,kor.2,,,Seoul E-Land,FC Anyang,2023-04-05,1,2,,A,,,wiki_2026_h2h_v5,wiki_2026_h2h_v5
43571,wiki_kor.2_2023_1st_Seo_BCN_0935,kor.2,,,Seoul E-Land,Bucheon FC 1995,2023-04-06,2,0,,H,,,wiki_2026_h2h_v5,wiki_2026_h2h_v5
43572,wiki_kor.2_2023_1st_Seo_BSI_0936,kor.2,,,Seoul E-Land,Busan IPark,2023-04-07,1,2,,A,,,wiki_2026_h2h_v5,wiki_2026_h2h_v5
43573,wiki_kor.2_2023_1st_Seo_CNC_0937,kor.2,,,Seoul E-Land,Cheonan City,2023-04-08,3,2,,H,,,wiki_2026_h2h_v5,wiki_2026_h2h_v5
43574,wiki_kor.2_2023_1st_Seo_CBC_0938,kor.2,,,Seoul E-Land,Chungbuk Cheongju,2023-04-09,2,3,,A,,,wiki_2026_h2h_v5,wiki_2026_h2h_v5
43575,wiki_kor.2_2023_1st_Seo_CNA_0939,kor.2,,,Seoul E-Land,Chungnam Asan,2023-04-10,0,0,,D,,,wiki_2026_h2h_v5,wiki_2026_h2h_v5
43576,wiki_kor.2_2023_1st_Seo_GCS_0940,kor.2,,,Seoul E-Land,Gimcheon Sangmu,2023-04-11,0,1,,A,,,wiki_2026_h2h_v5,wiki_2026_h2h_v5
43577,wiki_kor.2_2023_1st_Seo_GIM_0941,kor.2,,,Seoul E-Land,Gimpo FC,2023-04-12,0,1,,A,,,wiki_2026_h2h_v5,wiki_2026_h2h_v5
43578,wiki_kor.2_2023_1st_Seo_GNM_0942,kor.2,,,Seoul E-Land,Gyeongnam FC,2023-04-13,1,2,,A,,,wiki_2026_h2h_v5,wiki_2026_h2h_v5
43579,wiki_kor.2_2023_1st_Seo_JND_0943,kor.2,,,Seoul E-Land,Jeonnam Dragons,2023-04-14,0,1,,A,,,wiki_2026_h2h_v5,wiki_2026_h2h_v5
43580,wiki_kor.2_2023_1st_Seo_SNM_0944,kor.2,,,Seoul E-Land,Seongnam FC,2023-04-15,1,2,,A,,,wiki_2026_h2h_v5,wiki_2026_h2h_v5
43581,wiki_kor.2_2023_2nd_Ans_AYG_0945,kor.2,,,Ansan Greeners,FC Anyang,2023-09-03,2,3,,A,,,wiki_2026_h2h_v5,wiki_2026_h2h_v5
43582,wiki_kor.2_2023_2nd_Ans_BCN_0946,kor.2,,,Ansan Greeners,Bucheon FC 1995,2023-09-04,1,2,,A,,,wiki_2026_h2h_v5,wiki_2026_h2h_v5
43583,wiki_kor.2_2023_2nd_Ans_CBC_0947,kor.2,,,Ansan Greeners,Chungbuk Cheongju,2023-09-05,0,1,,A,,,wiki_2026_h2h_v5,wiki_2026_h2h_v5
43584,wiki_kor.2_2023_2nd_Ans_CNA_0948,kor.2,,,Ansan Greeners,Chungnam Asan,2023-09-06,0,1,,A,,,wiki_2026_h2h_v5,wiki_2026_h2h_v5
43585,wiki_kor.2_2023_2nd_Ans_GCS_0949,kor.2,,,Ansan Greeners,Gimcheon Sangmu,2023-09-07,3,7,,A,,,wiki_2026_h2h_v5,wiki_2026_h2h_v5
43586,wiki_kor.2_2023_2nd_Ans_GIM_0950,kor.2,,,Ansan Greeners,Gimpo FC,2023-09-08,1,1,,D,,,wiki_2026_h2h_v5,wiki_2026_h2h_v5
43587,wiki_kor.2_2023_2nd_FC _BSI_0951,kor.2,,,FC Anyang,Busan IPark,2023-09-09,0,1,,A,,,wiki_2026_h2h_v5,wiki_2026_h2h_v5
43588,wiki_kor.2_2023_2nd_FC _CNC_0952,kor.2,,,FC Anyang,Cheonan City,2023-09-10,2,1,,H,,,wiki_2026_h2h_v5,wiki_2026_h2h_v5
43589,wiki_kor.2_2023_2nd_FC _GNM_0953,kor.2,,,FC Anyang,Gyeongnam FC,2023-09-11,1,1,,D,,,wiki_2026_h2h_v5,wiki_2026_h2h_v5
43590,wiki_kor.2_2023_2nd_FC _JND_0954,kor.2,,,FC Anyang,Jeonnam Dragons,2023-09-12,3,1,,H,,,wiki_2026_h2h_v5,wiki_2026_h2h_v5
43591,wiki_kor.2_2023_2nd_FC _SNM_0955,kor.2,,,FC Anyang,Seongnam FC,2023-09-13,1,1,,D,,,wiki_2026_h2h_v5,wiki_2026_h2h_v5
43592,wiki_kor.2_2023_2nd_FC _SUE_0956,kor.2,,,FC Anyang,Suwon FC,2023-09-14,3,0,,H,,,wiki_2026_h2h_v5,wiki_2026_h2h_v5
43593,wiki_kor.2_2023_2nd_Buc_AYG_0957,kor.2,,,Bucheon FC 1995,FC Anyang,2023-09-15,1,1,,D,,,wiki_2026_h2h_v5,wiki_2026_h2h_v5
43594,wiki_kor.2_2023_2nd_Buc_CNA_0958,kor.2,,,Bucheon FC 1995,Chungnam Asan,2023-09-16,1,0,,H,,,wiki_2026_h2h_v5,wiki_2026_h2h_v5
43595,wiki_kor.2_2023_2nd_Buc_GIM_0959,kor.2,,,Bucheon FC 1995,Gimpo FC,2023-09-17,0,0,,D,,,wiki_2026_h2h_v5,wiki_2026_h2h_v5
43596,wiki_kor.2_2023_2nd_Buc_GNM_0960,kor.2,,,Bucheon FC 1995,Gyeongnam FC,2023-09-18,1,0,,H,,,wiki_2026_h2h_v5,wiki_2026_h2h_v5
43597,wiki_kor.2_2023_2nd_Buc_JND_0961,kor.2,,,Bucheon FC 1995,Jeonnam Dragons,2023-09-19,4,1,,H,,,wiki_2026_h2h_v5,wiki_2026_h2h_v5
43598,wiki_kor.2_2023_2nd_Buc_SUE_0962,kor.2,,,Bucheon FC 1995,Suwon FC,2023-09-20,1,0,,H,,,wiki_2026_h2h_v5,wiki_2026_h2h_v5
43599,wiki_kor.2_2023_2nd_Bus_ASG_0963,kor.2,,,Busan IPark,Ansan Greeners,2023-09-21,2,0,,H,,,wiki_2026_h2h_v5,wiki_2026_h2h_v5
43600,wiki_kor.2_2023_2nd_Bus_BCN_0964,kor.2,,,Busan IPark,Bucheon FC 1995,2023-09-22,2,1,,H,,,wiki_2026_h2h_v5,wiki_2026_h2h_v5
43601,wiki_kor.2_2023_2nd_Bus_CNC_0965,kor.2,,,Busan IPark,Cheonan City,2023-09-23,0,0,,D,,,wiki_2026_h2h_v5,wiki_2026_h2h_v5
43602,wiki_kor.2_2023_2nd_Bus_CBC_0966,kor.2,,,Busan IPark,Chungbuk Cheongju,2023-09-24,1,1,,D,,,wiki_2026_h2h_v5,wiki_2026_h2h_v5
43603,wiki_kor.2_2023_2nd_Bus_GCS_0967,kor.2,,,Busan IPark,Gimcheon Sangmu,2023-09-25,2,0,,H,,,wiki_2026_h2h_v5,wiki_2026_h2h_v5
43604,wiki_kor.2_2023_2nd_Bus_SNM_0968,kor.2,,,Busan IPark,Seongnam FC,2023-09-26,3,0,,H,,,wiki_2026_h2h_v5,wiki_2026_h2h_v5
43605,wiki_kor.2_2023_2nd_Che_ASG_0969,kor.2,,,Cheonan City,Ansan Greeners,2023-09-27,1,1,,D,,,wiki_2026_h2h_v5,wiki_2026_h2h_v5
43606,wiki_kor.2_2023_2nd_Che_BCN_0970,kor.2,,,Cheonan City,Bucheon FC 1995,2023-09-28,1,0,,H,,,wiki_2026_h2h_v5,wiki_2026_h2h_v5
43607,wiki_kor.2_2023_2nd_Che_CBC_0971,kor.2,,,Cheonan City,Chungbuk Cheongju,2023-09-29,0,0,,D,,,wiki_2026_h2h_v5,wiki_2026_h2h_v5
43608,wiki_kor.2_2023_2nd_Che_GCS_0972,kor.2,,,Cheonan City,Gimcheon Sangmu,2023-09-30,1,3,,A,,,wiki_2026_h2h_v5,wiki_2026_h2h_v5
43609,wiki_kor.2_2023_2nd_Che_GIM_0973,kor.2,,,Cheonan City,Gimpo FC,2023-10-01,0,0,,D,,,wiki_2026_h2h_v5,wiki_2026_h2h_v5
43610,wiki_kor.2_2023_2nd_Che_SNM_0974,kor.2,,,Cheonan City,Seongnam FC,2023-10-02,3,1,,H,,,wiki_2026_h2h_v5,wiki_2026_h2h_v5
43611,wiki_kor.2_2023_2nd_Chu_AYG_0975,kor.2,,,Chungbuk Cheongju,FC Anyang,2023-10-03,2,1,,H,,,wiki_2026_h2h_v5,wiki_2026_h2h_v5
43612,wiki_kor.2_2023_2nd_Chu_BCN_0976,kor.2,,,Chungbuk Cheongju,Bucheon FC 1995,2023-10-04,0,0,,D,,,wiki_2026_h2h_v5,wiki_2026_h2h_v5
43613,wiki_kor.2_2023_2nd_Chu_CNA_0977,kor.2,,,Chungbuk Cheongju,Chungnam Asan,2023-10-05,1,0,,H,,,wiki_2026_h2h_v5,wiki_2026_h2h_v5
43614,wiki_kor.2_2023_2nd_Chu_GIM_0978,kor.2,,,Chungbuk Cheongju,Gimpo FC,2023-10-06,1,0,,H,,,wiki_2026_h2h_v5,wiki_2026_h2h_v5
43615,wiki_kor.2_2023_2nd_Chu_GNM_0979,kor.2,,,Chungbuk Cheongju,Gyeongnam FC,2023-10-07,1,1,,D,,,wiki_2026_h2h_v5,wiki_2026_h2h_v5
43616,wiki_kor.2_2023_2nd_Chu_SUE_0980,kor.2,,,Chungbuk Cheongju,Suwon FC,2023-10-08,0,1,,A,,,wiki_2026_h2h_v5,wiki_2026_h2h_v5
43617,wiki_kor.2_2023_2nd_Chu_AYG_0981,kor.2,,,Chungnam Asan,FC Anyang,2023-10-09,4,3,,H,,,wiki_2026_h2h_v5,wiki_2026_h2h_v5
43618,wiki_kor.2_2023_2nd_Chu_BSI_0982,kor.2,,,Chungnam Asan,Busan IPark,2023-10-10,1,2,,A,,,wiki_2026_h2h_v5,wiki_2026_h2h_v5
43619,wiki_kor.2_2023_2nd_Chu_CNC_0983,kor.2,,,Chungnam Asan,Cheonan City,2023-10-11,2,0,,H,,,wiki_2026_h2h_v5,wiki_2026_h2h_v5
43620,wiki_kor.2_2023_2nd_Chu_GNM_0984,kor.2,,,Chungnam Asan,Gyeongnam FC,2023-10-12,0,1,,A,,,wiki_2026_h2h_v5,wiki_2026_h2h_v5
43621,wiki_kor.2_2023_2nd_Chu_JND_0985,kor.2,,,Chungnam Asan,Jeonnam Dragons,2023-10-13,0,1,,A,,,wiki_2026_h2h_v5,wiki_2026_h2h_v5
43622,wiki_kor.2_2023_2nd_Chu_SUE_0986,kor.2,,,Chungnam Asan,Suwon FC,2023-10-14,1,0,,H,,,wiki_2026_h2h_v5,wiki_2026_h2h_v5
43623,wiki_kor.2_2023_2nd_Gim_AYG_0987,kor.2,,,Gimcheon Sangmu,FC Anyang,2023-10-15,4,1,,H,,,wiki_2026_h2h_v5,wiki_2026_h2h_v5
43624,wiki_kor.2_2023_2nd_Gim_BCN_0988,kor.2,,,Gimcheon Sangmu,Bucheon FC 1995,2023-10-16,3,1,,H,,,wiki_2026_h2h_v5,wiki_2026_h2h_v5
43625,wiki_kor.2_2023_2nd_Gim_CBC_0989,kor.2,,,Gimcheon Sangmu,Chungbuk Cheongju,2023-10-17,0,0,,D,,,wiki_2026_h2h_v5,wiki_2026_h2h_v5
43626,wiki_kor.2_2023_2nd_Gim_CNA_0990,kor.2,,,Gimcheon Sangmu,Chungnam Asan,2023-10-18,4,0,,H,,,wiki_2026_h2h_v5,wiki_2026_h2h_v5
43627,wiki_kor.2_2023_2nd_Gim_GIM_0991,kor.2,,,Gimcheon Sangmu,Gimpo FC,2023-10-19,2,0,,H,,,wiki_2026_h2h_v5,wiki_2026_h2h_v5
43628,wiki_kor.2_2023_2nd_Gim_SUE_0992,kor.2,,,Gimcheon Sangmu,Suwon FC,2023-10-20,1,0,,H,,,wiki_2026_h2h_v5,wiki_2026_h2h_v5
43629,wiki_kor.2_2023_2nd_Gim_AYG_0993,kor.2,,,Gimpo FC,FC Anyang,2023-10-21,3,0,,H,,,wiki_2026_h2h_v5,wiki_2026_h2h_v5
43630,wiki_kor.2_2023_2nd_Gim_BSI_0994,kor.2,,,Gimpo FC,Busan IPark,2023-10-22,2,3,,A,,,wiki_2026_h2h_v5,wiki_2026_h2h_v5
43631,wiki_kor.2_2023_2nd_Gim_CNA_0995,kor.2,,,Gimpo FC,Chungnam Asan,2023-10-23,1,0,,H,,,wiki_2026_h2h_v5,wiki_2026_h2h_v5
43632,wiki_kor.2_2023_2nd_Gim_GNM_0996,kor.2,,,Gimpo FC,Gyeongnam FC,2023-10-24,0,1,,A,,,wiki_2026_h2h_v5,wiki_2026_h2h_v5
43633,wiki_kor.2_2023_2nd_Gim_JND_0997,kor.2,,,Gimpo FC,Jeonnam Dragons,2023-10-25,2,1,,H,,,wiki_2026_h2h_v5,wiki_2026_h2h_v5
43634,wiki_kor.2_2023_2nd_Gim_SUE_0998,kor.2,,,Gimpo FC,Suwon FC,2023-10-26,2,1,,H,,,wiki_2026_h2h_v5,wiki_2026_h2h_v5
43635,wiki_kor.2_2023_2nd_Gye_ASG_0999,kor.2,,,Gyeongnam FC,Ansan Greeners,2023-10-27,4,2,,H,,,wiki_2026_h2h_v5,wiki_2026_h2h_v5
43636,wiki_kor.2_2023_2nd_Gye_BSI_1000,kor.2,,,Gyeongnam FC,Busan IPark,2023-10-28,0,1,,A,,,wiki_2026_h2h_v5,wiki_2026_h2h_v5
43637,wiki_kor.2_2023_2nd_Gye_CNC_1001,kor.2,,,Gyeongnam FC,Cheonan City,2023-10-29,1,1,,D,,,wiki_2026_h2h_v5,wiki_2026_h2h_v5
43638,wiki_kor.2_2023_2nd_Gye_GCS_1002,kor.2,,,Gyeongnam FC,Gimcheon Sangmu,2023-10-30,1,1,,D,,,wiki_2026_h2h_v5,wiki_2026_h2h_v5
43639,wiki_kor.2_2023_2nd_Gye_JND_1003,kor.2,,,Gyeongnam FC,Jeonnam Dragons,2023-10-31,2,3,,A,,,wiki_2026_h2h_v5,wiki_2026_h2h_v5
43640,wiki_kor.2_2023_2nd_Gye_SNM_1004,kor.2,,,Gyeongnam FC,Seongnam FC,2023-11-01,0,2,,A,,,wiki_2026_h2h_v5,wiki_2026_h2h_v5
43641,wiki_kor.2_2023_2nd_Jeo_ASG_1005,kor.2,,,Jeonnam Dragons,Ansan Greeners,2023-11-02,3,2,,H,,,wiki_2026_h2h_v5,wiki_2026_h2h_v5
43642,wiki_kor.2_2023_2nd_Jeo_BSI_1006,kor.2,,,Jeonnam Dragons,Busan IPark,2023-11-03,3,0,,H,,,wiki_2026_h2h_v5,wiki_2026_h2h_v5
43643,wiki_kor.2_2023_2nd_Jeo_CNC_1007,kor.2,,,Jeonnam Dragons,Cheonan City,2023-11-04,1,3,,A,,,wiki_2026_h2h_v5,wiki_2026_h2h_v5
43644,wiki_kor.2_2023_2nd_Jeo_CBC_1008,kor.2,,,Jeonnam Dragons,Chungbuk Cheongju,2023-11-05,3,0,,H,,,wiki_2026_h2h_v5,wiki_2026_h2h_v5
43645,wiki_kor.2_2023_2nd_Jeo_GCS_1009,kor.2,,,Jeonnam Dragons,Gimcheon Sangmu,2023-11-06,2,1,,H,,,wiki_2026_h2h_v5,wiki_2026_h2h_v5
43646,wiki_kor.2_2023_2nd_Jeo_SNM_1010,kor.2,,,Jeonnam Dragons,Seongnam FC,2023-11-07,0,0,,D,,,wiki_2026_h2h_v5,wiki_2026_h2h_v5
43647,wiki_kor.2_2023_2nd_Seo_ASG_1011,kor.2,,,Seongnam FC,Ansan Greeners,2023-11-08,0,2,,A,,,wiki_2026_h2h_v5,wiki_2026_h2h_v5
43648,wiki_kor.2_2023_2nd_Seo_BCN_1012,kor.2,,,Seongnam FC,Bucheon FC 1995,2023-11-09,2,2,,D,,,wiki_2026_h2h_v5,wiki_2026_h2h_v5
43649,wiki_kor.2_2023_2nd_Seo_CBC_1013,kor.2,,,Seongnam FC,Chungbuk Cheongju,2023-11-10,0,1,,A,,,wiki_2026_h2h_v5,wiki_2026_h2h_v5
43650,wiki_kor.2_2023_2nd_Seo_CNA_1014,kor.2,,,Seongnam FC,Chungnam Asan,2023-11-11,2,0,,H,,,wiki_2026_h2h_v5,wiki_2026_h2h_v5
43651,wiki_kor.2_2023_2nd_Seo_GCS_1015,kor.2,,,Seongnam FC,Gimcheon Sangmu,2023-11-12,1,0,,H,,,wiki_2026_h2h_v5,wiki_2026_h2h_v5
43652,wiki_kor.2_2023_2nd_Seo_GIM_1016,kor.2,,,Seongnam FC,Gimpo FC,2023-11-13,2,4,,A,,,wiki_2026_h2h_v5,wiki_2026_h2h_v5
43653,wiki_kor.2_2023_2nd_Seo_ASG_1017,kor.2,,,Seoul E-Land,Ansan Greeners,2023-11-14,3,4,,A,,,wiki_2026_h2h_v5,wiki_2026_h2h_v5
43654,wiki_kor.2_2023_2nd_Seo_BSI_1018,kor.2,,,Seoul E-Land,Busan IPark,2023-11-15,2,1,,H,,,wiki_2026_h2h_v5,wiki_2026_h2h_v5
43655,wiki_kor.2_2023_2nd_Seo_CNC_1019,kor.2,,,Seoul E-Land,Cheonan City,2023-11-16,0,3,,A,,,wiki_2026_h2h_v5,wiki_2026_h2h_v5
43656,wiki_kor.2_2023_2nd_Seo_GNM_1020,kor.2,,,Seoul E-Land,Gyeongnam FC,2023-11-17,1,3,,A,,,wiki_2026_h2h_v5,wiki_2026_h2h_v5
43657,wiki_kor.2_2023_2nd_Seo_JND_1021,kor.2,,,Seoul E-Land,Jeonnam Dragons,2023-11-18,1,0,,H,,,wiki_2026_h2h_v5,wiki_2026_h2h_v5
43658,wiki_kor.2_2023_2nd_Seo_SNM_1022,kor.2,,,Seoul E-Land,Seongnam FC,2023-11-19,0,2,,A,,,wiki_2026_h2h_v5,wiki_2026_h2h_v5
43659,wiki_kor.2_2024_1st_Ans_AYG_1023,kor.2,,,Ansan Greeners,FC Anyang,2024-07-02,3,2,,H,,,wiki_2026_h2h_v5,wiki_2026_h2h_v5
43660,wiki_kor.2_2024_1st_Ans_BCN_1024,kor.2,,,Ansan Greeners,Bucheon FC 1995,2024-07-03,2,1,,H,,,wiki_2026_h2h_v5,wiki_2026_h2h_v5
43661,wiki_kor.2_2024_1st_Ans_BSI_1025,kor.2,,,Ansan Greeners,Busan IPark,2024-07-04,1,0,,H,,,wiki_2026_h2h_v5,wiki_2026_h2h_v5
43662,wiki_kor.2_2024_1st_Ans_CNC_1026,kor.2,,,Ansan Greeners,Cheonan City,2024-07-05,1,2,,A,,,wiki_2026_h2h_v5,wiki_2026_h2h_v5
43663,wiki_kor.2_2024_1st_Ans_CBC_1027,kor.2,,,Ansan Greeners,Chungbuk Cheongju,2024-07-06,0,0,,D,,,wiki_2026_h2h_v5,wiki_2026_h2h_v5
43664,wiki_kor.2_2024_1st_Ans_CNA_1028,kor.2,,,Ansan Greeners,Chungnam Asan,2024-07-07,1,0,,H,,,wiki_2026_h2h_v5,wiki_2026_h2h_v5
43665,wiki_kor.2_2024_1st_Ans_GIM_1029,kor.2,,,Ansan Greeners,Gimpo FC,2024-07-08,1,2,,A,,,wiki_2026_h2h_v5,wiki_2026_h2h_v5
43666,wiki_kor.2_2024_1st_Ans_GNM_1030,kor.2,,,Ansan Greeners,Gyeongnam FC,2024-07-09,1,2,,A,,,wiki_2026_h2h_v5,wiki_2026_h2h_v5
43667,wiki_kor.2_2024_1st_Ans_JND_1031,kor.2,,,Ansan Greeners,Jeonnam Dragons,2024-07-10,1,2,,A,,,wiki_2026_h2h_v5,wiki_2026_h2h_v5
43668,wiki_kor.2_2024_1st_Ans_SNM_1032,kor.2,,,Ansan Greeners,Seongnam FC,2024-07-11,0,1,,A,,,wiki_2026_h2h_v5,wiki_2026_h2h_v5
43669,wiki_kor.2_2024_1st_Ans_SUE_1033,kor.2,,,Ansan Greeners,Suwon FC,2024-07-12,0,3,,A,,,wiki_2026_h2h_v5,wiki_2026_h2h_v5
43670,wiki_kor.2_2024_1st_Ans_SSB_1034,kor.2,,,Ansan Greeners,Suwon Samsung Bluewings,2024-07-13,0,1,,A,,,wiki_2026_h2h_v5,wiki_2026_h2h_v5
43671,wiki_kor.2_2024_1st_FC _ASG_1035,kor.2,,,FC Anyang,Ansan Greeners,2024-07-14,1,0,,H,,,wiki_2026_h2h_v5,wiki_2026_h2h_v5
43672,wiki_kor.2_2024_1st_FC _BCN_1036,kor.2,,,FC Anyang,Bucheon FC 1995,2024-07-15,3,0,,H,,,wiki_2026_h2h_v5,wiki_2026_h2h_v5
43673,wiki_kor.2_2024_1st_FC _BSI_1037,kor.2,,,FC Anyang,Busan IPark,2024-07-16,0,2,,A,,,wiki_2026_h2h_v5,wiki_2026_h2h_v5
43674,wiki_kor.2_2024_1st_FC _CNC_1038,kor.2,,,FC Anyang,Cheonan City,2024-07-17,3,0,,H,,,wiki_2026_h2h_v5,wiki_2026_h2h_v5
43675,wiki_kor.2_2024_1st_FC _CBC_1039,kor.2,,,FC Anyang,Chungbuk Cheongju,2024-07-18,2,0,,H,,,wiki_2026_h2h_v5,wiki_2026_h2h_v5
43676,wiki_kor.2_2024_1st_FC _CNA_1040,kor.2,,,FC Anyang,Chungnam Asan,2024-07-19,1,0,,H,,,wiki_2026_h2h_v5,wiki_2026_h2h_v5
43677,wiki_kor.2_2024_1st_FC _GIM_1041,kor.2,,,FC Anyang,Gimpo FC,2024-07-20,0,0,,D,,,wiki_2026_h2h_v5,wiki_2026_h2h_v5
43678,wiki_kor.2_2024_1st_FC _GNM_1042,kor.2,,,FC Anyang,Gyeongnam FC,2024-07-21,1,0,,H,,,wiki_2026_h2h_v5,wiki_2026_h2h_v5
43679,wiki_kor.2_2024_1st_FC _JND_1043,kor.2,,,FC Anyang,Jeonnam Dragons,2024-07-22,2,3,,A,,,wiki_2026_h2h_v5,wiki_2026_h2h_v5
43680,wiki_kor.2_2024_1st_FC _SNM_1044,kor.2,,,FC Anyang,Seongnam FC,2024-07-23,2,0,,H,,,wiki_2026_h2h_v5,wiki_2026_h2h_v5
43681,wiki_kor.2_2024_1st_FC _SUE_1045,kor.2,,,FC Anyang,Suwon FC,2024-07-24,2,1,,H,,,wiki_2026_h2h_v5,wiki_2026_h2h_v5
43682,wiki_kor.2_2024_1st_FC _SSB_1046,kor.2,,,FC Anyang,Suwon Samsung Bluewings,2024-07-25,1,3,,A,,,wiki_2026_h2h_v5,wiki_2026_h2h_v5
43683,wiki_kor.2_2024_1st_Buc_ASG_1047,kor.2,,,Bucheon FC 1995,Ansan Greeners,2024-07-26,0,0,,D,,,wiki_2026_h2h_v5,wiki_2026_h2h_v5
43684,wiki_kor.2_2024_1st_Buc_AYG_1048,kor.2,,,Bucheon FC 1995,FC Anyang,2024-07-27,1,2,,A,,,wiki_2026_h2h_v5,wiki_2026_h2h_v5
43685,wiki_kor.2_2024_1st_Buc_BSI_1049,kor.2,,,Bucheon FC 1995,Busan IPark,2024-07-28,1,3,,A,,,wiki_2026_h2h_v5,wiki_2026_h2h_v5
43686,wiki_kor.2_2024_1st_Buc_CNC_1050,kor.2,,,Bucheon FC 1995,Cheonan City,2024-07-29,1,3,,A,,,wiki_2026_h2h_v5,wiki_2026_h2h_v5
43687,wiki_kor.2_2024_1st_Buc_CBC_1051,kor.2,,,Bucheon FC 1995,Chungbuk Cheongju,2024-07-30,0,4,,A,,,wiki_2026_h2h_v5,wiki_2026_h2h_v5
43688,wiki_kor.2_2024_1st_Buc_CNA_1052,kor.2,,,Bucheon FC 1995,Chungnam Asan,2024-07-31,3,0,,H,,,wiki_2026_h2h_v5,wiki_2026_h2h_v5
43689,wiki_kor.2_2024_1st_Buc_GIM_1053,kor.2,,,Bucheon FC 1995,Gimpo FC,2024-08-01,1,0,,H,,,wiki_2026_h2h_v5,wiki_2026_h2h_v5
43690,wiki_kor.2_2024_1st_Buc_GNM_1054,kor.2,,,Bucheon FC 1995,Gyeongnam FC,2024-08-02,2,0,,H,,,wiki_2026_h2h_v5,wiki_2026_h2h_v5
43691,wiki_kor.2_2024_1st_Buc_JND_1055,kor.2,,,Bucheon FC 1995,Jeonnam Dragons,2024-08-03,3,4,,A,,,wiki_2026_h2h_v5,wiki_2026_h2h_v5
43692,wiki_kor.2_2024_1st_Buc_SNM_1056,kor.2,,,Bucheon FC 1995,Seongnam FC,2024-08-04,1,1,,D,,,wiki_2026_h2h_v5,wiki_2026_h2h_v5
43693,wiki_kor.2_2024_1st_Buc_SUE_1057,kor.2,,,Bucheon FC 1995,Suwon FC,2024-08-05,1,0,,H,,,wiki_2026_h2h_v5,wiki_2026_h2h_v5
43694,wiki_kor.2_2024_1st_Buc_SSB_1058,kor.2,,,Bucheon FC 1995,Suwon Samsung Bluewings,2024-08-06,0,3,,A,,,wiki_2026_h2h_v5,wiki_2026_h2h_v5
43695,wiki_kor.2_2024_1st_Bus_ASG_1059,kor.2,,,Busan IPark,Ansan Greeners,2024-08-07,2,1,,H,,,wiki_2026_h2h_v5,wiki_2026_h2h_v5
43696,wiki_kor.2_2024_1st_Bus_AYG_1060,kor.2,,,Busan IPark,FC Anyang,2024-08-08,3,4,,A,,,wiki_2026_h2h_v5,wiki_2026_h2h_v5
43697,wiki_kor.2_2024_1st_Bus_BCN_1061,kor.2,,,Busan IPark,Bucheon FC 1995,2024-08-09,2,2,,D,,,wiki_2026_h2h_v5,wiki_2026_h2h_v5
43698,wiki_kor.2_2024_1st_Bus_CNC_1062,kor.2,,,Busan IPark,Cheonan City,2024-08-10,2,3,,A,,,wiki_2026_h2h_v5,wiki_2026_h2h_v5
43699,wiki_kor.2_2024_1st_Bus_CBC_1063,kor.2,,,Busan IPark,Chungbuk Cheongju,2024-08-11,0,2,,A,,,wiki_2026_h2h_v5,wiki_2026_h2h_v5
43700,wiki_kor.2_2024_1st_Bus_CNA_1064,kor.2,,,Busan IPark,Chungnam Asan,2024-08-12,2,3,,A,,,wiki_2026_h2h_v5,wiki_2026_h2h_v5
43701,wiki_kor.2_2024_1st_Bus_GIM_1065,kor.2,,,Busan IPark,Gimpo FC,2024-08-13,0,1,,A,,,wiki_2026_h2h_v5,wiki_2026_h2h_v5
43702,wiki_kor.2_2024_1st_Bus_GNM_1066,kor.2,,,Busan IPark,Gyeongnam FC,2024-08-14,2,1,,H,,,wiki_2026_h2h_v5,wiki_2026_h2h_v5
43703,wiki_kor.2_2024_1st_Bus_JND_1067,kor.2,,,Busan IPark,Jeonnam Dragons,2024-08-15,0,1,,A,,,wiki_2026_h2h_v5,wiki_2026_h2h_v5
43704,wiki_kor.2_2024_1st_Bus_SNM_1068,kor.2,,,Busan IPark,Seongnam FC,2024-08-16,2,2,,D,,,wiki_2026_h2h_v5,wiki_2026_h2h_v5
43705,wiki_kor.2_2024_1st_Bus_SUE_1069,kor.2,,,Busan IPark,Suwon FC,2024-08-17,0,3,,A,,,wiki_2026_h2h_v5,wiki_2026_h2h_v5
43706,wiki_kor.2_2024_1st_Bus_SSB_1070,kor.2,,,Busan IPark,Suwon Samsung Bluewings,2024-08-18,1,1,,D,,,wiki_2026_h2h_v5,wiki_2026_h2h_v5
43707,wiki_kor.2_2024_1st_Che_ASG_1071,kor.2,,,Cheonan City,Ansan Greeners,2024-08-19,1,1,,D,,,wiki_2026_h2h_v5,wiki_2026_h2h_v5
43708,wiki_kor.2_2024_1st_Che_AYG_1072,kor.2,,,Cheonan City,FC Anyang,2024-08-20,0,1,,A,,,wiki_2026_h2h_v5,wiki_2026_h2h_v5
43709,wiki_kor.2_2024_1st_Che_BCN_1073,kor.2,,,Cheonan City,Bucheon FC 1995,2024-08-21,1,2,,A,,,wiki_2026_h2h_v5,wiki_2026_h2h_v5
43710,wiki_kor.2_2024_1st_Che_BSI_1074,kor.2,,,Cheonan City,Busan IPark,2024-08-22,2,4,,A,,,wiki_2026_h2h_v5,wiki_2026_h2h_v5
43711,wiki_kor.2_2024_1st_Che_CBC_1075,kor.2,,,Cheonan City,Chungbuk Cheongju,2024-08-23,1,2,,A,,,wiki_2026_h2h_v5,wiki_2026_h2h_v5
43712,wiki_kor.2_2024_1st_Che_CNA_1076,kor.2,,,Cheonan City,Chungnam Asan,2024-08-24,0,1,,A,,,wiki_2026_h2h_v5,wiki_2026_h2h_v5
43713,wiki_kor.2_2024_1st_Che_GIM_1077,kor.2,,,Cheonan City,Gimpo FC,2024-08-25,1,2,,A,,,wiki_2026_h2h_v5,wiki_2026_h2h_v5
43714,wiki_kor.2_2024_1st_Che_GNM_1078,kor.2,,,Cheonan City,Gyeongnam FC,2024-08-26,2,2,,D,,,wiki_2026_h2h_v5,wiki_2026_h2h_v5
43715,wiki_kor.2_2024_1st_Che_JND_1079,kor.2,,,Cheonan City,Jeonnam Dragons,2024-08-27,1,0,,H,,,wiki_2026_h2h_v5,wiki_2026_h2h_v5
43716,wiki_kor.2_2024_1st_Che_SNM_1080,kor.2,,,Cheonan City,Seongnam FC,2024-03-01,0,0,,D,,,wiki_2026_h2h_v5,wiki_2026_h2h_v5
43717,wiki_kor.2_2024_1st_Che_SUE_1081,kor.2,,,Cheonan City,Suwon FC,2024-03-02,0,4,,A,,,wiki_2026_h2h_v5,wiki_2026_h2h_v5
43718,wiki_kor.2_2024_1st_Che_SSB_1082,kor.2,,,Cheonan City,Suwon Samsung Bluewings,2024-03-03,1,2,,A,,,wiki_2026_h2h_v5,wiki_2026_h2h_v5
43719,wiki_kor.2_2024_1st_Chu_ASG_1083,kor.2,,,Chungbuk Cheongju,Ansan Greeners,2024-03-04,2,1,,H,,,wiki_2026_h2h_v5,wiki_2026_h2h_v5
43720,wiki_kor.2_2024_1st_Chu_AYG_1084,kor.2,,,Chungbuk Cheongju,FC Anyang,2024-03-05,1,1,,D,,,wiki_2026_h2h_v5,wiki_2026_h2h_v5
43721,wiki_kor.2_2024_1st_Chu_BCN_1085,kor.2,,,Chungbuk Cheongju,Bucheon FC 1995,2024-03-06,0,0,,D,,,wiki_2026_h2h_v5,wiki_2026_h2h_v5
43722,wiki_kor.2_2024_1st_Chu_BSI_1086,kor.2,,,Chungbuk Cheongju,Busan IPark,2024-03-07,0,0,,D,,,wiki_2026_h2h_v5,wiki_2026_h2h_v5
43723,wiki_kor.2_2024_1st_Chu_CNC_1087,kor.2,,,Chungbuk Cheongju,Cheonan City,2024-03-08,1,1,,D,,,wiki_2026_h2h_v5,wiki_2026_h2h_v5
43724,wiki_kor.2_2024_1st_Chu_CNA_1088,kor.2,,,Chungbuk Cheongju,Chungnam Asan,2024-03-09,0,3,,A,,,wiki_2026_h2h_v5,wiki_2026_h2h_v5
43725,wiki_kor.2_2024_1st_Chu_GIM_1089,kor.2,,,Chungbuk Cheongju,Gimpo FC,2024-03-10,0,0,,D,,,wiki_2026_h2h_v5,wiki_2026_h2h_v5
43726,wiki_kor.2_2024_1st_Chu_GNM_1090,kor.2,,,Chungbuk Cheongju,Gyeongnam FC,2024-03-11,1,0,,H,,,wiki_2026_h2h_v5,wiki_2026_h2h_v5
43727,wiki_kor.2_2024_1st_Chu_JND_1091,kor.2,,,Chungbuk Cheongju,Jeonnam Dragons,2024-03-12,1,0,,H,,,wiki_2026_h2h_v5,wiki_2026_h2h_v5
43728,wiki_kor.2_2024_1st_Chu_SNM_1092,kor.2,,,Chungbuk Cheongju,Seongnam FC,2024-03-13,1,1,,D,,,wiki_2026_h2h_v5,wiki_2026_h2h_v5
43729,wiki_kor.2_2024_1st_Chu_SUE_1093,kor.2,,,Chungbuk Cheongju,Suwon FC,2024-03-14,2,3,,A,,,wiki_2026_h2h_v5,wiki_2026_h2h_v5
43730,wiki_kor.2_2024_1st_Chu_SSB_1094,kor.2,,,Chungbuk Cheongju,Suwon Samsung Bluewings,2024-03-15,0,1,,A,,,wiki_2026_h2h_v5,wiki_2026_h2h_v5
43731,wiki_kor.2_2024_1st_Chu_ASG_1095,kor.2,,,Chungnam Asan,Ansan Greeners,2024-03-16,2,0,,H,,,wiki_2026_h2h_v5,wiki_2026_h2h_v5
43732,wiki_kor.2_2024_1st_Chu_AYG_1096,kor.2,,,Chungnam Asan,FC Anyang,2024-03-17,1,1,,D,,,wiki_2026_h2h_v5,wiki_2026_h2h_v5
43733,wiki_kor.2_2024_1st_Chu_BCN_1097,kor.2,,,Chungnam Asan,Bucheon FC 1995,2024-03-18,1,1,,D,,,wiki_2026_h2h_v5,wiki_2026_h2h_v5
43734,wiki_kor.2_2024_1st_Chu_BSI_1098,kor.2,,,Chungnam Asan,Busan IPark,2024-03-19,0,0,,D,,,wiki_2026_h2h_v5,wiki_2026_h2h_v5
43735,wiki_kor.2_2024_1st_Chu_CNC_1099,kor.2,,,Chungnam Asan,Cheonan City,2024-03-20,2,2,,D,,,wiki_2026_h2h_v5,wiki_2026_h2h_v5
43736,wiki_kor.2_2024_1st_Chu_CBC_1100,kor.2,,,Chungnam Asan,Chungbuk Cheongju,2024-03-21,4,1,,H,,,wiki_2026_h2h_v5,wiki_2026_h2h_v5
43737,wiki_kor.2_2024_1st_Chu_GIM_1101,kor.2,,,Chungnam Asan,Gimpo FC,2024-03-22,1,2,,A,,,wiki_2026_h2h_v5,wiki_2026_h2h_v5
43738,wiki_kor.2_2024_1st_Chu_GNM_1102,kor.2,,,Chungnam Asan,Gyeongnam FC,2024-03-23,4,0,,H,,,wiki_2026_h2h_v5,wiki_2026_h2h_v5
43739,wiki_kor.2_2024_1st_Chu_JND_1103,kor.2,,,Chungnam Asan,Jeonnam Dragons,2024-03-24,1,1,,D,,,wiki_2026_h2h_v5,wiki_2026_h2h_v5
43740,wiki_kor.2_2024_1st_Chu_SNM_1104,kor.2,,,Chungnam Asan,Seongnam FC,2024-03-25,1,1,,D,,,wiki_2026_h2h_v5,wiki_2026_h2h_v5
43741,wiki_kor.2_2024_1st_Chu_SUE_1105,kor.2,,,Chungnam Asan,Suwon FC,2024-03-26,2,0,,H,,,wiki_2026_h2h_v5,wiki_2026_h2h_v5
43742,wiki_kor.2_2024_1st_Chu_SSB_1106,kor.2,,,Chungnam Asan,Suwon Samsung Bluewings,2024-03-27,1,0,,H,,,wiki_2026_h2h_v5,wiki_2026_h2h_v5
43743,wiki_kor.2_2024_1st_Gim_ASG_1107,kor.2,,,Gimpo FC,Ansan Greeners,2024-03-28,1,0,,H,,,wiki_2026_h2h_v5,wiki_2026_h2h_v5
43744,wiki_kor.2_2024_1st_Gim_AYG_1108,kor.2,,,Gimpo FC,FC Anyang,2024-03-29,0,1,,A,,,wiki_2026_h2h_v5,wiki_2026_h2h_v5
43745,wiki_kor.2_2024_1st_Gim_BCN_1109,kor.2,,,Gimpo FC,Bucheon FC 1995,2024-03-30,0,1,,A,,,wiki_2026_h2h_v5,wiki_2026_h2h_v5
43746,wiki_kor.2_2024_1st_Gim_BSI_1110,kor.2,,,Gimpo FC,Busan IPark,2024-03-31,1,0,,H,,,wiki_2026_h2h_v5,wiki_2026_h2h_v5
43747,wiki_kor.2_2024_1st_Gim_CNC_1111,kor.2,,,Gimpo FC,Cheonan City,2024-04-01,1,1,,D,,,wiki_2026_h2h_v5,wiki_2026_h2h_v5
43748,wiki_kor.2_2024_1st_Gim_CBC_1112,kor.2,,,Gimpo FC,Chungbuk Cheongju,2024-04-02,1,1,,D,,,wiki_2026_h2h_v5,wiki_2026_h2h_v5
43749,wiki_kor.2_2024_1st_Gim_CNA_1113,kor.2,,,Gimpo FC,Chungnam Asan,2024-04-03,3,3,,D,,,wiki_2026_h2h_v5,wiki_2026_h2h_v5
43750,wiki_kor.2_2024_1st_Gim_GNM_1114,kor.2,,,Gimpo FC,Gyeongnam FC,2024-04-04,2,2,,D,,,wiki_2026_h2h_v5,wiki_2026_h2h_v5
43751,wiki_kor.2_2024_1st_Gim_JND_1115,kor.2,,,Gimpo FC,Jeonnam Dragons,2024-04-05,1,2,,A,,,wiki_2026_h2h_v5,wiki_2026_h2h_v5
43752,wiki_kor.2_2024_1st_Gim_SNM_1116,kor.2,,,Gimpo FC,Seongnam FC,2024-04-06,2,1,,H,,,wiki_2026_h2h_v5,wiki_2026_h2h_v5
43753,wiki_kor.2_2024_1st_Gim_SUE_1117,kor.2,,,Gimpo FC,Suwon FC,2024-04-07,2,5,,A,,,wiki_2026_h2h_v5,wiki_2026_h2h_v5
43754,wiki_kor.2_2024_1st_Gim_SSB_1118,kor.2,,,Gimpo FC,Suwon Samsung Bluewings,2024-04-08,1,1,,D,,,wiki_2026_h2h_v5,wiki_2026_h2h_v5
43755,wiki_kor.2_2024_1st_Gye_ASG_1119,kor.2,,,Gyeongnam FC,Ansan Greeners,2024-04-09,2,0,,H,,,wiki_2026_h2h_v5,wiki_2026_h2h_v5
43756,wiki_kor.2_2024_1st_Gye_AYG_1120,kor.2,,,Gyeongnam FC,FC Anyang,2024-04-10,0,0,,D,,,wiki_2026_h2h_v5,wiki_2026_h2h_v5
43757,wiki_kor.2_2024_1st_Gye_BCN_1121,kor.2,,,Gyeongnam FC,Bucheon FC 1995,2024-04-11,2,2,,D,,,wiki_2026_h2h_v5,wiki_2026_h2h_v5
43758,wiki_kor.2_2024_1st_Gye_BSI_1122,kor.2,,,Gyeongnam FC,Busan IPark,2024-04-12,1,4,,A,,,wiki_2026_h2h_v5,wiki_2026_h2h_v5
43759,wiki_kor.2_2024_1st_Gye_CNC_1123,kor.2,,,Gyeongnam FC,Cheonan City,2024-04-13,3,3,,D,,,wiki_2026_h2h_v5,wiki_2026_h2h_v5
43760,wiki_kor.2_2024_1st_Gye_CBC_1124,kor.2,,,Gyeongnam FC,Chungbuk Cheongju,2024-04-14,1,1,,D,,,wiki_2026_h2h_v5,wiki_2026_h2h_v5
43761,wiki_kor.2_2024_1st_Gye_CNA_1125,kor.2,,,Gyeongnam FC,Chungnam Asan,2024-04-15,1,2,,A,,,wiki_2026_h2h_v5,wiki_2026_h2h_v5
43762,wiki_kor.2_2024_1st_Gye_GIM_1126,kor.2,,,Gyeongnam FC,Gimpo FC,2024-04-16,1,3,,A,,,wiki_2026_h2h_v5,wiki_2026_h2h_v5
43763,wiki_kor.2_2024_1st_Gye_JND_1127,kor.2,,,Gyeongnam FC,Jeonnam Dragons,2024-04-17,2,4,,A,,,wiki_2026_h2h_v5,wiki_2026_h2h_v5
43764,wiki_kor.2_2024_1st_Gye_SNM_1128,kor.2,,,Gyeongnam FC,Seongnam FC,2024-04-18,1,2,,A,,,wiki_2026_h2h_v5,wiki_2026_h2h_v5
43765,wiki_kor.2_2024_1st_Gye_SUE_1129,kor.2,,,Gyeongnam FC,Suwon FC,2024-04-19,2,1,,H,,,wiki_2026_h2h_v5,wiki_2026_h2h_v5
43766,wiki_kor.2_2024_1st_Gye_SSB_1130,kor.2,,,Gyeongnam FC,Suwon Samsung Bluewings,2024-04-20,0,0,,D,,,wiki_2026_h2h_v5,wiki_2026_h2h_v5
43767,wiki_kor.2_2024_1st_Jeo_ASG_1131,kor.2,,,Jeonnam Dragons,Ansan Greeners,2024-04-21,1,1,,D,,,wiki_2026_h2h_v5,wiki_2026_h2h_v5
43768,wiki_kor.2_2024_1st_Jeo_AYG_1132,kor.2,,,Jeonnam Dragons,FC Anyang,2024-04-22,1,2,,A,,,wiki_2026_h2h_v5,wiki_2026_h2h_v5
43769,wiki_kor.2_2024_1st_Jeo_BCN_1133,kor.2,,,Jeonnam Dragons,Bucheon FC 1995,2024-04-23,1,1,,D,,,wiki_2026_h2h_v5,wiki_2026_h2h_v5
43770,wiki_kor.2_2024_1st_Jeo_BSI_1134,kor.2,,,Jeonnam Dragons,Busan IPark,2024-04-24,2,3,,A,,,wiki_2026_h2h_v5,wiki_2026_h2h_v5
43771,wiki_kor.2_2024_1st_Jeo_CNC_1135,kor.2,,,Jeonnam Dragons,Cheonan City,2024-04-25,1,0,,H,,,wiki_2026_h2h_v5,wiki_2026_h2h_v5
43772,wiki_kor.2_2024_1st_Jeo_CBC_1136,kor.2,,,Jeonnam Dragons,Chungbuk Cheongju,2024-04-26,1,1,,D,,,wiki_2026_h2h_v5,wiki_2026_h2h_v5
43773,wiki_kor.2_2024_1st_Jeo_CNA_1137,kor.2,,,Jeonnam Dragons,Chungnam Asan,2024-04-27,3,2,,H,,,wiki_2026_h2h_v5,wiki_2026_h2h_v5
43774,wiki_kor.2_2024_1st_Jeo_GIM_1138,kor.2,,,Jeonnam Dragons,Gimpo FC,2024-04-28,4,0,,H,,,wiki_2026_h2h_v5,wiki_2026_h2h_v5
43775,wiki_kor.2_2024_1st_Jeo_GNM_1139,kor.2,,,Jeonnam Dragons,Gyeongnam FC,2024-04-29,1,3,,A,,,wiki_2026_h2h_v5,wiki_2026_h2h_v5
43776,wiki_kor.2_2024_1st_Jeo_SNM_1140,kor.2,,,Jeonnam Dragons,Seongnam FC,2024-04-30,2,0,,H,,,wiki_2026_h2h_v5,wiki_2026_h2h_v5
43777,wiki_kor.2_2024_1st_Jeo_SUE_1141,kor.2,,,Jeonnam Dragons,Suwon FC,2024-05-01,2,2,,D,,,wiki_2026_h2h_v5,wiki_2026_h2h_v5
43778,wiki_kor.2_2024_1st_Jeo_SSB_1142,kor.2,,,Jeonnam Dragons,Suwon Samsung Bluewings,2024-05-02,1,1,,D,,,wiki_2026_h2h_v5,wiki_2026_h2h_v5
43779,wiki_kor.2_2024_1st_Seo_ASG_1143,kor.2,,,Seongnam FC,Ansan Greeners,2024-05-03,1,3,,A,,,wiki_2026_h2h_v5,wiki_2026_h2h_v5
43780,wiki_kor.2_2024_1st_Seo_AYG_1144,kor.2,,,Seongnam FC,FC Anyang,2024-05-04,3,1,,H,,,wiki_2026_h2h_v5,wiki_2026_h2h_v5
43781,wiki_kor.2_2024_1st_Seo_BCN_1145,kor.2,,,Seongnam FC,Bucheon FC 1995,2024-05-05,0,1,,A,,,wiki_2026_h2h_v5,wiki_2026_h2h_v5
43782,wiki_kor.2_2024_1st_Seo_BSI_1146,kor.2,,,Seongnam FC,Busan IPark,2024-05-06,0,1,,A,,,wiki_2026_h2h_v5,wiki_2026_h2h_v5
43783,wiki_kor.2_2024_1st_Seo_CNC_1147,kor.2,,,Seongnam FC,Cheonan City,2024-05-07,0,2,,A,,,wiki_2026_h2h_v5,wiki_2026_h2h_v5
43784,wiki_kor.2_2024_1st_Seo_CBC_1148,kor.2,,,Seongnam FC,Chungbuk Cheongju,2024-05-08,1,2,,A,,,wiki_2026_h2h_v5,wiki_2026_h2h_v5
43785,wiki_kor.2_2024_1st_Seo_CNA_1149,kor.2,,,Seongnam FC,Chungnam Asan,2024-05-09,0,4,,A,,,wiki_2026_h2h_v5,wiki_2026_h2h_v5
43786,wiki_kor.2_2024_1st_Seo_GIM_1150,kor.2,,,Seongnam FC,Gimpo FC,2024-05-10,2,1,,H,,,wiki_2026_h2h_v5,wiki_2026_h2h_v5
43787,wiki_kor.2_2024_1st_Seo_GNM_1151,kor.2,,,Seongnam FC,Gyeongnam FC,2024-05-11,1,4,,A,,,wiki_2026_h2h_v5,wiki_2026_h2h_v5
43788,wiki_kor.2_2024_1st_Seo_JND_1152,kor.2,,,Seongnam FC,Jeonnam Dragons,2024-05-12,1,2,,A,,,wiki_2026_h2h_v5,wiki_2026_h2h_v5
43789,wiki_kor.2_2024_1st_Seo_SUE_1153,kor.2,,,Seongnam FC,Suwon FC,2024-05-13,2,2,,D,,,wiki_2026_h2h_v5,wiki_2026_h2h_v5
43790,wiki_kor.2_2024_1st_Seo_SSB_1154,kor.2,,,Seongnam FC,Suwon Samsung Bluewings,2024-05-14,2,1,,H,,,wiki_2026_h2h_v5,wiki_2026_h2h_v5
43791,wiki_kor.2_2024_1st_Seo_ASG_1155,kor.2,,,Seoul E-Land,Ansan Greeners,2024-05-15,0,3,,A,,,wiki_2026_h2h_v5,wiki_2026_h2h_v5
43792,wiki_kor.2_2024_1st_Seo_AYG_1156,kor.2,,,Seoul E-Land,FC Anyang,2024-05-16,1,2,,A,,,wiki_2026_h2h_v5,wiki_2026_h2h_v5
43793,wiki_kor.2_2024_1st_Seo_BCN_1157,kor.2,,,Seoul E-Land,Bucheon FC 1995,2024-05-17,1,1,,D,,,wiki_2026_h2h_v5,wiki_2026_h2h_v5
43794,wiki_kor.2_2024_1st_Seo_BSI_1158,kor.2,,,Seoul E-Land,Busan IPark,2024-05-18,2,1,,H,,,wiki_2026_h2h_v5,wiki_2026_h2h_v5
43795,wiki_kor.2_2024_1st_Seo_CNC_1159,kor.2,,,Seoul E-Land,Cheonan City,2024-05-19,3,4,,A,,,wiki_2026_h2h_v5,wiki_2026_h2h_v5
43796,wiki_kor.2_2024_1st_Seo_CBC_1160,kor.2,,,Seoul E-Land,Chungbuk Cheongju,2024-05-20,1,1,,D,,,wiki_2026_h2h_v5,wiki_2026_h2h_v5
43797,wiki_kor.2_2024_1st_Seo_CNA_1161,kor.2,,,Seoul E-Land,Chungnam Asan,2024-05-21,5,0,,H,,,wiki_2026_h2h_v5,wiki_2026_h2h_v5
43798,wiki_kor.2_2024_1st_Seo_GIM_1162,kor.2,,,Seoul E-Land,Gimpo FC,2024-05-22,1,1,,D,,,wiki_2026_h2h_v5,wiki_2026_h2h_v5
43799,wiki_kor.2_2024_1st_Seo_GNM_1163,kor.2,,,Seoul E-Land,Gyeongnam FC,2024-05-23,2,1,,H,,,wiki_2026_h2h_v5,wiki_2026_h2h_v5
43800,wiki_kor.2_2024_1st_Seo_JND_1164,kor.2,,,Seoul E-Land,Jeonnam Dragons,2024-05-24,1,2,,A,,,wiki_2026_h2h_v5,wiki_2026_h2h_v5
43801,wiki_kor.2_2024_1st_Seo_SNM_1165,kor.2,,,Seoul E-Land,Seongnam FC,2024-05-25,3,1,,H,,,wiki_2026_h2h_v5,wiki_2026_h2h_v5
43802,wiki_kor.2_2024_1st_Seo_SSB_1166,kor.2,,,Seoul E-Land,Suwon Samsung Bluewings,2024-05-26,2,1,,H,,,wiki_2026_h2h_v5,wiki_2026_h2h_v5
43803,wiki_kor.2_2024_1st_Suw_ASG_1167,kor.2,,,Suwon Samsung Bluewings,Ansan Greeners,2024-05-27,1,1,,D,,,wiki_2026_h2h_v5,wiki_2026_h2h_v5
43804,wiki_kor.2_2024_1st_Suw_AYG_1168,kor.2,,,Suwon Samsung Bluewings,FC Anyang,2024-05-28,2,1,,H,,,wiki_2026_h2h_v5,wiki_2026_h2h_v5
43805,wiki_kor.2_2024_1st_Suw_BCN_1169,kor.2,,,Suwon Samsung Bluewings,Bucheon FC 1995,2024-05-29,0,1,,A,,,wiki_2026_h2h_v5,wiki_2026_h2h_v5
43806,wiki_kor.2_2024_1st_Suw_BSI_1170,kor.2,,,Suwon Samsung Bluewings,Busan IPark,2024-05-30,0,1,,A,,,wiki_2026_h2h_v5,wiki_2026_h2h_v5
43807,wiki_kor.2_2024_1st_Suw_CNC_1171,kor.2,,,Suwon Samsung Bluewings,Cheonan City,2024-05-31,0,1,,A,,,wiki_2026_h2h_v5,wiki_2026_h2h_v5
43808,wiki_kor.2_2024_1st_Suw_CBC_1172,kor.2,,,Suwon Samsung Bluewings,Chungbuk Cheongju,2024-06-01,0,0,,D,,,wiki_2026_h2h_v5,wiki_2026_h2h_v5
43809,wiki_kor.2_2024_1st_Suw_CNA_1173,kor.2,,,Suwon Samsung Bluewings,Chungnam Asan,2024-06-02,2,1,,H,,,wiki_2026_h2h_v5,wiki_2026_h2h_v5
43810,wiki_kor.2_2024_1st_Suw_GIM_1174,kor.2,,,Suwon Samsung Bluewings,Gimpo FC,2024-06-03,2,1,,H,,,wiki_2026_h2h_v5,wiki_2026_h2h_v5
43811,wiki_kor.2_2024_1st_Suw_GNM_1175,kor.2,,,Suwon Samsung Bluewings,Gyeongnam FC,2024-06-04,1,1,,D,,,wiki_2026_h2h_v5,wiki_2026_h2h_v5
43812,wiki_kor.2_2024_1st_Suw_JND_1176,kor.2,,,Suwon Samsung Bluewings,Jeonnam Dragons,2024-06-05,5,1,,H,,,wiki_2026_h2h_v5,wiki_2026_h2h_v5
43813,wiki_kor.2_2024_1st_Suw_SNM_1177,kor.2,,,Suwon Samsung Bluewings,Seongnam FC,2024-06-06,3,0,,H,,,wiki_2026_h2h_v5,wiki_2026_h2h_v5
43814,wiki_kor.2_2024_1st_Suw_SUE_1178,kor.2,,,Suwon Samsung Bluewings,Suwon FC,2024-06-07,1,3,,A,,,wiki_2026_h2h_v5,wiki_2026_h2h_v5
43815,wiki_kor.2_2024_2nd_Ans_BCN_1179,kor.2,,,Ansan Greeners,Bucheon FC 1995,2024-11-25,1,0,,H,,,wiki_2026_h2h_v5,wiki_2026_h2h_v5
43816,wiki_kor.2_2024_2nd_Ans_BSI_1180,kor.2,,,Ansan Greeners,Busan IPark,2024-11-26,0,5,,A,,,wiki_2026_h2h_v5,wiki_2026_h2h_v5
43817,wiki_kor.2_2024_2nd_Ans_CBC_1181,kor.2,,,Ansan Greeners,Chungbuk Cheongju,2024-11-27,3,2,,H,,,wiki_2026_h2h_v5,wiki_2026_h2h_v5
43818,wiki_kor.2_2024_2nd_Ans_GNM_1182,kor.2,,,Ansan Greeners,Gyeongnam FC,2024-11-28,1,1,,D,,,wiki_2026_h2h_v5,wiki_2026_h2h_v5
43819,wiki_kor.2_2024_2nd_Ans_SNM_1183,kor.2,,,Ansan Greeners,Seongnam FC,2024-11-29,1,1,,D,,,wiki_2026_h2h_v5,wiki_2026_h2h_v5
43820,wiki_kor.2_2024_2nd_Ans_SUE_1184,kor.2,,,Ansan Greeners,Suwon FC,2024-11-30,0,0,,D,,,wiki_2026_h2h_v5,wiki_2026_h2h_v5
43821,wiki_kor.2_2024_2nd_FC _ASG_1185,kor.2,,,FC Anyang,Ansan Greeners,2024-12-01,2,1,,H,,,wiki_2026_h2h_v5,wiki_2026_h2h_v5
43822,wiki_kor.2_2024_2nd_FC _BSI_1186,kor.2,,,FC Anyang,Busan IPark,2024-12-02,4,1,,H,,,wiki_2026_h2h_v5,wiki_2026_h2h_v5
43823,wiki_kor.2_2024_2nd_FC _CNC_1187,kor.2,,,FC Anyang,Cheonan City,2024-12-03,1,1,,D,,,wiki_2026_h2h_v5,wiki_2026_h2h_v5
43824,wiki_kor.2_2024_2nd_FC _CNA_1188,kor.2,,,FC Anyang,Chungnam Asan,2024-12-04,0,1,,A,,,wiki_2026_h2h_v5,wiki_2026_h2h_v5
43825,wiki_kor.2_2024_2nd_FC _GNM_1189,kor.2,,,FC Anyang,Gyeongnam FC,2024-12-05,2,2,,D,,,wiki_2026_h2h_v5,wiki_2026_h2h_v5
43826,wiki_kor.2_2024_2nd_FC _JND_1190,kor.2,,,FC Anyang,Jeonnam Dragons,2024-12-06,1,1,,D,,,wiki_2026_h2h_v5,wiki_2026_h2h_v5
43827,wiki_kor.2_2024_2nd_Buc_AYG_1191,kor.2,,,Bucheon FC 1995,FC Anyang,2024-12-07,0,0,,D,,,wiki_2026_h2h_v5,wiki_2026_h2h_v5
43828,wiki_kor.2_2024_2nd_Buc_CBC_1192,kor.2,,,Bucheon FC 1995,Chungbuk Cheongju,2024-12-08,0,0,,D,,,wiki_2026_h2h_v5,wiki_2026_h2h_v5
43829,wiki_kor.2_2024_2nd_Buc_GIM_1193,kor.2,,,Bucheon FC 1995,Gimpo FC,2024-12-09,2,0,,H,,,wiki_2026_h2h_v5,wiki_2026_h2h_v5
43830,wiki_kor.2_2024_2nd_Buc_SNM_1194,kor.2,,,Bucheon FC 1995,Seongnam FC,2024-12-10,3,0,,H,,,wiki_2026_h2h_v5,wiki_2026_h2h_v5
43831,wiki_kor.2_2024_2nd_Buc_SUE_1195,kor.2,,,Bucheon FC 1995,Suwon FC,2024-12-11,2,0,,H,,,wiki_2026_h2h_v5,wiki_2026_h2h_v5
43832,wiki_kor.2_2024_2nd_Buc_SSB_1196,kor.2,,,Bucheon FC 1995,Suwon Samsung Bluewings,2024-12-12,1,1,,D,,,wiki_2026_h2h_v5,wiki_2026_h2h_v5
43833,wiki_kor.2_2024_2nd_Bus_BCN_1197,kor.2,,,Busan IPark,Bucheon FC 1995,2024-12-13,3,1,,H,,,wiki_2026_h2h_v5,wiki_2026_h2h_v5
43834,wiki_kor.2_2024_2nd_Bus_CBC_1198,kor.2,,,Busan IPark,Chungbuk Cheongju,2024-12-14,0,1,,A,,,wiki_2026_h2h_v5,wiki_2026_h2h_v5
43835,wiki_kor.2_2024_2nd_Bus_GIM_1199,kor.2,,,Busan IPark,Gimpo FC,2024-12-15,0,0,,D,,,wiki_2026_h2h_v5,wiki_2026_h2h_v5
43836,wiki_kor.2_2024_2nd_Bus_GNM_1200,kor.2,,,Busan IPark,Gyeongnam FC,2024-07-19,1,1,,D,,,wiki_2026_h2h_v5,wiki_2026_h2h_v5
43837,wiki_kor.2_2024_2nd_Bus_SNM_1201,kor.2,,,Busan IPark,Seongnam FC,2024-07-20,3,1,,H,,,wiki_2026_h2h_v5,wiki_2026_h2h_v5
43838,wiki_kor.2_2024_2nd_Bus_SUE_1202,kor.2,,,Busan IPark,Suwon FC,2024-07-21,0,0,,D,,,wiki_2026_h2h_v5,wiki_2026_h2h_v5
43839,wiki_kor.2_2024_2nd_Che_ASG_1203,kor.2,,,Cheonan City,Ansan Greeners,2024-07-22,2,3,,A,,,wiki_2026_h2h_v5,wiki_2026_h2h_v5
43840,wiki_kor.2_2024_2nd_Che_BCN_1204,kor.2,,,Cheonan City,Bucheon FC 1995,2024-07-23,1,1,,D,,,wiki_2026_h2h_v5,wiki_2026_h2h_v5
43841,wiki_kor.2_2024_2nd_Che_BSI_1205,kor.2,,,Cheonan City,Busan IPark,2024-07-24,2,3,,A,,,wiki_2026_h2h_v5,wiki_2026_h2h_v5
43842,wiki_kor.2_2024_2nd_Che_CBC_1206,kor.2,,,Cheonan City,Chungbuk Cheongju,2024-07-25,1,0,,H,,,wiki_2026_h2h_v5,wiki_2026_h2h_v5
43843,wiki_kor.2_2024_2nd_Che_GNM_1207,kor.2,,,Cheonan City,Gyeongnam FC,2024-07-26,3,1,,H,,,wiki_2026_h2h_v5,wiki_2026_h2h_v5
43844,wiki_kor.2_2024_2nd_Che_SUE_1208,kor.2,,,Cheonan City,Suwon FC,2024-07-27,0,3,,A,,,wiki_2026_h2h_v5,wiki_2026_h2h_v5
43845,wiki_kor.2_2024_2nd_Chu_AYG_1209,kor.2,,,Chungbuk Cheongju,FC Anyang,2024-07-28,0,2,,A,,,wiki_2026_h2h_v5,wiki_2026_h2h_v5
43846,wiki_kor.2_2024_2nd_Chu_CNA_1210,kor.2,,,Chungbuk Cheongju,Chungnam Asan,2024-07-29,1,4,,A,,,wiki_2026_h2h_v5,wiki_2026_h2h_v5
43847,wiki_kor.2_2024_2nd_Chu_GIM_1211,kor.2,,,Chungbuk Cheongju,Gimpo FC,2024-07-30,0,1,,A,,,wiki_2026_h2h_v5,wiki_2026_h2h_v5
43848,wiki_kor.2_2024_2nd_Chu_SNM_1212,kor.2,,,Chungbuk Cheongju,Seongnam FC,2024-07-31,1,1,,D,,,wiki_2026_h2h_v5,wiki_2026_h2h_v5
43849,wiki_kor.2_2024_2nd_Chu_SUE_1213,kor.2,,,Chungbuk Cheongju,Suwon FC,2024-08-01,1,2,,A,,,wiki_2026_h2h_v5,wiki_2026_h2h_v5
43850,wiki_kor.2_2024_2nd_Chu_SSB_1214,kor.2,,,Chungbuk Cheongju,Suwon Samsung Bluewings,2024-08-02,2,2,,D,,,wiki_2026_h2h_v5,wiki_2026_h2h_v5
43851,wiki_kor.2_2024_2nd_Chu_ASG_1215,kor.2,,,Chungnam Asan,Ansan Greeners,2024-08-03,1,1,,D,,,wiki_2026_h2h_v5,wiki_2026_h2h_v5
43852,wiki_kor.2_2024_2nd_Chu_BCN_1216,kor.2,,,Chungnam Asan,Bucheon FC 1995,2024-08-04,2,2,,D,,,wiki_2026_h2h_v5,wiki_2026_h2h_v5
43853,wiki_kor.2_2024_2nd_Chu_BSI_1217,kor.2,,,Chungnam Asan,Busan IPark,2024-08-05,0,1,,A,,,wiki_2026_h2h_v5,wiki_2026_h2h_v5
43854,wiki_kor.2_2024_2nd_Chu_CNC_1218,kor.2,,,Chungnam Asan,Cheonan City,2024-08-06,2,0,,H,,,wiki_2026_h2h_v5,wiki_2026_h2h_v5
43855,wiki_kor.2_2024_2nd_Chu_GNM_1219,kor.2,,,Chungnam Asan,Gyeongnam FC,2024-08-07,3,0,,H,,,wiki_2026_h2h_v5,wiki_2026_h2h_v5
43856,wiki_kor.2_2024_2nd_Chu_JND_1220,kor.2,,,Chungnam Asan,Jeonnam Dragons,2024-08-08,2,1,,H,,,wiki_2026_h2h_v5,wiki_2026_h2h_v5
43857,wiki_kor.2_2024_2nd_Gim_ASG_1221,kor.2,,,Gimpo FC,Ansan Greeners,2024-08-09,1,0,,H,,,wiki_2026_h2h_v5,wiki_2026_h2h_v5
43858,wiki_kor.2_2024_2nd_Gim_AYG_1222,kor.2,,,Gimpo FC,FC Anyang,2024-08-10,1,2,,A,,,wiki_2026_h2h_v5,wiki_2026_h2h_v5
43859,wiki_kor.2_2024_2nd_Gim_CNC_1223,kor.2,,,Gimpo FC,Cheonan City,2024-08-11,1,0,,H,,,wiki_2026_h2h_v5,wiki_2026_h2h_v5
43860,wiki_kor.2_2024_2nd_Gim_CNA_1224,kor.2,,,Gimpo FC,Chungnam Asan,2024-08-12,3,0,,H,,,wiki_2026_h2h_v5,wiki_2026_h2h_v5
43861,wiki_kor.2_2024_2nd_Gim_JND_1225,kor.2,,,Gimpo FC,Jeonnam Dragons,2024-08-13,4,3,,H,,,wiki_2026_h2h_v5,wiki_2026_h2h_v5
43862,wiki_kor.2_2024_2nd_Gim_SSB_1226,kor.2,,,Gimpo FC,Suwon Samsung Bluewings,2024-08-14,0,0,,D,,,wiki_2026_h2h_v5,wiki_2026_h2h_v5
43863,wiki_kor.2_2024_2nd_Gye_BCN_1227,kor.2,,,Gyeongnam FC,Bucheon FC 1995,2024-08-15,1,4,,A,,,wiki_2026_h2h_v5,wiki_2026_h2h_v5
43864,wiki_kor.2_2024_2nd_Gye_CBC_1228,kor.2,,,Gyeongnam FC,Chungbuk Cheongju,2024-08-16,0,0,,D,,,wiki_2026_h2h_v5,wiki_2026_h2h_v5
43865,wiki_kor.2_2024_2nd_Gye_GIM_1229,kor.2,,,Gyeongnam FC,Gimpo FC,2024-08-17,1,1,,D,,,wiki_2026_h2h_v5,wiki_2026_h2h_v5
43866,wiki_kor.2_2024_2nd_Gye_SNM_1230,kor.2,,,Gyeongnam FC,Seongnam FC,2024-08-18,5,1,,H,,,wiki_2026_h2h_v5,wiki_2026_h2h_v5
43867,wiki_kor.2_2024_2nd_Gye_SUE_1231,kor.2,,,Gyeongnam FC,Suwon FC,2024-08-19,0,3,,A,,,wiki_2026_h2h_v5,wiki_2026_h2h_v5
43868,wiki_kor.2_2024_2nd_Gye_SSB_1232,kor.2,,,Gyeongnam FC,Suwon Samsung Bluewings,2024-08-20,1,1,,D,,,wiki_2026_h2h_v5,wiki_2026_h2h_v5
43869,wiki_kor.2_2024_2nd_Jeo_ASG_1233,kor.2,,,Jeonnam Dragons,Ansan Greeners,2024-08-21,1,1,,D,,,wiki_2026_h2h_v5,wiki_2026_h2h_v5
43870,wiki_kor.2_2024_2nd_Jeo_BCN_1234,kor.2,,,Jeonnam Dragons,Bucheon FC 1995,2024-08-22,3,1,,H,,,wiki_2026_h2h_v5,wiki_2026_h2h_v5
43871,wiki_kor.2_2024_2nd_Jeo_BSI_1235,kor.2,,,Jeonnam Dragons,Busan IPark,2024-08-23,1,2,,A,,,wiki_2026_h2h_v5,wiki_2026_h2h_v5
43872,wiki_kor.2_2024_2nd_Jeo_CNC_1236,kor.2,,,Jeonnam Dragons,Cheonan City,2024-08-24,0,2,,A,,,wiki_2026_h2h_v5,wiki_2026_h2h_v5
43873,wiki_kor.2_2024_2nd_Jeo_CBC_1237,kor.2,,,Jeonnam Dragons,Chungbuk Cheongju,2024-08-25,3,0,,H,,,wiki_2026_h2h_v5,wiki_2026_h2h_v5
43874,wiki_kor.2_2024_2nd_Jeo_GNM_1238,kor.2,,,Jeonnam Dragons,Gyeongnam FC,2024-08-26,0,0,,D,,,wiki_2026_h2h_v5,wiki_2026_h2h_v5
43875,wiki_kor.2_2024_2nd_Seo_AYG_1239,kor.2,,,Seongnam FC,FC Anyang,2024-08-27,1,1,,D,,,wiki_2026_h2h_v5,wiki_2026_h2h_v5
43876,wiki_kor.2_2024_2nd_Seo_CNC_1240,kor.2,,,Seongnam FC,Cheonan City,2024-08-28,2,2,,D,,,wiki_2026_h2h_v5,wiki_2026_h2h_v5
43877,wiki_kor.2_2024_2nd_Seo_CNA_1241,kor.2,,,Seongnam FC,Chungnam Asan,2024-08-29,2,3,,A,,,wiki_2026_h2h_v5,wiki_2026_h2h_v5
43878,wiki_kor.2_2024_2nd_Seo_GIM_1242,kor.2,,,Seongnam FC,Gimpo FC,2024-08-30,1,1,,D,,,wiki_2026_h2h_v5,wiki_2026_h2h_v5
43879,wiki_kor.2_2024_2nd_Seo_JND_1243,kor.2,,,Seongnam FC,Jeonnam Dragons,2024-08-31,0,1,,A,,,wiki_2026_h2h_v5,wiki_2026_h2h_v5
43880,wiki_kor.2_2024_2nd_Seo_SSB_1244,kor.2,,,Seongnam FC,Suwon Samsung Bluewings,2024-09-01,1,2,,A,,,wiki_2026_h2h_v5,wiki_2026_h2h_v5
43881,wiki_kor.2_2024_2nd_Seo_AYG_1245,kor.2,,,Seoul E-Land,FC Anyang,2024-09-02,1,0,,H,,,wiki_2026_h2h_v5,wiki_2026_h2h_v5
43882,wiki_kor.2_2024_2nd_Seo_CNA_1246,kor.2,,,Seoul E-Land,Chungnam Asan,2024-09-03,1,2,,A,,,wiki_2026_h2h_v5,wiki_2026_h2h_v5
43883,wiki_kor.2_2024_2nd_Seo_GIM_1247,kor.2,,,Seoul E-Land,Gimpo FC,2024-09-04,0,2,,A,,,wiki_2026_h2h_v5,wiki_2026_h2h_v5
43884,wiki_kor.2_2024_2nd_Seo_JND_1248,kor.2,,,Seoul E-Land,Jeonnam Dragons,2024-09-05,0,4,,A,,,wiki_2026_h2h_v5,wiki_2026_h2h_v5
43885,wiki_kor.2_2024_2nd_Seo_SNM_1249,kor.2,,,Seoul E-Land,Seongnam FC,2024-09-06,1,0,,H,,,wiki_2026_h2h_v5,wiki_2026_h2h_v5
43886,wiki_kor.2_2024_2nd_Seo_SSB_1250,kor.2,,,Seoul E-Land,Suwon Samsung Bluewings,2024-09-07,2,0,,H,,,wiki_2026_h2h_v5,wiki_2026_h2h_v5
43887,wiki_kor.2_2024_2nd_Suw_ASG_1251,kor.2,,,Suwon Samsung Bluewings,Ansan Greeners,2024-09-08,2,1,,H,,,wiki_2026_h2h_v5,wiki_2026_h2h_v5
43888,wiki_kor.2_2024_2nd_Suw_AYG_1252,kor.2,,,Suwon Samsung Bluewings,FC Anyang,2024-09-09,1,0,,H,,,wiki_2026_h2h_v5,wiki_2026_h2h_v5
43889,wiki_kor.2_2024_2nd_Suw_BSI_1253,kor.2,,,Suwon Samsung Bluewings,Busan IPark,2024-09-10,0,1,,A,,,wiki_2026_h2h_v5,wiki_2026_h2h_v5
43890,wiki_kor.2_2024_2nd_Suw_CNC_1254,kor.2,,,Suwon Samsung Bluewings,Cheonan City,2024-09-11,1,2,,A,,,wiki_2026_h2h_v5,wiki_2026_h2h_v5
43891,wiki_kor.2_2024_2nd_Suw_CNA_1255,kor.2,,,Suwon Samsung Bluewings,Chungnam Asan,2024-09-12,2,1,,H,,,wiki_2026_h2h_v5,wiki_2026_h2h_v5
43892,wiki_kor.2_2024_2nd_Suw_JND_1256,kor.2,,,Suwon Samsung Bluewings,Jeonnam Dragons,2024-09-13,2,1,,H,,,wiki_2026_h2h_v5,wiki_2026_h2h_v5
43893,wiki_kor.2_2025_1st_Ans_BCN_1257,kor.2,,,Ansan Greeners,Bucheon FC 1995,2025-08-26,0,1,,A,,,wiki_2026_h2h_v5,wiki_2026_h2h_v5
43894,wiki_kor.2_2025_1st_Ans_BSI_1258,kor.2,,,Ansan Greeners,Busan IPark,2025-08-27,1,3,,A,,,wiki_2026_h2h_v5,wiki_2026_h2h_v5
43895,wiki_kor.2_2025_1st_Ans_CNC_1259,kor.2,,,Ansan Greeners,Cheonan City,2025-08-28,0,0,,D,,,wiki_2026_h2h_v5,wiki_2026_h2h_v5
43896,wiki_kor.2_2025_1st_Ans_CBC_1260,kor.2,,,Ansan Greeners,Chungbuk Cheongju,2025-03-02,1,2,,A,,,wiki_2026_h2h_v5,wiki_2026_h2h_v5
43897,wiki_kor.2_2025_1st_Ans_CNA_1261,kor.2,,,Ansan Greeners,Chungnam Asan,2025-03-03,0,2,,A,,,wiki_2026_h2h_v5,wiki_2026_h2h_v5
43898,wiki_kor.2_2025_1st_Ans_GIM_1262,kor.2,,,Ansan Greeners,Gimpo FC,2025-03-04,0,2,,A,,,wiki_2026_h2h_v5,wiki_2026_h2h_v5
43899,wiki_kor.2_2025_1st_Ans_GNM_1263,kor.2,,,Ansan Greeners,Gyeongnam FC,2025-03-05,1,0,,H,,,wiki_2026_h2h_v5,wiki_2026_h2h_v5
43900,wiki_kor.2_2025_1st_Ans_HWA_1264,kor.2,,,Ansan Greeners,Hwaseong FC,2025-03-06,3,3,,D,,,wiki_2026_h2h_v5,wiki_2026_h2h_v5
43901,wiki_kor.2_2025_1st_Ans_ICU_1265,kor.2,,,Ansan Greeners,Incheon United,2025-03-07,0,2,,A,,,wiki_2026_h2h_v5,wiki_2026_h2h_v5
43902,wiki_kor.2_2025_1st_Ans_JND_1266,kor.2,,,Ansan Greeners,Jeonnam Dragons,2025-03-08,0,1,,A,,,wiki_2026_h2h_v5,wiki_2026_h2h_v5
43903,wiki_kor.2_2025_1st_Ans_SNM_1267,kor.2,,,Ansan Greeners,Seongnam FC,2025-03-09,1,0,,H,,,wiki_2026_h2h_v5,wiki_2026_h2h_v5
43904,wiki_kor.2_2025_1st_Ans_SUE_1268,kor.2,,,Ansan Greeners,Suwon FC,2025-03-10,2,2,,D,,,wiki_2026_h2h_v5,wiki_2026_h2h_v5
43905,wiki_kor.2_2025_1st_Ans_SSB_1269,kor.2,,,Ansan Greeners,Suwon Samsung Bluewings,2025-03-11,0,1,,A,,,wiki_2026_h2h_v5,wiki_2026_h2h_v5
43906,wiki_kor.2_2025_1st_Buc_ASG_1270,kor.2,,,Bucheon FC 1995,Ansan Greeners,2025-03-12,3,1,,H,,,wiki_2026_h2h_v5,wiki_2026_h2h_v5
43907,wiki_kor.2_2025_1st_Buc_BSI_1271,kor.2,,,Bucheon FC 1995,Busan IPark,2025-03-13,0,2,,A,,,wiki_2026_h2h_v5,wiki_2026_h2h_v5
43908,wiki_kor.2_2025_1st_Buc_CNC_1272,kor.2,,,Bucheon FC 1995,Cheonan City,2025-03-14,0,0,,D,,,wiki_2026_h2h_v5,wiki_2026_h2h_v5
43909,wiki_kor.2_2025_1st_Buc_CBC_1273,kor.2,,,Bucheon FC 1995,Chungbuk Cheongju,2025-03-15,3,1,,H,,,wiki_2026_h2h_v5,wiki_2026_h2h_v5
43910,wiki_kor.2_2025_1st_Buc_CNA_1274,kor.2,,,Bucheon FC 1995,Chungnam Asan,2025-03-16,5,3,,H,,,wiki_2026_h2h_v5,wiki_2026_h2h_v5
43911,wiki_kor.2_2025_1st_Buc_GIM_1275,kor.2,,,Bucheon FC 1995,Gimpo FC,2025-03-17,1,1,,D,,,wiki_2026_h2h_v5,wiki_2026_h2h_v5
43912,wiki_kor.2_2025_1st_Buc_GNM_1276,kor.2,,,Bucheon FC 1995,Gyeongnam FC,2025-03-18,2,0,,H,,,wiki_2026_h2h_v5,wiki_2026_h2h_v5
43913,wiki_kor.2_2025_1st_Buc_HWA_1277,kor.2,,,Bucheon FC 1995,Hwaseong FC,2025-03-19,1,0,,H,,,wiki_2026_h2h_v5,wiki_2026_h2h_v5
43914,wiki_kor.2_2025_1st_Buc_ICU_1278,kor.2,,,Bucheon FC 1995,Incheon United,2025-03-20,1,3,,A,,,wiki_2026_h2h_v5,wiki_2026_h2h_v5
43915,wiki_kor.2_2025_1st_Buc_JND_1279,kor.2,,,Bucheon FC 1995,Jeonnam Dragons,2025-03-21,2,2,,D,,,wiki_2026_h2h_v5,wiki_2026_h2h_v5
43916,wiki_kor.2_2025_1st_Buc_SNM_1280,kor.2,,,Bucheon FC 1995,Seongnam FC,2025-03-22,2,3,,A,,,wiki_2026_h2h_v5,wiki_2026_h2h_v5
43917,wiki_kor.2_2025_1st_Buc_SUE_1281,kor.2,,,Bucheon FC 1995,Suwon FC,2025-03-23,3,1,,H,,,wiki_2026_h2h_v5,wiki_2026_h2h_v5
43918,wiki_kor.2_2025_1st_Buc_SSB_1282,kor.2,,,Bucheon FC 1995,Suwon Samsung Bluewings,2025-03-24,1,1,,D,,,wiki_2026_h2h_v5,wiki_2026_h2h_v5
43919,wiki_kor.2_2025_1st_Bus_ASG_1283,kor.2,,,Busan IPark,Ansan Greeners,2025-03-25,0,2,,A,,,wiki_2026_h2h_v5,wiki_2026_h2h_v5
43920,wiki_kor.2_2025_1st_Bus_BCN_1284,kor.2,,,Busan IPark,Bucheon FC 1995,2025-03-26,4,2,,H,,,wiki_2026_h2h_v5,wiki_2026_h2h_v5
43921,wiki_kor.2_2025_1st_Bus_CNC_1285,kor.2,,,Busan IPark,Cheonan City,2025-03-27,2,1,,H,,,wiki_2026_h2h_v5,wiki_2026_h2h_v5
43922,wiki_kor.2_2025_1st_Bus_CBC_1286,kor.2,,,Busan IPark,Chungbuk Cheongju,2025-03-28,2,2,,D,,,wiki_2026_h2h_v5,wiki_2026_h2h_v5
43923,wiki_kor.2_2025_1st_Bus_CNA_1287,kor.2,,,Busan IPark,Chungnam Asan,2025-03-29,2,0,,H,,,wiki_2026_h2h_v5,wiki_2026_h2h_v5
43924,wiki_kor.2_2025_1st_Bus_GIM_1288,kor.2,,,Busan IPark,Gimpo FC,2025-03-30,0,0,,D,,,wiki_2026_h2h_v5,wiki_2026_h2h_v5
43925,wiki_kor.2_2025_1st_Bus_GNM_1289,kor.2,,,Busan IPark,Gyeongnam FC,2025-03-31,0,1,,A,,,wiki_2026_h2h_v5,wiki_2026_h2h_v5
43926,wiki_kor.2_2025_1st_Bus_HWA_1290,kor.2,,,Busan IPark,Hwaseong FC,2025-04-01,3,2,,H,,,wiki_2026_h2h_v5,wiki_2026_h2h_v5
43927,wiki_kor.2_2025_1st_Bus_ICU_1291,kor.2,,,Busan IPark,Incheon United,2025-04-02,0,2,,A,,,wiki_2026_h2h_v5,wiki_2026_h2h_v5
43928,wiki_kor.2_2025_1st_Bus_JND_1292,kor.2,,,Busan IPark,Jeonnam Dragons,2025-04-03,0,1,,A,,,wiki_2026_h2h_v5,wiki_2026_h2h_v5
43929,wiki_kor.2_2025_1st_Bus_SNM_1293,kor.2,,,Busan IPark,Seongnam FC,2025-04-04,0,0,,D,,,wiki_2026_h2h_v5,wiki_2026_h2h_v5
43930,wiki_kor.2_2025_1st_Bus_SUE_1294,kor.2,,,Busan IPark,Suwon FC,2025-04-05,2,2,,D,,,wiki_2026_h2h_v5,wiki_2026_h2h_v5
43931,wiki_kor.2_2025_1st_Bus_SSB_1295,kor.2,,,Busan IPark,Suwon Samsung Bluewings,2025-04-06,1,4,,A,,,wiki_2026_h2h_v5,wiki_2026_h2h_v5
43932,wiki_kor.2_2025_1st_Che_ASG_1296,kor.2,,,Cheonan City,Ansan Greeners,2025-04-07,0,1,,A,,,wiki_2026_h2h_v5,wiki_2026_h2h_v5
43933,wiki_kor.2_2025_1st_Che_BCN_1297,kor.2,,,Cheonan City,Bucheon FC 1995,2025-04-08,1,2,,A,,,wiki_2026_h2h_v5,wiki_2026_h2h_v5
43934,wiki_kor.2_2025_1st_Che_BSI_1298,kor.2,,,Cheonan City,Busan IPark,2025-04-09,0,1,,A,,,wiki_2026_h2h_v5,wiki_2026_h2h_v5
43935,wiki_kor.2_2025_1st_Che_CBC_1299,kor.2,,,Cheonan City,Chungbuk Cheongju,2025-04-10,0,1,,A,,,wiki_2026_h2h_v5,wiki_2026_h2h_v5
43936,wiki_kor.2_2025_1st_Che_CNA_1300,kor.2,,,Cheonan City,Chungnam Asan,2025-04-11,1,0,,H,,,wiki_2026_h2h_v5,wiki_2026_h2h_v5
43937,wiki_kor.2_2025_1st_Che_GIM_1301,kor.2,,,Cheonan City,Gimpo FC,2025-04-12,0,2,,A,,,wiki_2026_h2h_v5,wiki_2026_h2h_v5
43938,wiki_kor.2_2025_1st_Che_GNM_1302,kor.2,,,Cheonan City,Gyeongnam FC,2025-04-13,4,0,,H,,,wiki_2026_h2h_v5,wiki_2026_h2h_v5
43939,wiki_kor.2_2025_1st_Che_HWA_1303,kor.2,,,Cheonan City,Hwaseong FC,2025-04-14,2,3,,A,,,wiki_2026_h2h_v5,wiki_2026_h2h_v5
43940,wiki_kor.2_2025_1st_Che_ICU_1304,kor.2,,,Cheonan City,Incheon United,2025-04-15,3,3,,D,,,wiki_2026_h2h_v5,wiki_2026_h2h_v5
43941,wiki_kor.2_2025_1st_Che_JND_1305,kor.2,,,Cheonan City,Jeonnam Dragons,2025-04-16,0,2,,A,,,wiki_2026_h2h_v5,wiki_2026_h2h_v5
43942,wiki_kor.2_2025_1st_Che_SNM_1306,kor.2,,,Cheonan City,Seongnam FC,2025-04-17,1,1,,D,,,wiki_2026_h2h_v5,wiki_2026_h2h_v5
43943,wiki_kor.2_2025_1st_Che_SUE_1307,kor.2,,,Cheonan City,Suwon FC,2025-04-18,4,2,,H,,,wiki_2026_h2h_v5,wiki_2026_h2h_v5
43944,wiki_kor.2_2025_1st_Che_SSB_1308,kor.2,,,Cheonan City,Suwon Samsung Bluewings,2025-04-19,1,2,,A,,,wiki_2026_h2h_v5,wiki_2026_h2h_v5
43945,wiki_kor.2_2025_1st_Chu_ASG_1309,kor.2,,,Chungbuk Cheongju,Ansan Greeners,2025-04-20,0,0,,D,,,wiki_2026_h2h_v5,wiki_2026_h2h_v5
43946,wiki_kor.2_2025_1st_Chu_BCN_1310,kor.2,,,Chungbuk Cheongju,Bucheon FC 1995,2025-04-21,0,1,,A,,,wiki_2026_h2h_v5,wiki_2026_h2h_v5
43947,wiki_kor.2_2025_1st_Chu_BSI_1311,kor.2,,,Chungbuk Cheongju,Busan IPark,2025-04-22,0,2,,A,,,wiki_2026_h2h_v5,wiki_2026_h2h_v5
43948,wiki_kor.2_2025_1st_Chu_CNC_1312,kor.2,,,Chungbuk Cheongju,Cheonan City,2025-04-23,2,1,,H,,,wiki_2026_h2h_v5,wiki_2026_h2h_v5
43949,wiki_kor.2_2025_1st_Chu_CNA_1313,kor.2,,,Chungbuk Cheongju,Chungnam Asan,2025-04-24,0,2,,A,,,wiki_2026_h2h_v5,wiki_2026_h2h_v5
43950,wiki_kor.2_2025_1st_Chu_GIM_1314,kor.2,,,Chungbuk Cheongju,Gimpo FC,2025-04-25,0,3,,A,,,wiki_2026_h2h_v5,wiki_2026_h2h_v5
43951,wiki_kor.2_2025_1st_Chu_GNM_1315,kor.2,,,Chungbuk Cheongju,Gyeongnam FC,2025-04-26,1,2,,A,,,wiki_2026_h2h_v5,wiki_2026_h2h_v5
43952,wiki_kor.2_2025_1st_Chu_HWA_1316,kor.2,,,Chungbuk Cheongju,Hwaseong FC,2025-04-27,1,1,,D,,,wiki_2026_h2h_v5,wiki_2026_h2h_v5
43953,wiki_kor.2_2025_1st_Chu_ICU_1317,kor.2,,,Chungbuk Cheongju,Incheon United,2025-04-28,0,4,,A,,,wiki_2026_h2h_v5,wiki_2026_h2h_v5
43954,wiki_kor.2_2025_1st_Chu_JND_1318,kor.2,,,Chungbuk Cheongju,Jeonnam Dragons,2025-04-29,2,2,,D,,,wiki_2026_h2h_v5,wiki_2026_h2h_v5
43955,wiki_kor.2_2025_1st_Chu_SNM_1319,kor.2,,,Chungbuk Cheongju,Seongnam FC,2025-04-30,0,1,,A,,,wiki_2026_h2h_v5,wiki_2026_h2h_v5
43956,wiki_kor.2_2025_1st_Chu_SUE_1320,kor.2,,,Chungbuk Cheongju,Suwon FC,2025-05-01,2,1,,H,,,wiki_2026_h2h_v5,wiki_2026_h2h_v5
43957,wiki_kor.2_2025_1st_Chu_SSB_1321,kor.2,,,Chungbuk Cheongju,Suwon Samsung Bluewings,2025-05-02,3,3,,D,,,wiki_2026_h2h_v5,wiki_2026_h2h_v5
43958,wiki_kor.2_2025_1st_Chu_ASG_1322,kor.2,,,Chungnam Asan,Ansan Greeners,2025-05-03,3,0,,H,,,wiki_2026_h2h_v5,wiki_2026_h2h_v5
43959,wiki_kor.2_2025_1st_Chu_BCN_1323,kor.2,,,Chungnam Asan,Bucheon FC 1995,2025-05-04,2,2,,D,,,wiki_2026_h2h_v5,wiki_2026_h2h_v5
43960,wiki_kor.2_2025_1st_Chu_BSI_1324,kor.2,,,Chungnam Asan,Busan IPark,2025-05-05,0,1,,A,,,wiki_2026_h2h_v5,wiki_2026_h2h_v5
43961,wiki_kor.2_2025_1st_Chu_CNC_1325,kor.2,,,Chungnam Asan,Cheonan City,2025-05-06,0,1,,A,,,wiki_2026_h2h_v5,wiki_2026_h2h_v5
43962,wiki_kor.2_2025_1st_Chu_CBC_1326,kor.2,,,Chungnam Asan,Chungbuk Cheongju,2025-05-07,3,1,,H,,,wiki_2026_h2h_v5,wiki_2026_h2h_v5
43963,wiki_kor.2_2025_1st_Chu_GIM_1327,kor.2,,,Chungnam Asan,Gimpo FC,2025-05-08,2,0,,H,,,wiki_2026_h2h_v5,wiki_2026_h2h_v5
43964,wiki_kor.2_2025_1st_Chu_GNM_1328,kor.2,,,Chungnam Asan,Gyeongnam FC,2025-05-09,2,2,,D,,,wiki_2026_h2h_v5,wiki_2026_h2h_v5
43965,wiki_kor.2_2025_1st_Chu_HWA_1329,kor.2,,,Chungnam Asan,Hwaseong FC,2025-05-10,1,1,,D,,,wiki_2026_h2h_v5,wiki_2026_h2h_v5
43966,wiki_kor.2_2025_1st_Chu_ICU_1330,kor.2,,,Chungnam Asan,Incheon United,2025-05-11,0,3,,A,,,wiki_2026_h2h_v5,wiki_2026_h2h_v5
43967,wiki_kor.2_2025_1st_Chu_JND_1331,kor.2,,,Chungnam Asan,Jeonnam Dragons,2025-05-12,0,0,,D,,,wiki_2026_h2h_v5,wiki_2026_h2h_v5
43968,wiki_kor.2_2025_1st_Chu_SNM_1332,kor.2,,,Chungnam Asan,Seongnam FC,2025-05-13,1,1,,D,,,wiki_2026_h2h_v5,wiki_2026_h2h_v5
43969,wiki_kor.2_2025_1st_Chu_SUE_1333,kor.2,,,Chungnam Asan,Suwon FC,2025-05-14,1,1,,D,,,wiki_2026_h2h_v5,wiki_2026_h2h_v5
43970,wiki_kor.2_2025_1st_Chu_SSB_1334,kor.2,,,Chungnam Asan,Suwon Samsung Bluewings,2025-05-15,2,3,,A,,,wiki_2026_h2h_v5,wiki_2026_h2h_v5
43971,wiki_kor.2_2025_1st_Gim_ASG_1335,kor.2,,,Gimpo FC,Ansan Greeners,2025-05-16,2,2,,D,,,wiki_2026_h2h_v5,wiki_2026_h2h_v5
43972,wiki_kor.2_2025_1st_Gim_BCN_1336,kor.2,,,Gimpo FC,Bucheon FC 1995,2025-05-17,1,2,,A,,,wiki_2026_h2h_v5,wiki_2026_h2h_v5
43973,wiki_kor.2_2025_1st_Gim_BSI_1337,kor.2,,,Gimpo FC,Busan IPark,2025-05-18,3,0,,H,,,wiki_2026_h2h_v5,wiki_2026_h2h_v5
43974,wiki_kor.2_2025_1st_Gim_CNC_1338,kor.2,,,Gimpo FC,Cheonan City,2025-05-19,1,0,,H,,,wiki_2026_h2h_v5,wiki_2026_h2h_v5
43975,wiki_kor.2_2025_1st_Gim_CBC_1339,kor.2,,,Gimpo FC,Chungbuk Cheongju,2025-05-20,2,3,,A,,,wiki_2026_h2h_v5,wiki_2026_h2h_v5
43976,wiki_kor.2_2025_1st_Gim_CNA_1340,kor.2,,,Gimpo FC,Chungnam Asan,2025-05-21,1,1,,D,,,wiki_2026_h2h_v5,wiki_2026_h2h_v5
43977,wiki_kor.2_2025_1st_Gim_GNM_1341,kor.2,,,Gimpo FC,Gyeongnam FC,2025-05-22,3,0,,H,,,wiki_2026_h2h_v5,wiki_2026_h2h_v5
43978,wiki_kor.2_2025_1st_Gim_HWA_1342,kor.2,,,Gimpo FC,Hwaseong FC,2025-05-23,1,0,,H,,,wiki_2026_h2h_v5,wiki_2026_h2h_v5
43979,wiki_kor.2_2025_1st_Gim_ICU_1343,kor.2,,,Gimpo FC,Incheon United,2025-05-24,1,1,,D,,,wiki_2026_h2h_v5,wiki_2026_h2h_v5
43980,wiki_kor.2_2025_1st_Gim_JND_1344,kor.2,,,Gimpo FC,Jeonnam Dragons,2025-05-25,0,1,,A,,,wiki_2026_h2h_v5,wiki_2026_h2h_v5
43981,wiki_kor.2_2025_1st_Gim_SNM_1345,kor.2,,,Gimpo FC,Seongnam FC,2025-05-26,0,0,,D,,,wiki_2026_h2h_v5,wiki_2026_h2h_v5
43982,wiki_kor.2_2025_1st_Gim_SUE_1346,kor.2,,,Gimpo FC,Suwon FC,2025-05-27,1,2,,A,,,wiki_2026_h2h_v5,wiki_2026_h2h_v5
43983,wiki_kor.2_2025_1st_Gim_SSB_1347,kor.2,,,Gimpo FC,Suwon Samsung Bluewings,2025-05-28,3,1,,H,,,wiki_2026_h2h_v5,wiki_2026_h2h_v5
43984,wiki_kor.2_2025_1st_Gye_ASG_1348,kor.2,,,Gyeongnam FC,Ansan Greeners,2025-05-29,1,1,,D,,,wiki_2026_h2h_v5,wiki_2026_h2h_v5
43985,wiki_kor.2_2025_1st_Gye_BCN_1349,kor.2,,,Gyeongnam FC,Bucheon FC 1995,2025-05-30,0,3,,A,,,wiki_2026_h2h_v5,wiki_2026_h2h_v5
43986,wiki_kor.2_2025_1st_Gye_BSI_1350,kor.2,,,Gyeongnam FC,Busan IPark,2025-05-31,1,0,,H,,,wiki_2026_h2h_v5,wiki_2026_h2h_v5
43987,wiki_kor.2_2025_1st_Gye_CNC_1351,kor.2,,,Gyeongnam FC,Cheonan City,2025-06-01,3,1,,H,,,wiki_2026_h2h_v5,wiki_2026_h2h_v5
43988,wiki_kor.2_2025_1st_Gye_CBC_1352,kor.2,,,Gyeongnam FC,Chungbuk Cheongju,2025-06-02,3,0,,H,,,wiki_2026_h2h_v5,wiki_2026_h2h_v5
43989,wiki_kor.2_2025_1st_Gye_CNA_1353,kor.2,,,Gyeongnam FC,Chungnam Asan,2025-06-03,1,3,,A,,,wiki_2026_h2h_v5,wiki_2026_h2h_v5
43990,wiki_kor.2_2025_1st_Gye_GIM_1354,kor.2,,,Gyeongnam FC,Gimpo FC,2025-06-04,2,1,,H,,,wiki_2026_h2h_v5,wiki_2026_h2h_v5
43991,wiki_kor.2_2025_1st_Gye_HWA_1355,kor.2,,,Gyeongnam FC,Hwaseong FC,2025-06-05,0,1,,A,,,wiki_2026_h2h_v5,wiki_2026_h2h_v5
43992,wiki_kor.2_2025_1st_Gye_ICU_1356,kor.2,,,Gyeongnam FC,Incheon United,2025-06-06,0,2,,A,,,wiki_2026_h2h_v5,wiki_2026_h2h_v5
43993,wiki_kor.2_2025_1st_Gye_JND_1357,kor.2,,,Gyeongnam FC,Jeonnam Dragons,2025-06-07,2,2,,D,,,wiki_2026_h2h_v5,wiki_2026_h2h_v5
43994,wiki_kor.2_2025_1st_Gye_SNM_1358,kor.2,,,Gyeongnam FC,Seongnam FC,2025-06-08,0,1,,A,,,wiki_2026_h2h_v5,wiki_2026_h2h_v5
43995,wiki_kor.2_2025_1st_Gye_SUE_1359,kor.2,,,Gyeongnam FC,Suwon FC,2025-06-09,1,1,,D,,,wiki_2026_h2h_v5,wiki_2026_h2h_v5
43996,wiki_kor.2_2025_1st_Gye_SSB_1360,kor.2,,,Gyeongnam FC,Suwon Samsung Bluewings,2025-06-10,1,3,,A,,,wiki_2026_h2h_v5,wiki_2026_h2h_v5
43997,wiki_kor.2_2025_1st_Hwa_ASG_1361,kor.2,,,Hwaseong FC,Ansan Greeners,2025-06-11,0,0,,D,,,wiki_2026_h2h_v5,wiki_2026_h2h_v5
43998,wiki_kor.2_2025_1st_Hwa_BCN_1362,kor.2,,,Hwaseong FC,Bucheon FC 1995,2025-06-12,0,1,,A,,,wiki_2026_h2h_v5,wiki_2026_h2h_v5
43999,wiki_kor.2_2025_1st_Hwa_BSI_1363,kor.2,,,Hwaseong FC,Busan IPark,2025-06-13,1,0,,H,,,wiki_2026_h2h_v5,wiki_2026_h2h_v5
44000,wiki_kor.2_2025_1st_Hwa_CNC_1364,kor.2,,,Hwaseong FC,Cheonan City,2025-06-14,2,1,,H,,,wiki_2026_h2h_v5,wiki_2026_h2h_v5
44001,wiki_kor.2_2025_1st_Hwa_CBC_1365,kor.2,,,Hwaseong FC,Chungbuk Cheongju,2025-06-15,2,1,,H,,,wiki_2026_h2h_v5,wiki_2026_h2h_v5
44002,wiki_kor.2_2025_1st_Hwa_CNA_1366,kor.2,,,Hwaseong FC,Chungnam Asan,2025-06-16,1,1,,D,,,wiki_2026_h2h_v5,wiki_2026_h2h_v5
44003,wiki_kor.2_2025_1st_Hwa_GIM_1367,kor.2,,,Hwaseong FC,Gimpo FC,2025-06-17,0,1,,A,,,wiki_2026_h2h_v5,wiki_2026_h2h_v5
44004,wiki_kor.2_2025_1st_Hwa_GNM_1368,kor.2,,,Hwaseong FC,Gyeongnam FC,2025-06-18,1,1,,D,,,wiki_2026_h2h_v5,wiki_2026_h2h_v5
44005,wiki_kor.2_2025_1st_Hwa_ICU_1369,kor.2,,,Hwaseong FC,Incheon United,2025-06-19,0,1,,A,,,wiki_2026_h2h_v5,wiki_2026_h2h_v5
44006,wiki_kor.2_2025_1st_Hwa_JND_1370,kor.2,,,Hwaseong FC,Jeonnam Dragons,2025-06-20,1,2,,A,,,wiki_2026_h2h_v5,wiki_2026_h2h_v5
44007,wiki_kor.2_2025_1st_Hwa_SNM_1371,kor.2,,,Hwaseong FC,Seongnam FC,2025-06-21,1,0,,H,,,wiki_2026_h2h_v5,wiki_2026_h2h_v5
44008,wiki_kor.2_2025_1st_Hwa_SUE_1372,kor.2,,,Hwaseong FC,Suwon FC,2025-06-22,0,1,,A,,,wiki_2026_h2h_v5,wiki_2026_h2h_v5
44009,wiki_kor.2_2025_1st_Hwa_SSB_1373,kor.2,,,Hwaseong FC,Suwon Samsung Bluewings,2025-06-23,1,1,,D,,,wiki_2026_h2h_v5,wiki_2026_h2h_v5
44010,wiki_kor.2_2025_1st_Inc_ASG_1374,kor.2,,,Incheon United,Ansan Greeners,2025-06-24,4,2,,H,,,wiki_2026_h2h_v5,wiki_2026_h2h_v5
44011,wiki_kor.2_2025_1st_Inc_BCN_1375,kor.2,,,Incheon United,Bucheon FC 1995,2025-06-25,1,0,,H,,,wiki_2026_h2h_v5,wiki_2026_h2h_v5
44012,wiki_kor.2_2025_1st_Inc_BSI_1376,kor.2,,,Incheon United,Busan IPark,2025-06-26,1,1,,D,,,wiki_2026_h2h_v5,wiki_2026_h2h_v5
44013,wiki_kor.2_2025_1st_Inc_CNC_1377,kor.2,,,Incheon United,Cheonan City,2025-06-27,3,0,,H,,,wiki_2026_h2h_v5,wiki_2026_h2h_v5
44014,wiki_kor.2_2025_1st_Inc_CBC_1378,kor.2,,,Incheon United,Chungbuk Cheongju,2025-06-28,2,1,,H,,,wiki_2026_h2h_v5,wiki_2026_h2h_v5
44015,wiki_kor.2_2025_1st_Inc_CNA_1379,kor.2,,,Incheon United,Chungnam Asan,2025-06-29,2,1,,H,,,wiki_2026_h2h_v5,wiki_2026_h2h_v5
44016,wiki_kor.2_2025_1st_Inc_GIM_1380,kor.2,,,Incheon United,Gimpo FC,2025-06-30,3,0,,H,,,wiki_2026_h2h_v5,wiki_2026_h2h_v5
44017,wiki_kor.2_2025_1st_Inc_GNM_1381,kor.2,,,Incheon United,Gyeongnam FC,2025-07-01,2,0,,H,,,wiki_2026_h2h_v5,wiki_2026_h2h_v5
44018,wiki_kor.2_2025_1st_Inc_HWA_1382,kor.2,,,Incheon United,Hwaseong FC,2025-07-02,2,0,,H,,,wiki_2026_h2h_v5,wiki_2026_h2h_v5
44019,wiki_kor.2_2025_1st_Inc_JND_1383,kor.2,,,Incheon United,Jeonnam Dragons,2025-07-03,2,0,,H,,,wiki_2026_h2h_v5,wiki_2026_h2h_v5
44020,wiki_kor.2_2025_1st_Inc_SNM_1384,kor.2,,,Incheon United,Seongnam FC,2025-07-04,1,2,,A,,,wiki_2026_h2h_v5,wiki_2026_h2h_v5
44021,wiki_kor.2_2025_1st_Inc_SUE_1385,kor.2,,,Incheon United,Suwon FC,2025-07-05,1,0,,H,,,wiki_2026_h2h_v5,wiki_2026_h2h_v5
44022,wiki_kor.2_2025_1st_Inc_SSB_1386,kor.2,,,Incheon United,Suwon Samsung Bluewings,2025-07-06,2,0,,H,,,wiki_2026_h2h_v5,wiki_2026_h2h_v5
44023,wiki_kor.2_2025_1st_Jeo_ASG_1387,kor.2,,,Jeonnam Dragons,Ansan Greeners,2025-07-07,2,0,,H,,,wiki_2026_h2h_v5,wiki_2026_h2h_v5
44024,wiki_kor.2_2025_1st_Jeo_BCN_1388,kor.2,,,Jeonnam Dragons,Bucheon FC 1995,2025-07-08,2,1,,H,,,wiki_2026_h2h_v5,wiki_2026_h2h_v5
44025,wiki_kor.2_2025_1st_Jeo_BSI_1389,kor.2,,,Jeonnam Dragons,Busan IPark,2025-07-09,0,1,,A,,,wiki_2026_h2h_v5,wiki_2026_h2h_v5
44026,wiki_kor.2_2025_1st_Jeo_CNC_1390,kor.2,,,Jeonnam Dragons,Cheonan City,2025-07-10,3,4,,A,,,wiki_2026_h2h_v5,wiki_2026_h2h_v5
44027,wiki_kor.2_2025_1st_Jeo_CBC_1391,kor.2,,,Jeonnam Dragons,Chungbuk Cheongju,2025-07-11,4,1,,H,,,wiki_2026_h2h_v5,wiki_2026_h2h_v5
44028,wiki_kor.2_2025_1st_Jeo_CNA_1392,kor.2,,,Jeonnam Dragons,Chungnam Asan,2025-07-12,2,2,,D,,,wiki_2026_h2h_v5,wiki_2026_h2h_v5
44029,wiki_kor.2_2025_1st_Jeo_GIM_1393,kor.2,,,Jeonnam Dragons,Gimpo FC,2025-07-13,0,0,,D,,,wiki_2026_h2h_v5,wiki_2026_h2h_v5
44030,wiki_kor.2_2025_1st_Jeo_GNM_1394,kor.2,,,Jeonnam Dragons,Gyeongnam FC,2025-07-14,1,0,,H,,,wiki_2026_h2h_v5,wiki_2026_h2h_v5
44031,wiki_kor.2_2025_1st_Jeo_HWA_1395,kor.2,,,Jeonnam Dragons,Hwaseong FC,2025-07-15,3,2,,H,,,wiki_2026_h2h_v5,wiki_2026_h2h_v5
44032,wiki_kor.2_2025_1st_Jeo_ICU_1396,kor.2,,,Jeonnam Dragons,Incheon United,2025-07-16,2,1,,H,,,wiki_2026_h2h_v5,wiki_2026_h2h_v5
44033,wiki_kor.2_2025_1st_Jeo_SNM_1397,kor.2,,,Jeonnam Dragons,Seongnam FC,2025-07-17,2,1,,H,,,wiki_2026_h2h_v5,wiki_2026_h2h_v5
44034,wiki_kor.2_2025_1st_Jeo_SUE_1398,kor.2,,,Jeonnam Dragons,Suwon FC,2025-07-18,1,1,,D,,,wiki_2026_h2h_v5,wiki_2026_h2h_v5
44035,wiki_kor.2_2025_1st_Jeo_SSB_1399,kor.2,,,Jeonnam Dragons,Suwon Samsung Bluewings,2025-07-19,3,4,,A,,,wiki_2026_h2h_v5,wiki_2026_h2h_v5
44036,wiki_kor.2_2025_1st_Seo_ASG_1400,kor.2,,,Seongnam FC,Ansan Greeners,2025-07-20,1,0,,H,,,wiki_2026_h2h_v5,wiki_2026_h2h_v5
44037,wiki_kor.2_2025_1st_Seo_BCN_1401,kor.2,,,Seongnam FC,Bucheon FC 1995,2025-07-21,0,0,,D,,,wiki_2026_h2h_v5,wiki_2026_h2h_v5
44038,wiki_kor.2_2025_1st_Seo_BSI_1402,kor.2,,,Seongnam FC,Busan IPark,2025-07-22,0,0,,D,,,wiki_2026_h2h_v5,wiki_2026_h2h_v5
44039,wiki_kor.2_2025_1st_Seo_CNC_1403,kor.2,,,Seongnam FC,Cheonan City,2025-07-23,0,0,,D,,,wiki_2026_h2h_v5,wiki_2026_h2h_v5
44040,wiki_kor.2_2025_1st_Seo_CBC_1404,kor.2,,,Seongnam FC,Chungbuk Cheongju,2025-07-24,1,1,,D,,,wiki_2026_h2h_v5,wiki_2026_h2h_v5
44041,wiki_kor.2_2025_1st_Seo_CNA_1405,kor.2,,,Seongnam FC,Chungnam Asan,2025-07-25,0,2,,A,,,wiki_2026_h2h_v5,wiki_2026_h2h_v5
44042,wiki_kor.2_2025_1st_Seo_GIM_1406,kor.2,,,Seongnam FC,Gimpo FC,2025-07-26,0,0,,D,,,wiki_2026_h2h_v5,wiki_2026_h2h_v5
44043,wiki_kor.2_2025_1st_Seo_GNM_1407,kor.2,,,Seongnam FC,Gyeongnam FC,2025-07-27,2,1,,H,,,wiki_2026_h2h_v5,wiki_2026_h2h_v5
44044,wiki_kor.2_2025_1st_Seo_HWA_1408,kor.2,,,Seongnam FC,Hwaseong FC,2025-07-28,2,0,,H,,,wiki_2026_h2h_v5,wiki_2026_h2h_v5
44045,wiki_kor.2_2025_1st_Seo_ICU_1409,kor.2,,,Seongnam FC,Incheon United,2025-07-29,2,1,,H,,,wiki_2026_h2h_v5,wiki_2026_h2h_v5
44046,wiki_kor.2_2025_1st_Seo_JND_1410,kor.2,,,Seongnam FC,Jeonnam Dragons,2025-07-30,2,2,,D,,,wiki_2026_h2h_v5,wiki_2026_h2h_v5
44047,wiki_kor.2_2025_1st_Seo_SUE_1411,kor.2,,,Seongnam FC,Suwon FC,2025-07-31,1,2,,A,,,wiki_2026_h2h_v5,wiki_2026_h2h_v5
44048,wiki_kor.2_2025_1st_Seo_SSB_1412,kor.2,,,Seongnam FC,Suwon Samsung Bluewings,2025-08-01,1,2,,A,,,wiki_2026_h2h_v5,wiki_2026_h2h_v5
44049,wiki_kor.2_2025_1st_Seo_ASG_1413,kor.2,,,Seoul E-Land,Ansan Greeners,2025-08-02,1,1,,D,,,wiki_2026_h2h_v5,wiki_2026_h2h_v5
44050,wiki_kor.2_2025_1st_Seo_BCN_1414,kor.2,,,Seoul E-Land,Bucheon FC 1995,2025-08-03,3,2,,H,,,wiki_2026_h2h_v5,wiki_2026_h2h_v5
44051,wiki_kor.2_2025_1st_Seo_BSI_1415,kor.2,,,Seoul E-Land,Busan IPark,2025-08-04,1,4,,A,,,wiki_2026_h2h_v5,wiki_2026_h2h_v5
44052,wiki_kor.2_2025_1st_Seo_CNC_1416,kor.2,,,Seoul E-Land,Cheonan City,2025-08-05,3,0,,H,,,wiki_2026_h2h_v5,wiki_2026_h2h_v5
44053,wiki_kor.2_2025_1st_Seo_CBC_1417,kor.2,,,Seoul E-Land,Chungbuk Cheongju,2025-08-06,0,2,,A,,,wiki_2026_h2h_v5,wiki_2026_h2h_v5
44054,wiki_kor.2_2025_1st_Seo_CNA_1418,kor.2,,,Seoul E-Land,Chungnam Asan,2025-08-07,2,1,,H,,,wiki_2026_h2h_v5,wiki_2026_h2h_v5
44055,wiki_kor.2_2025_1st_Seo_GIM_1419,kor.2,,,Seoul E-Land,Gimpo FC,2025-08-08,1,1,,D,,,wiki_2026_h2h_v5,wiki_2026_h2h_v5
44056,wiki_kor.2_2025_1st_Seo_GNM_1420,kor.2,,,Seoul E-Land,Gyeongnam FC,2025-08-09,2,1,,H,,,wiki_2026_h2h_v5,wiki_2026_h2h_v5
44057,wiki_kor.2_2025_1st_Seo_HWA_1421,kor.2,,,Seoul E-Land,Hwaseong FC,2025-08-10,0,0,,D,,,wiki_2026_h2h_v5,wiki_2026_h2h_v5
44058,wiki_kor.2_2025_1st_Seo_ICU_1422,kor.2,,,Seoul E-Land,Incheon United,2025-08-11,0,0,,D,,,wiki_2026_h2h_v5,wiki_2026_h2h_v5
44059,wiki_kor.2_2025_1st_Seo_JND_1423,kor.2,,,Seoul E-Land,Jeonnam Dragons,2025-08-12,1,1,,D,,,wiki_2026_h2h_v5,wiki_2026_h2h_v5
44060,wiki_kor.2_2025_1st_Seo_SNM_1424,kor.2,,,Seoul E-Land,Seongnam FC,2025-08-13,0,1,,A,,,wiki_2026_h2h_v5,wiki_2026_h2h_v5
44061,wiki_kor.2_2025_1st_Seo_SSB_1425,kor.2,,,Seoul E-Land,Suwon Samsung Bluewings,2025-08-14,4,2,,H,,,wiki_2026_h2h_v5,wiki_2026_h2h_v5
44062,wiki_kor.2_2025_1st_Suw_ASG_1426,kor.2,,,Suwon Samsung Bluewings,Ansan Greeners,2025-08-15,3,1,,H,,,wiki_2026_h2h_v5,wiki_2026_h2h_v5
44063,wiki_kor.2_2025_1st_Suw_BCN_1427,kor.2,,,Suwon Samsung Bluewings,Bucheon FC 1995,2025-08-16,4,1,,H,,,wiki_2026_h2h_v5,wiki_2026_h2h_v5
44064,wiki_kor.2_2025_1st_Suw_BSI_1428,kor.2,,,Suwon Samsung Bluewings,Busan IPark,2025-08-17,1,1,,D,,,wiki_2026_h2h_v5,wiki_2026_h2h_v5
44065,wiki_kor.2_2025_1st_Suw_CNC_1429,kor.2,,,Suwon Samsung Bluewings,Cheonan City,2025-08-18,2,0,,H,,,wiki_2026_h2h_v5,wiki_2026_h2h_v5
44066,wiki_kor.2_2025_1st_Suw_CBC_1430,kor.2,,,Suwon Samsung Bluewings,Chungbuk Cheongju,2025-08-19,1,0,,H,,,wiki_2026_h2h_v5,wiki_2026_h2h_v5
44067,wiki_kor.2_2025_1st_Suw_CNA_1431,kor.2,,,Suwon Samsung Bluewings,Chungnam Asan,2025-08-20,0,0,,D,,,wiki_2026_h2h_v5,wiki_2026_h2h_v5
44068,wiki_kor.2_2025_1st_Suw_GIM_1432,kor.2,,,Suwon Samsung Bluewings,Gimpo FC,2025-08-21,1,1,,D,,,wiki_2026_h2h_v5,wiki_2026_h2h_v5
44069,wiki_kor.2_2025_1st_Suw_GNM_1433,kor.2,,,Suwon Samsung Bluewings,Gyeongnam FC,2025-08-22,4,0,,H,,,wiki_2026_h2h_v5,wiki_2026_h2h_v5
44070,wiki_kor.2_2025_1st_Suw_HWA_1434,kor.2,,,Suwon Samsung Bluewings,Hwaseong FC,2025-08-23,3,1,,H,,,wiki_2026_h2h_v5,wiki_2026_h2h_v5
44071,wiki_kor.2_2025_1st_Suw_ICU_1435,kor.2,,,Suwon Samsung Bluewings,Incheon United,2025-08-24,1,2,,A,,,wiki_2026_h2h_v5,wiki_2026_h2h_v5
44072,wiki_kor.2_2025_1st_Suw_JND_1436,kor.2,,,Suwon Samsung Bluewings,Jeonnam Dragons,2025-08-25,2,1,,H,,,wiki_2026_h2h_v5,wiki_2026_h2h_v5
44073,wiki_kor.2_2025_1st_Suw_SNM_1437,kor.2,,,Suwon Samsung Bluewings,Seongnam FC,2025-08-26,3,2,,H,,,wiki_2026_h2h_v5,wiki_2026_h2h_v5
44074,wiki_kor.2_2025_1st_Suw_SUE_1438,kor.2,,,Suwon Samsung Bluewings,Suwon FC,2025-08-27,0,2,,A,,,wiki_2026_h2h_v5,wiki_2026_h2h_v5
44075,wiki_kor.2_2025_2nd_Ans_BSI_1439,kor.2,,,Ansan Greeners,Busan IPark,2025-10-17,2,3,,A,,,wiki_2026_h2h_v5,wiki_2026_h2h_v5
44076,wiki_kor.2_2025_2nd_Ans_CBC_1440,kor.2,,,Ansan Greeners,Chungbuk Cheongju,2025-10-18,0,0,,D,,,wiki_2026_h2h_v5,wiki_2026_h2h_v5
44077,wiki_kor.2_2025_2nd_Ans_CNA_1441,kor.2,,,Ansan Greeners,Chungnam Asan,2025-10-19,0,1,,A,,,wiki_2026_h2h_v5,wiki_2026_h2h_v5
44078,wiki_kor.2_2025_2nd_Ans_HWA_1442,kor.2,,,Ansan Greeners,Hwaseong FC,2025-10-20,0,1,,A,,,wiki_2026_h2h_v5,wiki_2026_h2h_v5
44079,wiki_kor.2_2025_2nd_Ans_ICU_1443,kor.2,,,Ansan Greeners,Incheon United,2025-10-21,0,1,,A,,,wiki_2026_h2h_v5,wiki_2026_h2h_v5
44080,wiki_kor.2_2025_2nd_Ans_SSB_1444,kor.2,,,Ansan Greeners,Suwon Samsung Bluewings,2025-10-22,1,1,,D,,,wiki_2026_h2h_v5,wiki_2026_h2h_v5
44081,wiki_kor.2_2025_2nd_Buc_ASG_1445,kor.2,,,Bucheon FC 1995,Ansan Greeners,2025-10-23,2,0,,H,,,wiki_2026_h2h_v5,wiki_2026_h2h_v5
44082,wiki_kor.2_2025_2nd_Buc_CNC_1446,kor.2,,,Bucheon FC 1995,Cheonan City,2025-10-24,2,1,,H,,,wiki_2026_h2h_v5,wiki_2026_h2h_v5
44083,wiki_kor.2_2025_2nd_Buc_HWA_1447,kor.2,,,Bucheon FC 1995,Hwaseong FC,2025-10-25,0,0,,D,,,wiki_2026_h2h_v5,wiki_2026_h2h_v5
44084,wiki_kor.2_2025_2nd_Buc_ICU_1448,kor.2,,,Bucheon FC 1995,Incheon United,2025-10-26,1,0,,H,,,wiki_2026_h2h_v5,wiki_2026_h2h_v5
44085,wiki_kor.2_2025_2nd_Buc_SNM_1449,kor.2,,,Bucheon FC 1995,Seongnam FC,2025-10-27,1,0,,H,,,wiki_2026_h2h_v5,wiki_2026_h2h_v5
44086,wiki_kor.2_2025_2nd_Buc_SUE_1450,kor.2,,,Bucheon FC 1995,Suwon FC,2025-10-28,2,2,,D,,,wiki_2026_h2h_v5,wiki_2026_h2h_v5
44087,wiki_kor.2_2025_2nd_Bus_BCN_1451,kor.2,,,Busan IPark,Bucheon FC 1995,2025-10-29,1,2,,A,,,wiki_2026_h2h_v5,wiki_2026_h2h_v5
44088,wiki_kor.2_2025_2nd_Bus_CBC_1452,kor.2,,,Busan IPark,Chungbuk Cheongju,2025-10-30,2,2,,D,,,wiki_2026_h2h_v5,wiki_2026_h2h_v5
44089,wiki_kor.2_2025_2nd_Bus_CNA_1453,kor.2,,,Busan IPark,Chungnam Asan,2025-10-31,0,3,,A,,,wiki_2026_h2h_v5,wiki_2026_h2h_v5
44090,wiki_kor.2_2025_2nd_Bus_GIM_1454,kor.2,,,Busan IPark,Gimpo FC,2025-11-01,4,1,,H,,,wiki_2026_h2h_v5,wiki_2026_h2h_v5
44091,wiki_kor.2_2025_2nd_Bus_GNM_1455,kor.2,,,Busan IPark,Gyeongnam FC,2025-11-02,1,1,,D,,,wiki_2026_h2h_v5,wiki_2026_h2h_v5
44092,wiki_kor.2_2025_2nd_Bus_JND_1456,kor.2,,,Busan IPark,Jeonnam Dragons,2025-11-03,1,1,,D,,,wiki_2026_h2h_v5,wiki_2026_h2h_v5
44093,wiki_kor.2_2025_2nd_Bus_SSB_1457,kor.2,,,Busan IPark,Suwon Samsung Bluewings,2025-11-04,1,0,,H,,,wiki_2026_h2h_v5,wiki_2026_h2h_v5
44094,wiki_kor.2_2025_2nd_Che_ASG_1458,kor.2,,,Cheonan City,Ansan Greeners,2025-11-05,0,0,,D,,,wiki_2026_h2h_v5,wiki_2026_h2h_v5
44095,wiki_kor.2_2025_2nd_Che_BSI_1459,kor.2,,,Cheonan City,Busan IPark,2025-11-06,0,0,,D,,,wiki_2026_h2h_v5,wiki_2026_h2h_v5
44096,wiki_kor.2_2025_2nd_Che_HWA_1460,kor.2,,,Cheonan City,Hwaseong FC,2025-11-07,2,2,,D,,,wiki_2026_h2h_v5,wiki_2026_h2h_v5
44097,wiki_kor.2_2025_2nd_Che_ICU_1461,kor.2,,,Cheonan City,Incheon United,2025-11-08,3,4,,A,,,wiki_2026_h2h_v5,wiki_2026_h2h_v5
44098,wiki_kor.2_2025_2nd_Che_SNM_1462,kor.2,,,Cheonan City,Seongnam FC,2025-11-09,1,3,,A,,,wiki_2026_h2h_v5,wiki_2026_h2h_v5
44099,wiki_kor.2_2025_2nd_Che_SUE_1463,kor.2,,,Cheonan City,Suwon FC,2025-11-10,2,5,,A,,,wiki_2026_h2h_v5,wiki_2026_h2h_v5
44100,wiki_kor.2_2025_2nd_Chu_BCN_1464,kor.2,,,Chungbuk Cheongju,Bucheon FC 1995,2025-11-11,0,0,,D,,,wiki_2026_h2h_v5,wiki_2026_h2h_v5
44101,wiki_kor.2_2025_2nd_Chu_CNC_1465,kor.2,,,Chungbuk Cheongju,Cheonan City,2025-11-12,0,1,,A,,,wiki_2026_h2h_v5,wiki_2026_h2h_v5
44102,wiki_kor.2_2025_2nd_Chu_GIM_1466,kor.2,,,Chungbuk Cheongju,Gimpo FC,2025-11-13,0,2,,A,,,wiki_2026_h2h_v5,wiki_2026_h2h_v5
44103,wiki_kor.2_2025_2nd_Chu_GNM_1467,kor.2,,,Chungbuk Cheongju,Gyeongnam FC,2025-11-14,0,1,,A,,,wiki_2026_h2h_v5,wiki_2026_h2h_v5
44104,wiki_kor.2_2025_2nd_Chu_JND_1468,kor.2,,,Chungbuk Cheongju,Jeonnam Dragons,2025-11-15,0,3,,A,,,wiki_2026_h2h_v5,wiki_2026_h2h_v5
44105,wiki_kor.2_2025_2nd_Chu_SNM_1469,kor.2,,,Chungbuk Cheongju,Seongnam FC,2025-11-16,0,1,,A,,,wiki_2026_h2h_v5,wiki_2026_h2h_v5
44106,wiki_kor.2_2025_2nd_Chu_SUE_1470,kor.2,,,Chungbuk Cheongju,Suwon FC,2025-11-17,0,2,,A,,,wiki_2026_h2h_v5,wiki_2026_h2h_v5
44107,wiki_kor.2_2025_2nd_Chu_BCN_1471,kor.2,,,Chungnam Asan,Bucheon FC 1995,2025-11-18,3,0,,H,,,wiki_2026_h2h_v5,wiki_2026_h2h_v5
44108,wiki_kor.2_2025_2nd_Chu_CNC_1472,kor.2,,,Chungnam Asan,Cheonan City,2025-11-19,1,1,,D,,,wiki_2026_h2h_v5,wiki_2026_h2h_v5
44109,wiki_kor.2_2025_2nd_Chu_CBC_1473,kor.2,,,Chungnam Asan,Chungbuk Cheongju,2025-11-20,0,0,,D,,,wiki_2026_h2h_v5,wiki_2026_h2h_v5
44110,wiki_kor.2_2025_2nd_Chu_GIM_1474,kor.2,,,Chungnam Asan,Gimpo FC,2025-11-21,1,0,,H,,,wiki_2026_h2h_v5,wiki_2026_h2h_v5
44111,wiki_kor.2_2025_2nd_Chu_GNM_1475,kor.2,,,Chungnam Asan,Gyeongnam FC,2025-11-22,1,0,,H,,,wiki_2026_h2h_v5,wiki_2026_h2h_v5
44112,wiki_kor.2_2025_2nd_Chu_JND_1476,kor.2,,,Chungnam Asan,Jeonnam Dragons,2025-11-23,2,1,,H,,,wiki_2026_h2h_v5,wiki_2026_h2h_v5
44113,wiki_kor.2_2025_2nd_Chu_SSB_1477,kor.2,,,Chungnam Asan,Suwon Samsung Bluewings,2025-11-24,1,3,,A,,,wiki_2026_h2h_v5,wiki_2026_h2h_v5
44114,wiki_kor.2_2025_2nd_Gim_ASG_1478,kor.2,,,Gimpo FC,Ansan Greeners,2025-11-25,1,1,,D,,,wiki_2026_h2h_v5,wiki_2026_h2h_v5
44115,wiki_kor.2_2025_2nd_Gim_BCN_1479,kor.2,,,Gimpo FC,Bucheon FC 1995,2025-11-26,0,1,,A,,,wiki_2026_h2h_v5,wiki_2026_h2h_v5
44116,wiki_kor.2_2025_2nd_Gim_CNC_1480,kor.2,,,Gimpo FC,Cheonan City,2025-11-27,1,3,,A,,,wiki_2026_h2h_v5,wiki_2026_h2h_v5
44117,wiki_kor.2_2025_2nd_Gim_HWA_1481,kor.2,,,Gimpo FC,Hwaseong FC,2025-11-28,5,1,,H,,,wiki_2026_h2h_v5,wiki_2026_h2h_v5
44118,wiki_kor.2_2025_2nd_Gim_JND_1482,kor.2,,,Gimpo FC,Jeonnam Dragons,2025-11-29,2,0,,H,,,wiki_2026_h2h_v5,wiki_2026_h2h_v5
44119,wiki_kor.2_2025_2nd_Gim_SNM_1483,kor.2,,,Gimpo FC,Seongnam FC,2025-11-30,0,0,,D,,,wiki_2026_h2h_v5,wiki_2026_h2h_v5
44120,wiki_kor.2_2025_2nd_Gim_SUE_1484,kor.2,,,Gimpo FC,Suwon FC,2025-12-01,0,1,,A,,,wiki_2026_h2h_v5,wiki_2026_h2h_v5
44121,wiki_kor.2_2025_2nd_Gye_ASG_1485,kor.2,,,Gyeongnam FC,Ansan Greeners,2025-12-02,1,0,,H,,,wiki_2026_h2h_v5,wiki_2026_h2h_v5
44122,wiki_kor.2_2025_2nd_Gye_BCN_1486,kor.2,,,Gyeongnam FC,Bucheon FC 1995,2025-12-03,1,2,,A,,,wiki_2026_h2h_v5,wiki_2026_h2h_v5
44123,wiki_kor.2_2025_2nd_Gye_CNC_1487,kor.2,,,Gyeongnam FC,Cheonan City,2025-12-04,2,0,,H,,,wiki_2026_h2h_v5,wiki_2026_h2h_v5
44124,wiki_kor.2_2025_2nd_Gye_GIM_1488,kor.2,,,Gyeongnam FC,Gimpo FC,2025-12-05,0,2,,A,,,wiki_2026_h2h_v5,wiki_2026_h2h_v5
44125,wiki_kor.2_2025_2nd_Gye_JND_1489,kor.2,,,Gyeongnam FC,Jeonnam Dragons,2025-12-06,2,3,,A,,,wiki_2026_h2h_v5,wiki_2026_h2h_v5
44126,wiki_kor.2_2025_2nd_Gye_SNM_1490,kor.2,,,Gyeongnam FC,Seongnam FC,2025-12-07,0,1,,A,,,wiki_2026_h2h_v5,wiki_2026_h2h_v5
44127,wiki_kor.2_2025_2nd_Gye_SUE_1491,kor.2,,,Gyeongnam FC,Suwon FC,2025-12-08,0,0,,D,,,wiki_2026_h2h_v5,wiki_2026_h2h_v5
44128,wiki_kor.2_2025_2nd_Hwa_BSI_1492,kor.2,,,Hwaseong FC,Busan IPark,2025-12-09,1,1,,D,,,wiki_2026_h2h_v5,wiki_2026_h2h_v5
44129,wiki_kor.2_2025_2nd_Hwa_CBC_1493,kor.2,,,Hwaseong FC,Chungbuk Cheongju,2025-12-10,1,0,,H,,,wiki_2026_h2h_v5,wiki_2026_h2h_v5
44130,wiki_kor.2_2025_2nd_Hwa_CNA_1494,kor.2,,,Hwaseong FC,Chungnam Asan,2025-12-11,1,1,,D,,,wiki_2026_h2h_v5,wiki_2026_h2h_v5
44131,wiki_kor.2_2025_2nd_Hwa_GNM_1495,kor.2,,,Hwaseong FC,Gyeongnam FC,2025-12-12,0,1,,A,,,wiki_2026_h2h_v5,wiki_2026_h2h_v5
44132,wiki_kor.2_2025_2nd_Hwa_ICU_1496,kor.2,,,Hwaseong FC,Incheon United,2025-12-13,0,1,,A,,,wiki_2026_h2h_v5,wiki_2026_h2h_v5
44133,wiki_kor.2_2025_2nd_Hwa_SSB_1497,kor.2,,,Hwaseong FC,Suwon Samsung Bluewings,2025-12-14,2,3,,A,,,wiki_2026_h2h_v5,wiki_2026_h2h_v5
44134,wiki_kor.2_2025_2nd_Inc_BSI_1498,kor.2,,,Incheon United,Busan IPark,2025-12-15,0,0,,D,,,wiki_2026_h2h_v5,wiki_2026_h2h_v5
44135,wiki_kor.2_2025_2nd_Inc_CBC_1499,kor.2,,,Incheon United,Chungbuk Cheongju,2025-12-16,0,1,,A,,,wiki_2026_h2h_v5,wiki_2026_h2h_v5
44136,wiki_kor.2_2025_2nd_Inc_CNA_1500,kor.2,,,Incheon United,Chungnam Asan,2025-07-20,1,1,,D,,,wiki_2026_h2h_v5,wiki_2026_h2h_v5
44137,wiki_kor.2_2025_2nd_Inc_GIM_1501,kor.2,,,Incheon United,Gimpo FC,2025-07-21,1,2,,A,,,wiki_2026_h2h_v5,wiki_2026_h2h_v5
44138,wiki_kor.2_2025_2nd_Inc_GNM_1502,kor.2,,,Incheon United,Gyeongnam FC,2025-07-22,3,0,,H,,,wiki_2026_h2h_v5,wiki_2026_h2h_v5
44139,wiki_kor.2_2025_2nd_Inc_SSB_1503,kor.2,,,Incheon United,Suwon Samsung Bluewings,2025-07-23,1,1,,D,,,wiki_2026_h2h_v5,wiki_2026_h2h_v5
44140,wiki_kor.2_2025_2nd_Jeo_ASG_1504,kor.2,,,Jeonnam Dragons,Ansan Greeners,2025-07-24,0,1,,A,,,wiki_2026_h2h_v5,wiki_2026_h2h_v5
44141,wiki_kor.2_2025_2nd_Jeo_BCN_1505,kor.2,,,Jeonnam Dragons,Bucheon FC 1995,2025-07-25,3,2,,H,,,wiki_2026_h2h_v5,wiki_2026_h2h_v5
44142,wiki_kor.2_2025_2nd_Jeo_CNC_1506,kor.2,,,Jeonnam Dragons,Cheonan City,2025-07-26,4,1,,H,,,wiki_2026_h2h_v5,wiki_2026_h2h_v5
44143,wiki_kor.2_2025_2nd_Jeo_HWA_1507,kor.2,,,Jeonnam Dragons,Hwaseong FC,2025-07-27,1,2,,A,,,wiki_2026_h2h_v5,wiki_2026_h2h_v5
44144,wiki_kor.2_2025_2nd_Jeo_ICU_1508,kor.2,,,Jeonnam Dragons,Incheon United,2025-07-28,2,1,,H,,,wiki_2026_h2h_v5,wiki_2026_h2h_v5
44145,wiki_kor.2_2025_2nd_Jeo_SNM_1509,kor.2,,,Jeonnam Dragons,Seongnam FC,2025-07-29,0,2,,A,,,wiki_2026_h2h_v5,wiki_2026_h2h_v5
44146,wiki_kor.2_2025_2nd_Jeo_SUE_1510,kor.2,,,Jeonnam Dragons,Suwon FC,2025-07-30,1,2,,A,,,wiki_2026_h2h_v5,wiki_2026_h2h_v5
44147,wiki_kor.2_2025_2nd_Seo_ASG_1511,kor.2,,,Seongnam FC,Ansan Greeners,2025-07-31,4,0,,H,,,wiki_2026_h2h_v5,wiki_2026_h2h_v5
44148,wiki_kor.2_2025_2nd_Seo_BSI_1512,kor.2,,,Seongnam FC,Busan IPark,2025-08-01,2,1,,H,,,wiki_2026_h2h_v5,wiki_2026_h2h_v5
44149,wiki_kor.2_2025_2nd_Seo_CNA_1513,kor.2,,,Seongnam FC,Chungnam Asan,2025-08-02,3,0,,H,,,wiki_2026_h2h_v5,wiki_2026_h2h_v5
44150,wiki_kor.2_2025_2nd_Seo_HWA_1514,kor.2,,,Seongnam FC,Hwaseong FC,2025-08-03,1,0,,H,,,wiki_2026_h2h_v5,wiki_2026_h2h_v5
44151,wiki_kor.2_2025_2nd_Seo_ICU_1515,kor.2,,,Seongnam FC,Incheon United,2025-08-04,2,2,,D,,,wiki_2026_h2h_v5,wiki_2026_h2h_v5
44152,wiki_kor.2_2025_2nd_Seo_SUE_1516,kor.2,,,Seongnam FC,Suwon FC,2025-08-05,0,2,,A,,,wiki_2026_h2h_v5,wiki_2026_h2h_v5
44153,wiki_kor.2_2025_2nd_Seo_ASG_1517,kor.2,,,Seoul E-Land,Ansan Greeners,2025-08-06,6,0,,H,,,wiki_2026_h2h_v5,wiki_2026_h2h_v5
44154,wiki_kor.2_2025_2nd_Seo_BSI_1518,kor.2,,,Seoul E-Land,Busan IPark,2025-08-07,3,0,,H,,,wiki_2026_h2h_v5,wiki_2026_h2h_v5
44155,wiki_kor.2_2025_2nd_Seo_CNA_1519,kor.2,,,Seoul E-Land,Chungnam Asan,2025-08-08,4,1,,H,,,wiki_2026_h2h_v5,wiki_2026_h2h_v5
44156,wiki_kor.2_2025_2nd_Seo_HWA_1520,kor.2,,,Seoul E-Land,Hwaseong FC,2025-08-09,1,1,,D,,,wiki_2026_h2h_v5,wiki_2026_h2h_v5
44157,wiki_kor.2_2025_2nd_Seo_ICU_1521,kor.2,,,Seoul E-Land,Incheon United,2025-08-10,0,0,,D,,,wiki_2026_h2h_v5,wiki_2026_h2h_v5
44158,wiki_kor.2_2025_2nd_Seo_SSB_1522,kor.2,,,Seoul E-Land,Suwon Samsung Bluewings,2025-08-11,0,1,,A,,,wiki_2026_h2h_v5,wiki_2026_h2h_v5
44159,wiki_kor.2_2025_2nd_Suw_BCN_1523,kor.2,,,Suwon Samsung Bluewings,Bucheon FC 1995,2025-08-12,2,2,,D,,,wiki_2026_h2h_v5,wiki_2026_h2h_v5
44160,wiki_kor.2_2025_2nd_Suw_CNC_1524,kor.2,,,Suwon Samsung Bluewings,Cheonan City,2025-08-13,5,0,,H,,,wiki_2026_h2h_v5,wiki_2026_h2h_v5
44161,wiki_kor.2_2025_2nd_Suw_CBC_1525,kor.2,,,Suwon Samsung Bluewings,Chungbuk Cheongju,2025-08-14,2,0,,H,,,wiki_2026_h2h_v5,wiki_2026_h2h_v5
44162,wiki_kor.2_2025_2nd_Suw_GIM_1526,kor.2,,,Suwon Samsung Bluewings,Gimpo FC,2025-08-15,1,1,,D,,,wiki_2026_h2h_v5,wiki_2026_h2h_v5
44163,wiki_kor.2_2025_2nd_Suw_GNM_1527,kor.2,,,Suwon Samsung Bluewings,Gyeongnam FC,2025-08-16,1,2,,A,,,wiki_2026_h2h_v5,wiki_2026_h2h_v5
44164,wiki_kor.2_2025_2nd_Suw_JND_1528,kor.2,,,Suwon Samsung Bluewings,Jeonnam Dragons,2025-08-17,2,2,,D,,,wiki_2026_h2h_v5,wiki_2026_h2h_v5
44165,wiki_kor.2_2025_2nd_Suw_SNM_1529,kor.2,,,Suwon Samsung Bluewings,Seongnam FC,2025-08-18,2,2,,D,,,wiki_2026_h2h_v5,wiki_2026_h2h_v5
44166,fa_2022_Suw_Uls_0000,kor.fa,,,Suwon City,Ulsan Citizen,2022-02-19,0,5,,A,,,fa_cup_v1,fa_cup_v1
44167,fa_2022_Seo_Che_0001,kor.fa,,,Seobu (Western) FC,Cheongju FC,2022-02-20,0,6,,A,,,fa_cup_v1,fa_cup_v1
44168,fa_2022_Jeo_Paj_0002,kor.fa,,,Jeongeup Phoenix,Paju Citizen,2022-02-19,1,7,,A,,,fa_cup_v1,fa_cup_v1
44169,fa_2022_Hyo_Hwa_0003,kor.fa,,,Hyochang FC,Hwaseong FC,2022-02-20,0,9,,A,,,fa_cup_v1,fa_cup_v1
44170,fa_2022_Geo_Dae_0004,kor.fa,,,Geoje Citizen,Daejeon Korail,2022-02-19,0,5,,A,,,fa_cup_v1,fa_cup_v1
44171,fa_2022_Che_Pye_0005,kor.fa,,,Cheongsol,Pyeongchang United,2022-02-20,1,5,,A,,,fa_cup_v1,fa_cup_v1
44172,fa_2022_Yeo_Seo_0006,kor.fa,,,Yeoju FC,Seoul Nowon United,2022-02-19,0,1,,A,,,fa_cup_v1,fa_cup_v1
44173,fa_2022_Chu_Dan_0007,kor.fa,,,Chungju Citizen,Dangjin Citizen,2022-02-20,2,3,,A,,,fa_cup_v1,fa_cup_v1
44174,fa_2022_Jae_Seo_0008,kor.fa,,,Jaemix FC,Seoul Jungnang,2022-02-19,2,5,,A,,,fa_cup_v1,fa_cup_v1
44175,fa_2022_Chu_Yan_0009,kor.fa,,,Chuncheon FC,Yangju Citizen FC,2022-02-19,2,1,,H,,,fa_cup_v1,fa_cup_v1
44176,fa_2022_Poc_Gan_0010,kor.fa,,,Pocheon Citizen,Gangneung Citizen,2022-02-20,2,0,,H,,,fa_cup_v1,fa_cup_v1
44177,fa_2022_Seo_Yan_0011,kor.fa,,,Seogot SM,Yangpyeong FC,2022-02-19,0,5,,A,,,fa_cup_v1,fa_cup_v1
44178,fa_2022_Jeo_FC _0012,kor.fa,,,Jeonju Citizen,FC Namdong,2022-02-20,1,2,,A,,,fa_cup_v1,fa_cup_v1
44179,fa_2022_Cha_Jin_0013,kor.fa,,,Changwon FC,Jinju Citizen,2022-02-19,4,2,,H,,,fa_cup_v1,fa_cup_v1
44180,fa_2022_Pye_Sih_0014,kor.fa,,,Pyeongtaek Citizen,Siheung Citizen,2022-02-20,0,2,,A,,,fa_cup_v1,fa_cup_v1
44181,fa_2022_Bus_Che_0015,kor.fa,,,Busan IPark,Cheongju FC,2022-03-09,6,3,,H,,,fa_cup_v1,fa_cup_v1
44182,fa_2022_Paj_Gim_0016,kor.fa,,,Paju Citizen,Gimcheon Sangmu,2022-03-09,2,2,,D,,,fa_cup_v1,fa_cup_v1
44183,fa_2022_Dae_Hwa_0017,kor.fa,,,Daejeon Hana Citizen,Hwaseong FC,2022-03-09,0,0,,D,,,fa_cup_v1,fa_cup_v1
44184,fa_2022_Dae_Che_0018,kor.fa,,,Daejeon Korail,Cheonan City,2022-03-09,0,0,,D,,,fa_cup_v1,fa_cup_v1
44185,fa_2022_Ans_Pye_0019,kor.fa,,,Ansan Greeners,Pyeongchang United,2022-03-09,1,2,,A,,,fa_cup_v1,fa_cup_v1
44186,fa_2022_Gim_Seo_0020,kor.fa,,,Gimhae FC,Seoul Nowon United,2022-03-09,3,1,,H,,,fa_cup_v1,fa_cup_v1
44187,fa_2022_Dan_Chu_0021,kor.fa,,,Dangjin Citizen,Chungnam Asan,2022-03-09,0,3,,A,,,fa_cup_v1,fa_cup_v1
44188,fa_2022_Gye_Seo_0022,kor.fa,,,Gyeongnam FC,Seoul Jungnang,2022-03-09,2,0,,H,,,fa_cup_v1,fa_cup_v1
44189,fa_2022_Gye_TNT_0023,kor.fa,,,Gyeongju KHNP,TNT Fitogether,2022-03-09,1,0,,H,,,fa_cup_v1,fa_cup_v1
44190,fa_2022_Chu_Buc_0024,kor.fa,,,Chuncheon Citizen,Bucheon FC 1995,2022-03-09,1,1,,D,,,fa_cup_v1,fa_cup_v1
44191,fa_2022_Gwa_Poc_0025,kor.fa,,,Gwangju FC,Pocheon Citizen,2022-03-09,1,0,,H,,,fa_cup_v1,fa_cup_v1
44192,fa_2022_Yan_Gim_0026,kor.fa,,,Yangpyeong FC,Gimpo FC,2022-03-09,0,0,,D,,,fa_cup_v1,fa_cup_v1
44193,fa_2022_Bus_FC _0027,kor.fa,,,Busan Transportation Corporation,FC Namdong,2022-03-09,2,1,,H,,,fa_cup_v1,fa_cup_v1
44194,fa_2022_Cha_Seo_0028,kor.fa,,,Changwon FC,Seoul E-Land,2022-03-09,1,1,,D,,,fa_cup_v1,fa_cup_v1
44195,fa_2022_FC _Sih_0029,kor.fa,,,FC Anyang,Siheung Citizen,2022-03-09,1,0,,H,,,fa_cup_v1,fa_cup_v1
44196,fa_2022_Gim_Suw_0030,kor.fa,,,Gimcheon Sangmu,Suwon Samsung Bluewings,2022-04-27,1,1,,D,,,fa_cup_v1,fa_cup_v1
44197,fa_2022_Uls_Bus_0031,kor.fa,,,Ulsan Citizen,Busan IPark,2022-04-27,2,0,,H,,,fa_cup_v1,fa_cup_v1
44198,fa_2022_Gan_Hwa_0032,kor.fa,,,Gangwon FC,Hwaseong FC,2022-04-27,2,0,,H,,,fa_cup_v1,fa_cup_v1
44199,fa_2022_Dae_Pye_0033,kor.fa,,,Daejeon Korail,Pyeongchang United,2022-04-27,2,1,,H,,,fa_cup_v1,fa_cup_v1
44200,fa_2022_Gim_Poh_0034,kor.fa,,,Gimhae FC,Pohang Steelers,2022-04-27,0,5,,A,,,fa_cup_v1,fa_cup_v1
44201,fa_2022_Seo_Chu_0035,kor.fa,,,Seongnam FC,Chungnam Asan,2022-04-27,1,0,,H,,,fa_cup_v1,fa_cup_v1
44202,fa_2022_Gye_Gye_0036,kor.fa,,,Gyeongnam FC,Gyeongju KHNP,2022-04-27,2,0,,H,,,fa_cup_v1,fa_cup_v1
44203,fa_2022_Buc_Suw_0037,kor.fa,,,Bucheon FC 1995,Suwon FC,2022-04-27,1,0,,H,,,fa_cup_v1,fa_cup_v1
44204,fa_2022_Inc_Gwa_0038,kor.fa,,,Incheon United,Gwangju FC,2022-04-27,1,6,,A,,,fa_cup_v1,fa_cup_v1
44205,fa_2022_Gim_Bus_0039,kor.fa,,,Gimpo FC,Busan Transportation Corporation,2022-04-27,1,2,,A,,,fa_cup_v1,fa_cup_v1
44206,fa_2022_Cha_FC _0040,kor.fa,,,Changwon FC,FC Seoul,2022-04-27,0,0,,D,,,fa_cup_v1,fa_cup_v1
44207,fa_2022_Jej_FC _0041,kor.fa,,,Jeju SK,FC Anyang,2022-04-27,3,0,,H,,,fa_cup_v1,fa_cup_v1
44208,fa_2022_Jeo_Uls_0042,kor.fa,,,Jeonbuk Hyundai Motors,Ulsan Citizen,2022-05-25,1,0,,H,,,fa_cup_v1,fa_cup_v1
44209,fa_2022_Suw_Gan_0043,kor.fa,,,Suwon Samsung Bluewings,Gangwon FC,2022-05-25,2,0,,H,,,fa_cup_v1,fa_cup_v1
44210,fa_2022_Dae_Dae_0044,kor.fa,,,Daejeon Korail,Daegu FC,2022-05-25,3,3,,D,,,fa_cup_v1,fa_cup_v1
44211,fa_2022_Poh_Seo_0045,kor.fa,,,Pohang Steelers,Seongnam FC,2022-05-25,2,1,,H,,,fa_cup_v1,fa_cup_v1
44212,fa_2022_Gye_Uls_0046,kor.fa,,,Gyeongnam FC,Ulsan HD,2022-05-25,0,2,,A,,,fa_cup_v1,fa_cup_v1
44213,fa_2022_Buc_Gwa_0047,kor.fa,,,Bucheon FC 1995,Gwangju FC,2022-05-25,2,1,,H,,,fa_cup_v1,fa_cup_v1
44214,fa_2022_Jeo_Bus_0048,kor.fa,,,Jeonnam Dragons,Busan Transportation Corporation,2022-05-25,2,2,,D,,,fa_cup_v1,fa_cup_v1
44215,fa_2022_FC _Jej_0049,kor.fa,,,FC Seoul,Jeju SK,2022-05-25,3,1,,H,,,fa_cup_v1,fa_cup_v1
44216,fa_2022_Jeo_Suw_0050,kor.fa,,,Jeonbuk Hyundai Motors,Suwon Samsung Bluewings,2022-06-29,3,0,,H,,,fa_cup_v1,fa_cup_v1
44217,fa_2022_Dae_Poh_0051,kor.fa,,,Daegu FC,Pohang Steelers,2022-06-29,3,2,,H,,,fa_cup_v1,fa_cup_v1
44218,fa_2022_Uls_Buc_0052,kor.fa,,,Ulsan HD,Bucheon FC 1995,2022-06-29,1,1,,D,,,fa_cup_v1,fa_cup_v1
44219,fa_2022_Bus_FC _0053,kor.fa,,,Busan Transportation Corporation,FC Seoul,2022-06-29,0,3,,A,,,fa_cup_v1,fa_cup_v1
44220,fa_2022_Uls_Jeo_0054,kor.fa,,,Ulsan HD,Jeonbuk Hyundai Motors,2022-10-05,1,2,,A,,,fa_cup_v1,fa_cup_v1
44221,fa_2022_Dae_FC _0055,kor.fa,,,Daegu FC,FC Seoul,2022-10-05,0,1,,A,,,fa_cup_v1,fa_cup_v1
44222,fa_2022_FC _Jeo_0056,kor.fa,,,FC Seoul,Jeonbuk Hyundai Motors,2022-10-27,2,2,,D,,,fa_cup_v1,fa_cup_v1
44223,fa_2022_Jeo_FC _0057,kor.fa,,,Jeonbuk Hyundai Motors,FC Seoul,2022-10-30,3,1,,H,,,fa_cup_v1,fa_cup_v1
44224,fa_2023_Gan_Mok_0058,kor.fa,,,Gangneung Citizen,Mokpo Gatdangdae,2023-03-04,6,0,,H,,,fa_cup_v1,fa_cup_v1
44225,fa_2023_Sej_Jin_0059,kor.fa,,,Sejong Ugil,Jinju Citizen,2023-03-05,1,5,,A,,,fa_cup_v1,fa_cup_v1
44226,fa_2023_Uls_Hwa_0060,kor.fa,,,Ulsan Citizen,Hwaseong FC,2023-03-04,1,1,,D,,,fa_cup_v1,fa_cup_v1
44227,fa_2023_TNT_Yan_0061,kor.fa,,,TNT FC,Yangju Citizen,2023-03-05,1,2,,A,,,fa_cup_v1,fa_cup_v1
44228,fa_2023_Dae_Jeo_0062,kor.fa,,,Daejeon Seobu,Jeonju Citizen,2023-03-04,0,6,,A,,,fa_cup_v1,fa_cup_v1
44229,fa_2023_FC _FC _0063,kor.fa,,,FC Chungju,FC Mokpo,2023-03-05,1,2,,A,,,fa_cup_v1,fa_cup_v1
44230,fa_2023_Inc_Pye_0064,kor.fa,,,Incheon Ganseok,Pyeongtaek Citizen,2023-03-05,0,7,,A,,,fa_cup_v1,fa_cup_v1
44231,fa_2023_Geo_Yan_0065,kor.fa,,,Geoje Citizen,Yangpyeong FC,2023-03-05,2,0,,H,,,fa_cup_v1,fa_cup_v1
44232,fa_2023_Dae_Seo_0066,kor.fa,,,Daejeon Korail,Seoul Nowon United,2023-03-04,1,0,,H,,,fa_cup_v1,fa_cup_v1
44233,fa_2023_Gim_Pye_0067,kor.fa,,,Gimhae FC,Pyeongchang United,2023-03-04,1,2,,A,,,fa_cup_v1,fa_cup_v1
44234,fa_2023_Yeo_Poc_0068,kor.fa,,,Yeoju FC,Pocheon Citizen,2023-03-04,4,3,,H,,,fa_cup_v1,fa_cup_v1
44235,fa_2023_Seo_Che_0069,kor.fa,,,Seoul Jungnang,Cheongju Showking,2023-03-04,9,0,,H,,,fa_cup_v1,fa_cup_v1
44236,fa_2023_Gim_Chu_0070,kor.fa,,,Gimhae Jaemics,Chuncheon Citizen,2023-03-04,0,6,,A,,,fa_cup_v1,fa_cup_v1
44237,fa_2023_Gwa_Dan_0071,kor.fa,,,Gwangju Hwajeong,Dangjin Citizen,2023-03-04,0,2,,A,,,fa_cup_v1,fa_cup_v1
44238,fa_2023_Gan_Gye_0072,kor.fa,,,Gangneung Citizen,Gyeongnam FC,2023-03-30,1,2,,A,,,fa_cup_v1,fa_cup_v1
44239,fa_2023_Jin_Sih_0073,kor.fa,,,Jinju Citizen,Siheung Citizen,2023-03-30,1,2,,A,,,fa_cup_v1,fa_cup_v1
44240,fa_2023_Hwa_Ans_0074,kor.fa,,,Hwaseong FC,Ansan Greeners,2023-03-29,2,3,,A,,,fa_cup_v1,fa_cup_v1
44241,fa_2023_Che_Yan_0075,kor.fa,,,Cheonan City,Yangju Citizen,2023-03-30,3,2,,H,,,fa_cup_v1,fa_cup_v1
44242,fa_2023_Chu_Jeo_0076,kor.fa,,,Chungnam Asan,Jeonju Citizen,2023-03-29,2,0,,H,,,fa_cup_v1,fa_cup_v1
44243,fa_2023_Jeo_FC _0077,kor.fa,,,Jeonnam Dragons,FC Mokpo,2023-03-29,1,0,,H,,,fa_cup_v1,fa_cup_v1
44244,fa_2023_Cha_Pye_0078,kor.fa,,,Changwon City,Pyeongtaek Citizen,2023-03-30,2,1,,H,,,fa_cup_v1,fa_cup_v1
44245,fa_2023_Gye_Geo_0079,kor.fa,,,Gyeongju KHNP,Geoje Citizen,2023-03-30,1,1,,D,,,fa_cup_v1,fa_cup_v1
44246,fa_2023_Dae_Gim_0080,kor.fa,,,Daejeon Korail,Gimcheon Sangmu,2023-03-30,1,2,,A,,,fa_cup_v1,fa_cup_v1
44247,fa_2023_Seo_Pye_0081,kor.fa,,,Seongnam FC,Pyeongchang United,2023-03-29,1,0,,H,,,fa_cup_v1,fa_cup_v1
44248,fa_2023_Yeo_Gim_0082,kor.fa,,,Yeoju Citizen,Gimpo FC,2023-03-29,2,4,,A,,,fa_cup_v1,fa_cup_v1
44249,fa_2023_Chu_Seo_0083,kor.fa,,,Chungbuk Cheongju,Seoul Jungnang,2023-03-29,3,0,,H,,,fa_cup_v1,fa_cup_v1
44250,fa_2023_Chu_Paj_0084,kor.fa,,,Chuncheon Citizen,Paju Citizen,2023-03-30,1,2,,A,,,fa_cup_v1,fa_cup_v1
44251,fa_2023_Bus_Dan_0085,kor.fa,,,Busan Transportation Corporation,Dangjin Citizen,2023-03-30,0,2,,A,,,fa_cup_v1,fa_cup_v1
44252,fa_2023_Seo_Buc_0086,kor.fa,,,Seoul E-Land,Bucheon FC 1995,2023-03-29,6,0,,H,,,fa_cup_v1,fa_cup_v1
44253,fa_2023_FC _Bus_0087,kor.fa,,,FC Anyang,Busan IPark,2023-03-29,1,4,,A,,,fa_cup_v1,fa_cup_v1
44254,fa_2023_Gye_Sih_0088,kor.fa,,,Gyeongnam FC,Siheung Citizen,2023-04-12,2,0,,H,,,fa_cup_v1,fa_cup_v1
44255,fa_2023_Ans_Suw_0089,kor.fa,,,Ansan Greeners,Suwon Samsung Bluewings,2023-04-12,1,3,,A,,,fa_cup_v1,fa_cup_v1
44256,fa_2023_Dae_Che_0090,kor.fa,,,Daegu FC,Cheonan City,2023-04-12,2,1,,H,,,fa_cup_v1,fa_cup_v1
44257,fa_2023_Chu_Jeo_0091,kor.fa,,,Chungnam Asan,Jeonnam Dragons,2023-04-12,2,3,,A,,,fa_cup_v1,fa_cup_v1
44258,fa_2023_Cha_Jej_0092,kor.fa,,,Changwon City,Jeju SK,2023-04-12,1,2,,A,,,fa_cup_v1,fa_cup_v1
44259,fa_2023_Dae_Geo_0093,kor.fa,,,Daejeon Hana Citizen,Geoje Citizen,2023-04-12,4,1,,H,,,fa_cup_v1,fa_cup_v1
44260,fa_2023_Gim_Seo_0094,kor.fa,,,Gimcheon Sangmu,Seongnam FC,2023-04-12,1,1,,D,,,fa_cup_v1,fa_cup_v1
44261,fa_2023_Gim_FC _0095,kor.fa,,,Gimpo FC,FC Seoul,2023-04-12,1,1,,D,,,fa_cup_v1,fa_cup_v1
44262,fa_2023_Gan_Chu_0096,kor.fa,,,Gangwon FC,Chungbuk Cheongju,2023-05-02,1,1,,D,,,fa_cup_v1,fa_cup_v1
44263,fa_2023_Paj_Dan_0097,kor.fa,,,Paju Citizen,Dangjin Citizen,2023-04-12,2,1,,H,,,fa_cup_v1,fa_cup_v1
44264,fa_2023_Seo_Suw_0098,kor.fa,,,Seoul E-Land,Suwon FC,2023-04-12,2,1,,H,,,fa_cup_v1,fa_cup_v1
44265,fa_2023_Gwa_Bus_0099,kor.fa,,,Gwangju FC,Busan IPark,2023-04-12,2,1,,H,,,fa_cup_v1,fa_cup_v1
44266,fa_2023_Inc_Gye_0100,kor.fa,,,Incheon United,Gyeongnam FC,2023-05-24,3,0,,H,,,fa_cup_v1,fa_cup_v1
44267,fa_2023_Suw_Dae_0101,kor.fa,,,Suwon Samsung Bluewings,Daegu FC,2023-05-24,1,0,,H,,,fa_cup_v1,fa_cup_v1
44268,fa_2023_Jeo_Uls_0102,kor.fa,,,Jeonnam Dragons,Ulsan HD,2023-05-24,1,2,,A,,,fa_cup_v1,fa_cup_v1
44269,fa_2023_Jej_Dae_0103,kor.fa,,,Jeju SK,Daejeon Hana Citizen,2023-05-24,4,3,,H,,,fa_cup_v1,fa_cup_v1
44270,fa_2023_Seo_Poh_0104,kor.fa,,,Seongnam FC,Pohang Steelers,2023-05-24,0,3,,A,,,fa_cup_v1,fa_cup_v1
44271,fa_2023_Gim_Gan_0105,kor.fa,,,Gimpo FC,Gangwon FC,2023-05-24,2,3,,A,,,fa_cup_v1,fa_cup_v1
44272,fa_2023_Jeo_Paj_0106,kor.fa,,,Jeonbuk Hyundai Motors,Paju Citizen,2023-05-24,5,2,,H,,,fa_cup_v1,fa_cup_v1
44273,fa_2023_Seo_Gwa_0107,kor.fa,,,Seoul E-Land,Gwangju FC,2023-05-24,0,1,,A,,,fa_cup_v1,fa_cup_v1
44274,fa_2023_Inc_Suw_0108,kor.fa,,,Incheon United,Suwon Samsung Bluewings,2023-06-28,3,2,,H,,,fa_cup_v1,fa_cup_v1
44275,fa_2023_Uls_Jej_0109,kor.fa,,,Ulsan HD,Jeju SK,2023-06-28,1,1,,D,,,fa_cup_v1,fa_cup_v1
44276,fa_2023_Poh_Gan_0110,kor.fa,,,Pohang Steelers,Gangwon FC,2023-06-28,2,1,,H,,,fa_cup_v1,fa_cup_v1
44277,fa_2023_Jeo_Gwa_0111,kor.fa,,,Jeonbuk Hyundai Motors,Gwangju FC,2023-06-28,4,0,,H,,,fa_cup_v1,fa_cup_v1
44278,fa_2023_Jeo_Inc_0112,kor.fa,,,Jeonbuk Hyundai Motors,Incheon United,2023-11-01,3,1,,H,,,fa_cup_v1,fa_cup_v1
44279,fa_2023_Jej_Poh_0113,kor.fa,,,Jeju SK,Pohang Steelers,2023-11-01,1,1,,D,,,fa_cup_v1,fa_cup_v1
44280,fa_2024_Uls_Inc_0114,kor.fa,,,Ulsan HD,Incheon United,2024-07-17,1,0,,H,,,fa_cup_v1,fa_cup_v1
44281,fa_2024_Gim_Jej_0115,kor.fa,,,Gimpo FC,Jeju SK,2024-07-17,0,1,,A,,,fa_cup_v1,fa_cup_v1
44282,fa_2024_Poh_FC _0116,kor.fa,,,Pohang Steelers,FC Seoul,2024-07-17,5,1,,H,,,fa_cup_v1,fa_cup_v1
44283,fa_2024_Gwa_Seo_0117,kor.fa,,,Gwangju FC,Seongnam FC,2024-07-17,3,2,,H,,,fa_cup_v1,fa_cup_v1
44284,k2_2019_2nd_Ans_FC _0000,kor.2,,,Ansan Greeners,FC Anyang,2019-07-20,1,1,,D,,,k2_2019_2021_h2h,k2_2019_2021_h2h
44285,k2_2019_2nd_Ans_Chu_0001,kor.2,,,Ansan Greeners,Chungnam Asan,2019-07-21,1,0,,H,,,k2_2019_2021_h2h,k2_2019_2021_h2h
44286,k2_2019_2nd_Ans_Buc_0002,kor.2,,,Ansan Greeners,Bucheon FC 1995,2019-07-22,0,1,,A,,,k2_2019_2021_h2h,k2_2019_2021_h2h
44287,k2_2019_2nd_Ans_Bus_0003,kor.2,,,Ansan Greeners,Busan IPark,2019-07-23,0,0,,D,,,k2_2019_2021_h2h,k2_2019_2021_h2h
44288,k2_2019_2nd_Ans_Dae_0004,kor.2,,,Ansan Greeners,Daejeon Hana Citizen,2019-07-24,1,2,,A,,,k2_2019_2021_h2h,k2_2019_2021_h2h
44289,k2_2019_2nd_Ans_Gwa_0005,kor.2,,,Ansan Greeners,Gwangju FC,2019-07-25,0,0,,D,,,k2_2019_2021_h2h,k2_2019_2021_h2h
44290,k2_2019_2nd_Ans_Jeo_0006,kor.2,,,Ansan Greeners,Jeonnam Dragons,2019-07-26,3,0,,H,,,k2_2019_2021_h2h,k2_2019_2021_h2h
44291,k2_2019_2nd_Ans_Seo_0007,kor.2,,,Ansan Greeners,Seoul E-Land,2019-07-27,1,0,,H,,,k2_2019_2021_h2h,k2_2019_2021_h2h
44292,k2_2019_2nd_Ans_Suw_0008,kor.2,,,Ansan Greeners,Suwon FC,2019-07-28,2,3,,A,,,k2_2019_2021_h2h,k2_2019_2021_h2h
44293,k2_2019_2nd_FC _Ans_0009,kor.2,,,FC Anyang,Ansan Greeners,2019-07-29,0,0,,D,,,k2_2019_2021_h2h,k2_2019_2021_h2h
44294,k2_2019_2nd_FC _Chu_0010,kor.2,,,FC Anyang,Chungnam Asan,2019-07-30,0,1,,A,,,k2_2019_2021_h2h,k2_2019_2021_h2h
44295,k2_2019_2nd_FC _Buc_0011,kor.2,,,FC Anyang,Bucheon FC 1995,2019-07-31,2,2,,D,,,k2_2019_2021_h2h,k2_2019_2021_h2h
44296,k2_2019_2nd_FC _Bus_0012,kor.2,,,FC Anyang,Busan IPark,2019-08-01,1,3,,A,,,k2_2019_2021_h2h,k2_2019_2021_h2h
44297,k2_2019_2nd_FC _Dae_0013,kor.2,,,FC Anyang,Daejeon Hana Citizen,2019-08-02,2,1,,H,,,k2_2019_2021_h2h,k2_2019_2021_h2h
44298,k2_2019_2nd_FC _Gwa_0014,kor.2,,,FC Anyang,Gwangju FC,2019-08-03,0,1,,A,,,k2_2019_2021_h2h,k2_2019_2021_h2h
44299,k2_2019_2nd_FC _Jeo_0015,kor.2,,,FC Anyang,Jeonnam Dragons,2019-08-04,2,1,,H,,,k2_2019_2021_h2h,k2_2019_2021_h2h
44300,k2_2019_2nd_FC _Seo_0016,kor.2,,,FC Anyang,Seoul E-Land,2019-08-05,2,1,,H,,,k2_2019_2021_h2h,k2_2019_2021_h2h
44301,k2_2019_2nd_FC _Suw_0017,kor.2,,,FC Anyang,Suwon FC,2019-08-06,2,0,,H,,,k2_2019_2021_h2h,k2_2019_2021_h2h
44302,k2_2019_2nd_Chu_Ans_0018,kor.2,,,Chungnam Asan,Ansan Greeners,2019-08-07,1,1,,D,,,k2_2019_2021_h2h,k2_2019_2021_h2h
44303,k2_2019_2nd_Chu_FC _0019,kor.2,,,Chungnam Asan,FC Anyang,2019-08-08,0,2,,A,,,k2_2019_2021_h2h,k2_2019_2021_h2h
44304,k2_2019_2nd_Chu_Buc_0020,kor.2,,,Chungnam Asan,Bucheon FC 1995,2019-08-09,3,2,,H,,,k2_2019_2021_h2h,k2_2019_2021_h2h
44305,k2_2019_2nd_Chu_Bus_0021,kor.2,,,Chungnam Asan,Busan IPark,2019-08-10,2,5,,A,,,k2_2019_2021_h2h,k2_2019_2021_h2h
44306,k2_2019_2nd_Chu_Dae_0022,kor.2,,,Chungnam Asan,Daejeon Hana Citizen,2019-08-11,1,0,,H,,,k2_2019_2021_h2h,k2_2019_2021_h2h
44307,k2_2019_2nd_Chu_Gwa_0023,kor.2,,,Chungnam Asan,Gwangju FC,2019-08-12,0,0,,D,,,k2_2019_2021_h2h,k2_2019_2021_h2h
44308,k2_2019_2nd_Chu_Jeo_0024,kor.2,,,Chungnam Asan,Jeonnam Dragons,2019-08-13,1,1,,D,,,k2_2019_2021_h2h,k2_2019_2021_h2h
44309,k2_2019_2nd_Chu_Seo_0025,kor.2,,,Chungnam Asan,Seoul E-Land,2019-08-14,3,1,,H,,,k2_2019_2021_h2h,k2_2019_2021_h2h
44310,k2_2019_2nd_Chu_Suw_0026,kor.2,,,Chungnam Asan,Suwon FC,2019-08-15,1,2,,A,,,k2_2019_2021_h2h,k2_2019_2021_h2h
44311,k2_2019_2nd_Buc_Ans_0027,kor.2,,,Bucheon FC 1995,Ansan Greeners,2019-08-16,1,2,,A,,,k2_2019_2021_h2h,k2_2019_2021_h2h
44312,k2_2019_2nd_Buc_FC _0028,kor.2,,,Bucheon FC 1995,FC Anyang,2019-08-17,1,0,,H,,,k2_2019_2021_h2h,k2_2019_2021_h2h
44313,k2_2019_2nd_Buc_Chu_0029,kor.2,,,Bucheon FC 1995,Chungnam Asan,2019-08-18,0,0,,D,,,k2_2019_2021_h2h,k2_2019_2021_h2h
44314,k2_2019_2nd_Buc_Bus_0030,kor.2,,,Bucheon FC 1995,Busan IPark,2019-08-19,1,3,,A,,,k2_2019_2021_h2h,k2_2019_2021_h2h
44315,k2_2019_2nd_Buc_Dae_0031,kor.2,,,Bucheon FC 1995,Daejeon Hana Citizen,2019-08-20,1,1,,D,,,k2_2019_2021_h2h,k2_2019_2021_h2h
44316,k2_2019_2nd_Buc_Gwa_0032,kor.2,,,Bucheon FC 1995,Gwangju FC,2019-08-21,0,1,,A,,,k2_2019_2021_h2h,k2_2019_2021_h2h
44317,k2_2019_2nd_Buc_Jeo_0033,kor.2,,,Bucheon FC 1995,Jeonnam Dragons,2019-08-22,1,1,,D,,,k2_2019_2021_h2h,k2_2019_2021_h2h
44318,k2_2019_2nd_Buc_Seo_0034,kor.2,,,Bucheon FC 1995,Seoul E-Land,2019-08-23,3,2,,H,,,k2_2019_2021_h2h,k2_2019_2021_h2h
44319,k2_2019_2nd_Buc_Suw_0035,kor.2,,,Bucheon FC 1995,Suwon FC,2019-08-24,1,0,,H,,,k2_2019_2021_h2h,k2_2019_2021_h2h
44320,k2_2019_2nd_Bus_Ans_0036,kor.2,,,Busan IPark,Ansan Greeners,2019-08-25,3,0,,H,,,k2_2019_2021_h2h,k2_2019_2021_h2h
44321,k2_2019_2nd_Bus_FC _0037,kor.2,,,Busan IPark,FC Anyang,2019-08-26,1,4,,A,,,k2_2019_2021_h2h,k2_2019_2021_h2h
44322,k2_2019_2nd_Bus_Chu_0038,kor.2,,,Busan IPark,Chungnam Asan,2019-08-27,2,4,,A,,,k2_2019_2021_h2h,k2_2019_2021_h2h
44323,k2_2019_2nd_Bus_Buc_0039,kor.2,,,Busan IPark,Bucheon FC 1995,2019-08-28,3,3,,D,,,k2_2019_2021_h2h,k2_2019_2021_h2h
44324,k2_2019_2nd_Bus_Dae_0040,kor.2,,,Busan IPark,Daejeon Hana Citizen,2019-08-29,2,1,,H,,,k2_2019_2021_h2h,k2_2019_2021_h2h
44325,k2_2019_2nd_Bus_Gwa_0041,kor.2,,,Busan IPark,Gwangju FC,2019-08-30,1,1,,D,,,k2_2019_2021_h2h,k2_2019_2021_h2h
44326,k2_2019_2nd_Bus_Jeo_0042,kor.2,,,Busan IPark,Jeonnam Dragons,2019-08-31,1,0,,H,,,k2_2019_2021_h2h,k2_2019_2021_h2h
44327,k2_2019_2nd_Bus_Seo_0043,kor.2,,,Busan IPark,Seoul E-Land,2019-09-01,4,1,,H,,,k2_2019_2021_h2h,k2_2019_2021_h2h
44328,k2_2019_2nd_Bus_Suw_0044,kor.2,,,Busan IPark,Suwon FC,2019-09-02,2,2,,D,,,k2_2019_2021_h2h,k2_2019_2021_h2h
44329,k2_2019_2nd_Dae_Ans_0045,kor.2,,,Daejeon Citizen,Ansan Greeners,2019-09-03,1,3,,A,,,k2_2019_2021_h2h,k2_2019_2021_h2h
44330,k2_2019_2nd_Dae_FC _0046,kor.2,,,Daejeon Citizen,FC Anyang,2019-09-04,0,2,,A,,,k2_2019_2021_h2h,k2_2019_2021_h2h
44331,k2_2019_2nd_Dae_Chu_0047,kor.2,,,Daejeon Citizen,Chungnam Asan,2019-09-05,0,1,,A,,,k2_2019_2021_h2h,k2_2019_2021_h2h
44332,k2_2019_2nd_Dae_Buc_0048,kor.2,,,Daejeon Citizen,Bucheon FC 1995,2019-09-06,1,0,,H,,,k2_2019_2021_h2h,k2_2019_2021_h2h
44333,k2_2019_2nd_Dae_Bus_0049,kor.2,,,Daejeon Citizen,Busan IPark,2019-09-07,0,5,,A,,,k2_2019_2021_h2h,k2_2019_2021_h2h
44334,k2_2019_2nd_Dae_Gwa_0050,kor.2,,,Daejeon Citizen,Gwangju FC,2019-09-08,0,1,,A,,,k2_2019_2021_h2h,k2_2019_2021_h2h
44335,k2_2019_2nd_Dae_Jeo_0051,kor.2,,,Daejeon Citizen,Jeonnam Dragons,2019-09-09,1,2,,A,,,k2_2019_2021_h2h,k2_2019_2021_h2h
44336,k2_2019_2nd_Dae_Seo_0052,kor.2,,,Daejeon Citizen,Seoul E-Land,2019-09-10,0,0,,D,,,k2_2019_2021_h2h,k2_2019_2021_h2h
44337,k2_2019_2nd_Dae_Suw_0053,kor.2,,,Daejeon Citizen,Suwon FC,2019-09-11,0,2,,A,,,k2_2019_2021_h2h,k2_2019_2021_h2h
44338,k2_2019_2nd_Gwa_Ans_0054,kor.2,,,Gwangju FC,Ansan Greeners,2019-09-12,3,1,,H,,,k2_2019_2021_h2h,k2_2019_2021_h2h
44339,k2_2019_2nd_Gwa_FC _0055,kor.2,,,Gwangju FC,FC Anyang,2019-09-13,2,2,,D,,,k2_2019_2021_h2h,k2_2019_2021_h2h
44340,k2_2019_2nd_Gwa_Chu_0056,kor.2,,,Gwangju FC,Chungnam Asan,2019-09-14,4,0,,H,,,k2_2019_2021_h2h,k2_2019_2021_h2h
44341,k2_2019_2nd_Gwa_Buc_0057,kor.2,,,Gwangju FC,Bucheon FC 1995,2019-09-15,4,1,,H,,,k2_2019_2021_h2h,k2_2019_2021_h2h
44342,k2_2019_2nd_Gwa_Bus_0058,kor.2,,,Gwangju FC,Busan IPark,2019-09-16,1,1,,D,,,k2_2019_2021_h2h,k2_2019_2021_h2h
44343,k2_2019_2nd_Gwa_Dae_0059,kor.2,,,Gwangju FC,Daejeon Hana Citizen,2019-09-17,0,0,,D,,,k2_2019_2021_h2h,k2_2019_2021_h2h
44344,k2_2019_2nd_Gwa_Jeo_0060,kor.2,,,Gwangju FC,Jeonnam Dragons,2019-09-18,2,0,,H,,,k2_2019_2021_h2h,k2_2019_2021_h2h
44345,k2_2019_2nd_Gwa_Seo_0061,kor.2,,,Gwangju FC,Seoul E-Land,2019-09-19,3,1,,H,,,k2_2019_2021_h2h,k2_2019_2021_h2h
44346,k2_2019_2nd_Gwa_Suw_0062,kor.2,,,Gwangju FC,Suwon FC,2019-09-20,2,1,,H,,,k2_2019_2021_h2h,k2_2019_2021_h2h
44347,k2_2019_2nd_Jeo_Ans_0063,kor.2,,,Jeonnam Dragons,Ansan Greeners,2019-09-21,1,3,,A,,,k2_2019_2021_h2h,k2_2019_2021_h2h
44348,k2_2019_2nd_Jeo_FC _0064,kor.2,,,Jeonnam Dragons,FC Anyang,2019-09-22,1,0,,H,,,k2_2019_2021_h2h,k2_2019_2021_h2h
44349,k2_2019_2nd_Jeo_Chu_0065,kor.2,,,Jeonnam Dragons,Chungnam Asan,2019-09-23,0,3,,A,,,k2_2019_2021_h2h,k2_2019_2021_h2h
44350,k2_2019_2nd_Jeo_Buc_0066,kor.2,,,Jeonnam Dragons,Bucheon FC 1995,2019-09-24,1,0,,H,,,k2_2019_2021_h2h,k2_2019_2021_h2h
44351,k2_2019_2nd_Jeo_Bus_0067,kor.2,,,Jeonnam Dragons,Busan IPark,2019-09-25,1,0,,H,,,k2_2019_2021_h2h,k2_2019_2021_h2h
44352,k2_2019_2nd_Jeo_Dae_0068,kor.2,,,Jeonnam Dragons,Daejeon Hana Citizen,2019-09-26,1,3,,A,,,k2_2019_2021_h2h,k2_2019_2021_h2h
44353,k2_2019_2nd_Jeo_Gwa_0069,kor.2,,,Jeonnam Dragons,Gwangju FC,2019-09-27,1,2,,A,,,k2_2019_2021_h2h,k2_2019_2021_h2h
44354,k2_2019_2nd_Jeo_Seo_0070,kor.2,,,Jeonnam Dragons,Seoul E-Land,2019-09-28,1,1,,D,,,k2_2019_2021_h2h,k2_2019_2021_h2h
44355,k2_2019_2nd_Jeo_Suw_0071,kor.2,,,Jeonnam Dragons,Suwon FC,2019-09-29,1,2,,A,,,k2_2019_2021_h2h,k2_2019_2021_h2h
44356,k2_2019_2nd_Seo_Ans_0072,kor.2,,,Seoul E-Land,Ansan Greeners,2019-09-30,1,1,,D,,,k2_2019_2021_h2h,k2_2019_2021_h2h
44357,k2_2019_2nd_Seo_FC _0073,kor.2,,,Seoul E-Land,FC Anyang,2019-10-01,4,1,,H,,,k2_2019_2021_h2h,k2_2019_2021_h2h
44358,k2_2019_2nd_Seo_Chu_0074,kor.2,,,Seoul E-Land,Chungnam Asan,2019-10-02,0,2,,A,,,k2_2019_2021_h2h,k2_2019_2021_h2h
44359,k2_2019_2nd_Seo_Buc_0075,kor.2,,,Seoul E-Land,Bucheon FC 1995,2019-10-03,1,2,,A,,,k2_2019_2021_h2h,k2_2019_2021_h2h
44360,k2_2019_2nd_Seo_Bus_0076,kor.2,,,Seoul E-Land,Busan IPark,2019-10-04,3,3,,D,,,k2_2019_2021_h2h,k2_2019_2021_h2h
44361,k2_2019_2nd_Seo_Dae_0077,kor.2,,,Seoul E-Land,Daejeon Hana Citizen,2019-10-05,1,1,,D,,,k2_2019_2021_h2h,k2_2019_2021_h2h
44362,k2_2019_2nd_Seo_Gwa_0078,kor.2,,,Seoul E-Land,Gwangju FC,2019-10-06,0,2,,A,,,k2_2019_2021_h2h,k2_2019_2021_h2h
44363,k2_2019_2nd_Seo_Jeo_0079,kor.2,,,Seoul E-Land,Jeonnam Dragons,2019-10-07,0,1,,A,,,k2_2019_2021_h2h,k2_2019_2021_h2h
44364,k2_2019_2nd_Seo_Suw_0080,kor.2,,,Seoul E-Land,Suwon FC,2019-10-08,1,1,,D,,,k2_2019_2021_h2h,k2_2019_2021_h2h
44365,k2_2019_2nd_Suw_Ans_0081,kor.2,,,Suwon FC,Ansan Greeners,2019-10-09,2,1,,H,,,k2_2019_2021_h2h,k2_2019_2021_h2h
44366,k2_2019_2nd_Suw_FC _0082,kor.2,,,Suwon FC,FC Anyang,2019-10-10,1,2,,A,,,k2_2019_2021_h2h,k2_2019_2021_h2h
44367,k2_2019_2nd_Suw_Chu_0083,kor.2,,,Suwon FC,Chungnam Asan,2019-10-11,2,0,,H,,,k2_2019_2021_h2h,k2_2019_2021_h2h
44368,k2_2019_2nd_Suw_Buc_0084,kor.2,,,Suwon FC,Bucheon FC 1995,2019-10-12,0,3,,A,,,k2_2019_2021_h2h,k2_2019_2021_h2h
44369,k2_2019_2nd_Suw_Bus_0085,kor.2,,,Suwon FC,Busan IPark,2019-10-13,1,2,,A,,,k2_2019_2021_h2h,k2_2019_2021_h2h
44370,k2_2019_2nd_Suw_Dae_0086,kor.2,,,Suwon FC,Daejeon Hana Citizen,2019-10-14,2,0,,H,,,k2_2019_2021_h2h,k2_2019_2021_h2h
44371,k2_2019_2nd_Suw_Gwa_0087,kor.2,,,Suwon FC,Gwangju FC,2019-10-15,0,2,,A,,,k2_2019_2021_h2h,k2_2019_2021_h2h
44372,k2_2019_2nd_Suw_Jeo_0088,kor.2,,,Suwon FC,Jeonnam Dragons,2019-10-16,1,1,,D,,,k2_2019_2021_h2h,k2_2019_2021_h2h
44373,k2_2019_2nd_Suw_Seo_0089,kor.2,,,Suwon FC,Seoul E-Land,2019-10-17,3,1,,H,,,k2_2019_2021_h2h,k2_2019_2021_h2h
44374,k2_2019_2nd_Ans_FC _0090,kor.2,,,Ansan Greeners,FC Anyang,2019-10-18,1,3,,A,,,k2_2019_2021_h2h,k2_2019_2021_h2h
44375,k2_2019_2nd_Ans_Chu_0091,kor.2,,,Ansan Greeners,Chungnam Asan,2019-10-19,1,2,,A,,,k2_2019_2021_h2h,k2_2019_2021_h2h
44376,k2_2019_2nd_Ans_Buc_0092,kor.2,,,Ansan Greeners,Bucheon FC 1995,2019-10-20,1,2,,A,,,k2_2019_2021_h2h,k2_2019_2021_h2h
44377,k2_2019_2nd_Ans_Bus_0093,kor.2,,,Ansan Greeners,Busan IPark,2019-10-21,2,0,,H,,,k2_2019_2021_h2h,k2_2019_2021_h2h
44378,k2_2019_2nd_Ans_Dae_0094,kor.2,,,Ansan Greeners,Daejeon Hana Citizen,2019-10-22,0,2,,A,,,k2_2019_2021_h2h,k2_2019_2021_h2h
44379,k2_2019_2nd_Ans_Gwa_0095,kor.2,,,Ansan Greeners,Gwangju FC,2019-10-23,2,1,,H,,,k2_2019_2021_h2h,k2_2019_2021_h2h
44380,k2_2019_2nd_Ans_Jeo_0096,kor.2,,,Ansan Greeners,Jeonnam Dragons,2019-10-24,1,0,,H,,,k2_2019_2021_h2h,k2_2019_2021_h2h
44381,k2_2019_2nd_Ans_Seo_0097,kor.2,,,Ansan Greeners,Seoul E-Land,2019-10-25,2,0,,H,,,k2_2019_2021_h2h,k2_2019_2021_h2h
44382,k2_2019_2nd_Ans_Suw_0098,kor.2,,,Ansan Greeners,Suwon FC,2019-10-26,1,2,,A,,,k2_2019_2021_h2h,k2_2019_2021_h2h
44383,k2_2019_2nd_FC _Ans_0099,kor.2,,,FC Anyang,Ansan Greeners,2019-10-27,3,2,,H,,,k2_2019_2021_h2h,k2_2019_2021_h2h
44384,k2_2019_2nd_FC _Chu_0100,kor.2,,,FC Anyang,Chungnam Asan,2019-10-28,4,1,,H,,,k2_2019_2021_h2h,k2_2019_2021_h2h
44385,k2_2019_2nd_FC _Buc_0101,kor.2,,,FC Anyang,Bucheon FC 1995,2019-10-29,1,2,,A,,,k2_2019_2021_h2h,k2_2019_2021_h2h
44386,k2_2019_2nd_FC _Bus_0102,kor.2,,,FC Anyang,Busan IPark,2019-10-30,2,2,,D,,,k2_2019_2021_h2h,k2_2019_2021_h2h
44387,k2_2019_2nd_FC _Dae_0103,kor.2,,,FC Anyang,Daejeon Hana Citizen,2019-10-31,0,0,,D,,,k2_2019_2021_h2h,k2_2019_2021_h2h
44388,k2_2019_2nd_FC _Gwa_0104,kor.2,,,FC Anyang,Gwangju FC,2019-11-01,7,1,,H,,,k2_2019_2021_h2h,k2_2019_2021_h2h
44389,k2_2019_2nd_FC _Jeo_0105,kor.2,,,FC Anyang,Jeonnam Dragons,2019-11-02,4,2,,H,,,k2_2019_2021_h2h,k2_2019_2021_h2h
44390,k2_2019_2nd_FC _Seo_0106,kor.2,,,FC Anyang,Seoul E-Land,2019-11-03,5,2,,H,,,k2_2019_2021_h2h,k2_2019_2021_h2h
44391,k2_2019_2nd_FC _Suw_0107,kor.2,,,FC Anyang,Suwon FC,2019-11-04,0,2,,A,,,k2_2019_2021_h2h,k2_2019_2021_h2h
44392,k2_2019_2nd_Chu_Ans_0108,kor.2,,,Chungnam Asan,Ansan Greeners,2019-11-05,1,1,,D,,,k2_2019_2021_h2h,k2_2019_2021_h2h
44393,k2_2019_2nd_Chu_FC _0109,kor.2,,,Chungnam Asan,FC Anyang,2019-11-06,1,4,,A,,,k2_2019_2021_h2h,k2_2019_2021_h2h
44394,k2_2019_2nd_Chu_Buc_0110,kor.2,,,Chungnam Asan,Bucheon FC 1995,2019-11-07,2,3,,A,,,k2_2019_2021_h2h,k2_2019_2021_h2h
44395,k2_2019_2nd_Chu_Bus_0111,kor.2,,,Chungnam Asan,Busan IPark,2019-11-08,0,1,,A,,,k2_2019_2021_h2h,k2_2019_2021_h2h
44396,k2_2019_2nd_Chu_Dae_0112,kor.2,,,Chungnam Asan,Daejeon Hana Citizen,2019-11-09,0,1,,A,,,k2_2019_2021_h2h,k2_2019_2021_h2h
44397,k2_2019_2nd_Chu_Gwa_0113,kor.2,,,Chungnam Asan,Gwangju FC,2019-11-10,0,1,,A,,,k2_2019_2021_h2h,k2_2019_2021_h2h
44398,k2_2019_2nd_Chu_Jeo_0114,kor.2,,,Chungnam Asan,Jeonnam Dragons,2019-11-11,1,0,,H,,,k2_2019_2021_h2h,k2_2019_2021_h2h
44399,k2_2019_2nd_Chu_Seo_0115,kor.2,,,Chungnam Asan,Seoul E-Land,2019-11-12,3,2,,H,,,k2_2019_2021_h2h,k2_2019_2021_h2h
44400,k2_2019_2nd_Chu_Suw_0116,kor.2,,,Chungnam Asan,Suwon FC,2019-11-13,1,1,,D,,,k2_2019_2021_h2h,k2_2019_2021_h2h
44401,k2_2019_2nd_Buc_Ans_0117,kor.2,,,Bucheon FC 1995,Ansan Greeners,2019-11-14,1,2,,A,,,k2_2019_2021_h2h,k2_2019_2021_h2h
44402,k2_2019_2nd_Buc_FC _0118,kor.2,,,Bucheon FC 1995,FC Anyang,2019-11-15,2,2,,D,,,k2_2019_2021_h2h,k2_2019_2021_h2h
44403,k2_2019_2nd_Buc_Chu_0119,kor.2,,,Bucheon FC 1995,Chungnam Asan,2019-11-16,3,0,,H,,,k2_2019_2021_h2h,k2_2019_2021_h2h
44404,k2_2019_2nd_Buc_Bus_0120,kor.2,,,Bucheon FC 1995,Busan IPark,2019-11-17,0,2,,A,,,k2_2019_2021_h2h,k2_2019_2021_h2h
44405,k2_2019_2nd_Buc_Dae_0121,kor.2,,,Bucheon FC 1995,Daejeon Hana Citizen,2019-11-18,1,3,,A,,,k2_2019_2021_h2h,k2_2019_2021_h2h
44406,k2_2019_2nd_Buc_Gwa_0122,kor.2,,,Bucheon FC 1995,Gwangju FC,2019-11-19,1,1,,D,,,k2_2019_2021_h2h,k2_2019_2021_h2h
44407,k2_2019_2nd_Buc_Jeo_0123,kor.2,,,Bucheon FC 1995,Jeonnam Dragons,2019-11-20,0,3,,A,,,k2_2019_2021_h2h,k2_2019_2021_h2h
44408,k2_2019_2nd_Buc_Seo_0124,kor.2,,,Bucheon FC 1995,Seoul E-Land,2019-11-21,3,2,,H,,,k2_2019_2021_h2h,k2_2019_2021_h2h
44409,k2_2019_2nd_Buc_Suw_0125,kor.2,,,Bucheon FC 1995,Suwon FC,2019-11-22,1,1,,D,,,k2_2019_2021_h2h,k2_2019_2021_h2h
44410,k2_2019_2nd_Bus_Ans_0126,kor.2,,,Busan IPark,Ansan Greeners,2019-11-23,0,2,,A,,,k2_2019_2021_h2h,k2_2019_2021_h2h
44411,k2_2019_2nd_Bus_FC _0127,kor.2,,,Busan IPark,FC Anyang,2019-11-24,1,1,,D,,,k2_2019_2021_h2h,k2_2019_2021_h2h
44412,k2_2019_2nd_Bus_Chu_0128,kor.2,,,Busan IPark,Chungnam Asan,2019-11-25,3,2,,H,,,k2_2019_2021_h2h,k2_2019_2021_h2h
44413,k2_2019_2nd_Bus_Buc_0129,kor.2,,,Busan IPark,Bucheon FC 1995,2019-11-26,2,2,,D,,,k2_2019_2021_h2h,k2_2019_2021_h2h
44414,k2_2019_2nd_Bus_Dae_0130,kor.2,,,Busan IPark,Daejeon Hana Citizen,2019-11-27,2,0,,H,,,k2_2019_2021_h2h,k2_2019_2021_h2h
44415,k2_2019_2nd_Bus_Gwa_0131,kor.2,,,Busan IPark,Gwangju FC,2019-11-28,3,2,,H,,,k2_2019_2021_h2h,k2_2019_2021_h2h
44416,k2_2019_2nd_Bus_Jeo_0132,kor.2,,,Busan IPark,Jeonnam Dragons,2019-11-29,0,0,,D,,,k2_2019_2021_h2h,k2_2019_2021_h2h
44417,k2_2019_2nd_Bus_Seo_0133,kor.2,,,Busan IPark,Seoul E-Land,2019-11-30,3,1,,H,,,k2_2019_2021_h2h,k2_2019_2021_h2h
44418,k2_2019_2nd_Bus_Suw_0134,kor.2,,,Busan IPark,Suwon FC,2019-12-01,2,0,,H,,,k2_2019_2021_h2h,k2_2019_2021_h2h
44419,k2_2019_2nd_Dae_Ans_0135,kor.2,,,Daejeon Citizen,Ansan Greeners,2019-12-02,0,0,,D,,,k2_2019_2021_h2h,k2_2019_2021_h2h
44420,k2_2019_2nd_Dae_FC _0136,kor.2,,,Daejeon Citizen,FC Anyang,2019-12-03,1,1,,D,,,k2_2019_2021_h2h,k2_2019_2021_h2h
44421,k2_2019_2nd_Dae_Chu_0137,kor.2,,,Daejeon Citizen,Chungnam Asan,2019-12-04,0,1,,A,,,k2_2019_2021_h2h,k2_2019_2021_h2h
44422,k2_2019_2nd_Dae_Buc_0138,kor.2,,,Daejeon Citizen,Bucheon FC 1995,2019-12-05,1,2,,A,,,k2_2019_2021_h2h,k2_2019_2021_h2h
44423,k2_2019_2nd_Dae_Bus_0139,kor.2,,,Daejeon Citizen,Busan IPark,2019-12-06,0,0,,D,,,k2_2019_2021_h2h,k2_2019_2021_h2h
44424,k2_2019_2nd_Dae_Gwa_0140,kor.2,,,Daejeon Citizen,Gwangju FC,2019-12-07,3,1,,H,,,k2_2019_2021_h2h,k2_2019_2021_h2h
44425,k2_2019_2nd_Dae_Jeo_0141,kor.2,,,Daejeon Citizen,Jeonnam Dragons,2019-12-08,1,2,,A,,,k2_2019_2021_h2h,k2_2019_2021_h2h
44426,k2_2019_2nd_Dae_Seo_0142,kor.2,,,Daejeon Citizen,Seoul E-Land,2019-12-09,1,0,,H,,,k2_2019_2021_h2h,k2_2019_2021_h2h
44427,k2_2019_2nd_Dae_Suw_0143,kor.2,,,Daejeon Citizen,Suwon FC,2019-12-10,2,4,,A,,,k2_2019_2021_h2h,k2_2019_2021_h2h
44428,k2_2019_2nd_Gwa_Ans_0144,kor.2,,,Gwangju FC,Ansan Greeners,2019-12-11,2,1,,H,,,k2_2019_2021_h2h,k2_2019_2021_h2h
44429,k2_2019_2nd_Gwa_FC _0145,kor.2,,,Gwangju FC,FC Anyang,2019-12-12,4,0,,H,,,k2_2019_2021_h2h,k2_2019_2021_h2h
44430,k2_2019_2nd_Gwa_Chu_0146,kor.2,,,Gwangju FC,Chungnam Asan,2019-12-13,3,1,,H,,,k2_2019_2021_h2h,k2_2019_2021_h2h
44431,k2_2019_2nd_Gwa_Buc_0147,kor.2,,,Gwangju FC,Bucheon FC 1995,2019-12-14,1,0,,H,,,k2_2019_2021_h2h,k2_2019_2021_h2h
44432,k2_2019_2nd_Gwa_Bus_0148,kor.2,,,Gwangju FC,Busan IPark,2019-12-15,1,1,,D,,,k2_2019_2021_h2h,k2_2019_2021_h2h
44433,k2_2019_2nd_Gwa_Dae_0149,kor.2,,,Gwangju FC,Daejeon Hana Citizen,2019-12-16,0,0,,D,,,k2_2019_2021_h2h,k2_2019_2021_h2h
44434,k2_2019_2nd_Gwa_Jeo_0150,kor.2,,,Gwangju FC,Jeonnam Dragons,2019-07-20,1,2,,A,,,k2_2019_2021_h2h,k2_2019_2021_h2h
44435,k2_2019_2nd_Gwa_Seo_0151,kor.2,,,Gwangju FC,Seoul E-Land,2019-07-21,3,1,,H,,,k2_2019_2021_h2h,k2_2019_2021_h2h
44436,k2_2019_2nd_Gwa_Suw_0152,kor.2,,,Gwangju FC,Suwon FC,2019-07-22,2,0,,H,,,k2_2019_2021_h2h,k2_2019_2021_h2h
44437,k2_2019_2nd_Jeo_Ans_0153,kor.2,,,Jeonnam Dragons,Ansan Greeners,2019-07-23,2,1,,H,,,k2_2019_2021_h2h,k2_2019_2021_h2h
44438,k2_2019_2nd_Jeo_FC _0154,kor.2,,,Jeonnam Dragons,FC Anyang,2019-07-24,2,0,,H,,,k2_2019_2021_h2h,k2_2019_2021_h2h
44439,k2_2019_2nd_Jeo_Chu_0155,kor.2,,,Jeonnam Dragons,Chungnam Asan,2019-07-25,2,0,,H,,,k2_2019_2021_h2h,k2_2019_2021_h2h
44440,k2_2019_2nd_Jeo_Buc_0156,kor.2,,,Jeonnam Dragons,Bucheon FC 1995,2019-07-26,0,1,,A,,,k2_2019_2021_h2h,k2_2019_2021_h2h
44441,k2_2019_2nd_Jeo_Bus_0157,kor.2,,,Jeonnam Dragons,Busan IPark,2019-07-27,3,3,,D,,,k2_2019_2021_h2h,k2_2019_2021_h2h
44442,k2_2019_2nd_Jeo_Dae_0158,kor.2,,,Jeonnam Dragons,Daejeon Hana Citizen,2019-07-28,2,0,,H,,,k2_2019_2021_h2h,k2_2019_2021_h2h
44443,k2_2019_2nd_Jeo_Gwa_0159,kor.2,,,Jeonnam Dragons,Gwangju FC,2019-07-29,1,1,,D,,,k2_2019_2021_h2h,k2_2019_2021_h2h
44444,k2_2019_2nd_Jeo_Seo_0160,kor.2,,,Jeonnam Dragons,Seoul E-Land,2019-07-30,0,1,,A,,,k2_2019_2021_h2h,k2_2019_2021_h2h
44445,k2_2019_2nd_Jeo_Suw_0161,kor.2,,,Jeonnam Dragons,Suwon FC,2019-07-31,3,2,,H,,,k2_2019_2021_h2h,k2_2019_2021_h2h
44446,k2_2019_2nd_Seo_Ans_0162,kor.2,,,Seoul E-Land,Ansan Greeners,2019-08-01,1,3,,A,,,k2_2019_2021_h2h,k2_2019_2021_h2h
44447,k2_2019_2nd_Seo_FC _0163,kor.2,,,Seoul E-Land,FC Anyang,2019-08-02,2,0,,H,,,k2_2019_2021_h2h,k2_2019_2021_h2h
44448,k2_2019_2nd_Seo_Chu_0164,kor.2,,,Seoul E-Land,Chungnam Asan,2019-08-03,1,1,,D,,,k2_2019_2021_h2h,k2_2019_2021_h2h
44449,k2_2019_2nd_Seo_Buc_0165,kor.2,,,Seoul E-Land,Bucheon FC 1995,2019-08-04,1,0,,H,,,k2_2019_2021_h2h,k2_2019_2021_h2h
44450,k2_2019_2nd_Seo_Bus_0166,kor.2,,,Seoul E-Land,Busan IPark,2019-08-05,3,5,,A,,,k2_2019_2021_h2h,k2_2019_2021_h2h
44451,k2_2019_2nd_Seo_Dae_0167,kor.2,,,Seoul E-Land,Daejeon Hana Citizen,2019-08-06,2,2,,D,,,k2_2019_2021_h2h,k2_2019_2021_h2h
44452,k2_2019_2nd_Seo_Gwa_0168,kor.2,,,Seoul E-Land,Gwangju FC,2019-08-07,0,2,,A,,,k2_2019_2021_h2h,k2_2019_2021_h2h
44453,k2_2019_2nd_Seo_Jeo_0169,kor.2,,,Seoul E-Land,Jeonnam Dragons,2019-08-08,2,2,,D,,,k2_2019_2021_h2h,k2_2019_2021_h2h
44454,k2_2019_2nd_Seo_Suw_0170,kor.2,,,Seoul E-Land,Suwon FC,2019-08-09,2,1,,H,,,k2_2019_2021_h2h,k2_2019_2021_h2h
44455,k2_2019_2nd_Suw_Ans_0171,kor.2,,,Suwon FC,Ansan Greeners,2019-08-10,2,3,,A,,,k2_2019_2021_h2h,k2_2019_2021_h2h
44456,k2_2019_2nd_Suw_FC _0172,kor.2,,,Suwon FC,FC Anyang,2019-08-11,1,1,,D,,,k2_2019_2021_h2h,k2_2019_2021_h2h
44457,k2_2019_2nd_Suw_Chu_0173,kor.2,,,Suwon FC,Chungnam Asan,2019-08-12,2,2,,D,,,k2_2019_2021_h2h,k2_2019_2021_h2h
44458,k2_2019_2nd_Suw_Buc_0174,kor.2,,,Suwon FC,Bucheon FC 1995,2019-08-13,1,2,,A,,,k2_2019_2021_h2h,k2_2019_2021_h2h
44459,k2_2019_2nd_Suw_Bus_0175,kor.2,,,Suwon FC,Busan IPark,2019-08-14,0,1,,A,,,k2_2019_2021_h2h,k2_2019_2021_h2h
44460,k2_2019_2nd_Suw_Dae_0176,kor.2,,,Suwon FC,Daejeon Hana Citizen,2019-08-15,2,2,,D,,,k2_2019_2021_h2h,k2_2019_2021_h2h
44461,k2_2019_2nd_Suw_Gwa_0177,kor.2,,,Suwon FC,Gwangju FC,2019-08-16,0,3,,A,,,k2_2019_2021_h2h,k2_2019_2021_h2h
44462,k2_2019_2nd_Suw_Jeo_0178,kor.2,,,Suwon FC,Jeonnam Dragons,2019-08-17,2,2,,D,,,k2_2019_2021_h2h,k2_2019_2021_h2h
44463,k2_2019_2nd_Suw_Seo_0179,kor.2,,,Suwon FC,Seoul E-Land,2019-08-18,1,1,,D,,,k2_2019_2021_h2h,k2_2019_2021_h2h
44464,k2_2020_2nd_Ans_FC _0180,kor.2,,,Ansan Greeners,FC Anyang,2020-08-18,0,1,,A,,,k2_2019_2021_h2h,k2_2019_2021_h2h
44465,k2_2020_2nd_Ans_Buc_0181,kor.2,,,Ansan Greeners,Bucheon FC 1995,2020-08-19,0,2,,A,,,k2_2019_2021_h2h,k2_2019_2021_h2h
44466,k2_2020_2nd_Ans_Chu_0182,kor.2,,,Ansan Greeners,Chungnam Asan,2020-08-20,1,1,,D,,,k2_2019_2021_h2h,k2_2019_2021_h2h
44467,k2_2020_2nd_Ans_Dae_0183,kor.2,,,Ansan Greeners,Daejeon Hana Citizen,2020-08-21,0,2,,A,,,k2_2019_2021_h2h,k2_2019_2021_h2h
44468,k2_2020_2nd_Ans_Gye_0184,kor.2,,,Ansan Greeners,Gyeongnam FC,2020-08-22,0,0,,D,,,k2_2019_2021_h2h,k2_2019_2021_h2h
44469,k2_2020_2nd_Ans_Jej_0185,kor.2,,,Ansan Greeners,Jeju SK,2020-08-23,1,2,,A,,,k2_2019_2021_h2h,k2_2019_2021_h2h
44470,k2_2020_2nd_Ans_Jeo_0186,kor.2,,,Ansan Greeners,Jeonnam Dragons,2020-08-24,0,0,,D,,,k2_2019_2021_h2h,k2_2019_2021_h2h
44471,k2_2020_2nd_Ans_Suw_0187,kor.2,,,Ansan Greeners,Suwon FC,2020-08-25,0,1,,A,,,k2_2019_2021_h2h,k2_2019_2021_h2h
44472,k2_2020_2nd_Ans_Suw_0188,kor.2,,,Ansan Greeners,Suwon FC,2020-08-26,0,2,,A,,,k2_2019_2021_h2h,k2_2019_2021_h2h
44473,k2_2020_2nd_FC _Ans_0189,kor.2,,,FC Anyang,Ansan Greeners,2020-08-27,0,1,,A,,,k2_2019_2021_h2h,k2_2019_2021_h2h
44474,k2_2020_2nd_FC _Buc_0190,kor.2,,,FC Anyang,Bucheon FC 1995,2020-08-28,2,1,,H,,,k2_2019_2021_h2h,k2_2019_2021_h2h
44475,k2_2020_2nd_FC _Chu_0191,kor.2,,,FC Anyang,Chungnam Asan,2020-08-29,1,1,,D,,,k2_2019_2021_h2h,k2_2019_2021_h2h
44476,k2_2020_2nd_FC _Dae_0192,kor.2,,,FC Anyang,Daejeon Hana Citizen,2020-08-30,0,0,,D,,,k2_2019_2021_h2h,k2_2019_2021_h2h
44477,k2_2020_2nd_FC _Gye_0193,kor.2,,,FC Anyang,Gyeongnam FC,2020-08-31,2,3,,A,,,k2_2019_2021_h2h,k2_2019_2021_h2h
44478,k2_2020_2nd_FC _Jej_0194,kor.2,,,FC Anyang,Jeju SK,2020-09-01,1,2,,A,,,k2_2019_2021_h2h,k2_2019_2021_h2h
44479,k2_2020_2nd_FC _Jeo_0195,kor.2,,,FC Anyang,Jeonnam Dragons,2020-09-02,0,0,,D,,,k2_2019_2021_h2h,k2_2019_2021_h2h
44480,k2_2020_2nd_FC _Suw_0196,kor.2,,,FC Anyang,Suwon FC,2020-09-03,2,1,,H,,,k2_2019_2021_h2h,k2_2019_2021_h2h
44481,k2_2020_2nd_FC _Suw_0197,kor.2,,,FC Anyang,Suwon FC,2020-09-04,0,2,,A,,,k2_2019_2021_h2h,k2_2019_2021_h2h
44482,k2_2020_2nd_Buc_Ans_0198,kor.2,,,Bucheon FC 1995,Ansan Greeners,2020-09-05,0,0,,D,,,k2_2019_2021_h2h,k2_2019_2021_h2h
44483,k2_2020_2nd_Buc_FC _0199,kor.2,,,Bucheon FC 1995,FC Anyang,2020-09-06,2,1,,H,,,k2_2019_2021_h2h,k2_2019_2021_h2h
44484,k2_2020_2nd_Buc_Chu_0200,kor.2,,,Bucheon FC 1995,Chungnam Asan,2020-09-07,0,2,,A,,,k2_2019_2021_h2h,k2_2019_2021_h2h
44485,k2_2020_2nd_Buc_Dae_0201,kor.2,,,Bucheon FC 1995,Daejeon Hana Citizen,2020-09-08,1,0,,H,,,k2_2019_2021_h2h,k2_2019_2021_h2h
44486,k2_2020_2nd_Buc_Gye_0202,kor.2,,,Bucheon FC 1995,Gyeongnam FC,2020-09-09,0,1,,A,,,k2_2019_2021_h2h,k2_2019_2021_h2h
44487,k2_2020_2nd_Buc_Jej_0203,kor.2,,,Bucheon FC 1995,Jeju SK,2020-09-10,0,1,,A,,,k2_2019_2021_h2h,k2_2019_2021_h2h
44488,k2_2020_2nd_Buc_Jeo_0204,kor.2,,,Bucheon FC 1995,Jeonnam Dragons,2020-09-11,0,1,,A,,,k2_2019_2021_h2h,k2_2019_2021_h2h
44489,k2_2020_2nd_Buc_Suw_0205,kor.2,,,Bucheon FC 1995,Suwon FC,2020-09-12,2,3,,A,,,k2_2019_2021_h2h,k2_2019_2021_h2h
44490,k2_2020_2nd_Buc_Suw_0206,kor.2,,,Bucheon FC 1995,Suwon FC,2020-09-13,2,0,,H,,,k2_2019_2021_h2h,k2_2019_2021_h2h
44491,k2_2020_2nd_Chu_Ans_0207,kor.2,,,Chungnam Asan,Ansan Greeners,2020-09-14,1,1,,D,,,k2_2019_2021_h2h,k2_2019_2021_h2h
44492,k2_2020_2nd_Chu_FC _0208,kor.2,,,Chungnam Asan,FC Anyang,2020-09-15,0,2,,A,,,k2_2019_2021_h2h,k2_2019_2021_h2h
44493,k2_2020_2nd_Chu_Buc_0209,kor.2,,,Chungnam Asan,Bucheon FC 1995,2020-09-16,0,1,,A,,,k2_2019_2021_h2h,k2_2019_2021_h2h
44494,k2_2020_2nd_Chu_Dae_0210,kor.2,,,Chungnam Asan,Daejeon Hana Citizen,2020-09-17,1,2,,A,,,k2_2019_2021_h2h,k2_2019_2021_h2h
44495,k2_2020_2nd_Chu_Gye_0211,kor.2,,,Chungnam Asan,Gyeongnam FC,2020-09-18,2,1,,H,,,k2_2019_2021_h2h,k2_2019_2021_h2h
44496,k2_2020_2nd_Chu_Jej_0212,kor.2,,,Chungnam Asan,Jeju SK,2020-09-19,0,2,,A,,,k2_2019_2021_h2h,k2_2019_2021_h2h
44497,k2_2020_2nd_Chu_Jeo_0213,kor.2,,,Chungnam Asan,Jeonnam Dragons,2020-09-20,0,2,,A,,,k2_2019_2021_h2h,k2_2019_2021_h2h
44498,k2_2020_2nd_Chu_Suw_0214,kor.2,,,Chungnam Asan,Suwon FC,2020-09-21,0,1,,A,,,k2_2019_2021_h2h,k2_2019_2021_h2h
44499,k2_2020_2nd_Chu_Suw_0215,kor.2,,,Chungnam Asan,Suwon FC,2020-09-22,0,5,,A,,,k2_2019_2021_h2h,k2_2019_2021_h2h
44500,k2_2020_2nd_Dae_Ans_0216,kor.2,,,Daejeon Hana Citizen,Ansan Greeners,2020-09-23,1,0,,H,,,k2_2019_2021_h2h,k2_2019_2021_h2h
44501,k2_2020_2nd_Dae_FC _0217,kor.2,,,Daejeon Hana Citizen,FC Anyang,2020-09-24,3,3,,D,,,k2_2019_2021_h2h,k2_2019_2021_h2h
44502,k2_2020_2nd_Dae_Buc_0218,kor.2,,,Daejeon Hana Citizen,Bucheon FC 1995,2020-09-25,1,0,,H,,,k2_2019_2021_h2h,k2_2019_2021_h2h
44503,k2_2020_2nd_Dae_Chu_0219,kor.2,,,Daejeon Hana Citizen,Chungnam Asan,2020-09-26,2,2,,D,,,k2_2019_2021_h2h,k2_2019_2021_h2h
44504,k2_2020_2nd_Dae_Gye_0220,kor.2,,,Daejeon Hana Citizen,Gyeongnam FC,2020-09-27,2,3,,A,,,k2_2019_2021_h2h,k2_2019_2021_h2h
44505,k2_2020_2nd_Dae_Jej_0221,kor.2,,,Daejeon Hana Citizen,Jeju SK,2020-09-28,2,1,,H,,,k2_2019_2021_h2h,k2_2019_2021_h2h
44506,k2_2020_2nd_Dae_Jeo_0222,kor.2,,,Daejeon Hana Citizen,Jeonnam Dragons,2020-09-29,2,0,,H,,,k2_2019_2021_h2h,k2_2019_2021_h2h
44507,k2_2020_2nd_Dae_Suw_0223,kor.2,,,Daejeon Hana Citizen,Suwon FC,2020-09-30,0,0,,D,,,k2_2019_2021_h2h,k2_2019_2021_h2h
44508,k2_2020_2nd_Dae_Suw_0224,kor.2,,,Daejeon Hana Citizen,Suwon FC,2020-10-01,1,4,,A,,,k2_2019_2021_h2h,k2_2019_2021_h2h
44509,k2_2020_2nd_Gye_Ans_0225,kor.2,,,Gyeongnam FC,Ansan Greeners,2020-10-02,2,1,,H,,,k2_2019_2021_h2h,k2_2019_2021_h2h
44510,k2_2020_2nd_Gye_FC _0226,kor.2,,,Gyeongnam FC,FC Anyang,2020-10-03,1,0,,H,,,k2_2019_2021_h2h,k2_2019_2021_h2h
44511,k2_2020_2nd_Gye_Buc_0227,kor.2,,,Gyeongnam FC,Bucheon FC 1995,2020-10-04,1,1,,D,,,k2_2019_2021_h2h,k2_2019_2021_h2h
44512,k2_2020_2nd_Gye_Chu_0228,kor.2,,,Gyeongnam FC,Chungnam Asan,2020-10-05,2,0,,H,,,k2_2019_2021_h2h,k2_2019_2021_h2h
44513,k2_2020_2nd_Gye_Dae_0229,kor.2,,,Gyeongnam FC,Daejeon Hana Citizen,2020-10-06,2,2,,D,,,k2_2019_2021_h2h,k2_2019_2021_h2h
44514,k2_2020_2nd_Gye_Jej_0230,kor.2,,,Gyeongnam FC,Jeju SK,2020-10-07,3,3,,D,,,k2_2019_2021_h2h,k2_2019_2021_h2h
44515,k2_2020_2nd_Gye_Jeo_0231,kor.2,,,Gyeongnam FC,Jeonnam Dragons,2020-10-08,0,0,,D,,,k2_2019_2021_h2h,k2_2019_2021_h2h
44516,k2_2020_2nd_Gye_Suw_0232,kor.2,,,Gyeongnam FC,Suwon FC,2020-10-09,1,2,,A,,,k2_2019_2021_h2h,k2_2019_2021_h2h
44517,k2_2020_2nd_Gye_Suw_0233,kor.2,,,Gyeongnam FC,Suwon FC,2020-10-10,2,3,,A,,,k2_2019_2021_h2h,k2_2019_2021_h2h
44518,k2_2020_2nd_Jej_Ans_0234,kor.2,,,Jeju SK,Ansan Greeners,2020-10-11,3,1,,H,,,k2_2019_2021_h2h,k2_2019_2021_h2h
44519,k2_2020_2nd_Jej_FC _0235,kor.2,,,Jeju SK,FC Anyang,2020-10-12,3,1,,H,,,k2_2019_2021_h2h,k2_2019_2021_h2h
44520,k2_2020_2nd_Jej_Buc_0236,kor.2,,,Jeju SK,Bucheon FC 1995,2020-10-13,4,0,,H,,,k2_2019_2021_h2h,k2_2019_2021_h2h
44521,k2_2020_2nd_Jej_Chu_0237,kor.2,,,Jeju SK,Chungnam Asan,2020-10-14,2,1,,H,,,k2_2019_2021_h2h,k2_2019_2021_h2h
44522,k2_2020_2nd_Jej_Dae_0238,kor.2,,,Jeju SK,Daejeon Hana Citizen,2020-10-15,2,3,,A,,,k2_2019_2021_h2h,k2_2019_2021_h2h
44523,k2_2020_2nd_Jej_Gye_0239,kor.2,,,Jeju SK,Gyeongnam FC,2020-10-16,1,1,,D,,,k2_2019_2021_h2h,k2_2019_2021_h2h
44524,k2_2020_2nd_Jej_Jeo_0240,kor.2,,,Jeju SK,Jeonnam Dragons,2020-10-17,1,1,,D,,,k2_2019_2021_h2h,k2_2019_2021_h2h
44525,k2_2020_2nd_Jej_Suw_0241,kor.2,,,Jeju SK,Suwon FC,2020-10-18,1,1,,D,,,k2_2019_2021_h2h,k2_2019_2021_h2h
44526,k2_2020_2nd_Jej_Suw_0242,kor.2,,,Jeju SK,Suwon FC,2020-10-19,1,0,,H,,,k2_2019_2021_h2h,k2_2019_2021_h2h
44527,k2_2020_2nd_Jeo_Ans_0243,kor.2,,,Jeonnam Dragons,Ansan Greeners,2020-10-20,4,0,,H,,,k2_2019_2021_h2h,k2_2019_2021_h2h
44528,k2_2020_2nd_Jeo_FC _0244,kor.2,,,Jeonnam Dragons,FC Anyang,2020-10-21,1,1,,D,,,k2_2019_2021_h2h,k2_2019_2021_h2h
44529,k2_2020_2nd_Jeo_Buc_0245,kor.2,,,Jeonnam Dragons,Bucheon FC 1995,2020-10-22,2,0,,H,,,k2_2019_2021_h2h,k2_2019_2021_h2h
44530,k2_2020_2nd_Jeo_Chu_0246,kor.2,,,Jeonnam Dragons,Chungnam Asan,2020-10-23,1,1,,D,,,k2_2019_2021_h2h,k2_2019_2021_h2h
44531,k2_2020_2nd_Jeo_Dae_0247,kor.2,,,Jeonnam Dragons,Daejeon Hana Citizen,2020-10-24,1,1,,D,,,k2_2019_2021_h2h,k2_2019_2021_h2h
44532,k2_2020_2nd_Jeo_Gye_0248,kor.2,,,Jeonnam Dragons,Gyeongnam FC,2020-10-25,1,1,,D,,,k2_2019_2021_h2h,k2_2019_2021_h2h
44533,k2_2020_2nd_Jeo_Jej_0249,kor.2,,,Jeonnam Dragons,Jeju SK,2020-10-26,1,0,,H,,,k2_2019_2021_h2h,k2_2019_2021_h2h
44534,k2_2020_2nd_Jeo_Suw_0250,kor.2,,,Jeonnam Dragons,Suwon FC,2020-10-27,1,2,,A,,,k2_2019_2021_h2h,k2_2019_2021_h2h
44535,k2_2020_2nd_Jeo_Suw_0251,kor.2,,,Jeonnam Dragons,Suwon FC,2020-10-28,1,2,,A,,,k2_2019_2021_h2h,k2_2019_2021_h2h
44536,k2_2020_2nd_Seo_Ans_0252,kor.2,,,Seoul E-Land,Ansan Greeners,2020-10-29,0,2,,A,,,k2_2019_2021_h2h,k2_2019_2021_h2h
44537,k2_2020_2nd_Seo_FC _0253,kor.2,,,Seoul E-Land,FC Anyang,2020-10-30,0,2,,A,,,k2_2019_2021_h2h,k2_2019_2021_h2h
44538,k2_2020_2nd_Seo_Buc_0254,kor.2,,,Seoul E-Land,Bucheon FC 1995,2020-10-31,3,0,,H,,,k2_2019_2021_h2h,k2_2019_2021_h2h
44539,k2_2020_2nd_Seo_Chu_0255,kor.2,,,Seoul E-Land,Chungnam Asan,2020-11-01,1,2,,A,,,k2_2019_2021_h2h,k2_2019_2021_h2h
44540,k2_2020_2nd_Seo_Dae_0256,kor.2,,,Seoul E-Land,Daejeon Hana Citizen,2020-11-02,2,0,,H,,,k2_2019_2021_h2h,k2_2019_2021_h2h
44541,k2_2020_2nd_Seo_Gye_0257,kor.2,,,Seoul E-Land,Gyeongnam FC,2020-11-03,2,2,,D,,,k2_2019_2021_h2h,k2_2019_2021_h2h
44542,k2_2020_2nd_Seo_Jej_0258,kor.2,,,Seoul E-Land,Jeju SK,2020-11-04,1,2,,A,,,k2_2019_2021_h2h,k2_2019_2021_h2h
44543,k2_2020_2nd_Seo_Jeo_0259,kor.2,,,Seoul E-Land,Jeonnam Dragons,2020-11-05,0,0,,D,,,k2_2019_2021_h2h,k2_2019_2021_h2h
44544,k2_2020_2nd_Seo_Suw_0260,kor.2,,,Seoul E-Land,Suwon FC,2020-11-06,0,3,,A,,,k2_2019_2021_h2h,k2_2019_2021_h2h
44545,k2_2020_2nd_Suw_Ans_0261,kor.2,,,Suwon FC,Ansan Greeners,2020-11-07,1,2,,A,,,k2_2019_2021_h2h,k2_2019_2021_h2h
44546,k2_2020_2nd_Suw_FC _0262,kor.2,,,Suwon FC,FC Anyang,2020-11-08,3,2,,H,,,k2_2019_2021_h2h,k2_2019_2021_h2h
44547,k2_2020_2nd_Suw_Buc_0263,kor.2,,,Suwon FC,Bucheon FC 1995,2020-11-09,1,2,,A,,,k2_2019_2021_h2h,k2_2019_2021_h2h
44548,k2_2020_2nd_Suw_Chu_0264,kor.2,,,Suwon FC,Chungnam Asan,2020-11-10,1,1,,D,,,k2_2019_2021_h2h,k2_2019_2021_h2h
44549,k2_2020_2nd_Suw_Dae_0265,kor.2,,,Suwon FC,Daejeon Hana Citizen,2020-11-11,1,2,,A,,,k2_2019_2021_h2h,k2_2019_2021_h2h
44550,k2_2020_2nd_Suw_Gye_0266,kor.2,,,Suwon FC,Gyeongnam FC,2020-11-12,3,1,,H,,,k2_2019_2021_h2h,k2_2019_2021_h2h
44551,k2_2020_2nd_Suw_Jej_0267,kor.2,,,Suwon FC,Jeju SK,2020-11-13,1,1,,D,,,k2_2019_2021_h2h,k2_2019_2021_h2h
44552,k2_2020_2nd_Suw_Jeo_0268,kor.2,,,Suwon FC,Jeonnam Dragons,2020-11-14,2,2,,D,,,k2_2019_2021_h2h,k2_2019_2021_h2h
44553,k2_2020_2nd_Suw_Suw_0269,kor.2,,,Suwon FC,Suwon FC,2020-11-15,2,0,,H,,,k2_2019_2021_h2h,k2_2019_2021_h2h
44554,k2_2020_2nd_Ans_FC _0270,kor.2,,,Ansan Greeners,FC Anyang,2020-11-16,1,0,,H,,,k2_2019_2021_h2h,k2_2019_2021_h2h
44555,k2_2020_2nd_Ans_Buc_0271,kor.2,,,Ansan Greeners,Bucheon FC 1995,2020-11-17,2,0,,H,,,k2_2019_2021_h2h,k2_2019_2021_h2h
44556,k2_2020_2nd_Ans_Dae_0272,kor.2,,,Ansan Greeners,Daejeon Hana Citizen,2020-11-18,1,2,,A,,,k2_2019_2021_h2h,k2_2019_2021_h2h
44557,k2_2020_2nd_Ans_Suw_0273,kor.2,,,Ansan Greeners,Suwon FC,2020-11-19,0,3,,A,,,k2_2019_2021_h2h,k2_2019_2021_h2h
44558,k2_2020_2nd_Ans_Suw_0274,kor.2,,,Ansan Greeners,Suwon FC,2020-11-20,0,4,,A,,,k2_2019_2021_h2h,k2_2019_2021_h2h
44559,k2_2020_2nd_FC _Buc_0275,kor.2,,,FC Anyang,Bucheon FC 1995,2020-11-21,0,0,,D,,,k2_2019_2021_h2h,k2_2019_2021_h2h
44560,k2_2020_2nd_FC _Jeo_0276,kor.2,,,FC Anyang,Jeonnam Dragons,2020-11-22,1,2,,A,,,k2_2019_2021_h2h,k2_2019_2021_h2h
44561,k2_2020_2nd_FC _Suw_0277,kor.2,,,FC Anyang,Suwon FC,2020-11-23,1,1,,D,,,k2_2019_2021_h2h,k2_2019_2021_h2h
44562,k2_2020_2nd_FC _Suw_0278,kor.2,,,FC Anyang,Suwon FC,2020-11-24,1,2,,A,,,k2_2019_2021_h2h,k2_2019_2021_h2h
44563,k2_2020_2nd_Buc_Chu_0279,kor.2,,,Bucheon FC 1995,Chungnam Asan,2020-11-25,0,0,,D,,,k2_2019_2021_h2h,k2_2019_2021_h2h
44564,k2_2020_2nd_Buc_Gye_0280,kor.2,,,Bucheon FC 1995,Gyeongnam FC,2020-11-26,3,4,,A,,,k2_2019_2021_h2h,k2_2019_2021_h2h
44565,k2_2020_2nd_Buc_Jej_0281,kor.2,,,Bucheon FC 1995,Jeju SK,2020-11-27,0,2,,A,,,k2_2019_2021_h2h,k2_2019_2021_h2h
44566,k2_2020_2nd_Buc_Jeo_0282,kor.2,,,Bucheon FC 1995,Jeonnam Dragons,2020-11-28,1,1,,D,,,k2_2019_2021_h2h,k2_2019_2021_h2h
44567,k2_2020_2nd_Chu_Ans_0283,kor.2,,,Chungnam Asan,Ansan Greeners,2020-11-29,0,1,,A,,,k2_2019_2021_h2h,k2_2019_2021_h2h
44568,k2_2020_2nd_Chu_FC _0284,kor.2,,,Chungnam Asan,FC Anyang,2020-11-30,0,2,,A,,,k2_2019_2021_h2h,k2_2019_2021_h2h
44569,k2_2020_2nd_Chu_Dae_0285,kor.2,,,Chungnam Asan,Daejeon Hana Citizen,2020-12-01,3,2,,H,,,k2_2019_2021_h2h,k2_2019_2021_h2h
44570,k2_2020_2nd_Chu_Jej_0286,kor.2,,,Chungnam Asan,Jeju SK,2020-12-02,0,1,,A,,,k2_2019_2021_h2h,k2_2019_2021_h2h
44571,k2_2020_2nd_Chu_Suw_0287,kor.2,,,Chungnam Asan,Suwon FC,2020-12-03,0,2,,A,,,k2_2019_2021_h2h,k2_2019_2021_h2h
44572,k2_2020_2nd_Dae_FC _0288,kor.2,,,Daejeon Hana Citizen,FC Anyang,2020-12-04,3,0,,H,,,k2_2019_2021_h2h,k2_2019_2021_h2h
44573,k2_2020_2nd_Dae_Buc_0289,kor.2,,,Daejeon Hana Citizen,Bucheon FC 1995,2020-12-05,0,1,,A,,,k2_2019_2021_h2h,k2_2019_2021_h2h
44574,k2_2020_2nd_Dae_Suw_0290,kor.2,,,Daejeon Hana Citizen,Suwon FC,2020-12-06,1,2,,A,,,k2_2019_2021_h2h,k2_2019_2021_h2h
44575,k2_2020_2nd_Dae_Suw_0291,kor.2,,,Daejeon Hana Citizen,Suwon FC,2020-12-07,0,1,,A,,,k2_2019_2021_h2h,k2_2019_2021_h2h
44576,k2_2020_2nd_Gye_Ans_0292,kor.2,,,Gyeongnam FC,Ansan Greeners,2020-12-08,1,2,,A,,,k2_2019_2021_h2h,k2_2019_2021_h2h
44577,k2_2020_2nd_Gye_FC _0293,kor.2,,,Gyeongnam FC,FC Anyang,2020-12-09,1,0,,H,,,k2_2019_2021_h2h,k2_2019_2021_h2h
44578,k2_2020_2nd_Gye_Chu_0294,kor.2,,,Gyeongnam FC,Chungnam Asan,2020-12-10,3,1,,H,,,k2_2019_2021_h2h,k2_2019_2021_h2h
44579,k2_2020_2nd_Gye_Dae_0295,kor.2,,,Gyeongnam FC,Daejeon Hana Citizen,2020-12-11,1,0,,H,,,k2_2019_2021_h2h,k2_2019_2021_h2h
44580,k2_2020_2nd_Gye_Jej_0296,kor.2,,,Gyeongnam FC,Jeju SK,2020-12-12,0,1,,A,,,k2_2019_2021_h2h,k2_2019_2021_h2h
44581,k2_2020_2nd_Jej_Ans_0297,kor.2,,,Jeju SK,Ansan Greeners,2020-12-13,1,1,,D,,,k2_2019_2021_h2h,k2_2019_2021_h2h
44582,k2_2020_2nd_Jej_FC _0298,kor.2,,,Jeju SK,FC Anyang,2020-12-14,4,1,,H,,,k2_2019_2021_h2h,k2_2019_2021_h2h
44583,k2_2020_2nd_Jej_Dae_0299,kor.2,,,Jeju SK,Daejeon Hana Citizen,2020-12-15,2,0,,H,,,k2_2019_2021_h2h,k2_2019_2021_h2h
44584,k2_2020_2nd_Jej_Suw_0300,kor.2,,,Jeju SK,Suwon FC,2020-07-19,3,2,,H,,,k2_2019_2021_h2h,k2_2019_2021_h2h
44585,k2_2020_2nd_Jej_Suw_0301,kor.2,,,Jeju SK,Suwon FC,2020-07-20,2,0,,H,,,k2_2019_2021_h2h,k2_2019_2021_h2h
44586,k2_2020_2nd_Jeo_Ans_0302,kor.2,,,Jeonnam Dragons,Ansan Greeners,2020-07-21,0,0,,D,,,k2_2019_2021_h2h,k2_2019_2021_h2h
44587,k2_2020_2nd_Jeo_Chu_0303,kor.2,,,Jeonnam Dragons,Chungnam Asan,2020-07-22,1,0,,H,,,k2_2019_2021_h2h,k2_2019_2021_h2h
44588,k2_2020_2nd_Jeo_Dae_0304,kor.2,,,Jeonnam Dragons,Daejeon Hana Citizen,2020-07-23,1,2,,A,,,k2_2019_2021_h2h,k2_2019_2021_h2h
44589,k2_2020_2nd_Jeo_Gye_0305,kor.2,,,Jeonnam Dragons,Gyeongnam FC,2020-07-24,2,2,,D,,,k2_2019_2021_h2h,k2_2019_2021_h2h
44590,k2_2020_2nd_Jeo_Jej_0306,kor.2,,,Jeonnam Dragons,Jeju SK,2020-07-25,0,2,,A,,,k2_2019_2021_h2h,k2_2019_2021_h2h
44591,k2_2020_2nd_Seo_Buc_0307,kor.2,,,Seoul E-Land,Bucheon FC 1995,2020-07-26,3,0,,H,,,k2_2019_2021_h2h,k2_2019_2021_h2h
44592,k2_2020_2nd_Seo_Chu_0308,kor.2,,,Seoul E-Land,Chungnam Asan,2020-07-27,0,1,,A,,,k2_2019_2021_h2h,k2_2019_2021_h2h
44593,k2_2020_2nd_Seo_Gye_0309,kor.2,,,Seoul E-Land,Gyeongnam FC,2020-07-28,1,0,,H,,,k2_2019_2021_h2h,k2_2019_2021_h2h
44594,k2_2020_2nd_Seo_Jeo_0310,kor.2,,,Seoul E-Land,Jeonnam Dragons,2020-07-29,1,1,,D,,,k2_2019_2021_h2h,k2_2019_2021_h2h
44595,k2_2020_2nd_Suw_Buc_0311,kor.2,,,Suwon FC,Bucheon FC 1995,2020-07-30,1,0,,H,,,k2_2019_2021_h2h,k2_2019_2021_h2h
44596,k2_2020_2nd_Suw_Gye_0312,kor.2,,,Suwon FC,Gyeongnam FC,2020-07-31,2,1,,H,,,k2_2019_2021_h2h,k2_2019_2021_h2h
44597,k2_2020_2nd_Suw_Jeo_0313,kor.2,,,Suwon FC,Jeonnam Dragons,2020-08-01,3,4,,A,,,k2_2019_2021_h2h,k2_2019_2021_h2h
44598,k2_2020_2nd_Suw_Suw_0314,kor.2,,,Suwon FC,Suwon FC,2020-08-02,1,0,,H,,,k2_2019_2021_h2h,k2_2019_2021_h2h
44599,k2_2021_2nd_Ans_FC _0315,kor.2,,,Ansan Greeners,FC Anyang,2021-08-04,3,2,,H,,,k2_2019_2021_h2h,k2_2019_2021_h2h
44600,k2_2021_2nd_Ans_Buc_0316,kor.2,,,Ansan Greeners,Bucheon FC 1995,2021-08-05,2,2,,D,,,k2_2019_2021_h2h,k2_2019_2021_h2h
44601,k2_2021_2nd_Ans_Bus_0317,kor.2,,,Ansan Greeners,Busan IPark,2021-08-06,2,3,,A,,,k2_2019_2021_h2h,k2_2019_2021_h2h
44602,k2_2021_2nd_Ans_Chu_0318,kor.2,,,Ansan Greeners,Chungnam Asan,2021-08-07,1,0,,H,,,k2_2019_2021_h2h,k2_2019_2021_h2h
44603,k2_2021_2nd_Ans_Dae_0319,kor.2,,,Ansan Greeners,Daejeon Hana Citizen,2021-08-08,1,0,,H,,,k2_2019_2021_h2h,k2_2019_2021_h2h
44604,k2_2021_2nd_Ans_Gim_0320,kor.2,,,Ansan Greeners,Gimcheon Sangmu,2021-08-09,1,1,,D,,,k2_2019_2021_h2h,k2_2019_2021_h2h
44605,k2_2021_2nd_Ans_Gye_0321,kor.2,,,Ansan Greeners,Gyeongnam FC,2021-08-10,1,2,,A,,,k2_2019_2021_h2h,k2_2019_2021_h2h
44606,k2_2021_2nd_Ans_Jeo_0322,kor.2,,,Ansan Greeners,Jeonnam Dragons,2021-08-11,0,1,,A,,,k2_2019_2021_h2h,k2_2019_2021_h2h
44607,k2_2021_2nd_Ans_Suw_0323,kor.2,,,Ansan Greeners,Suwon FC,2021-08-12,1,1,,D,,,k2_2019_2021_h2h,k2_2019_2021_h2h
44608,k2_2021_2nd_FC _Ans_0324,kor.2,,,FC Anyang,Ansan Greeners,2021-08-13,1,2,,A,,,k2_2019_2021_h2h,k2_2019_2021_h2h
44609,k2_2021_2nd_FC _Buc_0325,kor.2,,,FC Anyang,Bucheon FC 1995,2021-08-14,2,0,,H,,,k2_2019_2021_h2h,k2_2019_2021_h2h
44610,k2_2021_2nd_FC _Bus_0326,kor.2,,,FC Anyang,Busan IPark,2021-08-15,2,1,,H,,,k2_2019_2021_h2h,k2_2019_2021_h2h
44611,k2_2021_2nd_FC _Chu_0327,kor.2,,,FC Anyang,Chungnam Asan,2021-08-16,2,1,,H,,,k2_2019_2021_h2h,k2_2019_2021_h2h
44612,k2_2021_2nd_FC _Dae_0328,kor.2,,,FC Anyang,Daejeon Hana Citizen,2021-08-17,0,1,,A,,,k2_2019_2021_h2h,k2_2019_2021_h2h
44613,k2_2021_2nd_FC _Gim_0329,kor.2,,,FC Anyang,Gimcheon Sangmu,2021-08-18,0,0,,D,,,k2_2019_2021_h2h,k2_2019_2021_h2h
44614,k2_2021_2nd_FC _Gye_0330,kor.2,,,FC Anyang,Gyeongnam FC,2021-08-19,0,1,,A,,,k2_2019_2021_h2h,k2_2019_2021_h2h
44615,k2_2021_2nd_FC _Jeo_0331,kor.2,,,FC Anyang,Jeonnam Dragons,2021-08-20,0,0,,D,,,k2_2019_2021_h2h,k2_2019_2021_h2h
44616,k2_2021_2nd_FC _Suw_0332,kor.2,,,FC Anyang,Suwon FC,2021-08-21,0,0,,D,,,k2_2019_2021_h2h,k2_2019_2021_h2h
44617,k2_2021_2nd_Buc_Ans_0333,kor.2,,,Bucheon FC 1995,Ansan Greeners,2021-08-22,0,1,,A,,,k2_2019_2021_h2h,k2_2019_2021_h2h
44618,k2_2021_2nd_Buc_FC _0334,kor.2,,,Bucheon FC 1995,FC Anyang,2021-08-23,0,0,,D,,,k2_2019_2021_h2h,k2_2019_2021_h2h
44619,k2_2021_2nd_Buc_Bus_0335,kor.2,,,Bucheon FC 1995,Busan IPark,2021-08-24,0,2,,A,,,k2_2019_2021_h2h,k2_2019_2021_h2h
44620,k2_2021_2nd_Buc_Chu_0336,kor.2,,,Bucheon FC 1995,Chungnam Asan,2021-08-25,1,0,,H,,,k2_2019_2021_h2h,k2_2019_2021_h2h
44621,k2_2021_2nd_Buc_Dae_0337,kor.2,,,Bucheon FC 1995,Daejeon Hana Citizen,2021-08-26,1,2,,A,,,k2_2019_2021_h2h,k2_2019_2021_h2h
44622,k2_2021_2nd_Buc_Gim_0338,kor.2,,,Bucheon FC 1995,Gimcheon Sangmu,2021-08-27,0,0,,D,,,k2_2019_2021_h2h,k2_2019_2021_h2h
44623,k2_2021_2nd_Buc_Gye_0339,kor.2,,,Bucheon FC 1995,Gyeongnam FC,2021-08-28,1,1,,D,,,k2_2019_2021_h2h,k2_2019_2021_h2h
44624,k2_2021_2nd_Buc_Jeo_0340,kor.2,,,Bucheon FC 1995,Jeonnam Dragons,2021-08-29,1,1,,D,,,k2_2019_2021_h2h,k2_2019_2021_h2h
44625,k2_2021_2nd_Buc_Suw_0341,kor.2,,,Bucheon FC 1995,Suwon FC,2021-08-30,1,1,,D,,,k2_2019_2021_h2h,k2_2019_2021_h2h
44626,k2_2021_2nd_Bus_Ans_0342,kor.2,,,Busan IPark,Ansan Greeners,2021-08-31,1,1,,D,,,k2_2019_2021_h2h,k2_2019_2021_h2h
44627,k2_2021_2nd_Bus_FC _0343,kor.2,,,Busan IPark,FC Anyang,2021-09-01,4,5,,A,,,k2_2019_2021_h2h,k2_2019_2021_h2h
44628,k2_2021_2nd_Bus_Buc_0344,kor.2,,,Busan IPark,Bucheon FC 1995,2021-09-02,1,1,,D,,,k2_2019_2021_h2h,k2_2019_2021_h2h
44629,k2_2021_2nd_Bus_Chu_0345,kor.2,,,Busan IPark,Chungnam Asan,2021-09-03,0,0,,D,,,k2_2019_2021_h2h,k2_2019_2021_h2h
44630,k2_2021_2nd_Bus_Dae_0346,kor.2,,,Busan IPark,Daejeon Hana Citizen,2021-09-04,4,1,,H,,,k2_2019_2021_h2h,k2_2019_2021_h2h
44631,k2_2021_2nd_Bus_Gim_0347,kor.2,,,Busan IPark,Gimcheon Sangmu,2021-09-05,2,1,,H,,,k2_2019_2021_h2h,k2_2019_2021_h2h
44632,k2_2021_2nd_Bus_Gye_0348,kor.2,,,Busan IPark,Gyeongnam FC,2021-09-06,2,3,,A,,,k2_2019_2021_h2h,k2_2019_2021_h2h
44633,k2_2021_2nd_Bus_Jeo_0349,kor.2,,,Busan IPark,Jeonnam Dragons,2021-09-07,0,1,,A,,,k2_2019_2021_h2h,k2_2019_2021_h2h
44634,k2_2021_2nd_Bus_Suw_0350,kor.2,,,Busan IPark,Suwon FC,2021-09-08,0,3,,A,,,k2_2019_2021_h2h,k2_2019_2021_h2h
44635,k2_2021_2nd_Chu_Ans_0351,kor.2,,,Chungnam Asan,Ansan Greeners,2021-09-09,0,2,,A,,,k2_2019_2021_h2h,k2_2019_2021_h2h
44636,k2_2021_2nd_Chu_FC _0352,kor.2,,,Chungnam Asan,FC Anyang,2021-09-10,2,2,,D,,,k2_2019_2021_h2h,k2_2019_2021_h2h
44637,k2_2021_2nd_Chu_Buc_0353,kor.2,,,Chungnam Asan,Bucheon FC 1995,2021-09-11,0,1,,A,,,k2_2019_2021_h2h,k2_2019_2021_h2h
44638,k2_2021_2nd_Chu_Bus_0354,kor.2,,,Chungnam Asan,Busan IPark,2021-09-12,4,0,,H,,,k2_2019_2021_h2h,k2_2019_2021_h2h
44639,k2_2021_2nd_Chu_Dae_0355,kor.2,,,Chungnam Asan,Daejeon Hana Citizen,2021-09-13,3,1,,H,,,k2_2019_2021_h2h,k2_2019_2021_h2h
44640,k2_2021_2nd_Chu_Gim_0356,kor.2,,,Chungnam Asan,Gimcheon Sangmu,2021-09-14,1,2,,A,,,k2_2019_2021_h2h,k2_2019_2021_h2h
44641,k2_2021_2nd_Chu_Gye_0357,kor.2,,,Chungnam Asan,Gyeongnam FC,2021-09-15,2,1,,H,,,k2_2019_2021_h2h,k2_2019_2021_h2h
44642,k2_2021_2nd_Chu_Jeo_0358,kor.2,,,Chungnam Asan,Jeonnam Dragons,2021-09-16,0,1,,A,,,k2_2019_2021_h2h,k2_2019_2021_h2h
44643,k2_2021_2nd_Chu_Suw_0359,kor.2,,,Chungnam Asan,Suwon FC,2021-09-17,0,0,,D,,,k2_2019_2021_h2h,k2_2019_2021_h2h
44644,k2_2021_2nd_Dae_Ans_0360,kor.2,,,Daejeon Hana Citizen,Ansan Greeners,2021-09-18,0,0,,D,,,k2_2019_2021_h2h,k2_2019_2021_h2h
44645,k2_2021_2nd_Dae_FC _0361,kor.2,,,Daejeon Hana Citizen,FC Anyang,2021-09-19,1,2,,A,,,k2_2019_2021_h2h,k2_2019_2021_h2h
44646,k2_2021_2nd_Dae_Buc_0362,kor.2,,,Daejeon Hana Citizen,Bucheon FC 1995,2021-09-20,4,1,,H,,,k2_2019_2021_h2h,k2_2019_2021_h2h
44647,k2_2021_2nd_Dae_Bus_0363,kor.2,,,Daejeon Hana Citizen,Busan IPark,2021-09-21,1,2,,A,,,k2_2019_2021_h2h,k2_2019_2021_h2h
44648,k2_2021_2nd_Dae_Chu_0364,kor.2,,,Daejeon Hana Citizen,Chungnam Asan,2021-09-22,1,1,,D,,,k2_2019_2021_h2h,k2_2019_2021_h2h
44649,k2_2021_2nd_Dae_Gim_0365,kor.2,,,Daejeon Hana Citizen,Gimcheon Sangmu,2021-09-23,1,2,,A,,,k2_2019_2021_h2h,k2_2019_2021_h2h
44650,k2_2021_2nd_Dae_Gye_0366,kor.2,,,Daejeon Hana Citizen,Gyeongnam FC,2021-09-24,2,1,,H,,,k2_2019_2021_h2h,k2_2019_2021_h2h
44651,k2_2021_2nd_Dae_Jeo_0367,kor.2,,,Daejeon Hana Citizen,Jeonnam Dragons,2021-09-25,1,1,,D,,,k2_2019_2021_h2h,k2_2019_2021_h2h
44652,k2_2021_2nd_Dae_Suw_0368,kor.2,,,Daejeon Hana Citizen,Suwon FC,2021-09-26,2,1,,H,,,k2_2019_2021_h2h,k2_2019_2021_h2h
44653,k2_2021_2nd_Gim_Ans_0369,kor.2,,,Gimcheon Sangmu,Ansan Greeners,2021-09-27,3,0,,H,,,k2_2019_2021_h2h,k2_2019_2021_h2h
44654,k2_2021_2nd_Gim_FC _0370,kor.2,,,Gimcheon Sangmu,FC Anyang,2021-09-28,0,0,,D,,,k2_2019_2021_h2h,k2_2019_2021_h2h
44655,k2_2021_2nd_Gim_Buc_0371,kor.2,,,Gimcheon Sangmu,Bucheon FC 1995,2021-09-29,1,0,,H,,,k2_2019_2021_h2h,k2_2019_2021_h2h
44656,k2_2021_2nd_Gim_Bus_0372,kor.2,,,Gimcheon Sangmu,Busan IPark,2021-09-30,1,0,,H,,,k2_2019_2021_h2h,k2_2019_2021_h2h
44657,k2_2021_2nd_Gim_Chu_0373,kor.2,,,Gimcheon Sangmu,Chungnam Asan,2021-10-01,3,1,,H,,,k2_2019_2021_h2h,k2_2019_2021_h2h
44658,k2_2021_2nd_Gim_Dae_0374,kor.2,,,Gimcheon Sangmu,Daejeon Hana Citizen,2021-10-02,1,1,,D,,,k2_2019_2021_h2h,k2_2019_2021_h2h
44659,k2_2021_2nd_Gim_Gye_0375,kor.2,,,Gimcheon Sangmu,Gyeongnam FC,2021-10-03,1,2,,A,,,k2_2019_2021_h2h,k2_2019_2021_h2h
44660,k2_2021_2nd_Gim_Jeo_0376,kor.2,,,Gimcheon Sangmu,Jeonnam Dragons,2021-10-04,1,1,,D,,,k2_2019_2021_h2h,k2_2019_2021_h2h
44661,k2_2021_2nd_Gim_Suw_0377,kor.2,,,Gimcheon Sangmu,Suwon FC,2021-10-05,2,0,,H,,,k2_2019_2021_h2h,k2_2019_2021_h2h
44662,k2_2021_2nd_Gye_Ans_0378,kor.2,,,Gyeongnam FC,Ansan Greeners,2021-10-06,1,1,,D,,,k2_2019_2021_h2h,k2_2019_2021_h2h
44663,k2_2021_2nd_Gye_FC _0379,kor.2,,,Gyeongnam FC,FC Anyang,2021-10-07,1,2,,A,,,k2_2019_2021_h2h,k2_2019_2021_h2h
44664,k2_2021_2nd_Gye_Buc_0380,kor.2,,,Gyeongnam FC,Bucheon FC 1995,2021-10-08,3,0,,H,,,k2_2019_2021_h2h,k2_2019_2021_h2h
44665,k2_2021_2nd_Gye_Bus_0381,kor.2,,,Gyeongnam FC,Busan IPark,2021-10-09,1,2,,A,,,k2_2019_2021_h2h,k2_2019_2021_h2h
44666,k2_2021_2nd_Gye_Chu_0382,kor.2,,,Gyeongnam FC,Chungnam Asan,2021-10-10,2,1,,H,,,k2_2019_2021_h2h,k2_2019_2021_h2h
44667,k2_2021_2nd_Gye_Dae_0383,kor.2,,,Gyeongnam FC,Daejeon Hana Citizen,2021-10-11,1,2,,A,,,k2_2019_2021_h2h,k2_2019_2021_h2h
44668,k2_2021_2nd_Gye_Gim_0384,kor.2,,,Gyeongnam FC,Gimcheon Sangmu,2021-10-12,1,2,,A,,,k2_2019_2021_h2h,k2_2019_2021_h2h
44669,k2_2021_2nd_Gye_Jeo_0385,kor.2,,,Gyeongnam FC,Jeonnam Dragons,2021-10-13,0,2,,A,,,k2_2019_2021_h2h,k2_2019_2021_h2h
44670,k2_2021_2nd_Gye_Suw_0386,kor.2,,,Gyeongnam FC,Suwon FC,2021-10-14,0,0,,D,,,k2_2019_2021_h2h,k2_2019_2021_h2h
44671,k2_2021_2nd_Jeo_Ans_0387,kor.2,,,Jeonnam Dragons,Ansan Greeners,2021-10-15,2,0,,H,,,k2_2019_2021_h2h,k2_2019_2021_h2h
44672,k2_2021_2nd_Jeo_FC _0388,kor.2,,,Jeonnam Dragons,FC Anyang,2021-10-16,0,1,,A,,,k2_2019_2021_h2h,k2_2019_2021_h2h
44673,k2_2021_2nd_Jeo_Buc_0389,kor.2,,,Jeonnam Dragons,Bucheon FC 1995,2021-10-17,0,2,,A,,,k2_2019_2021_h2h,k2_2019_2021_h2h
44674,k2_2021_2nd_Jeo_Bus_0390,kor.2,,,Jeonnam Dragons,Busan IPark,2021-10-18,1,2,,A,,,k2_2019_2021_h2h,k2_2019_2021_h2h
44675,k2_2021_2nd_Jeo_Chu_0391,kor.2,,,Jeonnam Dragons,Chungnam Asan,2021-10-19,0,0,,D,,,k2_2019_2021_h2h,k2_2019_2021_h2h
44676,k2_2021_2nd_Jeo_Dae_0392,kor.2,,,Jeonnam Dragons,Daejeon Hana Citizen,2021-10-20,1,2,,A,,,k2_2019_2021_h2h,k2_2019_2021_h2h
44677,k2_2021_2nd_Jeo_Gim_0393,kor.2,,,Jeonnam Dragons,Gimcheon Sangmu,2021-10-21,2,1,,H,,,k2_2019_2021_h2h,k2_2019_2021_h2h
44678,k2_2021_2nd_Jeo_Gye_0394,kor.2,,,Jeonnam Dragons,Gyeongnam FC,2021-10-22,1,0,,H,,,k2_2019_2021_h2h,k2_2019_2021_h2h
44679,k2_2021_2nd_Jeo_Suw_0395,kor.2,,,Jeonnam Dragons,Suwon FC,2021-10-23,3,0,,H,,,k2_2019_2021_h2h,k2_2019_2021_h2h
44680,k2_2021_2nd_Seo_Ans_0396,kor.2,,,Seoul E-Land,Ansan Greeners,2021-10-24,1,0,,H,,,k2_2019_2021_h2h,k2_2019_2021_h2h
44681,k2_2021_2nd_Seo_FC _0397,kor.2,,,Seoul E-Land,FC Anyang,2021-10-25,1,2,,A,,,k2_2019_2021_h2h,k2_2019_2021_h2h
44682,k2_2021_2nd_Seo_Buc_0398,kor.2,,,Seoul E-Land,Bucheon FC 1995,2021-10-26,4,0,,H,,,k2_2019_2021_h2h,k2_2019_2021_h2h
44683,k2_2021_2nd_Seo_Bus_0399,kor.2,,,Seoul E-Land,Busan IPark,2021-10-27,0,1,,A,,,k2_2019_2021_h2h,k2_2019_2021_h2h
44684,k2_2021_2nd_Seo_Chu_0400,kor.2,,,Seoul E-Land,Chungnam Asan,2021-10-28,0,1,,A,,,k2_2019_2021_h2h,k2_2019_2021_h2h
44685,k2_2021_2nd_Seo_Dae_0401,kor.2,,,Seoul E-Land,Daejeon Hana Citizen,2021-10-29,0,1,,A,,,k2_2019_2021_h2h,k2_2019_2021_h2h
44686,k2_2021_2nd_Seo_Gim_0402,kor.2,,,Seoul E-Land,Gimcheon Sangmu,2021-10-30,4,0,,H,,,k2_2019_2021_h2h,k2_2019_2021_h2h
44687,k2_2021_2nd_Seo_Gye_0403,kor.2,,,Seoul E-Land,Gyeongnam FC,2021-10-31,1,1,,D,,,k2_2019_2021_h2h,k2_2019_2021_h2h
44688,k2_2021_2nd_Seo_Jeo_0404,kor.2,,,Seoul E-Land,Jeonnam Dragons,2021-11-01,1,1,,D,,,k2_2019_2021_h2h,k2_2019_2021_h2h
44689,k2_2021_2nd_Ans_FC _0405,kor.2,,,Ansan Greeners,FC Anyang,2021-11-02,1,0,,H,,,k2_2019_2021_h2h,k2_2019_2021_h2h
44690,k2_2021_2nd_Ans_Buc_0406,kor.2,,,Ansan Greeners,Bucheon FC 1995,2021-11-03,1,2,,A,,,k2_2019_2021_h2h,k2_2019_2021_h2h
44691,k2_2021_2nd_Ans_Bus_0407,kor.2,,,Ansan Greeners,Busan IPark,2021-11-04,1,1,,D,,,k2_2019_2021_h2h,k2_2019_2021_h2h
44692,k2_2021_2nd_Ans_Chu_0408,kor.2,,,Ansan Greeners,Chungnam Asan,2021-11-05,0,1,,A,,,k2_2019_2021_h2h,k2_2019_2021_h2h
44693,k2_2021_2nd_Ans_Dae_0409,kor.2,,,Ansan Greeners,Daejeon Hana Citizen,2021-11-06,0,2,,A,,,k2_2019_2021_h2h,k2_2019_2021_h2h
44694,k2_2021_2nd_Ans_Gim_0410,kor.2,,,Ansan Greeners,Gimcheon Sangmu,2021-11-07,0,1,,A,,,k2_2019_2021_h2h,k2_2019_2021_h2h
44695,k2_2021_2nd_Ans_Gye_0411,kor.2,,,Ansan Greeners,Gyeongnam FC,2021-11-08,3,1,,H,,,k2_2019_2021_h2h,k2_2019_2021_h2h
44696,k2_2021_2nd_Ans_Jeo_0412,kor.2,,,Ansan Greeners,Jeonnam Dragons,2021-11-09,1,1,,D,,,k2_2019_2021_h2h,k2_2019_2021_h2h
44697,k2_2021_2nd_Ans_Suw_0413,kor.2,,,Ansan Greeners,Suwon FC,2021-11-10,0,3,,A,,,k2_2019_2021_h2h,k2_2019_2021_h2h
44698,k2_2021_2nd_FC _Ans_0414,kor.2,,,FC Anyang,Ansan Greeners,2021-11-11,1,1,,D,,,k2_2019_2021_h2h,k2_2019_2021_h2h
44699,k2_2021_2nd_FC _Buc_0415,kor.2,,,FC Anyang,Bucheon FC 1995,2021-11-12,4,1,,H,,,k2_2019_2021_h2h,k2_2019_2021_h2h
44700,k2_2021_2nd_FC _Bus_0416,kor.2,,,FC Anyang,Busan IPark,2021-11-13,1,1,,D,,,k2_2019_2021_h2h,k2_2019_2021_h2h
44701,k2_2021_2nd_FC _Chu_0417,kor.2,,,FC Anyang,Chungnam Asan,2021-11-14,1,0,,H,,,k2_2019_2021_h2h,k2_2019_2021_h2h
44702,k2_2021_2nd_FC _Dae_0418,kor.2,,,FC Anyang,Daejeon Hana Citizen,2021-11-15,1,2,,A,,,k2_2019_2021_h2h,k2_2019_2021_h2h
44703,k2_2021_2nd_FC _Gim_0419,kor.2,,,FC Anyang,Gimcheon Sangmu,2021-11-16,2,2,,D,,,k2_2019_2021_h2h,k2_2019_2021_h2h
44704,k2_2021_2nd_FC _Gye_0420,kor.2,,,FC Anyang,Gyeongnam FC,2021-11-17,0,0,,D,,,k2_2019_2021_h2h,k2_2019_2021_h2h
44705,k2_2021_2nd_FC _Jeo_0421,kor.2,,,FC Anyang,Jeonnam Dragons,2021-11-18,1,1,,D,,,k2_2019_2021_h2h,k2_2019_2021_h2h
44706,k2_2021_2nd_FC _Suw_0422,kor.2,,,FC Anyang,Suwon FC,2021-11-19,2,1,,H,,,k2_2019_2021_h2h,k2_2019_2021_h2h
44707,k2_2021_2nd_Buc_Ans_0423,kor.2,,,Bucheon FC 1995,Ansan Greeners,2021-11-20,4,3,,H,,,k2_2019_2021_h2h,k2_2019_2021_h2h
44708,k2_2021_2nd_Buc_FC _0424,kor.2,,,Bucheon FC 1995,FC Anyang,2021-11-21,0,1,,A,,,k2_2019_2021_h2h,k2_2019_2021_h2h
44709,k2_2021_2nd_Buc_Bus_0425,kor.2,,,Bucheon FC 1995,Busan IPark,2021-11-22,0,0,,D,,,k2_2019_2021_h2h,k2_2019_2021_h2h
44710,k2_2021_2nd_Buc_Chu_0426,kor.2,,,Bucheon FC 1995,Chungnam Asan,2021-11-23,0,0,,D,,,k2_2019_2021_h2h,k2_2019_2021_h2h
44711,k2_2021_2nd_Buc_Dae_0427,kor.2,,,Bucheon FC 1995,Daejeon Hana Citizen,2021-11-24,4,2,,H,,,k2_2019_2021_h2h,k2_2019_2021_h2h
44712,k2_2021_2nd_Buc_Gim_0428,kor.2,,,Bucheon FC 1995,Gimcheon Sangmu,2021-11-25,0,1,,A,,,k2_2019_2021_h2h,k2_2019_2021_h2h
44713,k2_2021_2nd_Buc_Gye_0429,kor.2,,,Bucheon FC 1995,Gyeongnam FC,2021-11-26,2,3,,A,,,k2_2019_2021_h2h,k2_2019_2021_h2h
44714,k2_2021_2nd_Buc_Jeo_0430,kor.2,,,Bucheon FC 1995,Jeonnam Dragons,2021-11-27,1,2,,A,,,k2_2019_2021_h2h,k2_2019_2021_h2h
44715,k2_2021_2nd_Buc_Suw_0431,kor.2,,,Bucheon FC 1995,Suwon FC,2021-11-28,0,3,,A,,,k2_2019_2021_h2h,k2_2019_2021_h2h
44716,k2_2021_2nd_Bus_Ans_0432,kor.2,,,Busan IPark,Ansan Greeners,2021-11-29,4,0,,H,,,k2_2019_2021_h2h,k2_2019_2021_h2h
44717,k2_2021_2nd_Bus_FC _0433,kor.2,,,Busan IPark,FC Anyang,2021-11-30,1,3,,A,,,k2_2019_2021_h2h,k2_2019_2021_h2h
44718,k2_2021_2nd_Bus_Buc_0434,kor.2,,,Busan IPark,Bucheon FC 1995,2021-12-01,0,1,,A,,,k2_2019_2021_h2h,k2_2019_2021_h2h
44719,k2_2021_2nd_Bus_Chu_0435,kor.2,,,Busan IPark,Chungnam Asan,2021-12-02,2,1,,H,,,k2_2019_2021_h2h,k2_2019_2021_h2h
44720,k2_2021_2nd_Bus_Dae_0436,kor.2,,,Busan IPark,Daejeon Hana Citizen,2021-12-03,1,1,,D,,,k2_2019_2021_h2h,k2_2019_2021_h2h
44721,k2_2021_2nd_Bus_Gim_0437,kor.2,,,Busan IPark,Gimcheon Sangmu,2021-12-04,0,6,,A,,,k2_2019_2021_h2h,k2_2019_2021_h2h
44722,k2_2021_2nd_Bus_Gye_0438,kor.2,,,Busan IPark,Gyeongnam FC,2021-12-05,1,0,,H,,,k2_2019_2021_h2h,k2_2019_2021_h2h
44723,k2_2021_2nd_Bus_Jeo_0439,kor.2,,,Busan IPark,Jeonnam Dragons,2021-12-06,0,1,,A,,,k2_2019_2021_h2h,k2_2019_2021_h2h
44724,k2_2021_2nd_Bus_Suw_0440,kor.2,,,Busan IPark,Suwon FC,2021-12-07,1,1,,D,,,k2_2019_2021_h2h,k2_2019_2021_h2h
44725,k2_2021_2nd_Chu_Ans_0441,kor.2,,,Chungnam Asan,Ansan Greeners,2021-12-08,0,1,,A,,,k2_2019_2021_h2h,k2_2019_2021_h2h
44726,k2_2021_2nd_Chu_FC _0442,kor.2,,,Chungnam Asan,FC Anyang,2021-12-09,0,2,,A,,,k2_2019_2021_h2h,k2_2019_2021_h2h
44727,k2_2021_2nd_Chu_Buc_0443,kor.2,,,Chungnam Asan,Bucheon FC 1995,2021-12-10,1,0,,H,,,k2_2019_2021_h2h,k2_2019_2021_h2h
44728,k2_2021_2nd_Chu_Bus_0444,kor.2,,,Chungnam Asan,Busan IPark,2021-12-11,3,2,,H,,,k2_2019_2021_h2h,k2_2019_2021_h2h
44729,k2_2021_2nd_Chu_Dae_0445,kor.2,,,Chungnam Asan,Daejeon Hana Citizen,2021-12-12,3,4,,A,,,k2_2019_2021_h2h,k2_2019_2021_h2h
44730,k2_2021_2nd_Chu_Gim_0446,kor.2,,,Chungnam Asan,Gimcheon Sangmu,2021-12-13,1,2,,A,,,k2_2019_2021_h2h,k2_2019_2021_h2h
44731,k2_2021_2nd_Chu_Gye_0447,kor.2,,,Chungnam Asan,Gyeongnam FC,2021-12-14,2,1,,H,,,k2_2019_2021_h2h,k2_2019_2021_h2h
44732,k2_2021_2nd_Chu_Jeo_0448,kor.2,,,Chungnam Asan,Jeonnam Dragons,2021-12-15,0,0,,D,,,k2_2019_2021_h2h,k2_2019_2021_h2h
44733,k2_2021_2nd_Chu_Suw_0449,kor.2,,,Chungnam Asan,Suwon FC,2021-12-16,2,1,,H,,,k2_2019_2021_h2h,k2_2019_2021_h2h
44734,k2_2021_2nd_Dae_Ans_0450,kor.2,,,Daejeon Hana Citizen,Ansan Greeners,2021-07-20,4,1,,H,,,k2_2019_2021_h2h,k2_2019_2021_h2h
44735,k2_2021_2nd_Dae_FC _0451,kor.2,,,Daejeon Hana Citizen,FC Anyang,2021-07-21,3,1,,H,,,k2_2019_2021_h2h,k2_2019_2021_h2h
44736,k2_2021_2nd_Dae_Buc_0452,kor.2,,,Daejeon Hana Citizen,Bucheon FC 1995,2021-07-22,1,1,,D,,,k2_2019_2021_h2h,k2_2019_2021_h2h
44737,k2_2021_2nd_Dae_Bus_0453,kor.2,,,Daejeon Hana Citizen,Busan IPark,2021-07-23,3,1,,H,,,k2_2019_2021_h2h,k2_2019_2021_h2h
44738,k2_2021_2nd_Dae_Chu_0454,kor.2,,,Daejeon Hana Citizen,Chungnam Asan,2021-07-24,1,0,,H,,,k2_2019_2021_h2h,k2_2019_2021_h2h
44739,k2_2021_2nd_Dae_Gim_0455,kor.2,,,Daejeon Hana Citizen,Gimcheon Sangmu,2021-07-25,1,4,,A,,,k2_2019_2021_h2h,k2_2019_2021_h2h
44740,k2_2021_2nd_Dae_Gye_0456,kor.2,,,Daejeon Hana Citizen,Gyeongnam FC,2021-07-26,1,0,,H,,,k2_2019_2021_h2h,k2_2019_2021_h2h
44741,k2_2021_2nd_Dae_Jeo_0457,kor.2,,,Daejeon Hana Citizen,Jeonnam Dragons,2021-07-27,2,1,,H,,,k2_2019_2021_h2h,k2_2019_2021_h2h
44742,k2_2021_2nd_Dae_Suw_0458,kor.2,,,Daejeon Hana Citizen,Suwon FC,2021-07-28,0,2,,A,,,k2_2019_2021_h2h,k2_2019_2021_h2h
44743,k2_2021_2nd_Gim_Ans_0459,kor.2,,,Gimcheon Sangmu,Ansan Greeners,2021-07-29,1,0,,H,,,k2_2019_2021_h2h,k2_2019_2021_h2h
44744,k2_2021_2nd_Gim_FC _0460,kor.2,,,Gimcheon Sangmu,FC Anyang,2021-07-30,2,4,,A,,,k2_2019_2021_h2h,k2_2019_2021_h2h
44745,k2_2021_2nd_Gim_Buc_0461,kor.2,,,Gimcheon Sangmu,Bucheon FC 1995,2021-07-31,2,0,,H,,,k2_2019_2021_h2h,k2_2019_2021_h2h
44746,k2_2021_2nd_Gim_Bus_0462,kor.2,,,Gimcheon Sangmu,Busan IPark,2021-08-01,2,2,,D,,,k2_2019_2021_h2h,k2_2019_2021_h2h
44747,k2_2021_2nd_Gim_Chu_0463,kor.2,,,Gimcheon Sangmu,Chungnam Asan,2021-08-02,2,0,,H,,,k2_2019_2021_h2h,k2_2019_2021_h2h
44748,k2_2021_2nd_Gim_Dae_0464,kor.2,,,Gimcheon Sangmu,Daejeon Hana Citizen,2021-08-03,2,1,,H,,,k2_2019_2021_h2h,k2_2019_2021_h2h
44749,k2_2021_2nd_Gim_Gye_0465,kor.2,,,Gimcheon Sangmu,Gyeongnam FC,2021-08-04,0,0,,D,,,k2_2019_2021_h2h,k2_2019_2021_h2h
44750,k2_2021_2nd_Gim_Jeo_0466,kor.2,,,Gimcheon Sangmu,Jeonnam Dragons,2021-08-05,3,1,,H,,,k2_2019_2021_h2h,k2_2019_2021_h2h
44751,k2_2021_2nd_Gim_Suw_0467,kor.2,,,Gimcheon Sangmu,Suwon FC,2021-08-06,3,1,,H,,,k2_2019_2021_h2h,k2_2019_2021_h2h
44752,k2_2021_2nd_Gye_Ans_0468,kor.2,,,Gyeongnam FC,Ansan Greeners,2021-08-07,0,2,,A,,,k2_2019_2021_h2h,k2_2019_2021_h2h
44753,k2_2021_2nd_Gye_FC _0469,kor.2,,,Gyeongnam FC,FC Anyang,2021-08-08,2,1,,H,,,k2_2019_2021_h2h,k2_2019_2021_h2h
44754,k2_2021_2nd_Gye_Buc_0470,kor.2,,,Gyeongnam FC,Bucheon FC 1995,2021-08-09,2,0,,H,,,k2_2019_2021_h2h,k2_2019_2021_h2h
44755,k2_2021_2nd_Gye_Bus_0471,kor.2,,,Gyeongnam FC,Busan IPark,2021-08-10,1,0,,H,,,k2_2019_2021_h2h,k2_2019_2021_h2h
44756,k2_2021_2nd_Gye_Chu_0472,kor.2,,,Gyeongnam FC,Chungnam Asan,2021-08-11,1,1,,D,,,k2_2019_2021_h2h,k2_2019_2021_h2h
44757,k2_2021_2nd_Gye_Dae_0473,kor.2,,,Gyeongnam FC,Daejeon Hana Citizen,2021-08-12,1,0,,H,,,k2_2019_2021_h2h,k2_2019_2021_h2h
44758,k2_2021_2nd_Gye_Gim_0474,kor.2,,,Gyeongnam FC,Gimcheon Sangmu,2021-08-13,2,3,,A,,,k2_2019_2021_h2h,k2_2019_2021_h2h
44759,k2_2021_2nd_Gye_Jeo_0475,kor.2,,,Gyeongnam FC,Jeonnam Dragons,2021-08-14,0,2,,A,,,k2_2019_2021_h2h,k2_2019_2021_h2h
44760,k2_2021_2nd_Gye_Suw_0476,kor.2,,,Gyeongnam FC,Suwon FC,2021-08-15,3,3,,D,,,k2_2019_2021_h2h,k2_2019_2021_h2h
44761,k2_2021_2nd_Jeo_Ans_0477,kor.2,,,Jeonnam Dragons,Ansan Greeners,2021-08-16,2,3,,A,,,k2_2019_2021_h2h,k2_2019_2021_h2h
44762,k2_2021_2nd_Jeo_FC _0478,kor.2,,,Jeonnam Dragons,FC Anyang,2021-08-17,1,2,,A,,,k2_2019_2021_h2h,k2_2019_2021_h2h
44763,k2_2021_2nd_Jeo_Buc_0479,kor.2,,,Jeonnam Dragons,Bucheon FC 1995,2021-08-18,1,2,,A,,,k2_2019_2021_h2h,k2_2019_2021_h2h
44764,k2_2021_2nd_Jeo_Bus_0480,kor.2,,,Jeonnam Dragons,Busan IPark,2021-08-19,2,0,,H,,,k2_2019_2021_h2h,k2_2019_2021_h2h
44765,k2_2021_2nd_Jeo_Chu_0481,kor.2,,,Jeonnam Dragons,Chungnam Asan,2021-08-20,0,3,,A,,,k2_2019_2021_h2h,k2_2019_2021_h2h
44766,k2_2021_2nd_Jeo_Dae_0482,kor.2,,,Jeonnam Dragons,Daejeon Hana Citizen,2021-08-21,0,0,,D,,,k2_2019_2021_h2h,k2_2019_2021_h2h
44767,k2_2021_2nd_Jeo_Gim_0483,kor.2,,,Jeonnam Dragons,Gimcheon Sangmu,2021-08-22,2,2,,D,,,k2_2019_2021_h2h,k2_2019_2021_h2h
44768,k2_2021_2nd_Jeo_Gye_0484,kor.2,,,Jeonnam Dragons,Gyeongnam FC,2021-08-23,0,0,,D,,,k2_2019_2021_h2h,k2_2019_2021_h2h
44769,k2_2021_2nd_Jeo_Suw_0485,kor.2,,,Jeonnam Dragons,Suwon FC,2021-08-24,1,0,,H,,,k2_2019_2021_h2h,k2_2019_2021_h2h
44770,k2_2021_2nd_Seo_Ans_0486,kor.2,,,Seoul E-Land,Ansan Greeners,2021-08-25,0,0,,D,,,k2_2019_2021_h2h,k2_2019_2021_h2h
44771,k2_2021_2nd_Seo_FC _0487,kor.2,,,Seoul E-Land,FC Anyang,2021-08-26,0,1,,A,,,k2_2019_2021_h2h,k2_2019_2021_h2h
44772,k2_2021_2nd_Seo_Buc_0488,kor.2,,,Seoul E-Land,Bucheon FC 1995,2021-08-27,1,2,,A,,,k2_2019_2021_h2h,k2_2019_2021_h2h
44773,k2_2021_2nd_Seo_Bus_0489,kor.2,,,Seoul E-Land,Busan IPark,2021-08-28,1,2,,A,,,k2_2019_2021_h2h,k2_2019_2021_h2h
44774,k2_2021_2nd_Seo_Chu_0490,kor.2,,,Seoul E-Land,Chungnam Asan,2021-08-29,1,3,,A,,,k2_2019_2021_h2h,k2_2019_2021_h2h
44775,k2_2021_2nd_Seo_Dae_0491,kor.2,,,Seoul E-Land,Daejeon Hana Citizen,2021-08-30,2,1,,H,,,k2_2019_2021_h2h,k2_2019_2021_h2h
44776,k2_2021_2nd_Seo_Gim_0492,kor.2,,,Seoul E-Land,Gimcheon Sangmu,2021-08-31,0,0,,D,,,k2_2019_2021_h2h,k2_2019_2021_h2h
44777,k2_2021_2nd_Seo_Gye_0493,kor.2,,,Seoul E-Land,Gyeongnam FC,2021-09-01,1,1,,D,,,k2_2019_2021_h2h,k2_2019_2021_h2h
44778,k2_2021_2nd_Seo_Jeo_0494,kor.2,,,Seoul E-Land,Jeonnam Dragons,2021-09-02,1,1,,D,,,k2_2019_2021_h2h,k2_2019_2021_h2h
44779,k2v2_2014_1st_Ans_FC _0000,kor.2,,,Ansan Greeners,FC Anyang,2014-03-02,0,3,,A,,,k2_2014_2021_h2h,k2_2014_2021_h2h
44780,k2v2_2014_1st_Ans_Buc_0001,kor.2,,,Ansan Greeners,Bucheon FC 1995,2014-03-03,1,2,,A,,,k2_2014_2021_h2h,k2_2014_2021_h2h
44781,k2v2_2014_1st_Ans_Chu_0002,kor.2,,,Ansan Greeners,Chungju Hummel,2014-03-04,0,0,,D,,,k2_2014_2021_h2h,k2_2014_2021_h2h
44782,k2v2_2014_1st_Ans_Dae_0003,kor.2,,,Ansan Greeners,Daegu FC,2014-03-05,3,2,,H,,,k2_2014_2021_h2h,k2_2014_2021_h2h
44783,k2v2_2014_1st_Ans_Dae_0004,kor.2,,,Ansan Greeners,Daejeon Hana Citizen,2014-03-06,6,1,,H,,,k2_2014_2021_h2h,k2_2014_2021_h2h
44784,k2v2_2014_1st_Ans_Gan_0005,kor.2,,,Ansan Greeners,Gangwon FC,2014-03-07,1,3,,A,,,k2_2014_2021_h2h,k2_2014_2021_h2h
44785,k2v2_2014_1st_Ans_Gim_0006,kor.2,,,Ansan Greeners,Gimcheon Sangmu,2014-03-08,1,1,,D,,,k2_2014_2021_h2h,k2_2014_2021_h2h
44786,k2v2_2014_1st_Ans_Gwa_0007,kor.2,,,Ansan Greeners,Gwangju FC,2014-03-09,1,0,,H,,,k2_2014_2021_h2h,k2_2014_2021_h2h
44787,k2v2_2014_1st_Ans_Suw_0008,kor.2,,,Ansan Greeners,Suwon FC,2014-03-10,4,3,,H,,,k2_2014_2021_h2h,k2_2014_2021_h2h
44788,k2v2_2014_1st_FC _Chu_0009,kor.2,,,FC Anyang,Chungnam Asan,2014-03-11,2,0,,H,,,k2_2014_2021_h2h,k2_2014_2021_h2h
44789,k2v2_2014_1st_FC _Buc_0010,kor.2,,,FC Anyang,Bucheon FC 1995,2014-03-12,3,1,,H,,,k2_2014_2021_h2h,k2_2014_2021_h2h
44790,k2v2_2014_1st_FC _Chu_0011,kor.2,,,FC Anyang,Chungju Hummel,2014-03-13,1,3,,A,,,k2_2014_2021_h2h,k2_2014_2021_h2h
44791,k2v2_2014_1st_FC _Dae_0012,kor.2,,,FC Anyang,Daegu FC,2014-03-14,2,0,,H,,,k2_2014_2021_h2h,k2_2014_2021_h2h
44792,k2v2_2014_1st_FC _Dae_0013,kor.2,,,FC Anyang,Daejeon Hana Citizen,2014-03-15,2,3,,A,,,k2_2014_2021_h2h,k2_2014_2021_h2h
44793,k2v2_2014_1st_FC _Gan_0014,kor.2,,,FC Anyang,Gangwon FC,2014-03-16,1,0,,H,,,k2_2014_2021_h2h,k2_2014_2021_h2h
44794,k2v2_2014_1st_FC _Gim_0015,kor.2,,,FC Anyang,Gimcheon Sangmu,2014-03-17,3,1,,H,,,k2_2014_2021_h2h,k2_2014_2021_h2h
44795,k2v2_2014_1st_FC _Gwa_0016,kor.2,,,FC Anyang,Gwangju FC,2014-03-18,2,1,,H,,,k2_2014_2021_h2h,k2_2014_2021_h2h
44796,k2v2_2014_1st_FC _Suw_0017,kor.2,,,FC Anyang,Suwon FC,2014-03-19,0,2,,A,,,k2_2014_2021_h2h,k2_2014_2021_h2h
44797,k2v2_2014_1st_Buc_Chu_0018,kor.2,,,Bucheon FC 1995,Chungnam Asan,2014-03-20,3,4,,A,,,k2_2014_2021_h2h,k2_2014_2021_h2h
44798,k2v2_2014_1st_Buc_FC _0019,kor.2,,,Bucheon FC 1995,FC Anyang,2014-03-21,0,1,,A,,,k2_2014_2021_h2h,k2_2014_2021_h2h
44799,k2v2_2014_1st_Buc_Chu_0020,kor.2,,,Bucheon FC 1995,Chungju Hummel,2014-03-22,2,3,,A,,,k2_2014_2021_h2h,k2_2014_2021_h2h
44800,k2v2_2014_1st_Buc_Dae_0021,kor.2,,,Bucheon FC 1995,Daegu FC,2014-03-23,0,1,,A,,,k2_2014_2021_h2h,k2_2014_2021_h2h
44801,k2v2_2014_1st_Buc_Dae_0022,kor.2,,,Bucheon FC 1995,Daejeon Hana Citizen,2014-03-24,1,2,,A,,,k2_2014_2021_h2h,k2_2014_2021_h2h
44802,k2v2_2014_1st_Buc_Gan_0023,kor.2,,,Bucheon FC 1995,Gangwon FC,2014-03-25,2,2,,D,,,k2_2014_2021_h2h,k2_2014_2021_h2h
44803,k2v2_2014_1st_Buc_Gim_0024,kor.2,,,Bucheon FC 1995,Gimcheon Sangmu,2014-03-26,1,0,,H,,,k2_2014_2021_h2h,k2_2014_2021_h2h
44804,k2v2_2014_1st_Buc_Gwa_0025,kor.2,,,Bucheon FC 1995,Gwangju FC,2014-03-27,1,1,,D,,,k2_2014_2021_h2h,k2_2014_2021_h2h
44805,k2v2_2014_1st_Buc_Suw_0026,kor.2,,,Bucheon FC 1995,Suwon FC,2014-03-28,2,3,,A,,,k2_2014_2021_h2h,k2_2014_2021_h2h
44806,k2v2_2014_1st_Chu_Chu_0027,kor.2,,,Chungju Hummel,Chungnam Asan,2014-03-29,1,1,,D,,,k2_2014_2021_h2h,k2_2014_2021_h2h
44807,k2v2_2014_1st_Chu_FC _0028,kor.2,,,Chungju Hummel,FC Anyang,2014-03-30,2,1,,H,,,k2_2014_2021_h2h,k2_2014_2021_h2h
44808,k2v2_2014_1st_Chu_Buc_0029,kor.2,,,Chungju Hummel,Bucheon FC 1995,2014-03-31,0,2,,A,,,k2_2014_2021_h2h,k2_2014_2021_h2h
44809,k2v2_2014_1st_Chu_Dae_0030,kor.2,,,Chungju Hummel,Daegu FC,2014-04-01,2,3,,A,,,k2_2014_2021_h2h,k2_2014_2021_h2h
44810,k2v2_2014_1st_Chu_Dae_0031,kor.2,,,Chungju Hummel,Daejeon Hana Citizen,2014-04-02,0,4,,A,,,k2_2014_2021_h2h,k2_2014_2021_h2h
44811,k2v2_2014_1st_Chu_Gan_0032,kor.2,,,Chungju Hummel,Gangwon FC,2014-04-03,1,3,,A,,,k2_2014_2021_h2h,k2_2014_2021_h2h
44812,k2v2_2014_1st_Chu_Gim_0033,kor.2,,,Chungju Hummel,Gimcheon Sangmu,2014-04-04,2,2,,D,,,k2_2014_2021_h2h,k2_2014_2021_h2h
44813,k2v2_2014_1st_Chu_Gwa_0034,kor.2,,,Chungju Hummel,Gwangju FC,2014-04-05,1,1,,D,,,k2_2014_2021_h2h,k2_2014_2021_h2h
44814,k2v2_2014_1st_Chu_Suw_0035,kor.2,,,Chungju Hummel,Suwon FC,2014-04-06,2,2,,D,,,k2_2014_2021_h2h,k2_2014_2021_h2h
44815,k2v2_2014_1st_Dae_Chu_0036,kor.2,,,Daegu FC,Chungnam Asan,2014-04-07,2,2,,D,,,k2_2014_2021_h2h,k2_2014_2021_h2h
44816,k2v2_2014_1st_Dae_FC _0037,kor.2,,,Daegu FC,FC Anyang,2014-04-08,1,1,,D,,,k2_2014_2021_h2h,k2_2014_2021_h2h
44817,k2v2_2014_1st_Dae_Buc_0038,kor.2,,,Daegu FC,Bucheon FC 1995,2014-04-09,0,1,,A,,,k2_2014_2021_h2h,k2_2014_2021_h2h
44818,k2v2_2014_1st_Dae_Chu_0039,kor.2,,,Daegu FC,Chungju Hummel,2014-04-10,2,1,,H,,,k2_2014_2021_h2h,k2_2014_2021_h2h
44819,k2v2_2014_1st_Dae_Dae_0040,kor.2,,,Daegu FC,Daejeon Hana Citizen,2014-04-11,2,3,,A,,,k2_2014_2021_h2h,k2_2014_2021_h2h
44820,k2v2_2014_1st_Dae_Gan_0041,kor.2,,,Daegu FC,Gangwon FC,2014-04-12,2,0,,H,,,k2_2014_2021_h2h,k2_2014_2021_h2h
44821,k2v2_2014_1st_Dae_Gim_0042,kor.2,,,Daegu FC,Gimcheon Sangmu,2014-04-13,0,1,,A,,,k2_2014_2021_h2h,k2_2014_2021_h2h
44822,k2v2_2014_1st_Dae_Gwa_0043,kor.2,,,Daegu FC,Gwangju FC,2014-04-14,2,1,,H,,,k2_2014_2021_h2h,k2_2014_2021_h2h
44823,k2v2_2014_1st_Dae_Suw_0044,kor.2,,,Daegu FC,Suwon FC,2014-04-15,0,0,,D,,,k2_2014_2021_h2h,k2_2014_2021_h2h
44824,k2v2_2014_1st_Dae_Chu_0045,kor.2,,,Daejeon Hana Citizen,Chungnam Asan,2014-04-16,2,0,,H,,,k2_2014_2021_h2h,k2_2014_2021_h2h
44825,k2v2_2014_1st_Dae_FC _0046,kor.2,,,Daejeon Hana Citizen,FC Anyang,2014-04-17,4,0,,H,,,k2_2014_2021_h2h,k2_2014_2021_h2h
44826,k2v2_2014_1st_Dae_Buc_0047,kor.2,,,Daejeon Hana Citizen,Bucheon FC 1995,2014-04-18,1,0,,H,,,k2_2014_2021_h2h,k2_2014_2021_h2h
44827,k2v2_2014_1st_Dae_Chu_0048,kor.2,,,Daejeon Hana Citizen,Chungju Hummel,2014-04-19,1,0,,H,,,k2_2014_2021_h2h,k2_2014_2021_h2h
44828,k2v2_2014_1st_Dae_Dae_0049,kor.2,,,Daejeon Hana Citizen,Daegu FC,2014-04-20,0,0,,D,,,k2_2014_2021_h2h,k2_2014_2021_h2h
44829,k2v2_2014_1st_Dae_Gan_0050,kor.2,,,Daejeon Hana Citizen,Gangwon FC,2014-04-21,2,2,,D,,,k2_2014_2021_h2h,k2_2014_2021_h2h
44830,k2v2_2014_1st_Dae_Gim_0051,kor.2,,,Daejeon Hana Citizen,Gimcheon Sangmu,2014-04-22,4,1,,H,,,k2_2014_2021_h2h,k2_2014_2021_h2h
44831,k2v2_2014_1st_Dae_Gwa_0052,kor.2,,,Daejeon Hana Citizen,Gwangju FC,2014-04-23,4,0,,H,,,k2_2014_2021_h2h,k2_2014_2021_h2h
44832,k2v2_2014_1st_Dae_Suw_0053,kor.2,,,Daejeon Hana Citizen,Suwon FC,2014-04-24,2,0,,H,,,k2_2014_2021_h2h,k2_2014_2021_h2h
44833,k2v2_2014_1st_Gan_Chu_0054,kor.2,,,Gangwon FC,Chungnam Asan,2014-04-25,0,3,,A,,,k2_2014_2021_h2h,k2_2014_2021_h2h
44834,k2v2_2014_1st_Gan_FC _0055,kor.2,,,Gangwon FC,FC Anyang,2014-04-26,0,0,,D,,,k2_2014_2021_h2h,k2_2014_2021_h2h
44835,k2v2_2014_1st_Gan_Buc_0056,kor.2,,,Gangwon FC,Bucheon FC 1995,2014-04-27,0,2,,A,,,k2_2014_2021_h2h,k2_2014_2021_h2h
44836,k2v2_2014_1st_Gan_Chu_0057,kor.2,,,Gangwon FC,Chungju Hummel,2014-04-28,5,2,,H,,,k2_2014_2021_h2h,k2_2014_2021_h2h
44837,k2v2_2014_1st_Gan_Dae_0058,kor.2,,,Gangwon FC,Daegu FC,2014-04-29,0,1,,A,,,k2_2014_2021_h2h,k2_2014_2021_h2h
44838,k2v2_2014_1st_Gan_Dae_0059,kor.2,,,Gangwon FC,Daejeon Hana Citizen,2014-04-30,1,3,,A,,,k2_2014_2021_h2h,k2_2014_2021_h2h
44839,k2v2_2014_1st_Gan_Gim_0060,kor.2,,,Gangwon FC,Gimcheon Sangmu,2014-05-01,0,1,,A,,,k2_2014_2021_h2h,k2_2014_2021_h2h
44840,k2v2_2014_1st_Gan_Gwa_0061,kor.2,,,Gangwon FC,Gwangju FC,2014-05-02,2,1,,H,,,k2_2014_2021_h2h,k2_2014_2021_h2h
44841,k2v2_2014_1st_Gan_Suw_0062,kor.2,,,Gangwon FC,Suwon FC,2014-05-03,1,0,,H,,,k2_2014_2021_h2h,k2_2014_2021_h2h
44842,k2v2_2014_1st_Goy_Chu_0063,kor.2,,,Goyang Zaicro,Chungnam Asan,2014-05-04,2,0,,H,,,k2_2014_2021_h2h,k2_2014_2021_h2h
44843,k2v2_2014_1st_Goy_FC _0064,kor.2,,,Goyang Zaicro,FC Anyang,2014-05-05,1,1,,D,,,k2_2014_2021_h2h,k2_2014_2021_h2h
44844,k2v2_2014_1st_Goy_Buc_0065,kor.2,,,Goyang Zaicro,Bucheon FC 1995,2014-05-06,1,0,,H,,,k2_2014_2021_h2h,k2_2014_2021_h2h
44845,k2v2_2014_1st_Goy_Chu_0066,kor.2,,,Goyang Zaicro,Chungju Hummel,2014-05-07,1,1,,D,,,k2_2014_2021_h2h,k2_2014_2021_h2h
44846,k2v2_2014_1st_Goy_Dae_0067,kor.2,,,Goyang Zaicro,Daegu FC,2014-05-08,1,2,,A,,,k2_2014_2021_h2h,k2_2014_2021_h2h
44847,k2v2_2014_1st_Goy_Dae_0068,kor.2,,,Goyang Zaicro,Daejeon Hana Citizen,2014-05-09,0,0,,D,,,k2_2014_2021_h2h,k2_2014_2021_h2h
44848,k2v2_2014_1st_Goy_Gan_0069,kor.2,,,Goyang Zaicro,Gangwon FC,2014-05-10,2,3,,A,,,k2_2014_2021_h2h,k2_2014_2021_h2h
44849,k2v2_2014_1st_Goy_Gwa_0070,kor.2,,,Goyang Zaicro,Gwangju FC,2014-05-11,2,4,,A,,,k2_2014_2021_h2h,k2_2014_2021_h2h
44850,k2v2_2014_1st_Goy_Suw_0071,kor.2,,,Goyang Zaicro,Suwon FC,2014-05-12,1,0,,H,,,k2_2014_2021_h2h,k2_2014_2021_h2h
44851,k2v2_2014_1st_Gwa_Chu_0072,kor.2,,,Gwangju FC,Chungnam Asan,2014-05-13,1,1,,D,,,k2_2014_2021_h2h,k2_2014_2021_h2h
44852,k2v2_2014_1st_Gwa_FC _0073,kor.2,,,Gwangju FC,FC Anyang,2014-05-14,2,0,,H,,,k2_2014_2021_h2h,k2_2014_2021_h2h
44853,k2v2_2014_1st_Gwa_Buc_0074,kor.2,,,Gwangju FC,Bucheon FC 1995,2014-05-15,2,0,,H,,,k2_2014_2021_h2h,k2_2014_2021_h2h
44854,k2v2_2014_1st_Gwa_Chu_0075,kor.2,,,Gwangju FC,Chungju Hummel,2014-05-16,0,0,,D,,,k2_2014_2021_h2h,k2_2014_2021_h2h
44855,k2v2_2014_1st_Gwa_Dae_0076,kor.2,,,Gwangju FC,Daegu FC,2014-05-17,2,1,,H,,,k2_2014_2021_h2h,k2_2014_2021_h2h
44856,k2v2_2014_1st_Gwa_Dae_0077,kor.2,,,Gwangju FC,Daejeon Hana Citizen,2014-05-18,0,2,,A,,,k2_2014_2021_h2h,k2_2014_2021_h2h
44857,k2v2_2014_1st_Gwa_Gan_0078,kor.2,,,Gwangju FC,Gangwon FC,2014-05-19,1,1,,D,,,k2_2014_2021_h2h,k2_2014_2021_h2h
44858,k2v2_2014_1st_Gwa_Gim_0079,kor.2,,,Gwangju FC,Gimcheon Sangmu,2014-05-20,1,2,,A,,,k2_2014_2021_h2h,k2_2014_2021_h2h
44859,k2v2_2014_1st_Gwa_Suw_0080,kor.2,,,Gwangju FC,Suwon FC,2014-05-21,1,0,,H,,,k2_2014_2021_h2h,k2_2014_2021_h2h
44860,k2v2_2014_1st_Suw_Chu_0081,kor.2,,,Suwon FC,Chungnam Asan,2014-05-22,0,3,,A,,,k2_2014_2021_h2h,k2_2014_2021_h2h
44861,k2v2_2014_1st_Suw_FC _0082,kor.2,,,Suwon FC,FC Anyang,2014-05-23,3,1,,H,,,k2_2014_2021_h2h,k2_2014_2021_h2h
44862,k2v2_2014_1st_Suw_Buc_0083,kor.2,,,Suwon FC,Bucheon FC 1995,2014-05-24,3,2,,H,,,k2_2014_2021_h2h,k2_2014_2021_h2h
44863,k2v2_2014_1st_Suw_Chu_0084,kor.2,,,Suwon FC,Chungju Hummel,2014-05-25,1,1,,D,,,k2_2014_2021_h2h,k2_2014_2021_h2h
44864,k2v2_2014_1st_Suw_Dae_0085,kor.2,,,Suwon FC,Daegu FC,2014-05-26,1,1,,D,,,k2_2014_2021_h2h,k2_2014_2021_h2h
44865,k2v2_2014_1st_Suw_Dae_0086,kor.2,,,Suwon FC,Daejeon Hana Citizen,2014-05-27,4,1,,H,,,k2_2014_2021_h2h,k2_2014_2021_h2h
44866,k2v2_2014_1st_Suw_Gan_0087,kor.2,,,Suwon FC,Gangwon FC,2014-05-28,1,1,,D,,,k2_2014_2021_h2h,k2_2014_2021_h2h
44867,k2v2_2014_1st_Suw_Gim_0088,kor.2,,,Suwon FC,Gimcheon Sangmu,2014-05-29,1,1,,D,,,k2_2014_2021_h2h,k2_2014_2021_h2h
44868,k2v2_2014_1st_Suw_Gwa_0089,kor.2,,,Suwon FC,Gwangju FC,2014-05-30,0,0,,D,,,k2_2014_2021_h2h,k2_2014_2021_h2h
44869,k2v2_2014_2nd_Ans_FC _0090,kor.2,,,Ansan Greeners,FC Anyang,2014-10-18,1,1,,D,,,k2_2014_2021_h2h,k2_2014_2021_h2h
44870,k2v2_2014_2nd_Ans_Buc_0091,kor.2,,,Ansan Greeners,Bucheon FC 1995,2014-10-19,3,1,,H,,,k2_2014_2021_h2h,k2_2014_2021_h2h
44871,k2v2_2014_2nd_Ans_Chu_0092,kor.2,,,Ansan Greeners,Chungju Hummel,2014-10-20,2,0,,H,,,k2_2014_2021_h2h,k2_2014_2021_h2h
44872,k2v2_2014_2nd_Ans_Dae_0093,kor.2,,,Ansan Greeners,Daegu FC,2014-10-21,2,1,,H,,,k2_2014_2021_h2h,k2_2014_2021_h2h
44873,k2v2_2014_2nd_Ans_Dae_0094,kor.2,,,Ansan Greeners,Daejeon Hana Citizen,2014-10-22,1,1,,D,,,k2_2014_2021_h2h,k2_2014_2021_h2h
44874,k2v2_2014_2nd_Ans_Gan_0095,kor.2,,,Ansan Greeners,Gangwon FC,2014-10-23,1,0,,H,,,k2_2014_2021_h2h,k2_2014_2021_h2h
44875,k2v2_2014_2nd_Ans_Gim_0096,kor.2,,,Ansan Greeners,Gimcheon Sangmu,2014-10-24,0,0,,D,,,k2_2014_2021_h2h,k2_2014_2021_h2h
44876,k2v2_2014_2nd_Ans_Gwa_0097,kor.2,,,Ansan Greeners,Gwangju FC,2014-10-25,3,2,,H,,,k2_2014_2021_h2h,k2_2014_2021_h2h
44877,k2v2_2014_2nd_Ans_Suw_0098,kor.2,,,Ansan Greeners,Suwon FC,2014-10-26,2,1,,H,,,k2_2014_2021_h2h,k2_2014_2021_h2h
44878,k2v2_2014_2nd_FC _Chu_0099,kor.2,,,FC Anyang,Chungnam Asan,2014-10-27,1,2,,A,,,k2_2014_2021_h2h,k2_2014_2021_h2h
44879,k2v2_2014_2nd_FC _Buc_0100,kor.2,,,FC Anyang,Bucheon FC 1995,2014-10-28,1,2,,A,,,k2_2014_2021_h2h,k2_2014_2021_h2h
44880,k2v2_2014_2nd_FC _Chu_0101,kor.2,,,FC Anyang,Chungju Hummel,2014-10-29,4,1,,H,,,k2_2014_2021_h2h,k2_2014_2021_h2h
44881,k2v2_2014_2nd_FC _Dae_0102,kor.2,,,FC Anyang,Daegu FC,2014-10-30,2,2,,D,,,k2_2014_2021_h2h,k2_2014_2021_h2h
44882,k2v2_2014_2nd_FC _Dae_0103,kor.2,,,FC Anyang,Daejeon Hana Citizen,2014-10-31,1,1,,D,,,k2_2014_2021_h2h,k2_2014_2021_h2h
44883,k2v2_2014_2nd_FC _Gan_0104,kor.2,,,FC Anyang,Gangwon FC,2014-11-01,2,1,,H,,,k2_2014_2021_h2h,k2_2014_2021_h2h
44884,k2v2_2014_2nd_FC _Gim_0105,kor.2,,,FC Anyang,Gimcheon Sangmu,2014-11-02,0,1,,A,,,k2_2014_2021_h2h,k2_2014_2021_h2h
44885,k2v2_2014_2nd_FC _Gwa_0106,kor.2,,,FC Anyang,Gwangju FC,2014-11-03,0,1,,A,,,k2_2014_2021_h2h,k2_2014_2021_h2h
44886,k2v2_2014_2nd_FC _Suw_0107,kor.2,,,FC Anyang,Suwon FC,2014-11-04,0,3,,A,,,k2_2014_2021_h2h,k2_2014_2021_h2h
44887,k2v2_2014_2nd_Buc_Chu_0108,kor.2,,,Bucheon FC 1995,Chungnam Asan,2014-11-05,2,2,,D,,,k2_2014_2021_h2h,k2_2014_2021_h2h
44888,k2v2_2014_2nd_Buc_FC _0109,kor.2,,,Bucheon FC 1995,FC Anyang,2014-11-06,1,2,,A,,,k2_2014_2021_h2h,k2_2014_2021_h2h
44889,k2v2_2014_2nd_Buc_Chu_0110,kor.2,,,Bucheon FC 1995,Chungju Hummel,2014-11-07,0,0,,D,,,k2_2014_2021_h2h,k2_2014_2021_h2h
44890,k2v2_2014_2nd_Buc_Dae_0111,kor.2,,,Bucheon FC 1995,Daegu FC,2014-11-08,0,1,,A,,,k2_2014_2021_h2h,k2_2014_2021_h2h
44891,k2v2_2014_2nd_Buc_Dae_0112,kor.2,,,Bucheon FC 1995,Daejeon Hana Citizen,2014-11-09,1,1,,D,,,k2_2014_2021_h2h,k2_2014_2021_h2h
44892,k2v2_2014_2nd_Buc_Gan_0113,kor.2,,,Bucheon FC 1995,Gangwon FC,2014-11-10,0,1,,A,,,k2_2014_2021_h2h,k2_2014_2021_h2h
44893,k2v2_2014_2nd_Buc_Gim_0114,kor.2,,,Bucheon FC 1995,Gimcheon Sangmu,2014-11-11,0,1,,A,,,k2_2014_2021_h2h,k2_2014_2021_h2h
44894,k2v2_2014_2nd_Buc_Gwa_0115,kor.2,,,Bucheon FC 1995,Gwangju FC,2014-11-12,0,2,,A,,,k2_2014_2021_h2h,k2_2014_2021_h2h
44895,k2v2_2014_2nd_Buc_Suw_0116,kor.2,,,Bucheon FC 1995,Suwon FC,2014-11-13,2,2,,D,,,k2_2014_2021_h2h,k2_2014_2021_h2h
44896,k2v2_2014_2nd_Chu_Chu_0117,kor.2,,,Chungju Hummel,Chungnam Asan,2014-11-14,2,2,,D,,,k2_2014_2021_h2h,k2_2014_2021_h2h
44897,k2v2_2014_2nd_Chu_FC _0118,kor.2,,,Chungju Hummel,FC Anyang,2014-11-15,4,1,,H,,,k2_2014_2021_h2h,k2_2014_2021_h2h
44898,k2v2_2014_2nd_Chu_Buc_0119,kor.2,,,Chungju Hummel,Bucheon FC 1995,2014-11-16,1,1,,D,,,k2_2014_2021_h2h,k2_2014_2021_h2h
44899,k2v2_2014_2nd_Chu_Dae_0120,kor.2,,,Chungju Hummel,Daegu FC,2014-11-17,1,1,,D,,,k2_2014_2021_h2h,k2_2014_2021_h2h
44900,k2v2_2014_2nd_Chu_Dae_0121,kor.2,,,Chungju Hummel,Daejeon Hana Citizen,2014-11-18,0,3,,A,,,k2_2014_2021_h2h,k2_2014_2021_h2h
44901,k2v2_2014_2nd_Chu_Gan_0122,kor.2,,,Chungju Hummel,Gangwon FC,2014-11-19,0,1,,A,,,k2_2014_2021_h2h,k2_2014_2021_h2h
44902,k2v2_2014_2nd_Chu_Gim_0123,kor.2,,,Chungju Hummel,Gimcheon Sangmu,2014-11-20,0,0,,D,,,k2_2014_2021_h2h,k2_2014_2021_h2h
44903,k2v2_2014_2nd_Chu_Gwa_0124,kor.2,,,Chungju Hummel,Gwangju FC,2014-11-21,2,1,,H,,,k2_2014_2021_h2h,k2_2014_2021_h2h
44904,k2v2_2014_2nd_Chu_Suw_0125,kor.2,,,Chungju Hummel,Suwon FC,2014-11-22,0,0,,D,,,k2_2014_2021_h2h,k2_2014_2021_h2h
44905,k2v2_2014_2nd_Dae_Chu_0126,kor.2,,,Daegu FC,Chungnam Asan,2014-11-23,1,2,,A,,,k2_2014_2021_h2h,k2_2014_2021_h2h
44906,k2v2_2014_2nd_Dae_FC _0127,kor.2,,,Daegu FC,FC Anyang,2014-11-24,1,2,,A,,,k2_2014_2021_h2h,k2_2014_2021_h2h
44907,k2v2_2014_2nd_Dae_Buc_0128,kor.2,,,Daegu FC,Bucheon FC 1995,2014-11-25,2,0,,H,,,k2_2014_2021_h2h,k2_2014_2021_h2h
44908,k2v2_2014_2nd_Dae_Chu_0129,kor.2,,,Daegu FC,Chungju Hummel,2014-11-26,1,2,,A,,,k2_2014_2021_h2h,k2_2014_2021_h2h
44909,k2v2_2014_2nd_Dae_Dae_0130,kor.2,,,Daegu FC,Daejeon Hana Citizen,2014-11-27,1,0,,H,,,k2_2014_2021_h2h,k2_2014_2021_h2h
44910,k2v2_2014_2nd_Dae_Gan_0131,kor.2,,,Daegu FC,Gangwon FC,2014-11-28,6,1,,H,,,k2_2014_2021_h2h,k2_2014_2021_h2h
44911,k2v2_2014_2nd_Dae_Gim_0132,kor.2,,,Daegu FC,Gimcheon Sangmu,2014-11-29,0,1,,A,,,k2_2014_2021_h2h,k2_2014_2021_h2h
44912,k2v2_2014_2nd_Dae_Gwa_0133,kor.2,,,Daegu FC,Gwangju FC,2014-11-30,0,0,,D,,,k2_2014_2021_h2h,k2_2014_2021_h2h
44913,k2v2_2014_2nd_Dae_Suw_0134,kor.2,,,Daegu FC,Suwon FC,2014-12-01,1,2,,A,,,k2_2014_2021_h2h,k2_2014_2021_h2h
44914,k2v2_2014_2nd_Dae_Chu_0135,kor.2,,,Daejeon Hana Citizen,Chungnam Asan,2014-12-02,0,0,,D,,,k2_2014_2021_h2h,k2_2014_2021_h2h
44915,k2v2_2014_2nd_Dae_FC _0136,kor.2,,,Daejeon Hana Citizen,FC Anyang,2014-12-03,1,3,,A,,,k2_2014_2021_h2h,k2_2014_2021_h2h
44916,k2v2_2014_2nd_Dae_Buc_0137,kor.2,,,Daejeon Hana Citizen,Bucheon FC 1995,2014-12-04,1,0,,H,,,k2_2014_2021_h2h,k2_2014_2021_h2h
44917,k2v2_2014_2nd_Dae_Chu_0138,kor.2,,,Daejeon Hana Citizen,Chungju Hummel,2014-12-05,1,1,,D,,,k2_2014_2021_h2h,k2_2014_2021_h2h
44918,k2v2_2014_2nd_Dae_Dae_0139,kor.2,,,Daejeon Hana Citizen,Daegu FC,2014-12-06,1,0,,H,,,k2_2014_2021_h2h,k2_2014_2021_h2h
44919,k2v2_2014_2nd_Dae_Gan_0140,kor.2,,,Daejeon Hana Citizen,Gangwon FC,2014-12-07,3,0,,H,,,k2_2014_2021_h2h,k2_2014_2021_h2h
44920,k2v2_2014_2nd_Dae_Gim_0141,kor.2,,,Daejeon Hana Citizen,Gimcheon Sangmu,2014-12-08,1,0,,H,,,k2_2014_2021_h2h,k2_2014_2021_h2h
44921,k2v2_2014_2nd_Dae_Gwa_0142,kor.2,,,Daejeon Hana Citizen,Gwangju FC,2014-12-09,0,1,,A,,,k2_2014_2021_h2h,k2_2014_2021_h2h
44922,k2v2_2014_2nd_Dae_Suw_0143,kor.2,,,Daejeon Hana Citizen,Suwon FC,2014-12-10,5,2,,H,,,k2_2014_2021_h2h,k2_2014_2021_h2h
44923,k2v2_2014_2nd_Gan_Chu_0144,kor.2,,,Gangwon FC,Chungnam Asan,2014-12-11,3,1,,H,,,k2_2014_2021_h2h,k2_2014_2021_h2h
44924,k2v2_2014_2nd_Gan_FC _0145,kor.2,,,Gangwon FC,FC Anyang,2014-12-12,2,0,,H,,,k2_2014_2021_h2h,k2_2014_2021_h2h
44925,k2v2_2014_2nd_Gan_Buc_0146,kor.2,,,Gangwon FC,Bucheon FC 1995,2014-12-13,2,0,,H,,,k2_2014_2021_h2h,k2_2014_2021_h2h
44926,k2v2_2014_2nd_Gan_Chu_0147,kor.2,,,Gangwon FC,Chungju Hummel,2014-12-14,1,0,,H,,,k2_2014_2021_h2h,k2_2014_2021_h2h
44927,k2v2_2014_2nd_Gan_Dae_0148,kor.2,,,Gangwon FC,Daegu FC,2014-12-15,4,1,,H,,,k2_2014_2021_h2h,k2_2014_2021_h2h
44928,k2v2_2014_2nd_Gan_Dae_0149,kor.2,,,Gangwon FC,Daejeon Hana Citizen,2014-12-16,1,2,,A,,,k2_2014_2021_h2h,k2_2014_2021_h2h
44929,k2v2_2014_2nd_Gan_Gim_0150,kor.2,,,Gangwon FC,Gimcheon Sangmu,2014-07-20,1,0,,H,,,k2_2014_2021_h2h,k2_2014_2021_h2h
44930,k2v2_2014_2nd_Gan_Gwa_0151,kor.2,,,Gangwon FC,Gwangju FC,2014-07-21,2,4,,A,,,k2_2014_2021_h2h,k2_2014_2021_h2h
44931,k2v2_2014_2nd_Gan_Suw_0152,kor.2,,,Gangwon FC,Suwon FC,2014-07-22,2,1,,H,,,k2_2014_2021_h2h,k2_2014_2021_h2h
44932,k2v2_2014_2nd_Goy_Chu_0153,kor.2,,,Goyang Zaicro,Chungnam Asan,2014-07-23,2,1,,H,,,k2_2014_2021_h2h,k2_2014_2021_h2h
44933,k2v2_2014_2nd_Goy_FC _0154,kor.2,,,Goyang Zaicro,FC Anyang,2014-07-24,1,2,,A,,,k2_2014_2021_h2h,k2_2014_2021_h2h
44934,k2v2_2014_2nd_Goy_Buc_0155,kor.2,,,Goyang Zaicro,Bucheon FC 1995,2014-07-25,0,0,,D,,,k2_2014_2021_h2h,k2_2014_2021_h2h
44935,k2v2_2014_2nd_Goy_Chu_0156,kor.2,,,Goyang Zaicro,Chungju Hummel,2014-07-26,3,1,,H,,,k2_2014_2021_h2h,k2_2014_2021_h2h
44936,k2v2_2014_2nd_Goy_Dae_0157,kor.2,,,Goyang Zaicro,Daegu FC,2014-07-27,2,4,,A,,,k2_2014_2021_h2h,k2_2014_2021_h2h
44937,k2v2_2014_2nd_Goy_Dae_0158,kor.2,,,Goyang Zaicro,Daejeon Hana Citizen,2014-07-28,2,2,,D,,,k2_2014_2021_h2h,k2_2014_2021_h2h
44938,k2v2_2014_2nd_Goy_Gan_0159,kor.2,,,Goyang Zaicro,Gangwon FC,2014-07-29,0,0,,D,,,k2_2014_2021_h2h,k2_2014_2021_h2h
44939,k2v2_2014_2nd_Goy_Gwa_0160,kor.2,,,Goyang Zaicro,Gwangju FC,2014-07-30,0,0,,D,,,k2_2014_2021_h2h,k2_2014_2021_h2h
44940,k2v2_2014_2nd_Goy_Suw_0161,kor.2,,,Goyang Zaicro,Suwon FC,2014-07-31,0,3,,A,,,k2_2014_2021_h2h,k2_2014_2021_h2h
44941,k2v2_2014_2nd_Gwa_Chu_0162,kor.2,,,Gwangju FC,Chungnam Asan,2014-08-01,0,1,,A,,,k2_2014_2021_h2h,k2_2014_2021_h2h
44942,k2v2_2014_2nd_Gwa_FC _0163,kor.2,,,Gwangju FC,FC Anyang,2014-08-02,1,2,,A,,,k2_2014_2021_h2h,k2_2014_2021_h2h
44943,k2v2_2014_2nd_Gwa_Buc_0164,kor.2,,,Gwangju FC,Bucheon FC 1995,2014-08-03,1,1,,D,,,k2_2014_2021_h2h,k2_2014_2021_h2h
44944,k2v2_2014_2nd_Gwa_Chu_0165,kor.2,,,Gwangju FC,Chungju Hummel,2014-08-04,0,0,,D,,,k2_2014_2021_h2h,k2_2014_2021_h2h
44945,k2v2_2014_2nd_Gwa_Dae_0166,kor.2,,,Gwangju FC,Daegu FC,2014-08-05,2,1,,H,,,k2_2014_2021_h2h,k2_2014_2021_h2h
44946,k2v2_2014_2nd_Gwa_Dae_0167,kor.2,,,Gwangju FC,Daejeon Hana Citizen,2014-08-06,1,0,,H,,,k2_2014_2021_h2h,k2_2014_2021_h2h
44947,k2v2_2014_2nd_Gwa_Gan_0168,kor.2,,,Gwangju FC,Gangwon FC,2014-08-07,2,0,,H,,,k2_2014_2021_h2h,k2_2014_2021_h2h
44948,k2v2_2014_2nd_Gwa_Gim_0169,kor.2,,,Gwangju FC,Gimcheon Sangmu,2014-08-08,1,1,,D,,,k2_2014_2021_h2h,k2_2014_2021_h2h
44949,k2v2_2014_2nd_Gwa_Suw_0170,kor.2,,,Gwangju FC,Suwon FC,2014-08-09,2,0,,H,,,k2_2014_2021_h2h,k2_2014_2021_h2h
44950,k2v2_2014_2nd_Suw_Chu_0171,kor.2,,,Suwon FC,Chungnam Asan,2014-08-10,2,1,,H,,,k2_2014_2021_h2h,k2_2014_2021_h2h
44951,k2v2_2014_2nd_Suw_FC _0172,kor.2,,,Suwon FC,FC Anyang,2014-08-11,2,1,,H,,,k2_2014_2021_h2h,k2_2014_2021_h2h
44952,k2v2_2014_2nd_Suw_Buc_0173,kor.2,,,Suwon FC,Bucheon FC 1995,2014-08-12,1,0,,H,,,k2_2014_2021_h2h,k2_2014_2021_h2h
44953,k2v2_2014_2nd_Suw_Chu_0174,kor.2,,,Suwon FC,Chungju Hummel,2014-08-13,3,0,,H,,,k2_2014_2021_h2h,k2_2014_2021_h2h
44954,k2v2_2014_2nd_Suw_Dae_0175,kor.2,,,Suwon FC,Daegu FC,2014-08-14,2,4,,A,,,k2_2014_2021_h2h,k2_2014_2021_h2h
44955,k2v2_2014_2nd_Suw_Dae_0176,kor.2,,,Suwon FC,Daejeon Hana Citizen,2014-08-15,2,2,,D,,,k2_2014_2021_h2h,k2_2014_2021_h2h
44956,k2v2_2014_2nd_Suw_Gan_0177,kor.2,,,Suwon FC,Gangwon FC,2014-08-16,1,2,,A,,,k2_2014_2021_h2h,k2_2014_2021_h2h
44957,k2v2_2014_2nd_Suw_Gim_0178,kor.2,,,Suwon FC,Gimcheon Sangmu,2014-08-17,1,1,,D,,,k2_2014_2021_h2h,k2_2014_2021_h2h
44958,k2v2_2014_2nd_Suw_Gwa_0179,kor.2,,,Suwon FC,Gwangju FC,2014-08-18,0,0,,D,,,k2_2014_2021_h2h,k2_2014_2021_h2h
44959,k2v2_2015_1st_Ans_FC _0180,kor.2,,,Ansan Greeners,FC Anyang,2015-03-02,0,0,,D,,,k2_2014_2021_h2h,k2_2014_2021_h2h
44960,k2v2_2015_1st_Ans_Buc_0181,kor.2,,,Ansan Greeners,Bucheon FC 1995,2015-03-03,0,0,,D,,,k2_2014_2021_h2h,k2_2014_2021_h2h
44961,k2v2_2015_1st_Ans_Chu_0182,kor.2,,,Ansan Greeners,Chungju Hummel,2015-03-04,1,0,,H,,,k2_2014_2021_h2h,k2_2014_2021_h2h
44962,k2v2_2015_1st_Ans_Dae_0183,kor.2,,,Ansan Greeners,Daegu FC,2015-03-05,1,1,,D,,,k2_2014_2021_h2h,k2_2014_2021_h2h
44963,k2v2_2015_1st_Ans_Gan_0184,kor.2,,,Ansan Greeners,Gangwon FC,2015-03-06,0,2,,A,,,k2_2014_2021_h2h,k2_2014_2021_h2h
44964,k2v2_2015_1st_Ans_Gim_0185,kor.2,,,Ansan Greeners,Gimcheon Sangmu,2015-03-07,1,1,,D,,,k2_2014_2021_h2h,k2_2014_2021_h2h
44965,k2v2_2015_1st_Ans_Gye_0186,kor.2,,,Ansan Greeners,Gyeongnam FC,2015-03-08,0,1,,A,,,k2_2014_2021_h2h,k2_2014_2021_h2h
44966,k2v2_2015_1st_Ans_Gim_0187,kor.2,,,Ansan Greeners,Gimcheon Sangmu,2015-03-09,0,3,,A,,,k2_2014_2021_h2h,k2_2014_2021_h2h
44967,k2v2_2015_1st_Ans_Seo_0188,kor.2,,,Ansan Greeners,Seoul E-Land,2015-03-10,2,2,,D,,,k2_2014_2021_h2h,k2_2014_2021_h2h
44968,k2v2_2015_1st_Ans_Suw_0189,kor.2,,,Ansan Greeners,Suwon FC,2015-03-11,1,0,,H,,,k2_2014_2021_h2h,k2_2014_2021_h2h
44969,k2v2_2015_1st_FC _Chu_0190,kor.2,,,FC Anyang,Chungnam Asan,2015-03-12,0,1,,A,,,k2_2014_2021_h2h,k2_2014_2021_h2h
44970,k2v2_2015_1st_FC _Buc_0191,kor.2,,,FC Anyang,Bucheon FC 1995,2015-03-13,1,1,,D,,,k2_2014_2021_h2h,k2_2014_2021_h2h
44971,k2v2_2015_1st_FC _Chu_0192,kor.2,,,FC Anyang,Chungju Hummel,2015-03-14,2,1,,H,,,k2_2014_2021_h2h,k2_2014_2021_h2h
44972,k2v2_2015_1st_FC _Dae_0193,kor.2,,,FC Anyang,Daegu FC,2015-03-15,1,1,,D,,,k2_2014_2021_h2h,k2_2014_2021_h2h
44973,k2v2_2015_1st_FC _Gan_0194,kor.2,,,FC Anyang,Gangwon FC,2015-03-16,2,2,,D,,,k2_2014_2021_h2h,k2_2014_2021_h2h
44974,k2v2_2015_1st_FC _Gim_0195,kor.2,,,FC Anyang,Gimcheon Sangmu,2015-03-17,1,2,,A,,,k2_2014_2021_h2h,k2_2014_2021_h2h
44975,k2v2_2015_1st_FC _Gye_0196,kor.2,,,FC Anyang,Gyeongnam FC,2015-03-18,0,0,,D,,,k2_2014_2021_h2h,k2_2014_2021_h2h
44976,k2v2_2015_1st_FC _Gim_0197,kor.2,,,FC Anyang,Gimcheon Sangmu,2015-03-19,1,5,,A,,,k2_2014_2021_h2h,k2_2014_2021_h2h
44977,k2v2_2015_1st_FC _Seo_0198,kor.2,,,FC Anyang,Seoul E-Land,2015-03-20,0,1,,A,,,k2_2014_2021_h2h,k2_2014_2021_h2h
44978,k2v2_2015_1st_FC _Suw_0199,kor.2,,,FC Anyang,Suwon FC,2015-03-21,3,0,,H,,,k2_2014_2021_h2h,k2_2014_2021_h2h
44979,k2v2_2015_1st_Buc_Chu_0200,kor.2,,,Bucheon FC 1995,Chungnam Asan,2015-03-22,0,1,,A,,,k2_2014_2021_h2h,k2_2014_2021_h2h
44980,k2v2_2015_1st_Buc_FC _0201,kor.2,,,Bucheon FC 1995,FC Anyang,2015-03-23,1,1,,D,,,k2_2014_2021_h2h,k2_2014_2021_h2h
44981,k2v2_2015_1st_Buc_Chu_0202,kor.2,,,Bucheon FC 1995,Chungju Hummel,2015-03-24,0,0,,D,,,k2_2014_2021_h2h,k2_2014_2021_h2h
44982,k2v2_2015_1st_Buc_Dae_0203,kor.2,,,Bucheon FC 1995,Daegu FC,2015-03-25,2,1,,H,,,k2_2014_2021_h2h,k2_2014_2021_h2h
44983,k2v2_2015_1st_Buc_Gan_0204,kor.2,,,Bucheon FC 1995,Gangwon FC,2015-03-26,3,2,,H,,,k2_2014_2021_h2h,k2_2014_2021_h2h
44984,k2v2_2015_1st_Buc_Gim_0205,kor.2,,,Bucheon FC 1995,Gimcheon Sangmu,2015-03-27,1,2,,A,,,k2_2014_2021_h2h,k2_2014_2021_h2h
44985,k2v2_2015_1st_Buc_Gye_0206,kor.2,,,Bucheon FC 1995,Gyeongnam FC,2015-03-28,1,2,,A,,,k2_2014_2021_h2h,k2_2014_2021_h2h
44986,k2v2_2015_1st_Buc_Gim_0207,kor.2,,,Bucheon FC 1995,Gimcheon Sangmu,2015-03-29,3,1,,H,,,k2_2014_2021_h2h,k2_2014_2021_h2h
44987,k2v2_2015_1st_Buc_Seo_0208,kor.2,,,Bucheon FC 1995,Seoul E-Land,2015-03-30,0,3,,A,,,k2_2014_2021_h2h,k2_2014_2021_h2h
44988,k2v2_2015_1st_Buc_Suw_0209,kor.2,,,Bucheon FC 1995,Suwon FC,2015-03-31,2,2,,D,,,k2_2014_2021_h2h,k2_2014_2021_h2h
44989,k2v2_2015_1st_Chu_Chu_0210,kor.2,,,Chungju Hummel,Chungnam Asan,2015-04-01,3,2,,H,,,k2_2014_2021_h2h,k2_2014_2021_h2h
44990,k2v2_2015_1st_Chu_FC _0211,kor.2,,,Chungju Hummel,FC Anyang,2015-04-02,1,1,,D,,,k2_2014_2021_h2h,k2_2014_2021_h2h
44991,k2v2_2015_1st_Chu_Buc_0212,kor.2,,,Chungju Hummel,Bucheon FC 1995,2015-04-03,0,1,,A,,,k2_2014_2021_h2h,k2_2014_2021_h2h
44992,k2v2_2015_1st_Chu_Dae_0213,kor.2,,,Chungju Hummel,Daegu FC,2015-04-04,1,1,,D,,,k2_2014_2021_h2h,k2_2014_2021_h2h
44993,k2v2_2015_1st_Chu_Gan_0214,kor.2,,,Chungju Hummel,Gangwon FC,2015-04-05,3,1,,H,,,k2_2014_2021_h2h,k2_2014_2021_h2h
44994,k2v2_2015_1st_Chu_Gim_0215,kor.2,,,Chungju Hummel,Gimcheon Sangmu,2015-04-06,0,1,,A,,,k2_2014_2021_h2h,k2_2014_2021_h2h
44995,k2v2_2015_1st_Chu_Gye_0216,kor.2,,,Chungju Hummel,Gyeongnam FC,2015-04-07,0,0,,D,,,k2_2014_2021_h2h,k2_2014_2021_h2h
44996,k2v2_2015_1st_Chu_Gim_0217,kor.2,,,Chungju Hummel,Gimcheon Sangmu,2015-04-08,3,3,,D,,,k2_2014_2021_h2h,k2_2014_2021_h2h
44997,k2v2_2015_1st_Chu_Seo_0218,kor.2,,,Chungju Hummel,Seoul E-Land,2015-04-09,1,2,,A,,,k2_2014_2021_h2h,k2_2014_2021_h2h
44998,k2v2_2015_1st_Chu_Suw_0219,kor.2,,,Chungju Hummel,Suwon FC,2015-04-10,0,2,,A,,,k2_2014_2021_h2h,k2_2014_2021_h2h
44999,k2v2_2015_1st_Dae_Chu_0220,kor.2,,,Daegu FC,Chungnam Asan,2015-04-11,3,0,,H,,,k2_2014_2021_h2h,k2_2014_2021_h2h
45000,k2v2_2015_1st_Dae_FC _0221,kor.2,,,Daegu FC,FC Anyang,2015-04-12,2,2,,D,,,k2_2014_2021_h2h,k2_2014_2021_h2h
45001,k2v2_2015_1st_Dae_Buc_0222,kor.2,,,Daegu FC,Bucheon FC 1995,2015-04-13,2,0,,H,,,k2_2014_2021_h2h,k2_2014_2021_h2h
45002,k2v2_2015_1st_Dae_Chu_0223,kor.2,,,Daegu FC,Chungju Hummel,2015-04-14,2,1,,H,,,k2_2014_2021_h2h,k2_2014_2021_h2h
45003,k2v2_2015_1st_Dae_Gan_0224,kor.2,,,Daegu FC,Gangwon FC,2015-04-15,2,1,,H,,,k2_2014_2021_h2h,k2_2014_2021_h2h
45004,k2v2_2015_1st_Dae_Gim_0225,kor.2,,,Daegu FC,Gimcheon Sangmu,2015-04-16,1,2,,A,,,k2_2014_2021_h2h,k2_2014_2021_h2h
45005,k2v2_2015_1st_Dae_Gye_0226,kor.2,,,Daegu FC,Gyeongnam FC,2015-04-17,1,0,,H,,,k2_2014_2021_h2h,k2_2014_2021_h2h
45006,k2v2_2015_1st_Dae_Gim_0227,kor.2,,,Daegu FC,Gimcheon Sangmu,2015-04-18,2,2,,D,,,k2_2014_2021_h2h,k2_2014_2021_h2h
45007,k2v2_2015_1st_Dae_Seo_0228,kor.2,,,Daegu FC,Seoul E-Land,2015-04-19,1,0,,H,,,k2_2014_2021_h2h,k2_2014_2021_h2h
45008,k2v2_2015_1st_Dae_Suw_0229,kor.2,,,Daegu FC,Suwon FC,2015-04-20,1,4,,A,,,k2_2014_2021_h2h,k2_2014_2021_h2h
45009,k2v2_2015_1st_Gan_Chu_0230,kor.2,,,Gangwon FC,Chungnam Asan,2015-04-21,1,1,,D,,,k2_2014_2021_h2h,k2_2014_2021_h2h
45010,k2v2_2015_1st_Gan_FC _0231,kor.2,,,Gangwon FC,FC Anyang,2015-04-22,0,0,,D,,,k2_2014_2021_h2h,k2_2014_2021_h2h
45011,k2v2_2015_1st_Gan_Buc_0232,kor.2,,,Gangwon FC,Bucheon FC 1995,2015-04-23,4,0,,H,,,k2_2014_2021_h2h,k2_2014_2021_h2h
45012,k2v2_2015_1st_Gan_Chu_0233,kor.2,,,Gangwon FC,Chungju Hummel,2015-04-24,0,1,,A,,,k2_2014_2021_h2h,k2_2014_2021_h2h
45013,k2v2_2015_1st_Gan_Dae_0234,kor.2,,,Gangwon FC,Daegu FC,2015-04-25,1,2,,A,,,k2_2014_2021_h2h,k2_2014_2021_h2h
45014,k2v2_2015_1st_Gan_Gim_0235,kor.2,,,Gangwon FC,Gimcheon Sangmu,2015-04-26,0,1,,A,,,k2_2014_2021_h2h,k2_2014_2021_h2h
45015,k2v2_2015_1st_Gan_Gye_0236,kor.2,,,Gangwon FC,Gyeongnam FC,2015-04-27,0,1,,A,,,k2_2014_2021_h2h,k2_2014_2021_h2h
45016,k2v2_2015_1st_Gan_Gim_0237,kor.2,,,Gangwon FC,Gimcheon Sangmu,2015-04-28,1,2,,A,,,k2_2014_2021_h2h,k2_2014_2021_h2h
45017,k2v2_2015_1st_Gan_Seo_0238,kor.2,,,Gangwon FC,Seoul E-Land,2015-04-29,3,1,,H,,,k2_2014_2021_h2h,k2_2014_2021_h2h
45018,k2v2_2015_1st_Gan_Suw_0239,kor.2,,,Gangwon FC,Suwon FC,2015-04-30,3,1,,H,,,k2_2014_2021_h2h,k2_2014_2021_h2h
45019,k2v2_2015_1st_Goy_Chu_0240,kor.2,,,Goyang Zaicro,Chungnam Asan,2015-05-01,1,2,,A,,,k2_2014_2021_h2h,k2_2014_2021_h2h
45020,k2v2_2015_1st_Goy_FC _0241,kor.2,,,Goyang Zaicro,FC Anyang,2015-05-02,2,1,,H,,,k2_2014_2021_h2h,k2_2014_2021_h2h
45021,k2v2_2015_1st_Goy_Buc_0242,kor.2,,,Goyang Zaicro,Bucheon FC 1995,2015-05-03,1,0,,H,,,k2_2014_2021_h2h,k2_2014_2021_h2h
45022,k2v2_2015_1st_Goy_Chu_0243,kor.2,,,Goyang Zaicro,Chungju Hummel,2015-05-04,2,0,,H,,,k2_2014_2021_h2h,k2_2014_2021_h2h
45023,k2v2_2015_1st_Goy_Dae_0244,kor.2,,,Goyang Zaicro,Daegu FC,2015-05-05,0,2,,A,,,k2_2014_2021_h2h,k2_2014_2021_h2h
45024,k2v2_2015_1st_Goy_Gan_0245,kor.2,,,Goyang Zaicro,Gangwon FC,2015-05-06,1,0,,H,,,k2_2014_2021_h2h,k2_2014_2021_h2h
45025,k2v2_2015_1st_Goy_Gye_0246,kor.2,,,Goyang Zaicro,Gyeongnam FC,2015-05-07,0,1,,A,,,k2_2014_2021_h2h,k2_2014_2021_h2h
45026,k2v2_2015_1st_Goy_Gim_0247,kor.2,,,Goyang Zaicro,Gimcheon Sangmu,2015-05-08,0,5,,A,,,k2_2014_2021_h2h,k2_2014_2021_h2h
45027,k2v2_2015_1st_Goy_Seo_0248,kor.2,,,Goyang Zaicro,Seoul E-Land,2015-05-09,2,4,,A,,,k2_2014_2021_h2h,k2_2014_2021_h2h
45028,k2v2_2015_1st_Goy_Suw_0249,kor.2,,,Goyang Zaicro,Suwon FC,2015-05-10,2,3,,A,,,k2_2014_2021_h2h,k2_2014_2021_h2h
45029,k2v2_2015_1st_Gye_Chu_0250,kor.2,,,Gyeongnam FC,Chungnam Asan,2015-05-11,0,0,,D,,,k2_2014_2021_h2h,k2_2014_2021_h2h
45030,k2v2_2015_1st_Gye_FC _0251,kor.2,,,Gyeongnam FC,FC Anyang,2015-05-12,1,1,,D,,,k2_2014_2021_h2h,k2_2014_2021_h2h
45031,k2v2_2015_1st_Gye_Buc_0252,kor.2,,,Gyeongnam FC,Bucheon FC 1995,2015-05-13,1,2,,A,,,k2_2014_2021_h2h,k2_2014_2021_h2h
45032,k2v2_2015_1st_Gye_Chu_0253,kor.2,,,Gyeongnam FC,Chungju Hummel,2015-05-14,0,1,,A,,,k2_2014_2021_h2h,k2_2014_2021_h2h
45033,k2v2_2015_1st_Gye_Dae_0254,kor.2,,,Gyeongnam FC,Daegu FC,2015-05-15,0,1,,A,,,k2_2014_2021_h2h,k2_2014_2021_h2h
45034,k2v2_2015_1st_Gye_Gan_0255,kor.2,,,Gyeongnam FC,Gangwon FC,2015-05-16,0,0,,D,,,k2_2014_2021_h2h,k2_2014_2021_h2h
45035,k2v2_2015_1st_Gye_Gim_0256,kor.2,,,Gyeongnam FC,Gimcheon Sangmu,2015-05-17,0,1,,A,,,k2_2014_2021_h2h,k2_2014_2021_h2h
45036,k2v2_2015_1st_Gye_Gim_0257,kor.2,,,Gyeongnam FC,Gimcheon Sangmu,2015-05-18,1,3,,A,,,k2_2014_2021_h2h,k2_2014_2021_h2h
45037,k2v2_2015_1st_Gye_Seo_0258,kor.2,,,Gyeongnam FC,Seoul E-Land,2015-05-19,2,3,,A,,,k2_2014_2021_h2h,k2_2014_2021_h2h
45038,k2v2_2015_1st_Gye_Suw_0259,kor.2,,,Gyeongnam FC,Suwon FC,2015-05-20,1,2,,A,,,k2_2014_2021_h2h,k2_2014_2021_h2h
45039,k2v2_2015_1st_Gim_Chu_0260,kor.2,,,Gimcheon Sangmu,Chungnam Asan,2015-05-21,2,0,,H,,,k2_2014_2021_h2h,k2_2014_2021_h2h
45040,k2v2_2015_1st_Gim_FC _0261,kor.2,,,Gimcheon Sangmu,FC Anyang,2015-05-22,3,2,,H,,,k2_2014_2021_h2h,k2_2014_2021_h2h
45041,k2v2_2015_1st_Gim_Buc_0262,kor.2,,,Gimcheon Sangmu,Bucheon FC 1995,2015-05-23,1,0,,H,,,k2_2014_2021_h2h,k2_2014_2021_h2h
45042,k2v2_2015_1st_Gim_Chu_0263,kor.2,,,Gimcheon Sangmu,Chungju Hummel,2015-05-24,4,0,,H,,,k2_2014_2021_h2h,k2_2014_2021_h2h
45043,k2v2_2015_1st_Gim_Dae_0264,kor.2,,,Gimcheon Sangmu,Daegu FC,2015-05-25,0,2,,A,,,k2_2014_2021_h2h,k2_2014_2021_h2h
45044,k2v2_2015_1st_Gim_Gan_0265,kor.2,,,Gimcheon Sangmu,Gangwon FC,2015-05-26,3,1,,H,,,k2_2014_2021_h2h,k2_2014_2021_h2h
45045,k2v2_2015_1st_Gim_Gim_0266,kor.2,,,Gimcheon Sangmu,Gimcheon Sangmu,2015-05-27,0,0,,D,,,k2_2014_2021_h2h,k2_2014_2021_h2h
45046,k2v2_2015_1st_Gim_Gye_0267,kor.2,,,Gimcheon Sangmu,Gyeongnam FC,2015-05-28,4,2,,H,,,k2_2014_2021_h2h,k2_2014_2021_h2h
45047,k2v2_2015_1st_Gim_Seo_0268,kor.2,,,Gimcheon Sangmu,Seoul E-Land,2015-05-29,3,2,,H,,,k2_2014_2021_h2h,k2_2014_2021_h2h
45048,k2v2_2015_1st_Gim_Suw_0269,kor.2,,,Gimcheon Sangmu,Suwon FC,2015-05-30,0,0,,D,,,k2_2014_2021_h2h,k2_2014_2021_h2h
45049,k2v2_2015_1st_Seo_Chu_0270,kor.2,,,Seoul E-Land,Chungnam Asan,2015-05-31,2,2,,D,,,k2_2014_2021_h2h,k2_2014_2021_h2h
45050,k2v2_2015_1st_Seo_FC _0271,kor.2,,,Seoul E-Land,FC Anyang,2015-06-01,1,1,,D,,,k2_2014_2021_h2h,k2_2014_2021_h2h
45051,k2v2_2015_1st_Seo_Buc_0272,kor.2,,,Seoul E-Land,Bucheon FC 1995,2015-06-02,0,0,,D,,,k2_2014_2021_h2h,k2_2014_2021_h2h
45052,k2v2_2015_1st_Seo_Chu_0273,kor.2,,,Seoul E-Land,Chungju Hummel,2015-06-03,4,0,,H,,,k2_2014_2021_h2h,k2_2014_2021_h2h
45053,k2v2_2015_1st_Seo_Dae_0274,kor.2,,,Seoul E-Land,Daegu FC,2015-06-04,1,1,,D,,,k2_2014_2021_h2h,k2_2014_2021_h2h
45054,k2v2_2015_1st_Seo_Gan_0275,kor.2,,,Seoul E-Land,Gangwon FC,2015-06-05,2,4,,A,,,k2_2014_2021_h2h,k2_2014_2021_h2h
45055,k2v2_2015_1st_Seo_Gim_0276,kor.2,,,Seoul E-Land,Gimcheon Sangmu,2015-06-06,2,0,,H,,,k2_2014_2021_h2h,k2_2014_2021_h2h
45056,k2v2_2015_1st_Seo_Gye_0277,kor.2,,,Seoul E-Land,Gyeongnam FC,2015-06-07,1,1,,D,,,k2_2014_2021_h2h,k2_2014_2021_h2h
45057,k2v2_2015_1st_Seo_Gim_0278,kor.2,,,Seoul E-Land,Gimcheon Sangmu,2015-06-08,2,3,,A,,,k2_2014_2021_h2h,k2_2014_2021_h2h
45058,k2v2_2015_1st_Seo_Suw_0279,kor.2,,,Seoul E-Land,Suwon FC,2015-06-09,2,0,,H,,,k2_2014_2021_h2h,k2_2014_2021_h2h
45059,k2v2_2015_1st_Suw_Chu_0280,kor.2,,,Suwon FC,Chungnam Asan,2015-06-10,2,2,,D,,,k2_2014_2021_h2h,k2_2014_2021_h2h
45060,k2v2_2015_1st_Suw_FC _0281,kor.2,,,Suwon FC,FC Anyang,2015-06-11,0,0,,D,,,k2_2014_2021_h2h,k2_2014_2021_h2h
45061,k2v2_2015_1st_Suw_Buc_0282,kor.2,,,Suwon FC,Bucheon FC 1995,2015-06-12,3,2,,H,,,k2_2014_2021_h2h,k2_2014_2021_h2h
45062,k2v2_2015_1st_Suw_Chu_0283,kor.2,,,Suwon FC,Chungju Hummel,2015-06-13,2,3,,A,,,k2_2014_2021_h2h,k2_2014_2021_h2h
45063,k2v2_2015_1st_Suw_Dae_0284,kor.2,,,Suwon FC,Daegu FC,2015-06-14,2,2,,D,,,k2_2014_2021_h2h,k2_2014_2021_h2h
45064,k2v2_2015_1st_Suw_Gan_0285,kor.2,,,Suwon FC,Gangwon FC,2015-06-15,2,1,,H,,,k2_2014_2021_h2h,k2_2014_2021_h2h
45065,k2v2_2015_1st_Suw_Gim_0286,kor.2,,,Suwon FC,Gimcheon Sangmu,2015-06-16,2,0,,H,,,k2_2014_2021_h2h,k2_2014_2021_h2h
45066,k2v2_2015_1st_Suw_Gye_0287,kor.2,,,Suwon FC,Gyeongnam FC,2015-06-17,0,1,,A,,,k2_2014_2021_h2h,k2_2014_2021_h2h
45067,k2v2_2015_1st_Suw_Gim_0288,kor.2,,,Suwon FC,Gimcheon Sangmu,2015-06-18,1,1,,D,,,k2_2014_2021_h2h,k2_2014_2021_h2h
45068,k2v2_2015_1st_Suw_Seo_0289,kor.2,,,Suwon FC,Seoul E-Land,2015-06-19,1,5,,A,,,k2_2014_2021_h2h,k2_2014_2021_h2h
45069,k2v2_2015_2nd_Ans_FC _0290,kor.2,,,Ansan Greeners,FC Anyang,2015-12-07,1,2,,A,,,k2_2014_2021_h2h,k2_2014_2021_h2h
45070,k2v2_2015_2nd_Ans_Buc_0291,kor.2,,,Ansan Greeners,Bucheon FC 1995,2015-12-08,0,2,,A,,,k2_2014_2021_h2h,k2_2014_2021_h2h
45071,k2v2_2015_2nd_Ans_Chu_0292,kor.2,,,Ansan Greeners,Chungju Hummel,2015-12-09,0,1,,A,,,k2_2014_2021_h2h,k2_2014_2021_h2h
45072,k2v2_2015_2nd_Ans_Dae_0293,kor.2,,,Ansan Greeners,Daegu FC,2015-12-10,0,0,,D,,,k2_2014_2021_h2h,k2_2014_2021_h2h
45073,k2v2_2015_2nd_Ans_Gan_0294,kor.2,,,Ansan Greeners,Gangwon FC,2015-12-11,1,0,,H,,,k2_2014_2021_h2h,k2_2014_2021_h2h
45074,k2v2_2015_2nd_Ans_Gim_0295,kor.2,,,Ansan Greeners,Gimcheon Sangmu,2015-12-12,2,2,,D,,,k2_2014_2021_h2h,k2_2014_2021_h2h
45075,k2v2_2015_2nd_Ans_Gye_0296,kor.2,,,Ansan Greeners,Gyeongnam FC,2015-12-13,2,2,,D,,,k2_2014_2021_h2h,k2_2014_2021_h2h
45076,k2v2_2015_2nd_Ans_Gim_0297,kor.2,,,Ansan Greeners,Gimcheon Sangmu,2015-12-14,2,2,,D,,,k2_2014_2021_h2h,k2_2014_2021_h2h
45077,k2v2_2015_2nd_Ans_Seo_0298,kor.2,,,Ansan Greeners,Seoul E-Land,2015-12-15,0,1,,A,,,k2_2014_2021_h2h,k2_2014_2021_h2h
45078,k2v2_2015_2nd_Ans_Suw_0299,kor.2,,,Ansan Greeners,Suwon FC,2015-12-16,0,1,,A,,,k2_2014_2021_h2h,k2_2014_2021_h2h
45079,k2v2_2015_2nd_FC _Chu_0300,kor.2,,,FC Anyang,Chungnam Asan,2015-07-20,2,1,,H,,,k2_2014_2021_h2h,k2_2014_2021_h2h
45080,k2v2_2015_2nd_FC _Buc_0301,kor.2,,,FC Anyang,Bucheon FC 1995,2015-07-21,0,0,,D,,,k2_2014_2021_h2h,k2_2014_2021_h2h
45081,k2v2_2015_2nd_FC _Chu_0302,kor.2,,,FC Anyang,Chungju Hummel,2015-07-22,1,0,,H,,,k2_2014_2021_h2h,k2_2014_2021_h2h
45082,k2v2_2015_2nd_FC _Dae_0303,kor.2,,,FC Anyang,Daegu FC,2015-07-23,0,2,,A,,,k2_2014_2021_h2h,k2_2014_2021_h2h
45083,k2v2_2015_2nd_FC _Gan_0304,kor.2,,,FC Anyang,Gangwon FC,2015-07-24,1,2,,A,,,k2_2014_2021_h2h,k2_2014_2021_h2h
45084,k2v2_2015_2nd_FC _Gim_0305,kor.2,,,FC Anyang,Gimcheon Sangmu,2015-07-25,3,0,,H,,,k2_2014_2021_h2h,k2_2014_2021_h2h
45085,k2v2_2015_2nd_FC _Gye_0306,kor.2,,,FC Anyang,Gyeongnam FC,2015-07-26,2,0,,H,,,k2_2014_2021_h2h,k2_2014_2021_h2h
45086,k2v2_2015_2nd_FC _Gim_0307,kor.2,,,FC Anyang,Gimcheon Sangmu,2015-07-27,2,1,,H,,,k2_2014_2021_h2h,k2_2014_2021_h2h
45087,k2v2_2015_2nd_FC _Seo_0308,kor.2,,,FC Anyang,Seoul E-Land,2015-07-28,3,4,,A,,,k2_2014_2021_h2h,k2_2014_2021_h2h
45088,k2v2_2015_2nd_FC _Suw_0309,kor.2,,,FC Anyang,Suwon FC,2015-07-29,3,2,,H,,,k2_2014_2021_h2h,k2_2014_2021_h2h
45089,k2v2_2015_2nd_Buc_Chu_0310,kor.2,,,Bucheon FC 1995,Chungnam Asan,2015-07-30,0,1,,A,,,k2_2014_2021_h2h,k2_2014_2021_h2h
45090,k2v2_2015_2nd_Buc_FC _0311,kor.2,,,Bucheon FC 1995,FC Anyang,2015-07-31,0,1,,A,,,k2_2014_2021_h2h,k2_2014_2021_h2h
45091,k2v2_2015_2nd_Buc_Chu_0312,kor.2,,,Bucheon FC 1995,Chungju Hummel,2015-08-01,2,0,,H,,,k2_2014_2021_h2h,k2_2014_2021_h2h
45092,k2v2_2015_2nd_Buc_Dae_0313,kor.2,,,Bucheon FC 1995,Daegu FC,2015-08-02,0,1,,A,,,k2_2014_2021_h2h,k2_2014_2021_h2h
45093,k2v2_2015_2nd_Buc_Gan_0314,kor.2,,,Bucheon FC 1995,Gangwon FC,2015-08-03,4,2,,H,,,k2_2014_2021_h2h,k2_2014_2021_h2h
45094,k2v2_2015_2nd_Buc_Gim_0315,kor.2,,,Bucheon FC 1995,Gimcheon Sangmu,2015-08-04,1,0,,H,,,k2_2014_2021_h2h,k2_2014_2021_h2h
45095,k2v2_2015_2nd_Buc_Gye_0316,kor.2,,,Bucheon FC 1995,Gyeongnam FC,2015-08-05,1,0,,H,,,k2_2014_2021_h2h,k2_2014_2021_h2h
45096,k2v2_2015_2nd_Buc_Gim_0317,kor.2,,,Bucheon FC 1995,Gimcheon Sangmu,2015-08-06,2,1,,H,,,k2_2014_2021_h2h,k2_2014_2021_h2h
45097,k2v2_2015_2nd_Buc_Seo_0318,kor.2,,,Bucheon FC 1995,Seoul E-Land,2015-08-07,3,1,,H,,,k2_2014_2021_h2h,k2_2014_2021_h2h
45098,k2v2_2015_2nd_Buc_Suw_0319,kor.2,,,Bucheon FC 1995,Suwon FC,2015-08-08,0,0,,D,,,k2_2014_2021_h2h,k2_2014_2021_h2h
45099,k2v2_2015_2nd_Chu_Chu_0320,kor.2,,,Chungju Hummel,Chungnam Asan,2015-08-09,0,0,,D,,,k2_2014_2021_h2h,k2_2014_2021_h2h
45100,k2v2_2015_2nd_Chu_FC _0321,kor.2,,,Chungju Hummel,FC Anyang,2015-08-10,2,2,,D,,,k2_2014_2021_h2h,k2_2014_2021_h2h
45101,k2v2_2015_2nd_Chu_Buc_0322,kor.2,,,Chungju Hummel,Bucheon FC 1995,2015-08-11,2,0,,H,,,k2_2014_2021_h2h,k2_2014_2021_h2h
45102,k2v2_2015_2nd_Chu_Dae_0323,kor.2,,,Chungju Hummel,Daegu FC,2015-08-12,1,1,,D,,,k2_2014_2021_h2h,k2_2014_2021_h2h
45103,k2v2_2015_2nd_Chu_Gan_0324,kor.2,,,Chungju Hummel,Gangwon FC,2015-08-13,0,2,,A,,,k2_2014_2021_h2h,k2_2014_2021_h2h
45104,k2v2_2015_2nd_Chu_Gim_0325,kor.2,,,Chungju Hummel,Gimcheon Sangmu,2015-08-14,1,2,,A,,,k2_2014_2021_h2h,k2_2014_2021_h2h
45105,k2v2_2015_2nd_Chu_Gye_0326,kor.2,,,Chungju Hummel,Gyeongnam FC,2015-08-15,0,2,,A,,,k2_2014_2021_h2h,k2_2014_2021_h2h
45106,k2v2_2015_2nd_Chu_Gim_0327,kor.2,,,Chungju Hummel,Gimcheon Sangmu,2015-08-16,4,1,,H,,,k2_2014_2021_h2h,k2_2014_2021_h2h
45107,k2v2_2015_2nd_Chu_Seo_0328,kor.2,,,Chungju Hummel,Seoul E-Land,2015-08-17,1,3,,A,,,k2_2014_2021_h2h,k2_2014_2021_h2h
45108,k2v2_2015_2nd_Chu_Suw_0329,kor.2,,,Chungju Hummel,Suwon FC,2015-08-18,1,3,,A,,,k2_2014_2021_h2h,k2_2014_2021_h2h
45109,k2v2_2015_2nd_Dae_Chu_0330,kor.2,,,Daegu FC,Chungnam Asan,2015-08-19,1,0,,H,,,k2_2014_2021_h2h,k2_2014_2021_h2h
45110,k2v2_2015_2nd_Dae_FC _0331,kor.2,,,Daegu FC,FC Anyang,2015-08-20,2,4,,A,,,k2_2014_2021_h2h,k2_2014_2021_h2h
45111,k2v2_2015_2nd_Dae_Buc_0332,kor.2,,,Daegu FC,Bucheon FC 1995,2015-08-21,1,1,,D,,,k2_2014_2021_h2h,k2_2014_2021_h2h
45112,k2v2_2015_2nd_Dae_Chu_0333,kor.2,,,Daegu FC,Chungju Hummel,2015-08-22,1,1,,D,,,k2_2014_2021_h2h,k2_2014_2021_h2h
45113,k2v2_2015_2nd_Dae_Gan_0334,kor.2,,,Daegu FC,Gangwon FC,2015-08-23,0,1,,A,,,k2_2014_2021_h2h,k2_2014_2021_h2h
45114,k2v2_2015_2nd_Dae_Gim_0335,kor.2,,,Daegu FC,Gimcheon Sangmu,2015-08-24,2,3,,A,,,k2_2014_2021_h2h,k2_2014_2021_h2h
45115,k2v2_2015_2nd_Dae_Gye_0336,kor.2,,,Daegu FC,Gyeongnam FC,2015-08-25,3,0,,H,,,k2_2014_2021_h2h,k2_2014_2021_h2h
45116,k2v2_2015_2nd_Dae_Gim_0337,kor.2,,,Daegu FC,Gimcheon Sangmu,2015-08-26,5,1,,H,,,k2_2014_2021_h2h,k2_2014_2021_h2h
45117,k2v2_2015_2nd_Dae_Seo_0338,kor.2,,,Daegu FC,Seoul E-Land,2015-08-27,3,3,,D,,,k2_2014_2021_h2h,k2_2014_2021_h2h
45118,k2v2_2015_2nd_Dae_Suw_0339,kor.2,,,Daegu FC,Suwon FC,2015-08-28,1,2,,A,,,k2_2014_2021_h2h,k2_2014_2021_h2h
45119,k2v2_2015_2nd_Gan_Chu_0340,kor.2,,,Gangwon FC,Chungnam Asan,2015-08-29,2,0,,H,,,k2_2014_2021_h2h,k2_2014_2021_h2h
45120,k2v2_2015_2nd_Gan_FC _0341,kor.2,,,Gangwon FC,FC Anyang,2015-08-30,4,1,,H,,,k2_2014_2021_h2h,k2_2014_2021_h2h
45121,k2v2_2015_2nd_Gan_Buc_0342,kor.2,,,Gangwon FC,Bucheon FC 1995,2015-08-31,1,1,,D,,,k2_2014_2021_h2h,k2_2014_2021_h2h
45122,k2v2_2015_2nd_Gan_Chu_0343,kor.2,,,Gangwon FC,Chungju Hummel,2015-09-01,3,3,,D,,,k2_2014_2021_h2h,k2_2014_2021_h2h
45123,k2v2_2015_2nd_Gan_Dae_0344,kor.2,,,Gangwon FC,Daegu FC,2015-09-02,3,2,,H,,,k2_2014_2021_h2h,k2_2014_2021_h2h
45124,k2v2_2015_2nd_Gan_Gim_0345,kor.2,,,Gangwon FC,Gimcheon Sangmu,2015-09-03,2,2,,D,,,k2_2014_2021_h2h,k2_2014_2021_h2h
45125,k2v2_2015_2nd_Gan_Gye_0346,kor.2,,,Gangwon FC,Gyeongnam FC,2015-09-04,1,1,,D,,,k2_2014_2021_h2h,k2_2014_2021_h2h
45126,k2v2_2015_2nd_Gan_Gim_0347,kor.2,,,Gangwon FC,Gimcheon Sangmu,2015-09-05,0,2,,A,,,k2_2014_2021_h2h,k2_2014_2021_h2h
45127,k2v2_2015_2nd_Gan_Seo_0348,kor.2,,,Gangwon FC,Seoul E-Land,2015-09-06,4,4,,D,,,k2_2014_2021_h2h,k2_2014_2021_h2h
45128,k2v2_2015_2nd_Gan_Suw_0349,kor.2,,,Gangwon FC,Suwon FC,2015-09-07,1,1,,D,,,k2_2014_2021_h2h,k2_2014_2021_h2h
45129,k2v2_2015_2nd_Goy_Chu_0350,kor.2,,,Goyang Zaicro,Chungnam Asan,2015-09-08,0,1,,A,,,k2_2014_2021_h2h,k2_2014_2021_h2h
45130,k2v2_2015_2nd_Goy_FC _0351,kor.2,,,Goyang Zaicro,FC Anyang,2015-09-09,1,0,,H,,,k2_2014_2021_h2h,k2_2014_2021_h2h
45131,k2v2_2015_2nd_Goy_Buc_0352,kor.2,,,Goyang Zaicro,Bucheon FC 1995,2015-09-10,2,3,,A,,,k2_2014_2021_h2h,k2_2014_2021_h2h
45132,k2v2_2015_2nd_Goy_Chu_0353,kor.2,,,Goyang Zaicro,Chungju Hummel,2015-09-11,2,5,,A,,,k2_2014_2021_h2h,k2_2014_2021_h2h
45133,k2v2_2015_2nd_Goy_Dae_0354,kor.2,,,Goyang Zaicro,Daegu FC,2015-09-12,3,3,,D,,,k2_2014_2021_h2h,k2_2014_2021_h2h
45134,k2v2_2015_2nd_Goy_Gan_0355,kor.2,,,Goyang Zaicro,Gangwon FC,2015-09-13,2,4,,A,,,k2_2014_2021_h2h,k2_2014_2021_h2h
45135,k2v2_2015_2nd_Goy_Gye_0356,kor.2,,,Goyang Zaicro,Gyeongnam FC,2015-09-14,2,1,,H,,,k2_2014_2021_h2h,k2_2014_2021_h2h
45136,k2v2_2015_2nd_Goy_Gim_0357,kor.2,,,Goyang Zaicro,Gimcheon Sangmu,2015-09-15,0,4,,A,,,k2_2014_2021_h2h,k2_2014_2021_h2h
45137,k2v2_2015_2nd_Goy_Seo_0358,kor.2,,,Goyang Zaicro,Seoul E-Land,2015-09-16,2,1,,H,,,k2_2014_2021_h2h,k2_2014_2021_h2h
45138,k2v2_2015_2nd_Goy_Suw_0359,kor.2,,,Goyang Zaicro,Suwon FC,2015-09-17,1,1,,D,,,k2_2014_2021_h2h,k2_2014_2021_h2h
45139,k2v2_2015_2nd_Gye_Chu_0360,kor.2,,,Gyeongnam FC,Chungnam Asan,2015-09-18,0,1,,A,,,k2_2014_2021_h2h,k2_2014_2021_h2h
45140,k2v2_2015_2nd_Gye_FC _0361,kor.2,,,Gyeongnam FC,FC Anyang,2015-09-19,2,2,,D,,,k2_2014_2021_h2h,k2_2014_2021_h2h
45141,k2v2_2015_2nd_Gye_Buc_0362,kor.2,,,Gyeongnam FC,Bucheon FC 1995,2015-09-20,1,0,,H,,,k2_2014_2021_h2h,k2_2014_2021_h2h
45142,k2v2_2015_2nd_Gye_Chu_0363,kor.2,,,Gyeongnam FC,Chungju Hummel,2015-09-21,1,0,,H,,,k2_2014_2021_h2h,k2_2014_2021_h2h
45143,k2v2_2015_2nd_Gye_Dae_0364,kor.2,,,Gyeongnam FC,Daegu FC,2015-09-22,1,3,,A,,,k2_2014_2021_h2h,k2_2014_2021_h2h
45144,k2v2_2015_2nd_Gye_Gan_0365,kor.2,,,Gyeongnam FC,Gangwon FC,2015-09-23,0,0,,D,,,k2_2014_2021_h2h,k2_2014_2021_h2h
45145,k2v2_2015_2nd_Gye_Gim_0366,kor.2,,,Gyeongnam FC,Gimcheon Sangmu,2015-09-24,0,0,,D,,,k2_2014_2021_h2h,k2_2014_2021_h2h
45146,k2v2_2015_2nd_Gye_Gim_0367,kor.2,,,Gyeongnam FC,Gimcheon Sangmu,2015-09-25,1,0,,H,,,k2_2014_2021_h2h,k2_2014_2021_h2h
45147,k2v2_2015_2nd_Gye_Seo_0368,kor.2,,,Gyeongnam FC,Seoul E-Land,2015-09-26,0,0,,D,,,k2_2014_2021_h2h,k2_2014_2021_h2h
45148,k2v2_2015_2nd_Gye_Suw_0369,kor.2,,,Gyeongnam FC,Suwon FC,2015-09-27,0,0,,D,,,k2_2014_2021_h2h,k2_2014_2021_h2h
45149,k2v2_2015_2nd_Gim_Chu_0370,kor.2,,,Gimcheon Sangmu,Chungnam Asan,2015-09-28,3,0,,H,,,k2_2014_2021_h2h,k2_2014_2021_h2h
45150,k2v2_2015_2nd_Gim_FC _0371,kor.2,,,Gimcheon Sangmu,FC Anyang,2015-09-29,1,2,,A,,,k2_2014_2021_h2h,k2_2014_2021_h2h
45151,k2v2_2015_2nd_Gim_Buc_0372,kor.2,,,Gimcheon Sangmu,Bucheon FC 1995,2015-09-30,2,1,,H,,,k2_2014_2021_h2h,k2_2014_2021_h2h
45152,k2v2_2015_2nd_Gim_Chu_0373,kor.2,,,Gimcheon Sangmu,Chungju Hummel,2015-10-01,1,2,,A,,,k2_2014_2021_h2h,k2_2014_2021_h2h
45153,k2v2_2015_2nd_Gim_Dae_0374,kor.2,,,Gimcheon Sangmu,Daegu FC,2015-10-02,2,1,,H,,,k2_2014_2021_h2h,k2_2014_2021_h2h
45154,k2v2_2015_2nd_Gim_Gan_0375,kor.2,,,Gimcheon Sangmu,Gangwon FC,2015-10-03,0,3,,A,,,k2_2014_2021_h2h,k2_2014_2021_h2h
45155,k2v2_2015_2nd_Gim_Gim_0376,kor.2,,,Gimcheon Sangmu,Gimcheon Sangmu,2015-10-04,4,1,,H,,,k2_2014_2021_h2h,k2_2014_2021_h2h
45156,k2v2_2015_2nd_Gim_Gye_0377,kor.2,,,Gimcheon Sangmu,Gyeongnam FC,2015-10-05,1,0,,H,,,k2_2014_2021_h2h,k2_2014_2021_h2h
45157,k2v2_2015_2nd_Gim_Seo_0378,kor.2,,,Gimcheon Sangmu,Seoul E-Land,2015-10-06,1,1,,D,,,k2_2014_2021_h2h,k2_2014_2021_h2h
45158,k2v2_2015_2nd_Gim_Suw_0379,kor.2,,,Gimcheon Sangmu,Suwon FC,2015-10-07,2,5,,A,,,k2_2014_2021_h2h,k2_2014_2021_h2h
45159,k2v2_2015_2nd_Seo_Chu_0380,kor.2,,,Seoul E-Land,Chungnam Asan,2015-10-08,1,1,,D,,,k2_2014_2021_h2h,k2_2014_2021_h2h
45160,k2v2_2015_2nd_Seo_FC _0381,kor.2,,,Seoul E-Land,FC Anyang,2015-10-09,1,0,,H,,,k2_2014_2021_h2h,k2_2014_2021_h2h
45161,k2v2_2015_2nd_Seo_Buc_0382,kor.2,,,Seoul E-Land,Bucheon FC 1995,2015-10-10,1,0,,H,,,k2_2014_2021_h2h,k2_2014_2021_h2h
45162,k2v2_2015_2nd_Seo_Chu_0383,kor.2,,,Seoul E-Land,Chungju Hummel,2015-10-11,4,2,,H,,,k2_2014_2021_h2h,k2_2014_2021_h2h
45163,k2v2_2015_2nd_Seo_Dae_0384,kor.2,,,Seoul E-Land,Daegu FC,2015-10-12,0,2,,A,,,k2_2014_2021_h2h,k2_2014_2021_h2h
45164,k2v2_2015_2nd_Seo_Gan_0385,kor.2,,,Seoul E-Land,Gangwon FC,2015-10-13,0,0,,D,,,k2_2014_2021_h2h,k2_2014_2021_h2h
45165,k2v2_2015_2nd_Seo_Gim_0386,kor.2,,,Seoul E-Land,Gimcheon Sangmu,2015-10-14,1,1,,D,,,k2_2014_2021_h2h,k2_2014_2021_h2h
45166,k2v2_2015_2nd_Seo_Gye_0387,kor.2,,,Seoul E-Land,Gyeongnam FC,2015-10-15,0,1,,A,,,k2_2014_2021_h2h,k2_2014_2021_h2h
45167,k2v2_2015_2nd_Seo_Gim_0388,kor.2,,,Seoul E-Land,Gimcheon Sangmu,2015-10-16,1,0,,H,,,k2_2014_2021_h2h,k2_2014_2021_h2h
45168,k2v2_2015_2nd_Seo_Suw_0389,kor.2,,,Seoul E-Land,Suwon FC,2015-10-17,1,4,,A,,,k2_2014_2021_h2h,k2_2014_2021_h2h
45169,k2v2_2015_2nd_Suw_Chu_0390,kor.2,,,Suwon FC,Chungnam Asan,2015-10-18,2,1,,H,,,k2_2014_2021_h2h,k2_2014_2021_h2h
45170,k2v2_2015_2nd_Suw_FC _0391,kor.2,,,Suwon FC,FC Anyang,2015-10-19,1,2,,A,,,k2_2014_2021_h2h,k2_2014_2021_h2h
45171,k2v2_2015_2nd_Suw_Buc_0392,kor.2,,,Suwon FC,Bucheon FC 1995,2015-10-20,1,2,,A,,,k2_2014_2021_h2h,k2_2014_2021_h2h
45172,k2v2_2015_2nd_Suw_Chu_0393,kor.2,,,Suwon FC,Chungju Hummel,2015-10-21,2,1,,H,,,k2_2014_2021_h2h,k2_2014_2021_h2h
45173,k2v2_2015_2nd_Suw_Dae_0394,kor.2,,,Suwon FC,Daegu FC,2015-10-22,0,2,,A,,,k2_2014_2021_h2h,k2_2014_2021_h2h
45174,k2v2_2015_2nd_Suw_Gan_0395,kor.2,,,Suwon FC,Gangwon FC,2015-10-23,3,2,,H,,,k2_2014_2021_h2h,k2_2014_2021_h2h
45175,k2v2_2015_2nd_Suw_Gim_0396,kor.2,,,Suwon FC,Gimcheon Sangmu,2015-10-24,0,0,,D,,,k2_2014_2021_h2h,k2_2014_2021_h2h
45176,k2v2_2015_2nd_Suw_Gye_0397,kor.2,,,Suwon FC,Gyeongnam FC,2015-10-25,3,1,,H,,,k2_2014_2021_h2h,k2_2014_2021_h2h
45177,k2v2_2015_2nd_Suw_Gim_0398,kor.2,,,Suwon FC,Gimcheon Sangmu,2015-10-26,1,0,,H,,,k2_2014_2021_h2h,k2_2014_2021_h2h
45178,k2v2_2015_2nd_Suw_Seo_0399,kor.2,,,Suwon FC,Seoul E-Land,2015-10-27,3,1,,H,,,k2_2014_2021_h2h,k2_2014_2021_h2h
45179,k2v2_2016_2nd_Ans_FC _0400,kor.2,,,Ansan Mugunghwa,FC Anyang,2016-10-27,2,1,,H,,,k2_2014_2021_h2h,k2_2014_2021_h2h
45180,k2v2_2016_2nd_Ans_Buc_0401,kor.2,,,Ansan Mugunghwa,Bucheon FC 1995,2016-10-28,0,0,,D,,,k2_2014_2021_h2h,k2_2014_2021_h2h
45181,k2v2_2016_2nd_Ans_Bus_0402,kor.2,,,Ansan Mugunghwa,Busan IPark,2016-10-29,1,1,,D,,,k2_2014_2021_h2h,k2_2014_2021_h2h
45182,k2v2_2016_2nd_Ans_Chu_0403,kor.2,,,Ansan Mugunghwa,Chungju Hummel,2016-10-30,2,1,,H,,,k2_2014_2021_h2h,k2_2014_2021_h2h
45183,k2v2_2016_2nd_Ans_Dae_0404,kor.2,,,Ansan Mugunghwa,Daegu FC,2016-10-31,0,2,,A,,,k2_2014_2021_h2h,k2_2014_2021_h2h
45184,k2v2_2016_2nd_Ans_Dae_0405,kor.2,,,Ansan Mugunghwa,Daejeon Hana Citizen,2016-11-01,2,1,,H,,,k2_2014_2021_h2h,k2_2014_2021_h2h
45185,k2v2_2016_2nd_Ans_Gan_0406,kor.2,,,Ansan Mugunghwa,Gangwon FC,2016-11-02,3,1,,H,,,k2_2014_2021_h2h,k2_2014_2021_h2h
45186,k2v2_2016_2nd_Ans_Goy_0407,kor.2,,,Ansan Mugunghwa,Goyang Zaicro,2016-11-03,1,0,,H,,,k2_2014_2021_h2h,k2_2014_2021_h2h
45187,k2v2_2016_2nd_Ans_Gye_0408,kor.2,,,Ansan Mugunghwa,Gyeongnam FC,2016-11-04,5,0,,H,,,k2_2014_2021_h2h,k2_2014_2021_h2h
45188,k2v2_2016_2nd_Ans_Seo_0409,kor.2,,,Ansan Mugunghwa,Seoul E-Land,2016-11-05,1,0,,H,,,k2_2014_2021_h2h,k2_2014_2021_h2h
45189,k2v2_2016_2nd_FC _Chu_0410,kor.2,,,FC Anyang,Chungnam Asan,2016-11-06,1,0,,H,,,k2_2014_2021_h2h,k2_2014_2021_h2h
45190,k2v2_2016_2nd_FC _Buc_0411,kor.2,,,FC Anyang,Bucheon FC 1995,2016-11-07,0,1,,A,,,k2_2014_2021_h2h,k2_2014_2021_h2h
45191,k2v2_2016_2nd_FC _Bus_0412,kor.2,,,FC Anyang,Busan IPark,2016-11-08,1,0,,H,,,k2_2014_2021_h2h,k2_2014_2021_h2h
45192,k2v2_2016_2nd_FC _Chu_0413,kor.2,,,FC Anyang,Chungju Hummel,2016-11-09,2,1,,H,,,k2_2014_2021_h2h,k2_2014_2021_h2h
45193,k2v2_2016_2nd_FC _Dae_0414,kor.2,,,FC Anyang,Daegu FC,2016-11-10,3,2,,H,,,k2_2014_2021_h2h,k2_2014_2021_h2h
45194,k2v2_2016_2nd_FC _Dae_0415,kor.2,,,FC Anyang,Daejeon Hana Citizen,2016-11-11,2,2,,D,,,k2_2014_2021_h2h,k2_2014_2021_h2h
45195,k2v2_2016_2nd_FC _Gan_0416,kor.2,,,FC Anyang,Gangwon FC,2016-11-12,0,2,,A,,,k2_2014_2021_h2h,k2_2014_2021_h2h
45196,k2v2_2016_2nd_FC _Goy_0417,kor.2,,,FC Anyang,Goyang Zaicro,2016-11-13,1,1,,D,,,k2_2014_2021_h2h,k2_2014_2021_h2h
45197,k2v2_2016_2nd_FC _Gye_0418,kor.2,,,FC Anyang,Gyeongnam FC,2016-11-14,1,0,,H,,,k2_2014_2021_h2h,k2_2014_2021_h2h
45198,k2v2_2016_2nd_FC _Seo_0419,kor.2,,,FC Anyang,Seoul E-Land,2016-11-15,2,1,,H,,,k2_2014_2021_h2h,k2_2014_2021_h2h
45199,k2v2_2016_2nd_Buc_Chu_0420,kor.2,,,Bucheon FC 1995,Chungnam Asan,2016-11-16,3,1,,H,,,k2_2014_2021_h2h,k2_2014_2021_h2h
45200,k2v2_2016_2nd_Buc_FC _0421,kor.2,,,Bucheon FC 1995,FC Anyang,2016-11-17,1,1,,D,,,k2_2014_2021_h2h,k2_2014_2021_h2h
45201,k2v2_2016_2nd_Buc_Bus_0422,kor.2,,,Bucheon FC 1995,Busan IPark,2016-11-18,1,1,,D,,,k2_2014_2021_h2h,k2_2014_2021_h2h
45202,k2v2_2016_2nd_Buc_Chu_0423,kor.2,,,Bucheon FC 1995,Chungju Hummel,2016-11-19,0,1,,A,,,k2_2014_2021_h2h,k2_2014_2021_h2h
45203,k2v2_2016_2nd_Buc_Dae_0424,kor.2,,,Bucheon FC 1995,Daegu FC,2016-11-20,0,0,,D,,,k2_2014_2021_h2h,k2_2014_2021_h2h
45204,k2v2_2016_2nd_Buc_Dae_0425,kor.2,,,Bucheon FC 1995,Daejeon Hana Citizen,2016-11-21,3,1,,H,,,k2_2014_2021_h2h,k2_2014_2021_h2h
45205,k2v2_2016_2nd_Buc_Gan_0426,kor.2,,,Bucheon FC 1995,Gangwon FC,2016-11-22,3,1,,H,,,k2_2014_2021_h2h,k2_2014_2021_h2h
45206,k2v2_2016_2nd_Buc_Goy_0427,kor.2,,,Bucheon FC 1995,Goyang Zaicro,2016-11-23,1,0,,H,,,k2_2014_2021_h2h,k2_2014_2021_h2h
45207,k2v2_2016_2nd_Buc_Gye_0428,kor.2,,,Bucheon FC 1995,Gyeongnam FC,2016-11-24,1,0,,H,,,k2_2014_2021_h2h,k2_2014_2021_h2h
45208,k2v2_2016_2nd_Buc_Seo_0429,kor.2,,,Bucheon FC 1995,Seoul E-Land,2016-11-25,0,1,,A,,,k2_2014_2021_h2h,k2_2014_2021_h2h
45209,k2v2_2016_2nd_Bus_Chu_0430,kor.2,,,Busan IPark,Chungnam Asan,2016-11-26,1,3,,A,,,k2_2014_2021_h2h,k2_2014_2021_h2h
45210,k2v2_2016_2nd_Bus_FC _0431,kor.2,,,Busan IPark,FC Anyang,2016-11-27,3,1,,H,,,k2_2014_2021_h2h,k2_2014_2021_h2h
45211,k2v2_2016_2nd_Bus_Buc_0432,kor.2,,,Busan IPark,Bucheon FC 1995,2016-11-28,0,2,,A,,,k2_2014_2021_h2h,k2_2014_2021_h2h
45212,k2v2_2016_2nd_Bus_Chu_0433,kor.2,,,Busan IPark,Chungju Hummel,2016-11-29,2,1,,H,,,k2_2014_2021_h2h,k2_2014_2021_h2h
45213,k2v2_2016_2nd_Bus_Dae_0434,kor.2,,,Busan IPark,Daegu FC,2016-11-30,1,4,,A,,,k2_2014_2021_h2h,k2_2014_2021_h2h
45214,k2v2_2016_2nd_Bus_Dae_0435,kor.2,,,Busan IPark,Daejeon Hana Citizen,2016-12-01,0,0,,D,,,k2_2014_2021_h2h,k2_2014_2021_h2h
45215,k2v2_2016_2nd_Bus_Gan_0436,kor.2,,,Busan IPark,Gangwon FC,2016-12-02,0,0,,D,,,k2_2014_2021_h2h,k2_2014_2021_h2h
45216,k2v2_2016_2nd_Bus_Goy_0437,kor.2,,,Busan IPark,Goyang Zaicro,2016-12-03,2,0,,H,,,k2_2014_2021_h2h,k2_2014_2021_h2h
45217,k2v2_2016_2nd_Bus_Gye_0438,kor.2,,,Busan IPark,Gyeongnam FC,2016-12-04,1,1,,D,,,k2_2014_2021_h2h,k2_2014_2021_h2h
45218,k2v2_2016_2nd_Bus_Seo_0439,kor.2,,,Busan IPark,Seoul E-Land,2016-12-05,1,2,,A,,,k2_2014_2021_h2h,k2_2014_2021_h2h
45219,k2v2_2016_2nd_Chu_Chu_0440,kor.2,,,Chungju Hummel,Chungnam Asan,2016-12-06,1,2,,A,,,k2_2014_2021_h2h,k2_2014_2021_h2h
45220,k2v2_2016_2nd_Chu_FC _0441,kor.2,,,Chungju Hummel,FC Anyang,2016-12-07,1,0,,H,,,k2_2014_2021_h2h,k2_2014_2021_h2h
45221,k2v2_2016_2nd_Chu_Buc_0442,kor.2,,,Chungju Hummel,Bucheon FC 1995,2016-12-08,0,1,,A,,,k2_2014_2021_h2h,k2_2014_2021_h2h
45222,k2v2_2016_2nd_Chu_Bus_0443,kor.2,,,Chungju Hummel,Busan IPark,2016-12-09,0,4,,A,,,k2_2014_2021_h2h,k2_2014_2021_h2h
45223,k2v2_2016_2nd_Chu_Dae_0444,kor.2,,,Chungju Hummel,Daegu FC,2016-12-10,0,1,,A,,,k2_2014_2021_h2h,k2_2014_2021_h2h
45224,k2v2_2016_2nd_Chu_Dae_0445,kor.2,,,Chungju Hummel,Daejeon Hana Citizen,2016-12-11,1,1,,D,,,k2_2014_2021_h2h,k2_2014_2021_h2h
45225,k2v2_2016_2nd_Chu_Gan_0446,kor.2,,,Chungju Hummel,Gangwon FC,2016-12-12,1,2,,A,,,k2_2014_2021_h2h,k2_2014_2021_h2h
45226,k2v2_2016_2nd_Chu_Goy_0447,kor.2,,,Chungju Hummel,Goyang Zaicro,2016-12-13,2,3,,A,,,k2_2014_2021_h2h,k2_2014_2021_h2h
45227,k2v2_2016_2nd_Chu_Gye_0448,kor.2,,,Chungju Hummel,Gyeongnam FC,2016-12-14,1,3,,A,,,k2_2014_2021_h2h,k2_2014_2021_h2h
45228,k2v2_2016_2nd_Chu_Seo_0449,kor.2,,,Chungju Hummel,Seoul E-Land,2016-12-15,3,1,,H,,,k2_2014_2021_h2h,k2_2014_2021_h2h
45229,k2v2_2016_2nd_Dae_Chu_0450,kor.2,,,Daegu FC,Chungnam Asan,2016-07-19,1,2,,A,,,k2_2014_2021_h2h,k2_2014_2021_h2h
45230,k2v2_2016_2nd_Dae_FC _0451,kor.2,,,Daegu FC,FC Anyang,2016-07-20,1,1,,D,,,k2_2014_2021_h2h,k2_2014_2021_h2h
45231,k2v2_2016_2nd_Dae_Buc_0452,kor.2,,,Daegu FC,Bucheon FC 1995,2016-07-21,1,1,,D,,,k2_2014_2021_h2h,k2_2014_2021_h2h
45232,k2v2_2016_2nd_Dae_Bus_0453,kor.2,,,Daegu FC,Busan IPark,2016-07-22,1,0,,H,,,k2_2014_2021_h2h,k2_2014_2021_h2h
45233,k2v2_2016_2nd_Dae_Chu_0454,kor.2,,,Daegu FC,Chungju Hummel,2016-07-23,2,1,,H,,,k2_2014_2021_h2h,k2_2014_2021_h2h
45234,k2v2_2016_2nd_Dae_Dae_0455,kor.2,,,Daegu FC,Daejeon Hana Citizen,2016-07-24,2,1,,H,,,k2_2014_2021_h2h,k2_2014_2021_h2h
45235,k2v2_2016_2nd_Dae_Gan_0456,kor.2,,,Daegu FC,Gangwon FC,2016-07-25,0,0,,D,,,k2_2014_2021_h2h,k2_2014_2021_h2h
45236,k2v2_2016_2nd_Dae_Goy_0457,kor.2,,,Daegu FC,Goyang Zaicro,2016-07-26,2,2,,D,,,k2_2014_2021_h2h,k2_2014_2021_h2h
45237,k2v2_2016_2nd_Dae_Gye_0458,kor.2,,,Daegu FC,Gyeongnam FC,2016-07-27,0,0,,D,,,k2_2014_2021_h2h,k2_2014_2021_h2h
45238,k2v2_2016_2nd_Dae_Seo_0459,kor.2,,,Daegu FC,Seoul E-Land,2016-07-28,0,0,,D,,,k2_2014_2021_h2h,k2_2014_2021_h2h
45239,k2v2_2016_2nd_Dae_Chu_0460,kor.2,,,Daejeon Hana Citizen,Chungnam Asan,2016-07-29,0,1,,A,,,k2_2014_2021_h2h,k2_2014_2021_h2h
45240,k2v2_2016_2nd_Dae_FC _0461,kor.2,,,Daejeon Hana Citizen,FC Anyang,2016-07-30,1,1,,D,,,k2_2014_2021_h2h,k2_2014_2021_h2h
45241,k2v2_2016_2nd_Dae_Buc_0462,kor.2,,,Daejeon Hana Citizen,Bucheon FC 1995,2016-07-31,2,0,,H,,,k2_2014_2021_h2h,k2_2014_2021_h2h
45242,k2v2_2016_2nd_Dae_Bus_0463,kor.2,,,Daejeon Hana Citizen,Busan IPark,2016-08-01,2,1,,H,,,k2_2014_2021_h2h,k2_2014_2021_h2h
45243,k2v2_2016_2nd_Dae_Chu_0464,kor.2,,,Daejeon Hana Citizen,Chungju Hummel,2016-08-02,3,1,,H,,,k2_2014_2021_h2h,k2_2014_2021_h2h
45244,k2v2_2016_2nd_Dae_Dae_0465,kor.2,,,Daejeon Hana Citizen,Daegu FC,2016-08-03,0,2,,A,,,k2_2014_2021_h2h,k2_2014_2021_h2h
45245,k2v2_2016_2nd_Dae_Gan_0466,kor.2,,,Daejeon Hana Citizen,Gangwon FC,2016-08-04,0,1,,A,,,k2_2014_2021_h2h,k2_2014_2021_h2h
45246,k2v2_2016_2nd_Dae_Goy_0467,kor.2,,,Daejeon Hana Citizen,Goyang Zaicro,2016-08-05,0,0,,D,,,k2_2014_2021_h2h,k2_2014_2021_h2h
45247,k2v2_2016_2nd_Dae_Gye_0468,kor.2,,,Daejeon Hana Citizen,Gyeongnam FC,2016-08-06,3,1,,H,,,k2_2014_2021_h2h,k2_2014_2021_h2h
45248,k2v2_2016_2nd_Dae_Seo_0469,kor.2,,,Daejeon Hana Citizen,Seoul E-Land,2016-08-07,2,1,,H,,,k2_2014_2021_h2h,k2_2014_2021_h2h
45249,k2v2_2016_2nd_Gan_Chu_0470,kor.2,,,Gangwon FC,Chungnam Asan,2016-08-08,2,0,,H,,,k2_2014_2021_h2h,k2_2014_2021_h2h
45250,k2v2_2016_2nd_Gan_FC _0471,kor.2,,,Gangwon FC,FC Anyang,2016-08-09,4,1,,H,,,k2_2014_2021_h2h,k2_2014_2021_h2h
45251,k2v2_2016_2nd_Gan_Buc_0472,kor.2,,,Gangwon FC,Bucheon FC 1995,2016-08-10,0,2,,A,,,k2_2014_2021_h2h,k2_2014_2021_h2h
45252,k2v2_2016_2nd_Gan_Bus_0473,kor.2,,,Gangwon FC,Busan IPark,2016-08-11,0,1,,A,,,k2_2014_2021_h2h,k2_2014_2021_h2h
45253,k2v2_2016_2nd_Gan_Chu_0474,kor.2,,,Gangwon FC,Chungju Hummel,2016-08-12,2,0,,H,,,k2_2014_2021_h2h,k2_2014_2021_h2h
45254,k2v2_2016_2nd_Gan_Dae_0475,kor.2,,,Gangwon FC,Daegu FC,2016-08-13,1,0,,H,,,k2_2014_2021_h2h,k2_2014_2021_h2h
45255,k2v2_2016_2nd_Gan_Dae_0476,kor.2,,,Gangwon FC,Daejeon Hana Citizen,2016-08-14,1,0,,H,,,k2_2014_2021_h2h,k2_2014_2021_h2h
45256,k2v2_2016_2nd_Gan_Goy_0477,kor.2,,,Gangwon FC,Goyang Zaicro,2016-08-15,4,0,,H,,,k2_2014_2021_h2h,k2_2014_2021_h2h
45257,k2v2_2016_2nd_Gan_Gye_0478,kor.2,,,Gangwon FC,Gyeongnam FC,2016-08-16,0,0,,D,,,k2_2014_2021_h2h,k2_2014_2021_h2h
45258,k2v2_2016_2nd_Gan_Seo_0479,kor.2,,,Gangwon FC,Seoul E-Land,2016-08-17,2,1,,H,,,k2_2014_2021_h2h,k2_2014_2021_h2h
45259,k2v2_2016_2nd_Goy_Chu_0480,kor.2,,,Goyang Zaicro,Chungnam Asan,2016-08-18,0,0,,D,,,k2_2014_2021_h2h,k2_2014_2021_h2h
45260,k2v2_2016_2nd_Goy_FC _0481,kor.2,,,Goyang Zaicro,FC Anyang,2016-08-19,0,0,,D,,,k2_2014_2021_h2h,k2_2014_2021_h2h
45261,k2v2_2016_2nd_Goy_Buc_0482,kor.2,,,Goyang Zaicro,Bucheon FC 1995,2016-08-20,0,0,,D,,,k2_2014_2021_h2h,k2_2014_2021_h2h
45262,k2v2_2016_2nd_Goy_Bus_0483,kor.2,,,Goyang Zaicro,Busan IPark,2016-08-21,0,1,,A,,,k2_2014_2021_h2h,k2_2014_2021_h2h
45263,k2v2_2016_2nd_Goy_Chu_0484,kor.2,,,Goyang Zaicro,Chungju Hummel,2016-08-22,2,4,,A,,,k2_2014_2021_h2h,k2_2014_2021_h2h
45264,k2v2_2016_2nd_Goy_Dae_0485,kor.2,,,Goyang Zaicro,Daegu FC,2016-08-23,1,3,,A,,,k2_2014_2021_h2h,k2_2014_2021_h2h
45265,k2v2_2016_2nd_Goy_Dae_0486,kor.2,,,Goyang Zaicro,Daejeon Hana Citizen,2016-08-24,0,1,,A,,,k2_2014_2021_h2h,k2_2014_2021_h2h
45266,k2v2_2016_2nd_Goy_Gan_0487,kor.2,,,Goyang Zaicro,Gangwon FC,2016-08-25,0,1,,A,,,k2_2014_2021_h2h,k2_2014_2021_h2h
45267,k2v2_2016_2nd_Goy_Gye_0488,kor.2,,,Goyang Zaicro,Gyeongnam FC,2016-08-26,1,2,,A,,,k2_2014_2021_h2h,k2_2014_2021_h2h
45268,k2v2_2016_2nd_Goy_Seo_0489,kor.2,,,Goyang Zaicro,Seoul E-Land,2016-08-27,0,3,,A,,,k2_2014_2021_h2h,k2_2014_2021_h2h
45269,k2v2_2016_2nd_Gye_Chu_0490,kor.2,,,Gyeongnam FC,Chungnam Asan,2016-08-28,0,1,,A,,,k2_2014_2021_h2h,k2_2014_2021_h2h
45270,k2v2_2016_2nd_Gye_FC _0491,kor.2,,,Gyeongnam FC,FC Anyang,2016-08-29,2,0,,H,,,k2_2014_2021_h2h,k2_2014_2021_h2h
45271,k2v2_2016_2nd_Gye_Buc_0492,kor.2,,,Gyeongnam FC,Bucheon FC 1995,2016-08-30,0,2,,A,,,k2_2014_2021_h2h,k2_2014_2021_h2h
45272,k2v2_2016_2nd_Gye_Bus_0493,kor.2,,,Gyeongnam FC,Busan IPark,2016-08-31,3,2,,H,,,k2_2014_2021_h2h,k2_2014_2021_h2h
45273,k2v2_2016_2nd_Gye_Chu_0494,kor.2,,,Gyeongnam FC,Chungju Hummel,2016-09-01,2,1,,H,,,k2_2014_2021_h2h,k2_2014_2021_h2h
45274,k2v2_2016_2nd_Gye_Dae_0495,kor.2,,,Gyeongnam FC,Daegu FC,2016-09-02,2,1,,H,,,k2_2014_2021_h2h,k2_2014_2021_h2h
45275,k2v2_2016_2nd_Gye_Dae_0496,kor.2,,,Gyeongnam FC,Daejeon Hana Citizen,2016-09-03,4,4,,D,,,k2_2014_2021_h2h,k2_2014_2021_h2h
45276,k2v2_2016_2nd_Gye_Gan_0497,kor.2,,,Gyeongnam FC,Gangwon FC,2016-09-04,1,0,,H,,,k2_2014_2021_h2h,k2_2014_2021_h2h
45277,k2v2_2016_2nd_Gye_Goy_0498,kor.2,,,Gyeongnam FC,Goyang Zaicro,2016-09-05,2,1,,H,,,k2_2014_2021_h2h,k2_2014_2021_h2h
45278,k2v2_2016_2nd_Gye_Seo_0499,kor.2,,,Gyeongnam FC,Seoul E-Land,2016-09-06,0,1,,A,,,k2_2014_2021_h2h,k2_2014_2021_h2h
45279,k2v2_2016_2nd_Seo_Chu_0500,kor.2,,,Seoul E-Land,Chungnam Asan,2016-09-07,0,0,,D,,,k2_2014_2021_h2h,k2_2014_2021_h2h
45280,k2v2_2016_2nd_Seo_FC _0501,kor.2,,,Seoul E-Land,FC Anyang,2016-09-08,0,0,,D,,,k2_2014_2021_h2h,k2_2014_2021_h2h
45281,k2v2_2016_2nd_Seo_Buc_0502,kor.2,,,Seoul E-Land,Bucheon FC 1995,2016-09-09,2,1,,H,,,k2_2014_2021_h2h,k2_2014_2021_h2h
45282,k2v2_2016_2nd_Seo_Bus_0503,kor.2,,,Seoul E-Land,Busan IPark,2016-09-10,1,0,,H,,,k2_2014_2021_h2h,k2_2014_2021_h2h
45283,k2v2_2016_2nd_Seo_Chu_0504,kor.2,,,Seoul E-Land,Chungju Hummel,2016-09-11,0,0,,D,,,k2_2014_2021_h2h,k2_2014_2021_h2h
45284,k2v2_2016_2nd_Seo_Dae_0505,kor.2,,,Seoul E-Land,Daegu FC,2016-09-12,1,1,,D,,,k2_2014_2021_h2h,k2_2014_2021_h2h
45285,k2v2_2016_2nd_Seo_Dae_0506,kor.2,,,Seoul E-Land,Daejeon Hana Citizen,2016-09-13,2,0,,H,,,k2_2014_2021_h2h,k2_2014_2021_h2h
45286,k2v2_2016_2nd_Seo_Gan_0507,kor.2,,,Seoul E-Land,Gangwon FC,2016-09-14,1,1,,D,,,k2_2014_2021_h2h,k2_2014_2021_h2h
45287,k2v2_2016_2nd_Seo_Goy_0508,kor.2,,,Seoul E-Land,Goyang Zaicro,2016-09-15,1,1,,D,,,k2_2014_2021_h2h,k2_2014_2021_h2h
45288,k2v2_2016_2nd_Seo_Gye_0509,kor.2,,,Seoul E-Land,Gyeongnam FC,2016-09-16,2,1,,H,,,k2_2014_2021_h2h,k2_2014_2021_h2h
45289,k2v2_2016_1st_Ans_FC _0510,kor.2,,,Ansan Mugunghwa,FC Anyang,2016-07-29,2,2,,D,,,k2_2014_2021_h2h,k2_2014_2021_h2h
45290,k2v2_2016_1st_Ans_Buc_0511,kor.2,,,Ansan Mugunghwa,Bucheon FC 1995,2016-07-30,2,3,,A,,,k2_2014_2021_h2h,k2_2014_2021_h2h
45291,k2v2_2016_1st_Ans_Bus_0512,kor.2,,,Ansan Mugunghwa,Busan IPark,2016-07-31,0,2,,A,,,k2_2014_2021_h2h,k2_2014_2021_h2h
45292,k2v2_2016_1st_Ans_Chu_0513,kor.2,,,Ansan Mugunghwa,Chungju Hummel,2016-08-01,1,1,,D,,,k2_2014_2021_h2h,k2_2014_2021_h2h
45293,k2v2_2016_1st_Ans_Dae_0514,kor.2,,,Ansan Mugunghwa,Daegu FC,2016-08-02,4,1,,H,,,k2_2014_2021_h2h,k2_2014_2021_h2h
45294,k2v2_2016_1st_Ans_Dae_0515,kor.2,,,Ansan Mugunghwa,Daejeon Hana Citizen,2016-08-03,1,0,,H,,,k2_2014_2021_h2h,k2_2014_2021_h2h
45295,k2v2_2016_1st_Ans_Gan_0516,kor.2,,,Ansan Mugunghwa,Gangwon FC,2016-08-04,0,4,,A,,,k2_2014_2021_h2h,k2_2014_2021_h2h
45296,k2v2_2016_1st_Ans_Goy_0517,kor.2,,,Ansan Mugunghwa,Goyang Zaicro,2016-08-05,2,1,,H,,,k2_2014_2021_h2h,k2_2014_2021_h2h
45297,k2v2_2016_1st_Ans_Gye_0518,kor.2,,,Ansan Mugunghwa,Gyeongnam FC,2016-08-06,2,0,,H,,,k2_2014_2021_h2h,k2_2014_2021_h2h
45298,k2v2_2016_1st_Ans_Seo_0519,kor.2,,,Ansan Mugunghwa,Seoul E-Land,2016-08-07,2,0,,H,,,k2_2014_2021_h2h,k2_2014_2021_h2h
45299,k2v2_2016_1st_FC _Chu_0520,kor.2,,,FC Anyang,Chungnam Asan,2016-08-08,2,3,,A,,,k2_2014_2021_h2h,k2_2014_2021_h2h
45300,k2v2_2016_1st_FC _Buc_0521,kor.2,,,FC Anyang,Bucheon FC 1995,2016-08-09,2,2,,D,,,k2_2014_2021_h2h,k2_2014_2021_h2h
45301,k2v2_2016_1st_FC _Bus_0522,kor.2,,,FC Anyang,Busan IPark,2016-08-10,0,1,,A,,,k2_2014_2021_h2h,k2_2014_2021_h2h
45302,k2v2_2016_1st_FC _Chu_0523,kor.2,,,FC Anyang,Chungju Hummel,2016-08-11,0,0,,D,,,k2_2014_2021_h2h,k2_2014_2021_h2h
45303,k2v2_2016_1st_FC _Dae_0524,kor.2,,,FC Anyang,Daegu FC,2016-08-12,0,1,,A,,,k2_2014_2021_h2h,k2_2014_2021_h2h
45304,k2v2_2016_1st_FC _Dae_0525,kor.2,,,FC Anyang,Daejeon Hana Citizen,2016-08-13,1,0,,H,,,k2_2014_2021_h2h,k2_2014_2021_h2h
45305,k2v2_2016_1st_FC _Gan_0526,kor.2,,,FC Anyang,Gangwon FC,2016-08-14,0,0,,D,,,k2_2014_2021_h2h,k2_2014_2021_h2h
45306,k2v2_2016_1st_FC _Goy_0527,kor.2,,,FC Anyang,Goyang Zaicro,2016-08-15,3,2,,H,,,k2_2014_2021_h2h,k2_2014_2021_h2h
45307,k2v2_2016_1st_FC _Gye_0528,kor.2,,,FC Anyang,Gyeongnam FC,2016-08-16,1,2,,A,,,k2_2014_2021_h2h,k2_2014_2021_h2h
45308,k2v2_2016_1st_FC _Seo_0529,kor.2,,,FC Anyang,Seoul E-Land,2016-08-17,3,1,,H,,,k2_2014_2021_h2h,k2_2014_2021_h2h
45309,k2v2_2016_1st_Buc_Chu_0530,kor.2,,,Bucheon FC 1995,Chungnam Asan,2016-08-18,0,2,,A,,,k2_2014_2021_h2h,k2_2014_2021_h2h
45310,k2v2_2016_1st_Buc_FC _0531,kor.2,,,Bucheon FC 1995,FC Anyang,2016-08-19,1,0,,H,,,k2_2014_2021_h2h,k2_2014_2021_h2h
45311,k2v2_2016_1st_Buc_Bus_0532,kor.2,,,Bucheon FC 1995,Busan IPark,2016-08-20,1,0,,H,,,k2_2014_2021_h2h,k2_2014_2021_h2h
45312,k2v2_2016_1st_Buc_Chu_0533,kor.2,,,Bucheon FC 1995,Chungju Hummel,2016-08-21,2,3,,A,,,k2_2014_2021_h2h,k2_2014_2021_h2h
45313,k2v2_2016_1st_Buc_Dae_0534,kor.2,,,Bucheon FC 1995,Daegu FC,2016-08-22,2,3,,A,,,k2_2014_2021_h2h,k2_2014_2021_h2h
45314,k2v2_2016_1st_Buc_Dae_0535,kor.2,,,Bucheon FC 1995,Daejeon Hana Citizen,2016-08-23,2,0,,H,,,k2_2014_2021_h2h,k2_2014_2021_h2h
45315,k2v2_2016_1st_Buc_Gan_0536,kor.2,,,Bucheon FC 1995,Gangwon FC,2016-08-24,0,1,,A,,,k2_2014_2021_h2h,k2_2014_2021_h2h
45316,k2v2_2016_1st_Buc_Goy_0537,kor.2,,,Bucheon FC 1995,Goyang Zaicro,2016-08-25,4,1,,H,,,k2_2014_2021_h2h,k2_2014_2021_h2h
45317,k2v2_2016_1st_Buc_Gye_0538,kor.2,,,Bucheon FC 1995,Gyeongnam FC,2016-08-26,1,2,,A,,,k2_2014_2021_h2h,k2_2014_2021_h2h
45318,k2v2_2016_1st_Buc_Seo_0539,kor.2,,,Bucheon FC 1995,Seoul E-Land,2016-08-27,0,2,,A,,,k2_2014_2021_h2h,k2_2014_2021_h2h
45319,k2v2_2016_1st_Bus_Chu_0540,kor.2,,,Busan IPark,Chungnam Asan,2016-03-01,4,0,,H,,,k2_2014_2021_h2h,k2_2014_2021_h2h
45320,k2v2_2016_1st_Bus_FC _0541,kor.2,,,Busan IPark,FC Anyang,2016-03-02,2,0,,H,,,k2_2014_2021_h2h,k2_2014_2021_h2h
45321,k2v2_2016_1st_Bus_Buc_0542,kor.2,,,Busan IPark,Bucheon FC 1995,2016-03-03,2,1,,H,,,k2_2014_2021_h2h,k2_2014_2021_h2h
45322,k2v2_2016_1st_Bus_Chu_0543,kor.2,,,Busan IPark,Chungju Hummel,2016-03-04,0,0,,D,,,k2_2014_2021_h2h,k2_2014_2021_h2h
45323,k2v2_2016_1st_Bus_Dae_0544,kor.2,,,Busan IPark,Daegu FC,2016-03-05,0,2,,A,,,k2_2014_2021_h2h,k2_2014_2021_h2h
45324,k2v2_2016_1st_Bus_Dae_0545,kor.2,,,Busan IPark,Daejeon Hana Citizen,2016-03-06,3,0,,H,,,k2_2014_2021_h2h,k2_2014_2021_h2h
45325,k2v2_2016_1st_Bus_Gan_0546,kor.2,,,Busan IPark,Gangwon FC,2016-03-07,2,1,,H,,,k2_2014_2021_h2h,k2_2014_2021_h2h
45326,k2v2_2016_1st_Bus_Goy_0547,kor.2,,,Busan IPark,Goyang Zaicro,2016-03-08,2,0,,H,,,k2_2014_2021_h2h,k2_2014_2021_h2h
45327,k2v2_2016_1st_Bus_Gye_0548,kor.2,,,Busan IPark,Gyeongnam FC,2016-03-09,2,3,,A,,,k2_2014_2021_h2h,k2_2014_2021_h2h
45328,k2v2_2016_1st_Bus_Seo_0549,kor.2,,,Busan IPark,Seoul E-Land,2016-03-10,1,1,,D,,,k2_2014_2021_h2h,k2_2014_2021_h2h
45329,k2v2_2016_1st_Chu_Chu_0550,kor.2,,,Chungju Hummel,Chungnam Asan,2016-03-11,8,1,,H,,,k2_2014_2021_h2h,k2_2014_2021_h2h
45330,k2v2_2016_1st_Chu_FC _0551,kor.2,,,Chungju Hummel,FC Anyang,2016-03-12,0,1,,A,,,k2_2014_2021_h2h,k2_2014_2021_h2h
45331,k2v2_2016_1st_Chu_Buc_0552,kor.2,,,Chungju Hummel,Bucheon FC 1995,2016-03-13,0,1,,A,,,k2_2014_2021_h2h,k2_2014_2021_h2h
45332,k2v2_2016_1st_Chu_Bus_0553,kor.2,,,Chungju Hummel,Busan IPark,2016-03-14,0,1,,A,,,k2_2014_2021_h2h,k2_2014_2021_h2h
45333,k2v2_2016_1st_Chu_Dae_0554,kor.2,,,Chungju Hummel,Daegu FC,2016-03-15,0,3,,A,,,k2_2014_2021_h2h,k2_2014_2021_h2h
45334,k2v2_2016_1st_Chu_Dae_0555,kor.2,,,Chungju Hummel,Daejeon Hana Citizen,2016-03-16,1,2,,A,,,k2_2014_2021_h2h,k2_2014_2021_h2h
45335,k2v2_2016_1st_Chu_Gan_0556,kor.2,,,Chungju Hummel,Gangwon FC,2016-03-17,2,2,,D,,,k2_2014_2021_h2h,k2_2014_2021_h2h
45336,k2v2_2016_1st_Chu_Goy_0557,kor.2,,,Chungju Hummel,Goyang Zaicro,2016-03-18,0,0,,D,,,k2_2014_2021_h2h,k2_2014_2021_h2h
45337,k2v2_2016_1st_Chu_Gye_0558,kor.2,,,Chungju Hummel,Gyeongnam FC,2016-03-19,3,2,,H,,,k2_2014_2021_h2h,k2_2014_2021_h2h
45338,k2v2_2016_1st_Chu_Seo_0559,kor.2,,,Chungju Hummel,Seoul E-Land,2016-03-20,0,1,,A,,,k2_2014_2021_h2h,k2_2014_2021_h2h
45339,k2v2_2016_1st_Dae_Chu_0560,kor.2,,,Daegu FC,Chungnam Asan,2016-03-21,2,2,,D,,,k2_2014_2021_h2h,k2_2014_2021_h2h
45340,k2v2_2016_1st_Dae_FC _0561,kor.2,,,Daegu FC,FC Anyang,2016-03-22,1,1,,D,,,k2_2014_2021_h2h,k2_2014_2021_h2h
45341,k2v2_2016_1st_Dae_Buc_0562,kor.2,,,Daegu FC,Bucheon FC 1995,2016-03-23,0,0,,D,,,k2_2014_2021_h2h,k2_2014_2021_h2h
45342,k2v2_2016_1st_Dae_Bus_0563,kor.2,,,Daegu FC,Busan IPark,2016-03-24,0,1,,A,,,k2_2014_2021_h2h,k2_2014_2021_h2h
45343,k2v2_2016_1st_Dae_Chu_0564,kor.2,,,Daegu FC,Chungju Hummel,2016-03-25,1,0,,H,,,k2_2014_2021_h2h,k2_2014_2021_h2h
45344,k2v2_2016_1st_Dae_Dae_0565,kor.2,,,Daegu FC,Daejeon Hana Citizen,2016-03-26,1,0,,H,,,k2_2014_2021_h2h,k2_2014_2021_h2h
45345,k2v2_2016_1st_Dae_Gan_0566,kor.2,,,Daegu FC,Gangwon FC,2016-03-27,1,3,,A,,,k2_2014_2021_h2h,k2_2014_2021_h2h
45346,k2v2_2016_1st_Dae_Goy_0567,kor.2,,,Daegu FC,Goyang Zaicro,2016-03-28,1,0,,H,,,k2_2014_2021_h2h,k2_2014_2021_h2h
45347,k2v2_2016_1st_Dae_Gye_0568,kor.2,,,Daegu FC,Gyeongnam FC,2016-03-29,1,2,,A,,,k2_2014_2021_h2h,k2_2014_2021_h2h
45348,k2v2_2016_1st_Dae_Seo_0569,kor.2,,,Daegu FC,Seoul E-Land,2016-03-30,0,1,,A,,,k2_2014_2021_h2h,k2_2014_2021_h2h
45349,k2v2_2016_1st_Dae_Chu_0570,kor.2,,,Daejeon Hana Citizen,Chungnam Asan,2016-03-31,5,0,,H,,,k2_2014_2021_h2h,k2_2014_2021_h2h
45350,k2v2_2016_1st_Dae_FC _0571,kor.2,,,Daejeon Hana Citizen,FC Anyang,2016-04-01,3,2,,H,,,k2_2014_2021_h2h,k2_2014_2021_h2h
45351,k2v2_2016_1st_Dae_Buc_0572,kor.2,,,Daejeon Hana Citizen,Bucheon FC 1995,2016-04-02,0,0,,D,,,k2_2014_2021_h2h,k2_2014_2021_h2h
45352,k2v2_2016_1st_Dae_Bus_0573,kor.2,,,Daejeon Hana Citizen,Busan IPark,2016-04-03,2,1,,H,,,k2_2014_2021_h2h,k2_2014_2021_h2h
45353,k2v2_2016_1st_Dae_Chu_0574,kor.2,,,Daejeon Hana Citizen,Chungju Hummel,2016-04-04,2,2,,D,,,k2_2014_2021_h2h,k2_2014_2021_h2h
45354,k2v2_2016_1st_Dae_Dae_0575,kor.2,,,Daejeon Hana Citizen,Daegu FC,2016-04-05,1,1,,D,,,k2_2014_2021_h2h,k2_2014_2021_h2h
45355,k2v2_2016_1st_Dae_Gan_0576,kor.2,,,Daejeon Hana Citizen,Gangwon FC,2016-04-06,1,0,,H,,,k2_2014_2021_h2h,k2_2014_2021_h2h
45356,k2v2_2016_1st_Dae_Goy_0577,kor.2,,,Daejeon Hana Citizen,Goyang Zaicro,2016-04-07,3,0,,H,,,k2_2014_2021_h2h,k2_2014_2021_h2h
45357,k2v2_2016_1st_Dae_Gye_0578,kor.2,,,Daejeon Hana Citizen,Gyeongnam FC,2016-04-08,3,1,,H,,,k2_2014_2021_h2h,k2_2014_2021_h2h
45358,k2v2_2016_1st_Dae_Seo_0579,kor.2,,,Daejeon Hana Citizen,Seoul E-Land,2016-04-09,2,3,,A,,,k2_2014_2021_h2h,k2_2014_2021_h2h
45359,k2v2_2016_1st_Gan_Chu_0580,kor.2,,,Gangwon FC,Chungnam Asan,2016-04-10,1,0,,H,,,k2_2014_2021_h2h,k2_2014_2021_h2h
45360,k2v2_2016_1st_Gan_FC _0581,kor.2,,,Gangwon FC,FC Anyang,2016-04-11,3,0,,H,,,k2_2014_2021_h2h,k2_2014_2021_h2h
45361,k2v2_2016_1st_Gan_Buc_0582,kor.2,,,Gangwon FC,Bucheon FC 1995,2016-04-12,0,1,,A,,,k2_2014_2021_h2h,k2_2014_2021_h2h
45362,k2v2_2016_1st_Gan_Bus_0583,kor.2,,,Gangwon FC,Busan IPark,2016-04-13,1,2,,A,,,k2_2014_2021_h2h,k2_2014_2021_h2h
45363,k2v2_2016_1st_Gan_Chu_0584,kor.2,,,Gangwon FC,Chungju Hummel,2016-04-14,2,1,,H,,,k2_2014_2021_h2h,k2_2014_2021_h2h
45364,k2v2_2016_1st_Gan_Dae_0585,kor.2,,,Gangwon FC,Daegu FC,2016-04-15,1,1,,D,,,k2_2014_2021_h2h,k2_2014_2021_h2h
45365,k2v2_2016_1st_Gan_Dae_0586,kor.2,,,Gangwon FC,Daejeon Hana Citizen,2016-04-16,1,2,,A,,,k2_2014_2021_h2h,k2_2014_2021_h2h
45366,k2v2_2016_1st_Gan_Goy_0587,kor.2,,,Gangwon FC,Goyang Zaicro,2016-04-17,0,0,,D,,,k2_2014_2021_h2h,k2_2014_2021_h2h
45367,k2v2_2016_1st_Gan_Gye_0588,kor.2,,,Gangwon FC,Gyeongnam FC,2016-04-18,1,1,,D,,,k2_2014_2021_h2h,k2_2014_2021_h2h
45368,k2v2_2016_1st_Gan_Seo_0589,kor.2,,,Gangwon FC,Seoul E-Land,2016-04-19,1,0,,H,,,k2_2014_2021_h2h,k2_2014_2021_h2h
45369,k2v2_2016_1st_Goy_Chu_0590,kor.2,,,Goyang Zaicro,Chungnam Asan,2016-04-20,0,4,,A,,,k2_2014_2021_h2h,k2_2014_2021_h2h
45370,k2v2_2016_1st_Goy_FC _0591,kor.2,,,Goyang Zaicro,FC Anyang,2016-04-21,0,1,,A,,,k2_2014_2021_h2h,k2_2014_2021_h2h
45371,k2v2_2016_1st_Goy_Buc_0592,kor.2,,,Goyang Zaicro,Bucheon FC 1995,2016-04-22,0,3,,A,,,k2_2014_2021_h2h,k2_2014_2021_h2h
45372,k2v2_2016_1st_Goy_Bus_0593,kor.2,,,Goyang Zaicro,Busan IPark,2016-04-23,0,1,,A,,,k2_2014_2021_h2h,k2_2014_2021_h2h
45373,k2v2_2016_1st_Goy_Chu_0594,kor.2,,,Goyang Zaicro,Chungju Hummel,2016-04-24,1,0,,H,,,k2_2014_2021_h2h,k2_2014_2021_h2h
45374,k2v2_2016_1st_Goy_Dae_0595,kor.2,,,Goyang Zaicro,Daegu FC,2016-04-25,0,1,,A,,,k2_2014_2021_h2h,k2_2014_2021_h2h
45375,k2v2_2016_1st_Goy_Dae_0596,kor.2,,,Goyang Zaicro,Daejeon Hana Citizen,2016-04-26,1,2,,A,,,k2_2014_2021_h2h,k2_2014_2021_h2h
45376,k2v2_2016_1st_Goy_Gan_0597,kor.2,,,Goyang Zaicro,Gangwon FC,2016-04-27,0,1,,A,,,k2_2014_2021_h2h,k2_2014_2021_h2h
45377,k2v2_2016_1st_Goy_Gye_0598,kor.2,,,Goyang Zaicro,Gyeongnam FC,2016-04-28,2,3,,A,,,k2_2014_2021_h2h,k2_2014_2021_h2h
45378,k2v2_2016_1st_Goy_Seo_0599,kor.2,,,Goyang Zaicro,Seoul E-Land,2016-04-29,0,2,,A,,,k2_2014_2021_h2h,k2_2014_2021_h2h
45379,k2v2_2016_1st_Gye_Chu_0600,kor.2,,,Gyeongnam FC,Chungnam Asan,2016-04-30,1,2,,A,,,k2_2014_2021_h2h,k2_2014_2021_h2h
45380,k2v2_2016_1st_Gye_FC _0601,kor.2,,,Gyeongnam FC,FC Anyang,2016-05-01,2,0,,H,,,k2_2014_2021_h2h,k2_2014_2021_h2h
45381,k2v2_2016_1st_Gye_Buc_0602,kor.2,,,Gyeongnam FC,Bucheon FC 1995,2016-05-02,0,1,,A,,,k2_2014_2021_h2h,k2_2014_2021_h2h
45382,k2v2_2016_1st_Gye_Bus_0603,kor.2,,,Gyeongnam FC,Busan IPark,2016-05-03,1,3,,A,,,k2_2014_2021_h2h,k2_2014_2021_h2h
45383,k2v2_2016_1st_Gye_Chu_0604,kor.2,,,Gyeongnam FC,Chungju Hummel,2016-05-04,2,0,,H,,,k2_2014_2021_h2h,k2_2014_2021_h2h
45384,k2v2_2016_1st_Gye_Dae_0605,kor.2,,,Gyeongnam FC,Daegu FC,2016-05-05,1,2,,A,,,k2_2014_2021_h2h,k2_2014_2021_h2h
45385,k2v2_2016_1st_Gye_Dae_0606,kor.2,,,Gyeongnam FC,Daejeon Hana Citizen,2016-05-06,4,3,,H,,,k2_2014_2021_h2h,k2_2014_2021_h2h
45386,k2v2_2016_1st_Gye_Gan_0607,kor.2,,,Gyeongnam FC,Gangwon FC,2016-05-07,2,0,,H,,,k2_2014_2021_h2h,k2_2014_2021_h2h
45387,k2v2_2016_1st_Gye_Goy_0608,kor.2,,,Gyeongnam FC,Goyang Zaicro,2016-05-08,7,0,,H,,,k2_2014_2021_h2h,k2_2014_2021_h2h
45388,k2v2_2016_1st_Gye_Seo_0609,kor.2,,,Gyeongnam FC,Seoul E-Land,2016-05-09,1,1,,D,,,k2_2014_2021_h2h,k2_2014_2021_h2h
45389,k2v2_2016_1st_Seo_Chu_0610,kor.2,,,Seoul E-Land,Chungnam Asan,2016-05-10,2,0,,H,,,k2_2014_2021_h2h,k2_2014_2021_h2h
45390,k2v2_2016_1st_Seo_FC _0611,kor.2,,,Seoul E-Land,FC Anyang,2016-05-11,2,2,,D,,,k2_2014_2021_h2h,k2_2014_2021_h2h
45391,k2v2_2016_1st_Seo_Buc_0612,kor.2,,,Seoul E-Land,Bucheon FC 1995,2016-05-12,1,1,,D,,,k2_2014_2021_h2h,k2_2014_2021_h2h
45392,k2v2_2016_1st_Seo_Bus_0613,kor.2,,,Seoul E-Land,Busan IPark,2016-05-13,2,0,,H,,,k2_2014_2021_h2h,k2_2014_2021_h2h
45393,k2v2_2016_1st_Seo_Chu_0614,kor.2,,,Seoul E-Land,Chungju Hummel,2016-05-14,2,0,,H,,,k2_2014_2021_h2h,k2_2014_2021_h2h
45394,k2v2_2016_1st_Seo_Dae_0615,kor.2,,,Seoul E-Land,Daegu FC,2016-05-15,0,2,,A,,,k2_2014_2021_h2h,k2_2014_2021_h2h
45395,k2v2_2016_1st_Seo_Dae_0616,kor.2,,,Seoul E-Land,Daejeon Hana Citizen,2016-05-16,1,1,,D,,,k2_2014_2021_h2h,k2_2014_2021_h2h
45396,k2v2_2016_1st_Seo_Gan_0617,kor.2,,,Seoul E-Land,Gangwon FC,2016-05-17,1,2,,A,,,k2_2014_2021_h2h,k2_2014_2021_h2h
45397,k2v2_2016_1st_Seo_Goy_0618,kor.2,,,Seoul E-Land,Goyang Zaicro,2016-05-18,1,1,,D,,,k2_2014_2021_h2h,k2_2014_2021_h2h
45398,k2v2_2016_1st_Seo_Gye_0619,kor.2,,,Seoul E-Land,Gyeongnam FC,2016-05-19,2,0,,H,,,k2_2014_2021_h2h,k2_2014_2021_h2h
45399,k2v2_2017_2nd_Ans_FC _0620,kor.2,,,Ansan Greeners,FC Anyang,2017-08-09,1,0,,H,,,k2_2014_2021_h2h,k2_2014_2021_h2h
45400,k2v2_2017_2nd_Ans_Chu_0621,kor.2,,,Ansan Greeners,Chungnam Asan,2017-08-10,2,1,,H,,,k2_2014_2021_h2h,k2_2014_2021_h2h
45401,k2v2_2017_2nd_Ans_Buc_0622,kor.2,,,Ansan Greeners,Bucheon FC 1995,2017-08-11,2,4,,A,,,k2_2014_2021_h2h,k2_2014_2021_h2h
45402,k2v2_2017_2nd_Ans_Bus_0623,kor.2,,,Ansan Greeners,Busan IPark,2017-08-12,0,3,,A,,,k2_2014_2021_h2h,k2_2014_2021_h2h
45403,k2v2_2017_2nd_Ans_Dae_0624,kor.2,,,Ansan Greeners,Daejeon Hana Citizen,2017-08-13,2,1,,H,,,k2_2014_2021_h2h,k2_2014_2021_h2h
45404,k2v2_2017_2nd_Ans_Gye_0625,kor.2,,,Ansan Greeners,Gyeongnam FC,2017-08-14,3,3,,D,,,k2_2014_2021_h2h,k2_2014_2021_h2h
45405,k2v2_2017_2nd_Ans_SEN_0626,kor.2,,,Ansan Greeners,SEN,2017-08-15,0,1,,A,,,k2_2014_2021_h2h,k2_2014_2021_h2h
45406,k2v2_2017_2nd_Ans_Seo_0627,kor.2,,,Ansan Greeners,Seoul E-Land,2017-08-16,1,2,,A,,,k2_2014_2021_h2h,k2_2014_2021_h2h
45407,k2v2_2017_2nd_Ans_Suw_0628,kor.2,,,Ansan Greeners,Suwon FC,2017-08-17,3,3,,D,,,k2_2014_2021_h2h,k2_2014_2021_h2h
45408,k2v2_2017_2nd_FC _Ans_0629,kor.2,,,FC Anyang,Ansan Greeners,2017-08-18,2,1,,H,,,k2_2014_2021_h2h,k2_2014_2021_h2h
45409,k2v2_2017_2nd_FC _Chu_0630,kor.2,,,FC Anyang,Chungnam Asan,2017-08-19,0,2,,A,,,k2_2014_2021_h2h,k2_2014_2021_h2h
45410,k2v2_2017_2nd_FC _Buc_0631,kor.2,,,FC Anyang,Bucheon FC 1995,2017-08-20,3,1,,H,,,k2_2014_2021_h2h,k2_2014_2021_h2h
45411,k2v2_2017_2nd_FC _Bus_0632,kor.2,,,FC Anyang,Busan IPark,2017-08-21,0,1,,A,,,k2_2014_2021_h2h,k2_2014_2021_h2h
45412,k2v2_2017_2nd_FC _Dae_0633,kor.2,,,FC Anyang,Daejeon Hana Citizen,2017-08-22,3,2,,H,,,k2_2014_2021_h2h,k2_2014_2021_h2h
45413,k2v2_2017_2nd_FC _Gye_0634,kor.2,,,FC Anyang,Gyeongnam FC,2017-08-23,1,2,,A,,,k2_2014_2021_h2h,k2_2014_2021_h2h
45414,k2v2_2017_2nd_FC _SEN_0635,kor.2,,,FC Anyang,SEN,2017-08-24,2,0,,H,,,k2_2014_2021_h2h,k2_2014_2021_h2h
45415,k2v2_2017_2nd_FC _Seo_0636,kor.2,,,FC Anyang,Seoul E-Land,2017-08-25,2,0,,H,,,k2_2014_2021_h2h,k2_2014_2021_h2h
45416,k2v2_2017_2nd_FC _Suw_0637,kor.2,,,FC Anyang,Suwon FC,2017-08-26,1,2,,A,,,k2_2014_2021_h2h,k2_2014_2021_h2h
45417,k2v2_2017_2nd_Chu_Ans_0638,kor.2,,,Chungnam Asan,Ansan Greeners,2017-08-27,1,0,,H,,,k2_2014_2021_h2h,k2_2014_2021_h2h
45418,k2v2_2017_2nd_Chu_FC _0639,kor.2,,,Chungnam Asan,FC Anyang,2017-08-28,4,0,,H,,,k2_2014_2021_h2h,k2_2014_2021_h2h
45419,k2v2_2017_2nd_Chu_Buc_0640,kor.2,,,Chungnam Asan,Bucheon FC 1995,2017-08-29,2,1,,H,,,k2_2014_2021_h2h,k2_2014_2021_h2h
45420,k2v2_2017_2nd_Chu_Bus_0641,kor.2,,,Chungnam Asan,Busan IPark,2017-08-30,0,2,,A,,,k2_2014_2021_h2h,k2_2014_2021_h2h
45421,k2v2_2017_2nd_Chu_Dae_0642,kor.2,,,Chungnam Asan,Daejeon Hana Citizen,2017-08-31,3,1,,H,,,k2_2014_2021_h2h,k2_2014_2021_h2h
45422,k2v2_2017_2nd_Chu_Gye_0643,kor.2,,,Chungnam Asan,Gyeongnam FC,2017-09-01,1,1,,D,,,k2_2014_2021_h2h,k2_2014_2021_h2h
45423,k2v2_2017_2nd_Chu_SEN_0644,kor.2,,,Chungnam Asan,SEN,2017-09-02,1,1,,D,,,k2_2014_2021_h2h,k2_2014_2021_h2h
45424,k2v2_2017_2nd_Chu_Seo_0645,kor.2,,,Chungnam Asan,Seoul E-Land,2017-09-03,1,0,,H,,,k2_2014_2021_h2h,k2_2014_2021_h2h
45425,k2v2_2017_2nd_Chu_Suw_0646,kor.2,,,Chungnam Asan,Suwon FC,2017-09-04,1,0,,H,,,k2_2014_2021_h2h,k2_2014_2021_h2h
45426,k2v2_2017_2nd_Buc_Ans_0647,kor.2,,,Bucheon FC 1995,Ansan Greeners,2017-09-05,2,0,,H,,,k2_2014_2021_h2h,k2_2014_2021_h2h
45427,k2v2_2017_2nd_Buc_FC _0648,kor.2,,,Bucheon FC 1995,FC Anyang,2017-09-06,6,2,,H,,,k2_2014_2021_h2h,k2_2014_2021_h2h
45428,k2v2_2017_2nd_Buc_Chu_0649,kor.2,,,Bucheon FC 1995,Chungnam Asan,2017-09-07,1,2,,A,,,k2_2014_2021_h2h,k2_2014_2021_h2h
45429,k2v2_2017_2nd_Buc_Bus_0650,kor.2,,,Bucheon FC 1995,Busan IPark,2017-09-08,1,0,,H,,,k2_2014_2021_h2h,k2_2014_2021_h2h
45430,k2v2_2017_2nd_Buc_Dae_0651,kor.2,,,Bucheon FC 1995,Daejeon Hana Citizen,2017-09-09,1,1,,D,,,k2_2014_2021_h2h,k2_2014_2021_h2h
45431,k2v2_2017_2nd_Buc_Gye_0652,kor.2,,,Bucheon FC 1995,Gyeongnam FC,2017-09-10,2,2,,D,,,k2_2014_2021_h2h,k2_2014_2021_h2h
45432,k2v2_2017_2nd_Buc_SEN_0653,kor.2,,,Bucheon FC 1995,SEN,2017-09-11,0,2,,A,,,k2_2014_2021_h2h,k2_2014_2021_h2h
45433,k2v2_2017_2nd_Buc_Seo_0654,kor.2,,,Bucheon FC 1995,Seoul E-Land,2017-09-12,2,1,,H,,,k2_2014_2021_h2h,k2_2014_2021_h2h
45434,k2v2_2017_2nd_Buc_Suw_0655,kor.2,,,Bucheon FC 1995,Suwon FC,2017-09-13,0,1,,A,,,k2_2014_2021_h2h,k2_2014_2021_h2h
45435,k2v2_2017_2nd_Bus_Ans_0656,kor.2,,,Busan IPark,Ansan Greeners,2017-09-14,3,1,,H,,,k2_2014_2021_h2h,k2_2014_2021_h2h
45436,k2v2_2017_2nd_Bus_FC _0657,kor.2,,,Busan IPark,FC Anyang,2017-09-15,1,1,,D,,,k2_2014_2021_h2h,k2_2014_2021_h2h
45437,k2v2_2017_2nd_Bus_Chu_0658,kor.2,,,Busan IPark,Chungnam Asan,2017-09-16,1,1,,D,,,k2_2014_2021_h2h,k2_2014_2021_h2h
45438,k2v2_2017_2nd_Bus_Buc_0659,kor.2,,,Busan IPark,Bucheon FC 1995,2017-09-17,1,0,,H,,,k2_2014_2021_h2h,k2_2014_2021_h2h
45439,k2v2_2017_2nd_Bus_Dae_0660,kor.2,,,Busan IPark,Daejeon Hana Citizen,2017-09-18,2,1,,H,,,k2_2014_2021_h2h,k2_2014_2021_h2h
45440,k2v2_2017_2nd_Bus_Gye_0661,kor.2,,,Busan IPark,Gyeongnam FC,2017-09-19,1,1,,D,,,k2_2014_2021_h2h,k2_2014_2021_h2h
45441,k2v2_2017_2nd_Bus_SEN_0662,kor.2,,,Busan IPark,SEN,2017-09-20,1,2,,A,,,k2_2014_2021_h2h,k2_2014_2021_h2h
45442,k2v2_2017_2nd_Bus_Seo_0663,kor.2,,,Busan IPark,Seoul E-Land,2017-09-21,3,0,,H,,,k2_2014_2021_h2h,k2_2014_2021_h2h
45443,k2v2_2017_2nd_Bus_Suw_0664,kor.2,,,Busan IPark,Suwon FC,2017-09-22,2,2,,D,,,k2_2014_2021_h2h,k2_2014_2021_h2h
45444,k2v2_2017_2nd_Dae_Ans_0665,kor.2,,,Daejeon Hana Citizen,Ansan Greeners,2017-09-23,1,2,,A,,,k2_2014_2021_h2h,k2_2014_2021_h2h
45445,k2v2_2017_2nd_Dae_FC _0666,kor.2,,,Daejeon Hana Citizen,FC Anyang,2017-09-24,0,2,,A,,,k2_2014_2021_h2h,k2_2014_2021_h2h
45446,k2v2_2017_2nd_Dae_Chu_0667,kor.2,,,Daejeon Hana Citizen,Chungnam Asan,2017-09-25,1,1,,D,,,k2_2014_2021_h2h,k2_2014_2021_h2h
45447,k2v2_2017_2nd_Dae_Buc_0668,kor.2,,,Daejeon Hana Citizen,Bucheon FC 1995,2017-09-26,0,1,,A,,,k2_2014_2021_h2h,k2_2014_2021_h2h
45448,k2v2_2017_2nd_Dae_Bus_0669,kor.2,,,Daejeon Hana Citizen,Busan IPark,2017-09-27,2,3,,A,,,k2_2014_2021_h2h,k2_2014_2021_h2h
45449,k2v2_2017_2nd_Dae_Gye_0670,kor.2,,,Daejeon Hana Citizen,Gyeongnam FC,2017-09-28,0,2,,A,,,k2_2014_2021_h2h,k2_2014_2021_h2h
45450,k2v2_2017_2nd_Dae_SEN_0671,kor.2,,,Daejeon Hana Citizen,SEN,2017-09-29,1,1,,D,,,k2_2014_2021_h2h,k2_2014_2021_h2h
45451,k2v2_2017_2nd_Dae_Seo_0672,kor.2,,,Daejeon Hana Citizen,Seoul E-Land,2017-09-30,2,1,,H,,,k2_2014_2021_h2h,k2_2014_2021_h2h
45452,k2v2_2017_2nd_Dae_Suw_0673,kor.2,,,Daejeon Hana Citizen,Suwon FC,2017-10-01,4,3,,H,,,k2_2014_2021_h2h,k2_2014_2021_h2h
45453,k2v2_2017_2nd_Gye_Ans_0674,kor.2,,,Gyeongnam FC,Ansan Greeners,2017-10-02,3,0,,H,,,k2_2014_2021_h2h,k2_2014_2021_h2h
45454,k2v2_2017_2nd_Gye_FC _0675,kor.2,,,Gyeongnam FC,FC Anyang,2017-10-03,2,1,,H,,,k2_2014_2021_h2h,k2_2014_2021_h2h
45455,k2v2_2017_2nd_Gye_Chu_0676,kor.2,,,Gyeongnam FC,Chungnam Asan,2017-10-04,1,0,,H,,,k2_2014_2021_h2h,k2_2014_2021_h2h
45456,k2v2_2017_2nd_Gye_Buc_0677,kor.2,,,Gyeongnam FC,Bucheon FC 1995,2017-10-05,2,1,,H,,,k2_2014_2021_h2h,k2_2014_2021_h2h
45457,k2v2_2017_2nd_Gye_Bus_0678,kor.2,,,Gyeongnam FC,Busan IPark,2017-10-06,1,0,,H,,,k2_2014_2021_h2h,k2_2014_2021_h2h
45458,k2v2_2017_2nd_Gye_Dae_0679,kor.2,,,Gyeongnam FC,Daejeon Hana Citizen,2017-10-07,2,1,,H,,,k2_2014_2021_h2h,k2_2014_2021_h2h
45459,k2v2_2017_2nd_Gye_SEN_0680,kor.2,,,Gyeongnam FC,SEN,2017-10-08,1,1,,D,,,k2_2014_2021_h2h,k2_2014_2021_h2h
45460,k2v2_2017_2nd_Gye_Seo_0681,kor.2,,,Gyeongnam FC,Seoul E-Land,2017-10-09,3,0,,H,,,k2_2014_2021_h2h,k2_2014_2021_h2h
45461,k2v2_2017_2nd_Gye_Suw_0682,kor.2,,,Gyeongnam FC,Suwon FC,2017-10-10,2,0,,H,,,k2_2014_2021_h2h,k2_2014_2021_h2h
45462,k2v2_2017_2nd_Seo_Ans_0683,kor.2,,,Seongnam FC,Ansan Greeners,2017-10-11,0,0,,D,,,k2_2014_2021_h2h,k2_2014_2021_h2h
45463,k2v2_2017_2nd_Seo_FC _0684,kor.2,,,Seongnam FC,FC Anyang,2017-10-12,0,0,,D,,,k2_2014_2021_h2h,k2_2014_2021_h2h
45464,k2v2_2017_2nd_Seo_Chu_0685,kor.2,,,Seongnam FC,Chungnam Asan,2017-10-13,1,0,,H,,,k2_2014_2021_h2h,k2_2014_2021_h2h
45465,k2v2_2017_2nd_Seo_Buc_0686,kor.2,,,Seongnam FC,Bucheon FC 1995,2017-10-14,1,2,,A,,,k2_2014_2021_h2h,k2_2014_2021_h2h
45466,k2v2_2017_2nd_Seo_Bus_0687,kor.2,,,Seongnam FC,Busan IPark,2017-10-15,0,1,,A,,,k2_2014_2021_h2h,k2_2014_2021_h2h
45467,k2v2_2017_2nd_Seo_Dae_0688,kor.2,,,Seongnam FC,Daejeon Hana Citizen,2017-10-16,1,0,,H,,,k2_2014_2021_h2h,k2_2014_2021_h2h
45468,k2v2_2017_2nd_Seo_Gye_0689,kor.2,,,Seongnam FC,Gyeongnam FC,2017-10-17,1,2,,A,,,k2_2014_2021_h2h,k2_2014_2021_h2h
45469,k2v2_2017_2nd_Seo_Seo_0690,kor.2,,,Seongnam FC,Seoul E-Land,2017-10-18,0,2,,A,,,k2_2014_2021_h2h,k2_2014_2021_h2h
45470,k2v2_2017_2nd_Seo_Suw_0691,kor.2,,,Seongnam FC,Suwon FC,2017-10-19,0,1,,A,,,k2_2014_2021_h2h,k2_2014_2021_h2h
45471,k2v2_2017_2nd_Seo_Ans_0692,kor.2,,,Seoul E-Land,Ansan Greeners,2017-10-20,1,0,,H,,,k2_2014_2021_h2h,k2_2014_2021_h2h
45472,k2v2_2017_2nd_Seo_FC _0693,kor.2,,,Seoul E-Land,FC Anyang,2017-10-21,2,2,,D,,,k2_2014_2021_h2h,k2_2014_2021_h2h
45473,k2v2_2017_2nd_Seo_Chu_0694,kor.2,,,Seoul E-Land,Chungnam Asan,2017-10-22,1,1,,D,,,k2_2014_2021_h2h,k2_2014_2021_h2h
45474,k2v2_2017_2nd_Seo_Buc_0695,kor.2,,,Seoul E-Land,Bucheon FC 1995,2017-10-23,4,1,,H,,,k2_2014_2021_h2h,k2_2014_2021_h2h
45475,k2v2_2017_2nd_Seo_Bus_0696,kor.2,,,Seoul E-Land,Busan IPark,2017-10-24,2,3,,A,,,k2_2014_2021_h2h,k2_2014_2021_h2h
45476,k2v2_2017_2nd_Seo_Dae_0697,kor.2,,,Seoul E-Land,Daejeon Hana Citizen,2017-10-25,3,3,,D,,,k2_2014_2021_h2h,k2_2014_2021_h2h
45477,k2v2_2017_2nd_Seo_Gye_0698,kor.2,,,Seoul E-Land,Gyeongnam FC,2017-10-26,0,1,,A,,,k2_2014_2021_h2h,k2_2014_2021_h2h
45478,k2v2_2017_2nd_Seo_SEN_0699,kor.2,,,Seoul E-Land,SEN,2017-10-27,0,0,,D,,,k2_2014_2021_h2h,k2_2014_2021_h2h
45479,k2v2_2017_2nd_Seo_Suw_0700,kor.2,,,Seoul E-Land,Suwon FC,2017-10-28,0,0,,D,,,k2_2014_2021_h2h,k2_2014_2021_h2h
45480,k2v2_2017_2nd_Suw_Ans_0701,kor.2,,,Suwon FC,Ansan Greeners,2017-10-29,0,4,,A,,,k2_2014_2021_h2h,k2_2014_2021_h2h
45481,k2v2_2017_2nd_Suw_FC _0702,kor.2,,,Suwon FC,FC Anyang,2017-10-30,3,3,,D,,,k2_2014_2021_h2h,k2_2014_2021_h2h
45482,k2v2_2017_2nd_Suw_Chu_0703,kor.2,,,Suwon FC,Chungnam Asan,2017-10-31,0,2,,A,,,k2_2014_2021_h2h,k2_2014_2021_h2h
45483,k2v2_2017_2nd_Suw_Buc_0704,kor.2,,,Suwon FC,Bucheon FC 1995,2017-11-01,1,0,,H,,,k2_2014_2021_h2h,k2_2014_2021_h2h
45484,k2v2_2017_2nd_Suw_Bus_0705,kor.2,,,Suwon FC,Busan IPark,2017-11-02,1,0,,H,,,k2_2014_2021_h2h,k2_2014_2021_h2h
45485,k2v2_2017_2nd_Suw_Dae_0706,kor.2,,,Suwon FC,Daejeon Hana Citizen,2017-11-03,3,1,,H,,,k2_2014_2021_h2h,k2_2014_2021_h2h
45486,k2v2_2017_2nd_Suw_Gye_0707,kor.2,,,Suwon FC,Gyeongnam FC,2017-11-04,1,1,,D,,,k2_2014_2021_h2h,k2_2014_2021_h2h
45487,k2v2_2017_2nd_Suw_SEN_0708,kor.2,,,Suwon FC,SEN,2017-11-05,0,1,,A,,,k2_2014_2021_h2h,k2_2014_2021_h2h
45488,k2v2_2017_2nd_Suw_Seo_0709,kor.2,,,Suwon FC,Seoul E-Land,2017-11-06,2,2,,D,,,k2_2014_2021_h2h,k2_2014_2021_h2h
45489,k2v2_2017_1st_Ans_FC _0710,kor.2,,,Ansan Greeners,FC Anyang,2017-08-19,2,2,,D,,,k2_2014_2021_h2h,k2_2014_2021_h2h
45490,k2v2_2017_1st_Ans_Chu_0711,kor.2,,,Ansan Greeners,Chungnam Asan,2017-08-20,0,1,,A,,,k2_2014_2021_h2h,k2_2014_2021_h2h
45491,k2v2_2017_1st_Ans_Buc_0712,kor.2,,,Ansan Greeners,Bucheon FC 1995,2017-08-21,0,2,,A,,,k2_2014_2021_h2h,k2_2014_2021_h2h
45492,k2v2_2017_1st_Ans_Bus_0713,kor.2,,,Ansan Greeners,Busan IPark,2017-08-22,0,1,,A,,,k2_2014_2021_h2h,k2_2014_2021_h2h
45493,k2v2_2017_1st_Ans_Dae_0714,kor.2,,,Ansan Greeners,Daejeon Hana Citizen,2017-08-23,1,1,,D,,,k2_2014_2021_h2h,k2_2014_2021_h2h
45494,k2v2_2017_1st_Ans_Gye_0715,kor.2,,,Ansan Greeners,Gyeongnam FC,2017-08-24,1,0,,H,,,k2_2014_2021_h2h,k2_2014_2021_h2h
45495,k2v2_2017_1st_Ans_SEN_0716,kor.2,,,Ansan Greeners,SEN,2017-08-25,1,1,,D,,,k2_2014_2021_h2h,k2_2014_2021_h2h
45496,k2v2_2017_1st_Ans_Seo_0717,kor.2,,,Ansan Greeners,Seoul E-Land,2017-08-26,1,1,,D,,,k2_2014_2021_h2h,k2_2014_2021_h2h
45497,k2v2_2017_1st_Ans_Suw_0718,kor.2,,,Ansan Greeners,Suwon FC,2017-08-27,0,0,,D,,,k2_2014_2021_h2h,k2_2014_2021_h2h
45498,k2v2_2017_1st_FC _Ans_0719,kor.2,,,FC Anyang,Ansan Greeners,2017-08-28,2,0,,H,,,k2_2014_2021_h2h,k2_2014_2021_h2h
45499,k2v2_2017_1st_FC _Chu_0720,kor.2,,,FC Anyang,Chungnam Asan,2017-03-02,1,3,,A,,,k2_2014_2021_h2h,k2_2014_2021_h2h
45500,k2v2_2017_1st_FC _Buc_0721,kor.2,,,FC Anyang,Bucheon FC 1995,2017-03-03,1,3,,A,,,k2_2014_2021_h2h,k2_2014_2021_h2h
45501,k2v2_2017_1st_FC _Bus_0722,kor.2,,,FC Anyang,Busan IPark,2017-03-04,1,2,,A,,,k2_2014_2021_h2h,k2_2014_2021_h2h
45502,k2v2_2017_1st_FC _Dae_0723,kor.2,,,FC Anyang,Daejeon Hana Citizen,2017-03-05,0,0,,D,,,k2_2014_2021_h2h,k2_2014_2021_h2h
45503,k2v2_2017_1st_FC _Gye_0724,kor.2,,,FC Anyang,Gyeongnam FC,2017-03-06,1,4,,A,,,k2_2014_2021_h2h,k2_2014_2021_h2h
45504,k2v2_2017_1st_FC _SEN_0725,kor.2,,,FC Anyang,SEN,2017-03-07,1,3,,A,,,k2_2014_2021_h2h,k2_2014_2021_h2h
45505,k2v2_2017_1st_FC _Seo_0726,kor.2,,,FC Anyang,Seoul E-Land,2017-03-08,2,0,,H,,,k2_2014_2021_h2h,k2_2014_2021_h2h
45506,k2v2_2017_1st_FC _Suw_0727,kor.2,,,FC Anyang,Suwon FC,2017-03-09,0,0,,D,,,k2_2014_2021_h2h,k2_2014_2021_h2h
45507,k2v2_2017_1st_Chu_Ans_0728,kor.2,,,Chungnam Asan,Ansan Greeners,2017-03-10,0,0,,D,,,k2_2014_2021_h2h,k2_2014_2021_h2h
45508,k2v2_2017_1st_Chu_FC _0729,kor.2,,,Chungnam Asan,FC Anyang,2017-03-11,2,0,,H,,,k2_2014_2021_h2h,k2_2014_2021_h2h
45509,k2v2_2017_1st_Chu_Buc_0730,kor.2,,,Chungnam Asan,Bucheon FC 1995,2017-03-12,1,1,,D,,,k2_2014_2021_h2h,k2_2014_2021_h2h
45510,k2v2_2017_1st_Chu_Bus_0731,kor.2,,,Chungnam Asan,Busan IPark,2017-03-13,0,1,,A,,,k2_2014_2021_h2h,k2_2014_2021_h2h
45511,k2v2_2017_1st_Chu_Dae_0732,kor.2,,,Chungnam Asan,Daejeon Hana Citizen,2017-03-14,1,2,,A,,,k2_2014_2021_h2h,k2_2014_2021_h2h
45512,k2v2_2017_1st_Chu_Gye_0733,kor.2,,,Chungnam Asan,Gyeongnam FC,2017-03-15,2,3,,A,,,k2_2014_2021_h2h,k2_2014_2021_h2h
45513,k2v2_2017_1st_Chu_SEN_0734,kor.2,,,Chungnam Asan,SEN,2017-03-16,0,2,,A,,,k2_2014_2021_h2h,k2_2014_2021_h2h
45514,k2v2_2017_1st_Chu_Seo_0735,kor.2,,,Chungnam Asan,Seoul E-Land,2017-03-17,2,0,,H,,,k2_2014_2021_h2h,k2_2014_2021_h2h
45515,k2v2_2017_1st_Chu_Suw_0736,kor.2,,,Chungnam Asan,Suwon FC,2017-03-18,2,1,,H,,,k2_2014_2021_h2h,k2_2014_2021_h2h
45516,k2v2_2017_1st_Buc_Ans_0737,kor.2,,,Bucheon FC 1995,Ansan Greeners,2017-03-19,1,1,,D,,,k2_2014_2021_h2h,k2_2014_2021_h2h
45517,k2v2_2017_1st_Buc_FC _0738,kor.2,,,Bucheon FC 1995,FC Anyang,2017-03-20,0,0,,D,,,k2_2014_2021_h2h,k2_2014_2021_h2h
45518,k2v2_2017_1st_Buc_Chu_0739,kor.2,,,Bucheon FC 1995,Chungnam Asan,2017-03-21,3,0,,H,,,k2_2014_2021_h2h,k2_2014_2021_h2h
45519,k2v2_2017_1st_Buc_Bus_0740,kor.2,,,Bucheon FC 1995,Busan IPark,2017-03-22,0,2,,A,,,k2_2014_2021_h2h,k2_2014_2021_h2h
45520,k2v2_2017_1st_Buc_Dae_0741,kor.2,,,Bucheon FC 1995,Daejeon Hana Citizen,2017-03-23,1,0,,H,,,k2_2014_2021_h2h,k2_2014_2021_h2h
45521,k2v2_2017_1st_Buc_Gye_0742,kor.2,,,Bucheon FC 1995,Gyeongnam FC,2017-03-24,2,4,,A,,,k2_2014_2021_h2h,k2_2014_2021_h2h
45522,k2v2_2017_1st_Buc_SEN_0743,kor.2,,,Bucheon FC 1995,SEN,2017-03-25,3,2,,H,,,k2_2014_2021_h2h,k2_2014_2021_h2h
45523,k2v2_2017_1st_Buc_Seo_0744,kor.2,,,Bucheon FC 1995,Seoul E-Land,2017-03-26,1,0,,H,,,k2_2014_2021_h2h,k2_2014_2021_h2h
45524,k2v2_2017_1st_Buc_Suw_0745,kor.2,,,Bucheon FC 1995,Suwon FC,2017-03-27,0,1,,A,,,k2_2014_2021_h2h,k2_2014_2021_h2h
45525,k2v2_2017_1st_Bus_Ans_0746,kor.2,,,Busan IPark,Ansan Greeners,2017-03-28,3,0,,H,,,k2_2014_2021_h2h,k2_2014_2021_h2h
45526,k2v2_2017_1st_Bus_FC _0747,kor.2,,,Busan IPark,FC Anyang,2017-03-29,0,0,,D,,,k2_2014_2021_h2h,k2_2014_2021_h2h
45527,k2v2_2017_1st_Bus_Chu_0748,kor.2,,,Busan IPark,Chungnam Asan,2017-03-30,1,1,,D,,,k2_2014_2021_h2h,k2_2014_2021_h2h
45528,k2v2_2017_1st_Bus_Buc_0749,kor.2,,,Busan IPark,Bucheon FC 1995,2017-03-31,1,0,,H,,,k2_2014_2021_h2h,k2_2014_2021_h2h
45529,k2v2_2017_1st_Bus_Dae_0750,kor.2,,,Busan IPark,Daejeon Hana Citizen,2017-04-01,4,2,,H,,,k2_2014_2021_h2h,k2_2014_2021_h2h
45530,k2v2_2017_1st_Bus_Gye_0751,kor.2,,,Busan IPark,Gyeongnam FC,2017-04-02,1,2,,A,,,k2_2014_2021_h2h,k2_2014_2021_h2h
45531,k2v2_2017_1st_Bus_SEN_0752,kor.2,,,Busan IPark,SEN,2017-04-03,0,0,,D,,,k2_2014_2021_h2h,k2_2014_2021_h2h
45532,k2v2_2017_1st_Bus_Seo_0753,kor.2,,,Busan IPark,Seoul E-Land,2017-04-04,2,1,,H,,,k2_2014_2021_h2h,k2_2014_2021_h2h
45533,k2v2_2017_1st_Bus_Suw_0754,kor.2,,,Busan IPark,Suwon FC,2017-04-05,2,2,,D,,,k2_2014_2021_h2h,k2_2014_2021_h2h
45534,k2v2_2017_1st_Dae_Ans_0755,kor.2,,,Daejeon Hana Citizen,Ansan Greeners,2017-04-06,1,1,,D,,,k2_2014_2021_h2h,k2_2014_2021_h2h
45535,k2v2_2017_1st_Dae_FC _0756,kor.2,,,Daejeon Hana Citizen,FC Anyang,2017-04-07,2,0,,H,,,k2_2014_2021_h2h,k2_2014_2021_h2h
45536,k2v2_2017_1st_Dae_Chu_0757,kor.2,,,Daejeon Hana Citizen,Chungnam Asan,2017-04-08,1,1,,D,,,k2_2014_2021_h2h,k2_2014_2021_h2h
45537,k2v2_2017_1st_Dae_Buc_0758,kor.2,,,Daejeon Hana Citizen,Bucheon FC 1995,2017-04-09,0,1,,A,,,k2_2014_2021_h2h,k2_2014_2021_h2h
45538,k2v2_2017_1st_Dae_Bus_0759,kor.2,,,Daejeon Hana Citizen,Busan IPark,2017-04-10,0,0,,D,,,k2_2014_2021_h2h,k2_2014_2021_h2h
45539,k2v2_2017_1st_Dae_Gye_0760,kor.2,,,Daejeon Hana Citizen,Gyeongnam FC,2017-04-11,2,1,,H,,,k2_2014_2021_h2h,k2_2014_2021_h2h
45540,k2v2_2017_1st_Dae_SEN_0761,kor.2,,,Daejeon Hana Citizen,SEN,2017-04-12,1,4,,A,,,k2_2014_2021_h2h,k2_2014_2021_h2h
45541,k2v2_2017_1st_Dae_Seo_0762,kor.2,,,Daejeon Hana Citizen,Seoul E-Land,2017-04-13,0,1,,A,,,k2_2014_2021_h2h,k2_2014_2021_h2h
45542,k2v2_2017_1st_Dae_Suw_0763,kor.2,,,Daejeon Hana Citizen,Suwon FC,2017-04-14,2,0,,H,,,k2_2014_2021_h2h,k2_2014_2021_h2h
45543,k2v2_2017_1st_Gye_Ans_0764,kor.2,,,Gyeongnam FC,Ansan Greeners,2017-04-15,3,1,,H,,,k2_2014_2021_h2h,k2_2014_2021_h2h
45544,k2v2_2017_1st_Gye_FC _0765,kor.2,,,Gyeongnam FC,FC Anyang,2017-04-16,0,1,,A,,,k2_2014_2021_h2h,k2_2014_2021_h2h
45545,k2v2_2017_1st_Gye_Chu_0766,kor.2,,,Gyeongnam FC,Chungnam Asan,2017-04-17,3,1,,H,,,k2_2014_2021_h2h,k2_2014_2021_h2h
45546,k2v2_2017_1st_Gye_Buc_0767,kor.2,,,Gyeongnam FC,Bucheon FC 1995,2017-04-18,2,1,,H,,,k2_2014_2021_h2h,k2_2014_2021_h2h
45547,k2v2_2017_1st_Gye_Bus_0768,kor.2,,,Gyeongnam FC,Busan IPark,2017-04-19,2,0,,H,,,k2_2014_2021_h2h,k2_2014_2021_h2h
45548,k2v2_2017_1st_Gye_Dae_0769,kor.2,,,Gyeongnam FC,Daejeon Hana Citizen,2017-04-20,4,2,,H,,,k2_2014_2021_h2h,k2_2014_2021_h2h
45549,k2v2_2017_1st_Gye_SEN_0770,kor.2,,,Gyeongnam FC,SEN,2017-04-21,1,0,,H,,,k2_2014_2021_h2h,k2_2014_2021_h2h
45550,k2v2_2017_1st_Gye_Seo_0771,kor.2,,,Gyeongnam FC,Seoul E-Land,2017-04-22,2,1,,H,,,k2_2014_2021_h2h,k2_2014_2021_h2h
45551,k2v2_2017_1st_Gye_Suw_0772,kor.2,,,Gyeongnam FC,Suwon FC,2017-04-23,2,2,,D,,,k2_2014_2021_h2h,k2_2014_2021_h2h
45552,k2v2_2017_1st_Seo_Ans_0773,kor.2,,,Seongnam FC,Ansan Greeners,2017-04-24,1,0,,H,,,k2_2014_2021_h2h,k2_2014_2021_h2h
45553,k2v2_2017_1st_Seo_FC _0774,kor.2,,,Seongnam FC,FC Anyang,2017-04-25,1,0,,H,,,k2_2014_2021_h2h,k2_2014_2021_h2h
45554,k2v2_2017_1st_Seo_Chu_0775,kor.2,,,Seongnam FC,Chungnam Asan,2017-04-26,1,0,,H,,,k2_2014_2021_h2h,k2_2014_2021_h2h
45555,k2v2_2017_1st_Seo_Buc_0776,kor.2,,,Seongnam FC,Bucheon FC 1995,2017-04-27,1,1,,D,,,k2_2014_2021_h2h,k2_2014_2021_h2h
45556,k2v2_2017_1st_Seo_Bus_0777,kor.2,,,Seongnam FC,Busan IPark,2017-04-28,1,1,,D,,,k2_2014_2021_h2h,k2_2014_2021_h2h
45557,k2v2_2017_1st_Seo_Dae_0778,kor.2,,,Seongnam FC,Daejeon Hana Citizen,2017-04-29,1,1,,D,,,k2_2014_2021_h2h,k2_2014_2021_h2h
45558,k2v2_2017_1st_Seo_Gye_0779,kor.2,,,Seongnam FC,Gyeongnam FC,2017-04-30,1,3,,A,,,k2_2014_2021_h2h,k2_2014_2021_h2h
45559,k2v2_2017_1st_Seo_Seo_0780,kor.2,,,Seongnam FC,Seoul E-Land,2017-05-01,2,2,,D,,,k2_2014_2021_h2h,k2_2014_2021_h2h
45560,k2v2_2017_1st_Seo_Suw_0781,kor.2,,,Seongnam FC,Suwon FC,2017-05-02,3,0,,H,,,k2_2014_2021_h2h,k2_2014_2021_h2h
45561,k2v2_2017_1st_Seo_Ans_0782,kor.2,,,Seoul E-Land,Ansan Greeners,2017-05-03,3,3,,D,,,k2_2014_2021_h2h,k2_2014_2021_h2h
45562,k2v2_2017_1st_Seo_FC _0783,kor.2,,,Seoul E-Land,FC Anyang,2017-05-04,2,3,,A,,,k2_2014_2021_h2h,k2_2014_2021_h2h
45563,k2v2_2017_1st_Seo_Chu_0784,kor.2,,,Seoul E-Land,Chungnam Asan,2017-05-05,3,2,,H,,,k2_2014_2021_h2h,k2_2014_2021_h2h
45564,k2v2_2017_1st_Seo_Buc_0785,kor.2,,,Seoul E-Land,Bucheon FC 1995,2017-05-06,2,2,,D,,,k2_2014_2021_h2h,k2_2014_2021_h2h
45565,k2v2_2017_1st_Seo_Bus_0786,kor.2,,,Seoul E-Land,Busan IPark,2017-05-07,2,2,,D,,,k2_2014_2021_h2h,k2_2014_2021_h2h
45566,k2v2_2017_1st_Seo_Dae_0787,kor.2,,,Seoul E-Land,Daejeon Hana Citizen,2017-05-08,0,0,,D,,,k2_2014_2021_h2h,k2_2014_2021_h2h
45567,k2v2_2017_1st_Seo_Gye_0788,kor.2,,,Seoul E-Land,Gyeongnam FC,2017-05-09,1,0,,H,,,k2_2014_2021_h2h,k2_2014_2021_h2h
45568,k2v2_2017_1st_Seo_SEN_0789,kor.2,,,Seoul E-Land,SEN,2017-05-10,1,1,,D,,,k2_2014_2021_h2h,k2_2014_2021_h2h
45569,k2v2_2017_1st_Seo_Suw_0790,kor.2,,,Seoul E-Land,Suwon FC,2017-05-11,0,0,,D,,,k2_2014_2021_h2h,k2_2014_2021_h2h
45570,k2v2_2017_1st_Suw_Ans_0791,kor.2,,,Suwon FC,Ansan Greeners,2017-05-12,0,2,,A,,,k2_2014_2021_h2h,k2_2014_2021_h2h
45571,k2v2_2017_1st_Suw_FC _0792,kor.2,,,Suwon FC,FC Anyang,2017-05-13,4,0,,H,,,k2_2014_2021_h2h,k2_2014_2021_h2h
45572,k2v2_2017_1st_Suw_Chu_0793,kor.2,,,Suwon FC,Chungnam Asan,2017-05-14,0,1,,A,,,k2_2014_2021_h2h,k2_2014_2021_h2h
45573,k2v2_2017_1st_Suw_Buc_0794,kor.2,,,Suwon FC,Bucheon FC 1995,2017-05-15,1,2,,A,,,k2_2014_2021_h2h,k2_2014_2021_h2h
45574,k2v2_2017_1st_Suw_Bus_0795,kor.2,,,Suwon FC,Busan IPark,2017-05-16,0,1,,A,,,k2_2014_2021_h2h,k2_2014_2021_h2h
45575,k2v2_2017_1st_Suw_Dae_0796,kor.2,,,Suwon FC,Daejeon Hana Citizen,2017-05-17,3,2,,H,,,k2_2014_2021_h2h,k2_2014_2021_h2h
45576,k2v2_2017_1st_Suw_Gye_0797,kor.2,,,Suwon FC,Gyeongnam FC,2017-05-18,2,1,,H,,,k2_2014_2021_h2h,k2_2014_2021_h2h
45577,k2v2_2017_1st_Suw_SEN_0798,kor.2,,,Suwon FC,SEN,2017-05-19,0,0,,D,,,k2_2014_2021_h2h,k2_2014_2021_h2h
45578,k2v2_2017_1st_Suw_Seo_0799,kor.2,,,Suwon FC,Seoul E-Land,2017-05-20,3,1,,H,,,k2_2014_2021_h2h,k2_2014_2021_h2h
45579,k2v2_2018_2nd_Ans_FC _0800,kor.2,,,Ansan Greeners,FC Anyang,2018-09-08,2,1,,H,,,k2_2014_2021_h2h,k2_2014_2021_h2h
45580,k2v2_2018_2nd_Ans_Chu_0801,kor.2,,,Ansan Greeners,Chungnam Asan,2018-09-09,0,2,,A,,,k2_2014_2021_h2h,k2_2014_2021_h2h
45581,k2v2_2018_2nd_Ans_Buc_0802,kor.2,,,Ansan Greeners,Bucheon FC 1995,2018-09-10,3,1,,H,,,k2_2014_2021_h2h,k2_2014_2021_h2h
45582,k2v2_2018_2nd_Ans_Bus_0803,kor.2,,,Ansan Greeners,Busan IPark,2018-09-11,1,3,,A,,,k2_2014_2021_h2h,k2_2014_2021_h2h
45583,k2v2_2018_2nd_Ans_Dae_0804,kor.2,,,Ansan Greeners,Daejeon Hana Citizen,2018-09-12,3,2,,H,,,k2_2014_2021_h2h,k2_2014_2021_h2h
45584,k2v2_2018_2nd_Ans_Gwa_0805,kor.2,,,Ansan Greeners,Gwangju FC,2018-09-13,2,0,,H,,,k2_2014_2021_h2h,k2_2014_2021_h2h
45585,k2v2_2018_2nd_Ans_SEN_0806,kor.2,,,Ansan Greeners,SEN,2018-09-14,2,1,,H,,,k2_2014_2021_h2h,k2_2014_2021_h2h
45586,k2v2_2018_2nd_Ans_Seo_0807,kor.2,,,Ansan Greeners,Seoul E-Land,2018-09-15,0,2,,A,,,k2_2014_2021_h2h,k2_2014_2021_h2h
45587,k2v2_2018_2nd_Ans_Suw_0808,kor.2,,,Ansan Greeners,Suwon FC,2018-09-16,1,0,,H,,,k2_2014_2021_h2h,k2_2014_2021_h2h
45588,k2v2_2018_2nd_FC _Ans_0809,kor.2,,,FC Anyang,Ansan Greeners,2018-09-17,1,0,,H,,,k2_2014_2021_h2h,k2_2014_2021_h2h
45589,k2v2_2018_2nd_FC _Chu_0810,kor.2,,,FC Anyang,Chungnam Asan,2018-09-18,0,3,,A,,,k2_2014_2021_h2h,k2_2014_2021_h2h
45590,k2v2_2018_2nd_FC _Buc_0811,kor.2,,,FC Anyang,Bucheon FC 1995,2018-09-19,0,3,,A,,,k2_2014_2021_h2h,k2_2014_2021_h2h
45591,k2v2_2018_2nd_FC _Bus_0812,kor.2,,,FC Anyang,Busan IPark,2018-09-20,2,2,,D,,,k2_2014_2021_h2h,k2_2014_2021_h2h
45592,k2v2_2018_2nd_FC _Dae_0813,kor.2,,,FC Anyang,Daejeon Hana Citizen,2018-09-21,1,1,,D,,,k2_2014_2021_h2h,k2_2014_2021_h2h
45593,k2v2_2018_2nd_FC _Gwa_0814,kor.2,,,FC Anyang,Gwangju FC,2018-09-22,3,2,,H,,,k2_2014_2021_h2h,k2_2014_2021_h2h
45594,k2v2_2018_2nd_FC _SEN_0815,kor.2,,,FC Anyang,SEN,2018-09-23,2,3,,A,,,k2_2014_2021_h2h,k2_2014_2021_h2h
45595,k2v2_2018_2nd_FC _Seo_0816,kor.2,,,FC Anyang,Seoul E-Land,2018-09-24,2,0,,H,,,k2_2014_2021_h2h,k2_2014_2021_h2h
45596,k2v2_2018_2nd_FC _Suw_0817,kor.2,,,FC Anyang,Suwon FC,2018-09-25,0,1,,A,,,k2_2014_2021_h2h,k2_2014_2021_h2h
45597,k2v2_2018_2nd_Chu_Ans_0818,kor.2,,,Chungnam Asan,Ansan Greeners,2018-09-26,1,0,,H,,,k2_2014_2021_h2h,k2_2014_2021_h2h
45598,k2v2_2018_2nd_Chu_FC _0819,kor.2,,,Chungnam Asan,FC Anyang,2018-09-27,1,1,,D,,,k2_2014_2021_h2h,k2_2014_2021_h2h
45599,k2v2_2018_2nd_Chu_Buc_0820,kor.2,,,Chungnam Asan,Bucheon FC 1995,2018-09-28,4,2,,H,,,k2_2014_2021_h2h,k2_2014_2021_h2h
45600,k2v2_2018_2nd_Chu_Bus_0821,kor.2,,,Chungnam Asan,Busan IPark,2018-09-29,1,1,,D,,,k2_2014_2021_h2h,k2_2014_2021_h2h
45601,k2v2_2018_2nd_Chu_Dae_0822,kor.2,,,Chungnam Asan,Daejeon Hana Citizen,2018-09-30,0,1,,A,,,k2_2014_2021_h2h,k2_2014_2021_h2h
45602,k2v2_2018_2nd_Chu_Gwa_0823,kor.2,,,Chungnam Asan,Gwangju FC,2018-10-01,1,2,,A,,,k2_2014_2021_h2h,k2_2014_2021_h2h
45603,k2v2_2018_2nd_Chu_SEN_0824,kor.2,,,Chungnam Asan,SEN,2018-10-02,4,2,,H,,,k2_2014_2021_h2h,k2_2014_2021_h2h
45604,k2v2_2018_2nd_Chu_Seo_0825,kor.2,,,Chungnam Asan,Seoul E-Land,2018-10-03,3,0,,H,,,k2_2014_2021_h2h,k2_2014_2021_h2h
45605,k2v2_2018_2nd_Chu_Suw_0826,kor.2,,,Chungnam Asan,Suwon FC,2018-10-04,2,0,,H,,,k2_2014_2021_h2h,k2_2014_2021_h2h
45606,k2v2_2018_2nd_Buc_Ans_0827,kor.2,,,Bucheon FC 1995,Ansan Greeners,2018-10-05,1,1,,D,,,k2_2014_2021_h2h,k2_2014_2021_h2h
45607,k2v2_2018_2nd_Buc_FC _0828,kor.2,,,Bucheon FC 1995,FC Anyang,2018-10-06,1,2,,A,,,k2_2014_2021_h2h,k2_2014_2021_h2h
45608,k2v2_2018_2nd_Buc_Chu_0829,kor.2,,,Bucheon FC 1995,Chungnam Asan,2018-10-07,0,1,,A,,,k2_2014_2021_h2h,k2_2014_2021_h2h
45609,k2v2_2018_2nd_Buc_Bus_0830,kor.2,,,Bucheon FC 1995,Busan IPark,2018-10-08,1,0,,H,,,k2_2014_2021_h2h,k2_2014_2021_h2h
45610,k2v2_2018_2nd_Buc_Dae_0831,kor.2,,,Bucheon FC 1995,Daejeon Hana Citizen,2018-10-09,0,2,,A,,,k2_2014_2021_h2h,k2_2014_2021_h2h
45611,k2v2_2018_2nd_Buc_Gwa_0832,kor.2,,,Bucheon FC 1995,Gwangju FC,2018-10-10,1,0,,H,,,k2_2014_2021_h2h,k2_2014_2021_h2h
45612,k2v2_2018_2nd_Buc_SEN_0833,kor.2,,,Bucheon FC 1995,SEN,2018-10-11,1,2,,A,,,k2_2014_2021_h2h,k2_2014_2021_h2h
45613,k2v2_2018_2nd_Buc_Seo_0834,kor.2,,,Bucheon FC 1995,Seoul E-Land,2018-10-12,0,3,,A,,,k2_2014_2021_h2h,k2_2014_2021_h2h
45614,k2v2_2018_2nd_Buc_Suw_0835,kor.2,,,Bucheon FC 1995,Suwon FC,2018-10-13,4,1,,H,,,k2_2014_2021_h2h,k2_2014_2021_h2h
45615,k2v2_2018_2nd_Bus_Ans_0836,kor.2,,,Busan IPark,Ansan Greeners,2018-10-14,1,1,,D,,,k2_2014_2021_h2h,k2_2014_2021_h2h
45616,k2v2_2018_2nd_Bus_FC _0837,kor.2,,,Busan IPark,FC Anyang,2018-10-15,3,0,,H,,,k2_2014_2021_h2h,k2_2014_2021_h2h
45617,k2v2_2018_2nd_Bus_Chu_0838,kor.2,,,Busan IPark,Chungnam Asan,2018-10-16,1,0,,H,,,k2_2014_2021_h2h,k2_2014_2021_h2h
45618,k2v2_2018_2nd_Bus_Buc_0839,kor.2,,,Busan IPark,Bucheon FC 1995,2018-10-17,1,2,,A,,,k2_2014_2021_h2h,k2_2014_2021_h2h
45619,k2v2_2018_2nd_Bus_Dae_0840,kor.2,,,Busan IPark,Daejeon Hana Citizen,2018-10-18,3,3,,D,,,k2_2014_2021_h2h,k2_2014_2021_h2h
45620,k2v2_2018_2nd_Bus_Gwa_0841,kor.2,,,Busan IPark,Gwangju FC,2018-10-19,0,1,,A,,,k2_2014_2021_h2h,k2_2014_2021_h2h
45621,k2v2_2018_2nd_Bus_SEN_0842,kor.2,,,Busan IPark,SEN,2018-10-20,1,1,,D,,,k2_2014_2021_h2h,k2_2014_2021_h2h
45622,k2v2_2018_2nd_Bus_Seo_0843,kor.2,,,Busan IPark,Seoul E-Land,2018-10-21,2,0,,H,,,k2_2014_2021_h2h,k2_2014_2021_h2h
45623,k2v2_2018_2nd_Bus_Suw_0844,kor.2,,,Busan IPark,Suwon FC,2018-10-22,1,1,,D,,,k2_2014_2021_h2h,k2_2014_2021_h2h
45624,k2v2_2018_2nd_Dae_Ans_0845,kor.2,,,Daejeon Hana Citizen,Ansan Greeners,2018-10-23,1,1,,D,,,k2_2014_2021_h2h,k2_2014_2021_h2h
45625,k2v2_2018_2nd_Dae_FC _0846,kor.2,,,Daejeon Hana Citizen,FC Anyang,2018-10-24,3,2,,H,,,k2_2014_2021_h2h,k2_2014_2021_h2h
45626,k2v2_2018_2nd_Dae_Chu_0847,kor.2,,,Daejeon Hana Citizen,Chungnam Asan,2018-10-25,1,2,,A,,,k2_2014_2021_h2h,k2_2014_2021_h2h
45627,k2v2_2018_2nd_Dae_Buc_0848,kor.2,,,Daejeon Hana Citizen,Bucheon FC 1995,2018-10-26,1,2,,A,,,k2_2014_2021_h2h,k2_2014_2021_h2h
45628,k2v2_2018_2nd_Dae_Bus_0849,kor.2,,,Daejeon Hana Citizen,Busan IPark,2018-10-27,0,1,,A,,,k2_2014_2021_h2h,k2_2014_2021_h2h
45629,k2v2_2018_2nd_Dae_Gwa_0850,kor.2,,,Daejeon Hana Citizen,Gwangju FC,2018-10-28,1,2,,A,,,k2_2014_2021_h2h,k2_2014_2021_h2h
45630,k2v2_2018_2nd_Dae_SEN_0851,kor.2,,,Daejeon Hana Citizen,SEN,2018-10-29,1,2,,A,,,k2_2014_2021_h2h,k2_2014_2021_h2h
45631,k2v2_2018_2nd_Dae_Seo_0852,kor.2,,,Daejeon Hana Citizen,Seoul E-Land,2018-10-30,1,0,,H,,,k2_2014_2021_h2h,k2_2014_2021_h2h
45632,k2v2_2018_2nd_Dae_Suw_0853,kor.2,,,Daejeon Hana Citizen,Suwon FC,2018-10-31,0,2,,A,,,k2_2014_2021_h2h,k2_2014_2021_h2h
45633,k2v2_2018_2nd_Gwa_Ans_0854,kor.2,,,Gwangju FC,Ansan Greeners,2018-11-01,0,0,,D,,,k2_2014_2021_h2h,k2_2014_2021_h2h
45634,k2v2_2018_2nd_Gwa_FC _0855,kor.2,,,Gwangju FC,FC Anyang,2018-11-02,0,0,,D,,,k2_2014_2021_h2h,k2_2014_2021_h2h
45635,k2v2_2018_2nd_Gwa_Chu_0856,kor.2,,,Gwangju FC,Chungnam Asan,2018-11-03,2,2,,D,,,k2_2014_2021_h2h,k2_2014_2021_h2h
45636,k2v2_2018_2nd_Gwa_Buc_0857,kor.2,,,Gwangju FC,Bucheon FC 1995,2018-11-04,1,2,,A,,,k2_2014_2021_h2h,k2_2014_2021_h2h
45637,k2v2_2018_2nd_Gwa_Bus_0858,kor.2,,,Gwangju FC,Busan IPark,2018-11-05,1,1,,D,,,k2_2014_2021_h2h,k2_2014_2021_h2h
45638,k2v2_2018_2nd_Gwa_Dae_0859,kor.2,,,Gwangju FC,Daejeon Hana Citizen,2018-11-06,0,1,,A,,,k2_2014_2021_h2h,k2_2014_2021_h2h
45639,k2v2_2018_2nd_Gwa_SEN_0860,kor.2,,,Gwangju FC,SEN,2018-11-07,1,3,,A,,,k2_2014_2021_h2h,k2_2014_2021_h2h
45640,k2v2_2018_2nd_Gwa_Seo_0861,kor.2,,,Gwangju FC,Seoul E-Land,2018-11-08,3,0,,H,,,k2_2014_2021_h2h,k2_2014_2021_h2h
45641,k2v2_2018_2nd_Gwa_Suw_0862,kor.2,,,Gwangju FC,Suwon FC,2018-11-09,5,0,,H,,,k2_2014_2021_h2h,k2_2014_2021_h2h
45642,k2v2_2018_2nd_Seo_Ans_0863,kor.2,,,Seongnam FC,Ansan Greeners,2018-11-10,0,0,,D,,,k2_2014_2021_h2h,k2_2014_2021_h2h
45643,k2v2_2018_2nd_Seo_FC _0864,kor.2,,,Seongnam FC,FC Anyang,2018-11-11,1,1,,D,,,k2_2014_2021_h2h,k2_2014_2021_h2h
45644,k2v2_2018_2nd_Seo_Chu_0865,kor.2,,,Seongnam FC,Chungnam Asan,2018-11-12,1,0,,H,,,k2_2014_2021_h2h,k2_2014_2021_h2h
45645,k2v2_2018_2nd_Seo_Buc_0866,kor.2,,,Seongnam FC,Bucheon FC 1995,2018-11-13,2,1,,H,,,k2_2014_2021_h2h,k2_2014_2021_h2h
45646,k2v2_2018_2nd_Seo_Bus_0867,kor.2,,,Seongnam FC,Busan IPark,2018-11-14,0,1,,A,,,k2_2014_2021_h2h,k2_2014_2021_h2h
45647,k2v2_2018_2nd_Seo_Dae_0868,kor.2,,,Seongnam FC,Daejeon Hana Citizen,2018-11-15,4,2,,H,,,k2_2014_2021_h2h,k2_2014_2021_h2h
45648,k2v2_2018_2nd_Seo_Gwa_0869,kor.2,,,Seongnam FC,Gwangju FC,2018-11-16,0,0,,D,,,k2_2014_2021_h2h,k2_2014_2021_h2h
45649,k2v2_2018_2nd_Seo_Seo_0870,kor.2,,,Seongnam FC,Seoul E-Land,2018-11-17,1,1,,D,,,k2_2014_2021_h2h,k2_2014_2021_h2h
45650,k2v2_2018_2nd_Seo_Suw_0871,kor.2,,,Seongnam FC,Suwon FC,2018-11-18,2,1,,H,,,k2_2014_2021_h2h,k2_2014_2021_h2h
45651,k2v2_2018_2nd_Seo_Ans_0872,kor.2,,,Seoul E-Land,Ansan Greeners,2018-11-19,2,1,,H,,,k2_2014_2021_h2h,k2_2014_2021_h2h
45652,k2v2_2018_2nd_Seo_FC _0873,kor.2,,,Seoul E-Land,FC Anyang,2018-11-20,1,0,,H,,,k2_2014_2021_h2h,k2_2014_2021_h2h
45653,k2v2_2018_2nd_Seo_Chu_0874,kor.2,,,Seoul E-Land,Chungnam Asan,2018-11-21,0,0,,D,,,k2_2014_2021_h2h,k2_2014_2021_h2h
45654,k2v2_2018_2nd_Seo_Buc_0875,kor.2,,,Seoul E-Land,Bucheon FC 1995,2018-11-22,2,4,,A,,,k2_2014_2021_h2h,k2_2014_2021_h2h
45655,k2v2_2018_2nd_Seo_Bus_0876,kor.2,,,Seoul E-Land,Busan IPark,2018-11-23,2,2,,D,,,k2_2014_2021_h2h,k2_2014_2021_h2h
45656,k2v2_2018_2nd_Seo_Dae_0877,kor.2,,,Seoul E-Land,Daejeon Hana Citizen,2018-11-24,0,2,,A,,,k2_2014_2021_h2h,k2_2014_2021_h2h
45657,k2v2_2018_2nd_Seo_Gwa_0878,kor.2,,,Seoul E-Land,Gwangju FC,2018-11-25,0,0,,D,,,k2_2014_2021_h2h,k2_2014_2021_h2h
45658,k2v2_2018_2nd_Seo_SEN_0879,kor.2,,,Seoul E-Land,SEN,2018-11-26,1,1,,D,,,k2_2014_2021_h2h,k2_2014_2021_h2h
45659,k2v2_2018_2nd_Seo_Suw_0880,kor.2,,,Seoul E-Land,Suwon FC,2018-11-27,0,1,,A,,,k2_2014_2021_h2h,k2_2014_2021_h2h
45660,k2v2_2018_2nd_Suw_Ans_0881,kor.2,,,Suwon FC,Ansan Greeners,2018-11-28,1,0,,H,,,k2_2014_2021_h2h,k2_2014_2021_h2h
45661,k2v2_2018_2nd_Suw_FC _0882,kor.2,,,Suwon FC,FC Anyang,2018-11-29,1,0,,H,,,k2_2014_2021_h2h,k2_2014_2021_h2h
45662,k2v2_2018_2nd_Suw_Chu_0883,kor.2,,,Suwon FC,Chungnam Asan,2018-11-30,0,2,,A,,,k2_2014_2021_h2h,k2_2014_2021_h2h
45663,k2v2_2018_2nd_Suw_Buc_0884,kor.2,,,Suwon FC,Bucheon FC 1995,2018-12-01,0,1,,A,,,k2_2014_2021_h2h,k2_2014_2021_h2h
45664,k2v2_2018_2nd_Suw_Bus_0885,kor.2,,,Suwon FC,Busan IPark,2018-12-02,1,0,,H,,,k2_2014_2021_h2h,k2_2014_2021_h2h
45665,k2v2_2018_2nd_Suw_Dae_0886,kor.2,,,Suwon FC,Daejeon Hana Citizen,2018-12-03,1,2,,A,,,k2_2014_2021_h2h,k2_2014_2021_h2h
45666,k2v2_2018_2nd_Suw_Gwa_0887,kor.2,,,Suwon FC,Gwangju FC,2018-12-04,0,1,,A,,,k2_2014_2021_h2h,k2_2014_2021_h2h
45667,k2v2_2018_2nd_Suw_SEN_0888,kor.2,,,Suwon FC,SEN,2018-12-05,1,4,,A,,,k2_2014_2021_h2h,k2_2014_2021_h2h
45668,k2v2_2018_2nd_Suw_Seo_0889,kor.2,,,Suwon FC,Seoul E-Land,2018-12-06,1,0,,H,,,k2_2014_2021_h2h,k2_2014_2021_h2h
45669,k2v2_2018_1st_Ans_FC _0890,kor.2,,,Ansan Greeners,FC Anyang,2018-08-19,0,2,,A,,,k2_2014_2021_h2h,k2_2014_2021_h2h
45670,k2v2_2018_1st_Ans_Chu_0891,kor.2,,,Ansan Greeners,Chungnam Asan,2018-08-20,0,1,,A,,,k2_2014_2021_h2h,k2_2014_2021_h2h
45671,k2v2_2018_1st_Ans_Buc_0892,kor.2,,,Ansan Greeners,Bucheon FC 1995,2018-08-21,3,1,,H,,,k2_2014_2021_h2h,k2_2014_2021_h2h
45672,k2v2_2018_1st_Ans_Bus_0893,kor.2,,,Ansan Greeners,Busan IPark,2018-08-22,0,1,,A,,,k2_2014_2021_h2h,k2_2014_2021_h2h
45673,k2v2_2018_1st_Ans_Dae_0894,kor.2,,,Ansan Greeners,Daejeon Hana Citizen,2018-08-23,1,1,,D,,,k2_2014_2021_h2h,k2_2014_2021_h2h
45674,k2v2_2018_1st_Ans_Gwa_0895,kor.2,,,Ansan Greeners,Gwangju FC,2018-08-24,3,2,,H,,,k2_2014_2021_h2h,k2_2014_2021_h2h
45675,k2v2_2018_1st_Ans_SEN_0896,kor.2,,,Ansan Greeners,SEN,2018-08-25,0,1,,A,,,k2_2014_2021_h2h,k2_2014_2021_h2h
45676,k2v2_2018_1st_Ans_Seo_0897,kor.2,,,Ansan Greeners,Seoul E-Land,2018-08-26,0,0,,D,,,k2_2014_2021_h2h,k2_2014_2021_h2h
45677,k2v2_2018_1st_Ans_Suw_0898,kor.2,,,Ansan Greeners,Suwon FC,2018-08-27,0,1,,A,,,k2_2014_2021_h2h,k2_2014_2021_h2h
45678,k2v2_2018_1st_FC _Ans_0899,kor.2,,,FC Anyang,Ansan Greeners,2018-08-28,3,2,,H,,,k2_2014_2021_h2h,k2_2014_2021_h2h
45679,k2v2_2018_1st_FC _Chu_0900,kor.2,,,FC Anyang,Chungnam Asan,2018-03-02,3,0,,H,,,k2_2014_2021_h2h,k2_2014_2021_h2h
45680,k2v2_2018_1st_FC _Buc_0901,kor.2,,,FC Anyang,Bucheon FC 1995,2018-03-03,3,1,,H,,,k2_2014_2021_h2h,k2_2014_2021_h2h
45681,k2v2_2018_1st_FC _Bus_0902,kor.2,,,FC Anyang,Busan IPark,2018-03-04,1,2,,A,,,k2_2014_2021_h2h,k2_2014_2021_h2h
45682,k2v2_2018_1st_FC _Dae_0903,kor.2,,,FC Anyang,Daejeon Hana Citizen,2018-03-05,0,1,,A,,,k2_2014_2021_h2h,k2_2014_2021_h2h
45683,k2v2_2018_1st_FC _Gwa_0904,kor.2,,,FC Anyang,Gwangju FC,2018-03-06,0,0,,D,,,k2_2014_2021_h2h,k2_2014_2021_h2h
45684,k2v2_2018_1st_FC _SEN_0905,kor.2,,,FC Anyang,SEN,2018-03-07,1,1,,D,,,k2_2014_2021_h2h,k2_2014_2021_h2h
45685,k2v2_2018_1st_FC _Seo_0906,kor.2,,,FC Anyang,Seoul E-Land,2018-03-08,1,0,,H,,,k2_2014_2021_h2h,k2_2014_2021_h2h
45686,k2v2_2018_1st_FC _Suw_0907,kor.2,,,FC Anyang,Suwon FC,2018-03-09,3,1,,H,,,k2_2014_2021_h2h,k2_2014_2021_h2h
45687,k2v2_2018_1st_Chu_Ans_0908,kor.2,,,Chungnam Asan,Ansan Greeners,2018-03-10,2,0,,H,,,k2_2014_2021_h2h,k2_2014_2021_h2h
45688,k2v2_2018_1st_Chu_FC _0909,kor.2,,,Chungnam Asan,FC Anyang,2018-03-11,2,1,,H,,,k2_2014_2021_h2h,k2_2014_2021_h2h
45689,k2v2_2018_1st_Chu_Buc_0910,kor.2,,,Chungnam Asan,Bucheon FC 1995,2018-03-12,0,0,,D,,,k2_2014_2021_h2h,k2_2014_2021_h2h
45690,k2v2_2018_1st_Chu_Bus_0911,kor.2,,,Chungnam Asan,Busan IPark,2018-03-13,0,0,,D,,,k2_2014_2021_h2h,k2_2014_2021_h2h
45691,k2v2_2018_1st_Chu_Dae_0912,kor.2,,,Chungnam Asan,Daejeon Hana Citizen,2018-03-14,2,2,,D,,,k2_2014_2021_h2h,k2_2014_2021_h2h
45692,k2v2_2018_1st_Chu_Gwa_0913,kor.2,,,Chungnam Asan,Gwangju FC,2018-03-15,1,0,,H,,,k2_2014_2021_h2h,k2_2014_2021_h2h
45693,k2v2_2018_1st_Chu_SEN_0914,kor.2,,,Chungnam Asan,SEN,2018-03-16,1,0,,H,,,k2_2014_2021_h2h,k2_2014_2021_h2h
45694,k2v2_2018_1st_Chu_Seo_0915,kor.2,,,Chungnam Asan,Seoul E-Land,2018-03-17,3,1,,H,,,k2_2014_2021_h2h,k2_2014_2021_h2h
45695,k2v2_2018_1st_Chu_Suw_0916,kor.2,,,Chungnam Asan,Suwon FC,2018-03-18,2,1,,H,,,k2_2014_2021_h2h,k2_2014_2021_h2h
45696,k2v2_2018_1st_Buc_Ans_0917,kor.2,,,Bucheon FC 1995,Ansan Greeners,2018-03-19,1,2,,A,,,k2_2014_2021_h2h,k2_2014_2021_h2h
45697,k2v2_2018_1st_Buc_FC _0918,kor.2,,,Bucheon FC 1995,FC Anyang,2018-03-20,0,1,,A,,,k2_2014_2021_h2h,k2_2014_2021_h2h
45698,k2v2_2018_1st_Buc_Chu_0919,kor.2,,,Bucheon FC 1995,Chungnam Asan,2018-03-21,0,1,,A,,,k2_2014_2021_h2h,k2_2014_2021_h2h
45699,k2v2_2018_1st_Buc_Bus_0920,kor.2,,,Bucheon FC 1995,Busan IPark,2018-03-22,0,0,,D,,,k2_2014_2021_h2h,k2_2014_2021_h2h
45700,k2v2_2018_1st_Buc_Dae_0921,kor.2,,,Bucheon FC 1995,Daejeon Hana Citizen,2018-03-23,1,1,,D,,,k2_2014_2021_h2h,k2_2014_2021_h2h
45701,k2v2_2018_1st_Buc_Gwa_0922,kor.2,,,Bucheon FC 1995,Gwangju FC,2018-03-24,0,1,,A,,,k2_2014_2021_h2h,k2_2014_2021_h2h
45702,k2v2_2018_1st_Buc_SEN_0923,kor.2,,,Bucheon FC 1995,SEN,2018-03-25,0,1,,A,,,k2_2014_2021_h2h,k2_2014_2021_h2h
45703,k2v2_2018_1st_Buc_Seo_0924,kor.2,,,Bucheon FC 1995,Seoul E-Land,2018-03-26,0,2,,A,,,k2_2014_2021_h2h,k2_2014_2021_h2h
45704,k2v2_2018_1st_Buc_Suw_0925,kor.2,,,Bucheon FC 1995,Suwon FC,2018-03-27,2,0,,H,,,k2_2014_2021_h2h,k2_2014_2021_h2h
45705,k2v2_2018_1st_Bus_Ans_0926,kor.2,,,Busan IPark,Ansan Greeners,2018-03-28,0,0,,D,,,k2_2014_2021_h2h,k2_2014_2021_h2h
45706,k2v2_2018_1st_Bus_FC _0927,kor.2,,,Busan IPark,FC Anyang,2018-03-29,4,3,,H,,,k2_2014_2021_h2h,k2_2014_2021_h2h
45707,k2v2_2018_1st_Bus_Chu_0928,kor.2,,,Busan IPark,Chungnam Asan,2018-03-30,1,2,,A,,,k2_2014_2021_h2h,k2_2014_2021_h2h
45708,k2v2_2018_1st_Bus_Buc_0929,kor.2,,,Busan IPark,Bucheon FC 1995,2018-03-31,1,1,,D,,,k2_2014_2021_h2h,k2_2014_2021_h2h
45709,k2v2_2018_1st_Bus_Dae_0930,kor.2,,,Busan IPark,Daejeon Hana Citizen,2018-04-01,1,2,,A,,,k2_2014_2021_h2h,k2_2014_2021_h2h
45710,k2v2_2018_1st_Bus_Gwa_0931,kor.2,,,Busan IPark,Gwangju FC,2018-04-02,2,2,,D,,,k2_2014_2021_h2h,k2_2014_2021_h2h
45711,k2v2_2018_1st_Bus_SEN_0932,kor.2,,,Busan IPark,SEN,2018-04-03,2,0,,H,,,k2_2014_2021_h2h,k2_2014_2021_h2h
45712,k2v2_2018_1st_Bus_Seo_0933,kor.2,,,Busan IPark,Seoul E-Land,2018-04-04,3,1,,H,,,k2_2014_2021_h2h,k2_2014_2021_h2h
45713,k2v2_2018_1st_Bus_Suw_0934,kor.2,,,Busan IPark,Suwon FC,2018-04-05,0,1,,A,,,k2_2014_2021_h2h,k2_2014_2021_h2h
45714,k2v2_2018_1st_Dae_Ans_0935,kor.2,,,Daejeon Hana Citizen,Ansan Greeners,2018-04-06,1,0,,H,,,k2_2014_2021_h2h,k2_2014_2021_h2h
45715,k2v2_2018_1st_Dae_FC _0936,kor.2,,,Daejeon Hana Citizen,FC Anyang,2018-04-07,2,2,,D,,,k2_2014_2021_h2h,k2_2014_2021_h2h
45716,k2v2_2018_1st_Dae_Chu_0937,kor.2,,,Daejeon Hana Citizen,Chungnam Asan,2018-04-08,2,1,,H,,,k2_2014_2021_h2h,k2_2014_2021_h2h
45717,k2v2_2018_1st_Dae_Buc_0938,kor.2,,,Daejeon Hana Citizen,Bucheon FC 1995,2018-04-09,3,0,,H,,,k2_2014_2021_h2h,k2_2014_2021_h2h
45718,k2v2_2018_1st_Dae_Bus_0939,kor.2,,,Daejeon Hana Citizen,Busan IPark,2018-04-10,0,1,,A,,,k2_2014_2021_h2h,k2_2014_2021_h2h
45719,k2v2_2018_1st_Dae_Gwa_0940,kor.2,,,Daejeon Hana Citizen,Gwangju FC,2018-04-11,1,1,,D,,,k2_2014_2021_h2h,k2_2014_2021_h2h
45720,k2v2_2018_1st_Dae_SEN_0941,kor.2,,,Daejeon Hana Citizen,SEN,2018-04-12,0,1,,A,,,k2_2014_2021_h2h,k2_2014_2021_h2h
45721,k2v2_2018_1st_Dae_Seo_0942,kor.2,,,Daejeon Hana Citizen,Seoul E-Land,2018-04-13,1,0,,H,,,k2_2014_2021_h2h,k2_2014_2021_h2h
45722,k2v2_2018_1st_Dae_Suw_0943,kor.2,,,Daejeon Hana Citizen,Suwon FC,2018-04-14,1,0,,H,,,k2_2014_2021_h2h,k2_2014_2021_h2h
45723,k2v2_2018_1st_Gwa_Ans_0944,kor.2,,,Gwangju FC,Ansan Greeners,2018-04-15,4,0,,H,,,k2_2014_2021_h2h,k2_2014_2021_h2h
45724,k2v2_2018_1st_Gwa_FC _0945,kor.2,,,Gwangju FC,FC Anyang,2018-04-16,2,1,,H,,,k2_2014_2021_h2h,k2_2014_2021_h2h
45725,k2v2_2018_1st_Gwa_Chu_0946,kor.2,,,Gwangju FC,Chungnam Asan,2018-04-17,1,1,,D,,,k2_2014_2021_h2h,k2_2014_2021_h2h
45726,k2v2_2018_1st_Gwa_Buc_0947,kor.2,,,Gwangju FC,Bucheon FC 1995,2018-04-18,1,1,,D,,,k2_2014_2021_h2h,k2_2014_2021_h2h
45727,k2v2_2018_1st_Gwa_Bus_0948,kor.2,,,Gwangju FC,Busan IPark,2018-04-19,3,3,,D,,,k2_2014_2021_h2h,k2_2014_2021_h2h
45728,k2v2_2018_1st_Gwa_Dae_0949,kor.2,,,Gwangju FC,Daejeon Hana Citizen,2018-04-20,1,2,,A,,,k2_2014_2021_h2h,k2_2014_2021_h2h
45729,k2v2_2018_1st_Gwa_SEN_0950,kor.2,,,Gwangju FC,SEN,2018-04-21,3,1,,H,,,k2_2014_2021_h2h,k2_2014_2021_h2h
45730,k2v2_2018_1st_Gwa_Seo_0951,kor.2,,,Gwangju FC,Seoul E-Land,2018-04-22,2,2,,D,,,k2_2014_2021_h2h,k2_2014_2021_h2h
45731,k2v2_2018_1st_Gwa_Suw_0952,kor.2,,,Gwangju FC,Suwon FC,2018-04-23,0,2,,A,,,k2_2014_2021_h2h,k2_2014_2021_h2h
45732,k2v2_2018_1st_Seo_Ans_0953,kor.2,,,Seongnam FC,Ansan Greeners,2018-04-24,1,1,,D,,,k2_2014_2021_h2h,k2_2014_2021_h2h
45733,k2v2_2018_1st_Seo_FC _0954,kor.2,,,Seongnam FC,FC Anyang,2018-04-25,1,0,,H,,,k2_2014_2021_h2h,k2_2014_2021_h2h
45734,k2v2_2018_1st_Seo_Chu_0955,kor.2,,,Seongnam FC,Chungnam Asan,2018-04-26,1,1,,D,,,k2_2014_2021_h2h,k2_2014_2021_h2h
45735,k2v2_2018_1st_Seo_Buc_0956,kor.2,,,Seongnam FC,Bucheon FC 1995,2018-04-27,2,1,,H,,,k2_2014_2021_h2h,k2_2014_2021_h2h
45736,k2v2_2018_1st_Seo_Bus_0957,kor.2,,,Seongnam FC,Busan IPark,2018-04-28,1,0,,H,,,k2_2014_2021_h2h,k2_2014_2021_h2h
45737,k2v2_2018_1st_Seo_Dae_0958,kor.2,,,Seongnam FC,Daejeon Hana Citizen,2018-04-29,2,0,,H,,,k2_2014_2021_h2h,k2_2014_2021_h2h
45738,k2v2_2018_1st_Seo_Gwa_0959,kor.2,,,Seongnam FC,Gwangju FC,2018-04-30,2,2,,D,,,k2_2014_2021_h2h,k2_2014_2021_h2h
45739,k2v2_2018_1st_Seo_Seo_0960,kor.2,,,Seongnam FC,Seoul E-Land,2018-05-01,1,2,,A,,,k2_2014_2021_h2h,k2_2014_2021_h2h
45740,k2v2_2018_1st_Seo_Suw_0961,kor.2,,,Seongnam FC,Suwon FC,2018-05-02,0,0,,D,,,k2_2014_2021_h2h,k2_2014_2021_h2h
45741,k2v2_2018_1st_Seo_Ans_0962,kor.2,,,Seoul E-Land,Ansan Greeners,2018-05-03,2,0,,H,,,k2_2014_2021_h2h,k2_2014_2021_h2h
45742,k2v2_2018_1st_Seo_FC _0963,kor.2,,,Seoul E-Land,FC Anyang,2018-05-04,0,1,,A,,,k2_2014_2021_h2h,k2_2014_2021_h2h
45743,k2v2_2018_1st_Seo_Chu_0964,kor.2,,,Seoul E-Land,Chungnam Asan,2018-05-05,0,4,,A,,,k2_2014_2021_h2h,k2_2014_2021_h2h
45744,k2v2_2018_1st_Seo_Buc_0965,kor.2,,,Seoul E-Land,Bucheon FC 1995,2018-05-06,0,1,,A,,,k2_2014_2021_h2h,k2_2014_2021_h2h
45745,k2v2_2018_1st_Seo_Bus_0966,kor.2,,,Seoul E-Land,Busan IPark,2018-05-07,0,5,,A,,,k2_2014_2021_h2h,k2_2014_2021_h2h
45746,k2v2_2018_1st_Seo_Dae_0967,kor.2,,,Seoul E-Land,Daejeon Hana Citizen,2018-05-08,1,0,,H,,,k2_2014_2021_h2h,k2_2014_2021_h2h
45747,k2v2_2018_1st_Seo_Gwa_0968,kor.2,,,Seoul E-Land,Gwangju FC,2018-05-09,1,4,,A,,,k2_2014_2021_h2h,k2_2014_2021_h2h
45748,k2v2_2018_1st_Seo_SEN_0969,kor.2,,,Seoul E-Land,SEN,2018-05-10,1,2,,A,,,k2_2014_2021_h2h,k2_2014_2021_h2h
45749,k2v2_2018_1st_Seo_Suw_0970,kor.2,,,Seoul E-Land,Suwon FC,2018-05-11,1,0,,H,,,k2_2014_2021_h2h,k2_2014_2021_h2h
45750,k2v2_2018_1st_Suw_Ans_0971,kor.2,,,Suwon FC,Ansan Greeners,2018-05-12,1,2,,A,,,k2_2014_2021_h2h,k2_2014_2021_h2h
45751,k2v2_2018_1st_Suw_FC _0972,kor.2,,,Suwon FC,FC Anyang,2018-05-13,3,0,,H,,,k2_2014_2021_h2h,k2_2014_2021_h2h
45752,k2v2_2018_1st_Suw_Chu_0973,kor.2,,,Suwon FC,Chungnam Asan,2018-05-14,0,1,,A,,,k2_2014_2021_h2h,k2_2014_2021_h2h
45753,k2v2_2018_1st_Suw_Buc_0974,kor.2,,,Suwon FC,Bucheon FC 1995,2018-05-15,2,0,,H,,,k2_2014_2021_h2h,k2_2014_2021_h2h
45754,k2v2_2018_1st_Suw_Bus_0975,kor.2,,,Suwon FC,Busan IPark,2018-05-16,0,3,,A,,,k2_2014_2021_h2h,k2_2014_2021_h2h
45755,k2v2_2018_1st_Suw_Dae_0976,kor.2,,,Suwon FC,Daejeon Hana Citizen,2018-05-17,3,2,,H,,,k2_2014_2021_h2h,k2_2014_2021_h2h
45756,k2v2_2018_1st_Suw_Gwa_0977,kor.2,,,Suwon FC,Gwangju FC,2018-05-18,1,1,,D,,,k2_2014_2021_h2h,k2_2014_2021_h2h
45757,k2v2_2018_1st_Suw_SEN_0978,kor.2,,,Suwon FC,SEN,2018-05-19,0,1,,A,,,k2_2014_2021_h2h,k2_2014_2021_h2h
45758,k2v2_2018_1st_Suw_Seo_0979,kor.2,,,Suwon FC,Seoul E-Land,2018-05-20,0,2,,A,,,k2_2014_2021_h2h,k2_2014_2021_h2h
45759,k2v2_2019_1st_Ans_FC _0980,kor.2,,,Ansan Greeners,FC Anyang,2019-05-21,1,1,,D,,,k2_2014_2021_h2h,k2_2014_2021_h2h
45760,k2v2_2019_1st_Ans_Chu_0981,kor.2,,,Ansan Greeners,Chungnam Asan,2019-05-22,1,0,,H,,,k2_2014_2021_h2h,k2_2014_2021_h2h
45761,k2v2_2019_1st_Ans_Buc_0982,kor.2,,,Ansan Greeners,Bucheon FC 1995,2019-05-23,0,1,,A,,,k2_2014_2021_h2h,k2_2014_2021_h2h
45762,k2v2_2019_1st_Ans_Bus_0983,kor.2,,,Ansan Greeners,Busan IPark,2019-05-24,0,0,,D,,,k2_2014_2021_h2h,k2_2014_2021_h2h
45763,k2v2_2019_1st_Ans_Dae_0984,kor.2,,,Ansan Greeners,Daejeon Hana Citizen,2019-05-25,1,2,,A,,,k2_2014_2021_h2h,k2_2014_2021_h2h
45764,k2v2_2019_1st_Ans_Gwa_0985,kor.2,,,Ansan Greeners,Gwangju FC,2019-05-26,0,0,,D,,,k2_2014_2021_h2h,k2_2014_2021_h2h
45765,k2v2_2019_1st_Ans_Jeo_0986,kor.2,,,Ansan Greeners,Jeonnam Dragons,2019-05-27,3,0,,H,,,k2_2014_2021_h2h,k2_2014_2021_h2h
45766,k2v2_2019_1st_Ans_Seo_0987,kor.2,,,Ansan Greeners,Seoul E-Land,2019-05-28,1,0,,H,,,k2_2014_2021_h2h,k2_2014_2021_h2h
45767,k2v2_2019_1st_Ans_Suw_0988,kor.2,,,Ansan Greeners,Suwon FC,2019-05-29,2,3,,A,,,k2_2014_2021_h2h,k2_2014_2021_h2h
45768,k2v2_2019_1st_FC _Ans_0989,kor.2,,,FC Anyang,Ansan Greeners,2019-05-30,0,0,,D,,,k2_2014_2021_h2h,k2_2014_2021_h2h
45769,k2v2_2019_1st_FC _Chu_0990,kor.2,,,FC Anyang,Chungnam Asan,2019-05-31,0,1,,A,,,k2_2014_2021_h2h,k2_2014_2021_h2h
45770,k2v2_2019_1st_FC _Buc_0991,kor.2,,,FC Anyang,Bucheon FC 1995,2019-06-01,2,2,,D,,,k2_2014_2021_h2h,k2_2014_2021_h2h
45771,k2v2_2019_1st_FC _Bus_0992,kor.2,,,FC Anyang,Busan IPark,2019-06-02,1,3,,A,,,k2_2014_2021_h2h,k2_2014_2021_h2h
45772,k2v2_2019_1st_FC _Dae_0993,kor.2,,,FC Anyang,Daejeon Hana Citizen,2019-06-03,2,1,,H,,,k2_2014_2021_h2h,k2_2014_2021_h2h
45773,k2v2_2019_1st_FC _Gwa_0994,kor.2,,,FC Anyang,Gwangju FC,2019-06-04,0,1,,A,,,k2_2014_2021_h2h,k2_2014_2021_h2h
45774,k2v2_2019_1st_FC _Jeo_0995,kor.2,,,FC Anyang,Jeonnam Dragons,2019-06-05,2,1,,H,,,k2_2014_2021_h2h,k2_2014_2021_h2h
45775,k2v2_2019_1st_FC _Seo_0996,kor.2,,,FC Anyang,Seoul E-Land,2019-06-06,2,1,,H,,,k2_2014_2021_h2h,k2_2014_2021_h2h
45776,k2v2_2019_1st_FC _Suw_0997,kor.2,,,FC Anyang,Suwon FC,2019-06-07,2,0,,H,,,k2_2014_2021_h2h,k2_2014_2021_h2h
45777,k2v2_2019_1st_Chu_Ans_0998,kor.2,,,Chungnam Asan,Ansan Greeners,2019-06-08,1,1,,D,,,k2_2014_2021_h2h,k2_2014_2021_h2h
45778,k2v2_2019_1st_Chu_FC _0999,kor.2,,,Chungnam Asan,FC Anyang,2019-06-09,0,2,,A,,,k2_2014_2021_h2h,k2_2014_2021_h2h
45779,k2v2_2019_1st_Chu_Buc_1000,kor.2,,,Chungnam Asan,Bucheon FC 1995,2019-06-10,3,2,,H,,,k2_2014_2021_h2h,k2_2014_2021_h2h
45780,k2v2_2019_1st_Chu_Bus_1001,kor.2,,,Chungnam Asan,Busan IPark,2019-06-11,2,5,,A,,,k2_2014_2021_h2h,k2_2014_2021_h2h
45781,k2v2_2019_1st_Chu_Dae_1002,kor.2,,,Chungnam Asan,Daejeon Hana Citizen,2019-06-12,1,0,,H,,,k2_2014_2021_h2h,k2_2014_2021_h2h
45782,k2v2_2019_1st_Chu_Gwa_1003,kor.2,,,Chungnam Asan,Gwangju FC,2019-06-13,0,0,,D,,,k2_2014_2021_h2h,k2_2014_2021_h2h
45783,k2v2_2019_1st_Chu_Jeo_1004,kor.2,,,Chungnam Asan,Jeonnam Dragons,2019-06-14,1,1,,D,,,k2_2014_2021_h2h,k2_2014_2021_h2h
45784,k2v2_2019_1st_Chu_Seo_1005,kor.2,,,Chungnam Asan,Seoul E-Land,2019-06-15,3,1,,H,,,k2_2014_2021_h2h,k2_2014_2021_h2h
45785,k2v2_2019_1st_Chu_Suw_1006,kor.2,,,Chungnam Asan,Suwon FC,2019-06-16,1,2,,A,,,k2_2014_2021_h2h,k2_2014_2021_h2h
45786,k2v2_2019_1st_Buc_Ans_1007,kor.2,,,Bucheon FC 1995,Ansan Greeners,2019-06-17,1,2,,A,,,k2_2014_2021_h2h,k2_2014_2021_h2h
45787,k2v2_2019_1st_Buc_FC _1008,kor.2,,,Bucheon FC 1995,FC Anyang,2019-06-18,1,0,,H,,,k2_2014_2021_h2h,k2_2014_2021_h2h
45788,k2v2_2019_1st_Buc_Chu_1009,kor.2,,,Bucheon FC 1995,Chungnam Asan,2019-06-19,0,0,,D,,,k2_2014_2021_h2h,k2_2014_2021_h2h
45789,k2v2_2019_1st_Buc_Bus_1010,kor.2,,,Bucheon FC 1995,Busan IPark,2019-06-20,1,3,,A,,,k2_2014_2021_h2h,k2_2014_2021_h2h
45790,k2v2_2019_1st_Buc_Dae_1011,kor.2,,,Bucheon FC 1995,Daejeon Hana Citizen,2019-06-21,1,1,,D,,,k2_2014_2021_h2h,k2_2014_2021_h2h
45791,k2v2_2019_1st_Buc_Gwa_1012,kor.2,,,Bucheon FC 1995,Gwangju FC,2019-06-22,0,1,,A,,,k2_2014_2021_h2h,k2_2014_2021_h2h
45792,k2v2_2019_1st_Buc_Jeo_1013,kor.2,,,Bucheon FC 1995,Jeonnam Dragons,2019-06-23,1,1,,D,,,k2_2014_2021_h2h,k2_2014_2021_h2h
45793,k2v2_2019_1st_Buc_Seo_1014,kor.2,,,Bucheon FC 1995,Seoul E-Land,2019-06-24,3,2,,H,,,k2_2014_2021_h2h,k2_2014_2021_h2h
45794,k2v2_2019_1st_Buc_Suw_1015,kor.2,,,Bucheon FC 1995,Suwon FC,2019-06-25,1,0,,H,,,k2_2014_2021_h2h,k2_2014_2021_h2h
45795,k2v2_2019_1st_Bus_Ans_1016,kor.2,,,Busan IPark,Ansan Greeners,2019-06-26,3,0,,H,,,k2_2014_2021_h2h,k2_2014_2021_h2h
45796,k2v2_2019_1st_Bus_FC _1017,kor.2,,,Busan IPark,FC Anyang,2019-06-27,1,4,,A,,,k2_2014_2021_h2h,k2_2014_2021_h2h
45797,k2v2_2019_1st_Bus_Chu_1018,kor.2,,,Busan IPark,Chungnam Asan,2019-06-28,2,4,,A,,,k2_2014_2021_h2h,k2_2014_2021_h2h
45798,k2v2_2019_1st_Bus_Buc_1019,kor.2,,,Busan IPark,Bucheon FC 1995,2019-06-29,3,3,,D,,,k2_2014_2021_h2h,k2_2014_2021_h2h
45799,k2v2_2019_1st_Bus_Dae_1020,kor.2,,,Busan IPark,Daejeon Hana Citizen,2019-06-30,2,1,,H,,,k2_2014_2021_h2h,k2_2014_2021_h2h
45800,k2v2_2019_1st_Bus_Gwa_1021,kor.2,,,Busan IPark,Gwangju FC,2019-07-01,1,1,,D,,,k2_2014_2021_h2h,k2_2014_2021_h2h
45801,k2v2_2019_1st_Bus_Jeo_1022,kor.2,,,Busan IPark,Jeonnam Dragons,2019-07-02,1,0,,H,,,k2_2014_2021_h2h,k2_2014_2021_h2h
45802,k2v2_2019_1st_Bus_Seo_1023,kor.2,,,Busan IPark,Seoul E-Land,2019-07-03,4,1,,H,,,k2_2014_2021_h2h,k2_2014_2021_h2h
45803,k2v2_2019_1st_Bus_Suw_1024,kor.2,,,Busan IPark,Suwon FC,2019-07-04,2,2,,D,,,k2_2014_2021_h2h,k2_2014_2021_h2h
45804,k2v2_2019_1st_Dae_Ans_1025,kor.2,,,Daejeon Hana Citizen,Ansan Greeners,2019-07-05,1,3,,A,,,k2_2014_2021_h2h,k2_2014_2021_h2h
45805,k2v2_2019_1st_Dae_FC _1026,kor.2,,,Daejeon Hana Citizen,FC Anyang,2019-07-06,0,2,,A,,,k2_2014_2021_h2h,k2_2014_2021_h2h
45806,k2v2_2019_1st_Dae_Chu_1027,kor.2,,,Daejeon Hana Citizen,Chungnam Asan,2019-07-07,0,1,,A,,,k2_2014_2021_h2h,k2_2014_2021_h2h
45807,k2v2_2019_1st_Dae_Buc_1028,kor.2,,,Daejeon Hana Citizen,Bucheon FC 1995,2019-07-08,1,0,,H,,,k2_2014_2021_h2h,k2_2014_2021_h2h
45808,k2v2_2019_1st_Dae_Bus_1029,kor.2,,,Daejeon Hana Citizen,Busan IPark,2019-07-09,0,5,,A,,,k2_2014_2021_h2h,k2_2014_2021_h2h
45809,k2v2_2019_1st_Dae_Gwa_1030,kor.2,,,Daejeon Hana Citizen,Gwangju FC,2019-07-10,0,1,,A,,,k2_2014_2021_h2h,k2_2014_2021_h2h
45810,k2v2_2019_1st_Dae_Jeo_1031,kor.2,,,Daejeon Hana Citizen,Jeonnam Dragons,2019-07-11,1,2,,A,,,k2_2014_2021_h2h,k2_2014_2021_h2h
45811,k2v2_2019_1st_Dae_Seo_1032,kor.2,,,Daejeon Hana Citizen,Seoul E-Land,2019-07-12,0,0,,D,,,k2_2014_2021_h2h,k2_2014_2021_h2h
45812,k2v2_2019_1st_Dae_Suw_1033,kor.2,,,Daejeon Hana Citizen,Suwon FC,2019-07-13,0,2,,A,,,k2_2014_2021_h2h,k2_2014_2021_h2h
45813,k2v2_2019_1st_Gwa_Ans_1034,kor.2,,,Gwangju FC,Ansan Greeners,2019-07-14,3,1,,H,,,k2_2014_2021_h2h,k2_2014_2021_h2h
45814,k2v2_2019_1st_Gwa_FC _1035,kor.2,,,Gwangju FC,FC Anyang,2019-07-15,2,2,,D,,,k2_2014_2021_h2h,k2_2014_2021_h2h
45815,k2v2_2019_1st_Gwa_Chu_1036,kor.2,,,Gwangju FC,Chungnam Asan,2019-07-16,4,0,,H,,,k2_2014_2021_h2h,k2_2014_2021_h2h
45816,k2v2_2019_1st_Gwa_Buc_1037,kor.2,,,Gwangju FC,Bucheon FC 1995,2019-07-17,4,1,,H,,,k2_2014_2021_h2h,k2_2014_2021_h2h
45817,k2v2_2019_1st_Gwa_Bus_1038,kor.2,,,Gwangju FC,Busan IPark,2019-07-18,1,1,,D,,,k2_2014_2021_h2h,k2_2014_2021_h2h
45818,k2v2_2019_1st_Gwa_Dae_1039,kor.2,,,Gwangju FC,Daejeon Hana Citizen,2019-07-19,0,0,,D,,,k2_2014_2021_h2h,k2_2014_2021_h2h
45819,k2v2_2019_1st_Gwa_Jeo_1040,kor.2,,,Gwangju FC,Jeonnam Dragons,2019-07-20,2,0,,H,,,k2_2014_2021_h2h,k2_2014_2021_h2h
45820,k2v2_2019_1st_Gwa_Seo_1041,kor.2,,,Gwangju FC,Seoul E-Land,2019-07-21,3,1,,H,,,k2_2014_2021_h2h,k2_2014_2021_h2h
45821,k2v2_2019_1st_Gwa_Suw_1042,kor.2,,,Gwangju FC,Suwon FC,2019-07-22,2,1,,H,,,k2_2014_2021_h2h,k2_2014_2021_h2h
45822,k2v2_2019_1st_Jeo_Ans_1043,kor.2,,,Jeonnam Dragons,Ansan Greeners,2019-07-23,1,3,,A,,,k2_2014_2021_h2h,k2_2014_2021_h2h
45823,k2v2_2019_1st_Jeo_FC _1044,kor.2,,,Jeonnam Dragons,FC Anyang,2019-07-24,1,0,,H,,,k2_2014_2021_h2h,k2_2014_2021_h2h
45824,k2v2_2019_1st_Jeo_Chu_1045,kor.2,,,Jeonnam Dragons,Chungnam Asan,2019-07-25,0,3,,A,,,k2_2014_2021_h2h,k2_2014_2021_h2h
45825,k2v2_2019_1st_Jeo_Buc_1046,kor.2,,,Jeonnam Dragons,Bucheon FC 1995,2019-07-26,1,0,,H,,,k2_2014_2021_h2h,k2_2014_2021_h2h
45826,k2v2_2019_1st_Jeo_Bus_1047,kor.2,,,Jeonnam Dragons,Busan IPark,2019-07-27,1,0,,H,,,k2_2014_2021_h2h,k2_2014_2021_h2h
45827,k2v2_2019_1st_Jeo_Dae_1048,kor.2,,,Jeonnam Dragons,Daejeon Hana Citizen,2019-07-28,1,3,,A,,,k2_2014_2021_h2h,k2_2014_2021_h2h
45828,k2v2_2019_1st_Jeo_Gwa_1049,kor.2,,,Jeonnam Dragons,Gwangju FC,2019-07-29,1,2,,A,,,k2_2014_2021_h2h,k2_2014_2021_h2h
45829,k2v2_2019_1st_Jeo_Seo_1050,kor.2,,,Jeonnam Dragons,Seoul E-Land,2019-07-30,1,1,,D,,,k2_2014_2021_h2h,k2_2014_2021_h2h
45830,k2v2_2019_1st_Jeo_Suw_1051,kor.2,,,Jeonnam Dragons,Suwon FC,2019-07-31,1,2,,A,,,k2_2014_2021_h2h,k2_2014_2021_h2h
45831,k2v2_2019_1st_Seo_Ans_1052,kor.2,,,Seoul E-Land,Ansan Greeners,2019-08-01,1,1,,D,,,k2_2014_2021_h2h,k2_2014_2021_h2h
45832,k2v2_2019_1st_Seo_FC _1053,kor.2,,,Seoul E-Land,FC Anyang,2019-08-02,4,1,,H,,,k2_2014_2021_h2h,k2_2014_2021_h2h
45833,k2v2_2019_1st_Seo_Chu_1054,kor.2,,,Seoul E-Land,Chungnam Asan,2019-08-03,0,2,,A,,,k2_2014_2021_h2h,k2_2014_2021_h2h
45834,k2v2_2019_1st_Seo_Buc_1055,kor.2,,,Seoul E-Land,Bucheon FC 1995,2019-08-04,1,2,,A,,,k2_2014_2021_h2h,k2_2014_2021_h2h
45835,k2v2_2019_1st_Seo_Bus_1056,kor.2,,,Seoul E-Land,Busan IPark,2019-08-05,3,3,,D,,,k2_2014_2021_h2h,k2_2014_2021_h2h
45836,k2v2_2019_1st_Seo_Dae_1057,kor.2,,,Seoul E-Land,Daejeon Hana Citizen,2019-08-06,1,1,,D,,,k2_2014_2021_h2h,k2_2014_2021_h2h
45837,k2v2_2019_1st_Seo_Gwa_1058,kor.2,,,Seoul E-Land,Gwangju FC,2019-08-07,0,2,,A,,,k2_2014_2021_h2h,k2_2014_2021_h2h
45838,k2v2_2019_1st_Seo_Jeo_1059,kor.2,,,Seoul E-Land,Jeonnam Dragons,2019-08-08,0,1,,A,,,k2_2014_2021_h2h,k2_2014_2021_h2h
45839,k2v2_2019_1st_Seo_Suw_1060,kor.2,,,Seoul E-Land,Suwon FC,2019-08-09,1,1,,D,,,k2_2014_2021_h2h,k2_2014_2021_h2h
45840,k2v2_2019_1st_Suw_Ans_1061,kor.2,,,Suwon FC,Ansan Greeners,2019-08-10,2,1,,H,,,k2_2014_2021_h2h,k2_2014_2021_h2h
45841,k2v2_2019_1st_Suw_FC _1062,kor.2,,,Suwon FC,FC Anyang,2019-08-11,1,2,,A,,,k2_2014_2021_h2h,k2_2014_2021_h2h
45842,k2v2_2019_1st_Suw_Chu_1063,kor.2,,,Suwon FC,Chungnam Asan,2019-08-12,2,0,,H,,,k2_2014_2021_h2h,k2_2014_2021_h2h
45843,k2v2_2019_1st_Suw_Buc_1064,kor.2,,,Suwon FC,Bucheon FC 1995,2019-08-13,0,3,,A,,,k2_2014_2021_h2h,k2_2014_2021_h2h
45844,k2v2_2019_1st_Suw_Bus_1065,kor.2,,,Suwon FC,Busan IPark,2019-08-14,1,2,,A,,,k2_2014_2021_h2h,k2_2014_2021_h2h
45845,k2v2_2019_1st_Suw_Dae_1066,kor.2,,,Suwon FC,Daejeon Hana Citizen,2019-08-15,2,0,,H,,,k2_2014_2021_h2h,k2_2014_2021_h2h
45846,k2v2_2019_1st_Suw_Gwa_1067,kor.2,,,Suwon FC,Gwangju FC,2019-08-16,0,2,,A,,,k2_2014_2021_h2h,k2_2014_2021_h2h
45847,k2v2_2019_1st_Suw_Jeo_1068,kor.2,,,Suwon FC,Jeonnam Dragons,2019-08-17,1,1,,D,,,k2_2014_2021_h2h,k2_2014_2021_h2h
45848,k2v2_2019_1st_Suw_Seo_1069,kor.2,,,Suwon FC,Seoul E-Land,2019-08-18,3,1,,H,,,k2_2014_2021_h2h,k2_2014_2021_h2h
45849,k2v2_2019_2nd_Ans_FC _1070,kor.2,,,Ansan Greeners,FC Anyang,2019-08-09,1,3,,A,,,k2_2014_2021_h2h,k2_2014_2021_h2h
45850,k2v2_2019_2nd_Ans_Chu_1071,kor.2,,,Ansan Greeners,Chungnam Asan,2019-08-10,1,2,,A,,,k2_2014_2021_h2h,k2_2014_2021_h2h
45851,k2v2_2019_2nd_Ans_Buc_1072,kor.2,,,Ansan Greeners,Bucheon FC 1995,2019-08-11,1,2,,A,,,k2_2014_2021_h2h,k2_2014_2021_h2h
45852,k2v2_2019_2nd_Ans_Bus_1073,kor.2,,,Ansan Greeners,Busan IPark,2019-08-12,2,0,,H,,,k2_2014_2021_h2h,k2_2014_2021_h2h
45853,k2v2_2019_2nd_Ans_Dae_1074,kor.2,,,Ansan Greeners,Daejeon Hana Citizen,2019-08-13,0,2,,A,,,k2_2014_2021_h2h,k2_2014_2021_h2h
45854,k2v2_2019_2nd_Ans_Gwa_1075,kor.2,,,Ansan Greeners,Gwangju FC,2019-08-14,2,1,,H,,,k2_2014_2021_h2h,k2_2014_2021_h2h
45855,k2v2_2019_2nd_Ans_Jeo_1076,kor.2,,,Ansan Greeners,Jeonnam Dragons,2019-08-15,1,0,,H,,,k2_2014_2021_h2h,k2_2014_2021_h2h
45856,k2v2_2019_2nd_Ans_Seo_1077,kor.2,,,Ansan Greeners,Seoul E-Land,2019-08-16,2,0,,H,,,k2_2014_2021_h2h,k2_2014_2021_h2h
45857,k2v2_2019_2nd_Ans_Suw_1078,kor.2,,,Ansan Greeners,Suwon FC,2019-08-17,1,2,,A,,,k2_2014_2021_h2h,k2_2014_2021_h2h
45858,k2v2_2019_2nd_FC _Ans_1079,kor.2,,,FC Anyang,Ansan Greeners,2019-08-18,3,2,,H,,,k2_2014_2021_h2h,k2_2014_2021_h2h
45859,k2v2_2019_2nd_FC _Chu_1080,kor.2,,,FC Anyang,Chungnam Asan,2019-08-19,4,1,,H,,,k2_2014_2021_h2h,k2_2014_2021_h2h
45860,k2v2_2019_2nd_FC _Buc_1081,kor.2,,,FC Anyang,Bucheon FC 1995,2019-08-20,1,2,,A,,,k2_2014_2021_h2h,k2_2014_2021_h2h
45861,k2v2_2019_2nd_FC _Bus_1082,kor.2,,,FC Anyang,Busan IPark,2019-08-21,2,2,,D,,,k2_2014_2021_h2h,k2_2014_2021_h2h
45862,k2v2_2019_2nd_FC _Dae_1083,kor.2,,,FC Anyang,Daejeon Hana Citizen,2019-08-22,0,0,,D,,,k2_2014_2021_h2h,k2_2014_2021_h2h
45863,k2v2_2019_2nd_FC _Gwa_1084,kor.2,,,FC Anyang,Gwangju FC,2019-08-23,7,1,,H,,,k2_2014_2021_h2h,k2_2014_2021_h2h
45864,k2v2_2019_2nd_FC _Jeo_1085,kor.2,,,FC Anyang,Jeonnam Dragons,2019-08-24,4,2,,H,,,k2_2014_2021_h2h,k2_2014_2021_h2h
45865,k2v2_2019_2nd_FC _Seo_1086,kor.2,,,FC Anyang,Seoul E-Land,2019-08-25,5,2,,H,,,k2_2014_2021_h2h,k2_2014_2021_h2h
45866,k2v2_2019_2nd_FC _Suw_1087,kor.2,,,FC Anyang,Suwon FC,2019-08-26,0,2,,A,,,k2_2014_2021_h2h,k2_2014_2021_h2h
45867,k2v2_2019_2nd_Chu_Ans_1088,kor.2,,,Chungnam Asan,Ansan Greeners,2019-08-27,1,1,,D,,,k2_2014_2021_h2h,k2_2014_2021_h2h
45868,k2v2_2019_2nd_Chu_FC _1089,kor.2,,,Chungnam Asan,FC Anyang,2019-08-28,1,4,,A,,,k2_2014_2021_h2h,k2_2014_2021_h2h
45869,k2v2_2019_2nd_Chu_Buc_1090,kor.2,,,Chungnam Asan,Bucheon FC 1995,2019-08-29,2,3,,A,,,k2_2014_2021_h2h,k2_2014_2021_h2h
45870,k2v2_2019_2nd_Chu_Bus_1091,kor.2,,,Chungnam Asan,Busan IPark,2019-08-30,0,1,,A,,,k2_2014_2021_h2h,k2_2014_2021_h2h
45871,k2v2_2019_2nd_Chu_Dae_1092,kor.2,,,Chungnam Asan,Daejeon Hana Citizen,2019-08-31,0,1,,A,,,k2_2014_2021_h2h,k2_2014_2021_h2h
45872,k2v2_2019_2nd_Chu_Gwa_1093,kor.2,,,Chungnam Asan,Gwangju FC,2019-09-01,0,1,,A,,,k2_2014_2021_h2h,k2_2014_2021_h2h
45873,k2v2_2019_2nd_Chu_Jeo_1094,kor.2,,,Chungnam Asan,Jeonnam Dragons,2019-09-02,1,0,,H,,,k2_2014_2021_h2h,k2_2014_2021_h2h
45874,k2v2_2019_2nd_Chu_Seo_1095,kor.2,,,Chungnam Asan,Seoul E-Land,2019-09-03,3,2,,H,,,k2_2014_2021_h2h,k2_2014_2021_h2h
45875,k2v2_2019_2nd_Chu_Suw_1096,kor.2,,,Chungnam Asan,Suwon FC,2019-09-04,1,1,,D,,,k2_2014_2021_h2h,k2_2014_2021_h2h
45876,k2v2_2019_2nd_Buc_Ans_1097,kor.2,,,Bucheon FC 1995,Ansan Greeners,2019-09-05,1,2,,A,,,k2_2014_2021_h2h,k2_2014_2021_h2h
45877,k2v2_2019_2nd_Buc_FC _1098,kor.2,,,Bucheon FC 1995,FC Anyang,2019-09-06,2,2,,D,,,k2_2014_2021_h2h,k2_2014_2021_h2h
45878,k2v2_2019_2nd_Buc_Chu_1099,kor.2,,,Bucheon FC 1995,Chungnam Asan,2019-09-07,3,0,,H,,,k2_2014_2021_h2h,k2_2014_2021_h2h
45879,k2v2_2019_2nd_Buc_Bus_1100,kor.2,,,Bucheon FC 1995,Busan IPark,2019-09-08,0,2,,A,,,k2_2014_2021_h2h,k2_2014_2021_h2h
45880,k2v2_2019_2nd_Buc_Dae_1101,kor.2,,,Bucheon FC 1995,Daejeon Hana Citizen,2019-09-09,1,3,,A,,,k2_2014_2021_h2h,k2_2014_2021_h2h
45881,k2v2_2019_2nd_Buc_Gwa_1102,kor.2,,,Bucheon FC 1995,Gwangju FC,2019-09-10,1,1,,D,,,k2_2014_2021_h2h,k2_2014_2021_h2h
45882,k2v2_2019_2nd_Buc_Jeo_1103,kor.2,,,Bucheon FC 1995,Jeonnam Dragons,2019-09-11,0,3,,A,,,k2_2014_2021_h2h,k2_2014_2021_h2h
45883,k2v2_2019_2nd_Buc_Seo_1104,kor.2,,,Bucheon FC 1995,Seoul E-Land,2019-09-12,3,2,,H,,,k2_2014_2021_h2h,k2_2014_2021_h2h
45884,k2v2_2019_2nd_Buc_Suw_1105,kor.2,,,Bucheon FC 1995,Suwon FC,2019-09-13,1,1,,D,,,k2_2014_2021_h2h,k2_2014_2021_h2h
45885,k2v2_2019_2nd_Bus_Ans_1106,kor.2,,,Busan IPark,Ansan Greeners,2019-09-14,0,2,,A,,,k2_2014_2021_h2h,k2_2014_2021_h2h
45886,k2v2_2019_2nd_Bus_FC _1107,kor.2,,,Busan IPark,FC Anyang,2019-09-15,1,1,,D,,,k2_2014_2021_h2h,k2_2014_2021_h2h
45887,k2v2_2019_2nd_Bus_Chu_1108,kor.2,,,Busan IPark,Chungnam Asan,2019-09-16,3,2,,H,,,k2_2014_2021_h2h,k2_2014_2021_h2h
45888,k2v2_2019_2nd_Bus_Buc_1109,kor.2,,,Busan IPark,Bucheon FC 1995,2019-09-17,2,2,,D,,,k2_2014_2021_h2h,k2_2014_2021_h2h
45889,k2v2_2019_2nd_Bus_Dae_1110,kor.2,,,Busan IPark,Daejeon Hana Citizen,2019-09-18,2,0,,H,,,k2_2014_2021_h2h,k2_2014_2021_h2h
45890,k2v2_2019_2nd_Bus_Gwa_1111,kor.2,,,Busan IPark,Gwangju FC,2019-09-19,3,2,,H,,,k2_2014_2021_h2h,k2_2014_2021_h2h
45891,k2v2_2019_2nd_Bus_Jeo_1112,kor.2,,,Busan IPark,Jeonnam Dragons,2019-09-20,0,0,,D,,,k2_2014_2021_h2h,k2_2014_2021_h2h
45892,k2v2_2019_2nd_Bus_Seo_1113,kor.2,,,Busan IPark,Seoul E-Land,2019-09-21,3,1,,H,,,k2_2014_2021_h2h,k2_2014_2021_h2h
45893,k2v2_2019_2nd_Bus_Suw_1114,kor.2,,,Busan IPark,Suwon FC,2019-09-22,2,0,,H,,,k2_2014_2021_h2h,k2_2014_2021_h2h
45894,k2v2_2019_2nd_Dae_Ans_1115,kor.2,,,Daejeon Hana Citizen,Ansan Greeners,2019-09-23,0,0,,D,,,k2_2014_2021_h2h,k2_2014_2021_h2h
45895,k2v2_2019_2nd_Dae_FC _1116,kor.2,,,Daejeon Hana Citizen,FC Anyang,2019-09-24,1,1,,D,,,k2_2014_2021_h2h,k2_2014_2021_h2h
45896,k2v2_2019_2nd_Dae_Chu_1117,kor.2,,,Daejeon Hana Citizen,Chungnam Asan,2019-09-25,0,1,,A,,,k2_2014_2021_h2h,k2_2014_2021_h2h
45897,k2v2_2019_2nd_Dae_Buc_1118,kor.2,,,Daejeon Hana Citizen,Bucheon FC 1995,2019-09-26,1,2,,A,,,k2_2014_2021_h2h,k2_2014_2021_h2h
45898,k2v2_2019_2nd_Dae_Bus_1119,kor.2,,,Daejeon Hana Citizen,Busan IPark,2019-09-27,0,0,,D,,,k2_2014_2021_h2h,k2_2014_2021_h2h
45899,k2v2_2019_2nd_Dae_Gwa_1120,kor.2,,,Daejeon Hana Citizen,Gwangju FC,2019-09-28,3,1,,H,,,k2_2014_2021_h2h,k2_2014_2021_h2h
45900,k2v2_2019_2nd_Dae_Jeo_1121,kor.2,,,Daejeon Hana Citizen,Jeonnam Dragons,2019-09-29,1,2,,A,,,k2_2014_2021_h2h,k2_2014_2021_h2h
45901,k2v2_2019_2nd_Dae_Seo_1122,kor.2,,,Daejeon Hana Citizen,Seoul E-Land,2019-09-30,1,0,,H,,,k2_2014_2021_h2h,k2_2014_2021_h2h
45902,k2v2_2019_2nd_Dae_Suw_1123,kor.2,,,Daejeon Hana Citizen,Suwon FC,2019-10-01,2,4,,A,,,k2_2014_2021_h2h,k2_2014_2021_h2h
45903,k2v2_2019_2nd_Gwa_Ans_1124,kor.2,,,Gwangju FC,Ansan Greeners,2019-10-02,2,1,,H,,,k2_2014_2021_h2h,k2_2014_2021_h2h
45904,k2v2_2019_2nd_Gwa_FC _1125,kor.2,,,Gwangju FC,FC Anyang,2019-10-03,4,0,,H,,,k2_2014_2021_h2h,k2_2014_2021_h2h
45905,k2v2_2019_2nd_Gwa_Chu_1126,kor.2,,,Gwangju FC,Chungnam Asan,2019-10-04,3,1,,H,,,k2_2014_2021_h2h,k2_2014_2021_h2h
45906,k2v2_2019_2nd_Gwa_Buc_1127,kor.2,,,Gwangju FC,Bucheon FC 1995,2019-10-05,1,0,,H,,,k2_2014_2021_h2h,k2_2014_2021_h2h
45907,k2v2_2019_2nd_Gwa_Bus_1128,kor.2,,,Gwangju FC,Busan IPark,2019-10-06,1,1,,D,,,k2_2014_2021_h2h,k2_2014_2021_h2h
45908,k2v2_2019_2nd_Gwa_Dae_1129,kor.2,,,Gwangju FC,Daejeon Hana Citizen,2019-10-07,0,0,,D,,,k2_2014_2021_h2h,k2_2014_2021_h2h
45909,k2v2_2019_2nd_Gwa_Jeo_1130,kor.2,,,Gwangju FC,Jeonnam Dragons,2019-10-08,1,2,,A,,,k2_2014_2021_h2h,k2_2014_2021_h2h
45910,k2v2_2019_2nd_Gwa_Seo_1131,kor.2,,,Gwangju FC,Seoul E-Land,2019-10-09,3,1,,H,,,k2_2014_2021_h2h,k2_2014_2021_h2h
45911,k2v2_2019_2nd_Gwa_Suw_1132,kor.2,,,Gwangju FC,Suwon FC,2019-10-10,2,0,,H,,,k2_2014_2021_h2h,k2_2014_2021_h2h
45912,k2v2_2019_2nd_Jeo_Ans_1133,kor.2,,,Jeonnam Dragons,Ansan Greeners,2019-10-11,2,1,,H,,,k2_2014_2021_h2h,k2_2014_2021_h2h
45913,k2v2_2019_2nd_Jeo_FC _1134,kor.2,,,Jeonnam Dragons,FC Anyang,2019-10-12,2,0,,H,,,k2_2014_2021_h2h,k2_2014_2021_h2h
45914,k2v2_2019_2nd_Jeo_Chu_1135,kor.2,,,Jeonnam Dragons,Chungnam Asan,2019-10-13,2,0,,H,,,k2_2014_2021_h2h,k2_2014_2021_h2h
45915,k2v2_2019_2nd_Jeo_Buc_1136,kor.2,,,Jeonnam Dragons,Bucheon FC 1995,2019-10-14,0,1,,A,,,k2_2014_2021_h2h,k2_2014_2021_h2h
45916,k2v2_2019_2nd_Jeo_Bus_1137,kor.2,,,Jeonnam Dragons,Busan IPark,2019-10-15,3,3,,D,,,k2_2014_2021_h2h,k2_2014_2021_h2h
45917,k2v2_2019_2nd_Jeo_Dae_1138,kor.2,,,Jeonnam Dragons,Daejeon Hana Citizen,2019-10-16,2,0,,H,,,k2_2014_2021_h2h,k2_2014_2021_h2h
45918,k2v2_2019_2nd_Jeo_Gwa_1139,kor.2,,,Jeonnam Dragons,Gwangju FC,2019-10-17,1,1,,D,,,k2_2014_2021_h2h,k2_2014_2021_h2h
45919,k2v2_2019_2nd_Jeo_Seo_1140,kor.2,,,Jeonnam Dragons,Seoul E-Land,2019-10-18,0,1,,A,,,k2_2014_2021_h2h,k2_2014_2021_h2h
45920,k2v2_2019_2nd_Jeo_Suw_1141,kor.2,,,Jeonnam Dragons,Suwon FC,2019-10-19,3,2,,H,,,k2_2014_2021_h2h,k2_2014_2021_h2h
45921,k2v2_2019_2nd_Seo_Ans_1142,kor.2,,,Seoul E-Land,Ansan Greeners,2019-10-20,1,3,,A,,,k2_2014_2021_h2h,k2_2014_2021_h2h
45922,k2v2_2019_2nd_Seo_FC _1143,kor.2,,,Seoul E-Land,FC Anyang,2019-10-21,2,0,,H,,,k2_2014_2021_h2h,k2_2014_2021_h2h
45923,k2v2_2019_2nd_Seo_Chu_1144,kor.2,,,Seoul E-Land,Chungnam Asan,2019-10-22,1,1,,D,,,k2_2014_2021_h2h,k2_2014_2021_h2h
45924,k2v2_2019_2nd_Seo_Buc_1145,kor.2,,,Seoul E-Land,Bucheon FC 1995,2019-10-23,1,0,,H,,,k2_2014_2021_h2h,k2_2014_2021_h2h
45925,k2v2_2019_2nd_Seo_Bus_1146,kor.2,,,Seoul E-Land,Busan IPark,2019-10-24,3,5,,A,,,k2_2014_2021_h2h,k2_2014_2021_h2h
45926,k2v2_2019_2nd_Seo_Dae_1147,kor.2,,,Seoul E-Land,Daejeon Hana Citizen,2019-10-25,2,2,,D,,,k2_2014_2021_h2h,k2_2014_2021_h2h
45927,k2v2_2019_2nd_Seo_Gwa_1148,kor.2,,,Seoul E-Land,Gwangju FC,2019-10-26,0,2,,A,,,k2_2014_2021_h2h,k2_2014_2021_h2h
45928,k2v2_2019_2nd_Seo_Jeo_1149,kor.2,,,Seoul E-Land,Jeonnam Dragons,2019-10-27,2,2,,D,,,k2_2014_2021_h2h,k2_2014_2021_h2h
45929,k2v2_2019_2nd_Seo_Suw_1150,kor.2,,,Seoul E-Land,Suwon FC,2019-10-28,2,1,,H,,,k2_2014_2021_h2h,k2_2014_2021_h2h
45930,k2v2_2019_2nd_Suw_Ans_1151,kor.2,,,Suwon FC,Ansan Greeners,2019-10-29,2,3,,A,,,k2_2014_2021_h2h,k2_2014_2021_h2h
45931,k2v2_2019_2nd_Suw_FC _1152,kor.2,,,Suwon FC,FC Anyang,2019-10-30,1,1,,D,,,k2_2014_2021_h2h,k2_2014_2021_h2h
45932,k2v2_2019_2nd_Suw_Chu_1153,kor.2,,,Suwon FC,Chungnam Asan,2019-10-31,2,2,,D,,,k2_2014_2021_h2h,k2_2014_2021_h2h
45933,k2v2_2019_2nd_Suw_Buc_1154,kor.2,,,Suwon FC,Bucheon FC 1995,2019-11-01,1,2,,A,,,k2_2014_2021_h2h,k2_2014_2021_h2h
45934,k2v2_2019_2nd_Suw_Bus_1155,kor.2,,,Suwon FC,Busan IPark,2019-11-02,0,1,,A,,,k2_2014_2021_h2h,k2_2014_2021_h2h
45935,k2v2_2019_2nd_Suw_Dae_1156,kor.2,,,Suwon FC,Daejeon Hana Citizen,2019-11-03,2,2,,D,,,k2_2014_2021_h2h,k2_2014_2021_h2h
45936,k2v2_2019_2nd_Suw_Gwa_1157,kor.2,,,Suwon FC,Gwangju FC,2019-11-04,0,3,,A,,,k2_2014_2021_h2h,k2_2014_2021_h2h
45937,k2v2_2019_2nd_Suw_Jeo_1158,kor.2,,,Suwon FC,Jeonnam Dragons,2019-11-05,2,2,,D,,,k2_2014_2021_h2h,k2_2014_2021_h2h
45938,k2v2_2019_2nd_Suw_Seo_1159,kor.2,,,Suwon FC,Seoul E-Land,2019-11-06,1,1,,D,,,k2_2014_2021_h2h,k2_2014_2021_h2h
45939,k2v2_2020_1st_Ans_FC _1160,kor.2,,,Ansan Greeners,FC Anyang,2020-05-20,0,1,,A,,,k2_2014_2021_h2h,k2_2014_2021_h2h
45940,k2v2_2020_1st_Ans_Buc_1161,kor.2,,,Ansan Greeners,Bucheon FC 1995,2020-05-21,0,2,,A,,,k2_2014_2021_h2h,k2_2014_2021_h2h
45941,k2v2_2020_1st_Ans_Chu_1162,kor.2,,,Ansan Greeners,Chungnam Asan,2020-05-22,1,1,,D,,,k2_2014_2021_h2h,k2_2014_2021_h2h
45942,k2v2_2020_1st_Ans_Dae_1163,kor.2,,,Ansan Greeners,Daejeon Hana Citizen,2020-05-23,0,2,,A,,,k2_2014_2021_h2h,k2_2014_2021_h2h
45943,k2v2_2020_1st_Ans_Gye_1164,kor.2,,,Ansan Greeners,Gyeongnam FC,2020-05-24,0,0,,D,,,k2_2014_2021_h2h,k2_2014_2021_h2h
45944,k2v2_2020_1st_Ans_Jej_1165,kor.2,,,Ansan Greeners,Jeju SK,2020-05-25,1,2,,A,,,k2_2014_2021_h2h,k2_2014_2021_h2h
45945,k2v2_2020_1st_Ans_Jeo_1166,kor.2,,,Ansan Greeners,Jeonnam Dragons,2020-05-26,0,0,,D,,,k2_2014_2021_h2h,k2_2014_2021_h2h
45946,k2v2_2020_1st_Ans_Suw_1167,kor.2,,,Ansan Greeners,Suwon FC,2020-05-27,0,1,,A,,,k2_2014_2021_h2h,k2_2014_2021_h2h
45947,k2v2_2020_1st_Ans_Suw_1168,kor.2,,,Ansan Greeners,Suwon FC,2020-05-28,0,2,,A,,,k2_2014_2021_h2h,k2_2014_2021_h2h
45948,k2v2_2020_1st_FC _Ans_1169,kor.2,,,FC Anyang,Ansan Greeners,2020-05-29,0,1,,A,,,k2_2014_2021_h2h,k2_2014_2021_h2h
45949,k2v2_2020_1st_FC _Buc_1170,kor.2,,,FC Anyang,Bucheon FC 1995,2020-05-30,2,1,,H,,,k2_2014_2021_h2h,k2_2014_2021_h2h
45950,k2v2_2020_1st_FC _Chu_1171,kor.2,,,FC Anyang,Chungnam Asan,2020-05-31,1,1,,D,,,k2_2014_2021_h2h,k2_2014_2021_h2h
45951,k2v2_2020_1st_FC _Dae_1172,kor.2,,,FC Anyang,Daejeon Hana Citizen,2020-06-01,0,0,,D,,,k2_2014_2021_h2h,k2_2014_2021_h2h
45952,k2v2_2020_1st_FC _Gye_1173,kor.2,,,FC Anyang,Gyeongnam FC,2020-06-02,2,3,,A,,,k2_2014_2021_h2h,k2_2014_2021_h2h
45953,k2v2_2020_1st_FC _Jej_1174,kor.2,,,FC Anyang,Jeju SK,2020-06-03,1,2,,A,,,k2_2014_2021_h2h,k2_2014_2021_h2h
45954,k2v2_2020_1st_FC _Jeo_1175,kor.2,,,FC Anyang,Jeonnam Dragons,2020-06-04,0,0,,D,,,k2_2014_2021_h2h,k2_2014_2021_h2h
45955,k2v2_2020_1st_FC _Suw_1176,kor.2,,,FC Anyang,Suwon FC,2020-06-05,2,1,,H,,,k2_2014_2021_h2h,k2_2014_2021_h2h
45956,k2v2_2020_1st_FC _Suw_1177,kor.2,,,FC Anyang,Suwon FC,2020-06-06,0,2,,A,,,k2_2014_2021_h2h,k2_2014_2021_h2h
45957,k2v2_2020_1st_Buc_Ans_1178,kor.2,,,Bucheon FC 1995,Ansan Greeners,2020-06-07,0,0,,D,,,k2_2014_2021_h2h,k2_2014_2021_h2h
45958,k2v2_2020_1st_Buc_FC _1179,kor.2,,,Bucheon FC 1995,FC Anyang,2020-06-08,2,1,,H,,,k2_2014_2021_h2h,k2_2014_2021_h2h
45959,k2v2_2020_1st_Buc_Chu_1180,kor.2,,,Bucheon FC 1995,Chungnam Asan,2020-06-09,0,2,,A,,,k2_2014_2021_h2h,k2_2014_2021_h2h
45960,k2v2_2020_1st_Buc_Dae_1181,kor.2,,,Bucheon FC 1995,Daejeon Hana Citizen,2020-06-10,1,0,,H,,,k2_2014_2021_h2h,k2_2014_2021_h2h
45961,k2v2_2020_1st_Buc_Gye_1182,kor.2,,,Bucheon FC 1995,Gyeongnam FC,2020-06-11,0,1,,A,,,k2_2014_2021_h2h,k2_2014_2021_h2h
45962,k2v2_2020_1st_Buc_Jej_1183,kor.2,,,Bucheon FC 1995,Jeju SK,2020-06-12,0,1,,A,,,k2_2014_2021_h2h,k2_2014_2021_h2h
45963,k2v2_2020_1st_Buc_Jeo_1184,kor.2,,,Bucheon FC 1995,Jeonnam Dragons,2020-06-13,0,1,,A,,,k2_2014_2021_h2h,k2_2014_2021_h2h
45964,k2v2_2020_1st_Buc_Suw_1185,kor.2,,,Bucheon FC 1995,Suwon FC,2020-06-14,2,3,,A,,,k2_2014_2021_h2h,k2_2014_2021_h2h
45965,k2v2_2020_1st_Buc_Suw_1186,kor.2,,,Bucheon FC 1995,Suwon FC,2020-06-15,2,0,,H,,,k2_2014_2021_h2h,k2_2014_2021_h2h
45966,k2v2_2020_1st_Chu_Ans_1187,kor.2,,,Chungnam Asan,Ansan Greeners,2020-06-16,1,1,,D,,,k2_2014_2021_h2h,k2_2014_2021_h2h
45967,k2v2_2020_1st_Chu_FC _1188,kor.2,,,Chungnam Asan,FC Anyang,2020-06-17,0,2,,A,,,k2_2014_2021_h2h,k2_2014_2021_h2h
45968,k2v2_2020_1st_Chu_Buc_1189,kor.2,,,Chungnam Asan,Bucheon FC 1995,2020-06-18,0,1,,A,,,k2_2014_2021_h2h,k2_2014_2021_h2h
45969,k2v2_2020_1st_Chu_Dae_1190,kor.2,,,Chungnam Asan,Daejeon Hana Citizen,2020-06-19,1,2,,A,,,k2_2014_2021_h2h,k2_2014_2021_h2h
45970,k2v2_2020_1st_Chu_Gye_1191,kor.2,,,Chungnam Asan,Gyeongnam FC,2020-06-20,2,1,,H,,,k2_2014_2021_h2h,k2_2014_2021_h2h
45971,k2v2_2020_1st_Chu_Jej_1192,kor.2,,,Chungnam Asan,Jeju SK,2020-06-21,0,2,,A,,,k2_2014_2021_h2h,k2_2014_2021_h2h
45972,k2v2_2020_1st_Chu_Jeo_1193,kor.2,,,Chungnam Asan,Jeonnam Dragons,2020-06-22,0,2,,A,,,k2_2014_2021_h2h,k2_2014_2021_h2h
45973,k2v2_2020_1st_Chu_Suw_1194,kor.2,,,Chungnam Asan,Suwon FC,2020-06-23,0,1,,A,,,k2_2014_2021_h2h,k2_2014_2021_h2h
45974,k2v2_2020_1st_Chu_Suw_1195,kor.2,,,Chungnam Asan,Suwon FC,2020-06-24,0,5,,A,,,k2_2014_2021_h2h,k2_2014_2021_h2h
45975,k2v2_2020_1st_Dae_Ans_1196,kor.2,,,Daejeon Hana Citizen,Ansan Greeners,2020-06-25,1,0,,H,,,k2_2014_2021_h2h,k2_2014_2021_h2h
45976,k2v2_2020_1st_Dae_FC _1197,kor.2,,,Daejeon Hana Citizen,FC Anyang,2020-06-26,3,3,,D,,,k2_2014_2021_h2h,k2_2014_2021_h2h
45977,k2v2_2020_1st_Dae_Buc_1198,kor.2,,,Daejeon Hana Citizen,Bucheon FC 1995,2020-06-27,1,0,,H,,,k2_2014_2021_h2h,k2_2014_2021_h2h
45978,k2v2_2020_1st_Dae_Chu_1199,kor.2,,,Daejeon Hana Citizen,Chungnam Asan,2020-06-28,2,2,,D,,,k2_2014_2021_h2h,k2_2014_2021_h2h
45979,k2v2_2020_1st_Dae_Gye_1200,kor.2,,,Daejeon Hana Citizen,Gyeongnam FC,2020-06-29,2,3,,A,,,k2_2014_2021_h2h,k2_2014_2021_h2h
45980,k2v2_2020_1st_Dae_Jej_1201,kor.2,,,Daejeon Hana Citizen,Jeju SK,2020-06-30,2,1,,H,,,k2_2014_2021_h2h,k2_2014_2021_h2h
45981,k2v2_2020_1st_Dae_Jeo_1202,kor.2,,,Daejeon Hana Citizen,Jeonnam Dragons,2020-07-01,2,0,,H,,,k2_2014_2021_h2h,k2_2014_2021_h2h
45982,k2v2_2020_1st_Dae_Suw_1203,kor.2,,,Daejeon Hana Citizen,Suwon FC,2020-07-02,0,0,,D,,,k2_2014_2021_h2h,k2_2014_2021_h2h
45983,k2v2_2020_1st_Dae_Suw_1204,kor.2,,,Daejeon Hana Citizen,Suwon FC,2020-07-03,1,4,,A,,,k2_2014_2021_h2h,k2_2014_2021_h2h
45984,k2v2_2020_1st_Gye_Ans_1205,kor.2,,,Gyeongnam FC,Ansan Greeners,2020-07-04,2,1,,H,,,k2_2014_2021_h2h,k2_2014_2021_h2h
45985,k2v2_2020_1st_Gye_FC _1206,kor.2,,,Gyeongnam FC,FC Anyang,2020-07-05,1,0,,H,,,k2_2014_2021_h2h,k2_2014_2021_h2h
45986,k2v2_2020_1st_Gye_Buc_1207,kor.2,,,Gyeongnam FC,Bucheon FC 1995,2020-07-06,1,1,,D,,,k2_2014_2021_h2h,k2_2014_2021_h2h
45987,k2v2_2020_1st_Gye_Chu_1208,kor.2,,,Gyeongnam FC,Chungnam Asan,2020-07-07,2,0,,H,,,k2_2014_2021_h2h,k2_2014_2021_h2h
45988,k2v2_2020_1st_Gye_Dae_1209,kor.2,,,Gyeongnam FC,Daejeon Hana Citizen,2020-07-08,2,2,,D,,,k2_2014_2021_h2h,k2_2014_2021_h2h
45989,k2v2_2020_1st_Gye_Jej_1210,kor.2,,,Gyeongnam FC,Jeju SK,2020-07-09,3,3,,D,,,k2_2014_2021_h2h,k2_2014_2021_h2h
45990,k2v2_2020_1st_Gye_Jeo_1211,kor.2,,,Gyeongnam FC,Jeonnam Dragons,2020-07-10,0,0,,D,,,k2_2014_2021_h2h,k2_2014_2021_h2h
45991,k2v2_2020_1st_Gye_Suw_1212,kor.2,,,Gyeongnam FC,Suwon FC,2020-07-11,1,2,,A,,,k2_2014_2021_h2h,k2_2014_2021_h2h
45992,k2v2_2020_1st_Gye_Suw_1213,kor.2,,,Gyeongnam FC,Suwon FC,2020-07-12,2,3,,A,,,k2_2014_2021_h2h,k2_2014_2021_h2h
45993,k2v2_2020_1st_Jej_Ans_1214,kor.2,,,Jeju SK,Ansan Greeners,2020-07-13,3,1,,H,,,k2_2014_2021_h2h,k2_2014_2021_h2h
45994,k2v2_2020_1st_Jej_FC _1215,kor.2,,,Jeju SK,FC Anyang,2020-07-14,3,1,,H,,,k2_2014_2021_h2h,k2_2014_2021_h2h
45995,k2v2_2020_1st_Jej_Buc_1216,kor.2,,,Jeju SK,Bucheon FC 1995,2020-07-15,4,0,,H,,,k2_2014_2021_h2h,k2_2014_2021_h2h
45996,k2v2_2020_1st_Jej_Chu_1217,kor.2,,,Jeju SK,Chungnam Asan,2020-07-16,2,1,,H,,,k2_2014_2021_h2h,k2_2014_2021_h2h
45997,k2v2_2020_1st_Jej_Dae_1218,kor.2,,,Jeju SK,Daejeon Hana Citizen,2020-07-17,2,3,,A,,,k2_2014_2021_h2h,k2_2014_2021_h2h
45998,k2v2_2020_1st_Jej_Gye_1219,kor.2,,,Jeju SK,Gyeongnam FC,2020-07-18,1,1,,D,,,k2_2014_2021_h2h,k2_2014_2021_h2h
45999,k2v2_2020_1st_Jej_Jeo_1220,kor.2,,,Jeju SK,Jeonnam Dragons,2020-07-19,1,1,,D,,,k2_2014_2021_h2h,k2_2014_2021_h2h
46000,k2v2_2020_1st_Jej_Suw_1221,kor.2,,,Jeju SK,Suwon FC,2020-07-20,1,1,,D,,,k2_2014_2021_h2h,k2_2014_2021_h2h
46001,k2v2_2020_1st_Jej_Suw_1222,kor.2,,,Jeju SK,Suwon FC,2020-07-21,1,0,,H,,,k2_2014_2021_h2h,k2_2014_2021_h2h
46002,k2v2_2020_1st_Jeo_Ans_1223,kor.2,,,Jeonnam Dragons,Ansan Greeners,2020-07-22,4,0,,H,,,k2_2014_2021_h2h,k2_2014_2021_h2h
46003,k2v2_2020_1st_Jeo_FC _1224,kor.2,,,Jeonnam Dragons,FC Anyang,2020-07-23,1,1,,D,,,k2_2014_2021_h2h,k2_2014_2021_h2h
46004,k2v2_2020_1st_Jeo_Buc_1225,kor.2,,,Jeonnam Dragons,Bucheon FC 1995,2020-07-24,2,0,,H,,,k2_2014_2021_h2h,k2_2014_2021_h2h
46005,k2v2_2020_1st_Jeo_Chu_1226,kor.2,,,Jeonnam Dragons,Chungnam Asan,2020-07-25,1,1,,D,,,k2_2014_2021_h2h,k2_2014_2021_h2h
46006,k2v2_2020_1st_Jeo_Dae_1227,kor.2,,,Jeonnam Dragons,Daejeon Hana Citizen,2020-07-26,1,1,,D,,,k2_2014_2021_h2h,k2_2014_2021_h2h
46007,k2v2_2020_1st_Jeo_Gye_1228,kor.2,,,Jeonnam Dragons,Gyeongnam FC,2020-07-27,1,1,,D,,,k2_2014_2021_h2h,k2_2014_2021_h2h
46008,k2v2_2020_1st_Jeo_Jej_1229,kor.2,,,Jeonnam Dragons,Jeju SK,2020-07-28,1,0,,H,,,k2_2014_2021_h2h,k2_2014_2021_h2h
46009,k2v2_2020_1st_Jeo_Suw_1230,kor.2,,,Jeonnam Dragons,Suwon FC,2020-07-29,1,2,,A,,,k2_2014_2021_h2h,k2_2014_2021_h2h
46010,k2v2_2020_1st_Jeo_Suw_1231,kor.2,,,Jeonnam Dragons,Suwon FC,2020-07-30,1,2,,A,,,k2_2014_2021_h2h,k2_2014_2021_h2h
46011,k2v2_2020_1st_Seo_Ans_1232,kor.2,,,Seoul E-Land,Ansan Greeners,2020-07-31,0,2,,A,,,k2_2014_2021_h2h,k2_2014_2021_h2h
46012,k2v2_2020_1st_Seo_FC _1233,kor.2,,,Seoul E-Land,FC Anyang,2020-08-01,0,2,,A,,,k2_2014_2021_h2h,k2_2014_2021_h2h
46013,k2v2_2020_1st_Seo_Buc_1234,kor.2,,,Seoul E-Land,Bucheon FC 1995,2020-08-02,3,0,,H,,,k2_2014_2021_h2h,k2_2014_2021_h2h
46014,k2v2_2020_1st_Seo_Chu_1235,kor.2,,,Seoul E-Land,Chungnam Asan,2020-08-03,1,2,,A,,,k2_2014_2021_h2h,k2_2014_2021_h2h
46015,k2v2_2020_1st_Seo_Dae_1236,kor.2,,,Seoul E-Land,Daejeon Hana Citizen,2020-08-04,2,0,,H,,,k2_2014_2021_h2h,k2_2014_2021_h2h
46016,k2v2_2020_1st_Seo_Gye_1237,kor.2,,,Seoul E-Land,Gyeongnam FC,2020-08-05,2,2,,D,,,k2_2014_2021_h2h,k2_2014_2021_h2h
46017,k2v2_2020_1st_Seo_Jej_1238,kor.2,,,Seoul E-Land,Jeju SK,2020-08-06,1,2,,A,,,k2_2014_2021_h2h,k2_2014_2021_h2h
46018,k2v2_2020_1st_Seo_Jeo_1239,kor.2,,,Seoul E-Land,Jeonnam Dragons,2020-08-07,0,0,,D,,,k2_2014_2021_h2h,k2_2014_2021_h2h
46019,k2v2_2020_1st_Seo_Suw_1240,kor.2,,,Seoul E-Land,Suwon FC,2020-08-08,0,3,,A,,,k2_2014_2021_h2h,k2_2014_2021_h2h
46020,k2v2_2020_1st_Suw_Ans_1241,kor.2,,,Suwon FC,Ansan Greeners,2020-08-09,1,2,,A,,,k2_2014_2021_h2h,k2_2014_2021_h2h
46021,k2v2_2020_1st_Suw_FC _1242,kor.2,,,Suwon FC,FC Anyang,2020-08-10,3,2,,H,,,k2_2014_2021_h2h,k2_2014_2021_h2h
46022,k2v2_2020_1st_Suw_Buc_1243,kor.2,,,Suwon FC,Bucheon FC 1995,2020-08-11,1,2,,A,,,k2_2014_2021_h2h,k2_2014_2021_h2h
46023,k2v2_2020_1st_Suw_Chu_1244,kor.2,,,Suwon FC,Chungnam Asan,2020-08-12,1,1,,D,,,k2_2014_2021_h2h,k2_2014_2021_h2h
46024,k2v2_2020_1st_Suw_Dae_1245,kor.2,,,Suwon FC,Daejeon Hana Citizen,2020-08-13,1,2,,A,,,k2_2014_2021_h2h,k2_2014_2021_h2h
46025,k2v2_2020_1st_Suw_Gye_1246,kor.2,,,Suwon FC,Gyeongnam FC,2020-08-14,3,1,,H,,,k2_2014_2021_h2h,k2_2014_2021_h2h
46026,k2v2_2020_1st_Suw_Jej_1247,kor.2,,,Suwon FC,Jeju SK,2020-08-15,1,1,,D,,,k2_2014_2021_h2h,k2_2014_2021_h2h
46027,k2v2_2020_1st_Suw_Jeo_1248,kor.2,,,Suwon FC,Jeonnam Dragons,2020-08-16,2,2,,D,,,k2_2014_2021_h2h,k2_2014_2021_h2h
46028,k2v2_2020_1st_Suw_Suw_1249,kor.2,,,Suwon FC,Suwon FC,2020-08-17,2,0,,H,,,k2_2014_2021_h2h,k2_2014_2021_h2h
46029,k2v2_2020_2nd_Ans_FC _1250,kor.2,,,Ansan Greeners,FC Anyang,2020-09-07,1,0,,H,,,k2_2014_2021_h2h,k2_2014_2021_h2h
46030,k2v2_2020_2nd_Ans_Buc_1251,kor.2,,,Ansan Greeners,Bucheon FC 1995,2020-09-08,2,0,,H,,,k2_2014_2021_h2h,k2_2014_2021_h2h
46031,k2v2_2020_2nd_Ans_Dae_1252,kor.2,,,Ansan Greeners,Daejeon Hana Citizen,2020-09-09,1,2,,A,,,k2_2014_2021_h2h,k2_2014_2021_h2h
46032,k2v2_2020_2nd_Ans_Suw_1253,kor.2,,,Ansan Greeners,Suwon FC,2020-09-10,0,3,,A,,,k2_2014_2021_h2h,k2_2014_2021_h2h
46033,k2v2_2020_2nd_Ans_Suw_1254,kor.2,,,Ansan Greeners,Suwon FC,2020-09-11,0,4,,A,,,k2_2014_2021_h2h,k2_2014_2021_h2h
46034,k2v2_2020_2nd_FC _Buc_1255,kor.2,,,FC Anyang,Bucheon FC 1995,2020-09-12,0,0,,D,,,k2_2014_2021_h2h,k2_2014_2021_h2h
46035,k2v2_2020_2nd_FC _Jeo_1256,kor.2,,,FC Anyang,Jeonnam Dragons,2020-09-13,1,2,,A,,,k2_2014_2021_h2h,k2_2014_2021_h2h
46036,k2v2_2020_2nd_FC _Suw_1257,kor.2,,,FC Anyang,Suwon FC,2020-09-14,1,1,,D,,,k2_2014_2021_h2h,k2_2014_2021_h2h
46037,k2v2_2020_2nd_FC _Suw_1258,kor.2,,,FC Anyang,Suwon FC,2020-09-15,1,2,,A,,,k2_2014_2021_h2h,k2_2014_2021_h2h
46038,k2v2_2020_2nd_Buc_Chu_1259,kor.2,,,Bucheon FC 1995,Chungnam Asan,2020-09-16,0,0,,D,,,k2_2014_2021_h2h,k2_2014_2021_h2h
46039,k2v2_2020_2nd_Buc_Gye_1260,kor.2,,,Bucheon FC 1995,Gyeongnam FC,2020-09-17,3,4,,A,,,k2_2014_2021_h2h,k2_2014_2021_h2h
46040,k2v2_2020_2nd_Buc_Jej_1261,kor.2,,,Bucheon FC 1995,Jeju SK,2020-09-18,0,2,,A,,,k2_2014_2021_h2h,k2_2014_2021_h2h
46041,k2v2_2020_2nd_Buc_Jeo_1262,kor.2,,,Bucheon FC 1995,Jeonnam Dragons,2020-09-19,1,1,,D,,,k2_2014_2021_h2h,k2_2014_2021_h2h
46042,k2v2_2020_2nd_Chu_Ans_1263,kor.2,,,Chungnam Asan,Ansan Greeners,2020-09-20,0,1,,A,,,k2_2014_2021_h2h,k2_2014_2021_h2h
46043,k2v2_2020_2nd_Chu_FC _1264,kor.2,,,Chungnam Asan,FC Anyang,2020-09-21,0,2,,A,,,k2_2014_2021_h2h,k2_2014_2021_h2h
46044,k2v2_2020_2nd_Chu_Dae_1265,kor.2,,,Chungnam Asan,Daejeon Hana Citizen,2020-09-22,3,2,,H,,,k2_2014_2021_h2h,k2_2014_2021_h2h
46045,k2v2_2020_2nd_Chu_Jej_1266,kor.2,,,Chungnam Asan,Jeju SK,2020-09-23,0,1,,A,,,k2_2014_2021_h2h,k2_2014_2021_h2h
46046,k2v2_2020_2nd_Chu_Suw_1267,kor.2,,,Chungnam Asan,Suwon FC,2020-09-24,0,2,,A,,,k2_2014_2021_h2h,k2_2014_2021_h2h
46047,k2v2_2020_2nd_Dae_FC _1268,kor.2,,,Daejeon Hana Citizen,FC Anyang,2020-09-25,3,0,,H,,,k2_2014_2021_h2h,k2_2014_2021_h2h
46048,k2v2_2020_2nd_Dae_Buc_1269,kor.2,,,Daejeon Hana Citizen,Bucheon FC 1995,2020-09-26,0,1,,A,,,k2_2014_2021_h2h,k2_2014_2021_h2h
46049,k2v2_2020_2nd_Dae_Suw_1270,kor.2,,,Daejeon Hana Citizen,Suwon FC,2020-09-27,1,2,,A,,,k2_2014_2021_h2h,k2_2014_2021_h2h
46050,k2v2_2020_2nd_Dae_Suw_1271,kor.2,,,Daejeon Hana Citizen,Suwon FC,2020-09-28,0,1,,A,,,k2_2014_2021_h2h,k2_2014_2021_h2h
46051,k2v2_2020_2nd_Gye_Ans_1272,kor.2,,,Gyeongnam FC,Ansan Greeners,2020-09-29,1,2,,A,,,k2_2014_2021_h2h,k2_2014_2021_h2h
46052,k2v2_2020_2nd_Gye_FC _1273,kor.2,,,Gyeongnam FC,FC Anyang,2020-09-30,1,0,,H,,,k2_2014_2021_h2h,k2_2014_2021_h2h
46053,k2v2_2020_2nd_Gye_Chu_1274,kor.2,,,Gyeongnam FC,Chungnam Asan,2020-10-01,3,1,,H,,,k2_2014_2021_h2h,k2_2014_2021_h2h
46054,k2v2_2020_2nd_Gye_Dae_1275,kor.2,,,Gyeongnam FC,Daejeon Hana Citizen,2020-10-02,1,0,,H,,,k2_2014_2021_h2h,k2_2014_2021_h2h
46055,k2v2_2020_2nd_Gye_Jej_1276,kor.2,,,Gyeongnam FC,Jeju SK,2020-10-03,0,1,,A,,,k2_2014_2021_h2h,k2_2014_2021_h2h
46056,k2v2_2020_2nd_Jej_Ans_1277,kor.2,,,Jeju SK,Ansan Greeners,2020-10-04,1,1,,D,,,k2_2014_2021_h2h,k2_2014_2021_h2h
46057,k2v2_2020_2nd_Jej_FC _1278,kor.2,,,Jeju SK,FC Anyang,2020-10-05,4,1,,H,,,k2_2014_2021_h2h,k2_2014_2021_h2h
46058,k2v2_2020_2nd_Jej_Dae_1279,kor.2,,,Jeju SK,Daejeon Hana Citizen,2020-10-06,2,0,,H,,,k2_2014_2021_h2h,k2_2014_2021_h2h
46059,k2v2_2020_2nd_Jej_Suw_1280,kor.2,,,Jeju SK,Suwon FC,2020-10-07,3,2,,H,,,k2_2014_2021_h2h,k2_2014_2021_h2h
46060,k2v2_2020_2nd_Jej_Suw_1281,kor.2,,,Jeju SK,Suwon FC,2020-10-08,2,0,,H,,,k2_2014_2021_h2h,k2_2014_2021_h2h
46061,k2v2_2020_2nd_Jeo_Ans_1282,kor.2,,,Jeonnam Dragons,Ansan Greeners,2020-10-09,0,0,,D,,,k2_2014_2021_h2h,k2_2014_2021_h2h
46062,k2v2_2020_2nd_Jeo_Chu_1283,kor.2,,,Jeonnam Dragons,Chungnam Asan,2020-10-10,1,0,,H,,,k2_2014_2021_h2h,k2_2014_2021_h2h
46063,k2v2_2020_2nd_Jeo_Dae_1284,kor.2,,,Jeonnam Dragons,Daejeon Hana Citizen,2020-10-11,1,2,,A,,,k2_2014_2021_h2h,k2_2014_2021_h2h
46064,k2v2_2020_2nd_Jeo_Gye_1285,kor.2,,,Jeonnam Dragons,Gyeongnam FC,2020-10-12,2,2,,D,,,k2_2014_2021_h2h,k2_2014_2021_h2h
46065,k2v2_2020_2nd_Jeo_Jej_1286,kor.2,,,Jeonnam Dragons,Jeju SK,2020-10-13,0,2,,A,,,k2_2014_2021_h2h,k2_2014_2021_h2h
46066,k2v2_2020_2nd_Seo_Buc_1287,kor.2,,,Seoul E-Land,Bucheon FC 1995,2020-10-14,3,0,,H,,,k2_2014_2021_h2h,k2_2014_2021_h2h
46067,k2v2_2020_2nd_Seo_Chu_1288,kor.2,,,Seoul E-Land,Chungnam Asan,2020-10-15,0,1,,A,,,k2_2014_2021_h2h,k2_2014_2021_h2h
46068,k2v2_2020_2nd_Seo_Gye_1289,kor.2,,,Seoul E-Land,Gyeongnam FC,2020-10-16,1,0,,H,,,k2_2014_2021_h2h,k2_2014_2021_h2h
46069,k2v2_2020_2nd_Seo_Jeo_1290,kor.2,,,Seoul E-Land,Jeonnam Dragons,2020-10-17,1,1,,D,,,k2_2014_2021_h2h,k2_2014_2021_h2h
46070,k2v2_2020_2nd_Suw_Buc_1291,kor.2,,,Suwon FC,Bucheon FC 1995,2020-10-18,1,0,,H,,,k2_2014_2021_h2h,k2_2014_2021_h2h
46071,k2v2_2020_2nd_Suw_Gye_1292,kor.2,,,Suwon FC,Gyeongnam FC,2020-10-19,2,1,,H,,,k2_2014_2021_h2h,k2_2014_2021_h2h
46072,k2v2_2020_2nd_Suw_Jeo_1293,kor.2,,,Suwon FC,Jeonnam Dragons,2020-10-20,3,4,,A,,,k2_2014_2021_h2h,k2_2014_2021_h2h
46073,k2v2_2020_2nd_Suw_Suw_1294,kor.2,,,Suwon FC,Suwon FC,2020-10-21,1,0,,H,,,k2_2014_2021_h2h,k2_2014_2021_h2h
46074,k2v2_2021_2nd_Ans_FC _1295,kor.2,,,Ansan Greeners,FC Anyang,2021-10-23,3,2,,H,,,k2_2014_2021_h2h,k2_2014_2021_h2h
46075,k2v2_2021_2nd_Ans_Buc_1296,kor.2,,,Ansan Greeners,Bucheon FC 1995,2021-10-24,2,2,,D,,,k2_2014_2021_h2h,k2_2014_2021_h2h
46076,k2v2_2021_2nd_Ans_Bus_1297,kor.2,,,Ansan Greeners,Busan IPark,2021-10-25,2,3,,A,,,k2_2014_2021_h2h,k2_2014_2021_h2h
46077,k2v2_2021_2nd_Ans_Chu_1298,kor.2,,,Ansan Greeners,Chungnam Asan,2021-10-26,1,0,,H,,,k2_2014_2021_h2h,k2_2014_2021_h2h
46078,k2v2_2021_2nd_Ans_Dae_1299,kor.2,,,Ansan Greeners,Daejeon Hana Citizen,2021-10-27,1,0,,H,,,k2_2014_2021_h2h,k2_2014_2021_h2h
46079,k2v2_2021_2nd_Ans_Gim_1300,kor.2,,,Ansan Greeners,Gimcheon Sangmu,2021-10-28,1,1,,D,,,k2_2014_2021_h2h,k2_2014_2021_h2h
46080,k2v2_2021_2nd_Ans_Gye_1301,kor.2,,,Ansan Greeners,Gyeongnam FC,2021-10-29,1,2,,A,,,k2_2014_2021_h2h,k2_2014_2021_h2h
46081,k2v2_2021_2nd_Ans_Jeo_1302,kor.2,,,Ansan Greeners,Jeonnam Dragons,2021-10-30,0,1,,A,,,k2_2014_2021_h2h,k2_2014_2021_h2h
46082,k2v2_2021_2nd_Ans_Suw_1303,kor.2,,,Ansan Greeners,Suwon FC,2021-10-31,1,1,,D,,,k2_2014_2021_h2h,k2_2014_2021_h2h
46083,k2v2_2021_2nd_FC _Ans_1304,kor.2,,,FC Anyang,Ansan Greeners,2021-11-01,1,2,,A,,,k2_2014_2021_h2h,k2_2014_2021_h2h
46084,k2v2_2021_2nd_FC _Buc_1305,kor.2,,,FC Anyang,Bucheon FC 1995,2021-11-02,2,0,,H,,,k2_2014_2021_h2h,k2_2014_2021_h2h
46085,k2v2_2021_2nd_FC _Bus_1306,kor.2,,,FC Anyang,Busan IPark,2021-11-03,2,1,,H,,,k2_2014_2021_h2h,k2_2014_2021_h2h
46086,k2v2_2021_2nd_FC _Chu_1307,kor.2,,,FC Anyang,Chungnam Asan,2021-11-04,2,1,,H,,,k2_2014_2021_h2h,k2_2014_2021_h2h
46087,k2v2_2021_2nd_FC _Dae_1308,kor.2,,,FC Anyang,Daejeon Hana Citizen,2021-11-05,0,1,,A,,,k2_2014_2021_h2h,k2_2014_2021_h2h
46088,k2v2_2021_2nd_FC _Gim_1309,kor.2,,,FC Anyang,Gimcheon Sangmu,2021-11-06,0,0,,D,,,k2_2014_2021_h2h,k2_2014_2021_h2h
46089,k2v2_2021_2nd_FC _Gye_1310,kor.2,,,FC Anyang,Gyeongnam FC,2021-11-07,0,1,,A,,,k2_2014_2021_h2h,k2_2014_2021_h2h
46090,k2v2_2021_2nd_FC _Jeo_1311,kor.2,,,FC Anyang,Jeonnam Dragons,2021-11-08,0,0,,D,,,k2_2014_2021_h2h,k2_2014_2021_h2h
46091,k2v2_2021_2nd_FC _Suw_1312,kor.2,,,FC Anyang,Suwon FC,2021-11-09,0,0,,D,,,k2_2014_2021_h2h,k2_2014_2021_h2h
46092,k2v2_2021_2nd_Buc_Ans_1313,kor.2,,,Bucheon FC 1995,Ansan Greeners,2021-11-10,0,1,,A,,,k2_2014_2021_h2h,k2_2014_2021_h2h
46093,k2v2_2021_2nd_Buc_FC _1314,kor.2,,,Bucheon FC 1995,FC Anyang,2021-11-11,0,0,,D,,,k2_2014_2021_h2h,k2_2014_2021_h2h
46094,k2v2_2021_2nd_Buc_Bus_1315,kor.2,,,Bucheon FC 1995,Busan IPark,2021-11-12,0,2,,A,,,k2_2014_2021_h2h,k2_2014_2021_h2h
46095,k2v2_2021_2nd_Buc_Chu_1316,kor.2,,,Bucheon FC 1995,Chungnam Asan,2021-11-13,1,0,,H,,,k2_2014_2021_h2h,k2_2014_2021_h2h
46096,k2v2_2021_2nd_Buc_Dae_1317,kor.2,,,Bucheon FC 1995,Daejeon Hana Citizen,2021-11-14,1,2,,A,,,k2_2014_2021_h2h,k2_2014_2021_h2h
46097,k2v2_2021_2nd_Buc_Gim_1318,kor.2,,,Bucheon FC 1995,Gimcheon Sangmu,2021-11-15,0,0,,D,,,k2_2014_2021_h2h,k2_2014_2021_h2h
46098,k2v2_2021_2nd_Buc_Gye_1319,kor.2,,,Bucheon FC 1995,Gyeongnam FC,2021-11-16,1,1,,D,,,k2_2014_2021_h2h,k2_2014_2021_h2h
46099,k2v2_2021_2nd_Buc_Jeo_1320,kor.2,,,Bucheon FC 1995,Jeonnam Dragons,2021-11-17,1,1,,D,,,k2_2014_2021_h2h,k2_2014_2021_h2h
46100,k2v2_2021_2nd_Buc_Suw_1321,kor.2,,,Bucheon FC 1995,Suwon FC,2021-11-18,1,1,,D,,,k2_2014_2021_h2h,k2_2014_2021_h2h
46101,k2v2_2021_2nd_Bus_Ans_1322,kor.2,,,Busan IPark,Ansan Greeners,2021-11-19,1,1,,D,,,k2_2014_2021_h2h,k2_2014_2021_h2h
46102,k2v2_2021_2nd_Bus_FC _1323,kor.2,,,Busan IPark,FC Anyang,2021-11-20,4,5,,A,,,k2_2014_2021_h2h,k2_2014_2021_h2h
46103,k2v2_2021_2nd_Bus_Buc_1324,kor.2,,,Busan IPark,Bucheon FC 1995,2021-11-21,1,1,,D,,,k2_2014_2021_h2h,k2_2014_2021_h2h
46104,k2v2_2021_2nd_Bus_Chu_1325,kor.2,,,Busan IPark,Chungnam Asan,2021-11-22,0,0,,D,,,k2_2014_2021_h2h,k2_2014_2021_h2h
46105,k2v2_2021_2nd_Bus_Dae_1326,kor.2,,,Busan IPark,Daejeon Hana Citizen,2021-11-23,4,1,,H,,,k2_2014_2021_h2h,k2_2014_2021_h2h
46106,k2v2_2021_2nd_Bus_Gim_1327,kor.2,,,Busan IPark,Gimcheon Sangmu,2021-11-24,2,1,,H,,,k2_2014_2021_h2h,k2_2014_2021_h2h
46107,k2v2_2021_2nd_Bus_Gye_1328,kor.2,,,Busan IPark,Gyeongnam FC,2021-11-25,2,3,,A,,,k2_2014_2021_h2h,k2_2014_2021_h2h
46108,k2v2_2021_2nd_Bus_Jeo_1329,kor.2,,,Busan IPark,Jeonnam Dragons,2021-11-26,0,1,,A,,,k2_2014_2021_h2h,k2_2014_2021_h2h
46109,k2v2_2021_2nd_Bus_Suw_1330,kor.2,,,Busan IPark,Suwon FC,2021-11-27,0,3,,A,,,k2_2014_2021_h2h,k2_2014_2021_h2h
46110,k2v2_2021_2nd_Chu_Ans_1331,kor.2,,,Chungnam Asan,Ansan Greeners,2021-11-28,0,2,,A,,,k2_2014_2021_h2h,k2_2014_2021_h2h
46111,k2v2_2021_2nd_Chu_FC _1332,kor.2,,,Chungnam Asan,FC Anyang,2021-11-29,2,2,,D,,,k2_2014_2021_h2h,k2_2014_2021_h2h
46112,k2v2_2021_2nd_Chu_Buc_1333,kor.2,,,Chungnam Asan,Bucheon FC 1995,2021-11-30,0,1,,A,,,k2_2014_2021_h2h,k2_2014_2021_h2h
46113,k2v2_2021_2nd_Chu_Bus_1334,kor.2,,,Chungnam Asan,Busan IPark,2021-12-01,4,0,,H,,,k2_2014_2021_h2h,k2_2014_2021_h2h
46114,k2v2_2021_2nd_Chu_Dae_1335,kor.2,,,Chungnam Asan,Daejeon Hana Citizen,2021-12-02,3,1,,H,,,k2_2014_2021_h2h,k2_2014_2021_h2h
46115,k2v2_2021_2nd_Chu_Gim_1336,kor.2,,,Chungnam Asan,Gimcheon Sangmu,2021-12-03,1,2,,A,,,k2_2014_2021_h2h,k2_2014_2021_h2h
46116,k2v2_2021_2nd_Chu_Gye_1337,kor.2,,,Chungnam Asan,Gyeongnam FC,2021-12-04,2,1,,H,,,k2_2014_2021_h2h,k2_2014_2021_h2h
46117,k2v2_2021_2nd_Chu_Jeo_1338,kor.2,,,Chungnam Asan,Jeonnam Dragons,2021-12-05,0,1,,A,,,k2_2014_2021_h2h,k2_2014_2021_h2h
46118,k2v2_2021_2nd_Chu_Suw_1339,kor.2,,,Chungnam Asan,Suwon FC,2021-12-06,0,0,,D,,,k2_2014_2021_h2h,k2_2014_2021_h2h
46119,k2v2_2021_2nd_Dae_Ans_1340,kor.2,,,Daejeon Hana Citizen,Ansan Greeners,2021-12-07,0,0,,D,,,k2_2014_2021_h2h,k2_2014_2021_h2h
46120,k2v2_2021_2nd_Dae_FC _1341,kor.2,,,Daejeon Hana Citizen,FC Anyang,2021-12-08,1,2,,A,,,k2_2014_2021_h2h,k2_2014_2021_h2h
46121,k2v2_2021_2nd_Dae_Buc_1342,kor.2,,,Daejeon Hana Citizen,Bucheon FC 1995,2021-12-09,4,1,,H,,,k2_2014_2021_h2h,k2_2014_2021_h2h
46122,k2v2_2021_2nd_Dae_Bus_1343,kor.2,,,Daejeon Hana Citizen,Busan IPark,2021-12-10,1,2,,A,,,k2_2014_2021_h2h,k2_2014_2021_h2h
46123,k2v2_2021_2nd_Dae_Chu_1344,kor.2,,,Daejeon Hana Citizen,Chungnam Asan,2021-12-11,1,1,,D,,,k2_2014_2021_h2h,k2_2014_2021_h2h
46124,k2v2_2021_2nd_Dae_Gim_1345,kor.2,,,Daejeon Hana Citizen,Gimcheon Sangmu,2021-12-12,1,2,,A,,,k2_2014_2021_h2h,k2_2014_2021_h2h
46125,k2v2_2021_2nd_Dae_Gye_1346,kor.2,,,Daejeon Hana Citizen,Gyeongnam FC,2021-12-13,2,1,,H,,,k2_2014_2021_h2h,k2_2014_2021_h2h
46126,k2v2_2021_2nd_Dae_Jeo_1347,kor.2,,,Daejeon Hana Citizen,Jeonnam Dragons,2021-12-14,1,1,,D,,,k2_2014_2021_h2h,k2_2014_2021_h2h
46127,k2v2_2021_2nd_Dae_Suw_1348,kor.2,,,Daejeon Hana Citizen,Suwon FC,2021-12-15,2,1,,H,,,k2_2014_2021_h2h,k2_2014_2021_h2h
46128,k2v2_2021_2nd_Gim_Ans_1349,kor.2,,,Gimcheon Sangmu,Ansan Greeners,2021-12-16,3,0,,H,,,k2_2014_2021_h2h,k2_2014_2021_h2h
46129,k2v2_2021_2nd_Gim_FC _1350,kor.2,,,Gimcheon Sangmu,FC Anyang,2021-07-20,0,0,,D,,,k2_2014_2021_h2h,k2_2014_2021_h2h
46130,k2v2_2021_2nd_Gim_Buc_1351,kor.2,,,Gimcheon Sangmu,Bucheon FC 1995,2021-07-21,1,0,,H,,,k2_2014_2021_h2h,k2_2014_2021_h2h
46131,k2v2_2021_2nd_Gim_Bus_1352,kor.2,,,Gimcheon Sangmu,Busan IPark,2021-07-22,1,0,,H,,,k2_2014_2021_h2h,k2_2014_2021_h2h
46132,k2v2_2021_2nd_Gim_Chu_1353,kor.2,,,Gimcheon Sangmu,Chungnam Asan,2021-07-23,3,1,,H,,,k2_2014_2021_h2h,k2_2014_2021_h2h
46133,k2v2_2021_2nd_Gim_Dae_1354,kor.2,,,Gimcheon Sangmu,Daejeon Hana Citizen,2021-07-24,1,1,,D,,,k2_2014_2021_h2h,k2_2014_2021_h2h
46134,k2v2_2021_2nd_Gim_Gye_1355,kor.2,,,Gimcheon Sangmu,Gyeongnam FC,2021-07-25,1,2,,A,,,k2_2014_2021_h2h,k2_2014_2021_h2h
46135,k2v2_2021_2nd_Gim_Jeo_1356,kor.2,,,Gimcheon Sangmu,Jeonnam Dragons,2021-07-26,1,1,,D,,,k2_2014_2021_h2h,k2_2014_2021_h2h
46136,k2v2_2021_2nd_Gim_Suw_1357,kor.2,,,Gimcheon Sangmu,Suwon FC,2021-07-27,2,0,,H,,,k2_2014_2021_h2h,k2_2014_2021_h2h
46137,k2v2_2021_2nd_Gye_Ans_1358,kor.2,,,Gyeongnam FC,Ansan Greeners,2021-07-28,1,1,,D,,,k2_2014_2021_h2h,k2_2014_2021_h2h
46138,k2v2_2021_2nd_Gye_FC _1359,kor.2,,,Gyeongnam FC,FC Anyang,2021-07-29,1,2,,A,,,k2_2014_2021_h2h,k2_2014_2021_h2h
46139,k2v2_2021_2nd_Gye_Buc_1360,kor.2,,,Gyeongnam FC,Bucheon FC 1995,2021-07-30,3,0,,H,,,k2_2014_2021_h2h,k2_2014_2021_h2h
46140,k2v2_2021_2nd_Gye_Bus_1361,kor.2,,,Gyeongnam FC,Busan IPark,2021-07-31,1,2,,A,,,k2_2014_2021_h2h,k2_2014_2021_h2h
46141,k2v2_2021_2nd_Gye_Chu_1362,kor.2,,,Gyeongnam FC,Chungnam Asan,2021-08-01,2,1,,H,,,k2_2014_2021_h2h,k2_2014_2021_h2h
46142,k2v2_2021_2nd_Gye_Dae_1363,kor.2,,,Gyeongnam FC,Daejeon Hana Citizen,2021-08-02,1,2,,A,,,k2_2014_2021_h2h,k2_2014_2021_h2h
46143,k2v2_2021_2nd_Gye_Gim_1364,kor.2,,,Gyeongnam FC,Gimcheon Sangmu,2021-08-03,1,2,,A,,,k2_2014_2021_h2h,k2_2014_2021_h2h
46144,k2v2_2021_2nd_Gye_Jeo_1365,kor.2,,,Gyeongnam FC,Jeonnam Dragons,2021-08-04,0,2,,A,,,k2_2014_2021_h2h,k2_2014_2021_h2h
46145,k2v2_2021_2nd_Gye_Suw_1366,kor.2,,,Gyeongnam FC,Suwon FC,2021-08-05,0,0,,D,,,k2_2014_2021_h2h,k2_2014_2021_h2h
46146,k2v2_2021_2nd_Jeo_Ans_1367,kor.2,,,Jeonnam Dragons,Ansan Greeners,2021-08-06,2,0,,H,,,k2_2014_2021_h2h,k2_2014_2021_h2h
46147,k2v2_2021_2nd_Jeo_FC _1368,kor.2,,,Jeonnam Dragons,FC Anyang,2021-08-07,0,1,,A,,,k2_2014_2021_h2h,k2_2014_2021_h2h
46148,k2v2_2021_2nd_Jeo_Buc_1369,kor.2,,,Jeonnam Dragons,Bucheon FC 1995,2021-08-08,0,2,,A,,,k2_2014_2021_h2h,k2_2014_2021_h2h
46149,k2v2_2021_2nd_Jeo_Bus_1370,kor.2,,,Jeonnam Dragons,Busan IPark,2021-08-09,1,2,,A,,,k2_2014_2021_h2h,k2_2014_2021_h2h
46150,k2v2_2021_2nd_Jeo_Chu_1371,kor.2,,,Jeonnam Dragons,Chungnam Asan,2021-08-10,0,0,,D,,,k2_2014_2021_h2h,k2_2014_2021_h2h
46151,k2v2_2021_2nd_Jeo_Dae_1372,kor.2,,,Jeonnam Dragons,Daejeon Hana Citizen,2021-08-11,1,2,,A,,,k2_2014_2021_h2h,k2_2014_2021_h2h
46152,k2v2_2021_2nd_Jeo_Gim_1373,kor.2,,,Jeonnam Dragons,Gimcheon Sangmu,2021-08-12,2,1,,H,,,k2_2014_2021_h2h,k2_2014_2021_h2h
46153,k2v2_2021_2nd_Jeo_Gye_1374,kor.2,,,Jeonnam Dragons,Gyeongnam FC,2021-08-13,1,0,,H,,,k2_2014_2021_h2h,k2_2014_2021_h2h
46154,k2v2_2021_2nd_Jeo_Suw_1375,kor.2,,,Jeonnam Dragons,Suwon FC,2021-08-14,3,0,,H,,,k2_2014_2021_h2h,k2_2014_2021_h2h
46155,k2v2_2021_2nd_Seo_Ans_1376,kor.2,,,Seoul E-Land,Ansan Greeners,2021-08-15,1,0,,H,,,k2_2014_2021_h2h,k2_2014_2021_h2h
46156,k2v2_2021_2nd_Seo_FC _1377,kor.2,,,Seoul E-Land,FC Anyang,2021-08-16,1,2,,A,,,k2_2014_2021_h2h,k2_2014_2021_h2h
46157,k2v2_2021_2nd_Seo_Buc_1378,kor.2,,,Seoul E-Land,Bucheon FC 1995,2021-08-17,4,0,,H,,,k2_2014_2021_h2h,k2_2014_2021_h2h
46158,k2v2_2021_2nd_Seo_Bus_1379,kor.2,,,Seoul E-Land,Busan IPark,2021-08-18,0,1,,A,,,k2_2014_2021_h2h,k2_2014_2021_h2h
46159,k2v2_2021_2nd_Seo_Chu_1380,kor.2,,,Seoul E-Land,Chungnam Asan,2021-08-19,0,1,,A,,,k2_2014_2021_h2h,k2_2014_2021_h2h
46160,k2v2_2021_2nd_Seo_Dae_1381,kor.2,,,Seoul E-Land,Daejeon Hana Citizen,2021-08-20,0,1,,A,,,k2_2014_2021_h2h,k2_2014_2021_h2h
46161,k2v2_2021_2nd_Seo_Gim_1382,kor.2,,,Seoul E-Land,Gimcheon Sangmu,2021-08-21,4,0,,H,,,k2_2014_2021_h2h,k2_2014_2021_h2h
46162,k2v2_2021_2nd_Seo_Gye_1383,kor.2,,,Seoul E-Land,Gyeongnam FC,2021-08-22,1,1,,D,,,k2_2014_2021_h2h,k2_2014_2021_h2h
46163,k2v2_2021_2nd_Seo_Jeo_1384,kor.2,,,Seoul E-Land,Jeonnam Dragons,2021-08-23,1,1,,D,,,k2_2014_2021_h2h,k2_2014_2021_h2h
46164,k2v2_2021_1st_Ans_FC _1385,kor.2,,,Ansan Greeners,FC Anyang,2021-07-05,1,0,,H,,,k2_2014_2021_h2h,k2_2014_2021_h2h
46165,k2v2_2021_1st_Ans_Buc_1386,kor.2,,,Ansan Greeners,Bucheon FC 1995,2021-07-06,1,2,,A,,,k2_2014_2021_h2h,k2_2014_2021_h2h
46166,k2v2_2021_1st_Ans_Bus_1387,kor.2,,,Ansan Greeners,Busan IPark,2021-07-07,1,1,,D,,,k2_2014_2021_h2h,k2_2014_2021_h2h
46167,k2v2_2021_1st_Ans_Chu_1388,kor.2,,,Ansan Greeners,Chungnam Asan,2021-07-08,0,1,,A,,,k2_2014_2021_h2h,k2_2014_2021_h2h
46168,k2v2_2021_1st_Ans_Dae_1389,kor.2,,,Ansan Greeners,Daejeon Hana Citizen,2021-07-09,0,2,,A,,,k2_2014_2021_h2h,k2_2014_2021_h2h
46169,k2v2_2021_1st_Ans_Gim_1390,kor.2,,,Ansan Greeners,Gimcheon Sangmu,2021-07-10,0,1,,A,,,k2_2014_2021_h2h,k2_2014_2021_h2h
46170,k2v2_2021_1st_Ans_Gye_1391,kor.2,,,Ansan Greeners,Gyeongnam FC,2021-07-11,3,1,,H,,,k2_2014_2021_h2h,k2_2014_2021_h2h
46171,k2v2_2021_1st_Ans_Jeo_1392,kor.2,,,Ansan Greeners,Jeonnam Dragons,2021-07-12,1,1,,D,,,k2_2014_2021_h2h,k2_2014_2021_h2h
46172,k2v2_2021_1st_Ans_Suw_1393,kor.2,,,Ansan Greeners,Suwon FC,2021-07-13,0,3,,A,,,k2_2014_2021_h2h,k2_2014_2021_h2h
46173,k2v2_2021_1st_FC _Ans_1394,kor.2,,,FC Anyang,Ansan Greeners,2021-07-14,1,1,,D,,,k2_2014_2021_h2h,k2_2014_2021_h2h
46174,k2v2_2021_1st_FC _Buc_1395,kor.2,,,FC Anyang,Bucheon FC 1995,2021-07-15,4,1,,H,,,k2_2014_2021_h2h,k2_2014_2021_h2h
46175,k2v2_2021_1st_FC _Bus_1396,kor.2,,,FC Anyang,Busan IPark,2021-07-16,1,1,,D,,,k2_2014_2021_h2h,k2_2014_2021_h2h
46176,k2v2_2021_1st_FC _Chu_1397,kor.2,,,FC Anyang,Chungnam Asan,2021-07-17,1,0,,H,,,k2_2014_2021_h2h,k2_2014_2021_h2h
46177,k2v2_2021_1st_FC _Dae_1398,kor.2,,,FC Anyang,Daejeon Hana Citizen,2021-07-18,1,2,,A,,,k2_2014_2021_h2h,k2_2014_2021_h2h
46178,k2v2_2021_1st_FC _Gim_1399,kor.2,,,FC Anyang,Gimcheon Sangmu,2021-07-19,2,2,,D,,,k2_2014_2021_h2h,k2_2014_2021_h2h
46179,k2v2_2021_1st_FC _Gye_1400,kor.2,,,FC Anyang,Gyeongnam FC,2021-07-20,0,0,,D,,,k2_2014_2021_h2h,k2_2014_2021_h2h
46180,k2v2_2021_1st_FC _Jeo_1401,kor.2,,,FC Anyang,Jeonnam Dragons,2021-07-21,1,1,,D,,,k2_2014_2021_h2h,k2_2014_2021_h2h
46181,k2v2_2021_1st_FC _Suw_1402,kor.2,,,FC Anyang,Suwon FC,2021-07-22,2,1,,H,,,k2_2014_2021_h2h,k2_2014_2021_h2h
46182,k2v2_2021_1st_Buc_Ans_1403,kor.2,,,Bucheon FC 1995,Ansan Greeners,2021-07-23,4,3,,H,,,k2_2014_2021_h2h,k2_2014_2021_h2h
46183,k2v2_2021_1st_Buc_FC _1404,kor.2,,,Bucheon FC 1995,FC Anyang,2021-07-24,0,1,,A,,,k2_2014_2021_h2h,k2_2014_2021_h2h
46184,k2v2_2021_1st_Buc_Bus_1405,kor.2,,,Bucheon FC 1995,Busan IPark,2021-07-25,0,0,,D,,,k2_2014_2021_h2h,k2_2014_2021_h2h
46185,k2v2_2021_1st_Buc_Chu_1406,kor.2,,,Bucheon FC 1995,Chungnam Asan,2021-07-26,0,0,,D,,,k2_2014_2021_h2h,k2_2014_2021_h2h
46186,k2v2_2021_1st_Buc_Dae_1407,kor.2,,,Bucheon FC 1995,Daejeon Hana Citizen,2021-07-27,4,2,,H,,,k2_2014_2021_h2h,k2_2014_2021_h2h
46187,k2v2_2021_1st_Buc_Gim_1408,kor.2,,,Bucheon FC 1995,Gimcheon Sangmu,2021-07-28,0,1,,A,,,k2_2014_2021_h2h,k2_2014_2021_h2h
46188,k2v2_2021_1st_Buc_Gye_1409,kor.2,,,Bucheon FC 1995,Gyeongnam FC,2021-07-29,2,3,,A,,,k2_2014_2021_h2h,k2_2014_2021_h2h
46189,k2v2_2021_1st_Buc_Jeo_1410,kor.2,,,Bucheon FC 1995,Jeonnam Dragons,2021-07-30,1,2,,A,,,k2_2014_2021_h2h,k2_2014_2021_h2h
46190,k2v2_2021_1st_Buc_Suw_1411,kor.2,,,Bucheon FC 1995,Suwon FC,2021-07-31,0,3,,A,,,k2_2014_2021_h2h,k2_2014_2021_h2h
46191,k2v2_2021_1st_Bus_Ans_1412,kor.2,,,Busan IPark,Ansan Greeners,2021-08-01,4,0,,H,,,k2_2014_2021_h2h,k2_2014_2021_h2h
46192,k2v2_2021_1st_Bus_FC _1413,kor.2,,,Busan IPark,FC Anyang,2021-08-02,1,3,,A,,,k2_2014_2021_h2h,k2_2014_2021_h2h
46193,k2v2_2021_1st_Bus_Buc_1414,kor.2,,,Busan IPark,Bucheon FC 1995,2021-08-03,0,1,,A,,,k2_2014_2021_h2h,k2_2014_2021_h2h
46194,k2v2_2021_1st_Bus_Chu_1415,kor.2,,,Busan IPark,Chungnam Asan,2021-08-04,2,1,,H,,,k2_2014_2021_h2h,k2_2014_2021_h2h
46195,k2v2_2021_1st_Bus_Dae_1416,kor.2,,,Busan IPark,Daejeon Hana Citizen,2021-08-05,1,1,,D,,,k2_2014_2021_h2h,k2_2014_2021_h2h
46196,k2v2_2021_1st_Bus_Gim_1417,kor.2,,,Busan IPark,Gimcheon Sangmu,2021-08-06,0,6,,A,,,k2_2014_2021_h2h,k2_2014_2021_h2h
46197,k2v2_2021_1st_Bus_Gye_1418,kor.2,,,Busan IPark,Gyeongnam FC,2021-08-07,1,0,,H,,,k2_2014_2021_h2h,k2_2014_2021_h2h
46198,k2v2_2021_1st_Bus_Jeo_1419,kor.2,,,Busan IPark,Jeonnam Dragons,2021-08-08,0,1,,A,,,k2_2014_2021_h2h,k2_2014_2021_h2h
46199,k2v2_2021_1st_Bus_Suw_1420,kor.2,,,Busan IPark,Suwon FC,2021-08-09,1,1,,D,,,k2_2014_2021_h2h,k2_2014_2021_h2h
46200,k2v2_2021_1st_Chu_Ans_1421,kor.2,,,Chungnam Asan,Ansan Greeners,2021-08-10,0,1,,A,,,k2_2014_2021_h2h,k2_2014_2021_h2h
46201,k2v2_2021_1st_Chu_FC _1422,kor.2,,,Chungnam Asan,FC Anyang,2021-08-11,0,2,,A,,,k2_2014_2021_h2h,k2_2014_2021_h2h
46202,k2v2_2021_1st_Chu_Buc_1423,kor.2,,,Chungnam Asan,Bucheon FC 1995,2021-08-12,1,0,,H,,,k2_2014_2021_h2h,k2_2014_2021_h2h
46203,k2v2_2021_1st_Chu_Bus_1424,kor.2,,,Chungnam Asan,Busan IPark,2021-08-13,3,2,,H,,,k2_2014_2021_h2h,k2_2014_2021_h2h
46204,k2v2_2021_1st_Chu_Dae_1425,kor.2,,,Chungnam Asan,Daejeon Hana Citizen,2021-08-14,3,4,,A,,,k2_2014_2021_h2h,k2_2014_2021_h2h
46205,k2v2_2021_1st_Chu_Gim_1426,kor.2,,,Chungnam Asan,Gimcheon Sangmu,2021-08-15,1,2,,A,,,k2_2014_2021_h2h,k2_2014_2021_h2h
46206,k2v2_2021_1st_Chu_Gye_1427,kor.2,,,Chungnam Asan,Gyeongnam FC,2021-08-16,2,1,,H,,,k2_2014_2021_h2h,k2_2014_2021_h2h
46207,k2v2_2021_1st_Chu_Jeo_1428,kor.2,,,Chungnam Asan,Jeonnam Dragons,2021-08-17,0,0,,D,,,k2_2014_2021_h2h,k2_2014_2021_h2h
46208,k2v2_2021_1st_Chu_Suw_1429,kor.2,,,Chungnam Asan,Suwon FC,2021-08-18,2,1,,H,,,k2_2014_2021_h2h,k2_2014_2021_h2h
46209,k2v2_2021_1st_Dae_Ans_1430,kor.2,,,Daejeon Hana Citizen,Ansan Greeners,2021-08-19,4,1,,H,,,k2_2014_2021_h2h,k2_2014_2021_h2h
46210,k2v2_2021_1st_Dae_FC _1431,kor.2,,,Daejeon Hana Citizen,FC Anyang,2021-08-20,3,1,,H,,,k2_2014_2021_h2h,k2_2014_2021_h2h
46211,k2v2_2021_1st_Dae_Buc_1432,kor.2,,,Daejeon Hana Citizen,Bucheon FC 1995,2021-08-21,1,1,,D,,,k2_2014_2021_h2h,k2_2014_2021_h2h
46212,k2v2_2021_1st_Dae_Bus_1433,kor.2,,,Daejeon Hana Citizen,Busan IPark,2021-08-22,3,1,,H,,,k2_2014_2021_h2h,k2_2014_2021_h2h
46213,k2v2_2021_1st_Dae_Chu_1434,kor.2,,,Daejeon Hana Citizen,Chungnam Asan,2021-08-23,1,0,,H,,,k2_2014_2021_h2h,k2_2014_2021_h2h
46214,k2v2_2021_1st_Dae_Gim_1435,kor.2,,,Daejeon Hana Citizen,Gimcheon Sangmu,2021-08-24,1,4,,A,,,k2_2014_2021_h2h,k2_2014_2021_h2h
46215,k2v2_2021_1st_Dae_Gye_1436,kor.2,,,Daejeon Hana Citizen,Gyeongnam FC,2021-08-25,1,0,,H,,,k2_2014_2021_h2h,k2_2014_2021_h2h
46216,k2v2_2021_1st_Dae_Jeo_1437,kor.2,,,Daejeon Hana Citizen,Jeonnam Dragons,2021-08-26,2,1,,H,,,k2_2014_2021_h2h,k2_2014_2021_h2h
46217,k2v2_2021_1st_Dae_Suw_1438,kor.2,,,Daejeon Hana Citizen,Suwon FC,2021-08-27,0,2,,A,,,k2_2014_2021_h2h,k2_2014_2021_h2h
46218,k2v2_2021_1st_Gim_Ans_1439,kor.2,,,Gimcheon Sangmu,Ansan Greeners,2021-08-28,1,0,,H,,,k2_2014_2021_h2h,k2_2014_2021_h2h
46219,k2v2_2021_1st_Gim_FC _1440,kor.2,,,Gimcheon Sangmu,FC Anyang,2021-03-02,2,4,,A,,,k2_2014_2021_h2h,k2_2014_2021_h2h
46220,k2v2_2021_1st_Gim_Buc_1441,kor.2,,,Gimcheon Sangmu,Bucheon FC 1995,2021-03-03,2,0,,H,,,k2_2014_2021_h2h,k2_2014_2021_h2h
46221,k2v2_2021_1st_Gim_Bus_1442,kor.2,,,Gimcheon Sangmu,Busan IPark,2021-03-04,2,2,,D,,,k2_2014_2021_h2h,k2_2014_2021_h2h
46222,k2v2_2021_1st_Gim_Chu_1443,kor.2,,,Gimcheon Sangmu,Chungnam Asan,2021-03-05,2,0,,H,,,k2_2014_2021_h2h,k2_2014_2021_h2h
46223,k2v2_2021_1st_Gim_Dae_1444,kor.2,,,Gimcheon Sangmu,Daejeon Hana Citizen,2021-03-06,2,1,,H,,,k2_2014_2021_h2h,k2_2014_2021_h2h
46224,k2v2_2021_1st_Gim_Gye_1445,kor.2,,,Gimcheon Sangmu,Gyeongnam FC,2021-03-07,0,0,,D,,,k2_2014_2021_h2h,k2_2014_2021_h2h
46225,k2v2_2021_1st_Gim_Jeo_1446,kor.2,,,Gimcheon Sangmu,Jeonnam Dragons,2021-03-08,3,1,,H,,,k2_2014_2021_h2h,k2_2014_2021_h2h
46226,k2v2_2021_1st_Gim_Suw_1447,kor.2,,,Gimcheon Sangmu,Suwon FC,2021-03-09,3,1,,H,,,k2_2014_2021_h2h,k2_2014_2021_h2h
46227,k2v2_2021_1st_Gye_Ans_1448,kor.2,,,Gyeongnam FC,Ansan Greeners,2021-03-10,0,2,,A,,,k2_2014_2021_h2h,k2_2014_2021_h2h
46228,k2v2_2021_1st_Gye_FC _1449,kor.2,,,Gyeongnam FC,FC Anyang,2021-03-11,2,1,,H,,,k2_2014_2021_h2h,k2_2014_2021_h2h
46229,k2v2_2021_1st_Gye_Buc_1450,kor.2,,,Gyeongnam FC,Bucheon FC 1995,2021-03-12,2,0,,H,,,k2_2014_2021_h2h,k2_2014_2021_h2h
46230,k2v2_2021_1st_Gye_Bus_1451,kor.2,,,Gyeongnam FC,Busan IPark,2021-03-13,1,0,,H,,,k2_2014_2021_h2h,k2_2014_2021_h2h
46231,k2v2_2021_1st_Gye_Chu_1452,kor.2,,,Gyeongnam FC,Chungnam Asan,2021-03-14,1,1,,D,,,k2_2014_2021_h2h,k2_2014_2021_h2h
46232,k2v2_2021_1st_Gye_Dae_1453,kor.2,,,Gyeongnam FC,Daejeon Hana Citizen,2021-03-15,1,0,,H,,,k2_2014_2021_h2h,k2_2014_2021_h2h
46233,k2v2_2021_1st_Gye_Gim_1454,kor.2,,,Gyeongnam FC,Gimcheon Sangmu,2021-03-16,2,3,,A,,,k2_2014_2021_h2h,k2_2014_2021_h2h
46234,k2v2_2021_1st_Gye_Jeo_1455,kor.2,,,Gyeongnam FC,Jeonnam Dragons,2021-03-17,0,2,,A,,,k2_2014_2021_h2h,k2_2014_2021_h2h
46235,k2v2_2021_1st_Gye_Suw_1456,kor.2,,,Gyeongnam FC,Suwon FC,2021-03-18,3,3,,D,,,k2_2014_2021_h2h,k2_2014_2021_h2h
46236,k2v2_2021_1st_Jeo_Ans_1457,kor.2,,,Jeonnam Dragons,Ansan Greeners,2021-03-19,2,3,,A,,,k2_2014_2021_h2h,k2_2014_2021_h2h
46237,k2v2_2021_1st_Jeo_FC _1458,kor.2,,,Jeonnam Dragons,FC Anyang,2021-03-20,1,2,,A,,,k2_2014_2021_h2h,k2_2014_2021_h2h
46238,k2v2_2021_1st_Jeo_Buc_1459,kor.2,,,Jeonnam Dragons,Bucheon FC 1995,2021-03-21,1,2,,A,,,k2_2014_2021_h2h,k2_2014_2021_h2h
46239,k2v2_2021_1st_Jeo_Bus_1460,kor.2,,,Jeonnam Dragons,Busan IPark,2021-03-22,2,0,,H,,,k2_2014_2021_h2h,k2_2014_2021_h2h
46240,k2v2_2021_1st_Jeo_Chu_1461,kor.2,,,Jeonnam Dragons,Chungnam Asan,2021-03-23,0,3,,A,,,k2_2014_2021_h2h,k2_2014_2021_h2h
46241,k2v2_2021_1st_Jeo_Dae_1462,kor.2,,,Jeonnam Dragons,Daejeon Hana Citizen,2021-03-24,0,0,,D,,,k2_2014_2021_h2h,k2_2014_2021_h2h
46242,k2v2_2021_1st_Jeo_Gim_1463,kor.2,,,Jeonnam Dragons,Gimcheon Sangmu,2021-03-25,2,2,,D,,,k2_2014_2021_h2h,k2_2014_2021_h2h
46243,k2v2_2021_1st_Jeo_Gye_1464,kor.2,,,Jeonnam Dragons,Gyeongnam FC,2021-03-26,0,0,,D,,,k2_2014_2021_h2h,k2_2014_2021_h2h
46244,k2v2_2021_1st_Jeo_Suw_1465,kor.2,,,Jeonnam Dragons,Suwon FC,2021-03-27,1,0,,H,,,k2_2014_2021_h2h,k2_2014_2021_h2h
46245,k2v2_2021_1st_Seo_Ans_1466,kor.2,,,Seoul E-Land,Ansan Greeners,2021-03-28,0,0,,D,,,k2_2014_2021_h2h,k2_2014_2021_h2h
46246,k2v2_2021_1st_Seo_FC _1467,kor.2,,,Seoul E-Land,FC Anyang,2021-03-29,0,1,,A,,,k2_2014_2021_h2h,k2_2014_2021_h2h
46247,k2v2_2021_1st_Seo_Buc_1468,kor.2,,,Seoul E-Land,Bucheon FC 1995,2021-03-30,1,2,,A,,,k2_2014_2021_h2h,k2_2014_2021_h2h
46248,k2v2_2021_1st_Seo_Bus_1469,kor.2,,,Seoul E-Land,Busan IPark,2021-03-31,1,2,,A,,,k2_2014_2021_h2h,k2_2014_2021_h2h
46249,k2v2_2021_1st_Seo_Chu_1470,kor.2,,,Seoul E-Land,Chungnam Asan,2021-04-01,1,3,,A,,,k2_2014_2021_h2h,k2_2014_2021_h2h
46250,k2v2_2021_1st_Seo_Dae_1471,kor.2,,,Seoul E-Land,Daejeon Hana Citizen,2021-04-02,2,1,,H,,,k2_2014_2021_h2h,k2_2014_2021_h2h
46251,k2v2_2021_1st_Seo_Gim_1472,kor.2,,,Seoul E-Land,Gimcheon Sangmu,2021-04-03,0,0,,D,,,k2_2014_2021_h2h,k2_2014_2021_h2h
46252,k2v2_2021_1st_Seo_Gye_1473,kor.2,,,Seoul E-Land,Gyeongnam FC,2021-04-04,1,1,,D,,,k2_2014_2021_h2h,k2_2014_2021_h2h
46253,k2v2_2021_1st_Seo_Jeo_1474,kor.2,,,Seoul E-Land,Jeonnam Dragons,2021-04-05,1,1,,D,,,k2_2014_2021_h2h,k2_2014_2021_h2h
46254,fdd_eng.1_2025-08-15_Liverpool_AFC_Bourne,eng.1,,,Liverpool,AFC Bournemouth,2025-08-15,4,2,FT,H,,,2026-07-27 03:45:26,
46255,fdd_eng.1_2025-08-16_Aston_Vill_Newcastle_,eng.1,,,Aston Villa,Newcastle United,2025-08-16,0,0,FT,D,,,2026-07-27 03:45:26,
46256,fdd_eng.1_2025-08-16_Brighton_&_Fulham,eng.1,,,Brighton & Hove Albion,Fulham,2025-08-16,1,1,FT,D,,,2026-07-27 03:45:26,
46257,fdd_eng.1_2025-08-16_Sunderland_West_Ham_U,eng.1,,,Sunderland,West Ham United,2025-08-16,3,0,FT,H,,,2026-07-27 03:45:26,
46258,fdd_eng.1_2025-08-16_Tottenham__Burnley,eng.1,,,Tottenham Hotspur,Burnley,2025-08-16,3,0,FT,H,,,2026-07-27 03:45:26,
46259,fdd_eng.1_2025-08-16_Wolverhamp_Manchester,eng.1,,,Wolverhampton Wanderers,Manchester City,2025-08-16,0,4,FT,A,,,2026-07-27 03:45:26,
46260,fdd_eng.1_2025-08-17_Chelsea_Crystal_Pa,eng.1,,,Chelsea,Crystal Palace,2025-08-17,0,0,FT,D,,,2026-07-27 03:45:26,
46261,fdd_eng.1_2025-08-17_Manchester_Arsenal,eng.1,,,Manchester United,Arsenal,2025-08-17,0,1,FT,A,,,2026-07-27 03:45:26,
46262,fdd_eng.1_2025-08-18_Leeds_Unit_Everton,eng.1,,,Leeds United,Everton,2025-08-18,1,0,FT,H,,,2026-07-27 03:45:26,
46263,fdd_eng.1_2025-08-22_West_Ham_U_Chelsea,eng.1,,,West Ham United,Chelsea,2025-08-22,1,5,FT,A,,,2026-07-27 03:45:26,
46264,fdd_eng.1_2025-08-23_Manchester_Tottenham_,eng.1,,,Manchester City,Tottenham Hotspur,2025-08-23,0,2,FT,A,,,2026-07-27 03:45:26,
46265,fdd_eng.1_2025-08-23_AFC_Bourne_Wolverhamp,eng.1,,,AFC Bournemouth,Wolverhampton Wanderers,2025-08-23,1,0,FT,H,,,2026-07-27 03:45:26,
46266,fdd_eng.1_2025-08-23_Brentford_Aston_Vill,eng.1,,,Brentford,Aston Villa,2025-08-23,1,0,FT,H,,,2026-07-27 03:45:26,
46267,fdd_eng.1_2025-08-23_Burnley_Sunderland,eng.1,,,Burnley,Sunderland,2025-08-23,2,0,FT,H,,,2026-07-27 03:45:26,
46268,fdd_eng.1_2025-08-23_Arsenal_Leeds_Unit,eng.1,,,Arsenal,Leeds United,2025-08-23,5,0,FT,H,,,2026-07-27 03:45:26,
46269,fdd_eng.1_2025-08-24_Everton_Brighton_&,eng.1,,,Everton,Brighton & Hove Albion,2025-08-24,2,0,FT,H,,,2026-07-27 03:45:26,
46270,fdd_eng.1_2025-08-24_Fulham_Manchester,eng.1,,,Fulham,Manchester United,2025-08-24,1,1,FT,D,,,2026-07-27 03:45:26,
46271,fdd_eng.1_2025-08-25_Newcastle__Liverpool,eng.1,,,Newcastle United,Liverpool,2025-08-25,2,3,FT,A,,,2026-07-27 03:45:26,
46272,fdd_eng.1_2025-08-30_Chelsea_Fulham,eng.1,,,Chelsea,Fulham,2025-08-30,2,0,FT,H,,,2026-07-27 03:45:26,
46273,fdd_eng.1_2025-08-30_Manchester_Burnley,eng.1,,,Manchester United,Burnley,2025-08-30,3,2,FT,H,,,2026-07-27 03:45:26,
46274,fdd_eng.1_2025-08-30_Sunderland_Brentford,eng.1,,,Sunderland,Brentford,2025-08-30,2,1,FT,H,,,2026-07-27 03:45:26,
46275,fdd_eng.1_2025-08-30_Tottenham__AFC_Bourne,eng.1,,,Tottenham Hotspur,AFC Bournemouth,2025-08-30,0,1,FT,A,,,2026-07-27 03:45:26,
46276,fdd_eng.1_2025-08-30_Wolverhamp_Everton,eng.1,,,Wolverhampton Wanderers,Everton,2025-08-30,2,3,FT,A,,,2026-07-27 03:45:26,
46277,fdd_eng.1_2025-08-30_Leeds_Unit_Newcastle_,eng.1,,,Leeds United,Newcastle United,2025-08-30,0,0,FT,D,,,2026-07-27 03:45:26,
46278,fdd_eng.1_2025-08-31_Brighton_&_Manchester,eng.1,,,Brighton & Hove Albion,Manchester City,2025-08-31,2,1,FT,H,,,2026-07-27 03:45:26,
46279,fdd_eng.1_2025-08-31_Liverpool_Arsenal,eng.1,,,Liverpool,Arsenal,2025-08-31,1,0,FT,H,,,2026-07-27 03:45:26,
46280,fdd_eng.1_2025-08-31_Aston_Vill_Crystal_Pa,eng.1,,,Aston Villa,Crystal Palace,2025-08-31,0,3,FT,A,,,2026-07-27 03:45:26,
46281,fdd_eng.1_2025-09-13_AFC_Bourne_Brighton_&,eng.1,,,AFC Bournemouth,Brighton & Hove Albion,2025-09-13,2,1,FT,H,,,2026-07-27 03:45:26,
46282,fdd_eng.1_2025-09-13_Crystal_Pa_Sunderland,eng.1,,,Crystal Palace,Sunderland,2025-09-13,0,0,FT,D,,,2026-07-27 03:45:26,
46283,fdd_eng.1_2025-09-13_Everton_Aston_Vill,eng.1,,,Everton,Aston Villa,2025-09-13,0,0,FT,D,,,2026-07-27 03:45:26,
46284,fdd_eng.1_2025-09-13_Fulham_Leeds_Unit,eng.1,,,Fulham,Leeds United,2025-09-13,1,0,FT,H,,,2026-07-27 03:45:26,
46285,fdd_eng.1_2025-09-13_Newcastle__Wolverhamp,eng.1,,,Newcastle United,Wolverhampton Wanderers,2025-09-13,1,0,FT,H,,,2026-07-27 03:45:26,
46286,fdd_eng.1_2025-09-13_West_Ham_U_Tottenham_,eng.1,,,West Ham United,Tottenham Hotspur,2025-09-13,0,3,FT,A,,,2026-07-27 03:45:26,
46287,fdd_eng.1_2025-09-13_Brentford_Chelsea,eng.1,,,Brentford,Chelsea,2025-09-13,2,2,FT,D,,,2026-07-27 03:45:26,
46288,fdd_eng.1_2025-09-14_Burnley_Liverpool,eng.1,,,Burnley,Liverpool,2025-09-14,0,1,FT,A,,,2026-07-27 03:45:26,
46289,fdd_eng.1_2025-09-14_Manchester_Manchester,eng.1,,,Manchester City,Manchester United,2025-09-14,3,0,FT,H,,,2026-07-27 03:45:26,
46290,fdd_eng.1_2025-09-20_Liverpool_Everton,eng.1,,,Liverpool,Everton,2025-09-20,2,1,FT,H,,,2026-07-27 03:45:26,
46291,fdd_eng.1_2025-09-20_Brighton_&_Tottenham_,eng.1,,,Brighton & Hove Albion,Tottenham Hotspur,2025-09-20,2,2,FT,D,,,2026-07-27 03:45:26,
46292,fdd_eng.1_2025-09-20_West_Ham_U_Crystal_Pa,eng.1,,,West Ham United,Crystal Palace,2025-09-20,1,2,FT,A,,,2026-07-27 03:45:26,
46293,fdd_eng.1_2025-09-20_Wolverhamp_Leeds_Unit,eng.1,,,Wolverhampton Wanderers,Leeds United,2025-09-20,1,3,FT,A,,,2026-07-27 03:45:26,
46294,fdd_eng.1_2025-09-20_Manchester_Chelsea,eng.1,,,Manchester United,Chelsea,2025-09-20,2,1,FT,H,,,2026-07-27 03:45:26,
46295,fdd_eng.1_2025-09-20_Fulham_Brentford,eng.1,,,Fulham,Brentford,2025-09-20,3,1,FT,H,,,2026-07-27 03:45:26,
46296,fdd_eng.1_2025-09-21_AFC_Bourne_Newcastle_,eng.1,,,AFC Bournemouth,Newcastle United,2025-09-21,0,0,FT,D,,,2026-07-27 03:45:26,
46297,fdd_eng.1_2025-09-21_Sunderland_Aston_Vill,eng.1,,,Sunderland,Aston Villa,2025-09-21,1,1,FT,D,,,2026-07-27 03:45:26,
46298,fdd_eng.1_2025-09-21_Arsenal_Manchester,eng.1,,,Arsenal,Manchester City,2025-09-21,1,1,FT,D,,,2026-07-27 03:45:26,
46299,fdd_eng.1_2025-09-27_Brentford_Manchester,eng.1,,,Brentford,Manchester United,2025-09-27,3,1,FT,H,,,2026-07-27 03:45:26,
46300,fdd_eng.1_2025-09-27_Chelsea_Brighton_&,eng.1,,,Chelsea,Brighton & Hove Albion,2025-09-27,1,3,FT,A,,,2026-07-27 03:45:26,
46301,fdd_eng.1_2025-09-27_Crystal_Pa_Liverpool,eng.1,,,Crystal Palace,Liverpool,2025-09-27,2,1,FT,H,,,2026-07-27 03:45:26,
46302,fdd_eng.1_2025-09-27_Leeds_Unit_AFC_Bourne,eng.1,,,Leeds United,AFC Bournemouth,2025-09-27,2,2,FT,D,,,2026-07-27 03:45:26,
46303,fdd_eng.1_2025-09-27_Manchester_Burnley,eng.1,,,Manchester City,Burnley,2025-09-27,5,1,FT,H,,,2026-07-27 03:45:26,
46304,fdd_eng.1_2025-09-27_Tottenham__Wolverhamp,eng.1,,,Tottenham Hotspur,Wolverhampton Wanderers,2025-09-27,1,1,FT,D,,,2026-07-27 03:45:26,
46305,fdd_eng.1_2025-09-28_Aston_Vill_Fulham,eng.1,,,Aston Villa,Fulham,2025-09-28,3,1,FT,H,,,2026-07-27 03:45:26,
46306,fdd_eng.1_2025-09-28_Newcastle__Arsenal,eng.1,,,Newcastle United,Arsenal,2025-09-28,1,2,FT,A,,,2026-07-27 03:45:26,
46307,fdd_eng.1_2025-09-29_Everton_West_Ham_U,eng.1,,,Everton,West Ham United,2025-09-29,1,1,FT,D,,,2026-07-27 03:45:26,
46308,fdd_eng.1_2025-10-03_AFC_Bourne_Fulham,eng.1,,,AFC Bournemouth,Fulham,2025-10-03,3,1,FT,H,,,2026-07-27 03:45:26,
46309,fdd_eng.1_2025-10-04_Leeds_Unit_Tottenham_,eng.1,,,Leeds United,Tottenham Hotspur,2025-10-04,1,2,FT,A,,,2026-07-27 03:45:26,
46310,fdd_eng.1_2025-10-04_Arsenal_West_Ham_U,eng.1,,,Arsenal,West Ham United,2025-10-04,2,0,FT,H,,,2026-07-27 03:45:26,
46311,fdd_eng.1_2025-10-04_Manchester_Sunderland,eng.1,,,Manchester United,Sunderland,2025-10-04,2,0,FT,H,,,2026-07-27 03:45:26,
46312,fdd_eng.1_2025-10-04_Chelsea_Liverpool,eng.1,,,Chelsea,Liverpool,2025-10-04,2,1,FT,H,,,2026-07-27 03:45:26,
46313,fdd_eng.1_2025-10-05_Aston_Vill_Burnley,eng.1,,,Aston Villa,Burnley,2025-10-05,2,1,FT,H,,,2026-07-27 03:45:26,
46314,fdd_eng.1_2025-10-05_Everton_Crystal_Pa,eng.1,,,Everton,Crystal Palace,2025-10-05,2,1,FT,H,,,2026-07-27 03:45:26,
46315,fdd_eng.1_2025-10-05_Wolverhamp_Brighton_&,eng.1,,,Wolverhampton Wanderers,Brighton & Hove Albion,2025-10-05,1,1,FT,D,,,2026-07-27 03:45:26,
46316,fdd_eng.1_2025-10-05_Brentford_Manchester,eng.1,,,Brentford,Manchester City,2025-10-05,0,1,FT,A,,,2026-07-27 03:45:26,
46317,fdd_eng.1_2025-10-18_Brighton_&_Newcastle_,eng.1,,,Brighton & Hove Albion,Newcastle United,2025-10-18,2,1,FT,H,,,2026-07-27 03:45:26,
46318,fdd_eng.1_2025-10-18_Burnley_Leeds_Unit,eng.1,,,Burnley,Leeds United,2025-10-18,2,0,FT,H,,,2026-07-27 03:45:26,
46319,fdd_eng.1_2025-10-18_Crystal_Pa_AFC_Bourne,eng.1,,,Crystal Palace,AFC Bournemouth,2025-10-18,3,3,FT,D,,,2026-07-27 03:45:26,
46320,fdd_eng.1_2025-10-18_Manchester_Everton,eng.1,,,Manchester City,Everton,2025-10-18,2,0,FT,H,,,2026-07-27 03:45:26,
46321,fdd_eng.1_2025-10-18_Sunderland_Wolverhamp,eng.1,,,Sunderland,Wolverhampton Wanderers,2025-10-18,2,0,FT,H,,,2026-07-27 03:45:26,
46322,fdd_eng.1_2025-10-18_Fulham_Arsenal,eng.1,,,Fulham,Arsenal,2025-10-18,0,1,FT,A,,,2026-07-27 03:45:26,
46323,fdd_eng.1_2025-10-19_Tottenham__Aston_Vill,eng.1,,,Tottenham Hotspur,Aston Villa,2025-10-19,1,2,FT,A,,,2026-07-27 03:45:26,
46324,fdd_eng.1_2025-10-19_Liverpool_Manchester,eng.1,,,Liverpool,Manchester United,2025-10-19,1,2,FT,A,,,2026-07-27 03:45:26,
46325,fdd_eng.1_2025-10-20_West_Ham_U_Brentford,eng.1,,,West Ham United,Brentford,2025-10-20,0,2,FT,A,,,2026-07-27 03:45:26,
46326,fdd_eng.1_2025-10-24_Leeds_Unit_West_Ham_U,eng.1,,,Leeds United,West Ham United,2025-10-24,2,1,FT,H,,,2026-07-27 03:45:26,
46327,fdd_eng.1_2025-10-25_Chelsea_Sunderland,eng.1,,,Chelsea,Sunderland,2025-10-25,1,2,FT,A,,,2026-07-27 03:45:26,
46328,fdd_eng.1_2025-10-25_Newcastle__Fulham,eng.1,,,Newcastle United,Fulham,2025-10-25,2,1,FT,H,,,2026-07-27 03:45:26,
46329,fdd_eng.1_2025-10-25_Manchester_Brighton_&,eng.1,,,Manchester United,Brighton & Hove Albion,2025-10-25,4,2,FT,H,,,2026-07-27 03:45:26,
46330,fdd_eng.1_2025-10-25_Brentford_Liverpool,eng.1,,,Brentford,Liverpool,2025-10-25,3,2,FT,H,,,2026-07-27 03:45:26,
46331,fdd_eng.1_2025-10-26_Arsenal_Crystal_Pa,eng.1,,,Arsenal,Crystal Palace,2025-10-26,1,0,FT,H,,,2026-07-27 03:45:26,
46332,fdd_eng.1_2025-10-26_Aston_Vill_Manchester,eng.1,,,Aston Villa,Manchester City,2025-10-26,1,0,FT,H,,,2026-07-27 03:45:26,
46333,fdd_eng.1_2025-10-26_Wolverhamp_Burnley,eng.1,,,Wolverhampton Wanderers,Burnley,2025-10-26,2,3,FT,A,,,2026-07-27 03:45:26,
46334,fdd_eng.1_2025-10-26_Everton_Tottenham_,eng.1,,,Everton,Tottenham Hotspur,2025-10-26,0,3,FT,A,,,2026-07-27 03:45:26,
46335,fdd_eng.1_2025-11-01_Brighton_&_Leeds_Unit,eng.1,,,Brighton & Hove Albion,Leeds United,2025-11-01,3,0,FT,H,,,2026-07-27 03:45:26,
46336,fdd_eng.1_2025-11-01_Burnley_Arsenal,eng.1,,,Burnley,Arsenal,2025-11-01,0,2,FT,A,,,2026-07-27 03:45:26,
46337,fdd_eng.1_2025-11-01_Crystal_Pa_Brentford,eng.1,,,Crystal Palace,Brentford,2025-11-01,2,0,FT,H,,,2026-07-27 03:45:26,
46338,fdd_eng.1_2025-11-01_Fulham_Wolverhamp,eng.1,,,Fulham,Wolverhampton Wanderers,2025-11-01,3,0,FT,H,,,2026-07-27 03:45:26,
46339,fdd_eng.1_2025-11-01_Tottenham__Chelsea,eng.1,,,Tottenham Hotspur,Chelsea,2025-11-01,0,1,FT,A,,,2026-07-27 03:45:26,
46340,fdd_eng.1_2025-11-01_Liverpool_Aston_Vill,eng.1,,,Liverpool,Aston Villa,2025-11-01,2,0,FT,H,,,2026-07-27 03:45:26,
46341,fdd_eng.1_2025-11-02_West_Ham_U_Newcastle_,eng.1,,,West Ham United,Newcastle United,2025-11-02,3,1,FT,H,,,2026-07-27 03:45:26,
46342,fdd_eng.1_2025-11-02_Manchester_AFC_Bourne,eng.1,,,Manchester City,AFC Bournemouth,2025-11-02,3,1,FT,H,,,2026-07-27 03:45:26,
46343,fdd_eng.1_2025-11-03_Sunderland_Everton,eng.1,,,Sunderland,Everton,2025-11-03,1,1,FT,D,,,2026-07-27 03:45:26,
46344,fdd_eng.1_2025-11-08_Tottenham__Manchester,eng.1,,,Tottenham Hotspur,Manchester United,2025-11-08,2,2,FT,D,,,2026-07-27 03:45:26,
46345,fdd_eng.1_2025-11-08_Everton_Fulham,eng.1,,,Everton,Fulham,2025-11-08,2,0,FT,H,,,2026-07-27 03:45:26,
46346,fdd_eng.1_2025-11-08_West_Ham_U_Burnley,eng.1,,,West Ham United,Burnley,2025-11-08,3,2,FT,H,,,2026-07-27 03:45:26,
46347,fdd_eng.1_2025-11-08_Sunderland_Arsenal,eng.1,,,Sunderland,Arsenal,2025-11-08,2,2,FT,D,,,2026-07-27 03:45:26,
46348,fdd_eng.1_2025-11-08_Chelsea_Wolverhamp,eng.1,,,Chelsea,Wolverhampton Wanderers,2025-11-08,3,0,FT,H,,,2026-07-27 03:45:26,
46349,fdd_eng.1_2025-11-09_Aston_Vill_AFC_Bourne,eng.1,,,Aston Villa,AFC Bournemouth,2025-11-09,4,0,FT,H,,,2026-07-27 03:45:26,
46350,fdd_eng.1_2025-11-09_Brentford_Newcastle_,eng.1,,,Brentford,Newcastle United,2025-11-09,3,1,FT,H,,,2026-07-27 03:45:26,
46351,fdd_eng.1_2025-11-09_Crystal_Pa_Brighton_&,eng.1,,,Crystal Palace,Brighton & Hove Albion,2025-11-09,0,0,FT,D,,,2026-07-27 03:45:26,
46352,fdd_eng.1_2025-11-09_Manchester_Liverpool,eng.1,,,Manchester City,Liverpool,2025-11-09,3,0,FT,H,,,2026-07-27 03:45:26,
46353,fdd_eng.1_2025-11-22_Burnley_Chelsea,eng.1,,,Burnley,Chelsea,2025-11-22,0,2,FT,A,,,2026-07-27 03:45:26,
46354,fdd_eng.1_2025-11-22_AFC_Bourne_West_Ham_U,eng.1,,,AFC Bournemouth,West Ham United,2025-11-22,2,2,FT,D,,,2026-07-27 03:45:26,
46355,fdd_eng.1_2025-11-22_Brighton_&_Brentford,eng.1,,,Brighton & Hove Albion,Brentford,2025-11-22,2,1,FT,H,,,2026-07-27 03:45:26,
46356,fdd_eng.1_2025-11-22_Fulham_Sunderland,eng.1,,,Fulham,Sunderland,2025-11-22,1,0,FT,H,,,2026-07-27 03:45:26,
46357,fdd_eng.1_2025-11-22_Wolverhamp_Crystal_Pa,eng.1,,,Wolverhampton Wanderers,Crystal Palace,2025-11-22,0,2,FT,A,,,2026-07-27 03:45:26,
46358,fdd_eng.1_2025-11-22_Newcastle__Manchester,eng.1,,,Newcastle United,Manchester City,2025-11-22,2,1,FT,H,,,2026-07-27 03:45:26,
46359,fdd_eng.1_2025-11-23_Leeds_Unit_Aston_Vill,eng.1,,,Leeds United,Aston Villa,2025-11-23,1,2,FT,A,,,2026-07-27 03:45:26,
46360,fdd_eng.1_2025-11-23_Arsenal_Tottenham_,eng.1,,,Arsenal,Tottenham Hotspur,2025-11-23,4,1,FT,H,,,2026-07-27 03:45:26,
46361,fdd_eng.1_2025-11-24_Manchester_Everton,eng.1,,,Manchester United,Everton,2025-11-24,0,1,FT,A,,,2026-07-27 03:45:26,
46362,fdd_eng.1_2025-11-29_Brentford_Burnley,eng.1,,,Brentford,Burnley,2025-11-29,3,1,FT,H,,,2026-07-27 03:45:26,
46363,fdd_eng.1_2025-11-29_Manchester_Leeds_Unit,eng.1,,,Manchester City,Leeds United,2025-11-29,3,2,FT,H,,,2026-07-27 03:45:26,
46364,fdd_eng.1_2025-11-29_Sunderland_AFC_Bourne,eng.1,,,Sunderland,AFC Bournemouth,2025-11-29,3,2,FT,H,,,2026-07-27 03:45:26,
46365,fdd_eng.1_2025-11-29_Everton_Newcastle_,eng.1,,,Everton,Newcastle United,2025-11-29,1,4,FT,A,,,2026-07-27 03:45:26,
46366,fdd_eng.1_2025-11-29_Tottenham__Fulham,eng.1,,,Tottenham Hotspur,Fulham,2025-11-29,1,2,FT,A,,,2026-07-27 03:45:26,
46367,fdd_eng.1_2025-11-30_Crystal_Pa_Manchester,eng.1,,,Crystal Palace,Manchester United,2025-11-30,1,2,FT,A,,,2026-07-27 03:45:26,
46368,fdd_eng.1_2025-11-30_Aston_Vill_Wolverhamp,eng.1,,,Aston Villa,Wolverhampton Wanderers,2025-11-30,1,0,FT,H,,,2026-07-27 03:45:26,
46369,fdd_eng.1_2025-11-30_West_Ham_U_Liverpool,eng.1,,,West Ham United,Liverpool,2025-11-30,0,2,FT,A,,,2026-07-27 03:45:26,
46370,fdd_eng.1_2025-11-30_Chelsea_Arsenal,eng.1,,,Chelsea,Arsenal,2025-11-30,1,1,FT,D,,,2026-07-27 03:45:26,
46371,fdd_eng.1_2025-12-02_AFC_Bourne_Everton,eng.1,,,AFC Bournemouth,Everton,2025-12-02,0,1,FT,A,,,2026-07-27 03:45:26,
46372,fdd_eng.1_2025-12-02_Fulham_Manchester,eng.1,,,Fulham,Manchester City,2025-12-02,4,5,FT,A,,,2026-07-27 03:45:26,
46373,fdd_eng.1_2025-12-02_Newcastle__Tottenham_,eng.1,,,Newcastle United,Tottenham Hotspur,2025-12-02,2,2,FT,D,,,2026-07-27 03:45:26,
46374,fdd_eng.1_2025-12-03_Arsenal_Brentford,eng.1,,,Arsenal,Brentford,2025-12-03,2,0,FT,H,,,2026-07-27 03:45:26,
46375,fdd_eng.1_2025-12-03_Brighton_&_Aston_Vill,eng.1,,,Brighton & Hove Albion,Aston Villa,2025-12-03,3,4,FT,A,,,2026-07-27 03:45:26,
46376,fdd_eng.1_2025-12-03_Burnley_Crystal_Pa,eng.1,,,Burnley,Crystal Palace,2025-12-03,0,1,FT,A,,,2026-07-27 03:45:26,
46377,fdd_eng.1_2025-12-03_Leeds_Unit_Chelsea,eng.1,,,Leeds United,Chelsea,2025-12-03,3,1,FT,H,,,2026-07-27 03:45:26,
46378,fdd_eng.1_2025-12-03_Liverpool_Sunderland,eng.1,,,Liverpool,Sunderland,2025-12-03,1,1,FT,D,,,2026-07-27 03:45:26,
46379,fdd_eng.1_2025-12-04_Manchester_West_Ham_U,eng.1,,,Manchester United,West Ham United,2025-12-04,1,1,FT,D,,,2026-07-27 03:45:26,
46380,fdd_eng.1_2025-12-06_Aston_Vill_Arsenal,eng.1,,,Aston Villa,Arsenal,2025-12-06,2,1,FT,H,,,2026-07-27 03:45:26,
46381,fdd_eng.1_2025-12-06_AFC_Bourne_Chelsea,eng.1,,,AFC Bournemouth,Chelsea,2025-12-06,0,0,FT,D,,,2026-07-27 03:45:26,
46382,fdd_eng.1_2025-12-06_Manchester_Sunderland,eng.1,,,Manchester City,Sunderland,2025-12-06,3,0,FT,H,,,2026-07-27 03:45:26,
46383,fdd_eng.1_2025-12-06_Newcastle__Burnley,eng.1,,,Newcastle United,Burnley,2025-12-06,2,1,FT,H,,,2026-07-27 03:45:26,
46384,fdd_eng.1_2025-12-06_Tottenham__Brentford,eng.1,,,Tottenham Hotspur,Brentford,2025-12-06,2,0,FT,H,,,2026-07-27 03:45:26,
46385,fdd_eng.1_2025-12-06_Leeds_Unit_Liverpool,eng.1,,,Leeds United,Liverpool,2025-12-06,3,3,FT,D,,,2026-07-27 03:45:26,
46386,fdd_eng.1_2025-12-07_Brighton_&_West_Ham_U,eng.1,,,Brighton & Hove Albion,West Ham United,2025-12-07,1,1,FT,D,,,2026-07-27 03:45:26,
46387,fdd_eng.1_2025-12-07_Fulham_Crystal_Pa,eng.1,,,Fulham,Crystal Palace,2025-12-07,1,2,FT,A,,,2026-07-27 03:45:26,
46388,fdd_eng.1_2025-12-08_Wolverhamp_Manchester,eng.1,,,Wolverhampton Wanderers,Manchester United,2025-12-08,1,4,FT,A,,,2026-07-27 03:45:26,
46389,fdd_eng.1_2025-12-13_Chelsea_Everton,eng.1,,,Chelsea,Everton,2025-12-13,2,0,FT,H,,,2026-07-27 03:45:26,
46390,fdd_eng.1_2025-12-13_Liverpool_Brighton_&,eng.1,,,Liverpool,Brighton & Hove Albion,2025-12-13,2,0,FT,H,,,2026-07-27 03:45:26,
46391,fdd_eng.1_2025-12-13_Burnley_Fulham,eng.1,,,Burnley,Fulham,2025-12-13,2,3,FT,A,,,2026-07-27 03:45:26,
46392,fdd_eng.1_2025-12-13_Arsenal_Wolverhamp,eng.1,,,Arsenal,Wolverhampton Wanderers,2025-12-13,2,1,FT,H,,,2026-07-27 03:45:26,
46393,fdd_eng.1_2025-12-14_Crystal_Pa_Manchester,eng.1,,,Crystal Palace,Manchester City,2025-12-14,0,3,FT,A,,,2026-07-27 03:45:26,
46394,fdd_eng.1_2025-12-14_Sunderland_Newcastle_,eng.1,,,Sunderland,Newcastle United,2025-12-14,1,0,FT,H,,,2026-07-27 03:45:26,
46395,fdd_eng.1_2025-12-14_West_Ham_U_Aston_Vill,eng.1,,,West Ham United,Aston Villa,2025-12-14,2,3,FT,A,,,2026-07-27 03:45:26,
46396,fdd_eng.1_2025-12-14_Brentford_Leeds_Unit,eng.1,,,Brentford,Leeds United,2025-12-14,1,1,FT,D,,,2026-07-27 03:45:26,
46397,fdd_eng.1_2025-12-15_Manchester_AFC_Bourne,eng.1,,,Manchester United,AFC Bournemouth,2025-12-15,4,4,FT,D,,,2026-07-27 03:45:26,
46398,fdd_eng.1_2025-12-20_Newcastle__Chelsea,eng.1,,,Newcastle United,Chelsea,2025-12-20,2,2,FT,D,,,2026-07-27 03:45:26,
46399,fdd_eng.1_2025-12-20_AFC_Bourne_Burnley,eng.1,,,AFC Bournemouth,Burnley,2025-12-20,1,1,FT,D,,,2026-07-27 03:45:26,
46400,fdd_eng.1_2025-12-20_Brighton_&_Sunderland,eng.1,,,Brighton & Hove Albion,Sunderland,2025-12-20,0,0,FT,D,,,2026-07-27 03:45:26,
46401,fdd_eng.1_2025-12-20_Manchester_West_Ham_U,eng.1,,,Manchester City,West Ham United,2025-12-20,3,0,FT,H,,,2026-07-27 03:45:26,
46402,fdd_eng.1_2025-12-20_Wolverhamp_Brentford,eng.1,,,Wolverhampton Wanderers,Brentford,2025-12-20,0,2,FT,A,,,2026-07-27 03:45:26,
46403,fdd_eng.1_2025-12-20_Tottenham__Liverpool,eng.1,,,Tottenham Hotspur,Liverpool,2025-12-20,1,2,FT,A,,,2026-07-27 03:45:26,
46404,fdd_eng.1_2025-12-20_Everton_Arsenal,eng.1,,,Everton,Arsenal,2025-12-20,0,1,FT,A,,,2026-07-27 03:45:26,
46405,fdd_eng.1_2025-12-20_Leeds_Unit_Crystal_Pa,eng.1,,,Leeds United,Crystal Palace,2025-12-20,4,1,FT,H,,,2026-07-27 03:45:26,
46406,fdd_eng.1_2025-12-21_Aston_Vill_Manchester,eng.1,,,Aston Villa,Manchester United,2025-12-21,2,1,FT,H,,,2026-07-27 03:45:26,
46407,fdd_eng.1_2025-12-26_Manchester_Newcastle_,eng.1,,,Manchester United,Newcastle United,2025-12-26,1,0,FT,H,,,2026-07-27 03:45:26,
46408,fdd_eng.1_2025-12-27_Arsenal_Brighton_&,eng.1,,,Arsenal,Brighton & Hove Albion,2025-12-27,2,1,FT,H,,,2026-07-27 03:45:26,
46409,fdd_eng.1_2025-12-27_Brentford_AFC_Bourne,eng.1,,,Brentford,AFC Bournemouth,2025-12-27,4,1,FT,H,,,2026-07-27 03:45:26,
46410,fdd_eng.1_2025-12-27_Burnley_Everton,eng.1,,,Burnley,Everton,2025-12-27,0,0,FT,D,,,2026-07-27 03:45:26,
46411,fdd_eng.1_2025-12-27_Liverpool_Wolverhamp,eng.1,,,Liverpool,Wolverhampton Wanderers,2025-12-27,2,1,FT,H,,,2026-07-27 03:45:26,
46412,fdd_eng.1_2025-12-27_West_Ham_U_Fulham,eng.1,,,West Ham United,Fulham,2025-12-27,0,1,FT,A,,,2026-07-27 03:45:26,
46413,fdd_eng.1_2025-12-27_Chelsea_Aston_Vill,eng.1,,,Chelsea,Aston Villa,2025-12-27,1,2,FT,A,,,2026-07-27 03:45:26,
46414,fdd_eng.1_2025-12-28_Sunderland_Leeds_Unit,eng.1,,,Sunderland,Leeds United,2025-12-28,1,1,FT,D,,,2026-07-27 03:45:26,
46415,fdd_eng.1_2025-12-28_Crystal_Pa_Tottenham_,eng.1,,,Crystal Palace,Tottenham Hotspur,2025-12-28,0,1,FT,A,,,2026-07-27 03:45:26,
46416,fdd_eng.1_2025-12-30_Burnley_Newcastle_,eng.1,,,Burnley,Newcastle United,2025-12-30,1,3,FT,A,,,2026-07-27 03:45:26,
46417,fdd_eng.1_2025-12-30_Chelsea_AFC_Bourne,eng.1,,,Chelsea,AFC Bournemouth,2025-12-30,2,2,FT,D,,,2026-07-27 03:45:26,
46418,fdd_eng.1_2025-12-30_West_Ham_U_Brighton_&,eng.1,,,West Ham United,Brighton & Hove Albion,2025-12-30,2,2,FT,D,,,2026-07-27 03:45:26,
46419,fdd_eng.1_2025-12-30_Arsenal_Aston_Vill,eng.1,,,Arsenal,Aston Villa,2025-12-30,4,1,FT,H,,,2026-07-27 03:45:26,
46420,fdd_eng.1_2025-12-30_Manchester_Wolverhamp,eng.1,,,Manchester United,Wolverhampton Wanderers,2025-12-30,1,1,FT,D,,,2026-07-27 03:45:26,
46421,fdd_eng.1_2026-01-01_Crystal_Pa_Fulham,eng.1,,,Crystal Palace,Fulham,2026-01-01,1,1,FT,D,,,2026-07-27 03:45:26,
46422,fdd_eng.1_2026-01-01_Liverpool_Leeds_Unit,eng.1,,,Liverpool,Leeds United,2026-01-01,0,0,FT,D,,,2026-07-27 03:45:26,
46423,fdd_eng.1_2026-01-01_Brentford_Tottenham_,eng.1,,,Brentford,Tottenham Hotspur,2026-01-01,0,0,FT,D,,,2026-07-27 03:45:26,
46424,fdd_eng.1_2026-01-01_Sunderland_Manchester,eng.1,,,Sunderland,Manchester City,2026-01-01,0,0,FT,D,,,2026-07-27 03:45:26,
46425,fdd_eng.1_2026-01-03_Brighton_&_Burnley,eng.1,,,Brighton & Hove Albion,Burnley,2026-01-03,2,0,FT,H,,,2026-07-27 03:45:26,
46426,fdd_eng.1_2026-01-03_Wolverhamp_West_Ham_U,eng.1,,,Wolverhampton Wanderers,West Ham United,2026-01-03,3,0,FT,H,,,2026-07-27 03:45:26,
46427,fdd_eng.1_2026-01-03_AFC_Bourne_Arsenal,eng.1,,,AFC Bournemouth,Arsenal,2026-01-03,2,3,FT,A,,,2026-07-27 03:45:26,
46428,fdd_eng.1_2026-01-04_Leeds_Unit_Manchester,eng.1,,,Leeds United,Manchester United,2026-01-04,1,1,FT,D,,,2026-07-27 03:45:26,
46429,fdd_eng.1_2026-01-04_Everton_Brentford,eng.1,,,Everton,Brentford,2026-01-04,2,4,FT,A,,,2026-07-27 03:45:26,
46430,fdd_eng.1_2026-01-04_Newcastle__Crystal_Pa,eng.1,,,Newcastle United,Crystal Palace,2026-01-04,2,0,FT,H,,,2026-07-27 03:45:26,
46431,fdd_eng.1_2026-01-04_Tottenham__Sunderland,eng.1,,,Tottenham Hotspur,Sunderland,2026-01-04,1,1,FT,D,,,2026-07-27 03:45:26,
46432,fdd_eng.1_2026-01-04_Fulham_Liverpool,eng.1,,,Fulham,Liverpool,2026-01-04,2,2,FT,D,,,2026-07-27 03:45:26,
46433,fdd_eng.1_2026-01-04_Manchester_Chelsea,eng.1,,,Manchester City,Chelsea,2026-01-04,1,1,FT,D,,,2026-07-27 03:45:26,
46434,fdd_eng.1_2026-01-07_AFC_Bourne_Tottenham_,eng.1,,,AFC Bournemouth,Tottenham Hotspur,2026-01-07,3,2,FT,H,,,2026-07-27 03:45:26,
46435,fdd_eng.1_2026-01-07_Brentford_Sunderland,eng.1,,,Brentford,Sunderland,2026-01-07,3,0,FT,H,,,2026-07-27 03:45:26,
46436,fdd_eng.1_2026-01-07_Crystal_Pa_Aston_Vill,eng.1,,,Crystal Palace,Aston Villa,2026-01-07,0,0,FT,D,,,2026-07-27 03:45:26,
46437,fdd_eng.1_2026-01-07_Everton_Wolverhamp,eng.1,,,Everton,Wolverhampton Wanderers,2026-01-07,1,1,FT,D,,,2026-07-27 03:45:26,
46438,fdd_eng.1_2026-01-07_Fulham_Chelsea,eng.1,,,Fulham,Chelsea,2026-01-07,2,1,FT,H,,,2026-07-27 03:45:26,
46439,fdd_eng.1_2026-01-07_Manchester_Brighton_&,eng.1,,,Manchester City,Brighton & Hove Albion,2026-01-07,1,1,FT,D,,,2026-07-27 03:45:26,
46440,fdd_eng.1_2026-01-07_Burnley_Manchester,eng.1,,,Burnley,Manchester United,2026-01-07,2,2,FT,D,,,2026-07-27 03:45:26,
46441,fdd_eng.1_2026-01-07_Newcastle__Leeds_Unit,eng.1,,,Newcastle United,Leeds United,2026-01-07,4,3,FT,H,,,2026-07-27 03:45:26,
46442,fdd_eng.1_2026-01-08_Arsenal_Liverpool,eng.1,,,Arsenal,Liverpool,2026-01-08,0,0,FT,D,,,2026-07-27 03:45:26,
46443,fdd_eng.1_2026-01-17_Manchester_Manchester,eng.1,,,Manchester United,Manchester City,2026-01-17,2,0,FT,H,,,2026-07-27 03:45:26,
46444,fdd_eng.1_2026-01-17_Chelsea_Brentford,eng.1,,,Chelsea,Brentford,2026-01-17,2,0,FT,H,,,2026-07-27 03:45:26,
46445,fdd_eng.1_2026-01-17_Leeds_Unit_Fulham,eng.1,,,Leeds United,Fulham,2026-01-17,1,0,FT,H,,,2026-07-27 03:45:26,
46446,fdd_eng.1_2026-01-17_Liverpool_Burnley,eng.1,,,Liverpool,Burnley,2026-01-17,1,1,FT,D,,,2026-07-27 03:45:26,
46447,fdd_eng.1_2026-01-17_Sunderland_Crystal_Pa,eng.1,,,Sunderland,Crystal Palace,2026-01-17,2,1,FT,H,,,2026-07-27 03:45:26,
46448,fdd_eng.1_2026-01-17_Tottenham__West_Ham_U,eng.1,,,Tottenham Hotspur,West Ham United,2026-01-17,1,2,FT,A,,,2026-07-27 03:45:26,
46449,fdd_eng.1_2026-01-18_Wolverhamp_Newcastle_,eng.1,,,Wolverhampton Wanderers,Newcastle United,2026-01-18,0,0,FT,D,,,2026-07-27 03:45:26,
46450,fdd_eng.1_2026-01-18_Aston_Vill_Everton,eng.1,,,Aston Villa,Everton,2026-01-18,0,1,FT,A,,,2026-07-27 03:45:26,
46451,fdd_eng.1_2026-01-19_Brighton_&_AFC_Bourne,eng.1,,,Brighton & Hove Albion,AFC Bournemouth,2026-01-19,1,1,FT,D,,,2026-07-27 03:45:26,
46452,fdd_eng.1_2026-01-24_West_Ham_U_Sunderland,eng.1,,,West Ham United,Sunderland,2026-01-24,3,1,FT,H,,,2026-07-27 03:45:26,
46453,fdd_eng.1_2026-01-24_Burnley_Tottenham_,eng.1,,,Burnley,Tottenham Hotspur,2026-01-24,2,2,FT,D,,,2026-07-27 03:45:26,
46454,fdd_eng.1_2026-01-24_Fulham_Brighton_&,eng.1,,,Fulham,Brighton & Hove Albion,2026-01-24,2,1,FT,H,,,2026-07-27 03:45:26,
46455,fdd_eng.1_2026-01-24_Manchester_Wolverhamp,eng.1,,,Manchester City,Wolverhampton Wanderers,2026-01-24,2,0,FT,H,,,2026-07-27 03:45:26,
46456,fdd_eng.1_2026-01-24_AFC_Bourne_Liverpool,eng.1,,,AFC Bournemouth,Liverpool,2026-01-24,3,2,FT,H,,,2026-07-27 03:45:26,
46457,fdd_eng.1_2026-01-25_Crystal_Pa_Chelsea,eng.1,,,Crystal Palace,Chelsea,2026-01-25,1,3,FT,A,,,2026-07-27 03:45:26,
46458,fdd_eng.1_2026-01-25_Newcastle__Aston_Vill,eng.1,,,Newcastle United,Aston Villa,2026-01-25,0,2,FT,A,,,2026-07-27 03:45:26,
46459,fdd_eng.1_2026-01-25_Arsenal_Manchester,eng.1,,,Arsenal,Manchester United,2026-01-25,2,3,FT,A,,,2026-07-27 03:45:26,
46460,fdd_eng.1_2026-01-26_Everton_Leeds_Unit,eng.1,,,Everton,Leeds United,2026-01-26,1,1,FT,D,,,2026-07-27 03:45:26,
46461,fdd_eng.1_2026-01-31_Brighton_&_Everton,eng.1,,,Brighton & Hove Albion,Everton,2026-01-31,1,1,FT,D,,,2026-07-27 03:45:26,
46462,fdd_eng.1_2026-01-31_Leeds_Unit_Arsenal,eng.1,,,Leeds United,Arsenal,2026-01-31,0,4,FT,A,,,2026-07-27 03:45:26,
46463,fdd_eng.1_2026-01-31_Wolverhamp_AFC_Bourne,eng.1,,,Wolverhampton Wanderers,AFC Bournemouth,2026-01-31,0,2,FT,A,,,2026-07-27 03:45:26,
46464,fdd_eng.1_2026-01-31_Chelsea_West_Ham_U,eng.1,,,Chelsea,West Ham United,2026-01-31,3,2,FT,H,,,2026-07-27 03:45:26,
46465,fdd_eng.1_2026-01-31_Liverpool_Newcastle_,eng.1,,,Liverpool,Newcastle United,2026-01-31,4,1,FT,H,,,2026-07-27 03:45:26,
46466,fdd_eng.1_2026-02-01_Aston_Vill_Brentford,eng.1,,,Aston Villa,Brentford,2026-02-01,0,1,FT,A,,,2026-07-27 03:45:26,
46467,fdd_eng.1_2026-02-01_Manchester_Fulham,eng.1,,,Manchester United,Fulham,2026-02-01,3,2,FT,H,,,2026-07-27 03:45:26,
46468,fdd_eng.1_2026-02-01_Tottenham__Manchester,eng.1,,,Tottenham Hotspur,Manchester City,2026-02-01,2,2,FT,D,,,2026-07-27 03:45:26,
46469,fdd_eng.1_2026-02-02_Sunderland_Burnley,eng.1,,,Sunderland,Burnley,2026-02-02,3,0,FT,H,,,2026-07-27 03:45:26,
46470,fdd_eng.1_2026-02-07_Manchester_Tottenham_,eng.1,,,Manchester United,Tottenham Hotspur,2026-02-07,2,0,FT,H,,,2026-07-27 03:45:26,
46471,fdd_eng.1_2026-02-07_Arsenal_Sunderland,eng.1,,,Arsenal,Sunderland,2026-02-07,3,0,FT,H,,,2026-07-27 03:45:26,
46472,fdd_eng.1_2026-02-07_AFC_Bourne_Aston_Vill,eng.1,,,AFC Bournemouth,Aston Villa,2026-02-07,1,1,FT,D,,,2026-07-27 03:45:26,
46473,fdd_eng.1_2026-02-07_Burnley_West_Ham_U,eng.1,,,Burnley,West Ham United,2026-02-07,0,2,FT,A,,,2026-07-27 03:45:26,
46474,fdd_eng.1_2026-02-07_Fulham_Everton,eng.1,,,Fulham,Everton,2026-02-07,1,2,FT,A,,,2026-07-27 03:45:26,
46475,fdd_eng.1_2026-02-07_Wolverhamp_Chelsea,eng.1,,,Wolverhampton Wanderers,Chelsea,2026-02-07,1,3,FT,A,,,2026-07-27 03:45:26,
46476,fdd_eng.1_2026-02-07_Newcastle__Brentford,eng.1,,,Newcastle United,Brentford,2026-02-07,2,3,FT,A,,,2026-07-27 03:45:26,
46477,fdd_eng.1_2026-02-08_Brighton_&_Crystal_Pa,eng.1,,,Brighton & Hove Albion,Crystal Palace,2026-02-08,0,1,FT,A,,,2026-07-27 03:45:26,
46478,fdd_eng.1_2026-02-08_Liverpool_Manchester,eng.1,,,Liverpool,Manchester City,2026-02-08,1,2,FT,A,,,2026-07-27 03:45:26,
46479,fdd_eng.1_2026-02-10_Chelsea_Leeds_Unit,eng.1,,,Chelsea,Leeds United,2026-02-10,2,2,FT,D,,,2026-07-27 03:45:26,
46480,fdd_eng.1_2026-02-10_Everton_AFC_Bourne,eng.1,,,Everton,AFC Bournemouth,2026-02-10,1,2,FT,A,,,2026-07-27 03:45:26,
46481,fdd_eng.1_2026-02-10_Tottenham__Newcastle_,eng.1,,,Tottenham Hotspur,Newcastle United,2026-02-10,1,2,FT,A,,,2026-07-27 03:45:26,
46482,fdd_eng.1_2026-02-10_West_Ham_U_Manchester,eng.1,,,West Ham United,Manchester United,2026-02-10,1,1,FT,D,,,2026-07-27 03:45:26,
46483,fdd_eng.1_2026-02-11_Aston_Vill_Brighton_&,eng.1,,,Aston Villa,Brighton & Hove Albion,2026-02-11,1,0,FT,H,,,2026-07-27 03:45:26,
46484,fdd_eng.1_2026-02-11_Crystal_Pa_Burnley,eng.1,,,Crystal Palace,Burnley,2026-02-11,2,3,FT,A,,,2026-07-27 03:45:26,
46485,fdd_eng.1_2026-02-11_Manchester_Fulham,eng.1,,,Manchester City,Fulham,2026-02-11,3,0,FT,H,,,2026-07-27 03:45:26,
46486,fdd_eng.1_2026-02-11_Sunderland_Liverpool,eng.1,,,Sunderland,Liverpool,2026-02-11,0,1,FT,A,,,2026-07-27 03:45:26,
46487,fdd_eng.1_2026-02-12_Brentford_Arsenal,eng.1,,,Brentford,Arsenal,2026-02-12,1,1,FT,D,,,2026-07-27 03:45:26,
46488,fdd_eng.1_2026-02-18_Wolverhamp_Arsenal,eng.1,,,Wolverhampton Wanderers,Arsenal,2026-02-18,2,2,FT,D,,,2026-07-27 03:45:26,
46489,fdd_eng.1_2026-02-21_Aston_Vill_Leeds_Unit,eng.1,,,Aston Villa,Leeds United,2026-02-21,1,1,FT,D,,,2026-07-27 03:45:26,
46490,fdd_eng.1_2026-02-21_Brentford_Brighton_&,eng.1,,,Brentford,Brighton & Hove Albion,2026-02-21,0,2,FT,A,,,2026-07-27 03:45:26,
46491,fdd_eng.1_2026-02-21_Chelsea_Burnley,eng.1,,,Chelsea,Burnley,2026-02-21,1,1,FT,D,,,2026-07-27 03:45:26,
46492,fdd_eng.1_2026-02-21_West_Ham_U_AFC_Bourne,eng.1,,,West Ham United,AFC Bournemouth,2026-02-21,0,0,FT,D,,,2026-07-27 03:45:26,
46493,fdd_eng.1_2026-02-21_Manchester_Newcastle_,eng.1,,,Manchester City,Newcastle United,2026-02-21,2,1,FT,H,,,2026-07-27 03:45:26,
46494,fdd_eng.1_2026-02-22_Crystal_Pa_Wolverhamp,eng.1,,,Crystal Palace,Wolverhampton Wanderers,2026-02-22,1,0,FT,H,,,2026-07-27 03:45:26,
46495,fdd_eng.1_2026-02-22_Sunderland_Fulham,eng.1,,,Sunderland,Fulham,2026-02-22,1,3,FT,A,,,2026-07-27 03:45:26,
46496,fdd_eng.1_2026-02-22_Tottenham__Arsenal,eng.1,,,Tottenham Hotspur,Arsenal,2026-02-22,1,4,FT,A,,,2026-07-27 03:45:26,
46497,fdd_eng.1_2026-02-23_Everton_Manchester,eng.1,,,Everton,Manchester United,2026-02-23,0,1,FT,A,,,2026-07-27 03:45:26,
46498,fdd_eng.1_2026-02-27_Wolverhamp_Aston_Vill,eng.1,,,Wolverhampton Wanderers,Aston Villa,2026-02-27,2,0,FT,H,,,2026-07-27 03:45:26,
46499,fdd_eng.1_2026-02-28_AFC_Bourne_Sunderland,eng.1,,,AFC Bournemouth,Sunderland,2026-02-28,1,1,FT,D,,,2026-07-27 03:45:26,
46500,fdd_eng.1_2026-02-28_Burnley_Brentford,eng.1,,,Burnley,Brentford,2026-02-28,3,4,FT,A,,,2026-07-27 03:45:26,
46501,fdd_eng.1_2026-02-28_Liverpool_West_Ham_U,eng.1,,,Liverpool,West Ham United,2026-02-28,5,2,FT,H,,,2026-07-27 03:45:26,
46502,fdd_eng.1_2026-02-28_Newcastle__Everton,eng.1,,,Newcastle United,Everton,2026-02-28,2,3,FT,A,,,2026-07-27 03:45:26,
46503,fdd_eng.1_2026-02-28_Leeds_Unit_Manchester,eng.1,,,Leeds United,Manchester City,2026-02-28,0,1,FT,A,,,2026-07-27 03:45:26,
46504,fdd_eng.1_2026-03-01_Fulham_Tottenham_,eng.1,,,Fulham,Tottenham Hotspur,2026-03-01,2,1,FT,H,,,2026-07-27 03:45:26,
46505,fdd_eng.1_2026-03-01_Manchester_Crystal_Pa,eng.1,,,Manchester United,Crystal Palace,2026-03-01,2,1,FT,H,,,2026-07-27 03:45:26,
46506,fdd_eng.1_2026-03-01_Arsenal_Chelsea,eng.1,,,Arsenal,Chelsea,2026-03-01,2,1,FT,H,,,2026-07-27 03:45:26,
46507,fdd_eng.1_2026-03-03_AFC_Bourne_Brentford,eng.1,,,AFC Bournemouth,Brentford,2026-03-03,0,0,FT,D,,,2026-07-27 03:45:26,
46508,fdd_eng.1_2026-03-03_Everton_Burnley,eng.1,,,Everton,Burnley,2026-03-03,2,0,FT,H,,,2026-07-27 03:45:26,
46509,fdd_eng.1_2026-03-03_Leeds_Unit_Sunderland,eng.1,,,Leeds United,Sunderland,2026-03-03,0,1,FT,A,,,2026-07-27 03:45:26,
46510,fdd_eng.1_2026-03-03_Wolverhamp_Liverpool,eng.1,,,Wolverhampton Wanderers,Liverpool,2026-03-03,2,1,FT,H,,,2026-07-27 03:45:26,
46511,fdd_eng.1_2026-03-04_Aston_Vill_Chelsea,eng.1,,,Aston Villa,Chelsea,2026-03-04,1,4,FT,A,,,2026-07-27 03:45:26,
46512,fdd_eng.1_2026-03-04_Brighton_&_Arsenal,eng.1,,,Brighton & Hove Albion,Arsenal,2026-03-04,0,1,FT,A,,,2026-07-27 03:45:26,
46513,fdd_eng.1_2026-03-04_Fulham_West_Ham_U,eng.1,,,Fulham,West Ham United,2026-03-04,0,1,FT,A,,,2026-07-27 03:45:26,
46514,fdd_eng.1_2026-03-04_Newcastle__Manchester,eng.1,,,Newcastle United,Manchester United,2026-03-04,2,1,FT,H,,,2026-07-27 03:45:26,
46515,fdd_eng.1_2026-03-05_Tottenham__Crystal_Pa,eng.1,,,Tottenham Hotspur,Crystal Palace,2026-03-05,1,3,FT,A,,,2026-07-27 03:45:26,
46516,fdd_eng.1_2026-03-14_Burnley_AFC_Bourne,eng.1,,,Burnley,AFC Bournemouth,2026-03-14,0,0,FT,D,,,2026-07-27 03:45:26,
46517,fdd_eng.1_2026-03-14_Sunderland_Brighton_&,eng.1,,,Sunderland,Brighton & Hove Albion,2026-03-14,0,1,FT,A,,,2026-07-27 03:45:26,
46518,fdd_eng.1_2026-03-14_Arsenal_Everton,eng.1,,,Arsenal,Everton,2026-03-14,2,0,FT,H,,,2026-07-27 03:45:26,
46519,fdd_eng.1_2026-03-14_Chelsea_Newcastle_,eng.1,,,Chelsea,Newcastle United,2026-03-14,0,1,FT,A,,,2026-07-27 03:45:26,
46520,fdd_eng.1_2026-03-14_West_Ham_U_Manchester,eng.1,,,West Ham United,Manchester City,2026-03-14,1,1,FT,D,,,2026-07-27 03:45:26,
46521,fdd_eng.1_2026-03-15_Crystal_Pa_Leeds_Unit,eng.1,,,Crystal Palace,Leeds United,2026-03-15,0,0,FT,D,,,2026-07-27 03:45:26,
46522,fdd_eng.1_2026-03-15_Manchester_Aston_Vill,eng.1,,,Manchester United,Aston Villa,2026-03-15,3,1,FT,H,,,2026-07-27 03:45:26,
46523,fdd_eng.1_2026-03-15_Liverpool_Tottenham_,eng.1,,,Liverpool,Tottenham Hotspur,2026-03-15,1,1,FT,D,,,2026-07-27 03:45:26,
46524,fdd_eng.1_2026-03-16_Brentford_Wolverhamp,eng.1,,,Brentford,Wolverhampton Wanderers,2026-03-16,2,2,FT,D,,,2026-07-27 03:45:26,
46525,fdd_eng.1_2026-03-20_AFC_Bourne_Manchester,eng.1,,,AFC Bournemouth,Manchester United,2026-03-20,2,2,FT,D,,,2026-07-27 03:45:26,
46526,fdd_eng.1_2026-03-21_Brighton_&_Liverpool,eng.1,,,Brighton & Hove Albion,Liverpool,2026-03-21,2,1,FT,H,,,2026-07-27 03:45:26,
46527,fdd_eng.1_2026-03-21_Fulham_Burnley,eng.1,,,Fulham,Burnley,2026-03-21,3,1,FT,H,,,2026-07-27 03:45:26,
46528,fdd_eng.1_2026-03-21_Everton_Chelsea,eng.1,,,Everton,Chelsea,2026-03-21,3,0,FT,H,,,2026-07-27 03:45:26,
46529,fdd_eng.1_2026-03-21_Leeds_Unit_Brentford,eng.1,,,Leeds United,Brentford,2026-03-21,0,0,FT,D,,,2026-07-27 03:45:26,
46530,fdd_eng.1_2026-03-22_Newcastle__Sunderland,eng.1,,,Newcastle United,Sunderland,2026-03-22,1,2,FT,A,,,2026-07-27 03:45:26,
46531,fdd_eng.1_2026-03-22_Aston_Vill_West_Ham_U,eng.1,,,Aston Villa,West Ham United,2026-03-22,2,0,FT,H,,,2026-07-27 03:45:26,
46532,fdd_eng.1_2026-04-10_West_Ham_U_Wolverhamp,eng.1,,,West Ham United,Wolverhampton Wanderers,2026-04-10,4,0,FT,H,,,2026-07-27 03:45:26,
46533,fdd_eng.1_2026-04-11_Arsenal_AFC_Bourne,eng.1,,,Arsenal,AFC Bournemouth,2026-04-11,1,2,FT,A,,,2026-07-27 03:45:26,
46534,fdd_eng.1_2026-04-11_Brentford_Everton,eng.1,,,Brentford,Everton,2026-04-11,2,2,FT,D,,,2026-07-27 03:45:26,
46535,fdd_eng.1_2026-04-11_Burnley_Brighton_&,eng.1,,,Burnley,Brighton & Hove Albion,2026-04-11,0,2,FT,A,,,2026-07-27 03:45:26,
46536,fdd_eng.1_2026-04-11_Liverpool_Fulham,eng.1,,,Liverpool,Fulham,2026-04-11,2,0,FT,H,,,2026-07-27 03:45:26,
46537,fdd_eng.1_2026-04-12_Crystal_Pa_Newcastle_,eng.1,,,Crystal Palace,Newcastle United,2026-04-12,2,1,FT,H,,,2026-07-27 03:45:26,
46538,fdd_eng.1_2026-04-12_Sunderland_Tottenham_,eng.1,,,Sunderland,Tottenham Hotspur,2026-04-12,1,0,FT,H,,,2026-07-27 03:45:26,
46539,fdd_eng.1_2026-04-12_Chelsea_Manchester,eng.1,,,Chelsea,Manchester City,2026-04-12,0,3,FT,A,,,2026-07-27 03:45:26,
46540,fdd_eng.1_2026-04-13_Manchester_Leeds_Unit,eng.1,,,Manchester United,Leeds United,2026-04-13,1,2,FT,A,,,2026-07-27 03:45:26,
46541,fdd_eng.1_2026-04-18_Brentford_Fulham,eng.1,,,Brentford,Fulham,2026-04-18,0,0,FT,D,,,2026-07-27 03:45:26,
46542,fdd_eng.1_2026-04-18_Leeds_Unit_Wolverhamp,eng.1,,,Leeds United,Wolverhampton Wanderers,2026-04-18,3,0,FT,H,,,2026-07-27 03:45:26,
46543,fdd_eng.1_2026-04-18_Newcastle__AFC_Bourne,eng.1,,,Newcastle United,AFC Bournemouth,2026-04-18,1,2,FT,A,,,2026-07-27 03:45:26,
46544,fdd_eng.1_2026-04-18_Tottenham__Brighton_&,eng.1,,,Tottenham Hotspur,Brighton & Hove Albion,2026-04-18,2,2,FT,D,,,2026-07-27 03:45:26,
46545,fdd_eng.1_2026-04-18_Chelsea_Manchester,eng.1,,,Chelsea,Manchester United,2026-04-18,0,1,FT,A,,,2026-07-27 03:45:26,
46546,fdd_eng.1_2026-04-19_Aston_Vill_Sunderland,eng.1,,,Aston Villa,Sunderland,2026-04-19,4,3,FT,H,,,2026-07-27 03:45:26,
46547,fdd_eng.1_2026-04-19_Everton_Liverpool,eng.1,,,Everton,Liverpool,2026-04-19,1,2,FT,A,,,2026-07-27 03:45:26,
46548,fdd_eng.1_2026-04-19_Manchester_Arsenal,eng.1,,,Manchester City,Arsenal,2026-04-19,2,1,FT,H,,,2026-07-27 03:45:26,
46549,fdd_eng.1_2026-04-20_Crystal_Pa_West_Ham_U,eng.1,,,Crystal Palace,West Ham United,2026-04-20,0,0,FT,D,,,2026-07-27 03:45:26,
46550,fdd_eng.1_2026-04-21_Brighton_&_Chelsea,eng.1,,,Brighton & Hove Albion,Chelsea,2026-04-21,3,0,FT,H,,,2026-07-27 03:45:26,
46551,fdd_eng.1_2026-04-22_AFC_Bourne_Leeds_Unit,eng.1,,,AFC Bournemouth,Leeds United,2026-04-22,2,2,FT,D,,,2026-07-27 03:45:26,
46552,fdd_eng.1_2026-04-22_Burnley_Manchester,eng.1,,,Burnley,Manchester City,2026-04-22,0,1,FT,A,,,2026-07-27 03:45:26,
46553,fdd_eng.1_2026-04-25_Fulham_Aston_Vill,eng.1,,,Fulham,Aston Villa,2026-04-25,1,0,FT,H,,,2026-07-27 03:45:26,
46554,fdd_eng.1_2026-04-25_Liverpool_Crystal_Pa,eng.1,,,Liverpool,Crystal Palace,2026-04-25,3,1,FT,H,,,2026-07-27 03:45:26,
46555,fdd_eng.1_2026-04-25_West_Ham_U_Everton,eng.1,,,West Ham United,Everton,2026-04-25,2,1,FT,H,,,2026-07-27 03:45:26,
46556,fdd_eng.1_2026-04-25_Wolverhamp_Tottenham_,eng.1,,,Wolverhampton Wanderers,Tottenham Hotspur,2026-04-25,0,1,FT,A,,,2026-07-27 03:45:26,
46557,fdd_eng.1_2026-04-25_Arsenal_Newcastle_,eng.1,,,Arsenal,Newcastle United,2026-04-25,1,0,FT,H,,,2026-07-27 03:45:26,
46558,fdd_eng.1_2026-04-27_Manchester_Brentford,eng.1,,,Manchester United,Brentford,2026-04-27,2,1,FT,H,,,2026-07-27 03:45:26,
46559,fdd_eng.1_2026-05-01_Leeds_Unit_Burnley,eng.1,,,Leeds United,Burnley,2026-05-01,3,1,FT,H,,,2026-07-27 03:45:26,
46560,fdd_eng.1_2026-05-02_Brentford_West_Ham_U,eng.1,,,Brentford,West Ham United,2026-05-02,3,0,FT,H,,,2026-07-27 03:45:26,
46561,fdd_eng.1_2026-05-02_Newcastle__Brighton_&,eng.1,,,Newcastle United,Brighton & Hove Albion,2026-05-02,3,1,FT,H,,,2026-07-27 03:45:26,
46562,fdd_eng.1_2026-05-02_Wolverhamp_Sunderland,eng.1,,,Wolverhampton Wanderers,Sunderland,2026-05-02,1,1,FT,D,,,2026-07-27 03:45:26,
46563,fdd_eng.1_2026-05-02_Arsenal_Fulham,eng.1,,,Arsenal,Fulham,2026-05-02,3,0,FT,H,,,2026-07-27 03:45:26,
46564,fdd_eng.1_2026-05-03_AFC_Bourne_Crystal_Pa,eng.1,,,AFC Bournemouth,Crystal Palace,2026-05-03,3,0,FT,H,,,2026-07-27 03:45:26,
46565,fdd_eng.1_2026-05-03_Manchester_Liverpool,eng.1,,,Manchester United,Liverpool,2026-05-03,3,2,FT,H,,,2026-07-27 03:45:26,
46566,fdd_eng.1_2026-05-03_Aston_Vill_Tottenham_,eng.1,,,Aston Villa,Tottenham Hotspur,2026-05-03,1,2,FT,A,,,2026-07-27 03:45:26,
46567,fdd_eng.1_2026-05-04_Everton_Manchester,eng.1,,,Everton,Manchester City,2026-05-04,3,3,FT,D,,,2026-07-27 03:45:26,
46568,fdd_eng.1_2026-05-09_Liverpool_Chelsea,eng.1,,,Liverpool,Chelsea,2026-05-09,1,1,FT,D,,,2026-07-27 03:45:26,
46569,fdd_eng.1_2026-05-09_Brighton_&_Wolverhamp,eng.1,,,Brighton & Hove Albion,Wolverhampton Wanderers,2026-05-09,3,0,FT,H,,,2026-07-27 03:45:26,
46570,fdd_eng.1_2026-05-09_Fulham_AFC_Bourne,eng.1,,,Fulham,AFC Bournemouth,2026-05-09,0,1,FT,A,,,2026-07-27 03:45:26,
46571,fdd_eng.1_2026-05-09_Sunderland_Manchester,eng.1,,,Sunderland,Manchester United,2026-05-09,0,0,FT,D,,,2026-07-27 03:45:26,
46572,fdd_eng.1_2026-05-09_Manchester_Brentford,eng.1,,,Manchester City,Brentford,2026-05-09,3,0,FT,H,,,2026-07-27 03:45:26,
46573,fdd_eng.1_2026-05-10_Burnley_Aston_Vill,eng.1,,,Burnley,Aston Villa,2026-05-10,2,2,FT,D,,,2026-07-27 03:45:26,
46574,fdd_eng.1_2026-05-10_Crystal_Pa_Everton,eng.1,,,Crystal Palace,Everton,2026-05-10,2,2,FT,D,,,2026-07-27 03:45:26,
46575,fdd_eng.1_2026-05-10_West_Ham_U_Arsenal,eng.1,,,West Ham United,Arsenal,2026-05-10,0,1,FT,A,,,2026-07-27 03:45:26,
46576,fdd_eng.1_2026-05-11_Tottenham__Leeds_Unit,eng.1,,,Tottenham Hotspur,Leeds United,2026-05-11,1,1,FT,D,,,2026-07-27 03:45:26,
46577,fdd_eng.1_2026-05-13_Manchester_Crystal_Pa,eng.1,,,Manchester City,Crystal Palace,2026-05-13,3,0,FT,H,,,2026-07-27 03:45:26,
46578,fdd_eng.1_2026-05-15_Aston_Vill_Liverpool,eng.1,,,Aston Villa,Liverpool,2026-05-15,4,2,FT,H,,,2026-07-27 03:45:26,
46579,fdd_eng.1_2026-05-17_Brentford_Crystal_Pa,eng.1,,,Brentford,Crystal Palace,2026-05-17,2,2,FT,D,,,2026-07-27 03:45:26,
46580,fdd_eng.1_2026-05-17_Everton_Sunderland,eng.1,,,Everton,Sunderland,2026-05-17,1,3,FT,A,,,2026-07-27 03:45:26,
46581,fdd_eng.1_2026-05-17_Leeds_Unit_Brighton_&,eng.1,,,Leeds United,Brighton & Hove Albion,2026-05-17,1,0,FT,H,,,2026-07-27 03:45:26,
46582,fdd_eng.1_2026-05-17_Wolverhamp_Fulham,eng.1,,,Wolverhampton Wanderers,Fulham,2026-05-17,1,1,FT,D,,,2026-07-27 03:45:26,
46583,fdd_eng.1_2026-05-17_Newcastle__West_Ham_U,eng.1,,,Newcastle United,West Ham United,2026-05-17,3,1,FT,H,,,2026-07-27 03:45:26,
46584,fdd_eng.1_2026-05-18_Arsenal_Burnley,eng.1,,,Arsenal,Burnley,2026-05-18,1,0,FT,H,,,2026-07-27 03:45:26,
46585,fdd_eng.1_2026-05-19_AFC_Bourne_Manchester,eng.1,,,AFC Bournemouth,Manchester City,2026-05-19,1,1,FT,D,,,2026-07-27 03:45:26,
46586,fdd_eng.1_2026-05-19_Chelsea_Tottenham_,eng.1,,,Chelsea,Tottenham Hotspur,2026-05-19,2,1,FT,H,,,2026-07-27 03:45:26,
46587,fdd_eng.1_2026-05-24_Brighton_&_Manchester,eng.1,,,Brighton & Hove Albion,Manchester United,2026-05-24,0,3,FT,A,,,2026-07-27 03:45:26,
46588,fdd_eng.1_2026-05-24_Burnley_Wolverhamp,eng.1,,,Burnley,Wolverhampton Wanderers,2026-05-24,1,1,FT,D,,,2026-07-27 03:45:26,
46589,fdd_eng.1_2026-05-24_Crystal_Pa_Arsenal,eng.1,,,Crystal Palace,Arsenal,2026-05-24,1,2,FT,A,,,2026-07-27 03:45:26,
46590,fdd_eng.1_2026-05-24_Fulham_Newcastle_,eng.1,,,Fulham,Newcastle United,2026-05-24,2,0,FT,H,,,2026-07-27 03:45:26,
46591,fdd_eng.1_2026-05-24_Liverpool_Brentford,eng.1,,,Liverpool,Brentford,2026-05-24,1,1,FT,D,,,2026-07-27 03:45:26,
46592,fdd_eng.1_2026-05-24_Manchester_Aston_Vill,eng.1,,,Manchester City,Aston Villa,2026-05-24,1,2,FT,A,,,2026-07-27 03:45:26,
46593,fdd_eng.1_2026-05-24_Sunderland_Chelsea,eng.1,,,Sunderland,Chelsea,2026-05-24,2,1,FT,H,,,2026-07-27 03:45:26,
46594,fdd_eng.1_2026-05-24_Tottenham__Everton,eng.1,,,Tottenham Hotspur,Everton,2026-05-24,1,0,FT,H,,,2026-07-27 03:45:26,
46595,fdd_eng.1_2026-05-24_West_Ham_U_Leeds_Unit,eng.1,,,West Ham United,Leeds United,2026-05-24,3,0,FT,H,,,2026-07-27 03:45:26,
46596,fdd_esp.1_2025-08-17_Athletic_C_Sevilla,esp.1,,,Athletic Club,Sevilla,2025-08-17,3,2,FT,H,,,2026-07-27 03:45:26,
46597,fdd_esp.1_2025-08-19_Real_Madri_Osasuna,esp.1,,,Real Madrid,Osasuna,2025-08-19,1,0,FT,H,,,2026-07-27 03:45:26,
46598,fdd_esp.1_2025-08-24_Osasuna_Valencia,esp.1,,,Osasuna,Valencia,2025-08-24,1,0,FT,H,,,2026-07-27 03:45:26,
46599,fdd_esp.1_2025-08-24_Villarreal_Girona,esp.1,,,Villarreal,Girona,2025-08-24,5,0,FT,H,,,2026-07-27 03:45:26,
46600,fdd_esp.1_2025-08-25_Sevilla_Getafe,esp.1,,,Sevilla,Getafe,2025-08-25,1,2,FT,A,,,2026-07-27 03:45:26,
46601,fdd_esp.1_2025-08-29_Valencia_Getafe,esp.1,,,Valencia,Getafe,2025-08-29,3,0,FT,H,,,2026-07-27 03:45:26,
46602,fdd_esp.1_2025-08-30_Girona_Sevilla,esp.1,,,Girona,Sevilla,2025-08-30,0,2,FT,A,,,2026-07-27 03:45:26,
46603,fdd_esp.1_2025-09-14_Barcelona_Valencia,esp.1,,,Barcelona,Valencia,2025-09-14,6,0,FT,H,,,2026-07-27 03:45:26,
46604,fdd_esp.1_2025-09-20_Villarreal_Osasuna,esp.1,,,Villarreal,Osasuna,2025-09-20,2,1,FT,H,,,2026-07-27 03:45:26,
46605,fdd_esp.1_2025-09-20_Valencia_Athletic_C,esp.1,,,Valencia,Athletic Club,2025-09-20,2,0,FT,H,,,2026-07-27 03:45:26,
46606,fdd_esp.1_2025-09-21_Barcelona_Getafe,esp.1,,,Barcelona,Getafe,2025-09-21,3,0,FT,H,,,2026-07-27 03:45:26,
46607,fdd_esp.1_2025-09-23_Athletic_C_Girona,esp.1,,,Athletic Club,Girona,2025-09-23,1,1,FT,D,,,2026-07-27 03:45:26,
46608,fdd_esp.1_2025-09-23_Sevilla_Villarreal,esp.1,,,Sevilla,Villarreal,2025-09-23,1,2,FT,A,,,2026-07-27 03:45:26,
46609,fdd_esp.1_2025-09-27_Villarreal_Athletic_C,esp.1,,,Villarreal,Athletic Club,2025-09-27,1,0,FT,H,,,2026-07-27 03:45:26,
46610,fdd_esp.1_2025-10-03_Osasuna_Getafe,esp.1,,,Osasuna,Getafe,2025-10-03,2,1,FT,H,,,2026-07-27 03:45:26,
46611,fdd_esp.1_2025-10-04_Girona_Valencia,esp.1,,,Girona,Valencia,2025-10-04,2,1,FT,H,,,2026-07-27 03:45:26,
46612,fdd_esp.1_2025-10-04_Real_Madri_Villarreal,esp.1,,,Real Madrid,Villarreal,2025-10-04,3,1,FT,H,,,2026-07-27 03:45:26,
46613,fdd_esp.1_2025-10-05_Sevilla_Barcelona,esp.1,,,Sevilla,Barcelona,2025-10-05,4,1,FT,H,,,2026-07-27 03:45:26,
46614,fdd_esp.1_2025-10-18_Barcelona_Girona,esp.1,,,Barcelona,Girona,2025-10-18,2,1,FT,H,,,2026-07-27 03:45:26,
46615,fdd_esp.1_2025-10-19_Getafe_Real_Madri,esp.1,,,Getafe,Real Madrid,2025-10-19,0,1,FT,A,,,2026-07-27 03:45:26,
46616,fdd_esp.1_2025-10-25_Athletic_C_Getafe,esp.1,,,Athletic Club,Getafe,2025-10-25,0,1,FT,A,,,2026-07-27 03:45:26,
46617,fdd_esp.1_2025-10-25_Valencia_Villarreal,esp.1,,,Valencia,Villarreal,2025-10-25,0,2,FT,A,,,2026-07-27 03:45:26,
46618,fdd_esp.1_2025-10-26_Real_Madri_Barcelona,esp.1,,,Real Madrid,Barcelona,2025-10-26,2,1,FT,H,,,2026-07-27 03:45:26,
46619,fdd_esp.1_2025-10-31_Getafe_Girona,esp.1,,,Getafe,Girona,2025-10-31,2,1,FT,H,,,2026-07-27 03:45:26,
46620,fdd_esp.1_2025-11-01_Real_Madri_Valencia,esp.1,,,Real Madrid,Valencia,2025-11-01,4,0,FT,H,,,2026-07-27 03:45:26,
46621,fdd_esp.1_2025-11-08_Sevilla_Osasuna,esp.1,,,Sevilla,Osasuna,2025-11-08,1,0,FT,H,,,2026-07-27 03:45:26,
46622,fdd_esp.1_2025-11-22_Barcelona_Athletic_C,esp.1,,,Barcelona,Athletic Club,2025-11-22,4,0,FT,H,,,2026-07-27 03:45:26,
46623,fdd_esp.1_2025-11-30_Girona_Real_Madri,esp.1,,,Girona,Real Madrid,2025-11-30,1,1,FT,D,,,2026-07-27 03:45:26,
46624,fdd_esp.1_2025-12-03_Athletic_C_Real_Madri,esp.1,,,Athletic Club,Real Madrid,2025-12-03,0,3,FT,A,,,2026-07-27 03:45:26,
46625,fdd_esp.1_2025-12-06_Villarreal_Getafe,esp.1,,,Villarreal,Getafe,2025-12-06,2,0,FT,H,,,2026-07-27 03:45:26,
46626,fdd_esp.1_2025-12-07_Valencia_Sevilla,esp.1,,,Valencia,Sevilla,2025-12-07,1,1,FT,D,,,2026-07-27 03:45:26,
46627,fdd_esp.1_2025-12-13_Barcelona_Osasuna,esp.1,,,Barcelona,Osasuna,2025-12-13,2,0,FT,H,,,2026-07-27 03:45:26,
46628,fdd_esp.1_2025-12-20_Real_Madri_Sevilla,esp.1,,,Real Madrid,Sevilla,2025-12-20,2,0,FT,H,,,2026-07-27 03:45:26,
46629,fdd_esp.1_2025-12-21_Villarreal_Barcelona,esp.1,,,Villarreal,Barcelona,2025-12-21,0,2,FT,A,,,2026-07-27 03:45:26,
46630,fdd_esp.1_2026-01-03_Osasuna_Athletic_C,esp.1,,,Osasuna,Athletic Club,2026-01-03,1,1,FT,D,,,2026-07-27 03:45:26,
46631,fdd_esp.1_2026-01-10_Girona_Osasuna,esp.1,,,Girona,Osasuna,2026-01-10,1,0,FT,H,,,2026-07-27 03:45:26,
46632,fdd_esp.1_2026-01-18_Getafe_Valencia,esp.1,,,Getafe,Valencia,2026-01-18,0,1,FT,A,,,2026-07-27 03:45:26,
46633,fdd_esp.1_2026-01-24_Sevilla_Athletic_C,esp.1,,,Sevilla,Athletic Club,2026-01-24,2,1,FT,H,,,2026-07-27 03:45:26,
46634,fdd_esp.1_2026-01-24_Villarreal_Real_Madri,esp.1,,,Villarreal,Real Madrid,2026-01-24,0,2,FT,A,,,2026-07-27 03:45:26,
46635,fdd_esp.1_2026-01-26_Girona_Getafe,esp.1,,,Girona,Getafe,2026-01-26,1,1,FT,D,,,2026-07-27 03:45:26,
46636,fdd_esp.1_2026-01-31_Osasuna_Villarreal,esp.1,,,Osasuna,Villarreal,2026-01-31,2,2,FT,D,,,2026-07-27 03:45:26,
46637,fdd_esp.1_2026-02-08_Sevilla_Girona,esp.1,,,Sevilla,Girona,2026-02-08,1,1,FT,D,,,2026-07-27 03:45:26,
46638,fdd_esp.1_2026-02-08_Valencia_Real_Madri,esp.1,,,Valencia,Real Madrid,2026-02-08,0,2,FT,A,,,2026-07-27 03:45:26,
46639,fdd_esp.1_2026-02-14_Getafe_Villarreal,esp.1,,,Getafe,Villarreal,2026-02-14,2,1,FT,H,,,2026-07-27 03:45:26,
46640,fdd_esp.1_2026-02-16_Girona_Barcelona,esp.1,,,Girona,Barcelona,2026-02-16,2,1,FT,H,,,2026-07-27 03:45:26,
46641,fdd_esp.1_2026-02-21_Osasuna_Real_Madri,esp.1,,,Osasuna,Real Madrid,2026-02-21,2,1,FT,H,,,2026-07-27 03:45:26,
46642,fdd_esp.1_2026-02-22_Getafe_Sevilla,esp.1,,,Getafe,Sevilla,2026-02-22,0,1,FT,A,,,2026-07-27 03:45:26,
46643,fdd_esp.1_2026-02-22_Villarreal_Valencia,esp.1,,,Villarreal,Valencia,2026-02-22,2,1,FT,H,,,2026-07-27 03:45:26,
46644,fdd_esp.1_2026-02-28_Barcelona_Villarreal,esp.1,,,Barcelona,Villarreal,2026-02-28,4,1,FT,H,,,2026-07-27 03:45:26,
46645,fdd_esp.1_2026-03-01_Valencia_Osasuna,esp.1,,,Valencia,Osasuna,2026-03-01,1,0,FT,H,,,2026-07-27 03:45:26,
46646,fdd_esp.1_2026-03-02_Real_Madri_Getafe,esp.1,,,Real Madrid,Getafe,2026-03-02,0,1,FT,A,,,2026-07-27 03:45:26,
46647,fdd_esp.1_2026-03-07_Athletic_C_Barcelona,esp.1,,,Athletic Club,Barcelona,2026-03-07,0,1,FT,A,,,2026-07-27 03:45:26,
46648,fdd_esp.1_2026-03-14_Girona_Athletic_C,esp.1,,,Girona,Athletic Club,2026-03-14,3,0,FT,H,,,2026-07-27 03:45:26,
46649,fdd_esp.1_2026-03-15_Barcelona_Sevilla,esp.1,,,Barcelona,Sevilla,2026-03-15,5,2,FT,H,,,2026-07-27 03:45:26,
46650,fdd_esp.1_2026-03-21_Osasuna_Girona,esp.1,,,Osasuna,Girona,2026-03-21,1,0,FT,H,,,2026-07-27 03:45:26,
46651,fdd_esp.1_2026-03-21_Sevilla_Valencia,esp.1,,,Sevilla,Valencia,2026-03-21,0,2,FT,A,,,2026-07-27 03:45:26,
46652,fdd_esp.1_2026-04-05_Getafe_Athletic_C,esp.1,,,Getafe,Athletic Club,2026-04-05,2,0,FT,H,,,2026-07-27 03:45:26,
46653,fdd_esp.1_2026-04-06_Girona_Villarreal,esp.1,,,Girona,Villarreal,2026-04-06,1,0,FT,H,,,2026-07-27 03:45:26,
46654,fdd_esp.1_2026-04-10_Real_Madri_Girona,esp.1,,,Real Madrid,Girona,2026-04-10,1,1,FT,D,,,2026-07-27 03:45:26,
46655,fdd_esp.1_2026-04-12_Athletic_C_Villarreal,esp.1,,,Athletic Club,Villarreal,2026-04-12,1,2,FT,A,,,2026-07-27 03:45:26,
46656,fdd_esp.1_2026-04-21_Athletic_C_Osasuna,esp.1,,,Athletic Club,Osasuna,2026-04-21,1,0,FT,H,,,2026-07-27 03:45:26,
46657,fdd_esp.1_2026-04-25_Getafe_Barcelona,esp.1,,,Getafe,Barcelona,2026-04-25,0,2,FT,A,,,2026-07-27 03:45:26,
46658,fdd_esp.1_2026-04-25_Valencia_Girona,esp.1,,,Valencia,Girona,2026-04-25,2,1,FT,H,,,2026-07-27 03:45:26,
46659,fdd_esp.1_2026-04-26_Osasuna_Sevilla,esp.1,,,Osasuna,Sevilla,2026-04-26,2,1,FT,H,,,2026-07-27 03:45:26,
46660,fdd_esp.1_2026-05-02_Osasuna_Barcelona,esp.1,,,Osasuna,Barcelona,2026-05-02,1,2,FT,A,,,2026-07-27 03:45:26,
46661,fdd_esp.1_2026-05-10_Athletic_C_Valencia,esp.1,,,Athletic Club,Valencia,2026-05-10,0,1,FT,A,,,2026-07-27 03:45:26,
46662,fdd_esp.1_2026-05-10_Barcelona_Real_Madri,esp.1,,,Barcelona,Real Madrid,2026-05-10,2,0,FT,H,,,2026-07-27 03:45:26,
46663,fdd_esp.1_2026-05-13_Villarreal_Sevilla,esp.1,,,Villarreal,Sevilla,2026-05-13,2,3,FT,A,,,2026-07-27 03:45:26,
46664,fdd_esp.1_2026-05-17_Sevilla_Real_Madri,esp.1,,,Sevilla,Real Madrid,2026-05-17,0,1,FT,A,,,2026-07-27 03:45:26,
46665,fdd_esp.1_2026-05-23_Getafe_Osasuna,esp.1,,,Getafe,Osasuna,2026-05-23,1,0,FT,H,,,2026-07-27 03:45:26,
46666,fdd_esp.1_2026-05-23_Real_Madri_Athletic_C,esp.1,,,Real Madrid,Athletic Club,2026-05-23,4,2,FT,H,,,2026-07-27 03:45:26,
46667,fdd_esp.1_2026-05-23_Valencia_Barcelona,esp.1,,,Valencia,Barcelona,2026-05-23,3,1,FT,H,,,2026-07-27 03:45:26,
46668,fdd_ita.1_2025-08-23_Genoa_Lecce,ita.1,,,Genoa,Lecce,2025-08-23,0,0,FT,D,,,2026-07-27 03:45:26,
46669,fdd_ita.1_2025-08-23_Sassuolo_Napoli,ita.1,,,Sassuolo,Napoli,2025-08-23,0,2,FT,A,,,2026-07-27 03:45:26,
46670,fdd_ita.1_2025-08-23_AC_Milan_Cremonese,ita.1,,,AC Milan,Cremonese,2025-08-23,1,2,FT,A,,,2026-07-27 03:45:26,
46671,fdd_ita.1_2025-08-23_AS_Roma_Bologna,ita.1,,,AS Roma,Bologna,2025-08-23,1,0,FT,H,,,2026-07-27 03:45:26,
46672,fdd_ita.1_2025-08-24_Cagliari_Fiorentina,ita.1,,,Cagliari,Fiorentina,2025-08-24,1,1,FT,D,,,2026-07-27 03:45:26,
46673,fdd_ita.1_2025-08-24_Atalanta_Pisa,ita.1,,,Atalanta,Pisa,2025-08-24,1,1,FT,D,,,2026-07-27 03:45:26,
46674,fdd_ita.1_2025-08-24_Juventus_Parma,ita.1,,,Juventus,Parma,2025-08-24,2,0,FT,H,,,2026-07-27 03:45:26,
46675,fdd_ita.1_2025-08-25_Udinese_Hellas_Ver,ita.1,,,Udinese,Hellas Verona,2025-08-25,1,1,FT,D,,,2026-07-27 03:45:26,
46676,fdd_ita.1_2025-08-29_Cremonese_Sassuolo,ita.1,,,Cremonese,Sassuolo,2025-08-29,3,2,FT,H,,,2026-07-27 03:45:26,
46677,fdd_ita.1_2025-08-29_Lecce_AC_Milan,ita.1,,,Lecce,AC Milan,2025-08-29,0,2,FT,A,,,2026-07-27 03:45:26,
46678,fdd_ita.1_2025-08-30_Parma_Atalanta,ita.1,,,Parma,Atalanta,2025-08-30,1,1,FT,D,,,2026-07-27 03:45:26,
46679,fdd_ita.1_2025-08-30_Napoli_Cagliari,ita.1,,,Napoli,Cagliari,2025-08-30,1,0,FT,H,,,2026-07-27 03:45:26,
46680,fdd_ita.1_2025-08-30_Pisa_AS_Roma,ita.1,,,Pisa,AS Roma,2025-08-30,0,1,FT,A,,,2026-07-27 03:45:26,
46681,fdd_ita.1_2025-08-31_Genoa_Juventus,ita.1,,,Genoa,Juventus,2025-08-31,0,1,FT,A,,,2026-07-27 03:45:26,
46682,fdd_ita.1_2025-08-31_Torino_Fiorentina,ita.1,,,Torino,Fiorentina,2025-08-31,0,0,FT,D,,,2026-07-27 03:45:26,
46683,fdd_ita.1_2025-08-31_Lazio_Hellas_Ver,ita.1,,,Lazio,Hellas Verona,2025-08-31,4,0,FT,H,,,2026-07-27 03:45:26,
46684,fdd_ita.1_2025-09-13_Cagliari_Parma,ita.1,,,Cagliari,Parma,2025-09-13,2,0,FT,H,,,2026-07-27 03:45:26,
46685,fdd_ita.1_2025-09-13_Fiorentina_Napoli,ita.1,,,Fiorentina,Napoli,2025-09-13,1,3,FT,A,,,2026-07-27 03:45:26,
46686,fdd_ita.1_2025-09-14_AS_Roma_Torino,ita.1,,,AS Roma,Torino,2025-09-14,0,1,FT,A,,,2026-07-27 03:45:26,
46687,fdd_ita.1_2025-09-14_Atalanta_Lecce,ita.1,,,Atalanta,Lecce,2025-09-14,4,1,FT,H,,,2026-07-27 03:45:26,
46688,fdd_ita.1_2025-09-14_Pisa_Udinese,ita.1,,,Pisa,Udinese,2025-09-14,0,1,FT,A,,,2026-07-27 03:45:26,
46689,fdd_ita.1_2025-09-14_Sassuolo_Lazio,ita.1,,,Sassuolo,Lazio,2025-09-14,1,0,FT,H,,,2026-07-27 03:45:26,
46690,fdd_ita.1_2025-09-14_AC_Milan_Bologna,ita.1,,,AC Milan,Bologna,2025-09-14,1,0,FT,H,,,2026-07-27 03:45:26,
46691,fdd_ita.1_2025-09-15_Hellas_Ver_Cremonese,ita.1,,,Hellas Verona,Cremonese,2025-09-15,0,0,FT,D,,,2026-07-27 03:45:26,
46692,fdd_ita.1_2025-09-19_Lecce_Cagliari,ita.1,,,Lecce,Cagliari,2025-09-19,1,2,FT,A,,,2026-07-27 03:45:26,
46693,fdd_ita.1_2025-09-20_Bologna_Genoa,ita.1,,,Bologna,Genoa,2025-09-20,2,1,FT,H,,,2026-07-27 03:45:26,
46694,fdd_ita.1_2025-09-20_Hellas_Ver_Juventus,ita.1,,,Hellas Verona,Juventus,2025-09-20,1,1,FT,D,,,2026-07-27 03:45:26,
46695,fdd_ita.1_2025-09-20_Udinese_AC_Milan,ita.1,,,Udinese,AC Milan,2025-09-20,0,3,FT,A,,,2026-07-27 03:45:26,
46696,fdd_ita.1_2025-09-21_Lazio_AS_Roma,ita.1,,,Lazio,AS Roma,2025-09-21,0,1,FT,A,,,2026-07-27 03:45:26,
46697,fdd_ita.1_2025-09-21_Cremonese_Parma,ita.1,,,Cremonese,Parma,2025-09-21,0,0,FT,D,,,2026-07-27 03:45:26,
46698,fdd_ita.1_2025-09-21_Torino_Atalanta,ita.1,,,Torino,Atalanta,2025-09-21,0,3,FT,A,,,2026-07-27 03:45:26,
46699,fdd_ita.1_2025-09-22_Napoli_Pisa,ita.1,,,Napoli,Pisa,2025-09-22,3,2,FT,H,,,2026-07-27 03:45:26,
46700,fdd_ita.1_2025-09-27_Juventus_Atalanta,ita.1,,,Juventus,Atalanta,2025-09-27,1,1,FT,D,,,2026-07-27 03:45:26,
46701,fdd_ita.1_2025-09-28_Sassuolo_Udinese,ita.1,,,Sassuolo,Udinese,2025-09-28,3,1,FT,H,,,2026-07-27 03:45:26,
46702,fdd_ita.1_2025-09-28_Pisa_Fiorentina,ita.1,,,Pisa,Fiorentina,2025-09-28,0,0,FT,D,,,2026-07-27 03:45:26,
46703,fdd_ita.1_2025-09-28_AS_Roma_Hellas_Ver,ita.1,,,AS Roma,Hellas Verona,2025-09-28,2,0,FT,H,,,2026-07-27 03:45:26,
46704,fdd_ita.1_2025-09-28_Lecce_Bologna,ita.1,,,Lecce,Bologna,2025-09-28,2,2,FT,D,,,2026-07-27 03:45:26,
46705,fdd_ita.1_2025-09-28_AC_Milan_Napoli,ita.1,,,AC Milan,Napoli,2025-09-28,2,1,FT,H,,,2026-07-27 03:45:26,
46706,fdd_ita.1_2025-09-29_Parma_Torino,ita.1,,,Parma,Torino,2025-09-29,2,1,FT,H,,,2026-07-27 03:45:26,
46707,fdd_ita.1_2025-09-29_Genoa_Lazio,ita.1,,,Genoa,Lazio,2025-09-29,0,3,FT,A,,,2026-07-27 03:45:26,
46708,fdd_ita.1_2025-10-03_Hellas_Ver_Sassuolo,ita.1,,,Hellas Verona,Sassuolo,2025-10-03,0,1,FT,A,,,2026-07-27 03:45:26,
46709,fdd_ita.1_2025-10-04_Lazio_Torino,ita.1,,,Lazio,Torino,2025-10-04,3,3,FT,D,,,2026-07-27 03:45:26,
46710,fdd_ita.1_2025-10-04_Parma_Lecce,ita.1,,,Parma,Lecce,2025-10-04,0,1,FT,A,,,2026-07-27 03:45:26,
46711,fdd_ita.1_2025-10-05_Udinese_Cagliari,ita.1,,,Udinese,Cagliari,2025-10-05,1,1,FT,D,,,2026-07-27 03:45:26,
46712,fdd_ita.1_2025-10-05_Bologna_Pisa,ita.1,,,Bologna,Pisa,2025-10-05,4,0,FT,H,,,2026-07-27 03:45:26,
46713,fdd_ita.1_2025-10-05_Fiorentina_AS_Roma,ita.1,,,Fiorentina,AS Roma,2025-10-05,1,2,FT,A,,,2026-07-27 03:45:26,
46714,fdd_ita.1_2025-10-05_Napoli_Genoa,ita.1,,,Napoli,Genoa,2025-10-05,2,1,FT,H,,,2026-07-27 03:45:26,
46715,fdd_ita.1_2025-10-05_Juventus_AC_Milan,ita.1,,,Juventus,AC Milan,2025-10-05,0,0,FT,D,,,2026-07-27 03:45:26,
46716,fdd_ita.1_2025-10-18_Lecce_Sassuolo,ita.1,,,Lecce,Sassuolo,2025-10-18,0,0,FT,D,,,2026-07-27 03:45:26,
46717,fdd_ita.1_2025-10-18_Pisa_Hellas_Ver,ita.1,,,Pisa,Hellas Verona,2025-10-18,0,0,FT,D,,,2026-07-27 03:45:26,
46718,fdd_ita.1_2025-10-18_Torino_Napoli,ita.1,,,Torino,Napoli,2025-10-18,1,0,FT,H,,,2026-07-27 03:45:26,
46719,fdd_ita.1_2025-10-19_Cagliari_Bologna,ita.1,,,Cagliari,Bologna,2025-10-19,0,2,FT,A,,,2026-07-27 03:45:26,
46720,fdd_ita.1_2025-10-19_Genoa_Parma,ita.1,,,Genoa,Parma,2025-10-19,0,0,FT,D,,,2026-07-27 03:45:26,
46721,fdd_ita.1_2025-10-19_Atalanta_Lazio,ita.1,,,Atalanta,Lazio,2025-10-19,0,0,FT,D,,,2026-07-27 03:45:26,
46722,fdd_ita.1_2025-10-19_AC_Milan_Fiorentina,ita.1,,,AC Milan,Fiorentina,2025-10-19,2,1,FT,H,,,2026-07-27 03:45:26,
46723,fdd_ita.1_2025-10-20_Cremonese_Udinese,ita.1,,,Cremonese,Udinese,2025-10-20,1,1,FT,D,,,2026-07-27 03:45:26,
46724,fdd_ita.1_2025-10-24_AC_Milan_Pisa,ita.1,,,AC Milan,Pisa,2025-10-24,2,2,FT,D,,,2026-07-27 03:45:26,
46725,fdd_ita.1_2025-10-25_Udinese_Lecce,ita.1,,,Udinese,Lecce,2025-10-25,3,2,FT,H,,,2026-07-27 03:45:26,
46726,fdd_ita.1_2025-10-25_Cremonese_Atalanta,ita.1,,,Cremonese,Atalanta,2025-10-25,1,1,FT,D,,,2026-07-27 03:45:26,
46727,fdd_ita.1_2025-10-26_Torino_Genoa,ita.1,,,Torino,Genoa,2025-10-26,2,1,FT,H,,,2026-07-27 03:45:26,
46728,fdd_ita.1_2025-10-26_Sassuolo_AS_Roma,ita.1,,,Sassuolo,AS Roma,2025-10-26,0,1,FT,A,,,2026-07-27 03:45:26,
46729,fdd_ita.1_2025-10-26_Hellas_Ver_Cagliari,ita.1,,,Hellas Verona,Cagliari,2025-10-26,2,2,FT,D,,,2026-07-27 03:45:26,
46730,fdd_ita.1_2025-10-26_Fiorentina_Bologna,ita.1,,,Fiorentina,Bologna,2025-10-26,2,2,FT,D,,,2026-07-27 03:45:26,
46731,fdd_ita.1_2025-10-26_Lazio_Juventus,ita.1,,,Lazio,Juventus,2025-10-26,1,0,FT,H,,,2026-07-27 03:45:26,
46732,fdd_ita.1_2025-10-28_Lecce_Napoli,ita.1,,,Lecce,Napoli,2025-10-28,0,1,FT,A,,,2026-07-27 03:45:26,
46733,fdd_ita.1_2025-10-28_Atalanta_AC_Milan,ita.1,,,Atalanta,AC Milan,2025-10-28,1,1,FT,D,,,2026-07-27 03:45:26,
46734,fdd_ita.1_2025-10-29_Juventus_Udinese,ita.1,,,Juventus,Udinese,2025-10-29,3,1,FT,H,,,2026-07-27 03:45:26,
46735,fdd_ita.1_2025-10-29_AS_Roma_Parma,ita.1,,,AS Roma,Parma,2025-10-29,2,1,FT,H,,,2026-07-27 03:45:26,
46736,fdd_ita.1_2025-10-29_Bologna_Torino,ita.1,,,Bologna,Torino,2025-10-29,0,0,FT,D,,,2026-07-27 03:45:26,
46737,fdd_ita.1_2025-10-29_Genoa_Cremonese,ita.1,,,Genoa,Cremonese,2025-10-29,0,2,FT,A,,,2026-07-27 03:45:26,
46738,fdd_ita.1_2025-10-30_Cagliari_Sassuolo,ita.1,,,Cagliari,Sassuolo,2025-10-30,1,2,FT,A,,,2026-07-27 03:45:26,
46739,fdd_ita.1_2025-10-30_Pisa_Lazio,ita.1,,,Pisa,Lazio,2025-10-30,0,0,FT,D,,,2026-07-27 03:45:26,
46740,fdd_ita.1_2025-11-01_Udinese_Atalanta,ita.1,,,Udinese,Atalanta,2025-11-01,1,0,FT,H,,,2026-07-27 03:45:26,
46741,fdd_ita.1_2025-11-01_Cremonese_Juventus,ita.1,,,Cremonese,Juventus,2025-11-01,1,2,FT,A,,,2026-07-27 03:45:26,
46742,fdd_ita.1_2025-11-02_Fiorentina_Lecce,ita.1,,,Fiorentina,Lecce,2025-11-02,0,1,FT,A,,,2026-07-27 03:45:26,
46743,fdd_ita.1_2025-11-02_Torino_Pisa,ita.1,,,Torino,Pisa,2025-11-02,2,2,FT,D,,,2026-07-27 03:45:26,
46744,fdd_ita.1_2025-11-02_Parma_Bologna,ita.1,,,Parma,Bologna,2025-11-02,1,3,FT,A,,,2026-07-27 03:45:26,
46745,fdd_ita.1_2025-11-02_AC_Milan_AS_Roma,ita.1,,,AC Milan,AS Roma,2025-11-02,1,0,FT,H,,,2026-07-27 03:45:26,
46746,fdd_ita.1_2025-11-03_Sassuolo_Genoa,ita.1,,,Sassuolo,Genoa,2025-11-03,1,2,FT,A,,,2026-07-27 03:45:26,
46747,fdd_ita.1_2025-11-03_Lazio_Cagliari,ita.1,,,Lazio,Cagliari,2025-11-03,2,0,FT,H,,,2026-07-27 03:45:26,
46748,fdd_ita.1_2025-11-07_Pisa_Cremonese,ita.1,,,Pisa,Cremonese,2025-11-07,1,0,FT,H,,,2026-07-27 03:45:26,
46749,fdd_ita.1_2025-11-08_Lecce_Hellas_Ver,ita.1,,,Lecce,Hellas Verona,2025-11-08,0,0,FT,D,,,2026-07-27 03:45:26,
46750,fdd_ita.1_2025-11-08_Juventus_Torino,ita.1,,,Juventus,Torino,2025-11-08,0,0,FT,D,,,2026-07-27 03:45:26,
46751,fdd_ita.1_2025-11-08_Parma_AC_Milan,ita.1,,,Parma,AC Milan,2025-11-08,2,2,FT,D,,,2026-07-27 03:45:26,
46752,fdd_ita.1_2025-11-09_Atalanta_Sassuolo,ita.1,,,Atalanta,Sassuolo,2025-11-09,0,3,FT,A,,,2026-07-27 03:45:26,
46753,fdd_ita.1_2025-11-09_Bologna_Napoli,ita.1,,,Bologna,Napoli,2025-11-09,2,0,FT,H,,,2026-07-27 03:45:26,
46754,fdd_ita.1_2025-11-09_Genoa_Fiorentina,ita.1,,,Genoa,Fiorentina,2025-11-09,2,2,FT,D,,,2026-07-27 03:45:26,
46755,fdd_ita.1_2025-11-09_AS_Roma_Udinese,ita.1,,,AS Roma,Udinese,2025-11-09,2,0,FT,H,,,2026-07-27 03:45:26,
46756,fdd_ita.1_2025-11-22_Cagliari_Genoa,ita.1,,,Cagliari,Genoa,2025-11-22,3,3,FT,D,,,2026-07-27 03:45:26,
46757,fdd_ita.1_2025-11-22_Udinese_Bologna,ita.1,,,Udinese,Bologna,2025-11-22,0,3,FT,A,,,2026-07-27 03:45:26,
46758,fdd_ita.1_2025-11-22_Fiorentina_Juventus,ita.1,,,Fiorentina,Juventus,2025-11-22,1,1,FT,D,,,2026-07-27 03:45:26,
46759,fdd_ita.1_2025-11-22_Napoli_Atalanta,ita.1,,,Napoli,Atalanta,2025-11-22,3,1,FT,H,,,2026-07-27 03:45:26,
46760,fdd_ita.1_2025-11-23_Hellas_Ver_Parma,ita.1,,,Hellas Verona,Parma,2025-11-23,1,2,FT,A,,,2026-07-27 03:45:26,
46761,fdd_ita.1_2025-11-23_Cremonese_AS_Roma,ita.1,,,Cremonese,AS Roma,2025-11-23,1,3,FT,A,,,2026-07-27 03:45:26,
46762,fdd_ita.1_2025-11-23_Lazio_Lecce,ita.1,,,Lazio,Lecce,2025-11-23,2,0,FT,H,,,2026-07-27 03:45:26,
46763,fdd_ita.1_2025-11-24_Sassuolo_Pisa,ita.1,,,Sassuolo,Pisa,2025-11-24,2,2,FT,D,,,2026-07-27 03:45:26,
46764,fdd_ita.1_2025-11-29_Genoa_Hellas_Ver,ita.1,,,Genoa,Hellas Verona,2025-11-29,2,1,FT,H,,,2026-07-27 03:45:26,
46765,fdd_ita.1_2025-11-29_Parma_Udinese,ita.1,,,Parma,Udinese,2025-11-29,0,2,FT,A,,,2026-07-27 03:45:26,
46766,fdd_ita.1_2025-11-29_Juventus_Cagliari,ita.1,,,Juventus,Cagliari,2025-11-29,2,1,FT,H,,,2026-07-27 03:45:26,
46767,fdd_ita.1_2025-11-29_AC_Milan_Lazio,ita.1,,,AC Milan,Lazio,2025-11-29,1,0,FT,H,,,2026-07-27 03:45:26,
46768,fdd_ita.1_2025-11-30_Lecce_Torino,ita.1,,,Lecce,Torino,2025-11-30,2,1,FT,H,,,2026-07-27 03:45:26,
46769,fdd_ita.1_2025-11-30_Atalanta_Fiorentina,ita.1,,,Atalanta,Fiorentina,2025-11-30,2,0,FT,H,,,2026-07-27 03:45:26,
46770,fdd_ita.1_2025-11-30_AS_Roma_Napoli,ita.1,,,AS Roma,Napoli,2025-11-30,0,1,FT,A,,,2026-07-27 03:45:26,
46771,fdd_ita.1_2025-12-01_Bologna_Cremonese,ita.1,,,Bologna,Cremonese,2025-12-01,1,3,FT,A,,,2026-07-27 03:45:26,
46772,fdd_ita.1_2025-12-06_Sassuolo_Fiorentina,ita.1,,,Sassuolo,Fiorentina,2025-12-06,3,1,FT,H,,,2026-07-27 03:45:26,
46773,fdd_ita.1_2025-12-06_Hellas_Ver_Atalanta,ita.1,,,Hellas Verona,Atalanta,2025-12-06,3,1,FT,H,,,2026-07-27 03:45:26,
46774,fdd_ita.1_2025-12-07_Cremonese_Lecce,ita.1,,,Cremonese,Lecce,2025-12-07,2,0,FT,H,,,2026-07-27 03:45:26,
46775,fdd_ita.1_2025-12-07_Cagliari_AS_Roma,ita.1,,,Cagliari,AS Roma,2025-12-07,1,0,FT,H,,,2026-07-27 03:45:26,
46776,fdd_ita.1_2025-12-07_Lazio_Bologna,ita.1,,,Lazio,Bologna,2025-12-07,1,1,FT,D,,,2026-07-27 03:45:26,
46777,fdd_ita.1_2025-12-07_Napoli_Juventus,ita.1,,,Napoli,Juventus,2025-12-07,2,1,FT,H,,,2026-07-27 03:45:26,
46778,fdd_ita.1_2025-12-08_Pisa_Parma,ita.1,,,Pisa,Parma,2025-12-08,0,1,FT,A,,,2026-07-27 03:45:26,
46779,fdd_ita.1_2025-12-08_Udinese_Genoa,ita.1,,,Udinese,Genoa,2025-12-08,1,2,FT,A,,,2026-07-27 03:45:26,
46780,fdd_ita.1_2025-12-08_Torino_AC_Milan,ita.1,,,Torino,AC Milan,2025-12-08,2,3,FT,A,,,2026-07-27 03:45:26,
46781,fdd_ita.1_2025-12-12_Lecce_Pisa,ita.1,,,Lecce,Pisa,2025-12-12,1,0,FT,H,,,2026-07-27 03:45:26,
46782,fdd_ita.1_2025-12-13_Torino_Cremonese,ita.1,,,Torino,Cremonese,2025-12-13,1,0,FT,H,,,2026-07-27 03:45:26,
46783,fdd_ita.1_2025-12-13_Parma_Lazio,ita.1,,,Parma,Lazio,2025-12-13,0,1,FT,A,,,2026-07-27 03:45:26,
46784,fdd_ita.1_2025-12-13_Atalanta_Cagliari,ita.1,,,Atalanta,Cagliari,2025-12-13,2,1,FT,H,,,2026-07-27 03:45:26,
46785,fdd_ita.1_2025-12-14_AC_Milan_Sassuolo,ita.1,,,AC Milan,Sassuolo,2025-12-14,2,2,FT,D,,,2026-07-27 03:45:26,
46786,fdd_ita.1_2025-12-14_Fiorentina_Hellas_Ver,ita.1,,,Fiorentina,Hellas Verona,2025-12-14,1,2,FT,A,,,2026-07-27 03:45:26,
46787,fdd_ita.1_2025-12-14_Udinese_Napoli,ita.1,,,Udinese,Napoli,2025-12-14,1,0,FT,H,,,2026-07-27 03:45:26,
46788,fdd_ita.1_2025-12-14_Bologna_Juventus,ita.1,,,Bologna,Juventus,2025-12-14,0,1,FT,A,,,2026-07-27 03:45:26,
46789,fdd_ita.1_2025-12-20_Lazio_Cremonese,ita.1,,,Lazio,Cremonese,2025-12-20,0,0,FT,D,,,2026-07-27 03:45:26,
46790,fdd_ita.1_2025-12-20_Juventus_AS_Roma,ita.1,,,Juventus,AS Roma,2025-12-20,2,1,FT,H,,,2026-07-27 03:45:26,
46791,fdd_ita.1_2025-12-21_Cagliari_Pisa,ita.1,,,Cagliari,Pisa,2025-12-21,2,2,FT,D,,,2026-07-27 03:45:26,
46792,fdd_ita.1_2025-12-21_Sassuolo_Torino,ita.1,,,Sassuolo,Torino,2025-12-21,0,1,FT,A,,,2026-07-27 03:45:26,
46793,fdd_ita.1_2025-12-21_Fiorentina_Udinese,ita.1,,,Fiorentina,Udinese,2025-12-21,5,1,FT,H,,,2026-07-27 03:45:26,
46794,fdd_ita.1_2025-12-21_Genoa_Atalanta,ita.1,,,Genoa,Atalanta,2025-12-21,0,1,FT,A,,,2026-07-27 03:45:26,
46795,fdd_ita.1_2025-12-27_Parma_Fiorentina,ita.1,,,Parma,Fiorentina,2025-12-27,1,0,FT,H,,,2026-07-27 03:45:26,
46796,fdd_ita.1_2025-12-27_Torino_Cagliari,ita.1,,,Torino,Cagliari,2025-12-27,1,2,FT,A,,,2026-07-27 03:45:26,
46797,fdd_ita.1_2025-12-27_Udinese_Lazio,ita.1,,,Udinese,Lazio,2025-12-27,1,1,FT,D,,,2026-07-27 03:45:26,
46798,fdd_ita.1_2025-12-27_Pisa_Juventus,ita.1,,,Pisa,Juventus,2025-12-27,0,2,FT,A,,,2026-07-27 03:45:26,
46799,fdd_ita.1_2025-12-28_AC_Milan_Hellas_Ver,ita.1,,,AC Milan,Hellas Verona,2025-12-28,3,0,FT,H,,,2026-07-27 03:45:26,
46800,fdd_ita.1_2025-12-28_Cremonese_Napoli,ita.1,,,Cremonese,Napoli,2025-12-28,0,2,FT,A,,,2026-07-27 03:45:26,
46801,fdd_ita.1_2025-12-28_Bologna_Sassuolo,ita.1,,,Bologna,Sassuolo,2025-12-28,1,1,FT,D,,,2026-07-27 03:45:26,
46802,fdd_ita.1_2025-12-29_AS_Roma_Genoa,ita.1,,,AS Roma,Genoa,2025-12-29,3,1,FT,H,,,2026-07-27 03:45:26,
46803,fdd_ita.1_2026-01-02_Cagliari_AC_Milan,ita.1,,,Cagliari,AC Milan,2026-01-02,0,1,FT,A,,,2026-07-27 03:45:26,
46804,fdd_ita.1_2026-01-03_Genoa_Pisa,ita.1,,,Genoa,Pisa,2026-01-03,1,1,FT,D,,,2026-07-27 03:45:26,
46805,fdd_ita.1_2026-01-03_Sassuolo_Parma,ita.1,,,Sassuolo,Parma,2026-01-03,1,1,FT,D,,,2026-07-27 03:45:26,
46806,fdd_ita.1_2026-01-03_Juventus_Lecce,ita.1,,,Juventus,Lecce,2026-01-03,1,1,FT,D,,,2026-07-27 03:45:26,
46807,fdd_ita.1_2026-01-03_Atalanta_AS_Roma,ita.1,,,Atalanta,AS Roma,2026-01-03,1,0,FT,H,,,2026-07-27 03:45:26,
46808,fdd_ita.1_2026-01-04_Lazio_Napoli,ita.1,,,Lazio,Napoli,2026-01-04,0,2,FT,A,,,2026-07-27 03:45:26,
46809,fdd_ita.1_2026-01-04_Fiorentina_Cremonese,ita.1,,,Fiorentina,Cremonese,2026-01-04,1,0,FT,H,,,2026-07-27 03:45:26,
46810,fdd_ita.1_2026-01-04_Hellas_Ver_Torino,ita.1,,,Hellas Verona,Torino,2026-01-04,0,3,FT,A,,,2026-07-27 03:45:26,
46811,fdd_ita.1_2026-01-06_Lecce_AS_Roma,ita.1,,,Lecce,AS Roma,2026-01-06,0,2,FT,A,,,2026-07-27 03:45:26,
46812,fdd_ita.1_2026-01-06_Sassuolo_Juventus,ita.1,,,Sassuolo,Juventus,2026-01-06,0,3,FT,A,,,2026-07-27 03:45:26,
46813,fdd_ita.1_2026-01-07_Bologna_Atalanta,ita.1,,,Bologna,Atalanta,2026-01-07,0,2,FT,A,,,2026-07-27 03:45:26,
46814,fdd_ita.1_2026-01-07_Napoli_Hellas_Ver,ita.1,,,Napoli,Hellas Verona,2026-01-07,2,2,FT,D,,,2026-07-27 03:45:26,
46815,fdd_ita.1_2026-01-07_Lazio_Fiorentina,ita.1,,,Lazio,Fiorentina,2026-01-07,2,2,FT,D,,,2026-07-27 03:45:26,
46816,fdd_ita.1_2026-01-07_Torino_Udinese,ita.1,,,Torino,Udinese,2026-01-07,1,2,FT,A,,,2026-07-27 03:45:26,
46817,fdd_ita.1_2026-01-08_Cremonese_Cagliari,ita.1,,,Cremonese,Cagliari,2026-01-08,2,2,FT,D,,,2026-07-27 03:45:26,
46818,fdd_ita.1_2026-01-08_AC_Milan_Genoa,ita.1,,,AC Milan,Genoa,2026-01-08,1,1,FT,D,,,2026-07-27 03:45:26,
46819,fdd_ita.1_2026-01-10_Udinese_Pisa,ita.1,,,Udinese,Pisa,2026-01-10,2,2,FT,D,,,2026-07-27 03:45:26,
46820,fdd_ita.1_2026-01-10_AS_Roma_Sassuolo,ita.1,,,AS Roma,Sassuolo,2026-01-10,2,0,FT,H,,,2026-07-27 03:45:26,
46821,fdd_ita.1_2026-01-10_Atalanta_Torino,ita.1,,,Atalanta,Torino,2026-01-10,2,0,FT,H,,,2026-07-27 03:45:26,
46822,fdd_ita.1_2026-01-11_Lecce_Parma,ita.1,,,Lecce,Parma,2026-01-11,1,2,FT,A,,,2026-07-27 03:45:26,
46823,fdd_ita.1_2026-01-11_Fiorentina_AC_Milan,ita.1,,,Fiorentina,AC Milan,2026-01-11,1,1,FT,D,,,2026-07-27 03:45:26,
46824,fdd_ita.1_2026-01-11_Hellas_Ver_Lazio,ita.1,,,Hellas Verona,Lazio,2026-01-11,0,1,FT,A,,,2026-07-27 03:45:26,
46825,fdd_ita.1_2026-01-12_Genoa_Cagliari,ita.1,,,Genoa,Cagliari,2026-01-12,3,0,FT,H,,,2026-07-27 03:45:26,
46826,fdd_ita.1_2026-01-12_Juventus_Cremonese,ita.1,,,Juventus,Cremonese,2026-01-12,5,0,FT,H,,,2026-07-27 03:45:26,
46827,fdd_ita.1_2026-01-14_Napoli_Parma,ita.1,,,Napoli,Parma,2026-01-14,0,0,FT,D,,,2026-07-27 03:45:26,
46828,fdd_ita.1_2026-01-15_Hellas_Ver_Bologna,ita.1,,,Hellas Verona,Bologna,2026-01-15,2,3,FT,A,,,2026-07-27 03:45:26,
46829,fdd_ita.1_2026-01-16_Pisa_Atalanta,ita.1,,,Pisa,Atalanta,2026-01-16,1,1,FT,D,,,2026-07-27 03:45:26,
46830,fdd_ita.1_2026-01-17_Napoli_Sassuolo,ita.1,,,Napoli,Sassuolo,2026-01-17,1,0,FT,H,,,2026-07-27 03:45:26,
46831,fdd_ita.1_2026-01-17_Cagliari_Juventus,ita.1,,,Cagliari,Juventus,2026-01-17,1,0,FT,H,,,2026-07-27 03:45:26,
46832,fdd_ita.1_2026-01-18_Parma_Genoa,ita.1,,,Parma,Genoa,2026-01-18,0,0,FT,D,,,2026-07-27 03:45:26,
46833,fdd_ita.1_2026-01-18_Bologna_Fiorentina,ita.1,,,Bologna,Fiorentina,2026-01-18,1,2,FT,A,,,2026-07-27 03:45:26,
46834,fdd_ita.1_2026-01-18_Torino_AS_Roma,ita.1,,,Torino,AS Roma,2026-01-18,0,2,FT,A,,,2026-07-27 03:45:26,
46835,fdd_ita.1_2026-01-18_AC_Milan_Lecce,ita.1,,,AC Milan,Lecce,2026-01-18,1,0,FT,H,,,2026-07-27 03:45:26,
46836,fdd_ita.1_2026-01-19_Cremonese_Hellas_Ver,ita.1,,,Cremonese,Hellas Verona,2026-01-19,0,0,FT,D,,,2026-07-27 03:45:26,
46837,fdd_ita.1_2026-01-24_Fiorentina_Cagliari,ita.1,,,Fiorentina,Cagliari,2026-01-24,1,2,FT,A,,,2026-07-27 03:45:26,
46838,fdd_ita.1_2026-01-24_Lecce_Lazio,ita.1,,,Lecce,Lazio,2026-01-24,0,0,FT,D,,,2026-07-27 03:45:26,
46839,fdd_ita.1_2026-01-25_Sassuolo_Cremonese,ita.1,,,Sassuolo,Cremonese,2026-01-25,1,0,FT,H,,,2026-07-27 03:45:26,
46840,fdd_ita.1_2026-01-25_Atalanta_Parma,ita.1,,,Atalanta,Parma,2026-01-25,4,0,FT,H,,,2026-07-27 03:45:26,
46841,fdd_ita.1_2026-01-25_Genoa_Bologna,ita.1,,,Genoa,Bologna,2026-01-25,3,2,FT,H,,,2026-07-27 03:45:26,
46842,fdd_ita.1_2026-01-25_Juventus_Napoli,ita.1,,,Juventus,Napoli,2026-01-25,3,0,FT,H,,,2026-07-27 03:45:26,
46843,fdd_ita.1_2026-01-25_AS_Roma_AC_Milan,ita.1,,,AS Roma,AC Milan,2026-01-25,1,1,FT,D,,,2026-07-27 03:45:26,
46844,fdd_ita.1_2026-01-26_Hellas_Ver_Udinese,ita.1,,,Hellas Verona,Udinese,2026-01-26,1,3,FT,A,,,2026-07-27 03:45:26,
46845,fdd_ita.1_2026-01-30_Lazio_Genoa,ita.1,,,Lazio,Genoa,2026-01-30,3,2,FT,H,,,2026-07-27 03:45:26,
46846,fdd_ita.1_2026-01-31_Pisa_Sassuolo,ita.1,,,Pisa,Sassuolo,2026-01-31,1,3,FT,A,,,2026-07-27 03:45:26,
46847,fdd_ita.1_2026-01-31_Napoli_Fiorentina,ita.1,,,Napoli,Fiorentina,2026-01-31,2,1,FT,H,,,2026-07-27 03:45:26,
46848,fdd_ita.1_2026-01-31_Cagliari_Hellas_Ver,ita.1,,,Cagliari,Hellas Verona,2026-01-31,4,0,FT,H,,,2026-07-27 03:45:26,
46849,fdd_ita.1_2026-02-01_Torino_Lecce,ita.1,,,Torino,Lecce,2026-02-01,1,0,FT,H,,,2026-07-27 03:45:26,
46850,fdd_ita.1_2026-02-01_Parma_Juventus,ita.1,,,Parma,Juventus,2026-02-01,1,4,FT,A,,,2026-07-27 03:45:26,
46851,fdd_ita.1_2026-02-02_Udinese_AS_Roma,ita.1,,,Udinese,AS Roma,2026-02-02,1,0,FT,H,,,2026-07-27 03:45:26,
46852,fdd_ita.1_2026-02-03_Bologna_AC_Milan,ita.1,,,Bologna,AC Milan,2026-02-03,0,3,FT,A,,,2026-07-27 03:45:26,
46853,fdd_ita.1_2026-02-06_Hellas_Ver_Pisa,ita.1,,,Hellas Verona,Pisa,2026-02-06,0,0,FT,D,,,2026-07-27 03:45:26,
46854,fdd_ita.1_2026-02-07_Genoa_Napoli,ita.1,,,Genoa,Napoli,2026-02-07,2,3,FT,A,,,2026-07-27 03:45:26,
46855,fdd_ita.1_2026-02-07_Fiorentina_Torino,ita.1,,,Fiorentina,Torino,2026-02-07,2,2,FT,D,,,2026-07-27 03:45:26,
46856,fdd_ita.1_2026-02-08_Bologna_Parma,ita.1,,,Bologna,Parma,2026-02-08,0,1,FT,A,,,2026-07-27 03:45:26,
46857,fdd_ita.1_2026-02-08_Lecce_Udinese,ita.1,,,Lecce,Udinese,2026-02-08,2,1,FT,H,,,2026-07-27 03:45:26,
46858,fdd_ita.1_2026-02-08_Juventus_Lazio,ita.1,,,Juventus,Lazio,2026-02-08,2,2,FT,D,,,2026-07-27 03:45:26,
46859,fdd_ita.1_2026-02-09_Atalanta_Cremonese,ita.1,,,Atalanta,Cremonese,2026-02-09,2,1,FT,H,,,2026-07-27 03:45:26,
46860,fdd_ita.1_2026-02-09_AS_Roma_Cagliari,ita.1,,,AS Roma,Cagliari,2026-02-09,2,0,FT,H,,,2026-07-27 03:45:26,
46861,fdd_ita.1_2026-02-13_Pisa_AC_Milan,ita.1,,,Pisa,AC Milan,2026-02-13,1,2,FT,A,,,2026-07-27 03:45:26,
46862,fdd_ita.1_2026-02-14_Lazio_Atalanta,ita.1,,,Lazio,Atalanta,2026-02-14,0,2,FT,A,,,2026-07-27 03:45:26,
46863,fdd_ita.1_2026-02-15_Udinese_Sassuolo,ita.1,,,Udinese,Sassuolo,2026-02-15,1,2,FT,A,,,2026-07-27 03:45:26,
46864,fdd_ita.1_2026-02-15_Cremonese_Genoa,ita.1,,,Cremonese,Genoa,2026-02-15,0,0,FT,D,,,2026-07-27 03:45:26,
46865,fdd_ita.1_2026-02-15_Parma_Hellas_Ver,ita.1,,,Parma,Hellas Verona,2026-02-15,2,1,FT,H,,,2026-07-27 03:45:26,
46866,fdd_ita.1_2026-02-15_Torino_Bologna,ita.1,,,Torino,Bologna,2026-02-15,1,2,FT,A,,,2026-07-27 03:45:26,
46867,fdd_ita.1_2026-02-15_Napoli_AS_Roma,ita.1,,,Napoli,AS Roma,2026-02-15,2,2,FT,D,,,2026-07-27 03:45:26,
46868,fdd_ita.1_2026-02-16_Cagliari_Lecce,ita.1,,,Cagliari,Lecce,2026-02-16,0,2,FT,A,,,2026-07-27 03:45:26,
46869,fdd_ita.1_2026-02-20_Sassuolo_Hellas_Ver,ita.1,,,Sassuolo,Hellas Verona,2026-02-20,3,0,FT,H,,,2026-07-27 03:45:26,
46870,fdd_ita.1_2026-02-21_Cagliari_Lazio,ita.1,,,Cagliari,Lazio,2026-02-21,0,0,FT,D,,,2026-07-27 03:45:26,
46871,fdd_ita.1_2026-02-22_Genoa_Torino,ita.1,,,Genoa,Torino,2026-02-22,3,0,FT,H,,,2026-07-27 03:45:26,
46872,fdd_ita.1_2026-02-22_Atalanta_Napoli,ita.1,,,Atalanta,Napoli,2026-02-22,2,1,FT,H,,,2026-07-27 03:45:26,
46873,fdd_ita.1_2026-02-22_AC_Milan_Parma,ita.1,,,AC Milan,Parma,2026-02-22,0,1,FT,A,,,2026-07-27 03:45:26,
46874,fdd_ita.1_2026-02-22_AS_Roma_Cremonese,ita.1,,,AS Roma,Cremonese,2026-02-22,3,0,FT,H,,,2026-07-27 03:45:26,
46875,fdd_ita.1_2026-02-23_Fiorentina_Pisa,ita.1,,,Fiorentina,Pisa,2026-02-23,1,0,FT,H,,,2026-07-27 03:45:26,
46876,fdd_ita.1_2026-02-23_Bologna_Udinese,ita.1,,,Bologna,Udinese,2026-02-23,1,0,FT,H,,,2026-07-27 03:45:26,
46877,fdd_ita.1_2026-02-27_Parma_Cagliari,ita.1,,,Parma,Cagliari,2026-02-27,1,1,FT,D,,,2026-07-27 03:45:26,
46878,fdd_ita.1_2026-02-28_Hellas_Ver_Napoli,ita.1,,,Hellas Verona,Napoli,2026-02-28,1,2,FT,A,,,2026-07-27 03:45:26,
46879,fdd_ita.1_2026-03-01_Cremonese_AC_Milan,ita.1,,,Cremonese,AC Milan,2026-03-01,0,2,FT,A,,,2026-07-27 03:45:26,
46880,fdd_ita.1_2026-03-01_Sassuolo_Atalanta,ita.1,,,Sassuolo,Atalanta,2026-03-01,2,1,FT,H,,,2026-07-27 03:45:26,
46881,fdd_ita.1_2026-03-01_Torino_Lazio,ita.1,,,Torino,Lazio,2026-03-01,2,0,FT,H,,,2026-07-27 03:45:26,
46882,fdd_ita.1_2026-03-01_AS_Roma_Juventus,ita.1,,,AS Roma,Juventus,2026-03-01,3,3,FT,D,,,2026-07-27 03:45:26,
46883,fdd_ita.1_2026-03-02_Pisa_Bologna,ita.1,,,Pisa,Bologna,2026-03-02,0,1,FT,A,,,2026-07-27 03:45:26,
46884,fdd_ita.1_2026-03-02_Udinese_Fiorentina,ita.1,,,Udinese,Fiorentina,2026-03-02,3,0,FT,H,,,2026-07-27 03:45:26,
46885,fdd_ita.1_2026-03-06_Napoli_Torino,ita.1,,,Napoli,Torino,2026-03-06,2,1,FT,H,,,2026-07-27 03:45:26,
46886,fdd_ita.1_2026-03-07_Atalanta_Udinese,ita.1,,,Atalanta,Udinese,2026-03-07,2,2,FT,D,,,2026-07-27 03:45:26,
46887,fdd_ita.1_2026-03-07_Juventus_Pisa,ita.1,,,Juventus,Pisa,2026-03-07,4,0,FT,H,,,2026-07-27 03:45:26,
46888,fdd_ita.1_2026-03-08_Lecce_Cremonese,ita.1,,,Lecce,Cremonese,2026-03-08,2,1,FT,H,,,2026-07-27 03:45:26,
46889,fdd_ita.1_2026-03-08_Bologna_Hellas_Ver,ita.1,,,Bologna,Hellas Verona,2026-03-08,1,2,FT,A,,,2026-07-27 03:45:26,
46890,fdd_ita.1_2026-03-08_Fiorentina_Parma,ita.1,,,Fiorentina,Parma,2026-03-08,0,0,FT,D,,,2026-07-27 03:45:26,
46891,fdd_ita.1_2026-03-08_Genoa_AS_Roma,ita.1,,,Genoa,AS Roma,2026-03-08,2,1,FT,H,,,2026-07-27 03:45:26,
46892,fdd_ita.1_2026-03-09_Lazio_Sassuolo,ita.1,,,Lazio,Sassuolo,2026-03-09,2,1,FT,H,,,2026-07-27 03:45:26,
46893,fdd_ita.1_2026-03-13_Torino_Parma,ita.1,,,Torino,Parma,2026-03-13,4,1,FT,H,,,2026-07-27 03:45:26,
46894,fdd_ita.1_2026-03-14_Napoli_Lecce,ita.1,,,Napoli,Lecce,2026-03-14,2,1,FT,H,,,2026-07-27 03:45:26,
46895,fdd_ita.1_2026-03-14_Udinese_Juventus,ita.1,,,Udinese,Juventus,2026-03-14,0,1,FT,A,,,2026-07-27 03:45:26,
46896,fdd_ita.1_2026-03-15_Hellas_Ver_Genoa,ita.1,,,Hellas Verona,Genoa,2026-03-15,0,2,FT,A,,,2026-07-27 03:45:26,
46897,fdd_ita.1_2026-03-15_Pisa_Cagliari,ita.1,,,Pisa,Cagliari,2026-03-15,3,1,FT,H,,,2026-07-27 03:45:26,
46898,fdd_ita.1_2026-03-15_Sassuolo_Bologna,ita.1,,,Sassuolo,Bologna,2026-03-15,0,1,FT,A,,,2026-07-27 03:45:26,
46899,fdd_ita.1_2026-03-15_Lazio_AC_Milan,ita.1,,,Lazio,AC Milan,2026-03-15,1,0,FT,H,,,2026-07-27 03:45:26,
46900,fdd_ita.1_2026-03-16_Cremonese_Fiorentina,ita.1,,,Cremonese,Fiorentina,2026-03-16,1,4,FT,A,,,2026-07-27 03:45:26,
46901,fdd_ita.1_2026-03-20_Cagliari_Napoli,ita.1,,,Cagliari,Napoli,2026-03-20,0,1,FT,A,,,2026-07-27 03:45:26,
46902,fdd_ita.1_2026-03-20_Genoa_Udinese,ita.1,,,Genoa,Udinese,2026-03-20,0,2,FT,A,,,2026-07-27 03:45:26,
46903,fdd_ita.1_2026-03-21_Parma_Cremonese,ita.1,,,Parma,Cremonese,2026-03-21,0,2,FT,A,,,2026-07-27 03:45:26,
46904,fdd_ita.1_2026-03-21_AC_Milan_Torino,ita.1,,,AC Milan,Torino,2026-03-21,3,2,FT,H,,,2026-07-27 03:45:26,
46905,fdd_ita.1_2026-03-21_Juventus_Sassuolo,ita.1,,,Juventus,Sassuolo,2026-03-21,1,1,FT,D,,,2026-07-27 03:45:26,
46906,fdd_ita.1_2026-03-22_Atalanta_Hellas_Ver,ita.1,,,Atalanta,Hellas Verona,2026-03-22,1,0,FT,H,,,2026-07-27 03:45:26,
46907,fdd_ita.1_2026-03-22_Bologna_Lazio,ita.1,,,Bologna,Lazio,2026-03-22,0,2,FT,A,,,2026-07-27 03:45:26,
46908,fdd_ita.1_2026-03-22_AS_Roma_Lecce,ita.1,,,AS Roma,Lecce,2026-03-22,1,0,FT,H,,,2026-07-27 03:45:26,
46909,fdd_ita.1_2026-04-04_Sassuolo_Cagliari,ita.1,,,Sassuolo,Cagliari,2026-04-04,2,1,FT,H,,,2026-07-27 03:45:26,
46910,fdd_ita.1_2026-04-04_Hellas_Ver_Fiorentina,ita.1,,,Hellas Verona,Fiorentina,2026-04-04,0,1,FT,A,,,2026-07-27 03:45:26,
46911,fdd_ita.1_2026-04-04_Lazio_Parma,ita.1,,,Lazio,Parma,2026-04-04,1,1,FT,D,,,2026-07-27 03:45:26,
46912,fdd_ita.1_2026-04-05_Cremonese_Bologna,ita.1,,,Cremonese,Bologna,2026-04-05,1,2,FT,A,,,2026-07-27 03:45:26,
46913,fdd_ita.1_2026-04-05_Pisa_Torino,ita.1,,,Pisa,Torino,2026-04-05,0,1,FT,A,,,2026-07-27 03:45:26,
46914,fdd_ita.1_2026-04-06_Lecce_Atalanta,ita.1,,,Lecce,Atalanta,2026-04-06,0,3,FT,A,,,2026-07-27 03:45:26,
46915,fdd_ita.1_2026-04-06_Juventus_Genoa,ita.1,,,Juventus,Genoa,2026-04-06,2,0,FT,H,,,2026-07-27 03:45:26,
46916,fdd_ita.1_2026-04-06_Napoli_AC_Milan,ita.1,,,Napoli,AC Milan,2026-04-06,1,0,FT,H,,,2026-07-27 03:45:26,
46917,fdd_ita.1_2026-04-10_AS_Roma_Pisa,ita.1,,,AS Roma,Pisa,2026-04-10,3,0,FT,H,,,2026-07-27 03:45:26,
46918,fdd_ita.1_2026-04-11_Cagliari_Cremonese,ita.1,,,Cagliari,Cremonese,2026-04-11,1,0,FT,H,,,2026-07-27 03:45:26,
46919,fdd_ita.1_2026-04-11_Torino_Hellas_Ver,ita.1,,,Torino,Hellas Verona,2026-04-11,2,1,FT,H,,,2026-07-27 03:45:26,
46920,fdd_ita.1_2026-04-11_AC_Milan_Udinese,ita.1,,,AC Milan,Udinese,2026-04-11,0,3,FT,A,,,2026-07-27 03:45:26,
46921,fdd_ita.1_2026-04-11_Atalanta_Juventus,ita.1,,,Atalanta,Juventus,2026-04-11,0,1,FT,A,,,2026-07-27 03:45:26,
46922,fdd_ita.1_2026-04-12_Genoa_Sassuolo,ita.1,,,Genoa,Sassuolo,2026-04-12,2,1,FT,H,,,2026-07-27 03:45:26,
46923,fdd_ita.1_2026-04-12_Parma_Napoli,ita.1,,,Parma,Napoli,2026-04-12,1,1,FT,D,,,2026-07-27 03:45:26,
46924,fdd_ita.1_2026-04-12_Bologna_Lecce,ita.1,,,Bologna,Lecce,2026-04-12,2,0,FT,H,,,2026-07-27 03:45:26,
46925,fdd_ita.1_2026-04-13_Fiorentina_Lazio,ita.1,,,Fiorentina,Lazio,2026-04-13,1,0,FT,H,,,2026-07-27 03:45:26,
46926,fdd_ita.1_2026-04-18_Udinese_Parma,ita.1,,,Udinese,Parma,2026-04-18,0,1,FT,A,,,2026-07-27 03:45:26,
46927,fdd_ita.1_2026-04-18_Napoli_Lazio,ita.1,,,Napoli,Lazio,2026-04-18,0,2,FT,A,,,2026-07-27 03:45:26,
46928,fdd_ita.1_2026-04-18_AS_Roma_Atalanta,ita.1,,,AS Roma,Atalanta,2026-04-18,1,1,FT,D,,,2026-07-27 03:45:26,
46929,fdd_ita.1_2026-04-19_Cremonese_Torino,ita.1,,,Cremonese,Torino,2026-04-19,0,0,FT,D,,,2026-07-27 03:45:26,
46930,fdd_ita.1_2026-04-19_Hellas_Ver_AC_Milan,ita.1,,,Hellas Verona,AC Milan,2026-04-19,0,1,FT,A,,,2026-07-27 03:45:26,
46931,fdd_ita.1_2026-04-19_Pisa_Genoa,ita.1,,,Pisa,Genoa,2026-04-19,1,2,FT,A,,,2026-07-27 03:45:26,
46932,fdd_ita.1_2026-04-19_Juventus_Bologna,ita.1,,,Juventus,Bologna,2026-04-19,2,0,FT,H,,,2026-07-27 03:45:26,
46933,fdd_ita.1_2026-04-20_Lecce_Fiorentina,ita.1,,,Lecce,Fiorentina,2026-04-20,1,1,FT,D,,,2026-07-27 03:45:26,
46934,fdd_ita.1_2026-04-24_Napoli_Cremonese,ita.1,,,Napoli,Cremonese,2026-04-24,4,0,FT,H,,,2026-07-27 03:45:26,
46935,fdd_ita.1_2026-04-25_Parma_Pisa,ita.1,,,Parma,Pisa,2026-04-25,1,0,FT,H,,,2026-07-27 03:45:26,
46936,fdd_ita.1_2026-04-25_Bologna_AS_Roma,ita.1,,,Bologna,AS Roma,2026-04-25,0,2,FT,A,,,2026-07-27 03:45:26,
46937,fdd_ita.1_2026-04-25_Hellas_Ver_Lecce,ita.1,,,Hellas Verona,Lecce,2026-04-25,0,0,FT,D,,,2026-07-27 03:45:26,
46938,fdd_ita.1_2026-04-26_Fiorentina_Sassuolo,ita.1,,,Fiorentina,Sassuolo,2026-04-26,0,0,FT,D,,,2026-07-27 03:45:26,
46939,fdd_ita.1_2026-04-26_AC_Milan_Juventus,ita.1,,,AC Milan,Juventus,2026-04-26,0,0,FT,D,,,2026-07-27 03:45:26,
46940,fdd_ita.1_2026-04-27_Cagliari_Atalanta,ita.1,,,Cagliari,Atalanta,2026-04-27,3,2,FT,H,,,2026-07-27 03:45:26,
46941,fdd_ita.1_2026-04-27_Lazio_Udinese,ita.1,,,Lazio,Udinese,2026-04-27,3,3,FT,D,,,2026-07-27 03:45:26,
46942,fdd_ita.1_2026-05-01_Pisa_Lecce,ita.1,,,Pisa,Lecce,2026-05-01,1,2,FT,A,,,2026-07-27 03:45:26,
46943,fdd_ita.1_2026-05-02_Udinese_Torino,ita.1,,,Udinese,Torino,2026-05-02,2,0,FT,H,,,2026-07-27 03:45:26,
46944,fdd_ita.1_2026-05-02_Atalanta_Genoa,ita.1,,,Atalanta,Genoa,2026-05-02,0,0,FT,D,,,2026-07-27 03:45:26,
46945,fdd_ita.1_2026-05-03_Bologna_Cagliari,ita.1,,,Bologna,Cagliari,2026-05-03,0,0,FT,D,,,2026-07-27 03:45:26,
46946,fdd_ita.1_2026-05-03_Sassuolo_AC_Milan,ita.1,,,Sassuolo,AC Milan,2026-05-03,2,0,FT,H,,,2026-07-27 03:45:26,
46947,fdd_ita.1_2026-05-03_Juventus_Hellas_Ver,ita.1,,,Juventus,Hellas Verona,2026-05-03,1,1,FT,D,,,2026-07-27 03:45:26,
46948,fdd_ita.1_2026-05-04_Cremonese_Lazio,ita.1,,,Cremonese,Lazio,2026-05-04,1,2,FT,A,,,2026-07-27 03:45:26,
46949,fdd_ita.1_2026-05-04_AS_Roma_Fiorentina,ita.1,,,AS Roma,Fiorentina,2026-05-04,4,0,FT,H,,,2026-07-27 03:45:26,
46950,fdd_ita.1_2026-05-08_Torino_Sassuolo,ita.1,,,Torino,Sassuolo,2026-05-08,2,1,FT,H,,,2026-07-27 03:45:26,
46951,fdd_ita.1_2026-05-09_Cagliari_Udinese,ita.1,,,Cagliari,Udinese,2026-05-09,0,2,FT,A,,,2026-07-27 03:45:26,
46952,fdd_ita.1_2026-05-09_Lecce_Juventus,ita.1,,,Lecce,Juventus,2026-05-09,0,1,FT,A,,,2026-07-27 03:45:26,
46953,fdd_ita.1_2026-05-10_Cremonese_Pisa,ita.1,,,Cremonese,Pisa,2026-05-10,3,0,FT,H,,,2026-07-27 03:45:26,
46954,fdd_ita.1_2026-05-10_Fiorentina_Genoa,ita.1,,,Fiorentina,Genoa,2026-05-10,0,0,FT,D,,,2026-07-27 03:45:26,
46955,fdd_ita.1_2026-05-10_Parma_AS_Roma,ita.1,,,Parma,AS Roma,2026-05-10,2,3,FT,A,,,2026-07-27 03:45:26,
46956,fdd_ita.1_2026-05-10_AC_Milan_Atalanta,ita.1,,,AC Milan,Atalanta,2026-05-10,2,3,FT,A,,,2026-07-27 03:45:26,
46957,fdd_ita.1_2026-05-11_Napoli_Bologna,ita.1,,,Napoli,Bologna,2026-05-11,2,3,FT,A,,,2026-07-27 03:45:26,
46958,fdd_ita.1_2026-05-17_Genoa_AC_Milan,ita.1,,,Genoa,AC Milan,2026-05-17,1,2,FT,A,,,2026-07-27 03:45:26,
46959,fdd_ita.1_2026-05-17_Juventus_Fiorentina,ita.1,,,Juventus,Fiorentina,2026-05-17,0,2,FT,A,,,2026-07-27 03:45:26,
46960,fdd_ita.1_2026-05-17_Pisa_Napoli,ita.1,,,Pisa,Napoli,2026-05-17,0,3,FT,A,,,2026-07-27 03:45:26,
46961,fdd_ita.1_2026-05-17_AS_Roma_Lazio,ita.1,,,AS Roma,Lazio,2026-05-17,2,0,FT,H,,,2026-07-27 03:45:26,
46962,fdd_ita.1_2026-05-17_Atalanta_Bologna,ita.1,,,Atalanta,Bologna,2026-05-17,0,1,FT,A,,,2026-07-27 03:45:26,
46963,fdd_ita.1_2026-05-17_Cagliari_Torino,ita.1,,,Cagliari,Torino,2026-05-17,2,1,FT,H,,,2026-07-27 03:45:26,
46964,fdd_ita.1_2026-05-17_Sassuolo_Lecce,ita.1,,,Sassuolo,Lecce,2026-05-17,2,3,FT,A,,,2026-07-27 03:45:26,
46965,fdd_ita.1_2026-05-17_Udinese_Cremonese,ita.1,,,Udinese,Cremonese,2026-05-17,0,1,FT,A,,,2026-07-27 03:45:26,
46966,fdd_ita.1_2026-05-22_Fiorentina_Atalanta,ita.1,,,Fiorentina,Atalanta,2026-05-22,1,1,FT,D,,,2026-07-27 03:45:26,
46967,fdd_ita.1_2026-05-23_Lazio_Pisa,ita.1,,,Lazio,Pisa,2026-05-23,2,1,FT,H,,,2026-07-27 03:45:26,
46968,fdd_ita.1_2026-05-24_Parma_Sassuolo,ita.1,,,Parma,Sassuolo,2026-05-24,1,0,FT,H,,,2026-07-27 03:45:26,
46969,fdd_ita.1_2026-05-24_Napoli_Udinese,ita.1,,,Napoli,Udinese,2026-05-24,1,0,FT,H,,,2026-07-27 03:45:26,
46970,fdd_ita.1_2026-05-24_Lecce_Genoa,ita.1,,,Lecce,Genoa,2026-05-24,1,0,FT,H,,,2026-07-27 03:45:26,
46971,fdd_ita.1_2026-05-24_AC_Milan_Cagliari,ita.1,,,AC Milan,Cagliari,2026-05-24,1,2,FT,A,,,2026-07-27 03:45:26,
46972,fdd_ita.1_2026-05-24_Torino_Juventus,ita.1,,,Torino,Juventus,2026-05-24,2,2,FT,D,,,2026-07-27 03:45:26,
46973,fdd_ita.1_2026-05-24_Hellas_Ver_AS_Roma,ita.1,,,Hellas Verona,AS Roma,2026-05-24,0,2,FT,A,,,2026-07-27 03:45:26,
46974,fdd_ger.1_2025-08-22_Bayern_Mun_RB_Leipzig,ger.1,,,Bayern Munich,RB Leipzig,2025-08-22,6,0,FT,H,,,2026-07-27 03:45:26,
46975,fdd_ger.1_2025-08-23_Eintracht__Werder_Bre,ger.1,,,Eintracht Frankfurt,Werder Bremen,2025-08-23,4,1,FT,H,,,2026-07-27 03:45:26,
46976,fdd_ger.1_2025-08-23_SC_Freibur_FC_Augsbur,ger.1,,,SC Freiburg,FC Augsburg,2025-08-23,1,3,FT,A,,,2026-07-27 03:45:26,
46977,fdd_ger.1_2025-08-23_1._FC_Unio_VfB_Stuttg,ger.1,,,1. FC Union Berlin,VfB Stuttgart,2025-08-23,2,1,FT,H,,,2026-07-27 03:45:26,
46978,fdd_ger.1_2025-08-30_VfB_Stuttg_Borussia_M,ger.1,,,VfB Stuttgart,Borussia Mönchengladbach,2025-08-30,1,0,FT,H,,,2026-07-27 03:45:26,
46979,fdd_ger.1_2025-08-30_Werder_Bre_Bayer_Leve,ger.1,,,Werder Bremen,Bayer Leverkusen,2025-08-30,3,3,FT,D,,,2026-07-27 03:45:26,
46980,fdd_ger.1_2025-08-30_FC_Augsbur_Bayern_Mun,ger.1,,,FC Augsburg,Bayern Munich,2025-08-30,2,3,FT,A,,,2026-07-27 03:45:26,
46981,fdd_ger.1_2025-08-31_Borussia_D_1._FC_Unio,ger.1,,,Borussia Dortmund,1. FC Union Berlin,2025-08-31,3,0,FT,H,,,2026-07-27 03:45:26,
46982,fdd_ger.1_2025-09-12_Bayer_Leve_Eintracht_,ger.1,,,Bayer Leverkusen,Eintracht Frankfurt,2025-09-12,3,1,FT,H,,,2026-07-27 03:45:26,
46983,fdd_ger.1_2025-09-13_SC_Freibur_VfB_Stuttg,ger.1,,,SC Freiburg,VfB Stuttgart,2025-09-13,3,1,FT,H,,,2026-07-27 03:45:26,
46984,fdd_ger.1_2025-09-14_Borussia_M_Werder_Bre,ger.1,,,Borussia Mönchengladbach,Werder Bremen,2025-09-14,0,4,FT,A,,,2026-07-27 03:45:26,
46985,fdd_ger.1_2025-09-20_Werder_Bre_SC_Freibur,ger.1,,,Werder Bremen,SC Freiburg,2025-09-20,0,3,FT,A,,,2026-07-27 03:45:26,
46986,fdd_ger.1_2025-09-21_Eintracht__1._FC_Unio,ger.1,,,Eintracht Frankfurt,1. FC Union Berlin,2025-09-21,3,4,FT,A,,,2026-07-27 03:45:26,
46987,fdd_ger.1_2025-09-21_Bayer_Leve_Borussia_M,ger.1,,,Bayer Leverkusen,Borussia Mönchengladbach,2025-09-21,1,1,FT,D,,,2026-07-27 03:45:26,
46988,fdd_ger.1_2025-09-21_Borussia_D_VfL_Wolfsb,ger.1,,,Borussia Dortmund,VfL Wolfsburg,2025-09-21,1,0,FT,H,,,2026-07-27 03:45:26,
46989,fdd_ger.1_2025-09-26_Bayern_Mun_Werder_Bre,ger.1,,,Bayern Munich,Werder Bremen,2025-09-26,4,0,FT,H,,,2026-07-27 03:45:26,
46990,fdd_ger.1_2025-09-27_VfL_Wolfsb_RB_Leipzig,ger.1,,,VfL Wolfsburg,RB Leipzig,2025-09-27,0,1,FT,A,,,2026-07-27 03:45:26,
46991,fdd_ger.1_2025-09-27_Borussia_M_Eintracht_,ger.1,,,Borussia Mönchengladbach,Eintracht Frankfurt,2025-09-27,4,6,FT,A,,,2026-07-27 03:45:26,
46992,fdd_ger.1_2025-10-04_FC_Augsbur_VfL_Wolfsb,ger.1,,,FC Augsburg,VfL Wolfsburg,2025-10-04,3,1,FT,H,,,2026-07-27 03:45:26,
46993,fdd_ger.1_2025-10-04_Borussia_D_RB_Leipzig,ger.1,,,Borussia Dortmund,RB Leipzig,2025-10-04,1,1,FT,D,,,2026-07-27 03:45:26,
46994,fdd_ger.1_2025-10-04_Bayer_Leve_1._FC_Unio,ger.1,,,Bayer Leverkusen,1. FC Union Berlin,2025-10-04,2,0,FT,H,,,2026-07-27 03:45:26,
46995,fdd_ger.1_2025-10-04_Eintracht__Bayern_Mun,ger.1,,,Eintracht Frankfurt,Bayern Munich,2025-10-04,0,3,FT,A,,,2026-07-27 03:45:26,
46996,fdd_ger.1_2025-10-05_Borussia_M_SC_Freibur,ger.1,,,Borussia Mönchengladbach,SC Freiburg,2025-10-05,0,0,FT,D,,,2026-07-27 03:45:26,
46997,fdd_ger.1_2025-10-17_1._FC_Unio_Borussia_M,ger.1,,,1. FC Union Berlin,Borussia Mönchengladbach,2025-10-17,3,1,FT,H,,,2026-07-27 03:45:26,
46998,fdd_ger.1_2025-10-18_VfL_Wolfsb_VfB_Stuttg,ger.1,,,VfL Wolfsburg,VfB Stuttgart,2025-10-18,0,3,FT,A,,,2026-07-27 03:45:26,
46999,fdd_ger.1_2025-10-18_Bayern_Mun_Borussia_D,ger.1,,,Bayern Munich,Borussia Dortmund,2025-10-18,2,1,FT,H,,,2026-07-27 03:45:26,
47000,fdd_ger.1_2025-10-19_SC_Freibur_Eintracht_,ger.1,,,SC Freiburg,Eintracht Frankfurt,2025-10-19,2,2,FT,D,,,2026-07-27 03:45:26,
47001,fdd_ger.1_2025-10-24_Werder_Bre_1._FC_Unio,ger.1,,,Werder Bremen,1. FC Union Berlin,2025-10-24,1,0,FT,H,,,2026-07-27 03:45:26,
47002,fdd_ger.1_2025-10-25_FC_Augsbur_RB_Leipzig,ger.1,,,FC Augsburg,RB Leipzig,2025-10-25,0,6,FT,A,,,2026-07-27 03:45:26,
47003,fdd_ger.1_2025-10-25_Borussia_M_Bayern_Mun,ger.1,,,Borussia Mönchengladbach,Bayern Munich,2025-10-25,0,3,FT,A,,,2026-07-27 03:45:26,
47004,fdd_ger.1_2025-10-26_Bayer_Leve_SC_Freibur,ger.1,,,Bayer Leverkusen,SC Freiburg,2025-10-26,2,0,FT,H,,,2026-07-27 03:45:26,
47005,fdd_ger.1_2025-10-31_FC_Augsbur_Borussia_D,ger.1,,,FC Augsburg,Borussia Dortmund,2025-10-31,0,1,FT,A,,,2026-07-27 03:45:26,
47006,fdd_ger.1_2025-11-01_RB_Leipzig_VfB_Stuttg,ger.1,,,RB Leipzig,VfB Stuttgart,2025-11-01,3,1,FT,H,,,2026-07-27 03:45:26,
47007,fdd_ger.1_2025-11-01_1._FC_Unio_SC_Freibur,ger.1,,,1. FC Union Berlin,SC Freiburg,2025-11-01,0,0,FT,D,,,2026-07-27 03:45:26,
47008,fdd_ger.1_2025-11-01_Bayern_Mun_Bayer_Leve,ger.1,,,Bayern Munich,Bayer Leverkusen,2025-11-01,3,0,FT,H,,,2026-07-27 03:45:26,
47009,fdd_ger.1_2025-11-07_Werder_Bre_VfL_Wolfsb,ger.1,,,Werder Bremen,VfL Wolfsburg,2025-11-07,2,1,FT,H,,,2026-07-27 03:45:26,
47010,fdd_ger.1_2025-11-08_1._FC_Unio_Bayern_Mun,ger.1,,,1. FC Union Berlin,Bayern Munich,2025-11-08,2,2,FT,D,,,2026-07-27 03:45:26,
47011,fdd_ger.1_2025-11-09_VfB_Stuttg_FC_Augsbur,ger.1,,,VfB Stuttgart,FC Augsburg,2025-11-09,3,2,FT,H,,,2026-07-27 03:45:26,
47012,fdd_ger.1_2025-11-22_Bayern_Mun_SC_Freibur,ger.1,,,Bayern Munich,SC Freiburg,2025-11-22,6,2,FT,H,,,2026-07-27 03:45:26,
47013,fdd_ger.1_2025-11-22_Borussia_D_VfB_Stuttg,ger.1,,,Borussia Dortmund,VfB Stuttgart,2025-11-22,3,3,FT,D,,,2026-07-27 03:45:26,
47014,fdd_ger.1_2025-11-22_VfL_Wolfsb_Bayer_Leve,ger.1,,,VfL Wolfsburg,Bayer Leverkusen,2025-11-22,1,3,FT,A,,,2026-07-27 03:45:26,
47015,fdd_ger.1_2025-11-23_RB_Leipzig_Werder_Bre,ger.1,,,RB Leipzig,Werder Bremen,2025-11-23,2,0,FT,H,,,2026-07-27 03:45:26,
47016,fdd_ger.1_2025-11-28_Borussia_M_RB_Leipzig,ger.1,,,Borussia Mönchengladbach,RB Leipzig,2025-11-28,0,0,FT,D,,,2026-07-27 03:45:26,
47017,fdd_ger.1_2025-11-29_Bayer_Leve_Borussia_D,ger.1,,,Bayer Leverkusen,Borussia Dortmund,2025-11-29,1,2,FT,A,,,2026-07-27 03:45:26,
47018,fdd_ger.1_2025-11-30_Eintracht__VfL_Wolfsb,ger.1,,,Eintracht Frankfurt,VfL Wolfsburg,2025-11-30,1,1,FT,D,,,2026-07-27 03:45:26,
47019,fdd_ger.1_2025-12-06_FC_Augsbur_Bayer_Leve,ger.1,,,FC Augsburg,Bayer Leverkusen,2025-12-06,2,0,FT,H,,,2026-07-27 03:45:26,
47020,fdd_ger.1_2025-12-06_VfB_Stuttg_Bayern_Mun,ger.1,,,VfB Stuttgart,Bayern Munich,2025-12-06,0,5,FT,A,,,2026-07-27 03:45:26,
47021,fdd_ger.1_2025-12-06_VfL_Wolfsb_1._FC_Unio,ger.1,,,VfL Wolfsburg,1. FC Union Berlin,2025-12-06,3,1,FT,H,,,2026-07-27 03:45:26,
47022,fdd_ger.1_2025-12-06_RB_Leipzig_Eintracht_,ger.1,,,RB Leipzig,Eintracht Frankfurt,2025-12-06,6,0,FT,H,,,2026-07-27 03:45:26,
47023,fdd_ger.1_2025-12-12_1._FC_Unio_RB_Leipzig,ger.1,,,1. FC Union Berlin,RB Leipzig,2025-12-12,3,1,FT,H,,,2026-07-27 03:45:26,
47024,fdd_ger.1_2025-12-13_Eintracht__FC_Augsbur,ger.1,,,Eintracht Frankfurt,FC Augsburg,2025-12-13,1,0,FT,H,,,2026-07-27 03:45:26,
47025,fdd_ger.1_2025-12-13_Borussia_M_VfL_Wolfsb,ger.1,,,Borussia Mönchengladbach,VfL Wolfsburg,2025-12-13,1,3,FT,A,,,2026-07-27 03:45:26,
47026,fdd_ger.1_2025-12-14_SC_Freibur_Borussia_D,ger.1,,,SC Freiburg,Borussia Dortmund,2025-12-14,1,1,FT,D,,,2026-07-27 03:45:26,
47027,fdd_ger.1_2025-12-14_Werder_Bre_VfB_Stuttg,ger.1,,,Werder Bremen,VfB Stuttgart,2025-12-14,0,4,FT,A,,,2026-07-27 03:45:26,
47028,fdd_ger.1_2025-12-19_Borussia_D_Borussia_M,ger.1,,,Borussia Dortmund,Borussia Mönchengladbach,2025-12-19,2,0,FT,H,,,2026-07-27 03:45:26,
47029,fdd_ger.1_2025-12-20_FC_Augsbur_Werder_Bre,ger.1,,,FC Augsburg,Werder Bremen,2025-12-20,0,0,FT,D,,,2026-07-27 03:45:26,
47030,fdd_ger.1_2025-12-20_VfL_Wolfsb_SC_Freibur,ger.1,,,VfL Wolfsburg,SC Freiburg,2025-12-20,3,4,FT,A,,,2026-07-27 03:45:26,
47031,fdd_ger.1_2025-12-20_RB_Leipzig_Bayer_Leve,ger.1,,,RB Leipzig,Bayer Leverkusen,2025-12-20,1,3,FT,A,,,2026-07-27 03:45:26,
47032,fdd_ger.1_2026-01-09_Eintracht__Borussia_D,ger.1,,,Eintracht Frankfurt,Borussia Dortmund,2026-01-09,3,3,FT,D,,,2026-07-27 03:45:26,
47033,fdd_ger.1_2026-01-10_Bayer_Leve_VfB_Stuttg,ger.1,,,Bayer Leverkusen,VfB Stuttgart,2026-01-10,1,4,FT,A,,,2026-07-27 03:45:26,
47034,fdd_ger.1_2026-01-11_Borussia_M_FC_Augsbur,ger.1,,,Borussia Mönchengladbach,FC Augsburg,2026-01-11,4,0,FT,H,,,2026-07-27 03:45:26,
47035,fdd_ger.1_2026-01-11_Bayern_Mun_VfL_Wolfsb,ger.1,,,Bayern Munich,VfL Wolfsburg,2026-01-11,8,1,FT,H,,,2026-07-27 03:45:26,
47036,fdd_ger.1_2026-01-13_VfB_Stuttg_Eintracht_,ger.1,,,VfB Stuttgart,Eintracht Frankfurt,2026-01-13,3,2,FT,H,,,2026-07-27 03:45:26,
47037,fdd_ger.1_2026-01-13_Borussia_D_Werder_Bre,ger.1,,,Borussia Dortmund,Werder Bremen,2026-01-13,3,0,FT,H,,,2026-07-27 03:45:26,
47038,fdd_ger.1_2026-01-14_RB_Leipzig_SC_Freibur,ger.1,,,RB Leipzig,SC Freiburg,2026-01-14,2,0,FT,H,,,2026-07-27 03:45:26,
47039,fdd_ger.1_2026-01-15_FC_Augsbur_1._FC_Unio,ger.1,,,FC Augsburg,1. FC Union Berlin,2026-01-15,1,1,FT,D,,,2026-07-27 03:45:26,
47040,fdd_ger.1_2026-01-16_Werder_Bre_Eintracht_,ger.1,,,Werder Bremen,Eintracht Frankfurt,2026-01-16,3,3,FT,D,,,2026-07-27 03:45:26,
47041,fdd_ger.1_2026-01-17_RB_Leipzig_Bayern_Mun,ger.1,,,RB Leipzig,Bayern Munich,2026-01-17,1,5,FT,A,,,2026-07-27 03:45:26,
47042,fdd_ger.1_2026-01-18_VfB_Stuttg_1._FC_Unio,ger.1,,,VfB Stuttgart,1. FC Union Berlin,2026-01-18,1,1,FT,D,,,2026-07-27 03:45:26,
47043,fdd_ger.1_2026-01-18_FC_Augsbur_SC_Freibur,ger.1,,,FC Augsburg,SC Freiburg,2026-01-18,2,2,FT,D,,,2026-07-27 03:45:26,
47044,fdd_ger.1_2026-01-24_Bayern_Mun_FC_Augsbur,ger.1,,,Bayern Munich,FC Augsburg,2026-01-24,1,2,FT,A,,,2026-07-27 03:45:26,
47045,fdd_ger.1_2026-01-24_Bayer_Leve_Werder_Bre,ger.1,,,Bayer Leverkusen,Werder Bremen,2026-01-24,1,0,FT,H,,,2026-07-27 03:45:26,
47046,fdd_ger.1_2026-01-24_1._FC_Unio_Borussia_D,ger.1,,,1. FC Union Berlin,Borussia Dortmund,2026-01-24,0,3,FT,A,,,2026-07-27 03:45:26,
47047,fdd_ger.1_2026-01-25_Borussia_M_VfB_Stuttg,ger.1,,,Borussia Mönchengladbach,VfB Stuttgart,2026-01-25,0,3,FT,A,,,2026-07-27 03:45:26,
47048,fdd_ger.1_2026-01-31_Eintracht__Bayer_Leve,ger.1,,,Eintracht Frankfurt,Bayer Leverkusen,2026-01-31,1,3,FT,A,,,2026-07-27 03:45:26,
47049,fdd_ger.1_2026-01-31_Werder_Bre_Borussia_M,ger.1,,,Werder Bremen,Borussia Mönchengladbach,2026-01-31,1,1,FT,D,,,2026-07-27 03:45:26,
47050,fdd_ger.1_2026-02-01_VfB_Stuttg_SC_Freibur,ger.1,,,VfB Stuttgart,SC Freiburg,2026-02-01,1,0,FT,H,,,2026-07-27 03:45:26,
47051,fdd_ger.1_2026-02-06_1._FC_Unio_Eintracht_,ger.1,,,1. FC Union Berlin,Eintracht Frankfurt,2026-02-06,1,1,FT,D,,,2026-07-27 03:45:26,
47052,fdd_ger.1_2026-02-07_SC_Freibur_Werder_Bre,ger.1,,,SC Freiburg,Werder Bremen,2026-02-07,1,0,FT,H,,,2026-07-27 03:45:26,
47053,fdd_ger.1_2026-02-07_VfL_Wolfsb_Borussia_D,ger.1,,,VfL Wolfsburg,Borussia Dortmund,2026-02-07,1,2,FT,A,,,2026-07-27 03:45:26,
47054,fdd_ger.1_2026-02-07_Borussia_M_Bayer_Leve,ger.1,,,Borussia Mönchengladbach,Bayer Leverkusen,2026-02-07,1,1,FT,D,,,2026-07-27 03:45:26,
47055,fdd_ger.1_2026-02-14_Eintracht__Borussia_M,ger.1,,,Eintracht Frankfurt,Borussia Mönchengladbach,2026-02-14,3,0,FT,H,,,2026-07-27 03:45:26,
47056,fdd_ger.1_2026-02-14_Werder_Bre_Bayern_Mun,ger.1,,,Werder Bremen,Bayern Munich,2026-02-14,0,3,FT,A,,,2026-07-27 03:45:26,
47057,fdd_ger.1_2026-02-15_RB_Leipzig_VfL_Wolfsb,ger.1,,,RB Leipzig,VfL Wolfsburg,2026-02-15,2,2,FT,D,,,2026-07-27 03:45:26,
47058,fdd_ger.1_2026-02-21_Bayern_Mun_Eintracht_,ger.1,,,Bayern Munich,Eintracht Frankfurt,2026-02-21,3,2,FT,H,,,2026-07-27 03:45:26,
47059,fdd_ger.1_2026-02-21_1._FC_Unio_Bayer_Leve,ger.1,,,1. FC Union Berlin,Bayer Leverkusen,2026-02-21,1,0,FT,H,,,2026-07-27 03:45:26,
47060,fdd_ger.1_2026-02-21_VfL_Wolfsb_FC_Augsbur,ger.1,,,VfL Wolfsburg,FC Augsburg,2026-02-21,2,3,FT,A,,,2026-07-27 03:45:26,
47061,fdd_ger.1_2026-02-21_RB_Leipzig_Borussia_D,ger.1,,,RB Leipzig,Borussia Dortmund,2026-02-21,2,2,FT,D,,,2026-07-27 03:45:26,
47062,fdd_ger.1_2026-02-22_SC_Freibur_Borussia_M,ger.1,,,SC Freiburg,Borussia Mönchengladbach,2026-02-22,2,1,FT,H,,,2026-07-27 03:45:26,
47063,fdd_ger.1_2026-02-28_Borussia_M_1._FC_Unio,ger.1,,,Borussia Mönchengladbach,1. FC Union Berlin,2026-02-28,1,0,FT,H,,,2026-07-27 03:45:26,
47064,fdd_ger.1_2026-02-28_Borussia_D_Bayern_Mun,ger.1,,,Borussia Dortmund,Bayern Munich,2026-02-28,2,3,FT,A,,,2026-07-27 03:45:26,
47065,fdd_ger.1_2026-03-01_VfB_Stuttg_VfL_Wolfsb,ger.1,,,VfB Stuttgart,VfL Wolfsburg,2026-03-01,4,0,FT,H,,,2026-07-27 03:45:26,
47066,fdd_ger.1_2026-03-01_Eintracht__SC_Freibur,ger.1,,,Eintracht Frankfurt,SC Freiburg,2026-03-01,2,0,FT,H,,,2026-07-27 03:45:26,
47067,fdd_ger.1_2026-03-06_Bayern_Mun_Borussia_M,ger.1,,,Bayern Munich,Borussia Mönchengladbach,2026-03-06,4,1,FT,H,,,2026-07-27 03:45:26,
47068,fdd_ger.1_2026-03-07_SC_Freibur_Bayer_Leve,ger.1,,,SC Freiburg,Bayer Leverkusen,2026-03-07,3,3,FT,D,,,2026-07-27 03:45:26,
47069,fdd_ger.1_2026-03-07_RB_Leipzig_FC_Augsbur,ger.1,,,RB Leipzig,FC Augsburg,2026-03-07,2,1,FT,H,,,2026-07-27 03:45:26,
47070,fdd_ger.1_2026-03-08_1._FC_Unio_Werder_Bre,ger.1,,,1. FC Union Berlin,Werder Bremen,2026-03-08,1,4,FT,A,,,2026-07-27 03:45:26,
47071,fdd_ger.1_2026-03-14_Borussia_D_FC_Augsbur,ger.1,,,Borussia Dortmund,FC Augsburg,2026-03-14,2,0,FT,H,,,2026-07-27 03:45:26,
47072,fdd_ger.1_2026-03-14_Bayer_Leve_Bayern_Mun,ger.1,,,Bayer Leverkusen,Bayern Munich,2026-03-14,1,1,FT,D,,,2026-07-27 03:45:26,
47073,fdd_ger.1_2026-03-15_SC_Freibur_1._FC_Unio,ger.1,,,SC Freiburg,1. FC Union Berlin,2026-03-15,0,1,FT,A,,,2026-07-27 03:45:26,
47074,fdd_ger.1_2026-03-15_VfB_Stuttg_RB_Leipzig,ger.1,,,VfB Stuttgart,RB Leipzig,2026-03-15,1,0,FT,H,,,2026-07-27 03:45:26,
47075,fdd_ger.1_2026-03-21_Bayern_Mun_1._FC_Unio,ger.1,,,Bayern Munich,1. FC Union Berlin,2026-03-21,4,0,FT,H,,,2026-07-27 03:45:26,
47076,fdd_ger.1_2026-03-21_VfL_Wolfsb_Werder_Bre,ger.1,,,VfL Wolfsburg,Werder Bremen,2026-03-21,0,1,FT,A,,,2026-07-27 03:45:26,
47077,fdd_ger.1_2026-03-22_FC_Augsbur_VfB_Stuttg,ger.1,,,FC Augsburg,VfB Stuttgart,2026-03-22,2,5,FT,A,,,2026-07-27 03:45:26,
47078,fdd_ger.1_2026-04-04_SC_Freibur_Bayern_Mun,ger.1,,,SC Freiburg,Bayern Munich,2026-04-04,2,3,FT,A,,,2026-07-27 03:45:26,
47079,fdd_ger.1_2026-04-04_Bayer_Leve_VfL_Wolfsb,ger.1,,,Bayer Leverkusen,VfL Wolfsburg,2026-04-04,6,3,FT,H,,,2026-07-27 03:45:26,
47080,fdd_ger.1_2026-04-04_Werder_Bre_RB_Leipzig,ger.1,,,Werder Bremen,RB Leipzig,2026-04-04,1,2,FT,A,,,2026-07-27 03:45:26,
47081,fdd_ger.1_2026-04-04_VfB_Stuttg_Borussia_D,ger.1,,,VfB Stuttgart,Borussia Dortmund,2026-04-04,0,2,FT,A,,,2026-07-27 03:45:26,
47082,fdd_ger.1_2026-04-11_Borussia_D_Bayer_Leve,ger.1,,,Borussia Dortmund,Bayer Leverkusen,2026-04-11,0,1,FT,A,,,2026-07-27 03:45:26,
47083,fdd_ger.1_2026-04-11_RB_Leipzig_Borussia_M,ger.1,,,RB Leipzig,Borussia Mönchengladbach,2026-04-11,1,0,FT,H,,,2026-07-27 03:45:26,
47084,fdd_ger.1_2026-04-11_VfL_Wolfsb_Eintracht_,ger.1,,,VfL Wolfsburg,Eintracht Frankfurt,2026-04-11,1,2,FT,A,,,2026-07-27 03:45:26,
47085,fdd_ger.1_2026-04-18_Bayer_Leve_FC_Augsbur,ger.1,,,Bayer Leverkusen,FC Augsburg,2026-04-18,1,2,FT,A,,,2026-07-27 03:45:26,
47086,fdd_ger.1_2026-04-18_1._FC_Unio_VfL_Wolfsb,ger.1,,,1. FC Union Berlin,VfL Wolfsburg,2026-04-18,1,2,FT,A,,,2026-07-27 03:45:26,
47087,fdd_ger.1_2026-04-18_Eintracht__RB_Leipzig,ger.1,,,Eintracht Frankfurt,RB Leipzig,2026-04-18,1,3,FT,A,,,2026-07-27 03:45:26,
47088,fdd_ger.1_2026-04-19_Bayern_Mun_VfB_Stuttg,ger.1,,,Bayern Munich,VfB Stuttgart,2026-04-19,4,2,FT,H,,,2026-07-27 03:45:26,
47089,fdd_ger.1_2026-04-24_RB_Leipzig_1._FC_Unio,ger.1,,,RB Leipzig,1. FC Union Berlin,2026-04-24,3,1,FT,H,,,2026-07-27 03:45:26,
47090,fdd_ger.1_2026-04-25_FC_Augsbur_Eintracht_,ger.1,,,FC Augsburg,Eintracht Frankfurt,2026-04-25,1,1,FT,D,,,2026-07-27 03:45:26,
47091,fdd_ger.1_2026-04-25_VfL_Wolfsb_Borussia_M,ger.1,,,VfL Wolfsburg,Borussia Mönchengladbach,2026-04-25,0,0,FT,D,,,2026-07-27 03:45:26,
47092,fdd_ger.1_2026-04-26_VfB_Stuttg_Werder_Bre,ger.1,,,VfB Stuttgart,Werder Bremen,2026-04-26,1,1,FT,D,,,2026-07-27 03:45:26,
47093,fdd_ger.1_2026-04-26_Borussia_D_SC_Freibur,ger.1,,,Borussia Dortmund,SC Freiburg,2026-04-26,4,0,FT,H,,,2026-07-27 03:45:26,
47094,fdd_ger.1_2026-05-02_Werder_Bre_FC_Augsbur,ger.1,,,Werder Bremen,FC Augsburg,2026-05-02,1,3,FT,A,,,2026-07-27 03:45:26,
47095,fdd_ger.1_2026-05-02_Bayer_Leve_RB_Leipzig,ger.1,,,Bayer Leverkusen,RB Leipzig,2026-05-02,4,1,FT,H,,,2026-07-27 03:45:26,
47096,fdd_ger.1_2026-05-03_Borussia_M_Borussia_D,ger.1,,,Borussia Mönchengladbach,Borussia Dortmund,2026-05-03,1,0,FT,H,,,2026-07-27 03:45:26,
47097,fdd_ger.1_2026-05-03_SC_Freibur_VfL_Wolfsb,ger.1,,,SC Freiburg,VfL Wolfsburg,2026-05-03,1,1,FT,D,,,2026-07-27 03:45:26,
47098,fdd_ger.1_2026-05-08_Borussia_D_Eintracht_,ger.1,,,Borussia Dortmund,Eintracht Frankfurt,2026-05-08,3,2,FT,H,,,2026-07-27 03:45:26,
47099,fdd_ger.1_2026-05-09_FC_Augsbur_Borussia_M,ger.1,,,FC Augsburg,Borussia Mönchengladbach,2026-05-09,3,1,FT,H,,,2026-07-27 03:45:26,
47100,fdd_ger.1_2026-05-09_VfB_Stuttg_Bayer_Leve,ger.1,,,VfB Stuttgart,Bayer Leverkusen,2026-05-09,3,1,FT,H,,,2026-07-27 03:45:26,
47101,fdd_ger.1_2026-05-09_VfL_Wolfsb_Bayern_Mun,ger.1,,,VfL Wolfsburg,Bayern Munich,2026-05-09,0,1,FT,A,,,2026-07-27 03:45:26,
47102,fdd_ger.1_2026-05-16_Eintracht__VfB_Stuttg,ger.1,,,Eintracht Frankfurt,VfB Stuttgart,2026-05-16,2,2,FT,D,,,2026-07-27 03:45:26,
47103,fdd_ger.1_2026-05-16_SC_Freibur_RB_Leipzig,ger.1,,,SC Freiburg,RB Leipzig,2026-05-16,4,1,FT,H,,,2026-07-27 03:45:26,
47104,fdd_ger.1_2026-05-16_1._FC_Unio_FC_Augsbur,ger.1,,,1. FC Union Berlin,FC Augsburg,2026-05-16,4,0,FT,H,,,2026-07-27 03:45:26,
47105,fdd_ger.1_2026-05-16_Werder_Bre_Borussia_D,ger.1,,,Werder Bremen,Borussia Dortmund,2026-05-16,0,2,FT,A,,,2026-07-27 03:45:26,
47106,fdd_fra.1_2025-08-16_AS_Monaco_Le_Havre_A,fra.1,,,AS Monaco,Le Havre AC,2025-08-16,3,1,FT,H,,,2026-07-27 03:45:26,
47107,fdd_fra.1_2025-08-24_Lille_AS_Monaco,fra.1,,,Lille,AS Monaco,2025-08-24,1,0,FT,H,,,2026-07-27 03:45:26,
47108,fdd_fra.1_2025-09-13_AJ_Auxerre_AS_Monaco,fra.1,,,AJ Auxerre,AS Monaco,2025-09-13,1,2,FT,A,,,2026-07-27 03:45:26,
47109,fdd_fra.1_2025-09-27_Paris_Sain_AJ_Auxerre,fra.1,,,Paris Saint-Germain,AJ Auxerre,2025-09-27,2,0,FT,H,,,2026-07-27 03:45:26,
47110,fdd_fra.1_2025-10-05_Le_Havre_A_Stade_Renn,fra.1,,,Le Havre AC,Stade Rennais,2025-10-05,2,2,FT,D,,,2026-07-27 03:45:26,
47111,fdd_fra.1_2025-10-05_Lille_Paris_Sain,fra.1,,,Lille,Paris Saint-Germain,2025-10-05,1,1,FT,D,,,2026-07-27 03:45:26,
47112,fdd_fra.1_2025-10-19_Stade_Renn_AJ_Auxerre,fra.1,,,Stade Rennais,AJ Auxerre,2025-10-19,2,2,FT,D,,,2026-07-27 03:45:26,
47113,fdd_fra.1_2025-10-26_AJ_Auxerre_Le_Havre_A,fra.1,,,AJ Auxerre,Le Havre AC,2025-10-26,0,1,FT,A,,,2026-07-27 03:45:26,
47114,fdd_fra.1_2025-11-01_AS_Monaco_Paris_FC,fra.1,,,AS Monaco,Paris FC,2025-11-01,0,1,FT,A,,,2026-07-27 03:45:26,
47115,fdd_fra.1_2025-11-07_Paris_FC_Stade_Renn,fra.1,,,Paris FC,Stade Rennais,2025-11-07,0,1,FT,A,,,2026-07-27 03:45:26,
47116,fdd_fra.1_2025-11-22_Stade_Renn_AS_Monaco,fra.1,,,Stade Rennais,AS Monaco,2025-11-22,4,1,FT,H,,,2026-07-27 03:45:26,
47117,fdd_fra.1_2025-11-22_Paris_Sain_Le_Havre_A,fra.1,,,Paris Saint-Germain,Le Havre AC,2025-11-22,3,0,FT,H,,,2026-07-27 03:45:26,
47118,fdd_fra.1_2025-11-23_Lille_Paris_FC,fra.1,,,Lille,Paris FC,2025-11-23,4,2,FT,H,,,2026-07-27 03:45:26,
47119,fdd_fra.1_2025-11-29_AS_Monaco_Paris_Sain,fra.1,,,AS Monaco,Paris Saint-Germain,2025-11-29,1,0,FT,H,,,2026-07-27 03:45:26,
47120,fdd_fra.1_2025-11-29_Paris_FC_AJ_Auxerre,fra.1,,,Paris FC,AJ Auxerre,2025-11-29,1,1,FT,D,,,2026-07-27 03:45:26,
47121,fdd_fra.1_2025-11-30_Le_Havre_A_Lille,fra.1,,,Le Havre AC,Lille,2025-11-30,0,1,FT,A,,,2026-07-27 03:45:26,
47122,fdd_fra.1_2025-12-06_Paris_Sain_Stade_Renn,fra.1,,,Paris Saint-Germain,Stade Rennais,2025-12-06,5,0,FT,H,,,2026-07-27 03:45:26,
47123,fdd_fra.1_2025-12-07_Le_Havre_A_Paris_FC,fra.1,,,Le Havre AC,Paris FC,2025-12-07,0,0,FT,D,,,2026-07-27 03:45:26,
47124,fdd_fra.1_2025-12-14_AJ_Auxerre_Lille,fra.1,,,AJ Auxerre,Lille,2025-12-14,3,4,FT,A,,,2026-07-27 03:45:26,
47125,fdd_fra.1_2026-01-03_Lille_Stade_Renn,fra.1,,,Lille,Stade Rennais,2026-01-03,0,2,FT,A,,,2026-07-27 03:45:26,
47126,fdd_fra.1_2026-01-04_Paris_Sain_Paris_FC,fra.1,,,Paris Saint-Germain,Paris FC,2026-01-04,2,1,FT,H,,,2026-07-27 03:45:26,
47127,fdd_fra.1_2026-01-16_Paris_Sain_Lille,fra.1,,,Paris Saint-Germain,Lille,2026-01-16,3,0,FT,H,,,2026-07-27 03:45:26,
47128,fdd_fra.1_2026-01-18_Stade_Renn_Le_Havre_A,fra.1,,,Stade Rennais,Le Havre AC,2026-01-18,1,1,FT,D,,,2026-07-27 03:45:26,
47129,fdd_fra.1_2026-01-23_AJ_Auxerre_Paris_Sain,fra.1,,,AJ Auxerre,Paris Saint-Germain,2026-01-23,0,1,FT,A,,,2026-07-27 03:45:26,
47130,fdd_fra.1_2026-01-24_Le_Havre_A_AS_Monaco,fra.1,,,Le Havre AC,AS Monaco,2026-01-24,0,0,FT,D,,,2026-07-27 03:45:26,
47131,fdd_fra.1_2026-01-31_AS_Monaco_Stade_Renn,fra.1,,,AS Monaco,Stade Rennais,2026-01-31,4,0,FT,H,,,2026-07-27 03:45:26,
47132,fdd_fra.1_2026-02-08_AJ_Auxerre_Paris_FC,fra.1,,,AJ Auxerre,Paris FC,2026-02-08,0,0,FT,D,,,2026-07-27 03:45:26,
47133,fdd_fra.1_2026-02-13_Stade_Renn_Paris_Sain,fra.1,,,Stade Rennais,Paris Saint-Germain,2026-02-13,3,1,FT,H,,,2026-07-27 03:45:26,
47134,fdd_fra.1_2026-02-22_AJ_Auxerre_Stade_Renn,fra.1,,,AJ Auxerre,Stade Rennais,2026-02-22,0,3,FT,A,,,2026-07-27 03:45:26,
47135,fdd_fra.1_2026-02-28_Le_Havre_A_Paris_Sain,fra.1,,,Le Havre AC,Paris Saint-Germain,2026-02-28,0,1,FT,A,,,2026-07-27 03:45:26,
47136,fdd_fra.1_2026-03-06_Paris_Sain_AS_Monaco,fra.1,,,Paris Saint-Germain,AS Monaco,2026-03-06,1,3,FT,A,,,2026-07-27 03:45:26,
47137,fdd_fra.1_2026-03-15_Stade_Renn_Lille,fra.1,,,Stade Rennais,Lille,2026-03-15,1,2,FT,A,,,2026-07-27 03:45:26,
47138,fdd_fra.1_2026-03-22_Paris_FC_Le_Havre_A,fra.1,,,Paris FC,Le Havre AC,2026-03-22,3,2,FT,H,,,2026-07-27 03:45:26,
47139,fdd_fra.1_2026-04-05_Le_Havre_A_AJ_Auxerre,fra.1,,,Le Havre AC,AJ Auxerre,2026-04-05,1,1,FT,D,,,2026-07-27 03:45:26,
47140,fdd_fra.1_2026-04-10_Paris_FC_AS_Monaco,fra.1,,,Paris FC,AS Monaco,2026-04-10,4,1,FT,H,,,2026-07-27 03:45:26,
47141,fdd_fra.1_2026-04-19_AS_Monaco_AJ_Auxerre,fra.1,,,AS Monaco,AJ Auxerre,2026-04-19,2,2,FT,D,,,2026-07-27 03:45:26,
47142,fdd_fra.1_2026-04-26_Paris_FC_Lille,fra.1,,,Paris FC,Lille,2026-04-26,0,1,FT,A,,,2026-07-27 03:45:26,
47143,fdd_fra.1_2026-05-03_Lille_Le_Havre_A,fra.1,,,Lille,Le Havre AC,2026-05-03,1,1,FT,D,,,2026-07-27 03:45:26,
47144,fdd_fra.1_2026-05-10_AS_Monaco_Lille,fra.1,,,AS Monaco,Lille,2026-05-10,0,1,FT,A,,,2026-07-27 03:45:26,
47145,fdd_fra.1_2026-05-10_Stade_Renn_Paris_FC,fra.1,,,Stade Rennais,Paris FC,2026-05-10,2,1,FT,H,,,2026-07-27 03:45:26,
47146,fdd_fra.1_2026-05-17_Lille_AJ_Auxerre,fra.1,,,Lille,AJ Auxerre,2026-05-17,0,2,FT,A,,,2026-07-27 03:45:26,
47147,fdd_fra.1_2026-05-17_Paris_FC_Paris_Sain,fra.1,,,Paris FC,Paris Saint-Germain,2026-05-17,2,1,FT,H,,,2026-07-27 03:45:26,
47148,fdd_esp.1_2025-08-15_Girona_Rayo_Valle,esp.1,,,Girona,Rayo Vallecano,2025-08-15,1,3,FT,A,,,2026-07-27 03:45:42,
47149,fdd_esp.1_2025-08-16_Mallorca_Barcelona,esp.1,,,Mallorca,Barcelona,2025-08-16,0,3,FT,A,,,2026-07-27 03:45:42,
47150,fdd_esp.1_2025-08-16_Valencia_Real_Socie,esp.1,,,Valencia,Real Sociedad,2025-08-16,1,1,FT,D,,,2026-07-27 03:45:42,
47151,fdd_esp.1_2025-08-18_Elche_Real_Betis,esp.1,,,Elche,Real Betis,2025-08-18,1,1,FT,D,,,2026-07-27 03:45:42,
47152,fdd_esp.1_2025-08-23_Levante_Barcelona,esp.1,,,Levante,Barcelona,2025-08-23,2,3,FT,A,,,2026-07-27 03:45:42,
47153,fdd_esp.1_2025-08-24_Real_Socie_Espanyol,esp.1,,,Real Sociedad,Espanyol,2025-08-24,2,2,FT,D,,,2026-07-27 03:45:42,
47154,fdd_esp.1_2025-08-25_Athletic_C_Rayo_Valle,esp.1,,,Athletic Club,Rayo Vallecano,2025-08-25,1,0,FT,H,,,2026-07-27 03:45:42,
47155,fdd_esp.1_2025-08-29_Elche_Levante,esp.1,,,Elche,Levante,2025-08-29,2,0,FT,H,,,2026-07-27 03:45:42,
47156,fdd_esp.1_2025-08-30_Real_Madri_Mallorca,esp.1,,,Real Madrid,Mallorca,2025-08-30,2,1,FT,H,,,2026-07-27 03:45:42,
47157,fdd_esp.1_2025-08-31_Real_Betis_Athletic_C,esp.1,,,Real Betis,Athletic Club,2025-08-31,1,2,FT,A,,,2026-07-27 03:45:42,
47158,fdd_esp.1_2025-08-31_Espanyol_Osasuna,esp.1,,,Espanyol,Osasuna,2025-08-31,1,0,FT,H,,,2026-07-27 03:45:42,
47159,fdd_esp.1_2025-08-31_Rayo_Valle_Barcelona,esp.1,,,Rayo Vallecano,Barcelona,2025-08-31,1,1,FT,D,,,2026-07-27 03:45:42,
47160,fdd_esp.1_2025-09-12_Sevilla_Elche,esp.1,,,Sevilla,Elche,2025-09-12,2,2,FT,D,,,2026-07-27 03:45:42,
47161,fdd_esp.1_2025-09-13_Real_Socie_Real_Madri,esp.1,,,Real Sociedad,Real Madrid,2025-09-13,1,2,FT,A,,,2026-07-27 03:45:42,
47162,fdd_esp.1_2025-09-14_Levante_Real_Betis,esp.1,,,Levante,Real Betis,2025-09-14,2,2,FT,D,,,2026-07-27 03:45:42,
47163,fdd_esp.1_2025-09-14_Osasuna_Rayo_Valle,esp.1,,,Osasuna,Rayo Vallecano,2025-09-14,2,0,FT,H,,,2026-07-27 03:45:42,
47164,fdd_esp.1_2025-09-15_Espanyol_Mallorca,esp.1,,,Espanyol,Mallorca,2025-09-15,3,2,FT,H,,,2026-07-27 03:45:42,
47165,fdd_esp.1_2025-09-19_Real_Betis_Real_Socie,esp.1,,,Real Betis,Real Sociedad,2025-09-19,3,1,FT,H,,,2026-07-27 03:45:42,
47166,fdd_esp.1_2025-09-20_Girona_Levante,esp.1,,,Girona,Levante,2025-09-20,0,4,FT,A,,,2026-07-27 03:45:42,
47167,fdd_esp.1_2025-09-20_Real_Madri_Espanyol,esp.1,,,Real Madrid,Espanyol,2025-09-20,2,0,FT,H,,,2026-07-27 03:45:42,
47168,fdd_esp.1_2025-09-23_Espanyol_Valencia,esp.1,,,Espanyol,Valencia,2025-09-23,2,2,FT,D,,,2026-07-27 03:45:42,
47169,fdd_esp.1_2025-09-23_Levante_Real_Madri,esp.1,,,Levante,Real Madrid,2025-09-23,1,4,FT,A,,,2026-07-27 03:45:42,
47170,fdd_esp.1_2025-09-24_Real_Socie_Mallorca,esp.1,,,Real Sociedad,Mallorca,2025-09-24,1,0,FT,H,,,2026-07-27 03:45:42,
47171,fdd_esp.1_2025-09-25_Osasuna_Elche,esp.1,,,Osasuna,Elche,2025-09-25,1,1,FT,D,,,2026-07-27 03:45:42,
47172,fdd_esp.1_2025-09-26_Girona_Espanyol,esp.1,,,Girona,Espanyol,2025-09-26,0,0,FT,D,,,2026-07-27 03:45:42,
47173,fdd_esp.1_2025-09-27_Getafe_Levante,esp.1,,,Getafe,Levante,2025-09-27,1,1,FT,D,,,2026-07-27 03:45:42,
47174,fdd_esp.1_2025-09-28_Rayo_Valle_Sevilla,esp.1,,,Rayo Vallecano,Sevilla,2025-09-28,0,1,FT,A,,,2026-07-27 03:45:42,
47175,fdd_esp.1_2025-09-28_Barcelona_Real_Socie,esp.1,,,Barcelona,Real Sociedad,2025-09-28,2,1,FT,H,,,2026-07-27 03:45:42,
47176,fdd_esp.1_2025-09-28_Real_Betis_Osasuna,esp.1,,,Real Betis,Osasuna,2025-09-28,2,0,FT,H,,,2026-07-27 03:45:42,
47177,fdd_esp.1_2025-10-04_Athletic_C_Mallorca,esp.1,,,Athletic Club,Mallorca,2025-10-04,2,1,FT,H,,,2026-07-27 03:45:42,
47178,fdd_esp.1_2025-10-05_Espanyol_Real_Betis,esp.1,,,Espanyol,Real Betis,2025-10-05,1,2,FT,A,,,2026-07-27 03:45:42,
47179,fdd_esp.1_2025-10-05_Real_Socie_Rayo_Valle,esp.1,,,Real Sociedad,Rayo Vallecano,2025-10-05,0,1,FT,A,,,2026-07-27 03:45:42,
47180,fdd_esp.1_2025-10-18_Sevilla_Mallorca,esp.1,,,Sevilla,Mallorca,2025-10-18,1,3,FT,A,,,2026-07-27 03:45:42,
47181,fdd_esp.1_2025-10-18_Villarreal_Real_Betis,esp.1,,,Villarreal,Real Betis,2025-10-18,2,2,FT,D,,,2026-07-27 03:45:42,
47182,fdd_esp.1_2025-10-19_Elche_Athletic_C,esp.1,,,Elche,Athletic Club,2025-10-19,0,0,FT,D,,,2026-07-27 03:45:42,
47183,fdd_esp.1_2025-10-19_Levante_Rayo_Valle,esp.1,,,Levante,Rayo Vallecano,2025-10-19,0,3,FT,A,,,2026-07-27 03:45:42,
47184,fdd_esp.1_2025-10-24_Real_Socie_Sevilla,esp.1,,,Real Sociedad,Sevilla,2025-10-24,2,1,FT,H,,,2026-07-27 03:45:42,
47185,fdd_esp.1_2025-10-25_Espanyol_Elche,esp.1,,,Espanyol,Elche,2025-10-25,1,0,FT,H,,,2026-07-27 03:45:42,
47186,fdd_esp.1_2025-10-26_Mallorca_Levante,esp.1,,,Mallorca,Levante,2025-10-26,1,1,FT,D,,,2026-07-27 03:45:42,
47187,fdd_esp.1_2025-11-01_Villarreal_Rayo_Valle,esp.1,,,Villarreal,Rayo Vallecano,2025-11-01,4,0,FT,H,,,2026-07-27 03:45:42,
47188,fdd_esp.1_2025-11-01_Real_Socie_Athletic_C,esp.1,,,Real Sociedad,Athletic Club,2025-11-01,3,2,FT,H,,,2026-07-27 03:45:42,
47189,fdd_esp.1_2025-11-02_Barcelona_Elche,esp.1,,,Barcelona,Elche,2025-11-02,3,1,FT,H,,,2026-07-27 03:45:42,
47190,fdd_esp.1_2025-11-02_Real_Betis_Mallorca,esp.1,,,Real Betis,Mallorca,2025-11-02,3,0,FT,H,,,2026-07-27 03:45:42,
47191,fdd_esp.1_2025-11-07_Elche_Real_Socie,esp.1,,,Elche,Real Sociedad,2025-11-07,1,1,FT,D,,,2026-07-27 03:45:42,
47192,fdd_esp.1_2025-11-08_Espanyol_Villarreal,esp.1,,,Espanyol,Villarreal,2025-11-08,0,2,FT,A,,,2026-07-27 03:45:42,
47193,fdd_esp.1_2025-11-09_Rayo_Valle_Real_Madri,esp.1,,,Rayo Vallecano,Real Madrid,2025-11-09,0,0,FT,D,,,2026-07-27 03:45:42,
47194,fdd_esp.1_2025-11-09_Mallorca_Getafe,esp.1,,,Mallorca,Getafe,2025-11-09,1,0,FT,H,,,2026-07-27 03:45:42,
47195,fdd_esp.1_2025-11-09_Valencia_Real_Betis,esp.1,,,Valencia,Real Betis,2025-11-09,1,1,FT,D,,,2026-07-27 03:45:42,
47196,fdd_esp.1_2025-11-21_Valencia_Levante,esp.1,,,Valencia,Levante,2025-11-21,1,0,FT,H,,,2026-07-27 03:45:42,
47197,fdd_esp.1_2025-11-22_Osasuna_Real_Socie,esp.1,,,Osasuna,Real Sociedad,2025-11-22,1,3,FT,A,,,2026-07-27 03:45:42,
47198,fdd_esp.1_2025-11-22_Villarreal_Mallorca,esp.1,,,Villarreal,Mallorca,2025-11-22,2,1,FT,H,,,2026-07-27 03:45:42,
47199,fdd_esp.1_2025-11-23_Real_Betis_Girona,esp.1,,,Real Betis,Girona,2025-11-23,1,1,FT,D,,,2026-07-27 03:45:42,
47200,fdd_esp.1_2025-11-23_Elche_Real_Madri,esp.1,,,Elche,Real Madrid,2025-11-23,2,2,FT,D,,,2026-07-27 03:45:42,
47201,fdd_esp.1_2025-11-24_Espanyol_Sevilla,esp.1,,,Espanyol,Sevilla,2025-11-24,2,1,FT,H,,,2026-07-27 03:45:42,
47202,fdd_esp.1_2025-11-28_Getafe_Elche,esp.1,,,Getafe,Elche,2025-11-28,1,0,FT,H,,,2026-07-27 03:45:42,
47203,fdd_esp.1_2025-11-29_Mallorca_Osasuna,esp.1,,,Mallorca,Osasuna,2025-11-29,2,2,FT,D,,,2026-07-27 03:45:42,
47204,fdd_esp.1_2025-11-29_Levante_Athletic_C,esp.1,,,Levante,Athletic Club,2025-11-29,0,2,FT,A,,,2026-07-27 03:45:42,
47205,fdd_esp.1_2025-11-30_Real_Socie_Villarreal,esp.1,,,Real Sociedad,Villarreal,2025-11-30,2,3,FT,A,,,2026-07-27 03:45:42,
47206,fdd_esp.1_2025-11-30_Sevilla_Real_Betis,esp.1,,,Sevilla,Real Betis,2025-11-30,0,2,FT,A,,,2026-07-27 03:45:42,
47207,fdd_esp.1_2025-12-01_Rayo_Valle_Valencia,esp.1,,,Rayo Vallecano,Valencia,2025-12-01,1,1,FT,D,,,2026-07-27 03:45:42,
47208,fdd_esp.1_2025-12-06_Real_Betis_Barcelona,esp.1,,,Real Betis,Barcelona,2025-12-06,3,5,FT,A,,,2026-07-27 03:45:42,
47209,fdd_esp.1_2025-12-07_Elche_Girona,esp.1,,,Elche,Girona,2025-12-07,3,0,FT,H,,,2026-07-27 03:45:42,
47210,fdd_esp.1_2025-12-07_Espanyol_Rayo_Valle,esp.1,,,Espanyol,Rayo Vallecano,2025-12-07,1,0,FT,H,,,2026-07-27 03:45:42,
47211,fdd_esp.1_2025-12-08_Osasuna_Levante,esp.1,,,Osasuna,Levante,2025-12-08,2,0,FT,H,,,2026-07-27 03:45:42,
47212,fdd_esp.1_2025-12-12_Real_Socie_Girona,esp.1,,,Real Sociedad,Girona,2025-12-12,1,2,FT,A,,,2026-07-27 03:45:42,
47213,fdd_esp.1_2025-12-13_Mallorca_Elche,esp.1,,,Mallorca,Elche,2025-12-13,3,1,FT,H,,,2026-07-27 03:45:42,
47214,fdd_esp.1_2025-12-13_Getafe_Espanyol,esp.1,,,Getafe,Espanyol,2025-12-13,0,1,FT,A,,,2026-07-27 03:45:42,
47215,fdd_esp.1_2025-12-15_Rayo_Valle_Real_Betis,esp.1,,,Rayo Vallecano,Real Betis,2025-12-15,0,0,FT,D,,,2026-07-27 03:45:42,
47216,fdd_esp.1_2025-12-19_Valencia_Mallorca,esp.1,,,Valencia,Mallorca,2025-12-19,1,1,FT,D,,,2026-07-27 03:45:42,
47217,fdd_esp.1_2025-12-20_Levante_Real_Socie,esp.1,,,Levante,Real Sociedad,2025-12-20,1,1,FT,D,,,2026-07-27 03:45:42,
47218,fdd_esp.1_2025-12-21_Elche_Rayo_Valle,esp.1,,,Elche,Rayo Vallecano,2025-12-21,4,0,FT,H,,,2026-07-27 03:45:42,
47219,fdd_esp.1_2025-12-21_Real_Betis_Getafe,esp.1,,,Real Betis,Getafe,2025-12-21,4,0,FT,H,,,2026-07-27 03:45:42,
47220,fdd_esp.1_2025-12-22_Athletic_C_Espanyol,esp.1,,,Athletic Club,Espanyol,2025-12-22,1,2,FT,A,,,2026-07-27 03:45:42,
47221,fdd_esp.1_2026-01-02_Rayo_Valle_Getafe,esp.1,,,Rayo Vallecano,Getafe,2026-01-02,1,1,FT,D,,,2026-07-27 03:45:42,
47222,fdd_esp.1_2026-01-03_Elche_Villarreal,esp.1,,,Elche,Villarreal,2026-01-03,1,3,FT,A,,,2026-07-27 03:45:42,
47223,fdd_esp.1_2026-01-03_Espanyol_Barcelona,esp.1,,,Espanyol,Barcelona,2026-01-03,0,2,FT,A,,,2026-07-27 03:45:42,
47224,fdd_esp.1_2026-01-04_Sevilla_Levante,esp.1,,,Sevilla,Levante,2026-01-04,0,3,FT,A,,,2026-07-27 03:45:42,
47225,fdd_esp.1_2026-01-04_Real_Madri_Real_Betis,esp.1,,,Real Madrid,Real Betis,2026-01-04,5,1,FT,H,,,2026-07-27 03:45:42,
47226,fdd_esp.1_2026-01-04_Mallorca_Girona,esp.1,,,Mallorca,Girona,2026-01-04,1,2,FT,A,,,2026-07-27 03:45:42,
47227,fdd_esp.1_2026-01-09_Getafe_Real_Socie,esp.1,,,Getafe,Real Sociedad,2026-01-09,1,2,FT,A,,,2026-07-27 03:45:42,
47228,fdd_esp.1_2026-01-10_Valencia_Elche,esp.1,,,Valencia,Elche,2026-01-10,1,1,FT,D,,,2026-07-27 03:45:42,
47229,fdd_esp.1_2026-01-11_Rayo_Valle_Mallorca,esp.1,,,Rayo Vallecano,Mallorca,2026-01-11,2,1,FT,H,,,2026-07-27 03:45:42,
47230,fdd_esp.1_2026-01-11_Levante_Espanyol,esp.1,,,Levante,Espanyol,2026-01-11,1,1,FT,D,,,2026-07-27 03:45:42,
47231,fdd_esp.1_2026-01-16_Espanyol_Girona,esp.1,,,Espanyol,Girona,2026-01-16,0,2,FT,A,,,2026-07-27 03:45:42,
47232,fdd_esp.1_2026-01-17_Real_Madri_Levante,esp.1,,,Real Madrid,Levante,2026-01-17,2,0,FT,H,,,2026-07-27 03:45:42,
47233,fdd_esp.1_2026-01-17_Mallorca_Athletic_C,esp.1,,,Mallorca,Athletic Club,2026-01-17,3,2,FT,H,,,2026-07-27 03:45:42,
47234,fdd_esp.1_2026-01-17_Real_Betis_Villarreal,esp.1,,,Real Betis,Villarreal,2026-01-17,2,0,FT,H,,,2026-07-27 03:45:42,
47235,fdd_esp.1_2026-01-18_Real_Socie_Barcelona,esp.1,,,Real Sociedad,Barcelona,2026-01-18,2,1,FT,H,,,2026-07-27 03:45:42,
47236,fdd_esp.1_2026-01-19_Elche_Sevilla,esp.1,,,Elche,Sevilla,2026-01-19,2,2,FT,D,,,2026-07-27 03:45:42,
47237,fdd_esp.1_2026-01-23_Levante_Elche,esp.1,,,Levante,Elche,2026-01-23,3,2,FT,H,,,2026-07-27 03:45:42,
47238,fdd_esp.1_2026-01-24_Rayo_Valle_Osasuna,esp.1,,,Rayo Vallecano,Osasuna,2026-01-24,1,3,FT,A,,,2026-07-27 03:45:42,
47239,fdd_esp.1_2026-01-24_Valencia_Espanyol,esp.1,,,Valencia,Espanyol,2026-01-24,3,2,FT,H,,,2026-07-27 03:45:42,
47240,fdd_esp.1_2026-01-31_Elche_Barcelona,esp.1,,,Elche,Barcelona,2026-01-31,1,3,FT,A,,,2026-07-27 03:45:42,
47241,fdd_esp.1_2026-02-01_Real_Madri_Rayo_Valle,esp.1,,,Real Madrid,Rayo Vallecano,2026-02-01,2,1,FT,H,,,2026-07-27 03:45:42,
47242,fdd_esp.1_2026-02-01_Real_Betis_Valencia,esp.1,,,Real Betis,Valencia,2026-02-01,2,1,FT,H,,,2026-07-27 03:45:42,
47243,fdd_esp.1_2026-02-01_Athletic_C_Real_Socie,esp.1,,,Athletic Club,Real Sociedad,2026-02-01,1,1,FT,D,,,2026-07-27 03:45:42,
47244,fdd_esp.1_2026-02-02_Mallorca_Sevilla,esp.1,,,Mallorca,Sevilla,2026-02-02,4,1,FT,H,,,2026-07-27 03:45:42,
47245,fdd_esp.1_2026-02-07_Barcelona_Mallorca,esp.1,,,Barcelona,Mallorca,2026-02-07,3,0,FT,H,,,2026-07-27 03:45:42,
47246,fdd_esp.1_2026-02-07_Real_Socie_Elche,esp.1,,,Real Sociedad,Elche,2026-02-07,3,1,FT,H,,,2026-07-27 03:45:42,
47247,fdd_esp.1_2026-02-08_Athletic_C_Levante,esp.1,,,Athletic Club,Levante,2026-02-08,4,2,FT,H,,,2026-07-27 03:45:42,
47248,fdd_esp.1_2026-02-09_Villarreal_Espanyol,esp.1,,,Villarreal,Espanyol,2026-02-09,4,1,FT,H,,,2026-07-27 03:45:42,
47249,fdd_esp.1_2026-02-13_Elche_Osasuna,esp.1,,,Elche,Osasuna,2026-02-13,0,0,FT,D,,,2026-07-27 03:45:42,
47250,fdd_esp.1_2026-02-14_Real_Madri_Real_Socie,esp.1,,,Real Madrid,Real Sociedad,2026-02-14,4,1,FT,H,,,2026-07-27 03:45:42,
47251,fdd_esp.1_2026-02-15_Levante_Valencia,esp.1,,,Levante,Valencia,2026-02-15,0,2,FT,A,,,2026-07-27 03:45:42,
47252,fdd_esp.1_2026-02-15_Mallorca_Real_Betis,esp.1,,,Mallorca,Real Betis,2026-02-15,1,2,FT,A,,,2026-07-27 03:45:42,
47253,fdd_esp.1_2026-02-18_Levante_Villarreal,esp.1,,,Levante,Villarreal,2026-02-18,0,1,FT,A,,,2026-07-27 03:45:42,
47254,fdd_esp.1_2026-02-20_Athletic_C_Elche,esp.1,,,Athletic Club,Elche,2026-02-20,2,1,FT,H,,,2026-07-27 03:45:42,
47255,fdd_esp.1_2026-02-21_Real_Betis_Rayo_Valle,esp.1,,,Real Betis,Rayo Vallecano,2026-02-21,1,1,FT,D,,,2026-07-27 03:45:42,
47256,fdd_esp.1_2026-02-22_Barcelona_Levante,esp.1,,,Barcelona,Levante,2026-02-22,3,0,FT,H,,,2026-07-27 03:45:42,
47257,fdd_esp.1_2026-02-28_Rayo_Valle_Athletic_C,esp.1,,,Rayo Vallecano,Athletic Club,2026-02-28,1,1,FT,D,,,2026-07-27 03:45:42,
47258,fdd_esp.1_2026-02-28_Mallorca_Real_Socie,esp.1,,,Mallorca,Real Sociedad,2026-02-28,0,1,FT,A,,,2026-07-27 03:45:42,
47259,fdd_esp.1_2026-03-01_Elche_Espanyol,esp.1,,,Elche,Espanyol,2026-03-01,2,2,FT,D,,,2026-07-27 03:45:42,
47260,fdd_esp.1_2026-03-01_Real_Betis_Sevilla,esp.1,,,Real Betis,Sevilla,2026-03-01,2,2,FT,D,,,2026-07-27 03:45:42,
47261,fdd_esp.1_2026-03-07_Osasuna_Mallorca,esp.1,,,Osasuna,Mallorca,2026-03-07,2,2,FT,D,,,2026-07-27 03:45:42,
47262,fdd_esp.1_2026-03-07_Levante_Girona,esp.1,,,Levante,Girona,2026-03-07,1,1,FT,D,,,2026-07-27 03:45:42,
47263,fdd_esp.1_2026-03-08_Villarreal_Elche,esp.1,,,Villarreal,Elche,2026-03-08,2,1,FT,H,,,2026-07-27 03:45:42,
47264,fdd_esp.1_2026-03-08_Getafe_Real_Betis,esp.1,,,Getafe,Real Betis,2026-03-08,2,0,FT,H,,,2026-07-27 03:45:42,
47265,fdd_esp.1_2026-03-08_Sevilla_Rayo_Valle,esp.1,,,Sevilla,Rayo Vallecano,2026-03-08,1,1,FT,D,,,2026-07-27 03:45:42,
47266,fdd_esp.1_2026-03-14_Real_Madri_Elche,esp.1,,,Real Madrid,Elche,2026-03-14,4,1,FT,H,,,2026-07-27 03:45:42,
47267,fdd_esp.1_2026-03-15_Mallorca_Espanyol,esp.1,,,Mallorca,Espanyol,2026-03-15,2,1,FT,H,,,2026-07-27 03:45:42,
47268,fdd_esp.1_2026-03-15_Real_Socie_Osasuna,esp.1,,,Real Sociedad,Osasuna,2026-03-15,3,1,FT,H,,,2026-07-27 03:45:42,
47269,fdd_esp.1_2026-03-16_Rayo_Valle_Levante,esp.1,,,Rayo Vallecano,Levante,2026-03-16,1,1,FT,D,,,2026-07-27 03:45:42,
47270,fdd_esp.1_2026-03-20_Villarreal_Real_Socie,esp.1,,,Villarreal,Real Sociedad,2026-03-20,3,1,FT,H,,,2026-07-27 03:45:42,
47271,fdd_esp.1_2026-03-21_Elche_Mallorca,esp.1,,,Elche,Mallorca,2026-03-21,2,1,FT,H,,,2026-07-27 03:45:42,
47272,fdd_esp.1_2026-03-21_Espanyol_Getafe,esp.1,,,Espanyol,Getafe,2026-03-21,1,2,FT,A,,,2026-07-27 03:45:42,
47273,fdd_esp.1_2026-03-22_Barcelona_Rayo_Valle,esp.1,,,Barcelona,Rayo Vallecano,2026-03-22,1,0,FT,H,,,2026-07-27 03:45:42,
47274,fdd_esp.1_2026-03-22_Athletic_C_Real_Betis,esp.1,,,Athletic Club,Real Betis,2026-03-22,2,1,FT,H,,,2026-07-27 03:45:42,
47275,fdd_esp.1_2026-04-03_Rayo_Valle_Elche,esp.1,,,Rayo Vallecano,Elche,2026-04-03,1,0,FT,H,,,2026-07-27 03:45:42,
47276,fdd_esp.1_2026-04-04_Real_Socie_Levante,esp.1,,,Real Sociedad,Levante,2026-04-04,2,0,FT,H,,,2026-07-27 03:45:42,
47277,fdd_esp.1_2026-04-04_Mallorca_Real_Madri,esp.1,,,Mallorca,Real Madrid,2026-04-04,2,1,FT,H,,,2026-07-27 03:45:42,
47278,fdd_esp.1_2026-04-04_Real_Betis_Espanyol,esp.1,,,Real Betis,Espanyol,2026-04-04,0,0,FT,D,,,2026-07-27 03:45:42,
47279,fdd_esp.1_2026-04-11_Elche_Valencia,esp.1,,,Elche,Valencia,2026-04-11,1,0,FT,H,,,2026-07-27 03:45:42,
47280,fdd_esp.1_2026-04-11_Barcelona_Espanyol,esp.1,,,Barcelona,Espanyol,2026-04-11,4,1,FT,H,,,2026-07-27 03:45:42,
47281,fdd_esp.1_2026-04-12_Osasuna_Real_Betis,esp.1,,,Osasuna,Real Betis,2026-04-12,1,1,FT,D,,,2026-07-27 03:45:42,
47282,fdd_esp.1_2026-04-12_Mallorca_Rayo_Valle,esp.1,,,Mallorca,Rayo Vallecano,2026-04-12,3,0,FT,H,,,2026-07-27 03:45:42,
47283,fdd_esp.1_2026-04-13_Levante_Getafe,esp.1,,,Levante,Getafe,2026-04-13,1,0,FT,H,,,2026-07-27 03:45:42,
47284,fdd_esp.1_2026-04-21_Mallorca_Valencia,esp.1,,,Mallorca,Valencia,2026-04-21,1,1,FT,D,,,2026-07-27 03:45:42,
47285,fdd_esp.1_2026-04-21_Girona_Real_Betis,esp.1,,,Girona,Real Betis,2026-04-21,2,3,FT,A,,,2026-07-27 03:45:42,
47286,fdd_esp.1_2026-04-22_Real_Socie_Getafe,esp.1,,,Real Sociedad,Getafe,2026-04-22,0,1,FT,A,,,2026-07-27 03:45:42,
47287,fdd_esp.1_2026-04-23_Levante_Sevilla,esp.1,,,Levante,Sevilla,2026-04-23,2,0,FT,H,,,2026-07-27 03:45:42,
47288,fdd_esp.1_2026-04-23_Rayo_Valle_Espanyol,esp.1,,,Rayo Vallecano,Espanyol,2026-04-23,1,0,FT,H,,,2026-07-27 03:45:42,
47289,fdd_esp.1_2026-04-24_Real_Betis_Real_Madri,esp.1,,,Real Betis,Real Madrid,2026-04-24,1,1,FT,D,,,2026-07-27 03:45:42,
47290,fdd_esp.1_2026-04-26_Rayo_Valle_Real_Socie,esp.1,,,Rayo Vallecano,Real Sociedad,2026-04-26,3,3,FT,D,,,2026-07-27 03:45:42,
47291,fdd_esp.1_2026-04-27_Espanyol_Levante,esp.1,,,Espanyol,Levante,2026-04-27,0,0,FT,D,,,2026-07-27 03:45:42,
47292,fdd_esp.1_2026-05-01_Girona_Mallorca,esp.1,,,Girona,Mallorca,2026-05-01,0,1,FT,A,,,2026-07-27 03:45:42,
47293,fdd_esp.1_2026-05-02_Villarreal_Levante,esp.1,,,Villarreal,Levante,2026-05-02,5,1,FT,H,,,2026-07-27 03:45:42,
47294,fdd_esp.1_2026-05-03_Getafe_Rayo_Valle,esp.1,,,Getafe,Rayo Vallecano,2026-05-03,0,2,FT,A,,,2026-07-27 03:45:42,
47295,fdd_esp.1_2026-05-03_Espanyol_Real_Madri,esp.1,,,Espanyol,Real Madrid,2026-05-03,0,2,FT,A,,,2026-07-27 03:45:42,
47296,fdd_esp.1_2026-05-04_Sevilla_Real_Socie,esp.1,,,Sevilla,Real Sociedad,2026-05-04,1,0,FT,H,,,2026-07-27 03:45:42,
47297,fdd_esp.1_2026-05-08_Levante_Osasuna,esp.1,,,Levante,Osasuna,2026-05-08,3,2,FT,H,,,2026-07-27 03:45:42,
47298,fdd_esp.1_2026-05-09_Sevilla_Espanyol,esp.1,,,Sevilla,Espanyol,2026-05-09,2,1,FT,H,,,2026-07-27 03:45:42,
47299,fdd_esp.1_2026-05-09_Real_Socie_Real_Betis,esp.1,,,Real Sociedad,Real Betis,2026-05-09,2,2,FT,D,,,2026-07-27 03:45:42,
47300,fdd_esp.1_2026-05-10_Mallorca_Villarreal,esp.1,,,Mallorca,Villarreal,2026-05-10,1,1,FT,D,,,2026-07-27 03:45:42,
47301,fdd_esp.1_2026-05-11_Rayo_Valle_Girona,esp.1,,,Rayo Vallecano,Girona,2026-05-11,1,1,FT,D,,,2026-07-27 03:45:42,
47302,fdd_esp.1_2026-05-12_Real_Betis_Elche,esp.1,,,Real Betis,Elche,2026-05-12,2,1,FT,H,,,2026-07-27 03:45:42,
47303,fdd_esp.1_2026-05-13_Espanyol_Athletic_C,esp.1,,,Espanyol,Athletic Club,2026-05-13,2,0,FT,H,,,2026-07-27 03:45:42,
47304,fdd_esp.1_2026-05-13_Getafe_Mallorca,esp.1,,,Getafe,Mallorca,2026-05-13,3,1,FT,H,,,2026-07-27 03:45:42,
47305,fdd_esp.1_2026-05-14_Valencia_Rayo_Valle,esp.1,,,Valencia,Rayo Vallecano,2026-05-14,1,1,FT,D,,,2026-07-27 03:45:42,
47306,fdd_esp.1_2026-05-14_Girona_Real_Socie,esp.1,,,Girona,Real Sociedad,2026-05-14,1,1,FT,D,,,2026-07-27 03:45:42,
47307,fdd_esp.1_2026-05-17_Elche_Getafe,esp.1,,,Elche,Getafe,2026-05-17,1,0,FT,H,,,2026-07-27 03:45:42,
47308,fdd_esp.1_2026-05-17_Levante_Mallorca,esp.1,,,Levante,Mallorca,2026-05-17,2,0,FT,H,,,2026-07-27 03:45:42,
47309,fdd_esp.1_2026-05-17_Osasuna_Espanyol,esp.1,,,Osasuna,Espanyol,2026-05-17,1,2,FT,A,,,2026-07-27 03:45:42,
47310,fdd_esp.1_2026-05-17_Real_Socie_Valencia,esp.1,,,Real Sociedad,Valencia,2026-05-17,3,4,FT,A,,,2026-07-27 03:45:42,
47311,fdd_esp.1_2026-05-17_Rayo_Valle_Villarreal,esp.1,,,Rayo Vallecano,Villarreal,2026-05-17,2,0,FT,H,,,2026-07-27 03:45:42,
47312,fdd_esp.1_2026-05-17_Barcelona_Real_Betis,esp.1,,,Barcelona,Real Betis,2026-05-17,3,1,FT,H,,,2026-07-27 03:45:42,
47313,fdd_esp.1_2026-05-23_Real_Betis_Levante,esp.1,,,Real Betis,Levante,2026-05-23,2,1,FT,H,,,2026-07-27 03:45:42,
47314,fdd_esp.1_2026-05-23_Espanyol_Real_Socie,esp.1,,,Espanyol,Real Sociedad,2026-05-23,1,1,FT,D,,,2026-07-27 03:45:42,
47315,fdd_esp.1_2026-05-23_Girona_Elche,esp.1,,,Girona,Elche,2026-05-23,1,1,FT,D,,,2026-07-27 03:45:42,
47316,fdd_ger.1_2025-09-13_Mainz_RB_Leipzig,ger.1,,,Mainz,RB Leipzig,2025-09-13,0,1,FT,A,,,2026-07-27 03:45:42,
47317,fdd_ger.1_2025-11-01_Mainz_Werder_Bre,ger.1,,,Mainz,Werder Bremen,2025-11-01,1,1,FT,D,,,2026-07-27 03:45:42,
47318,fdd_ger.1_2025-12-05_Mainz_Borussia_M,ger.1,,,Mainz,Borussia Mönchengladbach,2025-12-05,0,1,FT,A,,,2026-07-27 03:45:42,
47319,fdd_ger.1_2025-12-14_Bayern_Mun_Mainz,ger.1,,,Bayern Munich,Mainz,2025-12-14,2,2,FT,D,,,2026-07-27 03:45:42,
47320,fdd_ger.1_2026-01-31_RB_Leipzig_Mainz,ger.1,,,RB Leipzig,Mainz,2026-01-31,1,2,FT,A,,,2026-07-27 03:45:42,
47321,fdd_ger.1_2026-03-15_Werder_Bre_Mainz,ger.1,,,Werder Bremen,Mainz,2026-03-15,0,2,FT,A,,,2026-07-27 03:45:42,
47322,fdd_ger.1_2026-04-19_Borussia_M_Mainz,ger.1,,,Borussia Mönchengladbach,Mainz,2026-04-19,1,1,FT,D,,,2026-07-27 03:45:42,
47323,fdd_ger.1_2026-04-25_Mainz_Bayern_Mun,ger.1,,,Mainz,Bayern Munich,2026-04-25,3,4,FT,A,,,2026-07-27 03:45:42,
47324,fdd_fra.1_2025-08-16_Nice_Toulouse,fra.1,,,Nice,Toulouse,2025-08-16,0,1,FT,A,,,2026-07-27 03:45:42,
47325,fdd_fra.1_2025-08-17_Brest_Lille,fra.1,,,Brest,Lille,2025-08-17,3,3,FT,D,,,2026-07-27 03:45:42,
47326,fdd_fra.1_2025-08-17_Angers_Paris_FC,fra.1,,,Angers,Paris FC,2025-08-17,1,0,FT,H,,,2026-07-27 03:45:42,
47327,fdd_fra.1_2025-08-17_Metz_Strasbourg,fra.1,,,Metz,Strasbourg,2025-08-17,0,1,FT,A,,,2026-07-27 03:45:42,
47328,fdd_fra.1_2025-08-17_Nantes_Paris_Sain,fra.1,,,Nantes,Paris Saint-Germain,2025-08-17,0,1,FT,A,,,2026-07-27 03:45:42,
47329,fdd_fra.1_2025-08-22_Paris_Sain_Angers,fra.1,,,Paris Saint-Germain,Angers,2025-08-22,1,0,FT,H,,,2026-07-27 03:45:42,
47330,fdd_fra.1_2025-08-24_Lorient_Stade_Renn,fra.1,,,Lorient,Stade Rennais,2025-08-24,4,0,FT,H,,,2026-07-27 03:45:42,
47331,fdd_fra.1_2025-08-24_Strasbourg_Nantes,fra.1,,,Strasbourg,Nantes,2025-08-24,1,0,FT,H,,,2026-07-27 03:45:42,
47332,fdd_fra.1_2025-08-24_Toulouse_Brest,fra.1,,,Toulouse,Brest,2025-08-24,2,0,FT,H,,,2026-07-27 03:45:42,
47333,fdd_fra.1_2025-08-29_Lens_Brest,fra.1,,,Lens,Brest,2025-08-29,3,1,FT,H,,,2026-07-27 03:45:42,
47334,fdd_fra.1_2025-08-30_Lorient_Lille,fra.1,,,Lorient,Lille,2025-08-30,1,7,FT,A,,,2026-07-27 03:45:42,
47335,fdd_fra.1_2025-08-30_Toulouse_Paris_Sain,fra.1,,,Toulouse,Paris Saint-Germain,2025-08-30,3,6,FT,A,,,2026-07-27 03:45:42,
47336,fdd_fra.1_2025-08-31_Angers_Stade_Renn,fra.1,,,Angers,Stade Rennais,2025-08-31,1,1,FT,D,,,2026-07-27 03:45:42,
47337,fdd_fra.1_2025-08-31_Paris_FC_Metz,fra.1,,,Paris FC,Metz,2025-08-31,3,2,FT,H,,,2026-07-27 03:45:42,
47338,fdd_fra.1_2025-09-13_Nice_Nantes,fra.1,,,Nice,Nantes,2025-09-13,1,0,FT,H,,,2026-07-27 03:45:42,
47339,fdd_fra.1_2025-09-14_Lille_Toulouse,fra.1,,,Lille,Toulouse,2025-09-14,2,1,FT,H,,,2026-07-27 03:45:42,
47340,fdd_fra.1_2025-09-14_Brest_Paris_FC,fra.1,,,Brest,Paris FC,2025-09-14,1,2,FT,A,,,2026-07-27 03:45:42,
47341,fdd_fra.1_2025-09-14_Metz_Angers,fra.1,,,Metz,Angers,2025-09-14,1,1,FT,D,,,2026-07-27 03:45:42,
47342,fdd_fra.1_2025-09-14_Paris_Sain_Lens,fra.1,,,Paris Saint-Germain,Lens,2025-09-14,2,0,FT,H,,,2026-07-27 03:45:42,
47343,fdd_fra.1_2025-09-20_Nantes_Stade_Renn,fra.1,,,Nantes,Stade Rennais,2025-09-20,2,2,FT,D,,,2026-07-27 03:45:42,
47344,fdd_fra.1_2025-09-20_Brest_Nice,fra.1,,,Brest,Nice,2025-09-20,4,1,FT,H,,,2026-07-27 03:45:42,
47345,fdd_fra.1_2025-09-20_Lens_Lille,fra.1,,,Lens,Lille,2025-09-20,3,0,FT,H,,,2026-07-27 03:45:42,
47346,fdd_fra.1_2025-09-21_Paris_FC_Strasbourg,fra.1,,,Paris FC,Strasbourg,2025-09-21,2,3,FT,A,,,2026-07-27 03:45:42,
47347,fdd_fra.1_2025-09-27_Toulouse_Nantes,fra.1,,,Toulouse,Nantes,2025-09-27,2,2,FT,D,,,2026-07-27 03:45:42,
47348,fdd_fra.1_2025-09-28_Nice_Paris_FC,fra.1,,,Nice,Paris FC,2025-09-28,1,1,FT,D,,,2026-07-27 03:45:42,
47349,fdd_fra.1_2025-09-28_Angers_Brest,fra.1,,,Angers,Brest,2025-09-28,0,2,FT,A,,,2026-07-27 03:45:42,
47350,fdd_fra.1_2025-09-28_Stade_Renn_Lens,fra.1,,,Stade Rennais,Lens,2025-09-28,0,0,FT,D,,,2026-07-27 03:45:42,
47351,fdd_fra.1_2025-10-03_Paris_FC_Lorient,fra.1,,,Paris FC,Lorient,2025-10-03,2,0,FT,H,,,2026-07-27 03:45:42,
47352,fdd_fra.1_2025-10-04_Brest_Nantes,fra.1,,,Brest,Nantes,2025-10-04,0,0,FT,D,,,2026-07-27 03:45:42,
47353,fdd_fra.1_2025-10-05_Strasbourg_Angers,fra.1,,,Strasbourg,Angers,2025-10-05,5,0,FT,H,,,2026-07-27 03:45:42,
47354,fdd_fra.1_2025-10-17_Paris_Sain_Strasbourg,fra.1,,,Paris Saint-Germain,Strasbourg,2025-10-17,3,3,FT,D,,,2026-07-27 03:45:42,
47355,fdd_fra.1_2025-10-19_Lens_Paris_FC,fra.1,,,Lens,Paris FC,2025-10-19,2,1,FT,H,,,2026-07-27 03:45:42,
47356,fdd_fra.1_2025-10-19_Lorient_Brest,fra.1,,,Lorient,Brest,2025-10-19,3,3,FT,D,,,2026-07-27 03:45:42,
47357,fdd_fra.1_2025-10-19_Toulouse_Metz,fra.1,,,Toulouse,Metz,2025-10-19,4,0,FT,H,,,2026-07-27 03:45:42,
47358,fdd_fra.1_2025-10-19_Nantes_Lille,fra.1,,,Nantes,Lille,2025-10-19,0,2,FT,A,,,2026-07-27 03:45:42,
47359,fdd_fra.1_2025-10-24_Paris_FC_Nantes,fra.1,,,Paris FC,Nantes,2025-10-24,1,2,FT,A,,,2026-07-27 03:45:42,
47360,fdd_fra.1_2025-10-25_Brest_Paris_Sain,fra.1,,,Brest,Paris Saint-Germain,2025-10-25,0,3,FT,A,,,2026-07-27 03:45:42,
47361,fdd_fra.1_2025-10-26_Lille_Metz,fra.1,,,Lille,Metz,2025-10-26,6,1,FT,H,,,2026-07-27 03:45:42,
47362,fdd_fra.1_2025-10-26_Angers_Lorient,fra.1,,,Angers,Lorient,2025-10-26,2,0,FT,H,,,2026-07-27 03:45:42,
47363,fdd_fra.1_2025-10-26_Stade_Renn_Nice,fra.1,,,Stade Rennais,Nice,2025-10-26,1,2,FT,A,,,2026-07-27 03:45:42,
47364,fdd_fra.1_2025-10-29_Lorient_Paris_Sain,fra.1,,,Lorient,Paris Saint-Germain,2025-10-29,1,1,FT,D,,,2026-07-27 03:45:42,
47365,fdd_fra.1_2025-10-29_Metz_Lens,fra.1,,,Metz,Lens,2025-10-29,2,0,FT,H,,,2026-07-27 03:45:42,
47366,fdd_fra.1_2025-10-29_Nice_Lille,fra.1,,,Nice,Lille,2025-10-29,2,0,FT,H,,,2026-07-27 03:45:42,
47367,fdd_fra.1_2025-10-29_Toulouse_Stade_Renn,fra.1,,,Toulouse,Stade Rennais,2025-10-29,2,2,FT,D,,,2026-07-27 03:45:42,
47368,fdd_fra.1_2025-11-01_Paris_Sain_Nice,fra.1,,,Paris Saint-Germain,Nice,2025-11-01,1,0,FT,H,,,2026-07-27 03:45:42,
47369,fdd_fra.1_2025-11-02_Stade_Renn_Strasbourg,fra.1,,,Stade Rennais,Strasbourg,2025-11-02,4,1,FT,H,,,2026-07-27 03:45:42,
47370,fdd_fra.1_2025-11-02_Lens_Lorient,fra.1,,,Lens,Lorient,2025-11-02,3,0,FT,H,,,2026-07-27 03:45:42,
47371,fdd_fra.1_2025-11-02_Lille_Angers,fra.1,,,Lille,Angers,2025-11-02,1,0,FT,H,,,2026-07-27 03:45:42,
47372,fdd_fra.1_2025-11-02_Nantes_Metz,fra.1,,,Nantes,Metz,2025-11-02,0,2,FT,A,,,2026-07-27 03:45:42,
47373,fdd_fra.1_2025-11-09_Lorient_Toulouse,fra.1,,,Lorient,Toulouse,2025-11-09,1,1,FT,D,,,2026-07-27 03:45:42,
47374,fdd_fra.1_2025-11-09_Metz_Nice,fra.1,,,Metz,Nice,2025-11-09,2,1,FT,H,,,2026-07-27 03:45:42,
47375,fdd_fra.1_2025-11-09_Strasbourg_Lille,fra.1,,,Strasbourg,Lille,2025-11-09,2,0,FT,H,,,2026-07-27 03:45:42,
47376,fdd_fra.1_2025-11-22_Lens_Strasbourg,fra.1,,,Lens,Strasbourg,2025-11-22,1,0,FT,H,,,2026-07-27 03:45:42,
47377,fdd_fra.1_2025-11-23_Brest_Metz,fra.1,,,Brest,Metz,2025-11-23,3,2,FT,H,,,2026-07-27 03:45:42,
47378,fdd_fra.1_2025-11-23_Nantes_Lorient,fra.1,,,Nantes,Lorient,2025-11-23,1,1,FT,D,,,2026-07-27 03:45:42,
47379,fdd_fra.1_2025-11-23_Toulouse_Angers,fra.1,,,Toulouse,Angers,2025-11-23,0,1,FT,A,,,2026-07-27 03:45:42,
47380,fdd_fra.1_2025-11-28_Metz_Stade_Renn,fra.1,,,Metz,Stade Rennais,2025-11-28,0,1,FT,A,,,2026-07-27 03:45:42,
47381,fdd_fra.1_2025-11-30_Strasbourg_Brest,fra.1,,,Strasbourg,Brest,2025-11-30,1,2,FT,A,,,2026-07-27 03:45:42,
47382,fdd_fra.1_2025-11-30_Angers_Lens,fra.1,,,Angers,Lens,2025-11-30,1,2,FT,A,,,2026-07-27 03:45:42,
47383,fdd_fra.1_2025-11-30_Lorient_Nice,fra.1,,,Lorient,Nice,2025-11-30,3,1,FT,H,,,2026-07-27 03:45:42,
47384,fdd_fra.1_2025-12-06_Nantes_Lens,fra.1,,,Nantes,Lens,2025-12-06,1,2,FT,A,,,2026-07-27 03:45:42,
47385,fdd_fra.1_2025-12-06_Toulouse_Strasbourg,fra.1,,,Toulouse,Strasbourg,2025-12-06,1,0,FT,H,,,2026-07-27 03:45:42,
47386,fdd_fra.1_2025-12-07_Nice_Angers,fra.1,,,Nice,Angers,2025-12-07,0,1,FT,A,,,2026-07-27 03:45:42,
47387,fdd_fra.1_2025-12-12_Angers_Nantes,fra.1,,,Angers,Nantes,2025-12-12,4,1,FT,H,,,2026-07-27 03:45:42,
47388,fdd_fra.1_2025-12-13_Stade_Renn_Brest,fra.1,,,Stade Rennais,Brest,2025-12-13,3,1,FT,H,,,2026-07-27 03:45:42,
47389,fdd_fra.1_2025-12-13_Metz_Paris_Sain,fra.1,,,Metz,Paris Saint-Germain,2025-12-13,2,3,FT,A,,,2026-07-27 03:45:42,
47390,fdd_fra.1_2025-12-13_Paris_FC_Toulouse,fra.1,,,Paris FC,Toulouse,2025-12-13,0,3,FT,A,,,2026-07-27 03:45:42,
47391,fdd_fra.1_2025-12-14_Lens_Nice,fra.1,,,Lens,Nice,2025-12-14,2,0,FT,H,,,2026-07-27 03:45:42,
47392,fdd_fra.1_2025-12-14_Strasbourg_Lorient,fra.1,,,Strasbourg,Lorient,2025-12-14,0,0,FT,D,,,2026-07-27 03:45:42,
47393,fdd_fra.1_2026-01-02_Toulouse_Lens,fra.1,,,Toulouse,Lens,2026-01-02,0,3,FT,A,,,2026-07-27 03:45:42,
47394,fdd_fra.1_2026-01-03_Nice_Strasbourg,fra.1,,,Nice,Strasbourg,2026-01-03,1,1,FT,D,,,2026-07-27 03:45:42,
47395,fdd_fra.1_2026-01-04_Lorient_Metz,fra.1,,,Lorient,Metz,2026-01-04,1,1,FT,D,,,2026-07-27 03:45:42,
47396,fdd_fra.1_2026-01-17_Toulouse_Nice,fra.1,,,Toulouse,Nice,2026-01-17,5,1,FT,H,,,2026-07-27 03:45:42,
47397,fdd_fra.1_2026-01-18_Strasbourg_Metz,fra.1,,,Strasbourg,Metz,2026-01-18,2,1,FT,H,,,2026-07-27 03:45:42,
47398,fdd_fra.1_2026-01-18_Nantes_Paris_FC,fra.1,,,Nantes,Paris FC,2026-01-18,1,2,FT,A,,,2026-07-27 03:45:42,
47399,fdd_fra.1_2026-01-24_Stade_Renn_Lorient,fra.1,,,Stade Rennais,Lorient,2026-01-24,0,2,FT,A,,,2026-07-27 03:45:42,
47400,fdd_fra.1_2026-01-25_Nantes_Nice,fra.1,,,Nantes,Nice,2026-01-25,1,4,FT,A,,,2026-07-27 03:45:42,
47401,fdd_fra.1_2026-01-25_Brest_Toulouse,fra.1,,,Brest,Toulouse,2026-01-25,0,2,FT,A,,,2026-07-27 03:45:42,
47402,fdd_fra.1_2026-01-25_Paris_FC_Angers,fra.1,,,Paris FC,Angers,2026-01-25,0,0,FT,D,,,2026-07-27 03:45:42,
47403,fdd_fra.1_2026-01-25_Lille_Strasbourg,fra.1,,,Lille,Strasbourg,2026-01-25,1,4,FT,A,,,2026-07-27 03:45:42,
47404,fdd_fra.1_2026-01-31_Lorient_Nantes,fra.1,,,Lorient,Nantes,2026-01-31,2,1,FT,H,,,2026-07-27 03:45:42,
47405,fdd_fra.1_2026-02-01_Angers_Metz,fra.1,,,Angers,Metz,2026-02-01,1,0,FT,H,,,2026-07-27 03:45:42,
47406,fdd_fra.1_2026-02-01_Nice_Brest,fra.1,,,Nice,Brest,2026-02-01,2,2,FT,D,,,2026-07-27 03:45:42,
47407,fdd_fra.1_2026-02-01_Strasbourg_Paris_Sain,fra.1,,,Strasbourg,Paris Saint-Germain,2026-02-01,1,2,FT,A,,,2026-07-27 03:45:42,
47408,fdd_fra.1_2026-02-06_Metz_Lille,fra.1,,,Metz,Lille,2026-02-06,0,0,FT,D,,,2026-07-27 03:45:42,
47409,fdd_fra.1_2026-02-07_Lens_Stade_Renn,fra.1,,,Lens,Stade Rennais,2026-02-07,3,1,FT,H,,,2026-07-27 03:45:42,
47410,fdd_fra.1_2026-02-07_Brest_Lorient,fra.1,,,Brest,Lorient,2026-02-07,2,0,FT,H,,,2026-07-27 03:45:42,
47411,fdd_fra.1_2026-02-08_Angers_Toulouse,fra.1,,,Angers,Toulouse,2026-02-08,1,0,FT,H,,,2026-07-27 03:45:42,
47412,fdd_fra.1_2026-02-14_Lille_Brest,fra.1,,,Lille,Brest,2026-02-14,1,1,FT,D,,,2026-07-27 03:45:42,
47413,fdd_fra.1_2026-02-14_Paris_FC_Lens,fra.1,,,Paris FC,Lens,2026-02-14,0,5,FT,A,,,2026-07-27 03:45:42,
47414,fdd_fra.1_2026-02-15_Lorient_Angers,fra.1,,,Lorient,Angers,2026-02-15,2,0,FT,H,,,2026-07-27 03:45:42,
47415,fdd_fra.1_2026-02-21_Toulouse_Paris_FC,fra.1,,,Toulouse,Paris FC,2026-02-21,1,1,FT,D,,,2026-07-27 03:45:42,
47416,fdd_fra.1_2026-02-21_Paris_Sain_Metz,fra.1,,,Paris Saint-Germain,Metz,2026-02-21,3,0,FT,H,,,2026-07-27 03:45:42,
47417,fdd_fra.1_2026-02-22_Angers_Lille,fra.1,,,Angers,Lille,2026-02-22,0,1,FT,A,,,2026-07-27 03:45:42,
47418,fdd_fra.1_2026-02-22_Nice_Lorient,fra.1,,,Nice,Lorient,2026-02-22,3,3,FT,D,,,2026-07-27 03:45:42,
47419,fdd_fra.1_2026-02-27_Strasbourg_Lens,fra.1,,,Strasbourg,Lens,2026-02-27,1,1,FT,D,,,2026-07-27 03:45:42,
47420,fdd_fra.1_2026-02-28_Stade_Renn_Toulouse,fra.1,,,Stade Rennais,Toulouse,2026-02-28,1,0,FT,H,,,2026-07-27 03:45:42,
47421,fdd_fra.1_2026-03-01_Paris_FC_Nice,fra.1,,,Paris FC,Nice,2026-03-01,1,0,FT,H,,,2026-07-27 03:45:42,
47422,fdd_fra.1_2026-03-01_Lille_Nantes,fra.1,,,Lille,Nantes,2026-03-01,1,0,FT,H,,,2026-07-27 03:45:42,
47423,fdd_fra.1_2026-03-01_Metz_Brest,fra.1,,,Metz,Brest,2026-03-01,0,1,FT,A,,,2026-07-27 03:45:42,
47424,fdd_fra.1_2026-03-07_Nantes_Angers,fra.1,,,Nantes,Angers,2026-03-07,0,1,FT,A,,,2026-07-27 03:45:42,
47425,fdd_fra.1_2026-03-08_Lens_Metz,fra.1,,,Lens,Metz,2026-03-08,3,0,FT,H,,,2026-07-27 03:45:42,
47426,fdd_fra.1_2026-03-08_Lille_Lorient,fra.1,,,Lille,Lorient,2026-03-08,1,1,FT,D,,,2026-07-27 03:45:42,
47427,fdd_fra.1_2026-03-08_Nice_Stade_Renn,fra.1,,,Nice,Stade Rennais,2026-03-08,0,4,FT,A,,,2026-07-27 03:45:42,
47428,fdd_fra.1_2026-03-14_Lorient_Lens,fra.1,,,Lorient,Lens,2026-03-14,2,1,FT,H,,,2026-07-27 03:45:42,
47429,fdd_fra.1_2026-03-14_Angers_Nice,fra.1,,,Angers,Nice,2026-03-14,0,2,FT,A,,,2026-07-27 03:45:42,
47430,fdd_fra.1_2026-03-15_Strasbourg_Paris_FC,fra.1,,,Strasbourg,Paris FC,2026-03-15,0,0,FT,D,,,2026-07-27 03:45:42,
47431,fdd_fra.1_2026-03-15_Metz_Toulouse,fra.1,,,Metz,Toulouse,2026-03-15,3,4,FT,A,,,2026-07-27 03:45:42,
47432,fdd_fra.1_2026-03-20_Lens_Angers,fra.1,,,Lens,Angers,2026-03-20,5,1,FT,H,,,2026-07-27 03:45:42,
47433,fdd_fra.1_2026-03-21_Toulouse_Lorient,fra.1,,,Toulouse,Lorient,2026-03-21,1,0,FT,H,,,2026-07-27 03:45:42,
47434,fdd_fra.1_2026-03-21_Nice_Paris_Sain,fra.1,,,Nice,Paris Saint-Germain,2026-03-21,0,4,FT,A,,,2026-07-27 03:45:42,
47435,fdd_fra.1_2026-03-22_Stade_Renn_Metz,fra.1,,,Stade Rennais,Metz,2026-03-22,0,0,FT,D,,,2026-07-27 03:45:42,
47436,fdd_fra.1_2026-03-22_Nantes_Strasbourg,fra.1,,,Nantes,Strasbourg,2026-03-22,2,3,FT,A,,,2026-07-27 03:45:42,
47437,fdd_fra.1_2026-04-03_Paris_Sain_Toulouse,fra.1,,,Paris Saint-Germain,Toulouse,2026-04-03,3,1,FT,H,,,2026-07-27 03:45:42,
47438,fdd_fra.1_2026-04-04_Strasbourg_Nice,fra.1,,,Strasbourg,Nice,2026-04-04,3,1,FT,H,,,2026-07-27 03:45:42,
47439,fdd_fra.1_2026-04-04_Brest_Stade_Renn,fra.1,,,Brest,Stade Rennais,2026-04-04,3,4,FT,A,,,2026-07-27 03:45:42,
47440,fdd_fra.1_2026-04-04_Lille_Lens,fra.1,,,Lille,Lens,2026-04-04,3,0,FT,H,,,2026-07-27 03:45:42,
47441,fdd_fra.1_2026-04-05_Lorient_Paris_FC,fra.1,,,Lorient,Paris FC,2026-04-05,1,1,FT,D,,,2026-07-27 03:45:42,
47442,fdd_fra.1_2026-04-05_Metz_Nantes,fra.1,,,Metz,Nantes,2026-04-05,0,0,FT,D,,,2026-07-27 03:45:42,
47443,fdd_fra.1_2026-04-11_Stade_Renn_Angers,fra.1,,,Stade Rennais,Angers,2026-04-11,2,1,FT,H,,,2026-07-27 03:45:42,
47444,fdd_fra.1_2026-04-12_Toulouse_Lille,fra.1,,,Toulouse,Lille,2026-04-12,0,4,FT,A,,,2026-07-27 03:45:42,
47445,fdd_fra.1_2026-04-17_Lens_Toulouse,fra.1,,,Lens,Toulouse,2026-04-17,3,2,FT,H,,,2026-07-27 03:45:42,
47446,fdd_fra.1_2026-04-18_Lille_Nice,fra.1,,,Lille,Nice,2026-04-18,0,0,FT,D,,,2026-07-27 03:45:42,
47447,fdd_fra.1_2026-04-19_Metz_Paris_FC,fra.1,,,Metz,Paris FC,2026-04-19,1,3,FT,A,,,2026-07-27 03:45:42,
47448,fdd_fra.1_2026-04-19_Nantes_Brest,fra.1,,,Nantes,Brest,2026-04-19,1,1,FT,D,,,2026-07-27 03:45:42,
47449,fdd_fra.1_2026-04-19_Strasbourg_Stade_Renn,fra.1,,,Strasbourg,Stade Rennais,2026-04-19,0,3,FT,A,,,2026-07-27 03:45:42,
47450,fdd_fra.1_2026-04-22_Paris_Sain_Nantes,fra.1,,,Paris Saint-Germain,Nantes,2026-04-22,3,0,FT,H,,,2026-07-27 03:45:42,
47451,fdd_fra.1_2026-04-24_Brest_Lens,fra.1,,,Brest,Lens,2026-04-24,3,3,FT,D,,,2026-07-27 03:45:42,
47452,fdd_fra.1_2026-04-25_Angers_Paris_Sain,fra.1,,,Angers,Paris Saint-Germain,2026-04-25,0,3,FT,A,,,2026-07-27 03:45:42,
47453,fdd_fra.1_2026-04-26_Lorient_Strasbourg,fra.1,,,Lorient,Strasbourg,2026-04-26,2,3,FT,A,,,2026-07-27 03:45:42,
47454,fdd_fra.1_2026-04-26_Stade_Renn_Nantes,fra.1,,,Stade Rennais,Nantes,2026-04-26,2,1,FT,H,,,2026-07-27 03:45:42,
47455,fdd_fra.1_2026-05-02_Paris_Sain_Lorient,fra.1,,,Paris Saint-Germain,Lorient,2026-05-02,2,2,FT,D,,,2026-07-27 03:45:42,
47456,fdd_fra.1_2026-05-02_Nice_Lens,fra.1,,,Nice,Lens,2026-05-02,1,1,FT,D,,,2026-07-27 03:45:42,
47457,fdd_fra.1_2026-05-03_Paris_FC_Brest,fra.1,,,Paris FC,Brest,2026-05-03,4,0,FT,H,,,2026-07-27 03:45:42,
47458,fdd_fra.1_2026-05-03_Strasbourg_Toulouse,fra.1,,,Strasbourg,Toulouse,2026-05-03,1,2,FT,A,,,2026-07-27 03:45:42,
47459,fdd_fra.1_2026-05-08_Lens_Nantes,fra.1,,,Lens,Nantes,2026-05-08,1,0,FT,H,,,2026-07-27 03:45:42,
47460,fdd_fra.1_2026-05-10_Angers_Strasbourg,fra.1,,,Angers,Strasbourg,2026-05-10,1,1,FT,D,,,2026-07-27 03:45:42,
47461,fdd_fra.1_2026-05-10_Metz_Lorient,fra.1,,,Metz,Lorient,2026-05-10,0,4,FT,A,,,2026-07-27 03:45:42,
47462,fdd_fra.1_2026-05-10_Paris_Sain_Brest,fra.1,,,Paris Saint-Germain,Brest,2026-05-10,1,0,FT,H,,,2026-07-27 03:45:42,
47463,fdd_fra.1_2026-05-13_Brest_Strasbourg,fra.1,,,Brest,Strasbourg,2026-05-13,1,2,FT,A,,,2026-07-27 03:45:42,
47464,fdd_fra.1_2026-05-13_Lens_Paris_Sain,fra.1,,,Lens,Paris Saint-Germain,2026-05-13,0,2,FT,A,,,2026-07-27 03:45:42,
47465,fdd_fra.1_2026-05-17_Brest_Angers,fra.1,,,Brest,Angers,2026-05-17,1,1,FT,D,,,2026-07-27 03:45:42,
47466,fdd_fra.1_2026-05-17_Nantes_Toulouse,fra.1,,,Nantes,Toulouse,2026-05-17,0,0,FT,D,,,2026-07-27 03:45:42,
47467,fdd_fra.1_2026-05-17_Nice_Metz,fra.1,,,Nice,Metz,2026-05-17,0,0,FT,D,,,2026-07-27 03:45:42,
47468,uefa_q2_4776319,uefa.europa,,,Tromso,Hradec Kralove,2026-07-23,0,1,Ended,away_win,,,,
47469,uefa_q2_4776315,uefa.europa,,,Hammarby,Anderlecht,2026-07-23,1,1,Ended,draw,,,,
47470,uefa_q2_4776318,uefa.europa,,,Besiktas,FC Midtjylland,2026-07-23,1,0,Ended,home_win,,,,
47471,uefa_q2_4776317,uefa.europa,,,FC St. Gallen,Benfica,2026-07-23,2,1,Ended,home_win,,,,
47472,uefa_q2_4776313,uefa.europa,,,Twente,Ferencvaros,2026-07-23,1,2,Ended,away_win,,,,
47473,uefa_q2_4776314,uefa.europa,,,HNK Hajduk Split,Pafos FC,2026-07-23,2,0,Ended,home_win,,,,
47478,365scores_4771745_leg2,uefa.champions,,,KuPS,Sabah,2026-07-28,0,2,Ended,away_win,,,2026-07-29 08:42:45,
47479,365scores_4771746_leg2,uefa.champions,,,Lincoln Red Imps,Mjällby AIF,2026-07-28,0,0,Ended,draw,,,2026-07-29 08:42:45,
47480,365scores_4740178_leg2,uefa.champions,,,Hearts,Sturm Graz,2026-07-28,0,2,Ended,away_win,,,2026-07-29 08:42:45,
47481,365scores_4771754_leg2,uefa.champions,,,Shamrock,FC Ararat-Armenia,2026-07-28,2,1,Ended,home_win,,,2026-07-29 08:42:45,
47531,uefa.europa.conf_QFEuR1QH,uefa.europa.conf,,,Tobol,FK Panevezys,2026-07-30,1,1,post,D,,,2026-07-31T11:24:24.510102,2026-07-31T11:24:24.510118
47532,uefa.europa.conf_AHPv11LG,uefa.europa.conf,,,Auda,FCSB,2026-07-30,4,1,post,H,,,2026-07-31T11:24:24.510234,2026-07-31T11:24:24.510237
47533,uefa.europa.conf_hfnkmZqB,uefa.europa.conf,,,Ilves,Stjarnan,2026-07-30,2,1,post,H,,,2026-07-31T11:24:24.510252,2026-07-31T11:24:24.510254
47534,uefa.europa.conf_ju1ujqWA,uefa.europa.conf,,,Inter Turku,Basaksehir,2026-07-30,2,0,post,H,,,2026-07-31T11:24:24.510265,2026-07-31T11:24:24.510266
47535,uefa.europa.conf_lAuS4Rum,uefa.europa.conf,,,Jablonec,Varazdin,2026-07-30,2,0,post,H,,,2026-07-31T11:24:24.510275,2026-07-31T11:24:24.510276
47536,uefa.europa.conf_nVpRBUCb,uefa.europa.conf,,,Kalju,Shelbourne,2026-07-30,2,1,post,H,,,2026-07-31T11:24:24.510289,2026-07-31T11:24:24.510290
47537,uefa.europa.conf_lWt2MtNc,uefa.europa.conf,,,Noah,Zimbru Chisinau,2026-07-30,2,1,post,H,,,2026-07-31T11:24:24.510299,2026-07-31T11:24:24.510301
47538,uefa.europa.conf_KMgnHUmg,uefa.europa.conf,,,Pyunik Yerevan,Debrecen,2026-07-30,0,0,post,D,,,2026-07-31T11:24:24.510310,2026-07-31T11:24:24.510311
47539,uefa.europa.conf_xIQzFaOM,uefa.europa.conf,,,Zira,Paide,2026-07-30,1,1,post,D,,,2026-07-31T11:24:24.510320,2026-07-31T11:24:24.510321
47540,uefa.europa.conf_2Dok5wVF,uefa.europa.conf,,,Levadia,Goteborg,2026-07-30,1,3,post,A,,,2026-07-31T11:24:24.510332,2026-07-31T11:24:24.510333
47541,uefa.europa_KGEPiKp1,uefa.europa,,,Hradec Kralove,Tromso,2026-07-30,3,1,post,H,,,2026-07-31T11:24:24.510340,2026-07-31T11:24:24.510341
47542,uefa.europa_rTSiMdZg,uefa.europa,,,Midtjylland,Besiktas,2026-07-30,0,2,post,A,,,2026-07-31T11:24:24.510349,2026-07-31T11:24:24.510350
47543,uefa.europa_WIzEHaqK,uefa.europa,,,Pafos,Hajduk Split,2026-07-30,4,0,post,H,,,2026-07-31T11:24:24.510358,2026-07-31T11:24:24.510359
47544,uefa.europa.conf_jq1Jkpe3,uefa.europa.conf,,,Brann,U. Cluj,2026-07-30,3,1,post,H,,,2026-07-31T11:24:24.510369,2026-07-31T11:24:24.510370
47545,uefa.europa.conf_8lusDUxB,uefa.europa.conf,,,Din. Minsk,Neftci Baku,2026-07-30,0,1,post,A,,,2026-07-31T11:24:24.510379,2026-07-31T11:24:24.510380
47546,uefa.europa.conf_IydxYg5d,uefa.europa.conf,,,Gyor,Bissen,2026-07-30,1,1,post,D,,,2026-07-31T11:24:24.510391,2026-07-31T11:24:24.510392
47547,uefa.europa.conf_lGU7C2BO,uefa.europa.conf,,,HB Torshavn,Motherwell,2026-07-30,0,3,post,A,,,2026-07-31T11:24:24.510402,2026-07-31T11:24:24.510403
47548,uefa.europa.conf_hGiQFXSg,uefa.europa.conf,,,Nordsjaelland,GAIS,2026-07-30,6,0,post,H,,,2026-07-31T11:24:24.510414,2026-07-31T11:24:24.510416
47549,uefa.europa.conf_Y5DMDVIl,uefa.europa.conf,,,Petrocub,Borac Banja Luka,2026-07-30,3,3,post,D,,,2026-07-31T11:24:24.510426,2026-07-31T11:24:24.510428
47550,uefa.europa.conf_CGpZjHpn,uefa.europa.conf,,,Velez Mostar,Dun. Streda,2026-07-30,0,3,post,A,,,2026-07-31T11:24:24.510438,2026-07-31T11:24:24.510439
47551,uefa.europa.conf_IZz0u04N,uefa.europa.conf,,,Zalgiris,Dinamo Tbilisi,2026-07-30,7,2,post,H,,,2026-07-31T11:24:24.510450,2026-07-31T11:24:24.510451
47552,uefa.europa.conf_WCcjYIXp,uefa.europa.conf,,,Beitar Jerusalem,AEK Larnaca,2026-07-30,2,3,post,A,,,2026-07-31T11:24:24.510462,2026-07-31T11:24:24.510463
47553,uefa.europa.conf_Sd2UT50m,uefa.europa.conf,,,Derry City,Rijeka,2026-07-30,0,1,post,A,,,2026-07-31T11:24:24.510473,2026-07-31T11:24:24.510475
47554,uefa.europa.conf_EuJ9DMyh,uefa.europa.conf,,,TNS,Flora,2026-07-30,1,0,post,H,,,2026-07-31T11:24:24.510486,2026-07-31T11:24:24.510487
47555,uefa.europa.conf_6mVieWle,uefa.europa.conf,,,Valletta,Rakow,2026-07-30,0,4,post,A,,,2026-07-31T11:24:24.510498,2026-07-31T11:24:24.510499
47556,uefa.europa_KIqaUGCs,uefa.europa,,,PAOK,Dyn. Kyiv,2026-07-30,2,0,post,H,,,2026-07-31T11:24:24.510506,2026-07-31T11:24:24.510507
47557,uefa.europa_j5dcYcrJ,uefa.europa,,,CSKA Sofia,Qarabag,2026-07-30,0,0,post,D,,,2026-07-31T11:24:24.510515,2026-07-31T11:24:24.510516
47558,uefa.europa.conf_U9tEMoRG,uefa.europa.conf,,,Ajax,Vojvodina,2026-07-30,4,1,post,H,,,2026-07-31T11:24:24.510527,2026-07-31T11:24:24.510528
47559,uefa.europa.conf_U7JCBOpJ,uefa.europa.conf,,,FC Ballkani,Bohemians,2026-07-30,3,2,post,H,,,2026-07-31T11:24:24.510539,2026-07-31T11:24:24.510540
47560,uefa.europa.conf_Qg3p4a7T,uefa.europa.conf,,,Ludogorets,Hapoel Tel Aviv,2026-07-30,2,2,post,D,,,2026-07-31T11:24:24.510552,2026-07-31T11:24:24.510553
47561,uefa.europa.conf_dMakHSGs,uefa.europa.conf,,,Shkendija,Bravo,2026-07-30,3,1,post,H,,,2026-07-31T11:24:24.510566,2026-07-31T11:24:24.510567
47562,uefa.europa.conf_n9HPeLl4,uefa.europa.conf,,,Sion,BATE,2026-07-30,4,0,post,H,,,2026-07-31T11:24:24.510579,2026-07-31T11:24:24.510580
47563,uefa.europa.conf_tSbHH28r,uefa.europa.conf,,,UNA Strassen,Partizan,2026-07-30,0,1,post,A,,,2026-07-31T11:24:24.510592,2026-07-31T11:24:24.510593
47564,uefa.europa_Q7OvXDmC,uefa.europa,,,Anderlecht,Hammarby,2026-07-30,3,1,post,H,,,2026-07-31T11:24:24.510601,2026-07-31T11:24:24.510602
47565,uefa.europa_bsKJRzyH,uefa.europa,,,Ferencvaros,Twente,2026-07-30,2,2,post,D,,,2026-07-31T11:24:24.510620,2026-07-31T11:24:24.510621
47566,uefa.europa.conf_CvgpRohC,uefa.europa.conf,,,Austria Vienna,FK Liepaja,2026-07-30,3,1,post,H,,,2026-07-31T11:24:24.510634,2026-07-31T11:24:24.510635
47567,uefa.europa.conf_vij2DnmI,uefa.europa.conf,,,CFR Cluj,Alashkert,2026-07-30,3,0,post,H,,,2026-07-31T11:24:24.510647,2026-07-31T11:24:24.510648
47568,uefa.europa.conf_AP7PUqRh,uefa.europa.conf,,,Gent,LNZ Cherkasy,2026-07-30,0,0,post,D,,,2026-07-31T11:24:24.510660,2026-07-31T11:24:24.510662
47569,uefa.europa.conf_jPAPT2Yq,uefa.europa.conf,,,GKS Katowice,Zilina,2026-07-30,3,1,post,H,,,2026-07-31T11:24:24.510674,2026-07-31T11:24:24.510675
47570,uefa.europa.conf_lK2nNFzK,uefa.europa.conf,,,Panathinaikos,Paks,2026-07-30,2,2,post,D,,,2026-07-31T11:24:24.510688,2026-07-31T11:24:24.510689
47571,uefa.europa.conf_KEiV7s84,uefa.europa.conf,,,Zrinjski,Valur,2026-07-30,2,2,post,D,,,2026-07-31T11:24:24.510701,2026-07-31T11:24:24.510702
47572,uefa.europa.conf_8xTiGpCa,uefa.europa.conf,,,Coleraine,HJK,2026-07-30,0,3,post,A,,,2026-07-31T11:24:24.510727,2026-07-31T11:24:24.510729
47573,uefa.europa.conf_UBDsWzAC,uefa.europa.conf,,,Koper,NSI Runavik,2026-07-30,1,3,post,A,,,2026-07-31T11:24:24.510746,2026-07-31T11:24:24.510748
47574,uefa.europa_2cP7IEYI,uefa.europa,,,Benfica,St. Gallen,2026-07-30,5,0,post,H,,,2026-07-31T11:24:24.510760,2026-07-31T11:24:24.510761
47575,uefa.europa.conf_Eg2dqqtn,uefa.europa.conf,,,Braga,Zeleznicar Pancevo,2026-07-30,4,0,post,H,,,2026-07-31T11:24:24.510774,2026-07-31T11:24:24.510775
47576,uefa.europa.conf_UyLbQTRi,uefa.europa.conf,,,Dinamo Tirana,Aluminij,2026-07-30,3,0,post,H,,,2026-07-31T11:24:24.510789,2026-07-31T11:24:24.510790
47577,uefa.europa.conf_f9PtC515,uefa.europa.conf,,,Hibernian,Malisheva,2026-07-30,4,1,post,H,,,2026-07-31T11:24:24.510803,2026-07-31T11:24:24.510804
47578,uefa.europa.conf_EcWRaICd,uefa.europa.conf,,,Sutjeska,ML Vitebsk,2026-07-30,1,2,post,A,,,2026-07-31T11:24:24.510817,2026-07-31T11:24:24.510818
47579,uefa.europa.conf_YPLoyotA,uefa.europa.conf,,,Vestri,RFS,2026-07-30,1,1,post,D,,,2026-07-31T11:24:24.510829,2026-07-31T11:24:24.510830
47580,espn_uefa.champions_qual_20260804_Ararat-Armenia,uefa.champions_qual,,,Ararat-Armenia,NK Celje,2026-08-04,2,1,Ended,home_win,,,2026-08-05T02:39:17.023581,2026-08-05T02:39:17.023591
47581,espn_uefa.champions_qual_20260804_Mjällby AIF,uefa.champions_qual,,,Mjällby AIF,Slovan Bratislava,2026-08-04,1,2,Ended,away_win,,,2026-08-05T02:39:17.023667,2026-08-05T02:39:17.023668
47582,espn_uefa.champions_qual_20260804_Hapoel Be'er,uefa.champions_qual,,,Hapoel Be'er,Red Star Belgrade,2026-08-04,1,0,Ended,home_win,,,2026-08-05T02:39:17.023686,2026-08-05T02:39:17.023687
47583,espn_uefa.champions_qual_20260804_Levski Sofia,uefa.champions_qual,,,Levski Sofia,Kairat Almaty,2026-08-04,1,0,Ended,home_win,,,2026-08-05T02:39:17.023701,2026-08-05T02:39:17.023702
47584,espn_uefa.champions_qual_20260804_Dinamo Zagreb,uefa.champions_qual,,,Dinamo Zagreb,Kauno Zalgiris,2026-08-04,5,0,Ended,home_win,,,2026-08-05T02:39:17.023714,2026-08-05T02:39:17.023715
47585,espn_uefa.champions_qual_20260804_Olympiacos,uefa.champions_qual,,,Olympiacos,NEC Nijmegen,2026-08-04,0,0,Ended,draw,,,2026-08-05T02:39:17.023747,2026-08-05T02:39:17.023747
47586,espn_uefa.champions_qual_20260804_Sparta Prague,uefa.champions_qual,,,Sparta Prague,Lyon,2026-08-04,2,1,Ended,home_win,,,2026-08-05T02:39:17.023759,2026-08-05T02:39:17.023760
47587,espn_uefa.champions_qual_20260804_Union St.-Gillo,uefa.champions_qual,,,Union St.-Gilloise,Bodo/Glimt,2026-08-04,3,3,Ended,draw,,,2026-08-05T02:39:17.023782,2026-08-05T02:39:17.023783
47588,espn_uefa.europa_qual_20260804_Larne,uefa.europa_qual,,,Larne,Iberia 1999,2026-08-04,0,0,Ended,draw,,,2026-08-05T02:39:17.224492,2026-08-05T02:39:17.224501
47589,espn_uefa.europa_qual_20260804_Shamrock Rovers,uefa.europa_qual,,,Shamrock Rovers,Egnatia,2026-08-04,3,1,Ended,home_win,,,2026-08-05T02:39:17.224593,2026-08-05T02:39:17.224595
47590,espn_uefa.europa.conf_qual_20260804_FK Auda,uefa.europa.conf_qual,,,FK Auda,Dinamo City,2026-08-04,1,0,Ended,home_win,,,2026-08-05T02:39:17.411891,2026-08-05T02:39:17.411900
47657,365scores_4800632_leg1,uefa.europa,,,Red Bull Salzburg,Pafos FC,2026-08-06,1,0,Ended,home_win,,,2026-08-13 22:01:54,
47658,365scores_4800628_leg1,uefa.europa,,,Hradec Kralove,Besiktas,2026-08-06,0,1,Ended,away_win,,,2026-08-13 22:01:54,
47659,365scores_4800630_leg1,uefa.europa,,,PAOK,Anderlecht,2026-08-06,0,1,Ended,away_win,,,2026-08-13 22:01:54,
47660,365scores_4800626_leg1,uefa.europa,,,FC Thun,Vikingur,2026-08-06,3,0,Ended,home_win,,,2026-08-13 22:01:54,
47661,365scores_4800634_leg1,uefa.europa,,,Benfica,Hearts,2026-08-06,6,1,Ended,home_win,,,2026-08-13 22:01:54,
47662,365scores_4800619_leg2,uefa.europa,,,Omonia,Lincoln Red Imps,2026-08-13,1,0,Ended,home_win,,,2026-08-13 22:01:54,
47663,365scores_4800621_leg2,uefa.europa,,,CS Universitatea Craiova,KuPS,2026-08-13,2,1,Ended,home_win,,,2026-08-13 22:01:54,
47664,365scores_4800629_leg2,uefa.europa,,,Besiktas,Hradec Kralove,2026-08-13,1,0,Ended,home_win,,,2026-08-13 22:01:54,
47665,365scores_4800633_leg2,uefa.europa,,,Pafos FC,Red Bull Salzburg,2026-08-13,3,3,Ended,draw,,,2026-08-13 22:01:54,
47666,365scores_4800637_leg2,uefa.europa,,,Gornik Zabrze,Ferencvaros,2026-08-13,1,1,Ended,draw,,,2026-08-13 22:01:54,
47713,365scores_4800627_leg2,uefa.europa,,,Vikingur,FC Thun,2026-08-13,3,2,Ended,home_win,,,2026-08-14 22:01:42,
47764,365scores_4797778_leg2,uefa.champions,,,FK Crvena zvezda,Hapoel Beer Sheva,2026-08-11,0,2,Ended,away_win,,,2026-08-15 22:01:15,
47765,365scores_4798278_leg2,uefa.champions,,,Slovan Bratislava,Mjällby AIF,2026-08-11,2,0,Ended,home_win,,,2026-08-15 22:01:15,
47766,365scores_4797325_leg2,uefa.champions,,,NK Celje,FC Ararat-Armenia,2026-08-11,2,0,Ended,home_win,,,2026-08-15 22:01:15,
47767,365scores_4798277_leg2,uefa.champions,,,Sturm Graz,Fenerbahçe SK,2026-08-11,0,1,Ended,away_win,,,2026-08-15 22:01:15,
47768,365scores_4779515_leg2,uefa.champions,,,Lyon,Sparta Praha,2026-08-11,3,0,Ended,home_win,,,2026-08-15 22:01:15,
47769,365scores_4800341_leg2,uefa.europa,,,CSKA Sofia,Maccabi Tel Aviv,2026-08-13,1,3,Ended,away_win,,,2026-08-15 22:01:16,
47770,365scores_4800631_leg2,uefa.europa,,,Anderlecht,PAOK,2026-08-13,3,2,Ended,home_win,,,2026-08-15 22:01:16,
47771,365scores_4779522_leg2,uefa.europa,,,Rangers,Jagiellonia,2026-08-13,1,1,Ended,draw,,,2026-08-15 22:01:16,
47772,365scores_4800635_leg2,uefa.europa,,,Hearts,Benfica,2026-08-13,1,1,Ended,draw,,,2026-08-15 22:01:16,
47773,365scores_4800623_leg2,uefa.europa,,,KF Egnatia,Shamrock,2026-08-13,5,1,Ended,home_win,,,2026-08-15 22:01:16,
47774,365scores_4800625_leg2,uefa.europa,,,KÍ Klaksvík,Lech Poznan,2026-08-14,0,5,Ended,away_win,,,2026-08-15 22:01:16,
