id,league_slug,match_date,home_team,away_team,bookmaker,home_odds,draw_odds,away_odds,over_2_5_odds,under_2_5_odds,fetched_at
1753,eng.1,2025-08-15,Liverpool,AFC Bournemouth,B365,1.3,6.0,8.5,1.36,3.2,2026-07-27 11:39:40
1754,eng.1,2025-08-15,Liverpool,AFC Bournemouth,Pinnacle,1.28,6.56,9.07,1.37,3.26,2026-07-27 11:39:40
1755,eng.1,2025-08-15,Liverpool,AFC Bournemouth,Betway,1.32,5.5,7.5,,,2026-07-27 11:39:40
1756,eng.1,2025-08-15,Liverpool,AFC Bournemouth,Coral,1.33,5.75,8.0,,,2026-07-27 11:39:40
1757,eng.1,2025-08-15,Liverpool,AFC Bournemouth,Ladbrokes,1.33,5.75,7.5,,,2026-07-27 11:39:40
1758,eng.1,2025-08-16,Aston Villa,Newcastle United,B365,2.25,3.5,2.9,1.62,2.3,2026-07-27 11:39:40
1759,eng.1,2025-08-16,Aston Villa,Newcastle United,Pinnacle,2.24,3.72,3.13,1.65,2.33,2026-07-27 11:39:40
1760,eng.1,2025-08-16,Aston Villa,Newcastle United,Betway,2.3,3.6,2.87,,,2026-07-27 11:39:40
1761,eng.1,2025-08-16,Aston Villa,Newcastle United,Coral,2.3,3.6,2.87,,,2026-07-27 11:39:40
1762,eng.1,2025-08-16,Aston Villa,Newcastle United,Ladbrokes,2.3,3.6,2.87,,,2026-07-27 11:39:40
1763,eng.1,2025-08-16,Brighton & Hove Albion,Fulham,B365,1.91,3.6,4.0,1.73,2.1,2026-07-27 11:39:40
1764,eng.1,2025-08-16,Brighton & Hove Albion,Fulham,Pinnacle,1.94,3.73,3.98,1.76,2.15,2026-07-27 11:39:40
1765,eng.1,2025-08-16,Brighton & Hove Albion,Fulham,Betway,1.9,3.6,3.9,,,2026-07-27 11:39:40
1766,eng.1,2025-08-16,Brighton & Hove Albion,Fulham,Coral,1.91,3.6,3.9,,,2026-07-27 11:39:40
1767,eng.1,2025-08-16,Brighton & Hove Albion,Fulham,Ladbrokes,1.91,3.6,3.9,,,2026-07-27 11:39:40
1768,eng.1,2025-08-16,Sunderland,West Ham United,B365,3.25,3.4,2.25,1.93,1.93,2026-07-27 11:39:40
1769,eng.1,2025-08-16,Sunderland,West Ham United,Pinnacle,3.27,3.43,2.29,1.98,1.91,2026-07-27 11:39:40
1770,eng.1,2025-08-16,Sunderland,West Ham United,Betway,3.1,3.4,2.25,,,2026-07-27 11:39:40
1771,eng.1,2025-08-16,Sunderland,West Ham United,Coral,3.1,3.4,2.25,,,2026-07-27 11:39:40
1772,eng.1,2025-08-16,Sunderland,West Ham United,Ladbrokes,3.1,3.4,2.25,,,2026-07-27 11:39:40
1773,eng.1,2025-08-16,Tottenham Hotspur,Burnley,B365,1.38,4.75,8.5,1.73,2.1,2026-07-27 11:39:40
1774,eng.1,2025-08-16,Tottenham Hotspur,Burnley,Pinnacle,1.4,4.71,8.79,1.74,2.17,2026-07-27 11:39:40
1775,eng.1,2025-08-16,Tottenham Hotspur,Burnley,Betway,1.39,4.8,8.0,,,2026-07-27 11:39:40
1776,eng.1,2025-08-16,Tottenham Hotspur,Burnley,Coral,1.4,4.8,8.0,,,2026-07-27 11:39:40
1777,eng.1,2025-08-16,Tottenham Hotspur,Burnley,Ladbrokes,1.4,4.8,8.0,,,2026-07-27 11:39:40
1778,eng.1,2025-08-16,Wolverhampton Wanderers,Manchester City,B365,6.25,4.75,1.45,1.62,2.3,2026-07-27 11:39:40
1779,eng.1,2025-08-16,Wolverhampton Wanderers,Manchester City,Pinnacle,6.72,4.92,1.46,1.66,2.31,2026-07-27 11:39:40
1780,eng.1,2025-08-16,Wolverhampton Wanderers,Manchester City,Betway,6.75,4.6,1.46,,,2026-07-27 11:39:40
1781,eng.1,2025-08-16,Wolverhampton Wanderers,Manchester City,Coral,6.5,4.6,1.44,,,2026-07-27 11:39:40
1782,eng.1,2025-08-16,Wolverhampton Wanderers,Manchester City,Ladbrokes,6.5,4.6,1.44,,,2026-07-27 11:39:40
1783,eng.1,2025-08-17,Chelsea,Crystal Palace,B365,1.62,4.33,4.5,1.67,2.2,2026-07-27 11:39:40
1784,eng.1,2025-08-17,Chelsea,Crystal Palace,Pinnacle,1.66,4.12,5.25,1.67,2.29,2026-07-27 11:39:40
1785,eng.1,2025-08-17,Chelsea,Crystal Palace,Betway,1.6,4.2,5.25,,,2026-07-27 11:39:40
1786,eng.1,2025-08-17,Chelsea,Crystal Palace,Coral,1.6,4.2,5.25,,,2026-07-27 11:39:40
1787,eng.1,2025-08-17,Chelsea,Crystal Palace,Ladbrokes,1.6,4.2,5.0,,,2026-07-27 11:39:40
1788,eng.1,2025-08-17,Nott'm Forest,Brentford,B365,2.2,3.3,3.5,2.0,1.85,2026-07-27 11:39:40
1789,eng.1,2025-08-17,Nott'm Forest,Brentford,Pinnacle,2.25,3.38,3.4,2.01,1.88,2026-07-27 11:39:40
1790,eng.1,2025-08-17,Nott'm Forest,Brentford,Betway,2.15,3.4,3.4,,,2026-07-27 11:39:40
1791,eng.1,2025-08-17,Nott'm Forest,Brentford,Coral,2.15,3.4,3.4,,,2026-07-27 11:39:40
1792,eng.1,2025-08-17,Nott'm Forest,Brentford,Ladbrokes,2.15,3.4,3.3,,,2026-07-27 11:39:40
1793,eng.1,2025-08-17,Manchester United,Arsenal,B365,3.6,3.6,1.95,1.83,2.03,2026-07-27 11:39:40
1794,eng.1,2025-08-17,Manchester United,Arsenal,Pinnacle,3.74,3.72,2.01,1.84,2.06,2026-07-27 11:39:40
1795,eng.1,2025-08-17,Manchester United,Arsenal,Betway,3.4,3.5,2.1,,,2026-07-27 11:39:40
1796,eng.1,2025-08-17,Manchester United,Arsenal,Coral,3.4,3.5,2.1,,,2026-07-27 11:39:40
1797,eng.1,2025-08-17,Manchester United,Arsenal,Ladbrokes,3.4,3.5,2.05,,,2026-07-27 11:39:40
1798,eng.1,2025-08-18,Leeds United,Everton,B365,2.38,3.3,3.0,2.1,1.73,2026-07-27 11:39:40
1799,eng.1,2025-08-18,Leeds United,Everton,Pinnacle,2.37,3.52,3.06,2.11,1.79,2026-07-27 11:39:40
1800,eng.1,2025-08-18,Leeds United,Everton,Betway,2.4,3.25,2.95,,,2026-07-27 11:39:40
1801,eng.1,2025-08-18,Leeds United,Everton,Coral,2.4,3.25,3.0,,,2026-07-27 11:39:40
1802,eng.1,2025-08-18,Leeds United,Everton,Ladbrokes,2.4,3.25,2.9,,,2026-07-27 11:39:40
1803,eng.1,2025-08-22,West Ham United,Chelsea,B365,4.75,3.8,1.73,1.73,2.1,2026-07-27 11:39:40
1804,eng.1,2025-08-22,West Ham United,Chelsea,Pinnacle,4.94,3.95,1.74,1.75,2.17,2026-07-27 11:39:40
1805,eng.1,2025-08-22,West Ham United,Chelsea,Betway,4.6,3.9,1.72,,,2026-07-27 11:39:40
1806,eng.1,2025-08-22,West Ham United,Chelsea,Coral,4.6,3.9,1.73,,,2026-07-27 11:39:40
1807,eng.1,2025-08-22,West Ham United,Chelsea,Ladbrokes,4.5,3.8,1.73,,,2026-07-27 11:39:40
1808,eng.1,2025-08-23,Manchester City,Tottenham Hotspur,B365,1.48,4.5,6.25,1.44,2.75,2026-07-27 11:39:40
1809,eng.1,2025-08-23,Manchester City,Tottenham Hotspur,Pinnacle,1.49,5.0,6.01,1.48,2.73,2026-07-27 11:39:40
1810,eng.1,2025-08-23,Manchester City,Tottenham Hotspur,Betway,1.47,4.6,6.25,,,2026-07-27 11:39:40
1811,eng.1,2025-08-23,Manchester City,Tottenham Hotspur,Coral,1.48,4.6,6.0,,,2026-07-27 11:39:40
1812,eng.1,2025-08-23,Manchester City,Tottenham Hotspur,Ladbrokes,1.48,4.6,6.0,,,2026-07-27 11:39:40
1813,eng.1,2025-08-23,AFC Bournemouth,Wolverhampton Wanderers,B365,1.8,3.8,4.2,1.73,2.1,2026-07-27 11:39:40
1814,eng.1,2025-08-23,AFC Bournemouth,Wolverhampton Wanderers,Pinnacle,1.79,3.98,4.4,1.76,2.16,2026-07-27 11:39:40
1815,eng.1,2025-08-23,AFC Bournemouth,Wolverhampton Wanderers,Betway,1.78,3.9,4.2,,,2026-07-27 11:39:40
1816,eng.1,2025-08-23,AFC Bournemouth,Wolverhampton Wanderers,Coral,1.8,3.9,4.2,,,2026-07-27 11:39:40
1817,eng.1,2025-08-23,AFC Bournemouth,Wolverhampton Wanderers,Ladbrokes,1.8,3.8,4.2,,,2026-07-27 11:39:40
1818,eng.1,2025-08-23,Brentford,Aston Villa,B365,3.1,3.6,2.2,1.8,2.0,2026-07-27 11:39:40
1819,eng.1,2025-08-23,Brentford,Aston Villa,Pinnacle,3.26,3.49,2.27,1.83,2.06,2026-07-27 11:39:40
1820,eng.1,2025-08-23,Brentford,Aston Villa,Betway,3.1,3.5,2.2,,,2026-07-27 11:39:40
1821,eng.1,2025-08-23,Brentford,Aston Villa,Coral,3.1,3.5,2.2,,,2026-07-27 11:39:40
1822,eng.1,2025-08-23,Brentford,Aston Villa,Ladbrokes,3.1,3.5,2.2,,,2026-07-27 11:39:40
1823,eng.1,2025-08-23,Burnley,Sunderland,B365,2.2,3.2,3.5,2.3,1.62,2026-07-27 11:39:40
1824,eng.1,2025-08-23,Burnley,Sunderland,Pinnacle,2.21,3.26,3.63,2.4,1.62,2026-07-27 11:39:40
1825,eng.1,2025-08-23,Burnley,Sunderland,Betway,2.3,3.2,3.25,,,2026-07-27 11:39:40
1826,eng.1,2025-08-23,Burnley,Sunderland,Coral,2.3,3.2,3.25,,,2026-07-27 11:39:40
1827,eng.1,2025-08-23,Burnley,Sunderland,Ladbrokes,2.3,3.1,3.25,,,2026-07-27 11:39:40
1828,eng.1,2025-08-23,Arsenal,Leeds United,B365,1.27,6.25,9.5,1.53,2.5,2026-07-27 11:39:40
1829,eng.1,2025-08-23,Arsenal,Leeds United,Pinnacle,1.28,6.21,9.68,1.57,2.47,2026-07-27 11:39:40
1830,eng.1,2025-08-23,Arsenal,Leeds United,Betway,1.27,6.0,10.5,,,2026-07-27 11:39:40
1831,eng.1,2025-08-23,Arsenal,Leeds United,Coral,1.25,6.0,10.0,,,2026-07-27 11:39:40
1832,eng.1,2025-08-23,Arsenal,Leeds United,Ladbrokes,1.25,6.0,10.0,,,2026-07-27 11:39:40
1833,eng.1,2025-08-24,Crystal Palace,Nott'm Forest,B365,2.35,3.3,3.1,2.1,1.73,2026-07-27 11:39:40
1834,eng.1,2025-08-24,Crystal Palace,Nott'm Forest,Pinnacle,2.41,3.25,3.22,2.14,1.76,2026-07-27 11:39:40
1835,eng.1,2025-08-24,Crystal Palace,Nott'm Forest,Betway,2.35,3.3,3.0,,,2026-07-27 11:39:40
1836,eng.1,2025-08-24,Crystal Palace,Nott'm Forest,Coral,2.37,3.3,3.0,,,2026-07-27 11:39:40
1837,eng.1,2025-08-24,Crystal Palace,Nott'm Forest,Ladbrokes,2.37,3.25,3.0,,,2026-07-27 11:39:40
1838,eng.1,2025-08-24,Everton,Brighton & Hove Albion,B365,3.1,3.3,2.3,2.0,1.8,2026-07-27 11:39:40
1839,eng.1,2025-08-24,Everton,Brighton & Hove Albion,Pinnacle,3.16,3.36,2.38,2.09,1.82,2026-07-27 11:39:40
1840,eng.1,2025-08-24,Everton,Brighton & Hove Albion,Betway,2.95,3.3,2.4,,,2026-07-27 11:39:40
1841,eng.1,2025-08-24,Everton,Brighton & Hove Albion,Coral,2.9,3.3,2.4,,,2026-07-27 11:39:40
1842,eng.1,2025-08-24,Everton,Brighton & Hove Albion,Ladbrokes,2.9,3.25,2.4,,,2026-07-27 11:39:40
1843,eng.1,2025-08-24,Fulham,Manchester United,B365,3.25,3.5,2.15,1.8,2.0,2026-07-27 11:39:40
1844,eng.1,2025-08-24,Fulham,Manchester United,Pinnacle,3.3,3.54,2.23,1.85,2.04,2026-07-27 11:39:40
1845,eng.1,2025-08-24,Fulham,Manchester United,Betway,3.3,3.6,2.1,,,2026-07-27 11:39:40
1846,eng.1,2025-08-24,Fulham,Manchester United,Coral,3.3,3.6,2.1,,,2026-07-27 11:39:40
1847,eng.1,2025-08-24,Fulham,Manchester United,Ladbrokes,3.3,3.5,2.1,,,2026-07-27 11:39:40
1848,eng.1,2025-08-25,Newcastle United,Liverpool,B365,3.25,3.8,2.05,1.57,2.38,2026-07-27 11:39:40
1849,eng.1,2025-08-25,Newcastle United,Liverpool,Pinnacle,3.29,3.92,2.11,1.58,2.49,2026-07-27 11:39:40
1850,eng.1,2025-08-25,Newcastle United,Liverpool,Betway,3.4,3.9,1.98,,,2026-07-27 11:39:40
1851,eng.1,2025-08-25,Newcastle United,Liverpool,Coral,3.4,3.9,2.0,,,2026-07-27 11:39:40
1852,eng.1,2025-08-25,Newcastle United,Liverpool,Ladbrokes,3.3,3.8,2.0,,,2026-07-27 11:39:40
1853,eng.1,2025-08-30,Chelsea,Fulham,B365,1.55,4.33,5.25,1.67,2.2,2026-07-27 11:39:40
1854,eng.1,2025-08-30,Chelsea,Fulham,Pinnacle,1.57,4.37,5.75,1.71,2.22,2026-07-27 11:39:40
1855,eng.1,2025-08-30,Chelsea,Fulham,Betway,1.55,4.5,5.25,,,2026-07-27 11:39:40
1856,eng.1,2025-08-30,Chelsea,Fulham,Coral,1.53,4.5,5.5,,,2026-07-27 11:39:40
1857,eng.1,2025-08-30,Chelsea,Fulham,Ladbrokes,1.53,4.5,5.5,,,2026-07-27 11:39:40
1858,eng.1,2025-08-30,Manchester United,Burnley,B365,1.33,5.25,8.0,1.67,2.2,2026-07-27 11:39:40
1859,eng.1,2025-08-30,Manchester United,Burnley,Pinnacle,1.36,5.39,8.45,1.67,2.3,2026-07-27 11:39:40
1860,eng.1,2025-08-30,Manchester United,Burnley,Betway,1.36,5.25,8.25,,,2026-07-27 11:39:40
1861,eng.1,2025-08-30,Manchester United,Burnley,Coral,1.36,5.25,8.0,,,2026-07-27 11:39:40
1862,eng.1,2025-08-30,Manchester United,Burnley,Ladbrokes,1.35,5.0,8.0,,,2026-07-27 11:39:40
1863,eng.1,2025-08-30,Sunderland,Brentford,B365,3.0,3.3,2.4,2.1,1.73,2026-07-27 11:39:40
1864,eng.1,2025-08-30,Sunderland,Brentford,Pinnacle,3.03,3.24,2.53,2.14,1.77,2026-07-27 11:39:40
1865,eng.1,2025-08-30,Sunderland,Brentford,Betway,2.9,3.3,2.45,,,2026-07-27 11:39:40
1866,eng.1,2025-08-30,Sunderland,Brentford,Coral,2.9,3.3,2.45,,,2026-07-27 11:39:40
1867,eng.1,2025-08-30,Sunderland,Brentford,Ladbrokes,2.87,3.25,2.45,,,2026-07-27 11:39:40
1868,eng.1,2025-08-30,Tottenham Hotspur,AFC Bournemouth,B365,1.73,4.2,4.2,1.57,2.38,2026-07-27 11:39:40
1869,eng.1,2025-08-30,Tottenham Hotspur,AFC Bournemouth,Pinnacle,1.76,4.14,4.39,1.59,2.47,2026-07-27 11:39:40
1870,eng.1,2025-08-30,Tottenham Hotspur,AFC Bournemouth,Betway,1.72,4.0,4.5,,,2026-07-27 11:39:40
1871,eng.1,2025-08-30,Tottenham Hotspur,AFC Bournemouth,Coral,1.73,4.0,4.5,,,2026-07-27 11:39:40
1872,eng.1,2025-08-30,Tottenham Hotspur,AFC Bournemouth,Ladbrokes,1.73,3.9,4.4,,,2026-07-27 11:39:40
1873,eng.1,2025-08-30,Wolverhampton Wanderers,Everton,B365,2.7,3.2,2.75,2.2,1.67,2026-07-27 11:39:40
1874,eng.1,2025-08-30,Wolverhampton Wanderers,Everton,Pinnacle,2.74,3.23,2.79,2.27,1.68,2026-07-27 11:39:40
1875,eng.1,2025-08-30,Wolverhampton Wanderers,Everton,Betway,2.65,3.2,2.75,,,2026-07-27 11:39:40
1876,eng.1,2025-08-30,Wolverhampton Wanderers,Everton,Coral,2.62,3.2,2.75,,,2026-07-27 11:39:40
1877,eng.1,2025-08-30,Wolverhampton Wanderers,Everton,Ladbrokes,2.62,3.1,2.75,,,2026-07-27 11:39:40
1878,eng.1,2025-08-30,Leeds United,Newcastle United,B365,3.5,3.4,2.1,1.8,2.0,2026-07-27 11:39:40
1879,eng.1,2025-08-30,Leeds United,Newcastle United,Pinnacle,3.47,3.54,2.16,1.85,2.04,2026-07-27 11:39:40
1880,eng.1,2025-08-30,Leeds United,Newcastle United,Betway,3.25,3.5,2.15,,,2026-07-27 11:39:40
1881,eng.1,2025-08-30,Leeds United,Newcastle United,Coral,3.25,3.5,2.15,,,2026-07-27 11:39:40
1882,eng.1,2025-08-30,Leeds United,Newcastle United,Ladbrokes,3.25,3.5,2.15,,,2026-07-27 11:39:40
1883,eng.1,2025-08-31,Brighton & Hove Albion,Manchester City,B365,3.8,3.9,1.9,1.62,2.3,2026-07-27 11:39:40
1884,eng.1,2025-08-31,Brighton & Hove Albion,Manchester City,Pinnacle,3.92,3.89,1.91,1.63,2.37,2026-07-27 11:39:40
1885,eng.1,2025-08-31,Brighton & Hove Albion,Manchester City,Betway,3.9,3.9,1.83,,,2026-07-27 11:39:40
1886,eng.1,2025-08-31,Brighton & Hove Albion,Manchester City,Coral,3.6,3.6,1.75,,,2026-07-27 11:39:40
1887,eng.1,2025-08-31,Brighton & Hove Albion,Manchester City,Ladbrokes,3.6,3.6,1.75,,,2026-07-27 11:39:40
1888,eng.1,2025-08-31,Nott'm Forest,West Ham United,B365,1.67,3.75,5.25,1.98,1.88,2026-07-27 11:39:40
1889,eng.1,2025-08-31,Nott'm Forest,West Ham United,Pinnacle,1.69,3.98,5.13,1.98,1.91,2026-07-27 11:39:40
1890,eng.1,2025-08-31,Nott'm Forest,West Ham United,Betway,1.72,3.7,4.8,,,2026-07-27 11:39:40
1891,eng.1,2025-08-31,Nott'm Forest,West Ham United,Coral,1.73,3.7,4.8,,,2026-07-27 11:39:40
1892,eng.1,2025-08-31,Nott'm Forest,West Ham United,Ladbrokes,1.67,3.5,4.5,,,2026-07-27 11:39:40
1893,eng.1,2025-08-31,Liverpool,Arsenal,B365,2.2,3.5,3.2,1.73,2.1,2026-07-27 11:39:40
1894,eng.1,2025-08-31,Liverpool,Arsenal,Pinnacle,2.27,3.47,3.28,1.76,2.14,2026-07-27 11:39:40
1895,eng.1,2025-08-31,Liverpool,Arsenal,Betway,2.15,3.6,3.2,,,2026-07-27 11:39:40
1896,eng.1,2025-08-31,Liverpool,Arsenal,Coral,2.15,3.6,3.2,,,2026-07-27 11:39:40
1897,eng.1,2025-08-31,Liverpool,Arsenal,Ladbrokes,2.15,3.5,3.1,,,2026-07-27 11:39:40
1898,eng.1,2025-08-31,Aston Villa,Crystal Palace,B365,1.85,3.7,4.0,1.98,1.88,2026-07-27 11:39:40
1899,eng.1,2025-08-31,Aston Villa,Crystal Palace,Pinnacle,1.9,3.69,4.21,2.03,1.86,2026-07-27 11:39:40
1900,eng.1,2025-08-31,Aston Villa,Crystal Palace,Betway,1.93,3.5,4.0,,,2026-07-27 11:39:40
1901,eng.1,2025-08-31,Aston Villa,Crystal Palace,Coral,1.95,3.5,4.0,,,2026-07-27 11:39:40
1902,eng.1,2025-08-31,Aston Villa,Crystal Palace,Ladbrokes,1.91,3.4,3.9,,,2026-07-27 11:39:40
1903,eng.1,2025-09-13,Arsenal,Nott'm Forest,B365,1.38,5.0,8.0,1.73,2.1,2026-07-27 11:39:40
1904,eng.1,2025-09-13,Arsenal,Nott'm Forest,Pinnacle,1.38,5.25,8.14,1.71,2.22,2026-07-27 11:39:40
1905,eng.1,2025-09-13,Arsenal,Nott'm Forest,Betway,1.39,4.8,8.0,,,2026-07-27 11:39:40
1906,eng.1,2025-09-13,Arsenal,Nott'm Forest,Coral,1.4,4.8,8.0,,,2026-07-27 11:39:40
1907,eng.1,2025-09-13,Arsenal,Nott'm Forest,Ladbrokes,1.4,4.8,7.5,,,2026-07-27 11:39:40
1908,eng.1,2025-09-13,AFC Bournemouth,Brighton & Hove Albion,B365,2.35,3.5,2.9,1.67,2.2,2026-07-27 11:39:40
1909,eng.1,2025-09-13,AFC Bournemouth,Brighton & Hove Albion,Pinnacle,2.4,3.57,2.98,1.71,2.23,2026-07-27 11:39:40
1910,eng.1,2025-09-13,AFC Bournemouth,Brighton & Hove Albion,Betway,2.4,3.5,2.8,,,2026-07-27 11:39:40
1911,eng.1,2025-09-13,AFC Bournemouth,Brighton & Hove Albion,Coral,2.4,3.5,2.8,,,2026-07-27 11:39:40
1912,eng.1,2025-09-13,AFC Bournemouth,Brighton & Hove Albion,Ladbrokes,2.37,3.5,2.75,,,2026-07-27 11:39:40
1913,eng.1,2025-09-13,Crystal Palace,Sunderland,B365,1.65,3.75,5.75,2.1,1.73,2026-07-27 11:39:40
1914,eng.1,2025-09-13,Crystal Palace,Sunderland,Pinnacle,1.69,3.77,5.51,2.21,1.71,2026-07-27 11:39:40
1915,eng.1,2025-09-13,Crystal Palace,Sunderland,Betway,1.68,3.7,5.25,,,2026-07-27 11:39:40
1916,eng.1,2025-09-13,Crystal Palace,Sunderland,Coral,1.67,3.75,5.25,,,2026-07-27 11:39:40
1917,eng.1,2025-09-13,Crystal Palace,Sunderland,Ladbrokes,1.67,3.7,5.25,,,2026-07-27 11:39:40
1918,eng.1,2025-09-13,Everton,Aston Villa,B365,2.45,3.3,2.9,2.05,1.8,2026-07-27 11:39:40
1919,eng.1,2025-09-13,Everton,Aston Villa,Pinnacle,2.46,3.41,3.01,2.04,1.85,2026-07-27 11:39:40
1920,eng.1,2025-09-13,Everton,Aston Villa,Betway,2.45,3.25,2.87,,,2026-07-27 11:39:40
1921,eng.1,2025-09-13,Everton,Aston Villa,Coral,2.45,3.3,2.87,,,2026-07-27 11:39:40
1922,eng.1,2025-09-13,Everton,Aston Villa,Ladbrokes,2.45,3.25,2.87,,,2026-07-27 11:39:40
1923,eng.1,2025-09-13,Fulham,Leeds United,B365,1.91,3.5,4.0,2.03,1.83,2026-07-27 11:39:40
1924,eng.1,2025-09-13,Fulham,Leeds United,Pinnacle,1.99,3.56,3.99,2.06,1.84,2026-07-27 11:39:40
1925,eng.1,2025-09-13,Fulham,Leeds United,Betway,1.93,3.5,3.9,,,2026-07-27 11:39:40
1926,eng.1,2025-09-13,Fulham,Leeds United,Coral,1.95,3.5,3.9,,,2026-07-27 11:39:40
1927,eng.1,2025-09-13,Fulham,Leeds United,Ladbrokes,1.95,3.5,3.8,,,2026-07-27 11:39:40
1928,eng.1,2025-09-13,Newcastle United,Wolverhampton Wanderers,B365,1.42,4.75,7.0,1.8,2.0,2026-07-27 11:39:40
1929,eng.1,2025-09-13,Newcastle United,Wolverhampton Wanderers,Pinnacle,1.43,4.93,7.21,1.79,2.1,2026-07-27 11:39:40
1930,eng.1,2025-09-13,Newcastle United,Wolverhampton Wanderers,Betway,1.43,4.6,7.25,,,2026-07-27 11:39:40
1931,eng.1,2025-09-13,Newcastle United,Wolverhampton Wanderers,Coral,1.44,4.6,7.0,,,2026-07-27 11:39:40
1932,eng.1,2025-09-13,Newcastle United,Wolverhampton Wanderers,Ladbrokes,1.44,4.6,7.0,,,2026-07-27 11:39:40
1933,eng.1,2025-09-13,West Ham United,Tottenham Hotspur,B365,3.4,3.6,2.1,1.8,2.0,2026-07-27 11:39:40
1934,eng.1,2025-09-13,West Ham United,Tottenham Hotspur,Pinnacle,3.55,3.62,2.1,1.79,2.11,2026-07-27 11:39:40
1935,eng.1,2025-09-13,West Ham United,Tottenham Hotspur,Betway,3.3,3.5,2.1,,,2026-07-27 11:39:40
1936,eng.1,2025-09-13,West Ham United,Tottenham Hotspur,Coral,3.3,3.5,2.1,,,2026-07-27 11:39:40
1937,eng.1,2025-09-13,West Ham United,Tottenham Hotspur,Ladbrokes,3.3,3.5,2.1,,,2026-07-27 11:39:40
1938,eng.1,2025-09-13,Brentford,Chelsea,B365,4.5,3.9,1.73,1.73,2.1,2026-07-27 11:39:40
1939,eng.1,2025-09-13,Brentford,Chelsea,Pinnacle,4.63,3.95,1.76,1.75,2.15,2026-07-27 11:39:40
1940,eng.1,2025-09-13,Brentford,Chelsea,Betway,4.4,3.9,1.75,,,2026-07-27 11:39:40
1941,eng.1,2025-09-13,Brentford,Chelsea,Coral,4.4,3.9,1.75,,,2026-07-27 11:39:40
1942,eng.1,2025-09-13,Brentford,Chelsea,Ladbrokes,4.4,3.8,1.75,,,2026-07-27 11:39:40
1943,eng.1,2025-09-14,Burnley,Liverpool,B365,8.0,5.5,1.33,1.53,2.5,2026-07-27 11:39:40
1944,eng.1,2025-09-14,Burnley,Liverpool,Pinnacle,9.0,5.44,1.34,1.57,2.51,2026-07-27 11:39:40
1945,eng.1,2025-09-14,Burnley,Liverpool,Betway,8.25,5.5,1.33,,,2026-07-27 11:39:40
1946,eng.1,2025-09-14,Burnley,Liverpool,Coral,8.5,5.5,1.33,,,2026-07-27 11:39:40
1947,eng.1,2025-09-14,Burnley,Liverpool,Ladbrokes,8.0,5.5,1.33,,,2026-07-27 11:39:40
1948,eng.1,2025-09-14,Manchester City,Manchester United,B365,1.75,4.0,4.2,1.57,2.38,2026-07-27 11:39:40
1949,eng.1,2025-09-14,Manchester City,Manchester United,Pinnacle,1.8,4.0,4.33,1.59,2.46,2026-07-27 11:39:40
1950,eng.1,2025-09-14,Manchester City,Manchester United,Betway,1.77,4.0,4.1,,,2026-07-27 11:39:40
1951,eng.1,2025-09-14,Manchester City,Manchester United,Coral,1.75,4.0,4.0,,,2026-07-27 11:39:40
1952,eng.1,2025-09-14,Manchester City,Manchester United,Ladbrokes,1.75,4.0,4.0,,,2026-07-27 11:39:40
1953,eng.1,2025-09-20,Liverpool,Everton,B365,1.45,4.75,6.5,1.62,2.3,2026-07-27 11:39:40
1954,eng.1,2025-09-20,Liverpool,Everton,Pinnacle,1.45,4.7,7.25,1.63,2.37,2026-07-27 11:39:40
1955,eng.1,2025-09-20,Liverpool,Everton,Betway,1.47,4.6,6.25,,,2026-07-27 11:39:40
1956,eng.1,2025-09-20,Liverpool,Everton,Coral,1.48,4.6,6.5,,,2026-07-27 11:39:40
1957,eng.1,2025-09-20,Liverpool,Everton,Ladbrokes,1.44,4.2,5.75,,,2026-07-27 11:39:40
1958,eng.1,2025-09-20,Brighton & Hove Albion,Tottenham Hotspur,B365,2.25,3.7,3.0,1.67,2.2,2026-07-27 11:39:40
1959,eng.1,2025-09-20,Brighton & Hove Albion,Tottenham Hotspur,Pinnacle,2.28,3.67,3.1,1.71,2.23,2026-07-27 11:39:40
1960,eng.1,2025-09-20,Brighton & Hove Albion,Tottenham Hotspur,Betway,2.25,3.6,2.95,,,2026-07-27 11:39:40
1961,eng.1,2025-09-20,Brighton & Hove Albion,Tottenham Hotspur,Coral,2.25,3.6,3.0,,,2026-07-27 11:39:40
1962,eng.1,2025-09-20,Brighton & Hove Albion,Tottenham Hotspur,Ladbrokes,2.25,3.5,2.9,,,2026-07-27 11:39:40
1963,eng.1,2025-09-20,Burnley,Nott'm Forest,B365,3.4,3.3,2.2,2.0,1.85,2026-07-27 11:39:40
1964,eng.1,2025-09-20,Burnley,Nott'm Forest,Pinnacle,3.43,3.47,2.2,1.99,1.9,2026-07-27 11:39:40
1965,eng.1,2025-09-20,Burnley,Nott'm Forest,Betway,3.25,3.4,2.2,,,2026-07-27 11:39:40
1966,eng.1,2025-09-20,Burnley,Nott'm Forest,Coral,3.25,3.4,2.2,,,2026-07-27 11:39:40
1967,eng.1,2025-09-20,Burnley,Nott'm Forest,Ladbrokes,3.2,3.4,2.15,,,2026-07-27 11:39:40
1968,eng.1,2025-09-20,West Ham United,Crystal Palace,B365,2.88,3.5,2.38,2.05,1.8,2026-07-27 11:39:40
1969,eng.1,2025-09-20,West Ham United,Crystal Palace,Pinnacle,3.09,3.39,2.41,2.05,1.85,2026-07-27 11:39:40
1970,eng.1,2025-09-20,West Ham United,Crystal Palace,Betway,2.9,3.4,2.4,,,2026-07-27 11:39:40
1971,eng.1,2025-09-20,West Ham United,Crystal Palace,Coral,2.9,3.4,2.4,,,2026-07-27 11:39:40
1972,eng.1,2025-09-20,West Ham United,Crystal Palace,Ladbrokes,2.87,3.3,2.37,,,2026-07-27 11:39:40
1973,eng.1,2025-09-20,Wolverhampton Wanderers,Leeds United,B365,2.7,3.2,2.75,2.3,1.62,2026-07-27 11:39:40
1974,eng.1,2025-09-20,Wolverhampton Wanderers,Leeds United,Pinnacle,2.78,3.21,2.76,2.35,1.65,2026-07-27 11:39:40
1975,eng.1,2025-09-20,Wolverhampton Wanderers,Leeds United,Betway,2.65,3.2,2.75,,,2026-07-27 11:39:40
1976,eng.1,2025-09-20,Wolverhampton Wanderers,Leeds United,Coral,2.62,3.2,2.75,,,2026-07-27 11:39:40
1977,eng.1,2025-09-20,Wolverhampton Wanderers,Leeds United,Ladbrokes,2.62,3.1,2.75,,,2026-07-27 11:39:40
1978,eng.1,2025-09-20,Manchester United,Chelsea,B365,2.6,3.8,2.45,1.57,2.38,2026-07-27 11:39:40
1979,eng.1,2025-09-20,Manchester United,Chelsea,Pinnacle,2.71,3.74,2.52,1.59,2.46,2026-07-27 11:39:40
1980,eng.1,2025-09-20,Manchester United,Chelsea,Betway,2.65,3.7,2.4,,,2026-07-27 11:39:40
1981,eng.1,2025-09-20,Manchester United,Chelsea,Coral,2.7,3.7,2.4,,,2026-07-27 11:39:40
1982,eng.1,2025-09-20,Manchester United,Chelsea,Ladbrokes,2.62,3.6,2.4,,,2026-07-27 11:39:40
1983,eng.1,2025-09-20,Fulham,Brentford,B365,2.0,3.4,3.8,2.0,1.85,2026-07-27 11:39:40
1984,eng.1,2025-09-20,Fulham,Brentford,Pinnacle,2.05,3.44,3.92,1.99,1.9,2026-07-27 11:39:40
1985,eng.1,2025-09-20,Fulham,Brentford,Betway,2.05,3.5,3.6,,,2026-07-27 11:39:40
1986,eng.1,2025-09-20,Fulham,Brentford,Coral,2.05,3.5,3.6,,,2026-07-27 11:39:40
1987,eng.1,2025-09-20,Fulham,Brentford,Ladbrokes,2.05,3.4,3.5,,,2026-07-27 11:39:40
1988,eng.1,2025-09-21,AFC Bournemouth,Newcastle United,B365,2.5,3.5,2.7,1.83,2.03,2026-07-27 11:39:40
1989,eng.1,2025-09-21,AFC Bournemouth,Newcastle United,Pinnacle,2.47,3.57,2.87,1.86,2.03,2026-07-27 11:39:40
1990,eng.1,2025-09-21,AFC Bournemouth,Newcastle United,Betway,2.5,3.4,2.75,,,2026-07-27 11:39:40
1991,eng.1,2025-09-21,AFC Bournemouth,Newcastle United,Coral,2.5,3.4,2.75,,,2026-07-27 11:39:40
1992,eng.1,2025-09-21,AFC Bournemouth,Newcastle United,Ladbrokes,2.45,3.4,2.7,,,2026-07-27 11:39:40
1993,eng.1,2025-09-21,Sunderland,Aston Villa,B365,3.4,3.5,2.1,2.2,1.67,2026-07-27 11:39:40
1994,eng.1,2025-09-21,Sunderland,Aston Villa,Pinnacle,3.71,3.37,2.14,2.23,1.71,2026-07-27 11:39:40
1995,eng.1,2025-09-21,Sunderland,Aston Villa,Betway,3.5,3.4,2.1,,,2026-07-27 11:39:40
1996,eng.1,2025-09-21,Sunderland,Aston Villa,Coral,3.5,3.4,2.1,,,2026-07-27 11:39:40
1997,eng.1,2025-09-21,Sunderland,Aston Villa,Ladbrokes,3.5,3.3,2.1,,,2026-07-27 11:39:40
1998,eng.1,2025-09-21,Arsenal,Manchester City,B365,1.85,3.9,3.8,1.8,2.0,2026-07-27 11:39:40
1999,eng.1,2025-09-21,Arsenal,Manchester City,Pinnacle,1.92,3.8,3.99,1.85,2.05,2026-07-27 11:39:40
2000,eng.1,2025-09-21,Arsenal,Manchester City,Betway,1.88,3.7,3.9,,,2026-07-27 11:39:40
2001,eng.1,2025-09-21,Arsenal,Manchester City,Coral,1.91,3.7,3.9,,,2026-07-27 11:39:40
2002,eng.1,2025-09-21,Arsenal,Manchester City,Ladbrokes,1.91,3.7,3.8,,,2026-07-27 11:39:40
2003,eng.1,2025-09-27,Brentford,Manchester United,B365,3.4,3.8,2.0,1.67,2.2,2026-07-27 11:39:40
2004,eng.1,2025-09-27,Brentford,Manchester United,Pinnacle,3.47,3.79,2.07,1.69,2.26,2026-07-27 11:39:40
2005,eng.1,2025-09-27,Brentford,Manchester United,Betway,3.4,3.75,2.0,,,2026-07-27 11:39:40
2006,eng.1,2025-09-27,Brentford,Manchester United,Coral,3.4,3.75,2.0,,,2026-07-27 11:39:40
2007,eng.1,2025-09-27,Brentford,Manchester United,Ladbrokes,3.4,3.7,2.0,,,2026-07-27 11:39:40
2008,eng.1,2025-09-27,Chelsea,Brighton & Hove Albion,B365,1.85,3.8,3.8,1.62,2.3,2026-07-27 11:39:40
2009,eng.1,2025-09-27,Chelsea,Brighton & Hove Albion,Pinnacle,1.9,3.86,3.98,1.63,2.37,2026-07-27 11:39:40
2010,eng.1,2025-09-27,Chelsea,Brighton & Hove Albion,Betway,1.85,3.9,3.8,,,2026-07-27 11:39:40
2011,eng.1,2025-09-27,Chelsea,Brighton & Hove Albion,Coral,1.85,3.9,3.8,,,2026-07-27 11:39:40
2012,eng.1,2025-09-27,Chelsea,Brighton & Hove Albion,Ladbrokes,1.85,3.9,3.8,,,2026-07-27 11:39:40
2013,eng.1,2025-09-27,Crystal Palace,Liverpool,B365,3.8,3.8,1.9,1.73,2.1,2026-07-27 11:39:40
2014,eng.1,2025-09-27,Crystal Palace,Liverpool,Pinnacle,3.93,3.73,1.95,1.8,2.09,2026-07-27 11:39:40
2015,eng.1,2025-09-27,Crystal Palace,Liverpool,Betway,3.75,3.75,1.9,,,2026-07-27 11:39:40
2016,eng.1,2025-09-27,Crystal Palace,Liverpool,Coral,3.75,3.75,1.91,,,2026-07-27 11:39:40
2017,eng.1,2025-09-27,Crystal Palace,Liverpool,Ladbrokes,3.7,3.75,1.91,,,2026-07-27 11:39:40
2018,eng.1,2025-09-27,Leeds United,AFC Bournemouth,B365,3.1,3.25,2.38,2.03,1.83,2026-07-27 11:39:40
2019,eng.1,2025-09-27,Leeds United,AFC Bournemouth,Pinnacle,2.99,3.32,2.51,2.05,1.85,2026-07-27 11:39:40
2020,eng.1,2025-09-27,Leeds United,AFC Bournemouth,Betway,2.9,3.3,2.4,,,2026-07-27 11:39:40
2021,eng.1,2025-09-27,Leeds United,AFC Bournemouth,Coral,2.9,3.3,2.4,,,2026-07-27 11:39:40
2022,eng.1,2025-09-27,Leeds United,AFC Bournemouth,Ladbrokes,2.87,3.3,2.4,,,2026-07-27 11:39:40
2023,eng.1,2025-09-27,Manchester City,Burnley,B365,1.17,7.5,15.0,1.44,2.75,2026-07-27 11:39:40
2024,eng.1,2025-09-27,Manchester City,Burnley,Pinnacle,1.17,8.36,14.45,1.45,2.77,2026-07-27 11:39:40
2025,eng.1,2025-09-27,Manchester City,Burnley,Betway,1.18,7.5,15.5,,,2026-07-27 11:39:40
2026,eng.1,2025-09-27,Manchester City,Burnley,Coral,1.18,7.5,15.0,,,2026-07-27 11:39:40
2027,eng.1,2025-09-27,Manchester City,Burnley,Ladbrokes,1.17,7.5,15.0,,,2026-07-27 11:39:40
2028,eng.1,2025-09-27,Nott'm Forest,Sunderland,B365,1.75,3.75,4.5,2.0,1.85,2026-07-27 11:39:40
2029,eng.1,2025-09-27,Nott'm Forest,Sunderland,Pinnacle,1.78,3.82,4.76,2.0,1.89,2026-07-27 11:39:40
2030,eng.1,2025-09-27,Nott'm Forest,Sunderland,Betway,1.78,3.7,4.5,,,2026-07-27 11:39:40
2031,eng.1,2025-09-27,Nott'm Forest,Sunderland,Coral,1.8,3.7,4.5,,,2026-07-27 11:39:40
2032,eng.1,2025-09-27,Nott'm Forest,Sunderland,Ladbrokes,1.75,3.6,4.5,,,2026-07-27 11:39:40
2033,eng.1,2025-09-27,Tottenham Hotspur,Wolverhampton Wanderers,B365,1.5,4.5,6.0,1.73,2.1,2026-07-27 11:39:40
2034,eng.1,2025-09-27,Tottenham Hotspur,Wolverhampton Wanderers,Pinnacle,1.49,4.96,6.08,1.75,2.15,2026-07-27 11:39:40
2035,eng.1,2025-09-27,Tottenham Hotspur,Wolverhampton Wanderers,Betway,1.49,4.5,6.25,,,2026-07-27 11:39:40
2036,eng.1,2025-09-27,Tottenham Hotspur,Wolverhampton Wanderers,Coral,1.48,4.5,6.0,,,2026-07-27 11:39:40
2037,eng.1,2025-09-27,Tottenham Hotspur,Wolverhampton Wanderers,Ladbrokes,1.48,4.5,6.0,,,2026-07-27 11:39:40
2038,eng.1,2025-09-28,Aston Villa,Fulham,B365,2.3,3.1,3.4,2.1,1.73,2026-07-27 11:39:40
2039,eng.1,2025-09-28,Aston Villa,Fulham,Pinnacle,2.3,3.15,3.55,2.17,1.75,2026-07-27 11:39:40
2040,eng.1,2025-09-28,Aston Villa,Fulham,Betway,2.25,3.2,3.3,,,2026-07-27 11:39:40
2041,eng.1,2025-09-28,Aston Villa,Fulham,Coral,2.25,3.2,3.3,,,2026-07-27 11:39:40
2042,eng.1,2025-09-28,Aston Villa,Fulham,Ladbrokes,2.25,3.2,3.3,,,2026-07-27 11:39:40
2043,eng.1,2025-09-28,Newcastle United,Arsenal,B365,3.6,3.4,2.1,2.1,1.73,2026-07-27 11:39:40
2044,eng.1,2025-09-28,Newcastle United,Arsenal,Pinnacle,3.64,3.4,2.15,2.19,1.74,2026-07-27 11:39:40
2045,eng.1,2025-09-28,Newcastle United,Arsenal,Betway,3.5,3.3,2.1,,,2026-07-27 11:39:40
2046,eng.1,2025-09-28,Newcastle United,Arsenal,Coral,3.5,3.3,2.1,,,2026-07-27 11:39:40
2047,eng.1,2025-09-28,Newcastle United,Arsenal,Ladbrokes,3.5,3.3,2.1,,,2026-07-27 11:39:40
2048,eng.1,2025-09-29,Everton,West Ham United,B365,1.7,3.75,5.0,1.93,1.93,2026-07-27 11:39:40
2049,eng.1,2025-09-29,Everton,West Ham United,Pinnacle,1.74,3.88,4.9,1.94,1.94,2026-07-27 11:39:40
2050,eng.1,2025-09-29,Everton,West Ham United,Betway,1.73,3.7,4.8,,,2026-07-27 11:39:40
2051,eng.1,2025-09-29,Everton,West Ham United,Coral,1.73,3.7,4.8,,,2026-07-27 11:39:40
2052,eng.1,2025-09-29,Everton,West Ham United,Ladbrokes,1.73,3.7,4.8,,,2026-07-27 11:39:40
2053,eng.1,2025-10-03,AFC Bournemouth,Fulham,B365,1.95,3.5,3.9,2.0,1.85,2026-07-27 11:39:40
2054,eng.1,2025-10-03,AFC Bournemouth,Fulham,Pinnacle,1.99,3.6,3.93,2.01,1.88,2026-07-27 11:39:40
2055,eng.1,2025-10-03,AFC Bournemouth,Fulham,Betway,1.95,3.5,3.9,,,2026-07-27 11:39:40
2056,eng.1,2025-10-03,AFC Bournemouth,Fulham,Coral,1.95,3.5,3.9,,,2026-07-27 11:39:40
2057,eng.1,2025-10-03,AFC Bournemouth,Fulham,Ladbrokes,1.95,3.5,3.9,,,2026-07-27 11:39:40
2058,eng.1,2025-10-04,Leeds United,Tottenham Hotspur,B365,2.7,3.5,2.5,1.95,1.9,2026-07-27 11:39:40
2059,eng.1,2025-10-04,Leeds United,Tottenham Hotspur,Pinnacle,2.78,3.56,2.55,1.97,1.92,2026-07-27 11:39:40
2060,eng.1,2025-10-04,Leeds United,Tottenham Hotspur,Betway,2.75,3.5,2.45,,,2026-07-27 11:39:40
2061,eng.1,2025-10-04,Leeds United,Tottenham Hotspur,Coral,2.75,3.5,2.45,,,2026-07-27 11:39:40
2062,eng.1,2025-10-04,Leeds United,Tottenham Hotspur,Ladbrokes,2.75,3.4,2.45,,,2026-07-27 11:39:40
2063,eng.1,2025-10-04,Arsenal,West Ham United,B365,1.18,6.5,17.0,1.53,2.5,2026-07-27 11:39:40
2064,eng.1,2025-10-04,Arsenal,West Ham United,Pinnacle,1.21,6.93,13.68,1.54,2.56,2026-07-27 11:39:40
2065,eng.1,2025-10-04,Arsenal,West Ham United,Betway,1.2,6.75,14.5,,,2026-07-27 11:39:40
2066,eng.1,2025-10-04,Arsenal,West Ham United,Coral,1.2,7.0,15.0,,,2026-07-27 11:39:40
2067,eng.1,2025-10-04,Arsenal,West Ham United,Ladbrokes,1.2,6.5,13.0,,,2026-07-27 11:39:40
2068,eng.1,2025-10-04,Manchester United,Sunderland,B365,1.5,4.75,5.75,1.62,2.3,2026-07-27 11:39:40
2069,eng.1,2025-10-04,Manchester United,Sunderland,Pinnacle,1.51,4.7,6.18,1.66,2.3,2026-07-27 11:39:40
2070,eng.1,2025-10-04,Manchester United,Sunderland,Betway,1.51,4.5,5.75,,,2026-07-27 11:39:40
2071,eng.1,2025-10-04,Manchester United,Sunderland,Coral,1.5,4.5,5.75,,,2026-07-27 11:39:40
2072,eng.1,2025-10-04,Manchester United,Sunderland,Ladbrokes,1.5,4.5,5.75,,,2026-07-27 11:39:40
2073,eng.1,2025-10-04,Chelsea,Liverpool,B365,2.8,3.75,2.3,1.53,2.5,2026-07-27 11:39:40
2074,eng.1,2025-10-04,Chelsea,Liverpool,Pinnacle,2.92,3.89,2.3,1.56,2.54,2026-07-27 11:39:40
2075,eng.1,2025-10-04,Chelsea,Liverpool,Betway,2.9,3.6,2.25,,,2026-07-27 11:39:40
2076,eng.1,2025-10-04,Chelsea,Liverpool,Coral,2.9,3.6,2.3,,,2026-07-27 11:39:40
2077,eng.1,2025-10-04,Chelsea,Liverpool,Ladbrokes,2.9,3.6,2.25,,,2026-07-27 11:39:40
2078,eng.1,2025-10-05,Aston Villa,Burnley,B365,1.6,4.0,5.75,1.98,1.88,2026-07-27 11:39:40
2079,eng.1,2025-10-05,Aston Villa,Burnley,Pinnacle,1.6,3.99,6.21,1.96,1.93,2026-07-27 11:39:40
2080,eng.1,2025-10-05,Aston Villa,Burnley,Betway,1.58,4.0,5.5,,,2026-07-27 11:39:40
2081,eng.1,2025-10-05,Aston Villa,Burnley,Coral,1.6,4.0,5.5,,,2026-07-27 11:39:40
2082,eng.1,2025-10-05,Aston Villa,Burnley,Ladbrokes,1.57,4.0,5.5,,,2026-07-27 11:39:40
2083,eng.1,2025-10-05,Everton,Crystal Palace,B365,2.45,3.25,3.0,2.2,1.67,2026-07-27 11:39:40
2084,eng.1,2025-10-05,Everton,Crystal Palace,Pinnacle,2.59,3.26,2.95,2.28,1.68,2026-07-27 11:39:40
2085,eng.1,2025-10-05,Everton,Crystal Palace,Betway,2.5,3.2,2.9,,,2026-07-27 11:39:40
2086,eng.1,2025-10-05,Everton,Crystal Palace,Coral,2.5,3.2,2.9,,,2026-07-27 11:39:40
2087,eng.1,2025-10-05,Everton,Crystal Palace,Ladbrokes,2.5,3.2,2.87,,,2026-07-27 11:39:40
2088,eng.1,2025-10-05,Newcastle United,Nott'm Forest,B365,1.57,4.2,5.5,1.73,2.1,2026-07-27 11:39:40
2089,eng.1,2025-10-05,Newcastle United,Nott'm Forest,Pinnacle,1.63,4.3,5.27,1.71,2.22,2026-07-27 11:39:40
2090,eng.1,2025-10-05,Newcastle United,Nott'm Forest,Betway,1.6,4.1,5.5,,,2026-07-27 11:39:40
2091,eng.1,2025-10-05,Newcastle United,Nott'm Forest,Coral,1.6,4.2,5.25,,,2026-07-27 11:39:40
2092,eng.1,2025-10-05,Newcastle United,Nott'm Forest,Ladbrokes,1.61,4.0,5.0,,,2026-07-27 11:39:40
2093,eng.1,2025-10-05,Wolverhampton Wanderers,Brighton & Hove Albion,B365,3.6,3.7,2.0,1.85,2.0,2026-07-27 11:39:40
2094,eng.1,2025-10-05,Wolverhampton Wanderers,Brighton & Hove Albion,Pinnacle,3.82,3.68,1.99,1.89,2.0,2026-07-27 11:39:40
2095,eng.1,2025-10-05,Wolverhampton Wanderers,Brighton & Hove Albion,Betway,3.7,3.6,1.98,,,2026-07-27 11:39:40
2096,eng.1,2025-10-05,Wolverhampton Wanderers,Brighton & Hove Albion,Coral,3.7,3.6,1.95,,,2026-07-27 11:39:40
2097,eng.1,2025-10-05,Wolverhampton Wanderers,Brighton & Hove Albion,Ladbrokes,3.6,3.6,1.95,,,2026-07-27 11:39:40
2098,eng.1,2025-10-05,Brentford,Manchester City,B365,4.75,4.5,1.62,1.57,2.38,2026-07-27 11:39:40
2099,eng.1,2025-10-05,Brentford,Manchester City,Pinnacle,4.87,4.5,1.64,1.61,2.42,2026-07-27 11:39:40
2100,eng.1,2025-10-05,Brentford,Manchester City,Betway,4.6,4.33,1.65,,,2026-07-27 11:39:40
2101,eng.1,2025-10-05,Brentford,Manchester City,Coral,4.6,4.33,1.65,,,2026-07-27 11:39:40
2102,eng.1,2025-10-05,Brentford,Manchester City,Ladbrokes,4.6,4.2,1.65,,,2026-07-27 11:39:40
2103,eng.1,2025-10-18,Nott'm Forest,Chelsea,B365,3.7,3.8,1.95,1.73,2.1,2026-07-27 11:39:40
2104,eng.1,2025-10-18,Nott'm Forest,Chelsea,Pinnacle,3.77,3.88,1.95,1.71,2.22,2026-07-27 11:39:40
2105,eng.1,2025-10-18,Nott'm Forest,Chelsea,Betway,3.75,3.7,1.93,,,2026-07-27 11:39:40
2106,eng.1,2025-10-18,Nott'm Forest,Chelsea,Coral,3.75,3.7,1.91,,,2026-07-27 11:39:40
2107,eng.1,2025-10-18,Nott'm Forest,Chelsea,Ladbrokes,3.75,3.6,1.91,,,2026-07-27 11:39:40
2108,eng.1,2025-10-18,Brighton & Hove Albion,Newcastle United,B365,2.63,3.4,2.6,1.88,1.98,2026-07-27 11:39:40
2109,eng.1,2025-10-18,Brighton & Hove Albion,Newcastle United,Pinnacle,2.71,3.52,2.64,1.88,2.01,2026-07-27 11:39:40
2110,eng.1,2025-10-18,Brighton & Hove Albion,Newcastle United,Betway,2.6,3.4,2.65,,,2026-07-27 11:39:40
2111,eng.1,2025-10-18,Brighton & Hove Albion,Newcastle United,Coral,2.6,3.4,2.62,,,2026-07-27 11:39:40
2112,eng.1,2025-10-18,Brighton & Hove Albion,Newcastle United,Ladbrokes,2.6,3.4,2.62,,,2026-07-27 11:39:40
2113,eng.1,2025-10-18,Burnley,Leeds United,B365,3.25,3.25,2.25,2.2,1.67,2026-07-27 11:39:40
2114,eng.1,2025-10-18,Burnley,Leeds United,Pinnacle,3.43,3.29,2.28,2.35,1.65,2026-07-27 11:39:40
2115,eng.1,2025-10-18,Burnley,Leeds United,Betway,3.2,3.25,2.3,,,2026-07-27 11:39:40
2116,eng.1,2025-10-18,Burnley,Leeds United,Coral,3.2,3.25,2.3,,,2026-07-27 11:39:40
2117,eng.1,2025-10-18,Burnley,Leeds United,Ladbrokes,3.2,3.2,2.3,,,2026-07-27 11:39:40
2118,eng.1,2025-10-18,Crystal Palace,AFC Bournemouth,B365,2.2,3.4,3.25,1.95,1.9,2026-07-27 11:39:40
2119,eng.1,2025-10-18,Crystal Palace,AFC Bournemouth,Pinnacle,2.23,3.4,3.43,1.96,1.93,2026-07-27 11:39:40
2120,eng.1,2025-10-18,Crystal Palace,AFC Bournemouth,Betway,2.25,3.4,3.1,,,2026-07-27 11:39:40
2121,eng.1,2025-10-18,Crystal Palace,AFC Bournemouth,Coral,2.25,3.4,3.1,,,2026-07-27 11:39:40
2122,eng.1,2025-10-18,Crystal Palace,AFC Bournemouth,Ladbrokes,2.25,3.4,3.1,,,2026-07-27 11:39:40
2123,eng.1,2025-10-18,Manchester City,Everton,B365,1.4,5.0,7.0,1.73,2.1,2026-07-27 11:39:40
2124,eng.1,2025-10-18,Manchester City,Everton,Pinnacle,1.39,5.29,7.71,1.73,2.18,2026-07-27 11:39:40
2125,eng.1,2025-10-18,Manchester City,Everton,Betway,1.41,4.8,7.25,,,2026-07-27 11:39:40
2126,eng.1,2025-10-18,Manchester City,Everton,Coral,1.4,4.8,7.5,,,2026-07-27 11:39:40
2127,eng.1,2025-10-18,Manchester City,Everton,Ladbrokes,1.4,4.8,7.0,,,2026-07-27 11:39:40
2128,eng.1,2025-10-18,Sunderland,Wolverhampton Wanderers,B365,2.5,3.0,3.1,2.5,1.53,2026-07-27 11:39:40
2129,eng.1,2025-10-18,Sunderland,Wolverhampton Wanderers,Pinnacle,2.5,3.07,3.25,2.56,1.55,2026-07-27 11:39:40
2130,eng.1,2025-10-18,Sunderland,Wolverhampton Wanderers,Betway,2.45,3.1,3.1,,,2026-07-27 11:39:40
2131,eng.1,2025-10-18,Sunderland,Wolverhampton Wanderers,Coral,2.45,3.1,3.1,,,2026-07-27 11:39:40
2132,eng.1,2025-10-18,Sunderland,Wolverhampton Wanderers,Ladbrokes,2.4,3.1,3.1,,,2026-07-27 11:39:40
2133,eng.1,2025-10-18,Fulham,Arsenal,B365,5.75,4.1,1.55,1.98,1.88,2026-07-27 11:39:40
2134,eng.1,2025-10-18,Fulham,Arsenal,Pinnacle,5.98,4.46,1.55,1.99,1.89,2026-07-27 11:39:40
2135,eng.1,2025-10-18,Fulham,Arsenal,Betway,6.0,4.1,1.55,,,2026-07-27 11:39:40
2136,eng.1,2025-10-18,Fulham,Arsenal,Coral,6.0,4.0,1.55,,,2026-07-27 11:39:40
2137,eng.1,2025-10-18,Fulham,Arsenal,Ladbrokes,6.0,4.0,1.55,,,2026-07-27 11:39:40
2138,eng.1,2025-10-19,Tottenham Hotspur,Aston Villa,B365,2.05,3.5,3.5,1.83,2.03,2026-07-27 11:39:40
2139,eng.1,2025-10-19,Tottenham Hotspur,Aston Villa,Pinnacle,2.07,3.77,3.5,1.85,2.04,2026-07-27 11:39:40
2140,eng.1,2025-10-19,Tottenham Hotspur,Aston Villa,Betway,2.05,3.6,3.4,,,2026-07-27 11:39:40
2141,eng.1,2025-10-19,Tottenham Hotspur,Aston Villa,Coral,2.1,3.6,3.4,,,2026-07-27 11:39:40
2142,eng.1,2025-10-19,Tottenham Hotspur,Aston Villa,Ladbrokes,2.05,3.5,3.3,,,2026-07-27 11:39:40
2143,eng.1,2025-10-19,Liverpool,Manchester United,B365,1.6,4.5,5.0,1.44,2.75,2026-07-27 11:39:40
2144,eng.1,2025-10-19,Liverpool,Manchester United,Pinnacle,1.63,4.27,5.32,1.44,2.81,2026-07-27 11:39:40
2145,eng.1,2025-10-19,Liverpool,Manchester United,Betway,1.61,4.4,4.8,,,2026-07-27 11:39:40
2146,eng.1,2025-10-19,Liverpool,Manchester United,Coral,1.61,4.4,4.8,,,2026-07-27 11:39:40
2147,eng.1,2025-10-19,Liverpool,Manchester United,Ladbrokes,1.6,4.33,4.8,,,2026-07-27 11:39:40
2148,eng.1,2025-10-20,West Ham United,Brentford,B365,2.5,3.25,2.88,1.9,1.95,2026-07-27 11:39:40
2149,eng.1,2025-10-20,West Ham United,Brentford,Pinnacle,2.54,3.43,2.87,1.94,1.94,2026-07-27 11:39:40
2150,eng.1,2025-10-20,West Ham United,Brentford,Betway,2.5,3.3,2.8,,,2026-07-27 11:39:40
2151,eng.1,2025-10-20,West Ham United,Brentford,Coral,2.5,3.3,2.8,,,2026-07-27 11:39:40
2152,eng.1,2025-10-20,West Ham United,Brentford,Ladbrokes,2.45,3.3,2.8,,,2026-07-27 11:39:40
2153,eng.1,2025-10-24,Leeds United,West Ham United,B365,1.8,3.5,4.75,2.1,1.73,2026-07-27 11:39:40
2154,eng.1,2025-10-24,Leeds United,West Ham United,Pinnacle,1.82,3.72,4.72,2.1,1.79,2026-07-27 11:39:40
2155,eng.1,2025-10-24,Leeds United,West Ham United,Betway,1.8,3.6,4.5,,,2026-07-27 11:39:40
2156,eng.1,2025-10-24,Leeds United,West Ham United,Coral,1.8,3.6,4.5,,,2026-07-27 11:39:40
2157,eng.1,2025-10-24,Leeds United,West Ham United,Ladbrokes,1.8,3.6,4.4,,,2026-07-27 11:39:40
2158,eng.1,2025-10-25,Chelsea,Sunderland,B365,1.36,4.75,9.0,1.73,2.1,2026-07-27 11:39:40
2159,eng.1,2025-10-25,Chelsea,Sunderland,Pinnacle,1.38,5.22,8.0,1.76,2.14,2026-07-27 11:39:40
2160,eng.1,2025-10-25,Chelsea,Sunderland,Betway,1.38,5.0,8.0,,,2026-07-27 11:39:40
2161,eng.1,2025-10-25,Chelsea,Sunderland,Coral,1.36,5.0,8.0,,,2026-07-27 11:39:40
2162,eng.1,2025-10-25,Chelsea,Sunderland,Ladbrokes,1.36,4.8,8.0,,,2026-07-27 11:39:40
2163,eng.1,2025-10-25,Newcastle United,Fulham,B365,1.62,3.9,5.5,1.93,1.93,2026-07-27 11:39:40
2164,eng.1,2025-10-25,Newcastle United,Fulham,Pinnacle,1.65,3.97,5.59,1.96,1.93,2026-07-27 11:39:40
2165,eng.1,2025-10-25,Newcastle United,Fulham,Betway,1.63,4.0,5.25,,,2026-07-27 11:39:40
2166,eng.1,2025-10-25,Newcastle United,Fulham,Coral,1.61,4.0,5.25,,,2026-07-27 11:39:40
2167,eng.1,2025-10-25,Newcastle United,Fulham,Ladbrokes,1.61,3.9,5.25,,,2026-07-27 11:39:40
2168,eng.1,2025-10-25,Manchester United,Brighton & Hove Albion,B365,1.95,3.8,3.5,1.53,2.5,2026-07-27 11:39:40
2169,eng.1,2025-10-25,Manchester United,Brighton & Hove Albion,Pinnacle,2.0,3.92,3.57,1.53,2.6,2026-07-27 11:39:40
2170,eng.1,2025-10-25,Manchester United,Brighton & Hove Albion,Betway,2.0,3.75,3.4,,,2026-07-27 11:39:40
2171,eng.1,2025-10-25,Manchester United,Brighton & Hove Albion,Coral,2.05,3.75,3.4,,,2026-07-27 11:39:40
2172,eng.1,2025-10-25,Manchester United,Brighton & Hove Albion,Ladbrokes,2.0,3.7,3.3,,,2026-07-27 11:39:40
2173,eng.1,2025-10-25,Brentford,Liverpool,B365,4.1,4.2,1.75,1.53,2.5,2026-07-27 11:39:40
2174,eng.1,2025-10-25,Brentford,Liverpool,Pinnacle,4.25,4.18,1.78,1.56,2.49,2026-07-27 11:39:40
2175,eng.1,2025-10-25,Brentford,Liverpool,Betway,4.33,4.2,1.71,,,2026-07-27 11:39:40
2176,eng.1,2025-10-25,Brentford,Liverpool,Coral,4.33,4.2,1.7,,,2026-07-27 11:39:40
2177,eng.1,2025-10-25,Brentford,Liverpool,Ladbrokes,4.2,4.2,1.7,,,2026-07-27 11:39:40
2178,eng.1,2025-10-26,Arsenal,Crystal Palace,B365,1.4,4.75,7.5,1.73,2.1,2026-07-27 11:39:40
2179,eng.1,2025-10-26,Arsenal,Crystal Palace,Pinnacle,1.44,4.71,7.49,1.79,2.1,2026-07-27 11:39:40
2180,eng.1,2025-10-26,Arsenal,Crystal Palace,Betway,1.41,4.75,7.5,,,2026-07-27 11:39:40
2181,eng.1,2025-10-26,Arsenal,Crystal Palace,Coral,1.4,4.6,7.5,,,2026-07-27 11:39:40
2182,eng.1,2025-10-26,Arsenal,Crystal Palace,Ladbrokes,1.4,4.6,7.5,,,2026-07-27 11:39:40
2183,eng.1,2025-10-26,Aston Villa,Manchester City,B365,4.33,3.8,1.8,1.73,2.1,2026-07-27 11:39:40
2184,eng.1,2025-10-26,Aston Villa,Manchester City,Pinnacle,4.24,4.06,1.81,1.81,2.08,2026-07-27 11:39:40
2185,eng.1,2025-10-26,Aston Villa,Manchester City,Betway,4.0,3.75,1.85,,,2026-07-27 11:39:40
2186,eng.1,2025-10-26,Aston Villa,Manchester City,Coral,4.0,3.75,1.85,,,2026-07-27 11:39:40
2187,eng.1,2025-10-26,Aston Villa,Manchester City,Ladbrokes,3.9,3.75,1.85,,,2026-07-27 11:39:40
2188,eng.1,2025-10-26,AFC Bournemouth,Nott'm Forest,B365,1.8,3.8,4.33,1.88,1.98,2026-07-27 11:39:40
2189,eng.1,2025-10-26,AFC Bournemouth,Nott'm Forest,Pinnacle,1.79,3.96,4.48,1.9,1.98,2026-07-27 11:39:40
2190,eng.1,2025-10-26,AFC Bournemouth,Nott'm Forest,Betway,1.8,3.75,4.2,,,2026-07-27 11:39:40
2191,eng.1,2025-10-26,AFC Bournemouth,Nott'm Forest,Coral,1.8,3.75,4.2,,,2026-07-27 11:39:40
2192,eng.1,2025-10-26,AFC Bournemouth,Nott'm Forest,Ladbrokes,1.8,3.7,4.2,,,2026-07-27 11:39:40
2193,eng.1,2025-10-26,Wolverhampton Wanderers,Burnley,B365,1.95,3.3,4.2,2.3,1.62,2026-07-27 11:39:40
2194,eng.1,2025-10-26,Wolverhampton Wanderers,Burnley,Pinnacle,2.0,3.39,4.18,2.34,1.65,2026-07-27 11:39:40
2195,eng.1,2025-10-26,Wolverhampton Wanderers,Burnley,Betway,1.98,3.3,4.0,,,2026-07-27 11:39:40
2196,eng.1,2025-10-26,Wolverhampton Wanderers,Burnley,Coral,1.95,3.3,4.0,,,2026-07-27 11:39:40
2197,eng.1,2025-10-26,Wolverhampton Wanderers,Burnley,Ladbrokes,1.95,3.3,4.0,,,2026-07-27 11:39:40
2198,eng.1,2025-10-26,Everton,Tottenham Hotspur,B365,2.35,3.4,3.0,1.98,1.88,2026-07-27 11:39:40
2199,eng.1,2025-10-26,Everton,Tottenham Hotspur,Pinnacle,2.42,3.33,3.13,1.98,1.91,2026-07-27 11:39:40
2200,eng.1,2025-10-26,Everton,Tottenham Hotspur,Betway,2.35,3.4,2.95,,,2026-07-27 11:39:40
2201,eng.1,2025-10-26,Everton,Tottenham Hotspur,Coral,2.37,3.4,3.0,,,2026-07-27 11:39:40
2202,eng.1,2025-10-26,Everton,Tottenham Hotspur,Ladbrokes,2.3,3.4,2.9,,,2026-07-27 11:39:40
2203,eng.1,2025-11-01,Brighton & Hove Albion,Leeds United,B365,1.85,3.75,4.0,1.85,2.0,2026-07-27 11:39:40
2204,eng.1,2025-11-01,Brighton & Hove Albion,Leeds United,Pinnacle,1.89,3.77,4.15,1.88,2.01,2026-07-27 11:39:40
2205,eng.1,2025-11-01,Brighton & Hove Albion,Leeds United,Betway,1.83,3.8,4.0,,,2026-07-27 11:39:40
2206,eng.1,2025-11-01,Brighton & Hove Albion,Leeds United,Coral,1.83,3.8,4.0,,,2026-07-27 11:39:40
2207,eng.1,2025-11-01,Brighton & Hove Albion,Leeds United,Ladbrokes,1.83,3.75,4.0,,,2026-07-27 11:39:40
2208,eng.1,2025-11-01,Burnley,Arsenal,B365,10.0,6.0,1.27,1.73,2.1,2026-07-27 11:39:40
2209,eng.1,2025-11-01,Burnley,Arsenal,Pinnacle,9.99,6.26,1.28,1.78,2.1,2026-07-27 11:39:40
2210,eng.1,2025-11-01,Burnley,Arsenal,Betway,10.5,5.75,1.29,,,2026-07-27 11:39:40
2211,eng.1,2025-11-01,Burnley,Arsenal,Coral,10.0,5.75,1.28,,,2026-07-27 11:39:40
2212,eng.1,2025-11-01,Burnley,Arsenal,Ladbrokes,10.0,5.5,1.28,,,2026-07-27 11:39:40
2213,eng.1,2025-11-01,Crystal Palace,Brentford,B365,1.91,3.6,3.9,1.73,2.1,2026-07-27 11:39:40
2214,eng.1,2025-11-01,Crystal Palace,Brentford,Pinnacle,1.94,3.68,4.01,1.75,2.16,2026-07-27 11:39:40
2215,eng.1,2025-11-01,Crystal Palace,Brentford,Betway,1.93,3.6,3.8,,,2026-07-27 11:39:40
2216,eng.1,2025-11-01,Crystal Palace,Brentford,Coral,1.95,3.6,3.8,,,2026-07-27 11:39:40
2217,eng.1,2025-11-01,Crystal Palace,Brentford,Ladbrokes,1.91,3.6,3.75,,,2026-07-27 11:39:40
2218,eng.1,2025-11-01,Fulham,Wolverhampton Wanderers,B365,1.83,3.5,4.5,2.2,1.67,2026-07-27 11:39:40
2219,eng.1,2025-11-01,Fulham,Wolverhampton Wanderers,Pinnacle,1.88,3.54,4.56,2.29,1.67,2026-07-27 11:39:40
2220,eng.1,2025-11-01,Fulham,Wolverhampton Wanderers,Betway,1.85,3.4,4.4,,,2026-07-27 11:39:40
2221,eng.1,2025-11-01,Fulham,Wolverhampton Wanderers,Coral,1.85,3.4,4.4,,,2026-07-27 11:39:40
2222,eng.1,2025-11-01,Fulham,Wolverhampton Wanderers,Ladbrokes,1.85,3.4,4.4,,,2026-07-27 11:39:40
2223,eng.1,2025-11-01,Nott'm Forest,Manchester United,B365,3.3,3.75,2.05,1.73,2.1,2026-07-27 11:39:40
2224,eng.1,2025-11-01,Nott'm Forest,Manchester United,Pinnacle,3.43,3.87,2.06,1.75,2.17,2026-07-27 11:39:40
2225,eng.1,2025-11-01,Nott'm Forest,Manchester United,Betway,3.4,3.6,2.05,,,2026-07-27 11:39:40
2226,eng.1,2025-11-01,Nott'm Forest,Manchester United,Coral,3.4,3.6,2.05,,,2026-07-27 11:39:40
2227,eng.1,2025-11-01,Nott'm Forest,Manchester United,Ladbrokes,3.4,3.6,2.05,,,2026-07-27 11:39:40
2228,eng.1,2025-11-01,Tottenham Hotspur,Chelsea,B365,2.7,3.5,2.5,1.73,2.1,2026-07-27 11:39:40
2229,eng.1,2025-11-01,Tottenham Hotspur,Chelsea,Pinnacle,2.73,3.63,2.56,1.76,2.15,2026-07-27 11:39:40
2230,eng.1,2025-11-01,Tottenham Hotspur,Chelsea,Betway,2.75,3.5,2.45,,,2026-07-27 11:39:40
2231,eng.1,2025-11-01,Tottenham Hotspur,Chelsea,Coral,2.75,3.5,2.45,,,2026-07-27 11:39:40
2232,eng.1,2025-11-01,Tottenham Hotspur,Chelsea,Ladbrokes,2.75,3.5,2.4,,,2026-07-27 11:39:40
2233,eng.1,2025-11-01,Liverpool,Aston Villa,B365,1.65,4.33,4.5,1.53,2.5,2026-07-27 11:39:40
2234,eng.1,2025-11-01,Liverpool,Aston Villa,Pinnacle,1.66,4.21,5.07,1.57,2.46,2026-07-27 11:39:40
2235,eng.1,2025-11-01,Liverpool,Aston Villa,Betway,1.6,4.4,4.8,,,2026-07-27 11:39:40
2236,eng.1,2025-11-01,Liverpool,Aston Villa,Coral,1.6,4.4,4.8,,,2026-07-27 11:39:40
2237,eng.1,2025-11-01,Liverpool,Aston Villa,Ladbrokes,1.6,4.33,4.8,,,2026-07-27 11:39:40
2238,eng.1,2025-11-02,West Ham United,Newcastle United,B365,5.25,4.0,1.62,1.8,2.0,2026-07-27 11:39:40
2239,eng.1,2025-11-02,West Ham United,Newcastle United,Pinnacle,5.07,4.45,1.63,1.78,2.1,2026-07-27 11:39:40
2240,eng.1,2025-11-02,West Ham United,Newcastle United,Betway,4.8,4.0,1.66,,,2026-07-27 11:39:40
2241,eng.1,2025-11-02,West Ham United,Newcastle United,Coral,4.8,4.0,1.67,,,2026-07-27 11:39:40
2242,eng.1,2025-11-02,West Ham United,Newcastle United,Ladbrokes,4.8,3.9,1.67,,,2026-07-27 11:39:40
2243,eng.1,2025-11-02,Manchester City,AFC Bournemouth,B365,1.5,4.75,5.75,1.53,2.5,2026-07-27 11:39:40
2244,eng.1,2025-11-02,Manchester City,AFC Bournemouth,Pinnacle,1.51,4.75,6.02,1.57,2.5,2026-07-27 11:39:40
2245,eng.1,2025-11-02,Manchester City,AFC Bournemouth,Betway,1.5,4.6,5.75,,,2026-07-27 11:39:40
2246,eng.1,2025-11-02,Manchester City,AFC Bournemouth,Coral,1.5,4.6,5.75,,,2026-07-27 11:39:40
2247,eng.1,2025-11-02,Manchester City,AFC Bournemouth,Ladbrokes,1.5,4.6,5.75,,,2026-07-27 11:39:40
2248,eng.1,2025-11-03,Sunderland,Everton,B365,2.7,3.2,2.7,2.3,1.62,2026-07-27 11:39:40
2249,eng.1,2025-11-03,Sunderland,Everton,Pinnacle,2.82,3.18,2.75,2.42,1.61,2026-07-27 11:39:40
2250,eng.1,2025-11-03,Sunderland,Everton,Betway,2.8,3.1,2.6,,,2026-07-27 11:39:40
2251,eng.1,2025-11-03,Sunderland,Everton,Coral,2.8,3.2,2.6,,,2026-07-27 11:39:40
2252,eng.1,2025-11-03,Sunderland,Everton,Ladbrokes,2.75,3.1,2.6,,,2026-07-27 11:39:40
2253,eng.1,2025-11-08,Tottenham Hotspur,Manchester United,B365,2.63,3.6,2.5,1.67,2.2,2026-07-27 11:39:40
2254,eng.1,2025-11-08,Tottenham Hotspur,Manchester United,Pinnacle,2.72,3.59,2.58,1.69,2.27,2026-07-27 11:39:40
2255,eng.1,2025-11-08,Tottenham Hotspur,Manchester United,Betway,2.6,3.6,2.5,,,2026-07-27 11:39:40
2256,eng.1,2025-11-08,Tottenham Hotspur,Manchester United,Coral,2.62,3.6,2.5,,,2026-07-27 11:39:40
2257,eng.1,2025-11-08,Tottenham Hotspur,Manchester United,Ladbrokes,2.6,3.6,2.5,,,2026-07-27 11:39:40
2258,eng.1,2025-11-08,Everton,Fulham,B365,2.2,3.3,3.4,2.2,1.67,2026-07-27 11:39:40
2259,eng.1,2025-11-08,Everton,Fulham,Pinnacle,2.26,3.35,3.41,2.22,1.71,2026-07-27 11:39:40
2260,eng.1,2025-11-08,Everton,Fulham,Betway,2.15,3.25,3.4,,,2026-07-27 11:39:40
2261,eng.1,2025-11-08,Everton,Fulham,Coral,2.2,3.25,3.4,,,2026-07-27 11:39:40
2262,eng.1,2025-11-08,Everton,Fulham,Ladbrokes,2.15,3.25,3.4,,,2026-07-27 11:39:40
2263,eng.1,2025-11-08,West Ham United,Burnley,B365,1.91,3.5,4.0,2.0,1.8,2026-07-27 11:39:40
2264,eng.1,2025-11-08,West Ham United,Burnley,Pinnacle,1.95,3.58,4.12,2.08,1.83,2026-07-27 11:39:40
2265,eng.1,2025-11-08,West Ham United,Burnley,Betway,1.93,3.5,3.9,,,2026-07-27 11:39:40
2266,eng.1,2025-11-08,West Ham United,Burnley,Coral,1.95,3.5,3.9,,,2026-07-27 11:39:40
2267,eng.1,2025-11-08,West Ham United,Burnley,Ladbrokes,1.95,3.5,3.8,,,2026-07-27 11:39:40
2268,eng.1,2025-11-08,Sunderland,Arsenal,B365,7.5,5.0,1.38,2.05,1.8,2026-07-27 11:39:40
2269,eng.1,2025-11-08,Sunderland,Arsenal,Pinnacle,7.56,5.01,1.41,2.09,1.79,2026-07-27 11:39:40
2270,eng.1,2025-11-08,Sunderland,Arsenal,Betway,8.25,4.6,1.39,,,2026-07-27 11:39:40
2271,eng.1,2025-11-08,Sunderland,Arsenal,Coral,8.5,4.6,1.4,,,2026-07-27 11:39:40
2272,eng.1,2025-11-08,Sunderland,Arsenal,Ladbrokes,8.0,4.6,1.4,,,2026-07-27 11:39:40
2273,eng.1,2025-11-08,Chelsea,Wolverhampton Wanderers,B365,1.36,4.75,8.5,1.62,2.3,2026-07-27 11:39:40
2274,eng.1,2025-11-08,Chelsea,Wolverhampton Wanderers,Pinnacle,1.37,5.26,8.42,1.66,2.31,2026-07-27 11:39:40
2275,eng.1,2025-11-08,Chelsea,Wolverhampton Wanderers,Betway,1.37,5.25,7.5,,,2026-07-27 11:39:40
2276,eng.1,2025-11-08,Chelsea,Wolverhampton Wanderers,Coral,1.36,5.25,7.5,,,2026-07-27 11:39:40
2277,eng.1,2025-11-08,Chelsea,Wolverhampton Wanderers,Ladbrokes,1.36,5.0,7.5,,,2026-07-27 11:39:40
2278,eng.1,2025-11-09,Aston Villa,AFC Bournemouth,B365,2.2,3.4,3.25,1.88,1.98,2026-07-27 11:39:40
2279,eng.1,2025-11-09,Aston Villa,AFC Bournemouth,Pinnacle,2.25,3.49,3.29,1.89,2.0,2026-07-27 11:39:40
2280,eng.1,2025-11-09,Aston Villa,AFC Bournemouth,Betway,2.15,3.5,3.25,,,2026-07-27 11:39:40
2281,eng.1,2025-11-09,Aston Villa,AFC Bournemouth,Coral,2.15,3.5,3.25,,,2026-07-27 11:39:40
2282,eng.1,2025-11-09,Aston Villa,AFC Bournemouth,Ladbrokes,2.15,3.5,3.2,,,2026-07-27 11:39:40
2283,eng.1,2025-11-09,Brentford,Newcastle United,B365,2.8,3.5,2.45,1.85,2.0,2026-07-27 11:39:40
2284,eng.1,2025-11-09,Brentford,Newcastle United,Pinnacle,2.97,3.39,2.5,1.9,1.99,2026-07-27 11:39:40
2285,eng.1,2025-11-09,Brentford,Newcastle United,Betway,2.75,3.4,2.45,,,2026-07-27 11:39:40
2286,eng.1,2025-11-09,Brentford,Newcastle United,Coral,2.75,3.4,2.45,,,2026-07-27 11:39:40
2287,eng.1,2025-11-09,Brentford,Newcastle United,Ladbrokes,2.75,3.4,2.45,,,2026-07-27 11:39:40
2288,eng.1,2025-11-09,Crystal Palace,Brighton & Hove Albion,B365,2.25,3.5,3.1,1.73,2.1,2026-07-27 11:39:40
2289,eng.1,2025-11-09,Crystal Palace,Brighton & Hove Albion,Pinnacle,2.3,3.62,3.1,1.75,2.16,2026-07-27 11:39:40
2290,eng.1,2025-11-09,Crystal Palace,Brighton & Hove Albion,Betway,2.25,3.6,3.0,,,2026-07-27 11:39:40
2291,eng.1,2025-11-09,Crystal Palace,Brighton & Hove Albion,Coral,2.25,3.6,3.0,,,2026-07-27 11:39:40
2292,eng.1,2025-11-09,Crystal Palace,Brighton & Hove Albion,Ladbrokes,2.25,3.5,3.0,,,2026-07-27 11:39:40
2293,eng.1,2025-11-09,Nott'm Forest,Leeds United,B365,2.25,3.25,3.3,2.1,1.73,2026-07-27 11:39:40
2294,eng.1,2025-11-09,Nott'm Forest,Leeds United,Pinnacle,2.29,3.45,3.27,2.09,1.8,2026-07-27 11:39:40
2295,eng.1,2025-11-09,Nott'm Forest,Leeds United,Betway,2.2,3.3,3.25,,,2026-07-27 11:39:40
2296,eng.1,2025-11-09,Nott'm Forest,Leeds United,Coral,2.2,3.3,3.25,,,2026-07-27 11:39:40
2297,eng.1,2025-11-09,Nott'm Forest,Leeds United,Ladbrokes,2.2,3.3,3.2,,,2026-07-27 11:39:40
2298,eng.1,2025-11-09,Manchester City,Liverpool,B365,1.9,3.9,3.7,1.5,2.63,2026-07-27 11:39:40
2299,eng.1,2025-11-09,Manchester City,Liverpool,Pinnacle,1.88,4.08,3.85,1.47,2.73,2026-07-27 11:39:40
2300,eng.1,2025-11-09,Manchester City,Liverpool,Betway,1.9,4.0,3.6,,,2026-07-27 11:39:40
2301,eng.1,2025-11-09,Manchester City,Liverpool,Coral,1.91,4.0,3.6,,,2026-07-27 11:39:40
2302,eng.1,2025-11-09,Manchester City,Liverpool,Ladbrokes,1.91,3.9,3.5,,,2026-07-27 11:39:40
2303,eng.1,2025-11-22,Burnley,Chelsea,B365,6.25,4.5,1.48,1.8,2.0,2026-07-27 11:39:40
2304,eng.1,2025-11-22,Burnley,Chelsea,Pinnacle,6.45,4.73,1.49,1.8,2.09,2026-07-27 11:39:40
2305,eng.1,2025-11-22,Burnley,Chelsea,Betway,6.5,4.4,1.49,,,2026-07-27 11:39:40
2306,eng.1,2025-11-22,Burnley,Chelsea,Coral,6.5,4.4,1.5,,,2026-07-27 11:39:40
2307,eng.1,2025-11-22,Burnley,Chelsea,Ladbrokes,6.5,4.33,1.48,,,2026-07-27 11:39:40
2308,eng.1,2025-11-22,AFC Bournemouth,West Ham United,B365,1.62,4.2,4.75,1.67,2.2,2026-07-27 11:39:40
2309,eng.1,2025-11-22,AFC Bournemouth,West Ham United,Pinnacle,1.65,4.16,5.26,1.67,2.28,2026-07-27 11:39:40
2310,eng.1,2025-11-22,AFC Bournemouth,West Ham United,Betway,1.63,4.1,5.0,,,2026-07-27 11:39:40
2311,eng.1,2025-11-22,AFC Bournemouth,West Ham United,Coral,1.61,4.0,5.0,,,2026-07-27 11:39:40
2312,eng.1,2025-11-22,AFC Bournemouth,West Ham United,Ladbrokes,1.61,4.0,5.0,,,2026-07-27 11:39:40
2313,eng.1,2025-11-22,Brighton & Hove Albion,Brentford,B365,1.91,3.6,4.0,1.73,2.1,2026-07-27 11:39:40
2314,eng.1,2025-11-22,Brighton & Hove Albion,Brentford,Pinnacle,1.96,3.6,4.05,1.74,2.18,2026-07-27 11:39:40
2315,eng.1,2025-11-22,Brighton & Hove Albion,Brentford,Betway,1.93,3.7,3.75,,,2026-07-27 11:39:40
2316,eng.1,2025-11-22,Brighton & Hove Albion,Brentford,Coral,1.91,3.7,3.75,,,2026-07-27 11:39:40
2317,eng.1,2025-11-22,Brighton & Hove Albion,Brentford,Ladbrokes,1.91,3.7,3.7,,,2026-07-27 11:39:40
2318,eng.1,2025-11-22,Fulham,Sunderland,B365,2.1,3.25,3.75,2.2,1.67,2026-07-27 11:39:40
2319,eng.1,2025-11-22,Fulham,Sunderland,Pinnacle,2.12,3.24,3.95,2.3,1.67,2026-07-27 11:39:40
2320,eng.1,2025-11-22,Fulham,Sunderland,Betway,2.1,3.25,3.6,,,2026-07-27 11:39:40
2321,eng.1,2025-11-22,Fulham,Sunderland,Coral,2.1,3.3,3.6,,,2026-07-27 11:39:40
2322,eng.1,2025-11-22,Fulham,Sunderland,Ladbrokes,2.1,3.25,3.6,,,2026-07-27 11:39:40
2323,eng.1,2025-11-22,Liverpool,Nott'm Forest,B365,1.44,5.0,6.25,1.53,2.5,2026-07-27 11:39:40
2324,eng.1,2025-11-22,Liverpool,Nott'm Forest,Pinnacle,1.45,4.9,6.9,1.57,2.51,2026-07-27 11:39:40
2325,eng.1,2025-11-22,Liverpool,Nott'm Forest,Betway,1.44,4.75,6.75,,,2026-07-27 11:39:40
2326,eng.1,2025-11-22,Liverpool,Nott'm Forest,Coral,1.44,4.8,7.0,,,2026-07-27 11:39:40
2327,eng.1,2025-11-22,Liverpool,Nott'm Forest,Ladbrokes,1.44,4.6,6.5,,,2026-07-27 11:39:40
2328,eng.1,2025-11-22,Wolverhampton Wanderers,Crystal Palace,B365,3.8,3.6,1.95,2.05,1.8,2026-07-27 11:39:40
2329,eng.1,2025-11-22,Wolverhampton Wanderers,Crystal Palace,Pinnacle,3.92,3.62,1.99,2.08,1.82,2026-07-27 11:39:40
2330,eng.1,2025-11-22,Wolverhampton Wanderers,Crystal Palace,Betway,3.7,3.5,2.0,,,2026-07-27 11:39:40
2331,eng.1,2025-11-22,Wolverhampton Wanderers,Crystal Palace,Coral,3.7,3.5,2.0,,,2026-07-27 11:39:40
2332,eng.1,2025-11-22,Wolverhampton Wanderers,Crystal Palace,Ladbrokes,3.7,3.4,2.0,,,2026-07-27 11:39:40
2333,eng.1,2025-11-22,Newcastle United,Manchester City,B365,3.6,3.8,1.95,1.67,2.2,2026-07-27 11:39:40
2334,eng.1,2025-11-22,Newcastle United,Manchester City,Pinnacle,3.69,3.8,2.0,1.73,2.2,2026-07-27 11:39:40
2335,eng.1,2025-11-22,Newcastle United,Manchester City,Betway,3.4,3.8,1.98,,,2026-07-27 11:39:40
2336,eng.1,2025-11-22,Newcastle United,Manchester City,Coral,3.4,3.8,2.0,,,2026-07-27 11:39:40
2337,eng.1,2025-11-22,Newcastle United,Manchester City,Ladbrokes,3.4,3.75,2.0,,,2026-07-27 11:39:40
2338,eng.1,2025-11-23,Leeds United,Aston Villa,B365,3.0,3.3,2.4,2.1,1.73,2026-07-27 11:39:40
2339,eng.1,2025-11-23,Leeds United,Aston Villa,Pinnacle,3.05,3.27,2.51,2.23,1.71,2026-07-27 11:39:40
2340,eng.1,2025-11-23,Leeds United,Aston Villa,Betway,3.1,3.25,2.3,,,2026-07-27 11:39:40
2341,eng.1,2025-11-23,Leeds United,Aston Villa,Coral,3.1,3.25,2.3,,,2026-07-27 11:39:40
2342,eng.1,2025-11-23,Leeds United,Aston Villa,Ladbrokes,3.1,3.25,2.3,,,2026-07-27 11:39:40
2343,eng.1,2025-11-23,Arsenal,Tottenham Hotspur,B365,1.42,4.75,7.5,1.8,2.0,2026-07-27 11:39:40
2344,eng.1,2025-11-23,Arsenal,Tottenham Hotspur,Pinnacle,1.43,4.75,7.88,1.85,2.05,2026-07-27 11:39:40
2345,eng.1,2025-11-23,Arsenal,Tottenham Hotspur,Betway,1.4,4.6,8.0,,,2026-07-27 11:39:40
2346,eng.1,2025-11-23,Arsenal,Tottenham Hotspur,Coral,1.4,4.6,8.0,,,2026-07-27 11:39:40
2347,eng.1,2025-11-23,Arsenal,Tottenham Hotspur,Ladbrokes,1.4,4.6,8.0,,,2026-07-27 11:39:40
2348,eng.1,2025-11-24,Manchester United,Everton,B365,1.75,4.0,4.33,1.73,2.1,2026-07-27 11:39:40
2349,eng.1,2025-11-24,Manchester United,Everton,Pinnacle,1.8,3.76,4.68,1.78,2.1,2026-07-27 11:39:40
2350,eng.1,2025-11-24,Manchester United,Everton,Betway,1.72,3.8,4.6,,,2026-07-27 11:39:40
2351,eng.1,2025-11-24,Manchester United,Everton,Coral,1.73,3.8,4.6,,,2026-07-27 11:39:40
2352,eng.1,2025-11-24,Manchester United,Everton,Ladbrokes,1.73,3.8,4.6,,,2026-07-27 11:39:40
2353,eng.1,2025-11-29,Brentford,Burnley,B365,1.45,4.5,7.0,1.73,2.1,2026-07-27 11:39:40
2354,eng.1,2025-11-29,Brentford,Burnley,Pinnacle,1.47,4.72,6.95,1.81,2.07,2026-07-27 11:39:40
2355,eng.1,2025-11-29,Brentford,Burnley,Betway,1.49,4.4,6.5,,,2026-07-27 11:39:40
2356,eng.1,2025-11-29,Brentford,Burnley,Coral,1.48,4.4,6.5,,,2026-07-27 11:39:40
2357,eng.1,2025-11-29,Brentford,Burnley,Ladbrokes,1.48,4.4,6.5,,,2026-07-27 11:39:40
2358,eng.1,2025-11-29,Manchester City,Leeds United,B365,1.22,6.5,12.0,1.53,2.5,2026-07-27 11:39:40
2359,eng.1,2025-11-29,Manchester City,Leeds United,Pinnacle,1.25,6.77,10.58,1.53,2.57,2026-07-27 11:39:40
2360,eng.1,2025-11-29,Manchester City,Leeds United,Betway,1.24,6.5,11.0,,,2026-07-27 11:39:40
2361,eng.1,2025-11-29,Manchester City,Leeds United,Coral,1.25,6.5,11.0,,,2026-07-27 11:39:40
2362,eng.1,2025-11-29,Manchester City,Leeds United,Ladbrokes,1.22,6.5,11.0,,,2026-07-27 11:39:40
2363,eng.1,2025-11-29,Sunderland,AFC Bournemouth,B365,3.2,3.3,2.3,2.0,1.85,2026-07-27 11:39:40
2364,eng.1,2025-11-29,Sunderland,AFC Bournemouth,Pinnacle,3.14,3.4,2.38,2.02,1.87,2026-07-27 11:39:40
2365,eng.1,2025-11-29,Sunderland,AFC Bournemouth,Betway,2.95,3.3,2.37,,,2026-07-27 11:39:40
2366,eng.1,2025-11-29,Sunderland,AFC Bournemouth,Coral,2.8,3.2,2.3,,,2026-07-27 11:39:40
2367,eng.1,2025-11-29,Sunderland,AFC Bournemouth,Ladbrokes,2.9,3.3,2.37,,,2026-07-27 11:39:40
2368,eng.1,2025-11-29,Everton,Newcastle United,B365,2.8,3.25,2.63,2.0,1.8,2026-07-27 11:39:40
2369,eng.1,2025-11-29,Everton,Newcastle United,Pinnacle,2.79,3.38,2.64,2.04,1.85,2026-07-27 11:39:40
2370,eng.1,2025-11-29,Everton,Newcastle United,Betway,2.8,3.3,2.5,,,2026-07-27 11:39:40
2371,eng.1,2025-11-29,Everton,Newcastle United,Coral,2.8,3.3,2.5,,,2026-07-27 11:39:40
2372,eng.1,2025-11-29,Everton,Newcastle United,Ladbrokes,2.8,3.25,2.5,,,2026-07-27 11:39:40
2373,eng.1,2025-11-29,Tottenham Hotspur,Fulham,B365,2.2,3.3,3.3,1.95,1.9,2026-07-27 11:39:40
2374,eng.1,2025-11-29,Tottenham Hotspur,Fulham,Pinnacle,2.3,3.31,3.38,1.98,1.9,2026-07-27 11:39:40
2375,eng.1,2025-11-29,Tottenham Hotspur,Fulham,Betway,2.15,3.4,3.3,,,2026-07-27 11:39:40
2376,eng.1,2025-11-29,Tottenham Hotspur,Fulham,Coral,2.2,3.4,3.3,,,2026-07-27 11:39:40
2377,eng.1,2025-11-29,Tottenham Hotspur,Fulham,Ladbrokes,2.15,3.4,3.25,,,2026-07-27 11:39:40
2378,eng.1,2025-11-30,Crystal Palace,Manchester United,B365,2.3,3.4,3.1,1.73,2.1,2026-07-27 11:39:40
2379,eng.1,2025-11-30,Crystal Palace,Manchester United,Pinnacle,2.29,3.62,3.11,1.79,2.11,2026-07-27 11:39:40
2380,eng.1,2025-11-30,Crystal Palace,Manchester United,Betway,2.35,3.4,2.9,,,2026-07-27 11:39:40
2381,eng.1,2025-11-30,Crystal Palace,Manchester United,Coral,2.37,3.4,2.9,,,2026-07-27 11:39:40
2382,eng.1,2025-11-30,Crystal Palace,Manchester United,Ladbrokes,2.37,3.4,2.87,,,2026-07-27 11:39:40
2383,eng.1,2025-11-30,Aston Villa,Wolverhampton Wanderers,B365,1.5,4.33,6.5,1.8,2.0,2026-07-27 11:39:40
2384,eng.1,2025-11-30,Aston Villa,Wolverhampton Wanderers,Pinnacle,1.48,4.76,6.56,1.86,2.03,2026-07-27 11:39:40
2385,eng.1,2025-11-30,Aston Villa,Wolverhampton Wanderers,Betway,1.5,4.4,6.25,,,2026-07-27 11:39:40
2386,eng.1,2025-11-30,Aston Villa,Wolverhampton Wanderers,Coral,1.5,4.4,6.0,,,2026-07-27 11:39:40
2387,eng.1,2025-11-30,Aston Villa,Wolverhampton Wanderers,Ladbrokes,1.5,4.33,6.0,,,2026-07-27 11:39:40
2388,eng.1,2025-11-30,Nott'm Forest,Brighton & Hove Albion,B365,2.75,3.3,2.63,1.91,1.91,2026-07-27 11:39:40
2389,eng.1,2025-11-30,Nott'm Forest,Brighton & Hove Albion,Pinnacle,2.81,3.46,2.58,1.95,1.93,2026-07-27 11:39:40
2390,eng.1,2025-11-30,Nott'm Forest,Brighton & Hove Albion,Betway,2.7,3.4,2.55,,,2026-07-27 11:39:40
2391,eng.1,2025-11-30,Nott'm Forest,Brighton & Hove Albion,Coral,2.7,3.4,2.5,,,2026-07-27 11:39:40
2392,eng.1,2025-11-30,Nott'm Forest,Brighton & Hove Albion,Ladbrokes,2.7,3.4,2.5,,,2026-07-27 11:39:40
2393,eng.1,2025-11-30,West Ham United,Liverpool,B365,4.33,4.33,1.67,1.53,2.5,2026-07-27 11:39:40
2394,eng.1,2025-11-30,West Ham United,Liverpool,Pinnacle,4.45,4.22,1.74,1.55,2.55,2026-07-27 11:39:40
2395,eng.1,2025-11-30,West Ham United,Liverpool,Betway,4.2,4.1,1.72,,,2026-07-27 11:39:40
2396,eng.1,2025-11-30,West Ham United,Liverpool,Coral,4.2,4.2,1.73,,,2026-07-27 11:39:40
2397,eng.1,2025-11-30,West Ham United,Liverpool,Ladbrokes,4.2,4.0,1.73,,,2026-07-27 11:39:40
2398,eng.1,2025-11-30,Chelsea,Arsenal,B365,3.4,3.3,2.2,1.98,1.88,2026-07-27 11:39:40
2399,eng.1,2025-11-30,Chelsea,Arsenal,Pinnacle,3.47,3.33,2.25,2.03,1.87,2026-07-27 11:39:40
2400,eng.1,2025-11-30,Chelsea,Arsenal,Betway,3.3,3.3,2.2,,,2026-07-27 11:39:40
2401,eng.1,2025-11-30,Chelsea,Arsenal,Coral,3.3,3.3,2.2,,,2026-07-27 11:39:40
2402,eng.1,2025-11-30,Chelsea,Arsenal,Ladbrokes,3.3,3.3,2.2,,,2026-07-27 11:39:40
2403,eng.1,2025-12-02,AFC Bournemouth,Everton,B365,2.2,3.25,3.3,1.98,1.88,2026-07-27 11:39:40
2404,eng.1,2025-12-02,AFC Bournemouth,Everton,Pinnacle,2.28,3.36,3.43,1.99,1.92,2026-07-27 11:39:40
2405,eng.1,2025-12-02,AFC Bournemouth,Everton,Betway,2.15,3.3,3.4,,,2026-07-27 11:39:40
2406,eng.1,2025-12-02,AFC Bournemouth,Everton,Coral,2.15,3.3,3.4,,,2026-07-27 11:39:40
2407,eng.1,2025-12-02,AFC Bournemouth,Everton,Ladbrokes,2.15,3.3,3.4,,,2026-07-27 11:39:40
2408,eng.1,2025-12-02,Fulham,Manchester City,B365,4.33,4.1,1.73,1.67,2.2,2026-07-27 11:39:40
2409,eng.1,2025-12-02,Fulham,Manchester City,Pinnacle,4.73,4.13,1.72,1.7,2.26,2026-07-27 11:39:40
2410,eng.1,2025-12-02,Fulham,Manchester City,Betway,4.5,4.1,1.68,,,2026-07-27 11:39:40
2411,eng.1,2025-12-02,Fulham,Manchester City,Coral,4.5,4.2,1.7,,,2026-07-27 11:39:40
2412,eng.1,2025-12-02,Fulham,Manchester City,Ladbrokes,4.5,4.0,1.67,,,2026-07-27 11:39:40
2413,eng.1,2025-12-02,Newcastle United,Tottenham Hotspur,B365,1.83,3.8,4.1,1.73,2.1,2026-07-27 11:39:40
2414,eng.1,2025-12-02,Newcastle United,Tottenham Hotspur,Pinnacle,1.85,3.87,4.29,1.78,2.13,2026-07-27 11:39:40
2415,eng.1,2025-12-02,Newcastle United,Tottenham Hotspur,Betway,1.8,3.75,4.2,,,2026-07-27 11:39:40
2416,eng.1,2025-12-02,Newcastle United,Tottenham Hotspur,Coral,1.8,3.75,4.2,,,2026-07-27 11:39:40
2417,eng.1,2025-12-02,Newcastle United,Tottenham Hotspur,Ladbrokes,1.8,3.75,4.2,,,2026-07-27 11:39:40
2418,eng.1,2025-12-03,Arsenal,Brentford,B365,1.36,5.0,8.5,1.73,2.1,2026-07-27 11:39:40
2419,eng.1,2025-12-03,Arsenal,Brentford,Pinnacle,1.35,5.41,8.75,1.78,2.11,2026-07-27 11:39:40
2420,eng.1,2025-12-03,Arsenal,Brentford,Betway,1.37,5.0,8.0,,,2026-07-27 11:39:40
2421,eng.1,2025-12-03,Arsenal,Brentford,Coral,1.36,5.0,8.0,,,2026-07-27 11:39:40
2422,eng.1,2025-12-03,Arsenal,Brentford,Ladbrokes,1.36,5.0,8.0,,,2026-07-27 11:39:40
2423,eng.1,2025-12-03,Brighton & Hove Albion,Aston Villa,B365,2.15,3.5,3.4,1.88,1.98,2026-07-27 11:39:40
2424,eng.1,2025-12-03,Brighton & Hove Albion,Aston Villa,Pinnacle,2.18,3.58,3.37,1.9,1.99,2026-07-27 11:39:40
2425,eng.1,2025-12-03,Brighton & Hove Albion,Aston Villa,Betway,2.15,3.4,3.3,,,2026-07-27 11:39:40
2426,eng.1,2025-12-03,Brighton & Hove Albion,Aston Villa,Coral,2.15,3.4,3.3,,,2026-07-27 11:39:40
2427,eng.1,2025-12-03,Brighton & Hove Albion,Aston Villa,Ladbrokes,2.15,3.4,3.3,,,2026-07-27 11:39:40
2428,eng.1,2025-12-03,Burnley,Crystal Palace,B365,4.5,3.8,1.75,2.0,1.8,2026-07-27 11:39:40
2429,eng.1,2025-12-03,Burnley,Crystal Palace,Pinnacle,4.64,3.81,1.79,2.09,1.79,2026-07-27 11:39:40
2430,eng.1,2025-12-03,Burnley,Crystal Palace,Betway,4.6,3.7,1.77,,,2026-07-27 11:39:40
2431,eng.1,2025-12-03,Burnley,Crystal Palace,Coral,4.6,3.7,1.75,,,2026-07-27 11:39:40
2432,eng.1,2025-12-03,Burnley,Crystal Palace,Ladbrokes,4.5,3.7,1.75,,,2026-07-27 11:39:40
2433,eng.1,2025-12-03,Wolverhampton Wanderers,Nott'm Forest,B365,3.25,3.4,2.25,2.1,1.73,2026-07-27 11:39:40
2434,eng.1,2025-12-03,Wolverhampton Wanderers,Nott'm Forest,Pinnacle,3.27,3.37,2.32,2.17,1.75,2026-07-27 11:39:40
2435,eng.1,2025-12-03,Wolverhampton Wanderers,Nott'm Forest,Betway,3.2,3.3,2.2,,,2026-07-27 11:39:40
2436,eng.1,2025-12-03,Wolverhampton Wanderers,Nott'm Forest,Coral,3.25,3.3,2.25,,,2026-07-27 11:39:40
2437,eng.1,2025-12-03,Wolverhampton Wanderers,Nott'm Forest,Ladbrokes,3.2,3.3,2.2,,,2026-07-27 11:39:40
2438,eng.1,2025-12-03,Leeds United,Chelsea,B365,4.1,4.1,1.8,1.83,2.03,2026-07-27 11:39:40
2439,eng.1,2025-12-03,Leeds United,Chelsea,Pinnacle,4.27,4.05,1.8,1.85,2.04,2026-07-27 11:39:40
2440,eng.1,2025-12-03,Leeds United,Chelsea,Betway,4.33,3.8,1.78,,,2026-07-27 11:39:40
2441,eng.1,2025-12-03,Leeds United,Chelsea,Coral,4.33,3.8,1.8,,,2026-07-27 11:39:40
2442,eng.1,2025-12-03,Leeds United,Chelsea,Ladbrokes,4.2,3.8,1.75,,,2026-07-27 11:39:40
2443,eng.1,2025-12-03,Liverpool,Sunderland,B365,1.36,5.25,7.0,1.57,2.38,2026-07-27 11:39:40
2444,eng.1,2025-12-03,Liverpool,Sunderland,Pinnacle,1.37,5.44,8.12,1.59,2.45,2026-07-27 11:39:40
2445,eng.1,2025-12-03,Liverpool,Sunderland,Betway,1.34,5.5,8.25,,,2026-07-27 11:39:40
2446,eng.1,2025-12-03,Liverpool,Sunderland,Coral,1.35,5.5,8.0,,,2026-07-27 11:39:40
2447,eng.1,2025-12-03,Liverpool,Sunderland,Ladbrokes,1.33,5.25,8.0,,,2026-07-27 11:39:40
2448,eng.1,2025-12-04,Manchester United,West Ham United,B365,1.45,5.0,6.0,1.53,2.5,2026-07-27 11:39:40
2449,eng.1,2025-12-04,Manchester United,West Ham United,Pinnacle,1.47,4.9,6.52,1.55,2.52,2026-07-27 11:39:40
2450,eng.1,2025-12-04,Manchester United,West Ham United,Betway,1.46,4.75,6.25,,,2026-07-27 11:39:40
2451,eng.1,2025-12-04,Manchester United,West Ham United,Coral,1.44,4.8,6.5,,,2026-07-27 11:39:40
2452,eng.1,2025-12-04,Manchester United,West Ham United,Ladbrokes,1.44,4.8,6.5,,,2026-07-27 11:39:40
2453,eng.1,2025-12-06,Aston Villa,Arsenal,B365,4.2,3.5,1.9,2.1,1.73,2026-07-27 11:39:40
2454,eng.1,2025-12-06,Aston Villa,Arsenal,Pinnacle,4.32,3.53,1.92,2.14,1.76,2026-07-27 11:39:40
2455,eng.1,2025-12-06,Aston Villa,Arsenal,Betway,4.0,3.4,1.93,,,2026-07-27 11:39:40
2456,eng.1,2025-12-06,Aston Villa,Arsenal,Coral,4.0,3.4,1.91,,,2026-07-27 11:39:40
2457,eng.1,2025-12-06,Aston Villa,Arsenal,Ladbrokes,4.0,3.4,1.91,,,2026-07-27 11:39:40
2458,eng.1,2025-12-06,AFC Bournemouth,Chelsea,B365,3.1,3.75,2.15,1.62,2.3,2026-07-27 11:39:40
2459,eng.1,2025-12-06,AFC Bournemouth,Chelsea,Pinnacle,3.15,3.83,2.2,1.65,2.32,2026-07-27 11:39:40
2460,eng.1,2025-12-06,AFC Bournemouth,Chelsea,Betway,3.2,3.6,2.15,,,2026-07-27 11:39:40
2461,eng.1,2025-12-06,AFC Bournemouth,Chelsea,Coral,3.2,3.6,2.15,,,2026-07-27 11:39:40
2462,eng.1,2025-12-06,AFC Bournemouth,Chelsea,Ladbrokes,3.1,3.6,2.15,,,2026-07-27 11:39:40
2463,eng.1,2025-12-06,Everton,Nott'm Forest,B365,2.2,3.2,3.5,2.1,1.73,2026-07-27 11:39:40
2464,eng.1,2025-12-06,Everton,Nott'm Forest,Pinnacle,2.23,3.24,3.63,2.19,1.73,2026-07-27 11:39:40
2465,eng.1,2025-12-06,Everton,Nott'm Forest,Betway,2.15,3.25,3.5,,,2026-07-27 11:39:40
2466,eng.1,2025-12-06,Everton,Nott'm Forest,Coral,2.15,3.25,3.5,,,2026-07-27 11:39:40
2467,eng.1,2025-12-06,Everton,Nott'm Forest,Ladbrokes,2.15,3.25,3.5,,,2026-07-27 11:39:40
2468,eng.1,2025-12-06,Manchester City,Sunderland,B365,1.25,6.5,10.0,1.5,2.63,2026-07-27 11:39:40
2469,eng.1,2025-12-06,Manchester City,Sunderland,Pinnacle,1.24,6.68,11.08,1.51,2.59,2026-07-27 11:39:40
2470,eng.1,2025-12-06,Manchester City,Sunderland,Betway,1.26,6.25,10.5,,,2026-07-27 11:39:40
2471,eng.1,2025-12-06,Manchester City,Sunderland,Coral,1.25,6.0,10.0,,,2026-07-27 11:39:40
2472,eng.1,2025-12-06,Manchester City,Sunderland,Ladbrokes,1.25,6.0,10.0,,,2026-07-27 11:39:40
2473,eng.1,2025-12-06,Newcastle United,Burnley,B365,1.27,6.0,9.5,1.57,2.38,2026-07-27 11:39:40
2474,eng.1,2025-12-06,Newcastle United,Burnley,Pinnacle,1.27,6.25,10.24,1.6,2.41,2026-07-27 11:39:40
2475,eng.1,2025-12-06,Newcastle United,Burnley,Betway,1.29,5.75,9.5,,,2026-07-27 11:39:40
2476,eng.1,2025-12-06,Newcastle United,Burnley,Coral,1.28,5.75,9.5,,,2026-07-27 11:39:40
2477,eng.1,2025-12-06,Newcastle United,Burnley,Ladbrokes,1.28,5.75,9.5,,,2026-07-27 11:39:40
2478,eng.1,2025-12-06,Tottenham Hotspur,Brentford,B365,2.3,3.5,3.0,1.83,2.03,2026-07-27 11:39:40
2479,eng.1,2025-12-06,Tottenham Hotspur,Brentford,Pinnacle,2.39,3.42,3.09,1.89,1.99,2026-07-27 11:39:40
2480,eng.1,2025-12-06,Tottenham Hotspur,Brentford,Betway,2.25,3.5,3.0,,,2026-07-27 11:39:40
2481,eng.1,2025-12-06,Tottenham Hotspur,Brentford,Coral,2.25,3.5,3.0,,,2026-07-27 11:39:40
2482,eng.1,2025-12-06,Tottenham Hotspur,Brentford,Ladbrokes,2.25,3.5,3.0,,,2026-07-27 11:39:40
2483,eng.1,2025-12-06,Leeds United,Liverpool,B365,3.8,4.0,1.85,1.67,2.2,2026-07-27 11:39:40
2484,eng.1,2025-12-06,Leeds United,Liverpool,Pinnacle,3.96,3.85,1.91,1.7,2.24,2026-07-27 11:39:40
2485,eng.1,2025-12-06,Leeds United,Liverpool,Betway,4.1,3.8,1.82,,,2026-07-27 11:39:40
2486,eng.1,2025-12-06,Leeds United,Liverpool,Coral,4.0,3.8,1.83,,,2026-07-27 11:39:40
2487,eng.1,2025-12-06,Leeds United,Liverpool,Ladbrokes,4.0,3.75,1.83,,,2026-07-27 11:39:40
2488,eng.1,2025-12-07,Brighton & Hove Albion,West Ham United,B365,1.55,4.33,5.75,1.62,2.3,2026-07-27 11:39:40
2489,eng.1,2025-12-07,Brighton & Hove Albion,West Ham United,Pinnacle,1.56,4.52,5.73,1.65,2.33,2026-07-27 11:39:40
2490,eng.1,2025-12-07,Brighton & Hove Albion,West Ham United,Betway,1.57,4.4,5.25,,,2026-07-27 11:39:40
2491,eng.1,2025-12-07,Brighton & Hove Albion,West Ham United,Coral,1.57,4.4,5.25,,,2026-07-27 11:39:40
2492,eng.1,2025-12-07,Brighton & Hove Albion,West Ham United,Ladbrokes,1.57,4.33,5.25,,,2026-07-27 11:39:40
2493,eng.1,2025-12-07,Fulham,Crystal Palace,B365,2.55,3.3,2.8,2.0,1.8,2026-07-27 11:39:40
2494,eng.1,2025-12-07,Fulham,Crystal Palace,Pinnacle,2.59,3.35,2.87,2.09,1.81,2026-07-27 11:39:40
2495,eng.1,2025-12-07,Fulham,Crystal Palace,Betway,2.6,3.25,2.75,,,2026-07-27 11:39:40
2496,eng.1,2025-12-07,Fulham,Crystal Palace,Coral,2.6,3.25,2.75,,,2026-07-27 11:39:40
2497,eng.1,2025-12-07,Fulham,Crystal Palace,Ladbrokes,2.6,3.2,2.7,,,2026-07-27 11:39:40
2498,eng.1,2025-12-08,Wolverhampton Wanderers,Manchester United,B365,4.2,4.0,1.75,1.67,2.2,2026-07-27 11:39:40
2499,eng.1,2025-12-08,Wolverhampton Wanderers,Manchester United,Pinnacle,4.19,4.01,1.83,1.72,2.2,2026-07-27 11:39:40
2500,eng.1,2025-12-08,Wolverhampton Wanderers,Manchester United,Betway,4.33,3.8,1.78,,,2026-07-27 11:39:40
2501,eng.1,2025-12-08,Wolverhampton Wanderers,Manchester United,Coral,4.33,3.8,1.8,,,2026-07-27 11:39:40
2502,eng.1,2025-12-08,Wolverhampton Wanderers,Manchester United,Ladbrokes,4.2,3.75,1.8,,,2026-07-27 11:39:40
2503,eng.1,2025-12-13,Chelsea,Everton,B365,1.67,3.8,5.25,1.88,1.98,2026-07-27 11:39:40
2504,eng.1,2025-12-13,Chelsea,Everton,Pinnacle,1.67,4.04,5.3,1.89,2.0,2026-07-27 11:39:40
2505,eng.1,2025-12-13,Chelsea,Everton,Betway,1.65,4.0,5.0,,,2026-07-27 11:39:40
2506,eng.1,2025-12-13,Chelsea,Everton,Coral,1.65,4.0,5.0,,,2026-07-27 11:39:40
2507,eng.1,2025-12-13,Chelsea,Everton,Ladbrokes,1.65,4.0,4.8,,,2026-07-27 11:39:40
2508,eng.1,2025-12-13,Liverpool,Brighton & Hove Albion,B365,1.67,4.0,4.75,1.53,2.5,2026-07-27 11:39:40
2509,eng.1,2025-12-13,Liverpool,Brighton & Hove Albion,Pinnacle,1.69,4.32,4.68,1.53,2.62,2026-07-27 11:39:40
2510,eng.1,2025-12-13,Liverpool,Brighton & Hove Albion,Betway,1.68,4.2,4.4,,,2026-07-27 11:39:40
2511,eng.1,2025-12-13,Liverpool,Brighton & Hove Albion,Coral,1.7,4.2,4.4,,,2026-07-27 11:39:40
2512,eng.1,2025-12-13,Liverpool,Brighton & Hove Albion,Ladbrokes,1.67,4.2,4.4,,,2026-07-27 11:39:40
2513,eng.1,2025-12-13,Burnley,Fulham,B365,4.0,3.5,1.91,2.1,1.73,2026-07-27 11:39:40
2514,eng.1,2025-12-13,Burnley,Fulham,Pinnacle,3.98,3.59,1.98,2.1,1.79,2026-07-27 11:39:40
2515,eng.1,2025-12-13,Burnley,Fulham,Betway,3.9,3.5,1.93,,,2026-07-27 11:39:40
2516,eng.1,2025-12-13,Burnley,Fulham,Coral,3.9,3.5,1.95,,,2026-07-27 11:39:40
2517,eng.1,2025-12-13,Burnley,Fulham,Ladbrokes,3.9,3.5,1.95,,,2026-07-27 11:39:40
2518,eng.1,2025-12-13,Arsenal,Wolverhampton Wanderers,B365,1.13,8.5,21.0,1.53,2.5,2026-07-27 11:39:40
2519,eng.1,2025-12-13,Arsenal,Wolverhampton Wanderers,Pinnacle,1.14,8.77,21.15,1.51,2.57,2026-07-27 11:39:40
2520,eng.1,2025-12-13,Arsenal,Wolverhampton Wanderers,Betway,1.13,9.5,20.0,,,2026-07-27 11:39:40
2521,eng.1,2025-12-13,Arsenal,Wolverhampton Wanderers,Coral,1.12,9.5,19.0,,,2026-07-27 11:39:40
2522,eng.1,2025-12-13,Arsenal,Wolverhampton Wanderers,Ladbrokes,1.12,9.5,19.0,,,2026-07-27 11:39:40
2523,eng.1,2025-12-14,Crystal Palace,Manchester City,B365,3.9,3.9,1.85,1.67,2.2,2026-07-27 11:39:40
2524,eng.1,2025-12-14,Crystal Palace,Manchester City,Pinnacle,4.05,3.99,1.86,1.68,2.27,2026-07-27 11:39:40
2525,eng.1,2025-12-14,Crystal Palace,Manchester City,Betway,4.0,3.7,1.87,,,2026-07-27 11:39:40
2526,eng.1,2025-12-14,Crystal Palace,Manchester City,Coral,4.0,3.7,1.85,,,2026-07-27 11:39:40
2527,eng.1,2025-12-14,Crystal Palace,Manchester City,Ladbrokes,4.0,3.6,1.85,,,2026-07-27 11:39:40
2528,eng.1,2025-12-14,Nott'm Forest,Tottenham Hotspur,B365,2.55,3.3,2.8,2.03,1.83,2026-07-27 11:39:40
2529,eng.1,2025-12-14,Nott'm Forest,Tottenham Hotspur,Pinnacle,2.6,3.4,2.82,2.04,1.85,2026-07-27 11:39:40
2530,eng.1,2025-12-14,Nott'm Forest,Tottenham Hotspur,Betway,2.55,3.3,2.75,,,2026-07-27 11:39:40
2531,eng.1,2025-12-14,Nott'm Forest,Tottenham Hotspur,Coral,2.5,3.3,2.75,,,2026-07-27 11:39:40
2532,eng.1,2025-12-14,Nott'm Forest,Tottenham Hotspur,Ladbrokes,2.5,3.3,2.75,,,2026-07-27 11:39:40
2533,eng.1,2025-12-14,Sunderland,Newcastle United,B365,3.3,3.3,2.25,1.91,1.91,2026-07-27 11:39:40
2534,eng.1,2025-12-14,Sunderland,Newcastle United,Pinnacle,3.43,3.33,2.26,2.0,1.89,2026-07-27 11:39:40
2535,eng.1,2025-12-14,Sunderland,Newcastle United,Betway,3.2,3.4,2.2,,,2026-07-27 11:39:40
2536,eng.1,2025-12-14,Sunderland,Newcastle United,Coral,3.2,3.4,2.2,,,2026-07-27 11:39:40
2537,eng.1,2025-12-14,Sunderland,Newcastle United,Ladbrokes,3.2,3.4,2.2,,,2026-07-27 11:39:40
2538,eng.1,2025-12-14,West Ham United,Aston Villa,B365,3.75,3.5,2.0,1.8,2.0,2026-07-27 11:39:40
2539,eng.1,2025-12-14,West Ham United,Aston Villa,Pinnacle,3.76,3.57,2.05,1.86,2.03,2026-07-27 11:39:40
2540,eng.1,2025-12-14,West Ham United,Aston Villa,Betway,3.5,3.5,2.05,,,2026-07-27 11:39:40
2541,eng.1,2025-12-14,West Ham United,Aston Villa,Coral,3.5,3.5,2.05,,,2026-07-27 11:39:40
2542,eng.1,2025-12-14,West Ham United,Aston Villa,Ladbrokes,3.5,3.5,2.0,,,2026-07-27 11:39:40
2543,eng.1,2025-12-14,Brentford,Leeds United,B365,1.91,3.6,4.0,1.9,1.95,2026-07-27 11:39:40
2544,eng.1,2025-12-14,Brentford,Leeds United,Pinnacle,1.97,3.69,3.89,1.92,1.97,2026-07-27 11:39:40
2545,eng.1,2025-12-14,Brentford,Leeds United,Betway,1.98,3.5,3.75,,,2026-07-27 11:39:40
2546,eng.1,2025-12-14,Brentford,Leeds United,Coral,2.0,3.5,3.75,,,2026-07-27 11:39:40
2547,eng.1,2025-12-14,Brentford,Leeds United,Ladbrokes,1.95,3.5,3.7,,,2026-07-27 11:39:40
2548,eng.1,2025-12-15,Manchester United,AFC Bournemouth,B365,1.83,4.0,3.8,1.57,2.38,2026-07-27 11:39:40
2549,eng.1,2025-12-15,Manchester United,AFC Bournemouth,Pinnacle,1.84,4.21,3.93,1.56,2.54,2026-07-27 11:39:40
2550,eng.1,2025-12-15,Manchester United,AFC Bournemouth,Betway,1.83,3.9,3.8,,,2026-07-27 11:39:40
2551,eng.1,2025-12-15,Manchester United,AFC Bournemouth,Coral,1.83,3.9,3.8,,,2026-07-27 11:39:40
2552,eng.1,2025-12-15,Manchester United,AFC Bournemouth,Ladbrokes,1.83,3.9,3.8,,,2026-07-27 11:39:40
2553,eng.1,2025-12-20,Newcastle United,Chelsea,B365,2.75,3.6,2.45,1.67,2.2,2026-07-27 11:39:40
2554,eng.1,2025-12-20,Newcastle United,Chelsea,Pinnacle,2.87,3.41,2.55,1.71,2.22,2026-07-27 11:39:40
2555,eng.1,2025-12-20,Newcastle United,Chelsea,Betway,2.65,3.5,2.5,,,2026-07-27 11:39:40
2556,eng.1,2025-12-20,Newcastle United,Chelsea,Coral,2.62,3.5,2.5,,,2026-07-27 11:39:40
2557,eng.1,2025-12-20,Newcastle United,Chelsea,Ladbrokes,2.62,3.5,2.5,,,2026-07-27 11:39:40
2558,eng.1,2025-12-20,AFC Bournemouth,Burnley,B365,1.48,4.33,6.5,1.67,2.2,2026-07-27 11:39:40
2559,eng.1,2025-12-20,AFC Bournemouth,Burnley,Pinnacle,1.48,4.65,6.73,1.68,2.26,2026-07-27 11:39:40
2560,eng.1,2025-12-20,AFC Bournemouth,Burnley,Betway,1.47,4.6,6.25,,,2026-07-27 11:39:40
2561,eng.1,2025-12-20,AFC Bournemouth,Burnley,Coral,1.48,4.6,6.5,,,2026-07-27 11:39:40
2562,eng.1,2025-12-20,AFC Bournemouth,Burnley,Ladbrokes,1.44,4.2,5.75,,,2026-07-27 11:39:40
2563,eng.1,2025-12-20,Brighton & Hove Albion,Sunderland,B365,1.67,4.0,5.25,1.85,2.0,2026-07-27 11:39:40
2564,eng.1,2025-12-20,Brighton & Hove Albion,Sunderland,Pinnacle,1.63,4.15,5.5,1.86,2.03,2026-07-27 11:39:40
2565,eng.1,2025-12-20,Brighton & Hove Albion,Sunderland,Betway,1.65,4.0,5.0,,,2026-07-27 11:39:40
2566,eng.1,2025-12-20,Brighton & Hove Albion,Sunderland,Coral,1.65,4.0,5.0,,,2026-07-27 11:39:40
2567,eng.1,2025-12-20,Brighton & Hove Albion,Sunderland,Ladbrokes,1.65,4.0,5.0,,,2026-07-27 11:39:40
2568,eng.1,2025-12-20,Manchester City,West Ham United,B365,1.22,8.0,10.0,1.36,3.2,2026-07-27 11:39:40
2569,eng.1,2025-12-20,Manchester City,West Ham United,Pinnacle,1.2,7.87,12.43,1.34,3.25,2026-07-27 11:39:40
2570,eng.1,2025-12-20,Manchester City,West Ham United,Betway,1.22,7.5,10.5,,,2026-07-27 11:39:40
2571,eng.1,2025-12-20,Manchester City,West Ham United,Coral,1.22,7.5,10.0,,,2026-07-27 11:39:40
2572,eng.1,2025-12-20,Manchester City,West Ham United,Ladbrokes,1.22,7.5,10.0,,,2026-07-27 11:39:40
2573,eng.1,2025-12-20,Wolverhampton Wanderers,Brentford,B365,3.5,3.6,2.05,2.0,1.85,2026-07-27 11:39:40
2574,eng.1,2025-12-20,Wolverhampton Wanderers,Brentford,Pinnacle,3.66,3.56,2.08,2.05,1.85,2026-07-27 11:39:40
2575,eng.1,2025-12-20,Wolverhampton Wanderers,Brentford,Betway,3.6,3.5,2.05,,,2026-07-27 11:39:40
2576,eng.1,2025-12-20,Wolverhampton Wanderers,Brentford,Coral,3.6,3.5,2.05,,,2026-07-27 11:39:40
2577,eng.1,2025-12-20,Wolverhampton Wanderers,Brentford,Ladbrokes,3.6,3.5,2.0,,,2026-07-27 11:39:40
2578,eng.1,2025-12-20,Tottenham Hotspur,Liverpool,B365,3.5,3.75,2.0,1.67,2.2,2026-07-27 11:39:40
2579,eng.1,2025-12-20,Tottenham Hotspur,Liverpool,Pinnacle,3.42,3.8,2.09,1.72,2.21,2026-07-27 11:39:40
2580,eng.1,2025-12-20,Tottenham Hotspur,Liverpool,Betway,3.4,3.7,2.05,,,2026-07-27 11:39:40
2581,eng.1,2025-12-20,Tottenham Hotspur,Liverpool,Coral,3.2,3.5,1.95,,,2026-07-27 11:39:40
2582,eng.1,2025-12-20,Tottenham Hotspur,Liverpool,Ladbrokes,3.2,3.5,1.95,,,2026-07-27 11:39:40
2583,eng.1,2025-12-20,Everton,Arsenal,B365,5.75,4.1,1.57,2.1,1.73,2026-07-27 11:39:40
2584,eng.1,2025-12-20,Everton,Arsenal,Pinnacle,6.18,4.09,1.58,2.16,1.75,2026-07-27 11:39:40
2585,eng.1,2025-12-20,Everton,Arsenal,Betway,5.5,3.8,1.62,,,2026-07-27 11:39:40
2586,eng.1,2025-12-20,Everton,Arsenal,Coral,5.0,3.6,1.57,,,2026-07-27 11:39:40
2587,eng.1,2025-12-20,Everton,Arsenal,Ladbrokes,5.5,3.8,1.61,,,2026-07-27 11:39:40
2588,eng.1,2025-12-20,Leeds United,Crystal Palace,B365,2.6,3.3,2.75,2.1,1.73,2026-07-27 11:39:40
2589,eng.1,2025-12-20,Leeds United,Crystal Palace,Pinnacle,2.66,3.32,2.81,2.1,1.79,2026-07-27 11:39:40
2590,eng.1,2025-12-20,Leeds United,Crystal Palace,Betway,2.55,3.3,2.75,,,2026-07-27 11:39:40
2591,eng.1,2025-12-20,Leeds United,Crystal Palace,Coral,2.5,3.3,2.75,,,2026-07-27 11:39:40
2592,eng.1,2025-12-20,Leeds United,Crystal Palace,Ladbrokes,2.5,3.25,2.75,,,2026-07-27 11:39:40
2593,eng.1,2025-12-21,Aston Villa,Manchester United,B365,2.1,3.6,3.3,1.67,2.2,2026-07-27 11:39:40
2594,eng.1,2025-12-21,Aston Villa,Manchester United,Pinnacle,2.08,3.73,3.49,1.66,2.31,2026-07-27 11:39:40
2595,eng.1,2025-12-21,Aston Villa,Manchester United,Betway,2.1,3.7,3.25,,,2026-07-27 11:39:40
2596,eng.1,2025-12-21,Aston Villa,Manchester United,Coral,2.1,3.7,3.25,,,2026-07-27 11:39:40
2597,eng.1,2025-12-21,Aston Villa,Manchester United,Ladbrokes,2.1,3.6,3.25,,,2026-07-27 11:39:40
2598,eng.1,2025-12-22,Fulham,Nott'm Forest,B365,2.4,3.25,3.0,2.05,1.8,2026-07-27 11:39:40
2599,eng.1,2025-12-22,Fulham,Nott'm Forest,Pinnacle,2.51,3.29,3.01,2.09,1.81,2026-07-27 11:39:40
2600,eng.1,2025-12-22,Fulham,Nott'm Forest,Betway,2.37,3.4,2.95,,,2026-07-27 11:39:40
2601,eng.1,2025-12-22,Fulham,Nott'm Forest,Coral,2.37,3.4,2.9,,,2026-07-27 11:39:40
2602,eng.1,2025-12-22,Fulham,Nott'm Forest,Ladbrokes,2.37,3.3,2.9,,,2026-07-27 11:39:40
2603,eng.1,2025-12-26,Manchester United,Newcastle United,B365,2.55,3.6,2.6,1.67,2.2,2026-07-27 11:39:40
2604,eng.1,2025-12-26,Manchester United,Newcastle United,Pinnacle,2.57,3.71,2.67,1.65,2.34,2026-07-27 11:39:40
2605,eng.1,2025-12-26,Manchester United,Newcastle United,Betway,2.45,3.6,2.65,,,2026-07-27 11:39:40
2606,eng.1,2025-12-26,Manchester United,Newcastle United,Coral,2.5,3.6,2.7,,,2026-07-27 11:39:40
2607,eng.1,2025-12-26,Manchester United,Newcastle United,Ladbrokes,2.45,3.5,2.62,,,2026-07-27 11:39:40
2608,eng.1,2025-12-27,Nott'm Forest,Manchester City,B365,5.0,4.33,1.6,1.67,2.2,2026-07-27 11:39:40
2609,eng.1,2025-12-27,Nott'm Forest,Manchester City,Pinnacle,5.26,4.53,1.6,1.66,2.31,2026-07-27 11:39:40
2610,eng.1,2025-12-27,Nott'm Forest,Manchester City,Betway,5.0,4.33,1.6,,,2026-07-27 11:39:40
2611,eng.1,2025-12-27,Nott'm Forest,Manchester City,Coral,5.0,4.33,1.6,,,2026-07-27 11:39:40
2612,eng.1,2025-12-27,Nott'm Forest,Manchester City,Ladbrokes,4.8,4.33,1.6,,,2026-07-27 11:39:40
2613,eng.1,2025-12-27,Arsenal,Brighton & Hove Albion,B365,1.42,4.75,7.0,1.67,2.2,2026-07-27 11:39:40
2614,eng.1,2025-12-27,Arsenal,Brighton & Hove Albion,Pinnacle,1.39,5.09,8.08,1.66,2.3,2026-07-27 11:39:40
2615,eng.1,2025-12-27,Arsenal,Brighton & Hove Albion,Betway,1.43,4.8,6.75,,,2026-07-27 11:39:40
2616,eng.1,2025-12-27,Arsenal,Brighton & Hove Albion,Coral,1.44,4.8,7.0,,,2026-07-27 11:39:40
2617,eng.1,2025-12-27,Arsenal,Brighton & Hove Albion,Ladbrokes,1.44,4.8,6.5,,,2026-07-27 11:39:40
2618,eng.1,2025-12-27,Brentford,AFC Bournemouth,B365,2.25,3.6,3.0,1.67,2.2,2026-07-27 11:39:40
2619,eng.1,2025-12-27,Brentford,AFC Bournemouth,Pinnacle,2.31,3.67,3.05,1.7,2.24,2026-07-27 11:39:40
2620,eng.1,2025-12-27,Brentford,AFC Bournemouth,Betway,2.25,3.6,2.95,,,2026-07-27 11:39:40
2621,eng.1,2025-12-27,Brentford,AFC Bournemouth,Coral,2.3,3.6,3.0,,,2026-07-27 11:39:40
2622,eng.1,2025-12-27,Brentford,AFC Bournemouth,Ladbrokes,2.25,3.5,2.9,,,2026-07-27 11:39:40
2623,eng.1,2025-12-27,Burnley,Everton,B365,4.1,3.4,1.95,2.2,1.67,2026-07-27 11:39:40
2624,eng.1,2025-12-27,Burnley,Everton,Pinnacle,4.12,3.35,2.03,2.28,1.68,2026-07-27 11:39:40
2625,eng.1,2025-12-27,Burnley,Everton,Betway,4.0,3.25,2.0,,,2026-07-27 11:39:40
2626,eng.1,2025-12-27,Burnley,Everton,Coral,4.0,3.25,2.0,,,2026-07-27 11:39:40
2627,eng.1,2025-12-27,Burnley,Everton,Ladbrokes,3.9,3.25,2.0,,,2026-07-27 11:39:40
2628,eng.1,2025-12-27,Liverpool,Wolverhampton Wanderers,B365,1.25,6.5,10.0,1.5,2.63,2026-07-27 11:39:40
2629,eng.1,2025-12-27,Liverpool,Wolverhampton Wanderers,Pinnacle,1.23,7.02,11.7,1.48,2.65,2026-07-27 11:39:40
2630,eng.1,2025-12-27,Liverpool,Wolverhampton Wanderers,Betway,1.24,6.75,10.5,,,2026-07-27 11:39:40
2631,eng.1,2025-12-27,Liverpool,Wolverhampton Wanderers,Coral,1.25,6.5,10.0,,,2026-07-27 11:39:40
2632,eng.1,2025-12-27,Liverpool,Wolverhampton Wanderers,Ladbrokes,1.25,6.5,10.0,,,2026-07-27 11:39:40
2633,eng.1,2025-12-27,West Ham United,Fulham,B365,2.63,3.4,2.6,1.8,2.0,2026-07-27 11:39:40
2634,eng.1,2025-12-27,West Ham United,Fulham,Pinnacle,2.69,3.49,2.67,1.81,2.08,2026-07-27 11:39:40
2635,eng.1,2025-12-27,West Ham United,Fulham,Betway,2.65,3.4,2.55,,,2026-07-27 11:39:40
2636,eng.1,2025-12-27,West Ham United,Fulham,Coral,2.62,3.4,2.6,,,2026-07-27 11:39:40
2637,eng.1,2025-12-27,West Ham United,Fulham,Ladbrokes,2.62,3.4,2.6,,,2026-07-27 11:39:40
2638,eng.1,2025-12-27,Chelsea,Aston Villa,B365,1.83,3.9,4.0,1.67,2.2,2026-07-27 11:39:40
2639,eng.1,2025-12-27,Chelsea,Aston Villa,Pinnacle,1.85,3.95,4.1,1.72,2.2,2026-07-27 11:39:40
2640,eng.1,2025-12-27,Chelsea,Aston Villa,Betway,1.83,3.9,3.9,,,2026-07-27 11:39:40
2641,eng.1,2025-12-27,Chelsea,Aston Villa,Coral,1.83,3.9,3.9,,,2026-07-27 11:39:40
2642,eng.1,2025-12-27,Chelsea,Aston Villa,Ladbrokes,1.83,3.9,3.9,,,2026-07-27 11:39:40
2643,eng.1,2025-12-28,Sunderland,Leeds United,B365,2.5,3.1,2.88,2.2,1.67,2026-07-27 11:39:40
2644,eng.1,2025-12-28,Sunderland,Leeds United,Pinnacle,2.63,3.31,2.86,2.31,1.66,2026-07-27 11:39:40
2645,eng.1,2025-12-28,Sunderland,Leeds United,Betway,2.5,3.25,2.85,,,2026-07-27 11:39:40
2646,eng.1,2025-12-28,Sunderland,Leeds United,Coral,2.5,3.25,2.8,,,2026-07-27 11:39:40
2647,eng.1,2025-12-28,Sunderland,Leeds United,Ladbrokes,2.5,3.2,2.8,,,2026-07-27 11:39:40
2648,eng.1,2025-12-28,Crystal Palace,Tottenham Hotspur,B365,2.25,3.25,3.2,2.0,1.8,2026-07-27 11:39:40
2649,eng.1,2025-12-28,Crystal Palace,Tottenham Hotspur,Pinnacle,2.29,3.34,3.36,2.05,1.85,2026-07-27 11:39:40
2650,eng.1,2025-12-28,Crystal Palace,Tottenham Hotspur,Betway,2.25,3.4,3.1,,,2026-07-27 11:39:40
2651,eng.1,2025-12-28,Crystal Palace,Tottenham Hotspur,Coral,2.25,3.4,3.1,,,2026-07-27 11:39:40
2652,eng.1,2025-12-28,Crystal Palace,Tottenham Hotspur,Ladbrokes,2.25,3.4,3.1,,,2026-07-27 11:39:40
2653,eng.1,2025-12-30,Burnley,Newcastle United,B365,5.25,4.2,1.6,1.8,2.0,2026-07-27 11:39:40
2654,eng.1,2025-12-30,Burnley,Newcastle United,Pinnacle,5.67,4.28,1.61,1.83,2.06,2026-07-27 11:39:40
2655,eng.1,2025-12-30,Burnley,Newcastle United,Betway,5.5,3.9,1.61,,,2026-07-27 11:39:40
2656,eng.1,2025-12-30,Burnley,Newcastle United,Coral,5.5,3.9,1.61,,,2026-07-27 11:39:40
2657,eng.1,2025-12-30,Burnley,Newcastle United,Ladbrokes,5.5,3.9,1.61,,,2026-07-27 11:39:40
2658,eng.1,2025-12-30,Chelsea,AFC Bournemouth,B365,1.5,4.75,5.75,1.5,2.63,2026-07-27 11:39:40
2659,eng.1,2025-12-30,Chelsea,AFC Bournemouth,Pinnacle,1.53,4.74,5.95,1.51,2.68,2026-07-27 11:39:40
2660,eng.1,2025-12-30,Chelsea,AFC Bournemouth,Betway,1.53,4.6,5.5,,,2026-07-27 11:39:40
2661,eng.1,2025-12-30,Chelsea,AFC Bournemouth,Coral,1.53,4.6,5.5,,,2026-07-27 11:39:40
2662,eng.1,2025-12-30,Chelsea,AFC Bournemouth,Ladbrokes,1.53,4.6,5.25,,,2026-07-27 11:39:40
2663,eng.1,2025-12-30,Nott'm Forest,Everton,B365,2.1,3.25,3.7,2.3,1.62,2026-07-27 11:39:40
2664,eng.1,2025-12-30,Nott'm Forest,Everton,Pinnacle,2.13,3.31,3.88,2.4,1.64,2026-07-27 11:39:40
2665,eng.1,2025-12-30,Nott'm Forest,Everton,Betway,2.1,3.2,3.7,,,2026-07-27 11:39:40
2666,eng.1,2025-12-30,Nott'm Forest,Everton,Coral,2.1,3.2,3.7,,,2026-07-27 11:39:40
2667,eng.1,2025-12-30,Nott'm Forest,Everton,Ladbrokes,2.1,3.2,3.6,,,2026-07-27 11:39:40
2668,eng.1,2025-12-30,West Ham United,Brighton & Hove Albion,B365,3.4,3.75,2.0,1.67,2.2,2026-07-27 11:39:40
2669,eng.1,2025-12-30,West Ham United,Brighton & Hove Albion,Pinnacle,3.6,3.82,2.05,1.69,2.29,2026-07-27 11:39:40
2670,eng.1,2025-12-30,West Ham United,Brighton & Hove Albion,Betway,3.25,3.6,2.1,,,2026-07-27 11:39:40
2671,eng.1,2025-12-30,West Ham United,Brighton & Hove Albion,Coral,3.25,3.6,2.1,,,2026-07-27 11:39:40
2672,eng.1,2025-12-30,West Ham United,Brighton & Hove Albion,Ladbrokes,3.25,3.6,2.1,,,2026-07-27 11:39:40
2673,eng.1,2025-12-30,Arsenal,Aston Villa,B365,1.42,4.75,7.0,1.67,2.2,2026-07-27 11:39:40
2674,eng.1,2025-12-30,Arsenal,Aston Villa,Pinnacle,1.43,4.97,7.51,1.69,2.26,2026-07-27 11:39:40
2675,eng.1,2025-12-30,Arsenal,Aston Villa,Betway,1.44,4.75,6.5,,,2026-07-27 11:39:40
2676,eng.1,2025-12-30,Arsenal,Aston Villa,Coral,1.44,4.8,6.5,,,2026-07-27 11:39:40
2677,eng.1,2025-12-30,Arsenal,Aston Villa,Ladbrokes,1.44,4.6,6.5,,,2026-07-27 11:39:40
2678,eng.1,2025-12-30,Manchester United,Wolverhampton Wanderers,B365,1.36,5.25,8.0,1.62,2.3,2026-07-27 11:39:40
2679,eng.1,2025-12-30,Manchester United,Wolverhampton Wanderers,Pinnacle,1.37,5.38,8.33,1.62,2.34,2026-07-27 11:39:40
2680,eng.1,2025-12-30,Manchester United,Wolverhampton Wanderers,Betway,1.37,5.25,7.5,,,2026-07-27 11:39:40
2681,eng.1,2025-12-30,Manchester United,Wolverhampton Wanderers,Coral,1.36,5.25,7.5,,,2026-07-27 11:39:40
2682,eng.1,2025-12-30,Manchester United,Wolverhampton Wanderers,Ladbrokes,1.36,5.25,7.5,,,2026-07-27 11:39:40
2683,eng.1,2026-01-01,Crystal Palace,Fulham,B365,2.15,3.3,3.4,2.1,1.73,2026-07-27 11:39:40
2684,eng.1,2026-01-01,Crystal Palace,Fulham,Pinnacle,2.2,3.34,3.59,2.11,1.79,2026-07-27 11:39:40
2685,eng.1,2026-01-01,Crystal Palace,Fulham,Betway,2.15,3.4,3.3,,,2026-07-27 11:39:40
2686,eng.1,2026-01-01,Crystal Palace,Fulham,Coral,2.15,3.4,3.3,,,2026-07-27 11:39:40
2687,eng.1,2026-01-01,Crystal Palace,Fulham,Ladbrokes,2.15,3.4,3.3,,,2026-07-27 11:39:40
2688,eng.1,2026-01-01,Liverpool,Leeds United,B365,1.55,4.5,5.5,1.62,2.3,2026-07-27 11:39:40
2689,eng.1,2026-01-01,Liverpool,Leeds United,Pinnacle,1.55,4.45,5.94,1.64,2.35,2026-07-27 11:39:40
2690,eng.1,2026-01-01,Liverpool,Leeds United,Betway,1.53,4.5,5.5,,,2026-07-27 11:39:40
2691,eng.1,2026-01-01,Liverpool,Leeds United,Coral,1.53,4.5,5.5,,,2026-07-27 11:39:40
2692,eng.1,2026-01-01,Liverpool,Leeds United,Ladbrokes,1.53,4.4,5.5,,,2026-07-27 11:39:40
2693,eng.1,2026-01-01,Brentford,Tottenham Hotspur,B365,2.1,3.6,3.2,1.93,1.93,2026-07-27 11:39:40
2694,eng.1,2026-01-01,Brentford,Tottenham Hotspur,Pinnacle,2.18,3.49,3.48,1.95,1.93,2026-07-27 11:39:40
2695,eng.1,2026-01-01,Brentford,Tottenham Hotspur,Betway,2.1,3.5,3.3,,,2026-07-27 11:39:40
2696,eng.1,2026-01-01,Brentford,Tottenham Hotspur,Coral,2.1,3.5,3.3,,,2026-07-27 11:39:40
2697,eng.1,2026-01-01,Brentford,Tottenham Hotspur,Ladbrokes,2.1,3.5,3.3,,,2026-07-27 11:39:40
2698,eng.1,2026-01-01,Sunderland,Manchester City,B365,7.5,4.75,1.38,1.62,2.3,2026-07-27 11:39:40
2699,eng.1,2026-01-01,Sunderland,Manchester City,Pinnacle,7.71,5.15,1.4,1.67,2.3,2026-07-27 11:39:40
2700,eng.1,2026-01-01,Sunderland,Manchester City,Betway,7.25,4.6,1.42,,,2026-07-27 11:39:40
2701,eng.1,2026-01-01,Sunderland,Manchester City,Coral,7.5,4.6,1.44,,,2026-07-27 11:39:40
2702,eng.1,2026-01-01,Sunderland,Manchester City,Ladbrokes,7.0,4.6,1.4,,,2026-07-27 11:39:40
2703,eng.1,2026-01-03,Aston Villa,Nott'm Forest,B365,1.75,3.9,4.5,1.8,2.0,2026-07-27 11:39:40
2704,eng.1,2026-01-03,Aston Villa,Nott'm Forest,Pinnacle,1.76,3.86,4.83,1.83,2.05,2026-07-27 11:39:40
2705,eng.1,2026-01-03,Aston Villa,Nott'm Forest,Betway,1.77,3.75,4.4,,,2026-07-27 11:39:40
2706,eng.1,2026-01-03,Aston Villa,Nott'm Forest,Coral,1.75,3.75,4.4,,,2026-07-27 11:39:40
2707,eng.1,2026-01-03,Aston Villa,Nott'm Forest,Ladbrokes,1.75,3.7,4.4,,,2026-07-27 11:39:40
2708,eng.1,2026-01-03,Brighton & Hove Albion,Burnley,B365,1.48,4.33,7.0,1.73,2.1,2026-07-27 11:39:40
2709,eng.1,2026-01-03,Brighton & Hove Albion,Burnley,Pinnacle,1.5,4.54,6.59,1.72,2.21,2026-07-27 11:39:40
2710,eng.1,2026-01-03,Brighton & Hove Albion,Burnley,Betway,1.49,4.4,6.25,,,2026-07-27 11:39:40
2711,eng.1,2026-01-03,Brighton & Hove Albion,Burnley,Coral,1.5,4.4,6.5,,,2026-07-27 11:39:40
2712,eng.1,2026-01-03,Brighton & Hove Albion,Burnley,Ladbrokes,1.5,4.33,6.0,,,2026-07-27 11:39:40
2713,eng.1,2026-01-03,Wolverhampton Wanderers,West Ham United,B365,2.5,3.3,2.88,1.98,1.88,2026-07-27 11:39:40
2714,eng.1,2026-01-03,Wolverhampton Wanderers,West Ham United,Pinnacle,2.53,3.44,2.88,1.99,1.9,2026-07-27 11:39:40
2715,eng.1,2026-01-03,Wolverhampton Wanderers,West Ham United,Betway,2.5,3.4,2.75,,,2026-07-27 11:39:40
2716,eng.1,2026-01-03,Wolverhampton Wanderers,West Ham United,Coral,2.5,3.4,2.75,,,2026-07-27 11:39:40
2717,eng.1,2026-01-03,Wolverhampton Wanderers,West Ham United,Ladbrokes,2.45,3.4,2.75,,,2026-07-27 11:39:40
2718,eng.1,2026-01-03,AFC Bournemouth,Arsenal,B365,6.5,4.75,1.44,1.62,2.3,2026-07-27 11:39:40
2719,eng.1,2026-01-03,AFC Bournemouth,Arsenal,Pinnacle,6.16,5.04,1.48,1.65,2.34,2026-07-27 11:39:40
2720,eng.1,2026-01-03,AFC Bournemouth,Arsenal,Betway,6.0,4.4,1.52,,,2026-07-27 11:39:40
2721,eng.1,2026-01-03,AFC Bournemouth,Arsenal,Coral,6.0,4.4,1.53,,,2026-07-27 11:39:40
2722,eng.1,2026-01-03,AFC Bournemouth,Arsenal,Ladbrokes,5.75,4.33,1.5,,,2026-07-27 11:39:40
2723,eng.1,2026-01-04,Leeds United,Manchester United,B365,2.7,3.3,2.63,1.83,2.03,2026-07-27 11:39:40
2724,eng.1,2026-01-04,Leeds United,Manchester United,Pinnacle,2.71,3.57,2.61,1.85,2.05,2026-07-27 11:39:40
2725,eng.1,2026-01-04,Leeds United,Manchester United,Betway,2.7,3.5,2.5,,,2026-07-27 11:39:40
2726,eng.1,2026-01-04,Leeds United,Manchester United,Coral,2.7,3.5,2.5,,,2026-07-27 11:39:40
2727,eng.1,2026-01-04,Leeds United,Manchester United,Ladbrokes,2.7,3.5,2.5,,,2026-07-27 11:39:40
2728,eng.1,2026-01-04,Everton,Brentford,B365,2.35,3.25,3.1,2.2,1.67,2026-07-27 11:39:40
2729,eng.1,2026-01-04,Everton,Brentford,Pinnacle,2.45,3.16,3.24,2.25,1.69,2026-07-27 11:39:40
2730,eng.1,2026-01-04,Everton,Brentford,Betway,2.35,3.25,3.0,,,2026-07-27 11:39:40
2731,eng.1,2026-01-04,Everton,Brentford,Coral,2.37,3.25,3.0,,,2026-07-27 11:39:40
2732,eng.1,2026-01-04,Everton,Brentford,Ladbrokes,2.37,3.25,3.0,,,2026-07-27 11:39:40
2733,eng.1,2026-01-04,Newcastle United,Crystal Palace,B365,1.7,3.9,4.75,1.8,2.0,2026-07-27 11:39:40
2734,eng.1,2026-01-04,Newcastle United,Crystal Palace,Pinnacle,1.71,4.04,4.86,1.81,2.08,2026-07-27 11:39:40
2735,eng.1,2026-01-04,Newcastle United,Crystal Palace,Betway,1.68,3.9,4.8,,,2026-07-27 11:39:40
2736,eng.1,2026-01-04,Newcastle United,Crystal Palace,Coral,1.7,3.9,4.8,,,2026-07-27 11:39:40
2737,eng.1,2026-01-04,Newcastle United,Crystal Palace,Ladbrokes,1.67,3.9,4.8,,,2026-07-27 11:39:40
2738,eng.1,2026-01-04,Tottenham Hotspur,Sunderland,B365,1.8,3.6,4.5,2.0,1.8,2026-07-27 11:39:40
2739,eng.1,2026-01-04,Tottenham Hotspur,Sunderland,Pinnacle,1.83,3.85,4.39,2.11,1.78,2026-07-27 11:39:40
2740,eng.1,2026-01-04,Tottenham Hotspur,Sunderland,Betway,1.82,3.7,4.2,,,2026-07-27 11:39:40
2741,eng.1,2026-01-04,Tottenham Hotspur,Sunderland,Coral,1.83,3.7,4.2,,,2026-07-27 11:39:40
2742,eng.1,2026-01-04,Tottenham Hotspur,Sunderland,Ladbrokes,1.83,3.7,4.2,,,2026-07-27 11:39:40
2743,eng.1,2026-01-04,Fulham,Liverpool,B365,3.8,3.75,1.91,1.8,2.0,2026-07-27 11:39:40
2744,eng.1,2026-01-04,Fulham,Liverpool,Pinnacle,3.75,3.84,1.97,1.85,2.05,2026-07-27 11:39:40
2745,eng.1,2026-01-04,Fulham,Liverpool,Betway,3.7,3.75,1.93,,,2026-07-27 11:39:40
2746,eng.1,2026-01-04,Fulham,Liverpool,Coral,3.7,3.75,1.91,,,2026-07-27 11:39:40
2747,eng.1,2026-01-04,Fulham,Liverpool,Ladbrokes,3.7,3.7,1.91,,,2026-07-27 11:39:40
2748,eng.1,2026-01-04,Manchester City,Chelsea,B365,1.6,4.75,4.5,1.5,2.63,2026-07-27 11:39:40
2749,eng.1,2026-01-04,Manchester City,Chelsea,Pinnacle,1.65,4.66,4.64,1.5,2.67,2026-07-27 11:39:40
2750,eng.1,2026-01-04,Manchester City,Chelsea,Betway,1.66,4.4,4.4,,,2026-07-27 11:39:40
2751,eng.1,2026-01-04,Manchester City,Chelsea,Coral,1.67,4.4,4.4,,,2026-07-27 11:39:40
2752,eng.1,2026-01-04,Manchester City,Chelsea,Ladbrokes,1.65,4.33,4.4,,,2026-07-27 11:39:40
2753,eng.1,2026-01-06,West Ham United,Nott'm Forest,B365,2.88,3.25,2.2,1.98,1.88,2026-07-27 11:39:40
2754,eng.1,2026-01-06,West Ham United,Nott'm Forest,Pinnacle,3.29,3.37,2.34,2.01,1.89,2026-07-27 11:39:40
2755,eng.1,2026-01-06,West Ham United,Nott'm Forest,Betway,3.0,3.4,2.3,,,2026-07-27 11:39:40
2756,eng.1,2026-01-06,West Ham United,Nott'm Forest,Coral,3.0,3.4,2.3,,,2026-07-27 11:39:40
2757,eng.1,2026-01-06,West Ham United,Nott'm Forest,Ladbrokes,3.0,3.3,2.3,,,2026-07-27 11:39:40
2758,eng.1,2026-01-07,AFC Bournemouth,Tottenham Hotspur,B365,2.1,3.6,3.3,1.73,2.1,2026-07-27 11:39:40
2759,eng.1,2026-01-07,AFC Bournemouth,Tottenham Hotspur,Pinnacle,2.14,3.72,3.36,1.75,2.17,2026-07-27 11:39:40
2760,eng.1,2026-01-07,AFC Bournemouth,Tottenham Hotspur,Betway,2.1,3.7,3.25,,,2026-07-27 11:39:40
2761,eng.1,2026-01-07,AFC Bournemouth,Tottenham Hotspur,Coral,2.1,3.7,3.25,,,2026-07-27 11:39:40
2762,eng.1,2026-01-07,AFC Bournemouth,Tottenham Hotspur,Ladbrokes,2.1,3.6,3.2,,,2026-07-27 11:39:40
2763,eng.1,2026-01-07,Brentford,Sunderland,B365,1.85,3.5,4.33,2.05,1.8,2026-07-27 11:39:40
2764,eng.1,2026-01-07,Brentford,Sunderland,Pinnacle,1.85,3.63,4.56,2.08,1.83,2026-07-27 11:39:40
2765,eng.1,2026-01-07,Brentford,Sunderland,Betway,1.82,3.6,4.33,,,2026-07-27 11:39:40
2766,eng.1,2026-01-07,Brentford,Sunderland,Coral,1.83,3.6,4.33,,,2026-07-27 11:39:40
2767,eng.1,2026-01-07,Brentford,Sunderland,Ladbrokes,1.8,3.6,4.33,,,2026-07-27 11:39:40
2768,eng.1,2026-01-07,Crystal Palace,Aston Villa,B365,3.1,3.3,2.3,1.93,1.93,2026-07-27 11:39:40
2769,eng.1,2026-01-07,Crystal Palace,Aston Villa,Pinnacle,3.14,3.4,2.38,1.94,1.94,2026-07-27 11:39:40
2770,eng.1,2026-01-07,Crystal Palace,Aston Villa,Betway,3.0,3.4,2.35,,,2026-07-27 11:39:40
2771,eng.1,2026-01-07,Crystal Palace,Aston Villa,Coral,3.0,3.4,2.37,,,2026-07-27 11:39:40
2772,eng.1,2026-01-07,Crystal Palace,Aston Villa,Ladbrokes,3.0,3.3,2.3,,,2026-07-27 11:39:40
2773,eng.1,2026-01-07,Everton,Wolverhampton Wanderers,B365,1.75,3.5,5.0,2.1,1.73,2026-07-27 11:39:40
2774,eng.1,2026-01-07,Everton,Wolverhampton Wanderers,Pinnacle,1.79,3.57,5.06,2.12,1.77,2026-07-27 11:39:40
2775,eng.1,2026-01-07,Everton,Wolverhampton Wanderers,Betway,1.77,3.6,4.6,,,2026-07-27 11:39:40
2776,eng.1,2026-01-07,Everton,Wolverhampton Wanderers,Coral,1.75,3.6,4.6,,,2026-07-27 11:39:40
2777,eng.1,2026-01-07,Everton,Wolverhampton Wanderers,Ladbrokes,1.75,3.6,4.6,,,2026-07-27 11:39:40
2778,eng.1,2026-01-07,Fulham,Chelsea,B365,3.4,3.6,2.05,1.8,2.0,2026-07-27 11:39:40
2779,eng.1,2026-01-07,Fulham,Chelsea,Pinnacle,3.45,3.76,2.09,1.79,2.1,2026-07-27 11:39:40
2780,eng.1,2026-01-07,Fulham,Chelsea,Betway,3.3,3.6,2.1,,,2026-07-27 11:39:40
2781,eng.1,2026-01-07,Fulham,Chelsea,Coral,3.3,3.6,2.1,,,2026-07-27 11:39:40
2782,eng.1,2026-01-07,Fulham,Chelsea,Ladbrokes,3.25,3.6,2.1,,,2026-07-27 11:39:40
2783,eng.1,2026-01-07,Manchester City,Brighton & Hove Albion,B365,1.4,5.25,6.5,1.44,2.75,2026-07-27 11:39:40
2784,eng.1,2026-01-07,Manchester City,Brighton & Hove Albion,Pinnacle,1.4,5.43,7.17,1.42,2.9,2026-07-27 11:39:40
2785,eng.1,2026-01-07,Manchester City,Brighton & Hove Albion,Betway,1.4,5.25,6.75,,,2026-07-27 11:39:40
2786,eng.1,2026-01-07,Manchester City,Brighton & Hove Albion,Coral,1.4,5.25,6.5,,,2026-07-27 11:39:40
2787,eng.1,2026-01-07,Manchester City,Brighton & Hove Albion,Ladbrokes,1.4,5.25,6.5,,,2026-07-27 11:39:40
2788,eng.1,2026-01-07,Burnley,Manchester United,B365,4.75,4.0,1.7,1.73,2.1,2026-07-27 11:39:40
2789,eng.1,2026-01-07,Burnley,Manchester United,Pinnacle,4.92,4.15,1.69,1.75,2.16,2026-07-27 11:39:40
2790,eng.1,2026-01-07,Burnley,Manchester United,Betway,4.5,4.0,1.71,,,2026-07-27 11:39:40
2791,eng.1,2026-01-07,Burnley,Manchester United,Coral,4.5,4.0,1.73,,,2026-07-27 11:39:40
2792,eng.1,2026-01-07,Burnley,Manchester United,Ladbrokes,4.5,3.9,1.7,,,2026-07-27 11:39:40
2793,eng.1,2026-01-07,Newcastle United,Leeds United,B365,1.67,3.8,5.0,1.83,2.03,2026-07-27 11:39:40
2794,eng.1,2026-01-07,Newcastle United,Leeds United,Pinnacle,1.7,3.89,5.19,1.81,2.07,2026-07-27 11:39:40
2795,eng.1,2026-01-07,Newcastle United,Leeds United,Betway,1.68,3.9,4.8,,,2026-07-27 11:39:40
2796,eng.1,2026-01-07,Newcastle United,Leeds United,Coral,1.67,3.9,4.8,,,2026-07-27 11:39:40
2797,eng.1,2026-01-07,Newcastle United,Leeds United,Ladbrokes,1.67,3.9,4.8,,,2026-07-27 11:39:40
2798,eng.1,2026-01-08,Arsenal,Liverpool,B365,1.6,4.1,5.0,1.73,2.1,2026-07-27 11:39:40
2799,eng.1,2026-01-08,Arsenal,Liverpool,Pinnacle,1.6,4.35,5.49,1.78,2.1,2026-07-27 11:39:40
2800,eng.1,2026-01-08,Arsenal,Liverpool,Betway,1.6,4.33,5.0,,,2026-07-27 11:39:40
2801,eng.1,2026-01-08,Arsenal,Liverpool,Coral,1.6,4.33,5.0,,,2026-07-27 11:39:40
2802,eng.1,2026-01-08,Arsenal,Liverpool,Ladbrokes,1.6,4.2,5.0,,,2026-07-27 11:39:40
2803,eng.1,2026-01-17,Manchester United,Manchester City,B365,3.7,3.8,1.91,1.53,2.5,2026-07-27 11:39:40
2804,eng.1,2026-01-17,Manchester United,Manchester City,Betway,3.5,3.8,1.95,,,2026-07-27 11:39:40
2805,eng.1,2026-01-17,Manchester United,Manchester City,Coral,3.5,3.8,1.95,,,2026-07-27 11:39:40
2806,eng.1,2026-01-17,Manchester United,Manchester City,Ladbrokes,3.5,3.8,1.95,,,2026-07-27 11:39:40
2807,eng.1,2026-01-17,Chelsea,Brentford,B365,1.73,4.0,4.75,1.62,2.3,2026-07-27 11:39:40
2808,eng.1,2026-01-17,Chelsea,Brentford,Betway,1.7,4.0,4.5,,,2026-07-27 11:39:40
2809,eng.1,2026-01-17,Chelsea,Brentford,Coral,1.7,4.0,4.5,,,2026-07-27 11:39:40
2810,eng.1,2026-01-17,Chelsea,Brentford,Ladbrokes,1.7,4.0,4.5,,,2026-07-27 11:39:40
2811,eng.1,2026-01-17,Leeds United,Fulham,B365,2.15,3.3,3.5,2.1,1.73,2026-07-27 11:39:40
2812,eng.1,2026-01-17,Leeds United,Fulham,Betway,2.2,3.3,3.3,,,2026-07-27 11:39:40
2813,eng.1,2026-01-17,Leeds United,Fulham,Coral,2.2,3.3,3.3,,,2026-07-27 11:39:40
2814,eng.1,2026-01-17,Leeds United,Fulham,Ladbrokes,2.2,3.3,3.3,,,2026-07-27 11:39:40
2815,eng.1,2026-01-17,Liverpool,Burnley,B365,1.22,6.5,11.0,1.57,2.38,2026-07-27 11:39:40
2816,eng.1,2026-01-17,Liverpool,Burnley,Betway,1.24,6.5,11.0,,,2026-07-27 11:39:40
2817,eng.1,2026-01-17,Liverpool,Burnley,Coral,1.25,6.5,11.0,,,2026-07-27 11:39:40
2818,eng.1,2026-01-17,Liverpool,Burnley,Ladbrokes,1.22,6.5,11.0,,,2026-07-27 11:39:40
2819,eng.1,2026-01-17,Sunderland,Crystal Palace,B365,2.75,3.1,2.75,2.2,1.67,2026-07-27 11:39:40
2820,eng.1,2026-01-17,Sunderland,Crystal Palace,Betway,2.6,3.2,2.75,,,2026-07-27 11:39:40
2821,eng.1,2026-01-17,Sunderland,Crystal Palace,Coral,2.62,3.2,2.75,,,2026-07-27 11:39:40
2822,eng.1,2026-01-17,Sunderland,Crystal Palace,Ladbrokes,2.6,3.2,2.75,,,2026-07-27 11:39:40
2823,eng.1,2026-01-17,Tottenham Hotspur,West Ham United,B365,1.73,4.0,4.5,1.73,2.1,2026-07-27 11:39:40
2824,eng.1,2026-01-17,Tottenham Hotspur,West Ham United,Betway,1.71,3.9,4.6,,,2026-07-27 11:39:40
2825,eng.1,2026-01-17,Tottenham Hotspur,West Ham United,Coral,1.7,3.9,4.6,,,2026-07-27 11:39:40
2826,eng.1,2026-01-17,Tottenham Hotspur,West Ham United,Ladbrokes,1.7,3.9,4.5,,,2026-07-27 11:39:40
2827,eng.1,2026-01-17,Nott'm Forest,Arsenal,B365,6.0,4.33,1.53,1.91,1.91,2026-07-27 11:39:40
2828,eng.1,2026-01-17,Nott'm Forest,Arsenal,Betway,6.0,4.0,1.57,,,2026-07-27 11:39:40
2829,eng.1,2026-01-17,Nott'm Forest,Arsenal,Coral,6.0,4.0,1.57,,,2026-07-27 11:39:40
2830,eng.1,2026-01-17,Nott'm Forest,Arsenal,Ladbrokes,5.75,4.0,1.57,,,2026-07-27 11:39:40
2831,eng.1,2026-01-18,Wolverhampton Wanderers,Newcastle United,B365,4.75,4.0,1.7,1.67,2.2,2026-07-27 11:39:40
2832,eng.1,2026-01-18,Wolverhampton Wanderers,Newcastle United,Betway,4.5,4.1,1.7,,,2026-07-27 11:39:40
2833,eng.1,2026-01-18,Wolverhampton Wanderers,Newcastle United,Coral,4.5,4.0,1.7,,,2026-07-27 11:39:40
2834,eng.1,2026-01-18,Wolverhampton Wanderers,Newcastle United,Ladbrokes,4.4,4.0,1.7,,,2026-07-27 11:39:40
2835,eng.1,2026-01-18,Aston Villa,Everton,B365,1.67,3.9,5.25,1.93,1.93,2026-07-27 11:39:40
2836,eng.1,2026-01-18,Aston Villa,Everton,Betway,1.66,4.0,5.0,,,2026-07-27 11:39:40
2837,eng.1,2026-01-18,Aston Villa,Everton,Coral,1.67,4.0,5.0,,,2026-07-27 11:39:40
2838,eng.1,2026-01-18,Aston Villa,Everton,Ladbrokes,1.67,3.9,4.8,,,2026-07-27 11:39:40
2839,eng.1,2026-01-19,Brighton & Hove Albion,AFC Bournemouth,B365,1.85,3.9,3.8,1.5,2.63,2026-07-27 11:39:40
2840,eng.1,2026-01-19,Brighton & Hove Albion,AFC Bournemouth,Betway,1.87,3.9,3.7,,,2026-07-27 11:39:40
2841,eng.1,2026-01-19,Brighton & Hove Albion,AFC Bournemouth,Coral,1.85,3.9,3.7,,,2026-07-27 11:39:40
2842,eng.1,2026-01-19,Brighton & Hove Albion,AFC Bournemouth,Ladbrokes,1.85,3.9,3.7,,,2026-07-27 11:39:40
2843,eng.1,2026-01-24,West Ham United,Sunderland,B365,2.5,3.2,2.88,2.1,1.73,2026-07-27 11:39:40
2844,eng.1,2026-01-24,West Ham United,Sunderland,Betway,2.45,3.4,2.85,,,2026-07-27 11:39:40
2845,eng.1,2026-01-24,West Ham United,Sunderland,Coral,2.45,3.4,2.87,,,2026-07-27 11:39:40
2846,eng.1,2026-01-24,West Ham United,Sunderland,Ladbrokes,2.3,3.2,2.7,,,2026-07-27 11:39:40
2847,eng.1,2026-01-24,Burnley,Tottenham Hotspur,B365,3.7,3.5,2.05,2.0,1.8,2026-07-27 11:39:40
2848,eng.1,2026-01-24,Burnley,Tottenham Hotspur,Betway,3.5,3.4,2.05,,,2026-07-27 11:39:40
2849,eng.1,2026-01-24,Fulham,Brighton & Hove Albion,B365,2.6,3.4,2.7,1.73,2.1,2026-07-27 11:39:40
2850,eng.1,2026-01-24,Fulham,Brighton & Hove Albion,Betway,2.45,3.5,2.75,,,2026-07-27 11:39:40
2851,eng.1,2026-01-24,Manchester City,Wolverhampton Wanderers,B365,1.2,7.0,11.0,1.4,3.0,2026-07-27 11:39:40
2852,eng.1,2026-01-24,Manchester City,Wolverhampton Wanderers,Betway,1.24,6.75,10.0,,,2026-07-27 11:39:40
2853,eng.1,2026-01-24,AFC Bournemouth,Liverpool,B365,3.75,3.8,1.9,1.62,2.3,2026-07-27 11:39:40
2854,eng.1,2026-01-24,AFC Bournemouth,Liverpool,Betway,3.7,3.9,1.88,,,2026-07-27 11:39:40
2855,eng.1,2026-01-25,Brentford,Nott'm Forest,B365,1.91,3.5,4.1,1.98,1.88,2026-07-27 11:39:40
2856,eng.1,2026-01-25,Brentford,Nott'm Forest,Betway,1.9,3.5,4.0,,,2026-07-27 11:39:40
2857,eng.1,2026-01-25,Crystal Palace,Chelsea,B365,3.5,3.8,2.0,1.73,2.1,2026-07-27 11:39:40
2858,eng.1,2026-01-25,Crystal Palace,Chelsea,Betway,3.5,3.7,2.0,,,2026-07-27 11:39:40
2859,eng.1,2026-01-25,Newcastle United,Aston Villa,B365,1.95,3.7,3.7,1.67,2.2,2026-07-27 11:39:40
2860,eng.1,2026-01-25,Newcastle United,Aston Villa,Betway,1.93,3.8,3.6,,,2026-07-27 11:39:40
2861,eng.1,2026-01-25,Arsenal,Manchester United,B365,1.55,4.2,6.0,1.73,2.1,2026-07-27 11:39:40
2862,eng.1,2026-01-25,Arsenal,Manchester United,Betway,1.57,4.1,5.75,,,2026-07-27 11:39:40
2863,eng.1,2026-01-26,Everton,Leeds United,B365,2.5,3.25,2.9,2.2,1.67,2026-07-27 11:39:40
2864,eng.1,2026-01-26,Everton,Leeds United,Betway,2.4,3.2,3.0,,,2026-07-27 11:39:40
2865,eng.1,2026-01-31,Brighton & Hove Albion,Everton,B365,1.85,3.6,4.1,1.9,1.95,2026-07-27 11:39:40
2866,eng.1,2026-01-31,Brighton & Hove Albion,Everton,Betway,1.85,3.7,4.0,,,2026-07-27 11:39:40
2867,eng.1,2026-01-31,Leeds United,Arsenal,B365,5.75,4.2,1.55,1.98,1.88,2026-07-27 11:39:40
2868,eng.1,2026-01-31,Leeds United,Arsenal,Betway,5.75,4.0,1.57,,,2026-07-27 11:39:40
2869,eng.1,2026-01-31,Wolverhampton Wanderers,AFC Bournemouth,B365,2.9,3.5,2.3,1.73,2.1,2026-07-27 11:39:40
2870,eng.1,2026-01-31,Wolverhampton Wanderers,AFC Bournemouth,Betway,2.87,3.6,2.35,,,2026-07-27 11:39:40
2871,eng.1,2026-01-31,Chelsea,West Ham United,B365,1.5,4.5,6.0,1.53,2.5,2026-07-27 11:39:40
2872,eng.1,2026-01-31,Chelsea,West Ham United,Betway,1.51,4.75,5.5,,,2026-07-27 11:39:40
2873,eng.1,2026-01-31,Liverpool,Newcastle United,B365,1.8,3.9,4.1,1.62,2.3,2026-07-27 11:39:40
2874,eng.1,2026-01-31,Liverpool,Newcastle United,Betway,1.8,4.0,4.0,,,2026-07-27 11:39:40
2875,eng.1,2026-02-01,Aston Villa,Brentford,B365,2.1,3.5,3.4,1.8,2.0,2026-07-27 11:39:40
2876,eng.1,2026-02-01,Aston Villa,Brentford,Betway,2.05,3.5,3.5,,,2026-07-27 11:39:40
2877,eng.1,2026-02-01,Manchester United,Fulham,B365,1.57,4.5,5.0,1.67,2.2,2026-07-27 11:39:40
2878,eng.1,2026-02-01,Manchester United,Fulham,Betway,1.61,4.2,5.0,,,2026-07-27 11:39:40
2879,eng.1,2026-02-01,Nott'm Forest,Crystal Palace,B365,1.95,3.5,3.9,2.0,1.8,2026-07-27 11:39:40
2880,eng.1,2026-02-01,Nott'm Forest,Crystal Palace,Betway,1.98,3.5,3.7,,,2026-07-27 11:39:40
2881,eng.1,2026-02-01,Tottenham Hotspur,Manchester City,B365,4.5,4.1,1.73,1.62,2.3,2026-07-27 11:39:40
2882,eng.1,2026-02-01,Tottenham Hotspur,Manchester City,Betway,4.2,4.1,1.73,,,2026-07-27 11:39:40
2883,eng.1,2026-02-01,Tottenham Hotspur,Manchester City,Coral,4.2,4.0,1.75,,,2026-07-27 11:39:40
2884,eng.1,2026-02-01,Tottenham Hotspur,Manchester City,Ladbrokes,4.2,4.0,1.73,,,2026-07-27 11:39:40
2885,eng.1,2026-02-02,Sunderland,Burnley,B365,1.8,3.5,4.75,2.2,1.67,2026-07-27 11:39:40
2886,eng.1,2026-02-02,Sunderland,Burnley,Betway,1.78,3.6,4.6,,,2026-07-27 11:39:40
2887,eng.1,2026-02-06,Leeds United,Nott'm Forest,B365,2.2,3.3,3.4,2.1,1.73,2026-07-27 11:39:40
2888,eng.1,2026-02-06,Leeds United,Nott'm Forest,Betway,2.2,3.25,3.4,,,2026-07-27 11:39:40
2889,eng.1,2026-02-07,Manchester United,Tottenham Hotspur,B365,1.57,4.5,5.0,1.44,2.75,2026-07-27 11:39:40
2890,eng.1,2026-02-07,Manchester United,Tottenham Hotspur,Betway,1.58,4.6,4.75,,,2026-07-27 11:39:40
2891,eng.1,2026-02-07,Arsenal,Sunderland,B365,1.22,6.25,12.0,1.73,2.1,2026-07-27 11:39:40
2892,eng.1,2026-02-07,Arsenal,Sunderland,Betway,1.23,6.5,11.5,,,2026-07-27 11:39:40
2893,eng.1,2026-02-07,AFC Bournemouth,Aston Villa,B365,2.7,3.5,2.5,1.67,2.2,2026-07-27 11:39:40
2894,eng.1,2026-02-07,AFC Bournemouth,Aston Villa,Betway,2.65,3.6,2.5,,,2026-07-27 11:39:40
2895,eng.1,2026-02-07,Burnley,West Ham United,B365,3.3,3.5,2.15,1.9,1.95,2026-07-27 11:39:40
2896,eng.1,2026-02-07,Burnley,West Ham United,Betway,3.25,3.4,2.15,,,2026-07-27 11:39:40
2897,eng.1,2026-02-07,Fulham,Everton,B365,2.1,3.25,3.75,2.2,1.67,2026-07-27 11:39:40
2898,eng.1,2026-02-07,Fulham,Everton,Betway,2.1,3.3,3.6,,,2026-07-27 11:39:40
2899,eng.1,2026-02-07,Wolverhampton Wanderers,Chelsea,B365,5.0,4.0,1.67,1.73,2.1,2026-07-27 11:39:40
2900,eng.1,2026-02-07,Wolverhampton Wanderers,Chelsea,Betway,5.0,4.0,1.66,,,2026-07-27 11:39:40
2901,eng.1,2026-02-07,Newcastle United,Brentford,B365,2.1,3.5,3.5,1.73,2.1,2026-07-27 11:39:40
2902,eng.1,2026-02-07,Newcastle United,Brentford,Betway,2.05,3.6,3.4,,,2026-07-27 11:39:40
2903,eng.1,2026-02-08,Brighton & Hove Albion,Crystal Palace,B365,1.95,3.5,3.9,1.8,2.0,2026-07-27 11:39:40
2904,eng.1,2026-02-08,Brighton & Hove Albion,Crystal Palace,Betway,2.0,3.5,3.6,,,2026-07-27 11:39:40
2905,eng.1,2026-02-08,Liverpool,Manchester City,B365,2.38,3.7,2.75,1.57,2.38,2026-07-27 11:39:40
2906,eng.1,2026-02-08,Liverpool,Manchester City,Betway,2.35,3.7,2.75,,,2026-07-27 11:39:40
2907,eng.1,2026-02-10,Chelsea,Leeds United,B365,1.55,4.33,5.5,1.62,2.3,2026-07-27 11:39:40
2908,eng.1,2026-02-10,Chelsea,Leeds United,Betway,1.57,4.33,5.25,,,2026-07-27 11:39:40
2909,eng.1,2026-02-10,Everton,AFC Bournemouth,B365,2.38,3.4,3.0,1.88,1.98,2026-07-27 11:39:40
2910,eng.1,2026-02-10,Everton,AFC Bournemouth,Betway,2.37,3.4,2.9,,,2026-07-27 11:39:40
2911,eng.1,2026-02-10,Tottenham Hotspur,Newcastle United,B365,3.2,3.6,2.2,1.73,2.1,2026-07-27 11:39:40
2912,eng.1,2026-02-10,Tottenham Hotspur,Newcastle United,Betway,3.1,3.5,2.25,,,2026-07-27 11:39:40
2913,eng.1,2026-02-10,West Ham United,Manchester United,B365,4.5,4.2,1.7,1.5,2.63,2026-07-27 11:39:40
2914,eng.1,2026-02-10,West Ham United,Manchester United,Betway,4.2,4.2,1.72,,,2026-07-27 11:39:40
2915,eng.1,2026-02-11,Aston Villa,Brighton & Hove Albion,B365,1.91,3.7,3.8,1.8,2.0,2026-07-27 11:39:40
2916,eng.1,2026-02-11,Aston Villa,Brighton & Hove Albion,Betway,1.9,3.75,3.75,,,2026-07-27 11:39:40
2917,eng.1,2026-02-11,Crystal Palace,Burnley,B365,1.57,4.0,6.25,1.98,1.88,2026-07-27 11:39:40
2918,eng.1,2026-02-11,Crystal Palace,Burnley,Betway,1.57,4.1,5.75,,,2026-07-27 11:39:40
2919,eng.1,2026-02-11,Manchester City,Fulham,B365,1.36,5.5,7.0,1.53,2.5,2026-07-27 11:39:40
2920,eng.1,2026-02-11,Manchester City,Fulham,Betway,1.35,5.5,7.0,,,2026-07-27 11:39:40
2921,eng.1,2026-02-11,Nott'm Forest,Wolverhampton Wanderers,B365,1.7,3.8,5.0,2.0,1.85,2026-07-27 11:39:40
2922,eng.1,2026-02-11,Nott'm Forest,Wolverhampton Wanderers,Betway,1.71,3.8,4.8,,,2026-07-27 11:39:40
2923,eng.1,2026-02-11,Sunderland,Liverpool,B365,4.75,3.8,1.73,1.8,2.0,2026-07-27 11:39:40
2924,eng.1,2026-02-11,Sunderland,Liverpool,Betway,4.4,3.8,1.77,,,2026-07-27 11:39:40
2925,eng.1,2026-02-11,Sunderland,Liverpool,Coral,4.4,3.8,1.75,,,2026-07-27 11:39:40
2926,eng.1,2026-02-11,Sunderland,Liverpool,Ladbrokes,4.0,3.6,1.7,,,2026-07-27 11:39:40
2927,eng.1,2026-02-12,Brentford,Arsenal,B365,4.75,3.9,1.7,1.88,1.98,2026-07-27 11:39:40
2928,eng.1,2026-02-12,Brentford,Arsenal,Betway,4.8,3.8,1.7,,,2026-07-27 11:39:40
2929,eng.1,2026-02-12,Brentford,Arsenal,Coral,4.8,3.8,1.7,,,2026-07-27 11:39:40
2930,eng.1,2026-02-12,Brentford,Arsenal,Ladbrokes,4.8,3.8,1.7,,,2026-07-27 11:39:40
2931,eng.1,2026-02-18,Wolverhampton Wanderers,Arsenal,B365,11.0,5.25,1.29,1.73,2.1,2026-07-27 11:39:40
2932,eng.1,2026-02-18,Wolverhampton Wanderers,Arsenal,Betway,10.0,5.5,1.3,,,2026-07-27 11:39:40
2933,eng.1,2026-02-21,Aston Villa,Leeds United,B365,1.85,3.6,4.33,1.83,2.03,2026-07-27 11:39:40
2934,eng.1,2026-02-21,Aston Villa,Leeds United,Betway,1.87,3.6,4.0,,,2026-07-27 11:39:40
2935,eng.1,2026-02-21,Brentford,Brighton & Hove Albion,B365,2.0,3.7,3.5,1.8,2.0,2026-07-27 11:39:40
2936,eng.1,2026-02-21,Brentford,Brighton & Hove Albion,Betway,2.0,3.5,3.6,,,2026-07-27 11:39:40
2937,eng.1,2026-02-21,Chelsea,Burnley,B365,1.22,6.5,12.0,1.44,2.75,2026-07-27 11:39:40
2938,eng.1,2026-02-21,Chelsea,Burnley,Betway,1.23,7.0,11.0,,,2026-07-27 11:39:40
2939,eng.1,2026-02-21,West Ham United,AFC Bournemouth,B365,2.5,3.7,2.63,1.57,2.38,2026-07-27 11:39:40
2940,eng.1,2026-02-21,West Ham United,AFC Bournemouth,Betway,2.4,3.7,2.7,,,2026-07-27 11:39:40
2941,eng.1,2026-02-21,West Ham United,AFC Bournemouth,Coral,2.4,3.7,2.7,,,2026-07-27 11:39:40
2942,eng.1,2026-02-21,West Ham United,AFC Bournemouth,Ladbrokes,2.37,3.7,2.7,,,2026-07-27 11:39:40
2943,eng.1,2026-02-21,Manchester City,Newcastle United,B365,1.45,5.0,5.5,1.44,2.75,2026-07-27 11:39:40
2944,eng.1,2026-02-21,Manchester City,Newcastle United,Betway,1.47,5.0,5.5,,,2026-07-27 11:39:40
2945,eng.1,2026-02-21,Manchester City,Newcastle United,Coral,1.48,5.0,5.5,,,2026-07-27 11:39:40
2946,eng.1,2026-02-21,Manchester City,Newcastle United,Ladbrokes,1.48,5.0,5.5,,,2026-07-27 11:39:40
2947,eng.1,2026-02-22,Crystal Palace,Wolverhampton Wanderers,B365,1.65,4.0,5.0,1.91,1.91,2026-07-27 11:39:40
2948,eng.1,2026-02-22,Crystal Palace,Wolverhampton Wanderers,Betway,1.61,4.0,5.25,,,2026-07-27 11:39:40
2949,eng.1,2026-02-22,Crystal Palace,Wolverhampton Wanderers,Coral,1.61,4.0,5.25,,,2026-07-27 11:39:40
2950,eng.1,2026-02-22,Crystal Palace,Wolverhampton Wanderers,Ladbrokes,1.6,4.0,5.25,,,2026-07-27 11:39:40
2951,eng.1,2026-02-22,Nott'm Forest,Liverpool,B365,4.1,3.9,1.8,1.73,2.1,2026-07-27 11:39:40
2952,eng.1,2026-02-22,Nott'm Forest,Liverpool,Betway,4.0,3.8,1.83,,,2026-07-27 11:39:40
2953,eng.1,2026-02-22,Nott'm Forest,Liverpool,Coral,4.0,3.8,1.83,,,2026-07-27 11:39:40
2954,eng.1,2026-02-22,Nott'm Forest,Liverpool,Ladbrokes,3.9,3.8,1.83,,,2026-07-27 11:39:40
2955,eng.1,2026-02-22,Sunderland,Fulham,B365,2.7,3.25,2.7,2.2,1.67,2026-07-27 11:39:40
2956,eng.1,2026-02-22,Sunderland,Fulham,Betway,2.6,3.3,2.7,,,2026-07-27 11:39:40
2957,eng.1,2026-02-22,Sunderland,Fulham,Coral,2.62,3.3,2.7,,,2026-07-27 11:39:40
2958,eng.1,2026-02-22,Sunderland,Fulham,Ladbrokes,2.6,3.25,2.7,,,2026-07-27 11:39:40
2959,eng.1,2026-02-22,Tottenham Hotspur,Arsenal,B365,6.0,4.0,1.57,1.8,2.0,2026-07-27 11:39:40
2960,eng.1,2026-02-22,Tottenham Hotspur,Arsenal,Betway,5.5,4.0,1.58,,,2026-07-27 11:39:40
2961,eng.1,2026-02-23,Everton,Manchester United,B365,3.7,3.75,1.91,1.73,2.1,2026-07-27 11:39:40
2962,eng.1,2026-02-23,Everton,Manchester United,Betway,3.5,3.75,1.98,,,2026-07-27 11:39:40
2963,eng.1,2026-02-27,Wolverhampton Wanderers,Aston Villa,B365,4.1,3.7,1.85,1.85,2.0,2026-07-27 11:39:40
2964,eng.1,2026-02-27,Wolverhampton Wanderers,Aston Villa,Betway,4.2,3.7,1.83,,,2026-07-27 11:39:40
2965,eng.1,2026-02-28,AFC Bournemouth,Sunderland,B365,1.8,3.75,4.33,1.8,2.0,2026-07-27 11:39:40
2966,eng.1,2026-02-28,AFC Bournemouth,Sunderland,Betway,1.75,3.9,4.33,,,2026-07-27 11:39:40
2967,eng.1,2026-02-28,Burnley,Brentford,B365,4.5,3.9,1.73,1.85,2.0,2026-07-27 11:39:40
2968,eng.1,2026-02-28,Burnley,Brentford,Betway,4.33,3.8,1.75,,,2026-07-27 11:39:40
2969,eng.1,2026-02-28,Liverpool,West Ham United,B365,1.42,4.75,6.5,1.44,2.75,2026-07-27 11:39:40
2970,eng.1,2026-02-28,Liverpool,West Ham United,Betway,1.42,5.5,6.0,,,2026-07-27 11:39:40
2971,eng.1,2026-02-28,Newcastle United,Everton,B365,1.7,4.0,4.75,1.73,2.1,2026-07-27 11:39:40
2972,eng.1,2026-02-28,Newcastle United,Everton,Betway,1.68,4.0,4.6,,,2026-07-27 11:39:40
2973,eng.1,2026-02-28,Leeds United,Manchester City,B365,4.75,4.33,1.62,1.62,2.3,2026-07-27 11:39:40
2974,eng.1,2026-02-28,Leeds United,Manchester City,Betway,4.75,4.2,1.63,,,2026-07-27 11:39:40
2975,eng.1,2026-03-01,Brighton & Hove Albion,Nott'm Forest,B365,2.0,3.6,3.5,1.83,2.03,2026-07-27 11:39:40
2976,eng.1,2026-03-01,Brighton & Hove Albion,Nott'm Forest,Betway,2.05,3.6,3.4,,,2026-07-27 11:39:40
2977,eng.1,2026-03-01,Brighton & Hove Albion,Nott'm Forest,Coral,2.05,3.6,3.4,,,2026-07-27 11:39:40
2978,eng.1,2026-03-01,Brighton & Hove Albion,Nott'm Forest,Ladbrokes,2.05,3.6,3.4,,,2026-07-27 11:39:40
2979,eng.1,2026-03-01,Fulham,Tottenham Hotspur,B365,2.1,3.6,3.3,1.73,2.1,2026-07-27 11:39:40
2980,eng.1,2026-03-01,Fulham,Tottenham Hotspur,Betway,2.1,3.6,3.3,,,2026-07-27 11:39:40
2981,eng.1,2026-03-01,Fulham,Tottenham Hotspur,Coral,2.1,3.6,3.3,,,2026-07-27 11:39:40
2982,eng.1,2026-03-01,Fulham,Tottenham Hotspur,Ladbrokes,2.1,3.5,3.3,,,2026-07-27 11:39:40
2983,eng.1,2026-03-01,Manchester United,Crystal Palace,B365,1.53,4.5,5.5,1.67,2.2,2026-07-27 11:39:40
2984,eng.1,2026-03-01,Manchester United,Crystal Palace,Betway,1.57,4.4,5.25,,,2026-07-27 11:39:40
2985,eng.1,2026-03-01,Manchester United,Crystal Palace,Coral,1.57,4.4,5.25,,,2026-07-27 11:39:40
2986,eng.1,2026-03-01,Manchester United,Crystal Palace,Ladbrokes,1.55,4.33,5.25,,,2026-07-27 11:39:40
2987,eng.1,2026-03-01,Arsenal,Chelsea,B365,1.6,3.8,5.5,1.73,2.1,2026-07-27 11:39:40
2988,eng.1,2026-03-01,Arsenal,Chelsea,Betway,1.63,4.0,5.25,,,2026-07-27 11:39:40
2989,eng.1,2026-03-01,Arsenal,Chelsea,Coral,1.61,4.0,5.25,,,2026-07-27 11:39:40
2990,eng.1,2026-03-01,Arsenal,Chelsea,Ladbrokes,1.61,4.0,5.25,,,2026-07-27 11:39:40
2991,eng.1,2026-03-03,AFC Bournemouth,Brentford,B365,2.5,3.6,2.63,1.62,2.3,2026-07-27 11:39:40
2992,eng.1,2026-03-03,AFC Bournemouth,Brentford,Betway,2.5,3.6,2.65,,,2026-07-27 11:39:40
2993,eng.1,2026-03-03,Everton,Burnley,B365,1.57,4.0,6.0,1.98,1.88,2026-07-27 11:39:40
2994,eng.1,2026-03-03,Everton,Burnley,Betway,1.57,4.1,5.75,,,2026-07-27 11:39:40
2995,eng.1,2026-03-03,Leeds United,Sunderland,B365,1.85,3.4,4.33,2.1,1.73,2026-07-27 11:39:40
2996,eng.1,2026-03-03,Leeds United,Sunderland,Betway,1.88,3.5,4.2,,,2026-07-27 11:39:40
2997,eng.1,2026-03-03,Wolverhampton Wanderers,Liverpool,B365,5.5,4.5,1.5,1.62,2.3,2026-07-27 11:39:40
2998,eng.1,2026-03-03,Wolverhampton Wanderers,Liverpool,Betway,5.5,4.6,1.52,,,2026-07-27 11:39:40
2999,eng.1,2026-03-04,Aston Villa,Chelsea,B365,2.7,3.4,2.55,1.73,2.1,2026-07-27 11:39:40
3000,eng.1,2026-03-04,Aston Villa,Chelsea,Betway,2.6,3.6,2.5,,,2026-07-27 11:39:40
3001,eng.1,2026-03-04,Brighton & Hove Albion,Arsenal,B365,4.75,4.1,1.65,1.91,1.91,2026-07-27 11:39:40
3002,eng.1,2026-03-04,Brighton & Hove Albion,Arsenal,Betway,5.0,3.9,1.66,,,2026-07-27 11:39:40
3003,eng.1,2026-03-04,Fulham,West Ham United,B365,2.0,3.5,3.7,1.73,2.1,2026-07-27 11:39:40
3004,eng.1,2026-03-04,Fulham,West Ham United,Betway,2.05,3.5,3.5,,,2026-07-27 11:39:40
3005,eng.1,2026-03-04,Manchester City,Nott'm Forest,B365,1.38,5.0,7.5,1.57,2.38,2026-07-27 11:39:40
3006,eng.1,2026-03-04,Manchester City,Nott'm Forest,Betway,1.41,5.25,6.5,,,2026-07-27 11:39:40
3007,eng.1,2026-03-04,Newcastle United,Manchester United,B365,2.63,3.5,2.6,1.57,2.38,2026-07-27 11:39:40
3008,eng.1,2026-03-04,Newcastle United,Manchester United,Betway,2.45,3.75,2.55,,,2026-07-27 11:39:40
3009,eng.1,2026-03-05,Tottenham Hotspur,Crystal Palace,B365,2.35,3.25,3.1,1.8,2.0,2026-07-27 11:39:40
3010,eng.1,2026-03-05,Tottenham Hotspur,Crystal Palace,Betway,2.3,3.4,3.0,,,2026-07-27 11:39:40
3011,eng.1,2026-03-14,Burnley,AFC Bournemouth,B365,4.1,3.8,1.83,1.73,2.1,2026-07-27 11:39:40
3012,eng.1,2026-03-14,Burnley,AFC Bournemouth,Betway,4.0,3.7,1.87,,,2026-07-27 11:39:40
3013,eng.1,2026-03-14,Sunderland,Brighton & Hove Albion,B365,3.3,3.3,2.25,2.1,1.73,2026-07-27 11:39:40
3014,eng.1,2026-03-14,Sunderland,Brighton & Hove Albion,Betway,3.2,3.3,2.25,,,2026-07-27 11:39:40
3015,eng.1,2026-03-14,Arsenal,Everton,B365,1.38,4.75,8.5,1.98,1.88,2026-07-27 11:39:40
3016,eng.1,2026-03-14,Arsenal,Everton,Betway,1.39,4.8,7.75,,,2026-07-27 11:39:40
3017,eng.1,2026-03-14,Chelsea,Newcastle United,B365,1.8,4.2,3.8,1.5,2.63,2026-07-27 11:39:40
3018,eng.1,2026-03-14,Chelsea,Newcastle United,Betway,1.78,4.2,3.9,,,2026-07-27 11:39:40
3019,eng.1,2026-03-14,West Ham United,Manchester City,B365,4.33,4.33,1.7,1.53,2.5,2026-07-27 11:39:40
3020,eng.1,2026-03-14,West Ham United,Manchester City,Betway,4.2,4.2,1.72,,,2026-07-27 11:39:40
3021,eng.1,2026-03-14,West Ham United,Manchester City,Coral,4.2,4.2,1.73,,,2026-07-27 11:39:40
3022,eng.1,2026-03-14,West Ham United,Manchester City,Ladbrokes,4.2,4.2,1.7,,,2026-07-27 11:39:40
3023,eng.1,2026-03-15,Crystal Palace,Leeds United,B365,2.55,3.3,2.88,2.1,1.73,2026-07-27 11:39:40
3024,eng.1,2026-03-15,Crystal Palace,Leeds United,Betway,2.45,3.2,2.95,,,2026-07-27 11:39:40
3025,eng.1,2026-03-15,Manchester United,Aston Villa,B365,1.73,4.0,4.5,1.67,2.2,2026-07-27 11:39:40
3026,eng.1,2026-03-15,Manchester United,Aston Villa,Betway,1.73,4.0,4.33,,,2026-07-27 11:39:40
3027,eng.1,2026-03-15,Nott'm Forest,Fulham,B365,2.2,3.4,3.3,1.93,1.93,2026-07-27 11:39:40
3028,eng.1,2026-03-15,Nott'm Forest,Fulham,Betway,2.15,3.5,3.3,,,2026-07-27 11:39:40
3029,eng.1,2026-03-15,Liverpool,Tottenham Hotspur,B365,1.3,6.25,8.0,1.44,2.75,2026-07-27 11:39:40
3030,eng.1,2026-03-15,Liverpool,Tottenham Hotspur,Betway,1.32,5.75,8.25,,,2026-07-27 11:39:40
3031,eng.1,2026-03-15,Liverpool,Tottenham Hotspur,Coral,1.33,5.75,8.0,,,2026-07-27 11:39:40
3032,eng.1,2026-03-15,Liverpool,Tottenham Hotspur,Ladbrokes,1.3,5.75,8.0,,,2026-07-27 11:39:40
3033,eng.1,2026-03-16,Brentford,Wolverhampton Wanderers,B365,1.55,4.2,5.75,1.73,2.1,2026-07-27 11:39:40
3034,eng.1,2026-03-16,Brentford,Wolverhampton Wanderers,Betway,1.58,4.33,5.25,,,2026-07-27 11:39:40
3035,eng.1,2026-03-20,AFC Bournemouth,Manchester United,B365,3.2,3.8,2.1,1.57,2.38,2026-07-27 11:39:40
3036,eng.1,2026-03-20,AFC Bournemouth,Manchester United,Betway,3.2,3.8,2.05,,,2026-07-27 11:39:40
3037,eng.1,2026-03-21,Brighton & Hove Albion,Liverpool,B365,3.1,3.5,2.2,1.73,2.1,2026-07-27 11:39:40
3038,eng.1,2026-03-21,Brighton & Hove Albion,Liverpool,Betway,3.0,3.5,2.25,,,2026-07-27 11:39:40
3039,eng.1,2026-03-21,Fulham,Burnley,B365,1.53,4.1,6.25,1.8,2.0,2026-07-27 11:39:40
3040,eng.1,2026-03-21,Fulham,Burnley,Betway,1.55,4.1,6.0,,,2026-07-27 11:39:40
3041,eng.1,2026-03-21,Fulham,Burnley,Coral,1.55,4.2,6.0,,,2026-07-27 11:39:40
3042,eng.1,2026-03-21,Fulham,Burnley,Ladbrokes,1.55,4.0,6.0,,,2026-07-27 11:39:40
3043,eng.1,2026-03-21,Everton,Chelsea,B365,3.5,3.4,2.1,1.83,2.03,2026-07-27 11:39:40
3044,eng.1,2026-03-21,Everton,Chelsea,Betway,3.4,3.5,2.1,,,2026-07-27 11:39:40
3045,eng.1,2026-03-21,Leeds United,Brentford,B365,2.45,3.5,2.88,1.88,1.98,2026-07-27 11:39:40
3046,eng.1,2026-03-21,Leeds United,Brentford,Betway,2.4,3.5,2.8,,,2026-07-27 11:39:40
3047,eng.1,2026-03-22,Newcastle United,Sunderland,B365,1.67,4.0,5.0,1.88,1.98,2026-07-27 11:39:40
3048,eng.1,2026-03-22,Newcastle United,Sunderland,Betway,1.66,4.0,4.8,,,2026-07-27 11:39:40
3049,eng.1,2026-03-22,Aston Villa,West Ham United,B365,1.95,3.6,3.8,1.8,2.0,2026-07-27 11:39:40
3050,eng.1,2026-03-22,Aston Villa,West Ham United,Betway,1.95,3.6,3.75,,,2026-07-27 11:39:40
3051,eng.1,2026-03-22,Tottenham Hotspur,Nott'm Forest,B365,2.25,3.4,3.2,1.93,1.93,2026-07-27 11:39:40
3052,eng.1,2026-03-22,Tottenham Hotspur,Nott'm Forest,Betway,2.2,3.5,3.2,,,2026-07-27 11:39:40
3053,eng.1,2026-04-10,West Ham United,Wolverhampton Wanderers,B365,1.8,3.8,4.33,1.8,2.0,2026-07-27 11:39:40
3054,eng.1,2026-04-10,West Ham United,Wolverhampton Wanderers,Betway,1.8,3.75,4.2,,,2026-07-27 11:39:40
3055,eng.1,2026-04-11,Arsenal,AFC Bournemouth,B365,1.44,4.5,7.5,1.62,2.3,2026-07-27 11:39:40
3056,eng.1,2026-04-11,Arsenal,AFC Bournemouth,Betway,1.46,4.8,6.0,,,2026-07-27 11:39:40
3057,eng.1,2026-04-11,Brentford,Everton,B365,2.15,3.3,3.5,2.0,1.8,2026-07-27 11:39:40
3058,eng.1,2026-04-11,Brentford,Everton,Betway,2.1,3.5,3.3,,,2026-07-27 11:39:40
3059,eng.1,2026-04-11,Burnley,Brighton & Hove Albion,B365,4.5,4.0,1.73,1.73,2.1,2026-07-27 11:39:40
3060,eng.1,2026-04-11,Burnley,Brighton & Hove Albion,Betway,4.2,3.9,1.78,,,2026-07-27 11:39:40
3061,eng.1,2026-04-11,Liverpool,Fulham,B365,1.65,4.2,4.75,1.57,2.38,2026-07-27 11:39:40
3062,eng.1,2026-04-11,Liverpool,Fulham,Betway,1.63,4.2,4.75,,,2026-07-27 11:39:40
3063,eng.1,2026-04-12,Crystal Palace,Newcastle United,B365,3.0,3.6,2.2,1.73,2.1,2026-07-27 11:39:40
3064,eng.1,2026-04-12,Crystal Palace,Newcastle United,Betway,2.95,3.5,2.3,,,2026-07-27 11:39:40
3065,eng.1,2026-04-12,Nott'm Forest,Aston Villa,B365,2.63,3.3,2.7,2.0,1.85,2026-07-27 11:39:40
3066,eng.1,2026-04-12,Nott'm Forest,Aston Villa,Betway,2.6,3.4,2.65,,,2026-07-27 11:39:40
3067,eng.1,2026-04-12,Sunderland,Tottenham Hotspur,B365,2.7,3.2,2.7,2.0,1.85,2026-07-27 11:39:40
3068,eng.1,2026-04-12,Sunderland,Tottenham Hotspur,Betway,2.6,3.4,2.6,,,2026-07-27 11:39:40
3069,eng.1,2026-04-12,Chelsea,Manchester City,B365,3.1,3.8,2.15,1.57,2.38,2026-07-27 11:39:40
3070,eng.1,2026-04-12,Chelsea,Manchester City,Betway,3.0,3.9,2.15,,,2026-07-27 11:39:40
3071,eng.1,2026-04-13,Manchester United,Leeds United,B365,1.62,4.1,5.0,1.73,2.1,2026-07-27 11:39:40
3072,eng.1,2026-04-13,Manchester United,Leeds United,Betway,1.62,4.2,5.0,,,2026-07-27 11:39:40
3073,eng.1,2026-04-18,Brentford,Fulham,B365,2.1,3.75,3.25,1.73,2.1,2026-07-27 11:39:40
3074,eng.1,2026-04-18,Brentford,Fulham,Betway,2.1,3.6,3.3,,,2026-07-27 11:39:40
3075,eng.1,2026-04-18,Leeds United,Wolverhampton Wanderers,B365,1.62,3.9,5.75,1.9,1.95,2026-07-27 11:39:40
3076,eng.1,2026-04-18,Leeds United,Wolverhampton Wanderers,Betway,1.62,3.9,5.5,,,2026-07-27 11:39:40
3077,eng.1,2026-04-18,Newcastle United,AFC Bournemouth,B365,2.0,3.75,3.5,1.5,2.63,2026-07-27 11:39:40
3078,eng.1,2026-04-18,Newcastle United,AFC Bournemouth,Betway,1.95,3.9,3.5,,,2026-07-27 11:39:40
3079,eng.1,2026-04-18,Tottenham Hotspur,Brighton & Hove Albion,B365,2.7,3.75,2.4,1.67,2.2,2026-07-27 11:39:40
3080,eng.1,2026-04-18,Tottenham Hotspur,Brighton & Hove Albion,Betway,2.7,3.7,2.4,,,2026-07-27 11:39:40
3081,eng.1,2026-04-18,Chelsea,Manchester United,B365,2.2,3.5,3.2,1.57,2.38,2026-07-27 11:39:40
3082,eng.1,2026-04-18,Chelsea,Manchester United,Betway,2.2,3.7,3.0,,,2026-07-27 11:39:40
3083,eng.1,2026-04-19,Aston Villa,Sunderland,B365,1.67,3.75,5.5,1.98,1.88,2026-07-27 11:39:40
3084,eng.1,2026-04-19,Aston Villa,Sunderland,Betway,1.66,3.9,5.0,,,2026-07-27 11:39:40
3085,eng.1,2026-04-19,Everton,Liverpool,B365,3.1,3.4,2.3,1.9,1.95,2026-07-27 11:39:40
3086,eng.1,2026-04-19,Everton,Liverpool,Betway,3.1,3.4,2.25,,,2026-07-27 11:39:40
3087,eng.1,2026-04-19,Nott'm Forest,Burnley,B365,1.5,4.2,7.0,1.73,2.1,2026-07-27 11:39:40
3088,eng.1,2026-04-19,Nott'm Forest,Burnley,Betway,1.5,4.33,6.25,,,2026-07-27 11:39:40
3089,eng.1,2026-04-19,Manchester City,Arsenal,B365,1.83,3.7,4.2,2.0,1.8,2026-07-27 11:39:40
3090,eng.1,2026-04-19,Manchester City,Arsenal,Betway,1.8,3.7,4.33,,,2026-07-27 11:39:40
3091,eng.1,2026-04-20,Crystal Palace,West Ham United,B365,2.38,3.2,3.1,1.93,1.93,2026-07-27 11:39:40
3092,eng.1,2026-04-20,Crystal Palace,West Ham United,Betway,2.3,3.3,3.1,,,2026-07-27 11:39:40
3093,eng.1,2026-04-21,Brighton & Hove Albion,Chelsea,B365,2.5,3.5,2.7,1.67,2.2,2026-07-27 11:39:40
3094,eng.1,2026-04-21,Brighton & Hove Albion,Chelsea,Betway,2.4,3.6,2.7,,,2026-07-27 11:39:40
3095,eng.1,2026-04-21,Brighton & Hove Albion,Chelsea,Coral,2.45,3.6,2.7,,,2026-07-27 11:39:40
3096,eng.1,2026-04-21,Brighton & Hove Albion,Chelsea,Ladbrokes,2.4,3.6,2.7,,,2026-07-27 11:39:40
3097,eng.1,2026-04-22,AFC Bournemouth,Leeds United,B365,2.0,3.5,3.6,1.73,2.1,2026-07-27 11:39:40
3098,eng.1,2026-04-22,AFC Bournemouth,Leeds United,Betway,2.05,3.6,3.4,,,2026-07-27 11:39:40
3099,eng.1,2026-04-22,AFC Bournemouth,Leeds United,Coral,2.05,3.6,3.4,,,2026-07-27 11:39:40
3100,eng.1,2026-04-22,AFC Bournemouth,Leeds United,Ladbrokes,2.05,3.5,3.4,,,2026-07-27 11:39:40
3101,eng.1,2026-04-22,Burnley,Manchester City,B365,19.0,9.0,1.13,1.33,3.4,2026-07-27 11:39:40
3102,eng.1,2026-04-22,Burnley,Manchester City,Betway,14.0,8.5,1.17,,,2026-07-27 11:39:40
3103,eng.1,2026-04-22,Burnley,Manchester City,Coral,13.0,8.5,1.17,,,2026-07-27 11:39:40
3104,eng.1,2026-04-22,Burnley,Manchester City,Ladbrokes,13.0,8.5,1.17,,,2026-07-27 11:39:40
3105,eng.1,2026-04-24,Sunderland,Nott'm Forest,B365,2.7,3.2,2.7,2.2,1.67,2026-07-27 11:39:40
3106,eng.1,2026-04-24,Sunderland,Nott'm Forest,Betway,2.65,3.2,2.7,,,2026-07-27 11:39:40
3107,eng.1,2026-04-24,Sunderland,Nott'm Forest,Coral,2.7,3.2,2.7,,,2026-07-27 11:39:40
3108,eng.1,2026-04-24,Sunderland,Nott'm Forest,Ladbrokes,2.62,3.1,2.7,,,2026-07-27 11:39:40
3109,eng.1,2026-04-25,Fulham,Aston Villa,B365,2.75,3.6,2.45,1.73,2.1,2026-07-27 11:39:40
3110,eng.1,2026-04-25,Fulham,Aston Villa,Betway,2.7,3.5,2.5,,,2026-07-27 11:39:40
3111,eng.1,2026-04-25,Fulham,Aston Villa,Coral,2.7,3.5,2.5,,,2026-07-27 11:39:40
3112,eng.1,2026-04-25,Fulham,Aston Villa,Ladbrokes,2.7,3.4,2.5,,,2026-07-27 11:39:40
3113,eng.1,2026-04-25,Liverpool,Crystal Palace,B365,1.44,5.0,6.25,1.57,2.38,2026-07-27 11:39:40
3114,eng.1,2026-04-25,Liverpool,Crystal Palace,Betway,1.49,4.75,5.75,,,2026-07-27 11:39:40
3115,eng.1,2026-04-25,Liverpool,Crystal Palace,Coral,1.5,4.8,5.75,,,2026-07-27 11:39:40
3116,eng.1,2026-04-25,Liverpool,Crystal Palace,Ladbrokes,1.5,4.6,5.75,,,2026-07-27 11:39:40
3117,eng.1,2026-04-25,West Ham United,Everton,B365,2.4,3.4,2.9,1.9,1.95,2026-07-27 11:39:40
3118,eng.1,2026-04-25,West Ham United,Everton,Betway,2.35,3.4,2.95,,,2026-07-27 11:39:40
3119,eng.1,2026-04-25,West Ham United,Everton,Coral,2.37,3.4,2.9,,,2026-07-27 11:39:40
3120,eng.1,2026-04-25,West Ham United,Everton,Ladbrokes,2.37,3.4,2.9,,,2026-07-27 11:39:40
3121,eng.1,2026-04-25,Wolverhampton Wanderers,Tottenham Hotspur,B365,4.5,4.33,1.67,1.67,2.2,2026-07-27 11:39:40
3122,eng.1,2026-04-25,Wolverhampton Wanderers,Tottenham Hotspur,Betway,4.33,4.0,1.73,,,2026-07-27 11:39:40
3123,eng.1,2026-04-25,Wolverhampton Wanderers,Tottenham Hotspur,Coral,4.33,4.0,1.73,,,2026-07-27 11:39:40
3124,eng.1,2026-04-25,Wolverhampton Wanderers,Tottenham Hotspur,Ladbrokes,4.33,4.0,1.73,,,2026-07-27 11:39:40
3125,eng.1,2026-04-25,Arsenal,Newcastle United,B365,1.45,4.75,6.25,1.57,2.38,2026-07-27 11:39:40
3126,eng.1,2026-04-25,Arsenal,Newcastle United,Betway,1.49,4.75,5.75,,,2026-07-27 11:39:40
3127,eng.1,2026-04-25,Arsenal,Newcastle United,Coral,1.5,4.6,5.75,,,2026-07-27 11:39:40
3128,eng.1,2026-04-25,Arsenal,Newcastle United,Ladbrokes,1.48,4.6,5.75,,,2026-07-27 11:39:40
3129,eng.1,2026-04-27,Manchester United,Brentford,B365,1.85,3.8,4.0,1.57,2.38,2026-07-27 11:39:40
3130,eng.1,2026-04-27,Manchester United,Brentford,Betway,1.82,3.9,4.0,,,2026-07-27 11:39:40
3131,eng.1,2026-04-27,Manchester United,Brentford,Ladbrokes,1.8,3.9,3.9,,,2026-07-27 11:39:40
3132,eng.1,2026-05-01,Leeds United,Burnley,B365,1.33,5.0,9.5,1.67,2.2,2026-07-27 11:39:40
3133,eng.1,2026-05-01,Leeds United,Burnley,Betway,1.38,5.0,7.75,,,2026-07-27 11:39:40
3134,eng.1,2026-05-01,Leeds United,Burnley,Coral,1.36,5.0,8.0,,,2026-07-27 11:39:40
3135,eng.1,2026-05-01,Leeds United,Burnley,Ladbrokes,1.36,5.0,7.5,,,2026-07-27 11:39:40
3136,eng.1,2026-05-02,Brentford,West Ham United,B365,1.91,3.75,3.75,1.62,2.3,2026-07-27 11:39:40
3137,eng.1,2026-05-02,Brentford,West Ham United,Betway,1.95,3.75,3.6,,,2026-07-27 11:39:40
3138,eng.1,2026-05-02,Brentford,West Ham United,Coral,1.95,3.8,3.6,,,2026-07-27 11:39:40
3139,eng.1,2026-05-02,Brentford,West Ham United,Ladbrokes,1.95,3.75,3.6,,,2026-07-27 11:39:40
3140,eng.1,2026-05-02,Newcastle United,Brighton & Hove Albion,B365,2.5,3.75,2.6,1.73,2.1,2026-07-27 11:39:40
3141,eng.1,2026-05-02,Newcastle United,Brighton & Hove Albion,Betway,2.5,3.6,2.65,,,2026-07-27 11:39:40
3142,eng.1,2026-05-02,Newcastle United,Brighton & Hove Albion,Coral,2.5,3.6,2.62,,,2026-07-27 11:39:40
3143,eng.1,2026-05-02,Newcastle United,Brighton & Hove Albion,Ladbrokes,2.5,3.5,2.62,,,2026-07-27 11:39:40
3144,eng.1,2026-05-02,Wolverhampton Wanderers,Sunderland,B365,3.1,3.2,2.1,2.1,1.73,2026-07-27 11:39:40
3145,eng.1,2026-05-02,Wolverhampton Wanderers,Sunderland,Betway,3.1,3.4,2.25,,,2026-07-27 11:39:40
3146,eng.1,2026-05-02,Wolverhampton Wanderers,Sunderland,Coral,3.1,3.4,2.25,,,2026-07-27 11:39:40
3147,eng.1,2026-05-02,Wolverhampton Wanderers,Sunderland,Ladbrokes,3.1,3.4,2.25,,,2026-07-27 11:39:40
3148,eng.1,2026-05-02,Arsenal,Fulham,B365,1.44,4.33,7.0,1.8,2.0,2026-07-27 11:39:40
3149,eng.1,2026-05-02,Arsenal,Fulham,Betway,1.46,4.5,6.5,,,2026-07-27 11:39:40
3150,eng.1,2026-05-02,Arsenal,Fulham,Ladbrokes,1.48,4.5,6.5,,,2026-07-27 11:39:40
3151,eng.1,2026-05-03,AFC Bournemouth,Crystal Palace,B365,1.57,4.33,5.25,1.67,2.2,2026-07-27 11:39:40
3152,eng.1,2026-05-03,AFC Bournemouth,Crystal Palace,Betway,1.6,4.2,5.0,,,2026-07-27 11:39:40
3153,eng.1,2026-05-03,AFC Bournemouth,Crystal Palace,Coral,1.6,4.2,5.0,,,2026-07-27 11:39:40
3154,eng.1,2026-05-03,AFC Bournemouth,Crystal Palace,Ladbrokes,1.6,4.2,5.0,,,2026-07-27 11:39:40
3155,eng.1,2026-05-03,Manchester United,Liverpool,B365,2.3,3.8,2.75,1.5,2.63,2026-07-27 11:39:40
3156,eng.1,2026-05-03,Manchester United,Liverpool,Betway,2.3,3.9,2.75,,,2026-07-27 11:39:40
3157,eng.1,2026-05-03,Manchester United,Liverpool,Coral,2.3,3.9,2.75,,,2026-07-27 11:39:40
3158,eng.1,2026-05-03,Manchester United,Liverpool,Ladbrokes,2.3,3.8,2.7,,,2026-07-27 11:39:40
3159,eng.1,2026-05-03,Aston Villa,Tottenham Hotspur,B365,2.15,3.6,3.2,1.73,2.1,2026-07-27 11:39:40
3160,eng.1,2026-05-03,Aston Villa,Tottenham Hotspur,Betway,2.1,3.6,3.3,,,2026-07-27 11:39:40
3161,eng.1,2026-05-03,Aston Villa,Tottenham Hotspur,Coral,2.1,3.6,3.3,,,2026-07-27 11:39:40
3162,eng.1,2026-05-03,Aston Villa,Tottenham Hotspur,Ladbrokes,2.1,3.5,3.25,,,2026-07-27 11:39:40
3163,eng.1,2026-05-04,Chelsea,Nott'm Forest,B365,1.7,4.0,4.75,1.67,2.2,2026-07-27 11:39:40
3164,eng.1,2026-05-04,Chelsea,Nott'm Forest,Betway,1.71,3.9,4.6,,,2026-07-27 11:39:40
3165,eng.1,2026-05-04,Chelsea,Nott'm Forest,Ladbrokes,1.7,3.9,4.6,,,2026-07-27 11:39:40
3166,eng.1,2026-05-04,Everton,Manchester City,B365,6.5,4.75,1.44,1.62,2.3,2026-07-27 11:39:40
3167,eng.1,2026-05-04,Everton,Manchester City,Betway,6.25,4.6,1.47,,,2026-07-27 11:39:40
3168,eng.1,2026-05-04,Everton,Manchester City,Ladbrokes,6.0,4.6,1.48,,,2026-07-27 11:39:40
3169,eng.1,2026-05-09,Liverpool,Chelsea,B365,1.83,4.0,3.9,1.44,2.75,2026-07-27 11:39:40
3170,eng.1,2026-05-09,Liverpool,Chelsea,Betway,1.83,4.0,3.8,,,2026-07-27 11:39:40
3171,eng.1,2026-05-09,Brighton & Hove Albion,Wolverhampton Wanderers,B365,1.27,6.25,9.5,1.53,2.5,2026-07-27 11:39:40
3172,eng.1,2026-05-09,Brighton & Hove Albion,Wolverhampton Wanderers,Betway,1.28,6.0,9.25,,,2026-07-27 11:39:40
3173,eng.1,2026-05-09,Brighton & Hove Albion,Wolverhampton Wanderers,Coral,1.28,6.0,9.0,,,2026-07-27 11:39:40
3174,eng.1,2026-05-09,Brighton & Hove Albion,Wolverhampton Wanderers,Ladbrokes,1.28,6.0,9.0,,,2026-07-27 11:39:40
3175,eng.1,2026-05-09,Fulham,AFC Bournemouth,B365,2.75,3.6,2.4,1.57,2.38,2026-07-27 11:39:40
3176,eng.1,2026-05-09,Fulham,AFC Bournemouth,Betway,2.65,3.7,2.45,,,2026-07-27 11:39:40
3177,eng.1,2026-05-09,Fulham,AFC Bournemouth,Coral,2.62,3.7,2.45,,,2026-07-27 11:39:40
3178,eng.1,2026-05-09,Fulham,AFC Bournemouth,Ladbrokes,2.62,3.6,2.45,,,2026-07-27 11:39:40
3179,eng.1,2026-05-09,Sunderland,Manchester United,B365,3.9,3.75,1.85,1.73,2.1,2026-07-27 11:39:40
3180,eng.1,2026-05-09,Sunderland,Manchester United,Betway,3.8,3.6,1.93,,,2026-07-27 11:39:40
3181,eng.1,2026-05-09,Sunderland,Manchester United,Coral,3.8,3.6,1.91,,,2026-07-27 11:39:40
3182,eng.1,2026-05-09,Sunderland,Manchester United,Ladbrokes,3.8,3.6,1.91,,,2026-07-27 11:39:40
3183,eng.1,2026-05-09,Manchester City,Brentford,B365,1.36,5.75,7.0,1.36,3.2,2026-07-27 11:39:40
3184,eng.1,2026-05-09,Manchester City,Brentford,Betway,1.37,5.5,6.75,,,2026-07-27 11:39:40
3185,eng.1,2026-05-09,Manchester City,Brentford,Coral,1.36,5.5,7.0,,,2026-07-27 11:39:40
3186,eng.1,2026-05-09,Manchester City,Brentford,Ladbrokes,1.36,5.5,6.5,,,2026-07-27 11:39:40
3187,eng.1,2026-05-10,Burnley,Aston Villa,B365,5.0,4.33,1.6,1.73,2.1,2026-07-27 11:39:40
3188,eng.1,2026-05-10,Burnley,Aston Villa,Betway,5.25,4.1,1.61,,,2026-07-27 11:39:40
3189,eng.1,2026-05-10,Burnley,Aston Villa,Coral,5.25,4.0,1.61,,,2026-07-27 11:39:40
3190,eng.1,2026-05-10,Burnley,Aston Villa,Ladbrokes,5.25,4.0,1.61,,,2026-07-27 11:39:40
3191,eng.1,2026-05-10,Crystal Palace,Everton,B365,2.7,3.3,2.63,2.03,1.83,2026-07-27 11:39:40
3192,eng.1,2026-05-10,Crystal Palace,Everton,Betway,2.75,3.3,2.55,,,2026-07-27 11:39:40
3193,eng.1,2026-05-10,Crystal Palace,Everton,Coral,2.75,3.3,2.6,,,2026-07-27 11:39:40
3194,eng.1,2026-05-10,Crystal Palace,Everton,Ladbrokes,2.75,3.25,2.5,,,2026-07-27 11:39:40
3195,eng.1,2026-05-10,Nott'm Forest,Newcastle United,B365,2.6,3.6,2.6,1.73,2.1,2026-07-27 11:39:40
3196,eng.1,2026-05-10,Nott'm Forest,Newcastle United,Betway,2.6,3.5,2.6,,,2026-07-27 11:39:40
3197,eng.1,2026-05-10,Nott'm Forest,Newcastle United,Coral,2.6,3.5,2.6,,,2026-07-27 11:39:40
3198,eng.1,2026-05-10,Nott'm Forest,Newcastle United,Ladbrokes,2.6,3.4,2.6,,,2026-07-27 11:39:40
3199,eng.1,2026-05-10,West Ham United,Arsenal,B365,5.5,4.2,1.57,1.67,2.2,2026-07-27 11:39:40
3200,eng.1,2026-05-10,West Ham United,Arsenal,Betway,5.25,4.0,1.62,,,2026-07-27 11:39:40
3201,eng.1,2026-05-10,West Ham United,Arsenal,Coral,5.25,4.0,1.61,,,2026-07-27 11:39:40
3202,eng.1,2026-05-10,West Ham United,Arsenal,Ladbrokes,5.25,4.0,1.61,,,2026-07-27 11:39:40
3203,eng.1,2026-05-11,Tottenham Hotspur,Leeds United,B365,1.83,4.1,3.75,1.73,2.1,2026-07-27 11:39:40
3204,eng.1,2026-05-11,Tottenham Hotspur,Leeds United,Betway,1.8,3.9,4.1,,,2026-07-27 11:39:40
3205,eng.1,2026-05-11,Tottenham Hotspur,Leeds United,Coral,1.8,3.9,4.0,,,2026-07-27 11:39:40
3206,eng.1,2026-05-11,Tottenham Hotspur,Leeds United,Ladbrokes,1.8,3.9,4.0,,,2026-07-27 11:39:40
3207,eng.1,2026-05-13,Manchester City,Crystal Palace,B365,1.2,7.5,12.0,1.4,3.0,2026-07-27 11:39:40
3208,eng.1,2026-05-13,Manchester City,Crystal Palace,Betway,1.21,7.25,11.5,,,2026-07-27 11:39:40
3209,eng.1,2026-05-13,Manchester City,Crystal Palace,Coral,1.22,7.0,12.0,,,2026-07-27 11:39:40
3210,eng.1,2026-05-13,Manchester City,Crystal Palace,Ladbrokes,1.2,7.0,11.0,,,2026-07-27 11:39:40
3211,eng.1,2026-05-15,Aston Villa,Liverpool,B365,2.75,3.5,2.4,1.73,2.1,2026-07-27 11:39:40
3212,eng.1,2026-05-15,Aston Villa,Liverpool,Betway,2.75,3.4,2.5,,,2026-07-27 11:39:40
3213,eng.1,2026-05-15,Aston Villa,Liverpool,Coral,2.75,3.4,2.5,,,2026-07-27 11:39:40
3214,eng.1,2026-05-15,Aston Villa,Liverpool,Ladbrokes,2.75,3.4,2.45,,,2026-07-27 11:39:40
3215,eng.1,2026-05-17,Manchester United,Nott'm Forest,B365,1.6,4.2,5.25,1.62,2.3,2026-07-27 11:39:40
3216,eng.1,2026-05-17,Manchester United,Nott'm Forest,Betway,1.6,4.2,5.0,,,2026-07-27 11:39:40
3217,eng.1,2026-05-17,Manchester United,Nott'm Forest,Coral,1.6,4.2,5.0,,,2026-07-27 11:39:40
3218,eng.1,2026-05-17,Manchester United,Nott'm Forest,Ladbrokes,1.6,4.2,5.0,,,2026-07-27 11:39:40
3219,eng.1,2026-05-17,Brentford,Crystal Palace,B365,1.73,4.2,4.33,1.67,2.2,2026-07-27 11:39:40
3220,eng.1,2026-05-17,Brentford,Crystal Palace,Betway,1.77,4.0,4.1,,,2026-07-27 11:39:40
3221,eng.1,2026-05-17,Brentford,Crystal Palace,Coral,1.75,4.0,4.2,,,2026-07-27 11:39:40
3222,eng.1,2026-05-17,Brentford,Crystal Palace,Ladbrokes,1.75,4.0,4.0,,,2026-07-27 11:39:40
3223,eng.1,2026-05-17,Everton,Sunderland,B365,1.8,3.75,4.33,1.91,1.91,2026-07-27 11:39:40
3224,eng.1,2026-05-17,Everton,Sunderland,Betway,1.83,3.7,4.2,,,2026-07-27 11:39:40
3225,eng.1,2026-05-17,Everton,Sunderland,Coral,1.83,3.7,4.2,,,2026-07-27 11:39:40
3226,eng.1,2026-05-17,Everton,Sunderland,Ladbrokes,1.83,3.6,4.2,,,2026-07-27 11:39:40
3227,eng.1,2026-05-17,Leeds United,Brighton & Hove Albion,B365,3.2,3.6,2.15,1.67,2.2,2026-07-27 11:39:40
3228,eng.1,2026-05-17,Leeds United,Brighton & Hove Albion,Betway,3.1,3.7,2.15,,,2026-07-27 11:39:40
3229,eng.1,2026-05-17,Leeds United,Brighton & Hove Albion,Coral,3.1,3.7,2.15,,,2026-07-27 11:39:40
3230,eng.1,2026-05-17,Leeds United,Brighton & Hove Albion,Ladbrokes,3.1,3.7,2.15,,,2026-07-27 11:39:40
3231,eng.1,2026-05-17,Wolverhampton Wanderers,Fulham,B365,3.8,3.8,1.9,1.73,2.1,2026-07-27 11:39:40
3232,eng.1,2026-05-17,Wolverhampton Wanderers,Fulham,Betway,3.7,3.7,1.93,,,2026-07-27 11:39:40
3233,eng.1,2026-05-17,Wolverhampton Wanderers,Fulham,Coral,3.7,3.7,1.95,,,2026-07-27 11:39:40
3234,eng.1,2026-05-17,Wolverhampton Wanderers,Fulham,Ladbrokes,3.6,3.7,1.95,,,2026-07-27 11:39:40
3235,eng.1,2026-05-17,Newcastle United,West Ham United,B365,2.1,3.8,3.2,1.5,2.63,2026-07-27 11:39:40
3236,eng.1,2026-05-17,Newcastle United,West Ham United,Betway,2.05,3.8,3.2,,,2026-07-27 11:39:40
3237,eng.1,2026-05-17,Newcastle United,West Ham United,Coral,2.05,3.8,3.2,,,2026-07-27 11:39:40
3238,eng.1,2026-05-17,Newcastle United,West Ham United,Ladbrokes,2.05,3.8,3.2,,,2026-07-27 11:39:40
3239,eng.1,2026-05-18,Arsenal,Burnley,B365,1.09,11.0,23.0,1.33,3.4,2026-07-27 11:39:40
3240,eng.1,2026-05-18,Arsenal,Burnley,Betway,1.11,11.0,20.0,,,2026-07-27 11:39:40
3241,eng.1,2026-05-18,Arsenal,Burnley,Coral,1.11,11.0,19.0,,,2026-07-27 11:39:40
3242,eng.1,2026-05-18,Arsenal,Burnley,Ladbrokes,1.1,11.0,19.0,,,2026-07-27 11:39:40
3243,eng.1,2026-05-19,AFC Bournemouth,Manchester City,B365,4.5,4.33,1.67,1.44,2.75,2026-07-27 11:39:40
3244,eng.1,2026-05-19,AFC Bournemouth,Manchester City,Betway,4.33,4.33,1.68,,,2026-07-27 11:39:40
3245,eng.1,2026-05-19,AFC Bournemouth,Manchester City,Coral,4.33,4.33,1.7,,,2026-07-27 11:39:40
3246,eng.1,2026-05-19,AFC Bournemouth,Manchester City,Ladbrokes,4.2,4.33,1.7,,,2026-07-27 11:39:40
3247,eng.1,2026-05-19,Chelsea,Tottenham Hotspur,B365,1.91,3.7,3.9,1.73,2.1,2026-07-27 11:39:40
3248,eng.1,2026-05-19,Chelsea,Tottenham Hotspur,Betway,1.9,3.6,3.8,,,2026-07-27 11:39:40
3249,eng.1,2026-05-19,Chelsea,Tottenham Hotspur,Coral,1.91,3.7,3.8,,,2026-07-27 11:39:40
3250,eng.1,2026-05-19,Chelsea,Tottenham Hotspur,Ladbrokes,1.91,3.6,3.8,,,2026-07-27 11:39:40
3251,eng.1,2026-05-24,Brighton & Hove Albion,Manchester United,B365,1.85,4.2,3.6,1.5,2.63,2026-07-27 11:39:40
3252,eng.1,2026-05-24,Brighton & Hove Albion,Manchester United,Betway,1.85,4.0,3.7,,,2026-07-27 11:39:40
3253,eng.1,2026-05-24,Brighton & Hove Albion,Manchester United,Coral,1.85,4.0,3.7,,,2026-07-27 11:39:40
3254,eng.1,2026-05-24,Brighton & Hove Albion,Manchester United,Ladbrokes,1.85,4.0,3.6,,,2026-07-27 11:39:40
3255,eng.1,2026-05-24,Burnley,Wolverhampton Wanderers,B365,2.35,3.5,2.9,1.73,2.1,2026-07-27 11:39:40
3256,eng.1,2026-05-24,Burnley,Wolverhampton Wanderers,Betway,2.45,3.5,2.75,,,2026-07-27 11:39:40
3257,eng.1,2026-05-24,Burnley,Wolverhampton Wanderers,Coral,2.45,3.5,2.75,,,2026-07-27 11:39:40
3258,eng.1,2026-05-24,Burnley,Wolverhampton Wanderers,Ladbrokes,2.45,3.4,2.75,,,2026-07-27 11:39:40
3259,eng.1,2026-05-24,Crystal Palace,Arsenal,B365,4.2,4.0,1.75,1.67,2.2,2026-07-27 11:39:40
3260,eng.1,2026-05-24,Crystal Palace,Arsenal,Betway,4.1,3.8,1.82,,,2026-07-27 11:39:40
3261,eng.1,2026-05-24,Crystal Palace,Arsenal,Coral,4.0,3.8,1.8,,,2026-07-27 11:39:40
3262,eng.1,2026-05-24,Crystal Palace,Arsenal,Ladbrokes,4.0,3.8,1.8,,,2026-07-27 11:39:40
3263,eng.1,2026-05-24,Fulham,Newcastle United,B365,2.88,3.8,2.25,1.62,2.3,2026-07-27 11:39:40
3264,eng.1,2026-05-24,Fulham,Newcastle United,Betway,2.8,3.7,2.35,,,2026-07-27 11:39:40
3265,eng.1,2026-05-24,Fulham,Newcastle United,Coral,2.8,3.7,2.37,,,2026-07-27 11:39:40
3266,eng.1,2026-05-24,Fulham,Newcastle United,Ladbrokes,2.8,3.6,2.3,,,2026-07-27 11:39:40
3267,eng.1,2026-05-24,Liverpool,Brentford,B365,1.8,4.2,3.8,1.5,2.63,2026-07-27 11:39:40
3268,eng.1,2026-05-24,Liverpool,Brentford,Betway,1.82,4.2,3.7,,,2026-07-27 11:39:40
3269,eng.1,2026-05-24,Liverpool,Brentford,Coral,1.83,4.2,3.75,,,2026-07-27 11:39:40
3270,eng.1,2026-05-24,Liverpool,Brentford,Ladbrokes,1.8,4.2,3.7,,,2026-07-27 11:39:40
3271,eng.1,2026-05-24,Manchester City,Aston Villa,B365,1.29,6.0,9.0,1.3,3.5,2026-07-27 11:39:40
3272,eng.1,2026-05-24,Manchester City,Aston Villa,Betway,1.31,6.25,7.75,,,2026-07-27 11:39:40
3273,eng.1,2026-05-24,Manchester City,Aston Villa,Coral,1.3,6.0,7.5,,,2026-07-27 11:39:40
3274,eng.1,2026-05-24,Manchester City,Aston Villa,Ladbrokes,1.3,6.0,7.5,,,2026-07-27 11:39:40
3275,eng.1,2026-05-24,Nott'm Forest,AFC Bournemouth,B365,3.3,3.75,2.05,1.57,2.38,2026-07-27 11:39:40
3276,eng.1,2026-05-24,Nott'm Forest,AFC Bournemouth,Betway,3.2,3.7,2.1,,,2026-07-27 11:39:40
3277,eng.1,2026-05-24,Nott'm Forest,AFC Bournemouth,Coral,3.2,3.7,2.1,,,2026-07-27 11:39:40
3278,eng.1,2026-05-24,Nott'm Forest,AFC Bournemouth,Ladbrokes,3.2,3.7,2.1,,,2026-07-27 11:39:40
3279,eng.1,2026-05-24,Sunderland,Chelsea,B365,3.6,3.6,2.0,1.73,2.1,2026-07-27 11:39:40
3280,eng.1,2026-05-24,Sunderland,Chelsea,Betway,3.4,3.7,2.05,,,2026-07-27 11:39:40
3281,eng.1,2026-05-24,Sunderland,Chelsea,Coral,3.4,3.7,2.05,,,2026-07-27 11:39:40
3282,eng.1,2026-05-24,Sunderland,Chelsea,Ladbrokes,3.4,3.6,2.05,,,2026-07-27 11:39:40
3283,eng.1,2026-05-24,Tottenham Hotspur,Everton,B365,1.91,3.75,3.8,1.73,2.1,2026-07-27 11:39:40
3284,eng.1,2026-05-24,Tottenham Hotspur,Everton,Betway,1.93,3.7,3.7,,,2026-07-27 11:39:40
3285,eng.1,2026-05-24,Tottenham Hotspur,Everton,Coral,1.95,3.7,3.7,,,2026-07-27 11:39:40
3286,eng.1,2026-05-24,Tottenham Hotspur,Everton,Ladbrokes,1.91,3.7,3.7,,,2026-07-27 11:39:40
3287,eng.1,2026-05-24,West Ham United,Leeds United,B365,1.85,4.0,3.75,1.67,2.2,2026-07-27 11:39:40
3288,eng.1,2026-05-24,West Ham United,Leeds United,Betway,1.85,3.9,3.8,,,2026-07-27 11:39:40
3289,eng.1,2026-05-24,West Ham United,Leeds United,Coral,1.85,3.9,3.8,,,2026-07-27 11:39:40
3290,eng.1,2026-05-24,West Ham United,Leeds United,Ladbrokes,1.85,3.8,3.8,,,2026-07-27 11:39:40
3291,esp.1,2025-08-15,Girona,Rayo Vallecano,B365,2.25,3.25,3.3,2.2,1.67,2026-07-27 11:39:40
3292,esp.1,2025-08-15,Girona,Rayo Vallecano,Pinnacle,2.3,3.3,3.45,2.24,1.71,2026-07-27 11:39:40
3293,esp.1,2025-08-15,Girona,Rayo Vallecano,Betway,2.25,3.25,3.25,,,2026-07-27 11:39:40
3294,esp.1,2025-08-15,Girona,Rayo Vallecano,Coral,2.25,3.3,3.25,,,2026-07-27 11:39:40
3295,esp.1,2025-08-15,Girona,Rayo Vallecano,Ladbrokes,2.25,3.25,3.2,,,2026-07-27 11:39:40
3296,esp.1,2025-08-15,Villarreal,Oviedo,B365,1.4,4.75,8.0,1.85,2.0,2026-07-27 11:39:40
3297,esp.1,2025-08-15,Villarreal,Oviedo,Pinnacle,1.41,4.76,8.8,1.89,2.02,2026-07-27 11:39:40
3298,esp.1,2025-08-15,Villarreal,Oviedo,Betway,1.4,4.6,8.0,,,2026-07-27 11:39:40
3299,esp.1,2025-08-15,Villarreal,Oviedo,Coral,1.4,4.6,8.0,,,2026-07-27 11:39:40
3300,esp.1,2025-08-15,Villarreal,Oviedo,Ladbrokes,1.4,4.6,8.0,,,2026-07-27 11:39:40
3301,esp.1,2025-08-16,Mallorca,Barcelona,B365,7.0,5.0,1.4,1.62,2.3,2026-07-27 11:39:40
3302,esp.1,2025-08-16,Mallorca,Barcelona,Pinnacle,6.68,5.03,1.45,1.64,2.35,2026-07-27 11:39:40
3303,esp.1,2025-08-16,Mallorca,Barcelona,Betway,6.5,4.75,1.46,,,2026-07-27 11:39:40
3304,esp.1,2025-08-16,Mallorca,Barcelona,Coral,6.5,4.6,1.44,,,2026-07-27 11:39:40
3305,esp.1,2025-08-16,Mallorca,Barcelona,Ladbrokes,6.5,4.6,1.44,,,2026-07-27 11:39:40
3306,esp.1,2025-08-16,Alaves,Levante,B365,2.15,3.0,3.8,2.63,1.5,2026-07-27 11:39:40
3307,esp.1,2025-08-16,Alaves,Levante,Pinnacle,2.18,3.18,3.84,2.77,1.48,2026-07-27 11:39:40
3308,esp.1,2025-08-16,Alaves,Levante,Betway,2.25,3.0,3.5,,,2026-07-27 11:39:40
3309,esp.1,2025-08-16,Alaves,Levante,Coral,2.25,3.0,3.5,,,2026-07-27 11:39:40
3310,esp.1,2025-08-16,Alaves,Levante,Ladbrokes,2.25,3.0,3.5,,,2026-07-27 11:39:40
3311,esp.1,2025-08-16,Valencia,Real Sociedad,B365,2.6,2.9,3.1,2.75,1.44,2026-07-27 11:39:40
3312,esp.1,2025-08-16,Valencia,Real Sociedad,Pinnacle,2.65,2.89,3.23,2.85,1.44,2026-07-27 11:39:40
3313,esp.1,2025-08-16,Valencia,Real Sociedad,Betway,2.55,2.95,3.0,,,2026-07-27 11:39:40
3314,esp.1,2025-08-16,Valencia,Real Sociedad,Coral,2.6,3.0,3.0,,,2026-07-27 11:39:40
3315,esp.1,2025-08-16,Valencia,Real Sociedad,Ladbrokes,2.5,2.9,3.0,,,2026-07-27 11:39:40
3316,esp.1,2025-08-17,Celta de Vigo,Getafe,B365,1.73,3.5,5.25,2.38,1.57,2026-07-27 11:39:40
3317,esp.1,2025-08-17,Celta de Vigo,Getafe,Pinnacle,1.76,3.43,5.71,2.5,1.57,2026-07-27 11:39:40
3318,esp.1,2025-08-17,Celta de Vigo,Getafe,Betway,1.72,3.5,5.25,,,2026-07-27 11:39:40
3319,esp.1,2025-08-17,Celta de Vigo,Getafe,Coral,1.73,3.5,5.25,,,2026-07-27 11:39:40
3320,esp.1,2025-08-17,Celta de Vigo,Getafe,Ladbrokes,1.7,3.5,5.25,,,2026-07-27 11:39:40
3321,esp.1,2025-08-17,Athletic Club,Sevilla,B365,1.57,3.9,6.0,2.1,1.73,2026-07-27 11:39:40
3322,esp.1,2025-08-17,Athletic Club,Sevilla,Pinnacle,1.6,4.05,6.12,2.11,1.78,2026-07-27 11:39:40
3323,esp.1,2025-08-17,Athletic Club,Sevilla,Betway,1.6,3.8,6.0,,,2026-07-27 11:39:40
3324,esp.1,2025-08-17,Athletic Club,Sevilla,Coral,1.6,3.8,6.0,,,2026-07-27 11:39:40
3325,esp.1,2025-08-17,Athletic Club,Sevilla,Ladbrokes,1.6,3.8,5.75,,,2026-07-27 11:39:40
3326,esp.1,2025-08-17,Espanyol,Atlético de Madrid,B365,6.0,3.9,1.57,2.2,1.67,2026-07-27 11:39:40
3327,esp.1,2025-08-17,Espanyol,Atlético de Madrid,Pinnacle,6.57,3.86,1.6,2.28,1.68,2026-07-27 11:39:40
3328,esp.1,2025-08-17,Espanyol,Atlético de Madrid,Betway,6.5,4.0,1.53,,,2026-07-27 11:39:40
3329,esp.1,2025-08-17,Espanyol,Atlético de Madrid,Coral,6.5,4.0,1.53,,,2026-07-27 11:39:40
3330,esp.1,2025-08-17,Espanyol,Atlético de Madrid,Ladbrokes,6.5,4.0,1.53,,,2026-07-27 11:39:40
3331,esp.1,2025-08-18,Elche,Real Betis,B365,3.4,3.3,2.2,2.2,1.67,2026-07-27 11:39:40
3332,esp.1,2025-08-18,Elche,Real Betis,Pinnacle,3.45,3.43,2.21,2.21,1.72,2026-07-27 11:39:40
3333,esp.1,2025-08-18,Elche,Real Betis,Betway,3.4,3.25,2.2,,,2026-07-27 11:39:40
3334,esp.1,2025-08-18,Elche,Real Betis,Coral,3.4,3.25,2.2,,,2026-07-27 11:39:40
3335,esp.1,2025-08-18,Elche,Real Betis,Ladbrokes,3.4,3.25,2.15,,,2026-07-27 11:39:40
3336,esp.1,2025-08-19,Real Madrid,Osasuna,B365,1.22,6.25,13.0,1.5,2.63,2026-07-27 11:39:40
3337,esp.1,2025-08-19,Real Madrid,Osasuna,Pinnacle,1.23,6.99,12.34,1.52,2.6,2026-07-27 11:39:40
3338,esp.1,2025-08-19,Real Madrid,Osasuna,Betway,1.22,6.5,13.0,,,2026-07-27 11:39:40
3339,esp.1,2025-08-19,Real Madrid,Osasuna,Coral,1.22,6.5,13.0,,,2026-07-27 11:39:40
3340,esp.1,2025-08-19,Real Madrid,Osasuna,Ladbrokes,1.22,6.5,13.0,,,2026-07-27 11:39:40
3341,esp.1,2025-08-22,Real Betis,Alaves,B365,1.91,3.4,4.2,2.2,1.67,2026-07-27 11:39:40
3342,esp.1,2025-08-22,Real Betis,Alaves,Pinnacle,1.92,3.45,4.6,2.33,1.67,2026-07-27 11:39:40
3343,esp.1,2025-08-22,Real Betis,Alaves,Betway,1.87,3.4,4.33,,,2026-07-27 11:39:40
3344,esp.1,2025-08-22,Real Betis,Alaves,Coral,1.85,3.4,4.33,,,2026-07-27 11:39:40
3345,esp.1,2025-08-22,Real Betis,Alaves,Ladbrokes,1.85,3.4,4.33,,,2026-07-27 11:39:40
3346,esp.1,2025-08-23,Mallorca,Celta de Vigo,B365,3.0,3.1,2.55,2.38,1.57,2026-07-27 11:39:40
3347,esp.1,2025-08-23,Mallorca,Celta de Vigo,Pinnacle,3.06,3.1,2.6,2.49,1.58,2026-07-27 11:39:40
3348,esp.1,2025-08-23,Mallorca,Celta de Vigo,Betway,2.95,3.1,2.5,,,2026-07-27 11:39:40
3349,esp.1,2025-08-23,Mallorca,Celta de Vigo,Coral,2.9,3.1,2.5,,,2026-07-27 11:39:40
3350,esp.1,2025-08-23,Mallorca,Celta de Vigo,Ladbrokes,2.9,3.1,2.5,,,2026-07-27 11:39:40
3351,esp.1,2025-08-23,Atlético de Madrid,Elche,B365,1.25,5.25,15.0,1.8,2.0,2026-07-27 11:39:40
3352,esp.1,2025-08-23,Atlético de Madrid,Elche,Pinnacle,1.24,6.28,12.89,1.76,2.12,2026-07-27 11:39:40
3353,esp.1,2025-08-23,Atlético de Madrid,Elche,Betway,1.25,5.75,12.5,,,2026-07-27 11:39:40
3354,esp.1,2025-08-23,Atlético de Madrid,Elche,Coral,1.25,5.75,12.0,,,2026-07-27 11:39:40
3355,esp.1,2025-08-23,Atlético de Madrid,Elche,Ladbrokes,1.25,5.75,12.0,,,2026-07-27 11:39:40
3356,esp.1,2025-08-23,Levante,Barcelona,B365,11.0,6.0,1.25,1.36,3.2,2026-07-27 11:39:40
3357,esp.1,2025-08-23,Levante,Barcelona,Pinnacle,9.49,6.51,1.27,1.37,3.08,2026-07-27 11:39:40
3358,esp.1,2025-08-23,Levante,Barcelona,Betway,10.5,6.5,1.25,,,2026-07-27 11:39:40
3359,esp.1,2025-08-23,Levante,Barcelona,Coral,10.0,6.5,1.25,,,2026-07-27 11:39:40
3360,esp.1,2025-08-23,Levante,Barcelona,Ladbrokes,10.0,6.5,1.25,,,2026-07-27 11:39:40
3361,esp.1,2025-08-24,Osasuna,Valencia,B365,2.4,3.2,3.1,2.38,1.57,2026-07-27 11:39:40
3362,esp.1,2025-08-24,Osasuna,Valencia,Pinnacle,2.43,3.16,3.27,2.47,1.58,2026-07-27 11:39:40
3363,esp.1,2025-08-24,Osasuna,Valencia,Betway,2.35,3.1,3.2,,,2026-07-27 11:39:40
3364,esp.1,2025-08-24,Osasuna,Valencia,Coral,2.37,3.1,3.2,,,2026-07-27 11:39:40
3365,esp.1,2025-08-24,Osasuna,Valencia,Ladbrokes,2.3,3.1,3.2,,,2026-07-27 11:39:40
3366,esp.1,2025-08-24,Real Sociedad,Espanyol,B365,1.8,3.4,5.0,2.2,1.67,2026-07-27 11:39:40
3367,esp.1,2025-08-24,Real Sociedad,Espanyol,Pinnacle,1.83,3.49,4.91,2.33,1.65,2026-07-27 11:39:40
3368,esp.1,2025-08-24,Real Sociedad,Espanyol,Betway,1.83,3.4,4.6,,,2026-07-27 11:39:40
3369,esp.1,2025-08-24,Real Sociedad,Espanyol,Coral,1.83,3.4,4.6,,,2026-07-27 11:39:40
3370,esp.1,2025-08-24,Real Sociedad,Espanyol,Ladbrokes,1.83,3.4,4.6,,,2026-07-27 11:39:40
3371,esp.1,2025-08-24,Villarreal,Girona,B365,1.53,4.33,6.0,1.67,2.2,2026-07-27 11:39:40
3372,esp.1,2025-08-24,Villarreal,Girona,Pinnacle,1.53,4.69,5.77,1.68,2.26,2026-07-27 11:39:40
3373,esp.1,2025-08-24,Villarreal,Girona,Betway,1.55,4.2,5.75,,,2026-07-27 11:39:40
3374,esp.1,2025-08-24,Villarreal,Girona,Coral,1.55,4.2,5.75,,,2026-07-27 11:39:40
3375,esp.1,2025-08-24,Villarreal,Girona,Ladbrokes,1.55,4.2,5.5,,,2026-07-27 11:39:40
3376,esp.1,2025-08-24,Oviedo,Real Madrid,B365,9.5,5.5,1.3,1.73,2.1,2026-07-27 11:39:40
3377,esp.1,2025-08-24,Oviedo,Real Madrid,Pinnacle,10.02,5.5,1.32,1.75,2.15,2026-07-27 11:39:40
3378,esp.1,2025-08-24,Oviedo,Real Madrid,Betway,9.75,5.25,1.31,,,2026-07-27 11:39:40
3379,esp.1,2025-08-24,Oviedo,Real Madrid,Coral,9.5,5.25,1.3,,,2026-07-27 11:39:40
3380,esp.1,2025-08-24,Oviedo,Real Madrid,Ladbrokes,9.5,5.25,1.3,,,2026-07-27 11:39:40
3381,esp.1,2025-08-25,Athletic Club,Rayo Vallecano,B365,1.7,3.5,5.5,2.2,1.67,2026-07-27 11:39:40
3382,esp.1,2025-08-25,Athletic Club,Rayo Vallecano,Pinnacle,1.71,3.68,5.56,2.19,1.72,2026-07-27 11:39:40
3383,esp.1,2025-08-25,Athletic Club,Rayo Vallecano,Betway,1.75,3.6,5.0,,,2026-07-27 11:39:40
3384,esp.1,2025-08-25,Athletic Club,Rayo Vallecano,Coral,1.75,3.6,5.0,,,2026-07-27 11:39:40
3385,esp.1,2025-08-25,Athletic Club,Rayo Vallecano,Ladbrokes,1.73,3.5,4.8,,,2026-07-27 11:39:40
3386,esp.1,2025-08-25,Sevilla,Getafe,B365,2.25,3.0,3.6,2.63,1.5,2026-07-27 11:39:40
3387,esp.1,2025-08-25,Sevilla,Getafe,Pinnacle,2.24,3.12,3.75,2.78,1.48,2026-07-27 11:39:40
3388,esp.1,2025-08-25,Sevilla,Getafe,Betway,2.3,3.0,3.4,,,2026-07-27 11:39:40
3389,esp.1,2025-08-25,Sevilla,Getafe,Coral,2.3,3.0,3.4,,,2026-07-27 11:39:40
3390,esp.1,2025-08-25,Sevilla,Getafe,Ladbrokes,2.3,3.0,3.4,,,2026-07-27 11:39:40
3391,esp.1,2025-08-27,Celta de Vigo,Real Betis,B365,2.2,3.4,3.25,1.9,1.95,2026-07-27 11:39:40
3392,esp.1,2025-08-27,Celta de Vigo,Real Betis,Pinnacle,2.21,3.6,3.3,1.93,1.95,2026-07-27 11:39:40
3393,esp.1,2025-08-27,Celta de Vigo,Real Betis,Betway,2.2,3.5,3.2,,,2026-07-27 11:39:40
3394,esp.1,2025-08-27,Celta de Vigo,Real Betis,Coral,2.2,3.5,3.2,,,2026-07-27 11:39:40
3395,esp.1,2025-08-27,Celta de Vigo,Real Betis,Ladbrokes,2.2,3.4,3.2,,,2026-07-27 11:39:40
3396,esp.1,2025-08-29,Elche,Levante,B365,2.15,3.25,3.5,2.3,1.62,2026-07-27 11:39:40
3397,esp.1,2025-08-29,Elche,Levante,Pinnacle,2.23,3.26,3.66,2.37,1.65,2026-07-27 11:39:40
3398,esp.1,2025-08-29,Elche,Levante,Betway,2.2,3.2,3.5,,,2026-07-27 11:39:40
3399,esp.1,2025-08-29,Elche,Levante,Coral,2.2,3.2,3.5,,,2026-07-27 11:39:40
3400,esp.1,2025-08-29,Elche,Levante,Ladbrokes,2.15,3.2,3.5,,,2026-07-27 11:39:40
3401,esp.1,2025-08-29,Valencia,Getafe,B365,2.3,2.9,3.6,3.0,1.4,2026-07-27 11:39:40
3402,esp.1,2025-08-29,Valencia,Getafe,Pinnacle,2.29,3.06,3.78,2.89,1.43,2026-07-27 11:39:40
3403,esp.1,2025-08-29,Valencia,Getafe,Betway,2.25,2.95,3.6,,,2026-07-27 11:39:40
3404,esp.1,2025-08-29,Valencia,Getafe,Coral,2.25,3.0,3.6,,,2026-07-27 11:39:40
3405,esp.1,2025-08-29,Valencia,Getafe,Ladbrokes,2.25,2.9,3.6,,,2026-07-27 11:39:40
3406,esp.1,2025-08-30,Alaves,Atlético de Madrid,B365,4.75,3.5,1.8,2.2,1.67,2026-07-27 11:39:40
3407,esp.1,2025-08-30,Alaves,Atlético de Madrid,Pinnacle,4.77,3.61,1.82,2.22,1.71,2026-07-27 11:39:40
3408,esp.1,2025-08-30,Alaves,Atlético de Madrid,Betway,4.6,3.6,1.78,,,2026-07-27 11:39:40
3409,esp.1,2025-08-30,Alaves,Atlético de Madrid,Coral,4.6,3.6,1.8,,,2026-07-27 11:39:40
3410,esp.1,2025-08-30,Alaves,Atlético de Madrid,Ladbrokes,4.5,3.5,1.8,,,2026-07-27 11:39:40
3411,esp.1,2025-08-30,Oviedo,Real Sociedad,B365,3.5,3.1,2.25,2.5,1.53,2026-07-27 11:39:40
3412,esp.1,2025-08-30,Oviedo,Real Sociedad,Pinnacle,3.56,3.12,2.32,2.52,1.56,2026-07-27 11:39:40
3413,esp.1,2025-08-30,Oviedo,Real Sociedad,Betway,3.5,3.2,2.2,,,2026-07-27 11:39:40
3414,esp.1,2025-08-30,Oviedo,Real Sociedad,Coral,3.5,3.2,2.2,,,2026-07-27 11:39:40
3415,esp.1,2025-08-30,Oviedo,Real Sociedad,Ladbrokes,3.4,3.1,2.2,,,2026-07-27 11:39:40
3416,esp.1,2025-08-30,Girona,Sevilla,B365,2.4,3.3,3.0,2.05,1.8,2026-07-27 11:39:40
3417,esp.1,2025-08-30,Girona,Sevilla,Pinnacle,2.49,3.27,3.07,2.08,1.83,2026-07-27 11:39:40
3418,esp.1,2025-08-30,Girona,Sevilla,Betway,2.45,3.3,2.87,,,2026-07-27 11:39:40
3419,esp.1,2025-08-30,Girona,Sevilla,Coral,2.45,3.3,2.87,,,2026-07-27 11:39:40
3420,esp.1,2025-08-30,Girona,Sevilla,Ladbrokes,2.45,3.25,2.87,,,2026-07-27 11:39:40
3421,esp.1,2025-08-30,Real Madrid,Mallorca,B365,1.18,7.0,15.0,1.57,2.38,2026-07-27 11:39:40
3422,esp.1,2025-08-30,Real Madrid,Mallorca,Pinnacle,1.21,7.16,12.71,1.56,2.5,2026-07-27 11:39:40
3423,esp.1,2025-08-30,Real Madrid,Mallorca,Betway,1.19,7.0,15.5,,,2026-07-27 11:39:40
3424,esp.1,2025-08-30,Real Madrid,Mallorca,Coral,1.2,7.0,15.0,,,2026-07-27 11:39:40
3425,esp.1,2025-08-30,Real Madrid,Mallorca,Ladbrokes,1.18,7.0,15.0,,,2026-07-27 11:39:40
3426,esp.1,2025-08-31,Celta de Vigo,Villarreal,B365,2.75,3.5,2.5,1.73,2.1,2026-07-27 11:39:40
3427,esp.1,2025-08-31,Celta de Vigo,Villarreal,Pinnacle,2.76,3.64,2.52,1.74,2.18,2026-07-27 11:39:40
3428,esp.1,2025-08-31,Celta de Vigo,Villarreal,Betway,2.75,3.6,2.37,,,2026-07-27 11:39:40
3429,esp.1,2025-08-31,Celta de Vigo,Villarreal,Coral,2.75,3.6,2.4,,,2026-07-27 11:39:40
3430,esp.1,2025-08-31,Celta de Vigo,Villarreal,Ladbrokes,2.75,3.6,2.37,,,2026-07-27 11:39:40
3431,esp.1,2025-08-31,Real Betis,Athletic Club,B365,3.0,3.1,2.55,2.2,1.67,2026-07-27 11:39:40
3432,esp.1,2025-08-31,Real Betis,Athletic Club,Pinnacle,3.07,3.15,2.56,2.21,1.72,2026-07-27 11:39:40
3433,esp.1,2025-08-31,Real Betis,Athletic Club,Betway,2.85,3.2,2.55,,,2026-07-27 11:39:40
3434,esp.1,2025-08-31,Real Betis,Athletic Club,Coral,2.87,3.2,2.5,,,2026-07-27 11:39:40
3435,esp.1,2025-08-31,Real Betis,Athletic Club,Ladbrokes,2.87,3.2,2.5,,,2026-07-27 11:39:40
3436,esp.1,2025-08-31,Espanyol,Osasuna,B365,2.38,3.2,3.1,2.2,1.67,2026-07-27 11:39:40
3437,esp.1,2025-08-31,Espanyol,Osasuna,Pinnacle,2.43,3.21,3.23,2.3,1.67,2026-07-27 11:39:40
3438,esp.1,2025-08-31,Espanyol,Osasuna,Betway,2.4,3.2,3.0,,,2026-07-27 11:39:40
3439,esp.1,2025-08-31,Espanyol,Osasuna,Coral,2.3,3.0,2.87,,,2026-07-27 11:39:40
3440,esp.1,2025-08-31,Espanyol,Osasuna,Ladbrokes,2.3,3.0,2.87,,,2026-07-27 11:39:40
3441,esp.1,2025-08-31,Rayo Vallecano,Barcelona,B365,6.25,5.5,1.4,1.44,2.75,2026-07-27 11:39:40
3442,esp.1,2025-08-31,Rayo Vallecano,Barcelona,Pinnacle,6.92,5.34,1.41,1.44,2.82,2026-07-27 11:39:40
3443,esp.1,2025-08-31,Rayo Vallecano,Barcelona,Betway,6.75,5.25,1.4,,,2026-07-27 11:39:40
3444,esp.1,2025-08-31,Rayo Vallecano,Barcelona,Coral,7.0,5.25,1.4,,,2026-07-27 11:39:40
3445,esp.1,2025-08-31,Rayo Vallecano,Barcelona,Ladbrokes,6.5,5.0,1.4,,,2026-07-27 11:39:40
3446,esp.1,2025-09-12,Sevilla,Elche,B365,1.85,3.4,4.5,2.2,1.67,2026-07-27 11:39:40
3447,esp.1,2025-09-12,Sevilla,Elche,Pinnacle,1.88,3.48,4.76,2.23,1.7,2026-07-27 11:39:40
3448,esp.1,2025-09-12,Sevilla,Elche,Betway,1.87,3.4,4.33,,,2026-07-27 11:39:40
3449,esp.1,2025-09-12,Sevilla,Elche,Coral,1.85,3.4,4.33,,,2026-07-27 11:39:40
3450,esp.1,2025-09-12,Sevilla,Elche,Ladbrokes,1.85,3.4,4.2,,,2026-07-27 11:39:40
3451,esp.1,2025-09-13,Getafe,Oviedo,B365,1.95,3.1,4.5,2.75,1.44,2026-07-27 11:39:40
3452,esp.1,2025-09-13,Getafe,Oviedo,Pinnacle,2.0,3.05,4.81,2.86,1.43,2026-07-27 11:39:40
3453,esp.1,2025-09-13,Getafe,Oviedo,Betway,2.0,3.1,4.2,,,2026-07-27 11:39:40
3454,esp.1,2025-09-13,Getafe,Oviedo,Coral,2.0,3.1,4.2,,,2026-07-27 11:39:40
3455,esp.1,2025-09-13,Getafe,Oviedo,Ladbrokes,2.0,3.0,4.2,,,2026-07-27 11:39:40
3456,esp.1,2025-09-13,Real Sociedad,Real Madrid,B365,5.0,4.33,1.6,1.73,2.1,2026-07-27 11:39:40
3457,esp.1,2025-09-13,Real Sociedad,Real Madrid,Pinnacle,5.3,4.43,1.61,1.79,2.1,2026-07-27 11:39:40
3458,esp.1,2025-09-13,Real Sociedad,Real Madrid,Betway,5.0,4.0,1.63,,,2026-07-27 11:39:40
3459,esp.1,2025-09-13,Real Sociedad,Real Madrid,Coral,5.0,4.0,1.61,,,2026-07-27 11:39:40
3460,esp.1,2025-09-13,Real Sociedad,Real Madrid,Ladbrokes,5.0,4.0,1.61,,,2026-07-27 11:39:40
3461,esp.1,2025-09-13,Athletic Club,Alaves,B365,1.6,3.9,5.75,2.2,1.67,2026-07-27 11:39:40
3462,esp.1,2025-09-13,Athletic Club,Alaves,Pinnacle,1.61,3.86,6.3,2.31,1.66,2026-07-27 11:39:40
3463,esp.1,2025-09-13,Athletic Club,Alaves,Betway,1.58,3.75,6.25,,,2026-07-27 11:39:40
3464,esp.1,2025-09-13,Athletic Club,Alaves,Coral,1.57,3.75,6.5,,,2026-07-27 11:39:40
3465,esp.1,2025-09-13,Athletic Club,Alaves,Ladbrokes,1.57,3.75,6.5,,,2026-07-27 11:39:40
3466,esp.1,2025-09-13,Atlético de Madrid,Villarreal,B365,1.8,3.7,4.33,1.73,2.1,2026-07-27 11:39:40
3467,esp.1,2025-09-13,Atlético de Madrid,Villarreal,Pinnacle,1.86,3.62,4.51,1.76,2.14,2026-07-27 11:39:40
3468,esp.1,2025-09-13,Atlético de Madrid,Villarreal,Betway,1.82,3.75,4.2,,,2026-07-27 11:39:40
3469,esp.1,2025-09-13,Atlético de Madrid,Villarreal,Coral,1.8,3.75,4.2,,,2026-07-27 11:39:40
3470,esp.1,2025-09-13,Atlético de Madrid,Villarreal,Ladbrokes,1.8,3.7,4.2,,,2026-07-27 11:39:40
3471,esp.1,2025-09-14,Celta de Vigo,Girona,B365,1.73,3.9,4.75,1.73,2.1,2026-07-27 11:39:40
3472,esp.1,2025-09-14,Celta de Vigo,Girona,Pinnacle,1.71,4.22,4.67,1.76,2.15,2026-07-27 11:39:40
3473,esp.1,2025-09-14,Celta de Vigo,Girona,Betway,1.7,4.0,4.75,,,2026-07-27 11:39:40
3474,esp.1,2025-09-14,Celta de Vigo,Girona,Coral,1.7,4.0,4.6,,,2026-07-27 11:39:40
3475,esp.1,2025-09-14,Celta de Vigo,Girona,Ladbrokes,1.7,3.9,4.6,,,2026-07-27 11:39:40
3476,esp.1,2025-09-14,Levante,Real Betis,B365,3.25,3.25,2.3,2.0,1.8,2026-07-27 11:39:40
3477,esp.1,2025-09-14,Levante,Real Betis,Pinnacle,3.4,3.48,2.21,2.0,1.89,2026-07-27 11:39:40
3478,esp.1,2025-09-14,Levante,Real Betis,Betway,3.1,3.25,2.3,,,2026-07-27 11:39:40
3479,esp.1,2025-09-14,Levante,Real Betis,Coral,3.1,3.3,2.3,,,2026-07-27 11:39:40
3480,esp.1,2025-09-14,Levante,Real Betis,Ladbrokes,3.1,3.25,2.3,,,2026-07-27 11:39:40
3481,esp.1,2025-09-14,Osasuna,Rayo Vallecano,B365,2.55,3.2,2.9,2.2,1.67,2026-07-27 11:39:40
3482,esp.1,2025-09-14,Osasuna,Rayo Vallecano,Pinnacle,2.54,3.18,3.08,2.35,1.64,2026-07-27 11:39:40
3483,esp.1,2025-09-14,Osasuna,Rayo Vallecano,Betway,2.55,3.2,2.85,,,2026-07-27 11:39:40
3484,esp.1,2025-09-14,Osasuna,Rayo Vallecano,Coral,2.5,3.2,2.87,,,2026-07-27 11:39:40
3485,esp.1,2025-09-14,Osasuna,Rayo Vallecano,Ladbrokes,2.5,3.1,2.87,,,2026-07-27 11:39:40
3486,esp.1,2025-09-14,Barcelona,Valencia,B365,1.22,7.0,11.0,1.33,3.4,2026-07-27 11:39:40
3487,esp.1,2025-09-14,Barcelona,Valencia,Pinnacle,1.23,6.92,11.31,1.35,3.19,2026-07-27 11:39:40
3488,esp.1,2025-09-14,Barcelona,Valencia,Betway,1.22,7.25,11.5,,,2026-07-27 11:39:40
3489,esp.1,2025-09-14,Barcelona,Valencia,Coral,1.22,7.0,11.0,,,2026-07-27 11:39:40
3490,esp.1,2025-09-14,Barcelona,Valencia,Ladbrokes,1.22,7.0,11.0,,,2026-07-27 11:39:40
3491,esp.1,2025-09-15,Espanyol,Mallorca,B365,2.1,3.4,3.5,2.3,1.62,2026-07-27 11:39:40
3492,esp.1,2025-09-15,Espanyol,Mallorca,Pinnacle,2.28,3.23,3.51,2.36,1.64,2026-07-27 11:39:40
3493,esp.1,2025-09-15,Espanyol,Mallorca,Betway,2.15,3.2,3.5,,,2026-07-27 11:39:40
3494,esp.1,2025-09-15,Espanyol,Mallorca,Coral,2.15,3.2,3.5,,,2026-07-27 11:39:40
3495,esp.1,2025-09-15,Espanyol,Mallorca,Ladbrokes,2.15,3.2,3.5,,,2026-07-27 11:39:40
3496,esp.1,2025-09-19,Real Betis,Real Sociedad,B365,1.91,3.6,3.75,1.73,2.1,2026-07-27 11:39:40
3497,esp.1,2025-09-19,Real Betis,Real Sociedad,Pinnacle,1.93,3.73,3.98,1.78,2.12,2026-07-27 11:39:40
3498,esp.1,2025-09-19,Real Betis,Real Sociedad,Betway,1.95,3.6,3.75,,,2026-07-27 11:39:40
3499,esp.1,2025-09-19,Real Betis,Real Sociedad,Coral,1.95,3.6,3.75,,,2026-07-27 11:39:40
3500,esp.1,2025-09-19,Real Betis,Real Sociedad,Ladbrokes,1.95,3.5,3.7,,,2026-07-27 11:39:40
3501,esp.1,2025-09-20,Girona,Levante,B365,1.91,3.6,4.0,1.93,1.93,2026-07-27 11:39:40
3502,esp.1,2025-09-20,Girona,Levante,Pinnacle,1.91,3.76,4.09,1.91,1.97,2026-07-27 11:39:40
3503,esp.1,2025-09-20,Girona,Levante,Betway,1.95,3.6,3.8,,,2026-07-27 11:39:40
3504,esp.1,2025-09-20,Girona,Levante,Coral,1.95,3.6,3.8,,,2026-07-27 11:39:40
3505,esp.1,2025-09-20,Girona,Levante,Ladbrokes,1.95,3.5,3.75,,,2026-07-27 11:39:40
3506,esp.1,2025-09-20,Real Madrid,Espanyol,B365,1.2,7.0,13.0,1.4,3.0,2026-07-27 11:39:40
3507,esp.1,2025-09-20,Real Madrid,Espanyol,Pinnacle,1.22,6.36,15.46,1.39,2.98,2026-07-27 11:39:40
3508,esp.1,2025-09-20,Real Madrid,Espanyol,Betway,1.22,6.75,12.0,,,2026-07-27 11:39:40
3509,esp.1,2025-09-20,Real Madrid,Espanyol,Coral,1.22,6.5,12.0,,,2026-07-27 11:39:40
3510,esp.1,2025-09-20,Real Madrid,Espanyol,Ladbrokes,1.22,6.5,12.0,,,2026-07-27 11:39:40
3511,esp.1,2025-09-20,Alaves,Sevilla,B365,2.25,3.1,3.5,2.5,1.53,2026-07-27 11:39:40
3512,esp.1,2025-09-20,Alaves,Sevilla,Pinnacle,2.31,3.23,3.44,2.5,1.56,2026-07-27 11:39:40
3513,esp.1,2025-09-20,Alaves,Sevilla,Betway,2.35,3.1,3.2,,,2026-07-27 11:39:40
3514,esp.1,2025-09-20,Alaves,Sevilla,Coral,2.37,3.1,3.2,,,2026-07-27 11:39:40
3515,esp.1,2025-09-20,Alaves,Sevilla,Ladbrokes,2.37,3.1,3.1,,,2026-07-27 11:39:40
3516,esp.1,2025-09-20,Villarreal,Osasuna,B365,1.55,4.33,5.5,1.8,2.0,2026-07-27 11:39:40
3517,esp.1,2025-09-20,Villarreal,Osasuna,Pinnacle,1.56,4.39,5.87,1.85,2.04,2026-07-27 11:39:40
3518,esp.1,2025-09-20,Villarreal,Osasuna,Betway,1.57,4.1,5.75,,,2026-07-27 11:39:40
3519,esp.1,2025-09-20,Villarreal,Osasuna,Coral,1.57,4.2,5.75,,,2026-07-27 11:39:40
3520,esp.1,2025-09-20,Villarreal,Osasuna,Ladbrokes,1.55,4.2,5.75,,,2026-07-27 11:39:40
3521,esp.1,2025-09-20,Valencia,Athletic Club,B365,3.0,3.0,2.55,2.5,1.53,2026-07-27 11:39:40
3522,esp.1,2025-09-20,Valencia,Athletic Club,Pinnacle,3.16,3.08,2.55,2.52,1.56,2026-07-27 11:39:40
3523,esp.1,2025-09-20,Valencia,Athletic Club,Betway,3.0,3.1,2.5,,,2026-07-27 11:39:40
3524,esp.1,2025-09-20,Valencia,Athletic Club,Coral,3.0,3.1,2.5,,,2026-07-27 11:39:40
3525,esp.1,2025-09-20,Valencia,Athletic Club,Ladbrokes,3.0,3.1,2.45,,,2026-07-27 11:39:40
3526,esp.1,2025-09-21,Rayo Vallecano,Celta de Vigo,B365,2.3,3.3,3.2,2.0,1.8,2026-07-27 11:39:40
3527,esp.1,2025-09-21,Rayo Vallecano,Celta de Vigo,Pinnacle,2.33,3.31,3.3,2.11,1.79,2026-07-27 11:39:40
3528,esp.1,2025-09-21,Rayo Vallecano,Celta de Vigo,Betway,2.35,3.25,3.1,,,2026-07-27 11:39:40
3529,esp.1,2025-09-21,Rayo Vallecano,Celta de Vigo,Coral,2.37,3.25,3.1,,,2026-07-27 11:39:40
3530,esp.1,2025-09-21,Rayo Vallecano,Celta de Vigo,Ladbrokes,2.37,3.2,3.0,,,2026-07-27 11:39:40
3531,esp.1,2025-09-21,Mallorca,Atlético de Madrid,B365,5.0,3.6,1.75,2.2,1.67,2026-07-27 11:39:40
3532,esp.1,2025-09-21,Mallorca,Atlético de Madrid,Pinnacle,5.05,3.69,1.76,2.23,1.7,2026-07-27 11:39:40
3533,esp.1,2025-09-21,Mallorca,Atlético de Madrid,Betway,5.0,3.5,1.73,,,2026-07-27 11:39:40
3534,esp.1,2025-09-21,Mallorca,Atlético de Madrid,Coral,5.0,3.5,1.73,,,2026-07-27 11:39:40
3535,esp.1,2025-09-21,Mallorca,Atlético de Madrid,Ladbrokes,5.0,3.5,1.73,,,2026-07-27 11:39:40
3536,esp.1,2025-09-21,Elche,Oviedo,B365,1.91,3.2,4.5,2.63,1.5,2026-07-27 11:39:40
3537,esp.1,2025-09-21,Elche,Oviedo,Pinnacle,1.96,3.3,4.51,2.66,1.5,2026-07-27 11:39:40
3538,esp.1,2025-09-21,Elche,Oviedo,Betway,1.98,3.1,4.2,,,2026-07-27 11:39:40
3539,esp.1,2025-09-21,Elche,Oviedo,Coral,2.0,3.1,4.2,,,2026-07-27 11:39:40
3540,esp.1,2025-09-21,Elche,Oviedo,Ladbrokes,2.0,3.1,4.2,,,2026-07-27 11:39:40
3541,esp.1,2025-09-21,Barcelona,Getafe,B365,1.22,6.5,12.0,1.53,2.5,2026-07-27 11:39:40
3542,esp.1,2025-09-21,Barcelona,Getafe,Pinnacle,1.23,6.19,14.4,1.56,2.47,2026-07-27 11:39:40
3543,esp.1,2025-09-21,Barcelona,Getafe,Betway,1.24,6.5,11.0,,,2026-07-27 11:39:40
3544,esp.1,2025-09-21,Barcelona,Getafe,Coral,1.25,6.5,11.0,,,2026-07-27 11:39:40
3545,esp.1,2025-09-21,Barcelona,Getafe,Ladbrokes,1.22,6.5,11.0,,,2026-07-27 11:39:40
3546,esp.1,2025-09-23,Athletic Club,Girona,B365,1.45,4.33,7.0,1.83,2.03,2026-07-27 11:39:40
3547,esp.1,2025-09-23,Athletic Club,Girona,Pinnacle,1.45,4.56,7.8,1.87,2.02,2026-07-27 11:39:40
3548,esp.1,2025-09-23,Athletic Club,Girona,Betway,1.46,4.4,6.75,,,2026-07-27 11:39:40
3549,esp.1,2025-09-23,Athletic Club,Girona,Coral,1.48,4.4,7.0,,,2026-07-27 11:39:40
3550,esp.1,2025-09-23,Athletic Club,Girona,Ladbrokes,1.48,4.4,6.5,,,2026-07-27 11:39:40
3551,esp.1,2025-09-23,Espanyol,Valencia,B365,2.25,3.1,3.4,2.2,1.67,2026-07-27 11:39:40
3552,esp.1,2025-09-23,Espanyol,Valencia,Pinnacle,2.34,3.22,3.39,2.31,1.66,2026-07-27 11:39:40
3553,esp.1,2025-09-23,Espanyol,Valencia,Betway,2.25,3.2,3.3,,,2026-07-27 11:39:40
3554,esp.1,2025-09-23,Espanyol,Valencia,Coral,2.3,3.2,3.3,,,2026-07-27 11:39:40
3555,esp.1,2025-09-23,Espanyol,Valencia,Ladbrokes,2.25,3.1,3.25,,,2026-07-27 11:39:40
3556,esp.1,2025-09-23,Levante,Real Madrid,B365,7.5,5.75,1.33,1.44,2.75,2026-07-27 11:39:40
3557,esp.1,2025-09-23,Levante,Real Madrid,Pinnacle,8.61,5.91,1.33,1.45,2.8,2026-07-27 11:39:40
3558,esp.1,2025-09-23,Levante,Real Madrid,Betway,8.0,5.5,1.34,,,2026-07-27 11:39:40
3559,esp.1,2025-09-23,Levante,Real Madrid,Coral,8.0,5.5,1.35,,,2026-07-27 11:39:40
3560,esp.1,2025-09-23,Levante,Real Madrid,Ladbrokes,8.0,5.25,1.33,,,2026-07-27 11:39:40
3561,esp.1,2025-09-23,Sevilla,Villarreal,B365,3.1,3.4,2.3,1.98,1.88,2026-07-27 11:39:40
3562,esp.1,2025-09-23,Sevilla,Villarreal,Pinnacle,3.19,3.39,2.35,2.02,1.87,2026-07-27 11:39:40
3563,esp.1,2025-09-23,Sevilla,Villarreal,Betway,3.0,3.3,2.3,,,2026-07-27 11:39:40
3564,esp.1,2025-09-23,Sevilla,Villarreal,Coral,3.1,3.3,2.3,,,2026-07-27 11:39:40
3565,esp.1,2025-09-23,Sevilla,Villarreal,Ladbrokes,3.0,3.3,2.3,,,2026-07-27 11:39:40
3566,esp.1,2025-09-24,Getafe,Alaves,B365,2.3,2.9,3.6,3.4,1.33,2026-07-27 11:39:40
3567,esp.1,2025-09-24,Getafe,Alaves,Pinnacle,2.36,2.91,3.77,3.24,1.35,2026-07-27 11:39:40
3568,esp.1,2025-09-24,Getafe,Alaves,Betway,2.3,2.87,3.6,,,2026-07-27 11:39:40
3569,esp.1,2025-09-24,Getafe,Alaves,Coral,2.3,2.87,3.6,,,2026-07-27 11:39:40
3570,esp.1,2025-09-24,Getafe,Alaves,Ladbrokes,2.3,2.87,3.5,,,2026-07-27 11:39:40
3571,esp.1,2025-09-24,Atlético de Madrid,Rayo Vallecano,B365,1.5,4.5,6.0,1.88,1.98,2026-07-27 11:39:40
3572,esp.1,2025-09-24,Atlético de Madrid,Rayo Vallecano,Pinnacle,1.5,4.51,6.63,1.92,1.97,2026-07-27 11:39:40
3573,esp.1,2025-09-24,Atlético de Madrid,Rayo Vallecano,Betway,1.52,4.2,6.25,,,2026-07-27 11:39:40
3574,esp.1,2025-09-24,Atlético de Madrid,Rayo Vallecano,Coral,1.53,4.2,6.5,,,2026-07-27 11:39:40
3575,esp.1,2025-09-24,Atlético de Madrid,Rayo Vallecano,Ladbrokes,1.5,4.2,6.0,,,2026-07-27 11:39:40
3576,esp.1,2025-09-24,Real Sociedad,Mallorca,B365,1.8,3.4,4.75,2.1,1.73,2026-07-27 11:39:40
3577,esp.1,2025-09-24,Real Sociedad,Mallorca,Pinnacle,1.84,3.53,4.79,2.14,1.76,2026-07-27 11:39:40
3578,esp.1,2025-09-24,Real Sociedad,Mallorca,Betway,1.8,3.5,4.6,,,2026-07-27 11:39:40
3579,esp.1,2025-09-24,Real Sociedad,Mallorca,Coral,1.8,3.5,4.6,,,2026-07-27 11:39:40
3580,esp.1,2025-09-24,Real Sociedad,Mallorca,Ladbrokes,1.8,3.5,4.6,,,2026-07-27 11:39:40
3581,esp.1,2025-09-25,Osasuna,Elche,B365,1.95,3.25,4.33,2.3,1.62,2026-07-27 11:39:40
3582,esp.1,2025-09-25,Osasuna,Elche,Pinnacle,2.05,3.09,4.48,2.43,1.61,2026-07-27 11:39:40
3583,esp.1,2025-09-25,Osasuna,Elche,Betway,1.98,3.2,4.33,,,2026-07-27 11:39:40
3584,esp.1,2025-09-25,Osasuna,Elche,Coral,1.95,3.2,4.33,,,2026-07-27 11:39:40
3585,esp.1,2025-09-25,Osasuna,Elche,Ladbrokes,1.95,3.1,4.2,,,2026-07-27 11:39:40
3586,esp.1,2025-09-25,Oviedo,Barcelona,B365,10.0,5.75,1.25,1.44,2.75,2026-07-27 11:39:40
3587,esp.1,2025-09-25,Oviedo,Barcelona,Pinnacle,9.41,6.99,1.26,1.41,2.91,2026-07-27 11:39:40
3588,esp.1,2025-09-25,Oviedo,Barcelona,Betway,9.5,6.5,1.26,,,2026-07-27 11:39:40
3589,esp.1,2025-09-25,Oviedo,Barcelona,Coral,9.5,6.5,1.25,,,2026-07-27 11:39:40
3590,esp.1,2025-09-25,Oviedo,Barcelona,Ladbrokes,9.5,6.5,1.25,,,2026-07-27 11:39:40
3591,esp.1,2025-09-26,Girona,Espanyol,B365,2.45,3.3,2.88,2.03,1.83,2026-07-27 11:39:40
3592,esp.1,2025-09-26,Girona,Espanyol,Pinnacle,2.53,3.36,2.98,2.03,1.88,2026-07-27 11:39:40
3593,esp.1,2025-09-26,Girona,Espanyol,Betway,2.4,3.3,2.95,,,2026-07-27 11:39:40
3594,esp.1,2025-09-26,Girona,Espanyol,Coral,2.4,3.3,2.9,,,2026-07-27 11:39:40
3595,esp.1,2025-09-26,Girona,Espanyol,Ladbrokes,2.4,3.25,2.9,,,2026-07-27 11:39:40
3596,esp.1,2025-09-27,Getafe,Levante,B365,2.05,3.1,4.1,2.5,1.53,2026-07-27 11:39:40
3597,esp.1,2025-09-27,Getafe,Levante,Pinnacle,2.1,3.22,4.05,2.5,1.57,2026-07-27 11:39:40
3598,esp.1,2025-09-27,Getafe,Levante,Betway,2.05,3.2,3.9,,,2026-07-27 11:39:40
3599,esp.1,2025-09-27,Getafe,Levante,Coral,2.05,3.2,3.9,,,2026-07-27 11:39:40
3600,esp.1,2025-09-27,Getafe,Levante,Ladbrokes,2.05,3.1,3.9,,,2026-07-27 11:39:40
3601,esp.1,2025-09-27,Atlético de Madrid,Real Madrid,B365,3.0,3.6,2.3,1.67,2.2,2026-07-27 11:39:40
3602,esp.1,2025-09-27,Atlético de Madrid,Real Madrid,Pinnacle,3.02,3.62,2.35,1.7,2.24,2026-07-27 11:39:40
3603,esp.1,2025-09-27,Atlético de Madrid,Real Madrid,Betway,2.85,3.5,2.35,,,2026-07-27 11:39:40
3604,esp.1,2025-09-27,Atlético de Madrid,Real Madrid,Coral,2.87,3.5,2.37,,,2026-07-27 11:39:40
3605,esp.1,2025-09-27,Atlético de Madrid,Real Madrid,Ladbrokes,2.87,3.5,2.3,,,2026-07-27 11:39:40
3606,esp.1,2025-09-27,Mallorca,Alaves,B365,2.35,3.0,3.4,3.0,1.4,2026-07-27 11:39:40
3607,esp.1,2025-09-27,Mallorca,Alaves,Pinnacle,2.42,3.03,3.45,2.86,1.43,2026-07-27 11:39:40
3608,esp.1,2025-09-27,Mallorca,Alaves,Betway,2.3,3.0,3.4,,,2026-07-27 11:39:40
3609,esp.1,2025-09-27,Mallorca,Alaves,Coral,2.3,3.0,3.4,,,2026-07-27 11:39:40
3610,esp.1,2025-09-27,Mallorca,Alaves,Ladbrokes,2.3,3.0,3.4,,,2026-07-27 11:39:40
3611,esp.1,2025-09-27,Villarreal,Athletic Club,B365,2.1,3.25,3.7,2.0,1.85,2026-07-27 11:39:40
3612,esp.1,2025-09-27,Villarreal,Athletic Club,Pinnacle,2.11,3.33,3.86,2.04,1.85,2026-07-27 11:39:40
3613,esp.1,2025-09-27,Villarreal,Athletic Club,Betway,2.1,3.4,3.5,,,2026-07-27 11:39:40
3614,esp.1,2025-09-27,Villarreal,Athletic Club,Coral,2.1,3.4,3.5,,,2026-07-27 11:39:40
3615,esp.1,2025-09-27,Villarreal,Athletic Club,Ladbrokes,2.05,3.4,3.5,,,2026-07-27 11:39:40
3616,esp.1,2025-09-28,Rayo Vallecano,Sevilla,B365,2.0,3.3,4.0,2.1,1.73,2026-07-27 11:39:40
3617,esp.1,2025-09-28,Rayo Vallecano,Sevilla,Pinnacle,2.04,3.39,4.02,2.12,1.78,2026-07-27 11:39:40
3618,esp.1,2025-09-28,Rayo Vallecano,Sevilla,Betway,2.05,3.3,3.6,,,2026-07-27 11:39:40
3619,esp.1,2025-09-28,Rayo Vallecano,Sevilla,Coral,2.05,3.3,3.6,,,2026-07-27 11:39:40
3620,esp.1,2025-09-28,Rayo Vallecano,Sevilla,Ladbrokes,2.05,3.3,3.6,,,2026-07-27 11:39:40
3621,esp.1,2025-09-28,Elche,Celta de Vigo,B365,2.88,3.1,2.6,2.3,1.62,2026-07-27 11:39:40
3622,esp.1,2025-09-28,Elche,Celta de Vigo,Pinnacle,2.89,3.2,2.68,2.35,1.65,2026-07-27 11:39:40
3623,esp.1,2025-09-28,Elche,Celta de Vigo,Betway,2.8,3.2,2.55,,,2026-07-27 11:39:40
3624,esp.1,2025-09-28,Elche,Celta de Vigo,Coral,2.8,3.2,2.6,,,2026-07-27 11:39:40
3625,esp.1,2025-09-28,Elche,Celta de Vigo,Ladbrokes,2.8,3.2,2.5,,,2026-07-27 11:39:40
3626,esp.1,2025-09-28,Barcelona,Real Sociedad,B365,1.27,5.75,10.0,1.33,3.4,2026-07-27 11:39:40
3627,esp.1,2025-09-28,Barcelona,Real Sociedad,Pinnacle,1.29,5.34,12.23,1.35,3.23,2026-07-27 11:39:40
3628,esp.1,2025-09-28,Barcelona,Real Sociedad,Betway,1.28,6.0,9.5,,,2026-07-27 11:39:40
3629,esp.1,2025-09-28,Barcelona,Real Sociedad,Coral,1.28,6.0,9.5,,,2026-07-27 11:39:40
3630,esp.1,2025-09-28,Barcelona,Real Sociedad,Ladbrokes,1.28,6.0,9.5,,,2026-07-27 11:39:40
3631,esp.1,2025-09-28,Real Betis,Osasuna,B365,1.75,3.8,4.5,1.93,1.93,2026-07-27 11:39:40
3632,esp.1,2025-09-28,Real Betis,Osasuna,Pinnacle,1.8,3.85,4.54,1.94,1.94,2026-07-27 11:39:40
3633,esp.1,2025-09-28,Real Betis,Osasuna,Betway,1.77,3.7,4.5,,,2026-07-27 11:39:40
3634,esp.1,2025-09-28,Real Betis,Osasuna,Coral,1.75,3.7,4.5,,,2026-07-27 11:39:40
3635,esp.1,2025-09-28,Real Betis,Osasuna,Ladbrokes,1.75,3.7,4.5,,,2026-07-27 11:39:40
3636,esp.1,2025-09-30,Valencia,Oviedo,B365,1.7,3.5,5.5,2.1,1.73,2026-07-27 11:39:40
3637,esp.1,2025-09-30,Valencia,Oviedo,Pinnacle,1.75,3.79,5.0,2.21,1.72,2026-07-27 11:39:40
3638,esp.1,2025-09-30,Valencia,Oviedo,Betway,1.68,3.7,5.25,,,2026-07-27 11:39:40
3639,esp.1,2025-09-30,Valencia,Oviedo,Coral,1.7,3.7,5.25,,,2026-07-27 11:39:40
3640,esp.1,2025-09-30,Valencia,Oviedo,Ladbrokes,1.7,3.7,5.0,,,2026-07-27 11:39:40
3641,esp.1,2025-10-03,Osasuna,Getafe,B365,2.15,2.9,4.1,3.4,1.33,2026-07-27 11:39:40
3642,esp.1,2025-10-03,Osasuna,Getafe,Pinnacle,2.16,2.94,4.31,3.23,1.35,2026-07-27 11:39:40
3643,esp.1,2025-10-03,Osasuna,Getafe,Betway,2.15,2.85,4.1,,,2026-07-27 11:39:40
3644,esp.1,2025-10-03,Osasuna,Getafe,Coral,2.15,2.87,4.0,,,2026-07-27 11:39:40
3645,esp.1,2025-10-03,Osasuna,Getafe,Ladbrokes,2.15,2.8,4.0,,,2026-07-27 11:39:40
3646,esp.1,2025-10-04,Oviedo,Levante,B365,2.5,3.3,2.88,2.2,1.67,2026-07-27 11:39:40
3647,esp.1,2025-10-04,Oviedo,Levante,Pinnacle,2.56,3.34,2.92,2.28,1.68,2026-07-27 11:39:40
3648,esp.1,2025-10-04,Oviedo,Levante,Betway,2.45,3.3,2.87,,,2026-07-27 11:39:40
3649,esp.1,2025-10-04,Oviedo,Levante,Coral,2.45,3.3,2.87,,,2026-07-27 11:39:40
3650,esp.1,2025-10-04,Oviedo,Levante,Ladbrokes,2.45,3.25,2.87,,,2026-07-27 11:39:40
3651,esp.1,2025-10-04,Girona,Valencia,B365,2.45,3.5,2.8,1.98,1.88,2026-07-27 11:39:40
3652,esp.1,2025-10-04,Girona,Valencia,Pinnacle,2.52,3.41,2.91,1.99,1.89,2026-07-27 11:39:40
3653,esp.1,2025-10-04,Girona,Valencia,Betway,2.37,3.4,2.9,,,2026-07-27 11:39:40
3654,esp.1,2025-10-04,Girona,Valencia,Coral,2.37,3.4,2.9,,,2026-07-27 11:39:40
3655,esp.1,2025-10-04,Girona,Valencia,Ladbrokes,2.37,3.3,2.9,,,2026-07-27 11:39:40
3656,esp.1,2025-10-04,Athletic Club,Mallorca,B365,1.53,3.8,7.0,2.2,1.67,2026-07-27 11:39:40
3657,esp.1,2025-10-04,Athletic Club,Mallorca,Pinnacle,1.58,3.91,6.72,2.3,1.67,2026-07-27 11:39:40
3658,esp.1,2025-10-04,Athletic Club,Mallorca,Betway,1.55,3.9,6.5,,,2026-07-27 11:39:40
3659,esp.1,2025-10-04,Athletic Club,Mallorca,Coral,1.55,3.9,6.5,,,2026-07-27 11:39:40
3660,esp.1,2025-10-04,Athletic Club,Mallorca,Ladbrokes,1.55,3.9,6.5,,,2026-07-27 11:39:40
3661,esp.1,2025-10-04,Real Madrid,Villarreal,B365,1.45,5.0,6.0,1.4,3.0,2026-07-27 11:39:40
3662,esp.1,2025-10-04,Real Madrid,Villarreal,Pinnacle,1.47,5.38,5.82,1.42,2.92,2026-07-27 11:39:40
3663,esp.1,2025-10-04,Real Madrid,Villarreal,Betway,1.44,5.0,6.25,,,2026-07-27 11:39:40
3664,esp.1,2025-10-04,Real Madrid,Villarreal,Coral,1.44,5.0,6.0,,,2026-07-27 11:39:40
3665,esp.1,2025-10-04,Real Madrid,Villarreal,Ladbrokes,1.44,4.8,6.0,,,2026-07-27 11:39:40
3666,esp.1,2025-10-05,Alaves,Elche,B365,2.3,3.1,3.3,2.63,1.5,2026-07-27 11:39:40
3667,esp.1,2025-10-05,Alaves,Elche,Pinnacle,2.42,3.09,3.37,2.7,1.49,2026-07-27 11:39:40
3668,esp.1,2025-10-05,Alaves,Elche,Betway,2.37,3.0,3.25,,,2026-07-27 11:39:40
3669,esp.1,2025-10-05,Alaves,Elche,Coral,2.37,3.0,3.25,,,2026-07-27 11:39:40
3670,esp.1,2025-10-05,Alaves,Elche,Ladbrokes,2.37,3.0,3.2,,,2026-07-27 11:39:40
3671,esp.1,2025-10-05,Sevilla,Barcelona,B365,5.75,5.25,1.45,1.44,2.75,2026-07-27 11:39:40
3672,esp.1,2025-10-05,Sevilla,Barcelona,Pinnacle,5.89,5.68,1.44,1.42,2.92,2026-07-27 11:39:40
3673,esp.1,2025-10-05,Sevilla,Barcelona,Betway,5.75,5.0,1.47,,,2026-07-27 11:39:40
3674,esp.1,2025-10-05,Sevilla,Barcelona,Coral,5.75,5.0,1.48,,,2026-07-27 11:39:40
3675,esp.1,2025-10-05,Sevilla,Barcelona,Ladbrokes,5.75,5.0,1.48,,,2026-07-27 11:39:40
3676,esp.1,2025-10-05,Espanyol,Real Betis,B365,2.63,3.4,2.63,1.85,2.0,2026-07-27 11:39:40
3677,esp.1,2025-10-05,Espanyol,Real Betis,Pinnacle,2.7,3.49,2.66,1.93,1.96,2026-07-27 11:39:40
3678,esp.1,2025-10-05,Espanyol,Real Betis,Betway,2.55,3.5,2.6,,,2026-07-27 11:39:40
3679,esp.1,2025-10-05,Espanyol,Real Betis,Coral,2.6,3.5,2.6,,,2026-07-27 11:39:40
3680,esp.1,2025-10-05,Espanyol,Real Betis,Ladbrokes,2.6,3.5,2.6,,,2026-07-27 11:39:40
3681,esp.1,2025-10-05,Real Sociedad,Rayo Vallecano,B365,2.05,3.6,3.5,2.1,1.73,2026-07-27 11:39:40
3682,esp.1,2025-10-05,Real Sociedad,Rayo Vallecano,Pinnacle,2.07,3.5,3.76,2.16,1.76,2026-07-27 11:39:40
3683,esp.1,2025-10-05,Real Sociedad,Rayo Vallecano,Betway,2.05,3.4,3.5,,,2026-07-27 11:39:40
3684,esp.1,2025-10-05,Real Sociedad,Rayo Vallecano,Coral,2.05,3.4,3.5,,,2026-07-27 11:39:40
3685,esp.1,2025-10-05,Real Sociedad,Rayo Vallecano,Ladbrokes,2.05,3.4,3.5,,,2026-07-27 11:39:40
3686,esp.1,2025-10-05,Celta de Vigo,Atlético de Madrid,B365,4.5,3.8,1.75,1.83,2.03,2026-07-27 11:39:40
3687,esp.1,2025-10-05,Celta de Vigo,Atlético de Madrid,Pinnacle,4.39,4.06,1.78,1.85,2.04,2026-07-27 11:39:40
3688,esp.1,2025-10-05,Celta de Vigo,Atlético de Madrid,Betway,4.4,3.7,1.78,,,2026-07-27 11:39:40
3689,esp.1,2025-10-05,Celta de Vigo,Atlético de Madrid,Coral,4.4,3.7,1.8,,,2026-07-27 11:39:40
3690,esp.1,2025-10-05,Celta de Vigo,Atlético de Madrid,Ladbrokes,4.4,3.6,1.8,,,2026-07-27 11:39:40
3691,esp.1,2025-10-17,Oviedo,Espanyol,B365,3.0,3.1,2.5,2.63,1.5,2026-07-27 11:39:40
3692,esp.1,2025-10-17,Oviedo,Espanyol,Pinnacle,3.09,3.04,2.62,2.74,1.49,2026-07-27 11:39:40
3693,esp.1,2025-10-17,Oviedo,Espanyol,Betway,2.95,3.0,2.55,,,2026-07-27 11:39:40
3694,esp.1,2025-10-17,Oviedo,Espanyol,Coral,3.0,3.0,2.6,,,2026-07-27 11:39:40
3695,esp.1,2025-10-17,Oviedo,Espanyol,Ladbrokes,3.0,3.0,2.5,,,2026-07-27 11:39:40
3696,esp.1,2025-10-18,Sevilla,Mallorca,B365,1.85,3.3,4.75,2.2,1.67,2026-07-27 11:39:40
3697,esp.1,2025-10-18,Sevilla,Mallorca,Pinnacle,1.87,3.46,4.74,2.25,1.7,2026-07-27 11:39:40
3698,esp.1,2025-10-18,Sevilla,Mallorca,Betway,1.88,3.4,4.33,,,2026-07-27 11:39:40
3699,esp.1,2025-10-18,Sevilla,Mallorca,Coral,1.91,3.4,4.33,,,2026-07-27 11:39:40
3700,esp.1,2025-10-18,Sevilla,Mallorca,Ladbrokes,1.85,3.3,4.33,,,2026-07-27 11:39:40
3701,esp.1,2025-10-18,Barcelona,Girona,B365,1.2,7.0,12.0,1.29,3.75,2026-07-27 11:39:40
3702,esp.1,2025-10-18,Barcelona,Girona,Pinnacle,1.16,8.82,14.91,,,2026-07-27 11:39:40
3703,esp.1,2025-10-18,Barcelona,Girona,Betway,1.19,8.0,12.0,,,2026-07-27 11:39:40
3704,esp.1,2025-10-18,Barcelona,Girona,Coral,1.18,8.0,12.0,,,2026-07-27 11:39:40
3705,esp.1,2025-10-18,Barcelona,Girona,Ladbrokes,1.18,8.0,12.0,,,2026-07-27 11:39:40
3706,esp.1,2025-10-18,Villarreal,Real Betis,B365,1.91,3.6,4.0,1.67,2.2,2026-07-27 11:39:40
3707,esp.1,2025-10-18,Villarreal,Real Betis,Pinnacle,1.93,3.83,3.91,1.68,2.28,2026-07-27 11:39:40
3708,esp.1,2025-10-18,Villarreal,Real Betis,Betway,1.9,3.75,3.8,,,2026-07-27 11:39:40
3709,esp.1,2025-10-18,Villarreal,Real Betis,Coral,1.91,3.75,3.8,,,2026-07-27 11:39:40
3710,esp.1,2025-10-18,Villarreal,Real Betis,Ladbrokes,1.91,3.75,3.75,,,2026-07-27 11:39:40
3711,esp.1,2025-10-18,Atlético de Madrid,Osasuna,B365,1.38,4.75,8.5,1.88,1.98,2026-07-27 11:39:40
3712,esp.1,2025-10-18,Atlético de Madrid,Osasuna,Pinnacle,1.37,5.13,8.83,1.89,1.99,2026-07-27 11:39:40
3713,esp.1,2025-10-18,Atlético de Madrid,Osasuna,Betway,1.38,4.75,8.5,,,2026-07-27 11:39:40
3714,esp.1,2025-10-18,Atlético de Madrid,Osasuna,Coral,1.36,4.8,8.5,,,2026-07-27 11:39:40
3715,esp.1,2025-10-18,Atlético de Madrid,Osasuna,Ladbrokes,1.36,4.8,8.5,,,2026-07-27 11:39:40
3716,esp.1,2025-10-19,Elche,Athletic Club,B365,3.75,3.25,2.1,2.3,1.62,2026-07-27 11:39:40
3717,esp.1,2025-10-19,Elche,Athletic Club,Pinnacle,3.78,3.36,2.12,2.34,1.65,2026-07-27 11:39:40
3718,esp.1,2025-10-19,Elche,Athletic Club,Betway,3.6,3.25,2.15,,,2026-07-27 11:39:40
3719,esp.1,2025-10-19,Elche,Athletic Club,Coral,3.6,3.25,2.15,,,2026-07-27 11:39:40
3720,esp.1,2025-10-19,Elche,Athletic Club,Ladbrokes,3.5,3.2,2.15,,,2026-07-27 11:39:40
3721,esp.1,2025-10-19,Celta de Vigo,Real Sociedad,B365,2.1,3.4,3.5,1.98,1.88,2026-07-27 11:39:40
3722,esp.1,2025-10-19,Celta de Vigo,Real Sociedad,Pinnacle,2.11,3.42,3.74,1.96,1.93,2026-07-27 11:39:40
3723,esp.1,2025-10-19,Celta de Vigo,Real Sociedad,Betway,2.15,3.4,3.4,,,2026-07-27 11:39:40
3724,esp.1,2025-10-19,Celta de Vigo,Real Sociedad,Coral,2.15,3.4,3.4,,,2026-07-27 11:39:40
3725,esp.1,2025-10-19,Celta de Vigo,Real Sociedad,Ladbrokes,2.1,3.3,3.4,,,2026-07-27 11:39:40
3726,esp.1,2025-10-19,Levante,Rayo Vallecano,B365,2.88,3.25,2.5,1.98,1.88,2026-07-27 11:39:40
3727,esp.1,2025-10-19,Levante,Rayo Vallecano,Pinnacle,2.84,3.54,2.51,2.01,1.88,2026-07-27 11:39:40
3728,esp.1,2025-10-19,Levante,Rayo Vallecano,Betway,2.7,3.4,2.55,,,2026-07-27 11:39:40
3729,esp.1,2025-10-19,Levante,Rayo Vallecano,Coral,2.7,3.4,2.5,,,2026-07-27 11:39:40
3730,esp.1,2025-10-19,Levante,Rayo Vallecano,Ladbrokes,2.7,3.4,2.5,,,2026-07-27 11:39:40
3731,esp.1,2025-10-19,Getafe,Real Madrid,B365,8.0,4.33,1.42,1.95,1.9,2026-07-27 11:39:40
3732,esp.1,2025-10-19,Getafe,Real Madrid,Pinnacle,7.03,4.65,1.47,1.97,1.92,2026-07-27 11:39:40
3733,esp.1,2025-10-19,Getafe,Real Madrid,Betway,7.75,4.5,1.43,,,2026-07-27 11:39:40
3734,esp.1,2025-10-19,Getafe,Real Madrid,Coral,7.5,4.5,1.44,,,2026-07-27 11:39:40
3735,esp.1,2025-10-19,Getafe,Real Madrid,Ladbrokes,7.5,4.4,1.44,,,2026-07-27 11:39:40
3736,esp.1,2025-10-20,Alaves,Valencia,B365,2.25,3.0,3.6,2.5,1.53,2026-07-27 11:39:40
3737,esp.1,2025-10-20,Alaves,Valencia,Pinnacle,2.28,3.16,3.58,2.5,1.55,2026-07-27 11:39:40
3738,esp.1,2025-10-20,Alaves,Valencia,Betway,2.25,3.1,3.4,,,2026-07-27 11:39:40
3739,esp.1,2025-10-20,Alaves,Valencia,Coral,2.25,3.1,3.4,,,2026-07-27 11:39:40
3740,esp.1,2025-10-20,Alaves,Valencia,Ladbrokes,2.25,3.1,3.3,,,2026-07-27 11:39:40
3741,esp.1,2025-10-24,Real Sociedad,Sevilla,B365,1.95,3.5,3.8,1.98,1.88,2026-07-27 11:39:40
3742,esp.1,2025-10-24,Real Sociedad,Sevilla,Pinnacle,2.03,3.5,4.0,2.03,1.88,2026-07-27 11:39:40
3743,esp.1,2025-10-24,Real Sociedad,Sevilla,Betway,2.0,3.4,3.75,,,2026-07-27 11:39:40
3744,esp.1,2025-10-24,Real Sociedad,Sevilla,Coral,2.0,3.4,3.8,,,2026-07-27 11:39:40
3745,esp.1,2025-10-24,Real Sociedad,Sevilla,Ladbrokes,2.0,3.4,3.75,,,2026-07-27 11:39:40
3746,esp.1,2025-10-25,Girona,Oviedo,B365,1.8,3.5,4.75,2.0,1.8,2026-07-27 11:39:40
3747,esp.1,2025-10-25,Girona,Oviedo,Pinnacle,1.81,3.57,4.87,2.08,1.81,2026-07-27 11:39:40
3748,esp.1,2025-10-25,Girona,Oviedo,Betway,1.85,3.5,4.33,,,2026-07-27 11:39:40
3749,esp.1,2025-10-25,Girona,Oviedo,Coral,1.85,3.5,4.33,,,2026-07-27 11:39:40
3750,esp.1,2025-10-25,Girona,Oviedo,Ladbrokes,1.83,3.5,4.2,,,2026-07-27 11:39:40
3751,esp.1,2025-10-25,Espanyol,Elche,B365,1.95,3.25,4.1,2.1,1.73,2026-07-27 11:39:40
3752,esp.1,2025-10-25,Espanyol,Elche,Pinnacle,2.0,3.47,4.06,2.13,1.77,2026-07-27 11:39:40
3753,esp.1,2025-10-25,Espanyol,Elche,Betway,2.0,3.3,3.75,,,2026-07-27 11:39:40
3754,esp.1,2025-10-25,Espanyol,Elche,Coral,2.05,3.4,3.75,,,2026-07-27 11:39:40
3755,esp.1,2025-10-25,Espanyol,Elche,Ladbrokes,2.0,3.3,3.75,,,2026-07-27 11:39:40
3756,esp.1,2025-10-25,Athletic Club,Getafe,B365,1.67,3.5,6.0,2.75,1.44,2026-07-27 11:39:40
3757,esp.1,2025-10-25,Athletic Club,Getafe,Pinnacle,1.68,3.66,5.91,2.72,1.48,2026-07-27 11:39:40
3758,esp.1,2025-10-25,Athletic Club,Getafe,Betway,1.65,3.5,6.0,,,2026-07-27 11:39:40
3759,esp.1,2025-10-25,Athletic Club,Getafe,Coral,1.65,3.5,6.0,,,2026-07-27 11:39:40
3760,esp.1,2025-10-25,Athletic Club,Getafe,Ladbrokes,1.65,3.5,5.75,,,2026-07-27 11:39:40
3761,esp.1,2025-10-25,Valencia,Villarreal,B365,3.1,3.6,2.2,1.8,2.0,2026-07-27 11:39:40
3762,esp.1,2025-10-25,Valencia,Villarreal,Pinnacle,3.29,3.62,2.2,1.81,2.09,2026-07-27 11:39:40
3763,esp.1,2025-10-25,Valencia,Villarreal,Betway,3.1,3.5,2.2,,,2026-07-27 11:39:40
3764,esp.1,2025-10-25,Valencia,Villarreal,Coral,3.1,3.5,2.2,,,2026-07-27 11:39:40
3765,esp.1,2025-10-25,Valencia,Villarreal,Ladbrokes,3.1,3.5,2.2,,,2026-07-27 11:39:40
3766,esp.1,2025-10-26,Mallorca,Levante,B365,2.1,3.3,3.6,2.1,1.73,2026-07-27 11:39:40
3767,esp.1,2025-10-26,Mallorca,Levante,Pinnacle,2.09,3.41,3.81,2.16,1.75,2026-07-27 11:39:40
3768,esp.1,2025-10-26,Mallorca,Levante,Betway,2.15,3.3,3.5,,,2026-07-27 11:39:40
3769,esp.1,2025-10-26,Mallorca,Levante,Coral,2.15,3.3,3.5,,,2026-07-27 11:39:40
3770,esp.1,2025-10-26,Mallorca,Levante,Ladbrokes,2.15,3.25,3.5,,,2026-07-27 11:39:40
3771,esp.1,2025-10-26,Real Madrid,Barcelona,B365,1.95,4.1,3.3,1.3,3.5,2026-07-27 11:39:40
3772,esp.1,2025-10-26,Real Madrid,Barcelona,Pinnacle,1.97,4.41,3.33,1.36,3.21,2026-07-27 11:39:40
3773,esp.1,2025-10-26,Real Madrid,Barcelona,Betway,2.05,4.1,3.1,,,2026-07-27 11:39:40
3774,esp.1,2025-10-26,Real Madrid,Barcelona,Coral,2.05,4.0,3.1,,,2026-07-27 11:39:40
3775,esp.1,2025-10-26,Real Madrid,Barcelona,Ladbrokes,2.05,4.0,3.1,,,2026-07-27 11:39:40
3776,esp.1,2025-10-26,Osasuna,Celta de Vigo,B365,2.35,3.2,3.2,2.2,1.67,2026-07-27 11:39:40
3777,esp.1,2025-10-26,Osasuna,Celta de Vigo,Pinnacle,2.43,3.2,3.24,2.32,1.66,2026-07-27 11:39:40
3778,esp.1,2025-10-26,Osasuna,Celta de Vigo,Betway,2.35,3.25,3.1,,,2026-07-27 11:39:40
3779,esp.1,2025-10-26,Osasuna,Celta de Vigo,Coral,2.37,3.25,3.1,,,2026-07-27 11:39:40
3780,esp.1,2025-10-26,Osasuna,Celta de Vigo,Ladbrokes,2.37,3.2,3.0,,,2026-07-27 11:39:40
3781,esp.1,2025-10-26,Rayo Vallecano,Alaves,B365,2.1,3.1,3.9,2.63,1.5,2026-07-27 11:39:40
3782,esp.1,2025-10-26,Rayo Vallecano,Alaves,Pinnacle,2.15,3.09,4.08,2.63,1.51,2026-07-27 11:39:40
3783,esp.1,2025-10-26,Rayo Vallecano,Alaves,Betway,2.05,3.2,3.9,,,2026-07-27 11:39:40
3784,esp.1,2025-10-26,Rayo Vallecano,Alaves,Coral,2.05,3.2,3.9,,,2026-07-27 11:39:40
3785,esp.1,2025-10-26,Rayo Vallecano,Alaves,Ladbrokes,2.05,3.1,3.9,,,2026-07-27 11:39:40
3786,esp.1,2025-10-27,Real Betis,Atlético de Madrid,B365,3.1,3.6,2.2,1.8,2.0,2026-07-27 11:39:40
3787,esp.1,2025-10-27,Real Betis,Atlético de Madrid,Pinnacle,3.09,3.82,2.23,1.81,2.08,2026-07-27 11:39:40
3788,esp.1,2025-10-27,Real Betis,Atlético de Madrid,Betway,3.1,3.5,2.2,,,2026-07-27 11:39:40
3789,esp.1,2025-10-27,Real Betis,Atlético de Madrid,Coral,3.1,3.5,2.2,,,2026-07-27 11:39:40
3790,esp.1,2025-10-27,Real Betis,Atlético de Madrid,Ladbrokes,3.1,3.5,2.2,,,2026-07-27 11:39:40
3791,esp.1,2025-10-31,Getafe,Girona,B365,2.15,3.0,3.8,2.75,1.44,2026-07-27 11:39:40
3792,esp.1,2025-10-31,Getafe,Girona,Pinnacle,2.2,3.03,4.0,2.79,1.46,2026-07-27 11:39:40
3793,esp.1,2025-10-31,Getafe,Girona,Betway,2.15,3.0,3.9,,,2026-07-27 11:39:40
3794,esp.1,2025-10-31,Getafe,Girona,Coral,2.15,3.0,3.9,,,2026-07-27 11:39:40
3795,esp.1,2025-10-31,Getafe,Girona,Ladbrokes,2.15,3.0,3.8,,,2026-07-27 11:39:40
3796,esp.1,2025-11-01,Villarreal,Rayo Vallecano,B365,1.7,3.8,5.0,1.73,2.1,2026-07-27 11:39:40
3797,esp.1,2025-11-01,Villarreal,Rayo Vallecano,Pinnacle,1.71,3.93,5.06,1.75,2.15,2026-07-27 11:39:40
3798,esp.1,2025-11-01,Villarreal,Rayo Vallecano,Betway,1.68,3.9,4.8,,,2026-07-27 11:39:40
3799,esp.1,2025-11-01,Villarreal,Rayo Vallecano,Coral,1.7,3.9,4.8,,,2026-07-27 11:39:40
3800,esp.1,2025-11-01,Villarreal,Rayo Vallecano,Ladbrokes,1.67,3.9,4.8,,,2026-07-27 11:39:40
3801,esp.1,2025-11-01,Atlético de Madrid,Sevilla,B365,1.33,5.0,9.0,1.62,2.3,2026-07-27 11:39:40
3802,esp.1,2025-11-01,Atlético de Madrid,Sevilla,Pinnacle,1.34,5.82,8.48,1.62,2.39,2026-07-27 11:39:40
3803,esp.1,2025-11-01,Atlético de Madrid,Sevilla,Betway,1.35,5.25,8.25,,,2026-07-27 11:39:40
3804,esp.1,2025-11-01,Atlético de Madrid,Sevilla,Coral,1.35,5.25,8.5,,,2026-07-27 11:39:40
3805,esp.1,2025-11-01,Atlético de Madrid,Sevilla,Ladbrokes,1.35,5.0,8.0,,,2026-07-27 11:39:40
3806,esp.1,2025-11-01,Real Sociedad,Athletic Club,B365,2.7,3.0,2.8,2.5,1.53,2026-07-27 11:39:40
3807,esp.1,2025-11-01,Real Sociedad,Athletic Club,Pinnacle,2.8,3.02,2.9,2.57,1.54,2026-07-27 11:39:40
3808,esp.1,2025-11-01,Real Sociedad,Athletic Club,Betway,2.7,3.0,2.75,,,2026-07-27 11:39:40
3809,esp.1,2025-11-01,Real Sociedad,Athletic Club,Coral,2.7,3.1,2.8,,,2026-07-27 11:39:40
3810,esp.1,2025-11-01,Real Sociedad,Athletic Club,Ladbrokes,2.7,3.0,2.75,,,2026-07-27 11:39:40
3811,esp.1,2025-11-01,Real Madrid,Valencia,B365,1.17,8.0,15.0,1.36,3.2,2026-07-27 11:39:40
3812,esp.1,2025-11-01,Real Madrid,Valencia,Pinnacle,1.18,8.44,13.21,1.33,3.3,2026-07-27 11:39:40
3813,esp.1,2025-11-01,Real Madrid,Valencia,Betway,1.18,7.75,14.0,,,2026-07-27 11:39:40
3814,esp.1,2025-11-01,Real Madrid,Valencia,Coral,1.18,7.5,13.0,,,2026-07-27 11:39:40
3815,esp.1,2025-11-01,Real Madrid,Valencia,Ladbrokes,1.18,7.5,13.0,,,2026-07-27 11:39:40
3816,esp.1,2025-11-02,Levante,Celta de Vigo,B365,2.88,3.4,2.45,1.8,2.0,2026-07-27 11:39:40
3817,esp.1,2025-11-02,Levante,Celta de Vigo,Pinnacle,2.93,3.41,2.51,1.83,2.06,2026-07-27 11:39:40
3818,esp.1,2025-11-02,Levante,Celta de Vigo,Betway,2.8,3.4,2.45,,,2026-07-27 11:39:40
3819,esp.1,2025-11-02,Levante,Celta de Vigo,Coral,2.8,3.4,2.45,,,2026-07-27 11:39:40
3820,esp.1,2025-11-02,Levante,Celta de Vigo,Ladbrokes,2.75,3.4,2.45,,,2026-07-27 11:39:40
3821,esp.1,2025-11-02,Alaves,Espanyol,B365,2.38,3.0,3.3,2.63,1.5,2026-07-27 11:39:40
3822,esp.1,2025-11-02,Alaves,Espanyol,Pinnacle,2.44,3.06,3.38,2.63,1.52,2026-07-27 11:39:40
3823,esp.1,2025-11-02,Alaves,Espanyol,Betway,2.35,3.1,3.2,,,2026-07-27 11:39:40
3824,esp.1,2025-11-02,Alaves,Espanyol,Coral,2.37,3.1,3.2,,,2026-07-27 11:39:40
3825,esp.1,2025-11-02,Alaves,Espanyol,Ladbrokes,2.37,3.1,3.2,,,2026-07-27 11:39:40
3826,esp.1,2025-11-02,Barcelona,Elche,B365,1.22,6.25,12.0,1.36,3.2,2026-07-27 11:39:40
3827,esp.1,2025-11-02,Barcelona,Elche,Pinnacle,1.26,5.67,13.56,1.37,3.12,2026-07-27 11:39:40
3828,esp.1,2025-11-02,Barcelona,Elche,Betway,1.23,6.75,12.0,,,2026-07-27 11:39:40
3829,esp.1,2025-11-02,Barcelona,Elche,Coral,1.22,6.5,12.0,,,2026-07-27 11:39:40
3830,esp.1,2025-11-02,Barcelona,Elche,Ladbrokes,1.22,6.5,11.0,,,2026-07-27 11:39:40
3831,esp.1,2025-11-02,Real Betis,Mallorca,B365,1.57,4.2,5.25,1.88,1.98,2026-07-27 11:39:40
3832,esp.1,2025-11-02,Real Betis,Mallorca,Pinnacle,1.6,4.22,5.68,1.89,2.0,2026-07-27 11:39:40
3833,esp.1,2025-11-02,Real Betis,Mallorca,Betway,1.63,4.0,5.25,,,2026-07-27 11:39:40
3834,esp.1,2025-11-02,Real Betis,Mallorca,Coral,1.61,4.0,5.25,,,2026-07-27 11:39:40
3835,esp.1,2025-11-02,Real Betis,Mallorca,Ladbrokes,1.61,3.9,5.25,,,2026-07-27 11:39:40
3836,esp.1,2025-11-03,Oviedo,Osasuna,B365,3.0,3.1,2.5,2.38,1.57,2026-07-27 11:39:40
3837,esp.1,2025-11-03,Oviedo,Osasuna,Pinnacle,3.06,3.07,2.63,2.46,1.57,2026-07-27 11:39:40
3838,esp.1,2025-11-03,Oviedo,Osasuna,Betway,2.95,3.1,2.55,,,2026-07-27 11:39:40
3839,esp.1,2025-11-03,Oviedo,Osasuna,Coral,2.9,3.1,2.5,,,2026-07-27 11:39:40
3840,esp.1,2025-11-03,Oviedo,Osasuna,Ladbrokes,2.9,3.1,2.5,,,2026-07-27 11:39:40
3841,esp.1,2025-11-07,Elche,Real Sociedad,B365,2.7,3.2,2.7,2.2,1.67,2026-07-27 11:39:40
3842,esp.1,2025-11-07,Elche,Real Sociedad,Pinnacle,2.79,3.24,2.77,2.27,1.7,2026-07-27 11:39:40
3843,esp.1,2025-11-07,Elche,Real Sociedad,Betway,2.65,3.2,2.7,,,2026-07-27 11:39:40
3844,esp.1,2025-11-07,Elche,Real Sociedad,Coral,2.62,3.2,2.7,,,2026-07-27 11:39:40
3845,esp.1,2025-11-07,Elche,Real Sociedad,Ladbrokes,2.62,3.2,2.7,,,2026-07-27 11:39:40
3846,esp.1,2025-11-08,Girona,Alaves,B365,2.4,3.25,3.0,2.3,1.62,2026-07-27 11:39:40
3847,esp.1,2025-11-08,Girona,Alaves,Pinnacle,2.5,3.18,3.13,2.39,1.63,2026-07-27 11:39:40
3848,esp.1,2025-11-08,Girona,Alaves,Betway,2.4,3.2,3.0,,,2026-07-27 11:39:40
3849,esp.1,2025-11-08,Girona,Alaves,Coral,2.4,3.2,3.0,,,2026-07-27 11:39:40
3850,esp.1,2025-11-08,Girona,Alaves,Ladbrokes,2.4,3.2,3.0,,,2026-07-27 11:39:40
3851,esp.1,2025-11-08,Sevilla,Osasuna,B365,2.15,3.3,3.5,2.2,1.67,2026-07-27 11:39:40
3852,esp.1,2025-11-08,Sevilla,Osasuna,Pinnacle,2.21,3.28,3.62,2.31,1.67,2026-07-27 11:39:40
3853,esp.1,2025-11-08,Sevilla,Osasuna,Betway,2.15,3.25,3.5,,,2026-07-27 11:39:40
3854,esp.1,2025-11-08,Sevilla,Osasuna,Coral,2.15,3.25,3.5,,,2026-07-27 11:39:40
3855,esp.1,2025-11-08,Sevilla,Osasuna,Ladbrokes,2.15,3.2,3.5,,,2026-07-27 11:39:40
3856,esp.1,2025-11-08,Atlético de Madrid,Levante,B365,1.22,6.5,12.0,1.44,2.75,2026-07-27 11:39:40
3857,esp.1,2025-11-08,Atlético de Madrid,Levante,Pinnacle,1.22,7.03,12.07,1.45,2.8,2026-07-27 11:39:40
3858,esp.1,2025-11-08,Atlético de Madrid,Levante,Betway,1.23,6.5,12.0,,,2026-07-27 11:39:40
3859,esp.1,2025-11-08,Atlético de Madrid,Levante,Coral,1.22,6.5,12.0,,,2026-07-27 11:39:40
3860,esp.1,2025-11-08,Atlético de Madrid,Levante,Ladbrokes,1.22,6.5,12.0,,,2026-07-27 11:39:40
3861,esp.1,2025-11-08,Espanyol,Villarreal,B365,2.8,3.5,2.38,1.73,2.1,2026-07-27 11:39:40
3862,esp.1,2025-11-08,Espanyol,Villarreal,Pinnacle,2.9,3.65,2.41,1.75,2.16,2026-07-27 11:39:40
3863,esp.1,2025-11-08,Espanyol,Villarreal,Betway,2.8,3.6,2.37,,,2026-07-27 11:39:40
3864,esp.1,2025-11-08,Espanyol,Villarreal,Coral,2.8,3.6,2.37,,,2026-07-27 11:39:40
3865,esp.1,2025-11-08,Espanyol,Villarreal,Ladbrokes,2.75,3.6,2.37,,,2026-07-27 11:39:40
3866,esp.1,2025-11-09,Athletic Club,Oviedo,B365,1.5,3.8,8.0,2.2,1.67,2026-07-27 11:39:40
3867,esp.1,2025-11-09,Athletic Club,Oviedo,Pinnacle,1.52,3.89,8.01,2.26,1.68,2026-07-27 11:39:40
3868,esp.1,2025-11-09,Athletic Club,Oviedo,Betway,1.5,4.1,7.0,,,2026-07-27 11:39:40
3869,esp.1,2025-11-09,Athletic Club,Oviedo,Coral,1.5,4.0,7.0,,,2026-07-27 11:39:40
3870,esp.1,2025-11-09,Athletic Club,Oviedo,Ladbrokes,1.5,4.0,7.0,,,2026-07-27 11:39:40
3871,esp.1,2025-11-09,Rayo Vallecano,Real Madrid,B365,5.25,5.0,1.5,1.57,2.38,2026-07-27 11:39:40
3872,esp.1,2025-11-09,Rayo Vallecano,Real Madrid,Pinnacle,6.16,4.85,1.5,1.61,2.41,2026-07-27 11:39:40
3873,esp.1,2025-11-09,Rayo Vallecano,Real Madrid,Betway,5.75,4.6,1.51,,,2026-07-27 11:39:40
3874,esp.1,2025-11-09,Rayo Vallecano,Real Madrid,Coral,5.75,4.6,1.5,,,2026-07-27 11:39:40
3875,esp.1,2025-11-09,Rayo Vallecano,Real Madrid,Ladbrokes,5.75,4.6,1.5,,,2026-07-27 11:39:40
3876,esp.1,2025-11-09,Mallorca,Getafe,B365,2.5,2.9,3.2,3.2,1.36,2026-07-27 11:39:40
3877,esp.1,2025-11-09,Mallorca,Getafe,Pinnacle,2.53,2.9,3.42,3.02,1.4,2026-07-27 11:39:40
3878,esp.1,2025-11-09,Mallorca,Getafe,Betway,2.5,2.9,3.2,,,2026-07-27 11:39:40
3879,esp.1,2025-11-09,Mallorca,Getafe,Coral,2.5,2.9,3.2,,,2026-07-27 11:39:40
3880,esp.1,2025-11-09,Mallorca,Getafe,Ladbrokes,2.5,2.87,3.1,,,2026-07-27 11:39:40
3881,esp.1,2025-11-09,Valencia,Real Betis,B365,3.3,3.4,2.2,1.88,1.98,2026-07-27 11:39:40
3882,esp.1,2025-11-09,Valencia,Real Betis,Pinnacle,3.33,3.57,2.2,1.9,1.98,2026-07-27 11:39:40
3883,esp.1,2025-11-09,Valencia,Real Betis,Betway,3.1,3.4,2.25,,,2026-07-27 11:39:40
3884,esp.1,2025-11-09,Valencia,Real Betis,Coral,3.1,3.4,2.25,,,2026-07-27 11:39:40
3885,esp.1,2025-11-09,Valencia,Real Betis,Ladbrokes,3.1,3.4,2.25,,,2026-07-27 11:39:40
3886,esp.1,2025-11-09,Celta de Vigo,Barcelona,B365,4.5,4.2,1.65,1.44,2.75,2026-07-27 11:39:40
3887,esp.1,2025-11-09,Celta de Vigo,Barcelona,Pinnacle,4.65,4.34,1.69,1.45,2.86,2026-07-27 11:39:40
3888,esp.1,2025-11-09,Celta de Vigo,Barcelona,Betway,4.5,4.33,1.65,,,2026-07-27 11:39:40
3889,esp.1,2025-11-09,Celta de Vigo,Barcelona,Coral,4.5,4.33,1.65,,,2026-07-27 11:39:40
3890,esp.1,2025-11-09,Celta de Vigo,Barcelona,Ladbrokes,4.5,4.33,1.65,,,2026-07-27 11:39:40
3891,esp.1,2025-11-21,Valencia,Levante,B365,2.0,3.5,3.7,1.85,2.0,2026-07-27 11:39:40
3892,esp.1,2025-11-21,Valencia,Levante,Pinnacle,2.03,3.66,3.73,1.87,2.02,2026-07-27 11:39:40
3893,esp.1,2025-11-21,Valencia,Levante,Betway,2.05,3.5,3.6,,,2026-07-27 11:39:40
3894,esp.1,2025-11-21,Valencia,Levante,Coral,2.05,3.5,3.6,,,2026-07-27 11:39:40
3895,esp.1,2025-11-21,Valencia,Levante,Ladbrokes,2.05,3.4,3.5,,,2026-07-27 11:39:40
3896,esp.1,2025-11-22,Alaves,Celta de Vigo,B365,2.6,3.0,2.9,2.3,1.62,2026-07-27 11:39:40
3897,esp.1,2025-11-22,Alaves,Celta de Vigo,Pinnacle,2.58,3.12,3.08,2.4,1.62,2026-07-27 11:39:40
3898,esp.1,2025-11-22,Alaves,Celta de Vigo,Betway,2.55,3.1,2.9,,,2026-07-27 11:39:40
3899,esp.1,2025-11-22,Alaves,Celta de Vigo,Coral,2.6,3.1,2.9,,,2026-07-27 11:39:40
3900,esp.1,2025-11-22,Alaves,Celta de Vigo,Ladbrokes,2.5,3.1,2.87,,,2026-07-27 11:39:40
3901,esp.1,2025-11-22,Barcelona,Athletic Club,B365,1.36,5.5,7.0,1.53,2.5,2026-07-27 11:39:40
3902,esp.1,2025-11-22,Barcelona,Athletic Club,Pinnacle,1.42,5.31,6.94,1.53,2.61,2026-07-27 11:39:40
3903,esp.1,2025-11-22,Barcelona,Athletic Club,Betway,1.44,5.0,6.25,,,2026-07-27 11:39:40
3904,esp.1,2025-11-22,Barcelona,Athletic Club,Coral,1.44,5.0,6.0,,,2026-07-27 11:39:40
3905,esp.1,2025-11-22,Barcelona,Athletic Club,Ladbrokes,1.44,4.8,6.0,,,2026-07-27 11:39:40
3906,esp.1,2025-11-22,Osasuna,Real Sociedad,B365,2.8,3.1,2.7,2.3,1.62,2026-07-27 11:39:40
3907,esp.1,2025-11-22,Osasuna,Real Sociedad,Pinnacle,2.89,3.09,2.76,2.36,1.64,2026-07-27 11:39:40
3908,esp.1,2025-11-22,Osasuna,Real Sociedad,Betway,2.7,3.1,2.7,,,2026-07-27 11:39:40
3909,esp.1,2025-11-22,Osasuna,Real Sociedad,Coral,2.7,3.1,2.7,,,2026-07-27 11:39:40
3910,esp.1,2025-11-22,Osasuna,Real Sociedad,Ladbrokes,2.7,3.1,2.7,,,2026-07-27 11:39:40
3911,esp.1,2025-11-22,Villarreal,Mallorca,B365,1.44,4.75,7.0,1.67,2.2,2026-07-27 11:39:40
3912,esp.1,2025-11-22,Villarreal,Mallorca,Pinnacle,1.43,4.98,7.2,1.67,2.29,2026-07-27 11:39:40
3913,esp.1,2025-11-22,Villarreal,Mallorca,Betway,1.46,4.75,6.5,,,2026-07-27 11:39:40
3914,esp.1,2025-11-22,Villarreal,Mallorca,Coral,1.44,4.8,6.5,,,2026-07-27 11:39:40
3915,esp.1,2025-11-22,Villarreal,Mallorca,Ladbrokes,1.44,4.6,6.5,,,2026-07-27 11:39:40
3916,esp.1,2025-11-23,Oviedo,Rayo Vallecano,B365,3.5,3.2,2.2,2.3,1.62,2026-07-27 11:39:40
3917,esp.1,2025-11-23,Oviedo,Rayo Vallecano,Pinnacle,3.5,3.31,2.25,2.3,1.67,2026-07-27 11:39:40
3918,esp.1,2025-11-23,Oviedo,Rayo Vallecano,Betway,3.4,3.25,2.2,,,2026-07-27 11:39:40
3919,esp.1,2025-11-23,Oviedo,Rayo Vallecano,Coral,3.4,3.25,2.2,,,2026-07-27 11:39:40
3920,esp.1,2025-11-23,Oviedo,Rayo Vallecano,Ladbrokes,3.3,3.25,2.2,,,2026-07-27 11:39:40
3921,esp.1,2025-11-23,Real Betis,Girona,B365,1.53,4.33,5.75,1.62,2.3,2026-07-27 11:39:40
3922,esp.1,2025-11-23,Real Betis,Girona,Pinnacle,1.55,4.67,5.58,1.63,2.37,2026-07-27 11:39:40
3923,esp.1,2025-11-23,Real Betis,Girona,Betway,1.55,4.4,5.5,,,2026-07-27 11:39:40
3924,esp.1,2025-11-23,Real Betis,Girona,Coral,1.55,4.4,5.5,,,2026-07-27 11:39:40
3925,esp.1,2025-11-23,Real Betis,Girona,Ladbrokes,1.55,4.33,5.25,,,2026-07-27 11:39:40
3926,esp.1,2025-11-23,Getafe,Atlético de Madrid,B365,5.25,3.5,1.73,2.63,1.5,2026-07-27 11:39:40
3927,esp.1,2025-11-23,Getafe,Atlético de Madrid,Pinnacle,5.33,3.6,1.75,2.57,1.53,2026-07-27 11:39:40
3928,esp.1,2025-11-23,Getafe,Atlético de Madrid,Betway,5.0,3.4,1.77,,,2026-07-27 11:39:40
3929,esp.1,2025-11-23,Getafe,Atlético de Madrid,Coral,5.0,3.4,1.8,,,2026-07-27 11:39:40
3930,esp.1,2025-11-23,Getafe,Atlético de Madrid,Ladbrokes,5.0,3.4,1.75,,,2026-07-27 11:39:40
3931,esp.1,2025-11-23,Elche,Real Madrid,B365,7.0,5.25,1.38,1.5,2.63,2026-07-27 11:39:40
3932,esp.1,2025-11-23,Elche,Real Madrid,Pinnacle,7.23,5.4,1.4,1.5,2.67,2026-07-27 11:39:40
3933,esp.1,2025-11-23,Elche,Real Madrid,Betway,7.5,5.25,1.36,,,2026-07-27 11:39:40
3934,esp.1,2025-11-23,Elche,Real Madrid,Coral,7.5,5.25,1.36,,,2026-07-27 11:39:40
3935,esp.1,2025-11-23,Elche,Real Madrid,Ladbrokes,7.5,5.25,1.36,,,2026-07-27 11:39:40
3936,esp.1,2025-11-24,Espanyol,Sevilla,B365,2.05,3.3,3.8,2.1,1.73,2026-07-27 11:39:40
3937,esp.1,2025-11-24,Espanyol,Sevilla,Pinnacle,2.08,3.38,3.89,2.1,1.79,2026-07-27 11:39:40
3938,esp.1,2025-11-24,Espanyol,Sevilla,Betway,2.05,3.4,3.5,,,2026-07-27 11:39:40
3939,esp.1,2025-11-24,Espanyol,Sevilla,Coral,2.05,3.4,3.6,,,2026-07-27 11:39:40
3940,esp.1,2025-11-24,Espanyol,Sevilla,Ladbrokes,2.05,3.4,3.5,,,2026-07-27 11:39:40
3941,esp.1,2025-11-28,Getafe,Elche,B365,2.25,2.88,3.8,3.0,1.4,2026-07-27 11:39:40
3942,esp.1,2025-11-28,Getafe,Elche,Pinnacle,2.26,2.97,4.0,2.92,1.43,2026-07-27 11:39:40
3943,esp.1,2025-11-28,Getafe,Elche,Betway,2.15,3.0,3.8,,,2026-07-27 11:39:40
3944,esp.1,2025-11-28,Getafe,Elche,Coral,2.15,3.0,3.8,,,2026-07-27 11:39:40
3945,esp.1,2025-11-28,Getafe,Elche,Ladbrokes,2.15,3.0,3.75,,,2026-07-27 11:39:40
3946,esp.1,2025-11-29,Mallorca,Osasuna,B365,2.35,3.0,3.4,2.5,1.53,2026-07-27 11:39:40
3947,esp.1,2025-11-29,Mallorca,Osasuna,Pinnacle,2.38,3.09,3.45,2.53,1.56,2026-07-27 11:39:40
3948,esp.1,2025-11-29,Mallorca,Osasuna,Betway,2.37,3.0,3.2,,,2026-07-27 11:39:40
3949,esp.1,2025-11-29,Mallorca,Osasuna,Coral,2.37,3.0,3.25,,,2026-07-27 11:39:40
3950,esp.1,2025-11-29,Mallorca,Osasuna,Ladbrokes,2.37,3.0,3.2,,,2026-07-27 11:39:40
3951,esp.1,2025-11-29,Barcelona,Alaves,B365,1.2,7.0,13.0,1.36,3.2,2026-07-27 11:39:40
3952,esp.1,2025-11-29,Barcelona,Alaves,Pinnacle,1.19,7.57,13.71,1.37,3.12,2026-07-27 11:39:40
3953,esp.1,2025-11-29,Barcelona,Alaves,Betway,1.2,7.5,12.0,,,2026-07-27 11:39:40
3954,esp.1,2025-11-29,Barcelona,Alaves,Coral,1.2,7.5,12.0,,,2026-07-27 11:39:40
3955,esp.1,2025-11-29,Barcelona,Alaves,Ladbrokes,1.2,7.5,12.0,,,2026-07-27 11:39:40
3956,esp.1,2025-11-29,Levante,Athletic Club,B365,3.5,3.3,2.15,2.1,1.73,2026-07-27 11:39:40
3957,esp.1,2025-11-29,Levante,Athletic Club,Pinnacle,3.52,3.45,2.17,2.15,1.76,2026-07-27 11:39:40
3958,esp.1,2025-11-29,Levante,Athletic Club,Betway,3.4,3.4,2.15,,,2026-07-27 11:39:40
3959,esp.1,2025-11-29,Levante,Athletic Club,Coral,3.4,3.4,2.15,,,2026-07-27 11:39:40
3960,esp.1,2025-11-29,Levante,Athletic Club,Ladbrokes,3.4,3.3,2.1,,,2026-07-27 11:39:40
3961,esp.1,2025-11-29,Atlético de Madrid,Oviedo,B365,1.2,6.25,17.0,1.67,2.2,2026-07-27 11:39:40
3962,esp.1,2025-11-29,Atlético de Madrid,Oviedo,Pinnacle,1.23,6.19,15.28,1.69,2.22,2026-07-27 11:39:40
3963,esp.1,2025-11-29,Atlético de Madrid,Oviedo,Betway,1.22,6.25,14.0,,,2026-07-27 11:39:40
3964,esp.1,2025-11-29,Atlético de Madrid,Oviedo,Coral,1.22,6.5,13.0,,,2026-07-27 11:39:40
3965,esp.1,2025-11-29,Atlético de Madrid,Oviedo,Ladbrokes,1.22,6.0,13.0,,,2026-07-27 11:39:40
3966,esp.1,2025-11-30,Real Sociedad,Villarreal,B365,2.8,3.4,2.45,1.88,1.98,2026-07-27 11:39:40
3967,esp.1,2025-11-30,Real Sociedad,Villarreal,Pinnacle,2.92,3.38,2.53,1.91,1.98,2026-07-27 11:39:40
3968,esp.1,2025-11-30,Real Sociedad,Villarreal,Betway,2.8,3.4,2.45,,,2026-07-27 11:39:40
3969,esp.1,2025-11-30,Real Sociedad,Villarreal,Coral,2.8,3.4,2.45,,,2026-07-27 11:39:40
3970,esp.1,2025-11-30,Real Sociedad,Villarreal,Ladbrokes,2.75,3.4,2.45,,,2026-07-27 11:39:40
3971,esp.1,2025-11-30,Sevilla,Real Betis,B365,3.0,3.3,2.38,1.91,1.91,2026-07-27 11:39:40
3972,esp.1,2025-11-30,Sevilla,Real Betis,Pinnacle,2.97,3.38,2.49,2.02,1.87,2026-07-27 11:39:40
3973,esp.1,2025-11-30,Sevilla,Real Betis,Betway,2.9,3.4,2.37,,,2026-07-27 11:39:40
3974,esp.1,2025-11-30,Sevilla,Real Betis,Coral,2.75,3.2,2.25,,,2026-07-27 11:39:40
3975,esp.1,2025-11-30,Sevilla,Real Betis,Ladbrokes,2.9,3.4,2.37,,,2026-07-27 11:39:40
3976,esp.1,2025-11-30,Celta de Vigo,Espanyol,B365,2.05,3.5,3.5,1.8,2.0,2026-07-27 11:39:40
3977,esp.1,2025-11-30,Celta de Vigo,Espanyol,Pinnacle,2.05,3.42,3.95,1.91,1.98,2026-07-27 11:39:40
3978,esp.1,2025-11-30,Celta de Vigo,Espanyol,Betway,2.0,3.4,3.8,,,2026-07-27 11:39:40
3979,esp.1,2025-11-30,Celta de Vigo,Espanyol,Coral,2.0,3.4,3.8,,,2026-07-27 11:39:40
3980,esp.1,2025-11-30,Celta de Vigo,Espanyol,Ladbrokes,2.0,3.3,3.75,,,2026-07-27 11:39:40
3981,esp.1,2025-11-30,Girona,Real Madrid,B365,6.5,5.25,1.4,1.4,3.0,2026-07-27 11:39:40
3982,esp.1,2025-11-30,Girona,Real Madrid,Pinnacle,6.99,5.28,1.42,1.4,3.01,2026-07-27 11:39:40
3983,esp.1,2025-11-30,Girona,Real Madrid,Betway,6.5,5.25,1.41,,,2026-07-27 11:39:40
3984,esp.1,2025-11-30,Girona,Real Madrid,Coral,6.5,5.25,1.4,,,2026-07-27 11:39:40
3985,esp.1,2025-11-30,Girona,Real Madrid,Ladbrokes,6.5,5.25,1.4,,,2026-07-27 11:39:40
3986,esp.1,2025-12-01,Rayo Vallecano,Valencia,B365,1.95,3.4,4.1,2.1,1.73,2026-07-27 11:39:40
3987,esp.1,2025-12-01,Rayo Vallecano,Valencia,Pinnacle,1.98,3.41,4.25,2.17,1.74,2026-07-27 11:39:40
3988,esp.1,2025-12-01,Rayo Vallecano,Valencia,Betway,1.95,3.4,4.0,,,2026-07-27 11:39:40
3989,esp.1,2025-12-01,Rayo Vallecano,Valencia,Coral,1.95,3.4,4.0,,,2026-07-27 11:39:40
3990,esp.1,2025-12-01,Rayo Vallecano,Valencia,Ladbrokes,1.95,3.4,4.0,,,2026-07-27 11:39:40
3991,esp.1,2025-12-02,Barcelona,Atlético de Madrid,B365,1.73,4.2,4.1,1.4,3.0,2026-07-27 11:39:40
3992,esp.1,2025-12-02,Barcelona,Atlético de Madrid,Pinnacle,1.75,4.46,4.22,1.41,2.94,2026-07-27 11:39:40
3993,esp.1,2025-12-02,Barcelona,Atlético de Madrid,Betway,1.75,4.2,4.0,,,2026-07-27 11:39:40
3994,esp.1,2025-12-02,Barcelona,Atlético de Madrid,Coral,1.75,4.2,4.0,,,2026-07-27 11:39:40
3995,esp.1,2025-12-02,Barcelona,Atlético de Madrid,Ladbrokes,1.75,4.2,4.0,,,2026-07-27 11:39:40
3996,esp.1,2025-12-03,Athletic Club,Real Madrid,B365,4.1,3.9,1.8,1.73,2.1,2026-07-27 11:39:40
3997,esp.1,2025-12-03,Athletic Club,Real Madrid,Pinnacle,4.06,4.2,1.81,1.75,2.16,2026-07-27 11:39:40
3998,esp.1,2025-12-03,Athletic Club,Real Madrid,Betway,4.2,3.8,1.8,,,2026-07-27 11:39:40
3999,esp.1,2025-12-03,Athletic Club,Real Madrid,Coral,4.2,3.8,1.8,,,2026-07-27 11:39:40
4000,esp.1,2025-12-03,Athletic Club,Real Madrid,Ladbrokes,4.2,3.75,1.8,,,2026-07-27 11:39:40
4001,esp.1,2025-12-05,Oviedo,Mallorca,B365,2.55,3.0,3.0,2.5,1.53,2026-07-27 11:39:40
4002,esp.1,2025-12-05,Oviedo,Mallorca,Pinnacle,2.66,3.04,3.1,2.57,1.54,2026-07-27 11:39:40
4003,esp.1,2025-12-05,Oviedo,Mallorca,Betway,2.55,3.0,2.95,,,2026-07-27 11:39:40
4004,esp.1,2025-12-05,Oviedo,Mallorca,Coral,2.6,3.0,3.0,,,2026-07-27 11:39:40
4005,esp.1,2025-12-05,Oviedo,Mallorca,Ladbrokes,2.6,3.0,2.9,,,2026-07-27 11:39:40
4006,esp.1,2025-12-06,Villarreal,Getafe,B365,1.62,3.8,5.75,2.1,1.73,2026-07-27 11:39:40
4007,esp.1,2025-12-06,Villarreal,Getafe,Pinnacle,1.59,3.97,6.38,2.16,1.75,2026-07-27 11:39:40
4008,esp.1,2025-12-06,Villarreal,Getafe,Betway,1.62,3.75,5.75,,,2026-07-27 11:39:40
4009,esp.1,2025-12-06,Villarreal,Getafe,Coral,1.61,3.75,5.75,,,2026-07-27 11:39:40
4010,esp.1,2025-12-06,Villarreal,Getafe,Ladbrokes,1.61,3.7,5.75,,,2026-07-27 11:39:40
4011,esp.1,2025-12-06,Alaves,Real Sociedad,B365,2.8,2.9,2.8,2.63,1.5,2026-07-27 11:39:40
4012,esp.1,2025-12-06,Alaves,Real Sociedad,Pinnacle,2.8,3.05,2.88,2.62,1.53,2026-07-27 11:39:40
4013,esp.1,2025-12-06,Alaves,Real Sociedad,Betway,2.75,3.0,2.7,,,2026-07-27 11:39:40
4014,esp.1,2025-12-06,Alaves,Real Sociedad,Coral,2.75,3.0,2.7,,,2026-07-27 11:39:40
4015,esp.1,2025-12-06,Alaves,Real Sociedad,Ladbrokes,2.75,3.0,2.7,,,2026-07-27 11:39:40
4016,esp.1,2025-12-06,Real Betis,Barcelona,B365,4.0,4.5,1.73,1.36,3.2,2026-07-27 11:39:40
4017,esp.1,2025-12-06,Real Betis,Barcelona,Pinnacle,4.05,4.41,1.78,1.37,3.12,2026-07-27 11:39:40
4018,esp.1,2025-12-06,Real Betis,Barcelona,Betway,4.0,4.33,1.75,,,2026-07-27 11:39:40
4019,esp.1,2025-12-06,Real Betis,Barcelona,Coral,4.0,4.33,1.75,,,2026-07-27 11:39:40
4020,esp.1,2025-12-06,Real Betis,Barcelona,Ladbrokes,3.9,4.33,1.73,,,2026-07-27 11:39:40
4021,esp.1,2025-12-06,Athletic Club,Atlético de Madrid,B365,3.25,3.25,2.25,2.2,1.67,2026-07-27 11:39:40
4022,esp.1,2025-12-06,Athletic Club,Atlético de Madrid,Pinnacle,3.33,3.33,2.31,2.21,1.72,2026-07-27 11:39:40
4023,esp.1,2025-12-06,Athletic Club,Atlético de Madrid,Betway,3.4,3.3,2.2,,,2026-07-27 11:39:40
4024,esp.1,2025-12-06,Athletic Club,Atlético de Madrid,Coral,3.4,3.3,2.2,,,2026-07-27 11:39:40
4025,esp.1,2025-12-06,Athletic Club,Atlético de Madrid,Ladbrokes,3.3,3.25,2.2,,,2026-07-27 11:39:40
4026,esp.1,2025-12-07,Elche,Girona,B365,2.15,3.3,3.5,1.88,1.98,2026-07-27 11:39:40
4027,esp.1,2025-12-07,Elche,Girona,Pinnacle,2.16,3.57,3.45,1.89,1.99,2026-07-27 11:39:40
4028,esp.1,2025-12-07,Elche,Girona,Betway,2.15,3.5,3.25,,,2026-07-27 11:39:40
4029,esp.1,2025-12-07,Elche,Girona,Coral,2.15,3.5,3.25,,,2026-07-27 11:39:40
4030,esp.1,2025-12-07,Elche,Girona,Ladbrokes,2.15,3.5,3.25,,,2026-07-27 11:39:40
4031,esp.1,2025-12-07,Valencia,Sevilla,B365,2.15,3.4,3.4,2.1,1.73,2026-07-27 11:39:40
4032,esp.1,2025-12-07,Valencia,Sevilla,Pinnacle,2.16,3.5,3.51,2.14,1.76,2026-07-27 11:39:40
4033,esp.1,2025-12-07,Valencia,Sevilla,Betway,2.15,3.4,3.4,,,2026-07-27 11:39:40
4034,esp.1,2025-12-07,Valencia,Sevilla,Coral,2.15,3.4,3.4,,,2026-07-27 11:39:40
4035,esp.1,2025-12-07,Valencia,Sevilla,Ladbrokes,2.1,3.4,3.4,,,2026-07-27 11:39:40
4036,esp.1,2025-12-07,Espanyol,Rayo Vallecano,B365,2.25,3.4,3.2,2.2,1.67,2026-07-27 11:39:40
4037,esp.1,2025-12-07,Espanyol,Rayo Vallecano,Pinnacle,2.33,3.4,3.22,2.27,1.68,2026-07-27 11:39:40
4038,esp.1,2025-12-07,Espanyol,Rayo Vallecano,Betway,2.3,3.2,3.2,,,2026-07-27 11:39:40
4039,esp.1,2025-12-07,Espanyol,Rayo Vallecano,Coral,2.2,3.0,3.0,,,2026-07-27 11:39:40
4040,esp.1,2025-12-07,Espanyol,Rayo Vallecano,Ladbrokes,2.2,3.0,3.0,,,2026-07-27 11:39:40
4041,esp.1,2025-12-07,Real Madrid,Celta de Vigo,B365,1.3,5.5,9.5,1.36,3.2,2026-07-27 11:39:40
4042,esp.1,2025-12-07,Real Madrid,Celta de Vigo,Pinnacle,1.3,5.84,9.64,1.36,3.16,2026-07-27 11:39:40
4043,esp.1,2025-12-07,Real Madrid,Celta de Vigo,Betway,1.31,5.75,8.75,,,2026-07-27 11:39:40
4044,esp.1,2025-12-07,Real Madrid,Celta de Vigo,Coral,1.3,5.75,8.5,,,2026-07-27 11:39:40
4045,esp.1,2025-12-07,Real Madrid,Celta de Vigo,Ladbrokes,1.3,5.75,8.5,,,2026-07-27 11:39:40
4046,esp.1,2025-12-08,Osasuna,Levante,B365,1.73,3.8,4.5,1.91,1.91,2026-07-27 11:39:40
4047,esp.1,2025-12-08,Osasuna,Levante,Pinnacle,1.77,3.83,4.77,2.0,1.89,2026-07-27 11:39:40
4048,esp.1,2025-12-08,Osasuna,Levante,Betway,1.77,3.6,4.6,,,2026-07-27 11:39:40
4049,esp.1,2025-12-08,Osasuna,Levante,Coral,1.75,3.6,4.6,,,2026-07-27 11:39:40
4050,esp.1,2025-12-08,Osasuna,Levante,Ladbrokes,1.75,3.6,4.5,,,2026-07-27 11:39:40
4051,esp.1,2025-12-12,Real Sociedad,Girona,B365,1.75,3.9,4.5,1.98,1.88,2026-07-27 11:39:40
4052,esp.1,2025-12-12,Real Sociedad,Girona,Pinnacle,1.78,3.83,4.86,1.99,1.91,2026-07-27 11:39:40
4053,esp.1,2025-12-12,Real Sociedad,Girona,Betway,1.75,3.75,4.5,,,2026-07-27 11:39:40
4054,esp.1,2025-12-12,Real Sociedad,Girona,Coral,1.75,3.75,4.5,,,2026-07-27 11:39:40
4055,esp.1,2025-12-12,Real Sociedad,Girona,Ladbrokes,1.75,3.7,4.5,,,2026-07-27 11:39:40
4056,esp.1,2025-12-13,Atlético de Madrid,Valencia,B365,1.3,5.0,11.0,1.73,2.1,2026-07-27 11:39:40
4057,esp.1,2025-12-13,Atlético de Madrid,Valencia,Pinnacle,1.33,5.0,11.34,1.78,2.11,2026-07-27 11:39:40
4058,esp.1,2025-12-13,Atlético de Madrid,Valencia,Betway,1.31,5.5,9.75,,,2026-07-27 11:39:40
4059,esp.1,2025-12-13,Atlético de Madrid,Valencia,Coral,1.3,5.5,9.5,,,2026-07-27 11:39:40
4060,esp.1,2025-12-13,Atlético de Madrid,Valencia,Ladbrokes,1.3,5.25,9.5,,,2026-07-27 11:39:40
4061,esp.1,2025-12-13,Mallorca,Elche,B365,2.45,3.1,3.1,2.38,1.57,2026-07-27 11:39:40
4062,esp.1,2025-12-13,Mallorca,Elche,Pinnacle,2.51,3.09,3.22,2.45,1.6,2026-07-27 11:39:40
4063,esp.1,2025-12-13,Mallorca,Elche,Betway,2.45,3.1,3.0,,,2026-07-27 11:39:40
4064,esp.1,2025-12-13,Mallorca,Elche,Coral,2.45,3.1,3.0,,,2026-07-27 11:39:40
4065,esp.1,2025-12-13,Mallorca,Elche,Ladbrokes,2.45,3.1,3.0,,,2026-07-27 11:39:40
4066,esp.1,2025-12-13,Barcelona,Osasuna,B365,1.2,7.0,12.0,1.25,4.0,2026-07-27 11:39:40
4067,esp.1,2025-12-13,Barcelona,Osasuna,Pinnacle,1.22,6.97,12.01,1.3,3.43,2026-07-27 11:39:40
4068,esp.1,2025-12-13,Barcelona,Osasuna,Betway,1.2,7.75,11.5,,,2026-07-27 11:39:40
4069,esp.1,2025-12-13,Barcelona,Osasuna,Coral,1.2,8.0,11.0,,,2026-07-27 11:39:40
4070,esp.1,2025-12-13,Barcelona,Osasuna,Ladbrokes,1.2,7.5,11.0,,,2026-07-27 11:39:40
4071,esp.1,2025-12-13,Getafe,Espanyol,B365,2.5,2.8,3.25,3.2,1.36,2026-07-27 11:39:40
4072,esp.1,2025-12-13,Getafe,Espanyol,Pinnacle,2.61,2.89,3.29,3.16,1.37,2026-07-27 11:39:40
4073,esp.1,2025-12-13,Getafe,Espanyol,Betway,2.5,2.9,3.1,,,2026-07-27 11:39:40
4074,esp.1,2025-12-13,Getafe,Espanyol,Coral,2.5,2.9,3.1,,,2026-07-27 11:39:40
4075,esp.1,2025-12-13,Getafe,Espanyol,Ladbrokes,2.5,2.87,3.1,,,2026-07-27 11:39:40
4076,esp.1,2025-12-14,Sevilla,Oviedo,B365,1.91,3.4,4.2,2.2,1.67,2026-07-27 11:39:40
4077,esp.1,2025-12-14,Sevilla,Oviedo,Pinnacle,1.93,3.29,4.65,2.28,1.68,2026-07-27 11:39:40
4078,esp.1,2025-12-14,Sevilla,Oviedo,Betway,1.93,3.4,4.1,,,2026-07-27 11:39:40
4079,esp.1,2025-12-14,Sevilla,Oviedo,Coral,1.91,3.4,4.2,,,2026-07-27 11:39:40
4080,esp.1,2025-12-14,Sevilla,Oviedo,Ladbrokes,1.91,3.4,4.0,,,2026-07-27 11:39:40
4081,esp.1,2025-12-14,Celta de Vigo,Athletic Club,B365,2.63,3.25,2.75,2.1,1.73,2026-07-27 11:39:40
4082,esp.1,2025-12-14,Celta de Vigo,Athletic Club,Pinnacle,2.74,3.25,2.78,2.19,1.73,2026-07-27 11:39:40
4083,esp.1,2025-12-14,Celta de Vigo,Athletic Club,Betway,2.6,3.2,2.75,,,2026-07-27 11:39:40
4084,esp.1,2025-12-14,Celta de Vigo,Athletic Club,Coral,2.6,3.25,2.75,,,2026-07-27 11:39:40
4085,esp.1,2025-12-14,Celta de Vigo,Athletic Club,Ladbrokes,2.6,3.2,2.75,,,2026-07-27 11:39:40
4086,esp.1,2025-12-14,Alaves,Real Madrid,B365,5.5,4.0,1.6,1.73,2.1,2026-07-27 11:39:40
4087,esp.1,2025-12-14,Alaves,Real Madrid,Pinnacle,6.0,3.88,1.63,1.79,2.1,2026-07-27 11:39:40
4088,esp.1,2025-12-14,Alaves,Real Madrid,Betway,5.25,4.0,1.62,,,2026-07-27 11:39:40
4089,esp.1,2025-12-14,Alaves,Real Madrid,Coral,5.25,4.0,1.61,,,2026-07-27 11:39:40
4090,esp.1,2025-12-14,Alaves,Real Madrid,Ladbrokes,5.25,4.0,1.61,,,2026-07-27 11:39:40
4091,esp.1,2025-12-15,Rayo Vallecano,Real Betis,B365,2.55,3.4,2.75,1.95,1.9,2026-07-27 11:39:40
4092,esp.1,2025-12-15,Rayo Vallecano,Real Betis,Pinnacle,2.65,3.48,2.71,1.98,1.91,2026-07-27 11:39:40
4093,esp.1,2025-12-15,Rayo Vallecano,Real Betis,Betway,2.55,3.4,2.7,,,2026-07-27 11:39:40
4094,esp.1,2025-12-15,Rayo Vallecano,Real Betis,Coral,2.5,3.4,2.7,,,2026-07-27 11:39:40
4095,esp.1,2025-12-15,Rayo Vallecano,Real Betis,Ladbrokes,2.5,3.3,2.7,,,2026-07-27 11:39:40
4096,esp.1,2025-12-19,Valencia,Mallorca,B365,1.9,3.0,4.0,2.38,1.57,2026-07-27 11:39:40
4097,esp.1,2025-12-19,Valencia,Mallorca,Pinnacle,2.04,3.3,4.26,2.5,1.56,2026-07-27 11:39:40
4098,esp.1,2025-12-19,Valencia,Mallorca,Betway,1.98,3.2,4.1,,,2026-07-27 11:39:40
4099,esp.1,2025-12-19,Valencia,Mallorca,Coral,2.0,3.25,4.0,,,2026-07-27 11:39:40
4100,esp.1,2025-12-19,Valencia,Mallorca,Ladbrokes,2.0,3.2,4.0,,,2026-07-27 11:39:40
4101,esp.1,2025-12-20,Oviedo,Celta de Vigo,B365,3.6,3.4,2.05,2.2,1.67,2026-07-27 11:39:40
4102,esp.1,2025-12-20,Oviedo,Celta de Vigo,Pinnacle,3.81,3.39,2.1,2.34,1.65,2026-07-27 11:39:40
4103,esp.1,2025-12-20,Oviedo,Celta de Vigo,Betway,3.6,3.3,2.1,,,2026-07-27 11:39:40
4104,esp.1,2025-12-20,Oviedo,Celta de Vigo,Coral,3.6,3.3,2.1,,,2026-07-27 11:39:40
4105,esp.1,2025-12-20,Oviedo,Celta de Vigo,Ladbrokes,3.6,3.3,2.1,,,2026-07-27 11:39:40
4106,esp.1,2025-12-20,Levante,Real Sociedad,B365,3.4,3.4,2.15,1.93,1.93,2026-07-27 11:39:40
4107,esp.1,2025-12-20,Levante,Real Sociedad,Pinnacle,3.47,3.53,2.16,1.94,1.94,2026-07-27 11:39:40
4108,esp.1,2025-12-20,Levante,Real Sociedad,Betway,3.2,3.4,2.2,,,2026-07-27 11:39:40
4109,esp.1,2025-12-20,Levante,Real Sociedad,Coral,3.2,3.4,2.2,,,2026-07-27 11:39:40
4110,esp.1,2025-12-20,Levante,Real Sociedad,Ladbrokes,3.2,3.4,2.2,,,2026-07-27 11:39:40
4111,esp.1,2025-12-20,Osasuna,Alaves,B365,2.2,3.0,3.7,2.63,1.5,2026-07-27 11:39:40
4112,esp.1,2025-12-20,Osasuna,Alaves,Pinnacle,2.23,3.12,3.78,2.65,1.5,2026-07-27 11:39:40
4113,esp.1,2025-12-20,Osasuna,Alaves,Betway,2.2,3.0,3.6,,,2026-07-27 11:39:40
4114,esp.1,2025-12-20,Osasuna,Alaves,Coral,2.25,3.0,3.6,,,2026-07-27 11:39:40
4115,esp.1,2025-12-20,Osasuna,Alaves,Ladbrokes,2.2,3.0,3.6,,,2026-07-27 11:39:40
4116,esp.1,2025-12-20,Real Madrid,Sevilla,B365,1.2,7.0,12.0,1.36,3.2,2026-07-27 11:39:40
4117,esp.1,2025-12-20,Real Madrid,Sevilla,Pinnacle,1.21,7.03,13.82,1.36,3.17,2026-07-27 11:39:40
4118,esp.1,2025-12-20,Real Madrid,Sevilla,Betway,1.24,6.5,11.0,,,2026-07-27 11:39:40
4119,esp.1,2025-12-20,Real Madrid,Sevilla,Coral,1.25,6.5,11.0,,,2026-07-27 11:39:40
4120,esp.1,2025-12-20,Real Madrid,Sevilla,Ladbrokes,1.25,6.5,11.0,,,2026-07-27 11:39:40
4121,esp.1,2025-12-21,Girona,Atlético de Madrid,B365,5.0,4.0,1.67,1.73,2.1,2026-07-27 11:39:40
4122,esp.1,2025-12-21,Girona,Atlético de Madrid,Pinnacle,4.93,4.18,1.68,1.78,2.11,2026-07-27 11:39:40
4123,esp.1,2025-12-21,Girona,Atlético de Madrid,Betway,4.5,4.1,1.7,,,2026-07-27 11:39:40
4124,esp.1,2025-12-21,Girona,Atlético de Madrid,Coral,4.5,4.0,1.7,,,2026-07-27 11:39:40
4125,esp.1,2025-12-21,Girona,Atlético de Madrid,Ladbrokes,4.4,4.0,1.7,,,2026-07-27 11:39:40
4126,esp.1,2025-12-21,Villarreal,Barcelona,B365,3.4,4.75,1.83,1.29,3.75,2026-07-27 11:39:40
4127,esp.1,2025-12-21,Villarreal,Barcelona,Pinnacle,3.54,4.86,1.83,1.32,3.35,2026-07-27 11:39:40
4128,esp.1,2025-12-21,Villarreal,Barcelona,Betway,3.3,4.6,1.85,,,2026-07-27 11:39:40
4129,esp.1,2025-12-21,Villarreal,Barcelona,Coral,3.3,4.6,1.85,,,2026-07-27 11:39:40
4130,esp.1,2025-12-21,Villarreal,Barcelona,Ladbrokes,3.3,4.6,1.83,,,2026-07-27 11:39:40
4131,esp.1,2025-12-21,Elche,Rayo Vallecano,B365,2.4,3.1,3.2,2.38,1.57,2026-07-27 11:39:40
4132,esp.1,2025-12-21,Elche,Rayo Vallecano,Pinnacle,2.48,3.08,3.27,2.45,1.57,2026-07-27 11:39:40
4133,esp.1,2025-12-21,Elche,Rayo Vallecano,Betway,2.45,3.1,3.0,,,2026-07-27 11:39:40
4134,esp.1,2025-12-21,Elche,Rayo Vallecano,Coral,2.45,3.1,3.0,,,2026-07-27 11:39:40
4135,esp.1,2025-12-21,Elche,Rayo Vallecano,Ladbrokes,2.45,3.1,3.0,,,2026-07-27 11:39:40
4136,esp.1,2025-12-21,Real Betis,Getafe,B365,1.7,3.5,5.5,2.38,1.57,2026-07-27 11:39:40
4137,esp.1,2025-12-21,Real Betis,Getafe,Pinnacle,1.71,3.63,5.69,2.49,1.58,2026-07-27 11:39:40
4138,esp.1,2025-12-21,Real Betis,Getafe,Betway,1.72,3.5,5.25,,,2026-07-27 11:39:40
4139,esp.1,2025-12-21,Real Betis,Getafe,Coral,1.73,3.5,5.25,,,2026-07-27 11:39:40
4140,esp.1,2025-12-21,Real Betis,Getafe,Ladbrokes,1.73,3.5,5.25,,,2026-07-27 11:39:40
4141,esp.1,2025-12-22,Athletic Club,Espanyol,B365,1.75,3.6,5.0,2.3,1.62,2026-07-27 11:39:40
4142,esp.1,2025-12-22,Athletic Club,Espanyol,Pinnacle,1.8,3.51,5.1,2.36,1.64,2026-07-27 11:39:40
4143,esp.1,2025-12-22,Athletic Club,Espanyol,Betway,1.75,3.6,4.8,,,2026-07-27 11:39:40
4144,esp.1,2025-12-22,Athletic Club,Espanyol,Coral,1.75,3.6,4.8,,,2026-07-27 11:39:40
4145,esp.1,2025-12-22,Athletic Club,Espanyol,Ladbrokes,1.75,3.5,4.8,,,2026-07-27 11:39:40
4146,esp.1,2026-01-02,Rayo Vallecano,Getafe,B365,2.05,2.9,4.5,3.4,1.33,2026-07-27 11:39:40
4147,esp.1,2026-01-02,Rayo Vallecano,Getafe,Pinnacle,2.11,2.96,4.63,3.33,1.34,2026-07-27 11:39:40
4148,esp.1,2026-01-02,Rayo Vallecano,Getafe,Betway,2.05,2.87,4.4,,,2026-07-27 11:39:40
4149,esp.1,2026-01-02,Rayo Vallecano,Getafe,Coral,2.05,2.87,4.4,,,2026-07-27 11:39:40
4150,esp.1,2026-01-02,Rayo Vallecano,Getafe,Ladbrokes,2.05,2.87,4.4,,,2026-07-27 11:39:40
4151,esp.1,2026-01-03,Celta de Vigo,Valencia,B365,2.0,3.3,4.0,2.1,1.73,2026-07-27 11:39:40
4152,esp.1,2026-01-03,Celta de Vigo,Valencia,Pinnacle,2.01,3.35,4.19,2.21,1.72,2026-07-27 11:39:40
4153,esp.1,2026-01-03,Celta de Vigo,Valencia,Betway,2.0,3.3,3.9,,,2026-07-27 11:39:40
4154,esp.1,2026-01-03,Celta de Vigo,Valencia,Coral,2.0,3.3,3.9,,,2026-07-27 11:39:40
4155,esp.1,2026-01-03,Celta de Vigo,Valencia,Ladbrokes,2.0,3.3,3.8,,,2026-07-27 11:39:40
4156,esp.1,2026-01-03,Osasuna,Athletic Club,B365,3.0,2.9,2.63,2.38,1.57,2026-07-27 11:39:40
4157,esp.1,2026-01-03,Osasuna,Athletic Club,Pinnacle,3.17,2.92,2.67,2.45,1.59,2026-07-27 11:39:40
4158,esp.1,2026-01-03,Osasuna,Athletic Club,Betway,3.0,3.0,2.5,,,2026-07-27 11:39:40
4159,esp.1,2026-01-03,Osasuna,Athletic Club,Coral,3.0,3.0,2.5,,,2026-07-27 11:39:40
4160,esp.1,2026-01-03,Osasuna,Athletic Club,Ladbrokes,3.0,3.0,2.5,,,2026-07-27 11:39:40
4161,esp.1,2026-01-03,Elche,Villarreal,B365,3.2,3.5,2.2,1.8,2.0,2026-07-27 11:39:40
4162,esp.1,2026-01-03,Elche,Villarreal,Pinnacle,3.24,3.58,2.24,1.79,2.1,2026-07-27 11:39:40
4163,esp.1,2026-01-03,Elche,Villarreal,Betway,3.2,3.5,2.15,,,2026-07-27 11:39:40
4164,esp.1,2026-01-03,Elche,Villarreal,Coral,3.2,3.5,2.2,,,2026-07-27 11:39:40
4165,esp.1,2026-01-03,Elche,Villarreal,Ladbrokes,3.2,3.5,2.15,,,2026-07-27 11:39:40
4166,esp.1,2026-01-03,Espanyol,Barcelona,B365,5.25,4.75,1.5,1.4,3.0,2026-07-27 11:39:40
4167,esp.1,2026-01-03,Espanyol,Barcelona,Pinnacle,5.55,4.83,1.54,1.41,2.94,2026-07-27 11:39:40
4168,esp.1,2026-01-03,Espanyol,Barcelona,Coral,5.25,4.8,1.53,,,2026-07-27 11:39:40
4169,esp.1,2026-01-03,Espanyol,Barcelona,Ladbrokes,5.0,4.8,1.53,,,2026-07-27 11:39:40
4170,esp.1,2026-01-04,Sevilla,Levante,B365,1.75,3.6,4.75,1.91,1.91,2026-07-27 11:39:40
4171,esp.1,2026-01-04,Sevilla,Levante,Pinnacle,1.78,3.83,4.73,1.92,1.97,2026-07-27 11:39:40
4172,esp.1,2026-01-04,Sevilla,Levante,Betway,1.83,3.5,4.5,,,2026-07-27 11:39:40
4173,esp.1,2026-01-04,Sevilla,Levante,Coral,1.83,3.5,4.5,,,2026-07-27 11:39:40
4174,esp.1,2026-01-04,Sevilla,Levante,Ladbrokes,1.83,3.4,4.4,,,2026-07-27 11:39:40
4175,esp.1,2026-01-04,Real Madrid,Real Betis,B365,1.45,4.75,6.25,1.44,2.75,2026-07-27 11:39:40
4176,esp.1,2026-01-04,Real Madrid,Real Betis,Pinnacle,1.45,4.92,6.8,1.45,2.79,2026-07-27 11:39:40
4177,esp.1,2026-01-04,Real Madrid,Real Betis,Betway,1.49,4.75,6.0,,,2026-07-27 11:39:40
4178,esp.1,2026-01-04,Real Madrid,Real Betis,Coral,1.48,4.8,5.75,,,2026-07-27 11:39:40
4179,esp.1,2026-01-04,Real Madrid,Real Betis,Ladbrokes,1.48,4.6,5.75,,,2026-07-27 11:39:40
4180,esp.1,2026-01-04,Alaves,Oviedo,B365,1.9,3.0,5.25,3.0,1.4,2026-07-27 11:39:40
4181,esp.1,2026-01-04,Alaves,Oviedo,Pinnacle,1.92,3.12,5.17,2.83,1.44,2026-07-27 11:39:40
4182,esp.1,2026-01-04,Alaves,Oviedo,Betway,1.87,3.1,5.0,,,2026-07-27 11:39:40
4183,esp.1,2026-01-04,Alaves,Oviedo,Coral,1.85,3.1,5.0,,,2026-07-27 11:39:40
4184,esp.1,2026-01-04,Alaves,Oviedo,Ladbrokes,1.85,3.1,4.8,,,2026-07-27 11:39:40
4185,esp.1,2026-01-04,Mallorca,Girona,B365,2.25,3.2,3.4,2.2,1.67,2026-07-27 11:39:40
4186,esp.1,2026-01-04,Mallorca,Girona,Pinnacle,2.26,3.29,3.49,2.27,1.68,2026-07-27 11:39:40
4187,esp.1,2026-01-04,Mallorca,Girona,Betway,2.35,3.0,3.3,,,2026-07-27 11:39:40
4188,esp.1,2026-01-04,Mallorca,Girona,Coral,2.3,3.1,3.3,,,2026-07-27 11:39:40
4189,esp.1,2026-01-04,Mallorca,Girona,Ladbrokes,2.3,3.0,3.3,,,2026-07-27 11:39:40
4190,esp.1,2026-01-04,Real Sociedad,Atlético de Madrid,B365,3.9,3.6,1.91,2.0,1.8,2026-07-27 11:39:40
4191,esp.1,2026-01-04,Real Sociedad,Atlético de Madrid,Pinnacle,3.86,3.72,1.97,2.08,1.81,2026-07-27 11:39:40
4192,esp.1,2026-01-04,Real Sociedad,Atlético de Madrid,Betway,3.9,3.5,1.93,,,2026-07-27 11:39:40
4193,esp.1,2026-01-04,Real Sociedad,Atlético de Madrid,Coral,3.9,3.5,1.91,,,2026-07-27 11:39:40
4194,esp.1,2026-01-04,Real Sociedad,Atlético de Madrid,Ladbrokes,3.9,3.5,1.91,,,2026-07-27 11:39:40
4195,esp.1,2026-01-09,Getafe,Real Sociedad,B365,3.3,2.9,2.45,3.2,1.36,2026-07-27 11:39:40
4196,esp.1,2026-01-09,Getafe,Real Sociedad,Pinnacle,3.54,2.88,2.52,3.16,1.38,2026-07-27 11:39:40
4197,esp.1,2026-01-09,Getafe,Real Sociedad,Betway,3.4,2.8,2.45,,,2026-07-27 11:39:40
4198,esp.1,2026-01-09,Getafe,Real Sociedad,Coral,3.4,2.8,2.45,,,2026-07-27 11:39:40
4199,esp.1,2026-01-09,Getafe,Real Sociedad,Ladbrokes,3.4,2.8,2.45,,,2026-07-27 11:39:40
4200,esp.1,2026-01-10,Oviedo,Real Betis,B365,4.2,3.5,1.91,2.1,1.73,2026-07-27 11:39:40
4201,esp.1,2026-01-10,Oviedo,Real Betis,Pinnacle,4.34,3.41,1.95,2.12,1.78,2026-07-27 11:39:40
4202,esp.1,2026-01-10,Oviedo,Real Betis,Betway,4.0,3.4,1.93,,,2026-07-27 11:39:40
4203,esp.1,2026-01-10,Oviedo,Real Betis,Coral,4.0,3.4,1.91,,,2026-07-27 11:39:40
4204,esp.1,2026-01-10,Oviedo,Real Betis,Ladbrokes,4.0,3.4,1.91,,,2026-07-27 11:39:40
4205,esp.1,2026-01-10,Villarreal,Alaves,B365,1.45,4.33,7.0,1.88,1.98,2026-07-27 11:39:40
4206,esp.1,2026-01-10,Villarreal,Alaves,Pinnacle,1.48,4.54,7.03,1.88,2.01,2026-07-27 11:39:40
4207,esp.1,2026-01-10,Villarreal,Alaves,Betway,1.49,4.33,6.75,,,2026-07-27 11:39:40
4208,esp.1,2026-01-10,Villarreal,Alaves,Coral,1.48,4.33,6.5,,,2026-07-27 11:39:40
4209,esp.1,2026-01-10,Villarreal,Alaves,Ladbrokes,1.48,4.2,6.5,,,2026-07-27 11:39:40
4210,esp.1,2026-01-10,Girona,Osasuna,B365,2.35,3.25,3.1,2.1,1.73,2026-07-27 11:39:40
4211,esp.1,2026-01-10,Girona,Osasuna,Pinnacle,2.42,3.2,3.25,2.18,1.74,2026-07-27 11:39:40
4212,esp.1,2026-01-10,Girona,Osasuna,Betway,2.37,3.2,3.1,,,2026-07-27 11:39:40
4213,esp.1,2026-01-10,Girona,Osasuna,Coral,2.37,3.25,3.1,,,2026-07-27 11:39:40
4214,esp.1,2026-01-10,Girona,Osasuna,Ladbrokes,2.37,3.2,3.0,,,2026-07-27 11:39:40
4215,esp.1,2026-01-10,Valencia,Elche,B365,2.2,3.2,3.5,2.1,1.73,2026-07-27 11:39:40
4216,esp.1,2026-01-10,Valencia,Elche,Pinnacle,2.26,3.14,3.66,2.17,1.75,2026-07-27 11:39:40
4217,esp.1,2026-01-10,Valencia,Elche,Betway,2.2,3.2,3.4,,,2026-07-27 11:39:40
4218,esp.1,2026-01-10,Valencia,Elche,Coral,2.2,3.2,3.4,,,2026-07-27 11:39:40
4219,esp.1,2026-01-10,Valencia,Elche,Ladbrokes,2.2,3.2,3.4,,,2026-07-27 11:39:40
4220,esp.1,2026-01-11,Rayo Vallecano,Mallorca,B365,1.91,3.3,4.33,2.5,1.53,2026-07-27 11:39:40
4221,esp.1,2026-01-11,Rayo Vallecano,Mallorca,Pinnacle,1.93,3.24,4.78,2.5,1.56,2026-07-27 11:39:40
4222,esp.1,2026-01-11,Rayo Vallecano,Mallorca,Betway,1.88,3.4,4.33,,,2026-07-27 11:39:40
4223,esp.1,2026-01-11,Rayo Vallecano,Mallorca,Coral,1.91,3.4,4.33,,,2026-07-27 11:39:40
4224,esp.1,2026-01-11,Rayo Vallecano,Mallorca,Ladbrokes,1.85,3.4,4.33,,,2026-07-27 11:39:40
4225,esp.1,2026-01-11,Levante,Espanyol,B365,3.1,3.3,2.35,2.0,1.8,2026-07-27 11:39:40
4226,esp.1,2026-01-11,Levante,Espanyol,Pinnacle,3.16,3.29,2.42,2.1,1.79,2026-07-27 11:39:40
4227,esp.1,2026-01-11,Levante,Espanyol,Betway,3.1,3.4,2.25,,,2026-07-27 11:39:40
4228,esp.1,2026-01-11,Levante,Espanyol,Coral,3.1,3.4,2.25,,,2026-07-27 11:39:40
4229,esp.1,2026-01-11,Levante,Espanyol,Ladbrokes,3.1,3.4,2.25,,,2026-07-27 11:39:40
4230,esp.1,2026-01-12,Sevilla,Celta de Vigo,B365,2.6,3.3,2.75,2.03,1.83,2026-07-27 11:39:40
4231,esp.1,2026-01-12,Sevilla,Celta de Vigo,Pinnacle,2.65,3.39,2.77,2.04,1.86,2026-07-27 11:39:40
4232,esp.1,2026-01-12,Sevilla,Celta de Vigo,Betway,2.6,3.25,2.7,,,2026-07-27 11:39:40
4233,esp.1,2026-01-12,Sevilla,Celta de Vigo,Coral,2.6,3.3,2.7,,,2026-07-27 11:39:40
4234,esp.1,2026-01-12,Sevilla,Celta de Vigo,Ladbrokes,2.6,3.25,2.7,,,2026-07-27 11:39:40
4235,esp.1,2026-01-16,Espanyol,Girona,B365,1.85,3.4,4.5,2.1,1.73,2026-07-27 11:39:40
4236,esp.1,2026-01-16,Espanyol,Girona,Betway,1.9,3.5,4.1,,,2026-07-27 11:39:40
4237,esp.1,2026-01-16,Espanyol,Girona,Coral,1.91,3.5,4.2,,,2026-07-27 11:39:40
4238,esp.1,2026-01-16,Espanyol,Girona,Ladbrokes,1.91,3.4,4.0,,,2026-07-27 11:39:40
4239,esp.1,2026-01-17,Real Madrid,Levante,B365,1.17,8.0,15.0,1.29,3.75,2026-07-27 11:39:40
4240,esp.1,2026-01-17,Real Madrid,Levante,Betway,1.18,8.5,12.5,,,2026-07-27 11:39:40
4241,esp.1,2026-01-17,Real Madrid,Levante,Coral,1.18,8.5,12.0,,,2026-07-27 11:39:40
4242,esp.1,2026-01-17,Real Madrid,Levante,Ladbrokes,1.18,8.5,12.0,,,2026-07-27 11:39:40
4243,esp.1,2026-01-17,Mallorca,Athletic Club,B365,3.8,2.9,2.25,2.5,1.53,2026-07-27 11:39:40
4244,esp.1,2026-01-17,Mallorca,Athletic Club,Betway,3.5,3.1,2.25,,,2026-07-27 11:39:40
4245,esp.1,2026-01-17,Mallorca,Athletic Club,Coral,3.5,3.1,2.25,,,2026-07-27 11:39:40
4246,esp.1,2026-01-17,Mallorca,Athletic Club,Ladbrokes,3.5,3.1,2.2,,,2026-07-27 11:39:40
4247,esp.1,2026-01-17,Osasuna,Oviedo,B365,1.75,3.4,5.25,2.38,1.57,2026-07-27 11:39:40
4248,esp.1,2026-01-17,Osasuna,Oviedo,Betway,1.8,3.4,4.8,,,2026-07-27 11:39:40
4249,esp.1,2026-01-17,Osasuna,Oviedo,Coral,1.8,3.4,4.8,,,2026-07-27 11:39:40
4250,esp.1,2026-01-17,Osasuna,Oviedo,Ladbrokes,1.8,3.4,4.8,,,2026-07-27 11:39:40
4251,esp.1,2026-01-17,Real Betis,Villarreal,B365,2.6,3.5,2.63,1.67,2.2,2026-07-27 11:39:40
4252,esp.1,2026-01-17,Real Betis,Villarreal,Betway,2.5,3.6,2.6,,,2026-07-27 11:39:40
4253,esp.1,2026-01-17,Real Betis,Villarreal,Coral,2.5,3.6,2.62,,,2026-07-27 11:39:40
4254,esp.1,2026-01-17,Real Betis,Villarreal,Ladbrokes,2.5,3.6,2.6,,,2026-07-27 11:39:40
4255,esp.1,2026-01-18,Getafe,Valencia,B365,2.55,2.75,3.4,3.4,1.33,2026-07-27 11:39:40
4256,esp.1,2026-01-18,Getafe,Valencia,Betway,2.5,2.85,3.2,,,2026-07-27 11:39:40
4257,esp.1,2026-01-18,Getafe,Valencia,Coral,2.5,2.87,3.2,,,2026-07-27 11:39:40
4258,esp.1,2026-01-18,Getafe,Valencia,Ladbrokes,2.5,2.8,3.2,,,2026-07-27 11:39:40
4259,esp.1,2026-01-18,Atlético de Madrid,Alaves,B365,1.3,5.25,10.0,1.88,1.98,2026-07-27 11:39:40
4260,esp.1,2026-01-18,Atlético de Madrid,Alaves,Betway,1.33,5.25,9.25,,,2026-07-27 11:39:40
4261,esp.1,2026-01-18,Atlético de Madrid,Alaves,Coral,1.33,5.25,9.0,,,2026-07-27 11:39:40
4262,esp.1,2026-01-18,Atlético de Madrid,Alaves,Ladbrokes,1.33,5.25,9.0,,,2026-07-27 11:39:40
4263,esp.1,2026-01-18,Celta de Vigo,Rayo Vallecano,B365,2.05,3.2,4.0,2.2,1.67,2026-07-27 11:39:40
4264,esp.1,2026-01-18,Celta de Vigo,Rayo Vallecano,Betway,2.1,3.25,3.7,,,2026-07-27 11:39:40
4265,esp.1,2026-01-18,Celta de Vigo,Rayo Vallecano,Coral,2.1,3.25,3.7,,,2026-07-27 11:39:40
4266,esp.1,2026-01-18,Celta de Vigo,Rayo Vallecano,Ladbrokes,2.1,3.2,3.6,,,2026-07-27 11:39:40
4267,esp.1,2026-01-18,Real Sociedad,Barcelona,B365,5.0,4.5,1.55,1.4,3.0,2026-07-27 11:39:40
4268,esp.1,2026-01-18,Real Sociedad,Barcelona,Betway,4.75,4.5,1.6,,,2026-07-27 11:39:40
4269,esp.1,2026-01-18,Real Sociedad,Barcelona,Coral,4.6,4.5,1.6,,,2026-07-27 11:39:40
4270,esp.1,2026-01-18,Real Sociedad,Barcelona,Ladbrokes,4.6,4.5,1.6,,,2026-07-27 11:39:40
4271,esp.1,2026-01-19,Elche,Sevilla,B365,2.25,3.3,3.25,2.2,1.67,2026-07-27 11:39:40
4272,esp.1,2026-01-19,Elche,Sevilla,Betway,2.25,3.4,3.1,,,2026-07-27 11:39:40
4273,esp.1,2026-01-19,Elche,Sevilla,Coral,2.25,3.4,3.1,,,2026-07-27 11:39:40
4274,esp.1,2026-01-19,Elche,Sevilla,Ladbrokes,2.25,3.4,3.1,,,2026-07-27 11:39:40
4275,esp.1,2026-01-23,Levante,Elche,B365,2.2,3.3,3.2,2.05,1.8,2026-07-27 11:39:40
4276,esp.1,2026-01-23,Levante,Elche,Betway,2.25,3.3,3.1,,,2026-07-27 11:39:40
4277,esp.1,2026-01-23,Levante,Elche,Coral,2.15,3.2,3.0,,,2026-07-27 11:39:40
4278,esp.1,2026-01-23,Levante,Elche,Ladbrokes,2.15,3.2,3.0,,,2026-07-27 11:39:40
4279,esp.1,2026-01-24,Rayo Vallecano,Osasuna,B365,2.15,3.25,3.6,2.3,1.62,2026-07-27 11:39:40
4280,esp.1,2026-01-24,Rayo Vallecano,Osasuna,Betway,2.15,3.2,3.6,,,2026-07-27 11:39:40
4281,esp.1,2026-01-24,Rayo Vallecano,Osasuna,Coral,2.15,3.2,3.6,,,2026-07-27 11:39:40
4282,esp.1,2026-01-24,Rayo Vallecano,Osasuna,Ladbrokes,2.15,3.2,3.5,,,2026-07-27 11:39:40
4283,esp.1,2026-01-24,Valencia,Espanyol,B365,2.45,3.1,3.1,2.3,1.62,2026-07-27 11:39:40
4284,esp.1,2026-01-24,Valencia,Espanyol,Betway,2.4,3.2,3.0,,,2026-07-27 11:39:40
4285,esp.1,2026-01-24,Sevilla,Athletic Club,B365,2.88,3.0,2.63,2.3,1.62,2026-07-27 11:39:40
4286,esp.1,2026-01-24,Sevilla,Athletic Club,Betway,2.8,3.2,2.55,,,2026-07-27 11:39:40
4287,esp.1,2026-01-24,Villarreal,Real Madrid,B365,3.4,3.9,2.0,1.5,2.63,2026-07-27 11:39:40
4288,esp.1,2026-01-24,Villarreal,Real Madrid,Betway,3.3,3.8,2.0,,,2026-07-27 11:39:40
4289,esp.1,2026-01-25,Atlético de Madrid,Mallorca,B365,1.3,5.25,10.0,1.67,2.2,2026-07-27 11:39:40
4290,esp.1,2026-01-25,Atlético de Madrid,Mallorca,Betway,1.3,5.75,9.25,,,2026-07-27 11:39:40
4291,esp.1,2026-01-25,Barcelona,Oviedo,B365,1.11,10.0,19.0,1.22,4.33,2026-07-27 11:39:40
4292,esp.1,2026-01-25,Barcelona,Oviedo,Betway,1.13,9.75,17.5,,,2026-07-27 11:39:40
4293,esp.1,2026-01-25,Real Sociedad,Celta de Vigo,B365,2.0,3.4,3.9,2.05,1.8,2026-07-27 11:39:40
4294,esp.1,2026-01-25,Real Sociedad,Celta de Vigo,Betway,2.0,3.4,3.75,,,2026-07-27 11:39:40
4295,esp.1,2026-01-25,Alaves,Real Betis,B365,2.75,3.0,2.7,2.3,1.62,2026-07-27 11:39:40
4296,esp.1,2026-01-25,Alaves,Real Betis,Betway,2.8,3.2,2.55,,,2026-07-27 11:39:40
4297,esp.1,2026-01-26,Girona,Getafe,B365,2.1,3.0,4.1,3.0,1.4,2026-07-27 11:39:40
4298,esp.1,2026-01-26,Girona,Getafe,Betway,2.1,3.1,3.8,,,2026-07-27 11:39:40
4299,esp.1,2026-01-30,Espanyol,Alaves,B365,1.95,3.0,4.5,2.63,1.5,2026-07-27 11:39:40
4300,esp.1,2026-01-30,Espanyol,Alaves,Betway,1.95,3.1,4.4,,,2026-07-27 11:39:40
4301,esp.1,2026-01-30,Espanyol,Alaves,Coral,1.95,3.1,4.4,,,2026-07-27 11:39:40
4302,esp.1,2026-01-30,Espanyol,Alaves,Ladbrokes,1.95,3.1,4.33,,,2026-07-27 11:39:40
4303,esp.1,2026-01-31,Oviedo,Girona,B365,2.75,3.0,2.75,2.3,1.62,2026-07-27 11:39:40
4304,esp.1,2026-01-31,Oviedo,Girona,Betway,2.65,3.1,2.75,,,2026-07-27 11:39:40
4305,esp.1,2026-01-31,Osasuna,Villarreal,B365,2.75,3.3,2.55,1.91,1.91,2026-07-27 11:39:40
4306,esp.1,2026-01-31,Osasuna,Villarreal,Betway,2.85,3.3,2.45,,,2026-07-27 11:39:40
4307,esp.1,2026-01-31,Levante,Atlético de Madrid,B365,5.25,4.0,1.62,1.73,2.1,2026-07-27 11:39:40
4308,esp.1,2026-01-31,Levante,Atlético de Madrid,Betway,5.0,4.1,1.63,,,2026-07-27 11:39:40
4309,esp.1,2026-01-31,Elche,Barcelona,B365,7.5,5.75,1.33,1.36,3.2,2026-07-27 11:39:40
4310,esp.1,2026-01-31,Elche,Barcelona,Betway,7.0,5.5,1.37,,,2026-07-27 11:39:40
4311,esp.1,2026-02-01,Real Madrid,Rayo Vallecano,B365,1.25,6.0,12.0,1.44,2.75,2026-07-27 11:39:40
4312,esp.1,2026-02-01,Real Madrid,Rayo Vallecano,Betway,1.27,6.0,10.0,,,2026-07-27 11:39:40
4313,esp.1,2026-02-01,Real Betis,Valencia,B365,1.83,3.5,4.5,1.9,1.95,2026-07-27 11:39:40
4314,esp.1,2026-02-01,Real Betis,Valencia,Betway,1.82,3.6,4.33,,,2026-07-27 11:39:40
4315,esp.1,2026-02-01,Getafe,Celta de Vigo,B365,2.8,2.9,2.8,3.0,1.4,2026-07-27 11:39:40
4316,esp.1,2026-02-01,Getafe,Celta de Vigo,Betway,2.8,2.85,2.8,,,2026-07-27 11:39:40
4317,esp.1,2026-02-01,Getafe,Celta de Vigo,Coral,2.8,2.87,2.8,,,2026-07-27 11:39:40
4318,esp.1,2026-02-01,Getafe,Celta de Vigo,Ladbrokes,2.8,2.87,2.8,,,2026-07-27 11:39:40
4319,esp.1,2026-02-01,Athletic Club,Real Sociedad,B365,2.3,3.1,3.4,2.2,1.67,2026-07-27 11:39:40
4320,esp.1,2026-02-01,Athletic Club,Real Sociedad,Betway,2.25,3.2,3.25,,,2026-07-27 11:39:40
4321,esp.1,2026-02-02,Mallorca,Sevilla,B365,2.4,3.2,3.1,2.2,1.67,2026-07-27 11:39:40
4322,esp.1,2026-02-02,Mallorca,Sevilla,Betway,2.5,3.2,2.9,,,2026-07-27 11:39:40
4323,esp.1,2026-02-06,Celta de Vigo,Osasuna,B365,1.95,3.3,4.1,2.2,1.67,2026-07-27 11:39:40
4324,esp.1,2026-02-06,Celta de Vigo,Osasuna,Betway,1.95,3.3,4.1,,,2026-07-27 11:39:40
4325,esp.1,2026-02-07,Barcelona,Mallorca,B365,1.14,9.0,15.0,1.25,4.0,2026-07-27 11:39:40
4326,esp.1,2026-02-07,Barcelona,Mallorca,Betway,1.17,8.25,12.5,,,2026-07-27 11:39:40
4327,esp.1,2026-02-07,Real Sociedad,Elche,B365,1.67,4.0,5.0,1.8,2.0,2026-07-27 11:39:40
4328,esp.1,2026-02-07,Real Sociedad,Elche,Betway,1.66,3.9,5.0,,,2026-07-27 11:39:40
4329,esp.1,2026-02-08,Alaves,Getafe,B365,2.3,2.8,3.9,3.5,1.3,2026-07-27 11:39:40
4330,esp.1,2026-02-08,Alaves,Getafe,Betway,2.35,2.85,3.6,,,2026-07-27 11:39:40
4331,esp.1,2026-02-08,Athletic Club,Levante,B365,1.62,3.9,6.0,2.0,1.85,2026-07-27 11:39:40
4332,esp.1,2026-02-08,Athletic Club,Levante,Betway,1.62,3.8,5.75,,,2026-07-27 11:39:40
4333,esp.1,2026-02-08,Sevilla,Girona,B365,2.15,3.3,3.5,2.0,1.8,2026-07-27 11:39:40
4334,esp.1,2026-02-08,Sevilla,Girona,Betway,2.1,3.3,3.5,,,2026-07-27 11:39:40
4335,esp.1,2026-02-08,Atlético de Madrid,Real Betis,B365,1.48,4.75,6.25,1.67,2.2,2026-07-27 11:39:40
4336,esp.1,2026-02-08,Atlético de Madrid,Real Betis,Betway,1.49,4.6,6.0,,,2026-07-27 11:39:40
4337,esp.1,2026-02-08,Valencia,Real Madrid,B365,5.25,4.75,1.55,1.57,2.38,2026-07-27 11:39:40
4338,esp.1,2026-02-08,Valencia,Real Madrid,Betway,5.5,4.75,1.52,,,2026-07-27 11:39:40
4339,esp.1,2026-02-09,Villarreal,Espanyol,B365,1.7,4.33,4.33,1.73,2.1,2026-07-27 11:39:40
4340,esp.1,2026-02-09,Villarreal,Espanyol,Betway,1.72,3.9,4.5,,,2026-07-27 11:39:40
4341,esp.1,2026-02-13,Elche,Osasuna,B365,2.7,3.3,2.55,2.05,1.8,2026-07-27 11:39:40
4342,esp.1,2026-02-13,Elche,Osasuna,Betway,2.85,3.1,2.6,,,2026-07-27 11:39:40
4343,esp.1,2026-02-14,Espanyol,Celta de Vigo,B365,2.35,3.2,3.0,2.2,1.67,2026-07-27 11:39:40
4344,esp.1,2026-02-14,Espanyol,Celta de Vigo,Betway,2.55,3.2,2.85,,,2026-07-27 11:39:40
4345,esp.1,2026-02-14,Getafe,Villarreal,B365,3.25,3.1,2.25,2.5,1.53,2026-07-27 11:39:40
4346,esp.1,2026-02-14,Getafe,Villarreal,Betway,3.3,3.2,2.25,,,2026-07-27 11:39:40
4347,esp.1,2026-02-14,Getafe,Villarreal,Coral,3.3,3.2,2.25,,,2026-07-27 11:39:40
4348,esp.1,2026-02-14,Getafe,Villarreal,Ladbrokes,3.3,3.1,2.25,,,2026-07-27 11:39:40
4349,esp.1,2026-02-14,Sevilla,Alaves,B365,2.1,3.1,3.6,2.38,1.57,2026-07-27 11:39:40
4350,esp.1,2026-02-14,Sevilla,Alaves,Betway,2.15,3.2,3.6,,,2026-07-27 11:39:40
4351,esp.1,2026-02-14,Sevilla,Alaves,Coral,2.15,3.2,3.6,,,2026-07-27 11:39:40
4352,esp.1,2026-02-14,Sevilla,Alaves,Ladbrokes,2.1,3.2,3.6,,,2026-07-27 11:39:40
4353,esp.1,2026-02-14,Real Madrid,Real Sociedad,B365,1.33,5.25,8.0,1.44,2.75,2026-07-27 11:39:40
4354,esp.1,2026-02-14,Real Madrid,Real Sociedad,Betway,1.38,5.25,7.0,,,2026-07-27 11:39:40
4355,esp.1,2026-02-15,Oviedo,Athletic Club,B365,3.6,3.1,2.15,2.3,1.62,2026-07-27 11:39:40
4356,esp.1,2026-02-15,Oviedo,Athletic Club,Betway,3.5,3.2,2.2,,,2026-07-27 11:39:40
4357,esp.1,2026-02-15,Rayo Vallecano,Atlético de Madrid,B365,4.2,3.3,1.83,2.1,1.73,2026-07-27 11:39:40
4358,esp.1,2026-02-15,Rayo Vallecano,Atlético de Madrid,Betway,4.2,3.5,1.88,,,2026-07-27 11:39:40
4359,esp.1,2026-02-15,Levante,Valencia,B365,2.63,3.25,2.6,2.0,1.8,2026-07-27 11:39:40
4360,esp.1,2026-02-15,Levante,Valencia,Betway,2.75,3.3,2.5,,,2026-07-27 11:39:40
4361,esp.1,2026-02-15,Levante,Valencia,Coral,2.75,3.3,2.5,,,2026-07-27 11:39:40
4362,esp.1,2026-02-15,Levante,Valencia,Ladbrokes,2.75,3.3,2.5,,,2026-07-27 11:39:40
4363,esp.1,2026-02-15,Mallorca,Real Betis,B365,2.88,3.2,2.45,2.0,1.8,2026-07-27 11:39:40
4364,esp.1,2026-02-15,Mallorca,Real Betis,Betway,2.95,3.3,2.4,,,2026-07-27 11:39:40
4365,esp.1,2026-02-15,Mallorca,Real Betis,Coral,2.9,3.3,2.4,,,2026-07-27 11:39:40
4366,esp.1,2026-02-15,Mallorca,Real Betis,Ladbrokes,2.9,3.3,2.37,,,2026-07-27 11:39:40
4367,esp.1,2026-02-16,Girona,Barcelona,B365,7.0,5.0,1.36,1.33,3.4,2026-07-27 11:39:40
4368,esp.1,2026-02-16,Girona,Barcelona,Betway,6.25,5.5,1.4,,,2026-07-27 11:39:40
4369,esp.1,2026-02-16,Girona,Barcelona,Coral,6.5,5.5,1.4,,,2026-07-27 11:39:40
4370,esp.1,2026-02-16,Girona,Barcelona,Ladbrokes,6.0,5.5,1.4,,,2026-07-27 11:39:40
4371,esp.1,2026-02-18,Levante,Villarreal,B365,4.0,4.0,1.8,1.73,2.1,2026-07-27 11:39:40
4372,esp.1,2026-02-18,Levante,Villarreal,Betway,4.0,4.0,1.78,,,2026-07-27 11:39:40
4373,esp.1,2026-02-20,Athletic Club,Elche,B365,1.67,3.8,5.25,1.8,2.0,2026-07-27 11:39:40
4374,esp.1,2026-02-20,Athletic Club,Elche,Betway,1.66,3.9,5.0,,,2026-07-27 11:39:40
4375,esp.1,2026-02-20,Athletic Club,Elche,Coral,1.67,3.9,5.0,,,2026-07-27 11:39:40
4376,esp.1,2026-02-20,Athletic Club,Elche,Ladbrokes,1.65,3.9,5.0,,,2026-07-27 11:39:40
4377,esp.1,2026-02-21,Real Sociedad,Oviedo,B365,1.48,3.9,7.5,1.95,1.9,2026-07-27 11:39:40
4378,esp.1,2026-02-21,Real Sociedad,Oviedo,Betway,1.5,4.0,7.0,,,2026-07-27 11:39:40
4379,esp.1,2026-02-21,Real Betis,Rayo Vallecano,B365,1.9,3.4,4.33,1.93,1.93,2026-07-27 11:39:40
4380,esp.1,2026-02-21,Real Betis,Rayo Vallecano,Betway,1.9,3.5,4.1,,,2026-07-27 11:39:40
4381,esp.1,2026-02-21,Osasuna,Real Madrid,B365,4.75,4.0,1.7,1.67,2.2,2026-07-27 11:39:40
4382,esp.1,2026-02-21,Osasuna,Real Madrid,Betway,4.6,4.1,1.68,,,2026-07-27 11:39:40
4383,esp.1,2026-02-21,Osasuna,Real Madrid,Coral,4.6,4.0,1.67,,,2026-07-27 11:39:40
4384,esp.1,2026-02-21,Osasuna,Real Madrid,Ladbrokes,4.6,4.0,1.67,,,2026-07-27 11:39:40
4385,esp.1,2026-02-21,Atlético de Madrid,Espanyol,B365,1.5,4.1,7.0,1.91,1.91,2026-07-27 11:39:40
4386,esp.1,2026-02-21,Atlético de Madrid,Espanyol,Betway,1.49,4.4,6.5,,,2026-07-27 11:39:40
4387,esp.1,2026-02-21,Atlético de Madrid,Espanyol,Coral,1.48,4.4,6.5,,,2026-07-27 11:39:40
4388,esp.1,2026-02-21,Atlético de Madrid,Espanyol,Ladbrokes,1.48,4.4,6.5,,,2026-07-27 11:39:40
4389,esp.1,2026-02-22,Getafe,Sevilla,B365,2.35,2.9,3.5,3.0,1.4,2026-07-27 11:39:40
4390,esp.1,2026-02-22,Getafe,Sevilla,Betway,2.4,2.9,3.3,,,2026-07-27 11:39:40
4391,esp.1,2026-02-22,Getafe,Sevilla,Coral,2.45,2.9,3.3,,,2026-07-27 11:39:40
4392,esp.1,2026-02-22,Getafe,Sevilla,Ladbrokes,2.4,2.9,3.25,,,2026-07-27 11:39:40
4393,esp.1,2026-02-22,Barcelona,Levante,B365,1.11,11.0,15.0,1.22,4.33,2026-07-27 11:39:40
4394,esp.1,2026-02-22,Barcelona,Levante,Betway,1.11,10.5,15.0,,,2026-07-27 11:39:40
4395,esp.1,2026-02-22,Celta de Vigo,Mallorca,B365,1.83,3.5,4.5,2.2,1.67,2026-07-27 11:39:40
4396,esp.1,2026-02-22,Celta de Vigo,Mallorca,Betway,1.83,3.4,4.5,,,2026-07-27 11:39:40
4397,esp.1,2026-02-22,Villarreal,Valencia,B365,1.7,4.0,4.5,1.8,2.0,2026-07-27 11:39:40
4398,esp.1,2026-02-22,Villarreal,Valencia,Betway,1.72,3.9,4.5,,,2026-07-27 11:39:40
4399,esp.1,2026-02-23,Alaves,Girona,B365,2.3,3.0,3.5,2.5,1.53,2026-07-27 11:39:40
4400,esp.1,2026-02-23,Alaves,Girona,Betway,2.35,3.1,3.3,,,2026-07-27 11:39:40
4401,esp.1,2026-02-27,Levante,Alaves,B365,2.63,3.1,2.8,2.2,1.67,2026-07-27 11:39:40
4402,esp.1,2026-02-27,Levante,Alaves,Betway,2.55,3.1,2.9,,,2026-07-27 11:39:40
4403,esp.1,2026-02-28,Rayo Vallecano,Athletic Club,B365,2.4,3.1,3.2,2.3,1.62,2026-07-27 11:39:40
4404,esp.1,2026-02-28,Rayo Vallecano,Athletic Club,Betway,2.5,3.1,3.0,,,2026-07-27 11:39:40
4405,esp.1,2026-02-28,Barcelona,Villarreal,B365,1.3,6.5,7.0,1.29,3.75,2026-07-27 11:39:40
4406,esp.1,2026-02-28,Barcelona,Villarreal,Betway,1.32,6.25,7.25,,,2026-07-27 11:39:40
4407,esp.1,2026-02-28,Mallorca,Real Sociedad,B365,3.0,3.3,2.4,2.1,1.73,2026-07-27 11:39:40
4408,esp.1,2026-02-28,Mallorca,Real Sociedad,Betway,2.9,3.3,2.45,,,2026-07-27 11:39:40
4409,esp.1,2026-02-28,Oviedo,Atlético de Madrid,B365,5.75,3.6,1.67,2.0,1.8,2026-07-27 11:39:40
4410,esp.1,2026-02-28,Oviedo,Atlético de Madrid,Betway,5.25,3.6,1.7,,,2026-07-27 11:39:40
4411,esp.1,2026-03-01,Elche,Espanyol,B365,2.38,3.3,3.0,2.03,1.83,2026-07-27 11:39:40
4412,esp.1,2026-03-01,Elche,Espanyol,Betway,2.45,3.2,2.95,,,2026-07-27 11:39:40
4413,esp.1,2026-03-01,Valencia,Osasuna,B365,2.35,3.2,3.25,2.2,1.67,2026-07-27 11:39:40
4414,esp.1,2026-03-01,Valencia,Osasuna,Betway,2.35,3.2,3.1,,,2026-07-27 11:39:40
4415,esp.1,2026-03-01,Valencia,Osasuna,Coral,2.37,3.2,3.1,,,2026-07-27 11:39:40
4416,esp.1,2026-03-01,Valencia,Osasuna,Ladbrokes,2.37,3.2,3.1,,,2026-07-27 11:39:40
4417,esp.1,2026-03-01,Real Betis,Sevilla,B365,1.75,3.8,4.5,2.0,1.85,2026-07-27 11:39:40
4418,esp.1,2026-03-01,Real Betis,Sevilla,Betway,1.8,3.6,4.5,,,2026-07-27 11:39:40
4419,esp.1,2026-03-01,Real Betis,Sevilla,Coral,1.8,3.6,4.5,,,2026-07-27 11:39:40
4420,esp.1,2026-03-01,Real Betis,Sevilla,Ladbrokes,1.8,3.6,4.4,,,2026-07-27 11:39:40
4421,esp.1,2026-03-01,Girona,Celta de Vigo,B365,2.38,3.3,3.0,2.0,1.85,2026-07-27 11:39:40
4422,esp.1,2026-03-01,Girona,Celta de Vigo,Betway,2.5,3.25,2.8,,,2026-07-27 11:39:40
4423,esp.1,2026-03-01,Girona,Celta de Vigo,Coral,2.5,3.3,2.8,,,2026-07-27 11:39:40
4424,esp.1,2026-03-01,Girona,Celta de Vigo,Ladbrokes,2.5,3.25,2.8,,,2026-07-27 11:39:40
4425,esp.1,2026-03-02,Real Madrid,Getafe,B365,1.3,5.5,10.0,1.83,2.03,2026-07-27 11:39:40
4426,esp.1,2026-03-02,Real Madrid,Getafe,Betway,1.3,5.5,9.75,,,2026-07-27 11:39:40
4427,esp.1,2026-03-04,Rayo Vallecano,Oviedo,B365,1.67,3.75,5.25,2.2,1.67,2026-07-27 11:39:40
4428,esp.1,2026-03-04,Rayo Vallecano,Oviedo,Betway,1.71,3.75,4.8,,,2026-07-27 11:39:40
4429,esp.1,2026-03-06,Celta de Vigo,Real Madrid,B365,3.1,3.3,2.3,2.0,1.8,2026-07-27 11:39:40
4430,esp.1,2026-03-06,Celta de Vigo,Real Madrid,Betway,3.1,3.4,2.25,,,2026-07-27 11:39:40
4431,esp.1,2026-03-07,Osasuna,Mallorca,B365,1.73,3.6,5.0,2.2,1.67,2026-07-27 11:39:40
4432,esp.1,2026-03-07,Osasuna,Mallorca,Betway,1.78,3.5,4.75,,,2026-07-27 11:39:40
4433,esp.1,2026-03-07,Levante,Girona,B365,2.8,3.4,2.45,1.98,1.88,2026-07-27 11:39:40
4434,esp.1,2026-03-07,Levante,Girona,Betway,2.95,3.25,2.4,,,2026-07-27 11:39:40
4435,esp.1,2026-03-07,Atlético de Madrid,Real Sociedad,B365,1.62,3.9,5.25,1.8,2.0,2026-07-27 11:39:40
4436,esp.1,2026-03-07,Atlético de Madrid,Real Sociedad,Betway,1.63,4.1,5.0,,,2026-07-27 11:39:40
4437,esp.1,2026-03-07,Athletic Club,Barcelona,B365,4.75,4.5,1.62,1.5,2.63,2026-07-27 11:39:40
4438,esp.1,2026-03-07,Athletic Club,Barcelona,Betway,4.6,4.4,1.63,,,2026-07-27 11:39:40
4439,esp.1,2026-03-08,Villarreal,Elche,B365,1.5,4.5,6.0,1.57,2.38,2026-07-27 11:39:40
4440,esp.1,2026-03-08,Villarreal,Elche,Betway,1.5,4.75,5.75,,,2026-07-27 11:39:40
4441,esp.1,2026-03-08,Getafe,Real Betis,B365,2.8,2.9,2.8,2.75,1.44,2026-07-27 11:39:40
4442,esp.1,2026-03-08,Getafe,Real Betis,Betway,2.75,2.95,2.75,,,2026-07-27 11:39:40
4443,esp.1,2026-03-08,Getafe,Real Betis,Coral,2.62,2.8,2.62,,,2026-07-27 11:39:40
4444,esp.1,2026-03-08,Getafe,Real Betis,Ladbrokes,2.62,2.8,2.62,,,2026-07-27 11:39:40
4445,esp.1,2026-03-08,Sevilla,Rayo Vallecano,B365,2.55,3.1,3.0,2.2,1.67,2026-07-27 11:39:40
4446,esp.1,2026-03-08,Sevilla,Rayo Vallecano,Betway,2.5,3.2,2.9,,,2026-07-27 11:39:40
4447,esp.1,2026-03-08,Sevilla,Rayo Vallecano,Coral,2.5,3.2,2.9,,,2026-07-27 11:39:40
4448,esp.1,2026-03-08,Sevilla,Rayo Vallecano,Ladbrokes,2.5,3.2,2.87,,,2026-07-27 11:39:40
4449,esp.1,2026-03-08,Valencia,Alaves,B365,2.05,3.1,4.1,2.5,1.53,2026-07-27 11:39:40
4450,esp.1,2026-03-08,Valencia,Alaves,Betway,2.1,3.2,3.7,,,2026-07-27 11:39:40
4451,esp.1,2026-03-08,Valencia,Alaves,Coral,2.15,3.1,3.7,,,2026-07-27 11:39:40
4452,esp.1,2026-03-08,Valencia,Alaves,Ladbrokes,2.1,3.2,3.7,,,2026-07-27 11:39:40
4453,esp.1,2026-03-09,Espanyol,Oviedo,B365,1.85,3.4,4.33,2.2,1.67,2026-07-27 11:39:40
4454,esp.1,2026-03-09,Espanyol,Oviedo,Betway,1.93,3.3,4.2,,,2026-07-27 11:39:40
4455,esp.1,2026-03-09,Espanyol,Oviedo,Coral,1.95,3.3,4.2,,,2026-07-27 11:39:40
4456,esp.1,2026-03-09,Espanyol,Oviedo,Ladbrokes,1.91,3.25,4.2,,,2026-07-27 11:39:40
4457,esp.1,2026-03-13,Alaves,Villarreal,B365,3.25,3.4,2.2,1.91,1.91,2026-07-27 11:39:40
4458,esp.1,2026-03-13,Alaves,Villarreal,Betway,3.2,3.3,2.25,,,2026-07-27 11:39:40
4459,esp.1,2026-03-13,Alaves,Villarreal,Coral,3.2,3.3,2.25,,,2026-07-27 11:39:40
4460,esp.1,2026-03-13,Alaves,Villarreal,Ladbrokes,3.2,3.3,2.25,,,2026-07-27 11:39:40
4461,esp.1,2026-03-14,Girona,Athletic Club,B365,2.75,3.4,2.5,2.0,1.8,2026-07-27 11:39:40
4462,esp.1,2026-03-14,Girona,Athletic Club,Betway,2.7,3.25,2.65,,,2026-07-27 11:39:40
4463,esp.1,2026-03-14,Atlético de Madrid,Getafe,B365,1.57,3.8,6.5,2.38,1.57,2026-07-27 11:39:40
4464,esp.1,2026-03-14,Atlético de Madrid,Getafe,Betway,1.6,3.8,6.0,,,2026-07-27 11:39:40
4465,esp.1,2026-03-14,Oviedo,Valencia,B365,2.88,3.2,2.55,2.38,1.57,2026-07-27 11:39:40
4466,esp.1,2026-03-14,Oviedo,Valencia,Betway,2.9,3.1,2.5,,,2026-07-27 11:39:40
4467,esp.1,2026-03-14,Real Madrid,Elche,B365,1.33,5.5,7.5,1.44,2.75,2026-07-27 11:39:40
4468,esp.1,2026-03-14,Real Madrid,Elche,Betway,1.33,5.75,7.75,,,2026-07-27 11:39:40
4469,esp.1,2026-03-14,Real Madrid,Elche,Coral,1.33,5.75,8.0,,,2026-07-27 11:39:40
4470,esp.1,2026-03-14,Real Madrid,Elche,Ladbrokes,1.33,5.5,7.5,,,2026-07-27 11:39:40
4471,esp.1,2026-03-15,Mallorca,Espanyol,B365,2.3,3.2,3.3,2.3,1.62,2026-07-27 11:39:40
4472,esp.1,2026-03-15,Mallorca,Espanyol,Betway,2.4,3.1,3.1,,,2026-07-27 11:39:40
4473,esp.1,2026-03-15,Barcelona,Sevilla,B365,1.25,6.5,10.0,1.33,3.4,2026-07-27 11:39:40
4474,esp.1,2026-03-15,Barcelona,Sevilla,Betway,1.28,6.25,9.0,,,2026-07-27 11:39:40
4475,esp.1,2026-03-15,Barcelona,Sevilla,Coral,1.28,6.5,9.0,,,2026-07-27 11:39:40
4476,esp.1,2026-03-15,Barcelona,Sevilla,Ladbrokes,1.28,6.0,9.0,,,2026-07-27 11:39:40
4477,esp.1,2026-03-15,Real Betis,Celta de Vigo,B365,2.2,3.3,3.4,1.91,1.91,2026-07-27 11:39:40
4478,esp.1,2026-03-15,Real Betis,Celta de Vigo,Betway,2.25,3.25,3.3,,,2026-07-27 11:39:40
4479,esp.1,2026-03-15,Real Betis,Celta de Vigo,Coral,2.25,3.25,3.3,,,2026-07-27 11:39:40
4480,esp.1,2026-03-15,Real Betis,Celta de Vigo,Ladbrokes,2.25,3.2,3.25,,,2026-07-27 11:39:40
4481,esp.1,2026-03-15,Real Sociedad,Osasuna,B365,1.83,3.5,4.33,2.0,1.8,2026-07-27 11:39:40
4482,esp.1,2026-03-15,Real Sociedad,Osasuna,Betway,1.93,3.4,4.1,,,2026-07-27 11:39:40
4483,esp.1,2026-03-16,Rayo Vallecano,Levante,B365,1.7,3.75,5.0,1.91,1.91,2026-07-27 11:39:40
4484,esp.1,2026-03-16,Rayo Vallecano,Levante,Betway,1.72,3.75,4.8,,,2026-07-27 11:39:40
4485,esp.1,2026-03-20,Villarreal,Real Sociedad,B365,1.91,3.7,3.9,1.73,2.1,2026-07-27 11:39:40
4486,esp.1,2026-03-20,Villarreal,Real Sociedad,Betway,1.95,3.6,3.7,,,2026-07-27 11:39:40
4487,esp.1,2026-03-21,Elche,Mallorca,B365,2.1,3.3,3.6,2.1,1.73,2026-07-27 11:39:40
4488,esp.1,2026-03-21,Elche,Mallorca,Betway,2.15,3.3,3.4,,,2026-07-27 11:39:40
4489,esp.1,2026-03-21,Espanyol,Getafe,B365,2.35,3.0,3.4,3.2,1.36,2026-07-27 11:39:40
4490,esp.1,2026-03-21,Espanyol,Getafe,Betway,2.45,2.95,3.2,,,2026-07-27 11:39:40
4491,esp.1,2026-03-21,Levante,Oviedo,B365,2.2,3.3,3.4,2.1,1.73,2026-07-27 11:39:40
4492,esp.1,2026-03-21,Levante,Oviedo,Betway,2.2,3.25,3.3,,,2026-07-27 11:39:40
4493,esp.1,2026-03-21,Osasuna,Girona,B365,2.15,3.4,3.4,1.95,1.9,2026-07-27 11:39:40
4494,esp.1,2026-03-21,Osasuna,Girona,Betway,2.25,3.3,3.2,,,2026-07-27 11:39:40
4495,esp.1,2026-03-21,Sevilla,Valencia,B365,2.3,3.2,3.3,2.38,1.57,2026-07-27 11:39:40
4496,esp.1,2026-03-21,Sevilla,Valencia,Betway,2.25,3.1,3.3,,,2026-07-27 11:39:40
4497,esp.1,2026-03-22,Barcelona,Rayo Vallecano,B365,1.25,7.0,9.5,1.36,3.2,2026-07-27 11:39:40
4498,esp.1,2026-03-22,Barcelona,Rayo Vallecano,Betway,1.26,6.75,9.25,,,2026-07-27 11:39:40
4499,esp.1,2026-03-22,Celta de Vigo,Alaves,B365,1.83,3.3,5.0,2.3,1.62,2026-07-27 11:39:40
4500,esp.1,2026-03-22,Celta de Vigo,Alaves,Betway,1.85,3.4,4.6,,,2026-07-27 11:39:40
4501,esp.1,2026-03-22,Athletic Club,Real Betis,B365,2.2,3.4,3.25,1.91,1.91,2026-07-27 11:39:40
4502,esp.1,2026-03-22,Athletic Club,Real Betis,Betway,2.25,3.4,3.1,,,2026-07-27 11:39:40
4503,esp.1,2026-03-22,Real Madrid,Atlético de Madrid,B365,1.95,4.0,3.5,1.62,2.3,2026-07-27 11:39:40
4504,esp.1,2026-03-22,Real Madrid,Atlético de Madrid,Betway,1.9,3.8,3.6,,,2026-07-27 11:39:40
4505,esp.1,2026-04-03,Rayo Vallecano,Elche,B365,1.75,3.9,4.75,1.8,2.0,2026-07-27 11:39:40
4506,esp.1,2026-04-03,Rayo Vallecano,Elche,Betway,1.71,3.9,4.6,,,2026-07-27 11:39:40
4507,esp.1,2026-04-04,Real Sociedad,Levante,B365,1.57,4.2,5.5,1.73,2.1,2026-07-27 11:39:40
4508,esp.1,2026-04-04,Real Sociedad,Levante,Betway,1.6,4.33,5.0,,,2026-07-27 11:39:40
4509,esp.1,2026-04-04,Mallorca,Real Madrid,B365,5.5,4.33,1.57,1.67,2.2,2026-07-27 11:39:40
4510,esp.1,2026-04-04,Mallorca,Real Madrid,Betway,5.25,4.4,1.58,,,2026-07-27 11:39:40
4511,esp.1,2026-04-04,Real Betis,Espanyol,B365,1.73,4.0,4.75,1.85,2.0,2026-07-27 11:39:40
4512,esp.1,2026-04-04,Real Betis,Espanyol,Betway,1.73,3.8,4.6,,,2026-07-27 11:39:40
4513,esp.1,2026-04-04,Atlético de Madrid,Barcelona,B365,3.1,3.8,2.15,1.44,2.75,2026-07-27 11:39:40
4514,esp.1,2026-04-04,Atlético de Madrid,Barcelona,Betway,3.0,3.7,2.2,,,2026-07-27 11:39:40
4515,esp.1,2026-04-05,Getafe,Athletic Club,B365,3.0,2.88,2.7,3.2,1.36,2026-07-27 11:39:40
4516,esp.1,2026-04-05,Getafe,Athletic Club,Betway,3.1,2.8,2.65,,,2026-07-27 11:39:40
4517,esp.1,2026-04-05,Valencia,Celta de Vigo,B365,2.3,3.3,3.2,2.2,1.67,2026-07-27 11:39:40
4518,esp.1,2026-04-05,Valencia,Celta de Vigo,Betway,2.3,3.25,3.1,,,2026-07-27 11:39:40
4519,esp.1,2026-04-05,Oviedo,Sevilla,B365,2.8,3.1,2.7,2.38,1.57,2026-07-27 11:39:40
4520,esp.1,2026-04-05,Oviedo,Sevilla,Betway,2.9,3.0,2.6,,,2026-07-27 11:39:40
4521,esp.1,2026-04-05,Alaves,Osasuna,B365,2.5,3.2,2.9,2.3,1.62,2026-07-27 11:39:40
4522,esp.1,2026-04-05,Alaves,Osasuna,Betway,2.45,3.2,2.95,,,2026-07-27 11:39:40
4523,esp.1,2026-04-06,Girona,Villarreal,B365,3.2,3.6,2.2,1.67,2.2,2026-07-27 11:39:40
4524,esp.1,2026-04-06,Girona,Villarreal,Betway,3.1,3.5,2.2,,,2026-07-27 11:39:40
4525,esp.1,2026-04-10,Real Madrid,Girona,B365,1.3,6.0,8.5,1.44,2.75,2026-07-27 11:39:40
4526,esp.1,2026-04-10,Real Madrid,Girona,Betway,1.33,5.75,7.75,,,2026-07-27 11:39:40
4527,esp.1,2026-04-11,Real Sociedad,Alaves,B365,1.73,3.7,4.75,1.88,1.98,2026-07-27 11:39:40
4528,esp.1,2026-04-11,Real Sociedad,Alaves,Betway,1.75,3.7,4.6,,,2026-07-27 11:39:40
4529,esp.1,2026-04-11,Elche,Valencia,B365,2.5,3.3,2.88,2.0,1.8,2026-07-27 11:39:40
4530,esp.1,2026-04-11,Elche,Valencia,Betway,2.5,3.25,2.8,,,2026-07-27 11:39:40
4531,esp.1,2026-04-11,Barcelona,Espanyol,B365,1.29,6.0,9.0,1.33,3.4,2026-07-27 11:39:40
4532,esp.1,2026-04-11,Barcelona,Espanyol,Betway,1.29,6.0,8.75,,,2026-07-27 11:39:40
4533,esp.1,2026-04-11,Sevilla,Atlético de Madrid,B365,2.7,3.1,2.8,2.1,1.73,2026-07-27 11:39:40
4534,esp.1,2026-04-11,Sevilla,Atlético de Madrid,Betway,2.75,3.1,2.65,,,2026-07-27 11:39:40
4535,esp.1,2026-04-12,Osasuna,Real Betis,B365,2.2,3.4,3.3,1.93,1.93,2026-07-27 11:39:40
4536,esp.1,2026-04-12,Osasuna,Real Betis,Betway,2.25,3.4,3.1,,,2026-07-27 11:39:40
4537,esp.1,2026-04-12,Mallorca,Rayo Vallecano,B365,2.38,3.25,3.0,2.2,1.67,2026-07-27 11:39:40
4538,esp.1,2026-04-12,Mallorca,Rayo Vallecano,Betway,2.5,3.2,2.9,,,2026-07-27 11:39:40
4539,esp.1,2026-04-12,Celta de Vigo,Oviedo,B365,1.7,3.7,5.25,2.0,1.85,2026-07-27 11:39:40
4540,esp.1,2026-04-12,Celta de Vigo,Oviedo,Betway,1.66,3.8,5.0,,,2026-07-27 11:39:40
4541,esp.1,2026-04-12,Athletic Club,Villarreal,B365,2.3,3.5,3.1,1.98,1.88,2026-07-27 11:39:40
4542,esp.1,2026-04-12,Athletic Club,Villarreal,Betway,2.25,3.4,3.1,,,2026-07-27 11:39:40
4543,esp.1,2026-04-13,Levante,Getafe,B365,2.75,3.0,2.88,2.75,1.44,2026-07-27 11:39:40
4544,esp.1,2026-04-13,Levante,Getafe,Betway,2.7,3.0,2.8,,,2026-07-27 11:39:40
4545,esp.1,2026-04-21,Athletic Club,Osasuna,B365,1.8,3.4,4.5,1.98,1.88,2026-07-27 11:39:40
4546,esp.1,2026-04-21,Athletic Club,Osasuna,Betway,1.85,3.5,4.33,,,2026-07-27 11:39:40
4547,esp.1,2026-04-21,Athletic Club,Osasuna,Coral,1.85,3.5,4.33,,,2026-07-27 11:39:40
4548,esp.1,2026-04-21,Athletic Club,Osasuna,Ladbrokes,1.85,3.5,4.33,,,2026-07-27 11:39:40
4549,esp.1,2026-04-21,Mallorca,Valencia,B365,2.6,3.1,2.88,2.1,1.73,2026-07-27 11:39:40
4550,esp.1,2026-04-21,Mallorca,Valencia,Betway,2.5,3.2,2.9,,,2026-07-27 11:39:40
4551,esp.1,2026-04-21,Mallorca,Valencia,Coral,2.4,3.0,2.75,,,2026-07-27 11:39:40
4552,esp.1,2026-04-21,Mallorca,Valencia,Ladbrokes,2.5,3.2,2.9,,,2026-07-27 11:39:40
4553,esp.1,2026-04-21,Girona,Real Betis,B365,2.38,3.3,3.0,1.88,1.98,2026-07-27 11:39:40
4554,esp.1,2026-04-21,Girona,Real Betis,Betway,2.4,3.4,2.87,,,2026-07-27 11:39:40
4555,esp.1,2026-04-21,Girona,Real Betis,Coral,2.4,3.4,2.87,,,2026-07-27 11:39:40
4556,esp.1,2026-04-21,Girona,Real Betis,Ladbrokes,2.4,3.4,2.87,,,2026-07-27 11:39:40
4557,esp.1,2026-04-21,Real Madrid,Alaves,B365,1.22,6.5,12.0,1.4,3.0,2026-07-27 11:39:40
4558,esp.1,2026-04-21,Real Madrid,Alaves,Betway,1.25,6.75,10.0,,,2026-07-27 11:39:40
4559,esp.1,2026-04-21,Real Madrid,Alaves,Coral,1.25,6.5,10.0,,,2026-07-27 11:39:40
4560,esp.1,2026-04-21,Real Madrid,Alaves,Ladbrokes,1.25,6.5,9.5,,,2026-07-27 11:39:40
4561,esp.1,2026-04-22,Elche,Atlético de Madrid,B365,2.55,3.8,2.45,1.67,2.2,2026-07-27 11:39:40
4562,esp.1,2026-04-22,Elche,Atlético de Madrid,Betway,2.65,3.6,2.45,,,2026-07-27 11:39:40
4563,esp.1,2026-04-22,Elche,Atlético de Madrid,Coral,2.62,3.6,2.45,,,2026-07-27 11:39:40
4564,esp.1,2026-04-22,Elche,Atlético de Madrid,Ladbrokes,2.62,3.6,2.45,,,2026-07-27 11:39:40
4565,esp.1,2026-04-22,Real Sociedad,Getafe,B365,2.3,3.0,3.5,2.5,1.53,2026-07-27 11:39:40
4566,esp.1,2026-04-22,Real Sociedad,Getafe,Betway,2.25,3.0,3.6,,,2026-07-27 11:39:40
4567,esp.1,2026-04-22,Real Sociedad,Getafe,Coral,2.25,3.0,3.6,,,2026-07-27 11:39:40
4568,esp.1,2026-04-22,Real Sociedad,Getafe,Ladbrokes,2.25,3.0,3.5,,,2026-07-27 11:39:40
4569,esp.1,2026-04-22,Barcelona,Celta de Vigo,B365,1.22,6.5,11.0,1.3,3.5,2026-07-27 11:39:40
4570,esp.1,2026-04-22,Barcelona,Celta de Vigo,Betway,1.25,7.0,9.5,,,2026-07-27 11:39:40
4571,esp.1,2026-04-22,Barcelona,Celta de Vigo,Coral,1.25,7.0,9.5,,,2026-07-27 11:39:40
4572,esp.1,2026-04-22,Barcelona,Celta de Vigo,Ladbrokes,1.25,7.0,9.5,,,2026-07-27 11:39:40
4573,esp.1,2026-04-23,Levante,Sevilla,B365,2.4,3.25,3.0,2.1,1.73,2026-07-27 11:39:40
4574,esp.1,2026-04-23,Levante,Sevilla,Betway,2.55,3.2,2.8,,,2026-07-27 11:39:40
4575,esp.1,2026-04-23,Levante,Sevilla,Coral,2.5,3.2,2.8,,,2026-07-27 11:39:40
4576,esp.1,2026-04-23,Levante,Sevilla,Ladbrokes,2.5,3.2,2.8,,,2026-07-27 11:39:40
4577,esp.1,2026-04-23,Rayo Vallecano,Espanyol,B365,2.1,3.25,3.75,2.1,1.73,2026-07-27 11:39:40
4578,esp.1,2026-04-23,Rayo Vallecano,Espanyol,Betway,2.15,3.25,3.5,,,2026-07-27 11:39:40
4579,esp.1,2026-04-23,Rayo Vallecano,Espanyol,Coral,2.15,3.25,3.5,,,2026-07-27 11:39:40
4580,esp.1,2026-04-23,Rayo Vallecano,Espanyol,Ladbrokes,2.15,3.25,3.5,,,2026-07-27 11:39:40
4581,esp.1,2026-04-23,Oviedo,Villarreal,B365,3.6,3.4,2.05,1.98,1.88,2026-07-27 11:39:40
4582,esp.1,2026-04-23,Oviedo,Villarreal,Betway,3.7,3.4,2.05,,,2026-07-27 11:39:40
4583,esp.1,2026-04-23,Oviedo,Villarreal,Coral,3.7,3.4,2.05,,,2026-07-27 11:39:40
4584,esp.1,2026-04-23,Oviedo,Villarreal,Ladbrokes,3.6,3.4,2.05,,,2026-07-27 11:39:40
4585,esp.1,2026-04-24,Real Betis,Real Madrid,B365,3.7,4.2,1.85,1.5,2.63,2026-07-27 11:39:40
4586,esp.1,2026-04-24,Real Betis,Real Madrid,Betway,3.6,3.9,1.9,,,2026-07-27 11:39:40
4587,esp.1,2026-04-24,Real Betis,Real Madrid,Coral,3.6,3.9,1.91,,,2026-07-27 11:39:40
4588,esp.1,2026-04-24,Real Betis,Real Madrid,Ladbrokes,3.5,3.9,1.91,,,2026-07-27 11:39:40
4589,esp.1,2026-04-25,Alaves,Mallorca,B365,2.2,3.0,3.8,2.1,1.73,2026-07-27 11:39:40
4590,esp.1,2026-04-25,Alaves,Mallorca,Betway,2.15,3.2,3.5,,,2026-07-27 11:39:40
4591,esp.1,2026-04-25,Alaves,Mallorca,Coral,2.2,3.2,3.5,,,2026-07-27 11:39:40
4592,esp.1,2026-04-25,Alaves,Mallorca,Ladbrokes,2.15,3.2,3.5,,,2026-07-27 11:39:40
4593,esp.1,2026-04-25,Getafe,Barcelona,B365,5.25,3.8,1.67,1.88,1.98,2026-07-27 11:39:40
4594,esp.1,2026-04-25,Getafe,Barcelona,Betway,5.25,4.0,1.61,,,2026-07-27 11:39:40
4595,esp.1,2026-04-25,Getafe,Barcelona,Coral,5.25,4.0,1.61,,,2026-07-27 11:39:40
4596,esp.1,2026-04-25,Getafe,Barcelona,Ladbrokes,5.25,4.0,1.61,,,2026-07-27 11:39:40
4597,esp.1,2026-04-25,Valencia,Girona,B365,2.1,3.4,3.5,1.93,1.93,2026-07-27 11:39:40
4598,esp.1,2026-04-25,Valencia,Girona,Betway,2.05,3.4,3.6,,,2026-07-27 11:39:40
4599,esp.1,2026-04-25,Valencia,Girona,Coral,2.05,3.4,3.6,,,2026-07-27 11:39:40
4600,esp.1,2026-04-25,Valencia,Girona,Ladbrokes,2.05,3.4,3.6,,,2026-07-27 11:39:40
4601,esp.1,2026-04-25,Atlético de Madrid,Athletic Club,B365,2.2,3.6,3.1,1.88,1.98,2026-07-27 11:39:40
4602,esp.1,2026-04-25,Atlético de Madrid,Athletic Club,Betway,2.2,3.4,3.2,,,2026-07-27 11:39:40
4603,esp.1,2026-04-25,Atlético de Madrid,Athletic Club,Coral,2.2,3.4,3.25,,,2026-07-27 11:39:40
4604,esp.1,2026-04-25,Atlético de Madrid,Athletic Club,Ladbrokes,2.15,3.4,3.2,,,2026-07-27 11:39:40
4605,esp.1,2026-04-26,Rayo Vallecano,Real Sociedad,B365,2.7,3.1,2.7,2.0,1.8,2026-07-27 11:39:40
4606,esp.1,2026-04-26,Rayo Vallecano,Real Sociedad,Betway,2.7,3.2,2.65,,,2026-07-27 11:39:40
4607,esp.1,2026-04-26,Rayo Vallecano,Real Sociedad,Coral,2.7,3.2,2.7,,,2026-07-27 11:39:40
4608,esp.1,2026-04-26,Rayo Vallecano,Real Sociedad,Ladbrokes,2.7,3.2,2.62,,,2026-07-27 11:39:40
4609,esp.1,2026-04-26,Oviedo,Elche,B365,2.4,3.25,3.1,2.1,1.73,2026-07-27 11:39:40
4610,esp.1,2026-04-26,Oviedo,Elche,Betway,2.45,3.2,2.95,,,2026-07-27 11:39:40
4611,esp.1,2026-04-26,Oviedo,Elche,Coral,2.45,3.25,2.9,,,2026-07-27 11:39:40
4612,esp.1,2026-04-26,Oviedo,Elche,Ladbrokes,2.45,3.2,2.9,,,2026-07-27 11:39:40
4613,esp.1,2026-04-26,Osasuna,Sevilla,B365,2.05,3.25,4.0,2.1,1.73,2026-07-27 11:39:40
4614,esp.1,2026-04-26,Osasuna,Sevilla,Betway,2.1,3.3,3.5,,,2026-07-27 11:39:40
4615,esp.1,2026-04-26,Villarreal,Celta de Vigo,B365,2.05,3.4,3.7,1.83,2.03,2026-07-27 11:39:40
4616,esp.1,2026-04-26,Villarreal,Celta de Vigo,Betway,2.05,3.4,3.6,,,2026-07-27 11:39:40
4617,esp.1,2026-04-26,Villarreal,Celta de Vigo,Coral,2.05,3.4,3.6,,,2026-07-27 11:39:40
4618,esp.1,2026-04-26,Villarreal,Celta de Vigo,Ladbrokes,2.05,3.3,3.6,,,2026-07-27 11:39:40
4619,esp.1,2026-04-27,Espanyol,Levante,B365,2.0,3.4,3.8,1.95,1.9,2026-07-27 11:39:40
4620,esp.1,2026-04-27,Espanyol,Levante,Betway,2.0,3.4,3.75,,,2026-07-27 11:39:40
4621,esp.1,2026-04-27,Espanyol,Levante,Ladbrokes,2.0,3.4,3.7,,,2026-07-27 11:39:40
4622,esp.1,2026-05-01,Girona,Mallorca,B365,2.05,3.4,3.75,1.85,2.0,2026-07-27 11:39:40
4623,esp.1,2026-05-01,Girona,Mallorca,Betway,2.05,3.5,3.5,,,2026-07-27 11:39:40
4624,esp.1,2026-05-01,Girona,Mallorca,Coral,2.05,3.5,3.5,,,2026-07-27 11:39:40
4625,esp.1,2026-05-01,Girona,Mallorca,Ladbrokes,2.05,3.5,3.5,,,2026-07-27 11:39:40
4626,esp.1,2026-05-02,Villarreal,Levante,B365,1.7,4.33,4.33,1.57,2.38,2026-07-27 11:39:40
4627,esp.1,2026-05-02,Villarreal,Levante,Betway,1.77,4.0,4.2,,,2026-07-27 11:39:40
4628,esp.1,2026-05-02,Villarreal,Levante,Coral,1.75,4.0,4.2,,,2026-07-27 11:39:40
4629,esp.1,2026-05-02,Villarreal,Levante,Ladbrokes,1.75,3.9,4.2,,,2026-07-27 11:39:40
4630,esp.1,2026-05-02,Valencia,Atlético de Madrid,B365,1.8,3.9,4.0,1.83,2.03,2026-07-27 11:39:40
4631,esp.1,2026-05-02,Valencia,Atlético de Madrid,Betway,1.8,3.75,4.2,,,2026-07-27 11:39:40
4632,esp.1,2026-05-02,Valencia,Atlético de Madrid,Ladbrokes,1.8,3.75,4.2,,,2026-07-27 11:39:40
4633,esp.1,2026-05-02,Alaves,Athletic Club,B365,2.7,3.4,2.55,2.0,1.8,2026-07-27 11:39:40
4634,esp.1,2026-05-02,Alaves,Athletic Club,Betway,2.7,3.3,2.55,,,2026-07-27 11:39:40
4635,esp.1,2026-05-02,Alaves,Athletic Club,Ladbrokes,2.7,3.3,2.6,,,2026-07-27 11:39:40
4636,esp.1,2026-05-02,Osasuna,Barcelona,B365,4.5,4.0,1.7,1.57,2.38,2026-07-27 11:39:40
4637,esp.1,2026-05-02,Osasuna,Barcelona,Betway,4.2,4.0,1.75,,,2026-07-27 11:39:40
4638,esp.1,2026-05-02,Osasuna,Barcelona,Coral,4.2,4.0,1.75,,,2026-07-27 11:39:40
4639,esp.1,2026-05-02,Osasuna,Barcelona,Ladbrokes,4.2,4.0,1.73,,,2026-07-27 11:39:40
4640,esp.1,2026-05-03,Celta de Vigo,Elche,B365,1.75,3.8,4.5,1.73,2.1,2026-07-27 11:39:40
4641,esp.1,2026-05-03,Celta de Vigo,Elche,Betway,1.78,3.9,4.2,,,2026-07-27 11:39:40
4642,esp.1,2026-05-03,Celta de Vigo,Elche,Coral,1.8,3.9,4.2,,,2026-07-27 11:39:40
4643,esp.1,2026-05-03,Celta de Vigo,Elche,Ladbrokes,1.8,3.9,4.2,,,2026-07-27 11:39:40
4644,esp.1,2026-05-03,Getafe,Rayo Vallecano,B365,1.91,3.3,4.2,2.75,1.44,2026-07-27 11:39:40
4645,esp.1,2026-05-03,Getafe,Rayo Vallecano,Betway,2.0,3.2,4.1,,,2026-07-27 11:39:40
4646,esp.1,2026-05-03,Getafe,Rayo Vallecano,Coral,2.0,3.2,4.0,,,2026-07-27 11:39:40
4647,esp.1,2026-05-03,Getafe,Rayo Vallecano,Ladbrokes,2.0,3.1,4.0,,,2026-07-27 11:39:40
4648,esp.1,2026-05-03,Real Betis,Oviedo,B365,1.57,4.1,5.75,1.88,1.98,2026-07-27 11:39:40
4649,esp.1,2026-05-03,Real Betis,Oviedo,Betway,1.58,4.0,5.75,,,2026-07-27 11:39:40
4650,esp.1,2026-05-03,Real Betis,Oviedo,Coral,1.57,4.0,5.75,,,2026-07-27 11:39:40
4651,esp.1,2026-05-03,Real Betis,Oviedo,Ladbrokes,1.57,4.0,5.75,,,2026-07-27 11:39:40
4652,esp.1,2026-05-03,Espanyol,Real Madrid,B365,4.5,3.9,1.73,1.57,2.38,2026-07-27 11:39:40
4653,esp.1,2026-05-03,Espanyol,Real Madrid,Betway,4.33,3.9,1.75,,,2026-07-27 11:39:40
4654,esp.1,2026-05-03,Espanyol,Real Madrid,Coral,4.33,3.9,1.75,,,2026-07-27 11:39:40
4655,esp.1,2026-05-03,Espanyol,Real Madrid,Ladbrokes,4.2,3.9,1.75,,,2026-07-27 11:39:40
4656,esp.1,2026-05-04,Sevilla,Real Sociedad,B365,2.38,3.5,2.9,1.98,1.88,2026-07-27 11:39:40
4657,esp.1,2026-05-04,Sevilla,Real Sociedad,Betway,2.45,3.3,2.87,,,2026-07-27 11:39:40
4658,esp.1,2026-05-04,Sevilla,Real Sociedad,Ladbrokes,2.45,3.3,2.87,,,2026-07-27 11:39:40
4659,esp.1,2026-05-08,Levante,Osasuna,B365,2.5,3.25,2.88,2.0,1.8,2026-07-27 11:39:40
4660,esp.1,2026-05-08,Levante,Osasuna,Betway,2.5,3.3,2.8,,,2026-07-27 11:39:40
4661,esp.1,2026-05-08,Levante,Osasuna,Coral,2.5,3.3,2.8,,,2026-07-27 11:39:40
4662,esp.1,2026-05-08,Levante,Osasuna,Ladbrokes,2.5,3.25,2.8,,,2026-07-27 11:39:40
4663,esp.1,2026-05-09,Elche,Alaves,B365,2.25,3.3,3.3,1.8,2.0,2026-07-27 11:39:40
4664,esp.1,2026-05-09,Elche,Alaves,Betway,2.25,3.3,3.2,,,2026-07-27 11:39:40
4665,esp.1,2026-05-09,Sevilla,Espanyol,B365,2.05,3.4,3.7,2.1,1.73,2026-07-27 11:39:40
4666,esp.1,2026-05-09,Sevilla,Espanyol,Betway,2.05,3.3,3.7,,,2026-07-27 11:39:40
4667,esp.1,2026-05-09,Sevilla,Espanyol,Coral,2.05,3.4,3.7,,,2026-07-27 11:39:40
4668,esp.1,2026-05-09,Sevilla,Espanyol,Ladbrokes,2.05,3.3,3.7,,,2026-07-27 11:39:40
4669,esp.1,2026-05-09,Atlético de Madrid,Celta de Vigo,B365,2.05,3.5,3.5,1.73,2.1,2026-07-27 11:39:40
4670,esp.1,2026-05-09,Atlético de Madrid,Celta de Vigo,Betway,2.05,3.6,3.4,,,2026-07-27 11:39:40
4671,esp.1,2026-05-09,Atlético de Madrid,Celta de Vigo,Coral,2.05,3.6,3.4,,,2026-07-27 11:39:40
4672,esp.1,2026-05-09,Atlético de Madrid,Celta de Vigo,Ladbrokes,2.05,3.5,3.4,,,2026-07-27 11:39:40
4673,esp.1,2026-05-09,Real Sociedad,Real Betis,B365,2.55,3.5,2.7,1.67,2.2,2026-07-27 11:39:40
4674,esp.1,2026-05-09,Real Sociedad,Real Betis,Betway,2.5,3.6,2.6,,,2026-07-27 11:39:40
4675,esp.1,2026-05-09,Real Sociedad,Real Betis,Coral,2.5,3.7,2.6,,,2026-07-27 11:39:40
4676,esp.1,2026-05-09,Real Sociedad,Real Betis,Ladbrokes,2.5,3.6,2.6,,,2026-07-27 11:39:40
4677,esp.1,2026-05-10,Mallorca,Villarreal,B365,2.3,3.5,3.0,1.73,2.1,2026-07-27 11:39:40
4678,esp.1,2026-05-10,Mallorca,Villarreal,Betway,2.37,3.6,2.8,,,2026-07-27 11:39:40
4679,esp.1,2026-05-10,Mallorca,Villarreal,Coral,2.37,3.6,2.8,,,2026-07-27 11:39:40
4680,esp.1,2026-05-10,Mallorca,Villarreal,Ladbrokes,2.37,3.5,2.75,,,2026-07-27 11:39:40
4681,esp.1,2026-05-10,Athletic Club,Valencia,B365,1.7,3.75,5.0,1.95,1.9,2026-07-27 11:39:40
4682,esp.1,2026-05-10,Athletic Club,Valencia,Betway,1.78,3.6,4.6,,,2026-07-27 11:39:40
4683,esp.1,2026-05-10,Athletic Club,Valencia,Coral,1.8,3.6,4.6,,,2026-07-27 11:39:40
4684,esp.1,2026-05-10,Athletic Club,Valencia,Ladbrokes,1.75,3.6,4.6,,,2026-07-27 11:39:40
4685,esp.1,2026-05-10,Oviedo,Getafe,B365,3.0,3.25,2.4,2.5,1.53,2026-07-27 11:39:40
4686,esp.1,2026-05-10,Oviedo,Getafe,Betway,3.2,3.0,2.4,,,2026-07-27 11:39:40
4687,esp.1,2026-05-10,Oviedo,Getafe,Coral,3.2,3.0,2.4,,,2026-07-27 11:39:40
4688,esp.1,2026-05-10,Oviedo,Getafe,Ladbrokes,3.1,3.0,2.4,,,2026-07-27 11:39:40
4689,esp.1,2026-05-10,Barcelona,Real Madrid,B365,1.62,5.0,4.33,1.25,4.0,2026-07-27 11:39:40
4690,esp.1,2026-05-10,Barcelona,Real Madrid,Betway,1.66,4.5,4.33,,,2026-07-27 11:39:40
4691,esp.1,2026-05-10,Barcelona,Real Madrid,Coral,1.65,4.5,4.33,,,2026-07-27 11:39:40
4692,esp.1,2026-05-10,Barcelona,Real Madrid,Ladbrokes,1.65,4.4,4.33,,,2026-07-27 11:39:40
4693,esp.1,2026-05-11,Rayo Vallecano,Girona,B365,2.3,3.5,3.0,1.83,2.03,2026-07-27 11:39:40
4694,esp.1,2026-05-11,Rayo Vallecano,Girona,Betway,2.35,3.4,2.95,,,2026-07-27 11:39:40
4695,esp.1,2026-05-11,Rayo Vallecano,Girona,Coral,2.37,3.4,3.0,,,2026-07-27 11:39:40
4696,esp.1,2026-05-11,Rayo Vallecano,Girona,Ladbrokes,2.37,3.3,2.9,,,2026-07-27 11:39:40
4697,esp.1,2026-05-12,Celta de Vigo,Levante,B365,1.8,3.8,4.2,1.8,2.0,2026-07-27 11:39:40
4698,esp.1,2026-05-12,Celta de Vigo,Levante,Betway,1.8,3.75,4.33,,,2026-07-27 11:39:40
4699,esp.1,2026-05-12,Celta de Vigo,Levante,Ladbrokes,1.8,3.7,4.2,,,2026-07-27 11:39:40
4700,esp.1,2026-05-12,Real Betis,Elche,B365,1.57,4.33,5.25,1.62,2.3,2026-07-27 11:39:40
4701,esp.1,2026-05-12,Real Betis,Elche,Betway,1.61,4.2,5.25,,,2026-07-27 11:39:40
4702,esp.1,2026-05-12,Real Betis,Elche,Ladbrokes,1.6,4.2,5.0,,,2026-07-27 11:39:40
4703,esp.1,2026-05-12,Osasuna,Atlético de Madrid,B365,2.55,3.5,2.63,1.73,2.1,2026-07-27 11:39:40
4704,esp.1,2026-05-12,Osasuna,Atlético de Madrid,Betway,2.5,3.5,2.65,,,2026-07-27 11:39:40
4705,esp.1,2026-05-12,Osasuna,Atlético de Madrid,Ladbrokes,2.5,3.5,2.62,,,2026-07-27 11:39:40
4706,esp.1,2026-05-13,Espanyol,Athletic Club,B365,2.63,3.3,2.7,2.2,1.67,2026-07-27 11:39:40
4707,esp.1,2026-05-13,Espanyol,Athletic Club,Betway,2.6,3.2,2.75,,,2026-07-27 11:39:40
4708,esp.1,2026-05-13,Espanyol,Athletic Club,Ladbrokes,2.6,3.2,2.7,,,2026-07-27 11:39:40
4709,esp.1,2026-05-13,Villarreal,Sevilla,B365,2.1,3.3,3.6,1.8,2.0,2026-07-27 11:39:40
4710,esp.1,2026-05-13,Villarreal,Sevilla,Betway,2.1,3.4,3.4,,,2026-07-27 11:39:40
4711,esp.1,2026-05-13,Villarreal,Sevilla,Ladbrokes,2.1,3.4,3.4,,,2026-07-27 11:39:40
4712,esp.1,2026-05-13,Alaves,Barcelona,B365,3.1,3.75,2.15,1.5,2.63,2026-07-27 11:39:40
4713,esp.1,2026-05-13,Alaves,Barcelona,Betway,3.1,3.8,2.1,,,2026-07-27 11:39:40
4714,esp.1,2026-05-13,Alaves,Barcelona,Coral,3.1,3.8,2.1,,,2026-07-27 11:39:40
4715,esp.1,2026-05-13,Alaves,Barcelona,Ladbrokes,3.1,3.75,2.1,,,2026-07-27 11:39:40
4716,esp.1,2026-05-13,Getafe,Mallorca,B365,2.2,3.2,3.5,2.63,1.5,2026-07-27 11:39:40
4717,esp.1,2026-05-13,Getafe,Mallorca,Betway,2.2,3.1,3.5,,,2026-07-27 11:39:40
4718,esp.1,2026-05-13,Getafe,Mallorca,Coral,2.2,3.1,3.5,,,2026-07-27 11:39:40
4719,esp.1,2026-05-13,Getafe,Mallorca,Ladbrokes,2.2,3.1,3.5,,,2026-07-27 11:39:40
4720,esp.1,2026-05-14,Valencia,Rayo Vallecano,B365,2.2,3.4,3.3,1.93,1.93,2026-07-27 11:39:40
4721,esp.1,2026-05-14,Valencia,Rayo Vallecano,Betway,2.2,3.4,3.25,,,2026-07-27 11:39:40
4722,esp.1,2026-05-14,Valencia,Rayo Vallecano,Coral,2.2,3.4,3.25,,,2026-07-27 11:39:40
4723,esp.1,2026-05-14,Valencia,Rayo Vallecano,Ladbrokes,2.2,3.3,3.2,,,2026-07-27 11:39:40
4724,esp.1,2026-05-14,Girona,Real Sociedad,B365,2.05,3.8,3.3,1.73,2.1,2026-07-27 11:39:40
4725,esp.1,2026-05-14,Girona,Real Sociedad,Betway,2.05,3.7,3.3,,,2026-07-27 11:39:40
4726,esp.1,2026-05-14,Girona,Real Sociedad,Coral,2.05,3.7,3.3,,,2026-07-27 11:39:40
4727,esp.1,2026-05-14,Girona,Real Sociedad,Ladbrokes,2.05,3.7,3.3,,,2026-07-27 11:39:40
4728,esp.1,2026-05-14,Real Madrid,Oviedo,B365,1.22,7.0,11.0,1.4,3.0,2026-07-27 11:39:40
4729,esp.1,2026-05-14,Real Madrid,Oviedo,Betway,1.26,6.25,10.0,,,2026-07-27 11:39:40
4730,esp.1,2026-05-14,Real Madrid,Oviedo,Coral,1.25,6.0,10.0,,,2026-07-27 11:39:40
4731,esp.1,2026-05-14,Real Madrid,Oviedo,Ladbrokes,1.25,6.0,10.0,,,2026-07-27 11:39:40
4732,esp.1,2026-05-17,Athletic Club,Celta de Vigo,B365,2.15,3.2,3.4,2.1,1.73,2026-07-27 11:39:40
4733,esp.1,2026-05-17,Athletic Club,Celta de Vigo,Betway,2.25,3.2,3.3,,,2026-07-27 11:39:40
4734,esp.1,2026-05-17,Athletic Club,Celta de Vigo,Coral,2.25,3.2,3.3,,,2026-07-27 11:39:40
4735,esp.1,2026-05-17,Athletic Club,Celta de Vigo,Ladbrokes,2.25,3.2,3.3,,,2026-07-27 11:39:40
4736,esp.1,2026-05-17,Atlético de Madrid,Girona,B365,1.73,3.6,4.5,1.73,2.1,2026-07-27 11:39:40
4737,esp.1,2026-05-17,Atlético de Madrid,Girona,Betway,1.78,3.8,4.2,,,2026-07-27 11:39:40
4738,esp.1,2026-05-17,Atlético de Madrid,Girona,Coral,1.8,3.8,4.2,,,2026-07-27 11:39:40
4739,esp.1,2026-05-17,Atlético de Madrid,Girona,Ladbrokes,1.75,3.8,4.2,,,2026-07-27 11:39:40
4740,esp.1,2026-05-17,Elche,Getafe,B365,2.2,3.0,3.4,2.75,1.44,2026-07-27 11:39:40
4741,esp.1,2026-05-17,Elche,Getafe,Betway,2.25,3.0,3.5,,,2026-07-27 11:39:40
4742,esp.1,2026-05-17,Elche,Getafe,Coral,2.25,3.0,3.6,,,2026-07-27 11:39:40
4743,esp.1,2026-05-17,Elche,Getafe,Ladbrokes,2.25,3.0,3.5,,,2026-07-27 11:39:40
4744,esp.1,2026-05-17,Levante,Mallorca,B365,2.1,3.4,3.3,1.91,1.91,2026-07-27 11:39:40
4745,esp.1,2026-05-17,Levante,Mallorca,Betway,2.2,3.4,3.3,,,2026-07-27 11:39:40
4746,esp.1,2026-05-17,Levante,Mallorca,Coral,2.2,3.4,3.3,,,2026-07-27 11:39:40
4747,esp.1,2026-05-17,Levante,Mallorca,Ladbrokes,2.2,3.3,3.25,,,2026-07-27 11:39:40
4748,esp.1,2026-05-17,Osasuna,Espanyol,B365,2.05,3.1,3.8,2.1,1.73,2026-07-27 11:39:40
4749,esp.1,2026-05-17,Osasuna,Espanyol,Betway,2.05,3.25,3.75,,,2026-07-27 11:39:40
4750,esp.1,2026-05-17,Osasuna,Espanyol,Coral,2.05,3.25,3.75,,,2026-07-27 11:39:40
4751,esp.1,2026-05-17,Osasuna,Espanyol,Ladbrokes,2.05,3.25,3.7,,,2026-07-27 11:39:40
4752,esp.1,2026-05-17,Oviedo,Alaves,B365,3.7,3.6,1.9,1.8,2.0,2026-07-27 11:39:40
4753,esp.1,2026-05-17,Oviedo,Alaves,Betway,3.75,3.6,1.93,,,2026-07-27 11:39:40
4754,esp.1,2026-05-17,Oviedo,Alaves,Coral,3.75,3.6,1.95,,,2026-07-27 11:39:40
4755,esp.1,2026-05-17,Oviedo,Alaves,Ladbrokes,3.75,3.6,1.91,,,2026-07-27 11:39:40
4756,esp.1,2026-05-17,Sevilla,Real Madrid,B365,3.0,3.5,2.15,1.73,2.1,2026-07-27 11:39:40
4757,esp.1,2026-05-17,Sevilla,Real Madrid,Betway,3.1,3.5,2.2,,,2026-07-27 11:39:40
4758,esp.1,2026-05-17,Sevilla,Real Madrid,Coral,3.1,3.5,2.2,,,2026-07-27 11:39:40
4759,esp.1,2026-05-17,Sevilla,Real Madrid,Ladbrokes,3.1,3.5,2.2,,,2026-07-27 11:39:40
4760,esp.1,2026-05-17,Real Sociedad,Valencia,B365,2.15,3.4,3.2,1.91,1.91,2026-07-27 11:39:40
4761,esp.1,2026-05-17,Real Sociedad,Valencia,Betway,2.15,3.4,3.3,,,2026-07-27 11:39:40
4762,esp.1,2026-05-17,Real Sociedad,Valencia,Coral,2.15,3.4,3.3,,,2026-07-27 11:39:40
4763,esp.1,2026-05-17,Real Sociedad,Valencia,Ladbrokes,2.15,3.4,3.3,,,2026-07-27 11:39:40
4764,esp.1,2026-05-17,Rayo Vallecano,Villarreal,B365,2.35,3.5,2.63,1.73,2.1,2026-07-27 11:39:40
4765,esp.1,2026-05-17,Rayo Vallecano,Villarreal,Betway,2.45,3.5,2.75,,,2026-07-27 11:39:40
4766,esp.1,2026-05-17,Rayo Vallecano,Villarreal,Coral,2.45,3.5,2.75,,,2026-07-27 11:39:40
4767,esp.1,2026-05-17,Rayo Vallecano,Villarreal,Ladbrokes,2.4,3.5,2.75,,,2026-07-27 11:39:40
4768,esp.1,2026-05-17,Barcelona,Real Betis,B365,1.33,6.0,7.5,1.33,3.4,2026-07-27 11:39:40
4769,esp.1,2026-05-17,Barcelona,Real Betis,Betway,1.38,5.5,6.75,,,2026-07-27 11:39:40
4770,esp.1,2026-05-17,Barcelona,Real Betis,Coral,1.4,5.5,6.5,,,2026-07-27 11:39:40
4771,esp.1,2026-05-17,Barcelona,Real Betis,Ladbrokes,1.36,5.5,6.5,,,2026-07-27 11:39:40
4772,esp.1,2026-05-23,Alaves,Rayo Vallecano,B365,2.45,3.4,2.8,1.98,1.88,2026-07-27 11:39:40
4773,esp.1,2026-05-23,Alaves,Rayo Vallecano,Betway,2.45,3.4,2.8,,,2026-07-27 11:39:40
4774,esp.1,2026-05-23,Alaves,Rayo Vallecano,Coral,2.45,3.4,2.8,,,2026-07-27 11:39:40
4775,esp.1,2026-05-23,Alaves,Rayo Vallecano,Ladbrokes,2.45,3.3,2.8,,,2026-07-27 11:39:40
4776,esp.1,2026-05-23,Real Betis,Levante,B365,2.25,3.2,3.4,1.73,2.1,2026-07-27 11:39:40
4777,esp.1,2026-05-23,Real Betis,Levante,Betway,2.2,3.25,3.4,,,2026-07-27 11:39:40
4778,esp.1,2026-05-23,Real Betis,Levante,Coral,2.2,3.25,3.4,,,2026-07-27 11:39:40
4779,esp.1,2026-05-23,Real Betis,Levante,Ladbrokes,2.2,3.25,3.4,,,2026-07-27 11:39:40
4780,esp.1,2026-05-23,Celta de Vigo,Sevilla,B365,1.73,3.8,4.75,1.91,1.91,2026-07-27 11:39:40
4781,esp.1,2026-05-23,Celta de Vigo,Sevilla,Betway,1.78,3.6,4.6,,,2026-07-27 11:39:40
4782,esp.1,2026-05-23,Celta de Vigo,Sevilla,Coral,1.8,3.6,4.6,,,2026-07-27 11:39:40
4783,esp.1,2026-05-23,Celta de Vigo,Sevilla,Ladbrokes,1.75,3.6,4.6,,,2026-07-27 11:39:40
4784,esp.1,2026-05-23,Espanyol,Real Sociedad,B365,2.45,3.5,2.75,1.85,2.0,2026-07-27 11:39:40
4785,esp.1,2026-05-23,Espanyol,Real Sociedad,Betway,2.5,3.4,2.75,,,2026-07-27 11:39:40
4786,esp.1,2026-05-23,Espanyol,Real Sociedad,Coral,2.5,3.4,2.75,,,2026-07-27 11:39:40
4787,esp.1,2026-05-23,Espanyol,Real Sociedad,Ladbrokes,2.45,3.4,2.75,,,2026-07-27 11:39:40
4788,esp.1,2026-05-23,Getafe,Osasuna,B365,2.45,2.88,3.4,2.75,1.44,2026-07-27 11:39:40
4789,esp.1,2026-05-23,Getafe,Osasuna,Betway,2.4,2.85,3.4,,,2026-07-27 11:39:40
4790,esp.1,2026-05-23,Getafe,Osasuna,Coral,2.4,2.87,3.4,,,2026-07-27 11:39:40
4791,esp.1,2026-05-23,Getafe,Osasuna,Ladbrokes,2.4,2.8,3.4,,,2026-07-27 11:39:40
4792,esp.1,2026-05-23,Girona,Elche,B365,1.8,3.9,4.2,1.73,2.1,2026-07-27 11:39:40
4793,esp.1,2026-05-23,Girona,Elche,Betway,1.78,4.0,4.0,,,2026-07-27 11:39:40
4794,esp.1,2026-05-23,Girona,Elche,Coral,1.8,4.0,4.0,,,2026-07-27 11:39:40
4795,esp.1,2026-05-23,Girona,Elche,Ladbrokes,1.8,4.0,4.0,,,2026-07-27 11:39:40
4796,esp.1,2026-05-23,Mallorca,Oviedo,B365,1.44,4.5,7.0,1.88,1.98,2026-07-27 11:39:40
4797,esp.1,2026-05-23,Mallorca,Oviedo,Betway,1.47,4.4,6.75,,,2026-07-27 11:39:40
4798,esp.1,2026-05-23,Mallorca,Oviedo,Coral,1.48,4.4,7.0,,,2026-07-27 11:39:40
4799,esp.1,2026-05-23,Mallorca,Oviedo,Ladbrokes,1.48,4.4,6.5,,,2026-07-27 11:39:40
4800,esp.1,2026-05-23,Real Madrid,Athletic Club,B365,1.5,4.75,5.75,1.5,2.63,2026-07-27 11:39:40
4801,esp.1,2026-05-23,Real Madrid,Athletic Club,Betway,1.5,4.75,5.75,,,2026-07-27 11:39:40
4802,esp.1,2026-05-23,Real Madrid,Athletic Club,Coral,1.5,4.8,5.75,,,2026-07-27 11:39:40
4803,esp.1,2026-05-23,Real Madrid,Athletic Club,Ladbrokes,1.5,4.6,5.5,,,2026-07-27 11:39:40
4804,esp.1,2026-05-23,Valencia,Barcelona,B365,3.6,4.2,1.85,1.44,2.75,2026-07-27 11:39:40
4805,esp.1,2026-05-23,Valencia,Barcelona,Betway,3.6,3.9,1.9,,,2026-07-27 11:39:40
4806,esp.1,2026-05-23,Valencia,Barcelona,Coral,3.6,3.9,1.91,,,2026-07-27 11:39:40
4807,esp.1,2026-05-23,Valencia,Barcelona,Ladbrokes,3.6,3.9,1.91,,,2026-07-27 11:39:40
4808,esp.1,2026-05-24,Villarreal,Atlético de Madrid,B365,2.45,3.6,2.75,1.5,2.63,2026-07-27 11:39:40
4809,esp.1,2026-05-24,Villarreal,Atlético de Madrid,Betway,2.45,3.8,2.6,,,2026-07-27 11:39:40
4810,esp.1,2026-05-24,Villarreal,Atlético de Madrid,Coral,2.45,3.8,2.6,,,2026-07-27 11:39:40
4811,esp.1,2026-05-24,Villarreal,Atlético de Madrid,Ladbrokes,2.4,3.75,2.6,,,2026-07-27 11:39:40
4812,ita.1,2025-08-23,Genoa,Lecce,B365,1.9,3.3,4.5,2.38,1.57,2026-07-27 11:39:40
4813,ita.1,2025-08-23,Genoa,Lecce,Pinnacle,1.93,3.43,4.47,2.44,1.58,2026-07-27 11:39:40
4814,ita.1,2025-08-23,Genoa,Lecce,Betway,1.95,3.25,4.2,,,2026-07-27 11:39:40
4815,ita.1,2025-08-23,Genoa,Lecce,Coral,1.95,3.25,4.2,,,2026-07-27 11:39:40
4816,ita.1,2025-08-23,Genoa,Lecce,Ladbrokes,1.95,3.25,4.2,,,2026-07-27 11:39:40
4817,ita.1,2025-08-23,Sassuolo,Napoli,B365,6.0,4.0,1.57,1.98,1.88,2026-07-27 11:39:40
4818,ita.1,2025-08-23,Sassuolo,Napoli,Pinnacle,6.35,3.93,1.6,2.02,1.88,2026-07-27 11:39:40
4819,ita.1,2025-08-23,Sassuolo,Napoli,Betway,5.75,4.0,1.57,,,2026-07-27 11:39:40
4820,ita.1,2025-08-23,Sassuolo,Napoli,Coral,5.75,4.0,1.57,,,2026-07-27 11:39:40
4821,ita.1,2025-08-23,Sassuolo,Napoli,Ladbrokes,5.75,4.0,1.57,,,2026-07-27 11:39:40
4822,ita.1,2025-08-23,AC Milan,Cremonese,B365,1.33,5.25,9.0,1.67,2.2,2026-07-27 11:39:40
4823,ita.1,2025-08-23,AC Milan,Cremonese,Pinnacle,1.36,5.42,8.57,1.66,2.31,2026-07-27 11:39:40
4824,ita.1,2025-08-23,AC Milan,Cremonese,Betway,1.36,5.0,8.25,,,2026-07-27 11:39:40
4825,ita.1,2025-08-23,AC Milan,Cremonese,Coral,1.36,5.0,8.0,,,2026-07-27 11:39:40
4826,ita.1,2025-08-23,AC Milan,Cremonese,Ladbrokes,1.35,5.0,8.0,,,2026-07-27 11:39:40
4827,ita.1,2025-08-23,AS Roma,Bologna,B365,2.1,3.3,3.5,2.1,1.73,2026-07-27 11:39:40
4828,ita.1,2025-08-23,AS Roma,Bologna,Pinnacle,2.13,3.32,3.79,2.16,1.75,2026-07-27 11:39:40
4829,ita.1,2025-08-23,AS Roma,Bologna,Betway,2.1,3.3,3.5,,,2026-07-27 11:39:40
4830,ita.1,2025-08-23,AS Roma,Bologna,Coral,2.15,3.3,3.5,,,2026-07-27 11:39:40
4831,ita.1,2025-08-23,AS Roma,Bologna,Ladbrokes,2.1,3.25,3.5,,,2026-07-27 11:39:40
4832,ita.1,2025-08-24,Cagliari,Fiorentina,B365,3.25,3.3,2.25,2.1,1.73,2026-07-27 11:39:40
4833,ita.1,2025-08-24,Cagliari,Fiorentina,Pinnacle,3.38,3.32,2.29,2.09,1.8,2026-07-27 11:39:40
4834,ita.1,2025-08-24,Cagliari,Fiorentina,Betway,3.0,3.3,2.3,,,2026-07-27 11:39:40
4835,ita.1,2025-08-24,Cagliari,Fiorentina,Coral,3.0,3.3,2.3,,,2026-07-27 11:39:40
4836,ita.1,2025-08-24,Cagliari,Fiorentina,Ladbrokes,3.0,3.3,2.3,,,2026-07-27 11:39:40
4837,ita.1,2025-08-24,Como,Lazio,B365,2.4,3.25,3.0,2.03,1.83,2026-07-27 11:39:40
4838,ita.1,2025-08-24,Como,Lazio,Pinnacle,2.49,3.37,3.0,2.03,1.86,2026-07-27 11:39:40
4839,ita.1,2025-08-24,Como,Lazio,Betway,2.5,3.3,2.8,,,2026-07-27 11:39:40
4840,ita.1,2025-08-24,Como,Lazio,Coral,2.5,3.3,2.8,,,2026-07-27 11:39:40
4841,ita.1,2025-08-24,Como,Lazio,Ladbrokes,2.5,3.3,2.75,,,2026-07-27 11:39:40
4842,ita.1,2025-08-24,Atalanta,Pisa,B365,1.4,5.0,7.0,1.67,2.2,2026-07-27 11:39:40
4843,ita.1,2025-08-24,Atalanta,Pisa,Pinnacle,1.42,4.94,7.54,1.68,2.27,2026-07-27 11:39:40
4844,ita.1,2025-08-24,Atalanta,Pisa,Betway,1.4,4.8,7.5,,,2026-07-27 11:39:40
4845,ita.1,2025-08-24,Atalanta,Pisa,Coral,1.4,4.8,7.5,,,2026-07-27 11:39:40
4846,ita.1,2025-08-24,Atalanta,Pisa,Ladbrokes,1.4,4.8,7.5,,,2026-07-27 11:39:40
4847,ita.1,2025-08-24,Juventus,Parma,B365,1.42,4.75,7.5,1.73,2.1,2026-07-27 11:39:40
4848,ita.1,2025-08-24,Juventus,Parma,Pinnacle,1.43,4.8,7.58,1.78,2.11,2026-07-27 11:39:40
4849,ita.1,2025-08-24,Juventus,Parma,Betway,1.43,4.6,7.0,,,2026-07-27 11:39:40
4850,ita.1,2025-08-24,Juventus,Parma,Coral,1.44,4.6,7.0,,,2026-07-27 11:39:40
4851,ita.1,2025-08-24,Juventus,Parma,Ladbrokes,1.44,4.6,7.0,,,2026-07-27 11:39:40
4852,ita.1,2025-08-25,Udinese,Hellas Verona,B365,1.95,3.3,4.1,2.2,1.67,2026-07-27 11:39:40
4853,ita.1,2025-08-25,Udinese,Hellas Verona,Pinnacle,1.98,3.46,4.17,2.21,1.72,2026-07-27 11:39:40
4854,ita.1,2025-08-25,Udinese,Hellas Verona,Betway,1.98,3.3,4.0,,,2026-07-27 11:39:40
4855,ita.1,2025-08-25,Udinese,Hellas Verona,Coral,2.0,3.3,4.0,,,2026-07-27 11:39:40
4856,ita.1,2025-08-25,Udinese,Hellas Verona,Ladbrokes,1.95,3.25,4.0,,,2026-07-27 11:39:40
4857,ita.1,2025-08-25,Inter Milan,Torino,B365,1.42,4.75,7.5,1.73,2.1,2026-07-27 11:39:40
4858,ita.1,2025-08-25,Inter Milan,Torino,Pinnacle,1.44,4.83,7.32,1.72,2.2,2026-07-27 11:39:40
4859,ita.1,2025-08-25,Inter Milan,Torino,Betway,1.43,4.6,7.25,,,2026-07-27 11:39:40
4860,ita.1,2025-08-25,Inter Milan,Torino,Coral,1.44,4.6,7.0,,,2026-07-27 11:39:40
4861,ita.1,2025-08-25,Inter Milan,Torino,Ladbrokes,1.44,4.6,7.0,,,2026-07-27 11:39:40
4862,ita.1,2025-08-29,Cremonese,Sassuolo,B365,2.6,3.2,2.75,2.1,1.73,2026-07-27 11:39:40
4863,ita.1,2025-08-29,Cremonese,Sassuolo,Pinnacle,2.66,3.25,2.9,2.14,1.78,2026-07-27 11:39:40
4864,ita.1,2025-08-29,Cremonese,Sassuolo,Betway,2.5,3.25,2.85,,,2026-07-27 11:39:40
4865,ita.1,2025-08-29,Cremonese,Sassuolo,Coral,2.5,3.25,2.87,,,2026-07-27 11:39:40
4866,ita.1,2025-08-29,Cremonese,Sassuolo,Ladbrokes,2.5,3.2,2.87,,,2026-07-27 11:39:40
4867,ita.1,2025-08-29,Lecce,AC Milan,B365,6.0,3.9,1.57,2.0,1.85,2026-07-27 11:39:40
4868,ita.1,2025-08-29,Lecce,AC Milan,Pinnacle,6.32,3.93,1.62,2.03,1.88,2026-07-27 11:39:40
4869,ita.1,2025-08-29,Lecce,AC Milan,Betway,5.75,4.0,1.58,,,2026-07-27 11:39:40
4870,ita.1,2025-08-29,Lecce,AC Milan,Coral,5.75,4.0,1.6,,,2026-07-27 11:39:40
4871,ita.1,2025-08-29,Lecce,AC Milan,Ladbrokes,5.75,3.9,1.57,,,2026-07-27 11:39:40
4872,ita.1,2025-08-30,Bologna,Como,B365,2.45,3.1,3.1,2.3,1.62,2026-07-27 11:39:40
4873,ita.1,2025-08-30,Bologna,Como,Pinnacle,2.53,3.13,3.14,2.33,1.66,2026-07-27 11:39:40
4874,ita.1,2025-08-30,Bologna,Como,Betway,2.45,3.1,3.0,,,2026-07-27 11:39:40
4875,ita.1,2025-08-30,Bologna,Como,Coral,2.45,3.1,3.0,,,2026-07-27 11:39:40
4876,ita.1,2025-08-30,Bologna,Como,Ladbrokes,2.45,3.1,3.0,,,2026-07-27 11:39:40
4877,ita.1,2025-08-30,Parma,Atalanta,B365,4.1,3.5,1.91,1.93,1.93,2026-07-27 11:39:40
4878,ita.1,2025-08-30,Parma,Atalanta,Pinnacle,3.99,3.57,1.98,1.91,1.97,2026-07-27 11:39:40
4879,ita.1,2025-08-30,Parma,Atalanta,Betway,3.8,3.5,1.98,,,2026-07-27 11:39:40
4880,ita.1,2025-08-30,Parma,Atalanta,Coral,3.8,3.5,2.0,,,2026-07-27 11:39:40
4881,ita.1,2025-08-30,Parma,Atalanta,Ladbrokes,3.8,3.4,1.95,,,2026-07-27 11:39:40
4882,ita.1,2025-08-30,Napoli,Cagliari,B365,1.3,5.0,11.0,1.85,2.0,2026-07-27 11:39:40
4883,ita.1,2025-08-30,Napoli,Cagliari,Pinnacle,1.32,5.39,10.32,1.88,2.0,2026-07-27 11:39:40
4884,ita.1,2025-08-30,Napoli,Cagliari,Betway,1.31,5.25,10.5,,,2026-07-27 11:39:40
4885,ita.1,2025-08-30,Napoli,Cagliari,Coral,1.3,5.25,10.0,,,2026-07-27 11:39:40
4886,ita.1,2025-08-30,Napoli,Cagliari,Ladbrokes,1.3,5.25,10.0,,,2026-07-27 11:39:40
4887,ita.1,2025-08-30,Pisa,AS Roma,B365,5.25,3.6,1.7,2.03,1.83,2026-07-27 11:39:40
4888,ita.1,2025-08-30,Pisa,AS Roma,Pinnacle,5.15,3.76,1.74,2.04,1.85,2026-07-27 11:39:40
4889,ita.1,2025-08-30,Pisa,AS Roma,Betway,4.75,3.7,1.73,,,2026-07-27 11:39:40
4890,ita.1,2025-08-30,Pisa,AS Roma,Coral,4.8,3.7,1.75,,,2026-07-27 11:39:40
4891,ita.1,2025-08-30,Pisa,AS Roma,Ladbrokes,4.6,3.7,1.73,,,2026-07-27 11:39:40
4892,ita.1,2025-08-31,Genoa,Juventus,B365,4.5,3.4,1.85,2.3,1.62,2026-07-27 11:39:40
4893,ita.1,2025-08-31,Genoa,Juventus,Pinnacle,4.51,3.48,1.9,2.41,1.62,2026-07-27 11:39:40
4894,ita.1,2025-08-31,Genoa,Juventus,Betway,4.4,3.3,1.87,,,2026-07-27 11:39:40
4895,ita.1,2025-08-31,Genoa,Juventus,Coral,4.4,3.3,1.85,,,2026-07-27 11:39:40
4896,ita.1,2025-08-31,Genoa,Juventus,Ladbrokes,4.4,3.3,1.85,,,2026-07-27 11:39:40
4897,ita.1,2025-08-31,Torino,Fiorentina,B365,3.2,3.1,2.4,2.3,1.62,2026-07-27 11:39:40
4898,ita.1,2025-08-31,Torino,Fiorentina,Pinnacle,3.21,3.16,2.47,2.42,1.61,2026-07-27 11:39:40
4899,ita.1,2025-08-31,Torino,Fiorentina,Betway,3.1,3.2,2.4,,,2026-07-27 11:39:40
4900,ita.1,2025-08-31,Torino,Fiorentina,Coral,3.1,3.2,2.4,,,2026-07-27 11:39:40
4901,ita.1,2025-08-31,Torino,Fiorentina,Ladbrokes,3.1,3.1,2.37,,,2026-07-27 11:39:40
4902,ita.1,2025-08-31,Inter Milan,Udinese,B365,1.3,5.25,9.5,1.62,2.3,2026-07-27 11:39:40
4903,ita.1,2025-08-31,Inter Milan,Udinese,Pinnacle,1.32,5.63,9.47,1.65,2.34,2026-07-27 11:39:40
4904,ita.1,2025-08-31,Inter Milan,Udinese,Betway,1.32,5.5,9.25,,,2026-07-27 11:39:40
4905,ita.1,2025-08-31,Inter Milan,Udinese,Coral,1.33,5.5,9.0,,,2026-07-27 11:39:40
4906,ita.1,2025-08-31,Inter Milan,Udinese,Ladbrokes,1.3,5.25,9.0,,,2026-07-27 11:39:40
4907,ita.1,2025-08-31,Lazio,Hellas Verona,B365,1.48,4.33,7.0,1.93,1.93,2026-07-27 11:39:40
4908,ita.1,2025-08-31,Lazio,Hellas Verona,Pinnacle,1.48,4.47,7.12,1.94,1.94,2026-07-27 11:39:40
4909,ita.1,2025-08-31,Lazio,Hellas Verona,Betway,1.46,4.4,7.0,,,2026-07-27 11:39:40
4910,ita.1,2025-08-31,Lazio,Hellas Verona,Coral,1.48,4.4,7.0,,,2026-07-27 11:39:40
4911,ita.1,2025-08-31,Lazio,Hellas Verona,Ladbrokes,1.44,4.4,7.0,,,2026-07-27 11:39:40
4912,ita.1,2025-09-13,Cagliari,Parma,B365,2.15,3.2,3.6,2.2,1.67,2026-07-27 11:39:40
4913,ita.1,2025-09-13,Cagliari,Parma,Pinnacle,2.2,3.24,3.7,2.32,1.66,2026-07-27 11:39:40
4914,ita.1,2025-09-13,Cagliari,Parma,Betway,2.15,3.2,3.5,,,2026-07-27 11:39:40
4915,ita.1,2025-09-13,Cagliari,Parma,Coral,2.15,3.2,3.5,,,2026-07-27 11:39:40
4916,ita.1,2025-09-13,Cagliari,Parma,Ladbrokes,2.15,3.2,3.5,,,2026-07-27 11:39:40
4917,ita.1,2025-09-13,Juventus,Inter Milan,B365,2.75,3.0,2.75,2.2,1.67,2026-07-27 11:39:40
4918,ita.1,2025-09-13,Juventus,Inter Milan,Pinnacle,2.84,3.07,2.82,2.26,1.69,2026-07-27 11:39:40
4919,ita.1,2025-09-13,Juventus,Inter Milan,Betway,2.7,3.0,2.75,,,2026-07-27 11:39:40
4920,ita.1,2025-09-13,Juventus,Inter Milan,Coral,2.75,3.0,2.75,,,2026-07-27 11:39:40
4921,ita.1,2025-09-13,Juventus,Inter Milan,Ladbrokes,2.7,3.0,2.75,,,2026-07-27 11:39:40
4922,ita.1,2025-09-13,Fiorentina,Napoli,B365,3.5,3.1,2.25,2.38,1.57,2026-07-27 11:39:40
4923,ita.1,2025-09-13,Fiorentina,Napoli,Pinnacle,3.56,3.17,2.29,2.48,1.58,2026-07-27 11:39:40
4924,ita.1,2025-09-13,Fiorentina,Napoli,Betway,3.4,3.1,2.25,,,2026-07-27 11:39:40
4925,ita.1,2025-09-13,Fiorentina,Napoli,Coral,3.4,3.1,2.25,,,2026-07-27 11:39:40
4926,ita.1,2025-09-13,Fiorentina,Napoli,Ladbrokes,3.4,3.1,2.2,,,2026-07-27 11:39:40
4927,ita.1,2025-09-14,AS Roma,Torino,B365,1.5,4.1,7.0,2.05,1.8,2026-07-27 11:39:40
4928,ita.1,2025-09-14,AS Roma,Torino,Pinnacle,1.52,4.24,6.88,2.07,1.81,2026-07-27 11:39:40
4929,ita.1,2025-09-14,AS Roma,Torino,Betway,1.52,4.1,6.5,,,2026-07-27 11:39:40
4930,ita.1,2025-09-14,AS Roma,Torino,Coral,1.53,4.0,6.5,,,2026-07-27 11:39:40
4931,ita.1,2025-09-14,AS Roma,Torino,Ladbrokes,1.53,4.0,6.5,,,2026-07-27 11:39:40
4932,ita.1,2025-09-14,Atalanta,Lecce,B365,1.4,4.5,8.5,1.8,2.0,2026-07-27 11:39:40
4933,ita.1,2025-09-14,Atalanta,Lecce,Pinnacle,1.41,5.07,7.5,1.81,2.06,2026-07-27 11:39:40
4934,ita.1,2025-09-14,Atalanta,Lecce,Betway,1.41,4.75,7.75,,,2026-07-27 11:39:40
4935,ita.1,2025-09-14,Atalanta,Lecce,Coral,1.4,4.6,7.5,,,2026-07-27 11:39:40
4936,ita.1,2025-09-14,Atalanta,Lecce,Ladbrokes,1.4,4.6,7.5,,,2026-07-27 11:39:40
4937,ita.1,2025-09-14,Pisa,Udinese,B365,2.75,3.1,2.75,2.3,1.62,2026-07-27 11:39:40
4938,ita.1,2025-09-14,Pisa,Udinese,Pinnacle,2.85,3.11,2.77,2.39,1.63,2026-07-27 11:39:40
4939,ita.1,2025-09-14,Pisa,Udinese,Betway,2.8,3.1,2.6,,,2026-07-27 11:39:40
4940,ita.1,2025-09-14,Pisa,Udinese,Coral,2.8,3.1,2.6,,,2026-07-27 11:39:40
4941,ita.1,2025-09-14,Pisa,Udinese,Ladbrokes,2.8,3.1,2.6,,,2026-07-27 11:39:40
4942,ita.1,2025-09-14,Sassuolo,Lazio,B365,3.5,3.6,2.05,1.9,1.95,2026-07-27 11:39:40
4943,ita.1,2025-09-14,Sassuolo,Lazio,Pinnacle,3.69,3.5,2.1,1.94,1.94,2026-07-27 11:39:40
4944,ita.1,2025-09-14,Sassuolo,Lazio,Betway,3.5,3.5,2.05,,,2026-07-27 11:39:40
4945,ita.1,2025-09-14,Sassuolo,Lazio,Coral,3.5,3.5,2.05,,,2026-07-27 11:39:40
4946,ita.1,2025-09-14,Sassuolo,Lazio,Ladbrokes,3.5,3.4,2.05,,,2026-07-27 11:39:40
4947,ita.1,2025-09-14,AC Milan,Bologna,B365,1.91,3.4,4.2,2.0,1.85,2026-07-27 11:39:40
4948,ita.1,2025-09-14,AC Milan,Bologna,Pinnacle,1.91,3.52,4.42,2.0,1.88,2026-07-27 11:39:40
4949,ita.1,2025-09-14,AC Milan,Bologna,Betway,1.93,3.5,3.9,,,2026-07-27 11:39:40
4950,ita.1,2025-09-14,AC Milan,Bologna,Coral,1.91,3.5,3.9,,,2026-07-27 11:39:40
4951,ita.1,2025-09-14,AC Milan,Bologna,Ladbrokes,1.91,3.5,3.9,,,2026-07-27 11:39:40
4952,ita.1,2025-09-15,Hellas Verona,Cremonese,B365,2.38,3.1,3.2,2.3,1.62,2026-07-27 11:39:40
4953,ita.1,2025-09-15,Hellas Verona,Cremonese,Pinnacle,2.48,3.13,3.23,2.41,1.61,2026-07-27 11:39:40
4954,ita.1,2025-09-15,Hellas Verona,Cremonese,Betway,2.3,3.2,3.25,,,2026-07-27 11:39:40
4955,ita.1,2025-09-15,Hellas Verona,Cremonese,Coral,2.3,3.2,3.25,,,2026-07-27 11:39:40
4956,ita.1,2025-09-15,Hellas Verona,Cremonese,Ladbrokes,2.3,3.1,3.2,,,2026-07-27 11:39:40
4957,ita.1,2025-09-15,Como,Genoa,B365,1.62,3.75,6.0,2.1,1.73,2026-07-27 11:39:40
4958,ita.1,2025-09-15,Como,Genoa,Pinnacle,1.67,3.75,5.86,2.19,1.73,2026-07-27 11:39:40
4959,ita.1,2025-09-15,Como,Genoa,Betway,1.65,3.7,5.75,,,2026-07-27 11:39:40
4960,ita.1,2025-09-15,Como,Genoa,Coral,1.65,3.7,5.75,,,2026-07-27 11:39:40
4961,ita.1,2025-09-15,Como,Genoa,Ladbrokes,1.65,3.7,5.5,,,2026-07-27 11:39:40
4962,ita.1,2025-09-19,Lecce,Cagliari,B365,2.88,2.9,2.75,2.5,1.53,2026-07-27 11:39:40
4963,ita.1,2025-09-19,Lecce,Cagliari,Pinnacle,2.91,2.96,2.85,2.67,1.5,2026-07-27 11:39:40
4964,ita.1,2025-09-19,Lecce,Cagliari,Betway,2.8,2.9,2.8,,,2026-07-27 11:39:40
4965,ita.1,2025-09-19,Lecce,Cagliari,Coral,2.8,2.9,2.8,,,2026-07-27 11:39:40
4966,ita.1,2025-09-19,Lecce,Cagliari,Ladbrokes,2.75,2.9,2.8,,,2026-07-27 11:39:40
4967,ita.1,2025-09-20,Bologna,Genoa,B365,1.83,3.2,5.25,2.5,1.53,2026-07-27 11:39:40
4968,ita.1,2025-09-20,Bologna,Genoa,Pinnacle,1.87,3.37,4.93,2.51,1.55,2026-07-27 11:39:40
4969,ita.1,2025-09-20,Bologna,Genoa,Betway,1.82,3.3,4.8,,,2026-07-27 11:39:40
4970,ita.1,2025-09-20,Bologna,Genoa,Coral,1.83,3.3,4.8,,,2026-07-27 11:39:40
4971,ita.1,2025-09-20,Bologna,Genoa,Ladbrokes,1.8,3.3,4.8,,,2026-07-27 11:39:40
4972,ita.1,2025-09-20,Hellas Verona,Juventus,B365,6.5,3.9,1.55,2.2,1.67,2026-07-27 11:39:40
4973,ita.1,2025-09-20,Hellas Verona,Juventus,Pinnacle,6.7,3.98,1.57,2.26,1.68,2026-07-27 11:39:40
4974,ita.1,2025-09-20,Hellas Verona,Juventus,Betway,6.5,3.9,1.57,,,2026-07-27 11:39:40
4975,ita.1,2025-09-20,Hellas Verona,Juventus,Coral,6.5,3.9,1.57,,,2026-07-27 11:39:40
4976,ita.1,2025-09-20,Hellas Verona,Juventus,Ladbrokes,6.5,3.8,1.55,,,2026-07-27 11:39:40
4977,ita.1,2025-09-20,Udinese,AC Milan,B365,4.33,3.6,1.83,2.1,1.73,2026-07-27 11:39:40
4978,ita.1,2025-09-20,Udinese,AC Milan,Pinnacle,4.47,3.63,1.86,2.12,1.78,2026-07-27 11:39:40
4979,ita.1,2025-09-20,Udinese,AC Milan,Betway,4.33,3.6,1.82,,,2026-07-27 11:39:40
4980,ita.1,2025-09-20,Udinese,AC Milan,Coral,4.33,3.6,1.83,,,2026-07-27 11:39:40
4981,ita.1,2025-09-20,Udinese,AC Milan,Ladbrokes,4.2,3.6,1.8,,,2026-07-27 11:39:40
4982,ita.1,2025-09-21,Lazio,AS Roma,B365,2.8,3.1,2.63,2.3,1.62,2026-07-27 11:39:40
4983,ita.1,2025-09-21,Lazio,AS Roma,Pinnacle,2.96,3.12,2.67,2.33,1.65,2026-07-27 11:39:40
4984,ita.1,2025-09-21,Lazio,AS Roma,Betway,2.8,3.2,2.6,,,2026-07-27 11:39:40
4985,ita.1,2025-09-21,Lazio,AS Roma,Coral,2.8,3.2,2.6,,,2026-07-27 11:39:40
4986,ita.1,2025-09-21,Lazio,AS Roma,Ladbrokes,2.75,3.1,2.6,,,2026-07-27 11:39:40
4987,ita.1,2025-09-21,Cremonese,Parma,B365,2.55,3.2,2.88,2.2,1.67,2026-07-27 11:39:40
4988,ita.1,2025-09-21,Cremonese,Parma,Pinnacle,2.6,3.2,2.98,2.3,1.67,2026-07-27 11:39:40
4989,ita.1,2025-09-21,Cremonese,Parma,Betway,2.55,3.1,2.87,,,2026-07-27 11:39:40
4990,ita.1,2025-09-21,Cremonese,Parma,Coral,2.5,3.2,2.87,,,2026-07-27 11:39:40
4991,ita.1,2025-09-21,Cremonese,Parma,Ladbrokes,2.5,3.1,2.87,,,2026-07-27 11:39:40
4992,ita.1,2025-09-21,Torino,Atalanta,B365,3.25,3.4,2.2,2.2,1.67,2026-07-27 11:39:40
4993,ita.1,2025-09-21,Torino,Atalanta,Pinnacle,3.38,3.36,2.27,2.29,1.68,2026-07-27 11:39:40
4994,ita.1,2025-09-21,Torino,Atalanta,Betway,3.5,3.3,2.15,,,2026-07-27 11:39:40
4995,ita.1,2025-09-21,Torino,Atalanta,Coral,3.3,3.1,2.05,,,2026-07-27 11:39:40
4996,ita.1,2025-09-21,Torino,Atalanta,Ladbrokes,3.5,3.25,2.15,,,2026-07-27 11:39:40
4997,ita.1,2025-09-21,Fiorentina,Como,B365,2.6,3.2,2.8,2.1,1.73,2026-07-27 11:39:40
4998,ita.1,2025-09-21,Fiorentina,Como,Pinnacle,2.64,3.28,2.87,2.12,1.78,2026-07-27 11:39:40
4999,ita.1,2025-09-21,Fiorentina,Como,Betway,2.6,3.25,2.7,,,2026-07-27 11:39:40
5000,ita.1,2025-09-21,Fiorentina,Como,Coral,2.62,3.25,2.7,,,2026-07-27 11:39:40
5001,ita.1,2025-09-21,Fiorentina,Como,Ladbrokes,2.6,3.2,2.7,,,2026-07-27 11:39:40
5002,ita.1,2025-09-21,Inter Milan,Sassuolo,B365,1.29,5.5,12.0,1.57,2.38,2026-07-27 11:39:40
5003,ita.1,2025-09-21,Inter Milan,Sassuolo,Pinnacle,1.3,5.67,10.37,1.6,2.41,2026-07-27 11:39:40
5004,ita.1,2025-09-21,Inter Milan,Sassuolo,Betway,1.28,5.75,10.5,,,2026-07-27 11:39:40
5005,ita.1,2025-09-21,Inter Milan,Sassuolo,Coral,1.28,5.75,10.0,,,2026-07-27 11:39:40
5006,ita.1,2025-09-21,Inter Milan,Sassuolo,Ladbrokes,1.28,5.75,10.0,,,2026-07-27 11:39:40
5007,ita.1,2025-09-22,Napoli,Pisa,B365,1.27,5.75,12.0,1.83,2.03,2026-07-27 11:39:40
5008,ita.1,2025-09-22,Napoli,Pisa,Pinnacle,1.26,6.13,12.94,1.82,2.05,2026-07-27 11:39:40
5009,ita.1,2025-09-22,Napoli,Pisa,Betway,1.26,5.75,12.0,,,2026-07-27 11:39:40
5010,ita.1,2025-09-22,Napoli,Pisa,Coral,1.25,5.75,12.0,,,2026-07-27 11:39:40
5011,ita.1,2025-09-22,Napoli,Pisa,Ladbrokes,1.25,5.75,12.0,,,2026-07-27 11:39:40
5012,ita.1,2025-09-27,Como,Cremonese,B365,1.45,4.33,8.0,1.88,1.98,2026-07-27 11:39:40
5013,ita.1,2025-09-27,Como,Cremonese,Pinnacle,1.47,4.63,7.03,1.87,2.02,2026-07-27 11:39:40
5014,ita.1,2025-09-27,Como,Cremonese,Betway,1.47,4.33,7.0,,,2026-07-27 11:39:40
5015,ita.1,2025-09-27,Como,Cremonese,Coral,1.48,4.33,7.0,,,2026-07-27 11:39:40
5016,ita.1,2025-09-27,Como,Cremonese,Ladbrokes,1.48,4.2,7.0,,,2026-07-27 11:39:40
5017,ita.1,2025-09-27,Juventus,Atalanta,B365,1.85,3.6,4.2,2.03,1.83,2026-07-27 11:39:40
5018,ita.1,2025-09-27,Juventus,Atalanta,Pinnacle,1.88,3.71,4.28,2.03,1.86,2026-07-27 11:39:40
5019,ita.1,2025-09-27,Juventus,Atalanta,Betway,1.88,3.5,4.2,,,2026-07-27 11:39:40
5020,ita.1,2025-09-27,Juventus,Atalanta,Coral,1.91,3.5,4.2,,,2026-07-27 11:39:40
5021,ita.1,2025-09-27,Juventus,Atalanta,Ladbrokes,1.85,3.5,4.2,,,2026-07-27 11:39:40
5022,ita.1,2025-09-27,Cagliari,Inter Milan,B365,6.0,4.2,1.53,1.8,2.0,2026-07-27 11:39:40
5023,ita.1,2025-09-27,Cagliari,Inter Milan,Pinnacle,5.98,4.42,1.55,1.78,2.11,2026-07-27 11:39:40
5024,ita.1,2025-09-27,Cagliari,Inter Milan,Betway,5.75,4.2,1.55,,,2026-07-27 11:39:40
5025,ita.1,2025-09-27,Cagliari,Inter Milan,Coral,5.75,4.2,1.57,,,2026-07-27 11:39:40
5026,ita.1,2025-09-27,Cagliari,Inter Milan,Ladbrokes,5.75,4.2,1.55,,,2026-07-27 11:39:40
5027,ita.1,2025-09-28,Sassuolo,Udinese,B365,2.3,3.2,3.3,2.1,1.73,2026-07-27 11:39:40
5028,ita.1,2025-09-28,Sassuolo,Udinese,Pinnacle,2.37,3.33,3.22,2.16,1.75,2026-07-27 11:39:40
5029,ita.1,2025-09-28,Sassuolo,Udinese,Betway,2.3,3.25,3.1,,,2026-07-27 11:39:40
5030,ita.1,2025-09-28,Sassuolo,Udinese,Coral,2.3,3.25,3.2,,,2026-07-27 11:39:40
5031,ita.1,2025-09-28,Sassuolo,Udinese,Ladbrokes,2.3,3.25,3.1,,,2026-07-27 11:39:40
5032,ita.1,2025-09-28,Pisa,Fiorentina,B365,3.3,3.25,2.25,2.2,1.67,2026-07-27 11:39:40
5033,ita.1,2025-09-28,Pisa,Fiorentina,Pinnacle,3.47,3.33,2.25,2.32,1.66,2026-07-27 11:39:40
5034,ita.1,2025-09-28,Pisa,Fiorentina,Betway,3.25,3.2,2.3,,,2026-07-27 11:39:40
5035,ita.1,2025-09-28,Pisa,Fiorentina,Coral,3.25,3.2,2.3,,,2026-07-27 11:39:40
5036,ita.1,2025-09-28,Pisa,Fiorentina,Ladbrokes,3.2,3.2,2.25,,,2026-07-27 11:39:40
5037,ita.1,2025-09-28,AS Roma,Hellas Verona,B365,1.42,4.2,8.5,2.1,1.73,2026-07-27 11:39:40
5038,ita.1,2025-09-28,AS Roma,Hellas Verona,Pinnacle,1.47,4.41,7.5,2.1,1.79,2026-07-27 11:39:40
5039,ita.1,2025-09-28,AS Roma,Hellas Verona,Betway,1.44,4.2,8.0,,,2026-07-27 11:39:40
5040,ita.1,2025-09-28,AS Roma,Hellas Verona,Coral,1.44,4.2,8.0,,,2026-07-27 11:39:40
5041,ita.1,2025-09-28,AS Roma,Hellas Verona,Ladbrokes,1.44,4.2,8.0,,,2026-07-27 11:39:40
5042,ita.1,2025-09-28,Lecce,Bologna,B365,4.2,3.0,2.05,2.5,1.53,2026-07-27 11:39:40
5043,ita.1,2025-09-28,Lecce,Bologna,Pinnacle,4.17,3.19,2.08,2.56,1.53,2026-07-27 11:39:40
5044,ita.1,2025-09-28,Lecce,Bologna,Betway,4.0,3.0,2.1,,,2026-07-27 11:39:40
5045,ita.1,2025-09-28,Lecce,Bologna,Coral,4.0,3.0,2.1,,,2026-07-27 11:39:40
5046,ita.1,2025-09-28,Lecce,Bologna,Ladbrokes,3.9,3.0,2.1,,,2026-07-27 11:39:40
5047,ita.1,2025-09-28,AC Milan,Napoli,B365,2.35,3.1,3.2,2.1,1.73,2026-07-27 11:39:40
5048,ita.1,2025-09-28,AC Milan,Napoli,Pinnacle,2.34,3.3,3.3,2.19,1.73,2026-07-27 11:39:40
5049,ita.1,2025-09-28,AC Milan,Napoli,Betway,2.4,3.2,3.0,,,2026-07-27 11:39:40
5050,ita.1,2025-09-28,AC Milan,Napoli,Coral,2.4,3.2,3.0,,,2026-07-27 11:39:40
5051,ita.1,2025-09-28,AC Milan,Napoli,Ladbrokes,2.37,3.2,3.0,,,2026-07-27 11:39:40
5052,ita.1,2025-09-29,Parma,Torino,B365,2.3,3.1,3.4,2.2,1.67,2026-07-27 11:39:40
5053,ita.1,2025-09-29,Parma,Torino,Pinnacle,2.34,3.19,3.42,2.24,1.7,2026-07-27 11:39:40
5054,ita.1,2025-09-29,Parma,Torino,Betway,2.15,3.25,3.4,,,2026-07-27 11:39:40
5055,ita.1,2025-09-29,Parma,Torino,Coral,2.15,3.25,3.4,,,2026-07-27 11:39:40
5056,ita.1,2025-09-29,Parma,Torino,Ladbrokes,2.15,3.25,3.4,,,2026-07-27 11:39:40
5057,ita.1,2025-09-29,Genoa,Lazio,B365,3.0,3.0,2.6,2.3,1.62,2026-07-27 11:39:40
5058,ita.1,2025-09-29,Genoa,Lazio,Pinnacle,3.02,3.12,2.63,2.4,1.62,2026-07-27 11:39:40
5059,ita.1,2025-09-29,Genoa,Lazio,Betway,2.95,3.1,2.5,,,2026-07-27 11:39:40
5060,ita.1,2025-09-29,Genoa,Lazio,Coral,3.0,3.1,2.5,,,2026-07-27 11:39:40
5061,ita.1,2025-09-29,Genoa,Lazio,Ladbrokes,2.9,3.1,2.45,,,2026-07-27 11:39:40
5062,ita.1,2025-10-03,Hellas Verona,Sassuolo,B365,2.5,3.1,3.0,2.3,1.62,2026-07-27 11:39:40
5063,ita.1,2025-10-03,Hellas Verona,Sassuolo,Pinnacle,2.68,3.15,2.92,2.3,1.67,2026-07-27 11:39:40
5064,ita.1,2025-10-03,Hellas Verona,Sassuolo,Betway,2.45,3.1,3.0,,,2026-07-27 11:39:40
5065,ita.1,2025-10-03,Hellas Verona,Sassuolo,Coral,2.5,3.1,3.0,,,2026-07-27 11:39:40
5066,ita.1,2025-10-03,Hellas Verona,Sassuolo,Ladbrokes,2.45,3.1,3.0,,,2026-07-27 11:39:40
5067,ita.1,2025-10-04,Lazio,Torino,B365,1.7,3.6,5.25,2.1,1.73,2026-07-27 11:39:40
5068,ita.1,2025-10-04,Lazio,Torino,Pinnacle,1.72,3.53,5.74,2.15,1.75,2026-07-27 11:39:40
5069,ita.1,2025-10-04,Lazio,Torino,Betway,1.73,3.6,5.0,,,2026-07-27 11:39:40
5070,ita.1,2025-10-04,Lazio,Torino,Coral,1.73,3.6,5.0,,,2026-07-27 11:39:40
5071,ita.1,2025-10-04,Lazio,Torino,Ladbrokes,1.73,3.6,4.8,,,2026-07-27 11:39:40
5072,ita.1,2025-10-04,Parma,Lecce,B365,1.85,3.7,4.1,2.2,1.67,2026-07-27 11:39:40
5073,ita.1,2025-10-04,Parma,Lecce,Pinnacle,1.85,3.68,4.45,2.25,1.69,2026-07-27 11:39:40
5074,ita.1,2025-10-04,Parma,Lecce,Betway,1.82,3.5,4.4,,,2026-07-27 11:39:40
5075,ita.1,2025-10-04,Parma,Lecce,Coral,1.83,3.5,4.5,,,2026-07-27 11:39:40
5076,ita.1,2025-10-04,Parma,Lecce,Ladbrokes,1.83,3.5,4.4,,,2026-07-27 11:39:40
5077,ita.1,2025-10-04,Inter Milan,Cremonese,B365,1.2,6.5,15.0,1.5,2.63,2026-07-27 11:39:40
5078,ita.1,2025-10-04,Inter Milan,Cremonese,Pinnacle,1.21,7.35,12.7,1.48,2.66,2026-07-27 11:39:40
5079,ita.1,2025-10-04,Inter Milan,Cremonese,Betway,1.2,7.0,14.0,,,2026-07-27 11:39:40
5080,ita.1,2025-10-04,Inter Milan,Cremonese,Coral,1.2,7.0,13.0,,,2026-07-27 11:39:40
5081,ita.1,2025-10-04,Inter Milan,Cremonese,Ladbrokes,1.2,7.0,13.0,,,2026-07-27 11:39:40
5082,ita.1,2025-10-04,Atalanta,Como,B365,2.2,3.4,3.25,1.73,2.1,2026-07-27 11:39:40
5083,ita.1,2025-10-04,Atalanta,Como,Pinnacle,2.27,3.4,3.35,1.81,2.08,2026-07-27 11:39:40
5084,ita.1,2025-10-04,Atalanta,Como,Betway,2.2,3.4,3.2,,,2026-07-27 11:39:40
5085,ita.1,2025-10-04,Atalanta,Como,Coral,2.2,3.4,3.2,,,2026-07-27 11:39:40
5086,ita.1,2025-10-04,Atalanta,Como,Ladbrokes,2.2,3.4,3.2,,,2026-07-27 11:39:40
5087,ita.1,2025-10-05,Udinese,Cagliari,B365,2.15,3.2,3.6,2.3,1.62,2026-07-27 11:39:40
5088,ita.1,2025-10-05,Udinese,Cagliari,Pinnacle,2.19,3.16,3.83,2.43,1.61,2026-07-27 11:39:40
5089,ita.1,2025-10-05,Udinese,Cagliari,Betway,2.2,3.2,3.5,,,2026-07-27 11:39:40
5090,ita.1,2025-10-05,Udinese,Cagliari,Coral,2.2,3.2,3.5,,,2026-07-27 11:39:40
5091,ita.1,2025-10-05,Udinese,Cagliari,Ladbrokes,2.2,3.2,3.4,,,2026-07-27 11:39:40
5092,ita.1,2025-10-05,Bologna,Pisa,B365,1.6,3.9,5.75,2.2,1.67,2026-07-27 11:39:40
5093,ita.1,2025-10-05,Bologna,Pisa,Pinnacle,1.63,3.83,6.17,2.23,1.7,2026-07-27 11:39:40
5094,ita.1,2025-10-05,Bologna,Pisa,Betway,1.6,3.8,6.0,,,2026-07-27 11:39:40
5095,ita.1,2025-10-05,Bologna,Pisa,Coral,1.6,3.8,6.0,,,2026-07-27 11:39:40
5096,ita.1,2025-10-05,Bologna,Pisa,Ladbrokes,1.6,3.75,5.75,,,2026-07-27 11:39:40
5097,ita.1,2025-10-05,Fiorentina,AS Roma,B365,3.0,3.3,2.4,2.0,1.8,2026-07-27 11:39:40
5098,ita.1,2025-10-05,Fiorentina,AS Roma,Pinnacle,3.07,3.26,2.5,2.2,1.72,2026-07-27 11:39:40
5099,ita.1,2025-10-05,Fiorentina,AS Roma,Betway,2.9,3.3,2.4,,,2026-07-27 11:39:40
5100,ita.1,2025-10-05,Fiorentina,AS Roma,Coral,2.9,3.3,2.4,,,2026-07-27 11:39:40
5101,ita.1,2025-10-05,Fiorentina,AS Roma,Ladbrokes,2.9,3.3,2.37,,,2026-07-27 11:39:40
5102,ita.1,2025-10-05,Napoli,Genoa,B365,1.48,4.0,8.0,2.2,1.67,2026-07-27 11:39:40
5103,ita.1,2025-10-05,Napoli,Genoa,Pinnacle,1.5,4.04,8.09,2.32,1.65,2026-07-27 11:39:40
5104,ita.1,2025-10-05,Napoli,Genoa,Betway,1.49,4.0,7.25,,,2026-07-27 11:39:40
5105,ita.1,2025-10-05,Napoli,Genoa,Coral,1.5,4.0,7.0,,,2026-07-27 11:39:40
5106,ita.1,2025-10-05,Napoli,Genoa,Ladbrokes,1.5,4.0,7.0,,,2026-07-27 11:39:40
5107,ita.1,2025-10-05,Juventus,AC Milan,B365,2.7,3.2,2.7,2.1,1.73,2026-07-27 11:39:40
5108,ita.1,2025-10-05,Juventus,AC Milan,Pinnacle,2.78,3.21,2.76,2.12,1.78,2026-07-27 11:39:40
5109,ita.1,2025-10-05,Juventus,AC Milan,Betway,2.6,3.25,2.7,,,2026-07-27 11:39:40
5110,ita.1,2025-10-05,Juventus,AC Milan,Coral,2.62,3.3,2.7,,,2026-07-27 11:39:40
5111,ita.1,2025-10-05,Juventus,AC Milan,Ladbrokes,2.6,3.25,2.7,,,2026-07-27 11:39:40
5112,ita.1,2025-10-18,Lecce,Sassuolo,B365,2.9,3.2,2.5,2.2,1.67,2026-07-27 11:39:40
5113,ita.1,2025-10-18,Lecce,Sassuolo,Pinnacle,3.03,3.12,2.62,2.35,1.65,2026-07-27 11:39:40
5114,ita.1,2025-10-18,Lecce,Sassuolo,Betway,2.95,3.2,2.5,,,2026-07-27 11:39:40
5115,ita.1,2025-10-18,Lecce,Sassuolo,Coral,2.9,3.2,2.5,,,2026-07-27 11:39:40
5116,ita.1,2025-10-18,Lecce,Sassuolo,Ladbrokes,2.9,3.2,2.45,,,2026-07-27 11:39:40
5117,ita.1,2025-10-18,Pisa,Hellas Verona,B365,2.55,3.1,2.9,2.38,1.57,2026-07-27 11:39:40
5118,ita.1,2025-10-18,Pisa,Hellas Verona,Pinnacle,2.64,3.15,2.97,2.47,1.58,2026-07-27 11:39:40
5119,ita.1,2025-10-18,Pisa,Hellas Verona,Betway,2.5,3.1,2.95,,,2026-07-27 11:39:40
5120,ita.1,2025-10-18,Pisa,Hellas Verona,Coral,2.5,3.1,2.9,,,2026-07-27 11:39:40
5121,ita.1,2025-10-18,Pisa,Hellas Verona,Ladbrokes,2.5,3.1,2.9,,,2026-07-27 11:39:40
5122,ita.1,2025-10-18,Torino,Napoli,B365,5.25,3.3,1.8,2.2,1.67,2026-07-27 11:39:40
5123,ita.1,2025-10-18,Torino,Napoli,Pinnacle,5.69,3.25,1.81,2.27,1.68,2026-07-27 11:39:40
5124,ita.1,2025-10-18,Torino,Napoli,Betway,4.8,3.5,1.75,,,2026-07-27 11:39:40
5125,ita.1,2025-10-18,Torino,Napoli,Coral,4.8,3.5,1.75,,,2026-07-27 11:39:40
5126,ita.1,2025-10-18,Torino,Napoli,Ladbrokes,4.8,3.5,1.75,,,2026-07-27 11:39:40
5127,ita.1,2025-10-18,AS Roma,Inter Milan,B365,3.3,3.25,2.25,2.1,1.73,2026-07-27 11:39:40
5128,ita.1,2025-10-18,AS Roma,Inter Milan,Pinnacle,3.45,3.22,2.31,2.15,1.76,2026-07-27 11:39:40
5129,ita.1,2025-10-18,AS Roma,Inter Milan,Betway,3.25,3.25,2.25,,,2026-07-27 11:39:40
5130,ita.1,2025-10-18,AS Roma,Inter Milan,Coral,3.25,3.25,2.25,,,2026-07-27 11:39:40
5131,ita.1,2025-10-18,AS Roma,Inter Milan,Ladbrokes,3.2,3.2,2.25,,,2026-07-27 11:39:40
5132,ita.1,2025-10-19,Como,Juventus,B365,2.88,3.25,2.5,2.1,1.73,2026-07-27 11:39:40
5133,ita.1,2025-10-19,Como,Juventus,Pinnacle,3.01,3.25,2.54,2.21,1.72,2026-07-27 11:39:40
5134,ita.1,2025-10-19,Como,Juventus,Betway,2.95,3.3,2.4,,,2026-07-27 11:39:40
5135,ita.1,2025-10-19,Como,Juventus,Coral,3.0,3.3,2.4,,,2026-07-27 11:39:40
5136,ita.1,2025-10-19,Como,Juventus,Ladbrokes,2.9,3.25,2.37,,,2026-07-27 11:39:40
5137,ita.1,2025-10-19,Cagliari,Bologna,B365,3.6,3.3,2.1,2.3,1.62,2026-07-27 11:39:40
5138,ita.1,2025-10-19,Cagliari,Bologna,Pinnacle,3.72,3.27,2.18,2.35,1.65,2026-07-27 11:39:40
5139,ita.1,2025-10-19,Cagliari,Bologna,Betway,3.6,3.2,2.15,,,2026-07-27 11:39:40
5140,ita.1,2025-10-19,Cagliari,Bologna,Coral,3.6,3.2,2.15,,,2026-07-27 11:39:40
5141,ita.1,2025-10-19,Cagliari,Bologna,Ladbrokes,3.5,3.2,2.15,,,2026-07-27 11:39:40
5142,ita.1,2025-10-19,Genoa,Parma,B365,2.1,3.0,4.0,2.5,1.53,2026-07-27 11:39:40
5143,ita.1,2025-10-19,Genoa,Parma,Pinnacle,2.14,3.15,4.03,2.56,1.55,2026-07-27 11:39:40
5144,ita.1,2025-10-19,Genoa,Parma,Betway,2.1,3.1,3.8,,,2026-07-27 11:39:40
5145,ita.1,2025-10-19,Genoa,Parma,Coral,2.1,3.1,3.8,,,2026-07-27 11:39:40
5146,ita.1,2025-10-19,Genoa,Parma,Ladbrokes,2.1,3.1,3.75,,,2026-07-27 11:39:40
5147,ita.1,2025-10-19,Atalanta,Lazio,B365,1.73,4.0,4.5,1.8,2.0,2026-07-27 11:39:40
5148,ita.1,2025-10-19,Atalanta,Lazio,Pinnacle,1.71,4.2,4.67,1.82,2.06,2026-07-27 11:39:40
5149,ita.1,2025-10-19,Atalanta,Lazio,Betway,1.73,3.8,4.6,,,2026-07-27 11:39:40
5150,ita.1,2025-10-19,Atalanta,Lazio,Coral,1.73,3.8,4.6,,,2026-07-27 11:39:40
5151,ita.1,2025-10-19,Atalanta,Lazio,Ladbrokes,1.73,3.75,4.6,,,2026-07-27 11:39:40
5152,ita.1,2025-10-19,AC Milan,Fiorentina,B365,1.5,4.33,6.5,1.88,1.98,2026-07-27 11:39:40
5153,ita.1,2025-10-19,AC Milan,Fiorentina,Pinnacle,1.56,4.33,6.09,1.9,1.99,2026-07-27 11:39:40
5154,ita.1,2025-10-19,AC Milan,Fiorentina,Betway,1.53,4.1,6.25,,,2026-07-27 11:39:40
5155,ita.1,2025-10-19,AC Milan,Fiorentina,Coral,1.53,4.2,6.0,,,2026-07-27 11:39:40
5156,ita.1,2025-10-19,AC Milan,Fiorentina,Ladbrokes,1.53,4.2,6.0,,,2026-07-27 11:39:40
5157,ita.1,2025-10-20,Cremonese,Udinese,B365,3.0,3.25,2.4,2.2,1.67,2026-07-27 11:39:40
5158,ita.1,2025-10-20,Cremonese,Udinese,Pinnacle,3.08,3.23,2.51,2.31,1.67,2026-07-27 11:39:40
5159,ita.1,2025-10-20,Cremonese,Udinese,Betway,2.87,3.2,2.5,,,2026-07-27 11:39:40
5160,ita.1,2025-10-20,Cremonese,Udinese,Coral,2.87,3.2,2.5,,,2026-07-27 11:39:40
5161,ita.1,2025-10-20,Cremonese,Udinese,Ladbrokes,2.87,3.2,2.5,,,2026-07-27 11:39:40
5162,ita.1,2025-10-24,AC Milan,Pisa,B365,1.3,5.5,10.0,1.8,2.05,2026-07-27 11:39:40
5163,ita.1,2025-10-24,AC Milan,Pisa,Pinnacle,1.3,5.66,10.97,1.83,2.06,2026-07-27 11:39:40
5164,ita.1,2025-10-24,AC Milan,Pisa,Betway,1.32,5.25,9.75,,,2026-07-27 11:39:40
5165,ita.1,2025-10-24,AC Milan,Pisa,Coral,1.33,5.25,9.5,,,2026-07-27 11:39:40
5166,ita.1,2025-10-24,AC Milan,Pisa,Ladbrokes,1.3,5.25,9.5,,,2026-07-27 11:39:40
5167,ita.1,2025-10-25,Parma,Como,B365,3.9,3.5,1.95,2.05,1.75,2026-07-27 11:39:40
5168,ita.1,2025-10-25,Parma,Como,Pinnacle,4.06,3.53,1.98,2.11,1.79,2026-07-27 11:39:40
5169,ita.1,2025-10-25,Parma,Como,Betway,3.7,3.4,2.0,,,2026-07-27 11:39:40
5170,ita.1,2025-10-25,Parma,Como,Coral,3.7,3.4,2.0,,,2026-07-27 11:39:40
5171,ita.1,2025-10-25,Parma,Como,Ladbrokes,3.7,3.4,2.0,,,2026-07-27 11:39:40
5172,ita.1,2025-10-25,Udinese,Lecce,B365,1.8,3.4,4.75,2.2,1.67,2026-07-27 11:39:40
5173,ita.1,2025-10-25,Udinese,Lecce,Pinnacle,1.86,3.42,4.86,2.26,1.69,2026-07-27 11:39:40
5174,ita.1,2025-10-25,Udinese,Lecce,Betway,1.8,3.5,4.5,,,2026-07-27 11:39:40
5175,ita.1,2025-10-25,Udinese,Lecce,Coral,1.8,3.5,4.5,,,2026-07-27 11:39:40
5176,ita.1,2025-10-25,Udinese,Lecce,Ladbrokes,1.8,3.5,4.5,,,2026-07-27 11:39:40
5177,ita.1,2025-10-25,Napoli,Inter Milan,B365,3.0,3.1,2.4,2.1,1.73,2026-07-27 11:39:40
5178,ita.1,2025-10-25,Napoli,Inter Milan,Pinnacle,3.02,3.15,2.6,2.18,1.74,2026-07-27 11:39:40
5179,ita.1,2025-10-25,Napoli,Inter Milan,Betway,2.95,3.2,2.5,,,2026-07-27 11:39:40
5180,ita.1,2025-10-25,Napoli,Inter Milan,Coral,2.9,3.2,2.5,,,2026-07-27 11:39:40
5181,ita.1,2025-10-25,Napoli,Inter Milan,Ladbrokes,2.9,3.1,2.45,,,2026-07-27 11:39:40
5182,ita.1,2025-10-25,Cremonese,Atalanta,B365,5.0,4.2,1.62,1.88,1.98,2026-07-27 11:39:40
5183,ita.1,2025-10-25,Cremonese,Atalanta,Pinnacle,5.41,4.18,1.63,1.91,1.98,2026-07-27 11:39:40
5184,ita.1,2025-10-25,Cremonese,Atalanta,Betway,5.25,4.0,1.62,,,2026-07-27 11:39:40
5185,ita.1,2025-10-25,Cremonese,Atalanta,Coral,5.25,4.0,1.61,,,2026-07-27 11:39:40
5186,ita.1,2025-10-25,Cremonese,Atalanta,Ladbrokes,5.25,4.0,1.61,,,2026-07-27 11:39:40
5187,ita.1,2025-10-26,Torino,Genoa,B365,2.25,2.9,3.5,2.75,1.44,2026-07-27 11:39:40
5188,ita.1,2025-10-26,Torino,Genoa,Pinnacle,2.35,2.96,3.71,2.78,1.46,2026-07-27 11:39:40
5189,ita.1,2025-10-26,Torino,Genoa,Betway,2.3,3.0,3.5,,,2026-07-27 11:39:40
5190,ita.1,2025-10-26,Torino,Genoa,Coral,2.3,3.0,3.5,,,2026-07-27 11:39:40
5191,ita.1,2025-10-26,Torino,Genoa,Ladbrokes,2.3,3.0,3.4,,,2026-07-27 11:39:40
5192,ita.1,2025-10-26,Sassuolo,AS Roma,B365,4.5,3.5,1.85,2.1,1.73,2026-07-27 11:39:40
5193,ita.1,2025-10-26,Sassuolo,AS Roma,Pinnacle,4.5,3.56,1.88,2.18,1.74,2026-07-27 11:39:40
5194,ita.1,2025-10-26,Sassuolo,AS Roma,Betway,4.2,3.5,1.87,,,2026-07-27 11:39:40
5195,ita.1,2025-10-26,Sassuolo,AS Roma,Coral,4.2,3.5,1.85,,,2026-07-27 11:39:40
5196,ita.1,2025-10-26,Sassuolo,AS Roma,Ladbrokes,4.2,3.5,1.85,,,2026-07-27 11:39:40
5197,ita.1,2025-10-26,Hellas Verona,Cagliari,B365,2.25,3.0,3.6,2.5,1.53,2026-07-27 11:39:40
5198,ita.1,2025-10-26,Hellas Verona,Cagliari,Pinnacle,2.24,3.1,3.76,2.5,1.56,2026-07-27 11:39:40
5199,ita.1,2025-10-26,Hellas Verona,Cagliari,Betway,2.3,3.1,3.3,,,2026-07-27 11:39:40
5200,ita.1,2025-10-26,Hellas Verona,Cagliari,Coral,2.3,3.1,3.3,,,2026-07-27 11:39:40
5201,ita.1,2025-10-26,Hellas Verona,Cagliari,Ladbrokes,2.25,3.1,3.3,,,2026-07-27 11:39:40
5202,ita.1,2025-10-26,Fiorentina,Bologna,B365,2.7,3.1,2.75,2.2,1.67,2026-07-27 11:39:40
5203,ita.1,2025-10-26,Fiorentina,Bologna,Pinnacle,2.72,3.18,2.85,2.32,1.66,2026-07-27 11:39:40
5204,ita.1,2025-10-26,Fiorentina,Bologna,Betway,2.65,3.2,2.75,,,2026-07-27 11:39:40
5205,ita.1,2025-10-26,Fiorentina,Bologna,Coral,2.62,3.2,2.75,,,2026-07-27 11:39:40
5206,ita.1,2025-10-26,Fiorentina,Bologna,Ladbrokes,2.62,3.1,2.75,,,2026-07-27 11:39:40
5207,ita.1,2025-10-26,Lazio,Juventus,B365,3.2,3.25,2.3,2.2,1.67,2026-07-27 11:39:40
5208,ita.1,2025-10-26,Lazio,Juventus,Pinnacle,3.42,3.12,2.38,2.32,1.66,2026-07-27 11:39:40
5209,ita.1,2025-10-26,Lazio,Juventus,Betway,3.2,3.2,2.3,,,2026-07-27 11:39:40
5210,ita.1,2025-10-26,Lazio,Juventus,Coral,3.25,3.2,2.3,,,2026-07-27 11:39:40
5211,ita.1,2025-10-26,Lazio,Juventus,Ladbrokes,3.2,3.1,2.3,,,2026-07-27 11:39:40
5212,ita.1,2025-10-28,Lecce,Napoli,B365,6.5,3.75,1.55,2.2,1.67,2026-07-27 11:39:40
5213,ita.1,2025-10-28,Lecce,Napoli,Pinnacle,7.2,3.94,1.56,2.3,1.68,2026-07-27 11:39:40
5214,ita.1,2025-10-28,Lecce,Napoli,Betway,6.5,3.9,1.55,,,2026-07-27 11:39:40
5215,ita.1,2025-10-28,Lecce,Napoli,Coral,6.5,3.9,1.57,,,2026-07-27 11:39:40
5216,ita.1,2025-10-28,Lecce,Napoli,Ladbrokes,6.5,3.8,1.55,,,2026-07-27 11:39:40
5217,ita.1,2025-10-28,Atalanta,AC Milan,B365,2.63,3.2,2.75,2.0,1.85,2026-07-27 11:39:40
5218,ita.1,2025-10-28,Atalanta,AC Milan,Pinnacle,2.71,3.3,2.81,2.03,1.88,2026-07-27 11:39:40
5219,ita.1,2025-10-28,Atalanta,AC Milan,Betway,2.6,3.4,2.65,,,2026-07-27 11:39:40
5220,ita.1,2025-10-28,Atalanta,AC Milan,Coral,2.6,3.4,2.7,,,2026-07-27 11:39:40
5221,ita.1,2025-10-28,Atalanta,AC Milan,Ladbrokes,2.6,3.3,2.62,,,2026-07-27 11:39:40
5222,ita.1,2025-10-29,Como,Hellas Verona,B365,1.6,3.6,6.5,2.1,1.73,2026-07-27 11:39:40
5223,ita.1,2025-10-29,Como,Hellas Verona,Pinnacle,1.66,3.59,6.37,2.17,1.74,2026-07-27 11:39:40
5224,ita.1,2025-10-29,Como,Hellas Verona,Betway,1.62,3.75,5.75,,,2026-07-27 11:39:40
5225,ita.1,2025-10-29,Como,Hellas Verona,Coral,1.61,3.75,5.75,,,2026-07-27 11:39:40
5226,ita.1,2025-10-29,Como,Hellas Verona,Ladbrokes,1.61,3.75,5.75,,,2026-07-27 11:39:40
5227,ita.1,2025-10-29,Juventus,Udinese,B365,1.44,4.1,8.5,1.98,1.88,2026-07-27 11:39:40
5228,ita.1,2025-10-29,Juventus,Udinese,Pinnacle,1.47,4.5,7.44,1.98,1.91,2026-07-27 11:39:40
5229,ita.1,2025-10-29,Juventus,Udinese,Betway,1.46,4.33,7.25,,,2026-07-27 11:39:40
5230,ita.1,2025-10-29,Juventus,Udinese,Coral,1.48,4.33,7.0,,,2026-07-27 11:39:40
5231,ita.1,2025-10-29,Juventus,Udinese,Ladbrokes,1.44,4.33,7.0,,,2026-07-27 11:39:40
5232,ita.1,2025-10-29,AS Roma,Parma,B365,1.53,3.75,7.5,2.1,1.73,2026-07-27 11:39:40
5233,ita.1,2025-10-29,AS Roma,Parma,Pinnacle,1.54,4.08,6.92,2.16,1.74,2026-07-27 11:39:40
5234,ita.1,2025-10-29,AS Roma,Parma,Betway,1.51,4.1,6.5,,,2026-07-27 11:39:40
5235,ita.1,2025-10-29,AS Roma,Parma,Coral,1.5,4.2,6.5,,,2026-07-27 11:39:40
5236,ita.1,2025-10-29,AS Roma,Parma,Ladbrokes,1.5,4.0,6.5,,,2026-07-27 11:39:40
5237,ita.1,2025-10-29,Bologna,Torino,B365,1.75,3.5,5.0,2.2,1.67,2026-07-27 11:39:40
5238,ita.1,2025-10-29,Bologna,Torino,Pinnacle,1.81,3.46,5.16,2.3,1.67,2026-07-27 11:39:40
5239,ita.1,2025-10-29,Bologna,Torino,Betway,1.78,3.5,4.75,,,2026-07-27 11:39:40
5240,ita.1,2025-10-29,Bologna,Torino,Coral,1.8,3.5,4.8,,,2026-07-27 11:39:40
5241,ita.1,2025-10-29,Bologna,Torino,Ladbrokes,1.8,3.5,4.6,,,2026-07-27 11:39:40
5242,ita.1,2025-10-29,Genoa,Cremonese,B365,1.85,3.25,4.75,2.5,1.53,2026-07-27 11:39:40
5243,ita.1,2025-10-29,Genoa,Cremonese,Pinnacle,1.87,3.3,5.08,2.57,1.53,2026-07-27 11:39:40
5244,ita.1,2025-10-29,Genoa,Cremonese,Betway,1.85,3.4,4.5,,,2026-07-27 11:39:40
5245,ita.1,2025-10-29,Genoa,Cremonese,Coral,1.85,3.4,4.5,,,2026-07-27 11:39:40
5246,ita.1,2025-10-29,Genoa,Cremonese,Ladbrokes,1.85,3.3,4.5,,,2026-07-27 11:39:40
5247,ita.1,2025-10-29,Inter Milan,Fiorentina,B365,1.38,4.5,8.5,1.73,2.1,2026-07-27 11:39:40
5248,ita.1,2025-10-29,Inter Milan,Fiorentina,Pinnacle,1.41,5.02,7.67,1.75,2.16,2026-07-27 11:39:40
5249,ita.1,2025-10-29,Inter Milan,Fiorentina,Betway,1.39,4.8,7.75,,,2026-07-27 11:39:40
5250,ita.1,2025-10-29,Inter Milan,Fiorentina,Coral,1.4,4.8,8.0,,,2026-07-27 11:39:40
5251,ita.1,2025-10-29,Inter Milan,Fiorentina,Ladbrokes,1.4,4.8,7.5,,,2026-07-27 11:39:40
5252,ita.1,2025-10-30,Cagliari,Sassuolo,B365,2.6,3.1,2.88,2.2,1.67,2026-07-27 11:39:40
5253,ita.1,2025-10-30,Cagliari,Sassuolo,Pinnacle,2.66,3.19,2.91,2.24,1.7,2026-07-27 11:39:40
5254,ita.1,2025-10-30,Cagliari,Sassuolo,Betway,2.55,3.2,2.85,,,2026-07-27 11:39:40
5255,ita.1,2025-10-30,Cagliari,Sassuolo,Coral,2.6,3.2,2.8,,,2026-07-27 11:39:40
5256,ita.1,2025-10-30,Cagliari,Sassuolo,Ladbrokes,2.6,3.1,2.8,,,2026-07-27 11:39:40
5257,ita.1,2025-10-30,Pisa,Lazio,B365,3.7,3.25,2.1,2.2,1.67,2026-07-27 11:39:40
5258,ita.1,2025-10-30,Pisa,Lazio,Pinnacle,3.78,3.24,2.17,2.33,1.65,2026-07-27 11:39:40
5259,ita.1,2025-10-30,Pisa,Lazio,Betway,3.5,3.25,2.15,,,2026-07-27 11:39:40
5260,ita.1,2025-10-30,Pisa,Lazio,Coral,3.5,3.25,2.15,,,2026-07-27 11:39:40
5261,ita.1,2025-10-30,Pisa,Lazio,Ladbrokes,3.5,3.2,2.15,,,2026-07-27 11:39:40
5262,ita.1,2025-11-01,Udinese,Atalanta,B365,4.5,3.6,1.8,1.85,2.0,2026-07-27 11:39:40
5263,ita.1,2025-11-01,Udinese,Atalanta,Pinnacle,4.45,3.87,1.81,1.87,2.03,2026-07-27 11:39:40
5264,ita.1,2025-11-01,Udinese,Atalanta,Betway,4.33,3.7,1.82,,,2026-07-27 11:39:40
5265,ita.1,2025-11-01,Udinese,Atalanta,Coral,4.33,3.7,1.8,,,2026-07-27 11:39:40
5266,ita.1,2025-11-01,Udinese,Atalanta,Ladbrokes,4.2,3.6,1.8,,,2026-07-27 11:39:40
5267,ita.1,2025-11-01,Napoli,Como,B365,1.95,3.1,4.5,2.2,1.67,2026-07-27 11:39:40
5268,ita.1,2025-11-01,Napoli,Como,Pinnacle,2.0,3.1,4.71,2.27,1.68,2026-07-27 11:39:40
5269,ita.1,2025-11-01,Napoli,Como,Betway,1.93,3.3,4.2,,,2026-07-27 11:39:40
5270,ita.1,2025-11-01,Napoli,Como,Coral,1.91,3.3,4.2,,,2026-07-27 11:39:40
5271,ita.1,2025-11-01,Napoli,Como,Ladbrokes,1.91,3.3,4.2,,,2026-07-27 11:39:40
5272,ita.1,2025-11-01,Cremonese,Juventus,B365,6.5,4.33,1.5,1.98,1.88,2026-07-27 11:39:40
5273,ita.1,2025-11-01,Cremonese,Juventus,Pinnacle,6.84,4.32,1.52,1.96,1.93,2026-07-27 11:39:40
5274,ita.1,2025-11-01,Cremonese,Juventus,Betway,6.5,4.2,1.5,,,2026-07-27 11:39:40
5275,ita.1,2025-11-01,Cremonese,Juventus,Coral,6.5,4.2,1.5,,,2026-07-27 11:39:40
5276,ita.1,2025-11-01,Cremonese,Juventus,Ladbrokes,6.5,4.2,1.5,,,2026-07-27 11:39:40
5277,ita.1,2025-11-02,Hellas Verona,Inter Milan,B365,7.5,4.5,1.42,1.8,2.0,2026-07-27 11:39:40
5278,ita.1,2025-11-02,Hellas Verona,Inter Milan,Pinnacle,7.61,5.11,1.41,1.84,2.06,2026-07-27 11:39:40
5279,ita.1,2025-11-02,Hellas Verona,Inter Milan,Betway,7.0,4.75,1.42,,,2026-07-27 11:39:40
5280,ita.1,2025-11-02,Hellas Verona,Inter Milan,Coral,7.0,4.8,1.44,,,2026-07-27 11:39:40
5281,ita.1,2025-11-02,Hellas Verona,Inter Milan,Ladbrokes,7.0,4.6,1.4,,,2026-07-27 11:39:40
5282,ita.1,2025-11-02,Fiorentina,Lecce,B365,1.62,3.8,5.75,2.2,1.67,2026-07-27 11:39:40
5283,ita.1,2025-11-02,Fiorentina,Lecce,Pinnacle,1.66,3.85,5.74,2.21,1.72,2026-07-27 11:39:40
5284,ita.1,2025-11-02,Fiorentina,Lecce,Betway,1.63,3.8,5.5,,,2026-07-27 11:39:40
5285,ita.1,2025-11-02,Fiorentina,Lecce,Coral,1.61,3.8,5.5,,,2026-07-27 11:39:40
5286,ita.1,2025-11-02,Fiorentina,Lecce,Ladbrokes,1.61,3.8,5.5,,,2026-07-27 11:39:40
5287,ita.1,2025-11-02,Torino,Pisa,B365,1.95,3.25,4.33,2.3,1.62,2026-07-27 11:39:40
5288,ita.1,2025-11-02,Torino,Pisa,Pinnacle,2.01,3.32,4.26,2.42,1.61,2026-07-27 11:39:40
5289,ita.1,2025-11-02,Torino,Pisa,Betway,1.95,3.25,4.2,,,2026-07-27 11:39:40
5290,ita.1,2025-11-02,Torino,Pisa,Coral,1.95,3.25,4.2,,,2026-07-27 11:39:40
5291,ita.1,2025-11-02,Torino,Pisa,Ladbrokes,1.95,3.25,4.2,,,2026-07-27 11:39:40
5292,ita.1,2025-11-02,Parma,Bologna,B365,4.2,3.0,2.05,2.5,1.53,2026-07-27 11:39:40
5293,ita.1,2025-11-02,Parma,Bologna,Pinnacle,4.24,3.05,2.13,2.55,1.55,2026-07-27 11:39:40
5294,ita.1,2025-11-02,Parma,Bologna,Betway,3.9,3.1,2.1,,,2026-07-27 11:39:40
5295,ita.1,2025-11-02,Parma,Bologna,Coral,3.9,3.1,2.1,,,2026-07-27 11:39:40
5296,ita.1,2025-11-02,Parma,Bologna,Ladbrokes,3.8,3.1,2.1,,,2026-07-27 11:39:40
5297,ita.1,2025-11-02,AC Milan,AS Roma,B365,2.2,3.0,3.7,2.2,1.67,2026-07-27 11:39:40
5298,ita.1,2025-11-02,AC Milan,AS Roma,Pinnacle,2.16,3.21,3.87,2.27,1.68,2026-07-27 11:39:40
5299,ita.1,2025-11-02,AC Milan,AS Roma,Betway,2.1,3.2,3.75,,,2026-07-27 11:39:40
5300,ita.1,2025-11-02,AC Milan,AS Roma,Coral,2.1,3.2,3.75,,,2026-07-27 11:39:40
5301,ita.1,2025-11-02,AC Milan,AS Roma,Ladbrokes,2.1,3.2,3.7,,,2026-07-27 11:39:40
5302,ita.1,2025-11-03,Sassuolo,Genoa,B365,2.45,3.0,3.2,2.5,1.53,2026-07-27 11:39:40
5303,ita.1,2025-11-03,Sassuolo,Genoa,Pinnacle,2.45,3.1,3.3,2.53,1.54,2026-07-27 11:39:40
5304,ita.1,2025-11-03,Sassuolo,Genoa,Betway,2.45,3.0,3.1,,,2026-07-27 11:39:40
5305,ita.1,2025-11-03,Sassuolo,Genoa,Coral,2.45,3.1,3.1,,,2026-07-27 11:39:40
5306,ita.1,2025-11-03,Sassuolo,Genoa,Ladbrokes,2.4,3.0,3.1,,,2026-07-27 11:39:40
5307,ita.1,2025-11-03,Lazio,Cagliari,B365,1.53,3.8,7.0,1.98,1.88,2026-07-27 11:39:40
5308,ita.1,2025-11-03,Lazio,Cagliari,Pinnacle,1.58,4.15,6.08,1.97,1.92,2026-07-27 11:39:40
5309,ita.1,2025-11-03,Lazio,Cagliari,Betway,1.58,4.0,5.75,,,2026-07-27 11:39:40
5310,ita.1,2025-11-03,Lazio,Cagliari,Coral,1.57,4.0,5.75,,,2026-07-27 11:39:40
5311,ita.1,2025-11-03,Lazio,Cagliari,Ladbrokes,1.57,4.0,5.75,,,2026-07-27 11:39:40
5312,ita.1,2025-11-07,Pisa,Cremonese,B365,2.25,3.1,3.4,2.38,1.57,2026-07-27 11:39:40
5313,ita.1,2025-11-07,Pisa,Cremonese,Pinnacle,2.34,3.05,3.68,2.47,1.58,2026-07-27 11:39:40
5314,ita.1,2025-11-07,Pisa,Cremonese,Betway,2.25,3.1,3.5,,,2026-07-27 11:39:40
5315,ita.1,2025-11-07,Pisa,Cremonese,Coral,2.25,3.1,3.5,,,2026-07-27 11:39:40
5316,ita.1,2025-11-07,Pisa,Cremonese,Ladbrokes,2.25,3.0,3.4,,,2026-07-27 11:39:40
5317,ita.1,2025-11-08,Como,Cagliari,B365,1.48,4.5,6.5,1.9,1.95,2026-07-27 11:39:40
5318,ita.1,2025-11-08,Como,Cagliari,Pinnacle,1.5,4.51,6.65,1.93,1.96,2026-07-27 11:39:40
5319,ita.1,2025-11-08,Como,Cagliari,Betway,1.5,4.2,6.5,,,2026-07-27 11:39:40
5320,ita.1,2025-11-08,Como,Cagliari,Coral,1.5,4.2,6.5,,,2026-07-27 11:39:40
5321,ita.1,2025-11-08,Como,Cagliari,Ladbrokes,1.5,4.2,6.5,,,2026-07-27 11:39:40
5322,ita.1,2025-11-08,Lecce,Hellas Verona,B365,2.75,2.9,2.9,2.63,1.5,2026-07-27 11:39:40
5323,ita.1,2025-11-08,Lecce,Hellas Verona,Pinnacle,2.83,2.88,3.02,2.7,1.49,2026-07-27 11:39:40
5324,ita.1,2025-11-08,Lecce,Hellas Verona,Betway,2.65,3.0,2.85,,,2026-07-27 11:39:40
5325,ita.1,2025-11-08,Lecce,Hellas Verona,Coral,2.7,3.0,2.87,,,2026-07-27 11:39:40
5326,ita.1,2025-11-08,Lecce,Hellas Verona,Ladbrokes,2.62,3.0,2.87,,,2026-07-27 11:39:40
5327,ita.1,2025-11-08,Juventus,Torino,B365,1.5,4.1,7.0,2.05,1.8,2026-07-27 11:39:40
5328,ita.1,2025-11-08,Juventus,Torino,Pinnacle,1.51,4.16,7.34,2.06,1.84,2026-07-27 11:39:40
5329,ita.1,2025-11-08,Juventus,Torino,Betway,1.49,4.2,7.0,,,2026-07-27 11:39:40
5330,ita.1,2025-11-08,Juventus,Torino,Coral,1.5,4.2,7.0,,,2026-07-27 11:39:40
5331,ita.1,2025-11-08,Juventus,Torino,Ladbrokes,1.5,4.2,7.0,,,2026-07-27 11:39:40
5332,ita.1,2025-11-08,Parma,AC Milan,B365,5.75,4.0,1.57,2.1,1.73,2026-07-27 11:39:40
5333,ita.1,2025-11-08,Parma,AC Milan,Pinnacle,6.27,3.93,1.6,2.16,1.74,2026-07-27 11:39:40
5334,ita.1,2025-11-08,Parma,AC Milan,Betway,5.75,3.7,1.62,,,2026-07-27 11:39:40
5335,ita.1,2025-11-08,Parma,AC Milan,Coral,5.75,3.7,1.61,,,2026-07-27 11:39:40
5336,ita.1,2025-11-08,Parma,AC Milan,Ladbrokes,5.75,3.7,1.61,,,2026-07-27 11:39:40
5337,ita.1,2025-11-09,Atalanta,Sassuolo,B365,1.44,4.5,7.0,1.67,2.2,2026-07-27 11:39:40
5338,ita.1,2025-11-09,Atalanta,Sassuolo,Pinnacle,1.44,4.89,7.09,1.71,2.22,2026-07-27 11:39:40
5339,ita.1,2025-11-09,Atalanta,Sassuolo,Betway,1.46,4.5,6.75,,,2026-07-27 11:39:40
5340,ita.1,2025-11-09,Atalanta,Sassuolo,Coral,1.48,4.5,6.5,,,2026-07-27 11:39:40
5341,ita.1,2025-11-09,Atalanta,Sassuolo,Ladbrokes,1.44,4.5,6.5,,,2026-07-27 11:39:40
5342,ita.1,2025-11-09,Bologna,Napoli,B365,3.0,3.1,2.55,2.5,1.53,2026-07-27 11:39:40
5343,ita.1,2025-11-09,Bologna,Napoli,Pinnacle,3.08,3.07,2.61,2.52,1.55,2026-07-27 11:39:40
5344,ita.1,2025-11-09,Bologna,Napoli,Betway,2.9,3.1,2.55,,,2026-07-27 11:39:40
5345,ita.1,2025-11-09,Bologna,Napoli,Coral,2.9,3.1,2.6,,,2026-07-27 11:39:40
5346,ita.1,2025-11-09,Bologna,Napoli,Ladbrokes,2.87,3.1,2.5,,,2026-07-27 11:39:40
5347,ita.1,2025-11-09,Genoa,Fiorentina,B365,2.75,3.0,2.75,2.5,1.53,2026-07-27 11:39:40
5348,ita.1,2025-11-09,Genoa,Fiorentina,Pinnacle,2.84,3.01,2.87,2.56,1.53,2026-07-27 11:39:40
5349,ita.1,2025-11-09,Genoa,Fiorentina,Betway,2.8,3.0,2.7,,,2026-07-27 11:39:40
5350,ita.1,2025-11-09,Genoa,Fiorentina,Coral,2.8,3.0,2.7,,,2026-07-27 11:39:40
5351,ita.1,2025-11-09,Genoa,Fiorentina,Ladbrokes,2.75,3.0,2.7,,,2026-07-27 11:39:40
5352,ita.1,2025-11-09,AS Roma,Udinese,B365,1.55,4.0,6.25,2.03,1.83,2026-07-27 11:39:40
5353,ita.1,2025-11-09,AS Roma,Udinese,Pinnacle,1.57,4.08,6.47,2.08,1.83,2026-07-27 11:39:40
5354,ita.1,2025-11-09,AS Roma,Udinese,Betway,1.55,4.0,6.0,,,2026-07-27 11:39:40
5355,ita.1,2025-11-09,AS Roma,Udinese,Coral,1.55,4.0,6.0,,,2026-07-27 11:39:40
5356,ita.1,2025-11-09,AS Roma,Udinese,Ladbrokes,1.55,4.0,6.0,,,2026-07-27 11:39:40
5357,ita.1,2025-11-09,Inter Milan,Lazio,B365,1.36,5.0,8.0,1.67,2.2,2026-07-27 11:39:40
5358,ita.1,2025-11-09,Inter Milan,Lazio,Pinnacle,1.36,5.69,7.78,1.7,2.23,2026-07-27 11:39:40
5359,ita.1,2025-11-09,Inter Milan,Lazio,Betway,1.37,5.0,8.0,,,2026-07-27 11:39:40
5360,ita.1,2025-11-09,Inter Milan,Lazio,Coral,1.36,5.0,8.0,,,2026-07-27 11:39:40
5361,ita.1,2025-11-09,Inter Milan,Lazio,Ladbrokes,1.36,5.0,8.0,,,2026-07-27 11:39:40
5362,ita.1,2025-11-22,Cagliari,Genoa,B365,2.88,3.0,2.75,2.75,1.44,2026-07-27 11:39:40
5363,ita.1,2025-11-22,Cagliari,Genoa,Pinnacle,2.98,2.92,2.81,2.81,1.45,2026-07-27 11:39:40
5364,ita.1,2025-11-22,Cagliari,Genoa,Betway,2.8,3.0,2.7,,,2026-07-27 11:39:40
5365,ita.1,2025-11-22,Cagliari,Genoa,Coral,2.8,3.0,2.7,,,2026-07-27 11:39:40
5366,ita.1,2025-11-22,Cagliari,Genoa,Ladbrokes,2.8,3.0,2.7,,,2026-07-27 11:39:40
5367,ita.1,2025-11-22,Udinese,Bologna,B365,3.75,3.2,2.1,2.3,1.62,2026-07-27 11:39:40
5368,ita.1,2025-11-22,Udinese,Bologna,Pinnacle,3.91,3.16,2.16,2.38,1.63,2026-07-27 11:39:40
5369,ita.1,2025-11-22,Udinese,Bologna,Betway,3.7,3.2,2.1,,,2026-07-27 11:39:40
5370,ita.1,2025-11-22,Udinese,Bologna,Coral,3.7,3.2,2.1,,,2026-07-27 11:39:40
5371,ita.1,2025-11-22,Udinese,Bologna,Ladbrokes,3.6,3.2,2.1,,,2026-07-27 11:39:40
5372,ita.1,2025-11-22,Fiorentina,Juventus,B365,3.9,3.4,2.0,2.1,1.73,2026-07-27 11:39:40
5373,ita.1,2025-11-22,Fiorentina,Juventus,Pinnacle,3.94,3.47,2.03,2.15,1.76,2026-07-27 11:39:40
5374,ita.1,2025-11-22,Fiorentina,Juventus,Betway,3.7,3.4,2.05,,,2026-07-27 11:39:40
5375,ita.1,2025-11-22,Fiorentina,Juventus,Coral,3.7,3.4,2.05,,,2026-07-27 11:39:40
5376,ita.1,2025-11-22,Fiorentina,Juventus,Ladbrokes,3.6,3.4,2.05,,,2026-07-27 11:39:40
5377,ita.1,2025-11-22,Napoli,Atalanta,B365,2.25,3.25,3.4,2.1,1.73,2026-07-27 11:39:40
5378,ita.1,2025-11-22,Napoli,Atalanta,Pinnacle,2.27,3.22,3.54,2.15,1.76,2026-07-27 11:39:40
5379,ita.1,2025-11-22,Napoli,Atalanta,Betway,2.2,3.3,3.4,,,2026-07-27 11:39:40
5380,ita.1,2025-11-22,Napoli,Atalanta,Coral,2.2,3.3,3.4,,,2026-07-27 11:39:40
5381,ita.1,2025-11-22,Napoli,Atalanta,Ladbrokes,2.15,3.25,3.3,,,2026-07-27 11:39:40
5382,ita.1,2025-11-23,Hellas Verona,Parma,B365,2.25,3.0,3.6,2.5,1.53,2026-07-27 11:39:40
5383,ita.1,2025-11-23,Hellas Verona,Parma,Pinnacle,2.3,3.13,3.59,2.53,1.54,2026-07-27 11:39:40
5384,ita.1,2025-11-23,Hellas Verona,Parma,Betway,2.25,3.1,3.4,,,2026-07-27 11:39:40
5385,ita.1,2025-11-23,Hellas Verona,Parma,Coral,2.25,3.1,3.4,,,2026-07-27 11:39:40
5386,ita.1,2025-11-23,Hellas Verona,Parma,Ladbrokes,2.25,3.1,3.4,,,2026-07-27 11:39:40
5387,ita.1,2025-11-23,Cremonese,AS Roma,B365,6.0,3.75,1.62,2.1,1.73,2026-07-27 11:39:40
5388,ita.1,2025-11-23,Cremonese,AS Roma,Pinnacle,5.79,3.9,1.65,2.14,1.76,2026-07-27 11:39:40
5389,ita.1,2025-11-23,Cremonese,AS Roma,Betway,5.5,3.75,1.63,,,2026-07-27 11:39:40
5390,ita.1,2025-11-23,Cremonese,AS Roma,Coral,5.5,3.75,1.65,,,2026-07-27 11:39:40
5391,ita.1,2025-11-23,Cremonese,AS Roma,Ladbrokes,5.5,3.75,1.61,,,2026-07-27 11:39:40
5392,ita.1,2025-11-23,Lazio,Lecce,B365,1.62,3.7,6.25,2.2,1.67,2026-07-27 11:39:40
5393,ita.1,2025-11-23,Lazio,Lecce,Pinnacle,1.63,3.75,6.34,2.27,1.68,2026-07-27 11:39:40
5394,ita.1,2025-11-23,Lazio,Lecce,Betway,1.62,3.8,5.75,,,2026-07-27 11:39:40
5395,ita.1,2025-11-23,Lazio,Lecce,Coral,1.61,3.8,5.75,,,2026-07-27 11:39:40
5396,ita.1,2025-11-23,Lazio,Lecce,Ladbrokes,1.61,3.75,5.5,,,2026-07-27 11:39:40
5397,ita.1,2025-11-23,Inter Milan,AC Milan,B365,1.9,3.5,4.0,1.88,1.98,2026-07-27 11:39:40
5398,ita.1,2025-11-23,Inter Milan,AC Milan,Pinnacle,1.99,3.48,4.09,1.89,1.99,2026-07-27 11:39:40
5399,ita.1,2025-11-23,Inter Milan,AC Milan,Betway,1.9,3.5,4.0,,,2026-07-27 11:39:40
5400,ita.1,2025-11-23,Inter Milan,AC Milan,Coral,1.83,3.3,3.75,,,2026-07-27 11:39:40
5401,ita.1,2025-11-23,Inter Milan,AC Milan,Ladbrokes,1.83,3.3,3.75,,,2026-07-27 11:39:40
5402,ita.1,2025-11-24,Torino,Como,B365,3.5,3.25,2.2,2.3,1.62,2026-07-27 11:39:40
5403,ita.1,2025-11-24,Torino,Como,Pinnacle,3.52,3.24,2.27,2.37,1.63,2026-07-27 11:39:40
5404,ita.1,2025-11-24,Torino,Como,Betway,3.3,3.25,2.2,,,2026-07-27 11:39:40
5405,ita.1,2025-11-24,Torino,Como,Coral,3.3,3.25,2.2,,,2026-07-27 11:39:40
5406,ita.1,2025-11-24,Torino,Como,Ladbrokes,3.3,3.25,2.2,,,2026-07-27 11:39:40
5407,ita.1,2025-11-24,Sassuolo,Pisa,B365,2.1,3.2,3.75,2.3,1.62,2026-07-27 11:39:40
5408,ita.1,2025-11-24,Sassuolo,Pisa,Pinnacle,2.1,3.24,4.01,2.33,1.65,2026-07-27 11:39:40
5409,ita.1,2025-11-24,Sassuolo,Pisa,Betway,2.05,3.3,3.8,,,2026-07-27 11:39:40
5410,ita.1,2025-11-24,Sassuolo,Pisa,Coral,2.05,3.3,3.8,,,2026-07-27 11:39:40
5411,ita.1,2025-11-24,Sassuolo,Pisa,Ladbrokes,2.05,3.25,3.75,,,2026-07-27 11:39:40
5412,ita.1,2025-11-28,Como,Sassuolo,B365,1.73,3.6,5.0,1.91,1.91,2026-07-27 11:39:40
5413,ita.1,2025-11-28,Como,Sassuolo,Pinnacle,1.76,3.79,5.06,1.99,1.92,2026-07-27 11:39:40
5414,ita.1,2025-11-28,Como,Sassuolo,Betway,1.68,3.8,5.0,,,2026-07-27 11:39:40
5415,ita.1,2025-11-28,Como,Sassuolo,Coral,1.7,3.8,5.0,,,2026-07-27 11:39:40
5416,ita.1,2025-11-28,Como,Sassuolo,Ladbrokes,1.67,3.75,5.0,,,2026-07-27 11:39:40
5417,ita.1,2025-11-29,Genoa,Hellas Verona,B365,2.05,3.0,4.2,2.75,1.44,2026-07-27 11:39:40
5418,ita.1,2025-11-29,Genoa,Hellas Verona,Pinnacle,2.08,3.08,4.38,2.78,1.47,2026-07-27 11:39:40
5419,ita.1,2025-11-29,Genoa,Hellas Verona,Betway,2.05,3.0,4.1,,,2026-07-27 11:39:40
5420,ita.1,2025-11-29,Genoa,Hellas Verona,Coral,2.05,3.0,4.0,,,2026-07-27 11:39:40
5421,ita.1,2025-11-29,Genoa,Hellas Verona,Ladbrokes,2.05,3.0,4.0,,,2026-07-27 11:39:40
5422,ita.1,2025-11-29,Parma,Udinese,B365,2.7,3.0,2.8,2.3,1.62,2026-07-27 11:39:40
5423,ita.1,2025-11-29,Parma,Udinese,Pinnacle,2.77,3.12,2.85,2.4,1.62,2026-07-27 11:39:40
5424,ita.1,2025-11-29,Parma,Udinese,Betway,2.6,3.2,2.75,,,2026-07-27 11:39:40
5425,ita.1,2025-11-29,Parma,Udinese,Coral,2.6,3.2,2.75,,,2026-07-27 11:39:40
5426,ita.1,2025-11-29,Parma,Udinese,Ladbrokes,2.6,3.2,2.75,,,2026-07-27 11:39:40
5427,ita.1,2025-11-29,Juventus,Cagliari,B365,1.3,5.5,10.0,1.93,1.93,2026-07-27 11:39:40
5428,ita.1,2025-11-29,Juventus,Cagliari,Pinnacle,1.33,5.44,9.97,1.93,1.95,2026-07-27 11:39:40
5429,ita.1,2025-11-29,Juventus,Cagliari,Betway,1.35,4.8,9.75,,,2026-07-27 11:39:40
5430,ita.1,2025-11-29,Juventus,Cagliari,Coral,1.3,4.5,8.5,,,2026-07-27 11:39:40
5431,ita.1,2025-11-29,Juventus,Cagliari,Ladbrokes,1.3,4.5,8.5,,,2026-07-27 11:39:40
5432,ita.1,2025-11-29,AC Milan,Lazio,B365,1.62,3.8,5.75,2.1,1.73,2026-07-27 11:39:40
5433,ita.1,2025-11-29,AC Milan,Lazio,Pinnacle,1.63,4.03,5.67,2.2,1.72,2026-07-27 11:39:40
5434,ita.1,2025-11-29,AC Milan,Lazio,Betway,1.61,3.75,5.75,,,2026-07-27 11:39:40
5435,ita.1,2025-11-29,AC Milan,Lazio,Coral,1.61,3.75,5.75,,,2026-07-27 11:39:40
5436,ita.1,2025-11-29,AC Milan,Lazio,Ladbrokes,1.61,3.75,5.75,,,2026-07-27 11:39:40
5437,ita.1,2025-11-30,Lecce,Torino,B365,3.0,2.88,2.7,2.75,1.44,2026-07-27 11:39:40
5438,ita.1,2025-11-30,Lecce,Torino,Pinnacle,3.08,2.99,2.67,2.73,1.48,2026-07-27 11:39:40
5439,ita.1,2025-11-30,Lecce,Torino,Betway,2.95,2.95,2.6,,,2026-07-27 11:39:40
5440,ita.1,2025-11-30,Lecce,Torino,Coral,3.0,3.0,2.6,,,2026-07-27 11:39:40
5441,ita.1,2025-11-30,Lecce,Torino,Ladbrokes,2.9,2.9,2.6,,,2026-07-27 11:39:40
5442,ita.1,2025-11-30,Pisa,Inter Milan,B365,8.0,5.75,1.3,1.73,2.1,2026-07-27 11:39:40
5443,ita.1,2025-11-30,Pisa,Inter Milan,Pinnacle,9.18,5.73,1.32,1.75,2.16,2026-07-27 11:39:40
5444,ita.1,2025-11-30,Pisa,Inter Milan,Betway,9.0,5.0,1.34,,,2026-07-27 11:39:40
5445,ita.1,2025-11-30,Pisa,Inter Milan,Coral,9.0,5.0,1.35,,,2026-07-27 11:39:40
5446,ita.1,2025-11-30,Pisa,Inter Milan,Ladbrokes,9.0,5.0,1.33,,,2026-07-27 11:39:40
5447,ita.1,2025-11-30,Atalanta,Fiorentina,B365,1.73,3.75,4.75,1.91,1.91,2026-07-27 11:39:40
5448,ita.1,2025-11-30,Atalanta,Fiorentina,Pinnacle,1.74,3.9,4.91,1.9,1.98,2026-07-27 11:39:40
5449,ita.1,2025-11-30,Atalanta,Fiorentina,Betway,1.73,3.75,4.6,,,2026-07-27 11:39:40
5450,ita.1,2025-11-30,Atalanta,Fiorentina,Coral,1.75,3.75,4.6,,,2026-07-27 11:39:40
5451,ita.1,2025-11-30,Atalanta,Fiorentina,Ladbrokes,1.73,3.7,4.6,,,2026-07-27 11:39:40
5452,ita.1,2025-11-30,AS Roma,Napoli,B365,2.6,2.88,3.1,2.5,1.53,2026-07-27 11:39:40
5453,ita.1,2025-11-30,AS Roma,Napoli,Pinnacle,2.7,2.92,3.12,2.53,1.54,2026-07-27 11:39:40
5454,ita.1,2025-11-30,AS Roma,Napoli,Betway,2.5,2.95,3.1,,,2026-07-27 11:39:40
5455,ita.1,2025-11-30,AS Roma,Napoli,Coral,2.5,3.0,3.1,,,2026-07-27 11:39:40
5456,ita.1,2025-11-30,AS Roma,Napoli,Ladbrokes,2.5,2.9,3.1,,,2026-07-27 11:39:40
5457,ita.1,2025-12-01,Bologna,Cremonese,B365,1.48,4.0,8.0,2.0,1.8,2026-07-27 11:39:40
5458,ita.1,2025-12-01,Bologna,Cremonese,Pinnacle,1.47,4.36,7.83,2.13,1.77,2026-07-27 11:39:40
5459,ita.1,2025-12-01,Bologna,Cremonese,Betway,1.46,4.33,7.25,,,2026-07-27 11:39:40
5460,ita.1,2025-12-01,Bologna,Cremonese,Coral,1.44,4.33,7.5,,,2026-07-27 11:39:40
5461,ita.1,2025-12-01,Bologna,Cremonese,Ladbrokes,1.44,4.33,7.0,,,2026-07-27 11:39:40
5462,ita.1,2025-12-06,Sassuolo,Fiorentina,B365,2.88,3.25,2.5,2.1,1.73,2026-07-27 11:39:40
5463,ita.1,2025-12-06,Sassuolo,Fiorentina,Pinnacle,3.04,3.26,2.51,2.16,1.75,2026-07-27 11:39:40
5464,ita.1,2025-12-06,Sassuolo,Fiorentina,Betway,2.75,3.3,2.55,,,2026-07-27 11:39:40
5465,ita.1,2025-12-06,Sassuolo,Fiorentina,Coral,2.75,3.3,2.5,,,2026-07-27 11:39:40
5466,ita.1,2025-12-06,Sassuolo,Fiorentina,Ladbrokes,2.75,3.3,2.5,,,2026-07-27 11:39:40
5467,ita.1,2025-12-06,Inter Milan,Como,B365,1.53,4.33,6.0,1.8,2.0,2026-07-27 11:39:40
5468,ita.1,2025-12-06,Inter Milan,Como,Pinnacle,1.53,4.43,6.34,1.79,2.1,2026-07-27 11:39:40
5469,ita.1,2025-12-06,Inter Milan,Como,Betway,1.55,4.33,5.75,,,2026-07-27 11:39:40
5470,ita.1,2025-12-06,Inter Milan,Como,Coral,1.55,4.33,5.75,,,2026-07-27 11:39:40
5471,ita.1,2025-12-06,Inter Milan,Como,Ladbrokes,1.55,4.2,5.5,,,2026-07-27 11:39:40
5472,ita.1,2025-12-06,Hellas Verona,Atalanta,B365,5.0,4.0,1.67,1.93,1.93,2026-07-27 11:39:40
5473,ita.1,2025-12-06,Hellas Verona,Atalanta,Pinnacle,5.3,4.18,1.64,1.95,1.93,2026-07-27 11:39:40
5474,ita.1,2025-12-06,Hellas Verona,Atalanta,Betway,4.8,3.8,1.7,,,2026-07-27 11:39:40
5475,ita.1,2025-12-06,Hellas Verona,Atalanta,Coral,4.8,3.8,1.7,,,2026-07-27 11:39:40
5476,ita.1,2025-12-06,Hellas Verona,Atalanta,Ladbrokes,4.8,3.8,1.7,,,2026-07-27 11:39:40
5477,ita.1,2025-12-07,Cremonese,Lecce,B365,2.4,3.1,3.2,2.5,1.53,2026-07-27 11:39:40
5478,ita.1,2025-12-07,Cremonese,Lecce,Pinnacle,2.49,3.05,3.3,2.59,1.54,2026-07-27 11:39:40
5479,ita.1,2025-12-07,Cremonese,Lecce,Betway,2.4,3.0,3.2,,,2026-07-27 11:39:40
5480,ita.1,2025-12-07,Cremonese,Lecce,Coral,2.45,3.0,3.2,,,2026-07-27 11:39:40
5481,ita.1,2025-12-07,Cremonese,Lecce,Ladbrokes,2.4,3.0,3.1,,,2026-07-27 11:39:40
5482,ita.1,2025-12-07,Cagliari,AS Roma,B365,5.25,3.6,1.67,2.2,1.67,2026-07-27 11:39:40
5483,ita.1,2025-12-07,Cagliari,AS Roma,Pinnacle,5.5,3.76,1.7,2.27,1.68,2026-07-27 11:39:40
5484,ita.1,2025-12-07,Cagliari,AS Roma,Betway,5.25,3.6,1.68,,,2026-07-27 11:39:40
5485,ita.1,2025-12-07,Cagliari,AS Roma,Coral,5.25,3.7,1.7,,,2026-07-27 11:39:40
5486,ita.1,2025-12-07,Cagliari,AS Roma,Ladbrokes,5.25,3.6,1.67,,,2026-07-27 11:39:40
5487,ita.1,2025-12-07,Lazio,Bologna,B365,2.6,3.1,2.9,2.5,1.53,2026-07-27 11:39:40
5488,ita.1,2025-12-07,Lazio,Bologna,Pinnacle,2.65,3.1,3.01,2.6,1.53,2026-07-27 11:39:40
5489,ita.1,2025-12-07,Lazio,Bologna,Betway,2.65,3.0,2.8,,,2026-07-27 11:39:40
5490,ita.1,2025-12-07,Lazio,Bologna,Coral,2.7,3.0,2.8,,,2026-07-27 11:39:40
5491,ita.1,2025-12-07,Lazio,Bologna,Ladbrokes,2.62,3.0,2.8,,,2026-07-27 11:39:40
5492,ita.1,2025-12-07,Napoli,Juventus,B365,2.35,3.0,3.2,2.5,1.53,2026-07-27 11:39:40
5493,ita.1,2025-12-07,Napoli,Juventus,Pinnacle,2.49,2.97,3.38,2.55,1.55,2026-07-27 11:39:40
5494,ita.1,2025-12-07,Napoli,Juventus,Betway,2.3,3.0,3.4,,,2026-07-27 11:39:40
5495,ita.1,2025-12-07,Napoli,Juventus,Coral,2.3,3.1,3.4,,,2026-07-27 11:39:40
5496,ita.1,2025-12-07,Napoli,Juventus,Ladbrokes,2.3,3.0,3.3,,,2026-07-27 11:39:40
5497,ita.1,2025-12-08,Pisa,Parma,B365,2.4,3.0,3.3,2.5,1.53,2026-07-27 11:39:40
5498,ita.1,2025-12-08,Pisa,Parma,Pinnacle,2.5,2.97,3.38,2.52,1.55,2026-07-27 11:39:40
5499,ita.1,2025-12-08,Pisa,Parma,Betway,2.37,3.0,3.2,,,2026-07-27 11:39:40
5500,ita.1,2025-12-08,Pisa,Parma,Coral,2.37,3.0,3.2,,,2026-07-27 11:39:40
5501,ita.1,2025-12-08,Pisa,Parma,Ladbrokes,2.37,3.0,3.2,,,2026-07-27 11:39:40
5502,ita.1,2025-12-08,Udinese,Genoa,B365,2.4,3.0,3.3,2.5,1.53,2026-07-27 11:39:40
5503,ita.1,2025-12-08,Udinese,Genoa,Pinnacle,2.51,3.0,3.32,2.52,1.55,2026-07-27 11:39:40
5504,ita.1,2025-12-08,Udinese,Genoa,Betway,2.4,3.1,3.1,,,2026-07-27 11:39:40
5505,ita.1,2025-12-08,Udinese,Genoa,Coral,2.4,3.1,3.1,,,2026-07-27 11:39:40
5506,ita.1,2025-12-08,Udinese,Genoa,Ladbrokes,2.4,3.1,3.1,,,2026-07-27 11:39:40
5507,ita.1,2025-12-08,Torino,AC Milan,B365,4.5,3.6,1.8,2.0,1.8,2026-07-27 11:39:40
5508,ita.1,2025-12-08,Torino,AC Milan,Pinnacle,4.89,3.61,1.8,2.14,1.77,2026-07-27 11:39:40
5509,ita.1,2025-12-08,Torino,AC Milan,Betway,4.33,3.5,1.83,,,2026-07-27 11:39:40
5510,ita.1,2025-12-08,Torino,AC Milan,Coral,4.33,3.5,1.83,,,2026-07-27 11:39:40
5511,ita.1,2025-12-08,Torino,AC Milan,Ladbrokes,4.33,3.5,1.83,,,2026-07-27 11:39:40
5512,ita.1,2025-12-12,Lecce,Pisa,B365,2.5,2.88,3.3,2.75,1.44,2026-07-27 11:39:40
5513,ita.1,2025-12-12,Lecce,Pisa,Pinnacle,2.54,2.9,3.45,2.9,1.44,2026-07-27 11:39:40
5514,ita.1,2025-12-12,Lecce,Pisa,Betway,2.45,2.87,3.3,,,2026-07-27 11:39:40
5515,ita.1,2025-12-12,Lecce,Pisa,Coral,2.45,2.87,3.3,,,2026-07-27 11:39:40
5516,ita.1,2025-12-12,Lecce,Pisa,Ladbrokes,2.45,2.87,3.3,,,2026-07-27 11:39:40
5517,ita.1,2025-12-13,Torino,Cremonese,B365,1.95,3.25,4.2,2.2,1.67,2026-07-27 11:39:40
5518,ita.1,2025-12-13,Torino,Cremonese,Pinnacle,2.01,3.2,4.43,2.29,1.68,2026-07-27 11:39:40
5519,ita.1,2025-12-13,Torino,Cremonese,Betway,1.95,3.25,4.1,,,2026-07-27 11:39:40
5520,ita.1,2025-12-13,Torino,Cremonese,Coral,1.95,3.25,4.2,,,2026-07-27 11:39:40
5521,ita.1,2025-12-13,Torino,Cremonese,Ladbrokes,1.95,3.2,4.2,,,2026-07-27 11:39:40
5522,ita.1,2025-12-13,Parma,Lazio,B365,3.6,3.3,2.1,2.3,1.62,2026-07-27 11:39:40
5523,ita.1,2025-12-13,Parma,Lazio,Pinnacle,3.83,3.34,2.11,2.36,1.64,2026-07-27 11:39:40
5524,ita.1,2025-12-13,Parma,Lazio,Betway,3.6,3.3,2.1,,,2026-07-27 11:39:40
5525,ita.1,2025-12-13,Parma,Lazio,Coral,3.6,3.3,2.1,,,2026-07-27 11:39:40
5526,ita.1,2025-12-13,Parma,Lazio,Ladbrokes,3.6,3.25,2.05,,,2026-07-27 11:39:40
5527,ita.1,2025-12-13,Atalanta,Cagliari,B365,1.33,5.0,9.5,1.73,2.1,2026-07-27 11:39:40
5528,ita.1,2025-12-13,Atalanta,Cagliari,Pinnacle,1.35,5.48,8.72,1.74,2.18,2026-07-27 11:39:40
5529,ita.1,2025-12-13,Atalanta,Cagliari,Betway,1.35,5.25,8.5,,,2026-07-27 11:39:40
5530,ita.1,2025-12-13,Atalanta,Cagliari,Coral,1.35,5.25,8.5,,,2026-07-27 11:39:40
5531,ita.1,2025-12-13,Atalanta,Cagliari,Ladbrokes,1.35,5.25,8.5,,,2026-07-27 11:39:40
5532,ita.1,2025-12-14,AC Milan,Sassuolo,B365,1.42,4.33,8.0,1.83,2.03,2026-07-27 11:39:40
5533,ita.1,2025-12-14,AC Milan,Sassuolo,Pinnacle,1.42,4.78,8.05,1.85,2.05,2026-07-27 11:39:40
5534,ita.1,2025-12-14,AC Milan,Sassuolo,Betway,1.43,4.6,7.25,,,2026-07-27 11:39:40
5535,ita.1,2025-12-14,AC Milan,Sassuolo,Coral,1.44,4.6,7.5,,,2026-07-27 11:39:40
5536,ita.1,2025-12-14,AC Milan,Sassuolo,Ladbrokes,1.44,4.6,7.0,,,2026-07-27 11:39:40
5537,ita.1,2025-12-14,Fiorentina,Hellas Verona,B365,1.8,3.4,4.75,2.2,1.67,2026-07-27 11:39:40
5538,ita.1,2025-12-14,Fiorentina,Hellas Verona,Pinnacle,1.81,3.62,4.83,2.25,1.69,2026-07-27 11:39:40
5539,ita.1,2025-12-14,Fiorentina,Hellas Verona,Betway,1.85,3.4,4.33,,,2026-07-27 11:39:40
5540,ita.1,2025-12-14,Fiorentina,Hellas Verona,Coral,1.85,3.5,4.33,,,2026-07-27 11:39:40
5541,ita.1,2025-12-14,Fiorentina,Hellas Verona,Ladbrokes,1.85,3.4,4.33,,,2026-07-27 11:39:40
5542,ita.1,2025-12-14,Udinese,Napoli,B365,4.5,3.4,1.85,2.3,1.62,2026-07-27 11:39:40
5543,ita.1,2025-12-14,Udinese,Napoli,Pinnacle,4.6,3.55,1.86,2.41,1.62,2026-07-27 11:39:40
5544,ita.1,2025-12-14,Udinese,Napoli,Betway,4.5,3.3,1.88,,,2026-07-27 11:39:40
5545,ita.1,2025-12-14,Udinese,Napoli,Coral,4.5,3.3,1.91,,,2026-07-27 11:39:40
5546,ita.1,2025-12-14,Udinese,Napoli,Ladbrokes,4.4,3.3,1.85,,,2026-07-27 11:39:40
5547,ita.1,2025-12-14,Genoa,Inter Milan,B365,6.5,4.2,1.5,2.0,1.8,2026-07-27 11:39:40
5548,ita.1,2025-12-14,Genoa,Inter Milan,Pinnacle,6.67,4.38,1.52,2.02,1.87,2026-07-27 11:39:40
5549,ita.1,2025-12-14,Genoa,Inter Milan,Betway,6.25,4.0,1.55,,,2026-07-27 11:39:40
5550,ita.1,2025-12-14,Genoa,Inter Milan,Coral,6.0,4.0,1.55,,,2026-07-27 11:39:40
5551,ita.1,2025-12-14,Genoa,Inter Milan,Ladbrokes,6.0,4.0,1.53,,,2026-07-27 11:39:40
5552,ita.1,2025-12-14,Bologna,Juventus,B365,2.88,3.25,2.5,2.2,1.67,2026-07-27 11:39:40
5553,ita.1,2025-12-14,Bologna,Juventus,Pinnacle,2.95,3.2,2.62,2.28,1.68,2026-07-27 11:39:40
5554,ita.1,2025-12-14,Bologna,Juventus,Betway,2.85,3.25,2.5,,,2026-07-27 11:39:40
5555,ita.1,2025-12-14,Bologna,Juventus,Coral,2.8,3.25,2.5,,,2026-07-27 11:39:40
5556,ita.1,2025-12-14,Bologna,Juventus,Ladbrokes,2.8,3.2,2.5,,,2026-07-27 11:39:40
5557,ita.1,2025-12-15,AS Roma,Como,B365,2.1,3.3,3.6,2.2,1.67,2026-07-27 11:39:40
5558,ita.1,2025-12-15,AS Roma,Como,Pinnacle,2.22,3.19,3.7,2.28,1.68,2026-07-27 11:39:40
5559,ita.1,2025-12-15,AS Roma,Como,Betway,2.2,3.2,3.5,,,2026-07-27 11:39:40
5560,ita.1,2025-12-15,AS Roma,Como,Coral,2.2,3.2,3.5,,,2026-07-27 11:39:40
5561,ita.1,2025-12-15,AS Roma,Como,Ladbrokes,2.15,3.2,3.5,,,2026-07-27 11:39:40
5562,ita.1,2025-12-20,Lazio,Cremonese,B365,1.62,3.8,5.75,2.1,1.73,2026-07-27 11:39:40
5563,ita.1,2025-12-20,Lazio,Cremonese,Pinnacle,1.66,3.74,6.0,2.09,1.79,2026-07-27 11:39:40
5564,ita.1,2025-12-20,Lazio,Cremonese,Betway,1.63,3.9,5.5,,,2026-07-27 11:39:40
5565,ita.1,2025-12-20,Lazio,Cremonese,Coral,1.61,3.9,5.5,,,2026-07-27 11:39:40
5566,ita.1,2025-12-20,Lazio,Cremonese,Ladbrokes,1.61,3.8,5.5,,,2026-07-27 11:39:40
5567,ita.1,2025-12-20,Juventus,AS Roma,B365,1.95,3.2,4.33,2.3,1.62,2026-07-27 11:39:40
5568,ita.1,2025-12-20,Juventus,AS Roma,Pinnacle,1.99,3.31,4.34,2.39,1.63,2026-07-27 11:39:40
5569,ita.1,2025-12-20,Juventus,AS Roma,Betway,2.05,3.2,4.0,,,2026-07-27 11:39:40
5570,ita.1,2025-12-20,Juventus,AS Roma,Coral,2.05,3.2,4.0,,,2026-07-27 11:39:40
5571,ita.1,2025-12-20,Juventus,AS Roma,Ladbrokes,2.05,3.2,3.9,,,2026-07-27 11:39:40
5572,ita.1,2025-12-21,Cagliari,Pisa,B365,2.15,3.1,3.75,2.38,1.57,2026-07-27 11:39:40
5573,ita.1,2025-12-21,Cagliari,Pisa,Pinnacle,2.2,3.19,3.77,2.5,1.57,2026-07-27 11:39:40
5574,ita.1,2025-12-21,Cagliari,Pisa,Betway,2.15,3.25,3.5,,,2026-07-27 11:39:40
5575,ita.1,2025-12-21,Cagliari,Pisa,Coral,2.15,3.25,3.5,,,2026-07-27 11:39:40
5576,ita.1,2025-12-21,Cagliari,Pisa,Ladbrokes,2.15,3.2,3.5,,,2026-07-27 11:39:40
5577,ita.1,2025-12-21,Sassuolo,Torino,B365,2.3,3.2,3.3,2.2,1.67,2026-07-27 11:39:40
5578,ita.1,2025-12-21,Sassuolo,Torino,Pinnacle,2.44,3.05,3.38,2.29,1.68,2026-07-27 11:39:40
5579,ita.1,2025-12-21,Sassuolo,Torino,Betway,2.35,3.2,3.1,,,2026-07-27 11:39:40
5580,ita.1,2025-12-21,Sassuolo,Torino,Coral,2.37,3.2,3.1,,,2026-07-27 11:39:40
5581,ita.1,2025-12-21,Sassuolo,Torino,Ladbrokes,2.3,3.2,3.1,,,2026-07-27 11:39:40
5582,ita.1,2025-12-21,Fiorentina,Udinese,B365,2.2,3.3,3.4,2.1,1.73,2026-07-27 11:39:40
5583,ita.1,2025-12-21,Fiorentina,Udinese,Pinnacle,2.27,3.31,3.42,2.17,1.75,2026-07-27 11:39:40
5584,ita.1,2025-12-21,Fiorentina,Udinese,Betway,2.2,3.3,3.3,,,2026-07-27 11:39:40
5585,ita.1,2025-12-21,Fiorentina,Udinese,Coral,2.2,3.3,3.3,,,2026-07-27 11:39:40
5586,ita.1,2025-12-21,Fiorentina,Udinese,Ladbrokes,2.15,3.3,3.3,,,2026-07-27 11:39:40
5587,ita.1,2025-12-21,Genoa,Atalanta,B365,4.0,3.4,1.95,2.1,1.73,2026-07-27 11:39:40
5588,ita.1,2025-12-21,Genoa,Atalanta,Pinnacle,4.12,3.48,1.98,2.12,1.78,2026-07-27 11:39:40
5589,ita.1,2025-12-21,Genoa,Atalanta,Betway,3.9,3.4,1.95,,,2026-07-27 11:39:40
5590,ita.1,2025-12-21,Genoa,Atalanta,Coral,4.0,3.4,1.95,,,2026-07-27 11:39:40
5591,ita.1,2025-12-21,Genoa,Atalanta,Ladbrokes,3.9,3.4,1.95,,,2026-07-27 11:39:40
5592,ita.1,2025-12-27,Parma,Fiorentina,B365,3.5,3.0,2.25,2.2,1.67,2026-07-27 11:39:40
5593,ita.1,2025-12-27,Parma,Fiorentina,Pinnacle,3.54,3.09,2.34,2.3,1.67,2026-07-27 11:39:40
5594,ita.1,2025-12-27,Parma,Fiorentina,Betway,3.25,3.2,2.3,,,2026-07-27 11:39:40
5595,ita.1,2025-12-27,Parma,Fiorentina,Coral,3.25,3.2,2.3,,,2026-07-27 11:39:40
5596,ita.1,2025-12-27,Parma,Fiorentina,Ladbrokes,3.2,3.2,2.3,,,2026-07-27 11:39:40
5597,ita.1,2025-12-27,Lecce,Como,B365,4.75,3.3,1.8,2.3,1.62,2026-07-27 11:39:40
5598,ita.1,2025-12-27,Lecce,Como,Pinnacle,4.88,3.49,1.84,2.37,1.63,2026-07-27 11:39:40
5599,ita.1,2025-12-27,Lecce,Como,Betway,4.4,3.4,1.87,,,2026-07-27 11:39:40
5600,ita.1,2025-12-27,Lecce,Como,Coral,4.4,3.4,1.85,,,2026-07-27 11:39:40
5601,ita.1,2025-12-27,Lecce,Como,Ladbrokes,4.4,3.4,1.85,,,2026-07-27 11:39:40
5602,ita.1,2025-12-27,Torino,Cagliari,B365,1.91,3.2,4.2,2.2,1.67,2026-07-27 11:39:40
5603,ita.1,2025-12-27,Torino,Cagliari,Pinnacle,1.99,3.36,4.26,2.27,1.68,2026-07-27 11:39:40
5604,ita.1,2025-12-27,Torino,Cagliari,Betway,1.98,3.25,4.0,,,2026-07-27 11:39:40
5605,ita.1,2025-12-27,Torino,Cagliari,Coral,2.0,3.25,4.0,,,2026-07-27 11:39:40
5606,ita.1,2025-12-27,Torino,Cagliari,Ladbrokes,2.0,3.25,4.0,,,2026-07-27 11:39:40
5607,ita.1,2025-12-27,Udinese,Lazio,B365,3.1,3.0,2.45,2.3,1.62,2026-07-27 11:39:40
5608,ita.1,2025-12-27,Udinese,Lazio,Pinnacle,3.14,3.08,2.56,2.37,1.63,2026-07-27 11:39:40
5609,ita.1,2025-12-27,Udinese,Lazio,Betway,3.0,3.1,2.45,,,2026-07-27 11:39:40
5610,ita.1,2025-12-27,Udinese,Lazio,Coral,3.0,3.1,2.45,,,2026-07-27 11:39:40
5611,ita.1,2025-12-27,Udinese,Lazio,Ladbrokes,3.0,3.1,2.45,,,2026-07-27 11:39:40
5612,ita.1,2025-12-27,Pisa,Juventus,B365,7.5,4.5,1.4,1.91,1.91,2026-07-27 11:39:40
5613,ita.1,2025-12-27,Pisa,Juventus,Pinnacle,7.05,4.61,1.47,2.0,1.89,2026-07-27 11:39:40
5614,ita.1,2025-12-27,Pisa,Juventus,Betway,6.75,4.2,1.49,,,2026-07-27 11:39:40
5615,ita.1,2025-12-27,Pisa,Juventus,Coral,6.5,4.2,1.5,,,2026-07-27 11:39:40
5616,ita.1,2025-12-27,Pisa,Juventus,Ladbrokes,6.5,4.2,1.48,,,2026-07-27 11:39:40
5617,ita.1,2025-12-28,AC Milan,Hellas Verona,B365,1.38,4.75,8.5,1.8,2.0,2026-07-27 11:39:40
5618,ita.1,2025-12-28,AC Milan,Hellas Verona,Pinnacle,1.38,4.98,8.81,1.86,2.03,2026-07-27 11:39:40
5619,ita.1,2025-12-28,AC Milan,Hellas Verona,Betway,1.39,5.0,7.5,,,2026-07-27 11:39:40
5620,ita.1,2025-12-28,AC Milan,Hellas Verona,Coral,1.4,5.0,7.5,,,2026-07-27 11:39:40
5621,ita.1,2025-12-28,AC Milan,Hellas Verona,Ladbrokes,1.4,5.0,7.5,,,2026-07-27 11:39:40
5622,ita.1,2025-12-28,Cremonese,Napoli,B365,6.25,3.9,1.55,2.1,1.73,2026-07-27 11:39:40
5623,ita.1,2025-12-28,Cremonese,Napoli,Pinnacle,6.28,4.16,1.57,2.09,1.79,2026-07-27 11:39:40
5624,ita.1,2025-12-28,Cremonese,Napoli,Betway,6.0,3.9,1.58,,,2026-07-27 11:39:40
5625,ita.1,2025-12-28,Cremonese,Napoli,Coral,6.0,3.9,1.57,,,2026-07-27 11:39:40
5626,ita.1,2025-12-28,Cremonese,Napoli,Ladbrokes,6.0,3.8,1.57,,,2026-07-27 11:39:40
5627,ita.1,2025-12-28,Bologna,Sassuolo,B365,1.75,3.6,4.75,2.0,1.8,2026-07-27 11:39:40
5628,ita.1,2025-12-28,Bologna,Sassuolo,Pinnacle,1.74,3.75,5.1,2.03,1.87,2026-07-27 11:39:40
5629,ita.1,2025-12-28,Bologna,Sassuolo,Betway,1.78,3.6,4.6,,,2026-07-27 11:39:40
5630,ita.1,2025-12-28,Bologna,Sassuolo,Coral,1.8,3.6,4.6,,,2026-07-27 11:39:40
5631,ita.1,2025-12-28,Bologna,Sassuolo,Ladbrokes,1.75,3.6,4.6,,,2026-07-27 11:39:40
5632,ita.1,2025-12-28,Atalanta,Inter Milan,B365,3.5,3.5,2.0,1.73,2.1,2026-07-27 11:39:40
5633,ita.1,2025-12-28,Atalanta,Inter Milan,Pinnacle,3.64,3.64,2.07,1.78,2.13,2026-07-27 11:39:40
5634,ita.1,2025-12-28,Atalanta,Inter Milan,Betway,3.3,3.5,2.1,,,2026-07-27 11:39:40
5635,ita.1,2025-12-28,Atalanta,Inter Milan,Coral,3.3,3.5,2.1,,,2026-07-27 11:39:40
5636,ita.1,2025-12-28,Atalanta,Inter Milan,Ladbrokes,3.3,3.5,2.1,,,2026-07-27 11:39:40
5637,ita.1,2025-12-29,AS Roma,Genoa,B365,1.6,3.6,6.25,2.38,1.57,2026-07-27 11:39:40
5638,ita.1,2025-12-29,AS Roma,Genoa,Pinnacle,1.64,3.73,6.32,2.42,1.6,2026-07-27 11:39:40
5639,ita.1,2025-12-29,AS Roma,Genoa,Betway,1.65,3.6,5.75,,,2026-07-27 11:39:40
5640,ita.1,2025-12-29,AS Roma,Genoa,Coral,1.65,3.6,5.75,,,2026-07-27 11:39:40
5641,ita.1,2025-12-29,AS Roma,Genoa,Ladbrokes,1.65,3.6,5.75,,,2026-07-27 11:39:40
5642,ita.1,2026-01-02,Cagliari,AC Milan,B365,6.0,3.9,1.6,2.1,1.73,2026-07-27 11:39:40
5643,ita.1,2026-01-02,Cagliari,AC Milan,Pinnacle,6.25,4.01,1.61,2.13,1.78,2026-07-27 11:39:40
5644,ita.1,2026-01-02,Cagliari,AC Milan,Betway,5.75,4.0,1.57,,,2026-07-27 11:39:40
5645,ita.1,2026-01-02,Cagliari,AC Milan,Coral,5.75,4.0,1.57,,,2026-07-27 11:39:40
5646,ita.1,2026-01-02,Cagliari,AC Milan,Ladbrokes,5.75,4.0,1.57,,,2026-07-27 11:39:40
5647,ita.1,2026-01-03,Como,Udinese,B365,1.73,3.8,4.75,2.0,1.8,2026-07-27 11:39:40
5648,ita.1,2026-01-03,Como,Udinese,Pinnacle,1.75,3.62,5.26,2.07,1.83,2026-07-27 11:39:40
5649,ita.1,2026-01-03,Como,Udinese,Betway,1.71,3.75,4.8,,,2026-07-27 11:39:40
5650,ita.1,2026-01-03,Como,Udinese,Coral,1.73,3.75,4.8,,,2026-07-27 11:39:40
5651,ita.1,2026-01-03,Como,Udinese,Ladbrokes,1.7,3.7,4.8,,,2026-07-27 11:39:40
5652,ita.1,2026-01-03,Genoa,Pisa,B365,1.9,3.1,4.75,2.63,1.5,2026-07-27 11:39:40
5653,ita.1,2026-01-03,Genoa,Pisa,Pinnacle,1.91,3.2,5.05,2.61,1.53,2026-07-27 11:39:40
5654,ita.1,2026-01-03,Genoa,Pisa,Betway,1.88,3.1,4.8,,,2026-07-27 11:39:40
5655,ita.1,2026-01-03,Genoa,Pisa,Coral,1.91,3.2,4.8,,,2026-07-27 11:39:40
5656,ita.1,2026-01-03,Genoa,Pisa,Ladbrokes,1.85,3.1,4.8,,,2026-07-27 11:39:40
5657,ita.1,2026-01-03,Sassuolo,Parma,B365,1.91,3.3,4.33,2.1,1.73,2026-07-27 11:39:40
5658,ita.1,2026-01-03,Sassuolo,Parma,Pinnacle,1.94,3.27,4.67,2.18,1.74,2026-07-27 11:39:40
5659,ita.1,2026-01-03,Sassuolo,Parma,Betway,1.93,3.4,4.1,,,2026-07-27 11:39:40
5660,ita.1,2026-01-03,Sassuolo,Parma,Coral,1.91,3.4,4.0,,,2026-07-27 11:39:40
5661,ita.1,2026-01-03,Sassuolo,Parma,Ladbrokes,1.91,3.4,4.0,,,2026-07-27 11:39:40
5662,ita.1,2026-01-03,Juventus,Lecce,B365,1.27,5.5,13.0,1.8,2.0,2026-07-27 11:39:40
5663,ita.1,2026-01-03,Juventus,Lecce,Pinnacle,1.28,5.77,12.37,1.83,2.05,2026-07-27 11:39:40
5664,ita.1,2026-01-03,Juventus,Lecce,Betway,1.27,5.75,11.5,,,2026-07-27 11:39:40
5665,ita.1,2026-01-03,Juventus,Lecce,Coral,1.28,5.75,11.0,,,2026-07-27 11:39:40
5666,ita.1,2026-01-03,Juventus,Lecce,Ladbrokes,1.25,5.5,11.0,,,2026-07-27 11:39:40
5667,ita.1,2026-01-03,Atalanta,AS Roma,B365,2.3,3.2,3.3,2.1,1.73,2026-07-27 11:39:40
5668,ita.1,2026-01-03,Atalanta,AS Roma,Pinnacle,2.32,3.17,3.48,2.12,1.78,2026-07-27 11:39:40
5669,ita.1,2026-01-03,Atalanta,AS Roma,Betway,2.2,3.3,3.3,,,2026-07-27 11:39:40
5670,ita.1,2026-01-03,Atalanta,AS Roma,Coral,2.2,3.3,3.3,,,2026-07-27 11:39:40
5671,ita.1,2026-01-03,Atalanta,AS Roma,Ladbrokes,2.2,3.3,3.25,,,2026-07-27 11:39:40
5672,ita.1,2026-01-04,Lazio,Napoli,B365,3.4,3.1,2.3,2.63,1.5,2026-07-27 11:39:40
5673,ita.1,2026-01-04,Lazio,Napoli,Pinnacle,3.5,3.05,2.38,2.66,1.52,2026-07-27 11:39:40
5674,ita.1,2026-01-04,Lazio,Napoli,Betway,3.3,3.0,2.35,,,2026-07-27 11:39:40
5675,ita.1,2026-01-04,Lazio,Napoli,Coral,3.3,3.0,2.37,,,2026-07-27 11:39:40
5676,ita.1,2026-01-04,Lazio,Napoli,Ladbrokes,3.3,3.0,2.3,,,2026-07-27 11:39:40
5677,ita.1,2026-01-04,Fiorentina,Cremonese,B365,1.8,3.4,5.0,2.0,1.8,2026-07-27 11:39:40
5678,ita.1,2026-01-04,Fiorentina,Cremonese,Pinnacle,1.79,3.73,4.76,2.05,1.85,2026-07-27 11:39:40
5679,ita.1,2026-01-04,Fiorentina,Cremonese,Betway,1.77,3.6,4.6,,,2026-07-27 11:39:40
5680,ita.1,2026-01-04,Fiorentina,Cremonese,Coral,1.75,3.6,4.6,,,2026-07-27 11:39:40
5681,ita.1,2026-01-04,Fiorentina,Cremonese,Ladbrokes,1.75,3.6,4.5,,,2026-07-27 11:39:40
5682,ita.1,2026-01-04,Hellas Verona,Torino,B365,2.7,3.0,2.9,2.5,1.53,2026-07-27 11:39:40
5683,ita.1,2026-01-04,Hellas Verona,Torino,Pinnacle,2.71,3.02,3.0,2.5,1.57,2026-07-27 11:39:40
5684,ita.1,2026-01-04,Hellas Verona,Torino,Betway,2.6,3.0,2.9,,,2026-07-27 11:39:40
5685,ita.1,2026-01-04,Hellas Verona,Torino,Coral,2.62,3.0,2.9,,,2026-07-27 11:39:40
5686,ita.1,2026-01-04,Hellas Verona,Torino,Ladbrokes,2.6,3.0,2.87,,,2026-07-27 11:39:40
5687,ita.1,2026-01-04,Inter Milan,Bologna,B365,1.42,4.75,7.5,1.73,2.1,2026-07-27 11:39:40
5688,ita.1,2026-01-04,Inter Milan,Bologna,Pinnacle,1.39,5.18,8.05,1.72,2.19,2026-07-27 11:39:40
5689,ita.1,2026-01-04,Inter Milan,Bologna,Betway,1.42,4.8,7.0,,,2026-07-27 11:39:40
5690,ita.1,2026-01-04,Inter Milan,Bologna,Coral,1.4,4.8,7.0,,,2026-07-27 11:39:40
5691,ita.1,2026-01-04,Inter Milan,Bologna,Ladbrokes,1.4,4.8,7.0,,,2026-07-27 11:39:40
5692,ita.1,2026-01-06,Pisa,Como,B365,5.5,3.4,1.7,2.2,1.67,2026-07-27 11:39:40
5693,ita.1,2026-01-06,Pisa,Como,Pinnacle,5.45,3.5,1.78,2.25,1.7,2026-07-27 11:39:40
5694,ita.1,2026-01-06,Pisa,Como,Betway,5.0,3.4,1.78,,,2026-07-27 11:39:40
5695,ita.1,2026-01-06,Pisa,Como,Coral,5.0,3.4,1.8,,,2026-07-27 11:39:40
5696,ita.1,2026-01-06,Pisa,Como,Ladbrokes,5.0,3.3,1.8,,,2026-07-27 11:39:40
5697,ita.1,2026-01-06,Lecce,AS Roma,B365,5.25,3.5,1.73,2.2,1.67,2026-07-27 11:39:40
5698,ita.1,2026-01-06,Lecce,AS Roma,Pinnacle,5.49,3.51,1.77,2.36,1.65,2026-07-27 11:39:40
5699,ita.1,2026-01-06,Lecce,AS Roma,Betway,5.0,3.3,1.78,,,2026-07-27 11:39:40
5700,ita.1,2026-01-06,Lecce,AS Roma,Coral,5.0,3.3,1.8,,,2026-07-27 11:39:40
5701,ita.1,2026-01-06,Lecce,AS Roma,Ladbrokes,5.0,3.3,1.8,,,2026-07-27 11:39:40
5702,ita.1,2026-01-06,Sassuolo,Juventus,B365,5.0,3.9,1.67,1.98,1.88,2026-07-27 11:39:40
5703,ita.1,2026-01-06,Sassuolo,Juventus,Pinnacle,5.3,3.74,1.73,2.01,1.9,2026-07-27 11:39:40
5704,ita.1,2026-01-06,Sassuolo,Juventus,Betway,5.0,3.7,1.71,,,2026-07-27 11:39:40
5705,ita.1,2026-01-06,Sassuolo,Juventus,Coral,5.0,3.7,1.73,,,2026-07-27 11:39:40
5706,ita.1,2026-01-06,Sassuolo,Juventus,Ladbrokes,4.8,3.7,1.7,,,2026-07-27 11:39:40
5707,ita.1,2026-01-07,Bologna,Atalanta,B365,2.75,3.3,2.6,2.0,1.85,2026-07-27 11:39:40
5708,ita.1,2026-01-07,Bologna,Atalanta,Pinnacle,2.84,3.25,2.68,2.03,1.86,2026-07-27 11:39:40
5709,ita.1,2026-01-07,Bologna,Atalanta,Betway,2.7,3.4,2.55,,,2026-07-27 11:39:40
5710,ita.1,2026-01-07,Bologna,Atalanta,Coral,2.7,3.4,2.6,,,2026-07-27 11:39:40
5711,ita.1,2026-01-07,Bologna,Atalanta,Ladbrokes,2.7,3.4,2.5,,,2026-07-27 11:39:40
5712,ita.1,2026-01-07,Napoli,Hellas Verona,B365,1.36,5.5,7.5,2.0,1.8,2026-07-27 11:39:40
5713,ita.1,2026-01-07,Napoli,Hellas Verona,Pinnacle,1.36,5.19,8.85,2.08,1.83,2026-07-27 11:39:40
5714,ita.1,2026-01-07,Napoli,Hellas Verona,Betway,1.36,4.8,8.75,,,2026-07-27 11:39:40
5715,ita.1,2026-01-07,Napoli,Hellas Verona,Coral,1.36,4.8,9.0,,,2026-07-27 11:39:40
5716,ita.1,2026-01-07,Napoli,Hellas Verona,Ladbrokes,1.36,4.8,8.5,,,2026-07-27 11:39:40
5717,ita.1,2026-01-07,Lazio,Fiorentina,B365,2.4,3.1,3.2,2.3,1.62,2026-07-27 11:39:40
5718,ita.1,2026-01-07,Lazio,Fiorentina,Pinnacle,2.51,3.0,3.32,2.39,1.63,2026-07-27 11:39:40
5719,ita.1,2026-01-07,Lazio,Fiorentina,Betway,2.37,3.1,3.1,,,2026-07-27 11:39:40
5720,ita.1,2026-01-07,Lazio,Fiorentina,Coral,2.37,3.1,3.1,,,2026-07-27 11:39:40
5721,ita.1,2026-01-07,Lazio,Fiorentina,Ladbrokes,2.37,3.1,3.1,,,2026-07-27 11:39:40
5722,ita.1,2026-01-07,Parma,Inter Milan,B365,7.5,5.0,1.4,1.67,2.2,2026-07-27 11:39:40
5723,ita.1,2026-01-07,Parma,Inter Milan,Pinnacle,8.16,5.1,1.39,1.66,2.3,2026-07-27 11:39:40
5724,ita.1,2026-01-07,Parma,Inter Milan,Betway,7.5,4.8,1.4,,,2026-07-27 11:39:40
5725,ita.1,2026-01-07,Parma,Inter Milan,Coral,7.5,4.8,1.4,,,2026-07-27 11:39:40
5726,ita.1,2026-01-07,Parma,Inter Milan,Ladbrokes,7.5,4.8,1.4,,,2026-07-27 11:39:40
5727,ita.1,2026-01-07,Torino,Udinese,B365,2.3,3.0,3.4,2.3,1.62,2026-07-27 11:39:40
5728,ita.1,2026-01-07,Torino,Udinese,Pinnacle,2.39,2.95,3.61,2.42,1.61,2026-07-27 11:39:40
5729,ita.1,2026-01-07,Torino,Udinese,Betway,2.3,3.1,3.3,,,2026-07-27 11:39:40
5730,ita.1,2026-01-07,Torino,Udinese,Coral,2.3,3.1,3.3,,,2026-07-27 11:39:40
5731,ita.1,2026-01-07,Torino,Udinese,Ladbrokes,2.3,3.1,3.25,,,2026-07-27 11:39:40
5732,ita.1,2026-01-08,Cremonese,Cagliari,B365,2.4,3.1,3.2,2.3,1.62,2026-07-27 11:39:40
5733,ita.1,2026-01-08,Cremonese,Cagliari,Pinnacle,2.48,3.1,3.26,2.38,1.63,2026-07-27 11:39:40
5734,ita.1,2026-01-08,Cremonese,Cagliari,Betway,2.35,3.2,3.1,,,2026-07-27 11:39:40
5735,ita.1,2026-01-08,Cremonese,Cagliari,Coral,2.37,3.2,3.1,,,2026-07-27 11:39:40
5736,ita.1,2026-01-08,Cremonese,Cagliari,Ladbrokes,2.3,3.2,3.1,,,2026-07-27 11:39:40
5737,ita.1,2026-01-08,AC Milan,Genoa,B365,1.44,4.5,7.5,2.0,1.8,2026-07-27 11:39:40
5738,ita.1,2026-01-08,AC Milan,Genoa,Pinnacle,1.44,4.47,8.31,2.09,1.79,2026-07-27 11:39:40
5739,ita.1,2026-01-08,AC Milan,Genoa,Betway,1.43,4.5,7.25,,,2026-07-27 11:39:40
5740,ita.1,2026-01-08,AC Milan,Genoa,Coral,1.44,4.5,7.5,,,2026-07-27 11:39:40
5741,ita.1,2026-01-08,AC Milan,Genoa,Ladbrokes,1.44,4.5,7.0,,,2026-07-27 11:39:40
5742,ita.1,2026-01-10,Como,Bologna,B365,1.95,3.3,4.2,2.1,1.73,2026-07-27 11:39:40
5743,ita.1,2026-01-10,Como,Bologna,Pinnacle,2.0,3.34,4.24,2.11,1.79,2026-07-27 11:39:40
5744,ita.1,2026-01-10,Como,Bologna,Betway,1.95,3.3,4.0,,,2026-07-27 11:39:40
5745,ita.1,2026-01-10,Como,Bologna,Coral,1.95,3.4,4.0,,,2026-07-27 11:39:40
5746,ita.1,2026-01-10,Como,Bologna,Ladbrokes,1.95,3.3,4.0,,,2026-07-27 11:39:40
5747,ita.1,2026-01-10,Udinese,Pisa,B365,1.83,3.4,4.6,2.3,1.62,2026-07-27 11:39:40
5748,ita.1,2026-01-10,Udinese,Pisa,Pinnacle,1.85,3.41,4.91,2.33,1.66,2026-07-27 11:39:40
5749,ita.1,2026-01-10,Udinese,Pisa,Betway,1.9,3.3,4.33,,,2026-07-27 11:39:40
5750,ita.1,2026-01-10,Udinese,Pisa,Coral,1.91,3.3,4.33,,,2026-07-27 11:39:40
5751,ita.1,2026-01-10,Udinese,Pisa,Ladbrokes,1.91,3.3,4.33,,,2026-07-27 11:39:40
5752,ita.1,2026-01-10,AS Roma,Sassuolo,B365,1.53,4.0,6.5,2.03,1.83,2026-07-27 11:39:40
5753,ita.1,2026-01-10,AS Roma,Sassuolo,Pinnacle,1.54,4.2,6.6,2.06,1.83,2026-07-27 11:39:40
5754,ita.1,2026-01-10,AS Roma,Sassuolo,Betway,1.57,4.0,6.0,,,2026-07-27 11:39:40
5755,ita.1,2026-01-10,AS Roma,Sassuolo,Coral,1.57,4.0,6.0,,,2026-07-27 11:39:40
5756,ita.1,2026-01-10,AS Roma,Sassuolo,Ladbrokes,1.55,4.0,6.0,,,2026-07-27 11:39:40
5757,ita.1,2026-01-10,Atalanta,Torino,B365,1.6,3.9,6.0,1.8,2.0,2026-07-27 11:39:40
5758,ita.1,2026-01-10,Atalanta,Torino,Pinnacle,1.61,4.13,5.7,1.85,2.04,2026-07-27 11:39:40
5759,ita.1,2026-01-10,Atalanta,Torino,Betway,1.62,3.8,5.75,,,2026-07-27 11:39:40
5760,ita.1,2026-01-10,Atalanta,Torino,Coral,1.61,3.8,5.5,,,2026-07-27 11:39:40
5761,ita.1,2026-01-10,Atalanta,Torino,Ladbrokes,1.61,3.75,5.5,,,2026-07-27 11:39:40
5762,ita.1,2026-01-11,Lecce,Parma,B365,2.75,3.0,2.88,2.63,1.5,2026-07-27 11:39:40
5763,ita.1,2026-01-11,Lecce,Parma,Pinnacle,2.8,2.98,2.94,2.68,1.49,2026-07-27 11:39:40
5764,ita.1,2026-01-11,Lecce,Parma,Betway,2.65,3.0,2.85,,,2026-07-27 11:39:40
5765,ita.1,2026-01-11,Lecce,Parma,Coral,2.62,3.1,2.87,,,2026-07-27 11:39:40
5766,ita.1,2026-01-11,Lecce,Parma,Ladbrokes,2.62,3.0,2.8,,,2026-07-27 11:39:40
5767,ita.1,2026-01-11,Fiorentina,AC Milan,B365,3.8,3.4,2.0,2.03,1.83,2026-07-27 11:39:40
5768,ita.1,2026-01-11,Fiorentina,AC Milan,Pinnacle,3.89,3.5,2.03,2.05,1.85,2026-07-27 11:39:40
5769,ita.1,2026-01-11,Fiorentina,AC Milan,Betway,3.6,3.5,2.0,,,2026-07-27 11:39:40
5770,ita.1,2026-01-11,Fiorentina,AC Milan,Coral,3.6,3.5,2.0,,,2026-07-27 11:39:40
5771,ita.1,2026-01-11,Fiorentina,AC Milan,Ladbrokes,3.6,3.5,2.0,,,2026-07-27 11:39:40
5772,ita.1,2026-01-11,Hellas Verona,Lazio,B365,3.4,3.0,2.35,2.5,1.53,2026-07-27 11:39:40
5773,ita.1,2026-01-11,Hellas Verona,Lazio,Pinnacle,3.45,3.07,2.4,2.58,1.53,2026-07-27 11:39:40
5774,ita.1,2026-01-11,Hellas Verona,Lazio,Betway,3.3,3.1,2.3,,,2026-07-27 11:39:40
5775,ita.1,2026-01-11,Hellas Verona,Lazio,Coral,3.3,3.1,2.3,,,2026-07-27 11:39:40
5776,ita.1,2026-01-11,Hellas Verona,Lazio,Ladbrokes,3.3,3.1,2.25,,,2026-07-27 11:39:40
5777,ita.1,2026-01-11,Inter Milan,Napoli,B365,1.7,3.5,5.25,2.1,1.73,2026-07-27 11:39:40
5778,ita.1,2026-01-11,Inter Milan,Napoli,Pinnacle,1.75,3.64,5.22,2.1,1.79,2026-07-27 11:39:40
5779,ita.1,2026-01-11,Inter Milan,Napoli,Betway,1.75,3.6,4.8,,,2026-07-27 11:39:40
5780,ita.1,2026-01-11,Inter Milan,Napoli,Coral,1.75,3.6,4.8,,,2026-07-27 11:39:40
5781,ita.1,2026-01-11,Inter Milan,Napoli,Ladbrokes,1.75,3.6,4.8,,,2026-07-27 11:39:40
5782,ita.1,2026-01-12,Genoa,Cagliari,B365,2.1,3.0,4.2,2.63,1.5,2026-07-27 11:39:40
5783,ita.1,2026-01-12,Genoa,Cagliari,Pinnacle,2.12,2.97,4.44,2.6,1.52,2026-07-27 11:39:40
5784,ita.1,2026-01-12,Genoa,Cagliari,Betway,2.15,3.0,3.8,,,2026-07-27 11:39:40
5785,ita.1,2026-01-12,Genoa,Cagliari,Coral,2.15,3.0,3.8,,,2026-07-27 11:39:40
5786,ita.1,2026-01-12,Genoa,Cagliari,Ladbrokes,2.15,3.0,3.75,,,2026-07-27 11:39:40
5787,ita.1,2026-01-12,Juventus,Cremonese,B365,1.25,6.0,13.0,1.67,2.2,2026-07-27 11:39:40
5788,ita.1,2026-01-12,Juventus,Cremonese,Pinnacle,1.25,6.33,11.48,1.65,2.29,2026-07-27 11:39:40
5789,ita.1,2026-01-12,Juventus,Cremonese,Betway,1.26,6.0,11.0,,,2026-07-27 11:39:40
5790,ita.1,2026-01-12,Juventus,Cremonese,Coral,1.25,6.0,11.0,,,2026-07-27 11:39:40
5791,ita.1,2026-01-12,Juventus,Cremonese,Ladbrokes,1.25,6.0,11.0,,,2026-07-27 11:39:40
5792,ita.1,2026-01-14,Napoli,Parma,B365,1.3,5.25,10.5,1.88,1.98,2026-07-27 11:39:40
5793,ita.1,2026-01-14,Napoli,Parma,Pinnacle,1.33,5.33,10.3,1.93,1.96,2026-07-27 11:39:40
5794,ita.1,2026-01-14,Napoli,Parma,Betway,1.34,5.25,8.75,,,2026-07-27 11:39:40
5795,ita.1,2026-01-14,Napoli,Parma,Coral,1.35,5.25,8.5,,,2026-07-27 11:39:40
5796,ita.1,2026-01-14,Napoli,Parma,Ladbrokes,1.33,5.0,8.5,,,2026-07-27 11:39:40
5797,ita.1,2026-01-14,Inter Milan,Lecce,B365,1.13,9.0,19.0,1.5,2.63,2026-07-27 11:39:40
5798,ita.1,2026-01-14,Inter Milan,Lecce,Pinnacle,1.14,9.03,20.01,1.5,2.67,2026-07-27 11:39:40
5799,ita.1,2026-01-14,Inter Milan,Lecce,Betway,1.15,8.25,19.0,,,2026-07-27 11:39:40
5800,ita.1,2026-01-14,Inter Milan,Lecce,Coral,1.14,8.0,19.0,,,2026-07-27 11:39:40
5801,ita.1,2026-01-14,Inter Milan,Lecce,Ladbrokes,1.14,8.0,17.0,,,2026-07-27 11:39:40
5802,ita.1,2026-01-15,Hellas Verona,Bologna,B365,3.6,3.3,2.1,2.3,1.62,2026-07-27 11:39:40
5803,ita.1,2026-01-15,Hellas Verona,Bologna,Pinnacle,3.68,3.32,2.17,2.3,1.67,2026-07-27 11:39:40
5804,ita.1,2026-01-15,Hellas Verona,Bologna,Betway,3.6,3.3,2.1,,,2026-07-27 11:39:40
5805,ita.1,2026-01-15,Hellas Verona,Bologna,Coral,3.6,3.3,2.1,,,2026-07-27 11:39:40
5806,ita.1,2026-01-15,Hellas Verona,Bologna,Ladbrokes,3.5,3.25,2.1,,,2026-07-27 11:39:40
5807,ita.1,2026-01-15,Como,AC Milan,B365,2.9,3.25,2.5,2.0,1.8,2026-07-27 11:39:40
5808,ita.1,2026-01-15,Como,AC Milan,Pinnacle,2.99,3.27,2.55,2.1,1.79,2026-07-27 11:39:40
5809,ita.1,2026-01-15,Como,AC Milan,Betway,2.85,3.25,2.5,,,2026-07-27 11:39:40
5810,ita.1,2026-01-15,Como,AC Milan,Coral,2.87,3.25,2.5,,,2026-07-27 11:39:40
5811,ita.1,2026-01-15,Como,AC Milan,Ladbrokes,2.8,3.2,2.5,,,2026-07-27 11:39:40
5812,ita.1,2026-01-16,Pisa,Atalanta,B365,6.5,3.9,1.55,1.85,2.0,2026-07-27 11:39:40
5813,ita.1,2026-01-16,Pisa,Atalanta,Betway,5.75,3.9,1.6,,,2026-07-27 11:39:40
5814,ita.1,2026-01-16,Pisa,Atalanta,Coral,5.75,3.9,1.6,,,2026-07-27 11:39:40
5815,ita.1,2026-01-16,Pisa,Atalanta,Ladbrokes,5.75,3.9,1.6,,,2026-07-27 11:39:40
5816,ita.1,2026-01-17,Udinese,Inter Milan,B365,7.0,4.75,1.42,1.73,2.1,2026-07-27 11:39:40
5817,ita.1,2026-01-17,Udinese,Inter Milan,Betway,6.75,4.75,1.44,,,2026-07-27 11:39:40
5818,ita.1,2026-01-17,Udinese,Inter Milan,Coral,6.5,4.8,1.44,,,2026-07-27 11:39:40
5819,ita.1,2026-01-17,Udinese,Inter Milan,Ladbrokes,6.5,4.6,1.44,,,2026-07-27 11:39:40
5820,ita.1,2026-01-17,Napoli,Sassuolo,B365,1.48,4.33,7.5,2.03,1.83,2026-07-27 11:39:40
5821,ita.1,2026-01-17,Napoli,Sassuolo,Betway,1.46,4.2,7.5,,,2026-07-27 11:39:40
5822,ita.1,2026-01-17,Napoli,Sassuolo,Coral,1.44,4.2,7.5,,,2026-07-27 11:39:40
5823,ita.1,2026-01-17,Napoli,Sassuolo,Ladbrokes,1.44,4.2,7.5,,,2026-07-27 11:39:40
5824,ita.1,2026-01-17,Cagliari,Juventus,B365,6.25,4.2,1.5,2.0,1.8,2026-07-27 11:39:40
5825,ita.1,2026-01-17,Cagliari,Juventus,Betway,6.5,4.1,1.51,,,2026-07-27 11:39:40
5826,ita.1,2026-01-17,Cagliari,Juventus,Coral,6.5,4.2,1.5,,,2026-07-27 11:39:40
5827,ita.1,2026-01-17,Cagliari,Juventus,Ladbrokes,6.5,4.0,1.5,,,2026-07-27 11:39:40
5828,ita.1,2026-01-18,Parma,Genoa,B365,2.9,2.55,3.0,2.63,1.5,2026-07-27 11:39:40
5829,ita.1,2026-01-18,Parma,Genoa,Betway,2.8,2.87,2.8,,,2026-07-27 11:39:40
5830,ita.1,2026-01-18,Parma,Genoa,Coral,2.8,2.87,2.8,,,2026-07-27 11:39:40
5831,ita.1,2026-01-18,Parma,Genoa,Ladbrokes,2.8,2.87,2.8,,,2026-07-27 11:39:40
5832,ita.1,2026-01-18,Bologna,Fiorentina,B365,2.2,3.3,3.4,2.0,1.85,2026-07-27 11:39:40
5833,ita.1,2026-01-18,Bologna,Fiorentina,Betway,2.15,3.3,3.4,,,2026-07-27 11:39:40
5834,ita.1,2026-01-18,Bologna,Fiorentina,Coral,2.15,3.3,3.4,,,2026-07-27 11:39:40
5835,ita.1,2026-01-18,Bologna,Fiorentina,Ladbrokes,2.15,3.3,3.4,,,2026-07-27 11:39:40
5836,ita.1,2026-01-18,Torino,AS Roma,B365,3.75,3.1,2.15,2.2,1.67,2026-07-27 11:39:40
5837,ita.1,2026-01-18,Torino,AS Roma,Betway,3.4,3.2,2.2,,,2026-07-27 11:39:40
5838,ita.1,2026-01-18,Torino,AS Roma,Coral,3.4,3.2,2.2,,,2026-07-27 11:39:40
5839,ita.1,2026-01-18,Torino,AS Roma,Ladbrokes,3.4,3.2,2.2,,,2026-07-27 11:39:40
5840,ita.1,2026-01-18,AC Milan,Lecce,B365,1.29,5.0,13.0,1.91,1.91,2026-07-27 11:39:40
5841,ita.1,2026-01-18,AC Milan,Lecce,Betway,1.3,5.5,10.5,,,2026-07-27 11:39:40
5842,ita.1,2026-01-18,AC Milan,Lecce,Coral,1.3,5.5,10.0,,,2026-07-27 11:39:40
5843,ita.1,2026-01-18,AC Milan,Lecce,Ladbrokes,1.3,5.25,10.0,,,2026-07-27 11:39:40
5844,ita.1,2026-01-19,Cremonese,Hellas Verona,B365,2.63,2.9,3.1,2.38,1.57,2026-07-27 11:39:40
5845,ita.1,2026-01-19,Cremonese,Hellas Verona,Betway,2.5,3.1,3.0,,,2026-07-27 11:39:40
5846,ita.1,2026-01-19,Cremonese,Hellas Verona,Coral,2.5,3.1,3.0,,,2026-07-27 11:39:40
5847,ita.1,2026-01-19,Cremonese,Hellas Verona,Ladbrokes,2.45,3.1,3.0,,,2026-07-27 11:39:40
5848,ita.1,2026-01-19,Lazio,Como,B365,2.7,2.9,3.0,2.38,1.57,2026-07-27 11:39:40
5849,ita.1,2026-01-19,Lazio,Como,Betway,2.65,3.0,2.85,,,2026-07-27 11:39:40
5850,ita.1,2026-01-19,Lazio,Como,Coral,2.62,3.0,2.87,,,2026-07-27 11:39:40
5851,ita.1,2026-01-19,Lazio,Como,Ladbrokes,2.62,3.0,2.8,,,2026-07-27 11:39:40
5852,ita.1,2026-01-23,Inter Milan,Pisa,B365,1.18,7.5,15.0,1.5,2.63,2026-07-27 11:39:40
5853,ita.1,2026-01-23,Inter Milan,Pisa,Betway,1.2,7.25,13.5,,,2026-07-27 11:39:40
5854,ita.1,2026-01-23,Inter Milan,Pisa,Coral,1.2,7.5,13.0,,,2026-07-27 11:39:40
5855,ita.1,2026-01-23,Inter Milan,Pisa,Ladbrokes,1.2,7.0,13.0,,,2026-07-27 11:39:40
5856,ita.1,2026-01-24,Como,Torino,B365,1.62,3.75,6.0,2.1,1.73,2026-07-27 11:39:40
5857,ita.1,2026-01-24,Como,Torino,Betway,1.65,3.8,5.25,,,2026-07-27 11:39:40
5858,ita.1,2026-01-24,Como,Torino,Coral,1.65,3.8,5.25,,,2026-07-27 11:39:40
5859,ita.1,2026-01-24,Como,Torino,Ladbrokes,1.65,3.8,5.25,,,2026-07-27 11:39:40
5860,ita.1,2026-01-24,Fiorentina,Cagliari,B365,1.62,3.8,5.75,2.0,1.8,2026-07-27 11:39:40
5861,ita.1,2026-01-24,Fiorentina,Cagliari,Betway,1.63,3.8,5.5,,,2026-07-27 11:39:40
5862,ita.1,2026-01-24,Lecce,Lazio,B365,4.0,3.0,2.1,2.63,1.5,2026-07-27 11:39:40
5863,ita.1,2026-01-24,Lecce,Lazio,Betway,3.9,3.1,2.1,,,2026-07-27 11:39:40
5864,ita.1,2026-01-25,Sassuolo,Cremonese,B365,1.91,3.4,4.2,2.2,1.67,2026-07-27 11:39:40
5865,ita.1,2026-01-25,Sassuolo,Cremonese,Betway,1.93,3.3,4.1,,,2026-07-27 11:39:40
5866,ita.1,2026-01-25,Atalanta,Parma,B365,1.42,4.5,7.5,1.73,2.1,2026-07-27 11:39:40
5867,ita.1,2026-01-25,Atalanta,Parma,Betway,1.43,4.6,7.0,,,2026-07-27 11:39:40
5868,ita.1,2026-01-25,Genoa,Bologna,B365,3.0,3.0,2.6,2.38,1.57,2026-07-27 11:39:40
5869,ita.1,2026-01-25,Genoa,Bologna,Betway,2.9,3.1,2.5,,,2026-07-27 11:39:40
5870,ita.1,2026-01-25,Juventus,Napoli,B365,2.05,3.2,4.0,2.63,1.5,2026-07-27 11:39:40
5871,ita.1,2026-01-25,Juventus,Napoli,Betway,2.1,3.1,3.7,,,2026-07-27 11:39:40
5872,ita.1,2026-01-25,AS Roma,AC Milan,B365,2.63,3.1,2.88,2.2,1.67,2026-07-27 11:39:40
5873,ita.1,2026-01-25,AS Roma,AC Milan,Betway,2.65,3.1,2.8,,,2026-07-27 11:39:40
5874,ita.1,2026-01-26,Hellas Verona,Udinese,B365,2.8,3.0,2.8,2.63,1.5,2026-07-27 11:39:40
5875,ita.1,2026-01-26,Hellas Verona,Udinese,Betway,2.65,3.2,2.7,,,2026-07-27 11:39:40
5876,ita.1,2026-01-30,Lazio,Genoa,B365,2.2,2.88,4.0,3.0,1.4,2026-07-27 11:39:40
5877,ita.1,2026-01-30,Lazio,Genoa,Betway,2.15,2.95,4.0,,,2026-07-27 11:39:40
5878,ita.1,2026-01-30,Lazio,Genoa,Coral,2.15,3.0,4.0,,,2026-07-27 11:39:40
5879,ita.1,2026-01-30,Lazio,Genoa,Ladbrokes,2.1,3.0,3.9,,,2026-07-27 11:39:40
5880,ita.1,2026-01-31,Pisa,Sassuolo,B365,2.9,3.1,2.55,2.2,1.67,2026-07-27 11:39:40
5881,ita.1,2026-01-31,Pisa,Sassuolo,Betway,2.8,3.1,2.6,,,2026-07-27 11:39:40
5882,ita.1,2026-01-31,Napoli,Fiorentina,B365,1.8,3.4,5.0,2.0,1.8,2026-07-27 11:39:40
5883,ita.1,2026-01-31,Napoli,Fiorentina,Betway,1.77,3.7,4.5,,,2026-07-27 11:39:40
5884,ita.1,2026-01-31,Cagliari,Hellas Verona,B365,2.2,3.0,3.8,2.5,1.53,2026-07-27 11:39:40
5885,ita.1,2026-01-31,Cagliari,Hellas Verona,Betway,2.2,3.0,3.6,,,2026-07-27 11:39:40
5886,ita.1,2026-02-01,Torino,Lecce,B365,1.95,3.1,4.5,2.63,1.5,2026-07-27 11:39:40
5887,ita.1,2026-02-01,Torino,Lecce,Betway,1.95,3.1,4.5,,,2026-07-27 11:39:40
5888,ita.1,2026-02-01,Como,Atalanta,B365,2.35,3.25,3.2,1.91,1.91,2026-07-27 11:39:40
5889,ita.1,2026-02-01,Como,Atalanta,Betway,2.25,3.4,3.1,,,2026-07-27 11:39:40
5890,ita.1,2026-02-01,Cremonese,Inter Milan,B365,11.0,5.0,1.3,1.67,2.2,2026-07-27 11:39:40
5891,ita.1,2026-02-01,Cremonese,Inter Milan,Betway,9.5,5.5,1.31,,,2026-07-27 11:39:40
5892,ita.1,2026-02-01,Cremonese,Inter Milan,Coral,9.5,5.5,1.3,,,2026-07-27 11:39:40
5893,ita.1,2026-02-01,Cremonese,Inter Milan,Ladbrokes,9.5,5.25,1.3,,,2026-07-27 11:39:40
5894,ita.1,2026-02-01,Parma,Juventus,B365,7.5,4.33,1.45,1.91,1.91,2026-07-27 11:39:40
5895,ita.1,2026-02-01,Parma,Juventus,Betway,6.5,4.2,1.5,,,2026-07-27 11:39:40
5896,ita.1,2026-02-02,Udinese,AS Roma,B365,4.33,3.4,1.91,2.2,1.67,2026-07-27 11:39:40
5897,ita.1,2026-02-02,Udinese,AS Roma,Betway,3.9,3.25,2.0,,,2026-07-27 11:39:40
5898,ita.1,2026-02-03,Bologna,AC Milan,B365,2.9,3.25,2.5,2.1,1.73,2026-07-27 11:39:40
5899,ita.1,2026-02-03,Bologna,AC Milan,Betway,2.9,3.2,2.5,,,2026-07-27 11:39:40
5900,ita.1,2026-02-03,Bologna,AC Milan,Coral,2.9,3.2,2.5,,,2026-07-27 11:39:40
5901,ita.1,2026-02-03,Bologna,AC Milan,Ladbrokes,2.9,3.1,2.5,,,2026-07-27 11:39:40
5902,ita.1,2026-02-06,Hellas Verona,Pisa,B365,2.55,3.0,3.0,2.38,1.57,2026-07-27 11:39:40
5903,ita.1,2026-02-06,Hellas Verona,Pisa,Betway,2.45,3.0,3.1,,,2026-07-27 11:39:40
5904,ita.1,2026-02-07,Genoa,Napoli,B365,4.5,3.2,1.95,2.63,1.5,2026-07-27 11:39:40
5905,ita.1,2026-02-07,Genoa,Napoli,Betway,4.33,3.3,1.9,,,2026-07-27 11:39:40
5906,ita.1,2026-02-07,Fiorentina,Torino,B365,1.75,3.75,4.75,1.93,1.93,2026-07-27 11:39:40
5907,ita.1,2026-02-07,Fiorentina,Torino,Betway,1.77,3.6,4.6,,,2026-07-27 11:39:40
5908,ita.1,2026-02-08,Bologna,Parma,B365,1.6,3.9,5.75,2.03,1.83,2026-07-27 11:39:40
5909,ita.1,2026-02-08,Bologna,Parma,Betway,1.6,4.0,5.75,,,2026-07-27 11:39:40
5910,ita.1,2026-02-08,Lecce,Udinese,B365,3.1,2.88,2.63,2.75,1.44,2026-07-27 11:39:40
5911,ita.1,2026-02-08,Lecce,Udinese,Betway,3.1,2.87,2.55,,,2026-07-27 11:39:40
5912,ita.1,2026-02-08,Sassuolo,Inter Milan,B365,7.5,4.5,1.44,1.8,2.0,2026-07-27 11:39:40
5913,ita.1,2026-02-08,Sassuolo,Inter Milan,Betway,6.5,4.5,1.47,,,2026-07-27 11:39:40
5914,ita.1,2026-02-08,Juventus,Lazio,B365,1.48,4.2,7.5,2.1,1.73,2026-07-27 11:39:40
5915,ita.1,2026-02-08,Juventus,Lazio,Betway,1.47,4.1,7.25,,,2026-07-27 11:39:40
5916,ita.1,2026-02-09,Atalanta,Cremonese,B365,1.36,5.0,8.5,1.73,2.1,2026-07-27 11:39:40
5917,ita.1,2026-02-09,Atalanta,Cremonese,Betway,1.39,5.0,7.5,,,2026-07-27 11:39:40
5918,ita.1,2026-02-09,AS Roma,Cagliari,B365,1.48,4.1,7.5,2.1,1.73,2026-07-27 11:39:40
5919,ita.1,2026-02-09,AS Roma,Cagliari,Betway,1.49,4.1,7.0,,,2026-07-27 11:39:40
5920,ita.1,2026-02-13,Pisa,AC Milan,B365,6.5,4.2,1.5,1.93,1.93,2026-07-27 11:39:40
5921,ita.1,2026-02-13,Pisa,AC Milan,Betway,6.5,4.2,1.5,,,2026-07-27 11:39:40
5922,ita.1,2026-02-14,Como,Fiorentina,B365,1.73,3.75,4.75,1.8,2.0,2026-07-27 11:39:40
5923,ita.1,2026-02-14,Como,Fiorentina,Betway,1.73,3.8,4.6,,,2026-07-27 11:39:40
5924,ita.1,2026-02-14,Lazio,Atalanta,B365,3.5,3.25,2.15,2.1,1.73,2026-07-27 11:39:40
5925,ita.1,2026-02-14,Lazio,Atalanta,Betway,3.4,3.25,2.2,,,2026-07-27 11:39:40
5926,ita.1,2026-02-14,Lazio,Atalanta,Coral,3.4,3.25,2.2,,,2026-07-27 11:39:40
5927,ita.1,2026-02-14,Lazio,Atalanta,Ladbrokes,3.4,3.25,2.2,,,2026-07-27 11:39:40
5928,ita.1,2026-02-14,Inter Milan,Juventus,B365,1.95,3.4,4.1,1.98,1.88,2026-07-27 11:39:40
5929,ita.1,2026-02-14,Inter Milan,Juventus,Betway,2.0,3.4,3.75,,,2026-07-27 11:39:40
5930,ita.1,2026-02-15,Udinese,Sassuolo,B365,2.4,3.0,3.3,2.2,1.67,2026-07-27 11:39:40
5931,ita.1,2026-02-15,Udinese,Sassuolo,Betway,2.35,3.1,3.2,,,2026-07-27 11:39:40
5932,ita.1,2026-02-15,Cremonese,Genoa,B365,3.2,3.0,2.45,2.63,1.5,2026-07-27 11:39:40
5933,ita.1,2026-02-15,Cremonese,Genoa,Betway,3.1,3.1,2.4,,,2026-07-27 11:39:40
5934,ita.1,2026-02-15,Parma,Hellas Verona,B365,2.3,3.0,3.5,2.5,1.53,2026-07-27 11:39:40
5935,ita.1,2026-02-15,Parma,Hellas Verona,Betway,2.37,3.0,3.25,,,2026-07-27 11:39:40
5936,ita.1,2026-02-15,Torino,Bologna,B365,3.3,3.25,2.25,2.1,1.73,2026-07-27 11:39:40
5937,ita.1,2026-02-15,Torino,Bologna,Betway,3.2,3.3,2.25,,,2026-07-27 11:39:40
5938,ita.1,2026-02-15,Torino,Bologna,Coral,3.2,3.3,2.25,,,2026-07-27 11:39:40
5939,ita.1,2026-02-15,Torino,Bologna,Ladbrokes,3.2,3.3,2.25,,,2026-07-27 11:39:40
5940,ita.1,2026-02-15,Napoli,AS Roma,B365,2.3,3.0,3.5,2.5,1.53,2026-07-27 11:39:40
5941,ita.1,2026-02-15,Napoli,AS Roma,Betway,2.25,3.2,3.3,,,2026-07-27 11:39:40
5942,ita.1,2026-02-15,Napoli,AS Roma,Coral,2.25,3.2,3.3,,,2026-07-27 11:39:40
5943,ita.1,2026-02-15,Napoli,AS Roma,Ladbrokes,2.25,3.1,3.3,,,2026-07-27 11:39:40
5944,ita.1,2026-02-16,Cagliari,Lecce,B365,2.2,3.0,3.75,2.63,1.5,2026-07-27 11:39:40
5945,ita.1,2026-02-16,Cagliari,Lecce,Betway,2.15,3.1,3.7,,,2026-07-27 11:39:40
5946,ita.1,2026-02-16,Cagliari,Lecce,Coral,2.15,3.1,3.7,,,2026-07-27 11:39:40
5947,ita.1,2026-02-16,Cagliari,Lecce,Ladbrokes,2.15,3.1,3.6,,,2026-07-27 11:39:40
5948,ita.1,2026-02-18,AC Milan,Como,B365,2.25,3.3,3.25,2.0,1.85,2026-07-27 11:39:40
5949,ita.1,2026-02-18,AC Milan,Como,Betway,2.25,3.3,3.1,,,2026-07-27 11:39:40
5950,ita.1,2026-02-20,Sassuolo,Hellas Verona,B365,1.75,3.3,5.25,2.2,1.67,2026-07-27 11:39:40
5951,ita.1,2026-02-20,Sassuolo,Hellas Verona,Betway,1.75,3.4,5.25,,,2026-07-27 11:39:40
5952,ita.1,2026-02-20,Sassuolo,Hellas Verona,Coral,1.75,3.4,5.25,,,2026-07-27 11:39:40
5953,ita.1,2026-02-20,Sassuolo,Hellas Verona,Ladbrokes,1.75,3.4,5.0,,,2026-07-27 11:39:40
5954,ita.1,2026-02-21,Juventus,Como,B365,2.0,3.4,3.7,2.0,1.8,2026-07-27 11:39:40
5955,ita.1,2026-02-21,Juventus,Como,Betway,2.05,3.5,3.5,,,2026-07-27 11:39:40
5956,ita.1,2026-02-21,Lecce,Inter Milan,B365,7.0,4.33,1.48,2.1,1.73,2026-07-27 11:39:40
5957,ita.1,2026-02-21,Lecce,Inter Milan,Betway,7.25,4.33,1.46,,,2026-07-27 11:39:40
5958,ita.1,2026-02-21,Lecce,Inter Milan,Coral,7.5,4.33,1.44,,,2026-07-27 11:39:40
5959,ita.1,2026-02-21,Lecce,Inter Milan,Ladbrokes,7.0,4.33,1.44,,,2026-07-27 11:39:40
5960,ita.1,2026-02-21,Cagliari,Lazio,B365,3.4,3.0,2.35,2.38,1.57,2026-07-27 11:39:40
5961,ita.1,2026-02-21,Cagliari,Lazio,Betway,3.2,3.1,2.35,,,2026-07-27 11:39:40
5962,ita.1,2026-02-21,Cagliari,Lazio,Coral,3.2,3.1,2.37,,,2026-07-27 11:39:40
5963,ita.1,2026-02-21,Cagliari,Lazio,Ladbrokes,3.2,3.1,2.37,,,2026-07-27 11:39:40
5964,ita.1,2026-02-22,Genoa,Torino,B365,2.25,3.0,3.6,2.3,1.62,2026-07-27 11:39:40
5965,ita.1,2026-02-22,Genoa,Torino,Betway,2.3,3.1,3.4,,,2026-07-27 11:39:40
5966,ita.1,2026-02-22,Genoa,Torino,Coral,2.3,3.1,3.4,,,2026-07-27 11:39:40
5967,ita.1,2026-02-22,Genoa,Torino,Ladbrokes,2.25,3.0,3.4,,,2026-07-27 11:39:40
5968,ita.1,2026-02-22,Atalanta,Napoli,B365,2.45,3.2,3.0,2.1,1.73,2026-07-27 11:39:40
5969,ita.1,2026-02-22,Atalanta,Napoli,Betway,2.45,3.2,3.0,,,2026-07-27 11:39:40
5970,ita.1,2026-02-22,Atalanta,Napoli,Coral,2.45,3.2,3.0,,,2026-07-27 11:39:40
5971,ita.1,2026-02-22,Atalanta,Napoli,Ladbrokes,2.4,3.2,3.0,,,2026-07-27 11:39:40
5972,ita.1,2026-02-22,AC Milan,Parma,B365,1.33,5.0,9.5,1.8,2.0,2026-07-27 11:39:40
5973,ita.1,2026-02-22,AC Milan,Parma,Betway,1.35,5.0,8.75,,,2026-07-27 11:39:40
5974,ita.1,2026-02-22,AS Roma,Cremonese,B365,1.36,4.5,10.0,1.98,1.88,2026-07-27 11:39:40
5975,ita.1,2026-02-22,AS Roma,Cremonese,Betway,1.39,4.6,8.5,,,2026-07-27 11:39:40
5976,ita.1,2026-02-23,Fiorentina,Pisa,B365,1.67,4.0,5.0,1.8,2.0,2026-07-27 11:39:40
5977,ita.1,2026-02-23,Fiorentina,Pisa,Betway,1.65,4.0,5.0,,,2026-07-27 11:39:40
5978,ita.1,2026-02-23,Bologna,Udinese,B365,1.85,3.5,4.5,2.1,1.73,2026-07-27 11:39:40
5979,ita.1,2026-02-23,Bologna,Udinese,Betway,1.85,3.5,4.33,,,2026-07-27 11:39:40
5980,ita.1,2026-02-27,Parma,Cagliari,B365,2.25,3.0,3.7,2.38,1.57,2026-07-27 11:39:40
5981,ita.1,2026-02-27,Parma,Cagliari,Betway,2.25,2.95,3.6,,,2026-07-27 11:39:40
5982,ita.1,2026-02-28,Como,Lecce,B365,1.38,4.5,9.5,2.03,1.83,2026-07-27 11:39:40
5983,ita.1,2026-02-28,Como,Lecce,Betway,1.39,4.6,8.5,,,2026-07-27 11:39:40
5984,ita.1,2026-02-28,Hellas Verona,Napoli,B365,7.5,4.0,1.5,2.3,1.62,2026-07-27 11:39:40
5985,ita.1,2026-02-28,Hellas Verona,Napoli,Betway,6.75,4.0,1.52,,,2026-07-27 11:39:40
5986,ita.1,2026-02-28,Inter Milan,Genoa,B365,1.33,5.5,9.0,1.73,2.1,2026-07-27 11:39:40
5987,ita.1,2026-02-28,Inter Milan,Genoa,Betway,1.33,5.25,9.0,,,2026-07-27 11:39:40
5988,ita.1,2026-03-01,Cremonese,AC Milan,B365,6.5,4.33,1.5,1.91,1.91,2026-07-27 11:39:40
5989,ita.1,2026-03-01,Cremonese,AC Milan,Betway,6.5,4.2,1.52,,,2026-07-27 11:39:40
5990,ita.1,2026-03-01,Sassuolo,Atalanta,B365,3.8,3.6,1.95,1.88,1.98,2026-07-27 11:39:40
5991,ita.1,2026-03-01,Sassuolo,Atalanta,Betway,3.7,3.5,1.98,,,2026-07-27 11:39:40
5992,ita.1,2026-03-01,Sassuolo,Atalanta,Coral,3.7,3.5,2.0,,,2026-07-27 11:39:40
5993,ita.1,2026-03-01,Sassuolo,Atalanta,Ladbrokes,3.7,3.5,1.95,,,2026-07-27 11:39:40
5994,ita.1,2026-03-01,Torino,Lazio,B365,2.88,3.0,2.7,2.5,1.53,2026-07-27 11:39:40
5995,ita.1,2026-03-01,Torino,Lazio,Betway,2.75,3.0,2.75,,,2026-07-27 11:39:40
5996,ita.1,2026-03-01,Torino,Lazio,Coral,2.75,3.0,2.8,,,2026-07-27 11:39:40
5997,ita.1,2026-03-01,Torino,Lazio,Ladbrokes,2.75,3.0,2.75,,,2026-07-27 11:39:40
5998,ita.1,2026-03-01,AS Roma,Juventus,B365,2.63,3.1,2.88,2.3,1.62,2026-07-27 11:39:40
5999,ita.1,2026-03-01,AS Roma,Juventus,Betway,2.6,3.1,2.87,,,2026-07-27 11:39:40
6000,ita.1,2026-03-01,AS Roma,Juventus,Coral,2.6,3.1,2.87,,,2026-07-27 11:39:40
6001,ita.1,2026-03-01,AS Roma,Juventus,Ladbrokes,2.6,3.1,2.87,,,2026-07-27 11:39:40
6002,ita.1,2026-03-02,Pisa,Bologna,B365,4.2,3.2,2.0,2.1,1.73,2026-07-27 11:39:40
6003,ita.1,2026-03-02,Pisa,Bologna,Betway,3.7,3.4,2.0,,,2026-07-27 11:39:40
6004,ita.1,2026-03-02,Udinese,Fiorentina,B365,3.25,3.2,2.35,2.05,1.8,2026-07-27 11:39:40
6005,ita.1,2026-03-02,Udinese,Fiorentina,Betway,3.1,3.25,2.35,,,2026-07-27 11:39:40
6006,ita.1,2026-03-06,Napoli,Torino,B365,1.57,3.8,6.25,2.2,1.67,2026-07-27 11:39:40
6007,ita.1,2026-03-06,Napoli,Torino,Betway,1.6,3.8,6.0,,,2026-07-27 11:39:40
6008,ita.1,2026-03-07,Cagliari,Como,B365,5.75,4.0,1.57,2.0,1.8,2026-07-27 11:39:40
6009,ita.1,2026-03-07,Cagliari,Como,Betway,5.25,3.8,1.65,,,2026-07-27 11:39:40
6010,ita.1,2026-03-07,Atalanta,Udinese,B365,1.67,3.7,5.5,1.91,1.91,2026-07-27 11:39:40
6011,ita.1,2026-03-07,Atalanta,Udinese,Betway,1.66,3.8,5.0,,,2026-07-27 11:39:40
6012,ita.1,2026-03-07,Juventus,Pisa,B365,1.25,6.25,11.0,1.62,2.3,2026-07-27 11:39:40
6013,ita.1,2026-03-07,Juventus,Pisa,Betway,1.25,6.25,10.5,,,2026-07-27 11:39:40
6014,ita.1,2026-03-08,Lecce,Cremonese,B365,2.1,3.0,4.0,2.75,1.44,2026-07-27 11:39:40
6015,ita.1,2026-03-08,Lecce,Cremonese,Betway,2.15,2.95,3.9,,,2026-07-27 11:39:40
6016,ita.1,2026-03-08,Bologna,Hellas Verona,B365,1.55,3.9,6.5,2.0,1.8,2026-07-27 11:39:40
6017,ita.1,2026-03-08,Bologna,Hellas Verona,Betway,1.55,4.1,6.0,,,2026-07-27 11:39:40
6018,ita.1,2026-03-08,Fiorentina,Parma,B365,1.7,3.6,5.25,1.93,1.93,2026-07-27 11:39:40
6019,ita.1,2026-03-08,Fiorentina,Parma,Betway,1.72,3.75,4.75,,,2026-07-27 11:39:40
6020,ita.1,2026-03-08,Genoa,AS Roma,B365,4.2,3.4,1.91,2.3,1.62,2026-07-27 11:39:40
6021,ita.1,2026-03-08,Genoa,AS Roma,Betway,4.1,3.4,1.93,,,2026-07-27 11:39:40
6022,ita.1,2026-03-08,Genoa,AS Roma,Coral,4.2,3.4,1.91,,,2026-07-27 11:39:40
6023,ita.1,2026-03-08,Genoa,AS Roma,Ladbrokes,4.0,3.4,1.91,,,2026-07-27 11:39:40
6024,ita.1,2026-03-08,AC Milan,Inter Milan,B365,3.6,3.0,2.25,2.0,1.8,2026-07-27 11:39:40
6025,ita.1,2026-03-08,AC Milan,Inter Milan,Betway,3.3,3.25,2.2,,,2026-07-27 11:39:40
6026,ita.1,2026-03-08,AC Milan,Inter Milan,Coral,3.3,3.25,2.25,,,2026-07-27 11:39:40
6027,ita.1,2026-03-08,AC Milan,Inter Milan,Ladbrokes,3.3,3.2,2.2,,,2026-07-27 11:39:40
6028,ita.1,2026-03-09,Lazio,Sassuolo,B365,2.15,3.25,3.5,2.2,1.67,2026-07-27 11:39:40
6029,ita.1,2026-03-09,Lazio,Sassuolo,Betway,2.15,3.2,3.5,,,2026-07-27 11:39:40
6030,ita.1,2026-03-09,Lazio,Sassuolo,Coral,2.15,3.25,3.5,,,2026-07-27 11:39:40
6031,ita.1,2026-03-09,Lazio,Sassuolo,Ladbrokes,2.2,3.25,3.25,,,2026-07-27 11:39:40
6032,ita.1,2026-03-13,Torino,Parma,B365,2.2,3.0,3.8,2.38,1.57,2026-07-27 11:39:40
6033,ita.1,2026-03-13,Torino,Parma,Betway,2.15,3.0,3.9,,,2026-07-27 11:39:40
6034,ita.1,2026-03-13,Torino,Parma,Coral,2.15,3.0,3.9,,,2026-07-27 11:39:40
6035,ita.1,2026-03-13,Torino,Parma,Ladbrokes,2.15,3.0,3.9,,,2026-07-27 11:39:40
6036,ita.1,2026-03-14,Inter Milan,Atalanta,B365,1.55,4.33,5.75,1.73,2.1,2026-07-27 11:39:40
6037,ita.1,2026-03-14,Inter Milan,Atalanta,Betway,1.55,4.33,5.5,,,2026-07-27 11:39:40
6038,ita.1,2026-03-14,Napoli,Lecce,B365,1.33,4.75,10.0,2.2,1.67,2026-07-27 11:39:40
6039,ita.1,2026-03-14,Napoli,Lecce,Betway,1.38,4.5,9.25,,,2026-07-27 11:39:40
6040,ita.1,2026-03-14,Udinese,Juventus,B365,5.75,4.2,1.55,1.91,1.91,2026-07-27 11:39:40
6041,ita.1,2026-03-14,Udinese,Juventus,Betway,5.75,4.0,1.57,,,2026-07-27 11:39:40
6042,ita.1,2026-03-14,Udinese,Juventus,Coral,5.75,4.0,1.57,,,2026-07-27 11:39:40
6043,ita.1,2026-03-14,Udinese,Juventus,Ladbrokes,5.75,4.0,1.57,,,2026-07-27 11:39:40
6044,ita.1,2026-03-15,Hellas Verona,Genoa,B365,3.25,3.0,2.4,2.63,1.5,2026-07-27 11:39:40
6045,ita.1,2026-03-15,Hellas Verona,Genoa,Betway,3.1,3.1,2.4,,,2026-07-27 11:39:40
6046,ita.1,2026-03-15,Pisa,Cagliari,B365,2.55,3.0,3.1,2.5,1.53,2026-07-27 11:39:40
6047,ita.1,2026-03-15,Pisa,Cagliari,Betway,2.55,3.0,3.0,,,2026-07-27 11:39:40
6048,ita.1,2026-03-15,Sassuolo,Bologna,B365,2.4,3.3,3.0,2.0,1.8,2026-07-27 11:39:40
6049,ita.1,2026-03-15,Sassuolo,Bologna,Betway,2.45,3.3,2.85,,,2026-07-27 11:39:40
6050,ita.1,2026-03-15,Como,AS Roma,B365,2.1,3.3,3.6,2.1,1.73,2026-07-27 11:39:40
6051,ita.1,2026-03-15,Como,AS Roma,Betway,2.1,3.4,3.5,,,2026-07-27 11:39:40
6052,ita.1,2026-03-15,Como,AS Roma,Coral,2.1,3.4,3.5,,,2026-07-27 11:39:40
6053,ita.1,2026-03-15,Como,AS Roma,Ladbrokes,2.3,3.3,3.1,,,2026-07-27 11:39:40
6054,ita.1,2026-03-15,Lazio,AC Milan,B365,4.1,3.3,1.95,2.2,1.67,2026-07-27 11:39:40
6055,ita.1,2026-03-15,Lazio,AC Milan,Betway,3.9,3.3,1.98,,,2026-07-27 11:39:40
6056,ita.1,2026-03-16,Cremonese,Fiorentina,B365,3.9,3.6,1.91,1.91,1.91,2026-07-27 11:39:40
6057,ita.1,2026-03-16,Cremonese,Fiorentina,Betway,3.8,3.5,1.95,,,2026-07-27 11:39:40
6058,ita.1,2026-03-20,Cagliari,Napoli,B365,5.25,3.4,1.75,2.5,1.53,2026-07-27 11:39:40
6059,ita.1,2026-03-20,Cagliari,Napoli,Betway,5.0,3.4,1.78,,,2026-07-27 11:39:40
6060,ita.1,2026-03-20,Genoa,Udinese,B365,2.15,3.1,3.75,2.5,1.53,2026-07-27 11:39:40
6061,ita.1,2026-03-20,Genoa,Udinese,Betway,2.15,3.1,3.7,,,2026-07-27 11:39:40
6062,ita.1,2026-03-21,Parma,Cremonese,B365,2.05,3.2,4.0,2.2,1.67,2026-07-27 11:39:40
6063,ita.1,2026-03-21,Parma,Cremonese,Betway,2.05,3.2,3.9,,,2026-07-27 11:39:40
6064,ita.1,2026-03-21,AC Milan,Torino,B365,1.4,4.75,7.5,1.8,2.0,2026-07-27 11:39:40
6065,ita.1,2026-03-21,AC Milan,Torino,Betway,1.4,4.8,7.75,,,2026-07-27 11:39:40
6066,ita.1,2026-03-21,Juventus,Sassuolo,B365,1.33,5.25,9.0,1.62,2.3,2026-07-27 11:39:40
6067,ita.1,2026-03-21,Juventus,Sassuolo,Betway,1.34,5.5,8.0,,,2026-07-27 11:39:40
6068,ita.1,2026-03-22,Como,Pisa,B365,1.25,6.0,11.0,1.73,2.1,2026-07-27 11:39:40
6069,ita.1,2026-03-22,Como,Pisa,Betway,1.27,5.75,11.0,,,2026-07-27 11:39:40
6070,ita.1,2026-03-22,Atalanta,Hellas Verona,B365,1.38,4.75,8.5,1.91,1.91,2026-07-27 11:39:40
6071,ita.1,2026-03-22,Atalanta,Hellas Verona,Betway,1.41,4.75,7.5,,,2026-07-27 11:39:40
6072,ita.1,2026-03-22,Bologna,Lazio,B365,2.35,3.0,3.4,2.3,1.62,2026-07-27 11:39:40
6073,ita.1,2026-03-22,Bologna,Lazio,Betway,2.3,3.1,3.25,,,2026-07-27 11:39:40
6074,ita.1,2026-03-22,AS Roma,Lecce,B365,1.53,3.75,8.0,2.1,1.73,2026-07-27 11:39:40
6075,ita.1,2026-03-22,AS Roma,Lecce,Betway,1.49,4.2,7.0,,,2026-07-27 11:39:40
6076,ita.1,2026-03-22,Fiorentina,Inter Milan,B365,5.0,4.33,1.62,1.73,2.1,2026-07-27 11:39:40
6077,ita.1,2026-03-22,Fiorentina,Inter Milan,Betway,5.25,4.0,1.62,,,2026-07-27 11:39:40
6078,ita.1,2026-04-04,Sassuolo,Cagliari,B365,1.95,3.1,4.5,2.1,1.73,2026-07-27 11:39:40
6079,ita.1,2026-04-04,Sassuolo,Cagliari,Betway,2.0,3.2,4.1,,,2026-07-27 11:39:40
6080,ita.1,2026-04-04,Hellas Verona,Fiorentina,B365,4.2,3.5,1.9,2.2,1.67,2026-07-27 11:39:40
6081,ita.1,2026-04-04,Hellas Verona,Fiorentina,Betway,4.1,3.4,1.9,,,2026-07-27 11:39:40
6082,ita.1,2026-04-04,Lazio,Parma,B365,1.8,3.4,5.0,2.2,1.67,2026-07-27 11:39:40
6083,ita.1,2026-04-04,Lazio,Parma,Betway,1.8,3.5,4.6,,,2026-07-27 11:39:40
6084,ita.1,2026-04-05,Cremonese,Bologna,B365,3.6,3.4,2.05,2.03,1.83,2026-07-27 11:39:40
6085,ita.1,2026-04-05,Cremonese,Bologna,Betway,3.7,3.4,2.05,,,2026-07-27 11:39:40
6086,ita.1,2026-04-05,Pisa,Torino,B365,3.2,3.0,2.45,2.3,1.62,2026-07-27 11:39:40
6087,ita.1,2026-04-05,Pisa,Torino,Betway,3.0,3.1,2.45,,,2026-07-27 11:39:40
6088,ita.1,2026-04-05,Inter Milan,AS Roma,B365,1.67,4.0,5.25,1.91,1.91,2026-07-27 11:39:40
6089,ita.1,2026-04-05,Inter Milan,AS Roma,Betway,1.66,3.8,5.25,,,2026-07-27 11:39:40
6090,ita.1,2026-04-06,Udinese,Como,B365,5.0,3.75,1.7,2.03,1.83,2026-07-27 11:39:40
6091,ita.1,2026-04-06,Udinese,Como,Betway,5.0,3.6,1.73,,,2026-07-27 11:39:40
6092,ita.1,2026-04-06,Lecce,Atalanta,B365,5.0,3.75,1.75,2.03,1.83,2026-07-27 11:39:40
6093,ita.1,2026-04-06,Lecce,Atalanta,Betway,4.6,3.7,1.75,,,2026-07-27 11:39:40
6094,ita.1,2026-04-06,Juventus,Genoa,B365,1.38,4.5,9.5,1.91,1.91,2026-07-27 11:39:40
6095,ita.1,2026-04-06,Juventus,Genoa,Betway,1.41,4.6,8.0,,,2026-07-27 11:39:40
6096,ita.1,2026-04-06,Napoli,AC Milan,B365,2.55,3.0,3.0,2.3,1.62,2026-07-27 11:39:40
6097,ita.1,2026-04-06,Napoli,AC Milan,Betway,2.55,3.1,2.87,,,2026-07-27 11:39:40
6098,ita.1,2026-04-10,AS Roma,Pisa,B365,1.33,5.0,9.0,1.83,2.03,2026-07-27 11:39:40
6099,ita.1,2026-04-10,AS Roma,Pisa,Betway,1.35,5.0,9.0,,,2026-07-27 11:39:40
6100,ita.1,2026-04-11,Cagliari,Cremonese,B365,2.15,3.1,3.6,2.3,1.62,2026-07-27 11:39:40
6101,ita.1,2026-04-11,Cagliari,Cremonese,Betway,2.2,3.2,3.4,,,2026-07-27 11:39:40
6102,ita.1,2026-04-11,Torino,Hellas Verona,B365,1.9,3.3,4.33,2.38,1.57,2026-07-27 11:39:40
6103,ita.1,2026-04-11,Torino,Hellas Verona,Betway,1.9,3.3,4.33,,,2026-07-27 11:39:40
6104,ita.1,2026-04-11,AC Milan,Udinese,B365,1.42,4.5,8.0,1.83,2.03,2026-07-27 11:39:40
6105,ita.1,2026-04-11,AC Milan,Udinese,Betway,1.43,4.75,7.0,,,2026-07-27 11:39:40
6106,ita.1,2026-04-11,Atalanta,Juventus,B365,3.1,3.3,2.35,1.8,2.0,2026-07-27 11:39:40
6107,ita.1,2026-04-11,Atalanta,Juventus,Betway,3.1,3.4,2.25,,,2026-07-27 11:39:40
6108,ita.1,2026-04-12,Genoa,Sassuolo,B365,2.15,3.3,3.5,2.1,1.73,2026-07-27 11:39:40
6109,ita.1,2026-04-12,Genoa,Sassuolo,Betway,2.2,3.25,3.4,,,2026-07-27 11:39:40
6110,ita.1,2026-04-12,Parma,Napoli,B365,6.0,3.8,1.6,2.2,1.67,2026-07-27 11:39:40
6111,ita.1,2026-04-12,Parma,Napoli,Betway,5.5,3.75,1.63,,,2026-07-27 11:39:40
6112,ita.1,2026-04-12,Bologna,Lecce,B365,1.8,3.4,4.75,2.2,1.67,2026-07-27 11:39:40
6113,ita.1,2026-04-12,Bologna,Lecce,Betway,1.82,3.4,4.6,,,2026-07-27 11:39:40
6114,ita.1,2026-04-12,Como,Inter Milan,B365,3.1,3.5,2.25,1.91,1.91,2026-07-27 11:39:40
6115,ita.1,2026-04-12,Como,Inter Milan,Betway,3.2,3.4,2.25,,,2026-07-27 11:39:40
6116,ita.1,2026-04-13,Fiorentina,Lazio,B365,2.25,3.2,3.4,2.2,1.67,2026-07-27 11:39:40
6117,ita.1,2026-04-13,Fiorentina,Lazio,Betway,2.3,3.1,3.3,,,2026-07-27 11:39:40
6118,ita.1,2026-04-17,Sassuolo,Como,B365,5.75,4.33,1.53,1.67,2.2,2026-07-27 11:39:40
6119,ita.1,2026-04-17,Sassuolo,Como,Betway,5.75,4.2,1.57,,,2026-07-27 11:39:40
6120,ita.1,2026-04-17,Inter Milan,Cagliari,B365,1.25,6.0,12.0,1.57,2.38,2026-07-27 11:39:40
6121,ita.1,2026-04-17,Inter Milan,Cagliari,Betway,1.25,6.25,11.0,,,2026-07-27 11:39:40
6122,ita.1,2026-04-18,Udinese,Parma,B365,2.15,3.0,3.9,2.3,1.62,2026-07-27 11:39:40
6123,ita.1,2026-04-18,Udinese,Parma,Betway,2.2,3.1,3.6,,,2026-07-27 11:39:40
6124,ita.1,2026-04-18,Napoli,Lazio,B365,1.53,3.9,7.0,2.2,1.67,2026-07-27 11:39:40
6125,ita.1,2026-04-18,Napoli,Lazio,Betway,1.57,3.8,6.5,,,2026-07-27 11:39:40
6126,ita.1,2026-04-18,AS Roma,Atalanta,B365,2.45,3.25,2.9,2.0,1.8,2026-07-27 11:39:40
6127,ita.1,2026-04-18,AS Roma,Atalanta,Betway,2.37,3.25,3.0,,,2026-07-27 11:39:40
6128,ita.1,2026-04-19,Cremonese,Torino,B365,2.88,3.1,2.6,2.2,1.67,2026-07-27 11:39:40
6129,ita.1,2026-04-19,Cremonese,Torino,Betway,2.9,3.1,2.55,,,2026-07-27 11:39:40
6130,ita.1,2026-04-19,Hellas Verona,AC Milan,B365,6.25,3.9,1.57,2.05,1.8,2026-07-27 11:39:40
6131,ita.1,2026-04-19,Hellas Verona,AC Milan,Betway,5.75,3.75,1.62,,,2026-07-27 11:39:40
6132,ita.1,2026-04-19,Pisa,Genoa,B365,3.25,3.1,2.35,2.5,1.53,2026-07-27 11:39:40
6133,ita.1,2026-04-19,Pisa,Genoa,Betway,3.2,3.25,2.3,,,2026-07-27 11:39:40
6134,ita.1,2026-04-19,Juventus,Bologna,B365,1.5,4.5,6.5,1.73,2.1,2026-07-27 11:39:40
6135,ita.1,2026-04-19,Juventus,Bologna,Betway,1.47,4.5,6.25,,,2026-07-27 11:39:40
6136,ita.1,2026-04-20,Lecce,Fiorentina,B365,3.4,3.4,2.15,2.1,1.73,2026-07-27 11:39:40
6137,ita.1,2026-04-20,Lecce,Fiorentina,Betway,3.5,3.25,2.15,,,2026-07-27 11:39:40
6138,ita.1,2026-04-24,Napoli,Cremonese,B365,1.33,5.25,9.0,1.91,1.91,2026-07-27 11:39:40
6139,ita.1,2026-04-24,Napoli,Cremonese,Betway,1.35,5.0,8.75,,,2026-07-27 11:39:40
6140,ita.1,2026-04-24,Napoli,Cremonese,Coral,1.35,5.0,8.5,,,2026-07-27 11:39:40
6141,ita.1,2026-04-24,Napoli,Cremonese,Ladbrokes,1.35,5.0,8.5,,,2026-07-27 11:39:40
6142,ita.1,2026-04-25,Parma,Pisa,B365,2.1,3.2,3.8,2.3,1.62,2026-07-27 11:39:40
6143,ita.1,2026-04-25,Parma,Pisa,Betway,2.05,3.2,3.8,,,2026-07-27 11:39:40
6144,ita.1,2026-04-25,Parma,Pisa,Coral,2.05,3.2,3.8,,,2026-07-27 11:39:40
6145,ita.1,2026-04-25,Parma,Pisa,Ladbrokes,2.05,3.2,3.75,,,2026-07-27 11:39:40
6146,ita.1,2026-04-25,Bologna,AS Roma,B365,3.1,3.2,2.4,2.1,1.73,2026-07-27 11:39:40
6147,ita.1,2026-04-25,Bologna,AS Roma,Betway,2.87,3.25,2.45,,,2026-07-27 11:39:40
6148,ita.1,2026-04-25,Bologna,AS Roma,Coral,2.87,3.25,2.45,,,2026-07-27 11:39:40
6149,ita.1,2026-04-25,Bologna,AS Roma,Ladbrokes,2.87,3.25,2.45,,,2026-07-27 11:39:40
6150,ita.1,2026-04-25,Hellas Verona,Lecce,B365,2.7,3.0,2.88,2.75,1.44,2026-07-27 11:39:40
6151,ita.1,2026-04-25,Hellas Verona,Lecce,Betway,2.65,3.1,2.8,,,2026-07-27 11:39:40
6152,ita.1,2026-04-25,Hellas Verona,Lecce,Coral,2.62,3.1,2.8,,,2026-07-27 11:39:40
6153,ita.1,2026-04-25,Hellas Verona,Lecce,Ladbrokes,2.62,3.0,2.8,,,2026-07-27 11:39:40
6154,ita.1,2026-04-26,Fiorentina,Sassuolo,B365,1.91,3.3,4.33,1.88,1.98,2026-07-27 11:39:40
6155,ita.1,2026-04-26,Fiorentina,Sassuolo,Betway,1.93,3.4,4.1,,,2026-07-27 11:39:40
6156,ita.1,2026-04-26,Fiorentina,Sassuolo,Coral,1.91,3.4,4.0,,,2026-07-27 11:39:40
6157,ita.1,2026-04-26,Fiorentina,Sassuolo,Ladbrokes,1.91,3.4,4.0,,,2026-07-27 11:39:40
6158,ita.1,2026-04-26,Genoa,Como,B365,4.5,3.8,1.75,2.0,1.8,2026-07-27 11:39:40
6159,ita.1,2026-04-26,Genoa,Como,Betway,4.5,3.6,1.78,,,2026-07-27 11:39:40
6160,ita.1,2026-04-26,Genoa,Como,Coral,4.5,3.6,1.8,,,2026-07-27 11:39:40
6161,ita.1,2026-04-26,Genoa,Como,Ladbrokes,4.4,3.6,1.8,,,2026-07-27 11:39:40
6162,ita.1,2026-04-26,Torino,Inter Milan,B365,7.5,5.0,1.4,1.67,2.2,2026-07-27 11:39:40
6163,ita.1,2026-04-26,Torino,Inter Milan,Betway,6.75,4.8,1.43,,,2026-07-27 11:39:40
6164,ita.1,2026-04-26,AC Milan,Juventus,B365,3.1,3.1,2.45,1.98,1.88,2026-07-27 11:39:40
6165,ita.1,2026-04-26,AC Milan,Juventus,Betway,2.9,3.2,2.5,,,2026-07-27 11:39:40
6166,ita.1,2026-04-26,AC Milan,Juventus,Coral,2.9,3.2,2.5,,,2026-07-27 11:39:40
6167,ita.1,2026-04-26,AC Milan,Juventus,Ladbrokes,2.9,3.2,2.5,,,2026-07-27 11:39:40
6168,ita.1,2026-04-27,Cagliari,Atalanta,B365,4.5,3.6,1.8,1.91,1.91,2026-07-27 11:39:40
6169,ita.1,2026-04-27,Cagliari,Atalanta,Betway,4.75,3.6,1.75,,,2026-07-27 11:39:40
6170,ita.1,2026-04-27,Cagliari,Atalanta,Ladbrokes,4.6,3.6,1.75,,,2026-07-27 11:39:40
6171,ita.1,2026-04-27,Lazio,Udinese,B365,1.95,3.3,4.2,2.2,1.67,2026-07-27 11:39:40
6172,ita.1,2026-04-27,Lazio,Udinese,Betway,2.0,3.3,3.8,,,2026-07-27 11:39:40
6173,ita.1,2026-04-27,Lazio,Udinese,Ladbrokes,2.0,3.3,3.8,,,2026-07-27 11:39:40
6174,ita.1,2026-05-01,Pisa,Lecce,B365,3.5,3.0,2.3,2.63,1.5,2026-07-27 11:39:40
6175,ita.1,2026-05-01,Pisa,Lecce,Betway,3.5,2.95,2.3,,,2026-07-27 11:39:40
6176,ita.1,2026-05-01,Pisa,Lecce,Coral,3.5,3.0,2.3,,,2026-07-27 11:39:40
6177,ita.1,2026-05-01,Pisa,Lecce,Ladbrokes,3.5,2.9,2.3,,,2026-07-27 11:39:40
6178,ita.1,2026-05-02,Udinese,Torino,B365,2.3,3.2,3.3,2.1,1.73,2026-07-27 11:39:40
6179,ita.1,2026-05-02,Udinese,Torino,Betway,2.3,3.25,3.1,,,2026-07-27 11:39:40
6180,ita.1,2026-05-02,Udinese,Torino,Coral,2.3,3.25,3.2,,,2026-07-27 11:39:40
6181,ita.1,2026-05-02,Udinese,Torino,Ladbrokes,2.3,3.25,3.1,,,2026-07-27 11:39:40
6182,ita.1,2026-05-02,Como,Napoli,B365,2.25,3.3,3.3,2.2,1.67,2026-07-27 11:39:40
6183,ita.1,2026-05-02,Como,Napoli,Betway,2.25,3.3,3.2,,,2026-07-27 11:39:40
6184,ita.1,2026-05-02,Como,Napoli,Ladbrokes,2.25,3.3,3.1,,,2026-07-27 11:39:40
6185,ita.1,2026-05-02,Atalanta,Genoa,B365,1.57,4.1,5.75,1.8,2.0,2026-07-27 11:39:40
6186,ita.1,2026-05-02,Atalanta,Genoa,Betway,1.62,4.0,5.25,,,2026-07-27 11:39:40
6187,ita.1,2026-05-02,Atalanta,Genoa,Coral,1.61,4.0,5.25,,,2026-07-27 11:39:40
6188,ita.1,2026-05-02,Atalanta,Genoa,Ladbrokes,1.61,3.9,5.25,,,2026-07-27 11:39:40
6189,ita.1,2026-05-03,Bologna,Cagliari,B365,1.8,3.5,4.75,2.1,1.73,2026-07-27 11:39:40
6190,ita.1,2026-05-03,Bologna,Cagliari,Betway,1.8,3.5,4.5,,,2026-07-27 11:39:40
6191,ita.1,2026-05-03,Bologna,Cagliari,Coral,1.8,3.5,4.5,,,2026-07-27 11:39:40
6192,ita.1,2026-05-03,Bologna,Cagliari,Ladbrokes,1.8,3.5,4.5,,,2026-07-27 11:39:40
6193,ita.1,2026-05-03,Sassuolo,AC Milan,B365,4.5,4.1,1.73,1.73,2.1,2026-07-27 11:39:40
6194,ita.1,2026-05-03,Sassuolo,AC Milan,Betway,4.4,4.1,1.7,,,2026-07-27 11:39:40
6195,ita.1,2026-05-03,Sassuolo,AC Milan,Coral,4.4,4.2,1.7,,,2026-07-27 11:39:40
6196,ita.1,2026-05-03,Sassuolo,AC Milan,Ladbrokes,4.4,4.0,1.7,,,2026-07-27 11:39:40
6197,ita.1,2026-05-03,Juventus,Hellas Verona,B365,1.22,6.5,12.0,1.67,2.2,2026-07-27 11:39:40
6198,ita.1,2026-05-03,Juventus,Hellas Verona,Betway,1.24,6.25,12.0,,,2026-07-27 11:39:40
6199,ita.1,2026-05-03,Juventus,Hellas Verona,Coral,1.25,6.0,12.0,,,2026-07-27 11:39:40
6200,ita.1,2026-05-03,Juventus,Hellas Verona,Ladbrokes,1.25,6.0,12.0,,,2026-07-27 11:39:40
6201,ita.1,2026-05-03,Inter Milan,Parma,B365,1.22,6.0,13.0,1.5,2.63,2026-07-27 11:39:40
6202,ita.1,2026-05-03,Inter Milan,Parma,Betway,1.24,6.5,11.5,,,2026-07-27 11:39:40
6203,ita.1,2026-05-03,Inter Milan,Parma,Coral,1.25,6.5,11.0,,,2026-07-27 11:39:40
6204,ita.1,2026-05-03,Inter Milan,Parma,Ladbrokes,1.22,6.5,11.0,,,2026-07-27 11:39:40
6205,ita.1,2026-05-04,Cremonese,Lazio,B365,2.9,3.25,2.5,2.1,1.73,2026-07-27 11:39:40
6206,ita.1,2026-05-04,Cremonese,Lazio,Betway,2.9,3.25,2.45,,,2026-07-27 11:39:40
6207,ita.1,2026-05-04,Cremonese,Lazio,Ladbrokes,2.87,3.2,2.45,,,2026-07-27 11:39:40
6208,ita.1,2026-05-04,AS Roma,Fiorentina,B365,1.62,4.2,5.0,1.9,1.95,2026-07-27 11:39:40
6209,ita.1,2026-05-04,AS Roma,Fiorentina,Betway,1.65,4.0,5.0,,,2026-07-27 11:39:40
6210,ita.1,2026-05-04,AS Roma,Fiorentina,Ladbrokes,1.65,4.0,5.0,,,2026-07-27 11:39:40
6211,ita.1,2026-05-08,Torino,Sassuolo,B365,2.6,3.2,2.8,1.91,1.91,2026-07-27 11:39:40
6212,ita.1,2026-05-08,Torino,Sassuolo,Betway,2.5,3.25,2.85,,,2026-07-27 11:39:40
6213,ita.1,2026-05-08,Torino,Sassuolo,Coral,2.5,3.3,2.87,,,2026-07-27 11:39:40
6214,ita.1,2026-05-08,Torino,Sassuolo,Ladbrokes,2.5,3.25,2.8,,,2026-07-27 11:39:40
6215,ita.1,2026-05-09,Cagliari,Udinese,B365,2.5,3.2,2.9,2.2,1.67,2026-07-27 11:39:40
6216,ita.1,2026-05-09,Cagliari,Udinese,Betway,2.55,3.1,2.85,,,2026-07-27 11:39:40
6217,ita.1,2026-05-09,Lazio,Inter Milan,B365,4.5,3.7,1.8,1.8,2.0,2026-07-27 11:39:40
6218,ita.1,2026-05-09,Lazio,Inter Milan,Betway,4.4,3.75,1.77,,,2026-07-27 11:39:40
6219,ita.1,2026-05-09,Lazio,Inter Milan,Coral,4.4,3.8,1.75,,,2026-07-27 11:39:40
6220,ita.1,2026-05-09,Lazio,Inter Milan,Ladbrokes,4.33,3.75,1.75,,,2026-07-27 11:39:40
6221,ita.1,2026-05-09,Lecce,Juventus,B365,6.25,4.5,1.45,1.73,2.1,2026-07-27 11:39:40
6222,ita.1,2026-05-09,Lecce,Juventus,Betway,6.5,4.5,1.47,,,2026-07-27 11:39:40
6223,ita.1,2026-05-09,Lecce,Juventus,Coral,6.5,4.5,1.48,,,2026-07-27 11:39:40
6224,ita.1,2026-05-09,Lecce,Juventus,Ladbrokes,6.5,4.5,1.48,,,2026-07-27 11:39:40
6225,ita.1,2026-05-10,Hellas Verona,Como,B365,8.0,4.75,1.38,1.93,1.93,2026-07-27 11:39:40
6226,ita.1,2026-05-10,Hellas Verona,Como,Betway,8.0,4.8,1.38,,,2026-07-27 11:39:40
6227,ita.1,2026-05-10,Hellas Verona,Como,Coral,8.0,4.8,1.4,,,2026-07-27 11:39:40
6228,ita.1,2026-05-10,Hellas Verona,Como,Ladbrokes,8.0,4.8,1.36,,,2026-07-27 11:39:40
6229,ita.1,2026-05-10,Cremonese,Pisa,B365,1.7,3.75,5.0,2.1,1.73,2026-07-27 11:39:40
6230,ita.1,2026-05-10,Cremonese,Pisa,Betway,1.72,3.6,5.0,,,2026-07-27 11:39:40
6231,ita.1,2026-05-10,Cremonese,Pisa,Coral,1.73,3.6,5.0,,,2026-07-27 11:39:40
6232,ita.1,2026-05-10,Cremonese,Pisa,Ladbrokes,1.73,3.6,5.0,,,2026-07-27 11:39:40
6233,ita.1,2026-05-10,Fiorentina,Genoa,B365,2.1,3.4,3.6,2.1,1.73,2026-07-27 11:39:40
6234,ita.1,2026-05-10,Fiorentina,Genoa,Betway,2.05,3.3,3.75,,,2026-07-27 11:39:40
6235,ita.1,2026-05-10,Fiorentina,Genoa,Coral,2.05,3.3,3.75,,,2026-07-27 11:39:40
6236,ita.1,2026-05-10,Fiorentina,Genoa,Ladbrokes,2.05,3.3,3.7,,,2026-07-27 11:39:40
6237,ita.1,2026-05-10,Parma,AS Roma,B365,6.25,4.1,1.53,2.0,1.8,2026-07-27 11:39:40
6238,ita.1,2026-05-10,Parma,AS Roma,Betway,6.0,4.0,1.57,,,2026-07-27 11:39:40
6239,ita.1,2026-05-10,Parma,AS Roma,Coral,6.0,4.0,1.57,,,2026-07-27 11:39:40
6240,ita.1,2026-05-10,Parma,AS Roma,Ladbrokes,6.0,4.0,1.55,,,2026-07-27 11:39:40
6241,ita.1,2026-05-10,AC Milan,Atalanta,B365,2.1,3.3,3.5,1.85,2.0,2026-07-27 11:39:40
6242,ita.1,2026-05-10,AC Milan,Atalanta,Betway,2.1,3.4,3.5,,,2026-07-27 11:39:40
6243,ita.1,2026-05-10,AC Milan,Atalanta,Coral,2.1,3.4,3.6,,,2026-07-27 11:39:40
6244,ita.1,2026-05-10,AC Milan,Atalanta,Ladbrokes,2.05,3.4,3.5,,,2026-07-27 11:39:40
6245,ita.1,2026-05-11,Napoli,Bologna,B365,1.53,4.2,6.0,1.98,1.88,2026-07-27 11:39:40
6246,ita.1,2026-05-11,Napoli,Bologna,Betway,1.57,4.0,6.0,,,2026-07-27 11:39:40
6247,ita.1,2026-05-11,Napoli,Bologna,Coral,1.57,4.0,6.0,,,2026-07-27 11:39:40
6248,ita.1,2026-05-11,Napoli,Bologna,Ladbrokes,1.55,4.0,5.75,,,2026-07-27 11:39:40
6249,ita.1,2026-05-17,Como,Parma,B365,1.25,5.25,12.0,1.67,2.2,2026-07-27 11:39:40
6250,ita.1,2026-05-17,Como,Parma,Betway,1.28,5.75,10.0,,,2026-07-27 11:39:40
6251,ita.1,2026-05-17,Como,Parma,Coral,1.28,5.75,10.0,,,2026-07-27 11:39:40
6252,ita.1,2026-05-17,Como,Parma,Ladbrokes,1.28,5.75,10.0,,,2026-07-27 11:39:40
6253,ita.1,2026-05-17,Genoa,AC Milan,B365,4.5,3.7,1.7,1.98,1.88,2026-07-27 11:39:40
6254,ita.1,2026-05-17,Genoa,AC Milan,Betway,4.8,3.75,1.72,,,2026-07-27 11:39:40
6255,ita.1,2026-05-17,Genoa,AC Milan,Coral,4.8,3.75,1.73,,,2026-07-27 11:39:40
6256,ita.1,2026-05-17,Genoa,AC Milan,Ladbrokes,4.8,3.7,1.73,,,2026-07-27 11:39:40
6257,ita.1,2026-05-17,Juventus,Fiorentina,B365,1.33,5.0,8.5,1.62,2.3,2026-07-27 11:39:40
6258,ita.1,2026-05-17,Juventus,Fiorentina,Betway,1.35,5.5,7.75,,,2026-07-27 11:39:40
6259,ita.1,2026-05-17,Juventus,Fiorentina,Coral,1.35,5.25,7.5,,,2026-07-27 11:39:40
6260,ita.1,2026-05-17,Juventus,Fiorentina,Ladbrokes,1.35,5.25,7.5,,,2026-07-27 11:39:40
6261,ita.1,2026-05-17,Pisa,Napoli,B365,9.0,4.5,1.36,1.8,2.0,2026-07-27 11:39:40
6262,ita.1,2026-05-17,Pisa,Napoli,Betway,7.5,4.8,1.4,,,2026-07-27 11:39:40
6263,ita.1,2026-05-17,Pisa,Napoli,Coral,7.5,4.8,1.4,,,2026-07-27 11:39:40
6264,ita.1,2026-05-17,Pisa,Napoli,Ladbrokes,7.5,4.8,1.4,,,2026-07-27 11:39:40
6265,ita.1,2026-05-17,AS Roma,Lazio,B365,1.53,4.0,5.75,1.93,1.93,2026-07-27 11:39:40
6266,ita.1,2026-05-17,AS Roma,Lazio,Betway,1.57,4.1,5.75,,,2026-07-27 11:39:40
6267,ita.1,2026-05-17,AS Roma,Lazio,Coral,1.57,4.2,5.75,,,2026-07-27 11:39:40
6268,ita.1,2026-05-17,AS Roma,Lazio,Ladbrokes,1.55,4.0,5.75,,,2026-07-27 11:39:40
6269,ita.1,2026-05-17,Inter Milan,Hellas Verona,B365,1.2,8.0,9.0,1.5,2.63,2026-07-27 11:39:40
6270,ita.1,2026-05-17,Inter Milan,Hellas Verona,Betway,1.21,7.0,12.0,,,2026-07-27 11:39:40
6271,ita.1,2026-05-17,Inter Milan,Hellas Verona,Ladbrokes,1.2,7.0,12.0,,,2026-07-27 11:39:40
6272,ita.1,2026-05-17,Atalanta,Bologna,B365,1.62,4.2,4.75,1.67,2.2,2026-07-27 11:39:40
6273,ita.1,2026-05-17,Atalanta,Bologna,Betway,1.66,4.2,4.6,,,2026-07-27 11:39:40
6274,ita.1,2026-05-17,Atalanta,Bologna,Ladbrokes,1.67,4.2,4.5,,,2026-07-27 11:39:40
6275,ita.1,2026-05-17,Cagliari,Torino,B365,2.3,3.1,3.2,2.2,1.67,2026-07-27 11:39:40
6276,ita.1,2026-05-17,Cagliari,Torino,Betway,2.45,3.1,3.0,,,2026-07-27 11:39:40
6277,ita.1,2026-05-17,Cagliari,Torino,Coral,2.45,3.1,3.0,,,2026-07-27 11:39:40
6278,ita.1,2026-05-17,Cagliari,Torino,Ladbrokes,2.45,3.1,3.0,,,2026-07-27 11:39:40
6279,ita.1,2026-05-17,Sassuolo,Lecce,B365,2.7,3.2,2.63,2.0,1.8,2026-07-27 11:39:40
6280,ita.1,2026-05-17,Sassuolo,Lecce,Betway,2.8,3.2,2.55,,,2026-07-27 11:39:40
6281,ita.1,2026-05-17,Sassuolo,Lecce,Coral,2.8,3.2,2.6,,,2026-07-27 11:39:40
6282,ita.1,2026-05-17,Sassuolo,Lecce,Ladbrokes,2.8,3.2,2.5,,,2026-07-27 11:39:40
6283,ita.1,2026-05-17,Udinese,Cremonese,B365,2.3,3.3,3.0,2.1,1.73,2026-07-27 11:39:40
6284,ita.1,2026-05-17,Udinese,Cremonese,Betway,2.35,3.3,3.0,,,2026-07-27 11:39:40
6285,ita.1,2026-05-17,Udinese,Cremonese,Coral,2.3,3.3,3.0,,,2026-07-27 11:39:40
6286,ita.1,2026-05-17,Udinese,Cremonese,Ladbrokes,2.3,3.3,3.0,,,2026-07-27 11:39:40
6287,ita.1,2026-05-22,Fiorentina,Atalanta,B365,2.7,3.5,2.55,1.67,2.2,2026-07-27 11:39:40
6288,ita.1,2026-05-22,Fiorentina,Atalanta,Betway,2.65,3.4,2.55,,,2026-07-27 11:39:40
6289,ita.1,2026-05-22,Fiorentina,Atalanta,Coral,2.7,3.4,2.6,,,2026-07-27 11:39:40
6290,ita.1,2026-05-22,Fiorentina,Atalanta,Ladbrokes,2.62,3.4,2.5,,,2026-07-27 11:39:40
6291,ita.1,2026-05-23,Bologna,Inter Milan,B365,3.1,3.6,2.2,1.57,2.38,2026-07-27 11:39:40
6292,ita.1,2026-05-23,Bologna,Inter Milan,Betway,3.0,3.75,2.2,,,2026-07-27 11:39:40
6293,ita.1,2026-05-23,Bologna,Inter Milan,Coral,3.0,3.75,2.2,,,2026-07-27 11:39:40
6294,ita.1,2026-05-23,Bologna,Inter Milan,Ladbrokes,3.0,3.75,2.2,,,2026-07-27 11:39:40
6295,ita.1,2026-05-23,Lazio,Pisa,B365,1.55,4.2,6.0,1.8,2.0,2026-07-27 11:39:40
6296,ita.1,2026-05-23,Lazio,Pisa,Betway,1.55,4.33,5.5,,,2026-07-27 11:39:40
6297,ita.1,2026-05-23,Lazio,Pisa,Coral,1.55,4.33,5.5,,,2026-07-27 11:39:40
6298,ita.1,2026-05-23,Lazio,Pisa,Ladbrokes,1.53,4.33,5.5,,,2026-07-27 11:39:40
6299,ita.1,2026-05-24,Parma,Sassuolo,B365,2.7,3.4,2.63,1.9,1.95,2026-07-27 11:39:40
6300,ita.1,2026-05-24,Parma,Sassuolo,Betway,2.65,3.4,2.6,,,2026-07-27 11:39:40
6301,ita.1,2026-05-24,Parma,Sassuolo,Coral,2.5,3.2,2.45,,,2026-07-27 11:39:40
6302,ita.1,2026-05-24,Parma,Sassuolo,Ladbrokes,2.5,3.2,2.45,,,2026-07-27 11:39:40
6303,ita.1,2026-05-24,Napoli,Udinese,B365,1.48,4.0,8.0,1.9,1.95,2026-07-27 11:39:40
6304,ita.1,2026-05-24,Napoli,Udinese,Betway,1.5,4.2,6.75,,,2026-07-27 11:39:40
6305,ita.1,2026-05-24,Napoli,Udinese,Ladbrokes,1.5,4.2,6.5,,,2026-07-27 11:39:40
6306,ita.1,2026-05-24,Cremonese,Como,B365,5.25,4.33,1.57,1.67,2.2,2026-07-27 11:39:40
6307,ita.1,2026-05-24,Cremonese,Como,Betway,5.25,4.1,1.6,,,2026-07-27 11:39:40
6308,ita.1,2026-05-24,Cremonese,Como,Ladbrokes,5.25,4.0,1.6,,,2026-07-27 11:39:40
6309,ita.1,2026-05-24,Lecce,Genoa,B365,1.75,3.5,5.0,2.3,1.62,2026-07-27 11:39:40
6310,ita.1,2026-05-24,Lecce,Genoa,Betway,1.77,3.4,5.0,,,2026-07-27 11:39:40
6311,ita.1,2026-05-24,Lecce,Genoa,Ladbrokes,1.75,3.4,5.0,,,2026-07-27 11:39:40
6312,ita.1,2026-05-24,AC Milan,Cagliari,B365,1.29,5.5,11.0,1.67,2.2,2026-07-27 11:39:40
6313,ita.1,2026-05-24,AC Milan,Cagliari,Betway,1.29,5.75,10.0,,,2026-07-27 11:39:40
6314,ita.1,2026-05-24,AC Milan,Cagliari,Ladbrokes,1.28,5.75,10.0,,,2026-07-27 11:39:40
6315,ita.1,2026-05-24,Torino,Juventus,B365,7.5,4.5,1.42,1.73,2.1,2026-07-27 11:39:40
6316,ita.1,2026-05-24,Torino,Juventus,Betway,7.0,4.75,1.43,,,2026-07-27 11:39:40
6317,ita.1,2026-05-24,Torino,Juventus,Ladbrokes,7.0,4.6,1.44,,,2026-07-27 11:39:40
6318,ita.1,2026-05-24,Hellas Verona,AS Roma,B365,10.0,5.5,1.3,1.8,2.0,2026-07-27 11:39:40
6319,ita.1,2026-05-24,Hellas Verona,AS Roma,Betway,9.0,5.0,1.34,,,2026-07-27 11:39:40
6320,ita.1,2026-05-24,Hellas Verona,AS Roma,Coral,9.0,5.0,1.35,,,2026-07-27 11:39:40
6321,ita.1,2026-05-24,Hellas Verona,AS Roma,Ladbrokes,9.0,5.0,1.33,,,2026-07-27 11:39:40
6322,ger.1,2025-08-22,Bayern Munich,RB Leipzig,B365,1.22,7.0,9.0,1.25,4.0,2026-07-27 11:39:40
6323,ger.1,2025-08-22,Bayern Munich,RB Leipzig,Pinnacle,1.23,7.43,10.85,1.32,3.33,2026-07-27 11:39:40
6324,ger.1,2025-08-22,Bayern Munich,RB Leipzig,Betway,1.23,7.0,10.5,,,2026-07-27 11:39:40
6325,ger.1,2025-08-22,Bayern Munich,RB Leipzig,Coral,1.22,7.0,10.0,,,2026-07-27 11:39:40
6326,ger.1,2025-08-22,Bayern Munich,RB Leipzig,Ladbrokes,1.22,7.0,10.0,,,2026-07-27 11:39:40
6327,ger.1,2025-08-23,Ein Frankfurt,Werder Bremen,B365,1.7,4.1,4.5,1.57,2.38,2026-07-27 11:39:40
6328,ger.1,2025-08-23,Ein Frankfurt,Werder Bremen,Pinnacle,1.7,4.26,4.68,1.57,2.5,2026-07-27 11:39:40
6329,ger.1,2025-08-23,Ein Frankfurt,Werder Bremen,Betway,1.71,4.0,4.5,,,2026-07-27 11:39:40
6330,ger.1,2025-08-23,Ein Frankfurt,Werder Bremen,Coral,1.7,4.0,4.5,,,2026-07-27 11:39:40
6331,ger.1,2025-08-23,Ein Frankfurt,Werder Bremen,Ladbrokes,1.7,4.0,4.4,,,2026-07-27 11:39:40
6332,ger.1,2025-08-23,Freiburg,Augsburg,B365,1.85,3.6,4.33,1.93,1.93,2026-07-27 11:39:40
6333,ger.1,2025-08-23,Freiburg,Augsburg,Pinnacle,1.87,3.71,4.33,1.96,1.93,2026-07-27 11:39:40
6334,ger.1,2025-08-23,Freiburg,Augsburg,Betway,1.8,3.7,4.33,,,2026-07-27 11:39:40
6335,ger.1,2025-08-23,Freiburg,Augsburg,Coral,1.8,3.7,4.33,,,2026-07-27 11:39:40
6336,ger.1,2025-08-23,Freiburg,Augsburg,Ladbrokes,1.8,3.7,4.2,,,2026-07-27 11:39:40
6337,ger.1,2025-08-23,Heidenheim,Wolfsburg,B365,3.2,3.5,2.2,1.67,2.2,2026-07-27 11:39:40
6338,ger.1,2025-08-23,Heidenheim,Wolfsburg,Pinnacle,3.19,3.59,2.26,1.71,2.23,2026-07-27 11:39:40
6339,ger.1,2025-08-23,Heidenheim,Wolfsburg,Betway,3.0,3.6,2.25,,,2026-07-27 11:39:40
6340,ger.1,2025-08-23,Heidenheim,Wolfsburg,Coral,3.0,3.6,2.25,,,2026-07-27 11:39:40
6341,ger.1,2025-08-23,Heidenheim,Wolfsburg,Ladbrokes,3.0,3.5,2.2,,,2026-07-27 11:39:40
6342,ger.1,2025-08-23,Bayer Leverkusen,Hoffenheim,B365,1.53,4.75,5.25,1.5,2.63,2026-07-27 11:39:40
6343,ger.1,2025-08-23,Bayer Leverkusen,Hoffenheim,Pinnacle,1.56,4.74,5.46,1.5,2.68,2026-07-27 11:39:40
6344,ger.1,2025-08-23,Bayer Leverkusen,Hoffenheim,Betway,1.51,4.6,5.75,,,2026-07-27 11:39:40
6345,ger.1,2025-08-23,Bayer Leverkusen,Hoffenheim,Coral,1.5,4.6,5.75,,,2026-07-27 11:39:40
6346,ger.1,2025-08-23,Bayer Leverkusen,Hoffenheim,Ladbrokes,1.5,4.6,5.5,,,2026-07-27 11:39:40
6347,ger.1,2025-08-23,Union Berlin,Stuttgart,B365,3.4,3.7,2.05,1.67,2.2,2026-07-27 11:39:40
6348,ger.1,2025-08-23,Union Berlin,Stuttgart,Pinnacle,3.56,3.69,2.07,1.7,2.25,2026-07-27 11:39:40
6349,ger.1,2025-08-23,Union Berlin,Stuttgart,Betway,3.25,3.6,2.1,,,2026-07-27 11:39:40
6350,ger.1,2025-08-23,Union Berlin,Stuttgart,Coral,3.25,3.7,2.1,,,2026-07-27 11:39:40
6351,ger.1,2025-08-23,Union Berlin,Stuttgart,Ladbrokes,3.25,3.6,2.1,,,2026-07-27 11:39:40
6352,ger.1,2025-08-23,St Pauli,Borussia Dortmund,B365,4.5,3.9,1.75,1.83,2.03,2026-07-27 11:39:40
6353,ger.1,2025-08-23,St Pauli,Borussia Dortmund,Pinnacle,4.82,3.79,1.77,1.87,2.02,2026-07-27 11:39:40
6354,ger.1,2025-08-23,St Pauli,Borussia Dortmund,Betway,4.5,3.9,1.73,,,2026-07-27 11:39:40
6355,ger.1,2025-08-23,St Pauli,Borussia Dortmund,Coral,4.5,3.9,1.75,,,2026-07-27 11:39:40
6356,ger.1,2025-08-23,St Pauli,Borussia Dortmund,Ladbrokes,4.4,3.8,1.73,,,2026-07-27 11:39:40
6357,ger.1,2025-08-24,Mainz,1. FC Köln,B365,1.9,3.7,4.0,1.83,2.03,2026-07-27 11:39:40
6358,ger.1,2025-08-24,Mainz,1. FC Köln,Pinnacle,1.93,3.7,4.07,1.85,2.05,2026-07-27 11:39:40
6359,ger.1,2025-08-24,Mainz,1. FC Köln,Betway,1.85,3.7,4.1,,,2026-07-27 11:39:40
6360,ger.1,2025-08-24,Mainz,1. FC Köln,Coral,1.85,3.7,4.0,,,2026-07-27 11:39:40
6361,ger.1,2025-08-24,Mainz,1. FC Köln,Ladbrokes,1.83,3.6,4.0,,,2026-07-27 11:39:40
6362,ger.1,2025-08-24,Borussia Mönchengladbach,Hamburg,B365,1.85,3.9,3.9,1.53,2.5,2026-07-27 11:39:40
6363,ger.1,2025-08-24,Borussia Mönchengladbach,Hamburg,Pinnacle,1.86,4.06,3.96,1.54,2.58,2026-07-27 11:39:40
6364,ger.1,2025-08-24,Borussia Mönchengladbach,Hamburg,Betway,1.87,3.9,3.75,,,2026-07-27 11:39:40
6365,ger.1,2025-08-24,Borussia Mönchengladbach,Hamburg,Coral,1.85,3.9,3.75,,,2026-07-27 11:39:40
6366,ger.1,2025-08-24,Borussia Mönchengladbach,Hamburg,Ladbrokes,1.85,3.8,3.75,,,2026-07-27 11:39:40
6367,ger.1,2025-08-29,Hamburg,St Pauli,B365,2.4,3.3,3.0,2.0,1.8,2026-07-27 11:39:40
6368,ger.1,2025-08-29,Hamburg,St Pauli,Pinnacle,2.45,3.29,3.12,2.1,1.81,2026-07-27 11:39:40
6369,ger.1,2025-08-29,Hamburg,St Pauli,Betway,2.37,3.3,3.0,,,2026-07-27 11:39:40
6370,ger.1,2025-08-29,Hamburg,St Pauli,Coral,2.37,3.3,3.0,,,2026-07-27 11:39:40
6371,ger.1,2025-08-29,Hamburg,St Pauli,Ladbrokes,2.37,3.25,3.0,,,2026-07-27 11:39:40
6372,ger.1,2025-08-30,Hoffenheim,Ein Frankfurt,B365,2.88,3.75,2.25,1.5,2.63,2026-07-27 11:39:40
6373,ger.1,2025-08-30,Hoffenheim,Ein Frankfurt,Pinnacle,2.95,3.84,2.3,1.5,2.67,2026-07-27 11:39:40
6374,ger.1,2025-08-30,Hoffenheim,Ein Frankfurt,Betway,2.85,3.8,2.25,,,2026-07-27 11:39:40
6375,ger.1,2025-08-30,Hoffenheim,Ein Frankfurt,Coral,2.87,3.8,2.25,,,2026-07-27 11:39:40
6376,ger.1,2025-08-30,Hoffenheim,Ein Frankfurt,Ladbrokes,2.8,3.75,2.25,,,2026-07-27 11:39:40
6377,ger.1,2025-08-30,RB Leipzig,Heidenheim,B365,1.44,5.0,6.25,1.5,2.63,2026-07-27 11:39:40
6378,ger.1,2025-08-30,RB Leipzig,Heidenheim,Pinnacle,1.45,5.17,6.4,1.51,2.66,2026-07-27 11:39:40
6379,ger.1,2025-08-30,RB Leipzig,Heidenheim,Betway,1.43,4.8,6.5,,,2026-07-27 11:39:40
6380,ger.1,2025-08-30,RB Leipzig,Heidenheim,Coral,1.44,4.8,6.5,,,2026-07-27 11:39:40
6381,ger.1,2025-08-30,RB Leipzig,Heidenheim,Ladbrokes,1.44,4.8,6.5,,,2026-07-27 11:39:40
6382,ger.1,2025-08-30,Stuttgart,Borussia Mönchengladbach,B365,1.6,4.5,4.75,1.4,3.0,2026-07-27 11:39:40
6383,ger.1,2025-08-30,Stuttgart,Borussia Mönchengladbach,Pinnacle,1.62,4.59,4.97,1.42,2.95,2026-07-27 11:39:40
6384,ger.1,2025-08-30,Stuttgart,Borussia Mönchengladbach,Betway,1.62,4.5,4.6,,,2026-07-27 11:39:40
6385,ger.1,2025-08-30,Stuttgart,Borussia Mönchengladbach,Coral,1.61,4.5,4.6,,,2026-07-27 11:39:40
6386,ger.1,2025-08-30,Stuttgart,Borussia Mönchengladbach,Ladbrokes,1.61,4.5,4.6,,,2026-07-27 11:39:40
6387,ger.1,2025-08-30,Werder Bremen,Bayer Leverkusen,B365,3.7,3.8,1.91,1.57,2.38,2026-07-27 11:39:40
6388,ger.1,2025-08-30,Werder Bremen,Bayer Leverkusen,Pinnacle,3.82,3.87,1.94,1.6,2.44,2026-07-27 11:39:40
6389,ger.1,2025-08-30,Werder Bremen,Bayer Leverkusen,Betway,3.5,3.8,1.95,,,2026-07-27 11:39:40
6390,ger.1,2025-08-30,Werder Bremen,Bayer Leverkusen,Coral,3.5,3.8,1.95,,,2026-07-27 11:39:40
6391,ger.1,2025-08-30,Werder Bremen,Bayer Leverkusen,Ladbrokes,3.5,3.8,1.95,,,2026-07-27 11:39:40
6392,ger.1,2025-08-30,Augsburg,Bayern Munich,B365,9.0,6.5,1.27,1.33,3.4,2026-07-27 11:39:40
6393,ger.1,2025-08-30,Augsburg,Bayern Munich,Pinnacle,9.88,6.53,1.27,1.34,3.24,2026-07-27 11:39:40
6394,ger.1,2025-08-30,Augsburg,Bayern Munich,Betway,10.5,6.5,1.25,,,2026-07-27 11:39:40
6395,ger.1,2025-08-30,Augsburg,Bayern Munich,Coral,10.0,6.5,1.25,,,2026-07-27 11:39:40
6396,ger.1,2025-08-30,Augsburg,Bayern Munich,Ladbrokes,10.0,6.5,1.25,,,2026-07-27 11:39:40
6397,ger.1,2025-08-31,Wolfsburg,Mainz,B365,2.0,3.6,3.5,1.73,2.1,2026-07-27 11:39:40
6398,ger.1,2025-08-31,Wolfsburg,Mainz,Pinnacle,2.08,3.68,3.54,1.78,2.13,2026-07-27 11:39:40
6399,ger.1,2025-08-31,Wolfsburg,Mainz,Betway,2.1,3.6,3.3,,,2026-07-27 11:39:40
6400,ger.1,2025-08-31,Wolfsburg,Mainz,Coral,2.1,3.6,3.3,,,2026-07-27 11:39:40
6401,ger.1,2025-08-31,Wolfsburg,Mainz,Ladbrokes,2.1,3.6,3.25,,,2026-07-27 11:39:40
6402,ger.1,2025-08-31,Borussia Dortmund,Union Berlin,B365,1.4,5.25,6.5,1.5,2.63,2026-07-27 11:39:40
6403,ger.1,2025-08-31,Borussia Dortmund,Union Berlin,Pinnacle,1.4,5.3,7.28,1.54,2.59,2026-07-27 11:39:40
6404,ger.1,2025-08-31,Borussia Dortmund,Union Berlin,Betway,1.38,5.0,7.5,,,2026-07-27 11:39:40
6405,ger.1,2025-08-31,Borussia Dortmund,Union Berlin,Coral,1.4,5.0,7.5,,,2026-07-27 11:39:40
6406,ger.1,2025-08-31,Borussia Dortmund,Union Berlin,Ladbrokes,1.36,5.0,7.5,,,2026-07-27 11:39:40
6407,ger.1,2025-08-31,1. FC Köln,Freiburg,B365,2.55,3.3,2.8,2.03,1.83,2026-07-27 11:39:40
6408,ger.1,2025-08-31,1. FC Köln,Freiburg,Pinnacle,2.66,3.38,2.77,2.03,1.87,2026-07-27 11:39:40
6409,ger.1,2025-08-31,1. FC Köln,Freiburg,Betway,2.55,3.3,2.75,,,2026-07-27 11:39:40
6410,ger.1,2025-08-31,1. FC Köln,Freiburg,Coral,2.4,3.1,2.62,,,2026-07-27 11:39:40
6411,ger.1,2025-08-31,1. FC Köln,Freiburg,Ladbrokes,2.4,3.1,2.62,,,2026-07-27 11:39:40
6412,ger.1,2025-09-12,Bayer Leverkusen,Ein Frankfurt,B365,2.1,3.8,3.2,1.44,2.75,2026-07-27 11:39:40
6413,ger.1,2025-09-12,Bayer Leverkusen,Ein Frankfurt,Pinnacle,2.16,3.83,3.29,1.44,2.82,2026-07-27 11:39:40
6414,ger.1,2025-09-12,Bayer Leverkusen,Ein Frankfurt,Betway,2.1,3.9,3.1,,,2026-07-27 11:39:40
6415,ger.1,2025-09-12,Bayer Leverkusen,Ein Frankfurt,Coral,2.1,3.9,3.1,,,2026-07-27 11:39:40
6416,ger.1,2025-09-12,Bayer Leverkusen,Ein Frankfurt,Ladbrokes,2.1,3.8,3.1,,,2026-07-27 11:39:40
6417,ger.1,2025-09-13,Freiburg,Stuttgart,B365,2.9,3.6,2.35,1.57,2.38,2026-07-27 11:39:40
6418,ger.1,2025-09-13,Freiburg,Stuttgart,Pinnacle,2.92,3.64,2.41,1.61,2.41,2026-07-27 11:39:40
6419,ger.1,2025-09-13,Freiburg,Stuttgart,Betway,2.8,3.6,2.35,,,2026-07-27 11:39:40
6420,ger.1,2025-09-13,Freiburg,Stuttgart,Coral,2.8,3.6,2.37,,,2026-07-27 11:39:40
6421,ger.1,2025-09-13,Freiburg,Stuttgart,Ladbrokes,2.8,3.6,2.3,,,2026-07-27 11:39:40
6422,ger.1,2025-09-13,Heidenheim,Borussia Dortmund,B365,5.5,4.5,1.55,1.5,2.63,2026-07-27 11:39:40
6423,ger.1,2025-09-13,Heidenheim,Borussia Dortmund,Pinnacle,5.53,4.66,1.56,1.48,2.68,2026-07-27 11:39:40
6424,ger.1,2025-09-13,Heidenheim,Borussia Dortmund,Betway,5.0,4.4,1.58,,,2026-07-27 11:39:40
6425,ger.1,2025-09-13,Heidenheim,Borussia Dortmund,Coral,5.0,4.4,1.57,,,2026-07-27 11:39:40
6426,ger.1,2025-09-13,Heidenheim,Borussia Dortmund,Ladbrokes,5.0,4.33,1.57,,,2026-07-27 11:39:40
6427,ger.1,2025-09-13,Mainz,RB Leipzig,B365,2.55,3.6,2.63,1.67,2.2,2026-07-27 11:39:40
6428,ger.1,2025-09-13,Mainz,RB Leipzig,Pinnacle,2.6,3.7,2.64,1.63,2.36,2026-07-27 11:39:40
6429,ger.1,2025-09-13,Mainz,RB Leipzig,Betway,2.6,3.6,2.5,,,2026-07-27 11:39:40
6430,ger.1,2025-09-13,Mainz,RB Leipzig,Coral,2.62,3.6,2.5,,,2026-07-27 11:39:40
6431,ger.1,2025-09-13,Mainz,RB Leipzig,Ladbrokes,2.6,3.5,2.5,,,2026-07-27 11:39:40
6432,ger.1,2025-09-13,Union Berlin,Hoffenheim,B365,2.6,3.4,2.7,1.88,1.98,2026-07-27 11:39:40
6433,ger.1,2025-09-13,Union Berlin,Hoffenheim,Pinnacle,2.66,3.51,2.68,1.92,1.97,2026-07-27 11:39:40
6434,ger.1,2025-09-13,Union Berlin,Hoffenheim,Betway,2.55,3.4,2.65,,,2026-07-27 11:39:40
6435,ger.1,2025-09-13,Union Berlin,Hoffenheim,Coral,2.6,3.4,2.62,,,2026-07-27 11:39:40
6436,ger.1,2025-09-13,Union Berlin,Hoffenheim,Ladbrokes,2.6,3.4,2.62,,,2026-07-27 11:39:40
6437,ger.1,2025-09-13,Wolfsburg,1. FC Köln,B365,1.95,3.5,3.9,1.8,2.0,2026-07-27 11:39:40
6438,ger.1,2025-09-13,Wolfsburg,1. FC Köln,Pinnacle,2.01,3.61,3.85,1.81,2.08,2026-07-27 11:39:40
6439,ger.1,2025-09-13,Wolfsburg,1. FC Köln,Betway,2.0,3.5,3.7,,,2026-07-27 11:39:40
6440,ger.1,2025-09-13,Wolfsburg,1. FC Köln,Coral,2.0,3.5,3.7,,,2026-07-27 11:39:40
6441,ger.1,2025-09-13,Wolfsburg,1. FC Köln,Ladbrokes,2.0,3.5,3.6,,,2026-07-27 11:39:40
6442,ger.1,2025-09-13,Bayern Munich,Hamburg,B365,1.06,12.0,26.0,1.22,4.33,2026-07-27 11:39:40
6443,ger.1,2025-09-13,Bayern Munich,Hamburg,Pinnacle,1.07,14.97,29.41,1.32,3.2,2026-07-27 11:39:40
6444,ger.1,2025-09-13,Bayern Munich,Hamburg,Betway,1.08,13.5,26.0,,,2026-07-27 11:39:40
6445,ger.1,2025-09-13,Bayern Munich,Hamburg,Coral,1.08,13.0,26.0,,,2026-07-27 11:39:40
6446,ger.1,2025-09-13,Bayern Munich,Hamburg,Ladbrokes,1.07,13.0,23.0,,,2026-07-27 11:39:40
6447,ger.1,2025-09-14,St Pauli,Augsburg,B365,2.2,3.4,3.3,2.1,1.73,2026-07-27 11:39:40
6448,ger.1,2025-09-14,St Pauli,Augsburg,Pinnacle,2.23,3.39,3.46,2.15,1.76,2026-07-27 11:39:40
6449,ger.1,2025-09-14,St Pauli,Augsburg,Betway,2.2,3.3,3.3,,,2026-07-27 11:39:40
6450,ger.1,2025-09-14,St Pauli,Augsburg,Coral,2.2,3.3,3.3,,,2026-07-27 11:39:40
6451,ger.1,2025-09-14,St Pauli,Augsburg,Ladbrokes,2.2,3.3,3.25,,,2026-07-27 11:39:40
6452,ger.1,2025-09-14,Borussia Mönchengladbach,Werder Bremen,B365,1.95,3.9,3.4,1.5,2.63,2026-07-27 11:39:40
6453,ger.1,2025-09-14,Borussia Mönchengladbach,Werder Bremen,Pinnacle,2.0,4.11,3.44,1.5,2.67,2026-07-27 11:39:40
6454,ger.1,2025-09-14,Borussia Mönchengladbach,Werder Bremen,Betway,1.95,3.8,3.5,,,2026-07-27 11:39:40
6455,ger.1,2025-09-14,Borussia Mönchengladbach,Werder Bremen,Coral,1.95,3.8,3.5,,,2026-07-27 11:39:40
6456,ger.1,2025-09-14,Borussia Mönchengladbach,Werder Bremen,Ladbrokes,1.95,3.8,3.5,,,2026-07-27 11:39:40
6457,ger.1,2025-09-19,Stuttgart,St Pauli,B365,1.75,4.1,4.2,1.73,2.1,2026-07-27 11:39:40
6458,ger.1,2025-09-19,Stuttgart,St Pauli,Pinnacle,1.78,4.0,4.46,1.74,2.18,2026-07-27 11:39:40
6459,ger.1,2025-09-19,Stuttgart,St Pauli,Betway,1.78,3.8,4.2,,,2026-07-27 11:39:40
6460,ger.1,2025-09-19,Stuttgart,St Pauli,Coral,1.8,3.8,4.2,,,2026-07-27 11:39:40
6461,ger.1,2025-09-19,Stuttgart,St Pauli,Ladbrokes,1.8,3.8,4.2,,,2026-07-27 11:39:40
6462,ger.1,2025-09-20,Augsburg,Mainz,B365,2.7,3.4,2.6,1.93,1.93,2026-07-27 11:39:40
6463,ger.1,2025-09-20,Augsburg,Mainz,Pinnacle,2.77,3.47,2.61,1.92,1.97,2026-07-27 11:39:40
6464,ger.1,2025-09-20,Augsburg,Mainz,Betway,2.65,3.3,2.6,,,2026-07-27 11:39:40
6465,ger.1,2025-09-20,Augsburg,Mainz,Coral,2.62,3.3,2.62,,,2026-07-27 11:39:40
6466,ger.1,2025-09-20,Augsburg,Mainz,Ladbrokes,2.62,3.3,2.6,,,2026-07-27 11:39:40
6467,ger.1,2025-09-20,Hamburg,Heidenheim,B365,2.05,3.6,3.5,1.8,2.0,2026-07-27 11:39:40
6468,ger.1,2025-09-20,Hamburg,Heidenheim,Pinnacle,2.1,3.53,3.66,1.85,2.04,2026-07-27 11:39:40
6469,ger.1,2025-09-20,Hamburg,Heidenheim,Betway,2.05,3.5,3.6,,,2026-07-27 11:39:40
6470,ger.1,2025-09-20,Hamburg,Heidenheim,Coral,1.95,3.3,3.4,,,2026-07-27 11:39:40
6471,ger.1,2025-09-20,Hamburg,Heidenheim,Ladbrokes,2.0,3.5,3.6,,,2026-07-27 11:39:40
6472,ger.1,2025-09-20,Hoffenheim,Bayern Munich,B365,7.0,6.0,1.33,1.29,3.75,2026-07-27 11:39:40
6473,ger.1,2025-09-20,Hoffenheim,Bayern Munich,Pinnacle,7.87,6.19,1.33,1.32,3.45,2026-07-27 11:39:40
6474,ger.1,2025-09-20,Hoffenheim,Bayern Munich,Betway,7.5,5.75,1.35,,,2026-07-27 11:39:40
6475,ger.1,2025-09-20,Hoffenheim,Bayern Munich,Coral,7.5,5.75,1.35,,,2026-07-27 11:39:40
6476,ger.1,2025-09-20,Hoffenheim,Bayern Munich,Ladbrokes,7.5,5.5,1.35,,,2026-07-27 11:39:40
6477,ger.1,2025-09-20,Werder Bremen,Freiburg,B365,2.38,3.6,2.8,1.62,2.3,2026-07-27 11:39:40
6478,ger.1,2025-09-20,Werder Bremen,Freiburg,Pinnacle,2.38,3.81,2.86,1.63,2.36,2026-07-27 11:39:40
6479,ger.1,2025-09-20,Werder Bremen,Freiburg,Betway,2.4,3.5,2.75,,,2026-07-27 11:39:40
6480,ger.1,2025-09-20,Werder Bremen,Freiburg,Coral,2.4,3.5,2.75,,,2026-07-27 11:39:40
6481,ger.1,2025-09-20,Werder Bremen,Freiburg,Ladbrokes,2.4,3.5,2.75,,,2026-07-27 11:39:40
6482,ger.1,2025-09-20,RB Leipzig,1. FC Köln,B365,1.65,4.33,4.5,1.53,2.5,2026-07-27 11:39:40
6483,ger.1,2025-09-20,RB Leipzig,1. FC Köln,Pinnacle,1.68,4.39,4.73,1.57,2.5,2026-07-27 11:39:40
6484,ger.1,2025-09-20,RB Leipzig,1. FC Köln,Betway,1.68,4.1,4.6,,,2026-07-27 11:39:40
6485,ger.1,2025-09-20,RB Leipzig,1. FC Köln,Coral,1.67,4.2,4.6,,,2026-07-27 11:39:40
6486,ger.1,2025-09-20,RB Leipzig,1. FC Köln,Ladbrokes,1.67,4.0,4.6,,,2026-07-27 11:39:40
6487,ger.1,2025-09-21,Ein Frankfurt,Union Berlin,B365,1.57,4.33,5.5,1.57,2.38,2026-07-27 11:39:40
6488,ger.1,2025-09-21,Ein Frankfurt,Union Berlin,Pinnacle,1.58,4.47,5.57,1.63,2.38,2026-07-27 11:39:40
6489,ger.1,2025-09-21,Ein Frankfurt,Union Berlin,Betway,1.58,4.33,5.25,,,2026-07-27 11:39:40
6490,ger.1,2025-09-21,Ein Frankfurt,Union Berlin,Coral,1.57,4.33,5.25,,,2026-07-27 11:39:40
6491,ger.1,2025-09-21,Ein Frankfurt,Union Berlin,Ladbrokes,1.57,4.2,5.25,,,2026-07-27 11:39:40
6492,ger.1,2025-09-21,Bayer Leverkusen,Borussia Mönchengladbach,B365,1.57,5.0,4.5,1.44,2.75,2026-07-27 11:39:40
6493,ger.1,2025-09-21,Bayer Leverkusen,Borussia Mönchengladbach,Pinnacle,1.56,4.77,5.33,1.48,2.7,2026-07-27 11:39:40
6494,ger.1,2025-09-21,Bayer Leverkusen,Borussia Mönchengladbach,Betway,1.58,4.4,5.0,,,2026-07-27 11:39:40
6495,ger.1,2025-09-21,Bayer Leverkusen,Borussia Mönchengladbach,Coral,1.57,4.4,5.0,,,2026-07-27 11:39:40
6496,ger.1,2025-09-21,Bayer Leverkusen,Borussia Mönchengladbach,Ladbrokes,1.57,4.4,5.0,,,2026-07-27 11:39:40
6497,ger.1,2025-09-21,Borussia Dortmund,Wolfsburg,B365,1.5,5.0,5.5,1.44,2.75,2026-07-27 11:39:40
6498,ger.1,2025-09-21,Borussia Dortmund,Wolfsburg,Pinnacle,1.52,5.13,5.42,1.44,2.84,2026-07-27 11:39:40
6499,ger.1,2025-09-21,Borussia Dortmund,Wolfsburg,Betway,1.49,4.75,5.75,,,2026-07-27 11:39:40
6500,ger.1,2025-09-21,Borussia Dortmund,Wolfsburg,Coral,1.5,4.8,5.75,,,2026-07-27 11:39:40
6501,ger.1,2025-09-21,Borussia Dortmund,Wolfsburg,Ladbrokes,1.5,4.6,5.75,,,2026-07-27 11:39:40
6502,ger.1,2025-09-26,Bayern Munich,Werder Bremen,B365,1.09,11.0,21.0,1.2,4.5,2026-07-27 11:39:40
6503,ger.1,2025-09-26,Bayern Munich,Werder Bremen,Pinnacle,1.09,12.5,26.0,,,2026-07-27 11:39:40
6504,ger.1,2025-09-26,Bayern Munich,Werder Bremen,Betway,1.1,12.5,19.0,,,2026-07-27 11:39:40
6505,ger.1,2025-09-26,Bayern Munich,Werder Bremen,Coral,1.1,12.0,19.0,,,2026-07-27 11:39:40
6506,ger.1,2025-09-26,Bayern Munich,Werder Bremen,Ladbrokes,1.1,12.0,19.0,,,2026-07-27 11:39:40
6507,ger.1,2025-09-27,Heidenheim,Augsburg,B365,2.7,3.5,2.5,1.73,2.1,2026-07-27 11:39:40
6508,ger.1,2025-09-27,Heidenheim,Augsburg,Pinnacle,2.77,3.65,2.51,1.75,2.17,2026-07-27 11:39:40
6509,ger.1,2025-09-27,Heidenheim,Augsburg,Betway,2.75,3.5,2.45,,,2026-07-27 11:39:40
6510,ger.1,2025-09-27,Heidenheim,Augsburg,Coral,2.75,3.5,2.45,,,2026-07-27 11:39:40
6511,ger.1,2025-09-27,Heidenheim,Augsburg,Ladbrokes,2.7,3.4,2.45,,,2026-07-27 11:39:40
6512,ger.1,2025-09-27,Mainz,Borussia Dortmund,B365,3.2,3.7,2.1,1.62,2.3,2026-07-27 11:39:40
6513,ger.1,2025-09-27,Mainz,Borussia Dortmund,Pinnacle,3.32,3.79,2.13,1.63,2.37,2026-07-27 11:39:40
6514,ger.1,2025-09-27,Mainz,Borussia Dortmund,Betway,3.1,3.8,2.15,,,2026-07-27 11:39:40
6515,ger.1,2025-09-27,Mainz,Borussia Dortmund,Coral,3.1,3.8,2.15,,,2026-07-27 11:39:40
6516,ger.1,2025-09-27,Mainz,Borussia Dortmund,Ladbrokes,3.0,3.75,2.15,,,2026-07-27 11:39:40
6517,ger.1,2025-09-27,St Pauli,Bayer Leverkusen,B365,3.1,3.6,2.2,1.88,1.98,2026-07-27 11:39:40
6518,ger.1,2025-09-27,St Pauli,Bayer Leverkusen,Pinnacle,3.28,3.55,2.24,1.91,1.98,2026-07-27 11:39:40
6519,ger.1,2025-09-27,St Pauli,Bayer Leverkusen,Betway,3.1,3.5,2.2,,,2026-07-27 11:39:40
6520,ger.1,2025-09-27,St Pauli,Bayer Leverkusen,Coral,3.1,3.5,2.2,,,2026-07-27 11:39:40
6521,ger.1,2025-09-27,St Pauli,Bayer Leverkusen,Ladbrokes,3.1,3.5,2.2,,,2026-07-27 11:39:40
6522,ger.1,2025-09-27,Wolfsburg,RB Leipzig,B365,2.55,3.6,2.6,1.53,2.5,2026-07-27 11:39:40
6523,ger.1,2025-09-27,Wolfsburg,RB Leipzig,Pinnacle,2.6,3.75,2.61,1.54,2.59,2026-07-27 11:39:40
6524,ger.1,2025-09-27,Wolfsburg,RB Leipzig,Betway,2.6,3.7,2.5,,,2026-07-27 11:39:40
6525,ger.1,2025-09-27,Wolfsburg,RB Leipzig,Coral,2.6,3.7,2.5,,,2026-07-27 11:39:40
6526,ger.1,2025-09-27,Wolfsburg,RB Leipzig,Ladbrokes,2.6,3.6,2.5,,,2026-07-27 11:39:40
6527,ger.1,2025-09-27,Borussia Mönchengladbach,Ein Frankfurt,B365,3.1,3.6,2.2,1.53,2.5,2026-07-27 11:39:40
6528,ger.1,2025-09-27,Borussia Mönchengladbach,Ein Frankfurt,Pinnacle,3.2,3.59,2.26,1.52,2.56,2026-07-27 11:39:40
6529,ger.1,2025-09-27,Borussia Mönchengladbach,Ein Frankfurt,Betway,2.95,3.7,2.2,,,2026-07-27 11:39:40
6530,ger.1,2025-09-27,Borussia Mönchengladbach,Ein Frankfurt,Coral,3.0,3.7,2.2,,,2026-07-27 11:39:40
6531,ger.1,2025-09-27,Borussia Mönchengladbach,Ein Frankfurt,Ladbrokes,3.0,3.7,2.2,,,2026-07-27 11:39:40
6532,ger.1,2025-09-28,Freiburg,Hoffenheim,B365,2.25,3.4,3.1,1.62,2.3,2026-07-27 11:39:40
6533,ger.1,2025-09-28,Freiburg,Hoffenheim,Pinnacle,2.27,3.66,3.13,1.63,2.36,2026-07-27 11:39:40
6534,ger.1,2025-09-28,Freiburg,Hoffenheim,Betway,2.2,3.6,3.0,,,2026-07-27 11:39:40
6535,ger.1,2025-09-28,Freiburg,Hoffenheim,Coral,2.2,3.6,3.1,,,2026-07-27 11:39:40
6536,ger.1,2025-09-28,Freiburg,Hoffenheim,Ladbrokes,2.2,3.6,3.0,,,2026-07-27 11:39:40
6537,ger.1,2025-09-28,1. FC Köln,Stuttgart,B365,2.9,3.5,2.35,1.53,2.5,2026-07-27 11:39:40
6538,ger.1,2025-09-28,1. FC Köln,Stuttgart,Pinnacle,2.91,3.68,2.39,1.56,2.53,2026-07-27 11:39:40
6539,ger.1,2025-09-28,1. FC Köln,Stuttgart,Betway,2.8,3.7,2.3,,,2026-07-27 11:39:40
6540,ger.1,2025-09-28,1. FC Köln,Stuttgart,Coral,2.8,3.7,2.3,,,2026-07-27 11:39:40
6541,ger.1,2025-09-28,1. FC Köln,Stuttgart,Ladbrokes,2.75,3.7,2.3,,,2026-07-27 11:39:40
6542,ger.1,2025-09-28,Union Berlin,Hamburg,B365,1.95,3.4,4.0,1.8,2.0,2026-07-27 11:39:40
6543,ger.1,2025-09-28,Union Berlin,Hamburg,Pinnacle,1.99,3.7,3.82,1.79,2.11,2026-07-27 11:39:40
6544,ger.1,2025-09-28,Union Berlin,Hamburg,Betway,2.0,3.6,3.5,,,2026-07-27 11:39:40
6545,ger.1,2025-09-28,Union Berlin,Hamburg,Coral,2.05,3.6,3.5,,,2026-07-27 11:39:40
6546,ger.1,2025-09-28,Union Berlin,Hamburg,Ladbrokes,2.0,3.5,3.5,,,2026-07-27 11:39:40
6547,ger.1,2025-10-03,Hoffenheim,1. FC Köln,B365,1.91,3.7,3.75,1.57,2.38,2026-07-27 11:39:40
6548,ger.1,2025-10-03,Hoffenheim,1. FC Köln,Pinnacle,1.93,3.98,3.79,1.57,2.45,2026-07-27 11:39:40
6549,ger.1,2025-10-03,Hoffenheim,1. FC Köln,Betway,1.88,3.8,3.75,,,2026-07-27 11:39:40
6550,ger.1,2025-10-03,Hoffenheim,1. FC Köln,Coral,1.91,3.9,3.75,,,2026-07-27 11:39:40
6551,ger.1,2025-10-03,Hoffenheim,1. FC Köln,Ladbrokes,1.85,3.8,3.7,,,2026-07-27 11:39:40
6552,ger.1,2025-10-04,Augsburg,Wolfsburg,B365,2.75,3.5,2.45,1.73,2.1,2026-07-27 11:39:40
6553,ger.1,2025-10-04,Augsburg,Wolfsburg,Pinnacle,2.86,3.58,2.48,1.75,2.17,2026-07-27 11:39:40
6554,ger.1,2025-10-04,Augsburg,Wolfsburg,Betway,2.7,3.6,2.45,,,2026-07-27 11:39:40
6555,ger.1,2025-10-04,Augsburg,Wolfsburg,Coral,2.7,3.6,2.45,,,2026-07-27 11:39:40
6556,ger.1,2025-10-04,Augsburg,Wolfsburg,Ladbrokes,2.7,3.6,2.45,,,2026-07-27 11:39:40
6557,ger.1,2025-10-04,Borussia Dortmund,RB Leipzig,B365,1.7,4.5,4.2,1.36,3.2,2026-07-27 11:39:40
6558,ger.1,2025-10-04,Borussia Dortmund,RB Leipzig,Pinnacle,1.7,4.67,4.25,1.37,3.16,2026-07-27 11:39:40
6559,ger.1,2025-10-04,Borussia Dortmund,RB Leipzig,Betway,1.7,4.4,4.2,,,2026-07-27 11:39:40
6560,ger.1,2025-10-04,Borussia Dortmund,RB Leipzig,Coral,1.7,4.4,4.2,,,2026-07-27 11:39:40
6561,ger.1,2025-10-04,Borussia Dortmund,RB Leipzig,Ladbrokes,1.7,4.4,4.2,,,2026-07-27 11:39:40
6562,ger.1,2025-10-04,Bayer Leverkusen,Union Berlin,B365,1.7,4.0,4.75,1.8,2.0,2026-07-27 11:39:40
6563,ger.1,2025-10-04,Bayer Leverkusen,Union Berlin,Pinnacle,1.7,4.1,4.88,1.81,2.06,2026-07-27 11:39:40
6564,ger.1,2025-10-04,Bayer Leverkusen,Union Berlin,Betway,1.68,4.0,4.6,,,2026-07-27 11:39:40
6565,ger.1,2025-10-04,Bayer Leverkusen,Union Berlin,Coral,1.7,4.0,4.6,,,2026-07-27 11:39:40
6566,ger.1,2025-10-04,Bayer Leverkusen,Union Berlin,Ladbrokes,1.7,4.0,4.6,,,2026-07-27 11:39:40
6567,ger.1,2025-10-04,Werder Bremen,St Pauli,B365,2.35,3.7,2.88,1.73,2.1,2026-07-27 11:39:40
6568,ger.1,2025-10-04,Werder Bremen,St Pauli,Pinnacle,2.43,3.67,2.87,1.77,2.13,2026-07-27 11:39:40
6569,ger.1,2025-10-04,Werder Bremen,St Pauli,Betway,2.3,3.5,2.9,,,2026-07-27 11:39:40
6570,ger.1,2025-10-04,Werder Bremen,St Pauli,Coral,2.3,3.5,2.9,,,2026-07-27 11:39:40
6571,ger.1,2025-10-04,Werder Bremen,St Pauli,Ladbrokes,2.3,3.5,2.9,,,2026-07-27 11:39:40
6572,ger.1,2025-10-04,Ein Frankfurt,Bayern Munich,B365,6.25,5.25,1.42,1.29,3.75,2026-07-27 11:39:40
6573,ger.1,2025-10-04,Ein Frankfurt,Bayern Munich,Pinnacle,6.14,5.53,1.44,1.32,3.37,2026-07-27 11:39:40
6574,ger.1,2025-10-04,Ein Frankfurt,Bayern Munich,Betway,5.75,5.25,1.46,,,2026-07-27 11:39:40
6575,ger.1,2025-10-04,Ein Frankfurt,Bayern Munich,Coral,5.75,5.25,1.44,,,2026-07-27 11:39:40
6576,ger.1,2025-10-04,Ein Frankfurt,Bayern Munich,Ladbrokes,5.75,5.0,1.44,,,2026-07-27 11:39:40
6577,ger.1,2025-10-05,Stuttgart,Heidenheim,B365,1.42,4.75,7.0,1.5,2.63,2026-07-27 11:39:40
6578,ger.1,2025-10-05,Stuttgart,Heidenheim,Pinnacle,1.44,5.16,6.75,1.49,2.67,2026-07-27 11:39:40
6579,ger.1,2025-10-05,Stuttgart,Heidenheim,Betway,1.46,4.8,6.25,,,2026-07-27 11:39:40
6580,ger.1,2025-10-05,Stuttgart,Heidenheim,Coral,1.44,4.8,6.5,,,2026-07-27 11:39:40
6581,ger.1,2025-10-05,Stuttgart,Heidenheim,Ladbrokes,1.44,4.8,6.0,,,2026-07-27 11:39:40
6582,ger.1,2025-10-05,Hamburg,Mainz,B365,2.8,3.5,2.4,1.73,2.1,2026-07-27 11:39:40
6583,ger.1,2025-10-05,Hamburg,Mainz,Pinnacle,2.89,3.53,2.48,1.77,2.14,2026-07-27 11:39:40
6584,ger.1,2025-10-05,Hamburg,Mainz,Betway,2.75,3.6,2.4,,,2026-07-27 11:39:40
6585,ger.1,2025-10-05,Hamburg,Mainz,Coral,2.75,3.6,2.4,,,2026-07-27 11:39:40
6586,ger.1,2025-10-05,Hamburg,Mainz,Ladbrokes,2.75,3.5,2.4,,,2026-07-27 11:39:40
6587,ger.1,2025-10-05,Borussia Mönchengladbach,Freiburg,B365,2.25,3.6,3.0,1.73,2.1,2026-07-27 11:39:40
6588,ger.1,2025-10-05,Borussia Mönchengladbach,Freiburg,Pinnacle,2.36,3.57,3.04,1.8,2.09,2026-07-27 11:39:40
6589,ger.1,2025-10-05,Borussia Mönchengladbach,Freiburg,Betway,2.2,3.6,3.1,,,2026-07-27 11:39:40
6590,ger.1,2025-10-05,Borussia Mönchengladbach,Freiburg,Coral,2.2,3.6,3.1,,,2026-07-27 11:39:40
6591,ger.1,2025-10-05,Borussia Mönchengladbach,Freiburg,Ladbrokes,2.2,3.5,3.1,,,2026-07-27 11:39:40
6592,ger.1,2025-10-17,Union Berlin,Borussia Mönchengladbach,B365,2.2,3.4,3.2,1.88,1.98,2026-07-27 11:39:40
6593,ger.1,2025-10-17,Union Berlin,Borussia Mönchengladbach,Pinnacle,2.24,3.5,3.31,1.9,1.99,2026-07-27 11:39:40
6594,ger.1,2025-10-17,Union Berlin,Borussia Mönchengladbach,Betway,2.2,3.4,3.25,,,2026-07-27 11:39:40
6595,ger.1,2025-10-17,Union Berlin,Borussia Mönchengladbach,Coral,2.2,3.4,3.25,,,2026-07-27 11:39:40
6596,ger.1,2025-10-17,Union Berlin,Borussia Mönchengladbach,Ladbrokes,2.2,3.4,3.2,,,2026-07-27 11:39:40
6597,ger.1,2025-10-18,1. FC Köln,Augsburg,B365,1.95,3.9,3.5,1.57,2.38,2026-07-27 11:39:40
6598,ger.1,2025-10-18,1. FC Köln,Augsburg,Pinnacle,2.0,3.96,3.56,1.6,2.42,2026-07-27 11:39:40
6599,ger.1,2025-10-18,1. FC Köln,Augsburg,Betway,1.98,3.7,3.5,,,2026-07-27 11:39:40
6600,ger.1,2025-10-18,1. FC Köln,Augsburg,Coral,2.0,3.7,3.5,,,2026-07-27 11:39:40
6601,ger.1,2025-10-18,1. FC Köln,Augsburg,Ladbrokes,2.0,3.7,3.5,,,2026-07-27 11:39:40
6602,ger.1,2025-10-18,Heidenheim,Werder Bremen,B365,2.88,3.5,2.35,1.67,2.2,2026-07-27 11:39:40
6603,ger.1,2025-10-18,Heidenheim,Werder Bremen,Pinnacle,2.97,3.61,2.39,1.69,2.26,2026-07-27 11:39:40
6604,ger.1,2025-10-18,Heidenheim,Werder Bremen,Betway,2.85,3.6,2.35,,,2026-07-27 11:39:40
6605,ger.1,2025-10-18,Heidenheim,Werder Bremen,Coral,2.87,3.6,2.37,,,2026-07-27 11:39:40
6606,ger.1,2025-10-18,Heidenheim,Werder Bremen,Ladbrokes,2.8,3.5,2.3,,,2026-07-27 11:39:40
6607,ger.1,2025-10-18,Mainz,Bayer Leverkusen,B365,2.8,3.4,2.45,1.8,2.0,2026-07-27 11:39:40
6608,ger.1,2025-10-18,Mainz,Bayer Leverkusen,Pinnacle,2.83,3.46,2.56,1.81,2.08,2026-07-27 11:39:40
6609,ger.1,2025-10-18,Mainz,Bayer Leverkusen,Betway,2.85,3.4,2.4,,,2026-07-27 11:39:40
6610,ger.1,2025-10-18,Mainz,Bayer Leverkusen,Coral,2.7,3.2,2.3,,,2026-07-27 11:39:40
6611,ger.1,2025-10-18,Mainz,Bayer Leverkusen,Ladbrokes,2.7,3.2,2.3,,,2026-07-27 11:39:40
6612,ger.1,2025-10-18,RB Leipzig,Hamburg,B365,1.44,4.75,6.5,1.36,3.2,2026-07-27 11:39:40
6613,ger.1,2025-10-18,RB Leipzig,Hamburg,Pinnacle,1.43,5.37,6.59,1.36,3.19,2026-07-27 11:39:40
6614,ger.1,2025-10-18,RB Leipzig,Hamburg,Betway,1.42,5.25,6.25,,,2026-07-27 11:39:40
6615,ger.1,2025-10-18,RB Leipzig,Hamburg,Coral,1.44,5.25,6.0,,,2026-07-27 11:39:40
6616,ger.1,2025-10-18,RB Leipzig,Hamburg,Ladbrokes,1.4,4.8,5.75,,,2026-07-27 11:39:40
6617,ger.1,2025-10-18,Wolfsburg,Stuttgart,B365,2.63,3.6,2.5,1.62,2.3,2026-07-27 11:39:40
6618,ger.1,2025-10-18,Wolfsburg,Stuttgart,Pinnacle,2.72,3.62,2.57,1.64,2.34,2026-07-27 11:39:40
6619,ger.1,2025-10-18,Wolfsburg,Stuttgart,Betway,2.55,3.7,2.5,,,2026-07-27 11:39:40
6620,ger.1,2025-10-18,Wolfsburg,Stuttgart,Coral,2.6,3.7,2.5,,,2026-07-27 11:39:40
6621,ger.1,2025-10-18,Wolfsburg,Stuttgart,Ladbrokes,2.6,3.6,2.5,,,2026-07-27 11:39:40
6622,ger.1,2025-10-18,Bayern Munich,Borussia Dortmund,B365,1.33,5.5,7.5,1.33,3.4,2026-07-27 11:39:40
6623,ger.1,2025-10-18,Bayern Munich,Borussia Dortmund,Pinnacle,1.38,5.55,7.5,1.34,3.32,2026-07-27 11:39:40
6624,ger.1,2025-10-18,Bayern Munich,Borussia Dortmund,Betway,1.36,5.5,7.25,,,2026-07-27 11:39:40
6625,ger.1,2025-10-18,Bayern Munich,Borussia Dortmund,Coral,1.36,5.5,7.5,,,2026-07-27 11:39:40
6626,ger.1,2025-10-18,Bayern Munich,Borussia Dortmund,Ladbrokes,1.35,5.5,7.0,,,2026-07-27 11:39:40
6627,ger.1,2025-10-19,Freiburg,Ein Frankfurt,B365,2.5,3.5,2.7,1.62,2.3,2026-07-27 11:39:40
6628,ger.1,2025-10-19,Freiburg,Ein Frankfurt,Pinnacle,2.54,3.68,2.72,1.63,2.38,2026-07-27 11:39:40
6629,ger.1,2025-10-19,Freiburg,Ein Frankfurt,Betway,2.55,3.6,2.55,,,2026-07-27 11:39:40
6630,ger.1,2025-10-19,Freiburg,Ein Frankfurt,Coral,2.6,3.6,2.6,,,2026-07-27 11:39:40
6631,ger.1,2025-10-19,Freiburg,Ein Frankfurt,Ladbrokes,2.5,3.5,2.6,,,2026-07-27 11:39:40
6632,ger.1,2025-10-19,St Pauli,Hoffenheim,B365,2.5,3.4,2.8,1.8,2.0,2026-07-27 11:39:40
6633,ger.1,2025-10-19,St Pauli,Hoffenheim,Pinnacle,2.51,3.64,2.78,1.81,2.07,2026-07-27 11:39:40
6634,ger.1,2025-10-19,St Pauli,Hoffenheim,Betway,2.45,3.4,2.8,,,2026-07-27 11:39:40
6635,ger.1,2025-10-19,St Pauli,Hoffenheim,Coral,2.45,3.4,2.8,,,2026-07-27 11:39:40
6636,ger.1,2025-10-19,St Pauli,Hoffenheim,Ladbrokes,2.4,3.4,2.8,,,2026-07-27 11:39:40
6637,ger.1,2025-10-24,Werder Bremen,Union Berlin,B365,2.25,3.6,2.9,1.67,2.2,2026-07-27 11:39:40
6638,ger.1,2025-10-24,Werder Bremen,Union Berlin,Pinnacle,2.33,3.63,3.09,1.7,2.27,2026-07-27 11:39:40
6639,ger.1,2025-10-24,Werder Bremen,Union Berlin,Betway,2.25,3.5,3.0,,,2026-07-27 11:39:40
6640,ger.1,2025-10-24,Werder Bremen,Union Berlin,Coral,2.25,3.5,3.0,,,2026-07-27 11:39:40
6641,ger.1,2025-10-24,Werder Bremen,Union Berlin,Ladbrokes,2.25,3.5,3.0,,,2026-07-27 11:39:40
6642,ger.1,2025-10-25,Augsburg,RB Leipzig,B365,3.2,3.9,2.05,1.44,2.75,2026-07-27 11:39:40
6643,ger.1,2025-10-25,Augsburg,RB Leipzig,Pinnacle,3.29,4.06,2.07,1.46,2.76,2026-07-27 11:39:40
6644,ger.1,2025-10-25,Augsburg,RB Leipzig,Betway,3.3,4.0,1.98,,,2026-07-27 11:39:40
6645,ger.1,2025-10-25,Augsburg,RB Leipzig,Coral,3.3,4.0,2.0,,,2026-07-27 11:39:40
6646,ger.1,2025-10-25,Augsburg,RB Leipzig,Ladbrokes,3.3,3.9,1.95,,,2026-07-27 11:39:40
6647,ger.1,2025-10-25,Ein Frankfurt,St Pauli,B365,1.67,4.2,4.5,1.57,2.38,2026-07-27 11:39:40
6648,ger.1,2025-10-25,Ein Frankfurt,St Pauli,Pinnacle,1.74,4.19,4.49,1.6,2.43,2026-07-27 11:39:40
6649,ger.1,2025-10-25,Ein Frankfurt,St Pauli,Betway,1.71,4.1,4.4,,,2026-07-27 11:39:40
6650,ger.1,2025-10-25,Ein Frankfurt,St Pauli,Coral,1.7,4.0,4.4,,,2026-07-27 11:39:40
6651,ger.1,2025-10-25,Ein Frankfurt,St Pauli,Ladbrokes,1.7,4.0,4.4,,,2026-07-27 11:39:40
6652,ger.1,2025-10-25,Hamburg,Wolfsburg,B365,2.35,3.5,2.9,1.67,2.2,2026-07-27 11:39:40
6653,ger.1,2025-10-25,Hamburg,Wolfsburg,Pinnacle,2.4,3.73,2.88,1.67,2.3,2026-07-27 11:39:40
6654,ger.1,2025-10-25,Hamburg,Wolfsburg,Betway,2.35,3.7,2.8,,,2026-07-27 11:39:40
6655,ger.1,2025-10-25,Hamburg,Wolfsburg,Coral,2.37,3.7,2.8,,,2026-07-27 11:39:40
6656,ger.1,2025-10-25,Hamburg,Wolfsburg,Ladbrokes,2.3,3.6,2.8,,,2026-07-27 11:39:40
6657,ger.1,2025-10-25,Hoffenheim,Heidenheim,B365,1.57,4.5,5.25,1.5,2.63,2026-07-27 11:39:40
6658,ger.1,2025-10-25,Hoffenheim,Heidenheim,Pinnacle,1.6,4.45,5.32,1.53,2.62,2026-07-27 11:39:40
6659,ger.1,2025-10-25,Hoffenheim,Heidenheim,Betway,1.58,4.5,5.0,,,2026-07-27 11:39:40
6660,ger.1,2025-10-25,Hoffenheim,Heidenheim,Coral,1.57,4.5,5.0,,,2026-07-27 11:39:40
6661,ger.1,2025-10-25,Hoffenheim,Heidenheim,Ladbrokes,1.57,4.4,5.0,,,2026-07-27 11:39:40
6662,ger.1,2025-10-25,Borussia Mönchengladbach,Bayern Munich,B365,10.0,6.5,1.22,1.29,3.75,2026-07-27 11:39:40
6663,ger.1,2025-10-25,Borussia Mönchengladbach,Bayern Munich,Pinnacle,11.5,7.11,1.23,,,2026-07-27 11:39:40
6664,ger.1,2025-10-25,Borussia Mönchengladbach,Bayern Munich,Betway,10.0,7.0,1.24,,,2026-07-27 11:39:40
6665,ger.1,2025-10-25,Borussia Mönchengladbach,Bayern Munich,Coral,10.0,7.0,1.25,,,2026-07-27 11:39:40
6666,ger.1,2025-10-25,Borussia Mönchengladbach,Bayern Munich,Ladbrokes,10.0,7.0,1.25,,,2026-07-27 11:39:40
6667,ger.1,2025-10-25,Borussia Dortmund,1. FC Köln,B365,1.44,5.25,6.5,1.4,3.0,2026-07-27 11:39:40
6668,ger.1,2025-10-25,Borussia Dortmund,1. FC Köln,Pinnacle,1.46,4.96,6.64,1.42,2.91,2026-07-27 11:39:40
6669,ger.1,2025-10-25,Borussia Dortmund,1. FC Köln,Betway,1.43,5.0,6.5,,,2026-07-27 11:39:40
6670,ger.1,2025-10-25,Borussia Dortmund,1. FC Köln,Coral,1.44,5.0,6.5,,,2026-07-27 11:39:40
6671,ger.1,2025-10-25,Borussia Dortmund,1. FC Köln,Ladbrokes,1.44,5.0,6.5,,,2026-07-27 11:39:40
6672,ger.1,2025-10-26,Bayer Leverkusen,Freiburg,B365,1.83,3.9,4.0,1.73,2.1,2026-07-27 11:39:40
6673,ger.1,2025-10-26,Bayer Leverkusen,Freiburg,Pinnacle,1.84,3.92,4.2,1.77,2.12,2026-07-27 11:39:40
6674,ger.1,2025-10-26,Bayer Leverkusen,Freiburg,Betway,1.77,3.9,4.33,,,2026-07-27 11:39:40
6675,ger.1,2025-10-26,Bayer Leverkusen,Freiburg,Coral,1.75,3.9,4.33,,,2026-07-27 11:39:40
6676,ger.1,2025-10-26,Bayer Leverkusen,Freiburg,Ladbrokes,1.75,3.8,4.2,,,2026-07-27 11:39:40
6677,ger.1,2025-10-26,Stuttgart,Mainz,B365,1.75,4.0,4.33,1.57,2.38,2026-07-27 11:39:40
6678,ger.1,2025-10-26,Stuttgart,Mainz,Pinnacle,1.79,4.13,4.24,1.6,2.43,2026-07-27 11:39:40
6679,ger.1,2025-10-26,Stuttgart,Mainz,Betway,1.75,4.0,4.2,,,2026-07-27 11:39:40
6680,ger.1,2025-10-26,Stuttgart,Mainz,Coral,1.75,4.0,4.2,,,2026-07-27 11:39:40
6681,ger.1,2025-10-26,Stuttgart,Mainz,Ladbrokes,1.75,4.0,4.2,,,2026-07-27 11:39:40
6682,ger.1,2025-10-31,Augsburg,Borussia Dortmund,B365,5.0,4.5,1.57,1.5,2.63,2026-07-27 11:39:40
6683,ger.1,2025-10-31,Augsburg,Borussia Dortmund,Pinnacle,5.3,4.42,1.61,1.52,2.62,2026-07-27 11:39:40
6684,ger.1,2025-10-31,Augsburg,Borussia Dortmund,Betway,5.0,4.33,1.6,,,2026-07-27 11:39:40
6685,ger.1,2025-10-31,Augsburg,Borussia Dortmund,Coral,5.0,4.33,1.6,,,2026-07-27 11:39:40
6686,ger.1,2025-10-31,Augsburg,Borussia Dortmund,Ladbrokes,5.0,4.33,1.6,,,2026-07-27 11:39:40
6687,ger.1,2025-11-01,Heidenheim,Ein Frankfurt,B365,3.6,4.0,1.9,1.5,2.63,2026-07-27 11:39:40
6688,ger.1,2025-11-01,Heidenheim,Ein Frankfurt,Pinnacle,3.69,4.18,1.9,1.5,2.62,2026-07-27 11:39:40
6689,ger.1,2025-11-01,Heidenheim,Ein Frankfurt,Betway,3.4,3.9,1.95,,,2026-07-27 11:39:40
6690,ger.1,2025-11-01,Heidenheim,Ein Frankfurt,Coral,3.5,3.9,1.95,,,2026-07-27 11:39:40
6691,ger.1,2025-11-01,Heidenheim,Ein Frankfurt,Ladbrokes,3.4,3.9,1.95,,,2026-07-27 11:39:40
6692,ger.1,2025-11-01,Mainz,Werder Bremen,B365,1.95,3.9,3.5,1.57,2.38,2026-07-27 11:39:40
6693,ger.1,2025-11-01,Mainz,Werder Bremen,Pinnacle,2.02,3.92,3.51,1.58,2.48,2026-07-27 11:39:40
6694,ger.1,2025-11-01,Mainz,Werder Bremen,Betway,2.0,3.8,3.4,,,2026-07-27 11:39:40
6695,ger.1,2025-11-01,Mainz,Werder Bremen,Coral,2.0,3.8,3.4,,,2026-07-27 11:39:40
6696,ger.1,2025-11-01,Mainz,Werder Bremen,Ladbrokes,2.0,3.75,3.3,,,2026-07-27 11:39:40
6697,ger.1,2025-11-01,RB Leipzig,Stuttgart,B365,1.95,3.9,3.5,1.44,2.75,2026-07-27 11:39:40
6698,ger.1,2025-11-01,RB Leipzig,Stuttgart,Pinnacle,2.02,3.88,3.55,1.43,2.89,2026-07-27 11:39:40
6699,ger.1,2025-11-01,RB Leipzig,Stuttgart,Betway,1.98,3.9,3.4,,,2026-07-27 11:39:40
6700,ger.1,2025-11-01,RB Leipzig,Stuttgart,Coral,2.0,3.9,3.4,,,2026-07-27 11:39:40
6701,ger.1,2025-11-01,RB Leipzig,Stuttgart,Ladbrokes,1.95,3.9,3.4,,,2026-07-27 11:39:40
6702,ger.1,2025-11-01,St Pauli,Borussia Mönchengladbach,B365,2.15,3.5,3.3,1.88,1.98,2026-07-27 11:39:40
6703,ger.1,2025-11-01,St Pauli,Borussia Mönchengladbach,Pinnacle,2.2,3.51,3.4,1.92,1.97,2026-07-27 11:39:40
6704,ger.1,2025-11-01,St Pauli,Borussia Mönchengladbach,Betway,2.1,3.5,3.4,,,2026-07-27 11:39:40
6705,ger.1,2025-11-01,St Pauli,Borussia Mönchengladbach,Coral,2.1,3.5,3.4,,,2026-07-27 11:39:40
6706,ger.1,2025-11-01,St Pauli,Borussia Mönchengladbach,Ladbrokes,2.05,3.5,3.4,,,2026-07-27 11:39:40
6707,ger.1,2025-11-01,Union Berlin,Freiburg,B365,2.5,3.3,2.75,2.1,1.73,2026-07-27 11:39:40
6708,ger.1,2025-11-01,Union Berlin,Freiburg,Pinnacle,2.65,3.27,2.86,2.18,1.74,2026-07-27 11:39:40
6709,ger.1,2025-11-01,Union Berlin,Freiburg,Betway,2.55,3.25,2.75,,,2026-07-27 11:39:40
6710,ger.1,2025-11-01,Union Berlin,Freiburg,Coral,2.6,3.25,2.75,,,2026-07-27 11:39:40
6711,ger.1,2025-11-01,Union Berlin,Freiburg,Ladbrokes,2.6,3.25,2.75,,,2026-07-27 11:39:40
6712,ger.1,2025-11-01,Bayern Munich,Bayer Leverkusen,B365,1.22,7.0,9.5,1.25,4.0,2026-07-27 11:39:40
6713,ger.1,2025-11-01,Bayern Munich,Bayer Leverkusen,Pinnacle,1.23,7.43,10.66,,,2026-07-27 11:39:40
6714,ger.1,2025-11-01,Bayern Munich,Bayer Leverkusen,Betway,1.22,7.25,11.0,,,2026-07-27 11:39:40
6715,ger.1,2025-11-01,Bayern Munich,Bayer Leverkusen,Coral,1.22,7.0,11.0,,,2026-07-27 11:39:40
6716,ger.1,2025-11-01,Bayern Munich,Bayer Leverkusen,Ladbrokes,1.22,7.0,11.0,,,2026-07-27 11:39:40
6717,ger.1,2025-11-02,1. FC Köln,Hamburg,B365,2.1,3.7,3.2,1.62,2.3,2026-07-27 11:39:40
6718,ger.1,2025-11-02,1. FC Köln,Hamburg,Pinnacle,2.18,3.67,3.29,1.63,2.36,2026-07-27 11:39:40
6719,ger.1,2025-11-02,1. FC Köln,Hamburg,Betway,2.05,3.7,3.3,,,2026-07-27 11:39:40
6720,ger.1,2025-11-02,1. FC Köln,Hamburg,Coral,2.05,3.7,3.3,,,2026-07-27 11:39:40
6721,ger.1,2025-11-02,1. FC Köln,Hamburg,Ladbrokes,2.05,3.7,3.3,,,2026-07-27 11:39:40
6722,ger.1,2025-11-02,Wolfsburg,Hoffenheim,B365,2.75,3.9,2.3,1.57,2.38,2026-07-27 11:39:40
6723,ger.1,2025-11-02,Wolfsburg,Hoffenheim,Pinnacle,2.77,3.78,2.45,1.57,2.5,2026-07-27 11:39:40
6724,ger.1,2025-11-02,Wolfsburg,Hoffenheim,Betway,2.8,3.7,2.3,,,2026-07-27 11:39:40
6725,ger.1,2025-11-02,Wolfsburg,Hoffenheim,Coral,2.8,3.75,2.3,,,2026-07-27 11:39:40
6726,ger.1,2025-11-02,Wolfsburg,Hoffenheim,Ladbrokes,2.8,3.7,2.3,,,2026-07-27 11:39:40
6727,ger.1,2025-11-07,Werder Bremen,Wolfsburg,B365,2.15,3.6,3.1,1.53,2.5,2026-07-27 11:39:40
6728,ger.1,2025-11-07,Werder Bremen,Wolfsburg,Pinnacle,2.23,3.84,3.13,1.58,2.52,2026-07-27 11:39:40
6729,ger.1,2025-11-07,Werder Bremen,Wolfsburg,Betway,2.2,3.6,3.1,,,2026-07-27 11:39:40
6730,ger.1,2025-11-07,Werder Bremen,Wolfsburg,Coral,2.2,3.6,3.1,,,2026-07-27 11:39:40
6731,ger.1,2025-11-07,Werder Bremen,Wolfsburg,Ladbrokes,2.2,3.6,3.1,,,2026-07-27 11:39:40
6732,ger.1,2025-11-08,Hamburg,Borussia Dortmund,B365,4.33,4.2,1.7,1.5,2.63,2026-07-27 11:39:40
6733,ger.1,2025-11-08,Hamburg,Borussia Dortmund,Pinnacle,4.58,4.28,1.71,1.53,2.6,2026-07-27 11:39:40
6734,ger.1,2025-11-08,Hamburg,Borussia Dortmund,Betway,4.33,4.33,1.68,,,2026-07-27 11:39:40
6735,ger.1,2025-11-08,Hamburg,Borussia Dortmund,Coral,4.33,4.33,1.7,,,2026-07-27 11:39:40
6736,ger.1,2025-11-08,Hamburg,Borussia Dortmund,Ladbrokes,4.33,4.2,1.67,,,2026-07-27 11:39:40
6737,ger.1,2025-11-08,Hoffenheim,RB Leipzig,B365,2.6,3.9,2.4,1.4,3.0,2026-07-27 11:39:40
6738,ger.1,2025-11-08,Hoffenheim,RB Leipzig,Pinnacle,2.71,3.97,2.43,1.4,3.01,2026-07-27 11:39:40
6739,ger.1,2025-11-08,Hoffenheim,RB Leipzig,Betway,2.6,3.9,2.37,,,2026-07-27 11:39:40
6740,ger.1,2025-11-08,Hoffenheim,RB Leipzig,Coral,2.62,3.9,2.37,,,2026-07-27 11:39:40
6741,ger.1,2025-11-08,Hoffenheim,RB Leipzig,Ladbrokes,2.6,3.9,2.37,,,2026-07-27 11:39:40
6742,ger.1,2025-11-08,Bayer Leverkusen,Heidenheim,B365,1.4,5.0,6.5,1.53,2.5,2026-07-27 11:39:40
6743,ger.1,2025-11-08,Bayer Leverkusen,Heidenheim,Pinnacle,1.41,5.1,7.57,1.53,2.56,2026-07-27 11:39:40
6744,ger.1,2025-11-08,Bayer Leverkusen,Heidenheim,Betway,1.4,5.0,7.0,,,2026-07-27 11:39:40
6745,ger.1,2025-11-08,Bayer Leverkusen,Heidenheim,Coral,1.4,5.0,7.0,,,2026-07-27 11:39:40
6746,ger.1,2025-11-08,Bayer Leverkusen,Heidenheim,Ladbrokes,1.4,5.0,7.0,,,2026-07-27 11:39:40
6747,ger.1,2025-11-08,Union Berlin,Bayern Munich,B365,13.0,7.0,1.2,1.36,3.2,2026-07-27 11:39:40
6748,ger.1,2025-11-08,Union Berlin,Bayern Munich,Pinnacle,12.56,7.33,1.21,1.37,3.08,2026-07-27 11:39:40
6749,ger.1,2025-11-08,Union Berlin,Bayern Munich,Betway,12.0,6.75,1.22,,,2026-07-27 11:39:40
6750,ger.1,2025-11-08,Union Berlin,Bayern Munich,Coral,12.0,7.0,1.22,,,2026-07-27 11:39:40
6751,ger.1,2025-11-08,Union Berlin,Bayern Munich,Ladbrokes,12.0,6.5,1.22,,,2026-07-27 11:39:40
6752,ger.1,2025-11-08,Borussia Mönchengladbach,1. FC Köln,B365,2.2,3.6,3.1,1.62,2.3,2026-07-27 11:39:40
6753,ger.1,2025-11-08,Borussia Mönchengladbach,1. FC Köln,Pinnacle,2.28,3.65,3.11,1.64,2.34,2026-07-27 11:39:40
6754,ger.1,2025-11-08,Borussia Mönchengladbach,1. FC Köln,Betway,2.2,3.5,3.1,,,2026-07-27 11:39:40
6755,ger.1,2025-11-08,Borussia Mönchengladbach,1. FC Köln,Coral,2.2,3.5,3.1,,,2026-07-27 11:39:40
6756,ger.1,2025-11-08,Borussia Mönchengladbach,1. FC Köln,Ladbrokes,2.2,3.5,3.1,,,2026-07-27 11:39:40
6757,ger.1,2025-11-09,Freiburg,St Pauli,B365,1.83,3.5,4.5,2.0,1.8,2026-07-27 11:39:40
6758,ger.1,2025-11-09,Freiburg,St Pauli,Pinnacle,1.87,3.61,4.48,2.09,1.8,2026-07-27 11:39:40
6759,ger.1,2025-11-09,Freiburg,St Pauli,Betway,1.83,3.5,4.33,,,2026-07-27 11:39:40
6760,ger.1,2025-11-09,Freiburg,St Pauli,Coral,1.83,3.5,4.33,,,2026-07-27 11:39:40
6761,ger.1,2025-11-09,Freiburg,St Pauli,Ladbrokes,1.83,3.5,4.33,,,2026-07-27 11:39:40
6762,ger.1,2025-11-09,Stuttgart,Augsburg,B365,1.55,4.33,5.75,1.57,2.38,2026-07-27 11:39:40
6763,ger.1,2025-11-09,Stuttgart,Augsburg,Pinnacle,1.54,4.63,5.84,1.57,2.5,2026-07-27 11:39:40
6764,ger.1,2025-11-09,Stuttgart,Augsburg,Betway,1.53,4.5,5.5,,,2026-07-27 11:39:40
6765,ger.1,2025-11-09,Stuttgart,Augsburg,Coral,1.53,4.5,5.5,,,2026-07-27 11:39:40
6766,ger.1,2025-11-09,Stuttgart,Augsburg,Ladbrokes,1.53,4.5,5.5,,,2026-07-27 11:39:40
6767,ger.1,2025-11-09,Ein Frankfurt,Mainz,B365,1.83,4.0,3.9,1.57,2.38,2026-07-27 11:39:40
6768,ger.1,2025-11-09,Ein Frankfurt,Mainz,Pinnacle,1.87,4.11,3.9,1.57,2.5,2026-07-27 11:39:40
6769,ger.1,2025-11-09,Ein Frankfurt,Mainz,Betway,1.88,3.9,3.7,,,2026-07-27 11:39:40
6770,ger.1,2025-11-09,Ein Frankfurt,Mainz,Coral,1.91,3.9,3.7,,,2026-07-27 11:39:40
6771,ger.1,2025-11-09,Ein Frankfurt,Mainz,Ladbrokes,1.85,3.8,3.7,,,2026-07-27 11:39:40
6772,ger.1,2025-11-21,Mainz,Hoffenheim,B365,2.6,3.6,2.7,1.67,2.2,2026-07-27 11:39:40
6773,ger.1,2025-11-21,Mainz,Hoffenheim,Pinnacle,2.59,3.6,2.71,1.68,2.29,2026-07-27 11:39:40
6774,ger.1,2025-11-21,Mainz,Hoffenheim,Betway,2.45,3.6,2.7,,,2026-07-27 11:39:40
6775,ger.1,2025-11-21,Mainz,Hoffenheim,Coral,2.45,3.6,2.7,,,2026-07-27 11:39:40
6776,ger.1,2025-11-21,Mainz,Hoffenheim,Ladbrokes,2.4,3.6,2.7,,,2026-07-27 11:39:40
6777,ger.1,2025-11-22,Augsburg,Hamburg,B365,2.35,3.5,2.9,1.73,2.1,2026-07-27 11:39:40
6778,ger.1,2025-11-22,Augsburg,Hamburg,Pinnacle,2.39,3.67,2.92,1.72,2.2,2026-07-27 11:39:40
6779,ger.1,2025-11-22,Augsburg,Hamburg,Betway,2.3,3.6,2.95,,,2026-07-27 11:39:40
6780,ger.1,2025-11-22,Augsburg,Hamburg,Coral,2.3,3.6,2.9,,,2026-07-27 11:39:40
6781,ger.1,2025-11-22,Augsburg,Hamburg,Ladbrokes,2.3,3.5,2.9,,,2026-07-27 11:39:40
6782,ger.1,2025-11-22,Bayern Munich,Freiburg,B365,1.17,8.0,13.0,1.33,3.4,2026-07-27 11:39:40
6783,ger.1,2025-11-22,Bayern Munich,Freiburg,Pinnacle,1.19,7.45,14.94,1.36,3.21,2026-07-27 11:39:40
6784,ger.1,2025-11-22,Bayern Munich,Freiburg,Betway,1.19,7.5,13.5,,,2026-07-27 11:39:40
6785,ger.1,2025-11-22,Bayern Munich,Freiburg,Coral,1.18,7.5,13.0,,,2026-07-27 11:39:40
6786,ger.1,2025-11-22,Bayern Munich,Freiburg,Ladbrokes,1.18,7.5,13.0,,,2026-07-27 11:39:40
6787,ger.1,2025-11-22,Borussia Dortmund,Stuttgart,B365,1.75,4.0,4.33,1.53,2.5,2026-07-27 11:39:40
6788,ger.1,2025-11-22,Borussia Dortmund,Stuttgart,Pinnacle,1.79,4.11,4.25,1.55,2.51,2026-07-27 11:39:40
6789,ger.1,2025-11-22,Borussia Dortmund,Stuttgart,Betway,1.77,4.1,4.0,,,2026-07-27 11:39:40
6790,ger.1,2025-11-22,Borussia Dortmund,Stuttgart,Coral,1.75,4.0,4.0,,,2026-07-27 11:39:40
6791,ger.1,2025-11-22,Borussia Dortmund,Stuttgart,Ladbrokes,1.75,4.0,4.0,,,2026-07-27 11:39:40
6792,ger.1,2025-11-22,Heidenheim,Borussia Mönchengladbach,B365,3.2,3.6,2.15,1.67,2.2,2026-07-27 11:39:40
6793,ger.1,2025-11-22,Heidenheim,Borussia Mönchengladbach,Pinnacle,3.18,3.72,2.22,1.68,2.28,2026-07-27 11:39:40
6794,ger.1,2025-11-22,Heidenheim,Borussia Mönchengladbach,Betway,3.1,3.6,2.15,,,2026-07-27 11:39:40
6795,ger.1,2025-11-22,Heidenheim,Borussia Mönchengladbach,Coral,3.1,3.6,2.15,,,2026-07-27 11:39:40
6796,ger.1,2025-11-22,Heidenheim,Borussia Mönchengladbach,Ladbrokes,3.1,3.6,2.15,,,2026-07-27 11:39:40
6797,ger.1,2025-11-22,Wolfsburg,Bayer Leverkusen,B365,3.5,3.75,2.0,1.62,2.3,2026-07-27 11:39:40
6798,ger.1,2025-11-22,Wolfsburg,Bayer Leverkusen,Pinnacle,3.59,3.82,2.02,1.63,2.38,2026-07-27 11:39:40
6799,ger.1,2025-11-22,Wolfsburg,Bayer Leverkusen,Betway,3.4,3.75,2.0,,,2026-07-27 11:39:40
6800,ger.1,2025-11-22,Wolfsburg,Bayer Leverkusen,Coral,3.4,3.75,2.0,,,2026-07-27 11:39:40
6801,ger.1,2025-11-22,Wolfsburg,Bayer Leverkusen,Ladbrokes,3.3,3.75,2.0,,,2026-07-27 11:39:40
6802,ger.1,2025-11-22,1. FC Köln,Ein Frankfurt,B365,3.0,3.75,2.2,1.53,2.5,2026-07-27 11:39:40
6803,ger.1,2025-11-22,1. FC Köln,Ein Frankfurt,Pinnacle,3.1,3.79,2.23,1.52,2.58,2026-07-27 11:39:40
6804,ger.1,2025-11-22,1. FC Köln,Ein Frankfurt,Betway,2.87,3.75,2.25,,,2026-07-27 11:39:40
6805,ger.1,2025-11-22,1. FC Köln,Ein Frankfurt,Coral,2.87,3.75,2.25,,,2026-07-27 11:39:40
6806,ger.1,2025-11-22,1. FC Köln,Ein Frankfurt,Ladbrokes,2.87,3.7,2.25,,,2026-07-27 11:39:40
6807,ger.1,2025-11-23,RB Leipzig,Werder Bremen,B365,1.45,5.0,6.0,1.33,3.4,2026-07-27 11:39:40
6808,ger.1,2025-11-23,RB Leipzig,Werder Bremen,Pinnacle,1.45,5.25,6.38,1.34,3.34,2026-07-27 11:39:40
6809,ger.1,2025-11-23,RB Leipzig,Werder Bremen,Betway,1.46,5.0,5.75,,,2026-07-27 11:39:40
6810,ger.1,2025-11-23,RB Leipzig,Werder Bremen,Coral,1.44,5.0,5.75,,,2026-07-27 11:39:40
6811,ger.1,2025-11-23,RB Leipzig,Werder Bremen,Ladbrokes,1.44,5.0,5.75,,,2026-07-27 11:39:40
6812,ger.1,2025-11-23,St Pauli,Union Berlin,B365,2.45,3.3,2.9,2.1,1.73,2026-07-27 11:39:40
6813,ger.1,2025-11-23,St Pauli,Union Berlin,Pinnacle,2.54,3.29,2.98,2.19,1.73,2026-07-27 11:39:40
6814,ger.1,2025-11-23,St Pauli,Union Berlin,Betway,2.4,3.25,2.95,,,2026-07-27 11:39:40
6815,ger.1,2025-11-23,St Pauli,Union Berlin,Coral,2.45,3.25,2.9,,,2026-07-27 11:39:40
6816,ger.1,2025-11-23,St Pauli,Union Berlin,Ladbrokes,2.4,3.25,2.9,,,2026-07-27 11:39:40
6817,ger.1,2025-11-28,Borussia Mönchengladbach,RB Leipzig,B365,2.88,3.7,2.3,1.44,2.75,2026-07-27 11:39:40
6818,ger.1,2025-11-28,Borussia Mönchengladbach,RB Leipzig,Pinnacle,2.92,3.91,2.32,1.46,2.78,2026-07-27 11:39:40
6819,ger.1,2025-11-28,Borussia Mönchengladbach,RB Leipzig,Betway,2.85,3.8,2.25,,,2026-07-27 11:39:40
6820,ger.1,2025-11-28,Borussia Mönchengladbach,RB Leipzig,Coral,2.87,3.8,2.25,,,2026-07-27 11:39:40
6821,ger.1,2025-11-28,Borussia Mönchengladbach,RB Leipzig,Ladbrokes,2.87,3.8,2.25,,,2026-07-27 11:39:40
6822,ger.1,2025-11-29,Bayern Munich,St Pauli,B365,1.1,10.0,21.0,1.25,4.0,2026-07-27 11:39:40
6823,ger.1,2025-11-29,Bayern Munich,St Pauli,Pinnacle,1.1,10.2,29.77,,,2026-07-27 11:39:40
6824,ger.1,2025-11-29,Bayern Munich,St Pauli,Betway,1.11,10.5,20.0,,,2026-07-27 11:39:40
6825,ger.1,2025-11-29,Bayern Munich,St Pauli,Coral,1.11,11.0,19.0,,,2026-07-27 11:39:40
6826,ger.1,2025-11-29,Bayern Munich,St Pauli,Ladbrokes,1.11,10.0,19.0,,,2026-07-27 11:39:40
6827,ger.1,2025-11-29,Hoffenheim,Augsburg,B365,1.67,4.33,4.5,1.53,2.5,2026-07-27 11:39:40
6828,ger.1,2025-11-29,Hoffenheim,Augsburg,Pinnacle,1.68,4.5,4.6,1.55,2.57,2026-07-27 11:39:40
6829,ger.1,2025-11-29,Hoffenheim,Augsburg,Betway,1.7,4.1,4.4,,,2026-07-27 11:39:40
6830,ger.1,2025-11-29,Hoffenheim,Augsburg,Coral,1.7,4.2,4.4,,,2026-07-27 11:39:40
6831,ger.1,2025-11-29,Hoffenheim,Augsburg,Ladbrokes,1.7,4.0,4.4,,,2026-07-27 11:39:40
6832,ger.1,2025-11-29,Union Berlin,Heidenheim,B365,1.67,4.0,5.0,1.93,1.93,2026-07-27 11:39:40
6833,ger.1,2025-11-29,Union Berlin,Heidenheim,Pinnacle,1.66,4.05,5.34,1.95,1.93,2026-07-27 11:39:40
6834,ger.1,2025-11-29,Union Berlin,Heidenheim,Betway,1.68,3.8,4.8,,,2026-07-27 11:39:40
6835,ger.1,2025-11-29,Union Berlin,Heidenheim,Coral,1.7,3.8,4.8,,,2026-07-27 11:39:40
6836,ger.1,2025-11-29,Union Berlin,Heidenheim,Ladbrokes,1.67,3.8,4.8,,,2026-07-27 11:39:40
6837,ger.1,2025-11-29,Werder Bremen,1. FC Köln,B365,2.25,3.8,2.9,1.53,2.5,2026-07-27 11:39:40
6838,ger.1,2025-11-29,Werder Bremen,1. FC Köln,Pinnacle,2.28,3.9,2.96,1.56,2.52,2026-07-27 11:39:40
6839,ger.1,2025-11-29,Werder Bremen,1. FC Köln,Betway,2.25,3.8,2.87,,,2026-07-27 11:39:40
6840,ger.1,2025-11-29,Werder Bremen,1. FC Köln,Coral,2.25,3.8,2.9,,,2026-07-27 11:39:40
6841,ger.1,2025-11-29,Werder Bremen,1. FC Köln,Ladbrokes,2.2,3.75,2.87,,,2026-07-27 11:39:40
6842,ger.1,2025-11-29,Bayer Leverkusen,Borussia Dortmund,B365,2.55,3.6,2.63,1.57,2.38,2026-07-27 11:39:40
6843,ger.1,2025-11-29,Bayer Leverkusen,Borussia Dortmund,Pinnacle,2.54,3.77,2.67,1.6,2.43,2026-07-27 11:39:40
6844,ger.1,2025-11-29,Bayer Leverkusen,Borussia Dortmund,Betway,2.5,3.7,2.6,,,2026-07-27 11:39:40
6845,ger.1,2025-11-29,Bayer Leverkusen,Borussia Dortmund,Coral,2.5,3.7,2.6,,,2026-07-27 11:39:40
6846,ger.1,2025-11-29,Bayer Leverkusen,Borussia Dortmund,Ladbrokes,2.5,3.6,2.6,,,2026-07-27 11:39:40
6847,ger.1,2025-11-30,Hamburg,Stuttgart,B365,3.0,3.75,2.2,1.53,2.5,2026-07-27 11:39:40
6848,ger.1,2025-11-30,Hamburg,Stuttgart,Pinnacle,3.17,3.76,2.21,1.56,2.52,2026-07-27 11:39:40
6849,ger.1,2025-11-30,Hamburg,Stuttgart,Betway,3.0,3.7,2.2,,,2026-07-27 11:39:40
6850,ger.1,2025-11-30,Hamburg,Stuttgart,Coral,3.0,3.7,2.2,,,2026-07-27 11:39:40
6851,ger.1,2025-11-30,Hamburg,Stuttgart,Ladbrokes,3.0,3.7,2.2,,,2026-07-27 11:39:40
6852,ger.1,2025-11-30,Ein Frankfurt,Wolfsburg,B365,1.73,4.2,4.2,1.5,2.63,2026-07-27 11:39:40
6853,ger.1,2025-11-30,Ein Frankfurt,Wolfsburg,Pinnacle,1.75,4.28,4.33,1.51,2.61,2026-07-27 11:39:40
6854,ger.1,2025-11-30,Ein Frankfurt,Wolfsburg,Betway,1.7,4.33,4.33,,,2026-07-27 11:39:40
6855,ger.1,2025-11-30,Ein Frankfurt,Wolfsburg,Coral,1.7,4.33,4.33,,,2026-07-27 11:39:40
6856,ger.1,2025-11-30,Ein Frankfurt,Wolfsburg,Ladbrokes,1.7,4.2,4.2,,,2026-07-27 11:39:40
6857,ger.1,2025-11-30,Freiburg,Mainz,B365,1.91,3.4,4.2,2.0,1.8,2026-07-27 11:39:40
6858,ger.1,2025-11-30,Freiburg,Mainz,Pinnacle,1.93,3.55,4.27,2.02,1.88,2026-07-27 11:39:40
6859,ger.1,2025-11-30,Freiburg,Mainz,Betway,1.95,3.5,3.8,,,2026-07-27 11:39:40
6860,ger.1,2025-11-30,Freiburg,Mainz,Coral,1.95,3.5,3.8,,,2026-07-27 11:39:40
6861,ger.1,2025-11-30,Freiburg,Mainz,Ladbrokes,1.95,3.4,3.8,,,2026-07-27 11:39:40
6862,ger.1,2025-12-05,Mainz,Borussia Mönchengladbach,B365,2.55,3.4,2.63,1.73,2.1,2026-07-27 11:39:40
6863,ger.1,2025-12-05,Mainz,Borussia Mönchengladbach,Pinnacle,2.68,3.55,2.69,1.76,2.18,2026-07-27 11:39:40
6864,ger.1,2025-12-05,Mainz,Borussia Mönchengladbach,Betway,2.45,3.4,2.75,,,2026-07-27 11:39:40
6865,ger.1,2025-12-05,Mainz,Borussia Mönchengladbach,Coral,2.45,3.4,2.75,,,2026-07-27 11:39:40
6866,ger.1,2025-12-05,Mainz,Borussia Mönchengladbach,Ladbrokes,2.45,3.4,2.75,,,2026-07-27 11:39:40
6867,ger.1,2025-12-06,Augsburg,Bayer Leverkusen,B365,3.7,4.0,1.9,1.62,2.3,2026-07-27 11:39:40
6868,ger.1,2025-12-06,Augsburg,Bayer Leverkusen,Pinnacle,3.82,3.94,1.93,1.64,2.35,2026-07-27 11:39:40
6869,ger.1,2025-12-06,Augsburg,Bayer Leverkusen,Betway,3.7,3.8,1.9,,,2026-07-27 11:39:40
6870,ger.1,2025-12-06,Augsburg,Bayer Leverkusen,Coral,3.7,3.8,1.91,,,2026-07-27 11:39:40
6871,ger.1,2025-12-06,Augsburg,Bayer Leverkusen,Ladbrokes,3.7,3.8,1.91,,,2026-07-27 11:39:40
6872,ger.1,2025-12-06,1. FC Köln,St Pauli,B365,1.95,3.6,3.8,1.91,1.91,2026-07-27 11:39:40
6873,ger.1,2025-12-06,1. FC Köln,St Pauli,Pinnacle,1.99,3.69,3.82,1.94,1.94,2026-07-27 11:39:40
6874,ger.1,2025-12-06,1. FC Köln,St Pauli,Betway,1.98,3.6,3.6,,,2026-07-27 11:39:40
6875,ger.1,2025-12-06,1. FC Köln,St Pauli,Coral,2.0,3.6,3.6,,,2026-07-27 11:39:40
6876,ger.1,2025-12-06,1. FC Köln,St Pauli,Ladbrokes,1.95,3.6,3.6,,,2026-07-27 11:39:40
6877,ger.1,2025-12-06,Heidenheim,Freiburg,B365,3.9,3.6,1.91,1.91,1.91,2026-07-27 11:39:40
6878,ger.1,2025-12-06,Heidenheim,Freiburg,Pinnacle,4.03,3.65,1.95,1.93,1.96,2026-07-27 11:39:40
6879,ger.1,2025-12-06,Heidenheim,Freiburg,Betway,3.8,3.5,1.95,,,2026-07-27 11:39:40
6880,ger.1,2025-12-06,Heidenheim,Freiburg,Coral,3.8,3.5,1.95,,,2026-07-27 11:39:40
6881,ger.1,2025-12-06,Heidenheim,Freiburg,Ladbrokes,3.8,3.5,1.95,,,2026-07-27 11:39:40
6882,ger.1,2025-12-06,Stuttgart,Bayern Munich,B365,5.75,5.0,1.45,1.33,3.4,2026-07-27 11:39:40
6883,ger.1,2025-12-06,Stuttgart,Bayern Munich,Pinnacle,5.4,5.21,1.51,1.36,3.28,2026-07-27 11:39:40
6884,ger.1,2025-12-06,Stuttgart,Bayern Munich,Betway,5.25,5.25,1.5,,,2026-07-27 11:39:40
6885,ger.1,2025-12-06,Stuttgart,Bayern Munich,Coral,5.25,5.25,1.5,,,2026-07-27 11:39:40
6886,ger.1,2025-12-06,Stuttgart,Bayern Munich,Ladbrokes,5.0,5.0,1.5,,,2026-07-27 11:39:40
6887,ger.1,2025-12-06,Wolfsburg,Union Berlin,B365,2.15,3.4,3.5,1.93,1.93,2026-07-27 11:39:40
6888,ger.1,2025-12-06,Wolfsburg,Union Berlin,Pinnacle,2.17,3.44,3.53,1.96,1.93,2026-07-27 11:39:40
6889,ger.1,2025-12-06,Wolfsburg,Union Berlin,Betway,2.1,3.5,3.4,,,2026-07-27 11:39:40
6890,ger.1,2025-12-06,Wolfsburg,Union Berlin,Coral,2.1,3.5,3.4,,,2026-07-27 11:39:40
6891,ger.1,2025-12-06,Wolfsburg,Union Berlin,Ladbrokes,2.1,3.5,3.3,,,2026-07-27 11:39:40
6892,ger.1,2025-12-06,RB Leipzig,Ein Frankfurt,B365,1.73,4.2,4.2,1.44,2.75,2026-07-27 11:39:40
6893,ger.1,2025-12-06,RB Leipzig,Ein Frankfurt,Pinnacle,1.79,4.24,4.13,1.46,2.76,2026-07-27 11:39:40
6894,ger.1,2025-12-06,RB Leipzig,Ein Frankfurt,Betway,1.75,4.2,4.0,,,2026-07-27 11:39:40
6895,ger.1,2025-12-06,RB Leipzig,Ein Frankfurt,Coral,1.75,4.2,4.0,,,2026-07-27 11:39:40
6896,ger.1,2025-12-06,RB Leipzig,Ein Frankfurt,Ladbrokes,1.75,4.2,4.0,,,2026-07-27 11:39:40
6897,ger.1,2025-12-07,Hamburg,Werder Bremen,B365,2.25,3.5,3.0,1.73,2.1,2026-07-27 11:39:40
6898,ger.1,2025-12-07,Hamburg,Werder Bremen,Pinnacle,2.36,3.62,3.0,1.73,2.2,2026-07-27 11:39:40
6899,ger.1,2025-12-07,Hamburg,Werder Bremen,Betway,2.25,3.7,2.9,,,2026-07-27 11:39:40
6900,ger.1,2025-12-07,Hamburg,Werder Bremen,Coral,2.25,3.7,2.9,,,2026-07-27 11:39:40
6901,ger.1,2025-12-07,Hamburg,Werder Bremen,Ladbrokes,2.25,3.7,2.9,,,2026-07-27 11:39:40
6902,ger.1,2025-12-07,Borussia Dortmund,Hoffenheim,B365,1.62,4.5,4.75,1.5,2.63,2026-07-27 11:39:40
6903,ger.1,2025-12-07,Borussia Dortmund,Hoffenheim,Pinnacle,1.63,4.55,4.89,1.5,2.64,2026-07-27 11:39:40
6904,ger.1,2025-12-07,Borussia Dortmund,Hoffenheim,Betway,1.57,4.6,4.8,,,2026-07-27 11:39:40
6905,ger.1,2025-12-07,Borussia Dortmund,Hoffenheim,Coral,1.57,4.6,4.8,,,2026-07-27 11:39:40
6906,ger.1,2025-12-07,Borussia Dortmund,Hoffenheim,Ladbrokes,1.57,4.6,4.8,,,2026-07-27 11:39:40
6907,ger.1,2025-12-12,Union Berlin,RB Leipzig,B365,3.2,3.5,2.2,1.98,1.88,2026-07-27 11:39:40
6908,ger.1,2025-12-12,Union Berlin,RB Leipzig,Pinnacle,3.27,3.47,2.31,2.01,1.89,2026-07-27 11:39:40
6909,ger.1,2025-12-12,Union Berlin,RB Leipzig,Betway,3.2,3.4,2.25,,,2026-07-27 11:39:40
6910,ger.1,2025-12-12,Union Berlin,RB Leipzig,Coral,3.2,3.4,2.25,,,2026-07-27 11:39:40
6911,ger.1,2025-12-12,Union Berlin,RB Leipzig,Ladbrokes,3.1,3.4,2.2,,,2026-07-27 11:39:40
6912,ger.1,2025-12-13,Ein Frankfurt,Augsburg,B365,1.7,4.2,4.33,1.57,2.38,2026-07-27 11:39:40
6913,ger.1,2025-12-13,Ein Frankfurt,Augsburg,Pinnacle,1.72,4.27,4.51,1.61,2.4,2026-07-27 11:39:40
6914,ger.1,2025-12-13,Ein Frankfurt,Augsburg,Betway,1.7,4.2,4.33,,,2026-07-27 11:39:40
6915,ger.1,2025-12-13,Ein Frankfurt,Augsburg,Coral,1.7,4.2,4.33,,,2026-07-27 11:39:40
6916,ger.1,2025-12-13,Ein Frankfurt,Augsburg,Ladbrokes,1.7,4.2,4.33,,,2026-07-27 11:39:40
6917,ger.1,2025-12-13,Hoffenheim,Hamburg,B365,1.7,4.33,4.2,1.5,2.63,2026-07-27 11:39:40
6918,ger.1,2025-12-13,Hoffenheim,Hamburg,Pinnacle,1.72,4.33,4.47,1.52,2.6,2026-07-27 11:39:40
6919,ger.1,2025-12-13,Hoffenheim,Hamburg,Betway,1.75,4.2,4.0,,,2026-07-27 11:39:40
6920,ger.1,2025-12-13,Hoffenheim,Hamburg,Coral,1.75,4.2,4.0,,,2026-07-27 11:39:40
6921,ger.1,2025-12-13,Hoffenheim,Hamburg,Ladbrokes,1.75,4.2,4.0,,,2026-07-27 11:39:40
6922,ger.1,2025-12-13,Borussia Mönchengladbach,Wolfsburg,B365,1.95,3.8,3.6,1.57,2.38,2026-07-27 11:39:40
6923,ger.1,2025-12-13,Borussia Mönchengladbach,Wolfsburg,Pinnacle,1.98,3.85,3.69,1.61,2.42,2026-07-27 11:39:40
6924,ger.1,2025-12-13,Borussia Mönchengladbach,Wolfsburg,Betway,1.98,3.8,3.4,,,2026-07-27 11:39:40
6925,ger.1,2025-12-13,Borussia Mönchengladbach,Wolfsburg,Coral,2.0,3.9,3.4,,,2026-07-27 11:39:40
6926,ger.1,2025-12-13,Borussia Mönchengladbach,Wolfsburg,Ladbrokes,1.95,3.8,3.4,,,2026-07-27 11:39:40
6927,ger.1,2025-12-13,St Pauli,Heidenheim,B365,1.95,3.4,4.0,2.2,1.67,2026-07-27 11:39:40
6928,ger.1,2025-12-13,St Pauli,Heidenheim,Pinnacle,1.98,3.45,4.18,2.19,1.74,2026-07-27 11:39:40
6929,ger.1,2025-12-13,St Pauli,Heidenheim,Betway,1.98,3.4,3.9,,,2026-07-27 11:39:40
6930,ger.1,2025-12-13,St Pauli,Heidenheim,Coral,1.95,3.4,3.9,,,2026-07-27 11:39:40
6931,ger.1,2025-12-13,St Pauli,Heidenheim,Ladbrokes,1.95,3.4,3.9,,,2026-07-27 11:39:40
6932,ger.1,2025-12-13,Bayer Leverkusen,1. FC Köln,B365,1.55,4.33,5.25,1.53,2.5,2026-07-27 11:39:40
6933,ger.1,2025-12-13,Bayer Leverkusen,1. FC Köln,Pinnacle,1.57,4.68,5.33,1.54,2.58,2026-07-27 11:39:40
6934,ger.1,2025-12-13,Bayer Leverkusen,1. FC Köln,Betway,1.52,4.6,5.5,,,2026-07-27 11:39:40
6935,ger.1,2025-12-13,Bayer Leverkusen,1. FC Köln,Coral,1.53,4.6,5.5,,,2026-07-27 11:39:40
6936,ger.1,2025-12-13,Bayer Leverkusen,1. FC Köln,Ladbrokes,1.5,4.6,5.5,,,2026-07-27 11:39:40
6937,ger.1,2025-12-14,Freiburg,Borussia Dortmund,B365,3.25,3.5,2.15,1.83,2.03,2026-07-27 11:39:40
6938,ger.1,2025-12-14,Freiburg,Borussia Dortmund,Pinnacle,3.32,3.59,2.2,1.82,2.06,2026-07-27 11:39:40
6939,ger.1,2025-12-14,Freiburg,Borussia Dortmund,Betway,3.3,3.5,2.1,,,2026-07-27 11:39:40
6940,ger.1,2025-12-14,Freiburg,Borussia Dortmund,Coral,3.3,3.5,2.1,,,2026-07-27 11:39:40
6941,ger.1,2025-12-14,Freiburg,Borussia Dortmund,Ladbrokes,3.3,3.5,2.1,,,2026-07-27 11:39:40
6942,ger.1,2025-12-14,Bayern Munich,Mainz,B365,1.09,11.0,21.0,1.22,4.33,2026-07-27 11:39:40
6943,ger.1,2025-12-14,Bayern Munich,Mainz,Pinnacle,1.09,12.74,21.79,,,2026-07-27 11:39:40
6944,ger.1,2025-12-14,Bayern Munich,Mainz,Betway,1.11,11.5,20.0,,,2026-07-27 11:39:40
6945,ger.1,2025-12-14,Bayern Munich,Mainz,Coral,1.11,11.0,19.0,,,2026-07-27 11:39:40
6946,ger.1,2025-12-14,Bayern Munich,Mainz,Ladbrokes,1.1,11.0,19.0,,,2026-07-27 11:39:40
6947,ger.1,2025-12-14,Werder Bremen,Stuttgart,B365,2.9,3.8,2.25,1.53,2.5,2026-07-27 11:39:40
6948,ger.1,2025-12-14,Werder Bremen,Stuttgart,Pinnacle,2.91,3.92,2.3,1.54,2.54,2026-07-27 11:39:40
6949,ger.1,2025-12-14,Werder Bremen,Stuttgart,Betway,2.9,3.8,2.2,,,2026-07-27 11:39:40
6950,ger.1,2025-12-14,Werder Bremen,Stuttgart,Coral,2.9,3.8,2.2,,,2026-07-27 11:39:40
6951,ger.1,2025-12-14,Werder Bremen,Stuttgart,Ladbrokes,2.87,3.8,2.2,,,2026-07-27 11:39:40
6952,ger.1,2025-12-19,Borussia Dortmund,Borussia Mönchengladbach,B365,1.55,4.5,5.5,1.5,2.63,2026-07-27 11:39:40
6953,ger.1,2025-12-19,Borussia Dortmund,Borussia Mönchengladbach,Pinnacle,1.56,4.56,5.68,1.52,2.66,2026-07-27 11:39:40
6954,ger.1,2025-12-19,Borussia Dortmund,Borussia Mönchengladbach,Betway,1.55,4.6,5.0,,,2026-07-27 11:39:40
6955,ger.1,2025-12-19,Borussia Dortmund,Borussia Mönchengladbach,Coral,1.55,4.6,5.0,,,2026-07-27 11:39:40
6956,ger.1,2025-12-19,Borussia Dortmund,Borussia Mönchengladbach,Ladbrokes,1.55,4.6,5.0,,,2026-07-27 11:39:40
6957,ger.1,2025-12-20,Augsburg,Werder Bremen,B365,2.25,3.5,3.1,1.73,2.1,2026-07-27 11:39:40
6958,ger.1,2025-12-20,Augsburg,Werder Bremen,Pinnacle,2.28,3.56,3.19,1.8,2.09,2026-07-27 11:39:40
6959,ger.1,2025-12-20,Augsburg,Werder Bremen,Betway,2.25,3.5,3.0,,,2026-07-27 11:39:40
6960,ger.1,2025-12-20,Augsburg,Werder Bremen,Coral,2.25,3.5,3.0,,,2026-07-27 11:39:40
6961,ger.1,2025-12-20,Augsburg,Werder Bremen,Ladbrokes,2.25,3.5,3.0,,,2026-07-27 11:39:40
6962,ger.1,2025-12-20,1. FC Köln,Union Berlin,B365,2.3,3.3,3.1,1.98,1.88,2026-07-27 11:39:40
6963,ger.1,2025-12-20,1. FC Köln,Union Berlin,Pinnacle,2.37,3.4,3.15,2.0,1.89,2026-07-27 11:39:40
6964,ger.1,2025-12-20,1. FC Köln,Union Berlin,Betway,2.37,3.3,2.95,,,2026-07-27 11:39:40
6965,ger.1,2025-12-20,1. FC Köln,Union Berlin,Coral,2.37,3.3,3.0,,,2026-07-27 11:39:40
6966,ger.1,2025-12-20,1. FC Köln,Union Berlin,Ladbrokes,2.37,3.3,3.0,,,2026-07-27 11:39:40
6967,ger.1,2025-12-20,Hamburg,Ein Frankfurt,B365,2.6,3.6,2.55,1.67,2.2,2026-07-27 11:39:40
6968,ger.1,2025-12-20,Hamburg,Ein Frankfurt,Pinnacle,2.71,3.55,2.51,1.68,2.22,2026-07-27 11:39:40
6969,ger.1,2025-12-20,Hamburg,Ein Frankfurt,Betway,2.6,3.5,2.55,,,2026-07-27 11:39:40
6970,ger.1,2025-12-20,Hamburg,Ein Frankfurt,Coral,2.6,3.5,2.5,,,2026-07-27 11:39:40
6971,ger.1,2025-12-20,Hamburg,Ein Frankfurt,Ladbrokes,2.6,3.5,2.5,,,2026-07-27 11:39:40
6972,ger.1,2025-12-20,Stuttgart,Hoffenheim,B365,2.0,3.8,3.4,1.5,2.63,2026-07-27 11:39:40
6973,ger.1,2025-12-20,Stuttgart,Hoffenheim,Pinnacle,2.07,3.86,3.42,1.51,2.61,2026-07-27 11:39:40
6974,ger.1,2025-12-20,Stuttgart,Hoffenheim,Betway,1.98,3.9,3.3,,,2026-07-27 11:39:40
6975,ger.1,2025-12-20,Stuttgart,Hoffenheim,Coral,2.0,3.9,3.3,,,2026-07-27 11:39:40
6976,ger.1,2025-12-20,Stuttgart,Hoffenheim,Ladbrokes,2.0,3.9,3.3,,,2026-07-27 11:39:40
6977,ger.1,2025-12-20,Wolfsburg,Freiburg,B365,2.5,3.6,2.75,1.8,2.0,2026-07-27 11:39:40
6978,ger.1,2025-12-20,Wolfsburg,Freiburg,Pinnacle,2.57,3.55,2.76,1.85,2.05,2026-07-27 11:39:40
6979,ger.1,2025-12-20,Wolfsburg,Freiburg,Betway,2.45,3.5,2.75,,,2026-07-27 11:39:40
6980,ger.1,2025-12-20,Wolfsburg,Freiburg,Coral,2.45,3.5,2.75,,,2026-07-27 11:39:40
6981,ger.1,2025-12-20,Wolfsburg,Freiburg,Ladbrokes,2.45,3.5,2.7,,,2026-07-27 11:39:40
6982,ger.1,2025-12-20,RB Leipzig,Bayer Leverkusen,B365,2.1,3.8,3.2,1.53,2.5,2026-07-27 11:39:40
6983,ger.1,2025-12-20,RB Leipzig,Bayer Leverkusen,Pinnacle,2.15,3.8,3.28,1.55,2.52,2026-07-27 11:39:40
6984,ger.1,2025-12-20,RB Leipzig,Bayer Leverkusen,Betway,2.05,3.8,3.2,,,2026-07-27 11:39:40
6985,ger.1,2025-12-20,RB Leipzig,Bayer Leverkusen,Coral,2.05,3.9,3.2,,,2026-07-27 11:39:40
6986,ger.1,2025-12-20,RB Leipzig,Bayer Leverkusen,Ladbrokes,2.05,3.8,3.2,,,2026-07-27 11:39:40
6987,ger.1,2025-12-21,Mainz,St Pauli,B365,1.95,3.4,4.1,2.1,1.73,2026-07-27 11:39:40
6988,ger.1,2025-12-21,Mainz,St Pauli,Pinnacle,1.98,3.5,4.11,2.18,1.74,2026-07-27 11:39:40
6989,ger.1,2025-12-21,Mainz,St Pauli,Betway,1.95,3.3,4.0,,,2026-07-27 11:39:40
6990,ger.1,2025-12-21,Mainz,St Pauli,Coral,1.95,3.3,4.0,,,2026-07-27 11:39:40
6991,ger.1,2025-12-21,Mainz,St Pauli,Ladbrokes,1.95,3.3,4.0,,,2026-07-27 11:39:40
6992,ger.1,2025-12-21,Heidenheim,Bayern Munich,B365,13.0,9.5,1.14,1.25,4.0,2026-07-27 11:39:40
6993,ger.1,2025-12-21,Heidenheim,Bayern Munich,Pinnacle,17.17,10.24,1.13,,,2026-07-27 11:39:40
6994,ger.1,2025-12-21,Heidenheim,Bayern Munich,Betway,13.0,8.5,1.17,,,2026-07-27 11:39:40
6995,ger.1,2025-12-21,Heidenheim,Bayern Munich,Coral,13.0,8.5,1.17,,,2026-07-27 11:39:40
6996,ger.1,2025-12-21,Heidenheim,Bayern Munich,Ladbrokes,13.0,8.0,1.17,,,2026-07-27 11:39:40
6997,ger.1,2026-01-09,Ein Frankfurt,Borussia Dortmund,B365,3.6,3.8,1.95,1.62,2.3,2026-07-27 11:39:40
6998,ger.1,2026-01-09,Ein Frankfurt,Borussia Dortmund,Pinnacle,3.62,3.85,2.03,1.63,2.4,2026-07-27 11:39:40
6999,ger.1,2026-01-09,Ein Frankfurt,Borussia Dortmund,Betway,3.4,3.7,2.0,,,2026-07-27 11:39:40
7000,ger.1,2026-01-09,Ein Frankfurt,Borussia Dortmund,Coral,3.4,3.7,2.05,,,2026-07-27 11:39:40
7001,ger.1,2026-01-09,Ein Frankfurt,Borussia Dortmund,Ladbrokes,3.4,3.6,2.0,,,2026-07-27 11:39:40
7002,ger.1,2026-01-10,Freiburg,Hamburg,B365,1.8,3.6,4.5,1.83,2.03,2026-07-27 11:39:40
7003,ger.1,2026-01-10,Freiburg,Hamburg,Pinnacle,1.81,3.56,4.95,1.85,2.05,2026-07-27 11:39:40
7004,ger.1,2026-01-10,Freiburg,Hamburg,Betway,1.8,3.6,4.4,,,2026-07-27 11:39:40
7005,ger.1,2026-01-10,Freiburg,Hamburg,Coral,1.8,3.6,4.4,,,2026-07-27 11:39:40
7006,ger.1,2026-01-10,Freiburg,Hamburg,Ladbrokes,1.8,3.6,4.4,,,2026-07-27 11:39:40
7007,ger.1,2026-01-10,Heidenheim,1. FC Köln,B365,2.9,3.5,2.38,1.8,2.0,2026-07-27 11:39:40
7008,ger.1,2026-01-10,Heidenheim,1. FC Köln,Pinnacle,2.95,3.58,2.41,1.8,2.09,2026-07-27 11:39:40
7009,ger.1,2026-01-10,Heidenheim,1. FC Köln,Betway,2.95,3.6,2.25,,,2026-07-27 11:39:40
7010,ger.1,2026-01-10,Heidenheim,1. FC Köln,Coral,2.9,3.6,2.25,,,2026-07-27 11:39:40
7011,ger.1,2026-01-10,Heidenheim,1. FC Köln,Ladbrokes,2.9,3.6,2.25,,,2026-07-27 11:39:40
7012,ger.1,2026-01-10,Union Berlin,Mainz,B365,2.15,3.25,3.7,2.2,1.65,2026-07-27 11:39:40
7013,ger.1,2026-01-10,Union Berlin,Mainz,Pinnacle,2.14,3.2,3.92,2.27,1.68,2026-07-27 11:39:40
7014,ger.1,2026-01-10,Union Berlin,Mainz,Betway,2.15,3.25,3.5,,,2026-07-27 11:39:40
7015,ger.1,2026-01-10,Union Berlin,Mainz,Coral,2.15,3.25,3.5,,,2026-07-27 11:39:40
7016,ger.1,2026-01-10,Union Berlin,Mainz,Ladbrokes,2.15,3.25,3.4,,,2026-07-27 11:39:40
7017,ger.1,2026-01-10,Bayer Leverkusen,Stuttgart,B365,1.95,4.1,3.4,1.5,2.63,2026-07-27 11:39:40
7018,ger.1,2026-01-10,Bayer Leverkusen,Stuttgart,Pinnacle,1.95,4.05,3.63,1.49,2.67,2026-07-27 11:39:40
7019,ger.1,2026-01-10,Bayer Leverkusen,Stuttgart,Betway,1.95,3.9,3.4,,,2026-07-27 11:39:40
7020,ger.1,2026-01-10,Bayer Leverkusen,Stuttgart,Coral,1.95,3.9,3.5,,,2026-07-27 11:39:40
7021,ger.1,2026-01-10,Bayer Leverkusen,Stuttgart,Ladbrokes,1.95,3.8,3.4,,,2026-07-27 11:39:40
7022,ger.1,2026-01-11,Borussia Mönchengladbach,Augsburg,B365,1.85,3.8,4.0,1.8,2.0,2026-07-27 11:39:40
7023,ger.1,2026-01-11,Borussia Mönchengladbach,Augsburg,Pinnacle,1.93,3.73,4.04,1.85,2.05,2026-07-27 11:39:40
7024,ger.1,2026-01-11,Borussia Mönchengladbach,Augsburg,Betway,1.93,3.6,3.8,,,2026-07-27 11:39:40
7025,ger.1,2026-01-11,Borussia Mönchengladbach,Augsburg,Coral,1.91,3.7,3.8,,,2026-07-27 11:39:40
7026,ger.1,2026-01-11,Borussia Mönchengladbach,Augsburg,Ladbrokes,1.91,3.6,3.75,,,2026-07-27 11:39:40
7027,ger.1,2026-01-11,Bayern Munich,Wolfsburg,B365,1.11,11.0,17.0,1.2,4.5,2026-07-27 11:39:40
7028,ger.1,2026-01-11,Bayern Munich,Wolfsburg,Pinnacle,1.1,12.15,18.99,,,2026-07-27 11:39:40
7029,ger.1,2026-01-11,Bayern Munich,Wolfsburg,Betway,1.11,10.5,15.0,,,2026-07-27 11:39:40
7030,ger.1,2026-01-11,Bayern Munich,Wolfsburg,Coral,1.13,10.0,15.0,,,2026-07-27 11:39:40
7031,ger.1,2026-01-11,Bayern Munich,Wolfsburg,Ladbrokes,1.13,10.0,15.0,,,2026-07-27 11:39:40
7032,ger.1,2026-01-13,Stuttgart,Ein Frankfurt,B365,1.73,4.2,4.2,1.5,2.63,2026-07-27 11:39:40
7033,ger.1,2026-01-13,Stuttgart,Ein Frankfurt,Pinnacle,1.81,4.01,4.25,1.58,2.47,2026-07-27 11:39:40
7034,ger.1,2026-01-13,Stuttgart,Ein Frankfurt,Betway,1.73,4.1,4.2,,,2026-07-27 11:39:40
7035,ger.1,2026-01-13,Stuttgart,Ein Frankfurt,Coral,1.73,4.2,4.2,,,2026-07-27 11:39:40
7036,ger.1,2026-01-13,Stuttgart,Ein Frankfurt,Ladbrokes,1.73,4.0,4.2,,,2026-07-27 11:39:40
7037,ger.1,2026-01-13,Borussia Dortmund,Werder Bremen,B365,1.4,5.0,7.0,1.5,2.63,2026-07-27 11:39:40
7038,ger.1,2026-01-13,Borussia Dortmund,Werder Bremen,Pinnacle,1.36,5.64,7.94,1.44,2.82,2026-07-27 11:39:40
7039,ger.1,2026-01-13,Borussia Dortmund,Werder Bremen,Betway,1.39,5.25,6.75,,,2026-07-27 11:39:40
7040,ger.1,2026-01-13,Borussia Dortmund,Werder Bremen,Coral,1.4,5.25,6.5,,,2026-07-27 11:39:40
7041,ger.1,2026-01-13,Borussia Dortmund,Werder Bremen,Ladbrokes,1.4,5.25,6.5,,,2026-07-27 11:39:40
7042,ger.1,2026-01-13,Mainz,Heidenheim,B365,1.75,3.8,4.33,1.73,2.1,2026-07-27 11:39:40
7043,ger.1,2026-01-13,Mainz,Heidenheim,Pinnacle,1.67,3.85,5.58,1.92,1.97,2026-07-27 11:39:40
7044,ger.1,2026-01-13,Mainz,Heidenheim,Betway,1.73,3.75,4.6,,,2026-07-27 11:39:40
7045,ger.1,2026-01-13,Mainz,Heidenheim,Coral,1.75,3.75,4.6,,,2026-07-27 11:39:40
7046,ger.1,2026-01-13,Mainz,Heidenheim,Ladbrokes,1.73,3.7,4.6,,,2026-07-27 11:39:40
7047,ger.1,2026-01-14,Wolfsburg,St Pauli,B365,1.91,3.7,3.8,1.93,1.93,2026-07-27 11:39:40
7048,ger.1,2026-01-14,Wolfsburg,St Pauli,Pinnacle,1.9,3.75,4.14,1.86,2.03,2026-07-27 11:39:40
7049,ger.1,2026-01-14,Wolfsburg,St Pauli,Betway,1.9,3.6,3.9,,,2026-07-27 11:39:40
7050,ger.1,2026-01-14,Wolfsburg,St Pauli,Coral,1.91,3.6,3.9,,,2026-07-27 11:39:40
7051,ger.1,2026-01-14,Wolfsburg,St Pauli,Ladbrokes,1.91,3.5,3.9,,,2026-07-27 11:39:40
7052,ger.1,2026-01-14,1. FC Köln,Bayern Munich,B365,10.5,7.5,1.22,1.25,4.0,2026-07-27 11:39:40
7053,ger.1,2026-01-14,1. FC Köln,Bayern Munich,Pinnacle,9.41,6.82,1.26,,,2026-07-27 11:39:40
7054,ger.1,2026-01-14,1. FC Köln,Bayern Munich,Betway,8.25,7.0,1.27,,,2026-07-27 11:39:40
7055,ger.1,2026-01-14,1. FC Köln,Bayern Munich,Coral,8.5,7.0,1.28,,,2026-07-27 11:39:40
7056,ger.1,2026-01-14,1. FC Köln,Bayern Munich,Ladbrokes,8.0,7.0,1.28,,,2026-07-27 11:39:40
7057,ger.1,2026-01-14,Hoffenheim,Borussia Mönchengladbach,B365,1.85,3.9,3.8,1.57,2.38,2026-07-27 11:39:40
7058,ger.1,2026-01-14,Hoffenheim,Borussia Mönchengladbach,Pinnacle,1.85,4.05,4.05,1.6,2.42,2026-07-27 11:39:40
7059,ger.1,2026-01-14,Hoffenheim,Borussia Mönchengladbach,Betway,1.85,3.9,3.8,,,2026-07-27 11:39:40
7060,ger.1,2026-01-14,Hoffenheim,Borussia Mönchengladbach,Coral,1.85,3.9,3.8,,,2026-07-27 11:39:40
7061,ger.1,2026-01-14,Hoffenheim,Borussia Mönchengladbach,Ladbrokes,1.85,3.8,3.8,,,2026-07-27 11:39:40
7062,ger.1,2026-01-14,RB Leipzig,Freiburg,B365,1.7,4.0,4.5,1.57,2.38,2026-07-27 11:39:40
7063,ger.1,2026-01-14,RB Leipzig,Freiburg,Pinnacle,1.72,4.16,4.63,1.62,2.39,2026-07-27 11:39:40
7064,ger.1,2026-01-14,RB Leipzig,Freiburg,Betway,1.77,4.0,4.1,,,2026-07-27 11:39:40
7065,ger.1,2026-01-14,RB Leipzig,Freiburg,Coral,1.75,4.0,4.2,,,2026-07-27 11:39:40
7066,ger.1,2026-01-14,RB Leipzig,Freiburg,Ladbrokes,1.75,4.0,4.0,,,2026-07-27 11:39:40
7067,ger.1,2026-01-15,Augsburg,Union Berlin,B365,2.6,3.2,2.8,2.2,1.67,2026-07-27 11:39:40
7068,ger.1,2026-01-15,Augsburg,Union Berlin,Pinnacle,2.63,3.26,2.89,2.29,1.67,2026-07-27 11:39:40
7069,ger.1,2026-01-15,Augsburg,Union Berlin,Betway,2.5,3.2,2.9,,,2026-07-27 11:39:40
7070,ger.1,2026-01-15,Augsburg,Union Berlin,Coral,2.5,3.2,2.9,,,2026-07-27 11:39:40
7071,ger.1,2026-01-15,Augsburg,Union Berlin,Ladbrokes,2.5,3.2,2.87,,,2026-07-27 11:39:40
7072,ger.1,2026-01-16,Werder Bremen,Ein Frankfurt,B365,2.7,3.5,2.5,1.67,2.2,2026-07-27 11:39:40
7073,ger.1,2026-01-16,Werder Bremen,Ein Frankfurt,Betway,2.6,3.5,2.55,,,2026-07-27 11:39:40
7074,ger.1,2026-01-16,Werder Bremen,Ein Frankfurt,Coral,2.62,3.5,2.5,,,2026-07-27 11:39:40
7075,ger.1,2026-01-16,Werder Bremen,Ein Frankfurt,Ladbrokes,2.6,3.5,2.5,,,2026-07-27 11:39:40
7076,ger.1,2026-01-17,Borussia Dortmund,St Pauli,B365,1.33,5.25,10.0,1.67,2.2,2026-07-27 11:39:40
7077,ger.1,2026-01-17,Borussia Dortmund,St Pauli,Betway,1.34,5.25,8.5,,,2026-07-27 11:39:40
7078,ger.1,2026-01-17,Borussia Dortmund,St Pauli,Coral,1.35,5.25,8.5,,,2026-07-27 11:39:40
7079,ger.1,2026-01-17,Borussia Dortmund,St Pauli,Ladbrokes,1.33,5.25,8.5,,,2026-07-27 11:39:40
7080,ger.1,2026-01-17,1. FC Köln,Mainz,B365,2.15,3.5,3.25,1.73,2.1,2026-07-27 11:39:40
7081,ger.1,2026-01-17,1. FC Köln,Mainz,Betway,2.15,3.7,3.1,,,2026-07-27 11:39:40
7082,ger.1,2026-01-17,1. FC Köln,Mainz,Coral,2.15,3.7,3.1,,,2026-07-27 11:39:40
7083,ger.1,2026-01-17,1. FC Köln,Mainz,Ladbrokes,2.15,3.7,3.1,,,2026-07-27 11:39:40
7084,ger.1,2026-01-17,Hamburg,Borussia Mönchengladbach,B365,2.45,3.5,2.8,1.73,2.1,2026-07-27 11:39:40
7085,ger.1,2026-01-17,Hamburg,Borussia Mönchengladbach,Betway,2.4,3.6,2.75,,,2026-07-27 11:39:40
7086,ger.1,2026-01-17,Hamburg,Borussia Mönchengladbach,Coral,2.4,3.6,2.75,,,2026-07-27 11:39:40
7087,ger.1,2026-01-17,Hamburg,Borussia Mönchengladbach,Ladbrokes,2.4,3.6,2.7,,,2026-07-27 11:39:40
7088,ger.1,2026-01-17,Hoffenheim,Bayer Leverkusen,B365,2.4,3.8,2.7,1.5,2.63,2026-07-27 11:39:40
7089,ger.1,2026-01-17,Hoffenheim,Bayer Leverkusen,Betway,2.35,3.8,2.7,,,2026-07-27 11:39:40
7090,ger.1,2026-01-17,Hoffenheim,Bayer Leverkusen,Coral,2.37,3.8,2.7,,,2026-07-27 11:39:40
7091,ger.1,2026-01-17,Hoffenheim,Bayer Leverkusen,Ladbrokes,2.37,3.75,2.7,,,2026-07-27 11:39:40
7092,ger.1,2026-01-17,Wolfsburg,Heidenheim,B365,1.67,4.0,5.0,1.57,2.38,2026-07-27 11:39:40
7093,ger.1,2026-01-17,Wolfsburg,Heidenheim,Betway,1.65,4.1,4.8,,,2026-07-27 11:39:40
7094,ger.1,2026-01-17,Wolfsburg,Heidenheim,Coral,1.65,4.0,4.8,,,2026-07-27 11:39:40
7095,ger.1,2026-01-17,Wolfsburg,Heidenheim,Ladbrokes,1.65,4.0,4.8,,,2026-07-27 11:39:40
7096,ger.1,2026-01-17,RB Leipzig,Bayern Munich,B365,5.0,4.75,1.55,1.3,3.5,2026-07-27 11:39:40
7097,ger.1,2026-01-17,RB Leipzig,Bayern Munich,Betway,4.75,4.8,1.57,,,2026-07-27 11:39:40
7098,ger.1,2026-01-17,RB Leipzig,Bayern Munich,Coral,4.8,4.8,1.57,,,2026-07-27 11:39:40
7099,ger.1,2026-01-17,RB Leipzig,Bayern Munich,Ladbrokes,4.6,4.8,1.55,,,2026-07-27 11:39:40
7100,ger.1,2026-01-18,Stuttgart,Union Berlin,B365,1.65,3.9,5.25,1.8,2.0,2026-07-27 11:39:40
7101,ger.1,2026-01-18,Stuttgart,Union Berlin,Betway,1.66,3.8,5.0,,,2026-07-27 11:39:40
7102,ger.1,2026-01-18,Stuttgart,Union Berlin,Coral,1.67,3.8,5.0,,,2026-07-27 11:39:40
7103,ger.1,2026-01-18,Stuttgart,Union Berlin,Ladbrokes,1.67,3.8,5.0,,,2026-07-27 11:39:40
7104,ger.1,2026-01-18,Augsburg,Freiburg,B365,2.9,3.3,2.45,1.98,1.88,2026-07-27 11:39:40
7105,ger.1,2026-01-18,Augsburg,Freiburg,Betway,2.85,3.4,2.4,,,2026-07-27 11:39:40
7106,ger.1,2026-01-18,Augsburg,Freiburg,Coral,2.87,3.4,2.4,,,2026-07-27 11:39:40
7107,ger.1,2026-01-18,Augsburg,Freiburg,Ladbrokes,2.87,3.4,2.4,,,2026-07-27 11:39:40
7108,ger.1,2026-01-23,St Pauli,Hamburg,B365,2.88,2.9,2.75,2.63,1.5,2026-07-27 11:39:40
7109,ger.1,2026-01-23,St Pauli,Hamburg,Betway,2.87,2.9,2.75,,,2026-07-27 11:39:40
7110,ger.1,2026-01-23,St Pauli,Hamburg,Coral,2.87,2.9,2.75,,,2026-07-27 11:39:40
7111,ger.1,2026-01-23,St Pauli,Hamburg,Ladbrokes,2.75,2.75,2.6,,,2026-07-27 11:39:40
7112,ger.1,2026-01-24,Bayern Munich,Augsburg,B365,1.1,12.0,17.0,1.25,4.0,2026-07-27 11:39:40
7113,ger.1,2026-01-24,Bayern Munich,Augsburg,Betway,1.12,10.5,18.5,,,2026-07-27 11:39:40
7114,ger.1,2026-01-24,Ein Frankfurt,Hoffenheim,B365,2.8,3.75,2.3,1.53,2.5,2026-07-27 11:39:40
7115,ger.1,2026-01-24,Ein Frankfurt,Hoffenheim,Betway,2.65,3.7,2.4,,,2026-07-27 11:39:40
7116,ger.1,2026-01-24,Heidenheim,RB Leipzig,B365,5.0,4.5,1.57,1.5,2.63,2026-07-27 11:39:40
7117,ger.1,2026-01-24,Heidenheim,RB Leipzig,Betway,5.25,4.33,1.58,,,2026-07-27 11:39:40
7118,ger.1,2026-01-24,Bayer Leverkusen,Werder Bremen,B365,1.62,4.2,5.25,1.5,2.63,2026-07-27 11:39:40
7119,ger.1,2026-01-24,Bayer Leverkusen,Werder Bremen,Betway,1.61,4.33,4.8,,,2026-07-27 11:39:40
7120,ger.1,2026-01-24,Mainz,Wolfsburg,B365,2.3,3.5,3.0,1.73,2.1,2026-07-27 11:39:40
7121,ger.1,2026-01-24,Mainz,Wolfsburg,Betway,2.3,3.6,2.87,,,2026-07-27 11:39:40
7122,ger.1,2026-01-24,Union Berlin,Borussia Dortmund,B365,3.6,3.5,2.05,1.91,1.91,2026-07-27 11:39:40
7123,ger.1,2026-01-24,Union Berlin,Borussia Dortmund,Betway,3.7,3.5,2.0,,,2026-07-27 11:39:40
7124,ger.1,2026-01-25,Borussia Mönchengladbach,Stuttgart,B365,3.0,3.75,2.2,1.53,2.5,2026-07-27 11:39:40
7125,ger.1,2026-01-25,Borussia Mönchengladbach,Stuttgart,Betway,2.87,3.7,2.25,,,2026-07-27 11:39:40
7126,ger.1,2026-01-25,Freiburg,1. FC Köln,B365,1.9,3.75,3.8,1.8,2.0,2026-07-27 11:39:40
7127,ger.1,2026-01-25,Freiburg,1. FC Köln,Betway,1.93,3.6,3.8,,,2026-07-27 11:39:40
7128,ger.1,2026-01-27,St Pauli,RB Leipzig,B365,4.5,3.5,1.8,2.1,1.73,2026-07-27 11:39:40
7129,ger.1,2026-01-27,St Pauli,RB Leipzig,Betway,4.4,3.5,1.83,,,2026-07-27 11:39:40
7130,ger.1,2026-01-27,Werder Bremen,Hoffenheim,B365,3.7,3.6,2.0,1.73,2.1,2026-07-27 11:39:40
7131,ger.1,2026-01-27,Werder Bremen,Hoffenheim,Betway,3.3,3.6,2.05,,,2026-07-27 11:39:40
7132,ger.1,2026-01-30,1. FC Köln,Wolfsburg,B365,1.95,3.8,3.5,1.57,2.38,2026-07-27 11:39:40
7133,ger.1,2026-01-30,1. FC Köln,Wolfsburg,Betway,1.98,3.8,3.4,,,2026-07-27 11:39:40
7134,ger.1,2026-01-30,1. FC Köln,Wolfsburg,Coral,2.0,3.8,3.4,,,2026-07-27 11:39:40
7135,ger.1,2026-01-30,1. FC Köln,Wolfsburg,Ladbrokes,1.95,3.8,3.4,,,2026-07-27 11:39:40
7136,ger.1,2026-01-31,Augsburg,St Pauli,B365,2.0,3.3,4.1,2.3,1.62,2026-07-27 11:39:40
7137,ger.1,2026-01-31,Augsburg,St Pauli,Betway,2.0,3.25,4.0,,,2026-07-27 11:39:40
7138,ger.1,2026-01-31,Augsburg,St Pauli,Coral,2.0,3.25,4.0,,,2026-07-27 11:39:40
7139,ger.1,2026-01-31,Augsburg,St Pauli,Ladbrokes,2.0,3.2,4.0,,,2026-07-27 11:39:40
7140,ger.1,2026-01-31,Ein Frankfurt,Bayer Leverkusen,B365,3.0,3.8,2.2,1.53,2.5,2026-07-27 11:39:40
7141,ger.1,2026-01-31,Ein Frankfurt,Bayer Leverkusen,Betway,2.87,3.75,2.25,,,2026-07-27 11:39:40
7142,ger.1,2026-01-31,Ein Frankfurt,Bayer Leverkusen,Coral,2.87,3.75,2.25,,,2026-07-27 11:39:40
7143,ger.1,2026-01-31,Ein Frankfurt,Bayer Leverkusen,Ladbrokes,2.87,3.7,2.25,,,2026-07-27 11:39:40
7144,ger.1,2026-01-31,Hoffenheim,Union Berlin,B365,1.8,3.8,4.33,1.8,2.0,2026-07-27 11:39:40
7145,ger.1,2026-01-31,Hoffenheim,Union Berlin,Betway,1.78,3.7,4.4,,,2026-07-27 11:39:40
7146,ger.1,2026-01-31,Hoffenheim,Union Berlin,Coral,1.8,3.7,4.4,,,2026-07-27 11:39:40
7147,ger.1,2026-01-31,Hoffenheim,Union Berlin,Ladbrokes,1.8,3.7,4.33,,,2026-07-27 11:39:40
7148,ger.1,2026-01-31,RB Leipzig,Mainz,B365,1.55,4.5,5.5,1.53,2.5,2026-07-27 11:39:40
7149,ger.1,2026-01-31,RB Leipzig,Mainz,Betway,1.55,4.6,5.25,,,2026-07-27 11:39:40
7150,ger.1,2026-01-31,RB Leipzig,Mainz,Coral,1.55,4.6,5.25,,,2026-07-27 11:39:40
7151,ger.1,2026-01-31,RB Leipzig,Mainz,Ladbrokes,1.53,4.6,5.0,,,2026-07-27 11:39:40
7152,ger.1,2026-01-31,Werder Bremen,Borussia Mönchengladbach,B365,2.45,3.6,2.75,1.67,2.2,2026-07-27 11:39:40
7153,ger.1,2026-01-31,Werder Bremen,Borussia Mönchengladbach,Betway,2.2,3.3,2.7,,,2026-07-27 11:39:40
7154,ger.1,2026-01-31,Werder Bremen,Borussia Mönchengladbach,Coral,2.3,3.6,2.87,,,2026-07-27 11:39:40
7155,ger.1,2026-01-31,Werder Bremen,Borussia Mönchengladbach,Ladbrokes,2.3,3.6,2.8,,,2026-07-27 11:39:40
7156,ger.1,2026-01-31,Hamburg,Bayern Munich,B365,8.0,6.5,1.29,1.33,3.4,2026-07-27 11:39:40
7157,ger.1,2026-01-31,Hamburg,Bayern Munich,Betway,7.75,6.5,1.3,,,2026-07-27 11:39:40
7158,ger.1,2026-02-01,Stuttgart,Freiburg,B365,1.67,4.1,4.75,1.62,2.3,2026-07-27 11:39:40
7159,ger.1,2026-02-01,Stuttgart,Freiburg,Betway,1.68,4.1,4.5,,,2026-07-27 11:39:40
7160,ger.1,2026-02-01,Borussia Dortmund,Heidenheim,B365,1.22,6.5,12.0,1.44,2.75,2026-07-27 11:39:40
7161,ger.1,2026-02-01,Borussia Dortmund,Heidenheim,Betway,1.25,6.5,10.0,,,2026-07-27 11:39:40
7162,ger.1,2026-02-01,Borussia Dortmund,Heidenheim,Coral,1.25,6.5,10.0,,,2026-07-27 11:39:40
7163,ger.1,2026-02-01,Borussia Dortmund,Heidenheim,Ladbrokes,1.25,6.5,10.0,,,2026-07-27 11:39:40
7164,ger.1,2026-02-06,Union Berlin,Ein Frankfurt,B365,2.0,3.5,3.6,1.91,1.91,2026-07-27 11:39:40
7165,ger.1,2026-02-06,Union Berlin,Ein Frankfurt,Betway,2.05,3.4,3.5,,,2026-07-27 11:39:40
7166,ger.1,2026-02-07,Freiburg,Werder Bremen,B365,1.83,3.75,4.2,1.8,2.0,2026-07-27 11:39:40
7167,ger.1,2026-02-07,Freiburg,Werder Bremen,Betway,1.82,3.75,4.1,,,2026-07-27 11:39:40
7168,ger.1,2026-02-07,Heidenheim,Hamburg,B365,2.88,3.5,2.45,1.8,2.0,2026-07-27 11:39:40
7169,ger.1,2026-02-07,Heidenheim,Hamburg,Betway,2.8,3.4,2.45,,,2026-07-27 11:39:40
7170,ger.1,2026-02-07,Mainz,Augsburg,B365,2.05,3.6,3.5,1.8,2.0,2026-07-27 11:39:40
7171,ger.1,2026-02-07,Mainz,Augsburg,Betway,2.05,3.5,3.5,,,2026-07-27 11:39:40
7172,ger.1,2026-02-07,St Pauli,Stuttgart,B365,4.33,3.75,1.8,1.93,1.93,2026-07-27 11:39:40
7173,ger.1,2026-02-07,St Pauli,Stuttgart,Betway,4.33,3.6,1.82,,,2026-07-27 11:39:40
7174,ger.1,2026-02-07,Wolfsburg,Borussia Dortmund,B365,4.2,4.2,1.73,1.57,2.38,2026-07-27 11:39:40
7175,ger.1,2026-02-07,Wolfsburg,Borussia Dortmund,Betway,4.4,4.0,1.73,,,2026-07-27 11:39:40
7176,ger.1,2026-02-07,Borussia Mönchengladbach,Bayer Leverkusen,B365,3.5,3.75,2.0,1.62,2.3,2026-07-27 11:39:40
7177,ger.1,2026-02-07,Borussia Mönchengladbach,Bayer Leverkusen,Betway,3.3,3.75,2.05,,,2026-07-27 11:39:40
7178,ger.1,2026-02-08,1. FC Köln,RB Leipzig,B365,3.25,3.8,2.1,1.5,2.63,2026-07-27 11:39:40
7179,ger.1,2026-02-08,1. FC Köln,RB Leipzig,Betway,3.1,3.75,2.1,,,2026-07-27 11:39:40
7180,ger.1,2026-02-08,Bayern Munich,Hoffenheim,B365,1.29,7.0,7.5,1.25,4.0,2026-07-27 11:39:40
7181,ger.1,2026-02-08,Bayern Munich,Hoffenheim,Betway,1.29,6.75,7.75,,,2026-07-27 11:39:40
7182,ger.1,2026-02-13,Borussia Dortmund,Mainz,B365,1.53,4.5,5.5,1.53,2.5,2026-07-27 11:39:40
7183,ger.1,2026-02-13,Borussia Dortmund,Mainz,Betway,1.57,4.4,5.25,,,2026-07-27 11:39:40
7184,ger.1,2026-02-14,Ein Frankfurt,Borussia Mönchengladbach,B365,1.95,3.5,4.0,1.73,2.1,2026-07-27 11:39:40
7185,ger.1,2026-02-14,Ein Frankfurt,Borussia Mönchengladbach,Betway,1.93,3.7,3.6,,,2026-07-27 11:39:40
7186,ger.1,2026-02-14,Hamburg,Union Berlin,B365,2.5,3.25,2.9,2.1,1.73,2026-07-27 11:39:40
7187,ger.1,2026-02-14,Hamburg,Union Berlin,Betway,2.5,3.25,2.85,,,2026-07-27 11:39:40
7188,ger.1,2026-02-14,Hoffenheim,Freiburg,B365,1.73,3.9,4.5,1.67,2.2,2026-07-27 11:39:40
7189,ger.1,2026-02-14,Hoffenheim,Freiburg,Betway,1.78,3.9,4.2,,,2026-07-27 11:39:40
7190,ger.1,2026-02-14,Bayer Leverkusen,St Pauli,B365,1.45,3.75,6.5,1.88,1.98,2026-07-27 11:39:40
7191,ger.1,2026-02-14,Bayer Leverkusen,St Pauli,Betway,1.49,4.33,6.5,,,2026-07-27 11:39:40
7192,ger.1,2026-02-14,Werder Bremen,Bayern Munich,B365,8.0,6.0,1.3,1.33,3.4,2026-07-27 11:39:40
7193,ger.1,2026-02-14,Werder Bremen,Bayern Munich,Betway,7.5,6.0,1.33,,,2026-07-27 11:39:40
7194,ger.1,2026-02-14,Stuttgart,1. FC Köln,B365,1.45,4.75,6.5,1.44,2.75,2026-07-27 11:39:40
7195,ger.1,2026-02-14,Stuttgart,1. FC Köln,Betway,1.47,4.75,6.0,,,2026-07-27 11:39:40
7196,ger.1,2026-02-14,Stuttgart,1. FC Köln,Coral,1.48,4.8,6.0,,,2026-07-27 11:39:40
7197,ger.1,2026-02-14,Stuttgart,1. FC Köln,Ladbrokes,1.48,4.8,6.0,,,2026-07-27 11:39:40
7198,ger.1,2026-02-15,Augsburg,Heidenheim,B365,1.85,3.6,4.2,1.73,2.1,2026-07-27 11:39:40
7199,ger.1,2026-02-15,Augsburg,Heidenheim,Betway,1.83,3.8,4.0,,,2026-07-27 11:39:40
7200,ger.1,2026-02-15,RB Leipzig,Wolfsburg,B365,1.44,4.75,6.5,1.4,3.0,2026-07-27 11:39:40
7201,ger.1,2026-02-15,RB Leipzig,Wolfsburg,Betway,1.49,4.8,5.75,,,2026-07-27 11:39:40
7202,ger.1,2026-02-15,RB Leipzig,Wolfsburg,Coral,1.48,4.8,5.75,,,2026-07-27 11:39:40
7203,ger.1,2026-02-15,RB Leipzig,Wolfsburg,Ladbrokes,1.48,4.8,5.75,,,2026-07-27 11:39:40
7204,ger.1,2026-02-20,Mainz,Hamburg,B365,2.1,3.4,3.5,1.8,2.0,2026-07-27 11:39:40
7205,ger.1,2026-02-20,Mainz,Hamburg,Betway,2.05,3.5,3.5,,,2026-07-27 11:39:40
7206,ger.1,2026-02-20,Mainz,Hamburg,Coral,2.05,3.5,3.6,,,2026-07-27 11:39:40
7207,ger.1,2026-02-20,Mainz,Hamburg,Ladbrokes,2.05,3.5,3.5,,,2026-07-27 11:39:40
7208,ger.1,2026-02-21,Bayern Munich,Ein Frankfurt,B365,1.14,9.5,13.0,1.2,4.5,2026-07-27 11:39:40
7209,ger.1,2026-02-21,Bayern Munich,Ein Frankfurt,Betway,1.15,8.5,13.0,,,2026-07-27 11:39:40
7210,ger.1,2026-02-21,Bayern Munich,Ein Frankfurt,Coral,1.17,8.5,13.0,,,2026-07-27 11:39:40
7211,ger.1,2026-02-21,Bayern Munich,Ein Frankfurt,Ladbrokes,1.17,8.5,13.0,,,2026-07-27 11:39:40
7212,ger.1,2026-02-21,1. FC Köln,Hoffenheim,B365,3.3,3.8,2.05,1.57,2.38,2026-07-27 11:39:40
7213,ger.1,2026-02-21,1. FC Köln,Hoffenheim,Betway,3.2,3.8,2.05,,,2026-07-27 11:39:40
7214,ger.1,2026-02-21,1. FC Köln,Hoffenheim,Coral,3.2,3.8,2.05,,,2026-07-27 11:39:40
7215,ger.1,2026-02-21,1. FC Köln,Hoffenheim,Ladbrokes,3.2,3.75,2.05,,,2026-07-27 11:39:40
7216,ger.1,2026-02-21,Union Berlin,Bayer Leverkusen,B365,3.0,3.3,2.38,1.95,1.9,2026-07-27 11:39:40
7217,ger.1,2026-02-21,Union Berlin,Bayer Leverkusen,Betway,2.8,3.4,2.45,,,2026-07-27 11:39:40
7218,ger.1,2026-02-21,Union Berlin,Bayer Leverkusen,Coral,2.8,3.4,2.45,,,2026-07-27 11:39:40
7219,ger.1,2026-02-21,Union Berlin,Bayer Leverkusen,Ladbrokes,2.8,3.4,2.45,,,2026-07-27 11:39:40
7220,ger.1,2026-02-21,Wolfsburg,Augsburg,B365,2.05,3.4,3.75,1.73,2.1,2026-07-27 11:39:40
7221,ger.1,2026-02-21,Wolfsburg,Augsburg,Betway,2.0,3.6,3.6,,,2026-07-27 11:39:40
7222,ger.1,2026-02-21,Wolfsburg,Augsburg,Coral,2.0,3.6,3.6,,,2026-07-27 11:39:40
7223,ger.1,2026-02-21,Wolfsburg,Augsburg,Ladbrokes,2.0,3.5,3.5,,,2026-07-27 11:39:40
7224,ger.1,2026-02-21,RB Leipzig,Borussia Dortmund,B365,2.15,3.8,3.1,1.44,2.75,2026-07-27 11:39:40
7225,ger.1,2026-02-21,RB Leipzig,Borussia Dortmund,Betway,2.1,4.0,3.0,,,2026-07-27 11:39:40
7226,ger.1,2026-02-21,RB Leipzig,Borussia Dortmund,Coral,2.15,4.0,3.0,,,2026-07-27 11:39:40
7227,ger.1,2026-02-21,RB Leipzig,Borussia Dortmund,Ladbrokes,2.1,3.9,3.0,,,2026-07-27 11:39:40
7228,ger.1,2026-02-22,Freiburg,Borussia Mönchengladbach,B365,1.95,3.25,4.33,1.88,1.98,2026-07-27 11:39:40
7229,ger.1,2026-02-22,Freiburg,Borussia Mönchengladbach,Betway,1.95,3.4,3.8,,,2026-07-27 11:39:40
7230,ger.1,2026-02-22,St Pauli,Werder Bremen,B365,2.75,3.1,2.75,2.3,1.62,2026-07-27 11:39:40
7231,ger.1,2026-02-22,St Pauli,Werder Bremen,Betway,2.75,3.1,2.7,,,2026-07-27 11:39:40
7232,ger.1,2026-02-22,Heidenheim,Stuttgart,B365,4.5,4.0,1.7,1.57,2.38,2026-07-27 11:39:40
7233,ger.1,2026-02-22,Heidenheim,Stuttgart,Betway,4.2,4.1,1.72,,,2026-07-27 11:39:40
7234,ger.1,2026-02-27,Augsburg,1. FC Köln,B365,2.2,3.5,3.25,1.88,1.98,2026-07-27 11:39:40
7235,ger.1,2026-02-27,Augsburg,1. FC Köln,Betway,2.2,3.4,3.2,,,2026-07-27 11:39:40
7236,ger.1,2026-02-28,Hoffenheim,St Pauli,B365,1.48,4.75,6.0,1.8,2.0,2026-07-27 11:39:40
7237,ger.1,2026-02-28,Hoffenheim,St Pauli,Betway,1.49,4.5,6.25,,,2026-07-27 11:39:40
7238,ger.1,2026-02-28,Bayer Leverkusen,Mainz,B365,1.7,4.0,4.5,1.67,2.2,2026-07-27 11:39:40
7239,ger.1,2026-02-28,Bayer Leverkusen,Mainz,Betway,1.71,4.1,4.4,,,2026-07-27 11:39:40
7240,ger.1,2026-02-28,Borussia Mönchengladbach,Union Berlin,B365,2.38,3.3,3.0,2.0,1.8,2026-07-27 11:39:40
7241,ger.1,2026-02-28,Borussia Mönchengladbach,Union Berlin,Betway,2.4,3.3,2.95,,,2026-07-27 11:39:40
7242,ger.1,2026-02-28,Werder Bremen,Heidenheim,B365,1.75,4.0,4.33,1.67,2.2,2026-07-27 11:39:40
7243,ger.1,2026-02-28,Werder Bremen,Heidenheim,Betway,1.82,3.8,4.0,,,2026-07-27 11:39:40
7244,ger.1,2026-02-28,Borussia Dortmund,Bayern Munich,B365,4.5,4.75,1.6,1.33,3.4,2026-07-27 11:39:40
7245,ger.1,2026-02-28,Borussia Dortmund,Bayern Munich,Betway,4.2,4.6,1.66,,,2026-07-27 11:39:40
7246,ger.1,2026-03-01,Stuttgart,Wolfsburg,B365,1.5,4.75,5.25,1.44,2.75,2026-07-27 11:39:40
7247,ger.1,2026-03-01,Stuttgart,Wolfsburg,Betway,1.55,4.75,5.0,,,2026-07-27 11:39:40
7248,ger.1,2026-03-01,Stuttgart,Wolfsburg,Coral,1.55,4.8,5.0,,,2026-07-27 11:39:40
7249,ger.1,2026-03-01,Stuttgart,Wolfsburg,Ladbrokes,1.53,4.6,5.0,,,2026-07-27 11:39:40
7250,ger.1,2026-03-01,Ein Frankfurt,Freiburg,B365,2.2,3.5,3.2,1.8,2.0,2026-07-27 11:39:40
7251,ger.1,2026-03-01,Ein Frankfurt,Freiburg,Betway,2.25,3.4,3.1,,,2026-07-27 11:39:40
7252,ger.1,2026-03-01,Ein Frankfurt,Freiburg,Coral,2.25,3.4,3.1,,,2026-07-27 11:39:40
7253,ger.1,2026-03-01,Ein Frankfurt,Freiburg,Ladbrokes,2.2,3.4,3.1,,,2026-07-27 11:39:40
7254,ger.1,2026-03-01,Hamburg,RB Leipzig,B365,3.3,3.5,2.15,1.57,2.38,2026-07-27 11:39:40
7255,ger.1,2026-03-01,Hamburg,RB Leipzig,Betway,3.2,3.7,2.1,,,2026-07-27 11:39:40
7256,ger.1,2026-03-01,Hamburg,RB Leipzig,Coral,3.2,3.7,2.1,,,2026-07-27 11:39:40
7257,ger.1,2026-03-01,Hamburg,RB Leipzig,Ladbrokes,3.1,3.7,2.1,,,2026-07-27 11:39:40
7258,ger.1,2026-03-04,Hamburg,Bayer Leverkusen,B365,3.5,3.6,2.05,1.73,2.1,2026-07-27 11:39:40
7259,ger.1,2026-03-04,Hamburg,Bayer Leverkusen,Betway,3.4,3.6,2.05,,,2026-07-27 11:39:40
7260,ger.1,2026-03-06,Bayern Munich,Borussia Mönchengladbach,B365,1.2,8.5,9.5,1.25,4.0,2026-07-27 11:39:40
7261,ger.1,2026-03-06,Bayern Munich,Borussia Mönchengladbach,Betway,1.22,7.5,10.0,,,2026-07-27 11:39:40
7262,ger.1,2026-03-07,Freiburg,Bayer Leverkusen,B365,2.9,3.3,2.4,1.91,1.91,2026-07-27 11:39:40
7263,ger.1,2026-03-07,Freiburg,Bayer Leverkusen,Betway,2.87,3.4,2.37,,,2026-07-27 11:39:40
7264,ger.1,2026-03-07,Heidenheim,Hoffenheim,B365,5.0,4.5,1.57,1.5,2.63,2026-07-27 11:39:40
7265,ger.1,2026-03-07,Heidenheim,Hoffenheim,Betway,4.75,4.4,1.62,,,2026-07-27 11:39:40
7266,ger.1,2026-03-07,Mainz,Stuttgart,B365,3.2,3.6,2.15,1.62,2.3,2026-07-27 11:39:40
7267,ger.1,2026-03-07,Mainz,Stuttgart,Betway,3.0,3.75,2.15,,,2026-07-27 11:39:40
7268,ger.1,2026-03-07,RB Leipzig,Augsburg,B365,1.42,5.0,6.5,1.44,2.75,2026-07-27 11:39:40
7269,ger.1,2026-03-07,RB Leipzig,Augsburg,Betway,1.44,5.0,6.25,,,2026-07-27 11:39:40
7270,ger.1,2026-03-07,Wolfsburg,Hamburg,B365,2.3,3.5,3.0,1.73,2.1,2026-07-27 11:39:40
7271,ger.1,2026-03-07,Wolfsburg,Hamburg,Betway,2.35,3.6,2.85,,,2026-07-27 11:39:40
7272,ger.1,2026-03-07,1. FC Köln,Borussia Dortmund,B365,4.1,4.0,1.75,1.57,2.38,2026-07-27 11:39:40
7273,ger.1,2026-03-07,1. FC Köln,Borussia Dortmund,Betway,4.2,4.1,1.75,,,2026-07-27 11:39:40
7274,ger.1,2026-03-08,St Pauli,Ein Frankfurt,B365,2.63,3.4,2.6,2.0,1.85,2026-07-27 11:39:40
7275,ger.1,2026-03-08,St Pauli,Ein Frankfurt,Betway,2.6,3.4,2.65,,,2026-07-27 11:39:40
7276,ger.1,2026-03-08,Union Berlin,Werder Bremen,B365,2.25,3.4,3.25,2.0,1.8,2026-07-27 11:39:40
7277,ger.1,2026-03-08,Union Berlin,Werder Bremen,Betway,2.2,3.4,3.25,,,2026-07-27 11:39:40
7278,ger.1,2026-03-08,Union Berlin,Werder Bremen,Coral,2.2,3.4,3.25,,,2026-07-27 11:39:40
7279,ger.1,2026-03-08,Union Berlin,Werder Bremen,Ladbrokes,2.2,3.3,3.2,,,2026-07-27 11:39:40
7280,ger.1,2026-03-13,Borussia Mönchengladbach,St Pauli,B365,1.91,3.4,4.2,2.2,1.67,2026-07-27 11:39:40
7281,ger.1,2026-03-13,Borussia Mönchengladbach,St Pauli,Betway,1.9,3.3,4.4,,,2026-07-27 11:39:40
7282,ger.1,2026-03-13,Borussia Mönchengladbach,St Pauli,Coral,1.91,3.3,4.4,,,2026-07-27 11:39:40
7283,ger.1,2026-03-13,Borussia Mönchengladbach,St Pauli,Ladbrokes,1.91,3.25,4.33,,,2026-07-27 11:39:40
7284,ger.1,2026-03-14,Borussia Dortmund,Augsburg,B365,1.42,4.75,7.0,1.53,2.5,2026-07-27 11:39:40
7285,ger.1,2026-03-14,Borussia Dortmund,Augsburg,Betway,1.43,5.0,6.25,,,2026-07-27 11:39:40
7286,ger.1,2026-03-14,Borussia Dortmund,Augsburg,Coral,1.44,5.0,6.5,,,2026-07-27 11:39:40
7287,ger.1,2026-03-14,Borussia Dortmund,Augsburg,Ladbrokes,1.44,5.0,6.0,,,2026-07-27 11:39:40
7288,ger.1,2026-03-14,Ein Frankfurt,Heidenheim,B365,1.53,4.5,5.5,1.57,2.38,2026-07-27 11:39:40
7289,ger.1,2026-03-14,Ein Frankfurt,Heidenheim,Betway,1.55,4.5,5.25,,,2026-07-27 11:39:40
7290,ger.1,2026-03-14,Ein Frankfurt,Heidenheim,Coral,1.55,4.5,5.25,,,2026-07-27 11:39:40
7291,ger.1,2026-03-14,Ein Frankfurt,Heidenheim,Ladbrokes,1.55,4.5,5.25,,,2026-07-27 11:39:40
7292,ger.1,2026-03-14,Hoffenheim,Wolfsburg,B365,1.44,4.75,6.5,1.44,2.75,2026-07-27 11:39:40
7293,ger.1,2026-03-14,Hoffenheim,Wolfsburg,Betway,1.49,5.0,5.5,,,2026-07-27 11:39:40
7294,ger.1,2026-03-14,Hoffenheim,Wolfsburg,Coral,1.48,4.8,5.5,,,2026-07-27 11:39:40
7295,ger.1,2026-03-14,Hoffenheim,Wolfsburg,Ladbrokes,1.48,4.8,5.5,,,2026-07-27 11:39:40
7296,ger.1,2026-03-14,Bayer Leverkusen,Bayern Munich,B365,5.25,4.33,1.55,1.36,3.2,2026-07-27 11:39:40
7297,ger.1,2026-03-14,Bayer Leverkusen,Bayern Munich,Betway,4.75,4.6,1.58,,,2026-07-27 11:39:40
7298,ger.1,2026-03-14,Bayer Leverkusen,Bayern Munich,Coral,4.8,4.6,1.57,,,2026-07-27 11:39:40
7299,ger.1,2026-03-14,Bayer Leverkusen,Bayern Munich,Ladbrokes,4.8,4.6,1.57,,,2026-07-27 11:39:40
7300,ger.1,2026-03-14,Hamburg,1. FC Köln,B365,2.1,3.6,3.25,1.8,2.0,2026-07-27 11:39:40
7301,ger.1,2026-03-14,Hamburg,1. FC Köln,Betway,2.1,3.6,3.3,,,2026-07-27 11:39:40
7302,ger.1,2026-03-15,Werder Bremen,Mainz,B365,2.2,3.5,3.2,1.73,2.1,2026-07-27 11:39:40
7303,ger.1,2026-03-15,Werder Bremen,Mainz,Betway,2.25,3.5,3.1,,,2026-07-27 11:39:40
7304,ger.1,2026-03-15,Werder Bremen,Mainz,Coral,2.25,3.5,3.1,,,2026-07-27 11:39:40
7305,ger.1,2026-03-15,Werder Bremen,Mainz,Ladbrokes,2.25,3.4,3.1,,,2026-07-27 11:39:40
7306,ger.1,2026-03-15,Freiburg,Union Berlin,B365,2.15,3.3,3.5,2.1,1.73,2026-07-27 11:39:40
7307,ger.1,2026-03-15,Freiburg,Union Berlin,Betway,2.2,3.2,3.5,,,2026-07-27 11:39:40
7308,ger.1,2026-03-15,Freiburg,Union Berlin,Coral,2.2,3.2,3.5,,,2026-07-27 11:39:40
7309,ger.1,2026-03-15,Freiburg,Union Berlin,Ladbrokes,2.15,3.2,3.4,,,2026-07-27 11:39:40
7310,ger.1,2026-03-15,Stuttgart,RB Leipzig,B365,2.3,3.9,2.7,1.36,3.2,2026-07-27 11:39:40
7311,ger.1,2026-03-15,Stuttgart,RB Leipzig,Betway,2.25,3.9,2.8,,,2026-07-27 11:39:40
7312,ger.1,2026-03-20,RB Leipzig,Hoffenheim,B365,1.91,4.0,3.5,1.36,3.2,2026-07-27 11:39:40
7313,ger.1,2026-03-20,RB Leipzig,Hoffenheim,Betway,1.9,4.1,3.4,,,2026-07-27 11:39:40
7314,ger.1,2026-03-21,Bayern Munich,Union Berlin,B365,1.17,8.0,13.0,1.33,3.4,2026-07-27 11:39:40
7315,ger.1,2026-03-21,Bayern Munich,Union Berlin,Betway,1.17,8.0,11.5,,,2026-07-27 11:39:40
7316,ger.1,2026-03-21,Bayern Munich,Union Berlin,Coral,1.2,8.0,11.0,,,2026-07-27 11:39:40
7317,ger.1,2026-03-21,Bayern Munich,Union Berlin,Ladbrokes,1.2,8.0,11.0,,,2026-07-27 11:39:40
7318,ger.1,2026-03-21,1. FC Köln,Borussia Mönchengladbach,B365,2.25,3.5,3.1,1.8,2.0,2026-07-27 11:39:40
7319,ger.1,2026-03-21,1. FC Köln,Borussia Mönchengladbach,Betway,2.3,3.5,2.95,,,2026-07-27 11:39:40
7320,ger.1,2026-03-21,1. FC Köln,Borussia Mönchengladbach,Coral,2.3,3.5,3.0,,,2026-07-27 11:39:40
7321,ger.1,2026-03-21,1. FC Köln,Borussia Mönchengladbach,Ladbrokes,2.25,3.5,3.0,,,2026-07-27 11:39:40
7322,ger.1,2026-03-21,Heidenheim,Bayer Leverkusen,B365,5.25,4.5,1.57,1.53,2.5,2026-07-27 11:39:40
7323,ger.1,2026-03-21,Heidenheim,Bayer Leverkusen,Betway,5.0,4.5,1.58,,,2026-07-27 11:39:40
7324,ger.1,2026-03-21,Heidenheim,Bayer Leverkusen,Coral,5.0,4.5,1.6,,,2026-07-27 11:39:40
7325,ger.1,2026-03-21,Heidenheim,Bayer Leverkusen,Ladbrokes,4.8,4.4,1.57,,,2026-07-27 11:39:40
7326,ger.1,2026-03-21,Wolfsburg,Werder Bremen,B365,2.35,3.6,2.8,1.73,2.1,2026-07-27 11:39:40
7327,ger.1,2026-03-21,Wolfsburg,Werder Bremen,Betway,2.37,3.6,2.75,,,2026-07-27 11:39:40
7328,ger.1,2026-03-21,Wolfsburg,Werder Bremen,Coral,2.37,3.6,2.75,,,2026-07-27 11:39:40
7329,ger.1,2026-03-21,Wolfsburg,Werder Bremen,Ladbrokes,2.37,3.6,2.75,,,2026-07-27 11:39:40
7330,ger.1,2026-03-21,Borussia Dortmund,Hamburg,B365,1.4,5.0,7.0,1.53,2.5,2026-07-27 11:39:40
7331,ger.1,2026-03-21,Borussia Dortmund,Hamburg,Betway,1.41,5.25,6.5,,,2026-07-27 11:39:40
7332,ger.1,2026-03-22,Mainz,Ein Frankfurt,B365,2.1,3.7,3.25,1.73,2.1,2026-07-27 11:39:40
7333,ger.1,2026-03-22,Mainz,Ein Frankfurt,Betway,2.1,3.7,3.25,,,2026-07-27 11:39:40
7334,ger.1,2026-03-22,St Pauli,Freiburg,B365,2.7,3.1,2.8,2.3,1.62,2026-07-27 11:39:40
7335,ger.1,2026-03-22,St Pauli,Freiburg,Betway,2.7,3.0,2.8,,,2026-07-27 11:39:40
7336,ger.1,2026-03-22,Augsburg,Stuttgart,B365,3.5,3.8,2.0,1.57,2.38,2026-07-27 11:39:40
7337,ger.1,2026-03-22,Augsburg,Stuttgart,Betway,3.4,3.8,2.0,,,2026-07-27 11:39:40
7338,ger.1,2026-04-04,Freiburg,Bayern Munich,B365,6.5,5.5,1.4,1.36,3.2,2026-07-27 11:39:40
7339,ger.1,2026-04-04,Freiburg,Bayern Munich,Betway,6.25,5.5,1.41,,,2026-07-27 11:39:40
7340,ger.1,2026-04-04,Hamburg,Augsburg,B365,2.25,3.5,3.2,1.8,2.0,2026-07-27 11:39:40
7341,ger.1,2026-04-04,Hamburg,Augsburg,Betway,2.25,3.5,3.0,,,2026-07-27 11:39:40
7342,ger.1,2026-04-04,Hoffenheim,Mainz,B365,1.7,4.0,4.75,1.57,2.38,2026-07-27 11:39:40
7343,ger.1,2026-04-04,Hoffenheim,Mainz,Betway,1.72,4.0,4.5,,,2026-07-27 11:39:40
7344,ger.1,2026-04-04,Bayer Leverkusen,Wolfsburg,B365,1.4,5.0,7.0,1.44,2.75,2026-07-27 11:39:40
7345,ger.1,2026-04-04,Bayer Leverkusen,Wolfsburg,Betway,1.41,5.0,6.75,,,2026-07-27 11:39:40
7346,ger.1,2026-04-04,Borussia Mönchengladbach,Heidenheim,B365,1.57,4.33,5.25,1.62,2.3,2026-07-27 11:39:40
7347,ger.1,2026-04-04,Borussia Mönchengladbach,Heidenheim,Betway,1.58,4.33,5.25,,,2026-07-27 11:39:40
7348,ger.1,2026-04-04,Werder Bremen,RB Leipzig,B365,3.6,4.0,1.91,1.5,2.63,2026-07-27 11:39:40
7349,ger.1,2026-04-04,Werder Bremen,RB Leipzig,Betway,3.6,3.8,1.93,,,2026-07-27 11:39:40
7350,ger.1,2026-04-04,Stuttgart,Borussia Dortmund,B365,2.3,3.9,2.8,1.44,2.75,2026-07-27 11:39:40
7351,ger.1,2026-04-04,Stuttgart,Borussia Dortmund,Betway,2.3,3.8,2.75,,,2026-07-27 11:39:40
7352,ger.1,2026-04-05,Union Berlin,St Pauli,B365,2.1,3.25,3.75,2.5,1.53,2026-07-27 11:39:40
7353,ger.1,2026-04-05,Union Berlin,St Pauli,Betway,2.1,3.2,3.6,,,2026-07-27 11:39:40
7354,ger.1,2026-04-05,Ein Frankfurt,1. FC Köln,B365,2.0,3.5,3.6,1.73,2.1,2026-07-27 11:39:40
7355,ger.1,2026-04-05,Ein Frankfurt,1. FC Köln,Betway,2.0,3.7,3.4,,,2026-07-27 11:39:40
7356,ger.1,2026-04-10,Augsburg,Hoffenheim,B365,3.5,3.75,2.0,1.57,2.38,2026-07-27 11:39:40
7357,ger.1,2026-04-10,Augsburg,Hoffenheim,Betway,3.2,3.7,2.1,,,2026-07-27 11:39:40
7358,ger.1,2026-04-11,Borussia Dortmund,Bayer Leverkusen,B365,1.95,3.8,3.6,1.53,2.5,2026-07-27 11:39:40
7359,ger.1,2026-04-11,Borussia Dortmund,Bayer Leverkusen,Betway,1.98,3.75,3.5,,,2026-07-27 11:39:40
7360,ger.1,2026-04-11,Borussia Dortmund,Bayer Leverkusen,Coral,2.0,3.75,3.5,,,2026-07-27 11:39:40
7361,ger.1,2026-04-11,Borussia Dortmund,Bayer Leverkusen,Ladbrokes,1.95,3.75,3.5,,,2026-07-27 11:39:40
7362,ger.1,2026-04-11,Heidenheim,Union Berlin,B365,2.9,3.6,2.3,1.9,1.95,2026-07-27 11:39:40
7363,ger.1,2026-04-11,Heidenheim,Union Berlin,Betway,2.95,3.5,2.25,,,2026-07-27 11:39:40
7364,ger.1,2026-04-11,Heidenheim,Union Berlin,Coral,3.0,3.5,2.3,,,2026-07-27 11:39:40
7365,ger.1,2026-04-11,Heidenheim,Union Berlin,Ladbrokes,3.0,3.5,2.25,,,2026-07-27 11:39:40
7366,ger.1,2026-04-11,RB Leipzig,Borussia Mönchengladbach,B365,1.53,4.75,5.5,1.44,2.75,2026-07-27 11:39:40
7367,ger.1,2026-04-11,RB Leipzig,Borussia Mönchengladbach,Betway,1.52,4.6,5.5,,,2026-07-27 11:39:40
7368,ger.1,2026-04-11,RB Leipzig,Borussia Mönchengladbach,Coral,1.53,4.6,5.5,,,2026-07-27 11:39:40
7369,ger.1,2026-04-11,RB Leipzig,Borussia Mönchengladbach,Ladbrokes,1.53,4.5,5.5,,,2026-07-27 11:39:40
7370,ger.1,2026-04-11,Wolfsburg,Ein Frankfurt,B365,2.55,3.6,2.55,1.57,2.38,2026-07-27 11:39:40
7371,ger.1,2026-04-11,Wolfsburg,Ein Frankfurt,Betway,2.55,3.6,2.55,,,2026-07-27 11:39:40
7372,ger.1,2026-04-11,Wolfsburg,Ein Frankfurt,Coral,2.5,3.6,2.6,,,2026-07-27 11:39:40
7373,ger.1,2026-04-11,Wolfsburg,Ein Frankfurt,Ladbrokes,2.5,3.6,2.6,,,2026-07-27 11:39:40
7374,ger.1,2026-04-11,St Pauli,Bayern Munich,B365,8.0,5.0,1.36,1.53,2.5,2026-07-27 11:39:40
7375,ger.1,2026-04-11,St Pauli,Bayern Munich,Betway,7.25,5.25,1.38,,,2026-07-27 11:39:40
7376,ger.1,2026-04-12,1. FC Köln,Werder Bremen,B365,2.2,3.5,3.2,1.73,2.1,2026-07-27 11:39:40
7377,ger.1,2026-04-12,1. FC Köln,Werder Bremen,Betway,2.2,3.6,3.0,,,2026-07-27 11:39:40
7378,ger.1,2026-04-12,Stuttgart,Hamburg,B365,1.4,4.75,7.0,1.44,2.75,2026-07-27 11:39:40
7379,ger.1,2026-04-12,Stuttgart,Hamburg,Betway,1.42,5.0,6.5,,,2026-07-27 11:39:40
7380,ger.1,2026-04-12,Mainz,Freiburg,B365,2.25,3.1,3.5,1.88,1.98,2026-07-27 11:39:40
7381,ger.1,2026-04-12,Mainz,Freiburg,Betway,2.2,3.25,3.4,,,2026-07-27 11:39:40
7382,ger.1,2026-04-17,St Pauli,1. FC Köln,B365,2.88,3.3,2.45,2.03,1.83,2026-07-27 11:39:40
7383,ger.1,2026-04-17,St Pauli,1. FC Köln,Betway,2.9,3.3,2.4,,,2026-07-27 11:39:40
7384,ger.1,2026-04-18,Hoffenheim,Borussia Dortmund,B365,2.5,4.0,2.5,1.5,2.63,2026-07-27 11:39:40
7385,ger.1,2026-04-18,Hoffenheim,Borussia Dortmund,Betway,2.6,3.75,2.45,,,2026-07-27 11:39:40
7386,ger.1,2026-04-18,Bayer Leverkusen,Augsburg,B365,1.4,5.0,7.0,1.44,2.75,2026-07-27 11:39:40
7387,ger.1,2026-04-18,Bayer Leverkusen,Augsburg,Betway,1.42,4.8,6.75,,,2026-07-27 11:39:40
7388,ger.1,2026-04-18,Union Berlin,Wolfsburg,B365,2.15,3.6,3.25,1.91,1.91,2026-07-27 11:39:40
7389,ger.1,2026-04-18,Union Berlin,Wolfsburg,Betway,2.15,3.5,3.25,,,2026-07-27 11:39:40
7390,ger.1,2026-04-18,Werder Bremen,Hamburg,B365,1.95,3.6,3.75,1.73,2.1,2026-07-27 11:39:40
7391,ger.1,2026-04-18,Werder Bremen,Hamburg,Betway,2.0,3.75,3.5,,,2026-07-27 11:39:40
7392,ger.1,2026-04-18,Ein Frankfurt,RB Leipzig,B365,3.4,4.0,2.0,1.44,2.75,2026-07-27 11:39:40
7393,ger.1,2026-04-18,Ein Frankfurt,RB Leipzig,Betway,3.25,3.9,2.05,,,2026-07-27 11:39:40
7394,ger.1,2026-04-19,Freiburg,Heidenheim,B365,1.67,4.1,4.75,1.62,2.3,2026-07-27 11:39:40
7395,ger.1,2026-04-19,Freiburg,Heidenheim,Betway,1.66,4.1,4.75,,,2026-07-27 11:39:40
7396,ger.1,2026-04-19,Bayern Munich,Stuttgart,B365,1.4,5.5,6.5,1.25,4.0,2026-07-27 11:39:40
7397,ger.1,2026-04-19,Bayern Munich,Stuttgart,Betway,1.42,5.25,6.5,,,2026-07-27 11:39:40
7398,ger.1,2026-04-19,Borussia Mönchengladbach,Mainz,B365,2.35,3.5,2.9,1.9,1.95,2026-07-27 11:39:40
7399,ger.1,2026-04-19,Borussia Mönchengladbach,Mainz,Betway,2.45,3.4,2.75,,,2026-07-27 11:39:40
7400,ger.1,2026-04-24,RB Leipzig,Union Berlin,B365,1.48,4.75,6.0,1.5,2.63,2026-07-27 11:39:40
7401,ger.1,2026-04-24,RB Leipzig,Union Berlin,Betway,1.47,5.0,5.75,,,2026-07-27 11:39:40
7402,ger.1,2026-04-24,RB Leipzig,Union Berlin,Coral,1.48,5.0,5.75,,,2026-07-27 11:39:40
7403,ger.1,2026-04-24,RB Leipzig,Union Berlin,Ladbrokes,1.48,4.8,5.75,,,2026-07-27 11:39:40
7404,ger.1,2026-04-25,Augsburg,Ein Frankfurt,B365,2.5,3.8,2.5,1.53,2.5,2026-07-27 11:39:40
7405,ger.1,2026-04-25,Augsburg,Ein Frankfurt,Betway,2.45,3.75,2.6,,,2026-07-27 11:39:40
7406,ger.1,2026-04-25,Augsburg,Ein Frankfurt,Coral,2.45,3.75,2.6,,,2026-07-27 11:39:40
7407,ger.1,2026-04-25,Augsburg,Ein Frankfurt,Ladbrokes,2.45,3.7,2.6,,,2026-07-27 11:39:40
7408,ger.1,2026-04-25,1. FC Köln,Bayer Leverkusen,B365,3.8,4.0,1.85,1.53,2.5,2026-07-27 11:39:40
7409,ger.1,2026-04-25,1. FC Köln,Bayer Leverkusen,Betway,3.8,3.9,1.85,,,2026-07-27 11:39:40
7410,ger.1,2026-04-25,1. FC Köln,Bayer Leverkusen,Coral,3.8,3.9,1.85,,,2026-07-27 11:39:40
7411,ger.1,2026-04-25,1. FC Köln,Bayer Leverkusen,Ladbrokes,3.75,3.9,1.83,,,2026-07-27 11:39:40
7412,ger.1,2026-04-25,Heidenheim,St Pauli,B365,2.3,3.5,3.0,1.91,1.91,2026-07-27 11:39:40
7413,ger.1,2026-04-25,Heidenheim,St Pauli,Betway,2.45,3.3,2.85,,,2026-07-27 11:39:40
7414,ger.1,2026-04-25,Heidenheim,St Pauli,Coral,2.45,3.3,2.87,,,2026-07-27 11:39:40
7415,ger.1,2026-04-25,Heidenheim,St Pauli,Ladbrokes,2.45,3.3,2.8,,,2026-07-27 11:39:40
7416,ger.1,2026-04-25,Mainz,Bayern Munich,B365,4.33,4.5,1.67,1.44,2.75,2026-07-27 11:39:40
7417,ger.1,2026-04-25,Mainz,Bayern Munich,Betway,4.33,4.5,1.66,,,2026-07-27 11:39:40
7418,ger.1,2026-04-25,Mainz,Bayern Munich,Coral,4.33,4.5,1.67,,,2026-07-27 11:39:40
7419,ger.1,2026-04-25,Mainz,Bayern Munich,Ladbrokes,4.33,4.4,1.65,,,2026-07-27 11:39:40
7420,ger.1,2026-04-25,Wolfsburg,Borussia Mönchengladbach,B365,2.2,3.75,3.0,1.62,2.3,2026-07-27 11:39:40
7421,ger.1,2026-04-25,Wolfsburg,Borussia Mönchengladbach,Betway,2.2,3.6,3.0,,,2026-07-27 11:39:40
7422,ger.1,2026-04-25,Wolfsburg,Borussia Mönchengladbach,Coral,2.25,3.6,3.0,,,2026-07-27 11:39:40
7423,ger.1,2026-04-25,Wolfsburg,Borussia Mönchengladbach,Ladbrokes,2.2,3.6,3.0,,,2026-07-27 11:39:40
7424,ger.1,2026-04-25,Hamburg,Hoffenheim,B365,4.0,4.0,1.75,1.53,2.5,2026-07-27 11:39:40
7425,ger.1,2026-04-25,Hamburg,Hoffenheim,Betway,3.8,3.9,1.85,,,2026-07-27 11:39:40
7426,ger.1,2026-04-25,Hamburg,Hoffenheim,Coral,3.8,3.9,1.85,,,2026-07-27 11:39:40
7427,ger.1,2026-04-25,Hamburg,Hoffenheim,Ladbrokes,3.75,3.9,1.85,,,2026-07-27 11:39:40
7428,ger.1,2026-04-26,Stuttgart,Werder Bremen,B365,1.53,4.33,5.5,1.44,2.75,2026-07-27 11:39:40
7429,ger.1,2026-04-26,Stuttgart,Werder Bremen,Betway,1.53,4.5,5.5,,,2026-07-27 11:39:40
7430,ger.1,2026-04-26,Stuttgart,Werder Bremen,Coral,1.53,4.5,5.5,,,2026-07-27 11:39:40
7431,ger.1,2026-04-26,Stuttgart,Werder Bremen,Ladbrokes,1.53,4.4,5.25,,,2026-07-27 11:39:40
7432,ger.1,2026-04-26,Borussia Dortmund,Freiburg,B365,1.36,5.25,7.5,1.53,2.5,2026-07-27 11:39:40
7433,ger.1,2026-04-26,Borussia Dortmund,Freiburg,Betway,1.41,5.0,6.75,,,2026-07-27 11:39:40
7434,ger.1,2026-05-02,Bayern Munich,Heidenheim,B365,1.25,7.0,9.5,1.25,4.0,2026-07-27 11:39:40
7435,ger.1,2026-05-02,Bayern Munich,Heidenheim,Betway,1.26,7.0,8.75,,,2026-07-27 11:39:40
7436,ger.1,2026-05-02,Bayern Munich,Heidenheim,Coral,1.25,7.0,8.5,,,2026-07-27 11:39:40
7437,ger.1,2026-05-02,Bayern Munich,Heidenheim,Ladbrokes,1.25,7.0,8.5,,,2026-07-27 11:39:40
7438,ger.1,2026-05-02,Ein Frankfurt,Hamburg,B365,1.73,4.1,4.33,1.53,2.5,2026-07-27 11:39:40
7439,ger.1,2026-05-02,Ein Frankfurt,Hamburg,Betway,1.71,4.2,4.33,,,2026-07-27 11:39:40
7440,ger.1,2026-05-02,Ein Frankfurt,Hamburg,Coral,1.7,4.2,4.33,,,2026-07-27 11:39:40
7441,ger.1,2026-05-02,Ein Frankfurt,Hamburg,Ladbrokes,1.7,4.2,4.33,,,2026-07-27 11:39:40
7442,ger.1,2026-05-02,Hoffenheim,Stuttgart,B365,2.3,4.2,2.6,1.36,3.2,2026-07-27 11:39:40
7443,ger.1,2026-05-02,Hoffenheim,Stuttgart,Betway,2.25,4.1,2.7,,,2026-07-27 11:39:40
7444,ger.1,2026-05-02,Hoffenheim,Stuttgart,Coral,2.25,4.0,2.7,,,2026-07-27 11:39:40
7445,ger.1,2026-05-02,Hoffenheim,Stuttgart,Ladbrokes,2.25,4.0,2.7,,,2026-07-27 11:39:40
7446,ger.1,2026-05-02,Union Berlin,1. FC Köln,B365,2.45,3.3,2.9,1.91,1.91,2026-07-27 11:39:40
7447,ger.1,2026-05-02,Union Berlin,1. FC Köln,Betway,2.37,3.4,2.87,,,2026-07-27 11:39:40
7448,ger.1,2026-05-02,Union Berlin,1. FC Köln,Coral,2.4,3.4,2.87,,,2026-07-27 11:39:40
7449,ger.1,2026-05-02,Union Berlin,1. FC Köln,Ladbrokes,2.37,3.4,2.87,,,2026-07-27 11:39:40
7450,ger.1,2026-05-02,Werder Bremen,Augsburg,B365,1.95,3.8,3.6,1.62,2.3,2026-07-27 11:39:40
7451,ger.1,2026-05-02,Werder Bremen,Augsburg,Betway,1.95,3.8,3.5,,,2026-07-27 11:39:40
7452,ger.1,2026-05-02,Werder Bremen,Augsburg,Coral,1.95,3.8,3.5,,,2026-07-27 11:39:40
7453,ger.1,2026-05-02,Werder Bremen,Augsburg,Ladbrokes,1.95,3.75,3.5,,,2026-07-27 11:39:40
7454,ger.1,2026-05-02,Bayer Leverkusen,RB Leipzig,B365,2.1,4.2,2.88,1.36,3.2,2026-07-27 11:39:40
7455,ger.1,2026-05-02,Bayer Leverkusen,RB Leipzig,Betway,2.1,4.1,3.0,,,2026-07-27 11:39:40
7456,ger.1,2026-05-02,Bayer Leverkusen,RB Leipzig,Ladbrokes,2.1,4.0,3.0,,,2026-07-27 11:39:40
7457,ger.1,2026-05-03,St Pauli,Mainz,B365,2.63,3.3,2.6,2.1,1.73,2026-07-27 11:39:40
7458,ger.1,2026-05-03,St Pauli,Mainz,Betway,2.75,3.25,2.55,,,2026-07-27 11:39:40
7459,ger.1,2026-05-03,St Pauli,Mainz,Coral,2.8,3.25,2.6,,,2026-07-27 11:39:40
7460,ger.1,2026-05-03,St Pauli,Mainz,Ladbrokes,2.75,3.25,2.5,,,2026-07-27 11:39:40
7461,ger.1,2026-05-03,Borussia Mönchengladbach,Borussia Dortmund,B365,3.75,3.8,1.91,1.57,2.38,2026-07-27 11:39:40
7462,ger.1,2026-05-03,Borussia Mönchengladbach,Borussia Dortmund,Betway,3.6,3.9,1.9,,,2026-07-27 11:39:40
7463,ger.1,2026-05-03,Borussia Mönchengladbach,Borussia Dortmund,Coral,3.6,3.9,1.91,,,2026-07-27 11:39:40
7464,ger.1,2026-05-03,Borussia Mönchengladbach,Borussia Dortmund,Ladbrokes,3.6,3.8,1.91,,,2026-07-27 11:39:40
7465,ger.1,2026-05-03,Freiburg,Wolfsburg,B365,2.55,3.5,2.7,1.67,2.2,2026-07-27 11:39:40
7466,ger.1,2026-05-03,Freiburg,Wolfsburg,Betway,2.4,3.6,2.8,,,2026-07-27 11:39:40
7467,ger.1,2026-05-03,Freiburg,Wolfsburg,Coral,2.4,3.6,2.8,,,2026-07-27 11:39:40
7468,ger.1,2026-05-03,Freiburg,Wolfsburg,Ladbrokes,2.37,3.5,2.75,,,2026-07-27 11:39:40
7469,ger.1,2026-05-08,Borussia Dortmund,Ein Frankfurt,B365,1.67,4.33,4.5,1.4,3.0,2026-07-27 11:39:40
7470,ger.1,2026-05-08,Borussia Dortmund,Ein Frankfurt,Betway,1.65,4.6,4.33,,,2026-07-27 11:39:40
7471,ger.1,2026-05-08,Borussia Dortmund,Ein Frankfurt,Coral,1.65,4.6,4.33,,,2026-07-27 11:39:40
7472,ger.1,2026-05-08,Borussia Dortmund,Ein Frankfurt,Ladbrokes,1.65,4.5,4.33,,,2026-07-27 11:39:40
7473,ger.1,2026-05-09,Augsburg,Borussia Mönchengladbach,B365,2.05,3.75,3.3,1.62,2.3,2026-07-27 11:39:40
7474,ger.1,2026-05-09,Augsburg,Borussia Mönchengladbach,Betway,2.1,3.7,3.25,,,2026-07-27 11:39:40
7475,ger.1,2026-05-09,Augsburg,Borussia Mönchengladbach,Coral,2.1,3.7,3.25,,,2026-07-27 11:39:40
7476,ger.1,2026-05-09,Augsburg,Borussia Mönchengladbach,Ladbrokes,2.05,3.7,3.25,,,2026-07-27 11:39:40
7477,ger.1,2026-05-09,Hoffenheim,Werder Bremen,B365,1.45,5.0,5.75,1.36,3.2,2026-07-27 11:39:40
7478,ger.1,2026-05-09,Hoffenheim,Werder Bremen,Betway,1.47,5.0,5.5,,,2026-07-27 11:39:40
7479,ger.1,2026-05-09,Hoffenheim,Werder Bremen,Coral,1.48,5.0,5.5,,,2026-07-27 11:39:40
7480,ger.1,2026-05-09,Hoffenheim,Werder Bremen,Ladbrokes,1.48,5.0,5.5,,,2026-07-27 11:39:40
7481,ger.1,2026-05-09,RB Leipzig,St Pauli,B365,1.3,5.5,9.5,1.44,2.75,2026-07-27 11:39:40
7482,ger.1,2026-05-09,RB Leipzig,St Pauli,Betway,1.34,5.5,8.0,,,2026-07-27 11:39:40
7483,ger.1,2026-05-09,Stuttgart,Bayer Leverkusen,B365,2.15,4.0,2.8,1.33,3.4,2026-07-27 11:39:40
7484,ger.1,2026-05-09,Stuttgart,Bayer Leverkusen,Betway,2.1,4.1,2.9,,,2026-07-27 11:39:40
7485,ger.1,2026-05-09,Wolfsburg,Bayern Munich,B365,4.5,4.33,1.65,1.29,3.75,2026-07-27 11:39:40
7486,ger.1,2026-05-09,Wolfsburg,Bayern Munich,Betway,4.2,4.5,1.68,,,2026-07-27 11:39:40
7487,ger.1,2026-05-09,Wolfsburg,Bayern Munich,Coral,4.2,4.5,1.67,,,2026-07-27 11:39:40
7488,ger.1,2026-05-09,Wolfsburg,Bayern Munich,Ladbrokes,4.2,4.5,1.67,,,2026-07-27 11:39:40
7489,ger.1,2026-05-10,Hamburg,Freiburg,B365,2.75,3.6,2.4,1.73,2.1,2026-07-27 11:39:40
7490,ger.1,2026-05-10,Hamburg,Freiburg,Betway,2.75,3.7,2.37,,,2026-07-27 11:39:40
7491,ger.1,2026-05-10,Hamburg,Freiburg,Coral,2.75,3.7,2.37,,,2026-07-27 11:39:40
7492,ger.1,2026-05-10,Hamburg,Freiburg,Ladbrokes,2.7,3.6,2.37,,,2026-07-27 11:39:40
7493,ger.1,2026-05-10,1. FC Köln,Heidenheim,B365,1.91,4.1,3.4,1.44,2.75,2026-07-27 11:39:40
7494,ger.1,2026-05-10,1. FC Köln,Heidenheim,Betway,1.9,3.9,3.6,,,2026-07-27 11:39:40
7495,ger.1,2026-05-10,1. FC Köln,Heidenheim,Coral,1.91,3.9,3.6,,,2026-07-27 11:39:40
7496,ger.1,2026-05-10,1. FC Köln,Heidenheim,Ladbrokes,1.91,3.9,3.6,,,2026-07-27 11:39:40
7497,ger.1,2026-05-10,Mainz,Union Berlin,B365,1.75,4.0,4.33,1.67,2.2,2026-07-27 11:39:40
7498,ger.1,2026-05-10,Mainz,Union Berlin,Betway,1.77,3.9,4.2,,,2026-07-27 11:39:40
7499,ger.1,2026-05-10,Mainz,Union Berlin,Coral,1.75,3.9,4.2,,,2026-07-27 11:39:40
7500,ger.1,2026-05-10,Mainz,Union Berlin,Ladbrokes,1.75,3.9,4.2,,,2026-07-27 11:39:40
7501,ger.1,2026-05-16,Bayern Munich,1. FC Köln,B365,1.14,9.5,14.0,1.13,6.0,2026-07-27 11:39:40
7502,ger.1,2026-05-16,Bayern Munich,1. FC Köln,Betway,1.15,9.25,11.5,,,2026-07-27 11:39:40
7503,ger.1,2026-05-16,Bayern Munich,1. FC Köln,Coral,1.18,9.0,11.0,,,2026-07-27 11:39:40
7504,ger.1,2026-05-16,Bayern Munich,1. FC Köln,Ladbrokes,1.17,9.0,11.0,,,2026-07-27 11:39:40
7505,ger.1,2026-05-16,Ein Frankfurt,Stuttgart,B365,3.4,4.33,1.85,1.3,3.5,2026-07-27 11:39:40
7506,ger.1,2026-05-16,Ein Frankfurt,Stuttgart,Betway,3.3,4.33,1.9,,,2026-07-27 11:39:40
7507,ger.1,2026-05-16,Ein Frankfurt,Stuttgart,Coral,3.3,4.33,1.91,,,2026-07-27 11:39:40
7508,ger.1,2026-05-16,Ein Frankfurt,Stuttgart,Ladbrokes,3.3,4.2,1.91,,,2026-07-27 11:39:40
7509,ger.1,2026-05-16,Freiburg,RB Leipzig,B365,2.7,4.0,2.3,1.44,2.75,2026-07-27 11:39:40
7510,ger.1,2026-05-16,Freiburg,RB Leipzig,Betway,2.6,3.9,2.37,,,2026-07-27 11:39:40
7511,ger.1,2026-05-16,Freiburg,RB Leipzig,Coral,2.62,3.9,2.37,,,2026-07-27 11:39:40
7512,ger.1,2026-05-16,Freiburg,RB Leipzig,Ladbrokes,2.6,3.9,2.37,,,2026-07-27 11:39:40
7513,ger.1,2026-05-16,Heidenheim,Mainz,B365,1.91,4.33,3.4,1.44,2.75,2026-07-27 11:39:40
7514,ger.1,2026-05-16,Heidenheim,Mainz,Betway,1.9,4.2,3.4,,,2026-07-27 11:39:40
7515,ger.1,2026-05-16,Heidenheim,Mainz,Coral,1.91,4.2,3.4,,,2026-07-27 11:39:40
7516,ger.1,2026-05-16,Heidenheim,Mainz,Ladbrokes,1.91,4.2,3.4,,,2026-07-27 11:39:40
7517,ger.1,2026-05-16,Bayer Leverkusen,Hamburg,B365,1.25,6.75,9.5,1.29,3.75,2026-07-27 11:39:40
7518,ger.1,2026-05-16,Bayer Leverkusen,Hamburg,Betway,1.29,6.5,8.25,,,2026-07-27 11:39:40
7519,ger.1,2026-05-16,Bayer Leverkusen,Hamburg,Coral,1.28,6.5,8.5,,,2026-07-27 11:39:40
7520,ger.1,2026-05-16,Bayer Leverkusen,Hamburg,Ladbrokes,1.28,6.5,8.0,,,2026-07-27 11:39:40
7521,ger.1,2026-05-16,Borussia Mönchengladbach,Hoffenheim,B365,4.33,4.5,1.67,1.36,3.2,2026-07-27 11:39:40
7522,ger.1,2026-05-16,Borussia Mönchengladbach,Hoffenheim,Betway,4.1,4.5,1.7,,,2026-07-27 11:39:40
7523,ger.1,2026-05-16,Borussia Mönchengladbach,Hoffenheim,Coral,4.2,4.5,1.7,,,2026-07-27 11:39:40
7524,ger.1,2026-05-16,Borussia Mönchengladbach,Hoffenheim,Ladbrokes,4.0,4.4,1.7,,,2026-07-27 11:39:40
7525,ger.1,2026-05-16,St Pauli,Wolfsburg,B365,2.8,3.75,2.35,1.67,2.2,2026-07-27 11:39:40
7526,ger.1,2026-05-16,St Pauli,Wolfsburg,Betway,2.85,3.6,2.3,,,2026-07-27 11:39:40
7527,ger.1,2026-05-16,St Pauli,Wolfsburg,Coral,2.87,3.6,2.3,,,2026-07-27 11:39:40
7528,ger.1,2026-05-16,St Pauli,Wolfsburg,Ladbrokes,2.8,3.6,2.3,,,2026-07-27 11:39:40
7529,ger.1,2026-05-16,Union Berlin,Augsburg,B365,2.6,3.9,2.4,1.5,2.63,2026-07-27 11:39:40
7530,ger.1,2026-05-16,Union Berlin,Augsburg,Betway,2.6,3.75,2.45,,,2026-07-27 11:39:40
7531,ger.1,2026-05-16,Union Berlin,Augsburg,Coral,2.6,3.75,2.45,,,2026-07-27 11:39:40
7532,ger.1,2026-05-16,Union Berlin,Augsburg,Ladbrokes,2.6,3.7,2.45,,,2026-07-27 11:39:40
7533,ger.1,2026-05-16,Werder Bremen,Borussia Dortmund,B365,3.5,4.0,1.95,1.4,3.0,2026-07-27 11:39:40
7534,ger.1,2026-05-16,Werder Bremen,Borussia Dortmund,Betway,3.3,4.0,1.95,,,2026-07-27 11:39:40
7535,ger.1,2026-05-16,Werder Bremen,Borussia Dortmund,Coral,3.3,4.0,1.95,,,2026-07-27 11:39:40
7536,ger.1,2026-05-16,Werder Bremen,Borussia Dortmund,Ladbrokes,3.3,4.0,1.95,,,2026-07-27 11:39:40
7537,fra.1,2025-08-15,Stade Rennais,Olympique Marseille,B365,3.5,3.6,2.05,1.88,1.98,2026-07-27 11:39:40
7538,fra.1,2025-08-15,Stade Rennais,Olympique Marseille,Pinnacle,3.64,3.58,2.11,1.91,2.0,2026-07-27 11:39:40
7539,fra.1,2025-08-15,Stade Rennais,Olympique Marseille,Betway,3.4,3.5,2.05,,,2026-07-27 11:39:40
7540,fra.1,2025-08-15,Stade Rennais,Olympique Marseille,Coral,3.4,3.5,2.05,,,2026-07-27 11:39:40
7541,fra.1,2025-08-15,Stade Rennais,Olympique Marseille,Ladbrokes,3.4,3.5,2.05,,,2026-07-27 11:39:40
7542,fra.1,2025-08-16,Lens,Olympique Lyonnais,B365,2.3,3.6,2.9,1.67,2.2,2026-07-27 11:39:40
7543,fra.1,2025-08-16,Lens,Olympique Lyonnais,Pinnacle,2.35,3.63,3.02,1.68,2.27,2026-07-27 11:39:40
7544,fra.1,2025-08-16,Lens,Olympique Lyonnais,Betway,2.25,3.6,2.95,,,2026-07-27 11:39:40
7545,fra.1,2025-08-16,Lens,Olympique Lyonnais,Coral,2.3,3.6,2.9,,,2026-07-27 11:39:40
7546,fra.1,2025-08-16,Lens,Olympique Lyonnais,Ladbrokes,2.25,3.6,2.9,,,2026-07-27 11:39:40
7547,fra.1,2025-08-16,Monaco,Le Havre,B365,1.33,5.25,8.0,1.53,2.5,2026-07-27 11:39:40
7548,fra.1,2025-08-16,Monaco,Le Havre,Pinnacle,1.34,5.61,8.59,1.55,2.55,2026-07-27 11:39:40
7549,fra.1,2025-08-16,Monaco,Le Havre,Betway,1.36,5.25,7.75,,,2026-07-27 11:39:40
7550,fra.1,2025-08-16,Monaco,Le Havre,Coral,1.36,5.25,7.5,,,2026-07-27 11:39:40
7551,fra.1,2025-08-16,Monaco,Le Havre,Ladbrokes,1.36,5.25,7.5,,,2026-07-27 11:39:40
7552,fra.1,2025-08-16,Nice,Toulouse,B365,2.1,3.3,3.6,2.0,1.85,2026-07-27 11:39:40
7553,fra.1,2025-08-16,Nice,Toulouse,Pinnacle,2.12,3.45,3.69,2.03,1.87,2026-07-27 11:39:40
7554,fra.1,2025-08-16,Nice,Toulouse,Betway,2.15,3.4,3.3,,,2026-07-27 11:39:40
7555,fra.1,2025-08-16,Nice,Toulouse,Coral,2.15,3.4,3.3,,,2026-07-27 11:39:40
7556,fra.1,2025-08-16,Nice,Toulouse,Ladbrokes,2.15,3.4,3.3,,,2026-07-27 11:39:40
7557,fra.1,2025-08-17,Brest,Lille,B365,3.3,3.4,2.2,1.9,1.95,2026-07-27 11:39:40
7558,fra.1,2025-08-17,Brest,Lille,Pinnacle,3.36,3.48,2.23,1.93,1.95,2026-07-27 11:39:40
7559,fra.1,2025-08-17,Brest,Lille,Betway,3.2,3.5,2.15,,,2026-07-27 11:39:40
7560,fra.1,2025-08-17,Brest,Lille,Coral,3.2,3.5,2.15,,,2026-07-27 11:39:40
7561,fra.1,2025-08-17,Brest,Lille,Ladbrokes,3.2,3.5,2.15,,,2026-07-27 11:39:40
7562,fra.1,2025-08-17,Angers,Paris FC,B365,2.63,3.2,2.8,2.2,1.67,2026-07-27 11:39:40
7563,fra.1,2025-08-17,Angers,Paris FC,Pinnacle,2.75,3.17,2.83,2.27,1.68,2026-07-27 11:39:40
7564,fra.1,2025-08-17,Angers,Paris FC,Betway,2.6,3.2,2.75,,,2026-07-27 11:39:40
7565,fra.1,2025-08-17,Angers,Paris FC,Coral,2.6,3.2,2.75,,,2026-07-27 11:39:40
7566,fra.1,2025-08-17,Angers,Paris FC,Ladbrokes,2.6,3.2,2.75,,,2026-07-27 11:39:40
7567,fra.1,2025-08-17,Auxerre,Lorient,B365,2.38,3.3,3.0,1.9,1.95,2026-07-27 11:39:40
7568,fra.1,2025-08-17,Auxerre,Lorient,Pinnacle,2.4,3.46,3.06,1.91,1.98,2026-07-27 11:39:40
7569,fra.1,2025-08-17,Auxerre,Lorient,Betway,2.35,3.4,2.9,,,2026-07-27 11:39:40
7570,fra.1,2025-08-17,Auxerre,Lorient,Coral,2.37,3.5,2.9,,,2026-07-27 11:39:40
7571,fra.1,2025-08-17,Auxerre,Lorient,Ladbrokes,2.3,3.4,2.9,,,2026-07-27 11:39:40
7572,fra.1,2025-08-17,Metz,Strasbourg,B365,3.2,3.4,2.25,1.88,1.98,2026-07-27 11:39:40
7573,fra.1,2025-08-17,Metz,Strasbourg,Pinnacle,3.23,3.48,2.29,1.92,1.97,2026-07-27 11:39:40
7574,fra.1,2025-08-17,Metz,Strasbourg,Betway,2.95,3.4,2.3,,,2026-07-27 11:39:40
7575,fra.1,2025-08-17,Metz,Strasbourg,Coral,3.0,3.4,2.3,,,2026-07-27 11:39:40
7576,fra.1,2025-08-17,Metz,Strasbourg,Ladbrokes,3.0,3.4,2.3,,,2026-07-27 11:39:40
7577,fra.1,2025-08-17,Nantes,Paris Saint-Germain,B365,7.5,5.5,1.36,1.44,2.75,2026-07-27 11:39:40
7578,fra.1,2025-08-17,Nantes,Paris Saint-Germain,Pinnacle,8.26,5.72,1.35,1.48,2.73,2026-07-27 11:39:40
7579,fra.1,2025-08-17,Nantes,Paris Saint-Germain,Betway,7.75,5.75,1.34,,,2026-07-27 11:39:40
7580,fra.1,2025-08-17,Nantes,Paris Saint-Germain,Coral,8.0,5.5,1.33,,,2026-07-27 11:39:40
7581,fra.1,2025-08-17,Nantes,Paris Saint-Germain,Ladbrokes,7.5,5.5,1.33,,,2026-07-27 11:39:40
7582,fra.1,2025-08-22,Paris Saint-Germain,Angers,B365,1.08,12.0,21.0,1.25,4.0,2026-07-27 11:39:40
7583,fra.1,2025-08-22,Paris Saint-Germain,Angers,Pinnacle,1.09,12.5,27.0,,,2026-07-27 11:39:40
7584,fra.1,2025-08-22,Paris Saint-Germain,Angers,Betway,1.1,11.5,26.0,,,2026-07-27 11:39:40
7585,fra.1,2025-08-22,Paris Saint-Germain,Angers,Coral,1.09,11.0,23.0,,,2026-07-27 11:39:40
7586,fra.1,2025-08-22,Paris Saint-Germain,Angers,Ladbrokes,1.09,11.0,23.0,,,2026-07-27 11:39:40
7587,fra.1,2025-08-23,Olympique Marseille,Paris FC,B365,1.38,5.0,7.5,1.65,2.2,2026-07-27 11:39:40
7588,fra.1,2025-08-23,Olympique Marseille,Paris FC,Pinnacle,1.39,5.14,8.08,1.67,2.3,2026-07-27 11:39:40
7589,fra.1,2025-08-23,Olympique Marseille,Paris FC,Betway,1.39,5.0,7.5,,,2026-07-27 11:39:40
7590,fra.1,2025-08-23,Olympique Marseille,Paris FC,Coral,1.4,5.0,7.5,,,2026-07-27 11:39:40
7591,fra.1,2025-08-23,Olympique Marseille,Paris FC,Ladbrokes,1.4,5.0,7.5,,,2026-07-27 11:39:40
7592,fra.1,2025-08-23,Nice,Auxerre,B365,1.62,4.2,5.0,1.73,2.08,2026-07-27 11:39:40
7593,fra.1,2025-08-23,Nice,Auxerre,Pinnacle,1.68,4.12,4.98,1.79,2.1,2026-07-27 11:39:40
7594,fra.1,2025-08-23,Nice,Auxerre,Betway,1.62,4.2,5.0,,,2026-07-27 11:39:40
7595,fra.1,2025-08-23,Nice,Auxerre,Coral,1.61,4.2,5.0,,,2026-07-27 11:39:40
7596,fra.1,2025-08-23,Nice,Auxerre,Ladbrokes,1.61,4.2,4.8,,,2026-07-27 11:39:40
7597,fra.1,2025-08-23,Olympique Lyonnais,Metz,B365,1.4,5.0,7.0,1.53,2.5,2026-07-27 11:39:40
7598,fra.1,2025-08-23,Olympique Lyonnais,Metz,Pinnacle,1.4,5.19,7.54,1.56,2.54,2026-07-27 11:39:40
7599,fra.1,2025-08-23,Olympique Lyonnais,Metz,Betway,1.41,5.0,7.0,,,2026-07-27 11:39:40
7600,fra.1,2025-08-23,Olympique Lyonnais,Metz,Coral,1.4,5.0,7.0,,,2026-07-27 11:39:40
7601,fra.1,2025-08-23,Olympique Lyonnais,Metz,Ladbrokes,1.4,5.0,7.0,,,2026-07-27 11:39:40
7602,fra.1,2025-08-24,Lorient,Stade Rennais,B365,2.8,3.3,2.55,1.98,1.88,2026-07-27 11:39:40
7603,fra.1,2025-08-24,Lorient,Stade Rennais,Pinnacle,2.84,3.3,2.64,2.01,1.88,2026-07-27 11:39:40
7604,fra.1,2025-08-24,Lorient,Stade Rennais,Betway,2.75,3.3,2.5,,,2026-07-27 11:39:40
7605,fra.1,2025-08-24,Lorient,Stade Rennais,Coral,2.75,3.4,2.5,,,2026-07-27 11:39:40
7606,fra.1,2025-08-24,Lorient,Stade Rennais,Ladbrokes,2.75,3.3,2.5,,,2026-07-27 11:39:40
7607,fra.1,2025-08-24,Le Havre,Lens,B365,3.75,3.6,1.95,1.85,2.0,2026-07-27 11:39:40
7608,fra.1,2025-08-24,Le Havre,Lens,Pinnacle,3.99,3.66,1.95,1.88,2.02,2026-07-27 11:39:40
7609,fra.1,2025-08-24,Le Havre,Lens,Betway,3.7,3.7,1.93,,,2026-07-27 11:39:40
7610,fra.1,2025-08-24,Le Havre,Lens,Coral,3.7,3.7,1.95,,,2026-07-27 11:39:40
7611,fra.1,2025-08-24,Le Havre,Lens,Ladbrokes,3.7,3.6,1.95,,,2026-07-27 11:39:40
7612,fra.1,2025-08-24,Strasbourg,Nantes,B365,1.75,3.5,5.0,1.93,1.93,2026-07-27 11:39:40
7613,fra.1,2025-08-24,Strasbourg,Nantes,Pinnacle,1.78,3.65,4.98,1.92,1.97,2026-07-27 11:39:40
7614,fra.1,2025-08-24,Strasbourg,Nantes,Betway,1.8,3.7,4.33,,,2026-07-27 11:39:40
7615,fra.1,2025-08-24,Strasbourg,Nantes,Coral,1.8,3.7,4.33,,,2026-07-27 11:39:40
7616,fra.1,2025-08-24,Strasbourg,Nantes,Ladbrokes,1.8,3.6,4.2,,,2026-07-27 11:39:40
7617,fra.1,2025-08-24,Toulouse,Brest,B365,2.1,3.6,3.3,1.93,1.93,2026-07-27 11:39:40
7618,fra.1,2025-08-24,Toulouse,Brest,Pinnacle,2.11,3.57,3.57,1.95,1.93,2026-07-27 11:39:40
7619,fra.1,2025-08-24,Toulouse,Brest,Betway,2.1,3.5,3.4,,,2026-07-27 11:39:40
7620,fra.1,2025-08-24,Toulouse,Brest,Coral,2.1,3.5,3.4,,,2026-07-27 11:39:40
7621,fra.1,2025-08-24,Toulouse,Brest,Ladbrokes,2.1,3.5,3.4,,,2026-07-27 11:39:40
7622,fra.1,2025-08-24,Lille,Monaco,B365,3.1,3.6,2.2,1.67,2.15,2026-07-27 11:39:40
7623,fra.1,2025-08-24,Lille,Monaco,Pinnacle,3.11,3.64,2.29,1.7,2.25,2026-07-27 11:39:40
7624,fra.1,2025-08-24,Lille,Monaco,Betway,2.85,3.6,2.3,,,2026-07-27 11:39:40
7625,fra.1,2025-08-24,Lille,Monaco,Coral,2.87,3.6,2.3,,,2026-07-27 11:39:40
7626,fra.1,2025-08-24,Lille,Monaco,Ladbrokes,2.87,3.6,2.3,,,2026-07-27 11:39:40
7627,fra.1,2025-08-29,Lens,Brest,B365,1.85,3.75,4.0,1.8,2.0,2026-07-27 11:39:40
7628,fra.1,2025-08-29,Lens,Brest,Pinnacle,1.88,3.83,4.24,1.85,2.07,2026-07-27 11:39:40
7629,fra.1,2025-08-29,Lens,Brest,Betway,1.87,3.7,4.0,,,2026-07-27 11:39:40
7630,fra.1,2025-08-29,Lens,Brest,Coral,1.85,3.7,4.0,,,2026-07-27 11:39:40
7631,fra.1,2025-08-29,Lens,Brest,Ladbrokes,1.85,3.6,3.9,,,2026-07-27 11:39:40
7632,fra.1,2025-08-30,Lorient,Lille,B365,3.4,3.5,2.1,1.88,1.98,2026-07-27 11:39:40
7633,fra.1,2025-08-30,Lorient,Lille,Pinnacle,3.44,3.62,2.14,1.88,2.0,2026-07-27 11:39:40
7634,fra.1,2025-08-30,Lorient,Lille,Betway,3.3,3.5,2.1,,,2026-07-27 11:39:40
7635,fra.1,2025-08-30,Lorient,Lille,Coral,3.3,3.5,2.15,,,2026-07-27 11:39:40
7636,fra.1,2025-08-30,Lorient,Lille,Ladbrokes,3.3,3.5,2.1,,,2026-07-27 11:39:40
7637,fra.1,2025-08-30,Nantes,Auxerre,B365,2.2,3.4,3.25,2.2,1.67,2026-07-27 11:39:40
7638,fra.1,2025-08-30,Nantes,Auxerre,Pinnacle,2.33,3.27,3.34,2.22,1.71,2026-07-27 11:39:40
7639,fra.1,2025-08-30,Nantes,Auxerre,Betway,2.3,3.2,3.2,,,2026-07-27 11:39:40
7640,fra.1,2025-08-30,Nantes,Auxerre,Coral,2.3,3.2,3.2,,,2026-07-27 11:39:40
7641,fra.1,2025-08-30,Nantes,Auxerre,Ladbrokes,2.3,3.2,3.2,,,2026-07-27 11:39:40
7642,fra.1,2025-08-30,Toulouse,Paris Saint-Germain,B365,8.5,5.25,1.33,1.57,2.38,2026-07-27 11:39:40
7643,fra.1,2025-08-30,Toulouse,Paris Saint-Germain,Pinnacle,8.47,5.48,1.36,1.59,2.46,2026-07-27 11:39:40
7644,fra.1,2025-08-30,Toulouse,Paris Saint-Germain,Betway,8.75,5.25,1.34,,,2026-07-27 11:39:40
7645,fra.1,2025-08-30,Toulouse,Paris Saint-Germain,Coral,9.0,5.0,1.35,,,2026-07-27 11:39:40
7646,fra.1,2025-08-30,Toulouse,Paris Saint-Germain,Ladbrokes,8.0,4.8,1.3,,,2026-07-27 11:39:40
7647,fra.1,2025-08-31,Angers,Stade Rennais,B365,3.4,3.5,2.1,2.05,1.8,2026-07-27 11:39:40
7648,fra.1,2025-08-31,Angers,Stade Rennais,Pinnacle,3.47,3.53,2.16,2.08,1.82,2026-07-27 11:39:40
7649,fra.1,2025-08-31,Angers,Stade Rennais,Betway,3.25,3.4,2.15,,,2026-07-27 11:39:40
7650,fra.1,2025-08-31,Angers,Stade Rennais,Coral,3.25,3.4,2.15,,,2026-07-27 11:39:40
7651,fra.1,2025-08-31,Angers,Stade Rennais,Ladbrokes,3.25,3.4,2.15,,,2026-07-27 11:39:40
7652,fra.1,2025-08-31,Le Havre,Nice,B365,3.6,3.5,2.05,1.88,1.98,2026-07-27 11:39:40
7653,fra.1,2025-08-31,Le Havre,Nice,Pinnacle,3.64,3.59,2.08,1.88,2.0,2026-07-27 11:39:40
7654,fra.1,2025-08-31,Le Havre,Nice,Betway,3.5,3.4,2.1,,,2026-07-27 11:39:40
7655,fra.1,2025-08-31,Le Havre,Nice,Coral,3.5,3.4,2.1,,,2026-07-27 11:39:40
7656,fra.1,2025-08-31,Le Havre,Nice,Ladbrokes,3.4,3.4,2.1,,,2026-07-27 11:39:40
7657,fra.1,2025-08-31,Monaco,Strasbourg,B365,1.55,4.33,5.5,1.62,2.3,2026-07-27 11:39:40
7658,fra.1,2025-08-31,Monaco,Strasbourg,Pinnacle,1.56,4.56,5.64,1.62,2.39,2026-07-27 11:39:40
7659,fra.1,2025-08-31,Monaco,Strasbourg,Betway,1.55,4.33,5.5,,,2026-07-27 11:39:40
7660,fra.1,2025-08-31,Monaco,Strasbourg,Coral,1.55,4.33,5.5,,,2026-07-27 11:39:40
7661,fra.1,2025-08-31,Monaco,Strasbourg,Ladbrokes,1.55,4.33,5.5,,,2026-07-27 11:39:40
7662,fra.1,2025-08-31,Paris FC,Metz,B365,1.8,3.7,4.33,1.98,1.88,2026-07-27 11:39:40
7663,fra.1,2025-08-31,Paris FC,Metz,Pinnacle,1.84,3.76,4.43,1.97,1.92,2026-07-27 11:39:40
7664,fra.1,2025-08-31,Paris FC,Metz,Betway,1.85,3.6,4.2,,,2026-07-27 11:39:40
7665,fra.1,2025-08-31,Paris FC,Metz,Coral,1.85,3.6,4.2,,,2026-07-27 11:39:40
7666,fra.1,2025-08-31,Paris FC,Metz,Ladbrokes,1.85,3.5,4.2,,,2026-07-27 11:39:40
7667,fra.1,2025-08-31,Olympique Lyonnais,Olympique Marseille,B365,2.63,3.6,2.5,1.53,2.4,2026-07-27 11:39:40
7668,fra.1,2025-08-31,Olympique Lyonnais,Olympique Marseille,Pinnacle,2.74,3.75,2.49,1.56,2.53,2026-07-27 11:39:40
7669,fra.1,2025-08-31,Olympique Lyonnais,Olympique Marseille,Betway,2.7,3.7,2.4,,,2026-07-27 11:39:40
7670,fra.1,2025-08-31,Olympique Lyonnais,Olympique Marseille,Coral,2.7,3.7,2.4,,,2026-07-27 11:39:40
7671,fra.1,2025-08-31,Olympique Lyonnais,Olympique Marseille,Ladbrokes,2.7,3.6,2.4,,,2026-07-27 11:39:40
7672,fra.1,2025-09-12,Olympique Marseille,Lorient,B365,1.38,5.0,7.5,1.5,2.63,2026-07-27 11:39:40
7673,fra.1,2025-09-12,Olympique Marseille,Lorient,Pinnacle,1.39,5.55,7.44,1.5,2.71,2026-07-27 11:39:40
7674,fra.1,2025-09-12,Olympique Marseille,Lorient,Betway,1.36,5.25,7.5,,,2026-07-27 11:39:40
7675,fra.1,2025-09-12,Olympique Marseille,Lorient,Coral,1.36,5.25,7.5,,,2026-07-27 11:39:40
7676,fra.1,2025-09-12,Olympique Marseille,Lorient,Ladbrokes,1.36,5.25,7.5,,,2026-07-27 11:39:40
7677,fra.1,2025-09-13,Nice,Nantes,B365,1.67,3.7,5.25,1.9,1.95,2026-07-27 11:39:40
7678,fra.1,2025-09-13,Nice,Nantes,Pinnacle,1.71,3.89,5.1,1.92,1.97,2026-07-27 11:39:40
7679,fra.1,2025-09-13,Nice,Nantes,Betway,1.68,3.9,4.8,,,2026-07-27 11:39:40
7680,fra.1,2025-09-13,Nice,Nantes,Coral,1.7,3.9,4.8,,,2026-07-27 11:39:40
7681,fra.1,2025-09-13,Nice,Nantes,Ladbrokes,1.67,3.9,4.8,,,2026-07-27 11:39:40
7682,fra.1,2025-09-13,Auxerre,Monaco,B365,5.0,4.33,1.6,1.53,2.5,2026-07-27 11:39:40
7683,fra.1,2025-09-13,Auxerre,Monaco,Pinnacle,5.17,4.55,1.6,1.55,2.57,2026-07-27 11:39:40
7684,fra.1,2025-09-13,Auxerre,Monaco,Betway,4.8,4.33,1.62,,,2026-07-27 11:39:40
7685,fra.1,2025-09-13,Auxerre,Monaco,Coral,4.8,4.33,1.61,,,2026-07-27 11:39:40
7686,fra.1,2025-09-13,Auxerre,Monaco,Ladbrokes,4.8,4.33,1.61,,,2026-07-27 11:39:40
7687,fra.1,2025-09-14,Lille,Toulouse,B365,1.75,3.8,4.5,1.8,2.0,2026-07-27 11:39:40
7688,fra.1,2025-09-14,Lille,Toulouse,Pinnacle,1.78,4.01,4.43,1.82,2.06,2026-07-27 11:39:40
7689,fra.1,2025-09-14,Lille,Toulouse,Betway,1.8,3.8,4.1,,,2026-07-27 11:39:40
7690,fra.1,2025-09-14,Lille,Toulouse,Coral,1.8,3.8,4.2,,,2026-07-27 11:39:40
7691,fra.1,2025-09-14,Lille,Toulouse,Ladbrokes,1.8,3.8,4.0,,,2026-07-27 11:39:40
7692,fra.1,2025-09-14,Brest,Paris FC,B365,2.25,3.5,3.1,1.73,2.1,2026-07-27 11:39:40
7693,fra.1,2025-09-14,Brest,Paris FC,Pinnacle,2.31,3.66,3.05,1.76,2.14,2026-07-27 11:39:40
7694,fra.1,2025-09-14,Brest,Paris FC,Betway,2.25,3.5,3.0,,,2026-07-27 11:39:40
7695,fra.1,2025-09-14,Brest,Paris FC,Coral,2.25,3.5,3.0,,,2026-07-27 11:39:40
7696,fra.1,2025-09-14,Brest,Paris FC,Ladbrokes,2.25,3.5,3.0,,,2026-07-27 11:39:40
7697,fra.1,2025-09-14,Metz,Angers,B365,2.25,3.4,3.2,2.1,1.73,2026-07-27 11:39:40
7698,fra.1,2025-09-14,Metz,Angers,Pinnacle,2.35,3.32,3.26,2.1,1.79,2026-07-27 11:39:40
7699,fra.1,2025-09-14,Metz,Angers,Betway,2.25,3.4,3.1,,,2026-07-27 11:39:40
7700,fra.1,2025-09-14,Metz,Angers,Coral,2.25,3.4,3.1,,,2026-07-27 11:39:40
7701,fra.1,2025-09-14,Metz,Angers,Ladbrokes,2.25,3.4,3.1,,,2026-07-27 11:39:40
7702,fra.1,2025-09-14,Paris Saint-Germain,Lens,B365,1.33,5.75,7.5,1.36,3.2,2026-07-27 11:39:40
7703,fra.1,2025-09-14,Paris Saint-Germain,Lens,Pinnacle,1.33,5.97,8.28,1.38,3.19,2026-07-27 11:39:40
7704,fra.1,2025-09-14,Paris Saint-Germain,Lens,Betway,1.32,6.0,8.0,,,2026-07-27 11:39:40
7705,fra.1,2025-09-14,Paris Saint-Germain,Lens,Coral,1.33,6.0,8.0,,,2026-07-27 11:39:40
7706,fra.1,2025-09-14,Paris Saint-Germain,Lens,Ladbrokes,1.3,5.75,8.0,,,2026-07-27 11:39:40
7707,fra.1,2025-09-14,Strasbourg,Le Havre,B365,1.62,4.0,5.5,1.8,2.0,2026-07-27 11:39:40
7708,fra.1,2025-09-14,Strasbourg,Le Havre,Pinnacle,1.64,4.27,5.15,1.81,2.08,2026-07-27 11:39:40
7709,fra.1,2025-09-14,Strasbourg,Le Havre,Betway,1.62,4.1,5.0,,,2026-07-27 11:39:40
7710,fra.1,2025-09-14,Strasbourg,Le Havre,Coral,1.61,4.2,5.0,,,2026-07-27 11:39:40
7711,fra.1,2025-09-14,Strasbourg,Le Havre,Ladbrokes,1.61,4.2,5.0,,,2026-07-27 11:39:40
7712,fra.1,2025-09-14,Stade Rennais,Olympique Lyonnais,B365,2.63,3.6,2.55,1.73,2.1,2026-07-27 11:39:40
7713,fra.1,2025-09-14,Stade Rennais,Olympique Lyonnais,Pinnacle,2.71,3.61,2.58,1.79,2.11,2026-07-27 11:39:40
7714,fra.1,2025-09-14,Stade Rennais,Olympique Lyonnais,Betway,2.7,3.5,2.5,,,2026-07-27 11:39:40
7715,fra.1,2025-09-14,Stade Rennais,Olympique Lyonnais,Coral,2.7,3.5,2.5,,,2026-07-27 11:39:40
7716,fra.1,2025-09-14,Stade Rennais,Olympique Lyonnais,Ladbrokes,2.7,3.5,2.45,,,2026-07-27 11:39:40
7717,fra.1,2025-09-19,Olympique Lyonnais,Angers,B365,1.44,4.33,7.0,1.8,2.0,2026-07-27 11:39:40
7718,fra.1,2025-09-19,Olympique Lyonnais,Angers,Pinnacle,1.47,4.63,6.93,1.8,2.08,2026-07-27 11:39:40
7719,fra.1,2025-09-19,Olympique Lyonnais,Angers,Betway,1.46,4.5,6.5,,,2026-07-27 11:39:40
7720,fra.1,2025-09-19,Olympique Lyonnais,Angers,Coral,1.48,4.5,6.5,,,2026-07-27 11:39:40
7721,fra.1,2025-09-19,Olympique Lyonnais,Angers,Ladbrokes,1.44,4.5,6.5,,,2026-07-27 11:39:40
7722,fra.1,2025-09-20,Nantes,Stade Rennais,B365,3.5,3.4,2.1,2.05,1.8,2026-07-27 11:39:40
7723,fra.1,2025-09-20,Nantes,Stade Rennais,Pinnacle,3.69,3.47,2.11,2.04,1.85,2026-07-27 11:39:40
7724,fra.1,2025-09-20,Nantes,Stade Rennais,Betway,3.4,3.4,2.15,,,2026-07-27 11:39:40
7725,fra.1,2025-09-20,Nantes,Stade Rennais,Coral,3.4,3.4,2.15,,,2026-07-27 11:39:40
7726,fra.1,2025-09-20,Nantes,Stade Rennais,Ladbrokes,3.4,3.4,2.1,,,2026-07-27 11:39:40
7727,fra.1,2025-09-20,Brest,Nice,B365,2.63,3.5,2.6,1.73,2.1,2026-07-27 11:39:40
7728,fra.1,2025-09-20,Brest,Nice,Pinnacle,2.75,3.59,2.56,1.74,2.18,2026-07-27 11:39:40
7729,fra.1,2025-09-20,Brest,Nice,Betway,2.6,3.6,2.5,,,2026-07-27 11:39:40
7730,fra.1,2025-09-20,Brest,Nice,Coral,2.62,3.6,2.5,,,2026-07-27 11:39:40
7731,fra.1,2025-09-20,Brest,Nice,Ladbrokes,2.6,3.5,2.5,,,2026-07-27 11:39:40
7732,fra.1,2025-09-20,Lens,Lille,B365,2.38,3.5,2.9,1.8,2.0,2026-07-27 11:39:40
7733,fra.1,2025-09-20,Lens,Lille,Pinnacle,2.4,3.49,3.02,1.79,2.1,2026-07-27 11:39:40
7734,fra.1,2025-09-20,Lens,Lille,Betway,2.37,3.5,2.8,,,2026-07-27 11:39:40
7735,fra.1,2025-09-20,Lens,Lille,Coral,2.4,3.5,2.8,,,2026-07-27 11:39:40
7736,fra.1,2025-09-20,Lens,Lille,Ladbrokes,2.37,3.5,2.8,,,2026-07-27 11:39:40
7737,fra.1,2025-09-21,Paris FC,Strasbourg,B365,2.35,3.5,2.9,1.73,2.1,2026-07-27 11:39:40
7738,fra.1,2025-09-21,Paris FC,Strasbourg,Pinnacle,2.45,3.44,3.0,1.79,2.1,2026-07-27 11:39:40
7739,fra.1,2025-09-21,Paris FC,Strasbourg,Betway,2.37,3.5,2.8,,,2026-07-27 11:39:40
7740,fra.1,2025-09-21,Paris FC,Strasbourg,Coral,2.37,3.6,2.8,,,2026-07-27 11:39:40
7741,fra.1,2025-09-21,Paris FC,Strasbourg,Ladbrokes,2.37,3.5,2.8,,,2026-07-27 11:39:40
7742,fra.1,2025-09-21,Auxerre,Toulouse,B365,2.75,3.2,2.7,2.05,1.8,2026-07-27 11:39:40
7743,fra.1,2025-09-21,Auxerre,Toulouse,Pinnacle,2.79,3.27,2.72,2.08,1.81,2026-07-27 11:39:40
7744,fra.1,2025-09-21,Auxerre,Toulouse,Betway,2.65,3.3,2.6,,,2026-07-27 11:39:40
7745,fra.1,2025-09-21,Auxerre,Toulouse,Coral,2.62,3.3,2.62,,,2026-07-27 11:39:40
7746,fra.1,2025-09-21,Auxerre,Toulouse,Ladbrokes,2.62,3.3,2.6,,,2026-07-27 11:39:40
7747,fra.1,2025-09-21,Le Havre,Lorient,B365,2.25,3.5,3.1,1.95,1.9,2026-07-27 11:39:40
7748,fra.1,2025-09-21,Le Havre,Lorient,Pinnacle,2.31,3.49,3.18,1.95,1.93,2026-07-27 11:39:40
7749,fra.1,2025-09-21,Le Havre,Lorient,Betway,2.25,3.4,3.1,,,2026-07-27 11:39:40
7750,fra.1,2025-09-21,Le Havre,Lorient,Coral,2.25,3.4,3.1,,,2026-07-27 11:39:40
7751,fra.1,2025-09-21,Le Havre,Lorient,Ladbrokes,2.25,3.4,3.1,,,2026-07-27 11:39:40
7752,fra.1,2025-09-21,Monaco,Metz,B365,1.27,6.0,10.0,1.36,3.2,2026-07-27 11:39:40
7753,fra.1,2025-09-21,Monaco,Metz,Pinnacle,1.27,6.55,9.38,1.38,3.07,2026-07-27 11:39:40
7754,fra.1,2025-09-21,Monaco,Metz,Betway,1.27,6.0,9.75,,,2026-07-27 11:39:40
7755,fra.1,2025-09-21,Monaco,Metz,Coral,1.28,6.0,9.5,,,2026-07-27 11:39:40
7756,fra.1,2025-09-21,Monaco,Metz,Ladbrokes,1.28,6.0,9.5,,,2026-07-27 11:39:40
7757,fra.1,2025-09-22,Olympique Marseille,Paris Saint-Germain,B365,3.7,4.1,1.9,1.53,2.5,2026-07-27 11:39:40
7758,fra.1,2025-09-22,Olympique Marseille,Paris Saint-Germain,Pinnacle,3.73,3.98,1.94,1.57,2.5,2026-07-27 11:39:40
7759,fra.1,2025-09-22,Olympique Marseille,Paris Saint-Germain,Betway,3.5,3.9,1.93,,,2026-07-27 11:39:40
7760,fra.1,2025-09-22,Olympique Marseille,Paris Saint-Germain,Coral,3.5,3.9,1.91,,,2026-07-27 11:39:40
7761,fra.1,2025-09-22,Olympique Marseille,Paris Saint-Germain,Ladbrokes,3.5,3.9,1.91,,,2026-07-27 11:39:40
7762,fra.1,2025-09-26,Strasbourg,Olympique Marseille,B365,3.6,3.6,2.0,1.73,2.1,2026-07-27 11:39:40
7763,fra.1,2025-09-26,Strasbourg,Olympique Marseille,Pinnacle,3.76,3.78,2.01,1.79,2.11,2026-07-27 11:39:40
7764,fra.1,2025-09-26,Strasbourg,Olympique Marseille,Betway,3.5,3.6,2.0,,,2026-07-27 11:39:40
7765,fra.1,2025-09-26,Strasbourg,Olympique Marseille,Coral,3.5,3.6,2.0,,,2026-07-27 11:39:40
7766,fra.1,2025-09-26,Strasbourg,Olympique Marseille,Ladbrokes,3.5,3.6,2.0,,,2026-07-27 11:39:40
7767,fra.1,2025-09-27,Lorient,Monaco,B365,5.5,4.1,1.6,1.57,2.38,2026-07-27 11:39:40
7768,fra.1,2025-09-27,Lorient,Monaco,Pinnacle,5.28,4.36,1.62,1.58,2.47,2026-07-27 11:39:40
7769,fra.1,2025-09-27,Lorient,Monaco,Betway,4.8,4.33,1.63,,,2026-07-27 11:39:40
7770,fra.1,2025-09-27,Lorient,Monaco,Coral,4.8,4.33,1.61,,,2026-07-27 11:39:40
7771,fra.1,2025-09-27,Lorient,Monaco,Ladbrokes,4.8,4.2,1.61,,,2026-07-27 11:39:40
7772,fra.1,2025-09-27,Toulouse,Nantes,B365,1.7,3.5,5.5,2.1,1.73,2026-07-27 11:39:40
7773,fra.1,2025-09-27,Toulouse,Nantes,Pinnacle,1.7,3.8,5.4,2.13,1.76,2026-07-27 11:39:40
7774,fra.1,2025-09-27,Toulouse,Nantes,Betway,1.73,3.6,4.8,,,2026-07-27 11:39:40
7775,fra.1,2025-09-27,Toulouse,Nantes,Coral,1.73,3.6,4.8,,,2026-07-27 11:39:40
7776,fra.1,2025-09-27,Toulouse,Nantes,Ladbrokes,1.73,3.6,4.8,,,2026-07-27 11:39:40
7777,fra.1,2025-09-27,Paris Saint-Germain,Auxerre,B365,1.14,8.0,15.0,1.3,3.5,2026-07-27 11:39:40
7778,fra.1,2025-09-27,Paris Saint-Germain,Auxerre,Pinnacle,1.16,9.23,14.84,1.32,3.46,2026-07-27 11:39:40
7779,fra.1,2025-09-27,Paris Saint-Germain,Auxerre,Betway,1.16,8.5,15.5,,,2026-07-27 11:39:40
7780,fra.1,2025-09-27,Paris Saint-Germain,Auxerre,Coral,1.15,8.5,15.0,,,2026-07-27 11:39:40
7781,fra.1,2025-09-27,Paris Saint-Germain,Auxerre,Ladbrokes,1.15,8.5,15.0,,,2026-07-27 11:39:40
7782,fra.1,2025-09-28,Nice,Paris FC,B365,1.85,3.75,4.0,1.62,2.3,2026-07-27 11:39:40
7783,fra.1,2025-09-28,Nice,Paris FC,Pinnacle,1.88,3.99,3.96,1.62,2.39,2026-07-27 11:39:40
7784,fra.1,2025-09-28,Nice,Paris FC,Betway,1.85,3.8,3.8,,,2026-07-27 11:39:40
7785,fra.1,2025-09-28,Nice,Paris FC,Coral,1.85,3.9,3.8,,,2026-07-27 11:39:40
7786,fra.1,2025-09-28,Nice,Paris FC,Ladbrokes,1.85,3.8,3.8,,,2026-07-27 11:39:40
7787,fra.1,2025-09-28,Angers,Brest,B365,3.1,3.25,2.38,2.0,1.85,2026-07-27 11:39:40
7788,fra.1,2025-09-28,Angers,Brest,Pinnacle,3.08,3.43,2.4,2.01,1.88,2026-07-27 11:39:40
7789,fra.1,2025-09-28,Angers,Brest,Betway,3.0,3.3,2.37,,,2026-07-27 11:39:40
7790,fra.1,2025-09-28,Angers,Brest,Coral,3.0,3.3,2.37,,,2026-07-27 11:39:40
7791,fra.1,2025-09-28,Angers,Brest,Ladbrokes,3.0,3.3,2.37,,,2026-07-27 11:39:40
7792,fra.1,2025-09-28,Lille,Olympique Lyonnais,B365,2.25,3.4,3.2,1.73,2.1,2026-07-27 11:39:40
7793,fra.1,2025-09-28,Lille,Olympique Lyonnais,Pinnacle,2.26,3.49,3.28,1.79,2.1,2026-07-27 11:39:40
7794,fra.1,2025-09-28,Lille,Olympique Lyonnais,Betway,2.25,3.5,3.1,,,2026-07-27 11:39:40
7795,fra.1,2025-09-28,Lille,Olympique Lyonnais,Coral,2.25,3.5,3.1,,,2026-07-27 11:39:40
7796,fra.1,2025-09-28,Lille,Olympique Lyonnais,Ladbrokes,2.25,3.5,3.0,,,2026-07-27 11:39:40
7797,fra.1,2025-09-28,Metz,Le Havre,B365,2.7,3.2,2.7,2.0,1.85,2026-07-27 11:39:40
7798,fra.1,2025-09-28,Metz,Le Havre,Pinnacle,2.67,3.46,2.7,2.02,1.88,2026-07-27 11:39:40
7799,fra.1,2025-09-28,Metz,Le Havre,Betway,2.6,3.4,2.65,,,2026-07-27 11:39:40
7800,fra.1,2025-09-28,Metz,Le Havre,Coral,2.62,3.4,2.62,,,2026-07-27 11:39:40
7801,fra.1,2025-09-28,Metz,Le Havre,Ladbrokes,2.6,3.3,2.62,,,2026-07-27 11:39:40
7802,fra.1,2025-09-28,Stade Rennais,Lens,B365,2.5,3.4,2.75,1.73,2.1,2026-07-27 11:39:40
7803,fra.1,2025-09-28,Stade Rennais,Lens,Pinnacle,2.54,3.59,2.77,1.75,2.17,2026-07-27 11:39:40
7804,fra.1,2025-09-28,Stade Rennais,Lens,Betway,2.4,3.5,2.8,,,2026-07-27 11:39:40
7805,fra.1,2025-09-28,Stade Rennais,Lens,Coral,2.4,3.5,2.8,,,2026-07-27 11:39:40
7806,fra.1,2025-09-28,Stade Rennais,Lens,Ladbrokes,2.4,3.5,2.75,,,2026-07-27 11:39:40
7807,fra.1,2025-10-03,Paris FC,Lorient,B365,1.73,3.9,4.5,1.67,2.2,2026-07-27 11:39:40
7808,fra.1,2025-10-03,Paris FC,Lorient,Pinnacle,1.78,3.98,4.52,1.76,2.16,2026-07-27 11:39:40
7809,fra.1,2025-10-03,Paris FC,Lorient,Betway,1.75,3.9,4.33,,,2026-07-27 11:39:40
7810,fra.1,2025-10-03,Paris FC,Lorient,Coral,1.75,3.9,4.33,,,2026-07-27 11:39:40
7811,fra.1,2025-10-03,Paris FC,Lorient,Ladbrokes,1.75,3.9,4.2,,,2026-07-27 11:39:40
7812,fra.1,2025-10-04,Metz,Olympique Marseille,B365,6.25,5.0,1.45,1.62,2.3,2026-07-27 11:39:40
7813,fra.1,2025-10-04,Metz,Olympique Marseille,Pinnacle,6.24,4.71,1.5,1.63,2.36,2026-07-27 11:39:40
7814,fra.1,2025-10-04,Metz,Olympique Marseille,Betway,6.25,4.6,1.47,,,2026-07-27 11:39:40
7815,fra.1,2025-10-04,Metz,Olympique Marseille,Coral,6.5,4.6,1.48,,,2026-07-27 11:39:40
7816,fra.1,2025-10-04,Metz,Olympique Marseille,Ladbrokes,6.0,4.6,1.48,,,2026-07-27 11:39:40
7817,fra.1,2025-10-04,Brest,Nantes,B365,1.85,3.75,4.0,1.93,1.93,2026-07-27 11:39:40
7818,fra.1,2025-10-04,Brest,Nantes,Pinnacle,1.88,3.76,4.23,1.93,1.96,2026-07-27 11:39:40
7819,fra.1,2025-10-04,Brest,Nantes,Betway,1.88,3.6,4.0,,,2026-07-27 11:39:40
7820,fra.1,2025-10-04,Brest,Nantes,Coral,1.91,3.6,4.0,,,2026-07-27 11:39:40
7821,fra.1,2025-10-04,Brest,Nantes,Ladbrokes,1.85,3.6,4.0,,,2026-07-27 11:39:40
7822,fra.1,2025-10-04,Auxerre,Lens,B365,3.6,3.8,1.95,1.85,2.0,2026-07-27 11:39:40
7823,fra.1,2025-10-04,Auxerre,Lens,Pinnacle,3.79,3.87,1.95,1.85,2.04,2026-07-27 11:39:40
7824,fra.1,2025-10-04,Auxerre,Lens,Betway,3.6,3.6,1.98,,,2026-07-27 11:39:40
7825,fra.1,2025-10-04,Auxerre,Lens,Coral,3.6,3.6,2.0,,,2026-07-27 11:39:40
7826,fra.1,2025-10-04,Auxerre,Lens,Ladbrokes,3.6,3.6,2.0,,,2026-07-27 11:39:40
7827,fra.1,2025-10-05,Olympique Lyonnais,Toulouse,B365,1.9,3.7,4.0,1.8,2.0,2026-07-27 11:39:40
7828,fra.1,2025-10-05,Olympique Lyonnais,Toulouse,Pinnacle,1.95,3.81,3.83,1.83,2.06,2026-07-27 11:39:40
7829,fra.1,2025-10-05,Olympique Lyonnais,Toulouse,Betway,1.95,3.6,3.7,,,2026-07-27 11:39:40
7830,fra.1,2025-10-05,Olympique Lyonnais,Toulouse,Coral,1.95,3.6,3.7,,,2026-07-27 11:39:40
7831,fra.1,2025-10-05,Olympique Lyonnais,Toulouse,Ladbrokes,1.95,3.6,3.6,,,2026-07-27 11:39:40
7832,fra.1,2025-10-05,Le Havre,Stade Rennais,B365,3.1,3.3,2.35,2.0,1.85,2026-07-27 11:39:40
7833,fra.1,2025-10-05,Le Havre,Stade Rennais,Pinnacle,3.08,3.33,2.45,2.04,1.85,2026-07-27 11:39:40
7834,fra.1,2025-10-05,Le Havre,Stade Rennais,Betway,3.0,3.3,2.35,,,2026-07-27 11:39:40
7835,fra.1,2025-10-05,Le Havre,Stade Rennais,Coral,3.0,3.3,2.37,,,2026-07-27 11:39:40
7836,fra.1,2025-10-05,Le Havre,Stade Rennais,Ladbrokes,3.0,3.3,2.3,,,2026-07-27 11:39:40
7837,fra.1,2025-10-05,Monaco,Nice,B365,1.9,3.7,3.9,1.57,2.38,2026-07-27 11:39:40
7838,fra.1,2025-10-05,Monaco,Nice,Pinnacle,1.96,3.77,3.86,1.6,2.4,2026-07-27 11:39:40
7839,fra.1,2025-10-05,Monaco,Nice,Betway,1.88,3.8,3.75,,,2026-07-27 11:39:40
7840,fra.1,2025-10-05,Monaco,Nice,Coral,1.91,3.8,3.75,,,2026-07-27 11:39:40
7841,fra.1,2025-10-05,Monaco,Nice,Ladbrokes,1.85,3.8,3.7,,,2026-07-27 11:39:40
7842,fra.1,2025-10-05,Strasbourg,Angers,B365,1.67,3.9,5.25,2.03,1.83,2026-07-27 11:39:40
7843,fra.1,2025-10-05,Strasbourg,Angers,Pinnacle,1.71,3.9,5.12,2.08,1.81,2026-07-27 11:39:40
7844,fra.1,2025-10-05,Strasbourg,Angers,Betway,1.65,3.8,5.25,,,2026-07-27 11:39:40
7845,fra.1,2025-10-05,Strasbourg,Angers,Coral,1.65,3.8,5.25,,,2026-07-27 11:39:40
7846,fra.1,2025-10-05,Strasbourg,Angers,Ladbrokes,1.65,3.8,5.25,,,2026-07-27 11:39:40
7847,fra.1,2025-10-05,Lille,Paris Saint-Germain,B365,4.5,3.9,1.75,1.67,2.2,2026-07-27 11:39:40
7848,fra.1,2025-10-05,Lille,Paris Saint-Germain,Pinnacle,4.47,3.99,1.78,1.74,2.16,2026-07-27 11:39:40
7849,fra.1,2025-10-05,Lille,Paris Saint-Germain,Betway,4.4,3.8,1.75,,,2026-07-27 11:39:40
7850,fra.1,2025-10-05,Lille,Paris Saint-Germain,Coral,4.4,3.8,1.75,,,2026-07-27 11:39:40
7851,fra.1,2025-10-05,Lille,Paris Saint-Germain,Ladbrokes,4.33,3.8,1.75,,,2026-07-27 11:39:40
7852,fra.1,2025-10-17,Paris Saint-Germain,Strasbourg,B365,1.3,6.0,8.5,1.44,2.75,2026-07-27 11:39:40
7853,fra.1,2025-10-17,Paris Saint-Germain,Strasbourg,Pinnacle,1.31,5.83,9.84,1.46,2.76,2026-07-27 11:39:40
7854,fra.1,2025-10-17,Paris Saint-Germain,Strasbourg,Betway,1.33,5.75,8.0,,,2026-07-27 11:39:40
7855,fra.1,2025-10-17,Paris Saint-Germain,Strasbourg,Coral,1.33,5.75,8.0,,,2026-07-27 11:39:40
7856,fra.1,2025-10-17,Paris Saint-Germain,Strasbourg,Ladbrokes,1.33,5.75,8.0,,,2026-07-27 11:39:40
7857,fra.1,2025-10-18,Nice,Olympique Lyonnais,B365,2.45,3.4,2.8,1.8,2.0,2026-07-27 11:39:40
7858,fra.1,2025-10-18,Nice,Olympique Lyonnais,Pinnacle,2.54,3.54,2.81,1.8,2.09,2026-07-27 11:39:40
7859,fra.1,2025-10-18,Nice,Olympique Lyonnais,Betway,2.4,3.5,2.8,,,2026-07-27 11:39:40
7860,fra.1,2025-10-18,Nice,Olympique Lyonnais,Coral,2.4,3.5,2.8,,,2026-07-27 11:39:40
7861,fra.1,2025-10-18,Nice,Olympique Lyonnais,Ladbrokes,2.4,3.5,2.75,,,2026-07-27 11:39:40
7862,fra.1,2025-10-18,Angers,Monaco,B365,5.5,4.0,1.62,1.67,2.2,2026-07-27 11:39:40
7863,fra.1,2025-10-18,Angers,Monaco,Pinnacle,5.31,4.23,1.63,1.68,2.27,2026-07-27 11:39:40
7864,fra.1,2025-10-18,Angers,Monaco,Betway,5.0,4.1,1.62,,,2026-07-27 11:39:40
7865,fra.1,2025-10-18,Angers,Monaco,Coral,5.0,4.2,1.61,,,2026-07-27 11:39:40
7866,fra.1,2025-10-18,Angers,Monaco,Ladbrokes,5.0,4.2,1.61,,,2026-07-27 11:39:40
7867,fra.1,2025-10-18,Olympique Marseille,Le Havre,B365,1.33,5.0,9.0,1.62,2.3,2026-07-27 11:39:40
7868,fra.1,2025-10-18,Olympique Marseille,Le Havre,Pinnacle,1.33,5.87,8.66,1.65,2.34,2026-07-27 11:39:40
7869,fra.1,2025-10-18,Olympique Marseille,Le Havre,Betway,1.33,5.5,8.5,,,2026-07-27 11:39:40
7870,fra.1,2025-10-18,Olympique Marseille,Le Havre,Coral,1.33,5.5,8.5,,,2026-07-27 11:39:40
7871,fra.1,2025-10-18,Olympique Marseille,Le Havre,Ladbrokes,1.33,5.5,8.5,,,2026-07-27 11:39:40
7872,fra.1,2025-10-19,Lens,Paris FC,B365,1.85,3.75,4.0,1.67,2.2,2026-07-27 11:39:40
7873,fra.1,2025-10-19,Lens,Paris FC,Pinnacle,1.89,3.9,4.0,1.68,2.27,2026-07-27 11:39:40
7874,fra.1,2025-10-19,Lens,Paris FC,Betway,1.88,3.6,4.0,,,2026-07-27 11:39:40
7875,fra.1,2025-10-19,Lens,Paris FC,Coral,1.91,3.6,4.0,,,2026-07-27 11:39:40
7876,fra.1,2025-10-19,Lens,Paris FC,Ladbrokes,1.85,3.6,4.0,,,2026-07-27 11:39:40
7877,fra.1,2025-10-19,Lorient,Brest,B365,2.38,3.25,3.0,1.98,1.88,2026-07-27 11:39:40
7878,fra.1,2025-10-19,Lorient,Brest,Pinnacle,2.55,3.55,2.79,1.96,1.93,2026-07-27 11:39:40
7879,fra.1,2025-10-19,Lorient,Brest,Betway,2.45,3.4,2.8,,,2026-07-27 11:39:40
7880,fra.1,2025-10-19,Lorient,Brest,Coral,2.45,3.4,2.8,,,2026-07-27 11:39:40
7881,fra.1,2025-10-19,Lorient,Brest,Ladbrokes,2.45,3.3,2.8,,,2026-07-27 11:39:40
7882,fra.1,2025-10-19,Stade Rennais,Auxerre,B365,1.75,3.7,4.75,1.83,2.03,2026-07-27 11:39:40
7883,fra.1,2025-10-19,Stade Rennais,Auxerre,Pinnacle,1.8,3.84,4.53,1.86,2.03,2026-07-27 11:39:40
7884,fra.1,2025-10-19,Stade Rennais,Auxerre,Betway,1.78,3.75,4.4,,,2026-07-27 11:39:40
7885,fra.1,2025-10-19,Stade Rennais,Auxerre,Coral,1.8,3.75,4.4,,,2026-07-27 11:39:40
7886,fra.1,2025-10-19,Stade Rennais,Auxerre,Ladbrokes,1.75,3.7,4.33,,,2026-07-27 11:39:40
7887,fra.1,2025-10-19,Toulouse,Metz,B365,1.6,3.8,6.0,1.88,1.98,2026-07-27 11:39:40
7888,fra.1,2025-10-19,Toulouse,Metz,Pinnacle,1.61,4.12,5.71,1.92,1.97,2026-07-27 11:39:40
7889,fra.1,2025-10-19,Toulouse,Metz,Betway,1.58,4.1,5.5,,,2026-07-27 11:39:40
7890,fra.1,2025-10-19,Toulouse,Metz,Coral,1.57,4.2,5.5,,,2026-07-27 11:39:40
7891,fra.1,2025-10-19,Toulouse,Metz,Ladbrokes,1.57,4.0,5.5,,,2026-07-27 11:39:40
7892,fra.1,2025-10-19,Nantes,Lille,B365,4.5,3.6,1.8,1.9,1.95,2026-07-27 11:39:40
7893,fra.1,2025-10-19,Nantes,Lille,Pinnacle,4.54,3.86,1.79,1.9,1.99,2026-07-27 11:39:40
7894,fra.1,2025-10-19,Nantes,Lille,Betway,4.2,3.6,1.83,,,2026-07-27 11:39:40
7895,fra.1,2025-10-19,Nantes,Lille,Coral,4.2,3.6,1.83,,,2026-07-27 11:39:40
7896,fra.1,2025-10-19,Nantes,Lille,Ladbrokes,3.9,3.4,1.8,,,2026-07-27 11:39:40
7897,fra.1,2025-10-24,Paris FC,Nantes,B365,1.65,4.1,5.0,1.73,2.1,2026-07-27 11:39:40
7898,fra.1,2025-10-24,Paris FC,Nantes,Pinnacle,1.67,4.1,5.31,1.79,2.12,2026-07-27 11:39:40
7899,fra.1,2025-10-24,Paris FC,Nantes,Betway,1.65,4.0,5.0,,,2026-07-27 11:39:40
7900,fra.1,2025-10-24,Paris FC,Nantes,Coral,1.65,4.0,5.0,,,2026-07-27 11:39:40
7901,fra.1,2025-10-24,Paris FC,Nantes,Ladbrokes,1.65,3.9,5.0,,,2026-07-27 11:39:40
7902,fra.1,2025-10-25,Brest,Paris Saint-Germain,B365,7.5,5.5,1.33,1.44,2.75,2026-07-27 11:39:40
7903,fra.1,2025-10-25,Brest,Paris Saint-Germain,Pinnacle,8.88,5.61,1.34,1.48,2.73,2026-07-27 11:39:40
7904,fra.1,2025-10-25,Brest,Paris Saint-Germain,Betway,8.25,5.5,1.33,,,2026-07-27 11:39:40
7905,fra.1,2025-10-25,Brest,Paris Saint-Germain,Coral,8.5,5.5,1.33,,,2026-07-27 11:39:40
7906,fra.1,2025-10-25,Brest,Paris Saint-Germain,Ladbrokes,8.0,5.5,1.33,,,2026-07-27 11:39:40
7907,fra.1,2025-10-25,Monaco,Toulouse,B365,1.83,3.9,4.0,1.62,2.3,2026-07-27 11:39:40
7908,fra.1,2025-10-25,Monaco,Toulouse,Pinnacle,1.87,4.03,3.96,1.63,2.36,2026-07-27 11:39:40
7909,fra.1,2025-10-25,Monaco,Toulouse,Betway,1.82,3.9,4.0,,,2026-07-27 11:39:40
7910,fra.1,2025-10-25,Monaco,Toulouse,Coral,1.75,3.6,3.7,,,2026-07-27 11:39:40
7911,fra.1,2025-10-25,Monaco,Toulouse,Ladbrokes,1.75,3.6,3.7,,,2026-07-27 11:39:40
7912,fra.1,2025-10-25,Lens,Olympique Marseille,B365,2.7,3.6,2.45,1.73,2.1,2026-07-27 11:39:40
7913,fra.1,2025-10-25,Lens,Olympique Marseille,Pinnacle,2.82,3.61,2.49,1.74,2.18,2026-07-27 11:39:40
7914,fra.1,2025-10-25,Lens,Olympique Marseille,Betway,2.8,3.6,2.37,,,2026-07-27 11:39:40
7915,fra.1,2025-10-25,Lens,Olympique Marseille,Coral,2.8,3.6,2.37,,,2026-07-27 11:39:40
7916,fra.1,2025-10-25,Lens,Olympique Marseille,Ladbrokes,2.8,3.5,2.37,,,2026-07-27 11:39:40
7917,fra.1,2025-10-26,Lille,Metz,B365,1.3,5.5,9.5,1.57,2.38,2026-07-27 11:39:40
7918,fra.1,2025-10-26,Lille,Metz,Pinnacle,1.33,5.55,9.34,1.62,2.4,2026-07-27 11:39:40
7919,fra.1,2025-10-26,Lille,Metz,Betway,1.32,5.5,9.25,,,2026-07-27 11:39:40
7920,fra.1,2025-10-26,Lille,Metz,Coral,1.33,5.5,9.0,,,2026-07-27 11:39:40
7921,fra.1,2025-10-26,Lille,Metz,Ladbrokes,1.3,5.25,9.0,,,2026-07-27 11:39:40
7922,fra.1,2025-10-26,Angers,Lorient,B365,2.55,3.2,2.88,2.3,1.62,2026-07-27 11:39:40
7923,fra.1,2025-10-26,Angers,Lorient,Pinnacle,2.63,3.19,2.94,2.36,1.64,2026-07-27 11:39:40
7924,fra.1,2025-10-26,Angers,Lorient,Betway,2.55,3.2,2.8,,,2026-07-27 11:39:40
7925,fra.1,2025-10-26,Angers,Lorient,Coral,2.6,3.2,2.8,,,2026-07-27 11:39:40
7926,fra.1,2025-10-26,Angers,Lorient,Ladbrokes,2.6,3.2,2.8,,,2026-07-27 11:39:40
7927,fra.1,2025-10-26,Auxerre,Le Havre,B365,2.1,3.4,3.5,2.0,1.8,2026-07-27 11:39:40
7928,fra.1,2025-10-26,Auxerre,Le Havre,Pinnacle,2.16,3.45,3.56,2.09,1.81,2026-07-27 11:39:40
7929,fra.1,2025-10-26,Auxerre,Le Havre,Betway,2.15,3.4,3.3,,,2026-07-27 11:39:40
7930,fra.1,2025-10-26,Auxerre,Le Havre,Coral,2.15,3.4,3.4,,,2026-07-27 11:39:40
7931,fra.1,2025-10-26,Auxerre,Le Havre,Ladbrokes,2.15,3.4,3.3,,,2026-07-27 11:39:40
7932,fra.1,2025-10-26,Stade Rennais,Nice,B365,2.2,3.5,3.2,1.73,2.1,2026-07-27 11:39:40
7933,fra.1,2025-10-26,Stade Rennais,Nice,Pinnacle,2.2,3.64,3.28,1.74,2.19,2026-07-27 11:39:40
7934,fra.1,2025-10-26,Stade Rennais,Nice,Betway,2.2,3.6,3.0,,,2026-07-27 11:39:40
7935,fra.1,2025-10-26,Stade Rennais,Nice,Coral,2.2,3.6,3.0,,,2026-07-27 11:39:40
7936,fra.1,2025-10-26,Stade Rennais,Nice,Ladbrokes,2.2,3.6,3.0,,,2026-07-27 11:39:40
7937,fra.1,2025-10-26,Olympique Lyonnais,Strasbourg,B365,2.1,3.75,3.3,1.67,2.2,2026-07-27 11:39:40
7938,fra.1,2025-10-26,Olympique Lyonnais,Strasbourg,Pinnacle,2.11,3.75,3.41,1.72,2.22,2026-07-27 11:39:40
7939,fra.1,2025-10-26,Olympique Lyonnais,Strasbourg,Betway,2.05,3.6,3.3,,,2026-07-27 11:39:40
7940,fra.1,2025-10-26,Olympique Lyonnais,Strasbourg,Coral,2.1,3.7,3.3,,,2026-07-27 11:39:40
7941,fra.1,2025-10-26,Olympique Lyonnais,Strasbourg,Ladbrokes,2.05,3.6,3.3,,,2026-07-27 11:39:40
7942,fra.1,2025-10-29,Le Havre,Brest,B365,2.55,3.2,2.9,1.98,1.88,2026-07-27 11:39:40
7943,fra.1,2025-10-29,Le Havre,Brest,Pinnacle,2.56,3.38,2.89,1.99,1.9,2026-07-27 11:39:40
7944,fra.1,2025-10-29,Le Havre,Brest,Betway,2.5,3.3,2.8,,,2026-07-27 11:39:40
7945,fra.1,2025-10-29,Le Havre,Brest,Coral,2.5,3.3,2.8,,,2026-07-27 11:39:40
7946,fra.1,2025-10-29,Le Havre,Brest,Ladbrokes,2.45,3.3,2.8,,,2026-07-27 11:39:40
7947,fra.1,2025-10-29,Lorient,Paris Saint-Germain,B365,9.5,6.5,1.25,1.44,2.75,2026-07-27 11:39:40
7948,fra.1,2025-10-29,Lorient,Paris Saint-Germain,Pinnacle,10.79,6.39,1.26,1.44,2.79,2026-07-27 11:39:40
7949,fra.1,2025-10-29,Lorient,Paris Saint-Germain,Betway,10.5,6.25,1.26,,,2026-07-27 11:39:40
7950,fra.1,2025-10-29,Lorient,Paris Saint-Germain,Coral,10.0,6.0,1.25,,,2026-07-27 11:39:40
7951,fra.1,2025-10-29,Lorient,Paris Saint-Germain,Ladbrokes,10.0,6.0,1.25,,,2026-07-27 11:39:40
7952,fra.1,2025-10-29,Metz,Lens,B365,6.25,4.5,1.5,1.67,2.2,2026-07-27 11:39:40
7953,fra.1,2025-10-29,Metz,Lens,Pinnacle,6.36,4.56,1.51,1.7,2.22,2026-07-27 11:39:40
7954,fra.1,2025-10-29,Metz,Lens,Betway,6.0,4.5,1.5,,,2026-07-27 11:39:40
7955,fra.1,2025-10-29,Metz,Lens,Coral,6.0,4.5,1.5,,,2026-07-27 11:39:40
7956,fra.1,2025-10-29,Metz,Lens,Ladbrokes,6.0,4.4,1.5,,,2026-07-27 11:39:40
7957,fra.1,2025-10-29,Nice,Lille,B365,3.0,3.5,2.3,1.73,2.1,2026-07-27 11:39:40
7958,fra.1,2025-10-29,Nice,Lille,Pinnacle,3.07,3.52,2.36,1.76,2.14,2026-07-27 11:39:40
7959,fra.1,2025-10-29,Nice,Lille,Betway,2.95,3.5,2.3,,,2026-07-27 11:39:40
7960,fra.1,2025-10-29,Nice,Lille,Coral,2.9,3.5,2.3,,,2026-07-27 11:39:40
7961,fra.1,2025-10-29,Nice,Lille,Ladbrokes,2.9,3.5,2.3,,,2026-07-27 11:39:40
7962,fra.1,2025-10-29,Olympique Marseille,Angers,B365,1.22,6.5,12.0,1.57,2.38,2026-07-27 11:39:40
7963,fra.1,2025-10-29,Olympique Marseille,Angers,Pinnacle,1.22,6.86,12.64,1.61,2.39,2026-07-27 11:39:40
7964,fra.1,2025-10-29,Olympique Marseille,Angers,Betway,1.23,6.5,12.5,,,2026-07-27 11:39:40
7965,fra.1,2025-10-29,Olympique Marseille,Angers,Coral,1.22,6.5,12.0,,,2026-07-27 11:39:40
7966,fra.1,2025-10-29,Olympique Marseille,Angers,Ladbrokes,1.22,6.5,12.0,,,2026-07-27 11:39:40
7967,fra.1,2025-10-29,Nantes,Monaco,B365,4.75,4.0,1.7,1.67,2.2,2026-07-27 11:39:40
7968,fra.1,2025-10-29,Nantes,Monaco,Pinnacle,4.97,4.0,1.71,1.69,2.24,2026-07-27 11:39:40
7969,fra.1,2025-10-29,Nantes,Monaco,Betway,4.6,4.1,1.66,,,2026-07-27 11:39:40
7970,fra.1,2025-10-29,Nantes,Monaco,Coral,4.6,4.2,1.67,,,2026-07-27 11:39:40
7971,fra.1,2025-10-29,Nantes,Monaco,Ladbrokes,4.6,4.0,1.67,,,2026-07-27 11:39:40
7972,fra.1,2025-10-29,Paris FC,Olympique Lyonnais,B365,2.7,3.5,2.5,1.67,2.2,2026-07-27 11:39:40
7973,fra.1,2025-10-29,Paris FC,Olympique Lyonnais,Pinnacle,2.7,3.61,2.59,1.73,2.19,2026-07-27 11:39:40
7974,fra.1,2025-10-29,Paris FC,Olympique Lyonnais,Betway,2.6,3.6,2.5,,,2026-07-27 11:39:40
7975,fra.1,2025-10-29,Paris FC,Olympique Lyonnais,Coral,2.62,3.6,2.5,,,2026-07-27 11:39:40
7976,fra.1,2025-10-29,Paris FC,Olympique Lyonnais,Ladbrokes,2.6,3.5,2.5,,,2026-07-27 11:39:40
7977,fra.1,2025-10-29,Strasbourg,Auxerre,B365,1.75,3.8,4.5,1.8,2.0,2026-07-27 11:39:40
7978,fra.1,2025-10-29,Strasbourg,Auxerre,Pinnacle,1.76,4.03,4.56,1.8,2.08,2026-07-27 11:39:40
7979,fra.1,2025-10-29,Strasbourg,Auxerre,Betway,1.73,3.9,4.5,,,2026-07-27 11:39:40
7980,fra.1,2025-10-29,Strasbourg,Auxerre,Coral,1.73,3.9,4.5,,,2026-07-27 11:39:40
7981,fra.1,2025-10-29,Strasbourg,Auxerre,Ladbrokes,1.73,3.8,4.5,,,2026-07-27 11:39:40
7982,fra.1,2025-10-29,Toulouse,Stade Rennais,B365,2.15,3.5,3.3,1.93,1.93,2026-07-27 11:39:40
7983,fra.1,2025-10-29,Toulouse,Stade Rennais,Pinnacle,2.21,3.53,3.36,1.94,1.94,2026-07-27 11:39:40
7984,fra.1,2025-10-29,Toulouse,Stade Rennais,Betway,2.1,3.5,3.4,,,2026-07-27 11:39:40
7985,fra.1,2025-10-29,Toulouse,Stade Rennais,Coral,2.1,3.5,3.4,,,2026-07-27 11:39:40
7986,fra.1,2025-10-29,Toulouse,Stade Rennais,Ladbrokes,2.1,3.5,3.4,,,2026-07-27 11:39:40
7987,fra.1,2025-11-01,Paris Saint-Germain,Nice,B365,1.25,6.0,10.0,1.36,3.2,2026-07-27 11:39:40
7988,fra.1,2025-11-01,Paris Saint-Germain,Nice,Pinnacle,1.26,6.72,10.13,1.37,3.11,2026-07-27 11:39:40
7989,fra.1,2025-11-01,Paris Saint-Germain,Nice,Betway,1.26,6.5,10.0,,,2026-07-27 11:39:40
7990,fra.1,2025-11-01,Paris Saint-Germain,Nice,Coral,1.25,6.5,10.0,,,2026-07-27 11:39:40
7991,fra.1,2025-11-01,Paris Saint-Germain,Nice,Ladbrokes,1.25,6.5,9.5,,,2026-07-27 11:39:40
7992,fra.1,2025-11-01,Monaco,Paris FC,B365,1.67,4.33,4.33,1.44,2.75,2026-07-27 11:39:40
7993,fra.1,2025-11-01,Monaco,Paris FC,Pinnacle,1.68,4.49,4.56,1.47,2.77,2026-07-27 11:39:40
7994,fra.1,2025-11-01,Monaco,Paris FC,Betway,1.68,4.2,4.4,,,2026-07-27 11:39:40
7995,fra.1,2025-11-01,Monaco,Paris FC,Coral,1.7,4.2,4.4,,,2026-07-27 11:39:40
7996,fra.1,2025-11-01,Monaco,Paris FC,Ladbrokes,1.67,4.2,4.33,,,2026-07-27 11:39:40
7997,fra.1,2025-11-01,Auxerre,Olympique Marseille,B365,4.75,4.0,1.67,1.67,2.2,2026-07-27 11:39:40
7998,fra.1,2025-11-01,Auxerre,Olympique Marseille,Pinnacle,4.95,4.15,1.68,1.69,2.25,2026-07-27 11:39:40
7999,fra.1,2025-11-01,Auxerre,Olympique Marseille,Betway,4.6,4.1,1.68,,,2026-07-27 11:39:40
8000,fra.1,2025-11-01,Auxerre,Olympique Marseille,Coral,4.6,4.0,1.67,,,2026-07-27 11:39:40
8001,fra.1,2025-11-01,Auxerre,Olympique Marseille,Ladbrokes,4.6,4.0,1.67,,,2026-07-27 11:39:40
8002,fra.1,2025-11-02,Stade Rennais,Strasbourg,B365,2.25,3.6,3.0,1.67,2.2,2026-07-27 11:39:40
8003,fra.1,2025-11-02,Stade Rennais,Strasbourg,Pinnacle,2.35,3.68,2.98,1.71,2.23,2026-07-27 11:39:40
8004,fra.1,2025-11-02,Stade Rennais,Strasbourg,Betway,2.35,3.6,2.8,,,2026-07-27 11:39:40
8005,fra.1,2025-11-02,Stade Rennais,Strasbourg,Coral,2.37,3.6,2.8,,,2026-07-27 11:39:40
8006,fra.1,2025-11-02,Stade Rennais,Strasbourg,Ladbrokes,2.3,3.6,2.8,,,2026-07-27 11:39:40
8007,fra.1,2025-11-02,Lens,Lorient,B365,1.48,4.33,6.5,1.67,2.2,2026-07-27 11:39:40
8008,fra.1,2025-11-02,Lens,Lorient,Pinnacle,1.48,4.55,7.01,1.72,2.2,2026-07-27 11:39:40
8009,fra.1,2025-11-02,Lens,Lorient,Betway,1.47,4.6,6.25,,,2026-07-27 11:39:40
8010,fra.1,2025-11-02,Lens,Lorient,Coral,1.48,4.6,6.5,,,2026-07-27 11:39:40
8011,fra.1,2025-11-02,Lens,Lorient,Ladbrokes,1.48,4.5,6.5,,,2026-07-27 11:39:40
8012,fra.1,2025-11-02,Lille,Angers,B365,1.27,6.0,10.0,1.67,2.2,2026-07-27 11:39:40
8013,fra.1,2025-11-02,Lille,Angers,Pinnacle,1.28,5.98,11.29,1.69,2.25,2026-07-27 11:39:40
8014,fra.1,2025-11-02,Lille,Angers,Betway,1.28,5.75,10.0,,,2026-07-27 11:39:40
8015,fra.1,2025-11-02,Lille,Angers,Coral,1.28,5.75,10.0,,,2026-07-27 11:39:40
8016,fra.1,2025-11-02,Lille,Angers,Ladbrokes,1.28,5.75,10.0,,,2026-07-27 11:39:40
8017,fra.1,2025-11-02,Nantes,Metz,B365,1.91,3.6,4.0,1.95,1.9,2026-07-27 11:39:40
8018,fra.1,2025-11-02,Nantes,Metz,Pinnacle,1.92,3.73,4.07,1.94,1.94,2026-07-27 11:39:40
8019,fra.1,2025-11-02,Nantes,Metz,Betway,1.95,3.4,3.9,,,2026-07-27 11:39:40
8020,fra.1,2025-11-02,Nantes,Metz,Coral,1.95,3.4,3.9,,,2026-07-27 11:39:40
8021,fra.1,2025-11-02,Nantes,Metz,Ladbrokes,1.95,3.4,3.9,,,2026-07-27 11:39:40
8022,fra.1,2025-11-02,Toulouse,Le Havre,B365,1.75,3.7,4.75,2.0,1.85,2026-07-27 11:39:40
8023,fra.1,2025-11-02,Toulouse,Le Havre,Pinnacle,1.78,3.74,4.82,2.03,1.86,2026-07-27 11:39:40
8024,fra.1,2025-11-02,Toulouse,Le Havre,Betway,1.75,3.7,4.6,,,2026-07-27 11:39:40
8025,fra.1,2025-11-02,Toulouse,Le Havre,Coral,1.75,3.7,4.6,,,2026-07-27 11:39:40
8026,fra.1,2025-11-02,Toulouse,Le Havre,Ladbrokes,1.75,3.7,4.6,,,2026-07-27 11:39:40
8027,fra.1,2025-11-02,Brest,Olympique Lyonnais,B365,3.1,3.5,2.25,1.8,2.0,2026-07-27 11:39:40
8028,fra.1,2025-11-02,Brest,Olympique Lyonnais,Pinnacle,3.16,3.54,2.3,1.82,2.06,2026-07-27 11:39:40
8029,fra.1,2025-11-02,Brest,Olympique Lyonnais,Betway,3.1,3.5,2.25,,,2026-07-27 11:39:40
8030,fra.1,2025-11-02,Brest,Olympique Lyonnais,Coral,3.1,3.5,2.25,,,2026-07-27 11:39:40
8031,fra.1,2025-11-02,Brest,Olympique Lyonnais,Ladbrokes,3.1,3.5,2.2,,,2026-07-27 11:39:40
8032,fra.1,2025-11-07,Paris FC,Stade Rennais,B365,2.2,3.5,3.2,1.8,2.0,2026-07-27 11:39:40
8033,fra.1,2025-11-07,Paris FC,Stade Rennais,Pinnacle,2.27,3.61,3.22,1.81,2.08,2026-07-27 11:39:40
8034,fra.1,2025-11-07,Paris FC,Stade Rennais,Betway,2.2,3.5,3.1,,,2026-07-27 11:39:40
8035,fra.1,2025-11-07,Paris FC,Stade Rennais,Coral,2.2,3.5,3.1,,,2026-07-27 11:39:40
8036,fra.1,2025-11-07,Paris FC,Stade Rennais,Ladbrokes,2.2,3.5,3.1,,,2026-07-27 11:39:40
8037,fra.1,2025-11-08,Olympique Marseille,Brest,B365,1.44,4.75,6.5,1.67,2.2,2026-07-27 11:39:40
8038,fra.1,2025-11-08,Olympique Marseille,Brest,Pinnacle,1.47,4.67,6.94,1.69,2.25,2026-07-27 11:39:40
8039,fra.1,2025-11-08,Olympique Marseille,Brest,Betway,1.44,4.8,6.5,,,2026-07-27 11:39:40
8040,fra.1,2025-11-08,Olympique Marseille,Brest,Coral,1.44,4.8,6.5,,,2026-07-27 11:39:40
8041,fra.1,2025-11-08,Olympique Marseille,Brest,Ladbrokes,1.44,4.8,6.5,,,2026-07-27 11:39:40
8042,fra.1,2025-11-08,Le Havre,Nantes,B365,1.9,3.3,4.5,2.2,1.67,2026-07-27 11:39:40
8043,fra.1,2025-11-08,Le Havre,Nantes,Pinnacle,1.91,3.43,4.56,2.25,1.7,2026-07-27 11:39:40
8044,fra.1,2025-11-08,Le Havre,Nantes,Betway,1.9,3.4,4.2,,,2026-07-27 11:39:40
8045,fra.1,2025-11-08,Le Havre,Nantes,Coral,1.91,3.4,4.2,,,2026-07-27 11:39:40
8046,fra.1,2025-11-08,Le Havre,Nantes,Ladbrokes,1.91,3.3,4.2,,,2026-07-27 11:39:40
8047,fra.1,2025-11-08,Monaco,Lens,B365,2.05,3.9,3.2,1.53,2.5,2026-07-27 11:39:40
8048,fra.1,2025-11-08,Monaco,Lens,Pinnacle,2.1,3.85,3.35,1.56,2.53,2026-07-27 11:39:40
8049,fra.1,2025-11-08,Monaco,Lens,Betway,2.0,3.9,3.3,,,2026-07-27 11:39:40
8050,fra.1,2025-11-08,Monaco,Lens,Coral,2.0,3.9,3.3,,,2026-07-27 11:39:40
8051,fra.1,2025-11-08,Monaco,Lens,Ladbrokes,2.0,3.8,3.25,,,2026-07-27 11:39:40
8052,fra.1,2025-11-09,Lorient,Toulouse,B365,3.0,3.3,2.4,2.1,1.73,2026-07-27 11:39:40
8053,fra.1,2025-11-09,Lorient,Toulouse,Pinnacle,2.99,3.32,2.51,2.15,1.76,2026-07-27 11:39:40
8054,fra.1,2025-11-09,Lorient,Toulouse,Betway,3.0,3.3,2.3,,,2026-07-27 11:39:40
8055,fra.1,2025-11-09,Lorient,Toulouse,Coral,3.1,3.3,2.3,,,2026-07-27 11:39:40
8056,fra.1,2025-11-09,Lorient,Toulouse,Ladbrokes,3.0,3.3,2.3,,,2026-07-27 11:39:40
8057,fra.1,2025-11-09,Angers,Auxerre,B365,2.55,3.1,2.9,2.3,1.62,2026-07-27 11:39:40
8058,fra.1,2025-11-09,Angers,Auxerre,Pinnacle,2.62,3.18,2.97,2.35,1.65,2026-07-27 11:39:40
8059,fra.1,2025-11-09,Angers,Auxerre,Betway,2.5,3.2,2.9,,,2026-07-27 11:39:40
8060,fra.1,2025-11-09,Angers,Auxerre,Coral,2.5,3.2,2.9,,,2026-07-27 11:39:40
8061,fra.1,2025-11-09,Angers,Auxerre,Ladbrokes,2.5,3.1,2.87,,,2026-07-27 11:39:40
8062,fra.1,2025-11-09,Metz,Nice,B365,3.3,3.6,2.1,1.73,2.1,2026-07-27 11:39:40
8063,fra.1,2025-11-09,Metz,Nice,Pinnacle,3.35,3.73,2.14,1.75,2.17,2026-07-27 11:39:40
8064,fra.1,2025-11-09,Metz,Nice,Betway,3.3,3.7,2.05,,,2026-07-27 11:39:40
8065,fra.1,2025-11-09,Metz,Nice,Coral,3.3,3.7,2.05,,,2026-07-27 11:39:40
8066,fra.1,2025-11-09,Metz,Nice,Ladbrokes,3.3,3.7,2.05,,,2026-07-27 11:39:40
8067,fra.1,2025-11-09,Strasbourg,Lille,B365,2.63,3.5,2.55,1.73,2.1,2026-07-27 11:39:40
8068,fra.1,2025-11-09,Strasbourg,Lille,Pinnacle,2.68,3.71,2.56,1.74,2.18,2026-07-27 11:39:40
8069,fra.1,2025-11-09,Strasbourg,Lille,Betway,2.7,3.5,2.45,,,2026-07-27 11:39:40
8070,fra.1,2025-11-09,Strasbourg,Lille,Coral,2.7,3.5,2.45,,,2026-07-27 11:39:40
8071,fra.1,2025-11-09,Strasbourg,Lille,Ladbrokes,2.7,3.5,2.45,,,2026-07-27 11:39:40
8072,fra.1,2025-11-09,Olympique Lyonnais,Paris Saint-Germain,B365,4.2,3.9,1.8,1.62,2.3,2026-07-27 11:39:40
8073,fra.1,2025-11-09,Olympique Lyonnais,Paris Saint-Germain,Pinnacle,4.22,4.0,1.82,1.66,2.3,2026-07-27 11:39:40
8074,fra.1,2025-11-09,Olympique Lyonnais,Paris Saint-Germain,Betway,3.9,4.0,1.82,,,2026-07-27 11:39:40
8075,fra.1,2025-11-09,Olympique Lyonnais,Paris Saint-Germain,Coral,3.9,4.0,1.83,,,2026-07-27 11:39:40
8076,fra.1,2025-11-09,Olympique Lyonnais,Paris Saint-Germain,Ladbrokes,3.9,3.9,1.8,,,2026-07-27 11:39:40
8077,fra.1,2025-11-21,Nice,Olympique Marseille,B365,3.8,3.75,1.91,1.73,2.1,2026-07-27 11:39:40
8078,fra.1,2025-11-21,Nice,Olympique Marseille,Pinnacle,3.92,3.7,1.96,1.78,2.12,2026-07-27 11:39:40
8079,fra.1,2025-11-21,Nice,Olympique Marseille,Betway,3.75,3.6,1.93,,,2026-07-27 11:39:40
8080,fra.1,2025-11-21,Nice,Olympique Marseille,Coral,3.75,3.6,1.95,,,2026-07-27 11:39:40
8081,fra.1,2025-11-21,Nice,Olympique Marseille,Ladbrokes,3.7,3.6,1.91,,,2026-07-27 11:39:40
8082,fra.1,2025-11-22,Lens,Strasbourg,B365,2.05,3.75,3.4,1.67,2.2,2026-07-27 11:39:40
8083,fra.1,2025-11-22,Lens,Strasbourg,Pinnacle,2.1,3.71,3.48,1.67,2.31,2026-07-27 11:39:40
8084,fra.1,2025-11-22,Lens,Strasbourg,Betway,1.98,3.75,3.5,,,2026-07-27 11:39:40
8085,fra.1,2025-11-22,Lens,Strasbourg,Coral,2.0,3.75,3.5,,,2026-07-27 11:39:40
8086,fra.1,2025-11-22,Lens,Strasbourg,Ladbrokes,2.0,3.7,3.4,,,2026-07-27 11:39:40
8087,fra.1,2025-11-22,Stade Rennais,Monaco,B365,2.63,3.7,2.45,1.57,2.38,2026-07-27 11:39:40
8088,fra.1,2025-11-22,Stade Rennais,Monaco,Pinnacle,2.71,3.8,2.49,1.57,2.5,2026-07-27 11:39:40
8089,fra.1,2025-11-22,Stade Rennais,Monaco,Betway,2.65,3.75,2.4,,,2026-07-27 11:39:40
8090,fra.1,2025-11-22,Stade Rennais,Monaco,Coral,2.62,3.75,2.4,,,2026-07-27 11:39:40
8091,fra.1,2025-11-22,Stade Rennais,Monaco,Ladbrokes,2.62,3.7,2.4,,,2026-07-27 11:39:40
8092,fra.1,2025-11-22,Paris Saint-Germain,Le Havre,B365,1.18,7.5,12.0,1.5,2.63,2026-07-27 11:39:40
8093,fra.1,2025-11-22,Paris Saint-Germain,Le Havre,Pinnacle,1.16,9.07,14.62,1.49,2.65,2026-07-27 11:39:40
8094,fra.1,2025-11-22,Paris Saint-Germain,Le Havre,Betway,1.18,7.5,15.0,,,2026-07-27 11:39:40
8095,fra.1,2025-11-22,Paris Saint-Germain,Le Havre,Coral,1.18,7.5,15.0,,,2026-07-27 11:39:40
8096,fra.1,2025-11-22,Paris Saint-Germain,Le Havre,Ladbrokes,1.18,7.5,15.0,,,2026-07-27 11:39:40
8097,fra.1,2025-11-23,Auxerre,Olympique Lyonnais,B365,3.9,3.4,2.0,1.98,1.88,2026-07-27 11:39:40
8098,fra.1,2025-11-23,Auxerre,Olympique Lyonnais,Pinnacle,3.86,3.53,2.03,2.0,1.89,2026-07-27 11:39:40
8099,fra.1,2025-11-23,Auxerre,Olympique Lyonnais,Betway,3.8,3.4,1.98,,,2026-07-27 11:39:40
8100,fra.1,2025-11-23,Auxerre,Olympique Lyonnais,Coral,3.8,3.5,2.0,,,2026-07-27 11:39:40
8101,fra.1,2025-11-23,Auxerre,Olympique Lyonnais,Ladbrokes,3.75,3.4,1.95,,,2026-07-27 11:39:40
8102,fra.1,2025-11-23,Brest,Metz,B365,1.8,3.75,4.33,1.83,2.03,2026-07-27 11:39:40
8103,fra.1,2025-11-23,Brest,Metz,Pinnacle,1.85,3.81,4.3,1.85,2.05,2026-07-27 11:39:40
8104,fra.1,2025-11-23,Brest,Metz,Betway,1.77,3.75,4.4,,,2026-07-27 11:39:40
8105,fra.1,2025-11-23,Brest,Metz,Coral,1.75,3.75,4.4,,,2026-07-27 11:39:40
8106,fra.1,2025-11-23,Brest,Metz,Ladbrokes,1.75,3.75,4.33,,,2026-07-27 11:39:40
8107,fra.1,2025-11-23,Nantes,Lorient,B365,2.63,3.3,2.7,2.03,1.83,2026-07-27 11:39:40
8108,fra.1,2025-11-23,Nantes,Lorient,Pinnacle,2.65,3.49,2.71,2.05,1.85,2026-07-27 11:39:40
8109,fra.1,2025-11-23,Nantes,Lorient,Betway,2.55,3.3,2.7,,,2026-07-27 11:39:40
8110,fra.1,2025-11-23,Nantes,Lorient,Coral,2.6,3.3,2.7,,,2026-07-27 11:39:40
8111,fra.1,2025-11-23,Nantes,Lorient,Ladbrokes,2.6,3.3,2.7,,,2026-07-27 11:39:40
8112,fra.1,2025-11-23,Toulouse,Angers,B365,1.6,3.8,6.0,2.05,1.8,2026-07-27 11:39:40
8113,fra.1,2025-11-23,Toulouse,Angers,Pinnacle,1.62,3.97,5.96,2.09,1.79,2026-07-27 11:39:40
8114,fra.1,2025-11-23,Toulouse,Angers,Betway,1.63,3.9,5.5,,,2026-07-27 11:39:40
8115,fra.1,2025-11-23,Toulouse,Angers,Coral,1.61,3.9,5.5,,,2026-07-27 11:39:40
8116,fra.1,2025-11-23,Toulouse,Angers,Ladbrokes,1.61,3.8,5.5,,,2026-07-27 11:39:40
8117,fra.1,2025-11-23,Lille,Paris FC,B365,1.62,4.0,5.5,1.67,2.2,2026-07-27 11:39:40
8118,fra.1,2025-11-23,Lille,Paris FC,Pinnacle,1.62,4.34,5.28,1.7,2.22,2026-07-27 11:39:40
8119,fra.1,2025-11-23,Lille,Paris FC,Betway,1.61,4.1,5.25,,,2026-07-27 11:39:40
8120,fra.1,2025-11-23,Lille,Paris FC,Coral,1.61,4.2,5.0,,,2026-07-27 11:39:40
8121,fra.1,2025-11-23,Lille,Paris FC,Ladbrokes,1.61,4.0,5.0,,,2026-07-27 11:39:40
8122,fra.1,2025-11-28,Metz,Stade Rennais,B365,4.0,3.6,1.85,1.67,2.2,2026-07-27 11:39:40
8123,fra.1,2025-11-28,Metz,Stade Rennais,Pinnacle,4.0,3.97,1.89,1.68,2.29,2026-07-27 11:39:40
8124,fra.1,2025-11-28,Metz,Stade Rennais,Betway,3.7,3.75,1.93,,,2026-07-27 11:39:40
8125,fra.1,2025-11-28,Metz,Stade Rennais,Coral,3.7,3.75,1.91,,,2026-07-27 11:39:40
8126,fra.1,2025-11-28,Metz,Stade Rennais,Ladbrokes,3.6,3.7,1.91,,,2026-07-27 11:39:40
8127,fra.1,2025-11-29,Monaco,Paris Saint-Germain,B365,5.0,4.33,1.6,1.44,2.75,2026-07-27 11:39:40
8128,fra.1,2025-11-29,Monaco,Paris Saint-Germain,Pinnacle,5.1,4.59,1.6,1.44,2.81,2026-07-27 11:39:40
8129,fra.1,2025-11-29,Monaco,Paris Saint-Germain,Betway,4.8,4.5,1.6,,,2026-07-27 11:39:40
8130,fra.1,2025-11-29,Monaco,Paris Saint-Germain,Coral,4.8,4.5,1.6,,,2026-07-27 11:39:40
8131,fra.1,2025-11-29,Monaco,Paris Saint-Germain,Ladbrokes,4.8,4.4,1.6,,,2026-07-27 11:39:40
8132,fra.1,2025-11-29,Paris FC,Auxerre,B365,1.8,3.6,4.5,1.88,1.98,2026-07-27 11:39:40
8133,fra.1,2025-11-29,Paris FC,Auxerre,Pinnacle,1.82,3.81,4.49,1.9,1.99,2026-07-27 11:39:40
8134,fra.1,2025-11-29,Paris FC,Auxerre,Betway,1.82,3.7,4.2,,,2026-07-27 11:39:40
8135,fra.1,2025-11-29,Paris FC,Auxerre,Coral,1.83,3.7,4.2,,,2026-07-27 11:39:40
8136,fra.1,2025-11-29,Paris FC,Auxerre,Ladbrokes,1.8,3.7,4.2,,,2026-07-27 11:39:40
8137,fra.1,2025-11-29,Olympique Marseille,Toulouse,B365,1.6,3.9,6.0,1.8,2.0,2026-07-27 11:39:40
8138,fra.1,2025-11-29,Olympique Marseille,Toulouse,Pinnacle,1.62,4.17,5.51,1.83,2.05,2026-07-27 11:39:40
8139,fra.1,2025-11-29,Olympique Marseille,Toulouse,Betway,1.62,4.0,5.25,,,2026-07-27 11:39:40
8140,fra.1,2025-11-29,Olympique Marseille,Toulouse,Coral,1.61,4.0,5.25,,,2026-07-27 11:39:40
8141,fra.1,2025-11-29,Olympique Marseille,Toulouse,Ladbrokes,1.61,3.9,5.25,,,2026-07-27 11:39:40
8142,fra.1,2025-11-30,Strasbourg,Brest,B365,1.8,3.75,4.33,1.73,2.1,2026-07-27 11:39:40
8143,fra.1,2025-11-30,Strasbourg,Brest,Pinnacle,1.83,3.83,4.4,1.75,2.16,2026-07-27 11:39:40
8144,fra.1,2025-11-30,Strasbourg,Brest,Betway,1.83,3.75,4.1,,,2026-07-27 11:39:40
8145,fra.1,2025-11-30,Strasbourg,Brest,Coral,1.83,3.75,4.0,,,2026-07-27 11:39:40
8146,fra.1,2025-11-30,Strasbourg,Brest,Ladbrokes,1.83,3.75,4.0,,,2026-07-27 11:39:40
8147,fra.1,2025-11-30,Angers,Lens,B365,4.75,3.8,1.75,1.91,1.91,2026-07-27 11:39:40
8148,fra.1,2025-11-30,Angers,Lens,Pinnacle,4.78,3.88,1.76,1.9,1.99,2026-07-27 11:39:40
8149,fra.1,2025-11-30,Angers,Lens,Betway,4.5,3.75,1.75,,,2026-07-27 11:39:40
8150,fra.1,2025-11-30,Angers,Lens,Coral,4.5,3.75,1.75,,,2026-07-27 11:39:40
8151,fra.1,2025-11-30,Angers,Lens,Ladbrokes,4.5,3.75,1.75,,,2026-07-27 11:39:40
8152,fra.1,2025-11-30,Le Havre,Lille,B365,4.33,3.6,1.85,1.91,1.91,2026-07-27 11:39:40
8153,fra.1,2025-11-30,Le Havre,Lille,Pinnacle,4.31,3.7,1.88,1.95,1.93,2026-07-27 11:39:40
8154,fra.1,2025-11-30,Le Havre,Lille,Betway,4.1,3.6,1.87,,,2026-07-27 11:39:40
8155,fra.1,2025-11-30,Le Havre,Lille,Coral,4.2,3.6,1.85,,,2026-07-27 11:39:40
8156,fra.1,2025-11-30,Le Havre,Lille,Ladbrokes,4.0,3.6,1.85,,,2026-07-27 11:39:40
8157,fra.1,2025-11-30,Lorient,Nice,B365,2.45,3.3,2.88,1.8,2.0,2026-07-27 11:39:40
8158,fra.1,2025-11-30,Lorient,Nice,Pinnacle,2.45,3.38,3.03,1.87,2.03,2026-07-27 11:39:40
8159,fra.1,2025-11-30,Lorient,Nice,Betway,2.4,3.4,2.85,,,2026-07-27 11:39:40
8160,fra.1,2025-11-30,Lorient,Nice,Coral,2.4,3.4,2.87,,,2026-07-27 11:39:40
8161,fra.1,2025-11-30,Lorient,Nice,Ladbrokes,2.4,3.4,2.87,,,2026-07-27 11:39:40
8162,fra.1,2025-11-30,Olympique Lyonnais,Nantes,B365,1.42,4.75,7.0,1.73,2.1,2026-07-27 11:39:40
8163,fra.1,2025-11-30,Olympique Lyonnais,Nantes,Pinnacle,1.45,4.83,7.17,1.71,2.21,2026-07-27 11:39:40
8164,fra.1,2025-11-30,Olympique Lyonnais,Nantes,Betway,1.46,4.6,6.75,,,2026-07-27 11:39:40
8165,fra.1,2025-11-30,Olympique Lyonnais,Nantes,Coral,1.44,4.6,6.5,,,2026-07-27 11:39:40
8166,fra.1,2025-11-30,Olympique Lyonnais,Nantes,Ladbrokes,1.44,4.6,6.5,,,2026-07-27 11:39:40
8167,fra.1,2025-12-05,Brest,Monaco,B365,3.3,3.9,2.0,1.5,2.63,2026-07-27 11:39:40
8168,fra.1,2025-12-05,Brest,Monaco,Pinnacle,3.45,3.94,2.06,1.54,2.62,2026-07-27 11:39:40
8169,fra.1,2025-12-05,Brest,Monaco,Betway,3.25,3.8,2.05,,,2026-07-27 11:39:40
8170,fra.1,2025-12-05,Brest,Monaco,Coral,3.25,3.8,2.05,,,2026-07-27 11:39:40
8171,fra.1,2025-12-05,Brest,Monaco,Ladbrokes,3.25,3.8,2.05,,,2026-07-27 11:39:40
8172,fra.1,2025-12-05,Lille,Olympique Marseille,B365,2.3,3.6,2.9,1.73,2.1,2026-07-27 11:39:40
8173,fra.1,2025-12-05,Lille,Olympique Marseille,Pinnacle,2.39,3.58,3.03,1.78,2.15,2026-07-27 11:39:40
8174,fra.1,2025-12-05,Lille,Olympique Marseille,Betway,2.45,3.4,2.8,,,2026-07-27 11:39:40
8175,fra.1,2025-12-05,Lille,Olympique Marseille,Coral,2.45,3.4,2.8,,,2026-07-27 11:39:40
8176,fra.1,2025-12-05,Lille,Olympique Marseille,Ladbrokes,2.4,3.4,2.8,,,2026-07-27 11:39:40
8177,fra.1,2025-12-06,Nantes,Lens,B365,4.75,3.9,1.7,1.73,2.1,2026-07-27 11:39:40
8178,fra.1,2025-12-06,Nantes,Lens,Pinnacle,4.98,4.09,1.69,1.75,2.15,2026-07-27 11:39:40
8179,fra.1,2025-12-06,Nantes,Lens,Betway,4.75,4.0,1.66,,,2026-07-27 11:39:40
8180,fra.1,2025-12-06,Nantes,Lens,Coral,4.8,4.0,1.67,,,2026-07-27 11:39:40
8181,fra.1,2025-12-06,Nantes,Lens,Ladbrokes,4.8,4.0,1.67,,,2026-07-27 11:39:40
8182,fra.1,2025-12-06,Toulouse,Strasbourg,B365,2.5,3.4,2.8,1.93,1.93,2026-07-27 11:39:40
8183,fra.1,2025-12-06,Toulouse,Strasbourg,Pinnacle,2.58,3.42,2.83,1.96,1.93,2026-07-27 11:39:40
8184,fra.1,2025-12-06,Toulouse,Strasbourg,Betway,2.45,3.4,2.75,,,2026-07-27 11:39:40
8185,fra.1,2025-12-06,Toulouse,Strasbourg,Coral,2.45,3.4,2.75,,,2026-07-27 11:39:40
8186,fra.1,2025-12-06,Toulouse,Strasbourg,Ladbrokes,2.45,3.4,2.75,,,2026-07-27 11:39:40
8187,fra.1,2025-12-06,Paris Saint-Germain,Stade Rennais,B365,1.3,6.5,7.5,1.4,3.0,2026-07-27 11:39:40
8188,fra.1,2025-12-06,Paris Saint-Germain,Stade Rennais,Pinnacle,1.31,6.21,8.64,1.4,2.97,2026-07-27 11:39:40
8189,fra.1,2025-12-06,Paris Saint-Germain,Stade Rennais,Betway,1.3,6.25,8.25,,,2026-07-27 11:39:40
8190,fra.1,2025-12-06,Paris Saint-Germain,Stade Rennais,Coral,1.3,6.0,8.5,,,2026-07-27 11:39:40
8191,fra.1,2025-12-06,Paris Saint-Germain,Stade Rennais,Ladbrokes,1.3,6.0,8.0,,,2026-07-27 11:39:40
8192,fra.1,2025-12-07,Nice,Angers,B365,1.95,3.6,3.8,1.88,1.98,2026-07-27 11:39:40
8193,fra.1,2025-12-07,Nice,Angers,Pinnacle,2.02,3.62,3.79,1.9,1.99,2026-07-27 11:39:40
8194,fra.1,2025-12-07,Nice,Angers,Betway,1.9,3.7,3.75,,,2026-07-27 11:39:40
8195,fra.1,2025-12-07,Nice,Angers,Coral,1.91,3.7,3.75,,,2026-07-27 11:39:40
8196,fra.1,2025-12-07,Nice,Angers,Ladbrokes,1.91,3.7,3.75,,,2026-07-27 11:39:40
8197,fra.1,2025-12-07,Auxerre,Metz,B365,2.0,3.5,3.75,2.0,1.85,2026-07-27 11:39:40
8198,fra.1,2025-12-07,Auxerre,Metz,Pinnacle,2.01,3.52,3.96,2.04,1.86,2026-07-27 11:39:40
8199,fra.1,2025-12-07,Auxerre,Metz,Betway,2.0,3.5,3.7,,,2026-07-27 11:39:40
8200,fra.1,2025-12-07,Auxerre,Metz,Coral,2.0,3.5,3.7,,,2026-07-27 11:39:40
8201,fra.1,2025-12-07,Auxerre,Metz,Ladbrokes,2.0,3.5,3.7,,,2026-07-27 11:39:40
8202,fra.1,2025-12-07,Le Havre,Paris FC,B365,2.7,3.2,2.7,2.03,1.83,2026-07-27 11:39:40
8203,fra.1,2025-12-07,Le Havre,Paris FC,Pinnacle,2.72,3.3,2.76,2.06,1.83,2026-07-27 11:39:40
8204,fra.1,2025-12-07,Le Havre,Paris FC,Betway,2.6,3.4,2.6,,,2026-07-27 11:39:40
8205,fra.1,2025-12-07,Le Havre,Paris FC,Coral,2.62,3.4,2.6,,,2026-07-27 11:39:40
8206,fra.1,2025-12-07,Le Havre,Paris FC,Ladbrokes,2.6,3.4,2.6,,,2026-07-27 11:39:40
8207,fra.1,2025-12-07,Lorient,Olympique Lyonnais,B365,3.2,3.5,2.2,1.91,1.91,2026-07-27 11:39:40
8208,fra.1,2025-12-07,Lorient,Olympique Lyonnais,Pinnacle,3.32,3.58,2.21,1.89,2.0,2026-07-27 11:39:40
8209,fra.1,2025-12-07,Lorient,Olympique Lyonnais,Betway,3.1,3.5,2.25,,,2026-07-27 11:39:40
8210,fra.1,2025-12-07,Lorient,Olympique Lyonnais,Coral,3.1,3.5,2.25,,,2026-07-27 11:39:40
8211,fra.1,2025-12-07,Lorient,Olympique Lyonnais,Ladbrokes,3.1,3.5,2.25,,,2026-07-27 11:39:40
8212,fra.1,2025-12-12,Angers,Nantes,B365,2.15,3.2,3.6,2.38,1.57,2026-07-27 11:39:40
8213,fra.1,2025-12-12,Angers,Nantes,Pinnacle,2.19,3.27,3.77,2.42,1.62,2026-07-27 11:39:40
8214,fra.1,2025-12-12,Angers,Nantes,Betway,2.15,3.1,3.7,,,2026-07-27 11:39:40
8215,fra.1,2025-12-12,Angers,Nantes,Coral,2.15,3.1,3.7,,,2026-07-27 11:39:40
8216,fra.1,2025-12-12,Angers,Nantes,Ladbrokes,2.15,3.1,3.7,,,2026-07-27 11:39:40
8217,fra.1,2025-12-13,Stade Rennais,Brest,B365,1.83,3.75,4.1,1.73,2.1,2026-07-27 11:39:40
8218,fra.1,2025-12-13,Stade Rennais,Brest,Pinnacle,1.84,3.93,4.2,1.74,2.18,2026-07-27 11:39:40
8219,fra.1,2025-12-13,Stade Rennais,Brest,Betway,1.83,3.8,4.0,,,2026-07-27 11:39:40
8220,fra.1,2025-12-13,Stade Rennais,Brest,Coral,1.83,3.8,4.0,,,2026-07-27 11:39:40
8221,fra.1,2025-12-13,Stade Rennais,Brest,Ladbrokes,1.83,3.75,4.0,,,2026-07-27 11:39:40
8222,fra.1,2025-12-13,Metz,Paris Saint-Germain,B365,10.0,6.5,1.25,1.36,3.2,2026-07-27 11:39:40
8223,fra.1,2025-12-13,Metz,Paris Saint-Germain,Pinnacle,10.74,6.84,1.24,1.38,3.07,2026-07-27 11:39:40
8224,fra.1,2025-12-13,Metz,Paris Saint-Germain,Betway,10.0,6.5,1.25,,,2026-07-27 11:39:40
8225,fra.1,2025-12-13,Metz,Paris Saint-Germain,Coral,10.0,6.5,1.25,,,2026-07-27 11:39:40
8226,fra.1,2025-12-13,Metz,Paris Saint-Germain,Ladbrokes,10.0,6.5,1.25,,,2026-07-27 11:39:40
8227,fra.1,2025-12-13,Paris FC,Toulouse,B365,2.4,3.4,2.88,2.03,1.83,2026-07-27 11:39:40
8228,fra.1,2025-12-13,Paris FC,Toulouse,Pinnacle,2.48,3.31,3.05,2.05,1.85,2026-07-27 11:39:40
8229,fra.1,2025-12-13,Paris FC,Toulouse,Betway,2.4,3.4,2.87,,,2026-07-27 11:39:40
8230,fra.1,2025-12-13,Paris FC,Toulouse,Coral,2.4,3.4,2.87,,,2026-07-27 11:39:40
8231,fra.1,2025-12-13,Paris FC,Toulouse,Ladbrokes,2.4,3.4,2.87,,,2026-07-27 11:39:40
8232,fra.1,2025-12-14,Olympique Lyonnais,Le Havre,B365,1.6,4.1,5.25,1.91,1.91,2026-07-27 11:39:40
8233,fra.1,2025-12-14,Olympique Lyonnais,Le Havre,Pinnacle,1.6,4.12,5.85,1.95,1.93,2026-07-27 11:39:40
8234,fra.1,2025-12-14,Olympique Lyonnais,Le Havre,Betway,1.6,3.9,5.75,,,2026-07-27 11:39:40
8235,fra.1,2025-12-14,Olympique Lyonnais,Le Havre,Coral,1.6,3.9,5.75,,,2026-07-27 11:39:40
8236,fra.1,2025-12-14,Olympique Lyonnais,Le Havre,Ladbrokes,1.6,3.9,5.5,,,2026-07-27 11:39:40
8237,fra.1,2025-12-14,Auxerre,Lille,B365,4.5,3.6,1.8,1.93,1.93,2026-07-27 11:39:40
8238,fra.1,2025-12-14,Auxerre,Lille,Pinnacle,4.46,3.76,1.83,1.94,1.94,2026-07-27 11:39:40
8239,fra.1,2025-12-14,Auxerre,Lille,Betway,4.5,3.6,1.78,,,2026-07-27 11:39:40
8240,fra.1,2025-12-14,Auxerre,Lille,Coral,4.5,3.6,1.8,,,2026-07-27 11:39:40
8241,fra.1,2025-12-14,Auxerre,Lille,Ladbrokes,4.5,3.6,1.8,,,2026-07-27 11:39:40
8242,fra.1,2025-12-14,Lens,Nice,B365,1.48,4.5,6.25,1.53,2.5,2026-07-27 11:39:40
8243,fra.1,2025-12-14,Lens,Nice,Pinnacle,1.49,4.72,6.49,1.53,2.6,2026-07-27 11:39:40
8244,fra.1,2025-12-14,Lens,Nice,Betway,1.5,4.5,6.0,,,2026-07-27 11:39:40
8245,fra.1,2025-12-14,Lens,Nice,Coral,1.5,4.5,6.0,,,2026-07-27 11:39:40
8246,fra.1,2025-12-14,Lens,Nice,Ladbrokes,1.5,4.4,6.0,,,2026-07-27 11:39:40
8247,fra.1,2025-12-14,Strasbourg,Lorient,B365,1.73,3.7,4.75,1.8,2.0,2026-07-27 11:39:40
8248,fra.1,2025-12-14,Strasbourg,Lorient,Pinnacle,1.75,3.96,4.72,1.85,2.05,2026-07-27 11:39:40
8249,fra.1,2025-12-14,Strasbourg,Lorient,Betway,1.73,3.8,4.6,,,2026-07-27 11:39:40
8250,fra.1,2025-12-14,Strasbourg,Lorient,Coral,1.73,3.8,4.6,,,2026-07-27 11:39:40
8251,fra.1,2025-12-14,Strasbourg,Lorient,Ladbrokes,1.73,3.75,4.5,,,2026-07-27 11:39:40
8252,fra.1,2025-12-14,Olympique Marseille,Monaco,B365,1.9,3.75,3.75,1.5,2.63,2026-07-27 11:39:40
8253,fra.1,2025-12-14,Olympique Marseille,Monaco,Pinnacle,1.93,3.93,3.81,1.51,2.6,2026-07-27 11:39:40
8254,fra.1,2025-12-14,Olympique Marseille,Monaco,Betway,1.87,3.9,3.75,,,2026-07-27 11:39:40
8255,fra.1,2025-12-14,Olympique Marseille,Monaco,Coral,1.85,3.9,3.75,,,2026-07-27 11:39:40
8256,fra.1,2025-12-14,Olympique Marseille,Monaco,Ladbrokes,1.85,3.9,3.7,,,2026-07-27 11:39:40
8257,fra.1,2026-01-02,Toulouse,Lens,B365,2.45,3.1,2.55,2.0,1.8,2026-07-27 11:39:40
8258,fra.1,2026-01-02,Toulouse,Lens,Pinnacle,2.64,3.35,2.86,2.03,1.88,2026-07-27 11:39:40
8259,fra.1,2026-01-02,Toulouse,Lens,Betway,2.5,3.3,2.75,,,2026-07-27 11:39:40
8260,fra.1,2026-01-02,Toulouse,Lens,Coral,2.5,3.3,2.75,,,2026-07-27 11:39:40
8261,fra.1,2026-01-02,Toulouse,Lens,Ladbrokes,2.5,3.3,2.75,,,2026-07-27 11:39:40
8262,fra.1,2026-01-03,Monaco,Olympique Lyonnais,B365,2.0,3.75,3.5,1.57,2.38,2026-07-27 11:39:40
8263,fra.1,2026-01-03,Monaco,Olympique Lyonnais,Pinnacle,2.09,3.89,3.36,1.61,2.4,2026-07-27 11:39:40
8264,fra.1,2026-01-03,Monaco,Olympique Lyonnais,Betway,2.0,3.8,3.3,,,2026-07-27 11:39:40
8265,fra.1,2026-01-03,Monaco,Olympique Lyonnais,Coral,2.0,3.8,3.3,,,2026-07-27 11:39:40
8266,fra.1,2026-01-03,Monaco,Olympique Lyonnais,Ladbrokes,2.0,3.75,3.3,,,2026-07-27 11:39:40
8267,fra.1,2026-01-03,Nice,Strasbourg,B365,2.7,3.4,2.6,1.8,2.0,2026-07-27 11:39:40
8268,fra.1,2026-01-03,Nice,Strasbourg,Pinnacle,2.72,3.53,2.61,1.82,2.06,2026-07-27 11:39:40
8269,fra.1,2026-01-03,Nice,Strasbourg,Betway,2.65,3.4,2.6,,,2026-07-27 11:39:40
8270,fra.1,2026-01-03,Nice,Strasbourg,Coral,2.7,3.4,2.6,,,2026-07-27 11:39:40
8271,fra.1,2026-01-03,Nice,Strasbourg,Ladbrokes,2.62,3.3,2.6,,,2026-07-27 11:39:40
8272,fra.1,2026-01-03,Lille,Stade Rennais,B365,1.9,3.7,4.0,1.67,2.2,2026-07-27 11:39:40
8273,fra.1,2026-01-03,Lille,Stade Rennais,Pinnacle,1.89,3.67,4.27,1.71,2.23,2026-07-27 11:39:40
8274,fra.1,2026-01-03,Lille,Stade Rennais,Betway,1.88,3.7,3.9,,,2026-07-27 11:39:40
8275,fra.1,2026-01-03,Lille,Stade Rennais,Coral,1.91,3.7,3.9,,,2026-07-27 11:39:40
8276,fra.1,2026-01-03,Lille,Stade Rennais,Ladbrokes,1.85,3.7,3.9,,,2026-07-27 11:39:40
8277,fra.1,2026-01-04,Olympique Marseille,Nantes,B365,1.22,6.5,12.0,1.5,2.63,2026-07-27 11:39:40
8278,fra.1,2026-01-04,Olympique Marseille,Nantes,Pinnacle,1.23,6.8,11.54,1.48,2.65,2026-07-27 11:39:40
8279,fra.1,2026-01-04,Olympique Marseille,Nantes,Betway,1.25,6.5,10.5,,,2026-07-27 11:39:40
8280,fra.1,2026-01-04,Olympique Marseille,Nantes,Coral,1.25,6.5,10.0,,,2026-07-27 11:39:40
8281,fra.1,2026-01-04,Olympique Marseille,Nantes,Ladbrokes,1.25,6.5,10.0,,,2026-07-27 11:39:40
8282,fra.1,2026-01-04,Brest,Auxerre,B365,1.91,3.4,4.2,2.0,1.8,2026-07-27 11:39:40
8283,fra.1,2026-01-04,Brest,Auxerre,Pinnacle,1.96,3.33,4.47,2.05,1.85,2026-07-27 11:39:40
8284,fra.1,2026-01-04,Brest,Auxerre,Betway,1.9,3.5,4.1,,,2026-07-27 11:39:40
8285,fra.1,2026-01-04,Brest,Auxerre,Coral,1.91,3.5,4.0,,,2026-07-27 11:39:40
8286,fra.1,2026-01-04,Brest,Auxerre,Ladbrokes,1.91,3.4,4.0,,,2026-07-27 11:39:40
8287,fra.1,2026-01-04,Le Havre,Angers,B365,2.05,3.3,3.7,2.2,1.67,2026-07-27 11:39:40
8288,fra.1,2026-01-04,Le Havre,Angers,Pinnacle,2.08,3.38,3.87,2.25,1.69,2026-07-27 11:39:40
8289,fra.1,2026-01-04,Le Havre,Angers,Betway,2.1,3.25,3.6,,,2026-07-27 11:39:40
8290,fra.1,2026-01-04,Le Havre,Angers,Coral,2.1,3.25,3.6,,,2026-07-27 11:39:40
8291,fra.1,2026-01-04,Le Havre,Angers,Ladbrokes,2.1,3.2,3.6,,,2026-07-27 11:39:40
8292,fra.1,2026-01-04,Lorient,Metz,B365,1.8,3.5,4.75,1.91,1.91,2026-07-27 11:39:40
8293,fra.1,2026-01-04,Lorient,Metz,Pinnacle,1.81,3.83,4.51,1.89,2.0,2026-07-27 11:39:40
8294,fra.1,2026-01-04,Lorient,Metz,Betway,1.78,3.7,4.4,,,2026-07-27 11:39:40
8295,fra.1,2026-01-04,Lorient,Metz,Coral,1.8,3.7,4.4,,,2026-07-27 11:39:40
8296,fra.1,2026-01-04,Lorient,Metz,Ladbrokes,1.8,3.6,4.4,,,2026-07-27 11:39:40
8297,fra.1,2026-01-04,Paris Saint-Germain,Paris FC,B365,1.17,7.5,17.0,1.36,3.2,2026-07-27 11:39:40
8298,fra.1,2026-01-04,Paris Saint-Germain,Paris FC,Pinnacle,1.21,6.53,16.75,1.36,3.13,2026-07-27 11:39:40
8299,fra.1,2026-01-04,Paris Saint-Germain,Paris FC,Betway,1.19,7.5,13.5,,,2026-07-27 11:39:40
8300,fra.1,2026-01-04,Paris Saint-Germain,Paris FC,Coral,1.2,7.5,13.0,,,2026-07-27 11:39:40
8301,fra.1,2026-01-04,Paris Saint-Germain,Paris FC,Ladbrokes,1.18,7.5,13.0,,,2026-07-27 11:39:40
8302,fra.1,2026-01-16,Monaco,Lorient,B365,1.65,4.2,4.75,1.57,2.38,2026-07-27 11:39:40
8303,fra.1,2026-01-16,Monaco,Lorient,Betway,1.65,4.33,4.6,,,2026-07-27 11:39:40
8304,fra.1,2026-01-16,Monaco,Lorient,Coral,1.65,4.33,4.6,,,2026-07-27 11:39:40
8305,fra.1,2026-01-16,Monaco,Lorient,Ladbrokes,1.65,4.2,4.6,,,2026-07-27 11:39:40
8306,fra.1,2026-01-16,Paris Saint-Germain,Lille,B365,1.3,5.75,8.0,1.44,2.75,2026-07-27 11:39:40
8307,fra.1,2026-01-16,Paris Saint-Germain,Lille,Betway,1.35,5.5,7.75,,,2026-07-27 11:39:40
8308,fra.1,2026-01-16,Paris Saint-Germain,Lille,Coral,1.35,5.5,7.5,,,2026-07-27 11:39:40
8309,fra.1,2026-01-16,Paris Saint-Germain,Lille,Ladbrokes,1.35,5.5,7.5,,,2026-07-27 11:39:40
8310,fra.1,2026-01-17,Lens,Auxerre,B365,1.42,4.5,7.5,1.73,2.1,2026-07-27 11:39:40
8311,fra.1,2026-01-17,Lens,Auxerre,Betway,1.44,4.6,6.75,,,2026-07-27 11:39:40
8312,fra.1,2026-01-17,Lens,Auxerre,Coral,1.44,4.6,7.0,,,2026-07-27 11:39:40
8313,fra.1,2026-01-17,Lens,Auxerre,Ladbrokes,1.44,4.6,6.5,,,2026-07-27 11:39:40
8314,fra.1,2026-01-17,Toulouse,Nice,B365,1.95,3.5,3.9,1.9,1.95,2026-07-27 11:39:40
8315,fra.1,2026-01-17,Toulouse,Nice,Betway,1.93,3.6,3.8,,,2026-07-27 11:39:40
8316,fra.1,2026-01-17,Toulouse,Nice,Coral,1.91,3.6,3.8,,,2026-07-27 11:39:40
8317,fra.1,2026-01-17,Toulouse,Nice,Ladbrokes,1.91,3.6,3.75,,,2026-07-27 11:39:40
8318,fra.1,2026-01-17,Angers,Olympique Marseille,B365,5.75,4.0,1.6,1.9,1.95,2026-07-27 11:39:40
8319,fra.1,2026-01-17,Angers,Olympique Marseille,Betway,5.25,4.1,1.61,,,2026-07-27 11:39:40
8320,fra.1,2026-01-17,Angers,Olympique Marseille,Coral,5.25,4.0,1.6,,,2026-07-27 11:39:40
8321,fra.1,2026-01-17,Angers,Olympique Marseille,Ladbrokes,5.25,4.0,1.6,,,2026-07-27 11:39:40
8322,fra.1,2026-01-18,Strasbourg,Metz,B365,1.53,4.33,5.75,1.62,2.3,2026-07-27 11:39:40
8323,fra.1,2026-01-18,Strasbourg,Metz,Betway,1.55,4.5,5.25,,,2026-07-27 11:39:40
8324,fra.1,2026-01-18,Strasbourg,Metz,Coral,1.55,4.5,5.25,,,2026-07-27 11:39:40
8325,fra.1,2026-01-18,Strasbourg,Metz,Ladbrokes,1.53,4.5,5.25,,,2026-07-27 11:39:40
8326,fra.1,2026-01-18,Nantes,Paris FC,B365,3.0,3.2,2.45,2.03,1.83,2026-07-27 11:39:40
8327,fra.1,2026-01-18,Nantes,Paris FC,Betway,3.0,3.25,2.37,,,2026-07-27 11:39:40
8328,fra.1,2026-01-18,Nantes,Paris FC,Coral,3.0,3.25,2.37,,,2026-07-27 11:39:40
8329,fra.1,2026-01-18,Nantes,Paris FC,Ladbrokes,3.0,3.25,2.37,,,2026-07-27 11:39:40
8330,fra.1,2026-01-18,Stade Rennais,Le Havre,B365,1.67,3.9,5.25,1.83,2.03,2026-07-27 11:39:40
8331,fra.1,2026-01-18,Stade Rennais,Le Havre,Betway,1.68,4.0,4.8,,,2026-07-27 11:39:40
8332,fra.1,2026-01-18,Stade Rennais,Le Havre,Coral,1.67,4.0,4.8,,,2026-07-27 11:39:40
8333,fra.1,2026-01-18,Stade Rennais,Le Havre,Ladbrokes,1.67,3.9,4.8,,,2026-07-27 11:39:40
8334,fra.1,2026-01-18,Olympique Lyonnais,Brest,B365,1.67,4.0,5.0,1.73,2.1,2026-07-27 11:39:40
8335,fra.1,2026-01-18,Olympique Lyonnais,Brest,Betway,1.63,4.2,4.8,,,2026-07-27 11:39:40
8336,fra.1,2026-01-18,Olympique Lyonnais,Brest,Coral,1.65,4.2,4.8,,,2026-07-27 11:39:40
8337,fra.1,2026-01-18,Olympique Lyonnais,Brest,Ladbrokes,1.61,4.2,4.8,,,2026-07-27 11:39:40
8338,fra.1,2026-01-23,Auxerre,Paris Saint-Germain,B365,11.0,5.5,1.29,1.57,2.38,2026-07-27 11:39:40
8339,fra.1,2026-01-23,Auxerre,Paris Saint-Germain,Betway,9.0,5.75,1.31,,,2026-07-27 11:39:40
8340,fra.1,2026-01-24,Stade Rennais,Lorient,B365,1.85,3.7,4.1,1.8,2.0,2026-07-27 11:39:40
8341,fra.1,2026-01-24,Stade Rennais,Lorient,Betway,1.9,3.6,3.8,,,2026-07-27 11:39:40
8342,fra.1,2026-01-24,Le Havre,Monaco,B365,3.4,3.8,2.0,1.67,2.2,2026-07-27 11:39:40
8343,fra.1,2026-01-24,Le Havre,Monaco,Betway,3.3,3.8,2.05,,,2026-07-27 11:39:40
8344,fra.1,2026-01-24,Olympique Marseille,Lens,B365,2.0,3.75,3.4,1.62,2.3,2026-07-27 11:39:40
8345,fra.1,2026-01-24,Olympique Marseille,Lens,Betway,2.05,3.75,3.3,,,2026-07-27 11:39:40
8346,fra.1,2026-01-25,Nantes,Nice,B365,2.9,3.5,2.38,1.8,2.0,2026-07-27 11:39:40
8347,fra.1,2026-01-25,Nantes,Nice,Betway,2.95,3.6,2.25,,,2026-07-27 11:39:40
8348,fra.1,2026-01-25,Brest,Toulouse,B365,2.8,3.1,2.7,2.1,1.73,2026-07-27 11:39:40
8349,fra.1,2026-01-25,Brest,Toulouse,Betway,2.7,3.1,2.7,,,2026-07-27 11:39:40
8350,fra.1,2026-01-25,Metz,Olympique Lyonnais,B365,4.75,3.9,1.7,1.73,2.1,2026-07-27 11:39:40
8351,fra.1,2026-01-25,Metz,Olympique Lyonnais,Betway,4.5,4.0,1.7,,,2026-07-27 11:39:40
8352,fra.1,2026-01-25,Paris FC,Angers,B365,1.83,3.4,4.75,2.0,1.8,2026-07-27 11:39:40
8353,fra.1,2026-01-25,Paris FC,Angers,Betway,1.87,3.5,4.2,,,2026-07-27 11:39:40
8354,fra.1,2026-01-25,Lille,Strasbourg,B365,2.0,3.5,3.6,1.8,2.0,2026-07-27 11:39:40
8355,fra.1,2026-01-25,Lille,Strasbourg,Betway,2.0,3.6,3.5,,,2026-07-27 11:39:40
8356,fra.1,2026-01-30,Lens,Le Havre,B365,1.4,5.0,7.0,1.57,2.38,2026-07-27 11:39:40
8357,fra.1,2026-01-30,Lens,Le Havre,Betway,1.41,5.0,6.75,,,2026-07-27 11:39:40
8358,fra.1,2026-01-30,Lens,Le Havre,Coral,1.4,5.0,6.5,,,2026-07-27 11:39:40
8359,fra.1,2026-01-30,Lens,Le Havre,Ladbrokes,1.4,5.0,6.5,,,2026-07-27 11:39:40
8360,fra.1,2026-01-31,Paris FC,Olympique Marseille,B365,3.8,3.8,1.9,1.73,2.1,2026-07-27 11:39:40
8361,fra.1,2026-01-31,Paris FC,Olympique Marseille,Betway,3.75,3.8,1.88,,,2026-07-27 11:39:40
8362,fra.1,2026-01-31,Lorient,Nantes,B365,1.83,3.5,4.5,2.0,1.8,2026-07-27 11:39:40
8363,fra.1,2026-01-31,Lorient,Nantes,Betway,1.83,3.6,4.2,,,2026-07-27 11:39:40
8364,fra.1,2026-01-31,Monaco,Stade Rennais,B365,2.0,3.9,3.3,1.5,2.63,2026-07-27 11:39:40
8365,fra.1,2026-01-31,Monaco,Stade Rennais,Betway,2.05,3.9,3.2,,,2026-07-27 11:39:40
8366,fra.1,2026-02-01,Olympique Lyonnais,Lille,B365,1.91,3.7,3.8,1.8,2.0,2026-07-27 11:39:40
8367,fra.1,2026-02-01,Olympique Lyonnais,Lille,Betway,1.88,3.7,3.9,,,2026-07-27 11:39:40
8368,fra.1,2026-02-01,Angers,Metz,B365,2.1,3.3,3.6,2.1,1.73,2026-07-27 11:39:40
8369,fra.1,2026-02-01,Angers,Metz,Betway,2.1,3.4,3.5,,,2026-07-27 11:39:40
8370,fra.1,2026-02-01,Angers,Metz,Coral,2.1,3.4,3.5,,,2026-07-27 11:39:40
8371,fra.1,2026-02-01,Angers,Metz,Ladbrokes,2.1,3.4,3.4,,,2026-07-27 11:39:40
8372,fra.1,2026-02-01,Nice,Brest,B365,2.1,3.3,3.7,1.83,2.03,2026-07-27 11:39:40
8373,fra.1,2026-02-01,Nice,Brest,Betway,2.1,3.5,3.4,,,2026-07-27 11:39:40
8374,fra.1,2026-02-01,Nice,Brest,Coral,2.1,3.5,3.4,,,2026-07-27 11:39:40
8375,fra.1,2026-02-01,Nice,Brest,Ladbrokes,2.1,3.5,3.3,,,2026-07-27 11:39:40
8376,fra.1,2026-02-01,Toulouse,Auxerre,B365,1.75,3.6,5.0,2.2,1.67,2026-07-27 11:39:40
8377,fra.1,2026-02-01,Toulouse,Auxerre,Betway,1.75,3.5,5.0,,,2026-07-27 11:39:40
8378,fra.1,2026-02-01,Toulouse,Auxerre,Coral,1.75,3.5,5.0,,,2026-07-27 11:39:40
8379,fra.1,2026-02-01,Toulouse,Auxerre,Ladbrokes,1.75,3.5,4.8,,,2026-07-27 11:39:40
8380,fra.1,2026-02-01,Strasbourg,Paris Saint-Germain,B365,4.75,4.5,1.62,1.53,2.5,2026-07-27 11:39:40
8381,fra.1,2026-02-01,Strasbourg,Paris Saint-Germain,Betway,5.0,4.4,1.6,,,2026-07-27 11:39:40
8382,fra.1,2026-02-06,Metz,Lille,B365,6.0,4.2,1.55,1.73,2.1,2026-07-27 11:39:40
8383,fra.1,2026-02-06,Metz,Lille,Betway,5.5,4.1,1.58,,,2026-07-27 11:39:40
8384,fra.1,2026-02-07,Lens,Stade Rennais,B365,1.75,3.8,4.5,1.62,2.3,2026-07-27 11:39:40
8385,fra.1,2026-02-07,Lens,Stade Rennais,Betway,1.78,3.9,4.1,,,2026-07-27 11:39:40
8386,fra.1,2026-02-07,Brest,Lorient,B365,2.2,3.1,3.5,2.1,1.73,2026-07-27 11:39:40
8387,fra.1,2026-02-07,Brest,Lorient,Betway,2.25,3.2,3.3,,,2026-07-27 11:39:40
8388,fra.1,2026-02-07,Nantes,Olympique Lyonnais,B365,4.75,3.75,1.73,1.91,1.91,2026-07-27 11:39:40
8389,fra.1,2026-02-07,Nantes,Olympique Lyonnais,Betway,4.8,3.7,1.72,,,2026-07-27 11:39:40
8390,fra.1,2026-02-08,Nice,Monaco,B365,3.1,3.75,2.15,1.5,2.63,2026-07-27 11:39:40
8391,fra.1,2026-02-08,Nice,Monaco,Betway,3.0,3.75,2.15,,,2026-07-27 11:39:40
8392,fra.1,2026-02-08,Angers,Toulouse,B365,3.4,3.2,2.25,2.38,1.57,2026-07-27 11:39:40
8393,fra.1,2026-02-08,Angers,Toulouse,Betway,3.4,3.2,2.2,,,2026-07-27 11:39:40
8394,fra.1,2026-02-08,Auxerre,Paris FC,B365,2.45,3.3,2.9,2.2,1.67,2026-07-27 11:39:40
8395,fra.1,2026-02-08,Auxerre,Paris FC,Betway,2.55,3.2,2.85,,,2026-07-27 11:39:40
8396,fra.1,2026-02-08,Le Havre,Strasbourg,B365,4.0,3.5,1.91,2.0,1.85,2026-07-27 11:39:40
8397,fra.1,2026-02-08,Le Havre,Strasbourg,Betway,4.1,3.5,1.9,,,2026-07-27 11:39:40
8398,fra.1,2026-02-08,Paris Saint-Germain,Olympique Marseille,B365,1.42,5.25,6.0,1.44,2.75,2026-07-27 11:39:40
8399,fra.1,2026-02-08,Paris Saint-Germain,Olympique Marseille,Betway,1.42,5.25,6.25,,,2026-07-27 11:39:40
8400,fra.1,2026-02-13,Stade Rennais,Paris Saint-Germain,B365,7.0,5.0,1.4,1.4,3.0,2026-07-27 11:39:40
8401,fra.1,2026-02-13,Stade Rennais,Paris Saint-Germain,Betway,6.5,5.25,1.4,,,2026-07-27 11:39:40
8402,fra.1,2026-02-13,Monaco,Nantes,B365,1.48,4.33,7.0,1.53,2.5,2026-07-27 11:39:40
8403,fra.1,2026-02-13,Monaco,Nantes,Betway,1.46,4.8,6.0,,,2026-07-27 11:39:40
8404,fra.1,2026-02-14,Olympique Marseille,Strasbourg,B365,1.67,4.2,4.5,1.62,2.3,2026-07-27 11:39:40
8405,fra.1,2026-02-14,Olympique Marseille,Strasbourg,Betway,1.7,4.0,4.5,,,2026-07-27 11:39:40
8406,fra.1,2026-02-14,Olympique Marseille,Strasbourg,Coral,1.7,4.0,4.5,,,2026-07-27 11:39:40
8407,fra.1,2026-02-14,Olympique Marseille,Strasbourg,Ladbrokes,1.7,4.0,4.5,,,2026-07-27 11:39:40
8408,fra.1,2026-02-14,Lille,Brest,B365,1.73,3.6,5.0,1.91,1.91,2026-07-27 11:39:40
8409,fra.1,2026-02-14,Lille,Brest,Betway,1.73,3.8,4.5,,,2026-07-27 11:39:40
8410,fra.1,2026-02-14,Paris FC,Lens,B365,4.0,3.6,1.85,1.85,2.0,2026-07-27 11:39:40
8411,fra.1,2026-02-14,Paris FC,Lens,Betway,3.9,3.6,1.9,,,2026-07-27 11:39:40
8412,fra.1,2026-02-15,Le Havre,Toulouse,B365,3.4,3.1,2.3,2.2,1.67,2026-07-27 11:39:40
8413,fra.1,2026-02-15,Le Havre,Toulouse,Betway,3.3,3.2,2.25,,,2026-07-27 11:39:40
8414,fra.1,2026-02-15,Lorient,Angers,B365,1.91,3.2,4.5,2.3,1.62,2026-07-27 11:39:40
8415,fra.1,2026-02-15,Lorient,Angers,Betway,1.95,3.2,4.33,,,2026-07-27 11:39:40
8416,fra.1,2026-02-15,Lorient,Angers,Coral,1.95,3.2,4.33,,,2026-07-27 11:39:40
8417,fra.1,2026-02-15,Lorient,Angers,Ladbrokes,1.95,3.2,4.2,,,2026-07-27 11:39:40
8418,fra.1,2026-02-15,Metz,Auxerre,B365,2.88,3.0,2.63,2.2,1.67,2026-07-27 11:39:40
8419,fra.1,2026-02-15,Metz,Auxerre,Betway,2.75,3.1,2.7,,,2026-07-27 11:39:40
8420,fra.1,2026-02-15,Metz,Auxerre,Coral,2.75,3.1,2.75,,,2026-07-27 11:39:40
8421,fra.1,2026-02-15,Metz,Auxerre,Ladbrokes,2.7,3.0,2.7,,,2026-07-27 11:39:40
8422,fra.1,2026-02-15,Olympique Lyonnais,Nice,B365,1.62,3.9,5.5,1.73,2.1,2026-07-27 11:39:40
8423,fra.1,2026-02-15,Olympique Lyonnais,Nice,Betway,1.62,4.2,5.0,,,2026-07-27 11:39:40
8424,fra.1,2026-02-15,Olympique Lyonnais,Nice,Coral,1.61,4.2,5.0,,,2026-07-27 11:39:40
8425,fra.1,2026-02-15,Olympique Lyonnais,Nice,Ladbrokes,1.61,4.2,5.0,,,2026-07-27 11:39:40
8426,fra.1,2026-02-20,Brest,Olympique Marseille,B365,3.8,3.6,1.9,1.67,2.2,2026-07-27 11:39:40
8427,fra.1,2026-02-20,Brest,Olympique Marseille,Betway,3.7,3.6,1.95,,,2026-07-27 11:39:40
8428,fra.1,2026-02-20,Brest,Olympique Marseille,Coral,3.5,3.4,1.91,,,2026-07-27 11:39:40
8429,fra.1,2026-02-20,Brest,Olympique Marseille,Ladbrokes,3.6,3.6,1.95,,,2026-07-27 11:39:40
8430,fra.1,2026-02-21,Lens,Monaco,B365,1.65,4.33,4.75,1.5,2.63,2026-07-27 11:39:40
8431,fra.1,2026-02-21,Lens,Monaco,Betway,1.66,4.2,4.6,,,2026-07-27 11:39:40
8432,fra.1,2026-02-21,Lens,Monaco,Coral,1.67,4.2,4.6,,,2026-07-27 11:39:40
8433,fra.1,2026-02-21,Lens,Monaco,Ladbrokes,1.65,4.2,4.6,,,2026-07-27 11:39:40
8434,fra.1,2026-02-21,Toulouse,Paris FC,B365,1.85,3.4,4.5,2.2,1.67,2026-07-27 11:39:40
8435,fra.1,2026-02-21,Toulouse,Paris FC,Betway,1.93,3.4,4.1,,,2026-07-27 11:39:40
8436,fra.1,2026-02-21,Toulouse,Paris FC,Coral,1.95,3.4,4.0,,,2026-07-27 11:39:40
8437,fra.1,2026-02-21,Toulouse,Paris FC,Ladbrokes,1.91,3.4,4.0,,,2026-07-27 11:39:40
8438,fra.1,2026-02-21,Paris Saint-Germain,Metz,B365,1.14,9.0,13.0,1.25,4.0,2026-07-27 11:39:40
8439,fra.1,2026-02-21,Paris Saint-Germain,Metz,Betway,1.14,9.25,12.0,,,2026-07-27 11:39:40
8440,fra.1,2026-02-21,Paris Saint-Germain,Metz,Coral,1.15,9.5,12.0,,,2026-07-27 11:39:40
8441,fra.1,2026-02-21,Paris Saint-Germain,Metz,Ladbrokes,1.15,9.0,12.0,,,2026-07-27 11:39:40
8442,fra.1,2026-02-22,Auxerre,Stade Rennais,B365,2.9,3.4,2.35,1.91,1.91,2026-07-27 11:39:40
8443,fra.1,2026-02-22,Auxerre,Stade Rennais,Betway,2.9,3.4,2.35,,,2026-07-27 11:39:40
8444,fra.1,2026-02-22,Auxerre,Stade Rennais,Coral,2.9,3.4,2.37,,,2026-07-27 11:39:40
8445,fra.1,2026-02-22,Auxerre,Stade Rennais,Ladbrokes,2.9,3.4,2.37,,,2026-07-27 11:39:40
8446,fra.1,2026-02-22,Angers,Lille,B365,4.2,3.5,1.85,2.0,1.8,2026-07-27 11:39:40
8447,fra.1,2026-02-22,Angers,Lille,Betway,4.1,3.5,1.9,,,2026-07-27 11:39:40
8448,fra.1,2026-02-22,Nantes,Le Havre,B365,2.4,3.3,2.9,2.1,1.73,2026-07-27 11:39:40
8449,fra.1,2026-02-22,Nantes,Le Havre,Betway,2.4,3.3,2.95,,,2026-07-27 11:39:40
8450,fra.1,2026-02-22,Nice,Lorient,B365,2.05,3.6,3.4,1.85,2.0,2026-07-27 11:39:40
8451,fra.1,2026-02-22,Nice,Lorient,Betway,2.1,3.6,3.3,,,2026-07-27 11:39:40
8452,fra.1,2026-02-22,Strasbourg,Olympique Lyonnais,B365,2.3,3.6,2.9,1.8,2.0,2026-07-27 11:39:40
8453,fra.1,2026-02-22,Strasbourg,Olympique Lyonnais,Betway,2.37,3.5,2.8,,,2026-07-27 11:39:40
8454,fra.1,2026-02-27,Strasbourg,Lens,B365,2.2,3.6,3.1,1.62,2.3,2026-07-27 11:39:40
8455,fra.1,2026-02-27,Strasbourg,Lens,Betway,2.2,3.6,3.0,,,2026-07-27 11:39:40
8456,fra.1,2026-02-28,Stade Rennais,Toulouse,B365,1.95,3.5,3.7,1.88,1.98,2026-07-27 11:39:40
8457,fra.1,2026-02-28,Stade Rennais,Toulouse,Betway,2.0,3.5,3.6,,,2026-07-27 11:39:40
8458,fra.1,2026-02-28,Monaco,Angers,B365,1.5,4.33,6.5,1.73,2.1,2026-07-27 11:39:40
8459,fra.1,2026-02-28,Monaco,Angers,Betway,1.52,4.6,5.75,,,2026-07-27 11:39:40
8460,fra.1,2026-02-28,Le Havre,Paris Saint-Germain,B365,8.0,6.25,1.3,1.44,2.75,2026-07-27 11:39:40
8461,fra.1,2026-02-28,Le Havre,Paris Saint-Germain,Betway,8.5,5.75,1.31,,,2026-07-27 11:39:40
8462,fra.1,2026-03-01,Paris FC,Nice,B365,2.4,3.4,2.9,1.93,1.93,2026-07-27 11:39:40
8463,fra.1,2026-03-01,Paris FC,Nice,Betway,2.37,3.4,2.9,,,2026-07-27 11:39:40
8464,fra.1,2026-03-01,Paris FC,Nice,Coral,2.37,3.4,2.9,,,2026-07-27 11:39:40
8465,fra.1,2026-03-01,Paris FC,Nice,Ladbrokes,2.37,3.4,2.87,,,2026-07-27 11:39:40
8466,fra.1,2026-03-01,Lille,Nantes,B365,1.45,4.5,7.0,1.8,2.0,2026-07-27 11:39:40
8467,fra.1,2026-03-01,Lille,Nantes,Betway,1.47,4.5,6.5,,,2026-07-27 11:39:40
8468,fra.1,2026-03-01,Lille,Nantes,Coral,1.48,4.5,6.5,,,2026-07-27 11:39:40
8469,fra.1,2026-03-01,Lille,Nantes,Ladbrokes,1.48,4.5,6.5,,,2026-07-27 11:39:40
8470,fra.1,2026-03-01,Lorient,Auxerre,B365,2.05,3.25,3.9,2.2,1.67,2026-07-27 11:39:40
8471,fra.1,2026-03-01,Lorient,Auxerre,Betway,2.05,3.3,3.8,,,2026-07-27 11:39:40
8472,fra.1,2026-03-01,Lorient,Auxerre,Coral,2.05,3.3,3.8,,,2026-07-27 11:39:40
8473,fra.1,2026-03-01,Lorient,Auxerre,Ladbrokes,2.0,3.25,3.8,,,2026-07-27 11:39:40
8474,fra.1,2026-03-01,Metz,Brest,B365,3.6,3.4,2.1,1.98,1.88,2026-07-27 11:39:40
8475,fra.1,2026-03-01,Metz,Brest,Betway,3.4,3.4,2.1,,,2026-07-27 11:39:40
8476,fra.1,2026-03-01,Metz,Brest,Coral,3.4,3.4,2.1,,,2026-07-27 11:39:40
8477,fra.1,2026-03-01,Metz,Brest,Ladbrokes,3.4,3.4,2.1,,,2026-07-27 11:39:40
8478,fra.1,2026-03-01,Olympique Marseille,Olympique Lyonnais,B365,1.95,3.6,3.8,1.67,2.2,2026-07-27 11:39:40
8479,fra.1,2026-03-01,Olympique Marseille,Olympique Lyonnais,Betway,1.98,3.75,3.5,,,2026-07-27 11:39:40
8480,fra.1,2026-03-01,Olympique Marseille,Olympique Lyonnais,Coral,1.95,3.75,3.5,,,2026-07-27 11:39:40
8481,fra.1,2026-03-01,Olympique Marseille,Olympique Lyonnais,Ladbrokes,1.95,3.7,3.5,,,2026-07-27 11:39:40
8482,fra.1,2026-03-06,Paris Saint-Germain,Monaco,B365,1.36,5.5,7.0,1.33,3.4,2026-07-27 11:39:40
8483,fra.1,2026-03-06,Paris Saint-Germain,Monaco,Betway,1.36,5.75,6.75,,,2026-07-27 11:39:40
8484,fra.1,2026-03-07,Nantes,Angers,B365,2.2,3.0,3.6,2.38,1.57,2026-07-27 11:39:40
8485,fra.1,2026-03-07,Nantes,Angers,Betway,2.2,3.2,3.4,,,2026-07-27 11:39:40
8486,fra.1,2026-03-07,Auxerre,Strasbourg,B365,3.6,3.3,2.1,2.0,1.8,2026-07-27 11:39:40
8487,fra.1,2026-03-07,Auxerre,Strasbourg,Betway,3.4,3.4,2.1,,,2026-07-27 11:39:40
8488,fra.1,2026-03-07,Toulouse,Olympique Marseille,B365,2.9,3.5,2.35,1.91,1.91,2026-07-27 11:39:40
8489,fra.1,2026-03-07,Toulouse,Olympique Marseille,Betway,2.9,3.5,2.3,,,2026-07-27 11:39:40
8490,fra.1,2026-03-08,Lens,Metz,B365,1.27,5.75,11.0,1.5,2.63,2026-07-27 11:39:40
8491,fra.1,2026-03-08,Lens,Metz,Betway,1.27,6.0,9.75,,,2026-07-27 11:39:40
8492,fra.1,2026-03-08,Brest,Le Havre,B365,1.91,3.5,4.1,2.0,1.8,2026-07-27 11:39:40
8493,fra.1,2026-03-08,Brest,Le Havre,Betway,1.93,3.5,4.0,,,2026-07-27 11:39:40
8494,fra.1,2026-03-08,Brest,Le Havre,Coral,1.83,3.3,3.7,,,2026-07-27 11:39:40
8495,fra.1,2026-03-08,Brest,Le Havre,Ladbrokes,1.85,3.25,3.7,,,2026-07-27 11:39:40
8496,fra.1,2026-03-08,Lille,Lorient,B365,1.55,4.1,6.0,1.9,1.95,2026-07-27 11:39:40
8497,fra.1,2026-03-08,Lille,Lorient,Betway,1.6,4.0,5.5,,,2026-07-27 11:39:40
8498,fra.1,2026-03-08,Lille,Lorient,Coral,1.6,4.0,5.5,,,2026-07-27 11:39:40
8499,fra.1,2026-03-08,Lille,Lorient,Ladbrokes,1.6,4.0,5.5,,,2026-07-27 11:39:40
8500,fra.1,2026-03-08,Nice,Stade Rennais,B365,2.88,3.5,2.35,1.67,2.2,2026-07-27 11:39:40
8501,fra.1,2026-03-08,Nice,Stade Rennais,Betway,2.75,3.6,2.4,,,2026-07-27 11:39:40
8502,fra.1,2026-03-08,Nice,Stade Rennais,Coral,2.75,3.6,2.4,,,2026-07-27 11:39:40
8503,fra.1,2026-03-08,Nice,Stade Rennais,Ladbrokes,2.75,3.5,2.4,,,2026-07-27 11:39:40
8504,fra.1,2026-03-08,Olympique Lyonnais,Paris FC,B365,1.67,3.8,5.25,1.8,2.0,2026-07-27 11:39:40
8505,fra.1,2026-03-08,Olympique Lyonnais,Paris FC,Betway,1.66,4.0,4.8,,,2026-07-27 11:39:40
8506,fra.1,2026-03-08,Olympique Lyonnais,Paris FC,Coral,1.67,4.0,4.8,,,2026-07-27 11:39:40
8507,fra.1,2026-03-08,Olympique Lyonnais,Paris FC,Ladbrokes,1.67,3.9,4.8,,,2026-07-27 11:39:40
8508,fra.1,2026-03-13,Olympique Marseille,Auxerre,B365,1.42,5.0,6.5,1.57,2.38,2026-07-27 11:39:40
8509,fra.1,2026-03-13,Olympique Marseille,Auxerre,Betway,1.44,4.8,6.25,,,2026-07-27 11:39:40
8510,fra.1,2026-03-13,Olympique Marseille,Auxerre,Coral,1.44,4.8,6.5,,,2026-07-27 11:39:40
8511,fra.1,2026-03-13,Olympique Marseille,Auxerre,Ladbrokes,1.44,4.8,6.0,,,2026-07-27 11:39:40
8512,fra.1,2026-03-14,Lorient,Lens,B365,4.2,3.7,1.85,1.8,2.0,2026-07-27 11:39:40
8513,fra.1,2026-03-14,Lorient,Lens,Betway,3.9,3.7,1.9,,,2026-07-27 11:39:40
8514,fra.1,2026-03-14,Angers,Nice,B365,2.9,3.3,2.5,2.0,1.8,2026-07-27 11:39:40
8515,fra.1,2026-03-14,Angers,Nice,Betway,2.95,3.3,2.4,,,2026-07-27 11:39:40
8516,fra.1,2026-03-14,Monaco,Brest,B365,1.67,4.2,4.5,1.62,2.3,2026-07-27 11:39:40
8517,fra.1,2026-03-14,Monaco,Brest,Betway,1.68,4.1,4.6,,,2026-07-27 11:39:40
8518,fra.1,2026-03-14,Monaco,Brest,Coral,1.67,4.2,4.6,,,2026-07-27 11:39:40
8519,fra.1,2026-03-14,Monaco,Brest,Ladbrokes,1.67,4.0,4.6,,,2026-07-27 11:39:40
8520,fra.1,2026-03-15,Strasbourg,Paris FC,B365,1.75,3.7,4.75,1.83,2.03,2026-07-27 11:39:40
8521,fra.1,2026-03-15,Strasbourg,Paris FC,Betway,1.75,3.9,4.4,,,2026-07-27 11:39:40
8522,fra.1,2026-03-15,Le Havre,Olympique Lyonnais,B365,3.75,3.4,2.0,2.1,1.73,2026-07-27 11:39:40
8523,fra.1,2026-03-15,Le Havre,Olympique Lyonnais,Betway,3.6,3.4,2.05,,,2026-07-27 11:39:40
8524,fra.1,2026-03-15,Le Havre,Olympique Lyonnais,Coral,3.6,3.4,2.05,,,2026-07-27 11:39:40
8525,fra.1,2026-03-15,Le Havre,Olympique Lyonnais,Ladbrokes,3.6,3.4,2.05,,,2026-07-27 11:39:40
8526,fra.1,2026-03-15,Metz,Toulouse,B365,4.0,3.4,1.95,2.2,1.67,2026-07-27 11:39:40
8527,fra.1,2026-03-15,Metz,Toulouse,Betway,3.9,3.3,2.0,,,2026-07-27 11:39:40
8528,fra.1,2026-03-15,Metz,Toulouse,Coral,3.9,3.3,2.0,,,2026-07-27 11:39:40
8529,fra.1,2026-03-15,Metz,Toulouse,Ladbrokes,3.9,3.25,2.0,,,2026-07-27 11:39:40
8530,fra.1,2026-03-15,Stade Rennais,Lille,B365,2.2,3.4,3.25,1.8,2.0,2026-07-27 11:39:40
8531,fra.1,2026-03-15,Stade Rennais,Lille,Betway,2.25,3.4,3.2,,,2026-07-27 11:39:40
8532,fra.1,2026-03-20,Lens,Angers,B365,1.22,6.5,12.0,1.53,2.5,2026-07-27 11:39:40
8533,fra.1,2026-03-20,Lens,Angers,Betway,1.25,6.25,11.0,,,2026-07-27 11:39:40
8534,fra.1,2026-03-21,Toulouse,Lorient,B365,1.95,3.1,4.5,2.1,1.73,2026-07-27 11:39:40
8535,fra.1,2026-03-21,Toulouse,Lorient,Betway,2.0,3.1,4.1,,,2026-07-27 11:39:40
8536,fra.1,2026-03-21,Auxerre,Brest,B365,2.38,3.1,3.25,2.2,1.67,2026-07-27 11:39:40
8537,fra.1,2026-03-21,Auxerre,Brest,Betway,2.35,3.25,3.1,,,2026-07-27 11:39:40
8538,fra.1,2026-03-21,Nice,Paris Saint-Germain,B365,8.0,5.5,1.36,1.4,3.0,2026-07-27 11:39:40
8539,fra.1,2026-03-21,Nice,Paris Saint-Germain,Betway,7.25,5.5,1.36,,,2026-07-27 11:39:40
8540,fra.1,2026-03-22,Olympique Lyonnais,Monaco,B365,2.75,3.5,2.5,1.73,2.1,2026-07-27 11:39:40
8541,fra.1,2026-03-22,Olympique Lyonnais,Monaco,Betway,2.65,3.6,2.5,,,2026-07-27 11:39:40
8542,fra.1,2026-03-22,Olympique Marseille,Lille,B365,1.91,3.75,3.8,1.8,2.0,2026-07-27 11:39:40
8543,fra.1,2026-03-22,Olympique Marseille,Lille,Betway,1.9,3.7,3.8,,,2026-07-27 11:39:40
8544,fra.1,2026-03-22,Paris FC,Le Havre,B365,2.0,3.3,4.0,2.1,1.73,2026-07-27 11:39:40
8545,fra.1,2026-03-22,Paris FC,Le Havre,Betway,2.0,3.2,4.1,,,2026-07-27 11:39:40
8546,fra.1,2026-03-22,Stade Rennais,Metz,B365,1.33,5.5,8.5,1.57,2.38,2026-07-27 11:39:40
8547,fra.1,2026-03-22,Stade Rennais,Metz,Betway,1.38,5.25,7.25,,,2026-07-27 11:39:40
8548,fra.1,2026-03-22,Nantes,Strasbourg,B365,3.6,3.6,2.0,2.0,1.8,2026-07-27 11:39:40
8549,fra.1,2026-03-22,Nantes,Strasbourg,Betway,3.5,3.5,2.05,,,2026-07-27 11:39:40
8550,fra.1,2026-04-03,Paris Saint-Germain,Toulouse,B365,1.25,6.25,11.0,1.44,2.75,2026-07-27 11:39:40
8551,fra.1,2026-04-03,Paris Saint-Germain,Toulouse,Betway,1.26,6.75,9.5,,,2026-07-27 11:39:40
8552,fra.1,2026-04-04,Strasbourg,Nice,B365,1.85,3.7,4.1,1.73,2.1,2026-07-27 11:39:40
8553,fra.1,2026-04-04,Strasbourg,Nice,Betway,1.85,3.75,4.0,,,2026-07-27 11:39:40
8554,fra.1,2026-04-04,Brest,Stade Rennais,B365,3.1,3.5,2.25,1.91,1.91,2026-07-27 11:39:40
8555,fra.1,2026-04-04,Brest,Stade Rennais,Betway,3.1,3.5,2.2,,,2026-07-27 11:39:40
8556,fra.1,2026-04-04,Lille,Lens,B365,2.63,3.4,2.63,1.85,2.0,2026-07-27 11:39:40
8557,fra.1,2026-04-04,Lille,Lens,Betway,2.6,3.4,2.65,,,2026-07-27 11:39:40
8558,fra.1,2026-04-05,Angers,Olympique Lyonnais,B365,4.5,3.6,1.8,2.2,1.67,2026-07-27 11:39:40
8559,fra.1,2026-04-05,Angers,Olympique Lyonnais,Betway,4.5,3.5,1.82,,,2026-07-27 11:39:40
8560,fra.1,2026-04-05,Le Havre,Auxerre,B365,2.6,3.1,3.0,2.3,1.62,2026-07-27 11:39:40
8561,fra.1,2026-04-05,Le Havre,Auxerre,Betway,2.5,3.2,2.9,,,2026-07-27 11:39:40
8562,fra.1,2026-04-05,Lorient,Paris FC,B365,2.25,3.3,3.3,2.1,1.73,2026-07-27 11:39:40
8563,fra.1,2026-04-05,Lorient,Paris FC,Betway,2.2,3.4,3.2,,,2026-07-27 11:39:40
8564,fra.1,2026-04-05,Metz,Nantes,B365,2.8,3.3,2.55,2.2,1.67,2026-07-27 11:39:40
8565,fra.1,2026-04-05,Metz,Nantes,Betway,2.9,3.3,2.4,,,2026-07-27 11:39:40
8566,fra.1,2026-04-05,Monaco,Olympique Marseille,B365,2.15,3.75,3.1,1.57,2.38,2026-07-27 11:39:40
8567,fra.1,2026-04-05,Monaco,Olympique Marseille,Betway,2.15,3.7,3.1,,,2026-07-27 11:39:40
8568,fra.1,2026-04-10,Paris FC,Monaco,B365,3.9,3.8,1.9,1.62,2.3,2026-07-27 11:39:40
8569,fra.1,2026-04-10,Paris FC,Monaco,Betway,3.7,3.75,1.9,,,2026-07-27 11:39:40
8570,fra.1,2026-04-10,Olympique Marseille,Metz,B365,1.22,6.25,12.0,1.4,3.0,2026-07-27 11:39:40
8571,fra.1,2026-04-10,Olympique Marseille,Metz,Betway,1.25,6.75,9.75,,,2026-07-27 11:39:40
8572,fra.1,2026-04-11,Auxerre,Nantes,B365,2.0,3.3,4.0,2.3,1.62,2026-07-27 11:39:40
8573,fra.1,2026-04-11,Auxerre,Nantes,Betway,2.1,3.2,3.75,,,2026-07-27 11:39:40
8574,fra.1,2026-04-11,Stade Rennais,Angers,B365,1.36,4.75,8.5,1.67,2.2,2026-07-27 11:39:40
8575,fra.1,2026-04-11,Stade Rennais,Angers,Betway,1.42,4.8,7.0,,,2026-07-27 11:39:40
8576,fra.1,2026-04-12,Nice,Le Havre,B365,1.91,3.3,4.33,1.98,1.88,2026-07-27 11:39:40
8577,fra.1,2026-04-12,Nice,Le Havre,Betway,1.9,3.4,4.2,,,2026-07-27 11:39:40
8578,fra.1,2026-04-12,Toulouse,Lille,B365,3.2,3.3,2.3,2.2,1.67,2026-07-27 11:39:40
8579,fra.1,2026-04-12,Toulouse,Lille,Betway,3.0,3.3,2.35,,,2026-07-27 11:39:40
8580,fra.1,2026-04-12,Olympique Lyonnais,Lorient,B365,1.67,3.8,5.25,1.91,1.91,2026-07-27 11:39:40
8581,fra.1,2026-04-12,Olympique Lyonnais,Lorient,Betway,1.71,3.8,4.75,,,2026-07-27 11:39:40
8582,fra.1,2026-04-17,Lens,Toulouse,B365,1.5,4.5,5.75,1.67,2.2,2026-07-27 11:39:40
8583,fra.1,2026-04-17,Lens,Toulouse,Betway,1.49,4.5,6.25,,,2026-07-27 11:39:40
8584,fra.1,2026-04-18,Lorient,Olympique Marseille,B365,4.5,4.0,1.73,1.67,2.2,2026-07-27 11:39:40
8585,fra.1,2026-04-18,Lorient,Olympique Marseille,Betway,4.2,4.0,1.75,,,2026-07-27 11:39:40
8586,fra.1,2026-04-18,Angers,Le Havre,B365,2.88,3.1,2.63,2.38,1.57,2026-07-27 11:39:40
8587,fra.1,2026-04-18,Angers,Le Havre,Betway,2.8,3.1,2.65,,,2026-07-27 11:39:40
8588,fra.1,2026-04-18,Lille,Nice,B365,1.5,4.33,6.5,1.8,2.0,2026-07-27 11:39:40
8589,fra.1,2026-04-18,Lille,Nice,Betway,1.52,4.33,6.0,,,2026-07-27 11:39:40
8590,fra.1,2026-04-19,Monaco,Auxerre,B365,1.53,4.33,6.0,1.73,2.1,2026-07-27 11:39:40
8591,fra.1,2026-04-19,Monaco,Auxerre,Betway,1.57,4.33,5.25,,,2026-07-27 11:39:40
8592,fra.1,2026-04-19,Metz,Paris FC,B365,3.5,3.5,2.05,1.85,2.0,2026-07-27 11:39:40
8593,fra.1,2026-04-19,Metz,Paris FC,Betway,3.4,3.4,2.15,,,2026-07-27 11:39:40
8594,fra.1,2026-04-19,Nantes,Brest,B365,2.35,3.3,3.1,2.1,1.73,2026-07-27 11:39:40
8595,fra.1,2026-04-19,Nantes,Brest,Betway,2.35,3.3,3.0,,,2026-07-27 11:39:40
8596,fra.1,2026-04-19,Strasbourg,Stade Rennais,B365,2.63,3.75,2.5,1.67,2.2,2026-07-27 11:39:40
8597,fra.1,2026-04-19,Strasbourg,Stade Rennais,Betway,2.6,3.6,2.5,,,2026-07-27 11:39:40
8598,fra.1,2026-04-19,Paris Saint-Germain,Olympique Lyonnais,B365,1.3,6.0,8.5,1.44,2.75,2026-07-27 11:39:40
8599,fra.1,2026-04-19,Paris Saint-Germain,Olympique Lyonnais,Betway,1.32,5.75,8.5,,,2026-07-27 11:39:40
8600,fra.1,2026-04-22,Paris Saint-Germain,Nantes,B365,1.18,7.0,13.0,1.33,3.4,2026-07-27 11:39:40
8601,fra.1,2026-04-22,Paris Saint-Germain,Nantes,Betway,1.21,7.75,11.5,,,2026-07-27 11:39:40
8602,fra.1,2026-04-22,Paris Saint-Germain,Nantes,Coral,1.2,7.5,11.0,,,2026-07-27 11:39:40
8603,fra.1,2026-04-22,Paris Saint-Germain,Nantes,Ladbrokes,1.2,7.5,11.0,,,2026-07-27 11:39:40
8604,fra.1,2026-04-24,Brest,Lens,B365,5.5,4.2,1.55,1.67,2.2,2026-07-27 11:39:40
8605,fra.1,2026-04-24,Brest,Lens,Betway,5.25,4.1,1.6,,,2026-07-27 11:39:40
8606,fra.1,2026-04-24,Brest,Lens,Coral,5.25,4.2,1.6,,,2026-07-27 11:39:40
8607,fra.1,2026-04-24,Brest,Lens,Ladbrokes,5.25,4.0,1.6,,,2026-07-27 11:39:40
8608,fra.1,2026-04-25,Olympique Lyonnais,Auxerre,B365,1.65,3.9,5.25,1.8,2.0,2026-07-27 11:39:40
8609,fra.1,2026-04-25,Olympique Lyonnais,Auxerre,Betway,1.66,3.9,5.0,,,2026-07-27 11:39:40
8610,fra.1,2026-04-25,Olympique Lyonnais,Auxerre,Coral,1.67,3.9,5.0,,,2026-07-27 11:39:40
8611,fra.1,2026-04-25,Olympique Lyonnais,Auxerre,Ladbrokes,1.67,3.8,5.0,,,2026-07-27 11:39:40
8612,fra.1,2026-04-25,Angers,Paris Saint-Germain,B365,10.0,6.0,1.27,1.53,2.5,2026-07-27 11:39:40
8613,fra.1,2026-04-25,Angers,Paris Saint-Germain,Betway,10.0,6.25,1.27,,,2026-07-27 11:39:40
8614,fra.1,2026-04-25,Angers,Paris Saint-Germain,Coral,10.0,6.0,1.28,,,2026-07-27 11:39:40
8615,fra.1,2026-04-25,Angers,Paris Saint-Germain,Ladbrokes,9.5,6.0,1.25,,,2026-07-27 11:39:40
8616,fra.1,2026-04-25,Toulouse,Monaco,B365,3.3,3.8,2.05,1.67,2.2,2026-07-27 11:39:40
8617,fra.1,2026-04-25,Toulouse,Monaco,Betway,3.25,3.75,2.05,,,2026-07-27 11:39:40
8618,fra.1,2026-04-25,Toulouse,Monaco,Coral,3.25,3.75,2.05,,,2026-07-27 11:39:40
8619,fra.1,2026-04-25,Toulouse,Monaco,Ladbrokes,3.25,3.7,2.05,,,2026-07-27 11:39:40
8620,fra.1,2026-04-26,Lorient,Strasbourg,B365,2.1,3.6,3.2,1.8,2.0,2026-07-27 11:39:40
8621,fra.1,2026-04-26,Lorient,Strasbourg,Betway,2.15,3.6,3.2,,,2026-07-27 11:39:40
8622,fra.1,2026-04-26,Lorient,Strasbourg,Coral,2.15,3.6,3.2,,,2026-07-27 11:39:40
8623,fra.1,2026-04-26,Lorient,Strasbourg,Ladbrokes,2.15,3.5,3.2,,,2026-07-27 11:39:40
8624,fra.1,2026-04-26,Le Havre,Metz,B365,1.67,4.0,5.0,1.91,1.91,2026-07-27 11:39:40
8625,fra.1,2026-04-26,Le Havre,Metz,Betway,1.68,3.75,5.25,,,2026-07-27 11:39:40
8626,fra.1,2026-04-26,Paris FC,Lille,B365,4.0,3.6,1.91,1.88,1.98,2026-07-27 11:39:40
8627,fra.1,2026-04-26,Paris FC,Lille,Betway,3.9,3.6,1.9,,,2026-07-27 11:39:40
8628,fra.1,2026-04-26,Stade Rennais,Nantes,B365,1.42,4.75,7.5,1.62,2.3,2026-07-27 11:39:40
8629,fra.1,2026-04-26,Stade Rennais,Nantes,Betway,1.44,4.8,6.5,,,2026-07-27 11:39:40
8630,fra.1,2026-04-26,Olympique Marseille,Nice,B365,1.48,4.5,6.5,1.44,2.75,2026-07-27 11:39:40
8631,fra.1,2026-04-26,Olympique Marseille,Nice,Betway,1.49,4.75,5.75,,,2026-07-27 11:39:40
8632,fra.1,2026-04-26,Olympique Marseille,Nice,Coral,1.48,4.8,5.75,,,2026-07-27 11:39:40
8633,fra.1,2026-04-26,Olympique Marseille,Nice,Ladbrokes,1.48,4.8,5.75,,,2026-07-27 11:39:40
8634,fra.1,2026-05-02,Nantes,Olympique Marseille,B365,4.33,4.1,1.73,1.67,2.2,2026-07-27 11:39:40
8635,fra.1,2026-05-02,Nantes,Olympique Marseille,Betway,4.4,4.0,1.72,,,2026-07-27 11:39:40
8636,fra.1,2026-05-02,Nantes,Olympique Marseille,Coral,4.4,4.0,1.73,,,2026-07-27 11:39:40
8637,fra.1,2026-05-02,Nantes,Olympique Marseille,Ladbrokes,4.33,4.0,1.73,,,2026-07-27 11:39:40
8638,fra.1,2026-05-02,Paris Saint-Germain,Lorient,B365,1.3,5.75,8.0,1.4,3.0,2026-07-27 11:39:40
8639,fra.1,2026-05-02,Paris Saint-Germain,Lorient,Betway,1.32,5.75,8.5,,,2026-07-27 11:39:40
8640,fra.1,2026-05-02,Paris Saint-Germain,Lorient,Ladbrokes,1.3,5.75,8.5,,,2026-07-27 11:39:40
8641,fra.1,2026-05-02,Metz,Monaco,B365,6.5,5.5,1.4,1.36,3.2,2026-07-27 11:39:40
8642,fra.1,2026-05-02,Metz,Monaco,Betway,6.0,5.0,1.44,,,2026-07-27 11:39:40
8643,fra.1,2026-05-02,Metz,Monaco,Ladbrokes,6.0,5.0,1.44,,,2026-07-27 11:39:40
8644,fra.1,2026-05-02,Nice,Lens,B365,4.0,4.2,1.75,1.57,2.38,2026-07-27 11:39:40
8645,fra.1,2026-05-02,Nice,Lens,Betway,4.33,4.1,1.73,,,2026-07-27 11:39:40
8646,fra.1,2026-05-02,Nice,Lens,Coral,4.33,4.0,1.73,,,2026-07-27 11:39:40
8647,fra.1,2026-05-02,Nice,Lens,Ladbrokes,4.2,4.0,1.73,,,2026-07-27 11:39:40
8648,fra.1,2026-05-03,Lille,Le Havre,B365,1.42,4.75,7.5,1.91,1.91,2026-07-27 11:39:40
8649,fra.1,2026-05-03,Lille,Le Havre,Betway,1.43,4.5,7.5,,,2026-07-27 11:39:40
8650,fra.1,2026-05-03,Lille,Le Havre,Coral,1.44,4.5,7.5,,,2026-07-27 11:39:40
8651,fra.1,2026-05-03,Lille,Le Havre,Ladbrokes,1.44,4.5,7.5,,,2026-07-27 11:39:40
8652,fra.1,2026-05-03,Auxerre,Angers,B365,1.67,3.7,5.5,2.2,1.67,2026-07-27 11:39:40
8653,fra.1,2026-05-03,Auxerre,Angers,Betway,1.68,3.7,5.25,,,2026-07-27 11:39:40
8654,fra.1,2026-05-03,Auxerre,Angers,Coral,1.7,3.7,5.25,,,2026-07-27 11:39:40
8655,fra.1,2026-05-03,Auxerre,Angers,Ladbrokes,1.67,3.7,5.25,,,2026-07-27 11:39:40
8656,fra.1,2026-05-03,Paris FC,Brest,B365,2.0,3.5,3.75,1.91,1.91,2026-07-27 11:39:40
8657,fra.1,2026-05-03,Paris FC,Brest,Betway,2.0,3.5,3.6,,,2026-07-27 11:39:40
8658,fra.1,2026-05-03,Paris FC,Brest,Coral,2.0,3.5,3.6,,,2026-07-27 11:39:40
8659,fra.1,2026-05-03,Paris FC,Brest,Ladbrokes,2.0,3.5,3.6,,,2026-07-27 11:39:40
8660,fra.1,2026-05-03,Strasbourg,Toulouse,B365,2.63,3.5,2.6,1.83,2.03,2026-07-27 11:39:40
8661,fra.1,2026-05-03,Strasbourg,Toulouse,Betway,2.6,3.5,2.6,,,2026-07-27 11:39:40
8662,fra.1,2026-05-03,Strasbourg,Toulouse,Coral,2.6,3.5,2.6,,,2026-07-27 11:39:40
8663,fra.1,2026-05-03,Strasbourg,Toulouse,Ladbrokes,2.6,3.5,2.6,,,2026-07-27 11:39:40
8664,fra.1,2026-05-03,Olympique Lyonnais,Stade Rennais,B365,2.1,3.5,2.88,1.67,2.2,2026-07-27 11:39:40
8665,fra.1,2026-05-03,Olympique Lyonnais,Stade Rennais,Betway,2.2,3.7,3.0,,,2026-07-27 11:39:40
8666,fra.1,2026-05-03,Olympique Lyonnais,Stade Rennais,Coral,2.2,3.7,3.0,,,2026-07-27 11:39:40
8667,fra.1,2026-05-03,Olympique Lyonnais,Stade Rennais,Ladbrokes,2.2,3.7,3.0,,,2026-07-27 11:39:40
8668,fra.1,2026-05-08,Lens,Nantes,B365,1.45,4.75,6.5,1.44,2.75,2026-07-27 11:39:40
8669,fra.1,2026-05-08,Lens,Nantes,Betway,1.46,5.0,6.0,,,2026-07-27 11:39:40
8670,fra.1,2026-05-08,Lens,Nantes,Coral,1.48,5.0,6.0,,,2026-07-27 11:39:40
8671,fra.1,2026-05-08,Lens,Nantes,Ladbrokes,1.44,5.0,5.75,,,2026-07-27 11:39:40
8672,fra.1,2026-05-10,Angers,Strasbourg,B365,2.9,3.4,2.4,1.98,1.88,2026-07-27 11:39:40
8673,fra.1,2026-05-10,Angers,Strasbourg,Betway,2.95,3.3,2.37,,,2026-07-27 11:39:40
8674,fra.1,2026-05-10,Angers,Strasbourg,Coral,3.0,3.3,2.37,,,2026-07-27 11:39:40
8675,fra.1,2026-05-10,Angers,Strasbourg,Ladbrokes,2.9,3.3,2.37,,,2026-07-27 11:39:40
8676,fra.1,2026-05-10,Auxerre,Nice,B365,2.45,3.4,2.88,1.93,1.93,2026-07-27 11:39:40
8677,fra.1,2026-05-10,Auxerre,Nice,Betway,2.45,3.4,2.85,,,2026-07-27 11:39:40
8678,fra.1,2026-05-10,Auxerre,Nice,Coral,2.45,3.4,2.87,,,2026-07-27 11:39:40
8679,fra.1,2026-05-10,Auxerre,Nice,Ladbrokes,2.4,3.3,2.87,,,2026-07-27 11:39:40
8680,fra.1,2026-05-10,Le Havre,Olympique Marseille,B365,3.5,3.7,2.0,1.67,2.2,2026-07-27 11:39:40
8681,fra.1,2026-05-10,Le Havre,Olympique Marseille,Betway,3.4,3.8,1.98,,,2026-07-27 11:39:40
8682,fra.1,2026-05-10,Le Havre,Olympique Marseille,Coral,3.4,3.8,2.0,,,2026-07-27 11:39:40
8683,fra.1,2026-05-10,Le Havre,Olympique Marseille,Ladbrokes,3.4,3.8,1.95,,,2026-07-27 11:39:40
8684,fra.1,2026-05-10,Metz,Lorient,B365,3.2,3.7,2.15,1.67,2.2,2026-07-27 11:39:40
8685,fra.1,2026-05-10,Metz,Lorient,Betway,3.1,3.75,2.1,,,2026-07-27 11:39:40
8686,fra.1,2026-05-10,Metz,Lorient,Coral,3.1,3.75,2.15,,,2026-07-27 11:39:40
8687,fra.1,2026-05-10,Metz,Lorient,Ladbrokes,3.1,3.75,2.1,,,2026-07-27 11:39:40
8688,fra.1,2026-05-10,Monaco,Lille,B365,2.3,3.8,2.75,1.62,2.3,2026-07-27 11:39:40
8689,fra.1,2026-05-10,Monaco,Lille,Betway,2.35,3.75,2.75,,,2026-07-27 11:39:40
8690,fra.1,2026-05-10,Monaco,Lille,Coral,2.37,3.75,2.75,,,2026-07-27 11:39:40
8691,fra.1,2026-05-10,Monaco,Lille,Ladbrokes,2.3,3.75,2.7,,,2026-07-27 11:39:40
8692,fra.1,2026-05-10,Paris Saint-Germain,Brest,B365,1.17,7.0,13.0,1.36,3.2,2026-07-27 11:39:40
8693,fra.1,2026-05-10,Paris Saint-Germain,Brest,Betway,1.19,8.0,12.5,,,2026-07-27 11:39:40
8694,fra.1,2026-05-10,Paris Saint-Germain,Brest,Coral,1.18,8.0,12.0,,,2026-07-27 11:39:40
8695,fra.1,2026-05-10,Paris Saint-Germain,Brest,Ladbrokes,1.18,8.0,12.0,,,2026-07-27 11:39:40
8696,fra.1,2026-05-10,Stade Rennais,Paris FC,B365,1.5,4.75,5.75,1.5,2.63,2026-07-27 11:39:40
8697,fra.1,2026-05-10,Stade Rennais,Paris FC,Betway,1.51,4.6,5.75,,,2026-07-27 11:39:40
8698,fra.1,2026-05-10,Stade Rennais,Paris FC,Coral,1.5,4.6,5.75,,,2026-07-27 11:39:40
8699,fra.1,2026-05-10,Stade Rennais,Paris FC,Ladbrokes,1.5,4.6,5.5,,,2026-07-27 11:39:40
8700,fra.1,2026-05-10,Toulouse,Olympique Lyonnais,B365,4.33,4.0,1.73,1.8,2.0,2026-07-27 11:39:40
8701,fra.1,2026-05-10,Toulouse,Olympique Lyonnais,Betway,4.4,3.8,1.75,,,2026-07-27 11:39:40
8702,fra.1,2026-05-10,Toulouse,Olympique Lyonnais,Coral,4.4,3.8,1.75,,,2026-07-27 11:39:40
8703,fra.1,2026-05-10,Toulouse,Olympique Lyonnais,Ladbrokes,4.4,3.8,1.75,,,2026-07-27 11:39:40
8704,fra.1,2026-05-13,Brest,Strasbourg,B365,2.63,3.6,2.5,1.73,2.1,2026-07-27 11:39:40
8705,fra.1,2026-05-13,Brest,Strasbourg,Betway,2.7,3.6,2.45,,,2026-07-27 11:39:40
8706,fra.1,2026-05-13,Brest,Strasbourg,Ladbrokes,2.7,3.6,2.4,,,2026-07-27 11:39:40
8707,fra.1,2026-05-13,Lens,Paris Saint-Germain,B365,3.4,4.0,1.95,1.5,2.63,2026-07-27 11:39:40
8708,fra.1,2026-05-13,Lens,Paris Saint-Germain,Betway,3.3,4.0,1.98,,,2026-07-27 11:39:40
8709,fra.1,2026-05-13,Lens,Paris Saint-Germain,Coral,3.3,4.0,2.0,,,2026-07-27 11:39:40
8710,fra.1,2026-05-13,Lens,Paris Saint-Germain,Ladbrokes,3.3,3.9,2.0,,,2026-07-27 11:39:40
8711,fra.1,2026-05-17,Brest,Angers,B365,1.8,3.6,4.0,1.85,2.0,2026-07-27 11:39:40
8712,fra.1,2026-05-17,Brest,Angers,Betway,1.82,3.7,4.2,,,2026-07-27 11:39:40
8713,fra.1,2026-05-17,Brest,Angers,Coral,1.8,3.7,4.2,,,2026-07-27 11:39:40
8714,fra.1,2026-05-17,Brest,Angers,Ladbrokes,1.8,3.7,4.2,,,2026-07-27 11:39:40
8715,fra.1,2026-05-17,Lille,Auxerre,B365,1.36,4.5,7.5,1.73,2.1,2026-07-27 11:39:40
8716,fra.1,2026-05-17,Lille,Auxerre,Betway,1.39,5.0,7.5,,,2026-07-27 11:39:40
8717,fra.1,2026-05-17,Lille,Auxerre,Coral,1.4,5.0,7.5,,,2026-07-27 11:39:40
8718,fra.1,2026-05-17,Lille,Auxerre,Ladbrokes,1.4,5.0,7.5,,,2026-07-27 11:39:40
8719,fra.1,2026-05-17,Lorient,Le Havre,B365,2.55,3.3,2.5,1.88,1.98,2026-07-27 11:39:40
8720,fra.1,2026-05-17,Lorient,Le Havre,Betway,2.6,3.5,2.6,,,2026-07-27 11:39:40
8721,fra.1,2026-05-17,Lorient,Le Havre,Coral,2.6,3.5,2.6,,,2026-07-27 11:39:40
8722,fra.1,2026-05-17,Lorient,Le Havre,Ladbrokes,2.6,3.5,2.6,,,2026-07-27 11:39:40
8723,fra.1,2026-05-17,Olympique Lyonnais,Lens,B365,1.73,4.0,4.1,1.57,2.38,2026-07-27 11:39:40
8724,fra.1,2026-05-17,Olympique Lyonnais,Lens,Betway,1.78,4.1,4.0,,,2026-07-27 11:39:40
8725,fra.1,2026-05-17,Olympique Lyonnais,Lens,Coral,1.8,4.0,4.0,,,2026-07-27 11:39:40
8726,fra.1,2026-05-17,Olympique Lyonnais,Lens,Ladbrokes,1.8,4.0,3.9,,,2026-07-27 11:39:40
8727,fra.1,2026-05-17,Olympique Marseille,Stade Rennais,B365,1.95,3.7,3.25,1.57,2.38,2026-07-27 11:39:40
8728,fra.1,2026-05-17,Olympique Marseille,Stade Rennais,Betway,2.05,3.8,3.2,,,2026-07-27 11:39:40
8729,fra.1,2026-05-17,Olympique Marseille,Stade Rennais,Coral,2.05,3.8,3.2,,,2026-07-27 11:39:40
8730,fra.1,2026-05-17,Olympique Marseille,Stade Rennais,Ladbrokes,2.05,3.8,3.2,,,2026-07-27 11:39:40
8731,fra.1,2026-05-17,Nantes,Toulouse,B365,2.5,3.5,2.5,1.73,2.1,2026-07-27 11:39:40
8732,fra.1,2026-05-17,Nantes,Toulouse,Betway,2.6,3.6,2.55,,,2026-07-27 11:39:40
8733,fra.1,2026-05-17,Nantes,Toulouse,Coral,2.6,3.6,2.6,,,2026-07-27 11:39:40
8734,fra.1,2026-05-17,Nantes,Toulouse,Ladbrokes,2.6,3.5,2.5,,,2026-07-27 11:39:40
8735,fra.1,2026-05-17,Nice,Metz,B365,1.36,5.0,7.0,1.57,2.38,2026-07-27 11:39:40
8736,fra.1,2026-05-17,Nice,Metz,Betway,1.37,5.25,7.75,,,2026-07-27 11:39:40
8737,fra.1,2026-05-17,Nice,Metz,Coral,1.36,5.25,7.5,,,2026-07-27 11:39:40
8738,fra.1,2026-05-17,Nice,Metz,Ladbrokes,1.36,5.0,7.5,,,2026-07-27 11:39:40
8739,fra.1,2026-05-17,Paris FC,Paris Saint-Germain,B365,5.5,4.1,1.53,1.4,3.0,2026-07-27 11:39:40
8740,fra.1,2026-05-17,Paris FC,Paris Saint-Germain,Betway,4.75,4.6,1.58,,,2026-07-27 11:39:40
8741,fra.1,2026-05-17,Paris FC,Paris Saint-Germain,Coral,4.8,4.6,1.57,,,2026-07-27 11:39:40
8742,fra.1,2026-05-17,Paris FC,Paris Saint-Germain,Ladbrokes,4.8,4.6,1.57,,,2026-07-27 11:39:40
8743,fra.1,2026-05-17,Strasbourg,Monaco,B365,2.88,3.8,2.1,1.44,2.75,2026-07-27 11:39:40
8744,fra.1,2026-05-17,Strasbourg,Monaco,Betway,2.87,3.8,2.2,,,2026-07-27 11:39:40
8745,fra.1,2026-05-17,Strasbourg,Monaco,Coral,2.9,3.8,2.2,,,2026-07-27 11:39:40
8746,fra.1,2026-05-17,Strasbourg,Monaco,Ladbrokes,2.87,3.8,2.2,,,2026-07-27 11:39:40
8747,eng.1,15/08/2025,Liverpool,Bournemouth,Pinnacle,1.28,6.56,9.07,,,2026-07-28T05:47:59.790518+00:00
8748,eng.1,16/08/2025,Aston Villa,Newcastle,Pinnacle,2.24,3.72,3.13,,,2026-07-28T05:47:59.791453+00:00
8749,eng.1,16/08/2025,Brighton,Fulham,Pinnacle,1.94,3.73,3.98,,,2026-07-28T05:47:59.791470+00:00
8750,eng.1,16/08/2025,Sunderland,West Ham,Pinnacle,3.27,3.43,2.29,,,2026-07-28T05:47:59.791476+00:00
8751,eng.1,16/08/2025,Tottenham,Burnley,Pinnacle,1.4,4.71,8.79,,,2026-07-28T05:47:59.791482+00:00
8752,eng.1,16/08/2025,Wolves,Man City,Pinnacle,6.72,4.92,1.46,,,2026-07-28T05:47:59.791486+00:00
8753,eng.1,17/08/2025,Chelsea,Crystal Palace,Pinnacle,1.66,4.12,5.25,,,2026-07-28T05:47:59.791491+00:00
8754,eng.1,17/08/2025,Nott'm Forest,Brentford,Pinnacle,2.25,3.38,3.4,,,2026-07-28T05:47:59.791496+00:00
8755,eng.1,17/08/2025,Man United,Arsenal,Pinnacle,3.74,3.72,2.01,,,2026-07-28T05:47:59.791501+00:00
8756,eng.1,18/08/2025,Leeds,Everton,Pinnacle,2.37,3.52,3.06,,,2026-07-28T05:47:59.791513+00:00
8757,eng.1,22/08/2025,West Ham,Chelsea,Pinnacle,4.94,3.95,1.74,,,2026-07-28T05:47:59.791518+00:00
8758,eng.1,23/08/2025,Man City,Tottenham,Pinnacle,1.49,5.0,6.01,,,2026-07-28T05:47:59.791527+00:00
8759,eng.1,23/08/2025,Bournemouth,Wolves,Pinnacle,1.79,3.98,4.4,,,2026-07-28T05:47:59.791532+00:00
8760,eng.1,23/08/2025,Brentford,Aston Villa,Pinnacle,3.26,3.49,2.27,,,2026-07-28T05:47:59.791538+00:00
8761,eng.1,23/08/2025,Burnley,Sunderland,Pinnacle,2.21,3.26,3.63,,,2026-07-28T05:47:59.791543+00:00
8762,eng.1,23/08/2025,Arsenal,Leeds,Pinnacle,1.28,6.21,9.68,,,2026-07-28T05:47:59.791548+00:00
8763,eng.1,24/08/2025,Crystal Palace,Nott'm Forest,Pinnacle,2.41,3.25,3.22,,,2026-07-28T05:47:59.791553+00:00
8764,eng.1,24/08/2025,Everton,Brighton,Pinnacle,3.16,3.36,2.38,,,2026-07-28T05:47:59.791557+00:00
8765,eng.1,24/08/2025,Fulham,Man United,Pinnacle,3.3,3.54,2.23,,,2026-07-28T05:47:59.791561+00:00
8766,eng.1,25/08/2025,Newcastle,Liverpool,Pinnacle,3.29,3.92,2.11,,,2026-07-28T05:47:59.791572+00:00
8767,eng.1,30/08/2025,Chelsea,Fulham,Pinnacle,1.57,4.37,5.75,,,2026-07-28T05:47:59.791577+00:00
8768,eng.1,30/08/2025,Man United,Burnley,Pinnacle,1.36,5.39,8.45,,,2026-07-28T05:47:59.791582+00:00
8769,eng.1,30/08/2025,Sunderland,Brentford,Pinnacle,3.03,3.24,2.53,,,2026-07-28T05:47:59.791592+00:00
8770,eng.1,30/08/2025,Tottenham,Bournemouth,Pinnacle,1.76,4.14,4.39,,,2026-07-28T05:47:59.791599+00:00
8771,eng.1,30/08/2025,Wolves,Everton,Pinnacle,2.74,3.23,2.79,,,2026-07-28T05:47:59.791605+00:00
8772,eng.1,30/08/2025,Leeds,Newcastle,Pinnacle,3.47,3.54,2.16,,,2026-07-28T05:47:59.791610+00:00
8773,eng.1,31/08/2025,Brighton,Man City,Pinnacle,3.92,3.89,1.91,,,2026-07-28T05:47:59.791615+00:00
8774,eng.1,31/08/2025,Nott'm Forest,West Ham,Pinnacle,1.69,3.98,5.13,,,2026-07-28T05:47:59.791619+00:00
8775,eng.1,31/08/2025,Liverpool,Arsenal,Pinnacle,2.27,3.47,3.28,,,2026-07-28T05:47:59.791625+00:00
8776,eng.1,31/08/2025,Aston Villa,Crystal Palace,Pinnacle,1.9,3.69,4.21,,,2026-07-28T05:47:59.791632+00:00
8777,eng.1,13/09/2025,Arsenal,Nott'm Forest,Pinnacle,1.38,5.25,8.14,,,2026-07-28T05:47:59.791637+00:00
8778,eng.1,13/09/2025,Bournemouth,Brighton,Pinnacle,2.4,3.57,2.98,,,2026-07-28T05:47:59.791647+00:00
8779,eng.1,13/09/2025,Crystal Palace,Sunderland,Pinnacle,1.69,3.77,5.51,,,2026-07-28T05:47:59.791652+00:00
8780,eng.1,13/09/2025,Everton,Aston Villa,Pinnacle,2.46,3.41,3.01,,,2026-07-28T05:47:59.791659+00:00
8781,eng.1,13/09/2025,Fulham,Leeds,Pinnacle,1.99,3.56,3.99,,,2026-07-28T05:47:59.791664+00:00
8782,eng.1,13/09/2025,Newcastle,Wolves,Pinnacle,1.43,4.93,7.21,,,2026-07-28T05:47:59.791669+00:00
8783,eng.1,13/09/2025,West Ham,Tottenham,Pinnacle,3.55,3.62,2.1,,,2026-07-28T05:47:59.791676+00:00
8784,eng.1,13/09/2025,Brentford,Chelsea,Pinnacle,4.63,3.95,1.76,,,2026-07-28T05:47:59.791682+00:00
8785,eng.1,14/09/2025,Burnley,Liverpool,Pinnacle,9.0,5.44,1.34,,,2026-07-28T05:47:59.791688+00:00
8786,eng.1,14/09/2025,Man City,Man United,Pinnacle,1.8,4.0,4.33,,,2026-07-28T05:47:59.791694+00:00
8787,eng.1,20/09/2025,Liverpool,Everton,Pinnacle,1.45,4.7,7.25,,,2026-07-28T05:47:59.791700+00:00
8788,eng.1,20/09/2025,Brighton,Tottenham,Pinnacle,2.28,3.67,3.1,,,2026-07-28T05:47:59.791706+00:00
8789,eng.1,20/09/2025,Burnley,Nott'm Forest,Pinnacle,3.43,3.47,2.2,,,2026-07-28T05:47:59.791712+00:00
8790,eng.1,20/09/2025,West Ham,Crystal Palace,Pinnacle,3.09,3.39,2.41,,,2026-07-28T05:47:59.791733+00:00
8791,eng.1,20/09/2025,Wolves,Leeds,Pinnacle,2.78,3.21,2.76,,,2026-07-28T05:47:59.791741+00:00
8792,eng.1,20/09/2025,Man United,Chelsea,Pinnacle,2.71,3.74,2.52,,,2026-07-28T05:47:59.791748+00:00
8793,eng.1,20/09/2025,Fulham,Brentford,Pinnacle,2.05,3.44,3.92,,,2026-07-28T05:47:59.791755+00:00
8794,eng.1,21/09/2025,Bournemouth,Newcastle,Pinnacle,2.47,3.57,2.87,,,2026-07-28T05:47:59.791765+00:00
8795,eng.1,21/09/2025,Sunderland,Aston Villa,Pinnacle,3.71,3.37,2.14,,,2026-07-28T05:47:59.791773+00:00
8796,eng.1,21/09/2025,Arsenal,Man City,Pinnacle,1.92,3.8,3.99,,,2026-07-28T05:47:59.791778+00:00
8797,eng.1,27/09/2025,Brentford,Man United,Pinnacle,3.47,3.79,2.07,,,2026-07-28T05:47:59.791785+00:00
8798,eng.1,27/09/2025,Chelsea,Brighton,Pinnacle,1.9,3.86,3.98,,,2026-07-28T05:47:59.791791+00:00
8799,eng.1,27/09/2025,Crystal Palace,Liverpool,Pinnacle,3.93,3.73,1.95,,,2026-07-28T05:47:59.791799+00:00
8800,eng.1,27/09/2025,Leeds,Bournemouth,Pinnacle,2.99,3.32,2.51,,,2026-07-28T05:47:59.791806+00:00
8801,eng.1,27/09/2025,Man City,Burnley,Pinnacle,1.17,8.36,14.45,,,2026-07-28T05:47:59.791811+00:00
8802,eng.1,27/09/2025,Nott'm Forest,Sunderland,Pinnacle,1.78,3.82,4.76,,,2026-07-28T05:47:59.791816+00:00
8803,eng.1,27/09/2025,Tottenham,Wolves,Pinnacle,1.49,4.96,6.08,,,2026-07-28T05:47:59.791821+00:00
8804,eng.1,28/09/2025,Aston Villa,Fulham,Pinnacle,2.3,3.15,3.55,,,2026-07-28T05:47:59.791826+00:00
8805,eng.1,28/09/2025,Newcastle,Arsenal,Pinnacle,3.64,3.4,2.15,,,2026-07-28T05:47:59.791832+00:00
8806,eng.1,29/09/2025,Everton,West Ham,Pinnacle,1.74,3.88,4.9,,,2026-07-28T05:47:59.791837+00:00
8807,eng.1,03/10/2025,Bournemouth,Fulham,Pinnacle,1.99,3.6,3.93,,,2026-07-28T05:47:59.791845+00:00
8808,eng.1,04/10/2025,Leeds,Tottenham,Pinnacle,2.78,3.56,2.55,,,2026-07-28T05:47:59.791851+00:00
8809,eng.1,04/10/2025,Arsenal,West Ham,Pinnacle,1.21,6.93,13.68,,,2026-07-28T05:47:59.791857+00:00
8810,eng.1,04/10/2025,Man United,Sunderland,Pinnacle,1.51,4.7,6.18,,,2026-07-28T05:47:59.791863+00:00
8811,eng.1,04/10/2025,Chelsea,Liverpool,Pinnacle,2.92,3.89,2.3,,,2026-07-28T05:47:59.791868+00:00
8812,eng.1,05/10/2025,Aston Villa,Burnley,Pinnacle,1.6,3.99,6.21,,,2026-07-28T05:47:59.791873+00:00
8813,eng.1,05/10/2025,Everton,Crystal Palace,Pinnacle,2.59,3.26,2.95,,,2026-07-28T05:47:59.791879+00:00
8814,eng.1,05/10/2025,Newcastle,Nott'm Forest,Pinnacle,1.63,4.3,5.27,,,2026-07-28T05:47:59.791886+00:00
8815,eng.1,05/10/2025,Wolves,Brighton,Pinnacle,3.82,3.68,1.99,,,2026-07-28T05:47:59.791891+00:00
8816,eng.1,05/10/2025,Brentford,Man City,Pinnacle,4.87,4.5,1.64,,,2026-07-28T05:47:59.791897+00:00
8817,eng.1,18/10/2025,Nott'm Forest,Chelsea,Pinnacle,3.77,3.88,1.95,,,2026-07-28T05:47:59.791902+00:00
8818,eng.1,18/10/2025,Brighton,Newcastle,Pinnacle,2.71,3.52,2.64,,,2026-07-28T05:47:59.791907+00:00
8819,eng.1,18/10/2025,Burnley,Leeds,Pinnacle,3.43,3.29,2.28,,,2026-07-28T05:47:59.791912+00:00
8820,eng.1,18/10/2025,Crystal Palace,Bournemouth,Pinnacle,2.23,3.4,3.43,,,2026-07-28T05:47:59.791916+00:00
8821,eng.1,18/10/2025,Man City,Everton,Pinnacle,1.39,5.29,7.71,,,2026-07-28T05:47:59.791921+00:00
8822,eng.1,18/10/2025,Sunderland,Wolves,Pinnacle,2.5,3.07,3.25,,,2026-07-28T05:47:59.791925+00:00
8823,eng.1,18/10/2025,Fulham,Arsenal,Pinnacle,5.98,4.46,1.55,,,2026-07-28T05:47:59.791930+00:00
8824,eng.1,19/10/2025,Tottenham,Aston Villa,Pinnacle,2.07,3.77,3.5,,,2026-07-28T05:47:59.791937+00:00
8825,eng.1,19/10/2025,Liverpool,Man United,Pinnacle,1.63,4.27,5.32,,,2026-07-28T05:47:59.791943+00:00
8826,eng.1,20/10/2025,West Ham,Brentford,Pinnacle,2.54,3.43,2.87,,,2026-07-28T05:47:59.791948+00:00
8827,eng.1,24/10/2025,Leeds,West Ham,Pinnacle,1.82,3.72,4.72,,,2026-07-28T05:47:59.791952+00:00
8828,eng.1,25/10/2025,Chelsea,Sunderland,Pinnacle,1.38,5.22,8.0,,,2026-07-28T05:47:59.791957+00:00
8829,eng.1,25/10/2025,Newcastle,Fulham,Pinnacle,1.65,3.97,5.59,,,2026-07-28T05:47:59.791962+00:00
8830,eng.1,25/10/2025,Man United,Brighton,Pinnacle,2.0,3.92,3.57,,,2026-07-28T05:47:59.791969+00:00
8831,eng.1,25/10/2025,Brentford,Liverpool,Pinnacle,4.25,4.18,1.78,,,2026-07-28T05:47:59.791975+00:00
8832,eng.1,26/10/2025,Arsenal,Crystal Palace,Pinnacle,1.44,4.71,7.49,,,2026-07-28T05:47:59.791980+00:00
8833,eng.1,26/10/2025,Aston Villa,Man City,Pinnacle,4.24,4.06,1.81,,,2026-07-28T05:47:59.791984+00:00
8834,eng.1,26/10/2025,Bournemouth,Nott'm Forest,Pinnacle,1.79,3.96,4.48,,,2026-07-28T05:47:59.791989+00:00
8835,eng.1,26/10/2025,Wolves,Burnley,Pinnacle,2.0,3.39,4.18,,,2026-07-28T05:47:59.791993+00:00
8836,eng.1,26/10/2025,Everton,Tottenham,Pinnacle,2.42,3.33,3.13,,,2026-07-28T05:47:59.791998+00:00
8837,eng.1,01/11/2025,Brighton,Leeds,Pinnacle,1.89,3.77,4.15,,,2026-07-28T05:47:59.792002+00:00
8838,eng.1,01/11/2025,Burnley,Arsenal,Pinnacle,9.99,6.26,1.28,,,2026-07-28T05:47:59.792007+00:00
8839,eng.1,01/11/2025,Crystal Palace,Brentford,Pinnacle,1.94,3.68,4.01,,,2026-07-28T05:47:59.792015+00:00
8840,eng.1,01/11/2025,Fulham,Wolves,Pinnacle,1.88,3.54,4.56,,,2026-07-28T05:47:59.792020+00:00
8841,eng.1,01/11/2025,Nott'm Forest,Man United,Pinnacle,3.43,3.87,2.06,,,2026-07-28T05:47:59.792025+00:00
8842,eng.1,01/11/2025,Tottenham,Chelsea,Pinnacle,2.73,3.63,2.56,,,2026-07-28T05:47:59.792032+00:00
8843,eng.1,01/11/2025,Liverpool,Aston Villa,Pinnacle,1.66,4.21,5.07,,,2026-07-28T05:47:59.792038+00:00
8844,eng.1,02/11/2025,West Ham,Newcastle,Pinnacle,5.07,4.45,1.63,,,2026-07-28T05:47:59.792045+00:00
8845,eng.1,02/11/2025,Man City,Bournemouth,Pinnacle,1.51,4.75,6.02,,,2026-07-28T05:47:59.792049+00:00
8846,eng.1,03/11/2025,Sunderland,Everton,Pinnacle,2.82,3.18,2.75,,,2026-07-28T05:47:59.792055+00:00
8847,eng.1,08/11/2025,Tottenham,Man United,Pinnacle,2.72,3.59,2.58,,,2026-07-28T05:47:59.792060+00:00
8848,eng.1,08/11/2025,Everton,Fulham,Pinnacle,2.26,3.35,3.41,,,2026-07-28T05:47:59.792066+00:00
8849,eng.1,08/11/2025,West Ham,Burnley,Pinnacle,1.95,3.58,4.12,,,2026-07-28T05:47:59.792071+00:00
8850,eng.1,08/11/2025,Sunderland,Arsenal,Pinnacle,7.56,5.01,1.41,,,2026-07-28T05:47:59.792076+00:00
8851,eng.1,08/11/2025,Chelsea,Wolves,Pinnacle,1.37,5.26,8.42,,,2026-07-28T05:47:59.792084+00:00
8852,eng.1,09/11/2025,Aston Villa,Bournemouth,Pinnacle,2.25,3.49,3.29,,,2026-07-28T05:47:59.792088+00:00
8853,eng.1,09/11/2025,Brentford,Newcastle,Pinnacle,2.97,3.39,2.5,,,2026-07-28T05:47:59.792094+00:00
8854,eng.1,09/11/2025,Crystal Palace,Brighton,Pinnacle,2.3,3.62,3.1,,,2026-07-28T05:47:59.792103+00:00
8855,eng.1,09/11/2025,Nott'm Forest,Leeds,Pinnacle,2.29,3.45,3.27,,,2026-07-28T05:47:59.792109+00:00
8856,eng.1,09/11/2025,Man City,Liverpool,Pinnacle,1.88,4.08,3.85,,,2026-07-28T05:47:59.792117+00:00
8857,eng.1,22/11/2025,Burnley,Chelsea,Pinnacle,6.45,4.73,1.49,,,2026-07-28T05:47:59.792125+00:00
8858,eng.1,22/11/2025,Bournemouth,West Ham,Pinnacle,1.65,4.16,5.26,,,2026-07-28T05:47:59.792130+00:00
8859,eng.1,22/11/2025,Brighton,Brentford,Pinnacle,1.96,3.6,4.05,,,2026-07-28T05:47:59.792137+00:00
8860,eng.1,22/11/2025,Fulham,Sunderland,Pinnacle,2.12,3.24,3.95,,,2026-07-28T05:47:59.792143+00:00
8861,eng.1,22/11/2025,Liverpool,Nott'm Forest,Pinnacle,1.45,4.9,6.9,,,2026-07-28T05:47:59.792148+00:00
8862,eng.1,22/11/2025,Wolves,Crystal Palace,Pinnacle,3.92,3.62,1.99,,,2026-07-28T05:47:59.792152+00:00
8863,eng.1,22/11/2025,Newcastle,Man City,Pinnacle,3.69,3.8,2.0,,,2026-07-28T05:47:59.792157+00:00
8864,eng.1,23/11/2025,Leeds,Aston Villa,Pinnacle,3.05,3.27,2.51,,,2026-07-28T05:47:59.792162+00:00
8865,eng.1,23/11/2025,Arsenal,Tottenham,Pinnacle,1.43,4.75,7.88,,,2026-07-28T05:47:59.792169+00:00
8866,eng.1,24/11/2025,Man United,Everton,Pinnacle,1.8,3.76,4.68,,,2026-07-28T05:47:59.792173+00:00
8867,eng.1,29/11/2025,Brentford,Burnley,Pinnacle,1.47,4.72,6.95,,,2026-07-28T05:47:59.792178+00:00
8868,eng.1,29/11/2025,Man City,Leeds,Pinnacle,1.25,6.77,10.58,,,2026-07-28T05:47:59.792184+00:00
8869,eng.1,29/11/2025,Sunderland,Bournemouth,Pinnacle,3.14,3.4,2.38,,,2026-07-28T05:47:59.792188+00:00
8870,eng.1,29/11/2025,Everton,Newcastle,Pinnacle,2.79,3.38,2.64,,,2026-07-28T05:47:59.792195+00:00
8871,eng.1,29/11/2025,Tottenham,Fulham,Pinnacle,2.3,3.31,3.38,,,2026-07-28T05:47:59.792200+00:00
8872,eng.1,30/11/2025,Crystal Palace,Man United,Pinnacle,2.29,3.62,3.11,,,2026-07-28T05:47:59.792204+00:00
8873,eng.1,30/11/2025,Aston Villa,Wolves,Pinnacle,1.48,4.76,6.56,,,2026-07-28T05:47:59.792209+00:00
8874,eng.1,30/11/2025,Nott'm Forest,Brighton,Pinnacle,2.81,3.46,2.58,,,2026-07-28T05:47:59.792214+00:00
8875,eng.1,30/11/2025,West Ham,Liverpool,Pinnacle,4.45,4.22,1.74,,,2026-07-28T05:47:59.792221+00:00
8876,eng.1,30/11/2025,Chelsea,Arsenal,Pinnacle,3.47,3.33,2.25,,,2026-07-28T05:47:59.792225+00:00
8877,eng.1,02/12/2025,Bournemouth,Everton,Pinnacle,2.28,3.36,3.43,,,2026-07-28T05:47:59.792230+00:00
8878,eng.1,02/12/2025,Fulham,Man City,Pinnacle,4.73,4.13,1.72,,,2026-07-28T05:47:59.792234+00:00
8879,eng.1,02/12/2025,Newcastle,Tottenham,Pinnacle,1.85,3.87,4.29,,,2026-07-28T05:47:59.792239+00:00
8880,eng.1,03/12/2025,Arsenal,Brentford,Pinnacle,1.35,5.41,8.75,,,2026-07-28T05:47:59.792245+00:00
8881,eng.1,03/12/2025,Brighton,Aston Villa,Pinnacle,2.18,3.58,3.37,,,2026-07-28T05:47:59.792250+00:00
8882,eng.1,03/12/2025,Burnley,Crystal Palace,Pinnacle,4.64,3.81,1.79,,,2026-07-28T05:47:59.792256+00:00
8883,eng.1,03/12/2025,Wolves,Nott'm Forest,Pinnacle,3.27,3.37,2.32,,,2026-07-28T05:47:59.792261+00:00
8884,eng.1,03/12/2025,Leeds,Chelsea,Pinnacle,4.27,4.05,1.8,,,2026-07-28T05:47:59.792267+00:00
8885,eng.1,03/12/2025,Liverpool,Sunderland,Pinnacle,1.37,5.44,8.12,,,2026-07-28T05:47:59.792273+00:00
8886,eng.1,04/12/2025,Man United,West Ham,Pinnacle,1.47,4.9,6.52,,,2026-07-28T05:47:59.792280+00:00
8887,eng.1,06/12/2025,Aston Villa,Arsenal,Pinnacle,4.32,3.53,1.92,,,2026-07-28T05:47:59.792286+00:00
8888,eng.1,06/12/2025,Bournemouth,Chelsea,Pinnacle,3.15,3.83,2.2,,,2026-07-28T05:47:59.792293+00:00
8889,eng.1,06/12/2025,Everton,Nott'm Forest,Pinnacle,2.23,3.24,3.63,,,2026-07-28T05:47:59.792301+00:00
8890,eng.1,06/12/2025,Man City,Sunderland,Pinnacle,1.24,6.68,11.08,,,2026-07-28T05:47:59.792305+00:00
8891,eng.1,06/12/2025,Newcastle,Burnley,Pinnacle,1.27,6.25,10.24,,,2026-07-28T05:47:59.792310+00:00
8892,eng.1,06/12/2025,Tottenham,Brentford,Pinnacle,2.39,3.42,3.09,,,2026-07-28T05:47:59.792314+00:00
8893,eng.1,06/12/2025,Leeds,Liverpool,Pinnacle,3.96,3.85,1.91,,,2026-07-28T05:47:59.792319+00:00
8894,eng.1,07/12/2025,Brighton,West Ham,Pinnacle,1.56,4.52,5.73,,,2026-07-28T05:47:59.792325+00:00
8895,eng.1,07/12/2025,Fulham,Crystal Palace,Pinnacle,2.59,3.35,2.87,,,2026-07-28T05:47:59.792330+00:00
8896,eng.1,08/12/2025,Wolves,Man United,Pinnacle,4.19,4.01,1.83,,,2026-07-28T05:47:59.792334+00:00
8897,eng.1,13/12/2025,Chelsea,Everton,Pinnacle,1.67,4.04,5.3,,,2026-07-28T05:47:59.792339+00:00
8898,eng.1,13/12/2025,Liverpool,Brighton,Pinnacle,1.69,4.32,4.68,,,2026-07-28T05:47:59.792343+00:00
8899,eng.1,13/12/2025,Burnley,Fulham,Pinnacle,3.98,3.59,1.98,,,2026-07-28T05:47:59.792348+00:00
8900,eng.1,13/12/2025,Arsenal,Wolves,Pinnacle,1.14,8.77,21.15,,,2026-07-28T05:47:59.792356+00:00
8901,eng.1,14/12/2025,Crystal Palace,Man City,Pinnacle,4.05,3.99,1.86,,,2026-07-28T05:47:59.792361+00:00
8902,eng.1,14/12/2025,Nott'm Forest,Tottenham,Pinnacle,2.6,3.4,2.82,,,2026-07-28T05:47:59.792367+00:00
8903,eng.1,14/12/2025,Sunderland,Newcastle,Pinnacle,3.43,3.33,2.26,,,2026-07-28T05:47:59.792372+00:00
8904,eng.1,14/12/2025,West Ham,Aston Villa,Pinnacle,3.76,3.57,2.05,,,2026-07-28T05:47:59.792378+00:00
8905,eng.1,14/12/2025,Brentford,Leeds,Pinnacle,1.97,3.69,3.89,,,2026-07-28T05:47:59.792382+00:00
8906,eng.1,15/12/2025,Man United,Bournemouth,Pinnacle,1.84,4.21,3.93,,,2026-07-28T05:47:59.792387+00:00
8907,eng.1,20/12/2025,Newcastle,Chelsea,Pinnacle,2.87,3.41,2.55,,,2026-07-28T05:47:59.792392+00:00
8908,eng.1,20/12/2025,Bournemouth,Burnley,Pinnacle,1.48,4.65,6.73,,,2026-07-28T05:47:59.792396+00:00
8909,eng.1,20/12/2025,Brighton,Sunderland,Pinnacle,1.63,4.15,5.5,,,2026-07-28T05:47:59.792401+00:00
8910,eng.1,20/12/2025,Man City,West Ham,Pinnacle,1.2,7.87,12.43,,,2026-07-28T05:47:59.792406+00:00
8911,eng.1,20/12/2025,Wolves,Brentford,Pinnacle,3.66,3.56,2.08,,,2026-07-28T05:47:59.792412+00:00
8912,eng.1,20/12/2025,Tottenham,Liverpool,Pinnacle,3.42,3.8,2.09,,,2026-07-28T05:47:59.792416+00:00
8913,eng.1,20/12/2025,Everton,Arsenal,Pinnacle,6.18,4.09,1.58,,,2026-07-28T05:47:59.792422+00:00
8914,eng.1,20/12/2025,Leeds,Crystal Palace,Pinnacle,2.66,3.32,2.81,,,2026-07-28T05:47:59.792427+00:00
8915,eng.1,21/12/2025,Aston Villa,Man United,Pinnacle,2.08,3.73,3.49,,,2026-07-28T05:47:59.792436+00:00
8916,eng.1,22/12/2025,Fulham,Nott'm Forest,Pinnacle,2.51,3.29,3.01,,,2026-07-28T05:47:59.792441+00:00
8917,eng.1,26/12/2025,Man United,Newcastle,Pinnacle,2.57,3.71,2.67,,,2026-07-28T05:47:59.792445+00:00
8918,eng.1,27/12/2025,Nott'm Forest,Man City,Pinnacle,5.26,4.53,1.6,,,2026-07-28T05:47:59.792450+00:00
8919,eng.1,27/12/2025,Arsenal,Brighton,Pinnacle,1.39,5.09,8.08,,,2026-07-28T05:47:59.792454+00:00
8920,eng.1,27/12/2025,Brentford,Bournemouth,Pinnacle,2.31,3.67,3.05,,,2026-07-28T05:47:59.792459+00:00
8921,eng.1,27/12/2025,Burnley,Everton,Pinnacle,4.12,3.35,2.03,,,2026-07-28T05:47:59.792463+00:00
8922,eng.1,27/12/2025,Liverpool,Wolves,Pinnacle,1.23,7.02,11.7,,,2026-07-28T05:47:59.792470+00:00
8923,eng.1,27/12/2025,West Ham,Fulham,Pinnacle,2.69,3.49,2.67,,,2026-07-28T05:47:59.792474+00:00
8924,eng.1,27/12/2025,Chelsea,Aston Villa,Pinnacle,1.85,3.95,4.1,,,2026-07-28T05:47:59.792479+00:00
8925,eng.1,28/12/2025,Sunderland,Leeds,Pinnacle,2.63,3.31,2.86,,,2026-07-28T05:47:59.792484+00:00
8926,eng.1,28/12/2025,Crystal Palace,Tottenham,Pinnacle,2.29,3.34,3.36,,,2026-07-28T05:47:59.792490+00:00
8927,eng.1,30/12/2025,Burnley,Newcastle,Pinnacle,5.67,4.28,1.61,,,2026-07-28T05:47:59.792494+00:00
8928,eng.1,30/12/2025,Chelsea,Bournemouth,Pinnacle,1.53,4.74,5.95,,,2026-07-28T05:47:59.792501+00:00
8929,eng.1,30/12/2025,Nott'm Forest,Everton,Pinnacle,2.13,3.31,3.88,,,2026-07-28T05:47:59.792505+00:00
8930,eng.1,30/12/2025,West Ham,Brighton,Pinnacle,3.6,3.82,2.05,,,2026-07-28T05:47:59.792510+00:00
8931,eng.1,30/12/2025,Arsenal,Aston Villa,Pinnacle,1.43,4.97,7.51,,,2026-07-28T05:47:59.792514+00:00
8932,eng.1,30/12/2025,Man United,Wolves,Pinnacle,1.37,5.38,8.33,,,2026-07-28T05:47:59.792522+00:00
8933,eng.1,01/01/2026,Crystal Palace,Fulham,Pinnacle,2.2,3.34,3.59,,,2026-07-28T05:47:59.792527+00:00
8934,eng.1,01/01/2026,Liverpool,Leeds,Pinnacle,1.55,4.45,5.94,,,2026-07-28T05:47:59.792535+00:00
8935,eng.1,01/01/2026,Brentford,Tottenham,Pinnacle,2.18,3.49,3.48,,,2026-07-28T05:47:59.792540+00:00
8936,eng.1,01/01/2026,Sunderland,Man City,Pinnacle,7.71,5.15,1.4,,,2026-07-28T05:47:59.792546+00:00
8937,eng.1,03/01/2026,Aston Villa,Nott'm Forest,Pinnacle,1.76,3.86,4.83,,,2026-07-28T05:47:59.792552+00:00
8938,eng.1,03/01/2026,Brighton,Burnley,Pinnacle,1.5,4.54,6.59,,,2026-07-28T05:47:59.792557+00:00
8939,eng.1,03/01/2026,Wolves,West Ham,Pinnacle,2.53,3.44,2.88,,,2026-07-28T05:47:59.792561+00:00
8940,eng.1,03/01/2026,Bournemouth,Arsenal,Pinnacle,6.16,5.04,1.48,,,2026-07-28T05:47:59.792566+00:00
8941,eng.1,04/01/2026,Leeds,Man United,Pinnacle,2.71,3.57,2.61,,,2026-07-28T05:47:59.792571+00:00
8942,eng.1,04/01/2026,Everton,Brentford,Pinnacle,2.45,3.16,3.24,,,2026-07-28T05:47:59.792577+00:00
8943,eng.1,04/01/2026,Newcastle,Crystal Palace,Pinnacle,1.71,4.04,4.86,,,2026-07-28T05:47:59.792581+00:00
8944,eng.1,04/01/2026,Tottenham,Sunderland,Pinnacle,1.83,3.85,4.39,,,2026-07-28T05:47:59.792586+00:00
8945,eng.1,04/01/2026,Fulham,Liverpool,Pinnacle,3.75,3.84,1.97,,,2026-07-28T05:47:59.792592+00:00
8946,eng.1,04/01/2026,Man City,Chelsea,Pinnacle,1.65,4.66,4.64,,,2026-07-28T05:47:59.792598+00:00
8947,eng.1,06/01/2026,West Ham,Nott'm Forest,Pinnacle,3.29,3.37,2.34,,,2026-07-28T05:47:59.792603+00:00
8948,eng.1,07/01/2026,Bournemouth,Tottenham,Pinnacle,2.14,3.72,3.36,,,2026-07-28T05:47:59.792610+00:00
8949,eng.1,07/01/2026,Brentford,Sunderland,Pinnacle,1.85,3.63,4.56,,,2026-07-28T05:47:59.792615+00:00
8950,eng.1,07/01/2026,Crystal Palace,Aston Villa,Pinnacle,3.14,3.4,2.38,,,2026-07-28T05:47:59.792620+00:00
8951,eng.1,07/01/2026,Everton,Wolves,Pinnacle,1.79,3.57,5.06,,,2026-07-28T05:47:59.792627+00:00
8952,eng.1,07/01/2026,Fulham,Chelsea,Pinnacle,3.45,3.76,2.09,,,2026-07-28T05:47:59.792634+00:00
8953,eng.1,07/01/2026,Man City,Brighton,Pinnacle,1.4,5.43,7.17,,,2026-07-28T05:47:59.792640+00:00
8954,eng.1,07/01/2026,Burnley,Man United,Pinnacle,4.92,4.15,1.69,,,2026-07-28T05:47:59.792644+00:00
8955,eng.1,07/01/2026,Newcastle,Leeds,Pinnacle,1.7,3.89,5.19,,,2026-07-28T05:47:59.792653+00:00
8956,eng.1,08/01/2026,Arsenal,Liverpool,Pinnacle,1.6,4.35,5.49,,,2026-07-28T05:47:59.792658+00:00
8957,esp.1,15/08/2025,Girona,Vallecano,Pinnacle,2.3,3.3,3.45,,,2026-07-28T05:48:05.040503+00:00
8958,esp.1,15/08/2025,Villarreal,Oviedo,Pinnacle,1.41,4.76,8.8,,,2026-07-28T05:48:05.041754+00:00
8959,esp.1,16/08/2025,Mallorca,Barcelona,Pinnacle,6.68,5.03,1.45,,,2026-07-28T05:48:05.041792+00:00
8960,esp.1,16/08/2025,Alaves,Levante,Pinnacle,2.18,3.18,3.84,,,2026-07-28T05:48:05.041801+00:00
8961,esp.1,16/08/2025,Valencia,Sociedad,Pinnacle,2.65,2.89,3.23,,,2026-07-28T05:48:05.041807+00:00
8962,esp.1,17/08/2025,Celta,Getafe,Pinnacle,1.76,3.43,5.71,,,2026-07-28T05:48:05.041813+00:00
8963,esp.1,17/08/2025,Ath Bilbao,Sevilla,Pinnacle,1.6,4.05,6.12,,,2026-07-28T05:48:05.041818+00:00
8964,esp.1,17/08/2025,Espanol,Ath Madrid,Pinnacle,6.57,3.86,1.6,,,2026-07-28T05:48:05.041824+00:00
8965,esp.1,18/08/2025,Elche,Betis,Pinnacle,3.45,3.43,2.21,,,2026-07-28T05:48:05.041832+00:00
8966,esp.1,19/08/2025,Real Madrid,Osasuna,Pinnacle,1.23,6.99,12.34,,,2026-07-28T05:48:05.041838+00:00
8967,esp.1,22/08/2025,Betis,Alaves,Pinnacle,1.92,3.45,4.6,,,2026-07-28T05:48:05.041844+00:00
8968,esp.1,23/08/2025,Mallorca,Celta,Pinnacle,3.06,3.1,2.6,,,2026-07-28T05:48:05.041860+00:00
8969,esp.1,23/08/2025,Ath Madrid,Elche,Pinnacle,1.24,6.28,12.89,,,2026-07-28T05:48:05.041865+00:00
8970,esp.1,23/08/2025,Levante,Barcelona,Pinnacle,9.49,6.51,1.27,,,2026-07-28T05:48:05.041870+00:00
8971,esp.1,24/08/2025,Osasuna,Valencia,Pinnacle,2.43,3.16,3.27,,,2026-07-28T05:48:05.041877+00:00
8972,esp.1,24/08/2025,Sociedad,Espanol,Pinnacle,1.83,3.49,4.91,,,2026-07-28T05:48:05.041882+00:00
8973,esp.1,24/08/2025,Villarreal,Girona,Pinnacle,1.53,4.69,5.77,,,2026-07-28T05:48:05.041887+00:00
8974,esp.1,24/08/2025,Oviedo,Real Madrid,Pinnacle,10.02,5.5,1.32,,,2026-07-28T05:48:05.041892+00:00
8975,esp.1,25/08/2025,Ath Bilbao,Vallecano,Pinnacle,1.71,3.68,5.56,,,2026-07-28T05:48:05.041898+00:00
8976,esp.1,25/08/2025,Sevilla,Getafe,Pinnacle,2.24,3.12,3.75,,,2026-07-28T05:48:05.041903+00:00
8977,esp.1,27/08/2025,Celta,Betis,Pinnacle,2.21,3.6,3.3,,,2026-07-28T05:48:05.041914+00:00
8978,esp.1,29/08/2025,Elche,Levante,Pinnacle,2.23,3.26,3.66,,,2026-07-28T05:48:05.041919+00:00
8979,esp.1,29/08/2025,Valencia,Getafe,Pinnacle,2.29,3.06,3.78,,,2026-07-28T05:48:05.041925+00:00
8980,esp.1,30/08/2025,Alaves,Ath Madrid,Pinnacle,4.77,3.61,1.82,,,2026-07-28T05:48:05.041935+00:00
8981,esp.1,30/08/2025,Oviedo,Sociedad,Pinnacle,3.56,3.12,2.32,,,2026-07-28T05:48:05.041941+00:00
8982,esp.1,30/08/2025,Girona,Sevilla,Pinnacle,2.49,3.27,3.07,,,2026-07-28T05:48:05.041946+00:00
8983,esp.1,30/08/2025,Real Madrid,Mallorca,Pinnacle,1.21,7.16,12.71,,,2026-07-28T05:48:05.041953+00:00
8984,esp.1,31/08/2025,Celta,Villarreal,Pinnacle,2.76,3.64,2.52,,,2026-07-28T05:48:05.041959+00:00
8985,esp.1,31/08/2025,Betis,Ath Bilbao,Pinnacle,3.07,3.15,2.56,,,2026-07-28T05:48:05.041964+00:00
8986,esp.1,31/08/2025,Espanol,Osasuna,Pinnacle,2.43,3.21,3.23,,,2026-07-28T05:48:05.041970+00:00
8987,esp.1,31/08/2025,Vallecano,Barcelona,Pinnacle,6.92,5.34,1.41,,,2026-07-28T05:48:05.041978+00:00
8988,esp.1,12/09/2025,Sevilla,Elche,Pinnacle,1.88,3.48,4.76,,,2026-07-28T05:48:05.041983+00:00
8989,esp.1,13/09/2025,Getafe,Oviedo,Pinnacle,2.0,3.05,4.81,,,2026-07-28T05:48:05.041988+00:00
8990,esp.1,13/09/2025,Sociedad,Real Madrid,Pinnacle,5.3,4.43,1.61,,,2026-07-28T05:48:05.041994+00:00
8991,esp.1,13/09/2025,Ath Bilbao,Alaves,Pinnacle,1.61,3.86,6.3,,,2026-07-28T05:48:05.042008+00:00
8992,esp.1,13/09/2025,Ath Madrid,Villarreal,Pinnacle,1.86,3.62,4.51,,,2026-07-28T05:48:05.042012+00:00
8993,esp.1,14/09/2025,Celta,Girona,Pinnacle,1.71,4.22,4.67,,,2026-07-28T05:48:05.042018+00:00
8994,esp.1,14/09/2025,Levante,Betis,Pinnacle,3.4,3.48,2.21,,,2026-07-28T05:48:05.042025+00:00
8995,esp.1,14/09/2025,Osasuna,Vallecano,Pinnacle,2.54,3.18,3.08,,,2026-07-28T05:48:05.042031+00:00
8996,esp.1,14/09/2025,Barcelona,Valencia,Pinnacle,1.23,6.92,11.31,,,2026-07-28T05:48:05.042036+00:00
8997,esp.1,15/09/2025,Espanol,Mallorca,Pinnacle,2.28,3.23,3.51,,,2026-07-28T05:48:05.042043+00:00
8998,esp.1,19/09/2025,Betis,Sociedad,Pinnacle,1.93,3.73,3.98,,,2026-07-28T05:48:05.042049+00:00
8999,esp.1,20/09/2025,Girona,Levante,Pinnacle,1.91,3.76,4.09,,,2026-07-28T05:48:05.042054+00:00
9000,esp.1,20/09/2025,Real Madrid,Espanol,Pinnacle,1.22,6.36,15.46,,,2026-07-28T05:48:05.042064+00:00
9001,esp.1,20/09/2025,Alaves,Sevilla,Pinnacle,2.31,3.23,3.44,,,2026-07-28T05:48:05.042072+00:00
9002,esp.1,20/09/2025,Villarreal,Osasuna,Pinnacle,1.56,4.39,5.87,,,2026-07-28T05:48:05.042077+00:00
9003,esp.1,20/09/2025,Valencia,Ath Bilbao,Pinnacle,3.16,3.08,2.55,,,2026-07-28T05:48:05.042082+00:00
9004,esp.1,21/09/2025,Vallecano,Celta,Pinnacle,2.33,3.31,3.3,,,2026-07-28T05:48:05.042087+00:00
9005,esp.1,21/09/2025,Mallorca,Ath Madrid,Pinnacle,5.05,3.69,1.76,,,2026-07-28T05:48:05.042093+00:00
9006,esp.1,21/09/2025,Elche,Oviedo,Pinnacle,1.96,3.3,4.51,,,2026-07-28T05:48:05.042106+00:00
9007,esp.1,21/09/2025,Barcelona,Getafe,Pinnacle,1.23,6.19,14.4,,,2026-07-28T05:48:05.042116+00:00
9008,esp.1,23/09/2025,Ath Bilbao,Girona,Pinnacle,1.45,4.56,7.8,,,2026-07-28T05:48:05.042127+00:00
9009,esp.1,23/09/2025,Espanol,Valencia,Pinnacle,2.34,3.22,3.39,,,2026-07-28T05:48:05.042132+00:00
9010,esp.1,23/09/2025,Levante,Real Madrid,Pinnacle,8.61,5.91,1.33,,,2026-07-28T05:48:05.042138+00:00
9011,esp.1,23/09/2025,Sevilla,Villarreal,Pinnacle,3.19,3.39,2.35,,,2026-07-28T05:48:05.042145+00:00
9012,esp.1,24/09/2025,Getafe,Alaves,Pinnacle,2.36,2.91,3.77,,,2026-07-28T05:48:05.042150+00:00
9013,esp.1,24/09/2025,Ath Madrid,Vallecano,Pinnacle,1.5,4.51,6.63,,,2026-07-28T05:48:05.042157+00:00
9014,esp.1,24/09/2025,Sociedad,Mallorca,Pinnacle,1.84,3.53,4.79,,,2026-07-28T05:48:05.042165+00:00
9015,esp.1,25/09/2025,Osasuna,Elche,Pinnacle,2.05,3.09,4.48,,,2026-07-28T05:48:05.042170+00:00
9016,esp.1,25/09/2025,Oviedo,Barcelona,Pinnacle,9.41,6.99,1.26,,,2026-07-28T05:48:05.042176+00:00
9017,esp.1,26/09/2025,Girona,Espanol,Pinnacle,2.53,3.36,2.98,,,2026-07-28T05:48:05.042184+00:00
9018,esp.1,27/09/2025,Getafe,Levante,Pinnacle,2.1,3.22,4.05,,,2026-07-28T05:48:05.042191+00:00
9019,esp.1,27/09/2025,Ath Madrid,Real Madrid,Pinnacle,3.02,3.62,2.35,,,2026-07-28T05:48:05.042198+00:00
9020,esp.1,27/09/2025,Mallorca,Alaves,Pinnacle,2.42,3.03,3.45,,,2026-07-28T05:48:05.042210+00:00
9021,esp.1,27/09/2025,Villarreal,Ath Bilbao,Pinnacle,2.11,3.33,3.86,,,2026-07-28T05:48:05.042215+00:00
9022,esp.1,28/09/2025,Vallecano,Sevilla,Pinnacle,2.04,3.39,4.02,,,2026-07-28T05:48:05.042221+00:00
9023,esp.1,28/09/2025,Elche,Celta,Pinnacle,2.89,3.2,2.68,,,2026-07-28T05:48:05.042226+00:00
9024,esp.1,28/09/2025,Barcelona,Sociedad,Pinnacle,1.29,5.34,12.23,,,2026-07-28T05:48:05.042231+00:00
9025,esp.1,28/09/2025,Betis,Osasuna,Pinnacle,1.8,3.85,4.54,,,2026-07-28T05:48:05.042236+00:00
9026,esp.1,30/09/2025,Valencia,Oviedo,Pinnacle,1.75,3.79,5.0,,,2026-07-28T05:48:05.042244+00:00
9027,esp.1,03/10/2025,Osasuna,Getafe,Pinnacle,2.16,2.94,4.31,,,2026-07-28T05:48:05.042252+00:00
9028,esp.1,04/10/2025,Oviedo,Levante,Pinnacle,2.56,3.34,2.92,,,2026-07-28T05:48:05.042261+00:00
9029,esp.1,04/10/2025,Girona,Valencia,Pinnacle,2.52,3.41,2.91,,,2026-07-28T05:48:05.042268+00:00
9030,esp.1,04/10/2025,Ath Bilbao,Mallorca,Pinnacle,1.58,3.91,6.72,,,2026-07-28T05:48:05.042275+00:00
9031,esp.1,04/10/2025,Real Madrid,Villarreal,Pinnacle,1.47,5.38,5.82,,,2026-07-28T05:48:05.042282+00:00
9032,esp.1,05/10/2025,Alaves,Elche,Pinnacle,2.42,3.09,3.37,,,2026-07-28T05:48:05.042293+00:00
9033,esp.1,05/10/2025,Sevilla,Barcelona,Pinnacle,5.89,5.68,1.44,,,2026-07-28T05:48:05.042300+00:00
9034,esp.1,05/10/2025,Espanol,Betis,Pinnacle,2.7,3.49,2.66,,,2026-07-28T05:48:05.042307+00:00
9035,esp.1,05/10/2025,Sociedad,Vallecano,Pinnacle,2.07,3.5,3.76,,,2026-07-28T05:48:05.042312+00:00
9036,esp.1,05/10/2025,Celta,Ath Madrid,Pinnacle,4.39,4.06,1.78,,,2026-07-28T05:48:05.042317+00:00
9037,esp.1,17/10/2025,Oviedo,Espanol,Pinnacle,3.09,3.04,2.62,,,2026-07-28T05:48:05.042325+00:00
9038,esp.1,18/10/2025,Sevilla,Mallorca,Pinnacle,1.87,3.46,4.74,,,2026-07-28T05:48:05.042329+00:00
9039,esp.1,18/10/2025,Barcelona,Girona,Pinnacle,1.16,8.82,14.91,,,2026-07-28T05:48:05.042335+00:00
9040,esp.1,18/10/2025,Villarreal,Betis,Pinnacle,1.93,3.83,3.91,,,2026-07-28T05:48:05.042340+00:00
9041,esp.1,18/10/2025,Ath Madrid,Osasuna,Pinnacle,1.37,5.13,8.83,,,2026-07-28T05:48:05.042346+00:00
9042,esp.1,19/10/2025,Elche,Ath Bilbao,Pinnacle,3.78,3.36,2.12,,,2026-07-28T05:48:05.042353+00:00
9043,esp.1,19/10/2025,Celta,Sociedad,Pinnacle,2.11,3.42,3.74,,,2026-07-28T05:48:05.042361+00:00
9044,esp.1,19/10/2025,Levante,Vallecano,Pinnacle,2.84,3.54,2.51,,,2026-07-28T05:48:05.042366+00:00
9045,esp.1,19/10/2025,Getafe,Real Madrid,Pinnacle,7.03,4.65,1.47,,,2026-07-28T05:48:05.042373+00:00
9046,esp.1,20/10/2025,Alaves,Valencia,Pinnacle,2.28,3.16,3.58,,,2026-07-28T05:48:05.042378+00:00
9047,esp.1,24/10/2025,Sociedad,Sevilla,Pinnacle,2.03,3.5,4.0,,,2026-07-28T05:48:05.042385+00:00
9048,esp.1,25/10/2025,Girona,Oviedo,Pinnacle,1.81,3.57,4.87,,,2026-07-28T05:48:05.042390+00:00
9049,esp.1,25/10/2025,Espanol,Elche,Pinnacle,2.0,3.47,4.06,,,2026-07-28T05:48:05.042395+00:00
9050,esp.1,25/10/2025,Ath Bilbao,Getafe,Pinnacle,1.68,3.66,5.91,,,2026-07-28T05:48:05.042400+00:00
9051,esp.1,25/10/2025,Valencia,Villarreal,Pinnacle,3.29,3.62,2.2,,,2026-07-28T05:48:05.042406+00:00
9052,esp.1,26/10/2025,Mallorca,Levante,Pinnacle,2.09,3.41,3.81,,,2026-07-28T05:48:05.042412+00:00
9053,esp.1,26/10/2025,Real Madrid,Barcelona,Pinnacle,1.97,4.41,3.33,,,2026-07-28T05:48:05.042419+00:00
9054,esp.1,26/10/2025,Osasuna,Celta,Pinnacle,2.43,3.2,3.24,,,2026-07-28T05:48:05.042424+00:00
9055,esp.1,26/10/2025,Vallecano,Alaves,Pinnacle,2.15,3.09,4.08,,,2026-07-28T05:48:05.042429+00:00
9056,esp.1,27/10/2025,Betis,Ath Madrid,Pinnacle,3.09,3.82,2.23,,,2026-07-28T05:48:05.042434+00:00
9057,esp.1,31/10/2025,Getafe,Girona,Pinnacle,2.2,3.03,4.0,,,2026-07-28T05:48:05.042439+00:00
9058,esp.1,01/11/2025,Villarreal,Vallecano,Pinnacle,1.71,3.93,5.06,,,2026-07-28T05:48:05.042444+00:00
9059,esp.1,01/11/2025,Ath Madrid,Sevilla,Pinnacle,1.34,5.82,8.48,,,2026-07-28T05:48:05.042450+00:00
9060,esp.1,01/11/2025,Sociedad,Ath Bilbao,Pinnacle,2.8,3.02,2.9,,,2026-07-28T05:48:05.042456+00:00
9061,esp.1,01/11/2025,Real Madrid,Valencia,Pinnacle,1.18,8.44,13.21,,,2026-07-28T05:48:05.042465+00:00
9062,esp.1,02/11/2025,Levante,Celta,Pinnacle,2.93,3.41,2.51,,,2026-07-28T05:48:05.042470+00:00
9063,esp.1,02/11/2025,Alaves,Espanol,Pinnacle,2.44,3.06,3.38,,,2026-07-28T05:48:05.042475+00:00
9064,esp.1,02/11/2025,Barcelona,Elche,Pinnacle,1.26,5.67,13.56,,,2026-07-28T05:48:05.042481+00:00
9065,esp.1,02/11/2025,Betis,Mallorca,Pinnacle,1.6,4.22,5.68,,,2026-07-28T05:48:05.042486+00:00
9066,esp.1,03/11/2025,Oviedo,Osasuna,Pinnacle,3.06,3.07,2.63,,,2026-07-28T05:48:05.042491+00:00
9067,esp.1,07/11/2025,Elche,Sociedad,Pinnacle,2.79,3.24,2.77,,,2026-07-28T05:48:05.042497+00:00
9068,esp.1,08/11/2025,Girona,Alaves,Pinnacle,2.5,3.18,3.13,,,2026-07-28T05:48:05.042503+00:00
9069,esp.1,08/11/2025,Sevilla,Osasuna,Pinnacle,2.21,3.28,3.62,,,2026-07-28T05:48:05.042508+00:00
9070,esp.1,08/11/2025,Ath Madrid,Levante,Pinnacle,1.22,7.03,12.07,,,2026-07-28T05:48:05.042513+00:00
9071,esp.1,08/11/2025,Espanol,Villarreal,Pinnacle,2.9,3.65,2.41,,,2026-07-28T05:48:05.042519+00:00
9072,esp.1,09/11/2025,Ath Bilbao,Oviedo,Pinnacle,1.52,3.89,8.01,,,2026-07-28T05:48:05.042524+00:00
9073,esp.1,09/11/2025,Vallecano,Real Madrid,Pinnacle,6.16,4.85,1.5,,,2026-07-28T05:48:05.042530+00:00
9074,esp.1,09/11/2025,Mallorca,Getafe,Pinnacle,2.53,2.9,3.42,,,2026-07-28T05:48:05.042537+00:00
9075,esp.1,09/11/2025,Valencia,Betis,Pinnacle,3.33,3.57,2.2,,,2026-07-28T05:48:05.042544+00:00
9076,esp.1,09/11/2025,Celta,Barcelona,Pinnacle,4.65,4.34,1.69,,,2026-07-28T05:48:05.042553+00:00
9077,esp.1,21/11/2025,Valencia,Levante,Pinnacle,2.03,3.66,3.73,,,2026-07-28T05:48:05.042558+00:00
9078,esp.1,22/11/2025,Alaves,Celta,Pinnacle,2.58,3.12,3.08,,,2026-07-28T05:48:05.042565+00:00
9079,esp.1,22/11/2025,Barcelona,Ath Bilbao,Pinnacle,1.42,5.31,6.94,,,2026-07-28T05:48:05.042571+00:00
9080,esp.1,22/11/2025,Osasuna,Sociedad,Pinnacle,2.89,3.09,2.76,,,2026-07-28T05:48:05.042576+00:00
9081,esp.1,22/11/2025,Villarreal,Mallorca,Pinnacle,1.43,4.98,7.2,,,2026-07-28T05:48:05.042584+00:00
9082,esp.1,23/11/2025,Oviedo,Vallecano,Pinnacle,3.5,3.31,2.25,,,2026-07-28T05:48:05.042596+00:00
9083,esp.1,23/11/2025,Betis,Girona,Pinnacle,1.55,4.67,5.58,,,2026-07-28T05:48:05.042605+00:00
9084,esp.1,23/11/2025,Getafe,Ath Madrid,Pinnacle,5.33,3.6,1.75,,,2026-07-28T05:48:05.042614+00:00
9085,esp.1,23/11/2025,Elche,Real Madrid,Pinnacle,7.23,5.4,1.4,,,2026-07-28T05:48:05.042619+00:00
9086,esp.1,24/11/2025,Espanol,Sevilla,Pinnacle,2.08,3.38,3.89,,,2026-07-28T05:48:05.042624+00:00
9087,esp.1,28/11/2025,Getafe,Elche,Pinnacle,2.26,2.97,4.0,,,2026-07-28T05:48:05.042629+00:00
9088,esp.1,29/11/2025,Mallorca,Osasuna,Pinnacle,2.38,3.09,3.45,,,2026-07-28T05:48:05.042634+00:00
9089,esp.1,29/11/2025,Barcelona,Alaves,Pinnacle,1.19,7.57,13.71,,,2026-07-28T05:48:05.042641+00:00
9090,esp.1,29/11/2025,Levante,Ath Bilbao,Pinnacle,3.52,3.45,2.17,,,2026-07-28T05:48:05.042646+00:00
9091,esp.1,29/11/2025,Ath Madrid,Oviedo,Pinnacle,1.23,6.19,15.28,,,2026-07-28T05:48:05.042652+00:00
9092,esp.1,30/11/2025,Sociedad,Villarreal,Pinnacle,2.92,3.38,2.53,,,2026-07-28T05:48:05.042657+00:00
9093,esp.1,30/11/2025,Sevilla,Betis,Pinnacle,2.97,3.38,2.49,,,2026-07-28T05:48:05.042664+00:00
9094,esp.1,30/11/2025,Celta,Espanol,Pinnacle,2.05,3.42,3.95,,,2026-07-28T05:48:05.042669+00:00
9095,esp.1,30/11/2025,Girona,Real Madrid,Pinnacle,6.99,5.28,1.42,,,2026-07-28T05:48:05.042676+00:00
9096,esp.1,01/12/2025,Vallecano,Valencia,Pinnacle,1.98,3.41,4.25,,,2026-07-28T05:48:05.042684+00:00
9097,esp.1,02/12/2025,Barcelona,Ath Madrid,Pinnacle,1.75,4.46,4.22,,,2026-07-28T05:48:05.042689+00:00
9098,esp.1,03/12/2025,Ath Bilbao,Real Madrid,Pinnacle,4.06,4.2,1.81,,,2026-07-28T05:48:05.042694+00:00
9099,esp.1,05/12/2025,Oviedo,Mallorca,Pinnacle,2.66,3.04,3.1,,,2026-07-28T05:48:05.042699+00:00
9100,esp.1,06/12/2025,Villarreal,Getafe,Pinnacle,1.59,3.97,6.38,,,2026-07-28T05:48:05.042703+00:00
9101,esp.1,06/12/2025,Alaves,Sociedad,Pinnacle,2.8,3.05,2.88,,,2026-07-28T05:48:05.042708+00:00
9102,esp.1,06/12/2025,Betis,Barcelona,Pinnacle,4.05,4.41,1.78,,,2026-07-28T05:48:05.042738+00:00
9103,esp.1,06/12/2025,Ath Bilbao,Ath Madrid,Pinnacle,3.33,3.33,2.31,,,2026-07-28T05:48:05.042746+00:00
9104,esp.1,07/12/2025,Elche,Girona,Pinnacle,2.16,3.57,3.45,,,2026-07-28T05:48:05.042756+00:00
9105,esp.1,07/12/2025,Valencia,Sevilla,Pinnacle,2.16,3.5,3.51,,,2026-07-28T05:48:05.042761+00:00
9106,esp.1,07/12/2025,Espanol,Vallecano,Pinnacle,2.33,3.4,3.22,,,2026-07-28T05:48:05.042766+00:00
9107,esp.1,07/12/2025,Real Madrid,Celta,Pinnacle,1.3,5.84,9.64,,,2026-07-28T05:48:05.042773+00:00
9108,esp.1,08/12/2025,Osasuna,Levante,Pinnacle,1.77,3.83,4.77,,,2026-07-28T05:48:05.042778+00:00
9109,esp.1,12/12/2025,Sociedad,Girona,Pinnacle,1.78,3.83,4.86,,,2026-07-28T05:48:05.042783+00:00
9110,esp.1,13/12/2025,Ath Madrid,Valencia,Pinnacle,1.33,5.0,11.34,,,2026-07-28T05:48:05.042788+00:00
9111,esp.1,13/12/2025,Mallorca,Elche,Pinnacle,2.51,3.09,3.22,,,2026-07-28T05:48:05.042793+00:00
9112,esp.1,13/12/2025,Barcelona,Osasuna,Pinnacle,1.22,6.97,12.01,,,2026-07-28T05:48:05.042800+00:00
9113,esp.1,13/12/2025,Getafe,Espanol,Pinnacle,2.61,2.89,3.29,,,2026-07-28T05:48:05.042805+00:00
9114,esp.1,14/12/2025,Sevilla,Oviedo,Pinnacle,1.93,3.29,4.65,,,2026-07-28T05:48:05.042810+00:00
9115,esp.1,14/12/2025,Celta,Ath Bilbao,Pinnacle,2.74,3.25,2.78,,,2026-07-28T05:48:05.042816+00:00
9116,esp.1,14/12/2025,Alaves,Real Madrid,Pinnacle,6.0,3.88,1.63,,,2026-07-28T05:48:05.042821+00:00
9117,esp.1,15/12/2025,Vallecano,Betis,Pinnacle,2.65,3.48,2.71,,,2026-07-28T05:48:05.042828+00:00
9118,esp.1,19/12/2025,Valencia,Mallorca,Pinnacle,2.04,3.3,4.26,,,2026-07-28T05:48:05.042833+00:00
9119,esp.1,20/12/2025,Oviedo,Celta,Pinnacle,3.81,3.39,2.1,,,2026-07-28T05:48:05.042839+00:00
9120,esp.1,20/12/2025,Levante,Sociedad,Pinnacle,3.47,3.53,2.16,,,2026-07-28T05:48:05.042843+00:00
9121,esp.1,20/12/2025,Osasuna,Alaves,Pinnacle,2.23,3.12,3.78,,,2026-07-28T05:48:05.042848+00:00
9122,esp.1,20/12/2025,Real Madrid,Sevilla,Pinnacle,1.21,7.03,13.82,,,2026-07-28T05:48:05.042853+00:00
9123,esp.1,21/12/2025,Girona,Ath Madrid,Pinnacle,4.93,4.18,1.68,,,2026-07-28T05:48:05.042861+00:00
9124,esp.1,21/12/2025,Villarreal,Barcelona,Pinnacle,3.54,4.86,1.83,,,2026-07-28T05:48:05.042868+00:00
9125,esp.1,21/12/2025,Elche,Vallecano,Pinnacle,2.48,3.08,3.27,,,2026-07-28T05:48:05.042876+00:00
9126,esp.1,21/12/2025,Betis,Getafe,Pinnacle,1.71,3.63,5.69,,,2026-07-28T05:48:05.042883+00:00
9127,esp.1,22/12/2025,Ath Bilbao,Espanol,Pinnacle,1.8,3.51,5.1,,,2026-07-28T05:48:05.042888+00:00
9128,esp.1,02/01/2026,Vallecano,Getafe,Pinnacle,2.11,2.96,4.63,,,2026-07-28T05:48:05.042893+00:00
9129,esp.1,03/01/2026,Celta,Valencia,Pinnacle,2.01,3.35,4.19,,,2026-07-28T05:48:05.042899+00:00
9130,esp.1,03/01/2026,Osasuna,Ath Bilbao,Pinnacle,3.17,2.92,2.67,,,2026-07-28T05:48:05.042904+00:00
9131,esp.1,03/01/2026,Elche,Villarreal,Pinnacle,3.24,3.58,2.24,,,2026-07-28T05:48:05.042910+00:00
9132,esp.1,03/01/2026,Espanol,Barcelona,Pinnacle,5.55,4.83,1.54,,,2026-07-28T05:48:05.042915+00:00
9133,esp.1,04/01/2026,Sevilla,Levante,Pinnacle,1.78,3.83,4.73,,,2026-07-28T05:48:05.042922+00:00
9134,esp.1,04/01/2026,Real Madrid,Betis,Pinnacle,1.45,4.92,6.8,,,2026-07-28T05:48:05.042929+00:00
9135,esp.1,04/01/2026,Alaves,Oviedo,Pinnacle,1.92,3.12,5.17,,,2026-07-28T05:48:05.042937+00:00
9136,esp.1,04/01/2026,Mallorca,Girona,Pinnacle,2.26,3.29,3.49,,,2026-07-28T05:48:05.042942+00:00
9137,esp.1,04/01/2026,Sociedad,Ath Madrid,Pinnacle,3.86,3.72,1.97,,,2026-07-28T05:48:05.042947+00:00
9138,esp.1,09/01/2026,Getafe,Sociedad,Pinnacle,3.54,2.88,2.52,,,2026-07-28T05:48:05.042953+00:00
9139,esp.1,10/01/2026,Oviedo,Betis,Pinnacle,4.34,3.41,1.95,,,2026-07-28T05:48:05.042958+00:00
9140,esp.1,10/01/2026,Villarreal,Alaves,Pinnacle,1.48,4.54,7.03,,,2026-07-28T05:48:05.042963+00:00
9141,esp.1,10/01/2026,Girona,Osasuna,Pinnacle,2.42,3.2,3.25,,,2026-07-28T05:48:05.042968+00:00
9142,esp.1,10/01/2026,Valencia,Elche,Pinnacle,2.26,3.14,3.66,,,2026-07-28T05:48:05.042972+00:00
9143,esp.1,11/01/2026,Vallecano,Mallorca,Pinnacle,1.93,3.24,4.78,,,2026-07-28T05:48:05.042977+00:00
9144,esp.1,11/01/2026,Levante,Espanol,Pinnacle,3.16,3.29,2.42,,,2026-07-28T05:48:05.042982+00:00
9145,esp.1,12/01/2026,Sevilla,Celta,Pinnacle,2.65,3.39,2.77,,,2026-07-28T05:48:05.042987+00:00
9146,ita.1,23/08/2025,Genoa,Lecce,Pinnacle,1.93,3.43,4.47,,,2026-07-28T05:48:10.167234+00:00
9147,ita.1,23/08/2025,Sassuolo,Napoli,Pinnacle,6.35,3.93,1.6,,,2026-07-28T05:48:10.168190+00:00
9148,ita.1,23/08/2025,Milan,Cremonese,Pinnacle,1.36,5.42,8.57,,,2026-07-28T05:48:10.168210+00:00
9149,ita.1,23/08/2025,Roma,Bologna,Pinnacle,2.13,3.32,3.79,,,2026-07-28T05:48:10.168221+00:00
9150,ita.1,24/08/2025,Cagliari,Fiorentina,Pinnacle,3.38,3.32,2.29,,,2026-07-28T05:48:10.168231+00:00
9151,ita.1,24/08/2025,Como,Lazio,Pinnacle,2.49,3.37,3.0,,,2026-07-28T05:48:10.168249+00:00
9152,ita.1,24/08/2025,Atalanta,Pisa,Pinnacle,1.42,4.94,7.54,,,2026-07-28T05:48:10.168255+00:00
9153,ita.1,24/08/2025,Juventus,Parma,Pinnacle,1.43,4.8,7.58,,,2026-07-28T05:48:10.168261+00:00
9154,ita.1,25/08/2025,Udinese,Verona,Pinnacle,1.98,3.46,4.17,,,2026-07-28T05:48:10.168266+00:00
9155,ita.1,25/08/2025,Inter,Torino,Pinnacle,1.44,4.83,7.32,,,2026-07-28T05:48:10.168271+00:00
9156,ita.1,29/08/2025,Cremonese,Sassuolo,Pinnacle,2.66,3.25,2.9,,,2026-07-28T05:48:10.168276+00:00
9157,ita.1,29/08/2025,Lecce,Milan,Pinnacle,6.32,3.93,1.62,,,2026-07-28T05:48:10.168281+00:00
9158,ita.1,30/08/2025,Bologna,Como,Pinnacle,2.53,3.13,3.14,,,2026-07-28T05:48:10.168286+00:00
9159,ita.1,30/08/2025,Parma,Atalanta,Pinnacle,3.99,3.57,1.98,,,2026-07-28T05:48:10.168291+00:00
9160,ita.1,30/08/2025,Napoli,Cagliari,Pinnacle,1.32,5.39,10.32,,,2026-07-28T05:48:10.168296+00:00
9161,ita.1,30/08/2025,Pisa,Roma,Pinnacle,5.15,3.76,1.74,,,2026-07-28T05:48:10.168308+00:00
9162,ita.1,31/08/2025,Genoa,Juventus,Pinnacle,4.51,3.48,1.9,,,2026-07-28T05:48:10.168313+00:00
9163,ita.1,31/08/2025,Torino,Fiorentina,Pinnacle,3.21,3.16,2.47,,,2026-07-28T05:48:10.168318+00:00
9164,ita.1,31/08/2025,Inter,Udinese,Pinnacle,1.32,5.63,9.47,,,2026-07-28T05:48:10.168323+00:00
9165,ita.1,31/08/2025,Lazio,Verona,Pinnacle,1.48,4.47,7.12,,,2026-07-28T05:48:10.168327+00:00
9166,ita.1,13/09/2025,Cagliari,Parma,Pinnacle,2.2,3.24,3.7,,,2026-07-28T05:48:10.168333+00:00
9167,ita.1,13/09/2025,Juventus,Inter,Pinnacle,2.84,3.07,2.82,,,2026-07-28T05:48:10.168343+00:00
9168,ita.1,13/09/2025,Fiorentina,Napoli,Pinnacle,3.56,3.17,2.29,,,2026-07-28T05:48:10.168349+00:00
9169,ita.1,14/09/2025,Roma,Torino,Pinnacle,1.52,4.24,6.88,,,2026-07-28T05:48:10.168354+00:00
9170,ita.1,14/09/2025,Atalanta,Lecce,Pinnacle,1.41,5.07,7.5,,,2026-07-28T05:48:10.168359+00:00
9171,ita.1,14/09/2025,Pisa,Udinese,Pinnacle,2.85,3.11,2.77,,,2026-07-28T05:48:10.168369+00:00
9172,ita.1,14/09/2025,Sassuolo,Lazio,Pinnacle,3.69,3.5,2.1,,,2026-07-28T05:48:10.168380+00:00
9173,ita.1,14/09/2025,Milan,Bologna,Pinnacle,1.91,3.52,4.42,,,2026-07-28T05:48:10.168385+00:00
9174,ita.1,15/09/2025,Verona,Cremonese,Pinnacle,2.48,3.13,3.23,,,2026-07-28T05:48:10.168390+00:00
9175,ita.1,15/09/2025,Como,Genoa,Pinnacle,1.67,3.75,5.86,,,2026-07-28T05:48:10.168395+00:00
9176,ita.1,19/09/2025,Lecce,Cagliari,Pinnacle,2.91,2.96,2.85,,,2026-07-28T05:48:10.168399+00:00
9177,ita.1,20/09/2025,Bologna,Genoa,Pinnacle,1.87,3.37,4.93,,,2026-07-28T05:48:10.168404+00:00
9178,ita.1,20/09/2025,Verona,Juventus,Pinnacle,6.7,3.98,1.57,,,2026-07-28T05:48:10.168409+00:00
9179,ita.1,20/09/2025,Udinese,Milan,Pinnacle,4.47,3.63,1.86,,,2026-07-28T05:48:10.168415+00:00
9180,ita.1,21/09/2025,Lazio,Roma,Pinnacle,2.96,3.12,2.67,,,2026-07-28T05:48:10.168420+00:00
9181,ita.1,21/09/2025,Cremonese,Parma,Pinnacle,2.6,3.2,2.98,,,2026-07-28T05:48:10.168425+00:00
9182,ita.1,21/09/2025,Torino,Atalanta,Pinnacle,3.38,3.36,2.27,,,2026-07-28T05:48:10.168430+00:00
9183,ita.1,21/09/2025,Fiorentina,Como,Pinnacle,2.64,3.28,2.87,,,2026-07-28T05:48:10.168435+00:00
9184,ita.1,21/09/2025,Inter,Sassuolo,Pinnacle,1.3,5.67,10.37,,,2026-07-28T05:48:10.168440+00:00
9185,ita.1,22/09/2025,Napoli,Pisa,Pinnacle,1.26,6.13,12.94,,,2026-07-28T05:48:10.168444+00:00
9186,ita.1,27/09/2025,Como,Cremonese,Pinnacle,1.47,4.63,7.03,,,2026-07-28T05:48:10.168451+00:00
9187,ita.1,27/09/2025,Juventus,Atalanta,Pinnacle,1.88,3.71,4.28,,,2026-07-28T05:48:10.168457+00:00
9188,ita.1,27/09/2025,Cagliari,Inter,Pinnacle,5.98,4.42,1.55,,,2026-07-28T05:48:10.168462+00:00
9189,ita.1,28/09/2025,Sassuolo,Udinese,Pinnacle,2.37,3.33,3.22,,,2026-07-28T05:48:10.168467+00:00
9190,ita.1,28/09/2025,Pisa,Fiorentina,Pinnacle,3.47,3.33,2.25,,,2026-07-28T05:48:10.168472+00:00
9191,ita.1,28/09/2025,Roma,Verona,Pinnacle,1.47,4.41,7.5,,,2026-07-28T05:48:10.168477+00:00
9192,ita.1,28/09/2025,Lecce,Bologna,Pinnacle,4.17,3.19,2.08,,,2026-07-28T05:48:10.168484+00:00
9193,ita.1,28/09/2025,Milan,Napoli,Pinnacle,2.34,3.3,3.3,,,2026-07-28T05:48:10.168489+00:00
9194,ita.1,29/09/2025,Parma,Torino,Pinnacle,2.34,3.19,3.42,,,2026-07-28T05:48:10.168494+00:00
9195,ita.1,29/09/2025,Genoa,Lazio,Pinnacle,3.02,3.12,2.63,,,2026-07-28T05:48:10.168498+00:00
9196,ita.1,03/10/2025,Verona,Sassuolo,Pinnacle,2.68,3.15,2.92,,,2026-07-28T05:48:10.168504+00:00
9197,ita.1,04/10/2025,Lazio,Torino,Pinnacle,1.72,3.53,5.74,,,2026-07-28T05:48:10.168509+00:00
9198,ita.1,04/10/2025,Parma,Lecce,Pinnacle,1.85,3.68,4.45,,,2026-07-28T05:48:10.168514+00:00
9199,ita.1,04/10/2025,Inter,Cremonese,Pinnacle,1.21,7.35,12.7,,,2026-07-28T05:48:10.168518+00:00
9200,ita.1,04/10/2025,Atalanta,Como,Pinnacle,2.27,3.4,3.35,,,2026-07-28T05:48:10.168525+00:00
9201,ita.1,05/10/2025,Udinese,Cagliari,Pinnacle,2.19,3.16,3.83,,,2026-07-28T05:48:10.168531+00:00
9202,ita.1,05/10/2025,Bologna,Pisa,Pinnacle,1.63,3.83,6.17,,,2026-07-28T05:48:10.168536+00:00
9203,ita.1,05/10/2025,Fiorentina,Roma,Pinnacle,3.07,3.26,2.5,,,2026-07-28T05:48:10.168540+00:00
9204,ita.1,05/10/2025,Napoli,Genoa,Pinnacle,1.5,4.04,8.09,,,2026-07-28T05:48:10.168545+00:00
9205,ita.1,05/10/2025,Juventus,Milan,Pinnacle,2.78,3.21,2.76,,,2026-07-28T05:48:10.168552+00:00
9206,ita.1,18/10/2025,Lecce,Sassuolo,Pinnacle,3.03,3.12,2.62,,,2026-07-28T05:48:10.168558+00:00
9207,ita.1,18/10/2025,Pisa,Verona,Pinnacle,2.64,3.15,2.97,,,2026-07-28T05:48:10.168563+00:00
9208,ita.1,18/10/2025,Torino,Napoli,Pinnacle,5.69,3.25,1.81,,,2026-07-28T05:48:10.168568+00:00
9209,ita.1,18/10/2025,Roma,Inter,Pinnacle,3.45,3.22,2.31,,,2026-07-28T05:48:10.168574+00:00
9210,ita.1,19/10/2025,Como,Juventus,Pinnacle,3.01,3.25,2.54,,,2026-07-28T05:48:10.168579+00:00
9211,ita.1,19/10/2025,Cagliari,Bologna,Pinnacle,3.72,3.27,2.18,,,2026-07-28T05:48:10.168583+00:00
9212,ita.1,19/10/2025,Genoa,Parma,Pinnacle,2.14,3.15,4.03,,,2026-07-28T05:48:10.168590+00:00
9213,ita.1,19/10/2025,Atalanta,Lazio,Pinnacle,1.71,4.2,4.67,,,2026-07-28T05:48:10.168596+00:00
9214,ita.1,19/10/2025,Milan,Fiorentina,Pinnacle,1.56,4.33,6.09,,,2026-07-28T05:48:10.168602+00:00
9215,ita.1,20/10/2025,Cremonese,Udinese,Pinnacle,3.08,3.23,2.51,,,2026-07-28T05:48:10.168611+00:00
9216,ita.1,24/10/2025,Milan,Pisa,Pinnacle,1.3,5.66,10.97,,,2026-07-28T05:48:10.168617+00:00
9217,ita.1,25/10/2025,Parma,Como,Pinnacle,4.06,3.53,1.98,,,2026-07-28T05:48:10.168622+00:00
9218,ita.1,25/10/2025,Udinese,Lecce,Pinnacle,1.86,3.42,4.86,,,2026-07-28T05:48:10.168626+00:00
9219,ita.1,25/10/2025,Napoli,Inter,Pinnacle,3.02,3.15,2.6,,,2026-07-28T05:48:10.168631+00:00
9220,ita.1,25/10/2025,Cremonese,Atalanta,Pinnacle,5.41,4.18,1.63,,,2026-07-28T05:48:10.168636+00:00
9221,ita.1,26/10/2025,Torino,Genoa,Pinnacle,2.35,2.96,3.71,,,2026-07-28T05:48:10.168643+00:00
9222,ita.1,26/10/2025,Sassuolo,Roma,Pinnacle,4.5,3.56,1.88,,,2026-07-28T05:48:10.168649+00:00
9223,ita.1,26/10/2025,Verona,Cagliari,Pinnacle,2.24,3.1,3.76,,,2026-07-28T05:48:10.168654+00:00
9224,ita.1,26/10/2025,Fiorentina,Bologna,Pinnacle,2.72,3.18,2.85,,,2026-07-28T05:48:10.168661+00:00
9225,ita.1,26/10/2025,Lazio,Juventus,Pinnacle,3.42,3.12,2.38,,,2026-07-28T05:48:10.168673+00:00
9226,ita.1,28/10/2025,Lecce,Napoli,Pinnacle,7.2,3.94,1.56,,,2026-07-28T05:48:10.168678+00:00
9227,ita.1,28/10/2025,Atalanta,Milan,Pinnacle,2.71,3.3,2.81,,,2026-07-28T05:48:10.168688+00:00
9228,ita.1,29/10/2025,Como,Verona,Pinnacle,1.66,3.59,6.37,,,2026-07-28T05:48:10.168693+00:00
9229,ita.1,29/10/2025,Juventus,Udinese,Pinnacle,1.47,4.5,7.44,,,2026-07-28T05:48:10.168700+00:00
9230,ita.1,29/10/2025,Roma,Parma,Pinnacle,1.54,4.08,6.92,,,2026-07-28T05:48:10.168708+00:00
9231,ita.1,29/10/2025,Bologna,Torino,Pinnacle,1.81,3.46,5.16,,,2026-07-28T05:48:10.168732+00:00
9232,ita.1,29/10/2025,Genoa,Cremonese,Pinnacle,1.87,3.3,5.08,,,2026-07-28T05:48:10.168741+00:00
9233,ita.1,29/10/2025,Inter,Fiorentina,Pinnacle,1.41,5.02,7.67,,,2026-07-28T05:48:10.168746+00:00
9234,ita.1,30/10/2025,Cagliari,Sassuolo,Pinnacle,2.66,3.19,2.91,,,2026-07-28T05:48:10.168751+00:00
9235,ita.1,30/10/2025,Pisa,Lazio,Pinnacle,3.78,3.24,2.17,,,2026-07-28T05:48:10.168756+00:00
9236,ita.1,01/11/2025,Udinese,Atalanta,Pinnacle,4.45,3.87,1.81,,,2026-07-28T05:48:10.168761+00:00
9237,ita.1,01/11/2025,Napoli,Como,Pinnacle,2.0,3.1,4.71,,,2026-07-28T05:48:10.168766+00:00
9238,ita.1,01/11/2025,Cremonese,Juventus,Pinnacle,6.84,4.32,1.52,,,2026-07-28T05:48:10.168773+00:00
9239,ita.1,02/11/2025,Verona,Inter,Pinnacle,7.61,5.11,1.41,,,2026-07-28T05:48:10.168778+00:00
9240,ita.1,02/11/2025,Fiorentina,Lecce,Pinnacle,1.66,3.85,5.74,,,2026-07-28T05:48:10.168783+00:00
9241,ita.1,02/11/2025,Torino,Pisa,Pinnacle,2.01,3.32,4.26,,,2026-07-28T05:48:10.168788+00:00
9242,ita.1,02/11/2025,Parma,Bologna,Pinnacle,4.24,3.05,2.13,,,2026-07-28T05:48:10.168792+00:00
9243,ita.1,02/11/2025,Milan,Roma,Pinnacle,2.16,3.21,3.87,,,2026-07-28T05:48:10.168797+00:00
9244,ita.1,03/11/2025,Sassuolo,Genoa,Pinnacle,2.45,3.1,3.3,,,2026-07-28T05:48:10.168802+00:00
9245,ita.1,03/11/2025,Lazio,Cagliari,Pinnacle,1.58,4.15,6.08,,,2026-07-28T05:48:10.168806+00:00
9246,ita.1,07/11/2025,Pisa,Cremonese,Pinnacle,2.34,3.05,3.68,,,2026-07-28T05:48:10.168818+00:00
9247,ita.1,08/11/2025,Como,Cagliari,Pinnacle,1.5,4.51,6.65,,,2026-07-28T05:48:10.168823+00:00
9248,ita.1,08/11/2025,Lecce,Verona,Pinnacle,2.83,2.88,3.02,,,2026-07-28T05:48:10.168831+00:00
9249,ita.1,08/11/2025,Juventus,Torino,Pinnacle,1.51,4.16,7.34,,,2026-07-28T05:48:10.168836+00:00
9250,ita.1,08/11/2025,Parma,Milan,Pinnacle,6.27,3.93,1.6,,,2026-07-28T05:48:10.168842+00:00
9251,ita.1,09/11/2025,Atalanta,Sassuolo,Pinnacle,1.44,4.89,7.09,,,2026-07-28T05:48:10.168846+00:00
9252,ita.1,09/11/2025,Bologna,Napoli,Pinnacle,3.08,3.07,2.61,,,2026-07-28T05:48:10.168851+00:00
9253,ita.1,09/11/2025,Genoa,Fiorentina,Pinnacle,2.84,3.01,2.87,,,2026-07-28T05:48:10.168856+00:00
9254,ita.1,09/11/2025,Roma,Udinese,Pinnacle,1.57,4.08,6.47,,,2026-07-28T05:48:10.168861+00:00
9255,ita.1,09/11/2025,Inter,Lazio,Pinnacle,1.36,5.69,7.78,,,2026-07-28T05:48:10.168868+00:00
9256,ita.1,22/11/2025,Cagliari,Genoa,Pinnacle,2.98,2.92,2.81,,,2026-07-28T05:48:10.168874+00:00
9257,ita.1,22/11/2025,Udinese,Bologna,Pinnacle,3.91,3.16,2.16,,,2026-07-28T05:48:10.168879+00:00
9258,ita.1,22/11/2025,Fiorentina,Juventus,Pinnacle,3.94,3.47,2.03,,,2026-07-28T05:48:10.168884+00:00
9259,ita.1,22/11/2025,Napoli,Atalanta,Pinnacle,2.27,3.22,3.54,,,2026-07-28T05:48:10.168890+00:00
9260,ita.1,23/11/2025,Verona,Parma,Pinnacle,2.3,3.13,3.59,,,2026-07-28T05:48:10.168895+00:00
9261,ita.1,23/11/2025,Cremonese,Roma,Pinnacle,5.79,3.9,1.65,,,2026-07-28T05:48:10.168900+00:00
9262,ita.1,23/11/2025,Lazio,Lecce,Pinnacle,1.63,3.75,6.34,,,2026-07-28T05:48:10.168905+00:00
9263,ita.1,23/11/2025,Inter,Milan,Pinnacle,1.99,3.48,4.09,,,2026-07-28T05:48:10.168910+00:00
9264,ita.1,24/11/2025,Torino,Como,Pinnacle,3.52,3.24,2.27,,,2026-07-28T05:48:10.168915+00:00
9265,ita.1,24/11/2025,Sassuolo,Pisa,Pinnacle,2.1,3.24,4.01,,,2026-07-28T05:48:10.168919+00:00
9266,ita.1,28/11/2025,Como,Sassuolo,Pinnacle,1.76,3.79,5.06,,,2026-07-28T05:48:10.168924+00:00
9267,ita.1,29/11/2025,Genoa,Verona,Pinnacle,2.08,3.08,4.38,,,2026-07-28T05:48:10.168929+00:00
9268,ita.1,29/11/2025,Parma,Udinese,Pinnacle,2.77,3.12,2.85,,,2026-07-28T05:48:10.168934+00:00
9269,ita.1,29/11/2025,Juventus,Cagliari,Pinnacle,1.33,5.44,9.97,,,2026-07-28T05:48:10.168939+00:00
9270,ita.1,29/11/2025,Milan,Lazio,Pinnacle,1.63,4.03,5.67,,,2026-07-28T05:48:10.168944+00:00
9271,ita.1,30/11/2025,Lecce,Torino,Pinnacle,3.08,2.99,2.67,,,2026-07-28T05:48:10.168948+00:00
9272,ita.1,30/11/2025,Pisa,Inter,Pinnacle,9.18,5.73,1.32,,,2026-07-28T05:48:10.168953+00:00
9273,ita.1,30/11/2025,Atalanta,Fiorentina,Pinnacle,1.74,3.9,4.91,,,2026-07-28T05:48:10.168958+00:00
9274,ita.1,30/11/2025,Roma,Napoli,Pinnacle,2.7,2.92,3.12,,,2026-07-28T05:48:10.168963+00:00
9275,ita.1,01/12/2025,Bologna,Cremonese,Pinnacle,1.47,4.36,7.83,,,2026-07-28T05:48:10.168967+00:00
9276,ita.1,06/12/2025,Sassuolo,Fiorentina,Pinnacle,3.04,3.26,2.51,,,2026-07-28T05:48:10.168972+00:00
9277,ita.1,06/12/2025,Inter,Como,Pinnacle,1.53,4.43,6.34,,,2026-07-28T05:48:10.168977+00:00
9278,ita.1,06/12/2025,Verona,Atalanta,Pinnacle,5.3,4.18,1.64,,,2026-07-28T05:48:10.168981+00:00
9279,ita.1,07/12/2025,Cremonese,Lecce,Pinnacle,2.49,3.05,3.3,,,2026-07-28T05:48:10.168986+00:00
9280,ita.1,07/12/2025,Cagliari,Roma,Pinnacle,5.5,3.76,1.7,,,2026-07-28T05:48:10.168993+00:00
9281,ita.1,07/12/2025,Lazio,Bologna,Pinnacle,2.65,3.1,3.01,,,2026-07-28T05:48:10.168999+00:00
9282,ita.1,07/12/2025,Napoli,Juventus,Pinnacle,2.49,2.97,3.38,,,2026-07-28T05:48:10.169004+00:00
9283,ita.1,08/12/2025,Pisa,Parma,Pinnacle,2.5,2.97,3.38,,,2026-07-28T05:48:10.169009+00:00
9284,ita.1,08/12/2025,Udinese,Genoa,Pinnacle,2.51,3.0,3.32,,,2026-07-28T05:48:10.169015+00:00
9285,ita.1,08/12/2025,Torino,Milan,Pinnacle,4.89,3.61,1.8,,,2026-07-28T05:48:10.169021+00:00
9286,ita.1,12/12/2025,Lecce,Pisa,Pinnacle,2.54,2.9,3.45,,,2026-07-28T05:48:10.169030+00:00
9287,ita.1,13/12/2025,Torino,Cremonese,Pinnacle,2.01,3.2,4.43,,,2026-07-28T05:48:10.169036+00:00
9288,ita.1,13/12/2025,Parma,Lazio,Pinnacle,3.83,3.34,2.11,,,2026-07-28T05:48:10.169042+00:00
9289,ita.1,13/12/2025,Atalanta,Cagliari,Pinnacle,1.35,5.48,8.72,,,2026-07-28T05:48:10.169050+00:00
9290,ita.1,14/12/2025,Milan,Sassuolo,Pinnacle,1.42,4.78,8.05,,,2026-07-28T05:48:10.169055+00:00
9291,ita.1,14/12/2025,Fiorentina,Verona,Pinnacle,1.81,3.62,4.83,,,2026-07-28T05:48:10.169060+00:00
9292,ita.1,14/12/2025,Udinese,Napoli,Pinnacle,4.6,3.55,1.86,,,2026-07-28T05:48:10.169065+00:00
9293,ita.1,14/12/2025,Genoa,Inter,Pinnacle,6.67,4.38,1.52,,,2026-07-28T05:48:10.169072+00:00
9294,ita.1,14/12/2025,Bologna,Juventus,Pinnacle,2.95,3.2,2.62,,,2026-07-28T05:48:10.169076+00:00
9295,ita.1,15/12/2025,Roma,Como,Pinnacle,2.22,3.19,3.7,,,2026-07-28T05:48:10.169081+00:00
9296,ita.1,20/12/2025,Lazio,Cremonese,Pinnacle,1.66,3.74,6.0,,,2026-07-28T05:48:10.169086+00:00
9297,ita.1,20/12/2025,Juventus,Roma,Pinnacle,1.99,3.31,4.34,,,2026-07-28T05:48:10.169091+00:00
9298,ita.1,21/12/2025,Cagliari,Pisa,Pinnacle,2.2,3.19,3.77,,,2026-07-28T05:48:10.169096+00:00
9299,ita.1,21/12/2025,Sassuolo,Torino,Pinnacle,2.44,3.05,3.38,,,2026-07-28T05:48:10.169101+00:00
9300,ita.1,21/12/2025,Fiorentina,Udinese,Pinnacle,2.27,3.31,3.42,,,2026-07-28T05:48:10.169106+00:00
9301,ita.1,21/12/2025,Genoa,Atalanta,Pinnacle,4.12,3.48,1.98,,,2026-07-28T05:48:10.169110+00:00
9302,ita.1,27/12/2025,Parma,Fiorentina,Pinnacle,3.54,3.09,2.34,,,2026-07-28T05:48:10.169115+00:00
9303,ita.1,27/12/2025,Lecce,Como,Pinnacle,4.88,3.49,1.84,,,2026-07-28T05:48:10.169120+00:00
9304,ita.1,27/12/2025,Torino,Cagliari,Pinnacle,1.99,3.36,4.26,,,2026-07-28T05:48:10.169125+00:00
9305,ita.1,27/12/2025,Udinese,Lazio,Pinnacle,3.14,3.08,2.56,,,2026-07-28T05:48:10.169130+00:00
9306,ita.1,27/12/2025,Pisa,Juventus,Pinnacle,7.05,4.61,1.47,,,2026-07-28T05:48:10.169134+00:00
9307,ita.1,28/12/2025,Milan,Verona,Pinnacle,1.38,4.98,8.81,,,2026-07-28T05:48:10.169139+00:00
9308,ita.1,28/12/2025,Cremonese,Napoli,Pinnacle,6.28,4.16,1.57,,,2026-07-28T05:48:10.169144+00:00
9309,ita.1,28/12/2025,Bologna,Sassuolo,Pinnacle,1.74,3.75,5.1,,,2026-07-28T05:48:10.169148+00:00
9310,ita.1,28/12/2025,Atalanta,Inter,Pinnacle,3.64,3.64,2.07,,,2026-07-28T05:48:10.169153+00:00
9311,ita.1,29/12/2025,Roma,Genoa,Pinnacle,1.64,3.73,6.32,,,2026-07-28T05:48:10.169158+00:00
9312,ita.1,02/01/2026,Cagliari,Milan,Pinnacle,6.25,4.01,1.61,,,2026-07-28T05:48:10.169163+00:00
9313,ita.1,03/01/2026,Como,Udinese,Pinnacle,1.75,3.62,5.26,,,2026-07-28T05:48:10.169168+00:00
9314,ita.1,03/01/2026,Genoa,Pisa,Pinnacle,1.91,3.2,5.05,,,2026-07-28T05:48:10.169173+00:00
9315,ita.1,03/01/2026,Sassuolo,Parma,Pinnacle,1.94,3.27,4.67,,,2026-07-28T05:48:10.169178+00:00
9316,ita.1,03/01/2026,Juventus,Lecce,Pinnacle,1.28,5.77,12.37,,,2026-07-28T05:48:10.169184+00:00
9317,ita.1,03/01/2026,Atalanta,Roma,Pinnacle,2.32,3.17,3.48,,,2026-07-28T05:48:10.169192+00:00
9318,ita.1,04/01/2026,Lazio,Napoli,Pinnacle,3.5,3.05,2.38,,,2026-07-28T05:48:10.169197+00:00
9319,ita.1,04/01/2026,Fiorentina,Cremonese,Pinnacle,1.79,3.73,4.76,,,2026-07-28T05:48:10.169202+00:00
9320,ita.1,04/01/2026,Verona,Torino,Pinnacle,2.71,3.02,3.0,,,2026-07-28T05:48:10.169207+00:00
9321,ita.1,04/01/2026,Inter,Bologna,Pinnacle,1.39,5.18,8.05,,,2026-07-28T05:48:10.169216+00:00
9322,ita.1,06/01/2026,Pisa,Como,Pinnacle,5.45,3.5,1.78,,,2026-07-28T05:48:10.169224+00:00
9323,ita.1,06/01/2026,Lecce,Roma,Pinnacle,5.49,3.51,1.77,,,2026-07-28T05:48:10.169229+00:00
9324,ita.1,06/01/2026,Sassuolo,Juventus,Pinnacle,5.3,3.74,1.73,,,2026-07-28T05:48:10.169236+00:00
9325,ita.1,07/01/2026,Bologna,Atalanta,Pinnacle,2.84,3.25,2.68,,,2026-07-28T05:48:10.169242+00:00
9326,ita.1,07/01/2026,Napoli,Verona,Pinnacle,1.36,5.19,8.85,,,2026-07-28T05:48:10.169246+00:00
9327,ita.1,07/01/2026,Lazio,Fiorentina,Pinnacle,2.51,3.0,3.32,,,2026-07-28T05:48:10.169252+00:00
9328,ita.1,07/01/2026,Parma,Inter,Pinnacle,8.16,5.1,1.39,,,2026-07-28T05:48:10.169257+00:00
9329,ita.1,07/01/2026,Torino,Udinese,Pinnacle,2.39,2.95,3.61,,,2026-07-28T05:48:10.169263+00:00
9330,ita.1,08/01/2026,Cremonese,Cagliari,Pinnacle,2.48,3.1,3.26,,,2026-07-28T05:48:10.169270+00:00
9331,ita.1,08/01/2026,Milan,Genoa,Pinnacle,1.44,4.47,8.31,,,2026-07-28T05:48:10.169281+00:00
9332,ita.1,10/01/2026,Como,Bologna,Pinnacle,2.0,3.34,4.24,,,2026-07-28T05:48:10.169286+00:00
9333,ita.1,10/01/2026,Udinese,Pisa,Pinnacle,1.85,3.41,4.91,,,2026-07-28T05:48:10.169295+00:00
9334,ita.1,10/01/2026,Roma,Sassuolo,Pinnacle,1.54,4.2,6.6,,,2026-07-28T05:48:10.169300+00:00
9335,ita.1,10/01/2026,Atalanta,Torino,Pinnacle,1.61,4.13,5.7,,,2026-07-28T05:48:10.169305+00:00
9336,ita.1,11/01/2026,Lecce,Parma,Pinnacle,2.8,2.98,2.94,,,2026-07-28T05:48:10.169311+00:00
9337,ita.1,11/01/2026,Fiorentina,Milan,Pinnacle,3.89,3.5,2.03,,,2026-07-28T05:48:10.169316+00:00
9338,ita.1,11/01/2026,Verona,Lazio,Pinnacle,3.45,3.07,2.4,,,2026-07-28T05:48:10.169321+00:00
9339,ita.1,11/01/2026,Inter,Napoli,Pinnacle,1.75,3.64,5.22,,,2026-07-28T05:48:10.169326+00:00
9340,ita.1,12/01/2026,Genoa,Cagliari,Pinnacle,2.12,2.97,4.44,,,2026-07-28T05:48:10.169344+00:00
9341,ita.1,12/01/2026,Juventus,Cremonese,Pinnacle,1.25,6.33,11.48,,,2026-07-28T05:48:10.169359+00:00
9342,ita.1,14/01/2026,Napoli,Parma,Pinnacle,1.33,5.33,10.3,,,2026-07-28T05:48:10.169364+00:00
9343,ita.1,14/01/2026,Inter,Lecce,Pinnacle,1.14,9.03,20.01,,,2026-07-28T05:48:10.169369+00:00
9344,ita.1,15/01/2026,Verona,Bologna,Pinnacle,3.68,3.32,2.17,,,2026-07-28T05:48:10.169373+00:00
9345,ita.1,15/01/2026,Como,Milan,Pinnacle,2.99,3.27,2.55,,,2026-07-28T05:48:10.169378+00:00
9346,ger.1,22/08/2025,Bayern Munich,RB Leipzig,Pinnacle,1.23,7.43,10.85,,,2026-07-28T05:48:14.878759+00:00
9347,ger.1,23/08/2025,Ein Frankfurt,Werder Bremen,Pinnacle,1.7,4.26,4.68,,,2026-07-28T05:48:14.879655+00:00
9348,ger.1,23/08/2025,Freiburg,Augsburg,Pinnacle,1.87,3.71,4.33,,,2026-07-28T05:48:14.879673+00:00
9349,ger.1,23/08/2025,Heidenheim,Wolfsburg,Pinnacle,3.19,3.59,2.26,,,2026-07-28T05:48:14.879688+00:00
9350,ger.1,23/08/2025,Leverkusen,Hoffenheim,Pinnacle,1.56,4.74,5.46,,,2026-07-28T05:48:14.879694+00:00
9351,ger.1,23/08/2025,Union Berlin,Stuttgart,Pinnacle,3.56,3.69,2.07,,,2026-07-28T05:48:14.879700+00:00
9352,ger.1,23/08/2025,St Pauli,Dortmund,Pinnacle,4.82,3.79,1.77,,,2026-07-28T05:48:14.879708+00:00
9353,ger.1,24/08/2025,Mainz,FC Koln,Pinnacle,1.93,3.7,4.07,,,2026-07-28T05:48:14.879713+00:00
9354,ger.1,24/08/2025,M'gladbach,Hamburg,Pinnacle,1.86,4.06,3.96,,,2026-07-28T05:48:14.879745+00:00
9355,ger.1,29/08/2025,Hamburg,St Pauli,Pinnacle,2.45,3.29,3.12,,,2026-07-28T05:48:14.879755+00:00
9356,ger.1,30/08/2025,Hoffenheim,Ein Frankfurt,Pinnacle,2.95,3.84,2.3,,,2026-07-28T05:48:14.879765+00:00
9357,ger.1,30/08/2025,RB Leipzig,Heidenheim,Pinnacle,1.45,5.17,6.4,,,2026-07-28T05:48:14.879777+00:00
9358,ger.1,30/08/2025,Stuttgart,M'gladbach,Pinnacle,1.62,4.59,4.97,,,2026-07-28T05:48:14.879782+00:00
9359,ger.1,30/08/2025,Werder Bremen,Leverkusen,Pinnacle,3.82,3.87,1.94,,,2026-07-28T05:48:14.879787+00:00
9360,ger.1,30/08/2025,Augsburg,Bayern Munich,Pinnacle,9.88,6.53,1.27,,,2026-07-28T05:48:14.879793+00:00
9361,ger.1,31/08/2025,Wolfsburg,Mainz,Pinnacle,2.08,3.68,3.54,,,2026-07-28T05:48:14.879800+00:00
9362,ger.1,31/08/2025,Dortmund,Union Berlin,Pinnacle,1.4,5.3,7.28,,,2026-07-28T05:48:14.879805+00:00
9363,ger.1,31/08/2025,FC Koln,Freiburg,Pinnacle,2.66,3.38,2.77,,,2026-07-28T05:48:14.879811+00:00
9364,ger.1,12/09/2025,Leverkusen,Ein Frankfurt,Pinnacle,2.16,3.83,3.29,,,2026-07-28T05:48:14.879816+00:00
9365,ger.1,13/09/2025,Freiburg,Stuttgart,Pinnacle,2.92,3.64,2.41,,,2026-07-28T05:48:14.879831+00:00
9366,ger.1,13/09/2025,Heidenheim,Dortmund,Pinnacle,5.53,4.66,1.56,,,2026-07-28T05:48:14.879836+00:00
9367,ger.1,13/09/2025,Mainz,RB Leipzig,Pinnacle,2.6,3.7,2.64,,,2026-07-28T05:48:14.879841+00:00
9368,ger.1,13/09/2025,Union Berlin,Hoffenheim,Pinnacle,2.66,3.51,2.68,,,2026-07-28T05:48:14.879846+00:00
9369,ger.1,13/09/2025,Wolfsburg,FC Koln,Pinnacle,2.01,3.61,3.85,,,2026-07-28T05:48:14.879853+00:00
9370,ger.1,13/09/2025,Bayern Munich,Hamburg,Pinnacle,1.07,14.97,29.41,,,2026-07-28T05:48:14.879858+00:00
9371,ger.1,14/09/2025,St Pauli,Augsburg,Pinnacle,2.23,3.39,3.46,,,2026-07-28T05:48:14.879870+00:00
9372,ger.1,14/09/2025,M'gladbach,Werder Bremen,Pinnacle,2.0,4.11,3.44,,,2026-07-28T05:48:14.879877+00:00
9373,ger.1,19/09/2025,Stuttgart,St Pauli,Pinnacle,1.78,4.0,4.46,,,2026-07-28T05:48:14.879883+00:00
9374,ger.1,20/09/2025,Augsburg,Mainz,Pinnacle,2.77,3.47,2.61,,,2026-07-28T05:48:14.879888+00:00
9375,ger.1,20/09/2025,Hamburg,Heidenheim,Pinnacle,2.1,3.53,3.66,,,2026-07-28T05:48:14.879894+00:00
9376,ger.1,20/09/2025,Hoffenheim,Bayern Munich,Pinnacle,7.87,6.19,1.33,,,2026-07-28T05:48:14.879900+00:00
9377,ger.1,20/09/2025,Werder Bremen,Freiburg,Pinnacle,2.38,3.81,2.86,,,2026-07-28T05:48:14.879905+00:00
9378,ger.1,20/09/2025,RB Leipzig,FC Koln,Pinnacle,1.68,4.39,4.73,,,2026-07-28T05:48:14.879913+00:00
9379,ger.1,21/09/2025,Ein Frankfurt,Union Berlin,Pinnacle,1.58,4.47,5.57,,,2026-07-28T05:48:14.879918+00:00
9380,ger.1,21/09/2025,Leverkusen,M'gladbach,Pinnacle,1.56,4.77,5.33,,,2026-07-28T05:48:14.879925+00:00
9381,ger.1,21/09/2025,Dortmund,Wolfsburg,Pinnacle,1.52,5.13,5.42,,,2026-07-28T05:48:14.879929+00:00
9382,ger.1,26/09/2025,Bayern Munich,Werder Bremen,Pinnacle,1.09,12.5,26.0,,,2026-07-28T05:48:14.879934+00:00
9383,ger.1,27/09/2025,Heidenheim,Augsburg,Pinnacle,2.77,3.65,2.51,,,2026-07-28T05:48:14.879942+00:00
9384,ger.1,27/09/2025,Mainz,Dortmund,Pinnacle,3.32,3.79,2.13,,,2026-07-28T05:48:14.879949+00:00
9385,ger.1,27/09/2025,St Pauli,Leverkusen,Pinnacle,3.28,3.55,2.24,,,2026-07-28T05:48:14.879956+00:00
9386,ger.1,27/09/2025,Wolfsburg,RB Leipzig,Pinnacle,2.6,3.75,2.61,,,2026-07-28T05:48:14.879964+00:00
9387,ger.1,27/09/2025,M'gladbach,Ein Frankfurt,Pinnacle,3.2,3.59,2.26,,,2026-07-28T05:48:14.879969+00:00
9388,ger.1,28/09/2025,Freiburg,Hoffenheim,Pinnacle,2.27,3.66,3.13,,,2026-07-28T05:48:14.879974+00:00
9389,ger.1,28/09/2025,FC Koln,Stuttgart,Pinnacle,2.91,3.68,2.39,,,2026-07-28T05:48:14.879979+00:00
9390,ger.1,28/09/2025,Union Berlin,Hamburg,Pinnacle,1.99,3.7,3.82,,,2026-07-28T05:48:14.879983+00:00
9391,ger.1,03/10/2025,Hoffenheim,FC Koln,Pinnacle,1.93,3.98,3.79,,,2026-07-28T05:48:14.879988+00:00
9392,ger.1,04/10/2025,Augsburg,Wolfsburg,Pinnacle,2.86,3.58,2.48,,,2026-07-28T05:48:14.879994+00:00
9393,ger.1,04/10/2025,Dortmund,RB Leipzig,Pinnacle,1.7,4.67,4.25,,,2026-07-28T05:48:14.879999+00:00
9394,ger.1,04/10/2025,Leverkusen,Union Berlin,Pinnacle,1.7,4.1,4.88,,,2026-07-28T05:48:14.880004+00:00
9395,ger.1,04/10/2025,Werder Bremen,St Pauli,Pinnacle,2.43,3.67,2.87,,,2026-07-28T05:48:14.880009+00:00
9396,ger.1,04/10/2025,Ein Frankfurt,Bayern Munich,Pinnacle,6.14,5.53,1.44,,,2026-07-28T05:48:14.880014+00:00
9397,ger.1,05/10/2025,Stuttgart,Heidenheim,Pinnacle,1.44,5.16,6.75,,,2026-07-28T05:48:14.880019+00:00
9398,ger.1,05/10/2025,Hamburg,Mainz,Pinnacle,2.89,3.53,2.48,,,2026-07-28T05:48:14.880023+00:00
9399,ger.1,05/10/2025,M'gladbach,Freiburg,Pinnacle,2.36,3.57,3.04,,,2026-07-28T05:48:14.880029+00:00
9400,ger.1,17/10/2025,Union Berlin,M'gladbach,Pinnacle,2.24,3.5,3.31,,,2026-07-28T05:48:14.880034+00:00
9401,ger.1,18/10/2025,FC Koln,Augsburg,Pinnacle,2.0,3.96,3.56,,,2026-07-28T05:48:14.880040+00:00
9402,ger.1,18/10/2025,Heidenheim,Werder Bremen,Pinnacle,2.97,3.61,2.39,,,2026-07-28T05:48:14.880045+00:00
9403,ger.1,18/10/2025,Mainz,Leverkusen,Pinnacle,2.83,3.46,2.56,,,2026-07-28T05:48:14.880050+00:00
9404,ger.1,18/10/2025,RB Leipzig,Hamburg,Pinnacle,1.43,5.37,6.59,,,2026-07-28T05:48:14.880056+00:00
9405,ger.1,18/10/2025,Wolfsburg,Stuttgart,Pinnacle,2.72,3.62,2.57,,,2026-07-28T05:48:14.880061+00:00
9406,ger.1,18/10/2025,Bayern Munich,Dortmund,Pinnacle,1.38,5.55,7.5,,,2026-07-28T05:48:14.880067+00:00
9407,ger.1,19/10/2025,Freiburg,Ein Frankfurt,Pinnacle,2.54,3.68,2.72,,,2026-07-28T05:48:14.880072+00:00
9408,ger.1,19/10/2025,St Pauli,Hoffenheim,Pinnacle,2.51,3.64,2.78,,,2026-07-28T05:48:14.880079+00:00
9409,ger.1,24/10/2025,Werder Bremen,Union Berlin,Pinnacle,2.33,3.63,3.09,,,2026-07-28T05:48:14.880084+00:00
9410,ger.1,25/10/2025,Augsburg,RB Leipzig,Pinnacle,3.29,4.06,2.07,,,2026-07-28T05:48:14.880089+00:00
9411,ger.1,25/10/2025,Ein Frankfurt,St Pauli,Pinnacle,1.74,4.19,4.49,,,2026-07-28T05:48:14.880095+00:00
9412,ger.1,25/10/2025,Hamburg,Wolfsburg,Pinnacle,2.4,3.73,2.88,,,2026-07-28T05:48:14.880099+00:00
9413,ger.1,25/10/2025,Hoffenheim,Heidenheim,Pinnacle,1.6,4.45,5.32,,,2026-07-28T05:48:14.880104+00:00
9414,ger.1,25/10/2025,M'gladbach,Bayern Munich,Pinnacle,11.5,7.11,1.23,,,2026-07-28T05:48:14.880111+00:00
9415,ger.1,25/10/2025,Dortmund,FC Koln,Pinnacle,1.46,4.96,6.64,,,2026-07-28T05:48:14.880115+00:00
9416,ger.1,26/10/2025,Leverkusen,Freiburg,Pinnacle,1.84,3.92,4.2,,,2026-07-28T05:48:14.880120+00:00
9417,ger.1,26/10/2025,Stuttgart,Mainz,Pinnacle,1.79,4.13,4.24,,,2026-07-28T05:48:14.880125+00:00
9418,ger.1,31/10/2025,Augsburg,Dortmund,Pinnacle,5.3,4.42,1.61,,,2026-07-28T05:48:14.880130+00:00
9419,ger.1,01/11/2025,Heidenheim,Ein Frankfurt,Pinnacle,3.69,4.18,1.9,,,2026-07-28T05:48:14.880136+00:00
9420,ger.1,01/11/2025,Mainz,Werder Bremen,Pinnacle,2.02,3.92,3.51,,,2026-07-28T05:48:14.880140+00:00
9421,ger.1,01/11/2025,RB Leipzig,Stuttgart,Pinnacle,2.02,3.88,3.55,,,2026-07-28T05:48:14.880146+00:00
9422,ger.1,01/11/2025,St Pauli,M'gladbach,Pinnacle,2.2,3.51,3.4,,,2026-07-28T05:48:14.880151+00:00
9423,ger.1,01/11/2025,Union Berlin,Freiburg,Pinnacle,2.65,3.27,2.86,,,2026-07-28T05:48:14.880158+00:00
9424,ger.1,01/11/2025,Bayern Munich,Leverkusen,Pinnacle,1.23,7.43,10.66,,,2026-07-28T05:48:14.880166+00:00
9425,ger.1,02/11/2025,FC Koln,Hamburg,Pinnacle,2.18,3.67,3.29,,,2026-07-28T05:48:14.880172+00:00
9426,ger.1,02/11/2025,Wolfsburg,Hoffenheim,Pinnacle,2.77,3.78,2.45,,,2026-07-28T05:48:14.880176+00:00
9427,ger.1,07/11/2025,Werder Bremen,Wolfsburg,Pinnacle,2.23,3.84,3.13,,,2026-07-28T05:48:14.880183+00:00
9428,ger.1,08/11/2025,Hamburg,Dortmund,Pinnacle,4.58,4.28,1.71,,,2026-07-28T05:48:14.880187+00:00
9429,ger.1,08/11/2025,Hoffenheim,RB Leipzig,Pinnacle,2.71,3.97,2.43,,,2026-07-28T05:48:14.880192+00:00
9430,ger.1,08/11/2025,Leverkusen,Heidenheim,Pinnacle,1.41,5.1,7.57,,,2026-07-28T05:48:14.880197+00:00
9431,ger.1,08/11/2025,Union Berlin,Bayern Munich,Pinnacle,12.56,7.33,1.21,,,2026-07-28T05:48:14.880203+00:00
9432,ger.1,08/11/2025,M'gladbach,FC Koln,Pinnacle,2.28,3.65,3.11,,,2026-07-28T05:48:14.880208+00:00
9433,ger.1,09/11/2025,Freiburg,St Pauli,Pinnacle,1.87,3.61,4.48,,,2026-07-28T05:48:14.880213+00:00
9434,ger.1,09/11/2025,Stuttgart,Augsburg,Pinnacle,1.54,4.63,5.84,,,2026-07-28T05:48:14.880219+00:00
9435,ger.1,09/11/2025,Ein Frankfurt,Mainz,Pinnacle,1.87,4.11,3.9,,,2026-07-28T05:48:14.880224+00:00
9436,ger.1,21/11/2025,Mainz,Hoffenheim,Pinnacle,2.59,3.6,2.71,,,2026-07-28T05:48:14.880232+00:00
9437,ger.1,22/11/2025,Augsburg,Hamburg,Pinnacle,2.39,3.67,2.92,,,2026-07-28T05:48:14.880237+00:00
9438,ger.1,22/11/2025,Bayern Munich,Freiburg,Pinnacle,1.19,7.45,14.94,,,2026-07-28T05:48:14.880242+00:00
9439,ger.1,22/11/2025,Dortmund,Stuttgart,Pinnacle,1.79,4.11,4.25,,,2026-07-28T05:48:14.880247+00:00
9440,ger.1,22/11/2025,Heidenheim,M'gladbach,Pinnacle,3.18,3.72,2.22,,,2026-07-28T05:48:14.880253+00:00
9441,ger.1,22/11/2025,Wolfsburg,Leverkusen,Pinnacle,3.59,3.82,2.02,,,2026-07-28T05:48:14.880260+00:00
9442,ger.1,22/11/2025,FC Koln,Ein Frankfurt,Pinnacle,3.1,3.79,2.23,,,2026-07-28T05:48:14.880266+00:00
9443,ger.1,23/11/2025,RB Leipzig,Werder Bremen,Pinnacle,1.45,5.25,6.38,,,2026-07-28T05:48:14.880272+00:00
9444,ger.1,23/11/2025,St Pauli,Union Berlin,Pinnacle,2.54,3.29,2.98,,,2026-07-28T05:48:14.880276+00:00
9445,ger.1,28/11/2025,M'gladbach,RB Leipzig,Pinnacle,2.92,3.91,2.32,,,2026-07-28T05:48:14.880282+00:00
9446,ger.1,29/11/2025,Bayern Munich,St Pauli,Pinnacle,1.1,10.2,29.77,,,2026-07-28T05:48:14.880286+00:00
9447,ger.1,29/11/2025,Hoffenheim,Augsburg,Pinnacle,1.68,4.5,4.6,,,2026-07-28T05:48:14.880291+00:00
9448,ger.1,29/11/2025,Union Berlin,Heidenheim,Pinnacle,1.66,4.05,5.34,,,2026-07-28T05:48:14.880297+00:00
9449,ger.1,29/11/2025,Werder Bremen,FC Koln,Pinnacle,2.28,3.9,2.96,,,2026-07-28T05:48:14.880302+00:00
9450,ger.1,29/11/2025,Leverkusen,Dortmund,Pinnacle,2.54,3.77,2.67,,,2026-07-28T05:48:14.880309+00:00
9451,ger.1,30/11/2025,Hamburg,Stuttgart,Pinnacle,3.17,3.76,2.21,,,2026-07-28T05:48:14.880314+00:00
9452,ger.1,30/11/2025,Ein Frankfurt,Wolfsburg,Pinnacle,1.75,4.28,4.33,,,2026-07-28T05:48:14.880324+00:00
9453,ger.1,30/11/2025,Freiburg,Mainz,Pinnacle,1.93,3.55,4.27,,,2026-07-28T05:48:14.880329+00:00
9454,ger.1,05/12/2025,Mainz,M'gladbach,Pinnacle,2.68,3.55,2.69,,,2026-07-28T05:48:14.880333+00:00
9455,ger.1,06/12/2025,Augsburg,Leverkusen,Pinnacle,3.82,3.94,1.93,,,2026-07-28T05:48:14.880345+00:00
9456,ger.1,06/12/2025,FC Koln,St Pauli,Pinnacle,1.99,3.69,3.82,,,2026-07-28T05:48:14.880350+00:00
9457,ger.1,06/12/2025,Heidenheim,Freiburg,Pinnacle,4.03,3.65,1.95,,,2026-07-28T05:48:14.880354+00:00
9458,ger.1,06/12/2025,Stuttgart,Bayern Munich,Pinnacle,5.4,5.21,1.51,,,2026-07-28T05:48:14.880359+00:00
9459,ger.1,06/12/2025,Wolfsburg,Union Berlin,Pinnacle,2.17,3.44,3.53,,,2026-07-28T05:48:14.880364+00:00
9460,ger.1,06/12/2025,RB Leipzig,Ein Frankfurt,Pinnacle,1.79,4.24,4.13,,,2026-07-28T05:48:14.880368+00:00
9461,ger.1,07/12/2025,Hamburg,Werder Bremen,Pinnacle,2.36,3.62,3.0,,,2026-07-28T05:48:14.880373+00:00
9462,ger.1,07/12/2025,Dortmund,Hoffenheim,Pinnacle,1.63,4.55,4.89,,,2026-07-28T05:48:14.880378+00:00
9463,ger.1,12/12/2025,Union Berlin,RB Leipzig,Pinnacle,3.27,3.47,2.31,,,2026-07-28T05:48:14.880382+00:00
9464,ger.1,13/12/2025,Ein Frankfurt,Augsburg,Pinnacle,1.72,4.27,4.51,,,2026-07-28T05:48:14.880388+00:00
9465,ger.1,13/12/2025,Hoffenheim,Hamburg,Pinnacle,1.72,4.33,4.47,,,2026-07-28T05:48:14.880393+00:00
9466,ger.1,13/12/2025,M'gladbach,Wolfsburg,Pinnacle,1.98,3.85,3.69,,,2026-07-28T05:48:14.880398+00:00
9467,ger.1,13/12/2025,St Pauli,Heidenheim,Pinnacle,1.98,3.45,4.18,,,2026-07-28T05:48:14.880402+00:00
9468,ger.1,13/12/2025,Leverkusen,FC Koln,Pinnacle,1.57,4.68,5.33,,,2026-07-28T05:48:14.880407+00:00
9469,ger.1,14/12/2025,Freiburg,Dortmund,Pinnacle,3.32,3.59,2.2,,,2026-07-28T05:48:14.880411+00:00
9470,ger.1,14/12/2025,Bayern Munich,Mainz,Pinnacle,1.09,12.74,21.79,,,2026-07-28T05:48:14.880416+00:00
9471,ger.1,14/12/2025,Werder Bremen,Stuttgart,Pinnacle,2.91,3.92,2.3,,,2026-07-28T05:48:14.880421+00:00
9472,ger.1,19/12/2025,Dortmund,M'gladbach,Pinnacle,1.56,4.56,5.68,,,2026-07-28T05:48:14.880425+00:00
9473,ger.1,20/12/2025,Augsburg,Werder Bremen,Pinnacle,2.28,3.56,3.19,,,2026-07-28T05:48:14.880430+00:00
9474,ger.1,20/12/2025,FC Koln,Union Berlin,Pinnacle,2.37,3.4,3.15,,,2026-07-28T05:48:14.880435+00:00
9475,ger.1,20/12/2025,Hamburg,Ein Frankfurt,Pinnacle,2.71,3.55,2.51,,,2026-07-28T05:48:14.880441+00:00
9476,ger.1,20/12/2025,Stuttgart,Hoffenheim,Pinnacle,2.07,3.86,3.42,,,2026-07-28T05:48:14.880447+00:00
9477,ger.1,20/12/2025,Wolfsburg,Freiburg,Pinnacle,2.57,3.55,2.76,,,2026-07-28T05:48:14.880454+00:00
9478,ger.1,20/12/2025,RB Leipzig,Leverkusen,Pinnacle,2.15,3.8,3.28,,,2026-07-28T05:48:14.880459+00:00
9479,ger.1,21/12/2025,Mainz,St Pauli,Pinnacle,1.98,3.5,4.11,,,2026-07-28T05:48:14.880464+00:00
9480,ger.1,21/12/2025,Heidenheim,Bayern Munich,Pinnacle,17.17,10.24,1.13,,,2026-07-28T05:48:14.880471+00:00
9481,ger.1,09/01/2026,Ein Frankfurt,Dortmund,Pinnacle,3.62,3.85,2.03,,,2026-07-28T05:48:14.880476+00:00
9482,ger.1,10/01/2026,Freiburg,Hamburg,Pinnacle,1.81,3.56,4.95,,,2026-07-28T05:48:14.880481+00:00
9483,ger.1,10/01/2026,Heidenheim,FC Koln,Pinnacle,2.95,3.58,2.41,,,2026-07-28T05:48:14.880486+00:00
9484,ger.1,10/01/2026,Union Berlin,Mainz,Pinnacle,2.14,3.2,3.92,,,2026-07-28T05:48:14.880491+00:00
9485,ger.1,10/01/2026,Leverkusen,Stuttgart,Pinnacle,1.95,4.05,3.63,,,2026-07-28T05:48:14.880496+00:00
9486,ger.1,11/01/2026,M'gladbach,Augsburg,Pinnacle,1.93,3.73,4.04,,,2026-07-28T05:48:14.880500+00:00
9487,ger.1,11/01/2026,Bayern Munich,Wolfsburg,Pinnacle,1.1,12.15,18.99,,,2026-07-28T05:48:14.880505+00:00
9488,ger.1,13/01/2026,Stuttgart,Ein Frankfurt,Pinnacle,1.81,4.01,4.25,,,2026-07-28T05:48:14.880510+00:00
9489,ger.1,13/01/2026,Dortmund,Werder Bremen,Pinnacle,1.36,5.64,7.94,,,2026-07-28T05:48:14.880514+00:00
9490,ger.1,13/01/2026,Mainz,Heidenheim,Pinnacle,1.67,3.85,5.58,,,2026-07-28T05:48:14.880521+00:00
9491,ger.1,14/01/2026,Wolfsburg,St Pauli,Pinnacle,1.9,3.75,4.14,,,2026-07-28T05:48:14.880526+00:00
9492,ger.1,14/01/2026,FC Koln,Bayern Munich,Pinnacle,9.41,6.82,1.26,,,2026-07-28T05:48:14.880531+00:00
9493,ger.1,14/01/2026,Hoffenheim,M'gladbach,Pinnacle,1.85,4.05,4.05,,,2026-07-28T05:48:14.880537+00:00
9494,ger.1,14/01/2026,RB Leipzig,Freiburg,Pinnacle,1.72,4.16,4.63,,,2026-07-28T05:48:14.880542+00:00
9495,ger.1,15/01/2026,Augsburg,Union Berlin,Pinnacle,2.63,3.26,2.89,,,2026-07-28T05:48:14.880546+00:00
9496,fra.1,15/08/2025,Rennes,Marseille,Pinnacle,3.64,3.58,2.11,,,2026-07-28T05:48:20.132470+00:00
9497,fra.1,16/08/2025,Lens,Lyon,Pinnacle,2.35,3.63,3.02,,,2026-07-28T05:48:20.133553+00:00
9498,fra.1,16/08/2025,Monaco,Le Havre,Pinnacle,1.34,5.61,8.59,,,2026-07-28T05:48:20.133575+00:00
9499,fra.1,16/08/2025,Nice,Toulouse,Pinnacle,2.12,3.45,3.69,,,2026-07-28T05:48:20.133583+00:00
9500,fra.1,17/08/2025,Brest,Lille,Pinnacle,3.36,3.48,2.23,,,2026-07-28T05:48:20.133589+00:00
9501,fra.1,17/08/2025,Angers,Paris FC,Pinnacle,2.75,3.17,2.83,,,2026-07-28T05:48:20.133597+00:00
9502,fra.1,17/08/2025,Auxerre,Lorient,Pinnacle,2.4,3.46,3.06,,,2026-07-28T05:48:20.133603+00:00
9503,fra.1,17/08/2025,Metz,Strasbourg,Pinnacle,3.23,3.48,2.29,,,2026-07-28T05:48:20.133613+00:00
9504,fra.1,17/08/2025,Nantes,Paris SG,Pinnacle,8.26,5.72,1.35,,,2026-07-28T05:48:20.133619+00:00
9505,fra.1,22/08/2025,Paris SG,Angers,Pinnacle,1.09,12.5,27.0,,,2026-07-28T05:48:20.133624+00:00
9506,fra.1,23/08/2025,Marseille,Paris FC,Pinnacle,1.39,5.14,8.08,,,2026-07-28T05:48:20.133636+00:00
9507,fra.1,23/08/2025,Nice,Auxerre,Pinnacle,1.68,4.12,4.98,,,2026-07-28T05:48:20.133642+00:00
9508,fra.1,23/08/2025,Lyon,Metz,Pinnacle,1.4,5.19,7.54,,,2026-07-28T05:48:20.133647+00:00
9509,fra.1,24/08/2025,Lorient,Rennes,Pinnacle,2.84,3.3,2.64,,,2026-07-28T05:48:20.133652+00:00
9510,fra.1,24/08/2025,Le Havre,Lens,Pinnacle,3.99,3.66,1.95,,,2026-07-28T05:48:20.133657+00:00
9511,fra.1,24/08/2025,Strasbourg,Nantes,Pinnacle,1.78,3.65,4.98,,,2026-07-28T05:48:20.133662+00:00
9512,fra.1,24/08/2025,Toulouse,Brest,Pinnacle,2.11,3.57,3.57,,,2026-07-28T05:48:20.133668+00:00
9513,fra.1,24/08/2025,Lille,Monaco,Pinnacle,3.11,3.64,2.29,,,2026-07-28T05:48:20.133673+00:00
9514,fra.1,29/08/2025,Lens,Brest,Pinnacle,1.88,3.83,4.24,,,2026-07-28T05:48:20.133679+00:00
9515,fra.1,30/08/2025,Lorient,Lille,Pinnacle,3.44,3.62,2.14,,,2026-07-28T05:48:20.133691+00:00
9516,fra.1,30/08/2025,Nantes,Auxerre,Pinnacle,2.33,3.27,3.34,,,2026-07-28T05:48:20.133702+00:00
9517,fra.1,30/08/2025,Toulouse,Paris SG,Pinnacle,8.47,5.48,1.36,,,2026-07-28T05:48:20.133706+00:00
9518,fra.1,31/08/2025,Angers,Rennes,Pinnacle,3.47,3.53,2.16,,,2026-07-28T05:48:20.133711+00:00
9519,fra.1,31/08/2025,Le Havre,Nice,Pinnacle,3.64,3.59,2.08,,,2026-07-28T05:48:20.133738+00:00
9520,fra.1,31/08/2025,Monaco,Strasbourg,Pinnacle,1.56,4.56,5.64,,,2026-07-28T05:48:20.133748+00:00
9521,fra.1,31/08/2025,Paris FC,Metz,Pinnacle,1.84,3.76,4.43,,,2026-07-28T05:48:20.133753+00:00
9522,fra.1,31/08/2025,Lyon,Marseille,Pinnacle,2.74,3.75,2.49,,,2026-07-28T05:48:20.133758+00:00
9523,fra.1,12/09/2025,Marseille,Lorient,Pinnacle,1.39,5.55,7.44,,,2026-07-28T05:48:20.133765+00:00
9524,fra.1,13/09/2025,Nice,Nantes,Pinnacle,1.71,3.89,5.1,,,2026-07-28T05:48:20.133770+00:00
9525,fra.1,13/09/2025,Auxerre,Monaco,Pinnacle,5.17,4.55,1.6,,,2026-07-28T05:48:20.133775+00:00
9526,fra.1,14/09/2025,Lille,Toulouse,Pinnacle,1.78,4.01,4.43,,,2026-07-28T05:48:20.133780+00:00
9527,fra.1,14/09/2025,Brest,Paris FC,Pinnacle,2.31,3.66,3.05,,,2026-07-28T05:48:20.133784+00:00
9528,fra.1,14/09/2025,Metz,Angers,Pinnacle,2.35,3.32,3.26,,,2026-07-28T05:48:20.133789+00:00
9529,fra.1,14/09/2025,Paris SG,Lens,Pinnacle,1.33,5.97,8.28,,,2026-07-28T05:48:20.133794+00:00
9530,fra.1,14/09/2025,Strasbourg,Le Havre,Pinnacle,1.64,4.27,5.15,,,2026-07-28T05:48:20.133799+00:00
9531,fra.1,14/09/2025,Rennes,Lyon,Pinnacle,2.71,3.61,2.58,,,2026-07-28T05:48:20.133804+00:00
9532,fra.1,19/09/2025,Lyon,Angers,Pinnacle,1.47,4.63,6.93,,,2026-07-28T05:48:20.133808+00:00
9533,fra.1,20/09/2025,Nantes,Rennes,Pinnacle,3.69,3.47,2.11,,,2026-07-28T05:48:20.133813+00:00
9534,fra.1,20/09/2025,Brest,Nice,Pinnacle,2.75,3.59,2.56,,,2026-07-28T05:48:20.133818+00:00
9535,fra.1,20/09/2025,Lens,Lille,Pinnacle,2.4,3.49,3.02,,,2026-07-28T05:48:20.133823+00:00
9536,fra.1,21/09/2025,Paris FC,Strasbourg,Pinnacle,2.45,3.44,3.0,,,2026-07-28T05:48:20.133827+00:00
9537,fra.1,21/09/2025,Auxerre,Toulouse,Pinnacle,2.79,3.27,2.72,,,2026-07-28T05:48:20.133835+00:00
9538,fra.1,21/09/2025,Le Havre,Lorient,Pinnacle,2.31,3.49,3.18,,,2026-07-28T05:48:20.133840+00:00
9539,fra.1,21/09/2025,Monaco,Metz,Pinnacle,1.27,6.55,9.38,,,2026-07-28T05:48:20.133847+00:00
9540,fra.1,22/09/2025,Marseille,Paris SG,Pinnacle,3.73,3.98,1.94,,,2026-07-28T05:48:20.133855+00:00
9541,fra.1,26/09/2025,Strasbourg,Marseille,Pinnacle,3.76,3.78,2.01,,,2026-07-28T05:48:20.133866+00:00
9542,fra.1,27/09/2025,Lorient,Monaco,Pinnacle,5.28,4.36,1.62,,,2026-07-28T05:48:20.133874+00:00
9543,fra.1,27/09/2025,Toulouse,Nantes,Pinnacle,1.7,3.8,5.4,,,2026-07-28T05:48:20.133879+00:00
9544,fra.1,27/09/2025,Paris SG,Auxerre,Pinnacle,1.16,9.23,14.84,,,2026-07-28T05:48:20.133884+00:00
9545,fra.1,28/09/2025,Nice,Paris FC,Pinnacle,1.88,3.99,3.96,,,2026-07-28T05:48:20.133889+00:00
9546,fra.1,28/09/2025,Angers,Brest,Pinnacle,3.08,3.43,2.4,,,2026-07-28T05:48:20.133894+00:00
9547,fra.1,28/09/2025,Lille,Lyon,Pinnacle,2.26,3.49,3.28,,,2026-07-28T05:48:20.133899+00:00
9548,fra.1,28/09/2025,Metz,Le Havre,Pinnacle,2.67,3.46,2.7,,,2026-07-28T05:48:20.133903+00:00
9549,fra.1,28/09/2025,Rennes,Lens,Pinnacle,2.54,3.59,2.77,,,2026-07-28T05:48:20.133909+00:00
9550,fra.1,03/10/2025,Paris FC,Lorient,Pinnacle,1.78,3.98,4.52,,,2026-07-28T05:48:20.133914+00:00
9551,fra.1,04/10/2025,Metz,Marseille,Pinnacle,6.24,4.71,1.5,,,2026-07-28T05:48:20.133919+00:00
9552,fra.1,04/10/2025,Brest,Nantes,Pinnacle,1.88,3.76,4.23,,,2026-07-28T05:48:20.133923+00:00
9553,fra.1,04/10/2025,Auxerre,Lens,Pinnacle,3.79,3.87,1.95,,,2026-07-28T05:48:20.133928+00:00
9554,fra.1,05/10/2025,Lyon,Toulouse,Pinnacle,1.95,3.81,3.83,,,2026-07-28T05:48:20.133933+00:00
9555,fra.1,05/10/2025,Le Havre,Rennes,Pinnacle,3.08,3.33,2.45,,,2026-07-28T05:48:20.133937+00:00
9556,fra.1,05/10/2025,Monaco,Nice,Pinnacle,1.96,3.77,3.86,,,2026-07-28T05:48:20.133942+00:00
9557,fra.1,05/10/2025,Strasbourg,Angers,Pinnacle,1.71,3.9,5.12,,,2026-07-28T05:48:20.133948+00:00
9558,fra.1,05/10/2025,Lille,Paris SG,Pinnacle,4.47,3.99,1.78,,,2026-07-28T05:48:20.133956+00:00
9559,fra.1,17/10/2025,Paris SG,Strasbourg,Pinnacle,1.31,5.83,9.84,,,2026-07-28T05:48:20.133963+00:00
9560,fra.1,18/10/2025,Nice,Lyon,Pinnacle,2.54,3.54,2.81,,,2026-07-28T05:48:20.133970+00:00
9561,fra.1,18/10/2025,Angers,Monaco,Pinnacle,5.31,4.23,1.63,,,2026-07-28T05:48:20.133977+00:00
9562,fra.1,18/10/2025,Marseille,Le Havre,Pinnacle,1.33,5.87,8.66,,,2026-07-28T05:48:20.133982+00:00
9563,fra.1,19/10/2025,Lens,Paris FC,Pinnacle,1.89,3.9,4.0,,,2026-07-28T05:48:20.133990+00:00
9564,fra.1,19/10/2025,Lorient,Brest,Pinnacle,2.55,3.55,2.79,,,2026-07-28T05:48:20.133995+00:00
9565,fra.1,19/10/2025,Rennes,Auxerre,Pinnacle,1.8,3.84,4.53,,,2026-07-28T05:48:20.133999+00:00
9566,fra.1,19/10/2025,Toulouse,Metz,Pinnacle,1.61,4.12,5.71,,,2026-07-28T05:48:20.134004+00:00
9567,fra.1,19/10/2025,Nantes,Lille,Pinnacle,4.54,3.86,1.79,,,2026-07-28T05:48:20.134008+00:00
9568,fra.1,24/10/2025,Paris FC,Nantes,Pinnacle,1.67,4.1,5.31,,,2026-07-28T05:48:20.134013+00:00
9569,fra.1,25/10/2025,Brest,Paris SG,Pinnacle,8.88,5.61,1.34,,,2026-07-28T05:48:20.134018+00:00
9570,fra.1,25/10/2025,Monaco,Toulouse,Pinnacle,1.87,4.03,3.96,,,2026-07-28T05:48:20.134022+00:00
9571,fra.1,25/10/2025,Lens,Marseille,Pinnacle,2.82,3.61,2.49,,,2026-07-28T05:48:20.134027+00:00
9572,fra.1,26/10/2025,Lille,Metz,Pinnacle,1.33,5.55,9.34,,,2026-07-28T05:48:20.134032+00:00
9573,fra.1,26/10/2025,Angers,Lorient,Pinnacle,2.63,3.19,2.94,,,2026-07-28T05:48:20.134036+00:00
9574,fra.1,26/10/2025,Auxerre,Le Havre,Pinnacle,2.16,3.45,3.56,,,2026-07-28T05:48:20.134042+00:00
9575,fra.1,26/10/2025,Rennes,Nice,Pinnacle,2.2,3.64,3.28,,,2026-07-28T05:48:20.134047+00:00
9576,fra.1,26/10/2025,Lyon,Strasbourg,Pinnacle,2.11,3.75,3.41,,,2026-07-28T05:48:20.134052+00:00
9577,fra.1,29/10/2025,Le Havre,Brest,Pinnacle,2.56,3.38,2.89,,,2026-07-28T05:48:20.134057+00:00
9578,fra.1,29/10/2025,Lorient,Paris SG,Pinnacle,10.79,6.39,1.26,,,2026-07-28T05:48:20.134062+00:00
9579,fra.1,29/10/2025,Metz,Lens,Pinnacle,6.36,4.56,1.51,,,2026-07-28T05:48:20.134066+00:00
9580,fra.1,29/10/2025,Nice,Lille,Pinnacle,3.07,3.52,2.36,,,2026-07-28T05:48:20.134071+00:00
9581,fra.1,29/10/2025,Marseille,Angers,Pinnacle,1.22,6.86,12.64,,,2026-07-28T05:48:20.134077+00:00
9582,fra.1,29/10/2025,Nantes,Monaco,Pinnacle,4.97,4.0,1.71,,,2026-07-28T05:48:20.134082+00:00
9583,fra.1,29/10/2025,Paris FC,Lyon,Pinnacle,2.7,3.61,2.59,,,2026-07-28T05:48:20.134087+00:00
9584,fra.1,29/10/2025,Strasbourg,Auxerre,Pinnacle,1.76,4.03,4.56,,,2026-07-28T05:48:20.134092+00:00
9585,fra.1,29/10/2025,Toulouse,Rennes,Pinnacle,2.21,3.53,3.36,,,2026-07-28T05:48:20.134098+00:00
9586,fra.1,01/11/2025,Paris SG,Nice,Pinnacle,1.26,6.72,10.13,,,2026-07-28T05:48:20.134104+00:00
9587,fra.1,01/11/2025,Monaco,Paris FC,Pinnacle,1.68,4.49,4.56,,,2026-07-28T05:48:20.134109+00:00
9588,fra.1,01/11/2025,Auxerre,Marseille,Pinnacle,4.95,4.15,1.68,,,2026-07-28T05:48:20.134114+00:00
9589,fra.1,02/11/2025,Rennes,Strasbourg,Pinnacle,2.35,3.68,2.98,,,2026-07-28T05:48:20.134118+00:00
9590,fra.1,02/11/2025,Lens,Lorient,Pinnacle,1.48,4.55,7.01,,,2026-07-28T05:48:20.134131+00:00
9591,fra.1,02/11/2025,Lille,Angers,Pinnacle,1.28,5.98,11.29,,,2026-07-28T05:48:20.134136+00:00
9592,fra.1,02/11/2025,Nantes,Metz,Pinnacle,1.92,3.73,4.07,,,2026-07-28T05:48:20.134141+00:00
9593,fra.1,02/11/2025,Toulouse,Le Havre,Pinnacle,1.78,3.74,4.82,,,2026-07-28T05:48:20.134146+00:00
9594,fra.1,02/11/2025,Brest,Lyon,Pinnacle,3.16,3.54,2.3,,,2026-07-28T05:48:20.134151+00:00
9595,fra.1,07/11/2025,Paris FC,Rennes,Pinnacle,2.27,3.61,3.22,,,2026-07-28T05:48:20.134155+00:00
9596,fra.1,08/11/2025,Marseille,Brest,Pinnacle,1.47,4.67,6.94,,,2026-07-28T05:48:20.134160+00:00
9597,fra.1,08/11/2025,Le Havre,Nantes,Pinnacle,1.91,3.43,4.56,,,2026-07-28T05:48:20.134166+00:00
9598,fra.1,08/11/2025,Monaco,Lens,Pinnacle,2.1,3.85,3.35,,,2026-07-28T05:48:20.134171+00:00
9599,fra.1,09/11/2025,Lorient,Toulouse,Pinnacle,2.99,3.32,2.51,,,2026-07-28T05:48:20.134178+00:00
9600,fra.1,09/11/2025,Angers,Auxerre,Pinnacle,2.62,3.18,2.97,,,2026-07-28T05:48:20.134183+00:00
9601,fra.1,09/11/2025,Metz,Nice,Pinnacle,3.35,3.73,2.14,,,2026-07-28T05:48:20.134188+00:00
9602,fra.1,09/11/2025,Strasbourg,Lille,Pinnacle,2.68,3.71,2.56,,,2026-07-28T05:48:20.134194+00:00
9603,fra.1,09/11/2025,Lyon,Paris SG,Pinnacle,4.22,4.0,1.82,,,2026-07-28T05:48:20.134198+00:00
9604,fra.1,21/11/2025,Nice,Marseille,Pinnacle,3.92,3.7,1.96,,,2026-07-28T05:48:20.134203+00:00
9605,fra.1,22/11/2025,Lens,Strasbourg,Pinnacle,2.1,3.71,3.48,,,2026-07-28T05:48:20.134208+00:00
9606,fra.1,22/11/2025,Rennes,Monaco,Pinnacle,2.71,3.8,2.49,,,2026-07-28T05:48:20.134213+00:00
9607,fra.1,22/11/2025,Paris SG,Le Havre,Pinnacle,1.16,9.07,14.62,,,2026-07-28T05:48:20.134218+00:00
9608,fra.1,23/11/2025,Auxerre,Lyon,Pinnacle,3.86,3.53,2.03,,,2026-07-28T05:48:20.134222+00:00
9609,fra.1,23/11/2025,Brest,Metz,Pinnacle,1.85,3.81,4.3,,,2026-07-28T05:48:20.134227+00:00
9610,fra.1,23/11/2025,Nantes,Lorient,Pinnacle,2.65,3.49,2.71,,,2026-07-28T05:48:20.134233+00:00
9611,fra.1,23/11/2025,Toulouse,Angers,Pinnacle,1.62,3.97,5.96,,,2026-07-28T05:48:20.134245+00:00
9612,fra.1,23/11/2025,Lille,Paris FC,Pinnacle,1.62,4.34,5.28,,,2026-07-28T05:48:20.134250+00:00
9613,fra.1,28/11/2025,Metz,Rennes,Pinnacle,4.0,3.97,1.89,,,2026-07-28T05:48:20.134255+00:00
9614,fra.1,29/11/2025,Monaco,Paris SG,Pinnacle,5.1,4.59,1.6,,,2026-07-28T05:48:20.134260+00:00
9615,fra.1,29/11/2025,Paris FC,Auxerre,Pinnacle,1.82,3.81,4.49,,,2026-07-28T05:48:20.134264+00:00
9616,fra.1,29/11/2025,Marseille,Toulouse,Pinnacle,1.62,4.17,5.51,,,2026-07-28T05:48:20.134269+00:00
9617,fra.1,30/11/2025,Strasbourg,Brest,Pinnacle,1.83,3.83,4.4,,,2026-07-28T05:48:20.134274+00:00
9618,fra.1,30/11/2025,Angers,Lens,Pinnacle,4.78,3.88,1.76,,,2026-07-28T05:48:20.134280+00:00
9619,fra.1,30/11/2025,Le Havre,Lille,Pinnacle,4.31,3.7,1.88,,,2026-07-28T05:48:20.134285+00:00
9620,fra.1,30/11/2025,Lorient,Nice,Pinnacle,2.45,3.38,3.03,,,2026-07-28T05:48:20.134289+00:00
9621,fra.1,30/11/2025,Lyon,Nantes,Pinnacle,1.45,4.83,7.17,,,2026-07-28T05:48:20.134294+00:00
9622,fra.1,05/12/2025,Brest,Monaco,Pinnacle,3.45,3.94,2.06,,,2026-07-28T05:48:20.134299+00:00
9623,fra.1,05/12/2025,Lille,Marseille,Pinnacle,2.39,3.58,3.03,,,2026-07-28T05:48:20.134305+00:00
9624,fra.1,06/12/2025,Nantes,Lens,Pinnacle,4.98,4.09,1.69,,,2026-07-28T05:48:20.134311+00:00
9625,fra.1,06/12/2025,Toulouse,Strasbourg,Pinnacle,2.58,3.42,2.83,,,2026-07-28T05:48:20.134316+00:00
9626,fra.1,06/12/2025,Paris SG,Rennes,Pinnacle,1.31,6.21,8.64,,,2026-07-28T05:48:20.134321+00:00
9627,fra.1,07/12/2025,Nice,Angers,Pinnacle,2.02,3.62,3.79,,,2026-07-28T05:48:20.134327+00:00
9628,fra.1,07/12/2025,Auxerre,Metz,Pinnacle,2.01,3.52,3.96,,,2026-07-28T05:48:20.134332+00:00
9629,fra.1,07/12/2025,Le Havre,Paris FC,Pinnacle,2.72,3.3,2.76,,,2026-07-28T05:48:20.134340+00:00
9630,fra.1,07/12/2025,Lorient,Lyon,Pinnacle,3.32,3.58,2.21,,,2026-07-28T05:48:20.134349+00:00
9631,fra.1,12/12/2025,Angers,Nantes,Pinnacle,2.19,3.27,3.77,,,2026-07-28T05:48:20.134354+00:00
9632,fra.1,13/12/2025,Rennes,Brest,Pinnacle,1.84,3.93,4.2,,,2026-07-28T05:48:20.134359+00:00
9633,fra.1,13/12/2025,Metz,Paris SG,Pinnacle,10.74,6.84,1.24,,,2026-07-28T05:48:20.134364+00:00
9634,fra.1,13/12/2025,Paris FC,Toulouse,Pinnacle,2.48,3.31,3.05,,,2026-07-28T05:48:20.134369+00:00
9635,fra.1,14/12/2025,Lyon,Le Havre,Pinnacle,1.6,4.12,5.85,,,2026-07-28T05:48:20.134373+00:00
9636,fra.1,14/12/2025,Auxerre,Lille,Pinnacle,4.46,3.76,1.83,,,2026-07-28T05:48:20.134378+00:00
9637,fra.1,14/12/2025,Lens,Nice,Pinnacle,1.49,4.72,6.49,,,2026-07-28T05:48:20.134383+00:00
9638,fra.1,14/12/2025,Strasbourg,Lorient,Pinnacle,1.75,3.96,4.72,,,2026-07-28T05:48:20.134388+00:00
9639,fra.1,14/12/2025,Marseille,Monaco,Pinnacle,1.93,3.93,3.81,,,2026-07-28T05:48:20.134394+00:00
9640,fra.1,02/01/2026,Toulouse,Lens,Pinnacle,2.64,3.35,2.86,,,2026-07-28T05:48:20.134405+00:00
9641,fra.1,03/01/2026,Monaco,Lyon,Pinnacle,2.09,3.89,3.36,,,2026-07-28T05:48:20.134415+00:00
9642,fra.1,03/01/2026,Nice,Strasbourg,Pinnacle,2.72,3.53,2.61,,,2026-07-28T05:48:20.134421+00:00
9643,fra.1,03/01/2026,Lille,Rennes,Pinnacle,1.89,3.67,4.27,,,2026-07-28T05:48:20.134425+00:00
9644,fra.1,04/01/2026,Marseille,Nantes,Pinnacle,1.23,6.8,11.54,,,2026-07-28T05:48:20.134430+00:00
9645,fra.1,04/01/2026,Brest,Auxerre,Pinnacle,1.96,3.33,4.47,,,2026-07-28T05:48:20.134435+00:00
9646,fra.1,04/01/2026,Le Havre,Angers,Pinnacle,2.08,3.38,3.87,,,2026-07-28T05:48:20.134439+00:00
9647,fra.1,04/01/2026,Lorient,Metz,Pinnacle,1.81,3.83,4.51,,,2026-07-28T05:48:20.134445+00:00
9648,fra.1,04/01/2026,Paris SG,Paris FC,Pinnacle,1.21,6.53,16.75,,,2026-07-28T05:48:20.134451+00:00
