player_id,espn_id,full_name,short_name,jersey_number,position,position_group,date_of_birth,age,height_cm,weight_kg,nationality,preferred_foot,current_team_id,created_at,updated_at,fc26_official_ea_id,fc26_official_ovr
1,321064,Noah Atubolu,N. Atubolu,1,G,,,,,,,,126,2026-08-12 10:06:22,2026-08-12 10:09:56,262659,
2,219316,Philipp Lienhart,P. Lienhart,3,CD-L,,,,,,,,126,2026-08-12 10:06:22,2026-08-12 10:09:43,231366,79
3,170209,Matthias Ginter,M. Ginter,28,CD-R,,,,,,,,126,2026-08-12 10:06:22,2026-08-12 10:09:56,207862,82
4,364596,Philipp Treu,P. Treu,29,RB,,,,,,,,126,2026-08-12 10:06:22,2026-08-12 10:09:43,262666,
5,171701,Lukas Kübler,L. Kübler,17,SUB,,,,,,,,126,2026-08-12 10:06:22,2026-08-12 10:09:43,208335,
6,386992,Johan Manzambi,J. Manzambi,44,AM,,,,,,,,126,2026-08-12 10:06:22,2026-08-12 10:09:56,276694,
7,149570,Nicolas Höfler,N. Höfler,27,SUB,,,,,,,,126,2026-08-12 10:06:22,2026-08-12 10:09:56,199897,
8,214203,Maximilian Eggestein,M. Eggestein,8,RM,,,,,,,,126,2026-08-12 10:06:22,2026-08-12 10:09:56,226168,
9,310883,Igor Matanovic,I. Matanovic,31,F,,,,,,,,126,2026-08-12 10:06:22,2026-08-12 10:09:56,259750,
10,179571,Vincenzo Grifo,V. Grifo,32,AM-L,,,,,,,,126,2026-08-12 10:06:22,2026-08-12 10:09:56,212096,80
11,231190,Niklas Beste,N. Beste,19,AM-R,,,,,,,,126,2026-08-12 10:06:22,2026-08-12 10:09:56,240451,
12,122292,Florian Müller,F. Müller,21,SUB,,,,,,,,126,2026-08-12 10:06:22,2026-08-12 10:09:56,234833,
13,169753,Anthony Jung,A. Jung,5,SUB,,,,,,,,126,2026-08-12 10:06:22,2026-08-12 10:09:56,207897,
14,390031,Cyriaque Irié,C. Irié,22,SUB,,,,,,,,126,2026-08-12 10:06:22,2026-08-12 10:09:56,74431,
15,291203,Patrick Osterhage,P. Osterhage,6,LM,,,,,,,,126,2026-08-12 10:06:22,2026-08-12 10:09:56,250931,
16,387474,Ifechukwu Ogbus,I. Ogbus,43,RB,,,,,,,,126,2026-08-12 10:06:22,2026-08-12 10:09:56,279045,
17,238525,Lucas Höler,L. Höler,9,SUB,,,,,,,,126,2026-08-12 10:06:22,2026-08-12 10:09:56,234875,
18,224246,Jannik Huth,J. Huth,24,SUB,,,,,,,,126,2026-08-12 10:06:22,2026-08-12 10:09:43,229692,
19,367557,Max Rosenfelder,M. Rosenfelder,37,CD-L,,,,,,,,126,2026-08-12 10:06:22,2026-08-12 10:09:56,263022,
20,346619,Derry Scherhant,D. Scherhant,7,SUB,,,,,,,,126,2026-08-12 10:06:22,2026-08-12 10:09:56,269705,
21,202802,Maximilian Philipp,M. Philipp,26,SUB,,,,,,,,126,2026-08-12 10:06:22,2026-08-12 10:09:43,216497,
22,367558,Jordy Makengo,J. Makengo,33,SUB,,,,,,,,126,2026-08-12 10:06:22,2026-08-12 10:09:56,262668,
23,174618,Christian Günter,C. Günter,30,LB,,,,,,,,126,2026-08-12 10:06:22,2026-08-12 10:09:56,209846,
24,158626,Emiliano Martínez,E. Martínez,23,G,,,,,,,,362,2026-08-12 10:06:22,2026-08-12 10:09:55,202811,85
25,251100,Pau Torres,P. Torres,14,SUB,,,,,,,,362,2026-08-12 10:06:22,2026-08-12 10:10:28,241464,
26,231859,Ezri Konsa,E. Konsa,4,SUB,,,,,,,,362,2026-08-12 10:06:22,2026-08-12 10:10:28,227678,82
27,160115,Lucas Digne,L. Digne,12,LB,,,,,,,,362,2026-08-12 10:06:22,2026-08-12 10:10:28,200458,80
28,234698,Matty Cash,M. Cash,2,RB,,,,,,,,362,2026-08-12 10:06:22,2026-08-12 10:10:28,227174,79
29,265653,Morgan Rogers,M. Rogers,27,AM,,,,,,,,362,2026-08-12 10:06:22,2026-08-12 10:10:28,260247,82
30,193297,Youri Tielemans,Y. Tielemans,8,LM,,,,,,,,362,2026-08-12 10:06:22,2026-08-12 10:10:28,216393,85
31,204679,Victor Lindelöf,V. Lindelöf,3,CD-R,,,,,,,,362,2026-08-12 10:06:22,2026-08-12 10:10:28,221660,
32,198825,Ollie Watkins,O. Watkins,11,F,,,,,,,,362,2026-08-12 10:06:22,2026-08-12 10:10:28,221697,84
33,214375,Emiliano Buendía,E. Buendía,10,AM-L,,,,,,,,362,2026-08-12 10:06:22,2026-08-12 10:10:28,226162,77
34,162843,John McGinn,J. McGinn,7,AM-R,,,,,,,,362,2026-08-12 10:06:22,2026-08-12 10:09:55,210881,81
35,356080,Andrés García,A. García,16,SUB,,,,,,,,362,2026-08-12 10:06:22,2026-08-12 10:10:28,275468,73
36,259836,Jadon Sancho,J. Sancho,19,AM-R,,,,,,,,362,2026-08-12 10:06:22,2026-08-12 10:10:28,233049,80
37,236209,Tammy Abraham,T. Abraham,18,SUB,,,,,,,,362,2026-08-12 10:06:22,2026-08-12 10:09:55,231352,77
38,132233,Marco Bizot,M. Bizot,40,G,,,,,,,,362,2026-08-12 10:06:22,2026-08-12 10:10:28,200110,78
39,304799,Amadou Onana,A. Onana,24,SUB,,,,,,,,362,2026-08-12 10:06:22,2026-08-12 10:10:28,257057,79
40,281125,Ian Maatsen,I. Maatsen,22,SUB,,,,,,,,362,2026-08-12 10:06:22,2026-08-12 10:10:28,248465,79
41,181312,Tyrone Mings,T. Mings,5,CD-L,,,,,,,,362,2026-08-12 10:06:22,2026-08-12 10:10:28,212419,78
42,310607,Lamare Bogarde,L. Bogarde,26,RM,,,,,,,,362,2026-08-12 10:06:22,2026-08-12 10:10:28,264209,71
43,320074,Douglas Luiz,D. Luiz,21,SUB,,,,,,,,362,2026-08-12 10:06:22,2026-08-12 10:09:55,236499,
44,235319,James Wright,J. Wright,64,SUB,,,,,,,,362,2026-08-12 10:06:22,2026-08-12 10:10:28,70996,
45,280806,Harvey Elliott,H. Elliott,9,SUB,,,,,,,,362,2026-08-12 10:06:22,2026-08-12 10:09:55,246174,78
46,224809,Leon Bailey,L. Bailey,31,SUB,,,,,,,,362,2026-08-12 10:06:22,2026-08-12 10:09:55,229906,79
47,248699,Matvei Safonov,M. Safonov,39,G,,,,,,,,160,2026-08-12 10:06:49,2026-08-12 10:09:11,240225,
48,287005,Willian Pacho,W. Pacho,51,CD-L,,,,,,,,160,2026-08-12 10:06:49,2026-08-12 10:09:11,256196,86
49,159047,Marquinhos,Marquinhos,5,SUB,,,,,,,,160,2026-08-12 10:06:49,2026-08-12 10:09:11,207865,
50,290591,Nuno Mendes,N. Mendes,25,SUB,,,,,,,,160,2026-08-12 10:06:49,2026-08-12 10:09:11,252145,
51,240233,Achraf Hakimi,A. Hakimi,2,RB,,,,,,,,160,2026-08-12 10:06:49,2026-08-12 10:09:11,235212,89
52,288897,Vitinha,Vitinha,17,SUB,,,,,,,,160,2026-08-12 10:06:49,2026-08-12 10:09:11,255253,
53,214596,Fabián Ruiz,F. Ruiz,8,LM,,,,,,,,160,2026-08-12 10:06:49,2026-08-12 10:06:49,226271,85
54,355061,João Neves,J. Neves,87,SUB,,,,,,,,160,2026-08-12 10:06:49,2026-08-12 10:09:11,272834,77
55,229744,Ousmane Dembélé,O. Dembélé,10,F,,,,,,,,160,2026-08-12 10:06:49,2026-08-12 10:09:11,231443,90
56,274745,Khvicha Kvaratskhelia,K. Kvaratskhelia,7,LF,,,,,,,,160,2026-08-12 10:06:49,2026-08-12 10:09:11,247635,87
57,336388,Désiré Doué,D. Doué,14,LM,,,,,,,,160,2026-08-12 10:06:49,2026-08-12 10:09:11,271421,85
58,345581,Warren Zaïre-Emery,W. Zaïre-Emery,33,RM,,,,,,,,160,2026-08-12 10:06:49,2026-08-12 10:09:11,270673,80
59,304503,Illia Zabarnyi,I. Zabarnyi,6,CD-R,,,,,,,,160,2026-08-12 10:06:49,2026-08-12 10:09:11,258781,79
60,388522,Ibrahim Mbaye,I. Mbaye,49,SUB,,,,,,,,160,2026-08-12 10:06:49,2026-08-12 10:09:11,74449,
61,379088,Senny Mayulu,S. Mayulu,24,LM,,,,,,,,160,2026-08-12 10:06:49,2026-08-12 10:09:07,70004,
62,288896,Gonçalo Ramos,G. Ramos,9,SUB,,,,,,,,160,2026-08-12 10:06:49,2026-08-12 10:09:11,256903,80
63,316128,Lucas Beraldo,L. Beraldo,4,CM,,,,,,,,160,2026-08-12 10:06:49,2026-08-12 10:09:11,279709,
64,274197,Lee Kang-In,L. Kang-In,19,RF,,,,,,,,160,2026-08-12 10:06:49,2026-08-12 10:09:11,243780,
65,196200,Lucas Hernández,L. Hernández,21,LB,,,,,,,,160,2026-08-12 10:06:49,2026-08-12 10:09:11,220814,81
66,403578,Dro Fernández,D. Fernández,27,SUB,,,,,,,,160,2026-08-12 10:06:49,2026-08-12 10:09:11,222509,
67,288925,Lucas Chevalier,L. Chevalier,30,SUB,,,,,,,,160,2026-08-12 10:06:49,2026-08-12 10:09:11,251752,83
68,379089,Renato Marin,R. Marin,89,SUB,,,,,,,,160,2026-08-12 10:06:49,2026-08-12 10:09:11,279880,
69,328238,Bradley Barcola,B. Barcola,29,LF,,,,,,,,160,2026-08-12 10:06:49,2026-08-12 10:09:07,264652,84
70,196176,David Raya,D. Raya,1,G,,,,,,,,359,2026-08-12 10:06:49,2026-08-12 10:06:49,220901,87
71,236322,Gabriel Magalhães,G. Magalhães,6,CD-L,,,,,,,,359,2026-08-12 10:06:49,2026-08-12 10:06:49,232580,
72,277385,William Saliba,W. Saliba,2,CD-R,,,,,,,,359,2026-08-12 10:06:49,2026-08-12 10:06:49,243715,87
73,292062,Piero Hincapié,P. Hincapié,5,LB,,,,,,,,359,2026-08-12 10:06:49,2026-08-12 10:06:49,256197,83
74,328497,Cristhian Mosquera,C. Mosquera,3,RB,,,,,,,,359,2026-08-12 10:06:49,2026-08-12 10:06:49,264846,77
75,280555,Bukayo Saka,B. Saka,7,AM,,,,,,,,359,2026-08-12 10:06:49,2026-08-12 10:06:49,246669,88
76,238262,Declan Rice,D. Rice,41,LM,,,,,,,,359,2026-08-12 10:06:49,2026-08-12 10:06:49,234378,87
77,352758,Myles Lewis-Skelly,M. Lewis-Skelly,49,RM,,,,,,,,359,2026-08-12 10:06:49,2026-08-12 10:06:49,278773,78
78,231182,Kai Havertz,K. Havertz,29,F,,,,,,,,359,2026-08-12 10:06:49,2026-08-12 10:06:49,235790,82
79,174980,Leandro Trossard,L. Trossard,19,AM-L,,,,,,,,359,2026-08-12 10:06:49,2026-08-12 10:06:49,207421,83
80,203669,Martin Ødegaard,M. Ødegaard,8,AM-R,,,,,,,,359,2026-08-12 10:06:49,2026-08-12 10:06:49,222665,87
81,217289,Gabriel Jesus,G. Jesus,9,SUB,,,,,,,,359,2026-08-12 10:06:49,2026-08-12 10:06:49,230666,
82,282716,Jurriën Timber,J. Timber,12,SUB,,,,,,,,359,2026-08-12 10:06:49,2026-08-12 10:06:49,251805,82
83,178077,Christian Nørgaard,C. Nørgaard,16,SUB,,,,,,,,359,2026-08-12 10:06:49,2026-08-12 10:06:49,210697,80
84,209581,Mikel Merino,M. Merino,23,SUB,,,,,,,,359,2026-08-12 10:06:49,2026-08-12 10:06:49,225193,83
85,269844,Gabriel Martinelli,G. Martinelli,11,SUB,,,,,,,,359,2026-08-12 10:06:49,2026-08-12 10:06:49,251566,81
86,293236,Noni Madueke,N. Madueke,20,SUB,,,,,,,,359,2026-08-12 10:06:49,2026-08-12 10:06:49,254796,80
87,258906,Viktor Gyökeres,V. Gyökeres,14,SUB,,,,,,,,359,2026-08-12 10:06:49,2026-08-12 10:06:49,241651,87
88,251400,Eberechi Eze,E. Eze,10,SUB,,,,,,,,359,2026-08-12 10:06:49,2026-08-12 10:06:49,235794,83
89,397263,Max Dowman,M. Dowman,56,SUB,,,,,,,,359,2026-08-12 10:06:49,2026-08-12 10:06:49,,
90,298329,Riccardo Calafiori,R. Calafiori,33,SUB,,,,,,,,359,2026-08-12 10:06:49,2026-08-12 10:06:49,257711,78
91,169532,Kepa Arrizabalaga,K. Arrizabalaga,13,SUB,,,,,,,,359,2026-08-12 10:06:49,2026-08-12 10:06:49,206585,79
92,287266,Martín Zubimendi,M. Zubimendi,36,SUB,,,,,,,,359,2026-08-12 10:06:49,2026-08-12 10:06:49,248148,83
139,234172,Dean Henderson,D. Henderson,1,G,,,,,,,,384,2026-08-12 10:06:50,2026-08-12 10:10:14,233306,81
140,265918,Maxence Lacroix,M. Lacroix,5,CD,,,,,,,,384,2026-08-12 10:06:50,2026-08-12 10:10:14,244067,79
141,386252,Jaydee Canvot,J. Canvot,23,SUB,,,,,,,,384,2026-08-12 10:06:50,2026-08-12 10:10:14,74133,70
142,307870,Chadi Riad,C. Riad,34,CD-L,,,,,,,,384,2026-08-12 10:06:50,2026-08-12 10:10:14,258490,72
143,219362,Daichi Kamada,D. Kamada,18,CM-L,,,,,,,,384,2026-08-12 10:06:50,2026-08-12 10:10:14,232730,77
144,333419,Adam Wharton,A. Wharton,20,CM-R,,,,,,,,384,2026-08-12 10:06:50,2026-08-12 10:10:14,259240,79
145,300853,Tyrick Mitchell,T. Mitchell,3,SUB,,,,,,,,384,2026-08-12 10:06:50,2026-08-12 10:10:14,240947,78
146,146679,Daniel Muñoz,D. Muñoz,2,RM,,,,,,,,384,2026-08-12 10:06:50,2026-08-12 10:10:14,189513,81
147,241187,Jean-Philippe Mateta,J. Mateta,14,F,,,,,,,,384,2026-08-12 10:06:50,2026-08-12 10:09:12,236461,82
148,297370,Yéremy Pino,Y. Pino,10,SUB,,,,,,,,384,2026-08-12 10:06:50,2026-08-12 10:10:14,259377,
149,241012,Ismaïla Sarr,I. Sarr,7,CF-R,,,,,,,,384,2026-08-12 10:06:50,2026-08-12 10:10:14,235353,79
150,252747,Jørgen Strand Larsen,J. Larsen,22,F,,,,,,,,384,2026-08-12 10:06:50,2026-08-12 10:10:14,238756,78
151,228319,Borna Sosa,B. Sosa,24,LM,,,,,,,,384,2026-08-12 10:06:50,2026-08-12 10:10:14,243388,73
152,272585,Chris Richards,C. Richards,26,CD-R,,,,,,,,384,2026-08-12 10:06:50,2026-08-12 10:10:14,250954,77
153,205981,Remi Matthews,R. Matthews,31,SUB,,,,,,,,384,2026-08-12 10:06:50,2026-08-12 10:10:14,203824,63
154,197399,Jefferson Lerma,J. Lerma,8,CD-R,,,,,,,,384,2026-08-12 10:06:50,2026-08-12 10:09:12,213991,77
155,291307,Brennan Johnson,B. Johnson,11,CF-L,,,,,,,,384,2026-08-12 10:06:50,2026-08-12 10:10:14,251421,79
156,168421,Will Hughes,W. Hughes,19,SUB,,,,,,,,384,2026-08-12 10:06:50,2026-08-12 10:10:14,206516,77
157,288924,Evann Guessand,E. Guessand,29,SUB,,,,,,,,384,2026-08-12 10:06:50,2026-08-12 10:10:28,258444,79
158,291468,Justin Devenny,J. Devenny,55,SUB,,,,,,,,384,2026-08-12 10:06:50,2026-08-12 10:10:14,73895,71
159,127865,Nathaniel Clyne,N. Clyne,17,SUB,,,,,,,,384,2026-08-12 10:06:50,2026-08-12 10:10:14,190456,70
160,363444,Rio Cardines,R. Cardines,59,SUB,,,,,,,,384,2026-08-12 10:06:50,2026-08-12 10:10:14,,
161,195738,Walter Benítez,W. Benítez,44,SUB,,,,,,,,384,2026-08-12 10:06:50,2026-08-12 10:10:14,215223,79
162,195032,Augusto Batalla,A. Batalla,13,G,,,,,,,,101,2026-08-12 10:06:50,2026-08-12 10:09:53,227186,79
163,140754,Florian Lejeune,F. Lejeune,24,CD-R,,,,,,,,101,2026-08-12 10:06:50,2026-08-12 10:09:53,197948,
164,294228,Pathé Ciss,P. Ciss,6,LM,,,,,,,,101,2026-08-12 10:06:50,2026-08-12 10:09:53,250858,77
165,300331,Pep Chavarría,P. Chavarría,3,LB,,,,,,,,101,2026-08-12 10:06:50,2026-08-12 10:09:53,258371,
166,287224,Andrei Ratiu,A. Ratiu,2,RB,,,,,,,,101,2026-08-12 10:06:50,2026-08-12 10:09:53,248165,
167,264197,Isi Palazón,I. Palazón,7,SUB,,,,,,,,101,2026-08-12 10:06:50,2026-08-12 10:09:53,232498,
168,264217,Óscar Valentín,Óscar Valentín,23,SUB,,,,,,,,101,2026-08-12 10:06:50,2026-08-12 10:09:53,243558,
169,203711,Unai López,U. López,17,RM,,,,,,,,101,2026-08-12 10:06:50,2026-08-12 10:09:53,222390,
170,313024,Alexandre Alemão,Alexandre Alemão,9,SUB,,,,,,,,101,2026-08-12 10:06:50,2026-08-12 10:09:53,276895,
171,125200,Álvaro García,Á. García,18,AM-L,,,,,,,,101,2026-08-12 10:06:50,2026-08-12 10:09:53,216447,80
172,260740,Jorge de Frutos,J. de Frutos,19,F,,,,,,,,101,2026-08-12 10:06:50,2026-08-12 10:09:53,243559,
173,356212,Nobel Mendy,N. Mendy,32,SUB,,,,,,,,101,2026-08-12 10:06:50,2026-08-12 10:09:53,276633,
174,66410,Óscar Trejo,Ó. Trejo,8,SUB,,,,,,,,101,2026-08-12 10:06:50,2026-08-12 10:09:53,173030,
175,199790,Pacha Espino,P. Espino,22,SUB,,,,,,,,101,2026-08-12 10:06:50,2026-08-12 10:09:53,247131,
176,264078,Pedro Díaz,P. Díaz,4,AM,,,,,,,,101,2026-08-12 10:06:50,2026-08-12 10:09:53,236492,
177,192893,Daniel Cárdenas,D. Cárdenas,1,SUB,,,,,,,,101,2026-08-12 10:06:50,2026-08-12 10:09:53,236033,
178,276652,Sergio Camello,S. Camello,10,SUB,,,,,,,,101,2026-08-12 10:06:50,2026-08-12 10:09:53,248805,
179,158151,Iván Balliu,I. Balliu,20,SUB,,,,,,,,101,2026-08-12 10:06:50,2026-08-12 10:09:53,203581,
180,331047,Ilias Akhomach,I. Akhomach,12,AM-R,,,,,,,,101,2026-08-12 10:06:50,2026-08-12 10:09:53,265578,74
181,300878,Adrián Molina,A. Molina,40,SUB,,,,,,,,101,2026-08-12 10:06:50,2026-08-12 10:09:37,81393,
182,186181,Gerard Gumbau,G. Gumbau,15,SUB,,,,,,,,101,2026-08-12 10:06:50,2026-08-12 10:09:53,214944,
183,151649,Nicola Leali,N. Leali,1,SUB,,,,,,,,,2026-08-12 10:09:02,2026-08-12 10:09:56,201299,
184,281736,Leo Østigard,L. Østigard,5,CD,,,,,,,,,2026-08-12 10:09:02,2026-08-12 10:09:56,238516,
185,259975,Johan Vásquez,J. Vásquez,22,CD-L,,,,,,,,,2026-08-12 10:09:02,2026-08-12 10:09:56,244349,75
186,350205,Sebastian Otoa,S. Otoa,34,SUB,,,,,,,,,2026-08-12 10:09:02,2026-08-12 10:09:56,271882,
187,202686,Morten Thorsby,M. Thorsby,2,SUB,,,,,,,,,2026-08-12 10:09:02,2026-08-12 10:09:56,222475,72
188,208789,Ruslan Malinovskyi,R. Malinovskyi,17,CM-R,,,,,,,,,2026-08-12 10:09:02,2026-08-12 10:09:56,231969,76
189,270884,Morten Frendrup,M. Frendrup,32,AM,,,,,,,,,2026-08-12 10:09:02,2026-08-12 10:09:56,242633,76
190,242007,Aarón Martín,A. Martín,3,LM,,,,,,,,,2026-08-12 10:09:02,2026-08-12 10:09:56,236295,
191,311173,Brooke Norton-Cuffy,B. Norton-Cuffy,15,RM,,,,,,,,,2026-08-12 10:09:02,2026-08-12 10:09:56,260653,
192,403234,Vitinha,Vitinha,9,CF-L,,,,,,,,160,2026-08-12 10:09:02,2026-08-12 10:09:56,255253,
193,297220,Lorenzo Colombo,L. Colombo,29,CF-R,,,,,,,,,2026-08-12 10:09:02,2026-08-12 10:09:56,256899,
194,177862,Stefano Sabelli,S. Sabelli,20,SUB,,,,,,,,,2026-08-12 10:09:02,2026-08-12 10:09:56,206159,
195,324256,Mikael Ellertsson,M. Ellertsson,77,CM-L,,,,,,,,,2026-08-12 10:09:02,2026-08-12 10:09:56,264436,69
196,176678,Nicolae Stanciu,N. Stanciu,8,SUB,,,,,,,,,2026-08-12 10:09:02,2026-08-12 10:09:02,212207,77
197,388606,Jeff Ekhator,J. Ekhator,21,SUB,,,,,,,,,2026-08-12 10:09:02,2026-08-12 10:09:56,74485,
198,347409,Seydou Fini,S. Fini,40,SUB,,,,,,,,,2026-08-12 10:09:02,2026-08-12 10:09:02,278350,
199,389431,Lorenzo Venturino,L. Venturino,20,SUB,,,,,,,,,2026-08-12 10:09:02,2026-08-12 10:09:11,76172,
200,364761,Alessandro Marcandalli,A. Marcandalli,27,CD-R,,,,,,,,,2026-08-12 10:09:02,2026-08-12 10:09:56,276477,
201,346840,Patrizio Masini,P. Masini,73,SUB,,,,,,,,,2026-08-12 10:09:02,2026-08-12 10:09:56,276485,
202,182071,Caleb Ekuban,C. Ekuban,18,SUB,,,,,,,,,2026-08-12 10:09:02,2026-08-12 10:09:56,239795,71
203,365843,Hugo Cuenca,H. Cuenca,30,SUB,,,,,,,,,2026-08-12 10:09:02,2026-08-12 10:09:56,74930,
204,337972,Valentin Carboni,V. Carboni,23,SUB,,,,,,,,,2026-08-12 10:09:02,2026-08-12 10:09:02,272602,
205,210391,Daniele Sommariva,D. Sommariva,39,SUB,,,,,,,,,2026-08-12 10:09:02,2026-08-12 10:09:56,225432,
206,410399,Ernestas Lysionok,E. Lysionok,35,SUB,,,,,,,,,2026-08-12 10:09:02,2026-08-12 10:09:02,81467,
207,228326,Adrian Semper,A. Semper,1,G,,,,,,,,,2026-08-12 10:09:02,2026-08-12 10:09:02,244274,
208,41970,Raúl Albiol,R. Albiol,39,CD,,,,,,,,,2026-08-12 10:09:02,2026-08-12 10:09:02,157481,
209,335952,Giovanni Bonfanti,G. Bonfanti,94,CD-L,,,,,,,,,2026-08-12 10:09:02,2026-08-12 10:09:02,278354,
210,267942,Simone Canestrelli,S. Canestrelli,5,CD-R,,,,,,,,,2026-08-12 10:09:02,2026-08-12 10:09:02,264480,
211,296312,Malthe Hojholt,M. Hojholt,8,CM-L,,,,,,,,,2026-08-12 10:09:02,2026-08-12 10:09:02,,
212,256212,Mehdi Léris,M. Léris,7,CM-R,,,,,,,,,2026-08-12 10:09:02,2026-08-12 10:09:02,240660,68
213,245623,Michel Aebischer,M. Aebischer,20,AM,,,,,,,,,2026-08-12 10:09:02,2026-08-12 10:09:02,236898,74
214,324765,Samuele Angori,S. Angori,3,LM,,,,,,,,,2026-08-12 10:09:02,2026-08-12 10:09:02,270658,
215,234951,Idrissa Touré,I. Touré,15,RM,,,,,,,,,2026-08-12 10:09:02,2026-08-12 10:09:02,233396,
216,366395,Henrik Meister,H. Meister,9,CF-L,,,,,,,,,2026-08-12 10:09:02,2026-08-12 10:09:02,277309,
217,207874,Stefano Moreo,S. Moreo,32,CF-R,,,,,,,,,2026-08-12 10:09:02,2026-08-12 10:09:02,222959,
218,390613,Daniel Denoon,D. Denoon,44,SUB,,,,,,,,,2026-08-12 10:09:02,2026-08-12 10:09:02,74876,
219,409490,Jeremy Kandje Mbambi,J. Kandje Mbambi,76,SUB,,,,,,,,,2026-08-12 10:09:02,2026-08-12 10:09:02,80810,
220,250402,Marius Marin,M. Marin,6,SUB,,,,,,,,,2026-08-12 10:09:02,2026-08-12 10:09:02,252313,69
221,144600,Antonio Caracciolo,A. Caracciolo,4,SUB,,,,,,,,,2026-08-12 10:09:02,2026-08-12 10:09:02,199174,
222,411325,Brando Bettazzi,B. Bettazzi,42,SUB,,,,,,,,,2026-08-12 10:09:02,2026-08-12 10:09:02,,
223,261173,M'Bala Nzola,M. Nzola,18,SUB,,,,,,,,,2026-08-12 10:09:02,2026-08-12 10:09:02,240452,
224,324253,Gabriele Piccinini,G. Piccinini,36,SUB,,,,,,,,,2026-08-12 10:09:02,2026-08-12 10:09:02,268790,
225,260237,Matteo Tramoni,M. Tramoni,10,SUB,,,,,,,,,2026-08-12 10:09:02,2026-08-12 10:09:02,240797,
226,181784,Simone Scuffet,S. Scuffet,22,SUB,,,,,,,,,2026-08-12 10:09:02,2026-08-12 10:09:02,220048,
227,400332,Louis Buffon,L. Buffon,16,SUB,,,,,,,,,2026-08-12 10:09:02,2026-08-12 10:09:02,77379,
228,154425,Francesco Coppola,F. Coppola,26,SUB,,,,,,,,,2026-08-12 10:09:02,2026-08-12 10:09:02,,
229,357117,Lorran,Lorran,99,SUB,,,,,,,,,2026-08-12 10:09:02,2026-08-12 10:09:02,81307,
230,291045,Tomás Esteves,T. Esteves,19,SUB,,,,,,,,,2026-08-12 10:09:02,2026-08-12 10:09:02,252033,
231,194758,Arturo Calabresi,A. Calabresi,33,SUB,,,,,,,,,2026-08-12 10:09:02,2026-08-12 10:09:02,229574,
232,166333,Nícolas Andrade,N. Andrade,12,SUB,,,,,,,,,2026-08-12 10:09:02,2026-08-12 10:09:02,205496,
233,257267,Berke Özer,B. Özer,1,G,,,,,,,,166,2026-08-12 10:09:03,2026-08-12 10:09:25,239254,77
234,174322,Chancel Mbemba,C. Mbemba,18,SUB,,,,,,,,166,2026-08-12 10:09:03,2026-08-12 10:09:25,210897,
235,150451,Aïssa Mandi,A. Mandi,23,CD-L,,,,,,,,166,2026-08-12 10:09:03,2026-08-12 10:09:25,201143,75
236,318577,Nathan Ngoy,N. Ngoy,3,CD-R,,,,,,,,166,2026-08-12 10:09:03,2026-08-12 10:09:25,262071,
237,250853,Romain Perraud,R. Perraud,15,LB,,,,,,,,166,2026-08-12 10:09:03,2026-08-12 10:09:25,231318,
238,346844,Tiago Santos,Tiago Santos,22,RB,,,,,,,,166,2026-08-12 10:09:03,2026-08-12 10:09:25,270559,
239,373927,Ayyoub Bouaddi,A. Bouaddi,32,RM,,,,,,,,166,2026-08-12 10:09:03,2026-08-12 10:09:25,278901,
240,345988,Ngal'ayel Mukau,N. Mukau,17,AM-R,,,,,,,,166,2026-08-12 10:09:03,2026-08-12 10:09:25,274447,
241,359651,Matias Fernandez-Pardo,M. Fernandez-Pardo,7,F,,,,,,,,166,2026-08-12 10:09:03,2026-08-12 10:09:25,276048,
242,355971,Ethan Mbappé,E. Mbappé,8,RM,,,,,,,,166,2026-08-12 10:09:03,2026-08-12 10:09:03,278172,
243,88965,Olivier Giroud,O. Giroud,9,SUB,,,,,,,,166,2026-08-12 10:09:03,2026-08-12 10:09:25,178509,79
244,400352,Soriba Diaoune,S. Diaoune,35,SUB,,,,,,,,,2026-08-12 10:09:03,2026-08-12 10:09:25,,
245,323173,Marius Broholm,M. Broholm,14,SUB,,,,,,,,166,2026-08-12 10:09:03,2026-08-12 10:09:25,268738,
246,375316,Lilian Baret,L. Baret,33,SUB,,,,,,,,,2026-08-12 10:09:03,2026-08-12 10:09:25,,
247,417255,Saad Boussadia,S. Boussadia,42,SUB,,,,,,,,,2026-08-12 10:09:03,2026-08-12 10:09:25,,
248,340900,Alexsandro,Alexsandro,4,SUB,,,,,,,,166,2026-08-12 10:09:03,2026-08-12 10:09:25,269493,
249,288900,Felix Correia,F. Correia,27,AM-L,,,,,,,,166,2026-08-12 10:09:03,2026-08-12 10:09:25,253167,
250,255780,Arnaud Bodart,A. Bodart,16,SUB,,,,,,,,166,2026-08-12 10:09:03,2026-08-12 10:09:25,237525,73
251,217381,Calvin Verdonk,C. Verdonk,24,SUB,,,,,,,,166,2026-08-12 10:09:03,2026-08-12 10:09:25,227794,71
252,166473,Thomas Meunier,T. Meunier,12,SUB,,,,,,,,166,2026-08-12 10:09:03,2026-08-12 10:09:03,202371,76
253,332343,Mike Penders,M. Penders,39,G,,,,,,,,,2026-08-12 10:09:03,2026-08-12 10:09:23,270821,73
254,305935,Ismael Doukoure,I. Doukoure,6,CD-R,,,,,,,,,2026-08-12 10:09:03,2026-08-12 10:09:23,257090,
255,355433,Mamadou Sarr,M. Sarr,23,CD-R,,,,,,,,,2026-08-12 10:09:03,2026-08-12 10:09:03,275507,
256,225426,Ben Chilwell,B. Chilwell,3,LB,,,,,,,,,2026-08-12 10:09:03,2026-08-12 10:09:03,229984,
257,346636,Guela Doué,G. Doué,22,RB,,,,,,,,,2026-08-12 10:09:03,2026-08-12 10:09:23,275208,
258,20975,Julio Enciso,J. Enciso,19,SUB,,,,,,,,,2026-08-12 10:09:03,2026-08-12 10:09:23,255434,
259,378491,Samir El Mourabet,S. El Mourabet,29,SUB,,,,,,,,,2026-08-12 10:09:03,2026-08-12 10:09:23,279702,65
260,320760,Valentín Barco,V. Barco,32,RM,,,,,,,,,2026-08-12 10:09:03,2026-08-12 10:09:23,263370,75
261,350961,Joaquín Panichelli,J. Panichelli,9,SUB,,,,,,,,,2026-08-12 10:09:03,2026-08-12 10:09:23,273748,
262,348301,Martial Godo,M. Godo,20,AM-L,,,,,,,,,2026-08-12 10:09:03,2026-08-12 10:09:23,271940,63
263,340678,Diego Moreira,D. Moreira,7,AM-R,,,,,,,,,2026-08-12 10:09:03,2026-08-12 10:09:03,270039,
264,183562,Karl-Johan Johnsson,K. Johnsson,1,SUB,,,,,,,,,2026-08-12 10:09:03,2026-08-12 10:09:23,190120,
265,336794,Abdoul Ouattara,A. Ouattara,42,SUB,,,,,,,,,2026-08-12 10:09:03,2026-08-12 10:09:23,75318,67
266,359934,Lucas Høgsberg,L. Høgsberg,24,LB,,,,,,,,,2026-08-12 10:09:03,2026-08-12 10:09:23,276377,
267,379012,Gessime Yassine,G. Yassine,80,SUB,,,,,,,,,2026-08-12 10:09:03,2026-08-12 10:09:23,70017,
268,358746,Kendry Páez,K. Páez,16,SUB,,,,,,,,,2026-08-12 10:09:03,2026-08-12 10:09:03,274559,
269,290101,Andrew Omobamidele,A. Omobamidele,2,CD-L,,,,,,,,,2026-08-12 10:09:03,2026-08-12 10:09:23,261647,73
270,405540,Rafael Luís,Rafael Luís,83,SUB,,,,,,,,,2026-08-12 10:09:03,2026-08-12 10:09:23,79607,
271,350501,Samuel Amo-Ameyaw,S. Amo-Ameyaw,27,AM-R,,,,,,,,,2026-08-12 10:09:03,2026-08-12 10:09:23,277561,
272,303787,Sebastian Nanasi,S. Nanasi,11,AM,,,,,,,,,2026-08-12 10:09:03,2026-08-12 10:09:23,256782,76
273,84774,Manuel Neuer,M. Neuer,1,G,,,,,,,,9825,2026-08-12 10:09:04,2026-08-12 10:10:08,167495,84
274,157688,Kim Min-Jae,K. Min-Jae,3,CD-R,,,,,,,,9825,2026-08-12 10:09:04,2026-08-12 10:10:08,237086,
275,222793,Dayot Upamecano,D. Upamecano,2,SUB,,,,,,,,9825,2026-08-12 10:09:04,2026-08-12 10:10:08,229558,85
276,324660,Tom Bischof,T. Bischof,20,SUB,,,,,,,,9825,2026-08-12 10:09:04,2026-08-12 10:10:08,263765,
277,169189,Konrad Laimer,K. Laimer,27,RB,,,,,,,,9825,2026-08-12 10:09:04,2026-08-12 10:10:08,225375,82
278,303821,Jamal Musiala,J. Musiala,10,SUB,,,,,,,,9825,2026-08-12 10:09:04,2026-08-12 10:09:38,256790,88
279,174550,Leon Goretzka,L. Goretzka,8,LM,,,,,,,,9825,2026-08-12 10:09:04,2026-08-12 10:10:08,209658,82
280,190161,Joshua Kimmich,J. Kimmich,6,SUB,,,,,,,,9825,2026-08-12 10:09:04,2026-08-12 10:09:38,212622,89
281,308524,Nicolas Jackson,N. Jackson,11,SUB,,,,,,,,9825,2026-08-12 10:09:04,2026-08-12 10:09:38,259197,80
282,257390,Luis Díaz,L. Díaz,14,AM-L,,,,,,,,9825,2026-08-12 10:09:04,2026-08-12 10:10:08,241084,85
283,402841,Lennart Karl,L. Karl,42,SUB,,,,,,,,9825,2026-08-12 10:09:04,2026-08-12 10:10:08,78063,
284,178980,Serge Gnabry,S. Gnabry,7,AM,,,,,,,,9825,2026-08-12 10:09:04,2026-08-12 10:10:08,206113,82
285,176228,Raphaël Guerreiro,R. Guerreiro,22,SUB,,,,,,,,9825,2026-08-12 10:09:04,2026-08-12 10:10:08,209889,80
286,405585,David Daiber,David Daiber,47,SUB,,,,,,,,9825,2026-08-12 10:09:04,2026-08-12 10:10:08,79317,
287,286831,Michael Olise,M. Olise,17,AM-R,,,,,,,,9825,2026-08-12 10:09:04,2026-08-12 10:10:08,247827,86
288,323790,Jonas Urbig,J. Urbig,40,SUB,,,,,,,,9825,2026-08-12 10:09:04,2026-08-12 10:10:08,263887,
289,276329,Josip Stanisic,J. Stanisic,44,SUB,,,,,,,,9825,2026-08-12 10:09:04,2026-08-12 10:09:04,250955,
290,188052,Jonathan Tah,J. Tah,4,CD-L,,,,,,,,9825,2026-08-12 10:09:04,2026-08-12 10:10:08,213331,87
291,417373,Maycon Cardozo,M. Cardozo,49,SUB,,,,,,,,,2026-08-12 10:09:04,2026-08-12 10:09:04,,
292,359370,Aleksandar Pavlovic,A. Pavlovic,45,RM,,,,,,,,9825,2026-08-12 10:09:04,2026-08-12 10:10:08,275298,
293,238536,Moritz Nicolas,M. Nicolas,33,G,,,,,,,,,2026-08-12 10:09:04,2026-08-12 10:10:01,235018,
294,212237,Nico Elvedi,N. Elvedi,30,CD,,,,,,,,,2026-08-12 10:09:04,2026-08-12 10:10:01,221491,77
295,206863,Kevin Diks,K. Diks,4,CD-L,,,,,,,,,2026-08-12 10:09:04,2026-08-12 10:09:04,224841,74
296,275805,Philipp Sander,P. Sander,16,CD-R,,,,,,,,,2026-08-12 10:09:04,2026-08-12 10:10:01,243354,
297,175006,Kevin Stöger,K. Stöger,7,CM-L,,,,,,,,,2026-08-12 10:09:04,2026-08-12 10:10:01,204497,76
298,307364,Rocco Reitz,R. Reitz,27,CM-R,,,,,,,,,2026-08-12 10:09:04,2026-08-12 10:10:01,257919,
299,304793,Jens Castrop,J. Castrop,17,RM,,,,,,,,,2026-08-12 10:09:04,2026-08-12 10:10:01,264194,70
300,272135,Joe Scally,J. Scally,29,M,,,,,,,,,2026-08-12 10:09:04,2026-08-12 10:10:01,243133,
301,184869,Haris Tabakovic,H. Tabakovic,15,CF-L,,,,,,,,,2026-08-12 10:09:04,2026-08-12 10:10:01,212002,
302,330239,Hugo Bolin,H. Bolin,38,M,,,,,,,,,2026-08-12 10:09:04,2026-08-12 10:10:01,272931,
303,196029,Franck Honorat,F. Honorat,9,CF-R,,,,,,,,,2026-08-12 10:09:04,2026-08-12 10:10:01,220876,80
304,290230,Giovanni Reyna,G. Reyna,13,SUB,,,,,,,,,2026-08-12 10:09:04,2026-08-12 10:09:04,245541,
305,238527,Florian Neuhaus,F. Neuhaus,10,M,,,,,,,,,2026-08-12 10:09:04,2026-08-12 10:10:01,234943,
306,346617,Lukas Ullrich,L. Ullrich,26,LM,,,,,,,,,2026-08-12 10:09:04,2026-08-12 10:10:01,271119,
307,304631,Jan Olschowsky,J. Olschowsky,23,M,,,,,,,,,2026-08-12 10:09:04,2026-08-12 10:10:01,257273,
308,271352,Shuto Machino,S. Machino,18,M,,,,,,,,,2026-08-12 10:09:04,2026-08-12 10:10:01,245622,75
309,408539,Wael Mohya,W. Mohya,36,M,,,,,,,,,2026-08-12 10:09:04,2026-08-12 10:10:01,,
310,371484,Alejo Sarco,A. Sarco,8,SUB,,,,,,,,9826,2026-08-12 10:09:04,2026-08-12 10:09:04,71101,
311,323061,Fabio Chiarodia,F. Chiarodia,2,M,,,,,,,,,2026-08-12 10:09:04,2026-08-12 10:10:01,264763,
312,202642,Marvin Friedrich,M. Friedrich,5,M,,,,,,,,,2026-08-12 10:09:04,2026-08-12 10:10:01,222493,
325,386256,Christantus Uche,C. Uche,12,SUB,,,,,,,,,2026-08-12 10:09:06,2026-08-12 10:09:12,73374,
333,181278,José Sá,J. Sá,1,G,,,,,,,,,2026-08-12 10:09:06,2026-08-12 10:09:44,212442,
334,241225,Santiago Bueno,S. Bueno,4,CD,,,,,,,,,2026-08-12 10:09:06,2026-08-12 10:09:44,237658,76
335,151714,Ladislav Krejcí,L. Krejcí,37,CD-L,,,,,,,,,2026-08-12 10:09:06,2026-08-12 10:09:06,252064,
336,301462,Yerson Mosquera,Y. Mosquera,15,CD-R,,,,,,,,,2026-08-12 10:09:06,2026-08-12 10:09:44,256666,
337,304216,André,André,7,CM-R,,,,,,,,,2026-08-12 10:09:06,2026-08-12 10:09:44,74866,
338,240369,Jean-Ricner Bellegarde,J. Bellegarde,27,CF-R,,,,,,,,,2026-08-12 10:09:06,2026-08-12 10:09:44,235456,
339,189777,Hugo Bueno,H. Bueno,3,LM,,,,,,,,,2026-08-12 10:09:06,2026-08-12 10:09:44,261224,
340,312186,Jackson Tchatchoua,J. Tchatchoua,38,RM,,,,,,,,,2026-08-12 10:09:06,2026-08-12 10:09:44,262937,74
341,305372,Tolu Arokodare,T. Arokodare,14,SUB,,,,,,,,,2026-08-12 10:09:06,2026-08-12 10:09:44,258911,79
342,380196,Mateus Mané,M. Mané,36,CF-L,,,,,,,,,2026-08-12 10:09:06,2026-08-12 10:09:44,77593,
343,194116,Adam Armstrong,A. Armstrong,9,F,,,,,,,,,2026-08-12 10:09:06,2026-08-12 10:09:44,221841,73
344,43575,Matt Doherty,M. Doherty,2,SUB,,,,,,,,,2026-08-12 10:09:06,2026-08-12 10:09:44,201417,74
345,256773,Angel Gomes,A. Gomes,47,SUB,,,,,,,,219,2026-08-12 10:09:06,2026-08-12 10:09:44,240507,
346,313361,David Møller Wolfe,D. Møller Wolfe,6,SUB,,,,,,,,,2026-08-12 10:09:06,2026-08-12 10:09:44,262135,73
347,301524,João Gomes,J. Gomes,8,CM-L,,,,,,,,,2026-08-12 10:09:06,2026-08-12 10:09:44,273463,78
348,355915,Tom Edozie,T. Edozie,74,SUB,,,,,,,,,2026-08-12 10:09:06,2026-08-12 10:09:44,,
349,162338,Sam Johnstone,S. Johnstone,31,SUB,,,,,,,,,2026-08-12 10:09:06,2026-08-12 10:09:44,206075,
350,376489,Pedro Lima,Pedro Lima,17,SUB,,,,,,,,,2026-08-12 10:09:06,2026-08-12 10:09:44,73049,
351,320848,Toti Gomes,T. Gomes,24,CD-L,,,,,,,,,2026-08-12 10:09:06,2026-08-12 10:09:44,258607,
352,308456,Rodrigo Gomes,R. Gomes,21,SUB,,,,,,,,,2026-08-12 10:09:06,2026-08-12 10:09:44,259170,
353,164165,Donovan Léon,D. Léon,16,G,,,,,,,,,2026-08-12 10:09:07,2026-08-12 10:09:16,205377,
354,302862,Sinaly Diomande,S. Diomande,20,CD-R,,,,,,,,,2026-08-12 10:09:07,2026-08-12 10:09:16,257204,
355,344520,Clément Akpa,C. Akpa,92,LB,,,,,,,,,2026-08-12 10:09:07,2026-08-12 10:09:16,277503,74
356,309638,Marvin Senaya,M. Senaya,29,SUB,,,,,,,,,2026-08-12 10:09:07,2026-08-12 10:09:16,263112,
357,264484,Gideon Mensah,G. Mensah,14,SUB,,,,,,,,,2026-08-12 10:09:07,2026-08-12 10:09:16,247124,74
358,335320,Lamine Sy,L. Sy,27,RB,,,,,,,,,2026-08-12 10:09:07,2026-08-12 10:09:16,268440,
359,320947,Oussama El Azzouzi,O. El Azzouzi,17,CM-L,,,,,,,,,2026-08-12 10:09:07,2026-08-12 10:09:07,269745,68
360,323722,Kévin Danois,K. Danois,5,LM,,,,,,,,,2026-08-12 10:09:07,2026-08-12 10:09:16,272894,
361,243748,Danny Namaso,D. Namaso,19,LM,,,,,,,,,2026-08-12 10:09:07,2026-08-12 10:09:07,239631,73
362,297775,Naouirou Ahamada,N. Ahamada,8,RM,,,,,,,,,2026-08-12 10:09:07,2026-08-12 10:09:16,259205,68
363,271137,Lassine Sinayoko,L. Sinayoko,10,LF,,,,,,,,,2026-08-12 10:09:07,2026-08-12 10:09:16,251170,
364,304212,Josué Casimir,J. Casimir,7,SUB,,,,,,,,,2026-08-12 10:09:07,2026-08-12 10:09:16,260943,
365,214305,Assane Dioussé,A. Dioussé,18,SUB,,,,,,,,,2026-08-12 10:09:07,2026-08-12 10:09:16,230144,69
366,402888,Rudy Matondo,R. Matondo,34,SUB,,,,,,,,,2026-08-12 10:09:07,2026-08-12 10:09:07,78070,
367,305797,Sékou Mara,S. Mara,9,F,,,,,,,,,2026-08-12 10:09:07,2026-08-12 10:09:16,257612,
368,323175,Lasso Coulibaly,L. Coulibaly,21,SUB,,,,,,,,,2026-08-12 10:09:07,2026-08-12 10:09:16,263421,68
369,310134,Fredrik Oppegard,F. Oppegard,22,SUB,,,,,,,,,2026-08-12 10:09:07,2026-08-12 10:09:16,260100,
370,312151,Théo De Percin,T. De Percin,40,SUB,,,,,,,,,2026-08-12 10:09:07,2026-08-12 10:09:16,263402,
371,268591,Romain Faivre,R. Faivre,28,RF,,,,,,,,,2026-08-12 10:09:07,2026-08-12 10:09:16,242577,76
372,266057,Elisha Owusu,E. Owusu,42,CM,,,,,,,,,2026-08-12 10:09:07,2026-08-12 10:09:16,238392,73
385,416441,Noah Nsoki,N. Nsoki,45,SUB,,,,,,,,,2026-08-12 10:09:07,2026-08-12 10:09:07,,
388,415149,Martin James,M. James,60,SUB,,,,,,,,,2026-08-12 10:09:07,2026-08-12 10:09:07,201417,
391,221278,Dominik Greif,D. Greif,1,G,,,,,,,,206,2026-08-12 10:09:08,2026-08-12 10:09:40,263139,78
392,213181,Moussa Niakhaté,M. Niakhaté,19,SUB,,,,,,,,206,2026-08-12 10:09:08,2026-08-12 10:09:40,225859,77
393,193448,Hans Hateboer,H. Hateboer,33,CD-L,,,,,,,,,2026-08-12 10:09:08,2026-08-12 10:09:40,220093,76
394,214649,Clinton Mata,C. Mata,22,CD-R,,,,,,,,206,2026-08-12 10:09:08,2026-08-12 10:09:40,208364,
395,298522,Tyler Morton,T. Morton,23,CM-L,,,,,,,,206,2026-08-12 10:09:08,2026-08-12 10:09:40,265459,
396,303308,Tanner Tessmann,T. Tessmann,6,CM-R,,,,,,,,206,2026-08-12 10:09:08,2026-08-12 10:09:40,256104,
397,285088,Abner,Abner,16,LM,,,,,,,,,2026-08-12 10:09:08,2026-08-12 10:09:25,,
398,214402,Ainsley Maitland-Niles,A. Maitland-Niles,98,RM,,,,,,,,206,2026-08-12 10:09:08,2026-08-12 10:09:40,225782,
399,305545,Pavel Sulc,P. Sulc,10,SUB,,,,,,,,206,2026-08-12 10:09:08,2026-08-12 10:09:40,247050,
400,192060,Corentin Tolisso,C. Tolisso,8,AM,,,,,,,,206,2026-08-12 10:09:08,2026-08-12 10:09:40,219683,81
401,365562,Noah Nartey,N. Nartey,99,RM,,,,,,,,,2026-08-12 10:09:08,2026-08-12 10:09:25,71170,
402,219543,Roman Yaremchuk,R. Yaremchuk,77,SUB,,,,,,,,,2026-08-12 10:09:08,2026-08-12 10:09:08,240702,74
403,408345,Khalis Merah,K. Merah,44,CF-L,,,,,,,,206,2026-08-12 10:09:08,2026-08-12 10:09:40,80067,
404,415054,Adil Hamdani,A. Hamdani,34,SUB,,,,,,,,,2026-08-12 10:09:08,2026-08-12 10:09:40,,
405,403110,Noham Kamara,N. Kamara,85,SUB,,,,,,,,160,2026-08-12 10:09:08,2026-08-12 10:09:08,78216,
406,173214,Rachid Ghezzal,R. Ghezzal,18,SUB,,,,,,,,206,2026-08-12 10:09:08,2026-08-12 10:09:08,210372,
407,306895,Adam Karabec,A. Karabec,7,SUB,,,,,,,,206,2026-08-12 10:09:08,2026-08-12 10:09:40,256970,71
408,402948,Mathys De Carvalho,M. De Carvalho,39,SUB,,,,,,,,206,2026-08-12 10:09:08,2026-08-12 10:09:40,80690,
409,222175,Rémy Descamps,R. Descamps,40,SUB,,,,,,,,206,2026-08-12 10:09:08,2026-08-12 10:09:40,234371,
410,403842,Rémi Himbert,R. Himbert,45,SUB,,,,,,,,,2026-08-12 10:09:08,2026-08-12 10:09:40,,
411,157963,Maxime Dupé,M. Dupé,31,G,,,,,,,,,2026-08-12 10:09:08,2026-08-12 10:09:08,204513,
412,130165,Dante,Dante,4,CD-L,,,,,,,,,2026-08-12 10:09:08,2026-08-12 10:09:08,158625,
413,357205,Kojo Peprah Oppong,K. Oppong,37,CD-R,,,,,,,,,2026-08-12 10:09:08,2026-08-12 10:09:08,273948,65
414,265234,Ali Abdi,A. Abdi,2,LB,,,,,,,,,2026-08-12 10:09:08,2026-08-12 10:09:08,252711,76
415,232089,Jonathan Clauss,J. Clauss,92,RB,,,,,,,,,2026-08-12 10:09:08,2026-08-12 10:09:08,239093,80
416,276995,Sofiane Diop,S. Diop,10,AM,,,,,,,,,2026-08-12 10:09:08,2026-08-12 10:09:08,244892,76
417,276260,Charles Vanhoutte,C. Vanhoutte,24,LM,,,,,,,,,2026-08-12 10:09:08,2026-08-12 10:09:08,244889,77
418,176816,Morgan Sanson,M. Sanson,8,RM,,,,,,,,,2026-08-12 10:09:08,2026-08-12 10:09:08,210896,
419,311118,Elye Wahi,E. Wahi,11,F,,,,,,,,9804,2026-08-12 10:09:08,2026-08-12 10:09:08,260407,
420,362061,Tom Louchet,T. Louchet,20,AM-L,,,,,,,,,2026-08-12 10:09:08,2026-08-12 10:09:08,278187,
421,306557,Mohamed-Ali Cho,M. Cho,25,AM-R,,,,,,,,,2026-08-12 10:09:08,2026-08-12 10:09:08,256476,
422,319161,Antoine Mendy,A. Mendy,33,SUB,,,,,,,,,2026-08-12 10:09:08,2026-08-12 10:09:08,272515,70
423,287078,Hicham Boudaoui,H. Boudaoui,6,SUB,,,,,,,,,2026-08-12 10:09:08,2026-08-12 10:09:08,253157,77
424,241029,Yehvann Diouf,Y. Diouf,80,SUB,,,,,,,,,2026-08-12 10:09:08,2026-08-12 10:09:08,235633,78
425,370703,Juma Bah,J. Bah,28,SUB,,,,,,,,,2026-08-12 10:09:08,2026-08-12 10:09:08,75148,
426,282597,Isak Jansson,I. Jansson,21,SUB,,,,,,,,,2026-08-12 10:09:08,2026-08-12 10:09:08,252960,71
427,416460,Everton Pereira,E. Pereira,41,SUB,,,,,,,,,2026-08-12 10:09:08,2026-08-12 10:09:08,277630,
428,397392,Gabin Bernardeau,G. Bernardeau,23,SUB,,,,,,,,,2026-08-12 10:09:08,2026-08-12 10:09:08,78765,
429,379066,Kail Boudache,K. Boudache,32,SUB,,,,,,,,,2026-08-12 10:09:08,2026-08-12 10:09:08,,
430,304151,Kevin Carlos,Kevin Carlos,90,SUB,,,,,,,,,2026-08-12 10:09:08,2026-08-12 10:09:08,252386,
431,238544,Gregor Kobel,G. Kobel,1,G,,,,,,,,9789,2026-08-12 10:09:09,2026-08-12 10:10:20,235073,86
432,220714,Waldemar Anton,W. Anton,3,CD,,,,,,,,9789,2026-08-12 10:09:09,2026-08-12 10:10:20,229476,82
433,220703,Ramy Bensebaini,R. Bensebaini,5,CD-L,,,,,,,,9789,2026-08-12 10:09:09,2026-08-12 10:10:20,224196,79
434,413817,Luca Reggiani,L. Reggiani,49,SUB,,,,,,,,,2026-08-12 10:09:09,2026-08-12 10:10:20,,
435,281122,Felix Nmecha,F. Nmecha,8,CM-L,,,,,,,,9789,2026-08-12 10:09:09,2026-08-12 10:10:20,246863,82
436,324820,Jobe Bellingham,J. Bellingham,7,CM-R,,,,,,,,9789,2026-08-12 10:09:09,2026-08-12 10:10:20,270964,
437,310709,Daniel Svensson,D. Svensson,24,LM,,,,,,,,9789,2026-08-12 10:09:09,2026-08-12 10:10:20,259716,77
438,222991,Julian Ryerson,J. Ryerson,26,RM,,,,,,,,9789,2026-08-12 10:09:09,2026-08-12 10:10:20,229891,79
439,186381,Serhou Guirassy,S. Guirassy,9,F,,,,,,,,9789,2026-08-12 10:09:09,2026-08-12 10:10:20,215441,87
440,197628,Julian Brandt,J. Brandt,10,CF-L,,,,,,,,9789,2026-08-12 10:09:09,2026-08-12 10:10:20,212194,83
441,290639,Maximilian Beier,M. Beier,14,CF-R,,,,,,,,9789,2026-08-12 10:09:09,2026-08-12 10:10:20,254117,79
442,403833,Samuele Inácio,S. Inácio,40,SUB,,,,,,,,,2026-08-12 10:09:09,2026-08-12 10:10:20,,
443,274913,Karim Adeyemi,K. Adeyemi,27,SUB,,,,,,,,9789,2026-08-12 10:09:09,2026-08-12 10:10:20,251852,81
444,173907,Marcel Sabitzer,M. Sabitzer,20,SUB,,,,,,,,9789,2026-08-12 10:09:09,2026-08-12 10:10:20,204923,80
445,372034,Almugera Kabar,A. Kabar,42,SUB,,,,,,,,9789,2026-08-12 10:09:09,2026-08-12 10:09:09,278854,
446,225563,Salih Özcan,S. Özcan,6,SUB,,,,,,,,9789,2026-08-12 10:09:09,2026-08-12 10:10:20,235407,75
447,178380,Alexander Meyer,A. Meyer,33,SUB,,,,,,,,9789,2026-08-12 10:09:09,2026-08-12 10:10:20,241050,
448,331297,Silas Ostrzinski,S. Ostrzinski,31,SUB,,,,,,,,9789,2026-08-12 10:09:09,2026-08-12 10:09:09,266906,
449,387529,Elias Benkara,E. Benkara,47,SUB,,,,,,,,,2026-08-12 10:09:09,2026-08-12 10:09:09,,
450,387500,Danylo Krevsun,D. Krevsun,45,SUB,,,,,,,,,2026-08-12 10:09:09,2026-08-12 10:09:09,,
451,297084,Yan Couto,Y. Couto,2,SUB,,,,,,,,9789,2026-08-12 10:09:09,2026-08-12 10:10:20,259075,
452,294317,Carney Chukwuemeka,C. Chukwuemeka,17,SUB,,,,,,,,9789,2026-08-12 10:09:09,2026-08-12 10:10:20,259356,
453,291629,Fábio Silva,F. Silva,21,SUB,,,,,,,,9789,2026-08-12 10:09:09,2026-08-12 10:10:20,252037,
454,284804,Marco Carnesecchi,M. Carnesecchi,29,G,,,,,,,,102,2026-08-12 10:09:09,2026-08-12 10:10:29,252154,84
455,165291,Berat Djimsiti,B. Djimsiti,19,CD,,,,,,,,102,2026-08-12 10:09:09,2026-08-12 10:10:29,208165,
456,170553,Sead Kolasinac,S. Kolasinac,23,SUB,,,,,,,,102,2026-08-12 10:09:09,2026-08-12 10:10:22,207993,
457,284822,Odilon Kossounou,O. Kossounou,3,SUB,,,,,,,,102,2026-08-12 10:09:09,2026-08-12 10:10:22,246875,80
458,278210,Éderson,Éderson,13,CM-L,,,,,,,,,2026-08-12 10:09:09,2026-08-12 10:10:29,210257,
459,146335,Marten de Roon,M. de Roon,15,CM-R,,,,,,,,102,2026-08-12 10:09:09,2026-08-12 10:10:29,208461,81
460,303988,Lorenzo Bernasconi,L. Bernasconi,47,LM,,,,,,,,102,2026-08-12 10:09:09,2026-08-12 10:10:29,74574,
461,182627,Davide Zappacosta,D. Zappacosta,77,RM,,,,,,,,102,2026-08-12 10:09:09,2026-08-12 10:10:29,216150,79
462,233140,Gianluca Scamacca,G. Scamacca,9,SUB,,,,,,,,102,2026-08-12 10:09:09,2026-08-12 10:10:22,226710,79
463,288488,Nicola Zalewski,N. Zalewski,59,CF-L,,,,,,,,102,2026-08-12 10:09:09,2026-08-12 10:10:29,262113,76
464,189668,Mario Pasalic,M. Pasalic,8,SUB,,,,,,,,102,2026-08-12 10:09:09,2026-08-12 10:10:29,223273,
465,268452,Raoul Bellanova,R. Bellanova,16,SUB,,,,,,,,102,2026-08-12 10:09:09,2026-08-12 10:10:22,247229,78
466,258158,Nikola Krstovic,N. Krstovic,90,F,,,,,,,,102,2026-08-12 10:09:09,2026-08-12 10:10:29,277839,
467,388801,Dominic Vavassori,D. Vavassori,45,SUB,,,,,,,,,2026-08-12 10:09:09,2026-08-12 10:09:09,,
468,303296,Lazar Samardzic,L. Samardzic,10,SUB,,,,,,,,102,2026-08-12 10:09:09,2026-08-12 10:10:29,256115,
469,174915,Marco Sportiello,M. Sportiello,57,SUB,,,,,,,,102,2026-08-12 10:09:09,2026-08-12 10:10:29,216065,76
470,267573,Mitchel Bakker,M. Bakker,5,SUB,,,,,,,,102,2026-08-12 10:09:09,2026-08-12 10:10:22,239368,75
471,312862,Isak Hien,I. Hien,4,SUB,,,,,,,,102,2026-08-12 10:09:09,2026-08-12 10:10:29,260697,78
472,89216,Francesco Rossi,F. Rossi,31,SUB,,,,,,,,102,2026-08-12 10:09:09,2026-08-12 10:10:29,194894,
473,303115,Kamaldeen Sulemana,K. Sulemana,7,SUB,,,,,,,,102,2026-08-12 10:09:09,2026-08-12 10:10:29,256035,71
474,388605,Honest Ahanor,H. Ahanor,69,CD-L,,,,,,,,102,2026-08-12 10:09:09,2026-08-12 10:10:29,74483,
475,309812,Giorgio Scalvini,G. Scalvini,42,CD-R,,,,,,,,102,2026-08-12 10:09:09,2026-08-12 10:10:29,265188,77
476,307527,Yunus Musah,Y. Musah,6,SUB,,,,,,,,102,2026-08-12 10:09:09,2026-08-12 10:10:29,253177,
477,262070,Antonis Tsiftsis,A. Tsiftsis,99,G,,,,,,,,,2026-08-12 10:09:09,2026-08-12 10:09:09,276591,65
478,291548,Ioannis Michailidis,I. Michailidis,5,CD-L,,,,,,,,,2026-08-12 10:09:09,2026-08-12 10:09:09,,
479,190327,Tomasz Kedziora,T. Kedziora,16,CD-R,,,,,,,,,2026-08-12 10:09:09,2026-08-12 10:09:09,210136,
480,174508,Baba Rahman,B. Rahman,21,LB,,,,,,,,,2026-08-12 10:09:09,2026-08-12 10:09:09,209620,
481,214548,Jonjoe Kenny,J. Kenny,3,RB,,,,,,,,,2026-08-12 10:09:09,2026-08-12 10:09:09,224263,
482,206396,Dimitris Pelkas,D. Pelkas,10,AM,,,,,,,,,2026-08-12 10:09:09,2026-08-12 10:09:09,208053,
483,164167,Souahilo Meïté,S. Meïté,8,LM,,,,,,,,,2026-08-12 10:09:09,2026-08-12 10:09:09,205391,
484,117239,Magomed Ozdoev,M. Ozdoev,27,RM,,,,,,,,,2026-08-12 10:09:09,2026-08-12 10:09:09,200094,
485,239525,Giorgos Giakoumakis,G. Giakoumakis,7,F,,,,,,,,,2026-08-12 10:09:09,2026-08-12 10:09:09,239842,
486,182682,Taison,Taison,11,AM-L,,,,,,,,,2026-08-12 10:09:09,2026-08-12 10:09:09,188803,
487,193282,Andrija Zivkovic,A. Zivkovic,14,AM-R,,,,,,,,,2026-08-12 10:09:09,2026-08-12 10:09:09,220746,
488,407474,Anestis Mythou,A. Mythou,56,SUB,,,,,,,,,2026-08-12 10:09:09,2026-08-12 10:09:09,79764,
489,278779,Alessandro Vogliacco,A. Vogliacco,4,SUB,,,,,,,,,2026-08-12 10:09:09,2026-08-12 10:09:09,245566,
490,212928,Jirí Pavlenka,J. Pavlenka,1,SUB,,,,,,,,,2026-08-12 10:09:09,2026-08-12 10:09:09,236583,
491,407472,Dimitrios Chatsidis,D. Chatsidis,52,SUB,,,,,,,,,2026-08-12 10:09:09,2026-08-12 10:09:09,79689,
492,311428,Giannis Konstantelias,G. Konstantelias,65,SUB,,,,,,,,,2026-08-12 10:09:09,2026-08-12 10:09:09,259633,77
493,251776,Alessandro Bianconi,A. Bianconi,22,SUB,,,,,,,,,2026-08-12 10:09:09,2026-08-12 10:09:09,,
494,107000,Mady Camara,M. Camara,2,SUB,,,,,,,,,2026-08-12 10:09:09,2026-08-12 10:09:09,237520,
495,216355,Kiril Despodov,K. Despodov,77,SUB,,,,,,,,,2026-08-12 10:09:09,2026-08-12 10:09:09,245977,
496,123560,Dejan Lovren,D. Lovren,6,SUB,,,,,,,,,2026-08-12 10:09:09,2026-08-12 10:09:09,195086,72
497,364735,Dimitrios Monastirlis,D. Monastirlis,41,SUB,,,,,,,,,2026-08-12 10:09:09,2026-08-12 10:09:09,,
498,119088,Greg Taylor,G. Taylor,32,SUB,,,,,,,,,2026-08-12 10:09:09,2026-08-12 10:09:09,226508,74
499,282681,Joan Sastre,J. Sastre,23,SUB,,,,,,,,,2026-08-12 10:09:09,2026-08-12 10:09:09,231588,
500,203061,Pau López,P. López,25,G,,,,,,,,,2026-08-12 10:09:09,2026-08-12 10:09:09,221087,79
501,336480,Valentín Gómez,V. Gómez,16,CD-L,,,,,,,,,2026-08-12 10:09:09,2026-08-12 10:09:09,245597,76
502,181530,Diego Llorente,D. Llorente,3,CD-R,,,,,,,,,2026-08-12 10:09:09,2026-08-12 10:09:09,212602,80
503,136865,Ricardo Rodríguez,R. Rodríguez,12,LB,,,,,,,,,2026-08-12 10:09:09,2026-08-12 10:09:09,193352,74
504,395941,Ángel Ortiz,Á. Ortiz,40,RB,,,,,,,,,2026-08-12 10:09:09,2026-08-12 10:09:09,76740,68
505,331426,Sergi Altimira,S. Altimira,6,CM,,,,,,,,,2026-08-12 10:09:09,2026-08-12 10:09:09,276471,77
506,227714,Pablo Fornals,P. Fornals,8,LM,,,,,,,,,2026-08-12 10:09:09,2026-08-12 10:09:09,226456,79
507,322908,Nelson Deossa,N. Deossa,18,RM,,,,,,,,,2026-08-12 10:09:09,2026-08-12 10:09:09,267430,75
508,217588,Chimy Ávila,C. Ávila,9,F,,,,,,,,,2026-08-12 10:09:09,2026-08-12 10:09:09,228520,
509,268601,Aitor Ruibal,A. Ruibal,24,LF,,,,,,,,,2026-08-12 10:09:09,2026-08-12 10:09:09,241867,77
510,399278,Pablo García,P. García,52,RF,,,,,,,,,2026-08-12 10:09:09,2026-08-12 10:09:09,258766,66
511,134230,Adrián ,Adrián ,13,SUB,,,,,,,,,2026-08-12 10:09:09,2026-08-12 10:09:09,194911,
512,145078,Marc Bartra,M. Bartra,5,SUB,,,,,,,,,2026-08-12 10:09:09,2026-08-12 10:09:09,198141,79
513,411284,José Morante,J. Morante,27,SUB,,,,,,,,,2026-08-12 10:09:09,2026-08-12 10:09:09,263522,
514,415495,Carlos De Roa,C. De Roa,33,SUB,,,,,,,,102,2026-08-12 10:09:09,2026-08-12 10:09:09,251470,
515,242008,Marc Roca,M. Roca,21,SUB,,,,,,,,,2026-08-12 10:09:09,2026-08-12 10:09:09,235945,78
516,207343,Giovani Lo Celso,G. Lo Celso,20,SUB,,,,,,,,,2026-08-12 10:09:09,2026-08-12 10:09:09,226226,82
517,418014,Rodrigo Marina,R. Marina,29,SUB,,,,,,,,,2026-08-12 10:09:09,2026-08-12 10:09:09,,
518,353854,Daniel Pérez,D. Pérez,37,SUB,,,,,,,,,2026-08-12 10:09:09,2026-08-12 10:09:09,272487,63
519,371605,Iván Corralejo,I. Corralejo,50,SUB,,,,,,,,,2026-08-12 10:09:09,2026-08-12 10:09:09,80806,
520,300912,Abde Ezzalzouli,A. Ezzalzouli,10,SUB,,,,,,,,,2026-08-12 10:09:09,2026-08-12 10:09:09,,77
521,301526,Natan,Natan,4,SUB,,,,,,,,,2026-08-12 10:09:09,2026-08-12 10:09:09,277537,
522,283892,Álvaro Valles,Á. Valles,1,SUB,,,,,,,,,2026-08-12 10:09:09,2026-08-12 10:09:09,246657,79
523,251591,Elias Hadaya,E. Hadaya,30,G,,,,,,,,,2026-08-12 10:09:10,2026-08-12 10:09:24,264817,
524,281365,Sander Mork,S. Mork,6,LM,,,,,,,,,2026-08-12 10:09:10,2026-08-12 10:09:24,,
525,269090,Xander Lambrix,X. Lambrix,44,CD-L,,,,,,,,,2026-08-12 10:09:10,2026-08-12 10:09:24,,
526,365771,Zinedin Smajlovic,Z. Smajlovic,2,CD-R,,,,,,,,,2026-08-12 10:09:10,2026-08-12 10:09:24,276899,
527,379954,Ruben Alte,R. Alte,10,AM,,,,,,,,,2026-08-12 10:09:10,2026-08-12 10:09:24,70948,
528,379168,Marcus Melchior,M. Melchior,20,CM-R,,,,,,,,,2026-08-12 10:09:10,2026-08-12 10:09:10,69965,
529,319331,Vetle Egeli,V. Egeli,3,LB,,,,,,,,,2026-08-12 10:09:10,2026-08-12 10:09:24,264297,
530,304316,Fredrik Pedersen,F. Pedersen,4,RB,,,,,,,,,2026-08-12 10:09:10,2026-08-12 10:09:24,257546,
531,310291,Nikolaj Moller,N. Moller,11,F,,,,,,,,,2026-08-12 10:09:10,2026-08-12 10:09:24,259402,
532,403711,Bendik Berntsen,B. Berntsen,19,SUB,,,,,,,,,2026-08-12 10:09:10,2026-08-12 10:09:24,78056,
533,277057,Evangelos Patoulidis,E. Patoulidis,7,AM-R,,,,,,,,,2026-08-12 10:09:10,2026-08-12 10:09:24,244842,
534,411008,Alexander Blomdahl,A. Blomdahl,34,SUB,,,,,,,,,2026-08-12 10:09:10,2026-08-12 10:09:10,,
535,403029,Kristoffer Halvorsen,K. Halvorsen,29,SUB,,,,,,,,,2026-08-12 10:09:10,2026-08-12 10:09:10,78246,
536,397130,Edvard Pettersen,E. Pettersen,14,RM,,,,,,,,,2026-08-12 10:09:10,2026-08-12 10:09:24,74789,
537,361746,Alf Grønneberg,A. Grønneberg,1,SUB,,,,,,,,,2026-08-12 10:09:10,2026-08-12 10:09:24,275000,
538,420184,Foster Apetorgbor,F. Apetorgbor,17,SUB,,,,,,,,,2026-08-12 10:09:10,2026-08-12 10:09:24,,
539,402439,Henrik Skretteberg,H. Skretteberg,31,SUB,,,,,,,,,2026-08-12 10:09:10,2026-08-12 10:09:10,78058,
540,396525,Robin Dzabic,R. Dzabic,8,SUB,,,,,,,,,2026-08-12 10:09:10,2026-08-12 10:09:24,77081,
541,341373,Sebastian Mathisen,S. Mathisen,24,SUB,,,,,,,,,2026-08-12 10:09:10,2026-08-12 10:09:24,271353,
542,368078,Stian Kristiansen,S. Kristiansen,47,SUB,,,,,,,,,2026-08-12 10:09:10,2026-08-12 10:09:24,277771,
543,252739,Kristoffer Klaesson,K. Klaesson,1,G,,,,,,,,,2026-08-12 10:09:10,2026-08-12 10:09:46,237935,
544,341307,Aleksander Hammer Kjelsen,A. Kjelsen,5,CD,,,,,,,,,2026-08-12 10:09:10,2026-08-12 10:10:00,,
545,293396,Ólafur Gudmundsson,Ó. Gudmundsson,3,CD-L,,,,,,,,,2026-08-12 10:09:10,2026-08-12 10:10:00,,
546,354349,Emil Engqvist,E. Engqvist,22,SUB,,,,,,,,,2026-08-12 10:09:10,2026-08-12 10:10:00,,
547,288374,Jakob Nyland Orsahl,J. Nyland Orsahl,16,SUB,,,,,,,,,2026-08-12 10:09:10,2026-08-12 10:10:00,,
548,357118,Uba Charles,Uba Charles,14,RB,,,,,,,,,2026-08-12 10:09:10,2026-08-12 10:10:00,274948,
549,290110,Elias Hagen,E. Hagen,18,CM,,,,,,,,,2026-08-12 10:09:10,2026-08-12 10:10:00,258355,
550,333776,Henrik Melland,H. Melland,8,CM-L,,,,,,,,,2026-08-12 10:09:10,2026-08-12 10:10:00,,
551,415425,Mathias Christensen,M. Christensen,21,CM-R,,,,,,,,,2026-08-12 10:09:10,2026-08-12 10:10:00,231233,
552,415427,Kristian Lonebu,K. Lonebu,39,CF-L,,,,,,,,,2026-08-12 10:09:10,2026-08-12 10:10:00,,
553,386363,Ivan Djantou,I. Djantou,20,SUB,,,,,,,,,2026-08-12 10:09:10,2026-08-12 10:09:46,,
554,332567,Elias Myrlid,E. Myrlid,17,SUB,,,,,,,,,2026-08-12 10:09:10,2026-08-12 10:10:00,,
555,357343,Simen Haram,S. Haram,4,CD-R,,,,,,,,,2026-08-12 10:09:10,2026-08-12 10:10:00,,
556,370772,Davíd Jóhannsson,D. Jóhannsson,11,SUB,,,,,,,,,2026-08-12 10:09:10,2026-08-12 10:09:46,,
557,418377,Endre Osenbroch,E. Osenbroch,15,CF-R,,,,,,,,,2026-08-12 10:09:10,2026-08-12 10:10:00,,
558,288201,Tor Erik Larsen,T. Larsen,26,G,,,,,,,,,2026-08-12 10:09:10,2026-08-12 10:10:00,,
559,366393,Håkon Hammer,H. Hammer,6,SUB,,,,,,,,,2026-08-12 10:09:10,2026-08-12 10:10:00,,
560,341298,Ulrik Syversen,U. Syversen,25,SUB,,,,,,,,,2026-08-12 10:09:10,2026-08-12 10:10:00,,
561,397296,Marius Andresen,M. Andresen,2,SUB,,,,,,,,,2026-08-12 10:09:10,2026-08-12 10:10:00,,
562,301449,Robin Roefs,R. Roefs,22,G,,,,,,,,,2026-08-12 10:09:10,2026-08-12 10:09:10,263798,
563,215401,Omar Alderete,O. Alderete,15,CD-L,,,,,,,,,2026-08-12 10:09:10,2026-08-12 10:09:10,240359,
564,214188,Nordi Mukiele,N. Mukiele,20,CD-R,,,,,,,,,2026-08-12 10:09:10,2026-08-12 10:09:10,226166,79
565,301487,Dennis Cirkin,D. Cirkin,3,LB,,,,,,,,,2026-08-12 10:09:10,2026-08-12 10:09:10,256831,
566,290207,Trai Hume,T. Hume,32,RB,,,,,,,,,2026-08-12 10:09:10,2026-08-12 10:09:10,266400,74
567,288340,Enzo Le Fée,E. Le Fée,28,AM,,,,,,,,,2026-08-12 10:09:10,2026-08-12 10:09:10,246350,
568,149981,Granit Xhaka,G. Xhaka,34,LM,,,,,,,,,2026-08-12 10:09:10,2026-08-12 10:09:10,199503,85
569,264828,Lutsharel Geertruida,L. Geertruida,6,RM,,,,,,,,,2026-08-12 10:09:10,2026-08-12 10:09:10,241187,78
570,282229,Brian Brobbey,B. Brobbey,9,F,,,,,,,,,2026-08-12 10:09:10,2026-08-12 10:09:10,251810,77
571,317404,Simon Adingra,S. Adingra,24,AM-L,,,,,,,,,2026-08-12 10:09:10,2026-08-12 10:09:10,260779,76
572,332862,Eliezer Mayenda,E. Mayenda,12,AM-R,,,,,,,,,2026-08-12 10:09:10,2026-08-12 10:09:10,271248,
573,281705,Anthony Patterson,A. Patterson,1,SUB,,,,,,,,,2026-08-12 10:09:10,2026-08-12 10:09:10,246417,
574,387460,Tymur Tutierov,T. Tutierov,57,SUB,,,,,,,,,2026-08-12 10:09:10,2026-08-12 10:09:10,,
575,381475,Harrison Jones,H. Jones,50,SUB,,,,,,,,,2026-08-12 10:09:10,2026-08-12 10:09:10,71493,
576,312592,Leo Hjelde,L. Hjelde,33,SUB,,,,,,,,,2026-08-12 10:09:10,2026-08-12 10:09:10,253969,
577,356295,Chris Rigg,C. Rigg,11,SUB,,,,,,,,,2026-08-12 10:09:10,2026-08-12 10:09:10,273459,
578,323084,Romaine Mundle,R. Mundle,14,SUB,,,,,,,,,2026-08-12 10:09:10,2026-08-12 10:09:10,268903,
579,191574,Luke O'Nien,L. O'Nien,13,SUB,,,,,,,,,2026-08-12 10:09:10,2026-08-12 10:09:10,215700,
580,283179,Daniel Neil,D. Neil,4,SUB,,,,,,,,,2026-08-12 10:09:10,2026-08-12 10:09:10,258483,
581,265915,Wilson Isidor,W. Isidor,18,SUB,,,,,,,,,2026-08-12 10:09:10,2026-08-12 10:09:10,247335,
582,217092,Gianluigi Donnarumma,G. Donnarumma,25,G,,,,,,,,382,2026-08-12 10:09:10,2026-08-12 10:09:10,230621,89
583,159248,Nathan Aké,N. Aké,6,CD-L,,,,,,,,382,2026-08-12 10:09:10,2026-08-12 10:09:10,208920,83
584,234878,Rúben Dias,R. Dias,3,CD-R,,,,,,,,382,2026-08-12 10:09:10,2026-08-12 10:09:10,239818,
585,328464,Nico O'Reilly,N. O'Reilly,33,LB,,,,,,,,382,2026-08-12 10:09:10,2026-08-12 10:09:10,277427,
586,303785,Matheus Nunes,M. Nunes,27,RB,,,,,,,,382,2026-08-12 10:09:10,2026-08-12 10:09:10,253124,
587,323986,Nico González,N. González,14,CM,,,,,,,,382,2026-08-12 10:09:10,2026-08-12 10:09:10,255069,79
588,250787,Phil Foden,P. Foden,47,CM-L,,,,,,,,382,2026-08-12 10:09:10,2026-08-12 10:09:10,237692,85
589,199833,Bernardo Silva,B. Silva,20,CM-R,,,,,,,,382,2026-08-12 10:09:10,2026-08-12 10:09:10,218667,
590,253989,Erling Haaland,E. Haaland,9,F,,,,,,,,382,2026-08-12 10:09:10,2026-08-12 10:09:10,239085,90
591,304470,Savinho,Savinho,26,CF-L,,,,,,,,382,2026-08-12 10:09:10,2026-08-12 10:09:10,270409,
592,298008,Rayan Cherki,R. Cherki,10,CF-R,,,,,,,,382,2026-08-12 10:09:10,2026-08-12 10:09:10,251570,81
593,261328,Tijjani Reijnders,T. Reijnders,4,SUB,,,,,,,,382,2026-08-12 10:09:10,2026-08-12 10:09:10,240638,86
594,378369,Reigan Heskey,R. Heskey,92,SUB,,,,,,,,,2026-08-12 10:09:10,2026-08-12 10:09:10,,
595,325564,Rico Lewis,R. Lewis,82,SUB,,,,,,,,382,2026-08-12 10:09:10,2026-08-12 10:09:10,271574,
596,358577,Divine Mukasa,D. Mukasa,63,SUB,,,,,,,,,2026-08-12 10:09:10,2026-08-12 10:09:10,,
597,299910,Josko Gvardiol,J. Gvardiol,24,SUB,,,,,,,,382,2026-08-12 10:09:10,2026-08-12 10:09:10,251517,
598,231828,Rodri,Rodri,16,SUB,,,,,,,,382,2026-08-12 10:09:10,2026-08-12 10:09:10,231866,
599,362211,Abdukodir Khusanov,A. Khusanov,45,SUB,,,,,,,,382,2026-08-12 10:09:10,2026-08-12 10:09:10,277031,
600,307118,James Trafford,J. Trafford,1,SUB,,,,,,,,382,2026-08-12 10:09:10,2026-08-12 10:09:10,263063,
601,283672,Jérémy Doku,J. Doku,11,SUB,,,,,,,,382,2026-08-12 10:09:10,2026-08-12 10:09:10,246420,80
602,295476,Maduka Okoye,M. Okoye,40,G,,,,,,,,,2026-08-12 10:09:11,2026-08-12 10:10:13,257288,74
603,99909,Thomas Kristensen,T. Kristensen,31,CD,,,,,,,,,2026-08-12 10:09:11,2026-08-12 10:10:13,261573,72
604,319437,Nicolò Bertola,N. Bertola,13,CD-L,,,,,,,,,2026-08-12 10:09:11,2026-08-12 10:10:13,271475,68
605,261066,Oumar Solet,O. Solet,28,CD-R,,,,,,,,,2026-08-12 10:09:11,2026-08-12 10:10:13,242238,78
606,347009,Lennon Miller,L. Miller,38,CM-R,,,,,,,,,2026-08-12 10:09:11,2026-08-12 10:10:13,275522,71
607,237055,Jesper Karlström,J. Karlström,8,CM-L,,,,,,,,,2026-08-12 10:09:11,2026-08-12 10:10:13,214658,75
608,283171,Jordan Zemura,J. Zemura,33,LM,,,,,,,,,2026-08-12 10:09:11,2026-08-12 10:10:13,259634,70
609,212476,Kingsley Ehizibue,K. Ehizibue,19,RM,,,,,,,,,2026-08-12 10:09:11,2026-08-12 10:10:13,225669,73
610,233654,Keinan Davis,K. Davis,9,F,,,,,,,,,2026-08-12 10:09:11,2026-08-12 10:09:11,231743,72
611,356213,Arthur Atta,A. Atta,14,CF-L,,,,,,,,,2026-08-12 10:09:11,2026-08-12 10:10:13,272783,69
612,270817,Jurgen Ekkelenkamp,J. Ekkelenkamp,32,CF-R,,,,,,,,,2026-08-12 10:09:11,2026-08-12 10:10:13,243249,74
613,360207,Juan David Arizala,J. Arizala,20,SUB,,,,,,,,111,2026-08-12 10:09:11,2026-08-12 10:10:13,251870,
614,306579,Oier Zarraga,O. Zarraga,6,SUB,,,,,,,,,2026-08-12 10:09:11,2026-08-12 10:10:13,258615,71
615,150081,Christian Kabasele,C. Kabasele,27,SUB,,,,,,,,,2026-08-12 10:09:11,2026-08-12 10:10:13,190324,72
616,400788,Abdoulaye Camara,A. Camara,29,SUB,,,,,,,,,2026-08-12 10:09:11,2026-08-12 10:10:13,79859,
617,377170,Idrissa Gueye,I. Gueye,7,SUB,,,,,,,,,2026-08-12 10:09:11,2026-08-12 10:10:13,76411,79
618,93816,Daniele Padelli,D. Padelli,93,SUB,,,,,,,,,2026-08-12 10:09:11,2026-08-12 10:10:13,162297,65
619,362555,Alessandro Nunziante,A. Nunziante,1,SUB,,,,,,,,,2026-08-12 10:09:11,2026-08-12 10:09:11,80203,
620,263508,Bayo Youssouf,B. Youssouf,15,F,,,,,,,,,2026-08-12 10:09:11,2026-08-12 10:10:13,,
621,251388,Nicolò Zaniolo,N. Zaniolo,10,SUB,,,,,,,,,2026-08-12 10:09:11,2026-08-12 10:10:13,238067,76
622,238798,Mile Svilar,M. Svilar,99,G,,,,,,,,100,2026-08-12 10:09:11,2026-08-12 10:09:11,230872,82
623,242593,Evan Ndicka,E. Ndicka,5,CD,,,,,,,,100,2026-08-12 10:09:11,2026-08-12 10:09:11,236403,81
624,222529,Mario Hermoso,M. Hermoso,22,CD-L,,,,,,,,100,2026-08-12 10:09:11,2026-08-12 10:09:11,229668,80
625,212597,Gianluca Mancini,G. Mancini,23,CD-R,,,,,,,,100,2026-08-12 10:09:11,2026-08-12 10:09:11,229582,83
626,323807,Neil El Aynaoui,N. El Aynaoui,8,CM-L,,,,,,,,100,2026-08-12 10:09:11,2026-08-12 10:09:11,262745,77
627,169213,Bryan Cristante,B. Cristante,4,CM-R,,,,,,,,100,2026-08-12 10:09:11,2026-08-12 10:09:11,208268,80
628,332354,Wesley,Wesley,43,LM,,,,,,,,100,2026-08-12 10:09:11,2026-08-12 10:09:11,80170,
629,271873,Zeki Çelik,Z. Çelik,19,RM,,,,,,,,100,2026-08-12 10:09:11,2026-08-12 10:09:11,224490,76
630,259481,Donyell Malen,D. Malen,14,F,,,,,,,,362,2026-08-12 10:09:11,2026-08-12 10:09:11,231447,79
631,204320,Lorenzo Pellegrini,L. Pellegrini,7,CF-L,,,,,,,,100,2026-08-12 10:09:11,2026-08-12 10:09:11,228251,80
632,323974,Matìas Soulè,M. Soulè,18,CF-R,,,,,,,,100,2026-08-12 10:09:11,2026-08-12 10:09:11,265695,
633,377894,Robinio Vaz,R. Vaz,78,SUB,,,,,,,,219,2026-08-12 10:09:11,2026-08-12 10:09:11,76410,
634,364223,Jan Ziólkowski,J. Ziólkowski,24,SUB,,,,,,,,,2026-08-12 10:09:11,2026-08-12 10:09:11,,
635,340705,Daniele Ghilardi,D. Ghilardi,87,SUB,,,,,,,,100,2026-08-12 10:09:11,2026-08-12 10:09:11,277695,72
636,404546,Antonio Arena,A. Arena,68,SUB,,,,,,,,,2026-08-12 10:09:11,2026-08-12 10:09:11,276917,
637,297300,Devyne Rensch,D. Rensch,2,SUB,,,,,,,,100,2026-08-12 10:09:11,2026-08-12 10:09:11,258826,74
638,234300,Devis Vásquez,D. Vásquez,32,SUB,,,,,,,,100,2026-08-12 10:09:11,2026-08-12 10:09:11,233189,72
640,384836,Mattia Della Rocca,M. Della Rocca,75,SUB,,,,,,,,,2026-08-12 10:09:11,2026-08-12 10:09:11,,
641,214319,Angeliño,Angeliño,3,SUB,,,,,,,,100,2026-08-12 10:09:11,2026-08-12 10:09:11,220651,
642,206587,Pierluigi Gollini,P. Gollini,95,SUB,,,,,,,,100,2026-08-12 10:09:11,2026-08-12 10:09:11,211515,74
643,360235,Niccolò Pisilli,N. Pisilli,61,SUB,,,,,,,,100,2026-08-12 10:09:11,2026-08-12 10:09:11,275291,72
644,226177,Kostas Tsimikas,K. Tsimikas,12,SUB,,,,,,,,100,2026-08-12 10:09:11,2026-08-12 10:09:11,232223,77
665,324289,Guillaume Restes,G. Restes,1,G,,,,,,,,,2026-08-12 10:09:11,2026-08-12 10:09:52,265526,78
666,408252,Seny Koumbassa,S. Koumbassa,35,SUB,,,,,,,,,2026-08-12 10:09:11,2026-08-12 10:09:52,80695,
667,238213,Rasmus Nicolaisen,R. Nicolaisen,2,CD,,,,,,,,,2026-08-12 10:09:11,2026-08-12 10:09:52,235244,76
668,77072,Mark McKenzie,M. McKenzie,3,CD-L,,,,,,,,,2026-08-12 10:09:11,2026-08-12 10:09:52,242195,
669,353378,Pape Diop,P. Diop,18,CM-L,,,,,,,,,2026-08-12 10:09:11,2026-08-12 10:09:52,271721,69
670,271244,Cristian Cásseres Jr.,C. Cásseres Jr.,23,CM-R,,,,,,,,,2026-08-12 10:09:11,2026-08-12 10:09:52,242534,
671,388070,Dayann Methalie,D. Methalie,24,LM,,,,,,,,,2026-08-12 10:09:11,2026-08-12 10:09:52,74491,
672,30302,Djibril Sidibé,D. Sidibé,19,CD-R,,,,,,,,,2026-08-12 10:09:11,2026-08-12 10:09:52,201042,
673,322654,Emersonn,Emersonn,20,F,,,,,,,,,2026-08-12 10:09:11,2026-08-12 10:09:52,76803,
674,277383,Yann Gboho,Y. Gboho,10,CF-L,,,,,,,,,2026-08-12 10:09:11,2026-08-12 10:09:52,252937,
675,252740,Aron Donnum,A. Donnum,15,CF-R,,,,,,,,,2026-08-12 10:09:11,2026-08-12 10:09:52,,
676,408251,Alexis Vossah,A. Vossah,45,SUB,,,,,,,,,2026-08-12 10:09:11,2026-08-12 10:09:52,80696,
677,380400,Julián Vignolo,J. Vignolo,7,SUB,,,,,,,,,2026-08-12 10:09:11,2026-08-12 10:09:52,80771,
678,403310,Ilyas Azizi,I. Azizi,37,SUB,,,,,,,,,2026-08-12 10:09:11,2026-08-12 10:09:11,78379,
679,396620,Naime Said Mchindra,N. Said Mchindra,40,SUB,,,,,,,,,2026-08-12 10:09:11,2026-08-12 10:09:52,80773,
680,261423,Kjetil Haug,K. Haug,16,SUB,,,,,,,,,2026-08-12 10:09:11,2026-08-12 10:09:52,224322,70
681,322205,Mario Sauer,M. Sauer,77,SUB,,,,,,,,,2026-08-12 10:09:11,2026-08-12 10:09:52,79390,68
682,408255,Gaetan Bakhouche,G. Bakhouche,44,SUB,,,,,,,,,2026-08-12 10:09:11,2026-08-12 10:09:52,80774,
683,304889,Waren Kamanzi,W. Kamanzi,12,RM,,,,,,,,,2026-08-12 10:09:11,2026-08-12 10:09:52,257970,
684,297121,Jacen Russell-Rowe,J. Russell-Rowe,13,SUB,,,,,,,,,2026-08-12 10:09:11,2026-08-12 10:09:52,269923,64
687,265907,Marc Guéhi,M. Guéhi,6,CD-L,,,,,,,,,2026-08-12 10:09:12,2026-08-12 10:09:12,241159,82
699,409952,Ben Casey,B. Casey,73,SUB,,,,,,,,,2026-08-12 10:09:12,2026-08-12 10:09:12,,
700,408511,Joél Drakes-Thomas,J. Drakes-Thomas,86,SUB,,,,,,,,,2026-08-12 10:09:12,2026-08-12 10:09:12,242075,
701,356208,Romain Esse,R. Esse,21,SUB,,,,,,,,,2026-08-12 10:09:12,2026-08-12 10:09:12,273616,70
703,403867,Dean Benamar,D. Benamar,72,SUB,,,,,,,,,2026-08-12 10:09:12,2026-08-12 10:09:12,,
704,345213,Kaden Rodney,K. Rodney,42,SUB,,,,,,,,,2026-08-12 10:09:12,2026-08-12 10:10:14,,
705,153765,Bernd Leno,B. Leno,1,G,,,,,,,,,2026-08-12 10:09:12,2026-08-12 10:09:12,192563,80
706,252031,Jorge Cuenca,J. Cuenca,15,CD-L,,,,,,,,,2026-08-12 10:09:12,2026-08-12 10:09:12,237522,74
707,196081,Joachim Andersen,J. Andersen,5,CD-R,,,,,,,,,2026-08-12 10:09:12,2026-08-12 10:09:12,224221,78
708,222396,Antonee Robinson,A. Robinson,33,LB,,,,,,,,,2026-08-12 10:09:12,2026-08-12 10:09:12,229348,82
709,190974,Kenny Tete,K. Tete,2,RB,,,,,,,,,2026-08-12 10:09:12,2026-08-12 10:09:12,216266,77
710,266697,Emile Smith Rowe,E. Smith Rowe,32,AM,,,,,,,,,2026-08-12 10:09:12,2026-08-12 10:09:12,240273,77
711,218998,Sander Berge,S. Berge,16,LM,,,,,,,,,2026-08-12 10:09:12,2026-08-12 10:09:12,228092,79
712,222300,Sasa Lukic,S. Lukic,20,RM,,,,,,,,,2026-08-12 10:09:12,2026-08-12 10:09:12,236699,
713,167060,Raúl Jiménez,R. Jiménez,7,F,,,,,,,,,2026-08-12 10:09:12,2026-08-12 10:09:12,204838,77
714,330764,Kevin,Kevin,22,AM-L,,,,,,,,,2026-08-12 10:09:12,2026-08-12 10:09:12,70571,
715,194801,Harry Wilson,H. Wilson,8,AM-R,,,,,,,,,2026-08-12 10:09:12,2026-08-12 10:09:12,220710,76
716,140033,Tom Cairney,T. Cairney,10,SUB,,,,,,,,,2026-08-12 10:09:12,2026-08-12 10:09:12,195202,74
717,197163,Timothy Castagne,T. Castagne,21,SUB,,,,,,,,,2026-08-12 10:09:12,2026-08-12 10:09:12,222501,76
718,220626,Adama Traoré,A. Traoré,11,SUB,,,,,,,,,2026-08-12 10:09:12,2026-08-12 10:09:12,193177,76
719,400112,Seth Ridgeon,S. Ridgeon,38,SUB,,,,,,,,,2026-08-12 10:09:12,2026-08-12 10:09:12,,
720,193246,Harrison Reed,H. Reed,6,SUB,,,,,,,,,2026-08-12 10:09:12,2026-08-12 10:09:12,205990,72
721,369363,Jonah Kusi-Asare,J. Kusi-Asare,18,SUB,,,,,,,,,2026-08-12 10:09:12,2026-08-12 10:09:12,278578,60
722,149517,Benjamin Lecomte,B. Lecomte,23,SUB,,,,,,,,,2026-08-12 10:09:12,2026-08-12 10:09:12,200726,74
723,365953,Samuel Amissah,S. Amissah,35,SUB,,,,,,,,,2026-08-12 10:09:12,2026-08-12 10:09:12,,
724,230963,Issa Diop,I. Diop,31,SUB,,,,,,,,,2026-08-12 10:09:12,2026-08-12 10:09:12,231633,76
725,173749,Matías Dituro,M. Dituro,1,G,,,,,,,,,2026-08-12 10:09:13,2026-08-12 10:09:29,207935,75
726,313230,David Affengruber,D. Affengruber,22,CD,,,,,,,,,2026-08-12 10:09:13,2026-08-12 10:09:16,261264,75
727,167297,Pedro Bigas,P. Bigas,6,CD-L,,,,,,,,,2026-08-12 10:09:13,2026-08-12 10:09:29,206222,
728,231780,Léo Pétrot,L. Pétrot,21,CD-R,,,,,,,,,2026-08-12 10:09:13,2026-08-12 10:09:29,248559,
729,240235,Aleix Febas,A. Febas,14,CM-L,,,,,,,,,2026-08-12 10:09:13,2026-08-12 10:09:29,235522,
730,320648,Lucas Cepeda,L. Cepeda,24,CM-R,,,,,,,,,2026-08-12 10:09:13,2026-08-12 10:09:29,71013,
731,301406,Marc Aguado,M. Aguado,8,AM,,,,,,,,,2026-08-12 10:09:13,2026-08-12 10:09:29,246809,
732,297358,Germán Valera,G. Valera,11,LM,,,,,,,,,2026-08-12 10:09:13,2026-08-12 10:09:29,254860,
733,259916,José Antonio Morente,J. Morente,15,RM,,,,,,,,,2026-08-12 10:09:13,2026-08-12 10:09:29,239671,
734,3368,André Silva,A. Silva,9,CF-L,,,,,,,,,2026-08-12 10:09:13,2026-08-12 10:09:29,228941,
735,230974,Rafa Mir,R. Mir,10,SUB,,,,,,,,,2026-08-12 10:09:13,2026-08-12 10:09:29,231628,
736,311996,John Donald,J. Donald,18,SUB,,,,,,,,,2026-08-12 10:09:13,2026-08-12 10:09:29,260083,
737,318181,Federico Redondo,F. Redondo,5,SUB,,,,,,,,,2026-08-12 10:09:13,2026-08-12 10:09:29,269622,
738,277292,Adrià Pedrosa,A. Pedrosa,3,SUB,,,,,,,,,2026-08-12 10:09:13,2026-08-12 10:09:29,246113,
739,273424,Gonzalo Villar,G. Villar,12,SUB,,,,,,,,,2026-08-12 10:09:13,2026-08-12 10:09:29,244393,
740,265995,Víctor Chust,V. Chust,23,CD,,,,,,,,,2026-08-12 10:09:13,2026-08-12 10:09:29,259173,
741,367682,Adam Boayar,A. Boayar,32,SUB,,,,,,,,,2026-08-12 10:09:13,2026-08-12 10:09:29,279035,
742,242739,Grady Diangana,G. Diangana,19,CM-L,,,,,,,,,2026-08-12 10:09:13,2026-08-12 10:09:16,231436,
743,340677,Martim Neto,M. Neto,16,SUB,,,,,,,,,2026-08-12 10:09:13,2026-08-12 10:09:29,270109,
744,214330,Josan,Josan,17,SUB,,,,,,,,,2026-08-12 10:09:13,2026-08-12 10:09:16,229667,
745,353151,Álvaro Rodríguez,Á. Rodríguez,20,CF-R,,,,,,,,,2026-08-12 10:09:13,2026-08-12 10:09:29,272445,
746,282680,Iñaki Peña,I. Peña,13,SUB,,,,,,,,,2026-08-12 10:09:13,2026-08-12 10:09:29,246139,
747,371608,Buba Sangaré,B. Sangaré,42,SUB,,,,,,,,100,2026-08-12 10:09:13,2026-08-12 10:09:29,279200,
748,179211,Marko Dmitrovic,M. Dmitrovic,13,G,,,,,,,,,2026-08-12 10:09:13,2026-08-12 10:09:13,227290,
749,133259,Leandro Cabrera,L. Cabrera,6,CD-L,,,,,,,,,2026-08-12 10:09:13,2026-08-12 10:09:13,192816,75
750,323737,Clemens Riedel,C. Riedel,38,CD-R,,,,,,,,,2026-08-12 10:09:13,2026-08-12 10:09:13,263575,
751,271904,Carlos Romero,C. Romero,22,LB,,,,,,,,,2026-08-12 10:09:13,2026-08-12 10:09:13,270728,
752,310682,Omar El Hilali,O. El Hilali,23,RB,,,,,,,,,2026-08-12 10:09:13,2026-08-12 10:09:13,261654,77
753,260242,Pol Lozano,P. Lozano,10,CM-L,,,,,,,,,2026-08-12 10:09:13,2026-08-12 10:09:13,244407,
754,307915,Urko Gonzalez,U. Gonzalez,4,CM-R,,,,,,,,,2026-08-12 10:09:13,2026-08-12 10:09:13,260546,
755,196914,Pere Milla,P. Milla,11,LM,,,,,,,,,2026-08-12 10:09:13,2026-08-12 10:09:13,225926,
756,306520,Tyrhys Dolan,T. Dolan,24,RM,,,,,,,,,2026-08-12 10:09:13,2026-08-12 10:09:13,257063,
757,135422,Enrique García,E. García,19,F,,,,,,,,,2026-08-12 10:09:13,2026-08-12 10:09:13,192678,
758,255272,Edu Expósito,E. Expósito,8,RCF,,,,,,,,,2026-08-12 10:09:13,2026-08-12 10:09:13,229862,
759,309838,Ramón Terrats,R. Terrats,14,SUB,,,,,,,,,2026-08-12 10:09:13,2026-08-12 10:09:13,259521,
760,307270,Jofre Carreras,J. Carreras,17,SUB,,,,,,,,,2026-08-12 10:09:13,2026-08-12 10:09:13,258949,
761,318773,Roberto Fernández,R. Fernández,9,SUB,,,,,,,,,2026-08-12 10:09:13,2026-08-12 10:09:13,263676,
762,307419,Ángel Fortuño,Á. Fortuño,1,SUB,,,,,,,,,2026-08-12 10:09:13,2026-08-12 10:09:13,258948,
763,283741,Cyril Ngonge,C. Ngonge,26,CF-R,,,,,,,,,2026-08-12 10:09:13,2026-08-12 10:10:16,246457,72
764,261199,Fernando Calero,F. Calero,5,SUB,,,,,,,,,2026-08-12 10:09:13,2026-08-12 10:09:13,240289,
765,235875,Charles Pickel,C. Pickel,18,SUB,,,,,,,,,2026-08-12 10:09:13,2026-08-12 10:09:13,233884,
766,273291,Miguel Rubio,M. Rubio,15,SUB,,,,,,,,,2026-08-12 10:09:13,2026-08-12 10:09:13,243431,
767,319781,Rubén Sánchez,R. Sánchez,2,SUB,,,,,,,,,2026-08-12 10:09:13,2026-08-12 10:09:13,262479,
768,331757,Pol Tristan,Pol Tristan,30,SUB,,,,,,,,,2026-08-12 10:09:13,2026-08-12 10:09:13,279605,
769,184488,José Salinas,J. Salinas,12,SUB,,,,,,,,,2026-08-12 10:09:13,2026-08-12 10:09:13,258684,
770,165334,Stole Dimitrievski,S. Dimitrievski,1,G,,,,,,,,,2026-08-12 10:09:15,2026-08-12 10:09:15,211348,79
771,231697,Eray Cömert,E. Cömert,24,CD-L,,,,,,,,,2026-08-12 10:09:15,2026-08-12 10:09:15,233885,72
772,260902,Unai Núñez,U. Núñez,4,CD-R,,,,,,,,,2026-08-12 10:09:15,2026-08-12 10:09:15,240900,
773,178747,José Gayà,J. Gayà,14,SUB,,,,,,,,,2026-08-12 10:09:15,2026-08-12 10:09:42,211688,81
774,275983,Thierry Correia,T. Correia,12,RM,,,,,,,,,2026-08-12 10:09:15,2026-08-12 10:09:42,247832,
775,212185,Guido Rodríguez,G. Rodríguez,2,CM-L,,,,,,,,371,2026-08-12 10:09:15,2026-08-12 10:09:15,225659,77
776,16340,Javier Guerra,J. Guerra,8,CM-R,,,,,,,,,2026-08-12 10:09:15,2026-08-12 10:09:42,266436,
777,264177,Luis Rioja,L. Rioja,11,SUB,,,,,,,,,2026-08-12 10:09:15,2026-08-12 10:09:42,224415,
778,291435,Largie Ramazani,L. Ramazani,17,SUB,,,,,,,,,2026-08-12 10:09:15,2026-08-12 10:09:42,243134,74
779,248681,Filip Ugrinic,F. Ugrinic,23,CF-L,,,,,,,,,2026-08-12 10:09:15,2026-08-12 10:09:15,236657,
780,211770,Umar Sadiq,U. Sadiq,6,CF-R,,,,,,,,89,2026-08-12 10:09:15,2026-08-12 10:09:15,231627,77
781,189804,Jesús Vázquez,J. Vázquez,21,LM,,,,,,,,,2026-08-12 10:09:15,2026-08-12 10:09:42,260082,
782,377768,David Otorbi,D. Otorbi,27,SUB,,,,,,,,,2026-08-12 10:09:15,2026-08-12 10:09:15,279868,
783,76884,Cristian Rivero,C. Rivero,13,SUB,,,,,,,,,2026-08-12 10:09:15,2026-08-12 10:09:42,241179,
784,231603,Pepelu,Pepelu,18,AM,,,,,,,,,2026-08-12 10:09:15,2026-08-12 10:09:42,230786,
785,384307,Vicent Abril,Vicent Abril,28,SUB,,,,,,,,,2026-08-12 10:09:15,2026-08-12 10:09:42,,
786,330552,César Tárrega,C. Tárrega,5,SUB,,,,,,,,,2026-08-12 10:09:15,2026-08-12 10:09:42,265726,
787,253763,Dani Raba,D. Raba,19,SUB,,,,,,,,,2026-08-12 10:09:15,2026-08-12 10:09:42,241463,
788,324504,Diego López,D. López,16,SUB,,,,,,,,,2026-08-12 10:09:15,2026-08-12 10:09:42,264238,
789,231618,Arnaut Danjuma,A. Danjuma,7,SUB,,,,,,,,,2026-08-12 10:09:15,2026-08-12 10:09:42,236276,75
790,192403,Baptiste Santamaria,B. Santamaria,22,SUB,,,,,,,,,2026-08-12 10:09:15,2026-08-12 10:09:42,219792,
791,286604,André Almeida,A. Almeida,10,CM-L,,,,,,,,,2026-08-12 10:09:15,2026-08-12 10:09:42,247729,
792,267477,Hugo Duro,H. Duro,9,CF-R,,,,,,,,,2026-08-12 10:09:15,2026-08-12 10:09:42,243032,
793,191360,Sergio Herrera,S. Herrera,1,G,,,,,,,,,2026-08-12 10:09:15,2026-08-12 10:09:29,224003,
794,307019,Jorge Herrando,J. Herrando,5,CD-L,,,,,,,,,2026-08-12 10:09:15,2026-08-12 10:09:29,272433,
795,264175,Alejandro Catena,A. Catena,24,CD-R,,,,,,,,,2026-08-12 10:09:15,2026-08-12 10:09:29,243976,
796,231838,Javi Galán,J. Galán,20,LB,,,,,,,,1068,2026-08-12 10:09:15,2026-08-12 10:09:29,231591,80
797,238252,Valentin Rosier,V. Rosier,19,RB,,,,,,,,,2026-08-12 10:09:15,2026-08-12 10:09:29,234730,
798,397545,Víctor Muñoz,V. Muñoz,21,AM,,,,,,,,,2026-08-12 10:09:15,2026-08-12 10:09:29,76042,
799,286176,Jon Moncayola,J. Moncayola,7,SUB,,,,,,,,,2026-08-12 10:09:15,2026-08-12 10:09:29,247495,
800,170154,Lucas Torró,L. Torró,6,RM,,,,,,,,,2026-08-12 10:09:15,2026-08-12 10:09:29,208137,
801,207288,Ante Budimir,A. Budimir,17,F,,,,,,,,,2026-08-12 10:09:15,2026-08-12 10:09:29,188335,82
802,303906,Raúl Moro,R. Moro,18,SUB,,,,,,,,,2026-08-12 10:09:15,2026-08-12 10:09:29,258139,
803,178328,Rubén García,R. García,14,AM-R,,,,,,,,,2026-08-12 10:09:15,2026-08-12 10:09:29,211022,
804,169089,Moi Gómez,Moi Gómez,16,SUB,,,,,,,,,2026-08-12 10:09:15,2026-08-12 10:09:29,206590,
805,300284,Abel Bretones,A. Bretones,23,SUB,,,,,,,,,2026-08-12 10:09:15,2026-08-12 10:09:29,271145,
806,144759,Aitor Fernández,A. Fernández,13,SUB,,,,,,,,,2026-08-12 10:09:15,2026-08-12 10:09:29,193314,
807,380918,Iñigo Arguibide,I. Arguibide,41,SUB,,,,,,,,,2026-08-12 10:09:15,2026-08-12 10:09:29,71277,
808,296163,Raúl García,R. García,9,SUB,,,,,,,,,2026-08-12 10:09:15,2026-08-12 10:09:29,253416,
809,381628,Asier Osambela,A. Osambela,29,SUB,,,,,,,,,2026-08-12 10:09:15,2026-08-12 10:09:29,71598,
810,307905,Enzo Boyomo,E. Boyomo,22,SUB,,,,,,,,,2026-08-12 10:09:15,2026-08-12 10:09:15,259066,78
811,209580,Enrique Barja,E. Barja,11,SUB,,,,,,,,,2026-08-12 10:09:15,2026-08-12 10:09:29,225200,
812,155392,Juan Cruz,J. Cruz,3,SUB,,,,,,,,,2026-08-12 10:09:15,2026-08-12 10:09:29,243604,
813,359154,Iker Muñoz,I. Muñoz,8,LM,,,,,,,,,2026-08-12 10:09:15,2026-08-12 10:09:29,274355,
814,307648,Luiz Júnior,L. Júnior,1,G,,,,,,,,,2026-08-12 10:09:16,2026-08-12 10:09:16,258885,
815,297360,Rafa Marín,R. Marín,4,CD-L,,,,,,,,,2026-08-12 10:09:16,2026-08-12 10:09:16,277244,
816,368878,Pau Navarro,P. Navarro,6,CD-R,,,,,,,,,2026-08-12 10:09:16,2026-08-12 10:09:16,278659,
817,289072,Sergi Cardona,S. Cardona,23,LB,,,,,,,,,2026-08-12 10:09:16,2026-08-12 10:09:16,262402,
818,318098,Santiago Mouriño,S. Mouriño,15,RB,,,,,,,,,2026-08-12 10:09:16,2026-08-12 10:09:16,276493,74
819,255889,Pape Gueye,P. Gueye,18,CM-L,,,,,,,,,2026-08-12 10:09:16,2026-08-12 10:09:16,241707,78
820,240623,Santi Comesaña,S. Comesaña,14,CM-R,,,,,,,,,2026-08-12 10:09:16,2026-08-12 10:09:16,235781,
821,307390,Alberto Moleiro,A. Moleiro,20,LM,,,,,,,,,2026-08-12 10:09:16,2026-08-12 10:09:16,264388,
822,284769,Tajon Buchanan,T. Buchanan,17,RM,,,,,,,,,2026-08-12 10:09:16,2026-08-12 10:09:16,246800,74
823,300002,Georges Mikautadze,G. Mikautadze,9,CF-L,,,,,,,,,2026-08-12 10:09:16,2026-08-12 10:09:16,254551,77
824,210397,Nicolas Pépé,N. Pépé,19,CF-R,,,,,,,,,2026-08-12 10:09:16,2026-08-12 10:09:16,226110,80
825,218439,Alfonso Pedraza,A. Pedraza,24,SUB,,,,,,,,,2026-08-12 10:09:16,2026-08-12 10:09:16,228302,
826,271635,Alfonso González,A. González,11,SUB,,,,,,,,,2026-08-12 10:09:16,2026-08-12 10:09:16,243034,
827,294039,Tani Oluwaseyi,T. Oluwaseyi,21,SUB,,,,,,,,,2026-08-12 10:09:16,2026-08-12 10:09:16,271108,70
828,156172,Gerard Moreno,G. Moreno,7,SUB,,,,,,,,,2026-08-12 10:09:16,2026-08-12 10:09:16,208093,81
829,121020,Dani Parejo,D. Parejo,10,SUB,,,,,,,,,2026-08-12 10:09:16,2026-08-12 10:09:16,189513,82
830,337011,Renato Veiga,R. Veiga,12,SUB,,,,,,,,,2026-08-12 10:09:16,2026-08-12 10:09:16,273906,
831,248276,Alex Freeman,A. Freeman,3,SUB,,,,,,,,,2026-08-12 10:09:16,2026-08-12 10:09:16,267920,
832,189972,Thomas Partey,T. Partey,16,SUB,,,,,,,,,2026-08-12 10:09:16,2026-08-12 10:09:16,209989,83
833,290043,Arnau Tenas,A. Tenas,25,SUB,,,,,,,,,2026-08-12 10:09:16,2026-08-12 10:09:16,259065,
852,330433,Alejandro Iturbe,A. Iturbe,45,SUB,,,,,,,,,2026-08-12 10:09:16,2026-08-12 10:09:29,264116,
856,379948,Jonathan Fischer,J. Fischer,1,G,,,,,,,,,2026-08-12 10:09:16,2026-08-12 10:09:51,70118,
857,370501,Urie-Michel Mboula,U. Mboula,4,CD-L,,,,,,,,,2026-08-12 10:09:16,2026-08-12 10:09:51,77149,
858,362288,Sadibou Sané,S. Sané,38,CD-R,,,,,,,,,2026-08-12 10:09:16,2026-08-12 10:09:51,278065,70
859,248668,Fodé Ballo-Touré,F. Ballo-Touré,97,SUB,,,,,,,,,2026-08-12 10:09:16,2026-08-12 10:09:51,236723,
860,257052,Koffi Kouao,K. Kouao,39,RB,,,,,,,,,2026-08-12 10:09:16,2026-08-12 10:09:51,239919,71
861,239905,Gauthier Hein,G. Hein,10,AM,,,,,,,,,2026-08-12 10:09:16,2026-08-12 10:09:51,234239,
862,265200,Jessy Deminguet,J. Deminguet,20,RM,,,,,,,,,2026-08-12 10:09:16,2026-08-12 10:09:51,241238,
863,403997,Believe Munongo,B. Munongo,33,SUB,,,,,,,,,2026-08-12 10:09:16,2026-08-12 10:09:40,,
864,223376,Habib Diallo,H. Diallo,30,F,,,,,,,,,2026-08-12 10:09:16,2026-08-12 10:09:40,225293,72
865,276067,Giorgi Tsitaishvili,G. Tsitaishvili,7,AM-L,,,,,,,,,2026-08-12 10:09:16,2026-08-12 10:09:51,245131,72
866,289555,Giorgi Abuashvili,G. Abuashvili,9,SUB,,,,,,,,,2026-08-12 10:09:16,2026-08-12 10:09:51,277979,63
867,356651,Lucas Michel,L. Michel,19,SUB,,,,,,,,,2026-08-12 10:09:16,2026-08-12 10:09:16,203244,
868,416422,Nathan Mbala,N. Mbala,34,SUB,,,,,,,,,2026-08-12 10:09:16,2026-08-12 10:09:16,,
869,241062,Joel Asoro,J. Asoro,99,SUB,,,,,,,,,2026-08-12 10:09:16,2026-08-12 10:09:51,235855,
870,221131,Giorgi Kvilitaia,G. Kvilitaia,11,SUB,,,,,,,,,2026-08-12 10:09:16,2026-08-12 10:09:16,,
871,163922,Bouna Sarr,B. Sarr,70,SUB,,,,,,,,,2026-08-12 10:09:16,2026-08-12 10:09:16,,
872,376483,Alpha Touré,A. Touré,12,SUB,,,,,,,,,2026-08-12 10:09:16,2026-08-12 10:09:51,73485,
873,150283,Maxime Colin,M. Colin,2,LB,,,,,,,,,2026-08-12 10:09:16,2026-08-12 10:09:51,201136,
874,380023,Terry Yegbe,T. Yegbe,15,SUB,,,,,,,,,2026-08-12 10:09:16,2026-08-12 10:09:51,70160,69
875,297350,Ousmane Ba,O. Ba,40,SUB,,,,,,,,,2026-08-12 10:09:16,2026-08-12 10:09:51,240064,
877,321097,Bryan Okoh,B. Okoh,24,CD-L,,,,,,,,,2026-08-12 10:09:16,2026-08-12 10:09:16,263028,
888,414184,Yvan Zaddy,Y. Zaddy,41,SUB,,,,,,,,,2026-08-12 10:09:16,2026-08-12 10:09:16,,
895,409262,Tidiane Devernois,T. Devernois,36,SUB,,,,,,,,,2026-08-12 10:09:16,2026-08-12 10:09:16,80651,
896,205750,Alexander Nübel,A. Nübel,33,G,,,,,,,,9829,2026-08-12 10:09:17,2026-08-12 10:10:22,223885,81
897,258909,Jeff Chabot,J. Chabot,24,CD-L,,,,,,,,9829,2026-08-12 10:09:17,2026-08-12 10:10:22,239340,
898,372026,Finn Jeltsch,F. Jeltsch,29,SUB,,,,,,,,9829,2026-08-12 10:09:17,2026-08-12 10:10:22,278780,72
899,289322,Ramon Hendriks,R. Hendriks,3,CD-R,,,,,,,,9829,2026-08-12 10:09:17,2026-08-12 10:10:22,251829,70
900,259878,Nikolas Nartey,N. Nartey,28,SUB,,,,,,,,9829,2026-08-12 10:09:17,2026-08-12 10:10:22,238379,68
901,273300,Deniz Undav,D. Undav,26,CF-R,,,,,,,,9829,2026-08-12 10:09:17,2026-08-12 10:10:22,244176,80
902,290232,Angelo Stiller,A. Stiller,6,CM-L,,,,,,,,9829,2026-08-12 10:09:17,2026-08-12 10:10:22,250959,83
903,241742,Atakan Karazor,A. Karazor,16,CM-R,,,,,,,,9829,2026-08-12 10:09:17,2026-08-12 10:10:22,239096,76
904,269136,Ermedin Demirovic,E. Demirovic,9,CF-L,,,,,,,,9829,2026-08-12 10:09:17,2026-08-12 10:10:22,238900,
905,290811,Jamie Leweling,J. Leweling,18,AM-R,,,,,,,,9829,2026-08-12 10:09:17,2026-08-12 10:10:22,252448,75
906,336595,Bilal El Khannouss,B. El Khannouss,11,SUB,,,,,,,,9829,2026-08-12 10:09:17,2026-08-12 10:10:12,257504,76
907,201123,Fabian Bredlow,F. Bredlow,1,SUB,,,,,,,,9829,2026-08-12 10:09:17,2026-08-12 10:10:22,223603,71
908,409213,Florian Hellstern,F. Hellstern,44,SUB,,,,,,,,9829,2026-08-12 10:09:17,2026-08-12 10:10:12,79286,59
909,387489,Chema Andrés,C. Andrés,30,SUB,,,,,,,,9829,2026-08-12 10:09:17,2026-08-12 10:10:22,75056,
910,332574,Luca Jaquez,L. Jaquez,14,SUB,,,,,,,,9829,2026-08-12 10:09:17,2026-08-12 10:10:12,266685,69
911,323847,Ameen Al Dakhil,A. Al Dakhil,2,SUB,,,,,,,,9829,2026-08-12 10:09:17,2026-08-12 10:10:06,263573,72
912,345115,Badredine Bouanani,B. Bouanani,27,SUB,,,,,,,,9829,2026-08-12 10:09:17,2026-08-12 10:10:22,270465,75
913,304019,Tiago Tomás,T. Tomás,8,SUB,,,,,,,,9829,2026-08-12 10:09:17,2026-08-12 10:10:06,257073,
914,216225,Maximilian Mittelstädt,M. Mittelstädt,7,LB,,,,,,,,9829,2026-08-12 10:09:17,2026-08-12 10:10:22,227647,82
915,268951,Chris Führich,C. Führich,10,AM-L,,,,,,,,9829,2026-08-12 10:09:18,2026-08-12 10:10:22,241925,77
916,308461,Lorenz Assignon,L. Assignon,22,SUB,,,,,,,,9829,2026-08-12 10:09:18,2026-08-12 10:10:22,260574,76
917,238903,Diogo Costa,D. Costa,99,G,,,,,,,,,2026-08-12 10:09:18,2026-08-12 10:09:18,234577,
918,221788,Jan Bednarek,J. Bednarek,5,CD-L,,,,,,,,,2026-08-12 10:09:18,2026-08-12 10:09:18,220570,73
919,96254,Thiago Silva,T. Silva,3,CD-R,,,,,,,,,2026-08-12 10:09:18,2026-08-12 10:09:18,230366,
920,289513,Zaidu Sanusi,Z. Sanusi,12,LB,,,,,,,,,2026-08-12 10:09:18,2026-08-12 10:09:18,251528,72
921,346111,Alberto Costa,A. Costa,20,RB,,,,,,,,,2026-08-12 10:09:18,2026-08-12 10:09:18,270674,
922,223776,Pablo Rosario,P. Rosario,13,CM,,,,,,,,,2026-08-12 10:09:18,2026-08-12 10:09:18,235134,
923,387204,Rodrigo Mora,R. Mora,86,LM,,,,,,,,,2026-08-12 10:09:18,2026-08-12 10:09:18,72997,76
924,184118,Seko Fofana,S. Fofana,42,RM,,,,,,,,,2026-08-12 10:09:18,2026-08-12 10:09:18,216320,77
925,289769,Terem Moffi,T. Moffi,29,F,,,,,,,,,2026-08-12 10:09:18,2026-08-12 10:09:18,255000,75
926,292268,Borja Sainz,B. Sainz,17,LF,,,,,,,,,2026-08-12 10:09:18,2026-08-12 10:09:18,252929,
927,376664,William Gomes,W. Gomes,7,RF,,,,,,,,,2026-08-12 10:09:18,2026-08-12 10:09:18,77033,
928,307601,Alan Varela,A. Varela,22,SUB,,,,,,,,,2026-08-12 10:09:18,2026-08-12 10:09:18,260599,79
929,274289,Moura,Moura,74,SUB,,,,,,,,,2026-08-12 10:09:18,2026-08-12 10:09:18,,
930,364657,Martim Fernandes,M. Fernandes,52,SUB,,,,,,,,,2026-08-12 10:09:18,2026-08-12 10:09:18,72093,
931,307381,Gabri Veiga,G. Veiga,10,SUB,,,,,,,,,2026-08-12 10:09:18,2026-08-12 10:09:18,258729,
932,256909,Pepê,Pepê,11,SUB,,,,,,,,,2026-08-12 10:09:18,2026-08-12 10:09:18,238896,
933,373520,Victor Froholdt,V. Froholdt,8,SUB,,,,,,,,,2026-08-12 10:09:18,2026-08-12 10:09:18,279015,71
934,28261,Joao Costa,J. Costa,24,SUB,,,,,,,,,2026-08-12 10:09:18,2026-08-12 10:09:18,278567,
935,350513,Deniz Gül,D. Gül,27,SUB,,,,,,,,,2026-08-12 10:09:18,2026-08-12 10:09:18,278587,
936,345752,Dominik Prpic,D. Prpic,21,SUB,,,,,,,,,2026-08-12 10:09:18,2026-08-12 10:09:18,271300,
937,304965,Jakub Kiwior,J. Kiwior,4,SUB,,,,,,,,,2026-08-12 10:09:18,2026-08-12 10:09:18,265693,77
938,142670,Cláudio Ramos,C. Ramos,14,SUB,,,,,,,,,2026-08-12 10:09:18,2026-08-12 10:09:18,198513,
939,420165,Tiago Andrade,Tiago Andrade,59,SUB,,,,,,,,,2026-08-12 10:09:18,2026-08-12 10:09:18,,
940,322058,Novak Micovic,N. Micovic,1,G,,,,,,,,,2026-08-12 10:09:18,2026-08-12 10:09:18,275032,
941,133963,Carlos Garcés,C. Garcés,25,CD-L,,,,,,,,,2026-08-12 10:09:18,2026-08-12 10:09:18,241499,
942,234962,Jakob Glesnes,J. Glesnes,5,CD-R,,,,,,,,,2026-08-12 10:09:18,2026-08-12 10:09:18,233400,73
943,297050,Julián Aude,J. Aude,3,LB,,,,,,,,,2026-08-12 10:09:18,2026-08-12 10:09:18,258095,
944,238050,Miki Yamane,M. Yamane,2,RB,,,,,,,,,2026-08-12 10:09:18,2026-08-12 10:09:18,233169,72
945,122356,Marco Reus,M. Reus,18,AM,,,,,,,,,2026-08-12 10:09:18,2026-08-12 10:09:18,188350,79
946,230580,Lucas Sanabria,L. Sanabria,8,LM,,,,,,,,,2026-08-12 10:09:18,2026-08-12 10:09:18,255436,
947,285383,Justin Haak,J. Haak,15,RM,,,,,,,,,2026-08-12 10:09:18,2026-08-12 10:09:18,247038,
948,150409,João Klauss,J. Klauss,99,F,,,,,,,,,2026-08-12 10:09:18,2026-08-12 10:09:18,242998,
949,256843,Joseph Paintsil,J. Paintsil,28,AM-L,,,,,,,,,2026-08-12 10:09:18,2026-08-12 10:09:18,241162,76
950,295005,Gabriel Pec,Gabriel Pec,11,AM-R,,,,,,,,,2026-08-12 10:09:18,2026-08-12 10:09:18,70822,
951,366047,Harbor Miller,H. Miller,26,SUB,,,,,,,,,2026-08-12 10:09:18,2026-08-12 10:09:18,77486,
952,304659,Matheus Nascimento,M. Nascimento,9,SUB,,,,,,,,,2026-08-12 10:09:18,2026-08-12 10:09:18,77521,
953,105803,Maya Yoshida,M. Yoshida,4,SUB,,,,,,,,,2026-08-12 10:09:18,2026-08-12 10:09:18,191648,70
954,225615,John Nelson,J. Nelson,14,SUB,,,,,,,,,2026-08-12 10:09:18,2026-08-12 10:09:18,247308,
955,287252,Mauricio Cuevas,M. Cuevas,19,SUB,,,,,,,,,2026-08-12 10:09:18,2026-08-12 10:09:18,275251,
956,242928,JT Marcinkowski,J. Marcinkowski,12,SUB,,,,,,,,,2026-08-12 10:09:18,2026-08-12 10:09:18,242703,
957,321370,Ruben Ramos,R. Ramos,24,SUB,,,,,,,,,2026-08-12 10:09:18,2026-08-12 10:09:18,75238,
958,287355,Tucker Lepley,T. Lepley,21,SUB,,,,,,,,,2026-08-12 10:09:18,2026-08-12 10:09:18,72827,
959,252974,Matt Freese,M. Freese,49,G,,,,,,,,,2026-08-12 10:09:18,2026-08-12 10:09:18,247506,
960,276051,Raul Gustavo,Raul Gustavo,34,CD-L,,,,,,,,,2026-08-12 10:09:18,2026-08-12 10:09:18,72905,
961,185792,Thiago Martins,T. Martins,13,CD-R,,,,,,,,,2026-08-12 10:09:18,2026-08-12 10:09:18,233790,
962,254450,Kevin O'Toole,K. O'Toole,22,LB,,,,,,,,,2026-08-12 10:09:18,2026-08-12 10:09:18,268009,
963,297380,Tayvon Gray,T. Gray,24,RB,,,,,,,,,2026-08-12 10:09:18,2026-08-12 10:09:18,254492,66
964,70624,Maxi Morález,M. Morález,10,AM,,,,,,,,,2026-08-12 10:09:18,2026-08-12 10:09:18,183895,
965,291697,Kai Trewin,K. Trewin,5,LM,,,,,,,,,2026-08-12 10:09:18,2026-08-12 10:09:18,252700,69
966,241031,Aiden O'Neill,A. O'Neill,21,RM,,,,,,,,,2026-08-12 10:09:18,2026-08-12 10:09:18,230888,70
967,108107,Nicolás Fernández,N. Fernández,7,F,,,,,,,,,2026-08-12 10:09:18,2026-08-12 10:09:18,225289,75
968,250852,Hannes Wolf,H. Wolf,17,AM-L,,,,,,,,,2026-08-12 10:09:18,2026-08-12 10:09:18,236935,71
969,337149,Agustin Ojeda,A. Ojeda,26,AM-R,,,,,,,,,2026-08-12 10:09:18,2026-08-12 10:09:18,268330,
970,366218,Andrew Baiera,A. Baiera,38,SUB,,,,,,,,,2026-08-12 10:09:18,2026-08-12 10:09:18,277302,
971,270669,Strahinja Tanasijevic,S. Tanasijevic,19,SUB,,,,,,,,,2026-08-12 10:09:18,2026-08-12 10:09:18,246354,
972,268192,Keaton Parks,K. Parks,55,SUB,,,,,,,,,2026-08-12 10:09:18,2026-08-12 10:09:18,241783,
973,402322,Seymour Reid,S. Reid,99,SUB,,,,,,,,,2026-08-12 10:09:18,2026-08-12 10:09:18,79886,
974,400718,Nico Cavallo,N. Cavallo,2,SUB,,,,,,,,,2026-08-12 10:09:18,2026-08-12 10:09:18,77879,
975,358681,Maxi Carrizo,M. Carrizo,29,SUB,,,,,,,,,2026-08-12 10:09:18,2026-08-12 10:09:18,279841,
976,184786,Tomas Romero,T. Romero,30,SUB,,,,,,,,,2026-08-12 10:09:18,2026-08-12 10:09:18,260918,
977,358680,Jonathan Shore,J. Shore,32,SUB,,,,,,,,,2026-08-12 10:09:18,2026-08-12 10:09:18,274998,
978,288930,Talles Magno,Talles Magno,11,SUB,,,,,,,,,2026-08-12 10:09:18,2026-08-12 10:09:18,,
979,79941,Nikola Vasilj,N. Vasilj,22,G,,,,,,,,,2026-08-12 10:09:19,2026-08-12 10:09:19,262956,77
980,399042,Tomoya Ando,T. Ando,15,CD,,,,,,,,,2026-08-12 10:09:19,2026-08-12 10:09:19,,
981,196297,Karol Mets,K. Mets,3,CD-L,,,,,,,,,2026-08-12 10:09:19,2026-08-12 10:09:19,226506,70
982,280065,Adam Dzwigala,A. Dzwigala,25,CD-R,,,,,,,,,2026-08-12 10:09:19,2026-08-12 10:09:19,,
983,178071,Jackson Irvine,J. Irvine,7,CM-L,,,,,,,,,2026-08-12 10:09:19,2026-08-12 10:09:19,211378,75
984,258855,James Sands,J. Sands,6,CM-R,,,,,,,,,2026-08-12 10:09:19,2026-08-12 10:09:19,242214,71
985,305716,Arkadiusz Pyrka,A. Pyrka,11,LM,,,,,,,,,2026-08-12 10:09:19,2026-08-12 10:09:19,257886,68
986,202696,Manolis Saliakas,M. Saliakas,2,RM,,,,,,,,,2026-08-12 10:09:19,2026-08-12 10:09:19,222542,73
987,250459,Martijn Kaars,M. Kaars,19,F,,,,,,,,,2026-08-12 10:09:19,2026-08-12 10:09:19,269264,71
988,173141,Mathias Rasmussen,M. Rasmussen,20,CF-L,,,,,,,,,2026-08-12 10:09:19,2026-08-12 10:09:19,225266,71
989,259453,Danel Sinani,D. Sinani,10,CF-R,,,,,,,,,2026-08-12 10:09:19,2026-08-12 10:09:19,258626,69
990,307489,Ben Voll,B. Voll,1,SUB,,,,,,,,,2026-08-12 10:09:19,2026-08-12 10:09:19,251433,67
991,364803,Louis Oppie,L. Oppie,23,SUB,,,,,,,,,2026-08-12 10:09:19,2026-08-12 10:09:19,276610,68
992,306889,Fin Stevens,F. Stevens,14,SUB,,,,,,,,,2026-08-12 10:09:19,2026-08-12 10:09:19,259766,63
993,409375,Nick Schmidt,N. Schmidt,44,SUB,,,,,,,,,2026-08-12 10:09:19,2026-08-12 10:09:19,80734,
994,387129,Abdoulie Ceesay,A. Ceesay,9,SUB,,,,,,,,,2026-08-12 10:09:19,2026-08-12 10:09:19,76228,65
995,253675,Lars Ritzka,L. Ritzka,21,SUB,,,,,,,,,2026-08-12 10:09:19,2026-08-12 10:09:19,237884,69
996,397578,Romeo Aigbekaen,R. Aigbekaen,38,SUB,,,,,,,,,2026-08-12 10:09:19,2026-08-12 10:09:19,76058,
997,349211,Jannik Robatsch,J. Robatsch,34,SUB,,,,,,,,,2026-08-12 10:09:19,2026-08-12 10:09:19,276964,65
998,271135,Taichi Hara,T. Hara,18,SUB,,,,,,,,,2026-08-12 10:09:19,2026-08-12 10:09:19,,
1003,266839,Josha Vagnoman,J. Vagnoman,4,RB,,,,,,,,9829,2026-08-12 10:09:19,2026-08-12 10:10:22,242602,74
1010,367725,Jeremy Arévalo,J. Arévalo,25,SUB,,,,,,,,,2026-08-12 10:09:19,2026-08-12 10:10:22,277742,
1011,223266,Pascal Stenzel,P. Stenzel,15,SUB,,,,,,,,9829,2026-08-12 10:09:19,2026-08-12 10:10:22,229584,70
1019,200910,Antonio Sivera,A. Sivera,1,G,,,,,,,,,2026-08-12 10:09:20,2026-08-12 10:09:32,222464,
1020,297359,Jon Pacheco,J. Pacheco,5,CD-L,,,,,,,,,2026-08-12 10:09:20,2026-08-12 10:09:32,255854,
1021,262491,Nahuel Tenaglia,N. Tenaglia,14,RB,,,,,,,,,2026-08-12 10:09:20,2026-08-12 10:09:32,240953,76
1022,265997,Antonio Blanco,A. Blanco,8,CM-L,,,,,,,,,2026-08-12 10:09:20,2026-08-12 10:09:32,261987,
1023,382532,Youssef Lekhedim,Y. Lekhedim,3,SUB,,,,,,,,,2026-08-12 10:09:20,2026-08-12 10:09:32,,
1024,176312,Jonny,Jonny,17,LB,,,,,,,,,2026-08-12 10:09:20,2026-08-12 10:09:32,210455,
1025,163068,Denis Suárez,D. Suárez,4,SUB,,,,,,,,,2026-08-12 10:09:20,2026-08-12 10:09:32,205192,
1026,106326,Pablo Ibáñez,P. Ibáñez,19,CM-R,,,,,,,,,2026-08-12 10:09:20,2026-08-12 10:09:32,264160,
1027,233802,Carles Aleñá,C. Aleñá,10,LM,,,,,,,,,2026-08-12 10:09:20,2026-08-12 10:09:32,233113,
1028,304469,Calebe,Calebe,20,RM,,,,,,,,,2026-08-12 10:09:20,2026-08-12 10:09:32,264842,
1029,181757,Toni Martínez,T. Martínez,11,CF-R,,,,,,,,,2026-08-12 10:09:20,2026-08-12 10:09:32,234826,
1030,379231,Aitor Mañas,A. Mañas,34,SUB,,,,,,,,,2026-08-12 10:09:20,2026-08-12 10:09:32,,
1031,207236,Lucas Boyé,L. Boyé,15,CF-L,,,,,,,,,2026-08-12 10:09:20,2026-08-12 10:09:32,222041,
1032,260256,Ander Guevara,A. Guevara,6,SUB,,,,,,,,,2026-08-12 10:09:20,2026-08-12 10:09:32,240458,
1033,376070,Carlos Ballestero,C. Ballestero,30,SUB,,,,,,,,,2026-08-12 10:09:20,2026-08-12 10:09:20,,
1034,345991,Abde Rebbach,A. Rebbach,21,SUB,,,,,,,,,2026-08-12 10:09:20,2026-08-12 10:09:32,270834,69
1035,172019,Carlos Vicente,C. Vicente,7,SUB,,,,,,,,,2026-08-12 10:09:20,2026-08-12 10:09:20,244767,
1036,254320,Jon Guridi,J. Guridi,18,SUB,,,,,,,,,2026-08-12 10:09:20,2026-08-12 10:09:32,238126,
1037,253754,Carlos Protesoni,C. Protesoni,23,SUB,,,,,,,,,2026-08-12 10:09:20,2026-08-12 10:09:20,244948,73
1038,346534,Grégoire Swiderski,G. Swiderski,31,SUB,,,,,,,,,2026-08-12 10:09:20,2026-08-12 10:09:20,277814,
1039,113097,Raúl Fernández,Raúl Fernández,13,SUB,,,,,,,,,2026-08-12 10:09:20,2026-08-12 10:09:32,186680,
1040,200964,Aarón Escandell,A. Escandell,13,G,,,,,,,,,2026-08-12 10:09:20,2026-08-12 10:09:53,220383,
1041,212342,Eric Bailly,E. Bailly,2,CD-L,,,,,,,,,2026-08-12 10:09:20,2026-08-12 10:09:20,225508,74
1042,192796,David Costas,D. Costas,4,CD-R,,,,,,,,,2026-08-12 10:09:20,2026-08-12 10:09:20,219848,
1043,331770,Rahim Alhassane,R. Alhassane,3,SUB,,,,,,,,,2026-08-12 10:09:20,2026-08-12 10:09:53,73502,
1044,228643,Lucas,Lucas,24,RB,,,,,,,,,2026-08-12 10:09:20,2026-08-12 10:09:53,,
1045,253732,Alberto Reina,A. Reina,5,AM,,,,,,,,,2026-08-12 10:09:20,2026-08-12 10:09:53,275985,
1046,229477,Santiago Colombatto,S. Colombatto,11,LM,,,,,,,,,2026-08-12 10:09:20,2026-08-12 10:09:53,232770,
1047,274697,Kwasi Sibo,K. Sibo,6,RM,,,,,,,,,2026-08-12 10:09:20,2026-08-12 10:09:53,253114,69
1048,295847,Federico Viñas,F. Viñas,9,F,,,,,,,,,2026-08-12 10:09:20,2026-08-12 10:09:53,253385,72
1049,228321,Josip Brekalo,J. Brekalo,18,AM-L,,,,,,,,,2026-08-12 10:09:20,2026-08-12 10:09:20,234711,75
1050,304332,Ilyas Chaira,I. Chaira,7,AM-L,,,,,,,,,2026-08-12 10:09:20,2026-08-12 10:09:53,262300,72
1051,343629,Alex Fores,Alex Fores,19,SUB,,,,,,,,,2026-08-12 10:09:20,2026-08-12 10:09:53,269643,
1052,285799,Horatiu Moldovan,H. Moldovan,1,SUB,,,,,,,,,2026-08-12 10:09:20,2026-08-12 10:09:53,251136,
1053,276240,Nicolás Fonseca,N. Fonseca,23,SUB,,,,,,,,,2026-08-12 10:09:20,2026-08-12 10:09:53,,
1054,236301,David Carmo,D. Carmo,16,CD-L,,,,,,,,,2026-08-12 10:09:20,2026-08-12 10:09:53,251616,
1055,245822,Oier Luengo,O. Luengo,15,SUB,,,,,,,,,2026-08-12 10:09:20,2026-08-12 10:09:20,263178,
1056,414050,Pablo Agudín,P. Agudín,27,SUB,,,,,,,,,2026-08-12 10:09:20,2026-08-12 10:09:53,,
1057,259108,Luka Ilic,L. Ilic,21,SUB,,,,,,,,,2026-08-12 10:09:20,2026-08-12 10:09:53,243834,
1058,276440,Haissem Hassan,H. Hassan,10,AM-R,,,,,,,,,2026-08-12 10:09:20,2026-08-12 10:09:53,245870,
1059,40202,Santi Cazorla,S. Cazorla,8,SUB,,,,,,,,,2026-08-12 10:09:20,2026-08-12 10:09:53,146562,
1060,297354,Javi López,J. López,25,LB,,,,,,,,,2026-08-12 10:09:20,2026-08-12 10:09:53,256097,
1061,182680,Leander Dendoncker,L. Dendoncker,20,SUB,,,,,,,,,2026-08-12 10:09:20,2026-08-12 10:09:20,212501,75
1062,123743,Dani Calvo,D. Calvo,12,CD-R,,,,,,,,,2026-08-12 10:09:20,2026-08-12 10:09:53,219180,
1063,234970,Matias Dyngeland,M. Dyngeland,1,G,,,,,,,,,2026-08-12 10:09:21,2026-08-12 10:09:50,208573,
1064,387292,Nana Boakye,N. Boakye,4,CD-L,,,,,,,,,2026-08-12 10:09:21,2026-08-12 10:09:21,,
1065,214177,Fredrik Knudsen,F. Knudsen,3,CD-R,,,,,,,,,2026-08-12 10:09:21,2026-08-12 10:10:08,238263,70
1066,205582,Joachim Soltvedt,J. Soltvedt,17,LB,,,,,,,,,2026-08-12 10:09:21,2026-08-12 10:10:08,225251,
1067,363067,Denzel De Roeve,D. De Roeve,21,RB,,,,,,,,,2026-08-12 10:09:21,2026-08-12 10:09:50,76289,
1068,243863,Jacob Sørensen,J. Sørensen,18,CM,,,,,,,,,2026-08-12 10:09:21,2026-08-12 10:10:08,233705,
1069,251618,Felix Horn Myhre,F. Myhre,8,LM,,,,,,,,,2026-08-12 10:09:21,2026-08-12 10:10:08,237937,74
1070,285881,Thore Baardsen Pedersen,T. Pedersen,23,CD-L,,,,,,,,,2026-08-12 10:09:21,2026-08-12 10:10:08,248245,
1071,277007,Noah Holm,N. Holm,29,F,,,,,,,,,2026-08-12 10:09:21,2026-08-12 10:10:08,258710,
1072,261506,Jon Dagur Thorsteinsson,J. Thorsteinsson,7,LF,,,,,,,,,2026-08-12 10:09:21,2026-08-12 10:10:08,241474,
1073,173355,Bard Finne,B. Finne,11,SUB,,,,,,,,,2026-08-12 10:09:21,2026-08-12 10:10:08,209264,
1074,356399,Rasmus Holten,R. Holten,43,SUB,,,,,,,,,2026-08-12 10:09:21,2026-08-12 10:10:08,275492,
1075,287240,Vetle Dragsnes,V. Dragsnes,20,RB,,,,,,,,,2026-08-12 10:09:21,2026-08-12 10:10:08,247009,70
1076,305403,Kristall Máni Ingason,K. Ingason,10,RM,,,,,,,,,2026-08-12 10:09:21,2026-08-12 10:10:08,271156,64
1077,320656,Markus Haaland,M. Haaland,32,SUB,,,,,,,,,2026-08-12 10:09:21,2026-08-12 10:10:08,278720,
1078,314371,Niklas Jensen,N. Jensen,25,SUB,,,,,,,,,2026-08-12 10:09:21,2026-08-12 10:10:08,262733,
1079,301564,Simen Vidtun Nilsen,S. Nilsen,12,G,,,,,,,,,2026-08-12 10:09:21,2026-08-12 10:10:08,221552,
1080,274042,Ulrick Mathisen,U. Mathisen,14,RF,,,,,,,,,2026-08-12 10:09:21,2026-08-12 10:10:08,261391,
1081,380957,Martin Hellan,M. Hellan,2,SUB,,,,,,,,,2026-08-12 10:09:21,2026-08-12 10:10:08,,
1082,361819,Jesper Eikrem,J. Eikrem,40,SUB,,,,,,,,,2026-08-12 10:09:21,2026-08-12 10:09:34,278721,
1083,177985,Jakob Haugaard,J. Haugaard,1,G,,,,,,,,,2026-08-12 10:09:21,2026-08-12 10:10:12,207633,
1084,382244,Tobias Guddal,T. Guddal,21,CD,,,,,,,,,2026-08-12 10:09:21,2026-08-12 10:10:12,71864,
1085,371827,Isak Vadebu,I. Vadebu,30,CD-L,,,,,,,,,2026-08-12 10:09:21,2026-08-12 10:10:12,278707,
1086,333783,Vetle Skjaervik,V. Skjaervik,4,CD-R,,,,,,,,,2026-08-12 10:09:21,2026-08-12 10:10:12,,
1087,379989,Alexander Warneryd,A. Warneryd,29,LB,,,,,,,,,2026-08-12 10:09:21,2026-08-12 10:10:12,70330,
1088,282397,Leo Cornic,L. Cornic,2,RB,,,,,,,,,2026-08-12 10:09:21,2026-08-12 10:10:12,246291,
1089,129208,Ruben Jenssen,R. Jenssen,11,CM,,,,,,,,,2026-08-12 10:09:21,2026-08-12 10:10:12,177279,
1090,255340,Lars Olden Larsen,L. Olden Larsen,7,SUB,,,,,,,,,2026-08-12 10:09:21,2026-08-12 10:10:12,255835,
1091,312875,David Edvardsson,D. Edvardsson,5,CM-R,,,,,,,,,2026-08-12 10:09:21,2026-08-12 10:10:12,260000,
1092,387436,Daniel Braut,D. Braut,9,SUB,,,,,,,,,2026-08-12 10:09:21,2026-08-12 10:10:12,77585,
1093,327802,Heine Larsen,H. Larsen,22,CF-L,,,,,,,,,2026-08-12 10:09:21,2026-08-12 10:10:12,73635,
1094,259676,Jens Husebo,J. Husebo,24,SUB,,,,,,,,,2026-08-12 10:09:21,2026-08-12 10:09:58,,
1095,338770,Sander Innvær,S. Innvær,37,SUB,,,,,,,,,2026-08-12 10:09:21,2026-08-12 10:10:12,278752,
1096,396526,Viktor Ekblom,V. Ekblom,15,SUB,,,,,,,,,2026-08-12 10:09:21,2026-08-12 10:09:58,,
1097,403030,Johan Solstad-Nøis,J. Solstad-Nøis,92,SUB,,,,,,,,,2026-08-12 10:09:21,2026-08-12 10:09:58,,
1098,401338,Ole Lauvli,O. Lauvli,12,SUB,,,,,,,,,2026-08-12 10:09:21,2026-08-12 10:10:12,77651,
1099,354800,Troy Nyhammer,T. Nyhammer,10,CF-R,,,,,,,,,2026-08-12 10:09:21,2026-08-12 10:10:12,277238,
1100,420185,Aleksander Elvebu,A. Elvebu,19,SUB,,,,,,,,,2026-08-12 10:09:21,2026-08-12 10:09:41,,
1101,401339,Abubacarr Kinteh,A. Kinteh,25,SUB,,,,,,,,,2026-08-12 10:09:21,2026-08-12 10:09:58,78049,
1102,274990,Mads Mikkelsen,M. Mikkelsen,27,SUB,,,,,,,,,2026-08-12 10:09:21,2026-08-12 10:09:58,78938,
1103,294040,Luka Gavran,L. Gavran,1,G,,,,,,,,,2026-08-12 10:09:23,2026-08-12 10:09:23,277916,64
1104,310293,Zane Monlouis,Z. Monlouis,12,CD,,,,,,,,,2026-08-12 10:09:23,2026-08-12 10:09:23,260143,60
1105,204888,Benjamín Kuscevic,B. Kuscevic,13,CD-L,,,,,,,,,2026-08-12 10:09:23,2026-08-12 10:09:23,,
1106,230626,Richie Laryea,R. Laryea,22,CD-R,,,,,,,,,2026-08-12 10:09:23,2026-08-12 10:09:23,232081,72
1107,359272,Alonso Coello,A. Coello,14,CM-L,,,,,,,,,2026-08-12 10:09:23,2026-08-12 10:09:23,274976,
1108,184221,Jonathan Osorio,J. Osorio,21,CM-R,,,,,,,,,2026-08-12 10:09:23,2026-08-12 10:09:23,213439,71
1109,301819,Matheus Pereira,M. Pereira,3,LM,,,,,,,,,2026-08-12 10:09:23,2026-08-12 10:09:23,271017,
1110,231098,Derrick Etienne Jr.,D. Etienne Jr.,11,RM,,,,,,,,,2026-08-12 10:09:23,2026-08-12 10:09:23,166539,
1111,256613,Josh Sargent,J. Sargent,9,F,,,,,,,,,2026-08-12 10:09:23,2026-08-12 10:09:23,242075,
1112,233050,Dániel Sallói,D. Sallói,20,CF-L,,,,,,,,,2026-08-12 10:09:23,2026-08-12 10:09:23,232148,71
1113,241245,José Cifuentes,J. Cifuentes,8,CF-R,,,,,,,,,2026-08-12 10:09:23,2026-08-12 10:09:23,255137,
1114,359270,Markus Cimermancic,M. Cimermancic,71,SUB,,,,,,,,,2026-08-12 10:09:23,2026-08-12 10:09:23,278679,
1115,298072,Kobe Franklin,K. Franklin,19,SUB,,,,,,,,,2026-08-12 10:09:23,2026-08-12 10:09:23,268433,62
1116,421738,Jahmarie Nolan,J. Nolan,64,SUB,,,,,,,,,2026-08-12 10:09:23,2026-08-12 10:09:23,,
1117,371470,Richard Chukwu,R. Chukwu,96,SUB,,,,,,,,,2026-08-12 10:09:23,2026-08-12 10:09:23,,
1118,366744,Emilio Aristizábal,E. Aristizábal,17,SUB,,,,,,,,,2026-08-12 10:09:23,2026-08-12 10:09:23,,
1119,364702,Lazar Stefanovic,L. Stefanovic,76,SUB,,,,,,,,,2026-08-12 10:09:23,2026-08-12 10:09:23,276497,
1120,174703,William Yarbrough,W. Yarbrough,23,SUB,,,,,,,,,2026-08-12 10:09:23,2026-08-12 10:09:23,186998,
1121,359271,Adisa De Rosario,A. De Rosario,77,SUB,,,,,,,,,2026-08-12 10:09:23,2026-08-12 10:09:23,77129,
1122,308639,Malik Henry,M. Henry,78,SUB,,,,,,,,,2026-08-12 10:09:23,2026-08-12 10:09:23,79900,
1123,315972,Roman Celentano,R. Celentano,18,G,,,,,,,,,2026-08-12 10:09:23,2026-08-12 10:09:50,266382,
1124,187273,Matt Miazga,M. Miazga,21,SUB,,,,,,,,,2026-08-12 10:09:23,2026-08-12 10:09:50,215565,
1125,42583,Gilberto Flores,G. Flores,3,SUB,,,,,,,,,2026-08-12 10:09:23,2026-08-12 10:09:50,268610,
1126,201354,Nick Hagglund,N. Hagglund,4,CD-R,,,,,,,,,2026-08-12 10:09:23,2026-08-12 10:09:50,221680,
1127,363908,Samuel Gidi,S. Gidi,11,SUB,,,,,,,,,2026-08-12 10:09:23,2026-08-12 10:09:50,,
1128,279180,Pavel Bucha,P. Bucha,20,SUB,,,,,,,,,2026-08-12 10:09:23,2026-08-12 10:09:50,244788,75
1129,86436,Evander,Evander,10,CF-L,,,,,,,,,2026-08-12 10:09:23,2026-08-12 10:09:50,234505,
1130,236049,Bryan Ramirez,B. Ramirez,29,LM,,,,,,,,,2026-08-12 10:09:23,2026-08-12 10:09:50,273969,
1131,361138,Ender Echenique,E. Echenique,66,SUB,,,,,,,,,2026-08-12 10:09:23,2026-08-12 10:09:50,275515,
1132,249926,Tom Barlow,T. Barlow,16,SUB,,,,,,,,,2026-08-12 10:09:23,2026-08-12 10:09:50,243459,
1133,251694,Kévin Denkey,K. Denkey,9,SUB,,,,,,,,,2026-08-12 10:09:23,2026-08-12 10:09:50,237254,
1134,236641,Kyle Smith,K. Smith,24,RM,,,,,,,,,2026-08-12 10:09:23,2026-08-12 10:09:50,247356,
1135,399987,Andrei Chirila,A. Chirila,88,CD-L,,,,,,,,,2026-08-12 10:09:23,2026-08-12 10:09:50,,
1136,254292,Tah Anunga,T. Anunga,27,AM,,,,,,,,,2026-08-12 10:09:23,2026-08-12 10:09:50,255177,
1137,353751,Stiven Jimenez,S. Jimenez,37,SUB,,,,,,,,,2026-08-12 10:09:23,2026-08-12 10:09:23,274542,
1138,305664,Ayoub Jabbari,A. Jabbari,99,CF-R,,,,,,,,,2026-08-12 10:09:23,2026-08-12 10:09:50,258620,65
1139,275106,Obinna Nwobodo,O. Nwobodo,5,CM-R,,,,,,,,,2026-08-12 10:09:23,2026-08-12 10:09:50,258881,73
1140,388854,Kenji Mboma Dem,K. Mboma Dem,17,SUB,,,,,,,,,2026-08-12 10:09:23,2026-08-12 10:09:23,79420,
1141,362895,Gerardo Valenzuela,G. Valenzuela,22,CM-L,,,,,,,,,2026-08-12 10:09:23,2026-08-12 10:09:50,275602,
1142,242975,Evan Louro,E. Louro,13,SUB,,,,,,,,,2026-08-12 10:09:23,2026-08-12 10:09:50,237399,
1143,131743,Anthony Lopes,A. Lopes,1,G,,,,,,,,,2026-08-12 10:09:23,2026-08-12 10:09:23,199482,76
1144,408886,Tylel Tati,T. Tati,78,CD-L,,,,,,,,,2026-08-12 10:09:23,2026-08-12 10:09:23,80570,
1145,233720,Chidozie Awaziem,C. Awaziem,6,CD-R,,,,,,,,,2026-08-12 10:09:23,2026-08-12 10:09:23,232693,70
1146,236004,Ibrahima Sissoko,I. Sissoko,28,DM,,,,,,,,,2026-08-12 10:09:23,2026-08-12 10:09:23,231089,
1147,259022,Nicolas Cozza,N. Cozza,3,LB,,,,,,,,,2026-08-12 10:09:23,2026-08-12 10:09:23,239136,
1148,227721,Kelvin Amian,K. Amian,98,RB,,,,,,,,,2026-08-12 10:09:23,2026-08-12 10:09:23,231235,
1149,297166,Johann Lepenant,J. Lepenant,8,CM-L,,,,,,,,,2026-08-12 10:09:23,2026-08-12 10:09:23,258619,
1150,223292,Mohamed Kaba,M. Kaba,77,RM,,,,,,,,,2026-08-12 10:09:23,2026-08-12 10:10:24,263469,
1151,318389,Matthis Abline,M. Abline,10,LM,,,,,,,,,2026-08-12 10:09:23,2026-08-12 10:09:23,264422,
1152,363129,Dehmaine Tabibou,D. Tabibou,17,RM,,,,,,,,,2026-08-12 10:09:23,2026-08-12 10:09:23,70477,
1153,262507,Ignatius Ganago,I. Ganago,37,F,,,,,,,,,2026-08-12 10:09:23,2026-08-12 10:09:23,241130,72
1154,129859,Youssef El Arabi,Y. El Arabi,19,SUB,,,,,,,,,2026-08-12 10:09:23,2026-08-12 10:09:23,194209,73
1155,197401,Deiver Machado,D. Machado,27,SUB,,,,,,,,213,2026-08-12 10:09:23,2026-08-12 10:09:23,220837,76
1156,221041,Patrick Carlgren,P. Carlgren,30,SUB,,,,,,,,,2026-08-12 10:09:23,2026-08-12 10:09:23,216750,
1157,136688,Rémy Cabella,R. Cabella,20,SUB,,,,,,,,,2026-08-12 10:09:23,2026-08-12 10:09:23,193476,
1158,215709,Frédéric Guilbert,F. Guilbert,24,SUB,,,,,,,,,2026-08-12 10:09:23,2026-08-12 10:09:23,227222,
1159,388737,Bahereba Guirassy,B. Guirassy,11,SUB,,,,,,,,,2026-08-12 10:09:23,2026-08-12 10:09:23,74475,
1160,243816,Mostafa Mohamed,M. Mohamed,31,SUB,,,,,,,,,2026-08-12 10:09:23,2026-08-12 10:09:23,254247,73
1161,388558,Louis Leroux,L. Leroux,66,SUB,,,,,,,,,2026-08-12 10:09:23,2026-08-12 10:09:23,74473,
1162,315873,Ali Almusrat,Ali Almusrat,2,SUB,,,,,,,,,2026-08-12 10:09:23,2026-08-12 10:09:23,,
1169,347919,Maximillian Oyedele,M. Oyedele,8,LM,,,,,,,,,2026-08-12 10:09:23,2026-08-12 10:09:23,269262,
1171,301047,David Datro Fofana,D. Fofana,15,F,,,,,,,,,2026-08-12 10:09:23,2026-08-12 10:09:23,260942,
1176,397220,Amadou Cissé,A. Cissé,33,SUB,,,,,,,,,2026-08-12 10:09:23,2026-08-12 10:09:23,75811,
1179,364764,Mathis Amougou,M. Amougou,17,SUB,,,,,,,,,2026-08-12 10:09:23,2026-08-12 10:09:23,70020,
1192,290108,Jakob Dunsby,J. Dunsby,27,AM-L,,,,,,,,,2026-08-12 10:09:24,2026-08-12 10:09:24,273978,
1198,421256,Gustav Højbjerg,G. Højbjerg,5,SUB,,,,,,,,,2026-08-12 10:09:24,2026-08-12 10:09:24,,
1199,351245,Jakob Nielsen,J. Nielsen,37,SUB,,,,,,,,,2026-08-12 10:09:24,2026-08-12 10:09:24,274844,
1202,272474,Leopold Wahlstedt,L. Wahlstedt,1,G,,,,,,,,,2026-08-12 10:09:24,2026-08-12 10:10:02,243158,
1203,304964,Tomas Nemcik,T. Nemcik,21,CD-L,,,,,,,,,2026-08-12 10:09:24,2026-08-12 10:10:02,70693,
1204,331109,Hakon Rosten,H. Rosten,2,CD-R,,,,,,,,,2026-08-12 10:09:24,2026-08-12 10:10:02,,
1205,341301,Tobias Solheim,T. Solheim,3,LB,,,,,,,,,2026-08-12 10:09:24,2026-08-12 10:10:02,72409,
1206,278152,Jonas Mortensen,J. Mortensen,15,SUB,,,,,,,,,2026-08-12 10:09:24,2026-08-12 10:10:02,245684,
1207,186078,Iver Fossum,I. Fossum,8,SUB,,,,,,,,,2026-08-12 10:09:24,2026-08-12 10:10:02,213777,
1208,205636,Ole Selnaes,O. Selnaes,10,CM-R,,,,,,,,,2026-08-12 10:09:24,2026-08-12 10:10:02,,
1209,275113,Emil Konradsen Ceïde,E. Ceïde,35,SUB,,,,,,,,,2026-08-12 10:09:24,2026-08-12 10:10:02,245537,
1210,275985,Simen Bolkan Nordli,S. Nordli,7,LM,,,,,,,,,2026-08-12 10:09:24,2026-08-12 10:10:02,255464,73
1211,387488,Amin Chiakha,A. Chiakha,18,SUB,,,,,,,,,2026-08-12 10:09:24,2026-08-12 10:10:02,73447,65
1212,386356,Mads Bomholt,M. Bomholt,17,CF-R,,,,,,,,,2026-08-12 10:09:24,2026-08-12 10:10:02,,
1213,361733,Hakon Volden,H. Volden,5,SUB,,,,,,,,,2026-08-12 10:09:24,2026-08-12 10:09:36,71868,
1214,277211,Rasmus Sandberg,R. Sandberg,12,SUB,,,,,,,,,2026-08-12 10:09:24,2026-08-12 10:10:02,248283,
1215,267842,Adrian Pereira,A. Pereira,19,SUB,,,,,,,,,2026-08-12 10:09:24,2026-08-12 10:10:02,241726,70
1216,359502,Jesper Reitan-Sunde,J. Reitan-Sunde,14,SUB,,,,,,,,,2026-08-12 10:09:24,2026-08-12 10:09:36,278753,
1217,307723,Mikkel Konradsen Ceïde,M. Ceïde,4,SUB,,,,,,,,,2026-08-12 10:09:24,2026-08-12 10:10:02,258920,
1218,146896,Jonas Svensson,J. Svensson,22,RB,,,,,,,,,2026-08-12 10:09:24,2026-08-12 10:09:36,198657,75
1219,312175,Johan Bakke,J. Bakke,25,CM-L,,,,,,,,,2026-08-12 10:09:24,2026-08-12 10:10:02,266875,
1220,275471,Santeri Vaananen,S. Vaananen,6,SUB,,,,,,,,,2026-08-12 10:09:24,2026-08-12 10:10:02,246757,
1221,181637,Dino Islamovic,D. Islamovic,9,CF-L,,,,,,,,,2026-08-12 10:09:24,2026-08-12 10:10:02,215817,
1225,301354,Ruben Kluivert,R. Kluivert,21,CD,,,,,,,,206,2026-08-12 10:09:25,2026-08-12 10:09:40,262102,
1231,361258,Afonso Moreira,A. Moreira,17,LM,,,,,,,,206,2026-08-12 10:09:25,2026-08-12 10:09:40,276901,
1232,346612,Endrick,Endrick,9,CF-R,,,,,,,,86,2026-08-12 10:09:25,2026-08-12 10:09:40,272505,
1239,408362,Tiago Manuel Gonçalves Silva,T. Gonçalves Silva,46,SUB,,,,,,,,,2026-08-12 10:09:25,2026-08-12 10:09:40,78990,
1240,402949,Alejandro Rodríguez,A. Rodríguez,32,SUB,,,,,,,,1068,2026-08-12 10:09:25,2026-08-12 10:09:40,257279,
1247,318779,Hákon Haraldsson,H. Haraldsson,10,AM,,,,,,,,166,2026-08-12 10:09:25,2026-08-12 10:09:25,262088,78
1248,123683,Benjamin André,B. André,21,LM,,,,,,,,166,2026-08-12 10:09:25,2026-08-12 10:09:25,190674,80
1262,165424,Frederik Ronnow,F. Ronnow,1,G,,,,,,,,,2026-08-12 10:09:26,2026-08-12 10:10:27,,
1263,330455,Leopold Querfeld,L. Querfeld,14,CD,,,,,,,,,2026-08-12 10:09:26,2026-08-12 10:10:27,265576,75
1264,268808,Stanley N'Soki,S. N'Soki,34,CD-L,,,,,,,,,2026-08-12 10:09:26,2026-08-12 10:10:27,241941,
1265,233622,Danilho Doekhi,D. Doekhi,5,CD-R,,,,,,,,,2026-08-12 10:09:26,2026-08-12 10:10:27,232658,78
1266,349922,Aljoscha Kemlein,A. Kemlein,6,CM-L,,,,,,,,,2026-08-12 10:09:26,2026-08-12 10:10:27,271659,70
1267,284702,András Schäfer,A. Schäfer,13,SUB,,,,,,,,,2026-08-12 10:09:26,2026-08-12 10:10:27,247026,74
1268,159152,Rani Khedira,R. Khedira,8,CM-R,,,,,,,,,2026-08-12 10:09:26,2026-08-12 10:10:27,211999,75
1269,263202,Derrick Köhn,D. Köhn,39,LM,,,,,,,,,2026-08-12 10:09:26,2026-08-12 10:10:27,250941,75
1270,170604,Janik Haberer,J. Haberer,19,SUB,,,,,,,,,2026-08-12 10:09:26,2026-08-12 10:10:27,211879,74
1271,366363,Ilyas Ansah,I. Ansah,10,CF-L,,,,,,,,,2026-08-12 10:09:26,2026-08-12 10:10:27,276372,69
1272,341441,Andrej Ilić,A. Ilić,23,F,,,,,,,,,2026-08-12 10:09:26,2026-08-12 10:10:27,277799,72
1273,220796,Tim Skarke,T. Skarke,21,SUB,,,,,,,,,2026-08-12 10:09:26,2026-08-12 10:10:27,229286,73
1274,257085,Alex Král,A. Král,33,SUB,,,,,,,,,2026-08-12 10:09:26,2026-08-12 10:10:27,247028,74
1275,212478,Oliver Burke,O. Burke,7,SUB,,,,,,,,,2026-08-12 10:09:26,2026-08-12 10:10:27,225632,73
1276,386438,David Preu,D. Preu,17,SUB,,,,,,,,,2026-08-12 10:09:26,2026-08-12 10:10:27,276489,62
1277,366823,Livan Burcu,L. Burcu,9,SUB,,,,,,,,,2026-08-12 10:09:26,2026-08-12 10:10:27,276583,70
1278,146485,Christopher Trimmel,C. Trimmel,28,RM,,,,,,,,,2026-08-12 10:09:26,2026-08-12 10:10:27,193254,75
1279,222567,Josip Juranovic,J. Juranovic,18,SUB,,,,,,,,,2026-08-12 10:09:26,2026-08-12 10:09:49,257771,
1280,276323,Jeong Woo-Yeong,J. Woo-Yeong,11,CF-R,,,,,,,,,2026-08-12 10:09:26,2026-08-12 10:10:27,239138,
1281,238706,Matheo Raab,M. Raab,31,SUB,,,,,,,,,2026-08-12 10:09:26,2026-08-12 10:10:27,257480,70
1282,338852,Mio Backhaus,M. Backhaus,30,G,,,,,,,,,2026-08-12 10:09:26,2026-08-12 10:09:56,268428,
1283,232477,Marco Friedl,M. Friedl,32,CD,,,,,,,,,2026-08-12 10:09:26,2026-08-12 10:09:56,237595,77
1284,186026,Niklas Stark,N. Stark,4,CD-R,,,,,,,,,2026-08-12 10:09:26,2026-08-12 10:09:26,212977,
1285,282388,Olivier Deman,O. Deman,2,LM,,,,,,,,,2026-08-12 10:09:26,2026-08-12 10:09:56,247771,
1286,265965,Yukinari Sugawara,Y. Sugawara,3,RM,,,,,,,,,2026-08-12 10:09:26,2026-08-12 10:09:56,242916,74
1287,270389,Senne Lynen,S. Lynen,14,SW,,,,,,,,,2026-08-12 10:09:26,2026-08-12 10:09:56,261659,76
1288,268987,Cameron Puertas,C. Puertas,18,M,,,,,,,,,2026-08-12 10:09:26,2026-08-12 10:09:56,256688,
1289,234757,Jens Stage,J. Stage,6,CM-R,,,,,,,,,2026-08-12 10:09:26,2026-08-12 10:09:56,232711,78
1290,332325,Keke Topp,K. Topp,9,CF-L,,,,,,,,,2026-08-12 10:09:26,2026-08-12 10:09:56,265749,
1291,238296,Romano Schmid,R. Schmid,20,CM-L,,,,,,,,,2026-08-12 10:09:26,2026-08-12 10:09:56,239701,78
1292,305853,Marco Grüll,M. Grüll,17,M,,,,,,,,,2026-08-12 10:09:26,2026-08-12 10:09:56,256548,75
1293,399865,Mick Schmetgens,M. Schmetgens,33,SUB,,,,,,,,,2026-08-12 10:09:26,2026-08-12 10:09:26,77127,
1294,419946,Mats Heitmann,M. Heitmann,46,SUB,,,,,,,,,2026-08-12 10:09:26,2026-08-12 10:09:26,,
1295,282646,Karl Hein,K. Hein,13,M,,,,,,,,,2026-08-12 10:09:26,2026-08-12 10:09:56,248732,
1296,398005,Patrice Covic,P. Covic,24,M,,,,,,,,,2026-08-12 10:09:26,2026-08-12 10:09:56,76111,
1297,407196,Salim Musah,S. Musah,29,SUB,,,,,,,,,2026-08-12 10:09:26,2026-08-12 10:09:26,79455,
1298,309487,Julian Malatini,J. Malatini,22,CD-R,,,,,,,,,2026-08-12 10:09:26,2026-08-12 10:09:56,261182,
1299,157560,Leonardo Bittencourt,L. Bittencourt,10,M,,,,,,,,,2026-08-12 10:09:26,2026-08-12 10:09:56,203106,
1300,340639,Justin Njinmah,J. Njinmah,11,CF-R,,,,,,,,,2026-08-12 10:09:26,2026-08-12 10:09:56,266183,
1301,307242,Isaac Schmidt,I. Schmidt,23,M,,,,,,,,,2026-08-12 10:09:26,2026-08-12 10:09:56,256776,71
1325,245626,Federico Ravaglia,F. Ravaglia,13,G,,,,,,,,,2026-08-12 10:09:26,2026-08-12 10:10:29,240657,
1326,250707,Nicolo Casale,N. Casale,16,SUB,,,,,,,,,2026-08-12 10:09:26,2026-08-12 10:10:29,239770,
1327,309110,Martin Vitík,M. Vitík,41,CD-R,,,,,,,,,2026-08-12 10:09:26,2026-08-12 10:10:29,259748,74
1328,139008,João Mário,João Mário,25,SUB,,,,,,,,,2026-08-12 10:09:26,2026-08-12 10:10:24,212814,
1329,261616,Juan Miranda,J. Miranda,33,LB,,,,,,,,,2026-08-12 10:09:26,2026-08-12 10:10:29,240915,
1330,202429,Lewis Ferguson,L. Ferguson,19,LM,,,,,,,,,2026-08-12 10:09:26,2026-08-12 10:10:29,242280,78
1331,228333,Nikola Moro,N. Moro,6,SUB,,,,,,,,,2026-08-12 10:09:26,2026-08-12 10:10:29,244270,75
1332,152600,Remo Freuler,R. Freuler,8,RM,,,,,,,,,2026-08-12 10:09:26,2026-08-12 10:10:29,202024,81
1333,250284,Santiago Castro,S. Castro,9,SUB,,,,,,,,,2026-08-12 10:09:26,2026-08-12 10:10:29,267861,76
1334,118279,Jon Rowe,J. Rowe,11,SUB,,,,,,,,,2026-08-12 10:09:26,2026-08-12 10:10:29,266500,
1335,180956,Federico Bernardeschi,F. Bernardeschi,10,RF,,,,,,,,,2026-08-12 10:09:26,2026-08-12 10:09:55,212404,77
1336,415168,Matteo Franceschelli,M. Franceschelli,82,SUB,,,,,,,,,2026-08-12 10:09:26,2026-08-12 10:10:29,,
1337,287790,Nicolò Cambiaghi,N. Cambiaghi,28,AM-L,,,,,,,,,2026-08-12 10:09:26,2026-08-12 10:10:29,268703,
1338,234426,Riccardo Orsolini,R. Orsolini,7,AM-R,,,,,,,,,2026-08-12 10:09:26,2026-08-12 10:10:29,233556,82
1339,388880,Massimo Pessina,M. Pessina,25,SUB,,,,,,,,,2026-08-12 10:09:26,2026-08-12 10:10:29,75741,
1340,170670,Charalampos Lykogiannis,C. Lykogiannis,22,SUB,,,,,,,,,2026-08-12 10:09:26,2026-08-12 10:10:29,210381,73
1341,275015,Simon Sohm,S. Sohm,23,SUB,,,,,,,,,2026-08-12 10:09:26,2026-08-12 10:09:55,244634,74
1342,238407,Jens Odgaard,J. Odgaard,21,SUB,,,,,,,,,2026-08-12 10:09:26,2026-08-12 10:10:29,234671,76
1343,418035,Francesco Castaldo,F. Castaldo,73,SUB,,,,,,,,,2026-08-12 10:09:26,2026-08-12 10:09:55,,
1344,276654,Tommaso Pobega,T. Pobega,4,SUB,,,,,,,,,2026-08-12 10:09:26,2026-08-12 10:10:29,252060,74
1345,291560,Nadir Zortea,N. Zortea,20,RB,,,,,,,,,2026-08-12 10:09:26,2026-08-12 10:10:29,252440,74
1346,272867,Torbjørn Heggem,T. Heggem,14,CD-L,,,,,,,,,2026-08-12 10:09:26,2026-08-12 10:10:29,248342,73
1347,207834,Emil Audero,E. Audero,1,G,,,,,,,,,2026-08-12 10:09:28,2026-08-12 10:09:48,228413,78
1348,324225,Federico Baschirotto,F. Baschirotto,6,CD,,,,,,,,,2026-08-12 10:09:28,2026-08-12 10:09:48,268573,75
1349,163990,Matteo Bianchetti,M. Bianchetti,15,SUB,,,,,,,,,2026-08-12 10:09:28,2026-08-12 10:09:48,205363,
1350,153315,Federico Ceccherini,F. Ceccherini,23,CD-L,,,,,,,,,2026-08-12 10:09:28,2026-08-12 10:09:48,210964,
1351,197345,Jari Vandeputte,J. Vandeputte,27,CM-L,,,,,,,,,2026-08-12 10:09:28,2026-08-12 10:09:28,217338,72
1352,305672,Warren Bondo,W. Bondo,38,CM-R,,,,,,,,,2026-08-12 10:09:28,2026-08-12 10:09:28,257353,
1353,209869,Alberto Grassi,A. Grassi,33,AM,,,,,,,,,2026-08-12 10:09:28,2026-08-12 10:09:48,220475,
1354,303919,Filippo Terracciano,F. Terracciano,24,RM,,,,,,,,,2026-08-12 10:09:28,2026-08-12 10:09:48,271579,
1355,297783,Tommaso Barbieri,T. Barbieri,4,RM,,,,,,,,,2026-08-12 10:09:28,2026-08-12 10:09:28,275162,
1356,165648,Jamie Vardy,J. Vardy,10,CF-L,,,,,,,,,2026-08-12 10:09:28,2026-08-12 10:09:48,208830,
1357,197062,Federico Bonazzoli,F. Bonazzoli,90,CF-R,,,,,,,,,2026-08-12 10:09:28,2026-08-12 10:09:48,223137,
1358,276160,Faris Moumbagna,F. Moumbagna,14,SUB,,,,,,,,,2026-08-12 10:09:28,2026-08-12 10:09:28,256669,73
1359,297344,Mikayil Faye,M. Faye,30,SUB,,,,,,,,,2026-08-12 10:09:28,2026-08-12 10:09:48,277118,68
1360,252291,Dennis Johnsen,D. Johnsen,11,SUB,,,,,,,,,2026-08-12 10:09:28,2026-08-12 10:09:48,237502,71
1361,277475,Michele Collocolo,M. Collocolo,18,SUB,,,,,,,,,2026-08-12 10:09:28,2026-08-12 10:09:28,268576,
1362,125906,Marco Silvestri,M. Silvestri,16,SUB,,,,,,,,,2026-08-12 10:09:28,2026-08-12 10:09:48,190745,
1363,388553,Dachi Lordkipanidze,D. Lordkipanidze,48,SUB,,,,,,,,,2026-08-12 10:09:28,2026-08-12 10:09:28,75170,
1364,333386,Lapo Nava,L. Nava,69,SUB,,,,,,,,,2026-08-12 10:09:28,2026-08-12 10:09:48,278331,
1365,330041,Romano Floriani,R. Floriani,22,SUB,,,,,,,,,2026-08-12 10:09:28,2026-08-12 10:09:48,74071,
1366,118787,Franco Vázquez,F. Vázquez,20,SUB,,,,,,,,,2026-08-12 10:09:28,2026-08-12 10:09:28,207471,
1367,386293,Francesco Folino,F. Folino,55,CD-R,,,,,,,,,2026-08-12 10:09:28,2026-08-12 10:09:48,74448,
1368,252447,Alessio Zerbin,A. Zerbin,7,CM-R,,,,,,,,,2026-08-12 10:09:28,2026-08-12 10:09:48,237669,
1369,186232,Simone Perilli,S. Perilli,34,G,,,,,,,,,2026-08-12 10:09:28,2026-08-12 10:09:28,210940,
1370,241138,Victor Nelsson,V. Nelsson,15,CD,,,,,,,,,2026-08-12 10:09:28,2026-08-12 10:09:28,235658,75
1371,242601,Enzo Ebosse,E. Ebosse,23,CD-L,,,,,,,,,2026-08-12 10:09:28,2026-08-12 10:09:28,241007,69
1372,341268,Tobias Slotsager,T. Slotsager,19,CD-R,,,,,,,,,2026-08-12 10:09:28,2026-08-12 10:09:28,273628,
1373,259820,Antoine Bernede,A. Bernede,24,CM-L,,,,,,,,,2026-08-12 10:09:28,2026-08-12 10:09:28,234795,
1374,193977,Roberto Gagliardini,R. Gagliardini,63,CM-R,,,,,,,,,2026-08-12 10:09:28,2026-08-12 10:09:28,212153,
1375,276582,Domagoj Bradaric,D. Bradaric,12,LM,,,,,,,,,2026-08-12 10:09:28,2026-08-12 10:09:28,252000,
1376,239918,Pol Lirola,P. Lirola,14,RM,,,,,,,,219,2026-08-12 10:09:28,2026-08-12 10:09:28,235875,
1377,356402,Gift Orban,G. Orban,16,F,,,,,,,,,2026-08-12 10:09:28,2026-08-12 10:09:28,273564,74
1378,303752,Amin Sarr,A. Sarr,9,CF-L,,,,,,,,,2026-08-12 10:09:28,2026-08-12 10:09:28,256453,71
1379,339953,Giovane,Giovane,17,CF-R,,,,,,,,,2026-08-12 10:09:28,2026-08-12 10:09:28,80283,
1380,268961,Abdou Harroui,A. Harroui,21,SUB,,,,,,,,,2026-08-12 10:09:28,2026-08-12 10:09:28,241937,72
1381,409507,Fallou Cham,F. Cham,70,SUB,,,,,,,,,2026-08-12 10:09:28,2026-08-12 10:09:28,80861,
1382,236424,Daniel Mosquera,D. Mosquera,25,SUB,,,,,,,,,2026-08-12 10:09:28,2026-08-12 10:09:28,266585,
1383,184737,Lorenzo Montipò,L. Montipò,1,SUB,,,,,,,,,2026-08-12 10:09:28,2026-08-12 10:09:28,215363,76
1384,333377,Giacomo Toniolo,G. Toniolo,94,SUB,,,,,,,,,2026-08-12 10:09:28,2026-08-12 10:09:28,72397,
1385,359418,Isaac,Isaac,41,SUB,,,,,,,,,2026-08-12 10:09:28,2026-08-12 10:09:28,,
1386,284592,Cheikh Niasse,C. Niasse,36,SUB,,,,,,,,,2026-08-12 10:09:28,2026-08-12 10:09:28,248661,71
1387,227053,Suat Serdar,S. Serdar,8,SUB,,,,,,,,,2026-08-12 10:09:28,2026-08-12 10:09:28,230065,
1388,296613,Daniel Oyegoke,D. Oyegoke,2,SUB,,,,,,,,,2026-08-12 10:09:28,2026-08-12 10:09:28,262930,
1389,218082,Grigoris Kastanos,G. Kastanos,20,SUB,,,,,,,,,2026-08-12 10:09:28,2026-08-12 10:09:28,237335,
1407,337455,David Delgado,D. Delgado,31,SUB,,,,,,,,,2026-08-12 10:09:29,2026-08-12 10:09:29,,
1408,326234,Yago Alonso,Yago Alonso,7,SUB,,,,,,,,,2026-08-12 10:09:29,2026-08-12 10:09:29,269250,
1422,288760,Aimar Oroz,A. Oroz,10,AM-L,,,,,,,,,2026-08-12 10:09:29,2026-08-12 10:09:29,258937,
1436,286828,Nico Schlotterbeck,N. Schlotterbeck,4,CD-L,,,,,,,,9789,2026-08-12 10:09:31,2026-08-12 10:09:31,247819,85
1437,387437,Filippo Mané,F. Mané,39,CD-R,,,,,,,,9789,2026-08-12 10:09:31,2026-08-12 10:09:31,73016,
1451,186263,Niklas Süle,N. Süle,25,CD-R,,,,,,,,9789,2026-08-12 10:09:31,2026-08-12 10:10:20,212190,81
1452,174521,Patrick Drewes,P. Drewes,30,SUB,,,,,,,,9789,2026-08-12 10:09:31,2026-08-12 10:09:31,210772,
1454,287713,Diant Ramaj,D. Ramaj,41,G,,,,,,,,,2026-08-12 10:09:31,2026-08-12 10:10:30,248478,
1455,184075,Patrick Mainka,P. Mainka,6,CD-R,,,,,,,,,2026-08-12 10:09:31,2026-08-12 10:10:30,216199,
1456,290208,Tim Siersleben,T. Siersleben,4,SUB,,,,,,,,,2026-08-12 10:09:31,2026-08-12 10:09:59,258812,
1457,208176,Marnon Busch,M. Busch,2,RB,,,,,,,,,2026-08-12 10:09:31,2026-08-12 10:10:30,224980,
1458,225567,Niklas Dorsch,N. Dorsch,30,LM,,,,,,,,,2026-08-12 10:09:31,2026-08-12 10:10:30,231227,
1459,322555,Julian Niehues,J. Niehues,16,SUB,,,,,,,,,2026-08-12 10:09:31,2026-08-12 10:10:30,262754,
1460,399214,Hennes Behrens,H. Behrens,26,LB,,,,,,,,,2026-08-12 10:09:31,2026-08-12 10:10:30,76922,
1461,291914,Omar-Haktab Traoré,O. Traoré,23,SUB,,,,,,,,,2026-08-12 10:09:31,2026-08-12 10:10:30,257136,
1462,312389,Marvin Pieringer,M. Pieringer,18,F,,,,,,,,,2026-08-12 10:09:31,2026-08-12 10:09:59,260290,
1463,234457,Mathias Honsak,M. Honsak,17,SUB,,,,,,,,,2026-08-12 10:09:31,2026-08-12 10:10:30,232156,74
1464,312112,Eren Dinkci,E. Dinkci,8,RF,,,,,,,,,2026-08-12 10:09:31,2026-08-12 10:10:30,258316,
1465,364791,Luca Kerber,L. Kerber,20,RM,,,,,,,,,2026-08-12 10:09:31,2026-08-12 10:10:30,260369,
1466,291798,Jan Schöppner,J. Schöppner,3,CM,,,,,,,,,2026-08-12 10:09:31,2026-08-12 10:10:30,256292,
1467,261221,Stefan Schimmer,S. Schimmer,9,SUB,,,,,,,,,2026-08-12 10:09:31,2026-08-12 10:10:30,239078,
1468,334262,Frank Feller,F. Feller,40,SUB,,,,,,,,,2026-08-12 10:09:31,2026-08-12 10:10:30,266641,
1469,333400,Arijon Ibrahimovic,A. Ibrahimovic,22,LF,,,,,,,,,2026-08-12 10:09:31,2026-08-12 10:10:30,266236,
1470,277999,Adrian Beck,A. Beck,21,SUB,,,,,,,,,2026-08-12 10:09:31,2026-08-12 10:09:59,253133,
1471,220815,Jonas Föhrenbach,J. Föhrenbach,19,SUB,,,,,,,,,2026-08-12 10:09:31,2026-08-12 10:10:30,229277,
1472,307508,Sirlord Conteh,S. Conteh,31,SUB,,,,,,,,,2026-08-12 10:09:31,2026-08-12 10:10:30,251002,
1473,277107,Mikkel Kaufmann,M. Kaufmann,29,SUB,,,,,,,,,2026-08-12 10:09:31,2026-08-12 10:10:30,245264,
1476,255931,Facundo Garcés,F. Garcés,2,CD-R,,,,,,,,,2026-08-12 10:09:32,2026-08-12 10:09:32,241031,
1486,374621,Ángel Pérez,Á. Pérez,7,SUB,,,,,,,,,2026-08-12 10:09:32,2026-08-12 10:09:32,76768,
1491,354373,Victor Parada,V. Parada,24,SUB,,,,,,,,,2026-08-12 10:09:32,2026-08-12 10:09:32,279109,
1494,196339,David Soria,D. Soria,13,G,,,,,,,,,2026-08-12 10:09:32,2026-08-12 10:09:37,223952,81
1495,181355,Djené,Djené,2,CD-L,,,,,,,,,2026-08-12 10:09:32,2026-08-12 10:09:37,,
1496,300111,Zaid Romero,Z. Romero,24,CD-L,,,,,,,,,2026-08-12 10:09:32,2026-08-12 10:09:32,260404,72
1497,219234,Domingos Duarte,D. Duarte,22,CD-R,,,,,,,,,2026-08-12 10:09:32,2026-08-12 10:09:37,234835,
1498,279738,Juan Iglesias,J. Iglesias,21,RB,,,,,,,,,2026-08-12 10:09:32,2026-08-12 10:09:37,260178,
1499,125749,Kiko Femenía,K. Femenía,17,RM,,,,,,,,,2026-08-12 10:09:32,2026-08-12 10:09:37,189860,
1500,264211,Luis Milla,L. Milla,5,AM,,,,,,,,,2026-08-12 10:09:32,2026-08-12 10:09:37,242201,79
1501,199775,Mauro Arambarri,M. Arambarri,8,CM-L,,,,,,,,,2026-08-12 10:09:32,2026-08-12 10:09:37,232665,80
1502,357147,Mario Martín,M. Martín,6,F,,,,,,,,,2026-08-12 10:09:32,2026-08-12 10:09:37,274555,
1503,284854,Martín Satriano,M. Satriano,10,CF-L,,,,,,,,206,2026-08-12 10:09:32,2026-08-12 10:09:32,264325,74
1504,285032,Luis Vázquez,L. Vázquez,19,CF-R,,,,,,,,,2026-08-12 10:09:32,2026-08-12 10:09:32,251651,
1505,136945,Allan Nyom,A. Nyom,12,SUB,,,,,,,,,2026-08-12 10:09:32,2026-08-12 10:09:37,,
1506,214275,Javi Muñoz,J. Muñoz,14,CM-R,,,,,,,,,2026-08-12 10:09:32,2026-08-12 10:09:37,226157,
1507,415194,Jorge Montes,J. Montes,41,SUB,,,,,,,,,2026-08-12 10:09:32,2026-08-12 10:09:37,,
1508,359826,Sebastián Boselli,S. Boselli,15,SUB,,,,,,,,,2026-08-12 10:09:32,2026-08-12 10:09:32,273850,73
1509,277876,Abdel Abqar,A. Abqar,3,SUB,,,,,,,,,2026-08-12 10:09:32,2026-08-12 10:09:32,245628,74
1510,417541,Adrián Riquelme,A. Riquelme,44,SUB,,,,,,,,,2026-08-12 10:09:32,2026-08-12 10:09:32,,
1511,238991,Veljko Birmancevic,V. Birmancevic,20,SUB,,,,,,,,,2026-08-12 10:09:32,2026-08-12 10:09:32,261307,
1512,193943,Diego Rico,D. Rico,16,LB,,,,,,,,,2026-08-12 10:09:32,2026-08-12 10:09:37,220414,
1513,381682,Adrián Liso,A. Liso,23,LM,,,,,,,,,2026-08-12 10:09:32,2026-08-12 10:09:37,277269,
1514,344245,Jirí Letácek,J. Letácek,1,SUB,,,,,,,,,2026-08-12 10:09:32,2026-08-12 10:09:37,73373,
1515,354342,Álex Sancris,Á. Sancris,18,SUB,,,,,,,,,2026-08-12 10:09:32,2026-08-12 10:09:37,275986,
1516,181836,Ivan Provedel,I. Provedel,94,G,,,,,,,,92,2026-08-12 10:09:32,2026-08-12 10:10:22,224987,82
1517,177816,Alessio Romagnoli,A. Romagnoli,13,CD-L,,,,,,,,92,2026-08-12 10:09:32,2026-08-12 10:09:32,210413,82
1518,324097,Mario Gila,M. Gila,34,CD-R,,,,,,,,92,2026-08-12 10:09:32,2026-08-12 10:10:22,268804,
1519,251144,Luca Pellegrini,L. Pellegrini,3,SUB,,,,,,,,92,2026-08-12 10:09:32,2026-08-12 10:10:22,243237,
1520,241430,Manuel Lazzari,M. Lazzari,29,SUB,,,,,,,,92,2026-08-12 10:09:32,2026-08-12 10:09:56,235374,78
1521,178627,Danilo Cataldi,D. Cataldi,32,CM,,,,,,,,92,2026-08-12 10:09:32,2026-08-12 10:10:22,211361,77
1522,221057,Toma Basic,T. Basic,26,RM,,,,,,,,92,2026-08-12 10:09:32,2026-08-12 10:09:56,245275,
1523,248676,Matteo Guendouzi,M. Guendouzi,8,RM,,,,,,,,92,2026-08-12 10:09:32,2026-08-12 10:09:32,236496,
1524,308944,Matteo Cancellieri,M. Cancellieri,22,SUB,,,,,,,,92,2026-08-12 10:09:32,2026-08-12 10:10:22,263929,
1525,204669,Mattia Zaccagni,M. Zaccagni,10,SUB,,,,,,,,92,2026-08-12 10:09:32,2026-08-12 10:09:56,220502,84
1526,291550,Gustav Isaksen,G. Isaksen,18,RF,,,,,,,,92,2026-08-12 10:09:32,2026-08-12 10:10:22,248729,76
1527,345323,Reda Belahyane,R. Belahyane,21,SUB,,,,,,,,92,2026-08-12 10:09:32,2026-08-12 10:10:22,275163,68
1528,288901,Nuno Tavares,N. Tavares,17,LB,,,,,,,,92,2026-08-12 10:09:32,2026-08-12 10:10:22,251530,86
1529,265140,Christos Mandas,C. Mandas,35,SUB,,,,,,,,92,2026-08-12 10:09:32,2026-08-12 10:09:32,278032,74
1530,114032,Pedro,Pedro,9,LF,,,,,,,,92,2026-08-12 10:09:32,2026-08-12 10:09:56,189505,
1531,333311,Oliver Provstgaard,O. Provstgaard,25,CD-L,,,,,,,,92,2026-08-12 10:09:32,2026-08-12 10:10:22,266123,
1532,288361,Alessio Furlanetto,A. Furlanetto,55,SUB,,,,,,,,92,2026-08-12 10:09:32,2026-08-12 10:10:22,270217,
1533,145600,Matías Vecino,M. Vecino,5,SUB,,,,,,,,92,2026-08-12 10:09:32,2026-08-12 10:09:56,219985,77
1534,167601,Elseid Hysaj,E. Hysaj,23,SUB,,,,,,,,92,2026-08-12 10:09:32,2026-08-12 10:10:22,210864,
1535,285969,Nicolò Rovella,N. Rovella,6,SUB,,,,,,,,92,2026-08-12 10:09:32,2026-08-12 10:10:22,255001,79
1536,399454,Federico Serra,F. Serra,63,SUB,,,,,,,,,2026-08-12 10:09:32,2026-08-12 10:09:32,,
1537,108482,David de Gea,D. de Gea,43,G,,,,,,,,,2026-08-12 10:09:32,2026-08-12 10:09:32,193080,
1538,255650,Marin Pongracic,M. Pongracic,5,CD-L,,,,,,,,,2026-08-12 10:09:32,2026-08-12 10:09:32,238370,
1539,367168,Pietro Comuzzo,P. Comuzzo,15,CD-R,,,,,,,,,2026-08-12 10:09:32,2026-08-12 10:09:32,278340,
1540,198087,Robin Gosens,R. Gosens,21,LB,,,,,,,,,2026-08-12 10:09:32,2026-08-12 10:09:32,223697,80
1541,168453,Dodô,Dodô,2,RB,,,,,,,,,2026-08-12 10:09:32,2026-08-12 10:09:32,234112,
1542,276254,Nicolò Fagioli,N. Fagioli,44,CM,,,,,,,,,2026-08-12 10:09:32,2026-08-12 10:09:32,260823,77
1543,360061,Cher Ndour,C. Ndour,27,LM,,,,,,,,,2026-08-12 10:09:32,2026-08-12 10:09:32,276682,
1544,210392,Rolando Mandragora,R. Mandragora,8,RM,,,,,,,,,2026-08-12 10:09:32,2026-08-12 10:09:32,225439,77
1545,285438,Roberto Piccoli,R. Piccoli,91,F,,,,,,,,,2026-08-12 10:09:32,2026-08-12 10:09:32,248385,75
1546,224044,Albert Gudmundsson,A. Gudmundsson,10,LF,,,,,,,,,2026-08-12 10:09:32,2026-08-12 10:09:32,,
1547,308082,Fabiano Parisi,F. Parisi,65,RF,,,,,,,,,2026-08-12 10:09:32,2026-08-12 10:09:32,258976,75
1548,164581,Luca Lezzerini,L. Lezzerini,1,SUB,,,,,,,,,2026-08-12 10:09:32,2026-08-12 10:09:32,219584,
1549,286764,Hans Nicolussi Caviglia,H. Nicolussi Caviglia,14,SUB,,,,,,,,,2026-08-12 10:09:32,2026-08-12 10:09:32,253162,75
1550,169219,Pablo Marí,P. Marí,18,SUB,,,,,,,,,2026-08-12 10:09:32,2026-08-12 10:09:32,206654,
1551,390673,Eddy Kouadio,E. Kouadio,60,SUB,,,,,,,,,2026-08-12 10:09:32,2026-08-12 10:09:32,74926,
1552,262481,Luca Ranieri,L. Ranieri,6,SUB,,,,,,,,,2026-08-12 10:09:32,2026-08-12 10:09:32,240777,76
1553,257256,Manor Solomon,M. Solomon,19,SUB,,,,,,,,,2026-08-12 10:09:32,2026-08-12 10:09:32,246791,
1554,249668,Oliver Christensen,O. Christensen,53,SUB,,,,,,,,,2026-08-12 10:09:32,2026-08-12 10:09:32,236758,71
1555,248633,Moise Kean,M. Kean,20,SUB,,,,,,,,,2026-08-12 10:09:32,2026-08-12 10:09:32,236610,83
1557,403581,Eman Kospo,E. Kospo,23,SUB,,,,,,,,,2026-08-12 10:09:32,2026-08-12 10:09:32,80505,
1558,384300,Niccolò Fortini,N. Fortini,29,SUB,,,,,,,,,2026-08-12 10:09:32,2026-08-12 10:09:32,72180,
1559,241415,Christian Kouamé,C. Kouamé,99,SUB,,,,,,,,,2026-08-12 10:09:32,2026-08-12 10:09:32,235866,
1560,122280,Kevin Trapp,K. Trapp,35,G,,,,,,,,,2026-08-12 10:09:33,2026-08-12 10:09:33,188943,81
1561,127572,Timothée Kolodziejczak,T. Kolodziejczak,15,CD,,,,,,,,,2026-08-12 10:09:33,2026-08-12 10:09:33,190034,
1562,308195,Otavio,Otavio,6,CD-L,,,,,,,,,2026-08-12 10:09:33,2026-08-12 10:09:33,210411,
1563,287474,Moustapha Mbow,M. Mbow,5,CD-R,,,,,,,,,2026-08-12 10:09:33,2026-08-12 10:09:33,247248,72
1564,371471,Nhoa Sangui,N. Sangui,19,LB,,,,,,,,,2026-08-12 10:09:33,2026-08-12 10:09:33,70012,
1565,196729,Hamari Traoré,H. Traoré,14,RB,,,,,,,,,2026-08-12 10:09:33,2026-08-12 10:09:33,219789,
1566,364746,Adama Camara,A. Camara,17,CM-L,,,,,,,,,2026-08-12 10:09:33,2026-08-12 10:09:33,276398,
1567,219153,Vincent Marchetti,V. Marchetti,4,CM-R,,,,,,,,,2026-08-12 10:09:33,2026-08-12 10:09:33,228774,
1568,238392,Alimani Gory,A. Gory,7,LM,,,,,,,,,2026-08-12 10:09:33,2026-08-12 10:09:33,234158,
1569,304918,Ilan Kebbal,I. Kebbal,10,RM,,,,,,,,,2026-08-12 10:09:33,2026-08-12 10:09:33,257118,75
1570,257126,Jean-Phillipe Krasso,J. Krasso,11,F,,,,,,,,,2026-08-12 10:09:33,2026-08-12 10:09:33,256731,
1571,187647,Moses Simon,M. Simon,27,SUB,,,,,,,,,2026-08-12 10:09:33,2026-08-12 10:09:33,216820,77
1572,225559,Jonathan Ikoné,J. Ikoné,93,SUB,,,,,,,,,2026-08-12 10:09:33,2026-08-12 10:09:33,234612,
1573,301770,Obed Nkambadio,O. Nkambadio,16,SUB,,,,,,,,,2026-08-12 10:09:33,2026-08-12 10:09:33,255266,
1574,259744,Willem Geubbels,W. Geubbels,9,SUB,,,,,,,,,2026-08-12 10:09:33,2026-08-12 10:09:33,241266,
1575,354865,Tuomas Ollila,T. Ollila,2,SUB,,,,,,,,,2026-08-12 10:09:33,2026-08-12 10:09:33,272599,69
1576,223122,Maxime López,M. López,21,SUB,,,,,,,,,2026-08-12 10:09:33,2026-08-12 10:09:33,224030,
1577,266096,Marshall Munetsi,M. Munetsi,18,SUB,,,,,,,,,2026-08-12 10:09:33,2026-08-12 10:09:33,235432,
1578,341333,Luca Koleosho,L. Koleosho,24,SUB,,,,,,,,,2026-08-12 10:09:33,2026-08-12 10:09:33,266041,
1579,227720,Mathieu Cafaro,M. Cafaro,13,SUB,,,,,,,,,2026-08-12 10:09:33,2026-08-12 10:09:33,231236,
1580,247940,Hervé Koffi,H. Koffi,12,G,,,,,,,,,2026-08-12 10:09:33,2026-08-12 10:09:33,239342,
1581,191712,Jordan Lefort,J. Lefort,21,CD-L,,,,,,,,,2026-08-12 10:09:33,2026-08-12 10:09:33,234515,
1582,412232,Ousmane Camara,O. Camara,4,CD-R,,,,,,,,,2026-08-12 10:09:33,2026-08-12 10:09:33,258439,
1583,333218,Jacques Ekomie,J. Ekomie,3,LB,,,,,,,,,2026-08-12 10:09:33,2026-08-12 10:09:33,271061,
1584,218703,Carlens Arcus,C. Arcus,2,RB,,,,,,,,,2026-08-12 10:09:33,2026-08-12 10:09:33,228591,
1585,333845,Louis Mouton,L. Mouton,6,AM,,,,,,,,,2026-08-12 10:09:33,2026-08-12 10:09:33,269725,
1586,206993,Haris Belkebla,H. Belkebla,93,LM,,,,,,,,,2026-08-12 10:09:33,2026-08-12 10:09:33,224444,74
1587,338006,Yassin Belkhdim,Y. Belkhdim,14,RM,,,,,,,,,2026-08-12 10:09:33,2026-08-12 10:09:33,269729,
1588,366817,Sidiki Cherif,S. Cherif,11,F,,,,,,,,,2026-08-12 10:09:33,2026-08-12 10:09:33,277485,
1589,314388,Amine Sbaï,A. Sbaï,7,AM-L,,,,,,,,,2026-08-12 10:09:33,2026-08-12 10:09:33,273666,68
1590,412871,Harouna Djibirin,H. Djibirin,31,AM-R,,,,,,,,,2026-08-12 10:09:33,2026-08-12 10:09:33,,
1591,170284,Pierrick Capelle,P. Capelle,15,SUB,,,,,,,,,2026-08-12 10:09:33,2026-08-12 10:09:33,209781,
1592,356211,Emmanuel Biumla,E. Biumla,24,SUB,,,,,,,,,2026-08-12 10:09:33,2026-08-12 10:09:33,275878,
1593,297161,Melvin Zinga,M. Zinga,16,SUB,,,,,,,,,2026-08-12 10:09:33,2026-08-12 10:09:33,257395,
1594,137403,Florent Hanin,F. Hanin,26,SUB,,,,,,,,,2026-08-12 10:09:33,2026-08-12 10:09:33,194846,
1595,364683,Marius Courcoul,M. Courcoul,5,SUB,,,,,,,,,2026-08-12 10:09:33,2026-08-12 10:09:33,277484,
1596,403232,Prosper Peter,P. Peter,35,SUB,,,,,,,,,2026-08-12 10:09:33,2026-08-12 10:09:33,78295,
1597,196234,Branco van den Boomen,B. van den Boomen,8,SUB,,,,,,,,,2026-08-12 10:09:33,2026-08-12 10:09:33,229158,
1598,284333,Jim Allevinah,J. Allevinah,18,SUB,,,,,,,,,2026-08-12 10:09:33,2026-08-12 10:09:33,251191,
1599,357154,Lilian Raolisoa,L. Raolisoa,27,SUB,,,,,,,,,2026-08-12 10:09:33,2026-08-12 10:09:33,273835,
1600,158174,Matheus,Matheus,1,G,,,,,,,,,2026-08-12 10:09:34,2026-08-12 10:09:34,,
1601,203707,Rodrigão,Rodrigão,5,CD-L,,,,,,,,,2026-08-12 10:09:34,2026-08-12 10:09:34,,
1602,197342,Milos Veljkovic,M. Veljkovic,13,CD-R,,,,,,,,,2026-08-12 10:09:34,2026-08-12 10:09:34,,
1603,266070,Nayair Tiknizyan,N. Tiknizyan,23,LB,,,,,,,,,2026-08-12 10:09:34,2026-08-12 10:09:34,,
1604,302793,Seol Young-Woo,S. Young-Woo,66,RB,,,,,,,,,2026-08-12 10:09:34,2026-08-12 10:09:34,255500,
1605,400970,Vasilije Kostov,V. Kostov,22,AM,,,,,,,,,2026-08-12 10:09:34,2026-08-12 10:09:34,,
1606,235813,Timi Elsnik,T. Elsnik,21,LM,,,,,,,,,2026-08-12 10:09:34,2026-08-12 10:09:34,,
1607,222595,Rade Krunic,R. Krunic,33,RM,,,,,,,,,2026-08-12 10:09:34,2026-08-12 10:09:34,,
1608,98193,Marko Arnautovic,M. Arnautovic,89,F,,,,,,,,,2026-08-12 10:09:34,2026-08-12 10:09:34,,
1609,174981,Aleksandar Katai,A. Katai,10,AM-L,,,,,,,,,2026-08-12 10:09:34,2026-08-12 10:09:34,,
1610,246965,Nikola Stankovic,N. Stankovic,24,AM-R,,,,,,,,,2026-08-12 10:09:34,2026-08-12 10:09:34,,
1611,409461,Luka Zaric,L. Zaric,40,SUB,,,,,,,,,2026-08-12 10:09:34,2026-08-12 10:09:34,,
1612,408896,Adem Avdic,A. Avdic,71,SUB,,,,,,,,,2026-08-12 10:09:34,2026-08-12 10:09:34,,
1613,362298,Mahmudu Bajo,M. Bajo,6,SUB,,,,,,,,,2026-08-12 10:09:34,2026-08-12 10:09:34,,
1614,239030,Omri Glazer,O. Glazer,18,SUB,,,,,,,,,2026-08-12 10:09:34,2026-08-12 10:09:34,,
1615,257000,Felicio Milson,F. Milson,7,SUB,,,,,,,,,2026-08-12 10:09:34,2026-08-12 10:09:34,,
1616,214433,Nemanja Radonjic,N. Radonjic,49,SUB,,,,,,,,,2026-08-12 10:09:34,2026-08-12 10:09:34,,
1617,355246,Ivan Guteša,I. Guteša,77,SUB,,,,,,,,,2026-08-12 10:09:34,2026-08-12 10:09:34,,
1618,292259,Bruno Duarte,B. Duarte,17,SUB,,,,,,,,,2026-08-12 10:09:34,2026-08-12 10:09:34,75614,
1619,402677,Stefan Gudelj,S. Gudelj,45,SUB,,,,,,,,,2026-08-12 10:09:34,2026-08-12 10:09:34,,
1620,345737,Vladimir Lucic,V. Lucic,37,SUB,,,,,,,,,2026-08-12 10:09:34,2026-08-12 10:09:34,,
1621,342146,Stefan Lekovic,S. Lekovic,25,SUB,,,,,,,,,2026-08-12 10:09:34,2026-08-12 10:09:34,,
1622,324008,Tomás Händel,T. Händel,20,SUB,,,,,,,,,2026-08-12 10:09:34,2026-08-12 10:09:34,,
1623,144720,Andrei Radu,A. Radu,13,G,,,,,,,,,2026-08-12 10:09:34,2026-08-12 10:09:43,234102,74
1624,384643,Yoel Lago,Y. Lago,29,SUB,,,,,,,,,2026-08-12 10:09:34,2026-08-12 10:09:43,72425,
1625,146127,Marcos Alonso,M. Alonso,20,CD-L,,,,,,,,,2026-08-12 10:09:34,2026-08-12 10:09:43,192638,
1626,376147,Javi Rodríguez,J. Rodríguez,32,CD-R,,,,,,,,,2026-08-12 10:09:34,2026-08-12 10:09:43,279027,
1627,297829,Ilaix Moriba,I. Moriba,6,CM-L,,,,,,,,,2026-08-12 10:09:34,2026-08-12 10:09:43,259233,
1628,353736,Miguel Román,M. Román,16,CM-L,,,,,,,,,2026-08-12 10:09:34,2026-08-12 10:09:42,277029,
1629,298343,Sergio Carreira,S. Carreira,5,LM,,,,,,,,,2026-08-12 10:09:34,2026-08-12 10:09:43,252866,
1630,331586,Javi Rueda,J. Rueda,17,SUB,,,,,,,,,2026-08-12 10:09:34,2026-08-12 10:09:42,72426,
1631,214995,Borja Iglesias,B. Iglesias,7,F,,,,,,,,,2026-08-12 10:09:34,2026-08-12 10:09:43,224179,80
1632,188391,Hugo Álvarez,H. Álvarez,23,SUB,,,,,,,,,2026-08-12 10:09:34,2026-08-12 10:09:42,266331,
1633,92800,Iago Aspas,I. Aspas,10,SUB,,,,,,,,,2026-08-12 10:09:34,2026-08-12 10:09:43,192629,83
1634,279904,Ferran Jutglà,F. Jutglà,9,CF-R,,,,,,,,,2026-08-12 10:09:34,2026-08-12 10:09:43,265800,
1635,334111,Jones El-Abdellaoui,J. El-Abdellaoui,39,SUB,,,,,,,,,2026-08-12 10:09:34,2026-08-12 10:09:43,270860,64
1636,242580,Iván Villar,I. Villar,1,SUB,,,,,,,,,2026-08-12 10:09:34,2026-08-12 10:09:43,222572,
1637,414293,Hugo Burcio,H. Burcio,31,SUB,,,,,,,,,2026-08-12 10:09:34,2026-08-12 10:09:34,,
1638,204014,Franco Cervi,F. Cervi,11,SUB,,,,,,,,,2026-08-12 10:09:34,2026-08-12 10:09:43,223061,
1639,395625,Fernando López,F. López,30,SUB,,,,,,,,,2026-08-12 10:09:34,2026-08-12 10:09:43,75628,
1640,276546,Óscar Mingueza,Ó. Mingueza,3,RM,,,,,,,,,2026-08-12 10:09:34,2026-08-12 10:09:43,259694,80
1641,221334,Mihailo Ristic,M. Ristic,21,SUB,,,,,,,,,2026-08-12 10:09:34,2026-08-12 10:09:34,240223,
1642,414292,Andrés Antañón,A. Antañón,36,SUB,,,,,,,,,2026-08-12 10:09:34,2026-08-12 10:09:43,,
1643,138448,Pablo Durán,P. Durán,18,SUB,,,,,,,,,2026-08-12 10:09:34,2026-08-12 10:09:43,272453,
1644,312376,Carlos Domínguez,C. Domínguez,24,SUB,,,,,,,,,2026-08-12 10:09:34,2026-08-12 10:09:43,262140,
1645,311571,Bryan Zaragoza,B. Zaragoza,15,CF-R,,,,,,,,,2026-08-12 10:09:34,2026-08-12 10:09:42,271916,
1646,356390,Jonas Torsvik,J. Torsvik,15,SUB,,,,,,,,,2026-08-12 10:09:34,2026-08-12 10:10:08,276251,
1660,333782,Kristian Eriksen,K. Eriksen,16,SUB,,,,,,,,,2026-08-12 10:09:34,2026-08-12 10:10:08,267685,72
1662,421247,Cheikh Diop,C. Diop,6,SUB,,,,,,,,,2026-08-12 10:09:34,2026-08-12 10:10:08,,
1663,261425,Rabbi Matondo,R. Matondo,26,SUB,,,,,,,,,2026-08-12 10:09:34,2026-08-12 10:09:50,243392,69
1664,422020,Håkon Melås Hellesøy,H. Hellesøy,36,SUB,,,,,,,,,2026-08-12 10:09:34,2026-08-12 10:10:08,,
1666,362285,Mamour Ndiaye,M. Ndiaye,1,G,,,,,,,,,2026-08-12 10:09:34,2026-08-12 10:09:34,72672,65
1667,159247,Menno Koch,M. Koch,2,CD-L,,,,,,,,,2026-08-12 10:09:34,2026-08-12 10:09:34,204816,
1668,238109,Bjørn Inge Utvik,B. Utvik,4,CD-R,,,,,,,,,2026-08-12 10:09:34,2026-08-12 10:09:34,213864,
1669,368577,Anders Hiim,A. Hiim,21,LB,,,,,,,,,2026-08-12 10:09:34,2026-08-12 10:09:34,277905,
1670,356988,Claus Niyukuri,C. Niyukuri,12,RB,,,,,,,,,2026-08-12 10:09:34,2026-08-12 10:09:34,273614,65
1671,347328,Sander Christiansen,S. Christiansen,8,CM-L,,,,,,,,,2026-08-12 10:09:34,2026-08-12 10:09:34,257917,
1672,379133,Victor Halvorsen,V. Halvorsen,22,CM-R,,,,,,,,,2026-08-12 10:09:34,2026-08-12 10:09:34,70166,
1673,349945,Andreas Nibe Hansen,A. Nibe Hansen,33,LM,,,,,,,,,2026-08-12 10:09:34,2026-08-12 10:09:34,272518,71
1674,251612,Sondre Sörli,S. Sörli,10,RM,,,,,,,,,2026-08-12 10:09:34,2026-08-12 10:09:34,,
1675,418804,Noa Williams,N. Williams,17,CF-L,,,,,,,,93,2026-08-12 10:09:34,2026-08-12 10:09:34,256516,
1676,334112,Daniel Karlsbakk,D. Karlsbakk,11,CF-R,,,,,,,,,2026-08-12 10:09:34,2026-08-12 10:09:34,267426,
1677,191982,Magnar Odegaard,M. Odegaard,5,SUB,,,,,,,,,2026-08-12 10:09:34,2026-08-12 10:09:34,,
1678,386209,Mathias Svenningsen-Grønn,M. Svenningsen-Grønn,81,SUB,,,,,,,,,2026-08-12 10:09:34,2026-08-12 10:09:34,73033,
1679,390697,Nikolai Skuseth,N. Skuseth,15,SUB,,,,,,,,,2026-08-12 10:09:34,2026-08-12 10:10:07,,
1680,320877,Leander Oy,L. Oy,87,SUB,,,,,,,,,2026-08-12 10:09:34,2026-08-12 10:09:34,,
1681,324174,Camil Mmaee,C. Mmaee,7,SUB,,,,,,,,,2026-08-12 10:09:34,2026-08-12 10:09:34,,
1682,422126,Magnus Eidal,M. Eidal,50,SUB,,,,,,,,,2026-08-12 10:09:34,2026-08-12 10:09:34,,
1683,162497,Chris Kouakou,C. Kouakou,26,SUB,,,,,,,,,2026-08-12 10:09:34,2026-08-12 10:09:34,235866,
1684,408598,Bop Guèye,B. Guèye,18,SUB,,,,,,,,,2026-08-12 10:09:34,2026-08-12 10:09:34,80393,
1685,218698,Eirik Wichne,E. Wichne,32,SUB,,,,,,,,,2026-08-12 10:09:34,2026-08-12 10:09:34,228834,
1697,152469,Ross Barkley,R. Barkley,6,SUB,,,,,,,,362,2026-08-12 10:09:35,2026-08-12 10:09:44,199189,77
1703,366248,George Hemmings,G. Hemmings,53,SUB,,,,,,,,,2026-08-12 10:09:35,2026-08-12 10:10:28,,
1706,275599,Caoimhín Kelleher,C. Kelleher,1,G,,,,,,,,,2026-08-12 10:09:35,2026-08-12 10:09:35,240913,
1707,270507,Sepp van den Berg,S. van den Berg,4,CD-L,,,,,,,,,2026-08-12 10:09:35,2026-08-12 10:09:35,242453,
1708,206173,Kristoffer Ajer,K. Ajer,20,CD-R,,,,,,,,,2026-08-12 10:09:35,2026-08-12 10:09:35,224258,75
1709,206761,Rico Henry,R. Henry,3,LB,,,,,,,,382,2026-08-12 10:09:35,2026-08-12 10:09:35,271574,
1710,356640,Michael Kayode,M. Kayode,33,RB,,,,,,,,,2026-08-12 10:09:35,2026-08-12 10:09:35,277869,
1711,227472,Mathias Jensen,M. Jensen,8,AM,,,,,,,,,2026-08-12 10:09:35,2026-08-12 10:09:35,229723,77
1712,225564,Vitaly Janelt,V. Janelt,27,LM,,,,,,,,,2026-08-12 10:09:35,2026-08-12 10:09:35,235167,
1713,127262,Jordan Henderson,J. Henderson,6,RM,,,,,,,,,2026-08-12 10:09:35,2026-08-12 10:09:35,183711,79
1714,301894,Igor Thiago,I. Thiago,9,F,,,,,,,,,2026-08-12 10:09:35,2026-08-12 10:09:35,275771,
1715,310958,Kevin Schade,K. Schade,7,AM-L,,,,,,,,,2026-08-12 10:09:35,2026-08-12 10:09:35,260926,
1716,315530,Dango Ouattara,D. Ouattara,19,AM-R,,,,,,,,,2026-08-12 10:09:35,2026-08-12 10:09:35,265552,
1717,418500,Luka Bentt,L. Bentt,48,SUB,,,,,,,,,2026-08-12 10:09:35,2026-08-12 10:09:35,,
1718,241093,Ethan Pinnock,E. Pinnock,5,SUB,,,,,,,,,2026-08-12 10:09:35,2026-08-12 10:09:35,238717,77
1719,357477,Romelle Donovan,R. Donovan,45,SUB,,,,,,,,,2026-08-12 10:09:35,2026-08-12 10:09:35,278919,
1720,311527,Hákon Valdimarsson,H. Valdimarsson,12,SUB,,,,,,,,,2026-08-12 10:09:35,2026-08-12 10:09:35,264133,68
1721,279780,Nathan Collins,N. Collins,22,SUB,,,,,,,,,2026-08-12 10:09:35,2026-08-12 10:09:35,248484,79
1722,284490,Keane Lewis-Potter,K. Lewis-Potter,23,SUB,,,,,,,,,2026-08-12 10:09:35,2026-08-12 10:09:35,243606,
1723,342029,Yehor Yarmoliuk,Y. Yarmoliuk,18,SUB,,,,,,,,,2026-08-12 10:09:35,2026-08-12 10:09:35,270608,71
1724,283940,Aaron Hickey,A. Hickey,2,SUB,,,,,,,,,2026-08-12 10:09:35,2026-08-12 10:09:35,248808,74
1725,308932,Mikkel Damsgaard,M. Damsgaard,24,SUB,,,,,,,,,2026-08-12 10:09:35,2026-08-12 10:09:35,241508,80
1735,304963,Dávid Duris,D. Duris,29,SUB,,,,,,,,,2026-08-12 10:09:36,2026-08-12 10:10:02,70628,
1744,337029,Noah Sahsah,N. Sahsah,11,RM,,,,,,,,,2026-08-12 10:09:36,2026-08-12 10:10:02,272322,
1746,319064,Adrian Sæther,A. Sæther,12,SUB,,,,,,,,,2026-08-12 10:09:36,2026-08-12 10:10:07,269754,
1747,146895,Dan Peter Ulvestad,D. Ulvestad,5,CD-L,,,,,,,,,2026-08-12 10:09:36,2026-08-12 10:10:07,198642,
1748,402187,Júlíus Júlíusson,J. Júlíusson,4,CD-R,,,,,,,,,2026-08-12 10:09:36,2026-08-12 10:10:07,,
1749,399589,Frederik Flex,F. Flex,3,LB,,,,,,,,,2026-08-12 10:09:36,2026-08-12 10:10:07,77084,
1750,226212,Alexander Munksgaard,A. Munksgaard,13,RB,,,,,,,,,2026-08-12 10:09:36,2026-08-12 10:10:07,,
1751,251609,Jesper Isaksen,J. Isaksen,6,LM,,,,,,,,,2026-08-12 10:09:36,2026-08-12 10:10:07,,
1752,325047,Niklas Odegard,N. Odegard,8,SUB,,,,,,,,,2026-08-12 10:09:36,2026-08-12 10:10:07,,
1753,377756,Wilfred Igor,W. Igor,20,RM,,,,,,,,,2026-08-12 10:09:36,2026-08-12 10:10:07,71857,
1754,331646,Leander Alvheim,L. Alvheim,19,F,,,,,,,,,2026-08-12 10:09:36,2026-08-12 10:10:07,269757,
1755,361822,Sander Kilen,S. Kilen,9,AM-L,,,,,,,,,2026-08-12 10:09:36,2026-08-12 10:10:07,279058,
1756,362949,Adrian Rønning,A. Rønning,27,AM-R,,,,,,,,,2026-08-12 10:09:36,2026-08-12 10:10:07,74923,
1757,323171,Heine Gikling Bruseth,H. Gikling Bruseth,10,AM,,,,,,,,,2026-08-12 10:09:36,2026-08-12 10:10:07,271611,
1758,351346,Mustapha Ubandoma,M. Ubandoma,7,SUB,,,,,,,,,2026-08-12 10:09:36,2026-08-12 10:10:07,272529,
1759,259159,Michael Lansing,M. Lansing,1,G,,,,,,,,,2026-08-12 10:09:36,2026-08-12 10:10:07,239797,
1760,403025,Aksel Brattøy,A. Brattøy,38,SUB,,,,,,,,,2026-08-12 10:09:36,2026-08-12 10:09:36,,
1761,336995,Anders Börset,A. Börset,2,SUB,,,,,,,,,2026-08-12 10:09:36,2026-08-12 10:09:36,,
1762,365215,Hrannar Magnússon,H. Magnússon,77,SUB,,,,,,,,,2026-08-12 10:09:36,2026-08-12 10:10:07,,
1763,402532,Herman Opsahl,H. Opsahl,31,SUB,,,,,,,,,2026-08-12 10:09:36,2026-08-12 10:09:36,78030,
1764,377752,Haakon Haugen,H. Haugen,22,SUB,,,,,,,,,2026-08-12 10:09:36,2026-08-12 10:10:07,71931,
1765,382799,Syver Skeide,S. Skeide,14,SUB,,,,,,,,,2026-08-12 10:09:36,2026-08-12 10:09:36,73037,
1766,238088,Fredrik André Bjørkan,F. Bjørkan,15,LB,,,,,,,,,2026-08-12 10:09:36,2026-08-12 10:09:41,233800,74
1767,319066,Magnus Riisnaes,M. Riisnaes,23,M,,,,,,,,,2026-08-12 10:09:36,2026-08-12 10:09:36,,
1768,303934,Anders Klynge,A. Klynge,22,SUB,,,,,,,,,2026-08-12 10:09:36,2026-08-12 10:09:41,257259,
1769,218561,Andreas Helmersen,A. Helmersen,21,SUB,,,,,,,,,2026-08-12 10:09:36,2026-08-12 10:09:41,228212,
1770,176883,Haitam Aleesami,H. Aleesami,5,CD-L,,,,,,,,,2026-08-12 10:09:36,2026-08-12 10:09:41,210695,
1771,271088,Hakon Evjen,H. Evjen,26,RM,,,,,,,,,2026-08-12 10:09:36,2026-08-12 10:09:41,242162,
1772,399511,Mikkel Hansen,M. Hansen,77,SUB,,,,,,,,,2026-08-12 10:09:36,2026-08-12 10:09:41,254752,
1773,340237,Daniel Bassi,D. Bassi,24,SUB,,,,,,,,,2026-08-12 10:09:36,2026-08-12 10:09:41,268740,
1774,227625,Julian Faye Lund,J. Lund,1,SUB,,,,,,,,,2026-08-12 10:09:36,2026-08-12 10:09:41,230787,
1775,217655,Nikita Haykin,N. Haykin,12,G,,,,,,,,,2026-08-12 10:09:36,2026-08-12 10:09:41,,
1776,218466,Jostein Gundersen,J. Gundersen,6,SUB,,,,,,,,,2026-08-12 10:09:36,2026-08-12 10:09:41,228238,71
1777,269732,Odin Bjørtuft,O. Bjørtuft,4,CD-R,,,,,,,,,2026-08-12 10:09:36,2026-08-12 10:09:41,242623,70
1778,205924,Patrick Berg,P. Berg,7,CM-R,,,,,,,,,2026-08-12 10:09:36,2026-08-12 10:09:41,222227,77
1779,302019,Isak Dybvik Määttä,I. Määttä,25,SUB,,,,,,,,,2026-08-12 10:09:36,2026-08-12 10:09:41,256397,
1780,333755,Fredrik Sjøvold,F. Sjøvold,20,RB,,,,,,,,,2026-08-12 10:09:36,2026-08-12 10:09:41,268375,
1781,303740,Sondre Auklend,S. Auklend,8,SUB,,,,,,,,,2026-08-12 10:09:36,2026-08-12 10:09:41,256598,
1782,235789,Jens Petter Hauge,J. Hauge,10,LM,,,,,,,,,2026-08-12 10:09:36,2026-08-12 10:09:41,233848,74
1783,208353,Sondre Brunstad Fet,S. Brunstad Fet,19,CM-L,,,,,,,,,2026-08-12 10:09:36,2026-08-12 10:09:41,225077,70
1784,272624,Kasper Høgh,K. Høgh,9,CF-L,,,,,,,,,2026-08-12 10:09:36,2026-08-12 10:09:41,243203,
1785,307798,Ole Didrik Blomberg,O. Blomberg,11,CF-R,,,,,,,,,2026-08-12 10:09:36,2026-08-12 10:09:41,258892,
1786,12577,Jacob Pryts Larsen,J. Larsen,1,G,,,,,,,,,2026-08-12 10:09:36,2026-08-12 10:09:36,227503,74
1787,190031,Sebastian Griesbeck,S. Griesbeck,13,CD,,,,,,,,,2026-08-12 10:09:36,2026-08-12 10:09:36,,
1788,346358,Omar Jebali,O. Jebali,5,CD-L,,,,,,,,,2026-08-12 10:09:36,2026-08-12 10:09:36,,
1789,225862,Erlend Dahl Reitan,E. Reitan,29,CD-R,,,,,,,,,2026-08-12 10:09:36,2026-08-12 10:09:36,230836,
1790,298020,Tom Strannegard,T. Strannegard,16,LB,,,,,,,,,2026-08-12 10:09:36,2026-08-12 10:09:36,,
1791,366905,Ousmane Toure,O. Toure,27,RB,,,,,,,,166,2026-08-12 10:09:36,2026-08-12 10:09:36,278261,
1792,305460,Markus Soomets,M. Soomets,14,CM-L,,,,,,,,,2026-08-12 10:09:36,2026-08-12 10:09:36,,
1793,218856,Erlend Segberg,E. Segberg,23,CM-R,,,,,,,,,2026-08-12 10:09:36,2026-08-12 10:09:36,,
1794,400335,Jesper Cornelius,J. Cornelius,17,LM,,,,,,,,,2026-08-12 10:09:36,2026-08-12 10:09:36,,
1795,416565,Lukas Gausdal,L. Gausdal,30,RM,,,,,,,,,2026-08-12 10:09:36,2026-08-12 10:09:36,,
1796,407342,James Ampofo,J. Ampofo,22,F,,,,,,,,,2026-08-12 10:09:36,2026-08-12 10:09:36,79573,
1797,333800,Storm Strand-Kolbjörnsen,S. Strand-Kolbjörnsen,24,SUB,,,,,,,,,2026-08-12 10:09:36,2026-08-12 10:09:36,229678,
1798,167336,Eirik Schulze,E. Schulze,11,SUB,,,,,,,,,2026-08-12 10:09:36,2026-08-12 10:09:36,,
1799,347008,Frederik Palerud,F. Palerud,2,SUB,,,,,,,,,2026-08-12 10:09:36,2026-08-12 10:09:36,,
1800,271089,Mikael Ugland,M. Ugland,18,SUB,,,,,,,,,2026-08-12 10:09:36,2026-08-12 10:09:36,,
1801,186249,Hakon Lorentzen,H. Lorentzen,20,SUB,,,,,,,,,2026-08-12 10:09:36,2026-08-12 10:09:36,,
1802,420903,Filip Strømland Lien,F. Strømland Lien,37,SUB,,,,,,,,,2026-08-12 10:09:36,2026-08-12 10:09:36,,
1803,418376,Alexander Gurendal,A. Gurendal,7,SUB,,,,,,,,,2026-08-12 10:09:36,2026-08-12 10:09:36,,
1805,225637,Luiz Felipe,Luiz Felipe,5,CD-L,,,,,,,,,2026-08-12 10:09:37,2026-08-12 10:09:53,236355,
1816,324505,Fran Pérez,F. Pérez,21,SUB,,,,,,,,,2026-08-12 10:09:37,2026-08-12 10:09:53,271373,
1821,319231,Jozhua Vertrouwd,J. Vertrouwd,33,SUB,,,,,,,,,2026-08-12 10:09:37,2026-08-12 10:09:37,73316,
1823,389447,Marco de las Sias,M. de las Sias,26,SUB,,,,,,,,,2026-08-12 10:09:37,2026-08-12 10:09:37,74551,
1824,276847,Randy Nteka,R. Nteka,11,SUB,,,,,,,,,2026-08-12 10:09:37,2026-08-12 10:09:37,251756,
1825,409289,Samu Becerra,S. Becerra,28,SUB,,,,,,,,,2026-08-12 10:09:37,2026-08-12 10:09:37,79474,
1838,376208,Joselu Pérez,J. Pérez,37,SUB,,,,,,,,,2026-08-12 10:09:37,2026-08-12 10:09:37,258371,
1841,353815,Hugo Solozabal,H. Solozabal,34,SUB,,,,,,,,,2026-08-12 10:09:37,2026-08-12 10:09:37,,
1842,252477,Yvan Neyou,Y. Neyou,4,SUB,,,,,,,,,2026-08-12 10:09:37,2026-08-12 10:09:37,237626,75
1845,143643,Juanmi,Juanmi,7,SUB,,,,,,,,,2026-08-12 10:09:37,2026-08-12 10:09:37,197891,
1846,390696,Coba da Costa,C. da Costa,20,SUB,,,,,,,,,2026-08-12 10:09:37,2026-08-12 10:09:37,74403,
1847,324947,Lucas Laso,L. Laso,32,SUB,,,,,,,,,2026-08-12 10:09:37,2026-08-12 10:09:37,,
1848,416642,Alejandro Mestanza,A. Mestanza,45,SUB,,,,,,,,,2026-08-12 10:09:37,2026-08-12 10:09:37,,
1849,411279,Mykyta Aleksandrov,M. Aleksandrov,29,SUB,,,,,,,,,2026-08-12 10:09:37,2026-08-12 10:09:37,,
1853,97111,Hiroki Ito,H. Ito,21,LB,,,,,,,,9825,2026-08-12 10:09:38,2026-08-12 10:10:08,234205,78
1854,236721,Alphonso Davies,A. Davies,19,RB,,,,,,,,9825,2026-08-12 10:09:38,2026-08-12 10:09:38,234396,84
1858,142200,Harry Kane,H. Kane,9,F,,,,,,,,9825,2026-08-12 10:09:38,2026-08-12 10:10:08,202126,89
1862,399864,Wisdom Mike,W. Mike,36,SUB,,,,,,,,,2026-08-12 10:09:38,2026-08-12 10:10:08,,
1865,408344,Felipe Chávez,F. Chávez,27,SUB,,,,,,,,,2026-08-12 10:09:38,2026-08-12 10:10:26,,
1869,405586,Cassiano Kiala,C. Kiala,30,SUB,,,,,,,,,2026-08-12 10:09:38,2026-08-12 10:10:08,,
1870,228507,Finn Dahmen,F. Dahmen,1,G,,,,,,,,,2026-08-12 10:09:38,2026-08-12 10:09:49,242818,
1871,274893,Keven Schlotterbeck,K. Schlotterbeck,31,CD,,,,,,,,,2026-08-12 10:09:38,2026-08-12 10:09:49,244068,
1872,245808,Cédric Zesiger,C. Zesiger,16,CD-L,,,,,,,,,2026-08-12 10:09:38,2026-08-12 10:09:49,236369,76
1873,319530,Arthur Chaves,A. Chaves,34,CD-R,,,,,,,,,2026-08-12 10:09:38,2026-08-12 10:09:38,74871,
1874,259055,Elvis Rexhbecaj,E. Rexhbecaj,8,CM-L,,,,,,,,,2026-08-12 10:09:38,2026-08-12 10:09:49,240193,
1875,282885,Han-Noah Massengo,H. Massengo,4,SUB,,,,,,,,,2026-08-12 10:09:38,2026-08-12 10:09:49,246594,
1876,223139,Dimitris Giannoulis,D. Giannoulis,13,LM,,,,,,,,,2026-08-12 10:09:38,2026-08-12 10:09:49,236457,76
1877,306928,Robin Fellhauer,R. Fellhauer,19,RM,,,,,,,,,2026-08-12 10:09:38,2026-08-12 10:09:49,269305,
1878,333837,Anton Kade,A. Kade,30,CF-R,,,,,,,,,2026-08-12 10:09:38,2026-08-12 10:09:49,266433,
1879,228503,Alexis Claude-Maurice,A. Claude-Maurice,20,CF-L,,,,,,,,,2026-08-12 10:09:38,2026-08-12 10:09:49,236477,
1880,308908,Fabian Rieder,F. Rieder,32,SUB,,,,,,,,,2026-08-12 10:09:38,2026-08-12 10:09:49,259306,74
1881,278791,Samuel Essende,S. Essende,9,SUB,,,,,,,,,2026-08-12 10:09:38,2026-08-12 10:09:49,245716,
1882,162386,Mads Pedersen,M. Pedersen,3,SUB,,,,,,,,,2026-08-12 10:09:38,2026-08-12 10:09:49,229640,72
1883,266657,Yannik Keitel,Y. Keitel,14,SUB,,,,,,,,9829,2026-08-12 10:09:38,2026-08-12 10:09:49,256118,71
1884,359207,Mert Kömür,M. Kömür,36,SUB,,,,,,,,,2026-08-12 10:09:38,2026-08-12 10:09:49,274226,
1885,317473,Ismaël Gharbi,I. Gharbi,11,SUB,,,,,,,,,2026-08-12 10:09:38,2026-08-12 10:09:49,263194,73
1886,322693,Nediljko Labrovic,N. Labrovic,22,SUB,,,,,,,,,2026-08-12 10:09:38,2026-08-12 10:09:49,271949,
1887,207623,Marius Wolf,M. Wolf,27,SUB,,,,,,,,,2026-08-12 10:09:38,2026-08-12 10:09:49,224425,
1888,146804,Michael Gregoritsch,M. Gregoritsch,38,F,,,,,,,,,2026-08-12 10:09:38,2026-08-12 10:09:49,199439,75
1889,332689,Rodrigo Ribeiro,R. Ribeiro,21,SUB,,,,,,,,,2026-08-12 10:09:38,2026-08-12 10:09:38,268837,68
1890,43372,Hugo Lloris,H. Lloris,1,G,,,,,,,,,2026-08-12 10:09:38,2026-08-12 10:10:17,167948,
1891,283453,Nkosi Tafari,N. Tafari,91,CD-L,,,,,,,,,2026-08-12 10:09:38,2026-08-12 10:10:17,256024,
1892,239175,Ryan Porteous,R. Porteous,5,CD-R,,,,,,,,,2026-08-12 10:09:38,2026-08-12 10:10:17,240439,71
1893,199904,Eddie Segura,E. Segura,4,LB,,,,,,,,,2026-08-12 10:09:38,2026-08-12 10:10:17,237245,
1894,218252,Sergi Palencia,S. Palencia,14,RB,,,,,,,,,2026-08-12 10:09:38,2026-08-12 10:10:17,228321,
1895,231192,Timothy Tillman,T. Tillman,11,AM,,,,,,,,,2026-08-12 10:09:38,2026-08-12 10:10:17,240319,
1896,193171,Mark Delgado,M. Delgado,8,LM,,,,,,,,,2026-08-12 10:09:38,2026-08-12 10:10:17,225647,
1897,270505,Stephen Eustáquio,S. Eustáquio,46,RM,,,,,,,,,2026-08-12 10:09:38,2026-08-12 10:10:17,242380,
1898,149945,Son Heung-Min,S. Heung-Min,7,F,,,,,,,,,2026-08-12 10:09:38,2026-08-12 10:10:17,229694,
1899,213304,Denis Bouanga,D. Bouanga,99,AM-L,,,,,,,,,2026-08-12 10:09:38,2026-08-12 10:10:17,225951,
1900,115713,David Martínez,D. Martínez,30,AM-R,,,,,,,,,2026-08-12 10:09:38,2026-08-12 10:10:17,272317,
1901,179237,Tyler Boyd,T. Boyd,19,SUB,,,,,,,,,2026-08-12 10:09:38,2026-08-12 10:10:17,211672,
1902,340613,Nathan Ordaz,N. Ordaz,27,SUB,,,,,,,,,2026-08-12 10:09:38,2026-08-12 10:10:17,275974,66
1903,370116,Artem Smolyakov,A. Smolyakov,29,SUB,,,,,,,,,2026-08-12 10:09:38,2026-08-12 10:10:17,77759,61
1904,262728,Thomas Hasal,T. Hasal,12,SUB,,,,,,,,,2026-08-12 10:09:38,2026-08-12 10:10:17,248216,63
1905,183758,Ryan Hollingshead,R. Hollingshead,24,SUB,,,,,,,,,2026-08-12 10:09:38,2026-08-12 10:10:17,221488,
1906,319023,Kenny Nielsen,K. Nielsen,45,SUB,,,,,,,,,2026-08-12 10:09:38,2026-08-12 10:10:17,78204,
1907,347031,Amin Boudri,A. Boudri,65,SUB,,,,,,,,,2026-08-12 10:09:38,2026-08-12 10:10:17,70331,
1908,295727,Ryan Raposo,R. Raposo,21,SUB,,,,,,,,,2026-08-12 10:09:38,2026-08-12 10:10:17,255772,65
1909,274296,Mathieu Choinière,M. Choinière,66,SUB,,,,,,,,,2026-08-12 10:09:38,2026-08-12 10:10:17,244680,67
1910,379566,Michael Collodi,M. Collodi,30,G,,,,,,,,,2026-08-12 10:09:38,2026-08-12 10:09:38,77128,
1911,268731,Osaze Urhoghide,O. Urhoghide,3,CD,,,,,,,,,2026-08-12 10:09:38,2026-08-12 10:09:38,244674,
1912,233460,Sebastien Ibeagha,S. Ibeagha,25,CD-L,,,,,,,,,2026-08-12 10:09:38,2026-08-12 10:09:38,232332,
1913,219275,Shaq Moore,S. Moore,18,CD-R,,,,,,,,,2026-08-12 10:09:38,2026-08-12 10:09:38,232120,
1914,283864,Christian Cappis,C. Cappis,12,CM-L,,,,,,,,,2026-08-12 10:09:38,2026-08-12 10:09:38,246310,
1915,157285,Ramiro,Ramiro,17,CM-R,,,,,,,,,2026-08-12 10:09:38,2026-08-12 10:09:38,215643,
1916,312876,Herman Johansson,H. Johansson,14,LM,,,,,,,,,2026-08-12 10:09:38,2026-08-12 10:09:38,261028,70
1917,318373,Bernard Kamungo,B. Kamungo,77,RM,,,,,,,,,2026-08-12 10:09:38,2026-08-12 10:09:38,275101,
1918,277128,Petar Musa,P. Musa,9,F,,,,,,,,,2026-08-12 10:09:38,2026-08-12 10:09:38,244797,76
1919,348870,Logan Farrington,L. Farrington,23,CF-L,,,,,,,,,2026-08-12 10:09:38,2026-08-12 10:09:38,71257,
1920,359922,Joaquín Valiente,J. Valiente,21,CF-R,,,,,,,,,2026-08-12 10:09:38,2026-08-12 10:09:38,273577,
1921,348652,Samuel Sarver,S. Sarver,28,SUB,,,,,,,,,2026-08-12 10:09:38,2026-08-12 10:09:38,79867,
1922,356357,Nolan Norris,N. Norris,32,SUB,,,,,,,,,2026-08-12 10:09:38,2026-08-12 10:09:38,272603,
1923,251801,Lalas Abubakar,L. Abubakar,5,SUB,,,,,,,,,2026-08-12 10:09:38,2026-08-12 10:09:38,237214,65
1924,297142,Patrickson Delgado,P. Delgado,8,SUB,,,,,,,,,2026-08-12 10:09:38,2026-08-12 10:09:38,256194,
1925,291608,Louicius Deedson,L. Deedson,7,SUB,,,,,,,,,2026-08-12 10:09:38,2026-08-12 10:09:38,252416,
1926,401844,Eryk Dymora,E. Dymora,98,SUB,,,,,,,,,2026-08-12 10:09:38,2026-08-12 10:09:38,,
1927,380441,Kaick,Kaick,55,SUB,,,,,,,,,2026-08-12 10:09:38,2026-08-12 10:09:38,78172,
1928,419187,Ricky Louis,R. Louis,15,SUB,,,,,,,,,2026-08-12 10:09:38,2026-08-12 10:09:38,,
1929,362657,Ran Binyamin,R. Binyamin,6,SUB,,,,,,,,,2026-08-12 10:09:38,2026-08-12 10:09:38,,
1930,272505,John Pulskamp,J. Pulskamp,1,G,,,,,,,,,2026-08-12 10:09:39,2026-08-12 10:09:39,256053,
1931,389905,Wyatt Meyer,W. Meyer,28,CD-L,,,,,,,,,2026-08-12 10:09:39,2026-08-12 10:09:39,77556,
1932,315921,Ethan Bartlow,E. Bartlow,23,CD-R,,,,,,,,,2026-08-12 10:09:39,2026-08-12 10:09:39,261763,
1933,303894,Jayden Reid,J. Reid,99,LB,,,,,,,,,2026-08-12 10:09:39,2026-08-12 10:09:39,272813,
1934,286804,Jansen Miller,J. Miller,15,RB,,,,,,,,,2026-08-12 10:09:39,2026-08-12 10:09:39,77970,
1935,259070,Shapi Suleymanov,S. Suleymanov,93,AM,,,,,,,,,2026-08-12 10:09:39,2026-08-12 10:09:39,240226,
1936,222659,Manu García,M. García,6,LM,,,,,,,,,2026-08-12 10:09:39,2026-08-12 10:09:39,223978,
1937,395357,Jacob Bartlett,J. Bartlett,16,RM,,,,,,,,,2026-08-12 10:09:39,2026-08-12 10:09:39,77490,
1938,240110,Dejan Joveljic,D. Joveljic,9,F,,,,,,,,,2026-08-12 10:09:39,2026-08-12 10:09:39,251105,
1939,293695,Calvin Harris,C. Harris,11,AM-L,,,,,,,,,2026-08-12 10:09:39,2026-08-12 10:09:39,261604,
1940,286760,Jacob Davis,J. Davis,8,AM-R,,,,,,,,,2026-08-12 10:09:39,2026-08-12 10:09:39,264390,
1941,411674,Zamir Loyo Reynaga,Z. Loyo Reynaga,61,SUB,,,,,,,,,2026-08-12 10:09:39,2026-08-12 10:09:39,,
1942,399958,Shane Donovan,S. Donovan,88,SUB,,,,,,,,,2026-08-12 10:09:39,2026-08-12 10:09:39,,
1943,286434,Lasse Berg Johnsen,L. Johnsen,4,SUB,,,,,,,,,2026-08-12 10:09:39,2026-08-12 10:09:39,248166,74
1944,401233,Pierre Lurot,P. Lurot,41,SUB,,,,,,,,,2026-08-12 10:09:39,2026-08-12 10:09:39,,
1945,381688,Taylor Calheira,T. Calheira,19,SUB,,,,,,,,,2026-08-12 10:09:39,2026-08-12 10:09:39,,
1946,249729,Stefan Cleveland,S. Cleveland,30,SUB,,,,,,,,,2026-08-12 10:09:39,2026-08-12 10:09:39,237250,
1947,417725,Kwaku Agyabeng,K. Agyabeng,20,SUB,,,,,,,,,2026-08-12 10:09:39,2026-08-12 10:09:39,,
1948,388191,Cielo Tschantret,C. Tschantret,14,SUB,,,,,,,,,2026-08-12 10:09:39,2026-08-12 10:09:39,,
1949,362459,Stephen Afrifa,S. Afrifa,17,SUB,,,,,,,,,2026-08-12 10:09:39,2026-08-12 10:09:39,275252,
1950,336963,Duran Ferree,D. Ferree,18,G,,,,,,,,,2026-08-12 10:09:39,2026-08-12 10:10:05,279706,
1951,400713,Manu Duah,M. Duah,26,CD-L,,,,,,,,,2026-08-12 10:09:39,2026-08-12 10:10:05,77495,
1952,257114,Christopher McVey,C. McVey,97,CD-R,,,,,,,,,2026-08-12 10:09:39,2026-08-12 10:10:05,242199,
1953,380677,Kieran Sargeant,K. Sargeant,5,LB,,,,,,,,,2026-08-12 10:09:39,2026-08-12 10:10:05,,
1954,381072,Luca Bombino,L. Bombino,27,RB,,,,,,,,,2026-08-12 10:09:39,2026-08-12 10:10:05,75236,
1955,214371,Jeppe Tverskov,J. Tverskov,6,CM,,,,,,,,,2026-08-12 10:09:39,2026-08-12 10:10:05,224067,73
1956,277212,Onni Valakari,O. Valakari,8,LM,,,,,,,,,2026-08-12 10:09:39,2026-08-12 10:10:05,245685,66
1957,371488,Pedro Soma,P. Soma,15,SUB,,,,,,,,,2026-08-12 10:09:39,2026-08-12 10:10:05,80612,
1958,186324,Marcus Ingvartsen,M. Ingvartsen,7,F,,,,,,,,,2026-08-12 10:09:39,2026-08-12 10:10:05,215247,74
1959,207638,Amahl Pellegrino,A. Pellegrino,90,LF,,,,,,,,,2026-08-12 10:09:39,2026-08-12 10:10:05,224874,71
1960,250454,Anders Dreyer,A. Dreyer,10,RF,,,,,,,,,2026-08-12 10:09:39,2026-08-12 10:10:05,236918,77
1961,365854,David Vazquez,D. Vazquez,19,SUB,,,,,,,,,2026-08-12 10:09:39,2026-08-12 10:10:05,73870,
1962,116825,Aníbal Godoy,A. Godoy,20,RM,,,,,,,,,2026-08-12 10:09:39,2026-08-12 10:10:05,217047,
1963,419201,Bryan Zamblé,B. Zamblé,14,SUB,,,,,,,,,2026-08-12 10:09:39,2026-08-12 10:10:05,,
1964,291999,Alex Mighten,A. Mighten,77,SUB,,,,,,,,,2026-08-12 10:09:39,2026-08-12 10:10:05,254859,
1965,181028,Lewis Morgan,L. Morgan,9,SUB,,,,,,,,,2026-08-12 10:09:39,2026-08-12 10:09:39,221908,73
1966,365859,Oscar Verhoeven,O. Verhoeven,33,SUB,,,,,,,,,2026-08-12 10:09:39,2026-08-12 10:10:05,73671,
1967,286424,Pablo Sisniega,P. Sisniega,13,SUB,,,,,,,,,2026-08-12 10:09:39,2026-08-12 10:09:39,235590,64
1968,399756,Ian Pilcher,I. Pilcher,25,SUB,,,,,,,,,2026-08-12 10:09:39,2026-08-12 10:10:05,77967,
1969,302238,Bryce Duke,B. Duke,21,SUB,,,,,,,,,2026-08-12 10:09:39,2026-08-12 10:10:05,255411,
1972,186151,Jean-Philippe Gbamin,J. Gbamin,5,CD-R,,,,,,,,,2026-08-12 10:09:40,2026-08-12 10:09:40,214947,68
1976,228563,Boubacar Traoré,B. Traoré,8,LM,,,,,,,,,2026-08-12 10:09:40,2026-08-12 10:09:51,252975,
1981,408953,Cleo Mélières,C. Mélières,25,SUB,,,,,,,,,2026-08-12 10:09:40,2026-08-12 10:09:51,80578,
1985,144280,Benjamin Stambouli,B. Stambouli,21,SUB,,,,,,,,,2026-08-12 10:09:40,2026-08-12 10:09:51,198200,
1988,249777,Malick Mbaye,M. Mbaye,11,AM-R,,,,,,,,,2026-08-12 10:09:40,2026-08-12 10:09:51,275288,65
1989,362281,Ibou Sané,I. Sané,23,F,,,,,,,,,2026-08-12 10:09:40,2026-08-12 10:09:51,278119,70
2024,255311,Ola Brynhildsen,O. Brynhildsen,17,SUB,,,,,,,,,2026-08-12 10:09:41,2026-08-12 10:09:41,238236,70
2037,354149,Jens Hjerto Dahl,J. Hjerto Dahl,6,CM-L,,,,,,,,,2026-08-12 10:09:41,2026-08-12 10:10:12,274979,
2045,378946,Mathias Tønnessen,M. Tønnessen,3,SUB,,,,,,,,,2026-08-12 10:09:41,2026-08-12 10:10:12,279738,
2051,219309,Joseph Aidoo,J. Aidoo,4,CD,,,,,,,,,2026-08-12 10:09:42,2026-08-12 10:09:43,230021,75
2059,322652,Williot Swedberg,W. Swedberg,19,CF-L,,,,,,,,,2026-08-12 10:09:42,2026-08-12 10:09:43,263227,74
2061,242383,Fran Beltrán,F. Beltrán,8,SUB,,,,,,,,,2026-08-12 10:09:42,2026-08-12 10:09:42,235997,
2062,409477,Manuel Fernández,M. Fernández,12,SUB,,,,,,,,,2026-08-12 10:09:42,2026-08-12 10:09:43,76732,
2070,319114,Hugo Sotelo,H. Sotelo,22,CM-R,,,,,,,,,2026-08-12 10:09:42,2026-08-12 10:09:43,264095,
2073,323970,Julen Agirrezabala,J. Agirrezabala,25,G,,,,,,,,,2026-08-12 10:09:42,2026-08-12 10:09:42,263880,
2074,241117,Mouctar Diakhaby,M. Diakhaby,4,CD,,,,,,,,,2026-08-12 10:09:42,2026-08-12 10:09:42,230578,
2075,300927,Copete,Copete,3,CD-L,,,,,,,,,2026-08-12 10:09:42,2026-08-12 10:09:42,263396,
2076,157739,Dimitri Foulquier,D. Foulquier,20,CD-R,,,,,,,,,2026-08-12 10:09:42,2026-08-12 10:09:42,203177,
2082,280381,Lucas Beltrán,L. Beltrán,15,CF-L,,,,,,,,,2026-08-12 10:09:42,2026-08-12 10:09:42,246258,76
2087,332342,Rubén Iranzo,R. Iranzo,26,SUB,,,,,,,,,2026-08-12 10:09:42,2026-08-12 10:09:42,266031,
2095,307986,Lucas Núñez,L. Núñez,29,SUB,,,,,,,,,2026-08-12 10:09:42,2026-08-12 10:09:42,78669,
2096,161825,Janis Blaswich,J. Blaswich,28,G,,,,,,,,9826,2026-08-12 10:09:42,2026-08-12 10:09:42,204092,
2097,180998,Robert Andrich,R. Andrich,8,CD,,,,,,,,9826,2026-08-12 10:09:42,2026-08-12 10:09:42,212242,81
2098,257287,Edmond Tapsoba,E. Tapsoba,12,CD-L,,,,,,,,9826,2026-08-12 10:09:42,2026-08-12 10:09:42,247263,
2099,298524,Jarell Quansah,J. Quansah,4,CD-R,,,,,,,,9826,2026-08-12 10:09:42,2026-08-12 10:09:42,273651,
2100,228393,Exequiel Palacios,E. Palacios,25,CM-L,,,,,,,,9826,2026-08-12 10:09:42,2026-08-12 10:09:42,231521,84
2101,364080,Ezequiel Fernández,E. Fernández,6,CM-R,,,,,,,,363,2026-08-12 10:09:42,2026-08-12 10:09:42,247090,75
2102,166396,Alejandro Grimaldo,A. Grimaldo,20,LM,,,,,,,,9826,2026-08-12 10:09:42,2026-08-12 10:09:42,210035,84
2103,334374,Arthur,Arthur,13,RM,,,,,,,,9826,2026-08-12 10:09:42,2026-08-12 10:09:42,275028,
2104,212330,Patrik Schick,P. Schick,14,F,,,,,,,,9826,2026-08-12 10:09:42,2026-08-12 10:09:42,234236,85
2105,318534,Ernest Poku,E. Poku,19,CF-L,,,,,,,,9826,2026-08-12 10:09:42,2026-08-12 10:09:42,264219,
2106,174617,Jonas Hofmann,J. Hofmann,7,CF-R,,,,,,,,,2026-08-12 10:09:42,2026-08-12 10:09:42,244083,78
2107,241662,Martin Terrier,M. Terrier,11,SUB,,,,,,,,9826,2026-08-12 10:09:42,2026-08-12 10:09:42,236786,79
2108,219294,Aleix García,A. García,24,SUB,,,,,,,,9826,2026-08-12 10:09:42,2026-08-12 10:09:42,228813,83
2109,398709,Christian Kofane,C. Kofane,35,SUB,,,,,,,,9826,2026-08-12 10:09:42,2026-08-12 10:09:42,76416,68
2110,396655,Axel Tape,A. Tape,16,SUB,,,,,,,,9826,2026-08-12 10:09:42,2026-08-12 10:09:42,75736,
2111,361212,Ibrahim Maza,I. Maza,30,SUB,,,,,,,,9826,2026-08-12 10:09:42,2026-08-12 10:09:42,275029,71
2112,238418,Jonas Omlin,J. Omlin,18,SUB,,,,,,,,,2026-08-12 10:09:42,2026-08-12 10:09:42,223550,76
2113,408703,Montrell Culbreath,M. Culbreath,42,SUB,,,,,,,,,2026-08-12 10:09:42,2026-08-12 10:09:42,,
2114,346376,Tim Oermann,T. Oermann,15,SUB,,,,,,,,,2026-08-12 10:09:42,2026-08-12 10:09:42,270033,
2115,175069,Niklas Lomb,N. Lomb,36,SUB,,,,,,,,9826,2026-08-12 10:09:42,2026-08-12 10:09:42,210366,
2116,149297,Daniel Batz,D. Batz,33,G,,,,,,,,,2026-08-12 10:09:42,2026-08-12 10:10:20,199803,
2117,238906,Stefan Posch,S. Posch,4,CD-R,,,,,,,,,2026-08-12 10:09:42,2026-08-12 10:10:20,223671,79
2118,375371,Kacper Potulski,K. Potulski,48,SUB,,,,,,,,,2026-08-12 10:09:42,2026-08-12 10:10:20,81427,
2119,172997,Dominik Kohr,D. Kohr,31,CD-L,,,,,,,,,2026-08-12 10:09:42,2026-08-12 10:10:20,212212,
2120,134103,Lee Jae-Sung,L. Jae-Sung,7,CM-L,,,,,,,,,2026-08-12 10:09:42,2026-08-12 10:10:20,221671,
2121,307282,Paul Nebel,P. Nebel,8,SUB,,,,,,,,,2026-08-12 10:09:42,2026-08-12 10:10:20,257075,
2122,357030,Kaishu Sano,K. Sano,6,AM,,,,,,,,,2026-08-12 10:09:42,2026-08-12 10:10:20,73078,
2123,239574,Phillipp Mwene,P. Mwene,2,SUB,,,,,,,,,2026-08-12 10:09:42,2026-08-12 10:10:20,216275,76
2124,175905,Silvan Widmer,S. Widmer,30,LM,,,,,,,,,2026-08-12 10:09:42,2026-08-12 10:10:20,216158,72
2125,195027,Sheraldo Becker,S. Becker,23,SUB,,,,,,,,,2026-08-12 10:09:42,2026-08-12 10:10:20,223790,75
2126,234376,Phillip Tietz,P. Tietz,20,CF-L,,,,,,,,,2026-08-12 10:09:42,2026-08-12 10:10:20,233216,
2127,321057,Lasse Rieß,L. Rieß,1,SUB,,,,,,,,,2026-08-12 10:09:42,2026-08-12 10:10:20,263116,
2128,307031,Fabio Moreno Fell,F. Moreno Fell,36,SUB,,,,,,,,,2026-08-12 10:09:42,2026-08-12 10:09:42,,
2129,392851,Daniel Gleiber,D. Gleiber,42,SUB,,,,,,,,,2026-08-12 10:09:42,2026-08-12 10:09:42,75280,
2130,279282,Silas Katompa-Mvumpa,S. Katompa-Mvumpa,26,CF-R,,,,,,,,9829,2026-08-12 10:09:42,2026-08-12 10:10:20,245940,
2131,308843,Armindo Sieb,A. Sieb,11,SUB,,,,,,,,,2026-08-12 10:09:42,2026-08-12 10:09:42,259162,
2132,267798,Lennard Maloney,L. Maloney,15,SUB,,,,,,,,,2026-08-12 10:09:42,2026-08-12 10:09:42,240669,
2133,303116,William Bøving,W. Bøving,14,SUB,,,,,,,,,2026-08-12 10:09:42,2026-08-12 10:10:20,256127,71
2134,154603,Danny da Costa,D. da Costa,21,RM,,,,,,,,,2026-08-12 10:09:42,2026-08-12 10:10:20,202429,
2135,238531,Maxim Leitsch,M. Leitsch,5,SUB,,,,,,,,,2026-08-12 10:09:42,2026-08-12 10:10:20,234843,
2141,303031,Yuito Suzuki,Y. Suzuki,14,SUB,,,,,,,,,2026-08-12 10:09:43,2026-08-12 10:09:56,255185,71
2147,419274,Rouven Tarnutzer,R. Tarnutzer,69,SUB,,,,,,,,,2026-08-12 10:09:43,2026-08-12 10:09:43,,
2170,367430,Álvaro Núñez,Á. Núñez,14,SUB,,,,,,,,,2026-08-12 10:09:43,2026-08-12 10:09:43,276745,
2198,379587,Saheed Olagunju,S. Olagunju,59,SUB,,,,,,,,,2026-08-12 10:09:44,2026-08-12 10:09:44,,
2221,382839,Alysson,Alysson,47,SUB,,,,,,,,,2026-08-12 10:09:44,2026-08-12 10:09:44,,
2222,138213,Oliver Baumann,O. Baumann,1,G,,,,,,,,,2026-08-12 10:09:45,2026-08-12 10:09:58,193698,83
2223,266565,Ozan Kabak,O. Kabak,5,CD-R,,,,,,,,,2026-08-12 10:09:45,2026-08-12 10:09:58,239890,75
2224,322510,Robin Hranác,R. Hranác,2,SUB,,,,,,,,,2026-08-12 10:09:45,2026-08-12 10:09:58,276646,
2225,307567,Albian Hajdari,A. Hajdari,21,CD-L,,,,,,,,,2026-08-12 10:09:45,2026-08-12 10:09:58,259074,70
2226,191209,Vladimír Coufal,V. Coufal,34,RB,,,,,,,,,2026-08-12 10:09:45,2026-08-12 10:09:58,244470,73
2227,362590,Leon Avdullahu,L. Avdullahu,7,RM,,,,,,,,,2026-08-12 10:09:45,2026-08-12 10:09:58,276969,
2228,218714,Grischa Prömel,G. Prömel,6,SUB,,,,,,,,,2026-08-12 10:09:45,2026-08-12 10:09:58,228595,
2229,139520,Andrej Kramaric,A. Kramaric,27,AM,,,,,,,,,2026-08-12 10:09:45,2026-08-12 10:09:58,216354,
2230,331057,Fisnik Asllani,F. Asllani,11,F,,,,,,,,,2026-08-12 10:09:45,2026-08-12 10:09:58,265577,
2231,359108,Bazoumana Touré,B. Touré,29,AM-L,,,,,,,,,2026-08-12 10:09:45,2026-08-12 10:09:58,71418,70
2232,303792,Tim Lemperle,T. Lemperle,19,SUB,,,,,,,,,2026-08-12 10:09:45,2026-08-12 10:09:58,256564,
2233,177652,Kevin Akpoguma,K. Akpoguma,25,SUB,,,,,,,,,2026-08-12 10:09:45,2026-08-12 10:09:58,211856,74
2234,304795,Luca Philipp,L. Philipp,37,SUB,,,,,,,,,2026-08-12 10:09:45,2026-08-12 10:09:58,257638,
2235,372035,Max Moerstedt,M. Moerstedt,33,SUB,,,,,,,,,2026-08-12 10:09:45,2026-08-12 10:09:58,279542,
2236,277301,Valentin Gendrey,V. Gendrey,15,SUB,,,,,,,,,2026-08-12 10:09:45,2026-08-12 10:09:58,245863,
2237,346928,Muhammed Damar,M. Damar,10,SUB,,,,,,,,,2026-08-12 10:09:45,2026-08-12 10:09:58,271246,
2238,399219,Luka Djuric,L. Djuric,48,SUB,,,,,,,,,2026-08-12 10:09:45,2026-08-12 10:09:45,,
2239,320939,Alexander Prass,A. Prass,22,AM-R,,,,,,,,,2026-08-12 10:09:45,2026-08-12 10:09:58,263041,74
2240,189541,Ihlas Bebou,I. Bebou,9,SUB,,,,,,,,,2026-08-12 10:09:45,2026-08-12 10:09:45,216258,
2241,218980,Bernardo,Bernardo,13,LB,,,,,,,,,2026-08-12 10:09:45,2026-08-12 10:09:58,232805,
2244,258910,Diogo Leite,D. Leite,4,CD-L,,,,,,,,,2026-08-12 10:09:45,2026-08-12 10:09:49,234575,
2271,415430,Marcus Haagensen Reed,M. Haagensen Reed,27,CF-L,,,,,,,,,2026-08-12 10:09:46,2026-08-12 10:09:46,,
2280,415424,Kristoffer Nessø,K. Nessø,7,LB,,,,,,,,,2026-08-12 10:09:46,2026-08-12 10:10:00,,
2301,183780,Brad Stuver,B. Stuver,1,G,,,,,,,,,2026-08-12 10:09:46,2026-08-12 10:09:46,213206,
2302,238438,Brendan Hines-Ike,B. Hines-Ike,4,CD-L,,,,,,,,,2026-08-12 10:09:46,2026-08-12 10:09:46,231948,
2303,196666,Oleksandr Svatok,O. Svatok,5,CD-R,,,,,,,,,2026-08-12 10:09:46,2026-08-12 10:09:46,278884,70
2304,304696,Guilherme Biro,G. Biro,29,LB,,,,,,,,,2026-08-12 10:09:46,2026-08-12 10:09:46,279942,
2305,231047,Jon Gallagher,J. Gallagher,17,RB,,,,,,,,,2026-08-12 10:09:46,2026-08-12 10:09:46,242624,65
2306,67518,Facundo Torres,F. Torres,11,AM,,,,,,,,83,2026-08-12 10:09:46,2026-08-12 10:09:46,241461,
2307,150185,Ilie Sánchez,I. Sánchez,6,LM,,,,,,,,,2026-08-12 10:09:46,2026-08-12 10:09:46,199562,
2308,316077,Dani Pereira,D. Pereira,8,RM,,,,,,,,,2026-08-12 10:09:46,2026-08-12 10:09:46,261245,
2309,275500,Myrto Uzuni,M. Uzuni,10,F,,,,,,,,,2026-08-12 10:09:46,2026-08-12 10:09:46,261204,
2310,280612,Jayden Nelson,J. Nelson,7,AM-L,,,,,,,,,2026-08-12 10:09:46,2026-08-12 10:09:46,255339,68
2311,286669,Joseph Rosales,J. Rosales,30,AM-R,,,,,,,,,2026-08-12 10:09:46,2026-08-12 10:09:46,264157,
2312,235061,Christian Ramírez,C. Ramírez,21,SUB,,,,,,,,,2026-08-12 10:09:46,2026-08-12 10:09:46,237075,
2313,259805,Zan Kolmanic,Z. Kolmanic,23,SUB,,,,,,,,,2026-08-12 10:09:46,2026-08-12 10:09:46,261359,
2314,297379,Damian Las,D. Las,12,SUB,,,,,,,,,2026-08-12 10:09:46,2026-08-12 10:09:46,,
2315,257193,Jon Bell,J. Bell,15,SUB,,,,,,,,,2026-08-12 10:09:46,2026-08-12 10:09:46,254142,64
2316,322966,Mateja Djordjevic,M. Djordjevic,35,SUB,,,,,,,,,2026-08-12 10:09:46,2026-08-12 10:09:46,81403,
2317,318486,CJ Fodrey,C. Fodrey,19,SUB,,,,,,,,,2026-08-12 10:09:46,2026-08-12 10:09:46,274107,
2318,381219,Ervin Torres,E. Torres,38,SUB,,,,,,,,,2026-08-12 10:09:46,2026-08-12 10:09:46,76705,
2319,225834,Besard Sabovic,B. Sabovic,14,SUB,,,,,,,,,2026-08-12 10:09:46,2026-08-12 10:09:46,227855,
2320,377602,Nicolás Dubersarsky,N. Dubersarsky,20,SUB,,,,,,,,,2026-08-12 10:09:46,2026-08-12 10:09:46,70676,
2321,141316,Sean Johnson,S. Johnson,1,G,,,,,,,,,2026-08-12 10:09:46,2026-08-12 10:09:46,190780,
2322,228416,Kye Rowles,K. Rowles,15,CD-L,,,,,,,,,2026-08-12 10:09:46,2026-08-12 10:09:46,233931,71
2323,333699,Lucas Bartlett,L. Bartlett,3,CD-R,,,,,,,,,2026-08-12 10:09:46,2026-08-12 10:09:46,266805,
2324,288348,Keisuke Kurokawa,K. Kurokawa,6,LB,,,,,,,,,2026-08-12 10:09:46,2026-08-12 10:09:46,,
2325,227891,Silvan Hefti,S. Hefti,5,RB,,,,,,,,,2026-08-12 10:09:46,2026-08-12 10:09:46,231108,69
2326,269158,Brandon Servania,B. Servania,23,CM-L,,,,,,,,,2026-08-12 10:09:46,2026-08-12 10:09:46,242302,
2327,320300,Matti Peltola,M. Peltola,4,CM-R,,,,,,,,,2026-08-12 10:09:46,2026-08-12 10:09:46,256215,66
2328,308772,Hosei Kijima,H. Kijima,77,LM,,,,,,,,,2026-08-12 10:09:46,2026-08-12 10:09:46,72375,
2329,271884,Jared Stroud,J. Stroud,8,RM,,,,,,,,,2026-08-12 10:09:46,2026-08-12 10:09:46,243464,
2330,297079,João Peglow,J. Peglow,7,CF-L,,,,,,,,,2026-08-12 10:09:46,2026-08-12 10:09:46,71914,
2331,313068,Tai Baribo,T. Baribo,9,CF-R,,,,,,,,,2026-08-12 10:09:46,2026-08-12 10:09:46,263180,
2332,336970,Gavin Turner,G. Turner,48,SUB,,,,,,,,,2026-08-12 10:09:46,2026-08-12 10:09:46,,
2333,273974,Conner Antley,C. Antley,12,SUB,,,,,,,,,2026-08-12 10:09:46,2026-08-12 10:09:46,71080,
2334,286999,Louis Munteanu,L. Munteanu,11,SUB,,,,,,,,,2026-08-12 10:09:46,2026-08-12 10:09:46,248674,74
2335,230822,Sean Nealis,S. Nealis,13,SUB,,,,,,,,,2026-08-12 10:09:46,2026-08-12 10:09:46,247459,
2336,217514,Alex Bono,A. Bono,26,SUB,,,,,,,,,2026-08-12 10:09:46,2026-08-12 10:09:46,226786,
2337,418069,Nikola Markovic,N. Markovic,27,SUB,,,,,,,,,2026-08-12 10:09:46,2026-08-12 10:09:46,,
2338,324048,Jackson Hopkins,J. Hopkins,25,SUB,,,,,,,,,2026-08-12 10:09:46,2026-08-12 10:09:46,268685,
2339,307475,Gabriel Pirani,G. Pirani,10,SUB,,,,,,,,,2026-08-12 10:09:46,2026-08-12 10:09:46,277301,
2340,380712,Jacob Murrell,J. Murrell,17,SUB,,,,,,,,,2026-08-12 10:09:46,2026-08-12 10:09:46,70045,
2342,307713,Charlie Cresswell,C. Cresswell,4,CD,,,,,,,,,2026-08-12 10:09:47,2026-08-12 10:09:47,254121,
2351,384162,Rafik Messali,R. Messali,22,CF-R,,,,,,,,,2026-08-12 10:09:47,2026-08-12 10:09:47,72099,64
2352,338873,Santiago Hidalgo,S. Hidalgo,11,SUB,,,,,,,,,2026-08-12 10:09:47,2026-08-12 10:09:52,269719,
2358,225565,Niklas Schmidt,N. Schmidt,8,SUB,,,,,,,,,2026-08-12 10:09:47,2026-08-12 10:09:47,235022,
2360,367360,Noah Edjouma,N. Edjouma,31,SUB,,,,,,,,,2026-08-12 10:09:47,2026-08-12 10:09:47,278207,
2361,344517,Robin Risser,R. Risser,40,G,,,,,,,,213,2026-08-12 10:09:47,2026-08-12 10:09:47,271918,71
2362,329484,Samson Baidoo,S. Baidoo,6,CD,,,,,,,,213,2026-08-12 10:09:47,2026-08-12 10:09:47,270997,70
2363,240438,Malang Sarr,M. Sarr,20,CD-L,,,,,,,,213,2026-08-12 10:09:47,2026-08-12 10:09:47,235454,73
2364,350577,Pierre Ganiou,P. Ganiou,25,CD-R,,,,,,,,213,2026-08-12 10:09:47,2026-08-12 10:09:47,75320,
2365,387061,Andrija Bulatovic,A. Bulatovic,5,CM-L,,,,,,,,213,2026-08-12 10:09:47,2026-08-12 10:09:47,77105,
2366,173266,Adrien Thomasson,A. Thomasson,28,CM-R,,,,,,,,213,2026-08-12 10:09:47,2026-08-12 10:09:47,208787,77
2367,233199,Matthieu Udol,M. Udol,14,LM,,,,,,,,213,2026-08-12 10:09:47,2026-08-12 10:09:47,229236,74
2368,286011,Saud Abdulhamid,S. Abdulhamid,23,RM,,,,,,,,213,2026-08-12 10:09:47,2026-08-12 10:09:47,246688,75
2369,222180,Odsonne Édouard,O. Édouard,11,F,,,,,,,,213,2026-08-12 10:09:47,2026-08-12 10:09:47,233866,
2370,186189,Wesley Saïd,W. Saïd,22,CF-L,,,,,,,,213,2026-08-12 10:09:47,2026-08-12 10:09:47,212613,74
2371,156898,Florian Thauvin,F. Thauvin,10,CF-R,,,,,,,,213,2026-08-12 10:09:47,2026-08-12 10:09:47,204970,76
2372,215687,Florian Sotoca,F. Sotoca,7,SUB,,,,,,,,213,2026-08-12 10:09:47,2026-08-12 10:09:47,227232,75
2373,387044,Nidal Celik,N. Celik,4,SUB,,,,,,,,213,2026-08-12 10:09:47,2026-08-12 10:09:47,77056,
2374,379227,Anthony Bermont,A. Bermont,26,SUB,,,,,,,,213,2026-08-12 10:09:47,2026-08-12 10:09:47,70005,68
2375,308246,Abdallah Sima,A. Sima,19,SUB,,,,,,,,213,2026-08-12 10:09:47,2026-08-12 10:09:47,259816,74
2376,305777,Morgan Guilavogui,M. Guilavogui,29,SUB,,,,,,,,213,2026-08-12 10:09:47,2026-08-12 10:09:47,257020,73
2377,401045,Rayan Fofana,R. Fofana,38,SUB,,,,,,,,213,2026-08-12 10:09:47,2026-08-12 10:09:47,77633,64
2378,393432,Kyllian Antonio,K. Antonio,32,SUB,,,,,,,,213,2026-08-12 10:09:47,2026-08-12 10:09:47,75319,64
2379,101451,Régis Gurtner,R. Gurtner,1,SUB,,,,,,,,213,2026-08-12 10:09:47,2026-08-12 10:09:47,176994,69
2380,358915,Fode Sylla,F. Sylla,18,SUB,,,,,,,,213,2026-08-12 10:09:47,2026-08-12 10:09:47,277935,
2392,377820,Jamaldeen Jimoh,J. Jimoh,20,SUB,,,,,,,,,2026-08-12 10:09:48,2026-08-12 10:10:28,,
2396,353195,Kadan Young,K. Young,51,SUB,,,,,,,,,2026-08-12 10:09:48,2026-08-12 10:10:28,211004,
2401,195082,Alexander Schlager,A. Schlager,1,G,,,,,,,,,2026-08-12 10:09:48,2026-08-12 10:09:48,215522,73
2402,376683,Jannik Schuster,J. Schuster,44,CD-L,,,,,,,,,2026-08-12 10:09:48,2026-08-12 10:09:48,79918,
2403,371500,Kouakou Gadou,K. Gadou,23,CD-R,,,,,,,,,2026-08-12 10:09:48,2026-08-12 10:09:48,71350,
2404,346749,Frans Krätzig,F. Krätzig,13,LB,,,,,,,,,2026-08-12 10:09:48,2026-08-12 10:09:48,277668,
2405,357735,Tim Trummer,T. Trummer,37,RB,,,,,,,,,2026-08-12 10:09:48,2026-08-12 10:09:48,76299,
2406,336346,Sota Kitano,S. Kitano,8,AM,,,,,,,,,2026-08-12 10:09:48,2026-08-12 10:09:48,267881,
2407,357736,Soumaïla Diabaté,S. Diabaté,5,LM,,,,,,,,,2026-08-12 10:09:48,2026-08-12 10:09:48,74992,
2408,290401,Mads Bidstrup,M. Bidstrup,18,RM,,,,,,,,,2026-08-12 10:09:48,2026-08-12 10:09:48,246402,73
2409,326475,Karim Konaté,K. Konaté,19,F,,,,,,,,,2026-08-12 10:09:48,2026-08-12 10:09:48,274445,72
2410,391034,Kerim Alajbegovic,K. Alajbegovic,27,AM-L,,,,,,,,,2026-08-12 10:09:48,2026-08-12 10:09:48,75533,
2411,392712,Edmund Baidoo,E. Baidoo,20,AM-R,,,,,,,,,2026-08-12 10:09:48,2026-08-12 10:09:48,75264,62
2412,214635,Stefan Lainer,S. Lainer,22,SUB,,,,,,,,,2026-08-12 10:09:48,2026-08-12 10:09:48,223724,71
2413,374530,Christian Zawieschitzky,C. Zawieschitzky,52,SUB,,,,,,,,,2026-08-12 10:09:48,2026-08-12 10:09:48,75825,
2414,321098,Mamady Diambou,M. Diambou,15,SUB,,,,,,,,,2026-08-12 10:09:48,2026-08-12 10:09:48,260235,
2415,364943,Oliver Lukic,O. Lukic,25,SUB,,,,,,,,,2026-08-12 10:09:48,2026-08-12 10:09:48,,
2416,350646,Moussa Yeo,M. Yeo,49,SUB,,,,,,,,,2026-08-12 10:09:48,2026-08-12 10:09:48,277119,
2417,334814,Salko Hamzic,S. Hamzic,92,SUB,,,,,,,,,2026-08-12 10:09:48,2026-08-12 10:09:48,75501,
2418,224309,Karim Onisiwo,K. Onisiwo,9,SUB,,,,,,,,,2026-08-12 10:09:48,2026-08-12 10:09:48,229071,72
2419,304011,Maurits Kjaergaard,M. Kjaergaard,14,SUB,,,,,,,,,2026-08-12 10:09:48,2026-08-12 10:09:48,260876,72
2420,372851,Clement Bischoff,C. Bischoff,7,SUB,,,,,,,,,2026-08-12 10:09:48,2026-08-12 10:09:48,278359,
2421,394700,Enrique Aguilar,E. Aguilar,43,SUB,,,,,,,,,2026-08-12 10:09:48,2026-08-12 10:09:48,79917,
2422,260005,Aleksa Terzic,A. Terzic,3,SUB,,,,,,,,,2026-08-12 10:09:48,2026-08-12 10:09:48,252573,
2423,33435,Jacob Rasmussen,J. Rasmussen,2,SUB,,,,,,,,,2026-08-12 10:09:48,2026-08-12 10:09:48,234827,72
2428,241405,Youssef Maleh,Y. Maleh,93,LM,,,,,,,,,2026-08-12 10:09:48,2026-08-12 10:10:24,236838,71
2431,224249,Giuseppe Pezzella,G. Pezzella,3,LM,,,,,,,,,2026-08-12 10:09:48,2026-08-12 10:09:48,230681,
2441,116477,Milan Djuric,M. Djuric,30,SUB,,,,,,,,,2026-08-12 10:09:48,2026-08-12 10:10:19,,
2442,93197,Yann Sommer,Y. Sommer,1,G,,,,,,,,110,2026-08-12 10:09:48,2026-08-12 10:09:48,177683,87
2443,214562,Manuel Akanji,M. Akanji,25,CD,,,,,,,,110,2026-08-12 10:09:48,2026-08-12 10:09:48,229237,82
2444,249280,Alessandro Bastoni,A. Bastoni,95,CD-L,,,,,,,,110,2026-08-12 10:09:48,2026-08-12 10:09:48,237383,87
2445,266660,Yann Bisseck,Y. Bisseck,31,CD-R,,,,,,,,110,2026-08-12 10:09:48,2026-08-12 10:09:48,241736,
2446,341494,Petar Sucic,P. Sucic,8,CM-L,,,,,,,,110,2026-08-12 10:09:48,2026-08-12 10:09:48,276278,
2447,250850,Davide Frattesi,D. Frattesi,16,CM-R,,,,,,,,110,2026-08-12 10:09:48,2026-08-12 10:09:48,239807,81
2448,177782,Piotr Zielinski,P. Zielinski,7,AM,,,,,,,,110,2026-08-12 10:09:48,2026-08-12 10:09:48,210406,
2449,194748,Federico Dimarco,F. Dimarco,32,LM,,,,,,,,110,2026-08-12 10:09:48,2026-08-12 10:09:48,226268,85
2450,286369,Luis Henrique,Luis Henrique,11,RM,,,,,,,,110,2026-08-12 10:09:48,2026-08-12 10:09:48,256632,
2451,219713,Lautaro Martínez,L. Martínez,10,CF-L,,,,,,,,110,2026-08-12 10:09:48,2026-08-12 10:09:48,231478,88
2452,362674,Pio Esposito,P. Esposito,94,CF-R,,,,,,,,110,2026-08-12 10:09:48,2026-08-12 10:09:48,277327,
2453,147625,Henrikh Mkhitaryan,H. Mkhitaryan,22,SUB,,,,,,,,110,2026-08-12 10:09:48,2026-08-12 10:09:48,192883,83
2454,319167,Andy Diouf,A. Diouf,17,SUB,,,,,,,,110,2026-08-12 10:09:48,2026-08-12 10:09:48,268534,
2455,309185,Ange-Yoan Bonny,A. Bonny,14,SUB,,,,,,,,110,2026-08-12 10:09:48,2026-08-12 10:09:48,259565,
2456,240533,Josep Martínez,J. Martínez,13,SUB,,,,,,,,110,2026-08-12 10:09:48,2026-08-12 10:09:48,243311,
2457,409052,Leonardo Bovo,L. Bovo,45,SUB,,,,,,,,,2026-08-12 10:09:48,2026-08-12 10:09:48,,
2458,148842,Francesco Acerbi,F. Acerbi,15,SUB,,,,,,,,110,2026-08-12 10:09:48,2026-08-12 10:09:48,199845,84
2459,91873,Matteo Darmian,M. Darmian,36,SUB,,,,,,,,110,2026-08-12 10:09:48,2026-08-12 10:09:48,184392,81
2460,181322,Raffaele Di Gennaro,R. Di Gennaro,12,SUB,,,,,,,,110,2026-08-12 10:09:48,2026-08-12 10:09:48,219715,
2461,141443,Stefan de Vrij,S. de Vrij,6,SUB,,,,,,,,110,2026-08-12 10:09:48,2026-08-12 10:09:48,198176,84
2462,387835,Matteo Cocchi,M. Cocchi,43,SUB,,,,,,,,,2026-08-12 10:09:48,2026-08-12 10:09:48,,
2463,357109,Issiaka Kamate,I. Kamate,41,SUB,,,,,,,,,2026-08-12 10:09:48,2026-08-12 10:09:48,,
2464,217331,Marcus Thuram,M. Thuram,9,SUB,,,,,,,,110,2026-08-12 10:09:48,2026-08-12 10:09:48,228093,85
2468,376514,Noahkai Banks,N. Banks,40,CD-R,,,,,,,,,2026-08-12 10:09:49,2026-08-12 10:09:49,73731,
2470,238929,Kristijan Jakic,K. Jakic,17,CM-R,,,,,,,,,2026-08-12 10:09:49,2026-08-12 10:09:49,257889,
2500,322098,Marin Ljubicic,M. Ljubicic,27,SUB,,,,,,,,,2026-08-12 10:09:49,2026-08-12 10:09:49,262587,
2505,303794,Matt Turner,M. Turner,30,G,,,,,,,,,2026-08-12 10:09:50,2026-08-12 10:09:50,233267,
2506,164551,Mamadou Fofana,M. Fofana,2,CD-L,,,,,,,,,2026-08-12 10:09:50,2026-08-12 10:09:50,258973,
2507,322977,Brayan Ceballos,B. Ceballos,3,CD-R,,,,,,,,,2026-08-12 10:09:50,2026-08-12 10:09:50,276960,
2508,334227,William Sands,W. Sands,23,LB,,,,,,,,,2026-08-12 10:09:50,2026-08-12 10:09:50,266682,
2509,343191,Ilay Feingold,I. Feingold,12,RB,,,,,,,,,2026-08-12 10:09:50,2026-08-12 10:09:50,77559,
2510,152168,Carles Gil,C. Gil,10,AM,,,,,,,,,2026-08-12 10:09:50,2026-08-12 10:09:50,210930,
2511,329364,Brooklyn Raines,B. Raines,21,LM,,,,,,,,,2026-08-12 10:09:50,2026-08-12 10:09:50,269005,
2512,216609,Matt Polster,M. Polster,8,RM,,,,,,,,,2026-08-12 10:09:50,2026-08-12 10:09:50,226793,
2513,305755,Dor Turgeman,D. Turgeman,11,F,,,,,,,,,2026-08-12 10:09:50,2026-08-12 10:09:50,70892,
2514,276684,Alhassan Yusuf,A. Yusuf,80,AM-L,,,,,,,,,2026-08-12 10:09:50,2026-08-12 10:09:50,244895,72
2515,338883,Luca Langoni,L. Langoni,41,AM-R,,,,,,,,,2026-08-12 10:09:50,2026-08-12 10:09:50,270107,
2516,360133,Ethan Kohler,E. Kohler,22,SUB,,,,,,,,,2026-08-12 10:09:50,2026-08-12 10:09:50,275943,
2517,251806,Jackson Yueill,J. Yueill,14,SUB,,,,,,,,,2026-08-12 10:09:50,2026-08-12 10:09:50,237257,
2518,231150,Tanner Beason,T. Beason,4,SUB,,,,,,,,,2026-08-12 10:09:50,2026-08-12 10:09:50,255136,
2519,376513,Peyton Miller,P. Miller,25,SUB,,,,,,,,,2026-08-12 10:09:50,2026-08-12 10:09:50,73673,
2520,291705,Keegan Hughes,K. Hughes,5,SUB,,,,,,,,,2026-08-12 10:09:50,2026-08-12 10:09:50,273552,
2521,286757,Griffin Yow,G. Yow,7,SUB,,,,,,,,,2026-08-12 10:09:50,2026-08-12 10:09:50,247874,
2522,156187,Diego Fagundez,D. Fagundez,77,SUB,,,,,,,,,2026-08-12 10:09:50,2026-08-12 10:09:50,201895,
2523,317571,Malcolm Fry,M. Fry,32,SUB,,,,,,,,,2026-08-12 10:09:50,2026-08-12 10:09:50,278955,
2524,396928,Donovan Parisian,D. Parisian,33,SUB,,,,,,,,,2026-08-12 10:09:50,2026-08-12 10:09:50,,
2526,249768,Miles Robinson,M. Robinson,12,CD,,,,,,,,,2026-08-12 10:09:50,2026-08-12 10:09:50,237255,
2544,159296,Alvas Powell,A. Powell,2,SUB,,,,,,,,,2026-08-12 10:09:50,2026-08-12 10:09:50,216346,65
2545,134074,Markus Sandberg,M. Sandberg,12,G,,,,,,,,,2026-08-12 10:09:50,2026-08-12 10:10:12,191153,
2546,285184,Fredrik Sjølstad,F. Sjølstad,23,SUB,,,,,,,,,2026-08-12 10:09:50,2026-08-12 10:10:12,246911,
2547,389326,Ethan Amundsen-Day,E. Amundsen-Day,3,CD-L,,,,,,,,,2026-08-12 10:09:50,2026-08-12 10:10:12,80326,
2548,340144,Martin Gjone,M. Gjone,2,CD-R,,,,,,,,,2026-08-12 10:09:50,2026-08-12 10:10:12,278701,
2549,311151,Anton Ekeroth,A. Ekeroth,5,LB,,,,,,,,,2026-08-12 10:09:50,2026-08-12 10:10:12,74175,
2550,306519,Ian Hoffman,I. Hoffman,24,RB,,,,,,,,,2026-08-12 10:09:50,2026-08-12 10:09:50,,
2551,380622,William Osnes-Ringen,W. Osnes-Ringen,6,SUB,,,,,,,,,2026-08-12 10:09:50,2026-08-12 10:10:12,71070,
2552,369973,Aksel Potur,A. Potur,17,CM-R,,,,,,,,,2026-08-12 10:09:50,2026-08-12 10:10:12,77089,
2553,354454,Loris Mettler,L. Mettler,10,CM-R,,,,,,,,,2026-08-12 10:09:50,2026-08-12 10:09:50,71084,
2554,236418,Henrik Udahl,H. Udahl,19,SUB,,,,,,,,,2026-08-12 10:09:50,2026-08-12 10:10:12,234638,
2555,333793,Julian Gonstad,J. Gonstad,20,SUB,,,,,,,,,2026-08-12 10:09:50,2026-08-12 10:10:12,277026,
2556,252810,Vidar Ari Jonsson,V. Ari Jonsson,7,RB,,,,,,,,,2026-08-12 10:09:50,2026-08-12 10:10:12,238195,
2557,378943,Gard Simenstad,G. Simenstad,18,SUB,,,,,,,,,2026-08-12 10:09:50,2026-08-12 10:10:12,279832,
2558,343349,Sander Østraat,S. Østraat,13,SUB,,,,,,,,,2026-08-12 10:09:50,2026-08-12 10:10:12,273615,
2559,379949,Markus Johnsgård,M. Johnsgård,8,SUB,,,,,,,,,2026-08-12 10:09:50,2026-08-12 10:10:12,71059,
2560,312901,Snorre Nilsen,S. Nilsen,22,SUB,,,,,,,,,2026-08-12 10:09:50,2026-08-12 10:10:12,229678,
2561,333786,Halvor Opsahl,H. Opsahl,4,CD,,,,,,,,,2026-08-12 10:09:50,2026-08-12 10:10:12,267694,
2562,89735,Mame Niang,M. Niang,29,CF-R,,,,,,,,,2026-08-12 10:09:50,2026-08-12 10:10:12,204077,
2563,409844,Eron Gojani,E. Gojani,11,SUB,,,,,,,,,2026-08-12 10:09:50,2026-08-12 10:09:50,,
2564,397305,Ilir Kukleci,I. Kukleci,15,SUB,,,,,,,,,2026-08-12 10:09:50,2026-08-12 10:09:50,77086,
2585,199381,Yvon Mvogo,Y. Mvogo,38,G,,,,,,,,,2026-08-12 10:09:51,2026-08-12 10:09:51,206003,
2586,345563,Nathaniel Adjei,N. Adjei,32,CD,,,,,,,,,2026-08-12 10:09:51,2026-08-12 10:09:51,271075,67
2587,198344,Igor Silva,I. Silva,2,CD-L,,,,,,,,,2026-08-12 10:09:51,2026-08-12 10:09:51,242054,
2588,324960,Bamo Meïté,B. Meïté,5,CD-R,,,,,,,,,2026-08-12 10:09:51,2026-08-12 10:09:51,264401,73
2589,315215,Noah Cadiou,N. Cadiou,8,CM-L,,,,,,,,,2026-08-12 10:09:51,2026-08-12 10:09:51,276594,
2590,181133,Laurent Abergel,L. Abergel,6,CM-R,,,,,,,,,2026-08-12 10:09:51,2026-08-12 10:09:51,213367,
2591,325992,Théo Le Bris,T. Le Bris,11,LM,,,,,,,,,2026-08-12 10:09:51,2026-08-12 10:09:51,265544,
2592,324932,Joel Mvuka,J. Mvuka,93,RM,,,,,,,,,2026-08-12 10:09:51,2026-08-12 10:09:51,264010,71
2593,314409,Sambou Soumano,S. Soumano,28,F,,,,,,,,,2026-08-12 10:09:51,2026-08-12 10:09:51,257978,71
2594,334359,Pablo Pagis,P. Pagis,10,CF-L,,,,,,,,,2026-08-12 10:09:51,2026-08-12 10:09:51,266099,
2595,225557,Jean-Victor Makengo,J. Makengo,17,CF-R,,,,,,,,,2026-08-12 10:09:51,2026-08-12 10:09:51,230686,
2596,397388,Izak Akakpo,I. Akakpo,33,SUB,,,,,,,,,2026-08-12 10:09:51,2026-08-12 10:09:51,,
2597,313889,Bamba Dieng,B. Dieng,12,SUB,,,,,,,,,2026-08-12 10:09:51,2026-08-12 10:09:51,261084,71
2598,409480,Lucas Leaudais,L. Leaudais,35,SUB,,,,,,,,,2026-08-12 10:09:51,2026-08-12 10:09:51,,
2599,411170,Isaac Monnier,I. Monnier,19,SUB,,,,,,,,,2026-08-12 10:09:51,2026-08-12 10:09:51,,
2600,345529,Mohamed Bamba,M. Bamba,9,SUB,,,,,,,,,2026-08-12 10:09:51,2026-08-12 10:09:51,277216,70
2601,362517,Trevan Sanusi,T. Sanusi,14,SUB,,,,,,,,,2026-08-12 10:09:51,2026-08-12 10:09:51,275301,
2602,323058,Dermane Karim,D. Karim,29,SUB,,,,,,,,,2026-08-12 10:09:51,2026-08-12 10:09:51,76509,
2603,207369,Bingourou Kamara,B. Kamara,21,SUB,,,,,,,,,2026-08-12 10:09:51,2026-08-12 10:09:51,224442,70
2604,417372,Daniel Semedo,D. Semedo,34,SUB,,,,,,,,,2026-08-12 10:09:51,2026-08-12 10:09:51,,
2621,382759,Morgan Bokele,M. Bokele,19,SUB,,,,,,,,,2026-08-12 10:09:51,2026-08-12 10:09:51,73330,65
2645,167192,Gerónimo Rulli,G. Rulli,1,G,,,,,,,,219,2026-08-12 10:09:52,2026-08-12 10:09:52,215316,82
2646,271555,Leonardo Balerdi,L. Balerdi,5,CD,,,,,,,,219,2026-08-12 10:09:52,2026-08-12 10:09:52,242835,81
2647,249663,Facundo Medina,F. Medina,32,CD-L,,,,,,,,219,2026-08-12 10:09:52,2026-08-12 10:09:52,236804,79
2648,215378,Benjamin Pavard,B. Pavard,28,CD-R,,,,,,,,219,2026-08-12 10:09:52,2026-08-12 10:09:52,226851,84
2649,159543,Pierre-Emile Højbjerg,P. Højbjerg,23,CM-L,,,,,,,,219,2026-08-12 10:09:52,2026-08-12 10:09:52,213648,82
2650,152270,Geoffrey Kondogbia,G. Kondogbia,19,CM-R,,,,,,,,219,2026-08-12 10:09:52,2026-08-12 10:09:52,201455,
2651,282230,Quinten Timber,Q. Timber,27,AM,,,,,,,,,2026-08-12 10:09:52,2026-08-12 10:09:52,251806,80
2652,289114,Igor Paixão,Igor Paixão,14,LM,,,,,,,,219,2026-08-12 10:09:52,2026-08-12 10:09:52,271400,
2653,266027,Timothy Weah,T. Weah,22,RM,,,,,,,,219,2026-08-12 10:09:52,2026-08-12 10:09:52,241496,
2654,122260,Pierre-Emerick Aubameyang,P. Aubameyang,17,CF-L,,,,,,,,219,2026-08-12 10:09:52,2026-08-12 10:09:52,188567,81
2655,276221,Mason Greenwood,M. Greenwood,10,CF-R,,,,,,,,219,2026-08-12 10:09:52,2026-08-12 10:09:52,246147,82
2656,259743,Amine Gouiri,A. Gouiri,9,SUB,,,,,,,,219,2026-08-12 10:09:52,2026-08-12 10:09:52,240753,79
2657,228707,Jeffrey de Lange,J. de Lange,12,SUB,,,,,,,,219,2026-08-12 10:09:52,2026-08-12 10:09:52,239559,
2658,414466,Ange Lago,A. Lago,35,SUB,,,,,,,,,2026-08-12 10:09:52,2026-08-12 10:09:52,,
2659,159051,Emerson,Emerson,33,SUB,,,,,,,,219,2026-08-12 10:09:52,2026-08-12 10:09:52,210736,
2660,349733,Ethan Nwaneri,E. Nwaneri,11,SUB,,,,,,,,359,2026-08-12 10:09:52,2026-08-12 10:09:52,271807,76
2661,343114,Tochukwu Nnadi,T. Nnadi,6,SUB,,,,,,,,,2026-08-12 10:09:52,2026-08-12 10:09:52,78424,
2662,345805,Arthur Vermeeren,A. Vermeeren,18,SUB,,,,,,,,219,2026-08-12 10:09:52,2026-08-12 10:09:52,269859,77
2663,307115,CJ Egan-Riley,C. Egan-Riley,4,SUB,,,,,,,,219,2026-08-12 10:09:52,2026-08-12 10:09:52,268131,
2664,257058,Hamed Traoré,H. Traoré,20,SUB,,,,,,,,219,2026-08-12 10:09:52,2026-08-12 10:09:52,240787,77
2678,324192,Carlos Martín,C. Martín,14,SUB,,,,,,,,1068,2026-08-12 10:09:53,2026-08-12 10:09:53,265396,
2701,240102,Nacho Vidal,N. Vidal,22,SUB,,,,,,,,,2026-08-12 10:09:53,2026-08-12 10:09:53,238305,
2702,302628,Thiago Borbas,T. Borbas,17,SUB,,,,,,,,,2026-08-12 10:09:53,2026-08-12 10:09:53,,
2705,113471,Diego Espinosa,D. Espinosa,33,SUB,,,,,,,,,2026-08-12 10:09:53,2026-08-12 10:09:53,,
2709,339195,Thiago Fernández,T. Fernández,15,SUB,,,,,,,,,2026-08-12 10:09:53,2026-08-12 10:09:53,275205,
2711,227697,Jhon Lucumí,J. Lucumí,26,SUB,,,,,,,,,2026-08-12 10:09:55,2026-08-12 10:10:29,231207,
2767,416415,Karl Steinmann,K. Steinmann,65,SUB,,,,,,,,,2026-08-12 10:09:56,2026-08-12 10:09:56,,
2775,364204,Jovan Milosevic,J. Milosevic,19,M,,,,,,,,,2026-08-12 10:09:56,2026-08-12 10:09:56,,
2776,279961,Felix Agu,F. Agu,27,M,,,,,,,,,2026-08-12 10:09:56,2026-08-12 10:09:56,243350,75
2780,355997,Samuel Mbangula,S. Mbangula,7,M,,,,,,,,,2026-08-12 10:09:56,2026-08-12 10:09:56,74566,
2784,224074,Karim Coulibaly,K. Coulibaly,31,CD-L,,,,,,,,,2026-08-12 10:09:56,2026-08-12 10:09:56,77636,
2797,218105,Adam Marusic,A. Marusic,77,RB,,,,,,,,92,2026-08-12 10:09:56,2026-08-12 10:10:22,224031,
2799,282228,Kenneth Taylor,K. Taylor,24,LM,,,,,,,,,2026-08-12 10:09:56,2026-08-12 10:10:22,255009,78
2801,290545,Daniel Maldini,D. Maldini,70,SUB,,,,,,,,102,2026-08-12 10:09:56,2026-08-12 10:10:29,255611,
2807,323113,Tijjani Noslin,T. Noslin,14,LF,,,,,,,,92,2026-08-12 10:09:56,2026-08-12 10:10:22,264257,
2808,295515,Fisayo Dele-Bashiru,F. Dele-Bashiru,7,RM,,,,,,,,92,2026-08-12 10:09:56,2026-08-12 10:10:22,258890,73
2809,367320,Edoardo Motta,E. Motta,40,SUB,,,,,,,,,2026-08-12 10:09:56,2026-08-12 10:10:22,277802,
2812,282381,Boulaye Dia,B. Dia,19,SUB,,,,,,,,92,2026-08-12 10:09:56,2026-08-12 10:10:22,246242,80
2817,342136,Petar Ratkov,P. Ratkov,20,SUB,,,,,,,,,2026-08-12 10:09:56,2026-08-12 10:10:22,275978,68
2818,205653,Justin Bijlow,J. Bijlow,16,G,,,,,,,,,2026-08-12 10:09:56,2026-08-12 10:09:56,232229,75
2830,261054,Junior Messias,J. Messias,10,SUB,,,,,,,,,2026-08-12 10:09:56,2026-08-12 10:09:56,240938,
2832,414538,Alin Kumer,A. Kumer,42,SUB,,,,,,,,,2026-08-12 10:09:56,2026-08-12 10:09:56,,
2833,380679,Nils Zätterström,N. Zätterström,13,SUB,,,,,,,,,2026-08-12 10:09:56,2026-08-12 10:09:56,71553,
2839,401482,Joi Nuredini,J. Nuredini,86,SUB,,,,,,,,,2026-08-12 10:09:56,2026-08-12 10:09:56,,
2842,302948,Jean Onana,J. Onana,14,SUB,,,,,,,,,2026-08-12 10:09:56,2026-08-12 10:09:56,255934,71
2843,187411,Maxwel Cornet,M. Cornet,70,SUB,,,,,,,,,2026-08-12 10:09:56,2026-08-12 10:09:56,215798,74
2845,220716,Benedikt Gimber,B. Gimber,5,CD-L,,,,,,,,,2026-08-12 10:09:58,2026-08-12 10:10:30,228883,
2854,237727,Budu Zivzivadze,B. Zivzivadze,11,F,,,,,,,,,2026-08-12 10:09:58,2026-08-12 10:10:30,237633,72
2861,288371,Christian Conteh,C. Conteh,10,SUB,,,,,,,,,2026-08-12 10:09:58,2026-08-12 10:09:58,248765,
2870,274860,Wouter Burger,W. Burger,18,LM,,,,,,,,,2026-08-12 10:09:58,2026-08-12 10:09:58,244050,
2880,379024,Cole Campbell,C. Campbell,20,SUB,,,,,,,,9789,2026-08-12 10:09:58,2026-08-12 10:09:58,73057,
2904,373795,Martin Børsheim,M. Børsheim,77,G,,,,,,,,,2026-08-12 10:09:58,2026-08-12 10:10:08,278719,
2905,255666,Ulrik Fredriksen,U. Fredriksen,12,CD,,,,,,,,,2026-08-12 10:09:58,2026-08-12 10:10:08,238508,
2906,312935,Solomon Owusu,S. Owusu,28,CD-L,,,,,,,,,2026-08-12 10:09:58,2026-08-12 10:09:58,260621,65
2907,303798,Fredrik Holmé,F. Holmé,4,CD-R,,,,,,,,,2026-08-12 10:09:58,2026-08-12 10:10:08,,
2908,268573,Sondre Sorlokk,S. Sorlokk,13,LM,,,,,,,,,2026-08-12 10:09:58,2026-08-12 10:10:08,,
2909,405549,Fanuel Ghebreyohannes,F. Ghebreyohannes,19,SUB,,,,,,,,,2026-08-12 10:09:58,2026-08-12 10:10:08,80325,
2910,307595,Rocco Robert Shein,R. Shein,21,CM-L,,,,,,,,,2026-08-12 10:09:58,2026-08-12 10:10:08,268095,
2911,356369,Samuel Leach Holm,S. Leach Holm,6,CM-R,,,,,,,,,2026-08-12 10:09:58,2026-08-12 10:10:08,227882,
2912,409904,Salim Laghzaoui,S. Laghzaoui,9,SUB,,,,,,,,,2026-08-12 10:09:58,2026-08-12 10:10:08,,
2913,399469,Oskar Øhlenschlaeger,O. Øhlenschlaeger,20,CF-R,,,,,,,,,2026-08-12 10:09:58,2026-08-12 10:10:08,,
2914,319301,Henrik Skogvold,H. Skogvold,23,CF-L,,,,,,,,,2026-08-12 10:09:58,2026-08-12 10:10:08,264273,
2915,153894,Simen Rafn,S. Rafn,5,SUB,,,,,,,,,2026-08-12 10:09:58,2026-08-12 10:10:08,191730,
2916,146816,Max Nilsson,M. Nilsson,14,SUB,,,,,,,,,2026-08-12 10:09:58,2026-08-12 10:10:08,207589,
2917,301857,Leonard Owusu,L. Owusu,24,AM,,,,,,,,,2026-08-12 10:09:58,2026-08-12 10:10:08,255310,67
2918,251617,Øystein Øvretveit,Ø. Øvretveit,1,SUB,,,,,,,,,2026-08-12 10:09:58,2026-08-12 10:09:58,201903,
2919,378932,Johannes Hummelvoll-Nuñez,J. Hummelvoll-Nuñez,10,SUB,,,,,,,,,2026-08-12 10:09:58,2026-08-12 10:09:58,279711,
2920,402988,Eirik Granaas,E. Granaas,15,SUB,,,,,,,,,2026-08-12 10:09:58,2026-08-12 10:10:08,,
2921,325012,Aleksander Andresen,A. Andresen,3,SUB,,,,,,,,,2026-08-12 10:09:58,2026-08-12 10:09:58,265179,
2942,180162,Daniel Heuer Fernandes,D. Fernandes,1,G,,,,,,,,,2026-08-12 10:09:59,2026-08-12 10:10:27,212197,
2943,364962,Luka Vuskovic,L. Vuskovic,44,CD,,,,,,,,,2026-08-12 10:09:59,2026-08-12 10:10:27,275192,
2944,343993,Daniel Elfadli,D. Elfadli,8,SUB,,,,,,,,,2026-08-12 10:09:59,2026-08-12 10:10:27,269962,72
2945,309840,Warmed Omari,W. Omari,17,CD-R,,,,,,,,,2026-08-12 10:09:59,2026-08-12 10:09:59,256854,73
2946,268239,Albert Sambi Lokonga,A. Lokonga,6,CM-L,,,,,,,,,2026-08-12 10:09:59,2026-08-12 10:09:59,241928,75
2947,321226,Nicolai Remberg,N. Remberg,21,CM-L,,,,,,,,,2026-08-12 10:09:59,2026-08-12 10:10:27,276119,72
2948,243626,Miro Muheim,M. Muheim,28,LM,,,,,,,,,2026-08-12 10:09:59,2026-08-12 10:10:27,232839,75
2949,238542,Bakery Jatta,B. Jatta,18,RM,,,,,,,,,2026-08-12 10:09:59,2026-08-12 10:10:27,234640,69
2950,300961,Ransford-Yeboah Königsdörffer,R. Königsdörffer,11,CF-R,,,,,,,,,2026-08-12 10:09:59,2026-08-12 10:10:27,255036,71
2951,289745,Philip Otele,P. Otele,27,CF-L,,,,,,,,,2026-08-12 10:09:59,2026-08-12 10:10:27,266395,73
2952,88865,Fabio Vieira,F. Vieira,20,CM-R,,,,,,,,,2026-08-12 10:09:59,2026-08-12 10:10:27,256958,
2953,291849,Rayan Philippe,R. Philippe,14,SUB,,,,,,,,,2026-08-12 10:09:59,2026-08-12 10:10:27,251961,72
2954,313897,William Mikelbrencis,W. Mikelbrencis,2,SUB,,,,,,,,,2026-08-12 10:09:59,2026-08-12 10:10:27,262045,67
2955,376056,Otto Stange,O. Stange,49,SUB,,,,,,,,,2026-08-12 10:09:59,2026-08-12 10:10:27,279213,
2956,346567,Omar Megeed,O. Megeed,39,SUB,,,,,,,,,2026-08-12 10:09:59,2026-08-12 10:10:27,,
2957,304258,Sander Tangvik,S. Tangvik,12,SUB,,,,,,,,,2026-08-12 10:09:59,2026-08-12 10:10:27,257568,
2958,246846,Robert Glatzel,R. Glatzel,9,F,,,,,,,,,2026-08-12 10:09:59,2026-08-12 10:10:27,236533,73
2959,359707,Damion Downs,D. Downs,19,SUB,,,,,,,,,2026-08-12 10:09:59,2026-08-12 10:09:59,274944,70
2960,251061,Jordan Torunarigha,J. Torunarigha,25,CD-L,,,,,,,,,2026-08-12 10:09:59,2026-08-12 10:10:27,236947,75
2961,306347,Giorgi Gocholeishvili,G. Gocholeishvili,16,SUB,,,,,,,,,2026-08-12 10:09:59,2026-08-12 10:10:27,274722,70
2974,249079,Philip Aukland,P. Aukland,45,SUB,,,,,,,,,2026-08-12 10:10:00,2026-08-12 10:10:00,,
2975,415462,Philip Storås,P. Storås,41,SUB,,,,,,,,,2026-08-12 10:10:00,2026-08-12 10:10:00,,
2980,3102204,Tobias Leikanger,T. Leikanger,38,SUB,,,,,,,,,2026-08-12 10:10:00,2026-08-12 10:10:00,,
2982,380207,Albert Posiadala,A. Posiadala,22,G,,,,,,,,,2026-08-12 10:10:00,2026-08-12 10:10:00,,
2983,255259,Birk Risa,B. Risa,33,CD-L,,,,,,,,,2026-08-12 10:10:00,2026-08-12 10:10:00,241737,
2984,303279,Isak Helstad Amundsen,I. Helstad Amundsen,6,CD-R,,,,,,,,,2026-08-12 10:10:00,2026-08-12 10:10:00,256384,
2985,146381,Martin Linnes,M. Linnes,25,LB,,,,,,,,,2026-08-12 10:10:00,2026-08-12 10:10:00,198599,72
2986,240684,Halldor Stenevik,H. Stenevik,18,RB,,,,,,,,,2026-08-12 10:10:00,2026-08-12 10:10:00,236634,
2987,379152,Sondre Granaas,S. Granaas,23,AM,,,,,,,,,2026-08-12 10:10:00,2026-08-12 10:10:00,70328,
2988,280801,Emil Breivik,E. Breivik,10,LM,,,,,,,,,2026-08-12 10:10:00,2026-08-12 10:10:00,246063,
2989,182347,Mats Daehli,M. Daehli,17,RM,,,,,,,,,2026-08-12 10:10:00,2026-08-12 10:10:00,,
2990,342686,Trent Kone-Doherty,T. Kone-Doherty,24,F,,,,,,,,,2026-08-12 10:10:00,2026-08-12 10:10:00,,
2991,360409,Oskar Spiten-Nysæter,O. Spiten-Nysæter,21,AM-L,,,,,,,,,2026-08-12 10:10:00,2026-08-12 10:10:00,278710,
2992,179157,Eirik Hestad,E. Hestad,5,AM-R,,,,,,,,,2026-08-12 10:10:00,2026-08-12 10:10:00,211365,
2993,366883,Samukele Kabini,S. Kabini,26,SUB,,,,,,,,,2026-08-12 10:10:00,2026-08-12 10:10:00,77951,
2994,364995,Jalal Abdulai,J. Abdulai,9,SUB,,,,,,,,,2026-08-12 10:10:00,2026-08-12 10:10:00,233565,
2995,320181,Peder Hoel Lervik,P. Hoel Lervik,12,SUB,,,,,,,,,2026-08-12 10:10:00,2026-08-12 10:10:00,,
2996,397303,Blerton Isufi,B. Isufi,31,SUB,,,,,,,,,2026-08-12 10:10:00,2026-08-12 10:10:00,80263,
2997,193106,Vebjorn Hoff,V. Hoff,15,SUB,,,,,,,,,2026-08-12 10:10:00,2026-08-12 10:10:00,,
2998,205140,Eirik Haugan,E. Haugan,19,SUB,,,,,,,,,2026-08-12 10:10:00,2026-08-12 10:10:00,223253,
2999,280651,Caleb Sery,C. Sery,11,SUB,,,,,,,,,2026-08-12 10:10:00,2026-08-12 10:10:00,247534,
3000,416561,Sivert Hansen,S. Hansen,4,SUB,,,,,,,,,2026-08-12 10:10:00,2026-08-12 10:10:00,254752,
3001,362269,Daniel Daga,D. Daga,30,SUB,,,,,,,,,2026-08-12 10:10:00,2026-08-12 10:10:00,77083,
3002,161715,Nick Pope,N. Pope,1,G,,,,,,,,361,2026-08-12 10:10:01,2026-08-12 10:10:01,203841,81
3003,274633,Sven Botman,S. Botman,4,CD-L,,,,,,,,361,2026-08-12 10:10:01,2026-08-12 10:10:01,251809,82
3004,303444,Malick Thiaw,M. Thiaw,12,CD-R,,,,,,,,361,2026-08-12 10:10:01,2026-08-12 10:10:01,256261,
3005,106139,Lewis Hall,L. Hall,3,LB,,,,,,,,361,2026-08-12 10:10:01,2026-08-12 10:10:01,266127,80
3006,143637,Kieran Trippier,K. Trippier,2,RB,,,,,,,,361,2026-08-12 10:10:01,2026-08-12 10:10:01,186345,80
3007,261047,Sandro Tonali,S. Tonali,8,CM,,,,,,,,361,2026-08-12 10:10:01,2026-08-12 10:10:01,241096,86
3008,202232,Joelinton,Joelinton,7,LM,,,,,,,,361,2026-08-12 10:10:01,2026-08-12 10:10:01,223334,
3009,218522,Bruno Guimarães,B. Guimarães,39,RM,,,,,,,,361,2026-08-12 10:10:01,2026-08-12 10:10:01,247851,86
3010,224077,Yoane Wissa,Y. Wissa,9,F,,,,,,,,361,2026-08-12 10:10:01,2026-08-12 10:10:01,234824,
3011,268782,Anthony Gordon,A. Gordon,10,LF,,,,,,,,361,2026-08-12 10:10:01,2026-08-12 10:10:01,242964,83
3012,243386,Harvey Barnes,H. Barnes,11,RF,,,,,,,,361,2026-08-12 10:10:01,2026-08-12 10:10:01,234742,80
3013,259517,Joe Willock,J. Willock,28,SUB,,,,,,,,361,2026-08-12 10:10:01,2026-08-12 10:10:01,237329,
3014,236015,Aaron Ramsdale,A. Ramsdale,32,SUB,,,,,,,,361,2026-08-12 10:10:01,2026-08-12 10:10:01,233934,
3015,349078,Lewis Miley,L. Miley,67,SUB,,,,,,,,361,2026-08-12 10:10:01,2026-08-12 10:10:01,274246,
3016,358245,Sean Neave,S. Neave,62,SUB,,,,,,,,,2026-08-12 10:10:01,2026-08-12 10:10:01,,
3017,374219,Leo Shahar,L. Shahar,61,SUB,,,,,,,,,2026-08-12 10:10:01,2026-08-12 10:10:01,,
3018,326220,Max Thompson,M. Thompson,31,SUB,,,,,,,,,2026-08-12 10:10:01,2026-08-12 10:10:01,,
3019,298349,Nick Woltemade,N. Woltemade,27,SUB,,,,,,,,361,2026-08-12 10:10:01,2026-08-12 10:10:01,254022,79
3020,286090,Jacob Ramsey,J. Ramsey,41,SUB,,,,,,,,361,2026-08-12 10:10:01,2026-08-12 10:10:01,246923,78
3021,346874,Alex Murphy,A. Murphy,37,SUB,,,,,,,,361,2026-08-12 10:10:01,2026-08-12 10:10:01,270617,
3022,296622,Anthony Elanga,A. Elanga,20,SUB,,,,,,,,361,2026-08-12 10:10:01,2026-08-12 10:10:01,257470,81
3023,277313,Matej Kovár,M. Kovár,32,G,,,,,,,,,2026-08-12 10:10:01,2026-08-12 10:10:01,242948,
3024,364814,Yarek Gasiorowski,Y. Gasiorowski,3,CD-L,,,,,,,,,2026-08-12 10:10:01,2026-08-12 10:10:01,278661,
3025,239998,Jerdy Schouten,J. Schouten,22,CD-R,,,,,,,,,2026-08-12 10:10:01,2026-08-12 10:10:01,235149,80
3026,297296,Anass Salah-Eddine,A. Salah-Eddine,2,LB,,,,,,,,,2026-08-12 10:10:01,2026-08-12 10:10:01,268728,
3027,301279,Kiliann Sildillia,K. Sildillia,25,RB,,,,,,,,,2026-08-12 10:10:01,2026-08-12 10:10:01,260930,
3028,240965,Guus Til,G. Til,20,AM,,,,,,,,,2026-08-12 10:10:01,2026-08-12 10:10:01,235663,77
3029,240912,Joey Veerman,J. Veerman,23,LM,,,,,,,,,2026-08-12 10:10:01,2026-08-12 10:10:01,253109,79
3030,259136,Mauro Júnior,M. Júnior,17,RM,,,,,,,,,2026-08-12 10:10:01,2026-08-12 10:10:01,241509,
3031,333399,Paul Wanner,P. Wanner,10,F,,,,,,,,,2026-08-12 10:10:01,2026-08-12 10:10:01,266237,
3032,103485,Ivan Perisic,I. Perisic,5,AM-L,,,,,,,,,2026-08-12 10:10:01,2026-08-12 10:10:01,181458,
3033,245805,Dennis Man,D. Man,27,AM-R,,,,,,,,,2026-08-12 10:10:01,2026-08-12 10:10:01,239978,76
3034,386885,Noah Fernandez,N. Fernandez,31,SUB,,,,,,,,,2026-08-12 10:10:01,2026-08-12 10:10:01,81320,
3035,372317,Nicolas Verkooijen,N. Verkooijen,50,SUB,,,,,,,,,2026-08-12 10:10:01,2026-08-12 10:10:01,,
3036,384374,Joel Van Den Berg,J. Van Den Berg,35,SUB,,,,,,,,,2026-08-12 10:10:01,2026-08-12 10:10:01,80352,
3037,304592,Couhaib Driouech,C. Driouech,11,SUB,,,,,,,,,2026-08-12 10:10:01,2026-08-12 10:10:01,258753,70
3038,245918,Armando Obispo,A. Obispo,4,SUB,,,,,,,,,2026-08-12 10:10:01,2026-08-12 10:10:01,241171,
3039,343607,Tijn Smolenaars,T. Smolenaars,51,SUB,,,,,,,,,2026-08-12 10:10:01,2026-08-12 10:10:01,,
3040,304478,Ryan Flamingo,R. Flamingo,6,SUB,,,,,,,,,2026-08-12 10:10:01,2026-08-12 10:10:01,270633,77
3041,325076,Niek Schiks,N. Schiks,24,SUB,,,,,,,,,2026-08-12 10:10:01,2026-08-12 10:10:01,272769,
3042,325410,Esmir Bajraktarevic,E. Bajraktarevic,19,SUB,,,,,,,,,2026-08-12 10:10:01,2026-08-12 10:10:01,269823,
3043,338950,Kauã Santos,Kauã Santos,40,G,,,,,,,,9804,2026-08-12 10:10:01,2026-08-12 10:10:22,277929,
3044,319404,Aurèle Amenda,A. Amenda,5,CD-L,,,,,,,,9804,2026-08-12 10:10:01,2026-08-12 10:10:30,270846,71
3045,208285,Robin Koch,R. Koch,4,CD-R,,,,,,,,9804,2026-08-12 10:10:01,2026-08-12 10:10:30,236532,82
3046,234787,Rasmus Kristensen,R. Kristensen,13,RB,,,,,,,,9804,2026-08-12 10:10:01,2026-08-12 10:10:22,233301,79
3047,336460,Hugo Larsson,H. Larsson,16,CM,,,,,,,,9804,2026-08-12 10:10:01,2026-08-12 10:10:30,268896,78
3048,219627,Ritsu Doan,R. Doan,20,RM,,,,,,,,9804,2026-08-12 10:10:01,2026-08-12 10:10:30,232639,82
3049,120829,Nathaniel Brown,N. Brown,21,LB,,,,,,,,9804,2026-08-12 10:10:01,2026-08-12 10:10:30,269701,
3050,416636,Ayoube Amaimouni,A. Amaimouni,29,RF,,,,,,,,,2026-08-12 10:10:01,2026-08-12 10:10:30,78474,63
3051,296321,Arnaud Kalimuendo,A. Kalimuendo,25,F,,,,,,,,,2026-08-12 10:10:01,2026-08-12 10:10:30,253444,
3052,346662,Jean-Mattéo Bahoya,J. Bahoya,19,LF,,,,,,,,9804,2026-08-12 10:10:01,2026-08-12 10:10:30,269728,
3053,143020,Mario Götze,M. Götze,27,SUB,,,,,,,,9804,2026-08-12 10:10:01,2026-08-12 10:10:30,192318,82
3054,305556,Nnamdi Collins,N. Collins,34,RB,,,,,,,,,2026-08-12 10:10:01,2026-08-12 10:10:30,248484,
3055,399423,Love Arrhov,L. Arrhov,31,SUB,,,,,,,,,2026-08-12 10:10:01,2026-08-12 10:10:30,76519,
3056,305555,Ansgar Knauff,A. Knauff,7,LM,,,,,,,,9804,2026-08-12 10:10:01,2026-08-12 10:10:22,257540,
3057,191098,Mahmoud Dahoud,M. Dahoud,18,SUB,,,,,,,,9804,2026-08-12 10:10:01,2026-08-12 10:10:30,218339,
3058,184550,Michael Zetterer,M. Zetterer,23,G,,,,,,,,9804,2026-08-12 10:10:01,2026-08-12 10:10:30,227370,
3059,122396,Jens Grahl,J. Grahl,33,SUB,,,,,,,,9804,2026-08-12 10:10:01,2026-08-12 10:10:30,183513,
3060,209595,Ellyes Skhiri,E. Skhiri,15,SUB,,,,,,,,9804,2026-08-12 10:10:01,2026-08-12 10:10:30,225126,80
3061,372788,Elias Baum,E. Baum,2,SUB,,,,,,,,9804,2026-08-12 10:10:01,2026-08-12 10:10:30,278228,
3062,371596,Keita Kosugi,K. Kosugi,26,SUB,,,,,,,,,2026-08-12 10:10:01,2026-08-12 10:10:22,71672,70
3071,386420,Jan Urbich,J. Urbich,40,M,,,,,,,,,2026-08-12 10:10:01,2026-08-12 10:10:01,,
3074,328492,Kota Takai,K. Takai,14,CD-L,,,,,,,,367,2026-08-12 10:10:01,2026-08-12 10:10:01,264702,72
3076,337079,Yannick Engelhardt,Y. Engelhardt,6,SW,,,,,,,,,2026-08-12 10:10:01,2026-08-12 10:10:01,262906,
3083,304956,Lubomir Belko,L. Belko,30,G,,,,,,,,,2026-08-12 10:10:02,2026-08-12 10:10:02,,
3084,303281,Henrik Falchener,H. Falchener,25,CD-L,,,,,,,,,2026-08-12 10:10:02,2026-08-12 10:10:02,256435,
3085,286826,Gianni Stensness,G. Stensness,6,CD-R,,,,,,,,,2026-08-12 10:10:02,2026-08-12 10:10:02,247754,69
3086,173356,Kristoffer Haugen,K. Haugen,28,LB,,,,,,,,,2026-08-12 10:10:02,2026-08-12 10:10:02,209335,71
3087,303977,Henrik Heggheim,H. Heggheim,5,RB,,,,,,,,,2026-08-12 10:10:02,2026-08-12 10:10:02,257072,
3088,392602,Tobias Moi,T. Moi,29,CM-L,,,,,,,,,2026-08-12 10:10:02,2026-08-12 10:10:02,72277,
3089,280963,Kristoffer Askildsen,K. Askildsen,7,CM-R,,,,,,,,,2026-08-12 10:10:02,2026-08-12 10:10:02,246100,
3090,164279,Zlatko Tripic,Z. Tripic,10,LM,,,,,,,,,2026-08-12 10:10:02,2026-08-12 10:10:02,205214,
3091,386923,Niklas Fuglestad,N. Fuglestad,23,RM,,,,,,,,,2026-08-12 10:10:02,2026-08-12 10:10:02,,
3092,320678,Simen Kvia-Egeskog,S. Kvia-Egeskog,26,CF-L,,,,,,,,,2026-08-12 10:10:02,2026-08-12 10:10:02,262860,
3093,9167,Peter Christiansen,P. Christiansen,20,CF-R,,,,,,,,,2026-08-12 10:10:02,2026-08-12 10:10:02,245384,
3094,287265,Sondre Flem Bjørnshol,S. Flem Bjørnshol,18,SUB,,,,,,,,,2026-08-12 10:10:02,2026-08-12 10:10:02,246390,
3095,377601,Vetle Auklend,V. Auklend,24,SUB,,,,,,,,,2026-08-12 10:10:02,2026-08-12 10:10:02,279217,
3096,272701,Anders Baertelsen,A. Baertelsen,21,SUB,,,,,,,,,2026-08-12 10:10:02,2026-08-12 10:10:02,,
3097,341337,Hilmir Rafn Mikaelsson,H. Mikaelsson,11,SUB,,,,,,,,,2026-08-12 10:10:02,2026-08-12 10:10:02,271467,63
3098,421856,Arn-Sebastian Escobar,A. Escobar,13,SUB,,,,,,,,,2026-08-12 10:10:02,2026-08-12 10:10:02,226376,
3099,303105,Herman Haugen,H. Haugen,2,SUB,,,,,,,,,2026-08-12 10:10:02,2026-08-12 10:10:02,256040,
3100,361738,Ola Visted,O. Visted,15,SUB,,,,,,,,,2026-08-12 10:10:02,2026-08-12 10:10:02,,
3101,341309,Edvin Austbø,E. Austbø,17,SUB,,,,,,,,,2026-08-12 10:10:02,2026-08-12 10:10:02,271265,
3102,228294,Joe Bell,J. Bell,8,SUB,,,,,,,,,2026-08-12 10:10:02,2026-08-12 10:10:02,254142,
3107,205159,Aslak Witry,A. Witry,16,RB,,,,,,,,,2026-08-12 10:10:02,2026-08-12 10:10:02,223255,71
3123,287740,Jay Gorter,J. Gorter,1,G,,,,,,,,,2026-08-12 10:10:03,2026-08-12 10:10:03,,
3124,98398,David Luiz,D. Luiz,4,CD-L,,,,,,,,,2026-08-12 10:10:03,2026-08-12 10:10:03,236499,
3125,205737,Derrick Luckassen,D. Luckassen,23,CD-R,,,,,,,,,2026-08-12 10:10:03,2026-08-12 10:10:03,,
3126,274671,Kostas Pileas,K. Pileas,2,LB,,,,,,,,,2026-08-12 10:10:03,2026-08-12 10:10:03,,
3127,258886,Bruno,Bruno,7,RB,,,,,,,,,2026-08-12 10:10:03,2026-08-12 10:10:03,,
3128,236708,Domingos Quina,D. Quina,8,AM,,,,,,,,,2026-08-12 10:10:03,2026-08-12 10:10:03,,
3129,266180,Vlad Dragomir,V. Dragomir,30,LM,,,,,,,,,2026-08-12 10:10:03,2026-08-12 10:10:03,,
3130,155143,Pêpê,Pêpê,88,RM,,,,,,,,,2026-08-12 10:10:03,2026-08-12 10:10:03,238896,
3131,36807,Anderson Silva,A. Silva,33,F,,,,,,,,,2026-08-12 10:10:03,2026-08-12 10:10:03,254225,
3132,194277,Mislav Orsic,M. Orsic,17,AM-L,,,,,,,,,2026-08-12 10:10:03,2026-08-12 10:10:03,,
3133,303503,Jajá,Jajá,11,AM-R,,,,,,,,,2026-08-12 10:10:03,2026-08-12 10:10:03,,
3134,186004,Ken Sema,K. Sema,12,SUB,,,,,,,,,2026-08-12 10:10:03,2026-08-12 10:10:03,213750,
3135,247701,Bruno Langa,B. Langa,25,SUB,,,,,,,,,2026-08-12 10:10:03,2026-08-12 10:10:03,,
3136,417366,Georgios Michael,G. Michael,42,SUB,,,,,,,,,2026-08-12 10:10:03,2026-08-12 10:10:03,,
3137,235291,Neophytos Michael,N. Michael,93,SUB,,,,,,,,,2026-08-12 10:10:03,2026-08-12 10:10:03,248484,
3138,276452,Mons Bassouamina,M. Bassouamina,9,SUB,,,,,,,,,2026-08-12 10:10:03,2026-08-12 10:10:03,,
3139,418017,Pedro Henrique Fontoura Caldieraro,P. Fontoura Caldieraro,87,SUB,,,,,,,,,2026-08-12 10:10:03,2026-08-12 10:10:03,277193,
3140,26731,Petros Petrou,P. Petrou,82,SUB,,,,,,,,,2026-08-12 10:10:03,2026-08-12 10:10:03,,
3141,238804,Landry Dimata,L. Dimata,10,SUB,,,,,,,,,2026-08-12 10:10:03,2026-08-12 10:10:03,,
3142,202422,David Goldar,D. Goldar,5,SUB,,,,,,,,,2026-08-12 10:10:03,2026-08-12 10:10:03,,
3143,199988,Jindrich Stanek,J. Stanek,36,G,,,,,,,,,2026-08-12 10:10:03,2026-08-12 10:10:03,221909,
3144,271265,Igoh Ogbu,I. Ogbu,5,CD,,,,,,,,,2026-08-12 10:10:03,2026-08-12 10:10:03,242635,75
3145,370744,Stepán Chaloupek,S. Chaloupek,2,CD-L,,,,,,,,,2026-08-12 10:10:03,2026-08-12 10:10:03,73456,
3146,290116,David Zima,D. Zima,4,CD-R,,,,,,,,,2026-08-12 10:10:03,2026-08-12 10:10:03,255687,74
3147,249525,Michal Sadílek,M. Sadílek,23,CM-L,,,,,,,,,2026-08-12 10:10:03,2026-08-12 10:10:03,245209,76
3148,248263,Oscar Dorley,O. Dorley,19,CM-R,,,,,,,,,2026-08-12 10:10:03,2026-08-12 10:10:03,254909,
3149,409820,Youssoupha Mbodji,Y. Mbodji,12,LM,,,,,,,,,2026-08-12 10:10:03,2026-08-12 10:10:03,,
3150,343937,David Doudera,D. Doudera,21,RM,,,,,,,,,2026-08-12 10:10:03,2026-08-12 10:10:03,269509,
3151,239044,Erik Prekop,E. Prekop,31,F,,,,,,,,,2026-08-12 10:10:03,2026-08-12 10:10:03,81381,
3152,294618,Lukás Provod,L. Provod,17,CF-L,,,,,,,,,2026-08-12 10:10:03,2026-08-12 10:10:03,253727,
3153,293919,Muhammed-Cham Saracevic,M. Saracevic,7,CF-R,,,,,,,,,2026-08-12 10:10:03,2026-08-12 10:10:03,253108,
3154,411696,Adam Rezek,A. Rezek,40,SUB,,,,,,,,,2026-08-12 10:10:03,2026-08-12 10:10:03,,
3155,343733,Mojmír Chytil,M. Chytil,13,SUB,,,,,,,,,2026-08-12 10:10:03,2026-08-12 10:10:03,274906,74
3156,291407,Jakub Markovic,J. Markovic,35,SUB,,,,,,,,,2026-08-12 10:10:03,2026-08-12 10:10:03,252179,
3157,257336,Tomás Chorý,T. Chorý,25,SUB,,,,,,,,,2026-08-12 10:10:03,2026-08-12 10:10:03,244793,
3158,362894,Samuel Pikolon,S. Pikolon,49,SUB,,,,,,,,,2026-08-12 10:10:03,2026-08-12 10:10:03,,
3159,413940,Eliás Piták,E. Piták,51,SUB,,,,,,,,,2026-08-12 10:10:03,2026-08-12 10:10:03,,
3160,275818,Vasil Kusej,V. Kusej,9,SUB,,,,,,,,,2026-08-12 10:10:03,2026-08-12 10:10:03,241186,
3161,175766,Ivan Schranz,I. Schranz,26,SUB,,,,,,,,,2026-08-12 10:10:03,2026-08-12 10:10:03,263287,73
3162,176738,Jan Boril,J. Boril,18,SUB,,,,,,,,,2026-08-12 10:10:03,2026-08-12 10:10:03,204125,
3163,392578,Youssoupha Sanyang,Y. Sanyang,11,SUB,,,,,,,,,2026-08-12 10:10:03,2026-08-12 10:10:03,74742,
3164,362070,Marek Naskos,M. Naskos,46,SUB,,,,,,,,,2026-08-12 10:10:03,2026-08-12 10:10:03,,
3165,256966,Daiki Hashioka,D. Hashioka,8,SUB,,,,,,,,,2026-08-12 10:10:03,2026-08-12 10:10:03,242006,70
3166,239411,Dominik Kotarski,D. Kotarski,1,G,,,,,,,,,2026-08-12 10:10:04,2026-08-12 10:10:04,246267,77
3167,333663,Junnosuke Suzuki,J. Suzuki,20,CD-L,,,,,,,,,2026-08-12 10:10:04,2026-08-12 10:10:04,266260,66
3168,285142,Gabriel Pereira,G. Pereira,5,CD-R,,,,,,,,,2026-08-12 10:10:04,2026-08-12 10:10:04,274187,
3169,151053,Marcos López,M. López,15,LB,,,,,,,,,2026-08-12 10:10:04,2026-08-12 10:10:04,246014,
3170,192115,Birger Meling,B. Meling,24,RB,,,,,,,,,2026-08-12 10:10:04,2026-08-12 10:10:04,219466,72
3171,242850,Mads Emil Madsen,M. Emil Madsen,21,CM-L,,,,,,,,,2026-08-12 10:10:04,2026-08-12 10:10:04,235636,72
3172,151757,Thomas Delaney,T. Delaney,27,CM-R,,,,,,,,,2026-08-12 10:10:04,2026-08-12 10:10:04,193283,75
3173,324510,Elias Achouri,E. Achouri,30,LM,,,,,,,,,2026-08-12 10:10:04,2026-08-12 10:10:04,263672,72
3174,162484,Mohamed Elyounoussi,M. Elyounoussi,10,RM,,,,,,,,,2026-08-12 10:10:04,2026-08-12 10:10:04,203362,76
3175,411168,Viktor Dadason,V. Dadason,39,CF-L,,,,,,,,,2026-08-12 10:10:04,2026-08-12 10:10:04,,
3176,176668,Andreas Cornelius,A. Cornelius,14,CF-R,,,,,,,,,2026-08-12 10:10:04,2026-08-12 10:10:04,201943,
3177,380427,Oscar Gadeberg-Buur,O. Gadeberg-Buur,61,SUB,,,,,,,,,2026-08-12 10:10:04,2026-08-12 10:10:04,79407,
3178,206530,Jordan Larsson,J. Larsson,11,SUB,,,,,,,,,2026-08-12 10:10:04,2026-08-12 10:10:04,224389,72
3179,384302,Oliver Højer,O. Højer,38,SUB,,,,,,,,,2026-08-12 10:10:04,2026-08-12 10:10:04,73448,
3180,359245,Munashe Garananga,M. Garananga,4,SUB,,,,,,,,,2026-08-12 10:10:04,2026-08-12 10:10:04,70730,
3181,363213,Robert,Robert,16,SUB,,,,,,,,,2026-08-12 10:10:04,2026-08-12 10:10:04,74233,
3182,332428,William Clem,W. Clem,36,SUB,,,,,,,,,2026-08-12 10:10:04,2026-08-12 10:10:04,271980,
3183,172864,Viktor Claesson,V. Claesson,7,SUB,,,,,,,,,2026-08-12 10:10:04,2026-08-12 10:10:04,207554,72
3184,375384,Dominik Sarapata,D. Sarapata,23,SUB,,,,,,,,,2026-08-12 10:10:04,2026-08-12 10:10:04,75164,
3185,417998,Graham Ankamafio,G. Ankamafio,42,SUB,,,,,,,,,2026-08-12 10:10:04,2026-08-12 10:10:04,,
3186,305554,Youssoufa Moukoko,Y. Moukoko,9,SUB,,,,,,,,,2026-08-12 10:10:04,2026-08-12 10:10:04,240833,
3187,223311,Pantelis Hatzidiakos,P. Hatzidiakos,6,SUB,,,,,,,,,2026-08-12 10:10:04,2026-08-12 10:10:04,229150,73
3188,199330,Rúnar Rúnarsson,R. Rúnarsson,31,SUB,,,,,,,,,2026-08-12 10:10:04,2026-08-12 10:10:04,222562,67
3189,219531,Vanja Milinkovic-Savic,V. Milinkovic-Savic,32,G,,,,,,,,114,2026-08-12 10:10:04,2026-08-12 10:10:10,224836,
3190,252605,Alessandro Buongiorno,A. Buongiorno,4,SUB,,,,,,,,114,2026-08-12 10:10:04,2026-08-12 10:10:10,243241,82
3191,170663,Juan Jesus,J. Jesus,5,CD-L,,,,,,,,114,2026-08-12 10:10:04,2026-08-12 10:10:10,200752,
3192,155904,Giovanni Di Lorenzo,G. Di Lorenzo,22,RM,,,,,,,,114,2026-08-12 10:10:04,2026-08-12 10:10:10,217870,83
3193,255850,Scott McTominay,S. McTominay,8,CM-L,,,,,,,,114,2026-08-12 10:10:04,2026-08-12 10:10:10,237238,85
3194,188412,Stanislav Lobotka,S. Lobotka,68,CM-R,,,,,,,,114,2026-08-12 10:10:04,2026-08-12 10:10:10,216435,83
3195,148974,Leonardo Spinazzola,L. Spinazzola,37,LM,,,,,,,,114,2026-08-12 10:10:04,2026-08-12 10:10:10,202884,78
3196,290044,Miguel Gutiérrez,M. Gutiérrez,3,SUB,,,,,,,,114,2026-08-12 10:10:04,2026-08-12 10:10:10,261865,81
3197,309273,Rasmus Højlund,R. Højlund,19,F,,,,,,,,114,2026-08-12 10:10:04,2026-08-12 10:10:10,259399,76
3198,237435,Eljif Elmas,E. Elmas,20,CF-L,,,,,,,,114,2026-08-12 10:10:04,2026-08-12 10:10:10,241390,77
3199,332411,Antonio Vergara,A. Vergara,26,CF-R,,,,,,,,114,2026-08-12 10:10:04,2026-08-12 10:10:10,276706,
3200,410798,Mathias Ferrante,M. Ferrante,25,SUB,,,,,,,,,2026-08-12 10:10:04,2026-08-12 10:10:10,,
3201,261594,Sam Beukema,S. Beukema,31,CD-R,,,,,,,,114,2026-08-12 10:10:04,2026-08-12 10:10:10,262394,78
3202,234881,Mathías Olivera,M. Olivera,17,SUB,,,,,,,,114,2026-08-12 10:10:04,2026-08-12 10:10:10,240716,78
3203,331279,Giuseppe Ambrosino,G. Ambrosino,69,SUB,,,,,,,,114,2026-08-12 10:10:04,2026-08-12 10:10:10,272726,
3204,198082,Nikita Contini,N. Contini,14,SUB,,,,,,,,114,2026-08-12 10:10:04,2026-08-12 10:10:10,220532,67
3205,416155,Emmanuele De Chiara,E. De Chiara,52,SUB,,,,,,,,,2026-08-12 10:10:04,2026-08-12 10:10:04,210257,
3206,282564,Lorenzo Lucca,L. Lucca,20,SUB,,,,,,,,114,2026-08-12 10:10:04,2026-08-12 10:10:11,268474,76
3207,255344,Noa Lang,N. Lang,70,SUB,,,,,,,,114,2026-08-12 10:10:04,2026-08-12 10:10:10,239380,80
3208,403806,Vincenzo Prisco,V. Prisco,58,SUB,,,,,,,,,2026-08-12 10:10:04,2026-08-12 10:10:04,,
3209,139437,Romelu Lukaku,R. Lukaku,9,SUB,,,,,,,,114,2026-08-12 10:10:04,2026-08-12 10:10:04,192505,84
3221,265874,CJ dos Santos,C. dos Santos,1,SUB,,,,,,,,,2026-08-12 10:10:05,2026-08-12 10:10:05,20801,
3224,418058,Osvald Søe,O. Søe,17,SUB,,,,,,,,,2026-08-12 10:10:05,2026-08-12 10:10:05,,
3230,318238,Thomas Gillier,T. Gillier,31,G,,,,,,,,,2026-08-12 10:10:05,2026-08-12 10:10:05,268394,
3231,304154,Efraín Morales,E. Morales,24,CD-L,,,,,,,,,2026-08-12 10:10:05,2026-08-12 10:10:05,259934,
3232,358595,Tomás Avilés,T. Avilés,3,CD-R,,,,,,,,,2026-08-12 10:10:05,2026-08-12 10:10:05,274569,
3233,270238,Brayan Vera,B. Vera,4,LB,,,,,,,,,2026-08-12 10:10:05,2026-08-12 10:10:05,246300,
3234,295620,Bode Hidalgo,B. Hidalgo,19,RB,,,,,,,,,2026-08-12 10:10:05,2026-08-12 10:10:05,259039,
3235,377044,Olger Escobar,O. Escobar,29,AM,,,,,,,,,2026-08-12 10:10:05,2026-08-12 10:10:05,78355,
3236,343641,Victor Loturi,V. Loturi,22,LM,,,,,,,,,2026-08-12 10:10:05,2026-08-12 10:10:05,269758,63
3237,87387,Samuel Piette,S. Piette,6,RM,,,,,,,,,2026-08-12 10:10:05,2026-08-12 10:10:05,213092,69
3238,275798,Prince Owusu,P. Owusu,9,F,,,,,,,,,2026-08-12 10:10:05,2026-08-12 10:10:05,244250,
3239,285939,Dagur Thórhallsson,D. Thórhallsson,17,AM-L,,,,,,,,,2026-08-12 10:10:05,2026-08-12 10:10:05,248168,
3240,384984,Hennadii Synchuk,H. Synchuk,18,AM-R,,,,,,,,,2026-08-12 10:10:05,2026-08-12 10:10:05,76908,62
3241,308587,Kwadwo Opoku,K. Opoku,7,SUB,,,,,,,,,2026-08-12 10:10:05,2026-08-12 10:10:05,259288,66
3242,304135,Brandan Craig,B. Craig,5,SUB,,,,,,,,,2026-08-12 10:10:05,2026-08-12 10:10:05,260545,
3243,279758,Matthew Longstaff,M. Longstaff,8,SUB,,,,,,,,,2026-08-12 10:10:05,2026-08-12 10:10:05,243828,
3244,351302,Daniel Ríos,D. Ríos,14,SUB,,,,,,,,,2026-08-12 10:10:05,2026-08-12 10:10:05,235184,65
3245,315924,Wikelman Carmona,W. Carmona,16,SUB,,,,,,,,,2026-08-12 10:10:05,2026-08-12 10:10:05,260772,
3246,401057,Aleksandr Guboglo,A. Guboglo,39,SUB,,,,,,,,,2026-08-12 10:10:05,2026-08-12 10:10:05,77609,
3247,303469,Jalen Neal,J. Neal,2,SUB,,,,,,,,,2026-08-12 10:10:05,2026-08-12 10:10:05,260635,
3248,252607,Sébastian Breza,S. Breza,1,SUB,,,,,,,,,2026-08-12 10:10:05,2026-08-12 10:10:05,261687,
3249,280489,Iván Jaime,I. Jaime,10,SUB,,,,,,,,,2026-08-12 10:10:05,2026-08-12 10:10:05,,
3270,277377,Maarten Vandevoordt,M. Vandevoordt,26,SUB,,,,,,,,9827,2026-08-12 10:10:06,2026-08-12 10:10:26,242879,76
3271,319100,Castello Lukeba,C. Lukeba,23,CD-L,,,,,,,,9827,2026-08-12 10:10:06,2026-08-12 10:10:06,262138,80
3272,162162,Willi Orbán,W. Orbán,4,CD-R,,,,,,,,9827,2026-08-12 10:10:06,2026-08-12 10:10:26,204638,
3273,249548,David Raum,D. Raum,22,LB,,,,,,,,9827,2026-08-12 10:10:06,2026-08-12 10:10:26,236703,82
3274,258963,Ridle Baku,R. Baku,17,SUB,,,,,,,,9827,2026-08-12 10:10:06,2026-08-12 10:10:26,240709,78
3275,305956,Nicolas Seiwald,N. Seiwald,13,CD-L,,,,,,,,9827,2026-08-12 10:10:06,2026-08-12 10:10:26,257876,77
3276,274897,Christoph Baumgartner,C. Baumgartner,14,LM,,,,,,,,9827,2026-08-12 10:10:06,2026-08-12 10:10:26,242187,77
3277,330233,Ezechiel Banzuzi,E. Banzuzi,6,SUB,,,,,,,,9827,2026-08-12 10:10:06,2026-08-12 10:10:26,276216,
3278,324766,Rômulo,Rômulo,40,F,,,,,,,,9827,2026-08-12 10:10:06,2026-08-12 10:10:26,73398,
3279,319368,Antonio Nusa,A. Nusa,7,LF,,,,,,,,9827,2026-08-12 10:10:06,2026-08-12 10:10:26,262863,76
3280,402479,Yan Diomande,Y. Diomande,49,RF,,,,,,,,9827,2026-08-12 10:10:06,2026-08-12 10:10:26,78012,66
3281,368003,Max Finkgrafe,M. Finkgrafe,35,SUB,,,,,,,,9827,2026-08-12 10:10:06,2026-08-12 10:10:26,277887,
3282,304740,El Chadaille Bitshiabu,E. Bitshiabu,5,SUB,,,,,,,,9827,2026-08-12 10:10:06,2026-08-12 10:10:26,263193,
3283,200079,Leopold Zingerle,L. Zingerle,25,SUB,,,,,,,,9827,2026-08-12 10:10:06,2026-08-12 10:10:06,222546,
3284,357683,Brajan Gruda,B. Gruda,10,RM,,,,,,,,372,2026-08-12 10:10:06,2026-08-12 10:10:26,272612,74
3285,366911,Tidiam Gomis,T. Gomis,27,SUB,,,,,,,,9827,2026-08-12 10:10:06,2026-08-12 10:10:26,278061,
3286,238886,Xaver Schlager,X. Schlager,24,CM,,,,,,,,9827,2026-08-12 10:10:06,2026-08-12 10:10:26,233195,80
3287,362794,Conrad Harder,C. Harder,11,SUB,,,,,,,,9827,2026-08-12 10:10:06,2026-08-12 10:10:26,277689,74
3288,220711,Benjamin Henrichs,B. Henrichs,39,RB,,,,,,,,9827,2026-08-12 10:10:06,2026-08-12 10:10:26,228579,80
3289,310131,Johan Bakayoko,J. Bakayoko,9,SUB,,,,,,,,9827,2026-08-12 10:10:06,2026-08-12 10:10:26,265450,78
3290,219276,Zack Steffen,Z. Steffen,1,G,,,,,,,,,2026-08-12 10:10:06,2026-08-12 10:10:06,234777,
3291,392320,Lucas Herrington,L. Herrington,22,CD-L,,,,,,,,,2026-08-12 10:10:06,2026-08-12 10:10:06,75145,
3292,218188,Rob Holding,R. Holding,6,CD-R,,,,,,,,,2026-08-12 10:10:06,2026-08-12 10:10:06,228295,
3293,380895,Jackson Travis,J. Travis,99,LB,,,,,,,,,2026-08-12 10:10:06,2026-08-12 10:10:06,,
3294,251369,Reggie Cannon,R. Cannon,4,RB,,,,,,,,,2026-08-12 10:10:06,2026-08-12 10:10:06,237000,
3295,298078,Hamzat Ojediran,H. Ojediran,8,CM,,,,,,,,213,2026-08-12 10:10:06,2026-08-12 10:10:06,276207,70
3296,277851,Joshua Atencio,J. Atencio,12,LM,,,,,,,,,2026-08-12 10:10:06,2026-08-12 10:10:06,256934,
3297,304129,Paxten Aaronson,P. Aaronson,10,RM,,,,,,,,,2026-08-12 10:10:06,2026-08-12 10:10:06,260523,
3298,288791,Rafael Navarro,R. Navarro,9,F,,,,,,,,,2026-08-12 10:10:06,2026-08-12 10:10:06,276619,
3299,179245,Alex Harris,A. Harris,16,LF,,,,,,,,,2026-08-12 10:10:06,2026-08-12 10:10:06,77457,
3300,307221,Dante Sealy,D. Sealy,7,RF,,,,,,,,,2026-08-12 10:10:06,2026-08-12 10:10:06,247612,
3301,233045,Keegan Rosenberry,K. Rosenberry,2,SUB,,,,,,,,,2026-08-12 10:10:06,2026-08-12 10:10:06,231985,
3302,304623,Darren Yapi,D. Yapi,77,SUB,,,,,,,,,2026-08-12 10:10:06,2026-08-12 10:10:06,261455,
3303,319441,Noah Cobb,N. Cobb,24,SUB,,,,,,,,,2026-08-12 10:10:06,2026-08-12 10:10:06,274272,
3304,288873,Ted Ku-Dipietro,T. Ku-Dipietro,21,SUB,,,,,,,,,2026-08-12 10:10:06,2026-08-12 10:10:06,266852,
3305,285613,Miguel Navarro,M. Navarro,29,SUB,,,,,,,,,2026-08-12 10:10:06,2026-08-12 10:10:06,255457,
3306,222453,Connor Ronan,C. Ronan,20,SUB,,,,,,,,,2026-08-12 10:10:06,2026-08-12 10:10:06,228408,69
3307,380600,Wayne Frederick,W. Frederick,13,SUB,,,,,,,,,2026-08-12 10:10:06,2026-08-12 10:10:06,70222,
3308,334205,Alexis Castillo Manyoma,A. Castillo Manyoma,11,SUB,,,,,,,,,2026-08-12 10:10:06,2026-08-12 10:10:06,277794,
3309,293342,Nico Hansen,N. Hansen,41,SUB,,,,,,,,,2026-08-12 10:10:06,2026-08-12 10:10:06,263967,
3310,257619,James Pantemis,J. Pantemis,41,G,,,,,,,,,2026-08-12 10:10:06,2026-08-12 10:10:06,238919,65
3311,340652,Alex Bonetig,A. Bonetig,6,CD-L,,,,,,,,,2026-08-12 10:10:06,2026-08-12 10:10:06,273529,
3312,332367,Finn Surman,F. Surman,20,CD-R,,,,,,,,,2026-08-12 10:10:06,2026-08-12 10:10:06,266150,
3313,301463,Jimer Fory,J. Fory,27,LB,,,,,,,,,2026-08-12 10:10:06,2026-08-12 10:10:06,259111,
3314,245451,Brandon Bye,B. Bye,5,RB,,,,,,,,,2026-08-12 10:10:06,2026-08-12 10:10:06,242554,
3315,202539,Felipe Mora,F. Mora,9,AM,,,,,,,,,2026-08-12 10:10:06,2026-08-12 10:10:06,213620,
3316,277392,Cole Bassett,C. Bassett,17,LM,,,,,,,,,2026-08-12 10:10:06,2026-08-12 10:10:06,245341,
3317,71042,Diego Chará,D. Chará,21,RM,,,,,,,,,2026-08-12 10:10:06,2026-08-12 10:10:06,203067,
3318,391712,Gage Guerra,G. Guerra,88,F,,,,,,,,,2026-08-12 10:10:06,2026-08-12 10:10:06,79895,
3319,255418,Kristoffer Velde,K. Velde,99,AM-L,,,,,,,,,2026-08-12 10:10:06,2026-08-12 10:10:06,238303,
3320,315294,Antony,Antony,11,AM-R,,,,,,,,,2026-08-12 10:10:06,2026-08-12 10:10:06,255475,
3321,187782,Eric Miller,E. Miller,15,SUB,,,,,,,,,2026-08-12 10:10:06,2026-08-12 10:10:06,221656,
3322,371458,Sawyer Jura,S. Jura,16,SUB,,,,,,,,,2026-08-12 10:10:06,2026-08-12 10:10:06,,
3323,222765,Ariel Lassiter,A. Lassiter,7,SUB,,,,,,,,,2026-08-12 10:10:06,2026-08-12 10:10:06,229881,
3324,354979,Kevin Kelsy,K. Kelsy,19,SUB,,,,,,,,,2026-08-12 10:10:06,2026-08-12 10:10:06,268300,
3325,29447,Ian Smith,I. Smith,23,SUB,,,,,,,,,2026-08-12 10:10:06,2026-08-12 10:10:06,77660,
3326,249756,Kamal Miller,K. Miller,4,SUB,,,,,,,,,2026-08-12 10:10:06,2026-08-12 10:10:06,247648,71
3327,254340,Trey Muse,T. Muse,25,SUB,,,,,,,,,2026-08-12 10:10:06,2026-08-12 10:10:06,247346,
3328,235504,Pontus Dahlberg,P. Dahlberg,12,G,,,,,,,,,2026-08-12 10:10:07,2026-08-12 10:10:07,233763,
3329,133099,Ruben Gabrielsen,R. Gabrielsen,28,CD-L,,,,,,,,,2026-08-12 10:10:07,2026-08-12 10:10:07,,
3330,271767,Sander Moen Foss,S. Foss,5,CD-R,,,,,,,,,2026-08-12 10:10:07,2026-08-12 10:10:07,,
3331,397252,Harald Woxen,H. Woxen,6,DM,,,,,,,,,2026-08-12 10:10:07,2026-08-12 10:10:07,,
3332,358392,Yaw Paintsil,Y. Paintsil,26,LB,,,,,,,,,2026-08-12 10:10:07,2026-08-12 10:10:07,273870,
3333,267062,Lars Ranger,L. Ranger,2,RB,,,,,,,,,2026-08-12 10:10:07,2026-08-12 10:10:07,,
3334,363001,Gustav Nyheim,G. Nyheim,14,CM-L,,,,,,,,,2026-08-12 10:10:07,2026-08-12 10:10:07,266552,
3335,259179,Markus Karlsbakk,M. Karlsbakk,8,CM-R,,,,,,,,,2026-08-12 10:10:07,2026-08-12 10:10:07,,
3336,416555,Salieu Drammeh,S. Drammeh,15,LM,,,,,,,,,2026-08-12 10:10:07,2026-08-12 10:10:07,,
3337,363494,Camil Jebara,C. Jebara,19,RM,,,,,,,,,2026-08-12 10:10:07,2026-08-12 10:10:07,,
3338,255219,Vá,Vá,20,F,,,,,,,,,2026-08-12 10:10:07,2026-08-12 10:10:07,,
3339,404666,Kparobo Arierhi,K. Arierhi,9,SUB,,,,,,,,,2026-08-12 10:10:07,2026-08-12 10:10:07,,
3340,304140,Frederik Elkaer,F. Elkaer,11,SUB,,,,,,,,,2026-08-12 10:10:07,2026-08-12 10:10:07,,
3341,284210,Ylldren Ibrahimaj,Y. Ibrahimaj,29,SUB,,,,,,,,,2026-08-12 10:10:07,2026-08-12 10:10:07,246389,
3342,236589,Kevin Martin Krygard,K. Krygard,18,SUB,,,,,,,,,2026-08-12 10:10:07,2026-08-12 10:10:07,253549,
3343,416559,Linus Alperud,L. Alperud,7,SUB,,,,,,,,,2026-08-12 10:10:07,2026-08-12 10:10:07,,
3344,312929,Espen Garnas,E. Garnas,4,SUB,,,,,,,,,2026-08-12 10:10:07,2026-08-12 10:10:07,,
3345,234973,Stefan Hagerup,S. Hagerup,1,SUB,,,,,,,,,2026-08-12 10:10:07,2026-08-12 10:10:07,,
3346,389702,Markus Wähler,M. Wähler,27,SUB,,,,,,,,,2026-08-12 10:10:07,2026-08-12 10:10:07,,
3347,308547,Sturla Ottesen,S. Ottesen,3,SUB,,,,,,,,,2026-08-12 10:10:07,2026-08-12 10:10:07,,
3362,226976,Tobias Hammer Svendsen,T. Svendsen,23,SUB,,,,,,,,,2026-08-12 10:10:07,2026-08-12 10:10:07,,
3364,409824,Promise Meliga,P. Meliga,18,SUB,,,,,,,,,2026-08-12 10:10:07,2026-08-12 10:10:07,,
3389,384500,Jonathan Norbye,J. Norbye,18,CD-L,,,,,,,,,2026-08-12 10:10:08,2026-08-12 10:10:08,72376,
3395,312163,Daniel Eid,D. Eid,16,RM,,,,,,,,,2026-08-12 10:10:08,2026-08-12 10:10:08,266606,
3399,334075,Benjamin Thoresen Faraas,B. Thoresen Faraas,7,SUB,,,,,,,,,2026-08-12 10:10:08,2026-08-12 10:10:08,271433,
3401,378947,Ole Langbraten,O. Langbraten,25,SUB,,,,,,,,,2026-08-12 10:10:08,2026-08-12 10:10:08,70119,
3403,399592,Kennedy Okpaleke,K. Okpaleke,2,SUB,,,,,,,,,2026-08-12 10:10:08,2026-08-12 10:10:08,,
3405,417264,Joachim Nysveen,J. Nysveen,26,SUB,,,,,,,,,2026-08-12 10:10:08,2026-08-12 10:10:08,,
3407,205751,Marvin Schwäbe,M. Schwäbe,1,G,,,,,,,,,2026-08-12 10:10:08,2026-08-12 10:10:26,224041,
3408,357337,Jahmai Simpson-Pusey,J. Simpson-Pusey,22,CD,,,,,,,,,2026-08-12 10:10:08,2026-08-12 10:10:08,75577,68
3409,301348,Cenk Özkacar,C. Özkacar,39,CD-L,,,,,,,,,2026-08-12 10:10:08,2026-08-12 10:10:26,258396,70
3410,302981,Sebastian Sebulonsen,S. Sebulonsen,28,CD-R,,,,,,,,,2026-08-12 10:10:08,2026-08-12 10:10:26,254638,70
3411,304933,Jakub Kaminski,J. Kaminski,16,CM-L,,,,,,,,,2026-08-12 10:10:08,2026-08-12 10:10:26,252495,
3412,283683,Tom Krauss,T. Krauss,5,CM,,,,,,,,,2026-08-12 10:10:08,2026-08-12 10:10:26,,
3413,310466,Kristoffer Lund,K. Lund,32,LB,,,,,,,,,2026-08-12 10:10:08,2026-08-12 10:10:26,261313,
3414,300444,Jan Thielmann,J. Thielmann,29,RB,,,,,,,,,2026-08-12 10:10:08,2026-08-12 10:10:26,254660,
3415,255355,Ragnar Ache,R. Ache,9,CF-R,,,,,,,,,2026-08-12 10:10:08,2026-08-12 10:10:26,235360,
3416,380795,Said El Mala,S. El Mala,13,CF-L,,,,,,,,,2026-08-12 10:10:08,2026-08-12 10:10:26,71178,
3417,231173,Linton Maina,L. Maina,37,CF-R,,,,,,,,,2026-08-12 10:10:08,2026-08-12 10:10:08,242997,
3418,121007,Ron-Robert Zieler,R. Zieler,20,SUB,,,,,,,,,2026-08-12 10:10:08,2026-08-12 10:10:26,186148,
3419,416417,Fynn Schenten,F. Schenten,40,SUB,,,,,,,,,2026-08-12 10:10:08,2026-08-12 10:10:26,,
3420,236136,Alessio Castro-Montes,A. Castro-Montes,17,SUB,,,,,,,,,2026-08-12 10:10:08,2026-08-12 10:10:08,233965,77
3421,191352,Luca Waldschmidt,L. Waldschmidt,7,SUB,,,,,,,,,2026-08-12 10:10:08,2026-08-12 10:10:26,220085,
3422,151464,Florian Kainz,F. Kainz,11,SUB,,,,,,,,,2026-08-12 10:10:08,2026-08-12 10:10:08,195038,74
3423,417605,Youssoupha Niang,Y. Niang,38,SUB,,,,,,,,,2026-08-12 10:10:08,2026-08-12 10:10:26,,
3424,343969,Denis Huseinbasic,D. Huseinbasic,8,SUB,,,,,,,,,2026-08-12 10:10:08,2026-08-12 10:10:26,269922,
3425,286815,Ísak Jóhannesson,Í. Jóhannesson,18,CM-R,,,,,,,,,2026-08-12 10:10:08,2026-08-12 10:10:26,246814,73
3426,275797,Marius Bulter,M. Bulter,30,SUB,,,,,,,,,2026-08-12 10:10:08,2026-08-12 10:10:26,244390,
3448,205576,Amir Rrahmani,A. Rrahmani,13,CD,,,,,,,,114,2026-08-12 10:10:10,2026-08-12 10:10:10,244263,83
3458,188306,Matteo Politano,M. Politano,21,SUB,,,,,,,,114,2026-08-12 10:10:10,2026-08-12 10:10:10,216409,81
3463,367690,Luca Marianucci,L. Marianucci,35,CD-R,,,,,,,,114,2026-08-12 10:10:10,2026-08-12 10:10:18,278319,
3465,260188,Pasquale Mazzocchi,P. Mazzocchi,30,SUB,,,,,,,,114,2026-08-12 10:10:10,2026-08-12 10:10:10,239679,
3469,259838,Arijanet Muric,A. Muric,49,G,,,,,,,,,2026-08-12 10:10:10,2026-08-12 10:10:10,233164,
3470,318390,Tarik Muharemovic,T. Muharemovic,80,CD-L,,,,,,,,,2026-08-12 10:10:10,2026-08-12 10:10:10,262027,
3471,272873,Jay Idzes,J. Idzes,21,CD-R,,,,,,,,,2026-08-12 10:10:10,2026-08-12 10:10:10,262396,72
3472,290418,Josh Doig,J. Doig,3,LB,,,,,,,,,2026-08-12 10:10:10,2026-08-12 10:10:10,255561,73
3473,288483,Sebastian Walukiewicz,S. Walukiewicz,6,RB,,,,,,,,,2026-08-12 10:10:10,2026-08-12 10:10:10,243497,71
3474,135743,Nemanja Matic,N. Matic,18,CM,,,,,,,,,2026-08-12 10:10:10,2026-08-12 10:10:10,191202,
3475,290798,Aster Vranckx,A. Vranckx,40,LM,,,,,,,,,2026-08-12 10:10:10,2026-08-12 10:10:10,252027,74
3476,347408,Luca Lipani,L. Lipani,35,RM,,,,,,,,,2026-08-12 10:10:10,2026-08-12 10:10:10,274702,
3477,239086,Andrea Pinamonti,A. Pinamonti,99,F,,,,,,,,,2026-08-12 10:10:10,2026-08-12 10:10:10,235842,75
3478,272719,Armand Laurienté,A. Laurienté,45,LF,,,,,,,,,2026-08-12 10:10:10,2026-08-12 10:10:10,243593,80
3479,324705,Alieu Fadera,A. Fadera,20,RF,,,,,,,,,2026-08-12 10:10:10,2026-08-12 10:10:10,263882,
3480,307969,Edoardo Iannoni,E. Iannoni,44,SUB,,,,,,,,,2026-08-12 10:10:10,2026-08-12 10:10:10,270657,
3481,290581,Woyo Coulibaly,W. Coulibaly,25,SUB,,,,,,,,,2026-08-12 10:10:10,2026-08-12 10:10:10,251335,
3482,234305,Giacomo Satalino,G. Satalino,12,SUB,,,,,,,,,2026-08-12 10:10:10,2026-08-12 10:10:10,235806,
3483,415198,Christian Frangella,C. Frangella,33,SUB,,,,,,,,,2026-08-12 10:10:10,2026-08-12 10:10:10,,
3484,233088,Nicholas Pierini,N. Pierini,77,SUB,,,,,,,,,2026-08-12 10:10:10,2026-08-12 10:10:10,241628,
3485,202335,Filippo Romagna,F. Romagna,19,SUB,,,,,,,,,2026-08-12 10:10:10,2026-08-12 10:10:10,226108,
3486,292241,Walid Cheddira,W. Cheddira,99,F,,,,,,,,,2026-08-12 10:10:10,2026-08-12 10:10:18,268511,72
3487,261399,Stefano Turati,S. Turati,13,SUB,,,,,,,,,2026-08-12 10:10:10,2026-08-12 10:10:10,254502,
3488,310770,Gioele Zacchi,G. Zacchi,16,SUB,,,,,,,,,2026-08-12 10:10:10,2026-08-12 10:10:10,80811,
3489,333924,Yeferson Paz,Y. Paz,17,SUB,,,,,,,,,2026-08-12 10:10:10,2026-08-12 10:10:10,271006,
3490,303980,Laurs Skjellerup,L. Skjellerup,14,SUB,,,,,,,,,2026-08-12 10:10:10,2026-08-12 10:10:10,257324,
3491,291729,Cas Odenthal,C. Odenthal,26,SUB,,,,,,,,,2026-08-12 10:10:10,2026-08-12 10:10:10,262474,
3492,278778,Luca Moro,L. Moro,24,SUB,,,,,,,,,2026-08-12 10:10:10,2026-08-12 10:10:10,248787,
3493,151855,Stefan Ortega,S. Ortega,27,G,,,,,,,,382,2026-08-12 10:10:11,2026-08-12 10:10:11,200159,79
3494,338894,Murillo,Murillo,5,CD-L,,,,,,,,,2026-08-12 10:10:11,2026-08-12 10:10:11,278016,
3495,238990,Nikola Milenkovic,N. Milenkovic,31,CD-R,,,,,,,,,2026-08-12 10:10:11,2026-08-12 10:10:11,238095,
3496,291638,Neco Williams,N. Williams,3,LB,,,,,,,,,2026-08-12 10:10:11,2026-08-12 10:10:11,243057,78
3497,206227,Ola Aina,O. Aina,34,RB,,,,,,,,,2026-08-12 10:10:11,2026-08-12 10:10:11,224656,80
3498,243396,Morgan Gibbs-White,M. Gibbs-White,10,AM,,,,,,,,,2026-08-12 10:10:11,2026-08-12 10:10:11,236015,82
3499,238472,Elliot Anderson,E. Anderson,8,LM,,,,,,,,,2026-08-12 10:10:11,2026-08-12 10:10:11,254243,80
3500,213718,Ibrahim Sangaré,I. Sangaré,6,RM,,,,,,,,,2026-08-12 10:10:11,2026-08-12 10:10:11,235173,77
3501,287869,Igor Jesus,Igor Jesus,19,F,,,,,,,,,2026-08-12 10:10:11,2026-08-12 10:10:11,79402,
3502,261419,Callum Hudson-Odoi,C. Hudson-Odoi,7,AM-L,,,,,,,,,2026-08-12 10:10:11,2026-08-12 10:10:11,240740,78
3503,322771,Omari Hutchinson,O. Hutchinson,21,AM-R,,,,,,,,,2026-08-12 10:10:11,2026-08-12 10:10:11,260145,
3504,275842,Dan Ndoye,D. Ndoye,14,SUB,,,,,,,,,2026-08-12 10:10:11,2026-08-12 10:10:11,257980,79
3505,201304,Morato,Morato,4,SUB,,,,,,,,,2026-08-12 10:10:11,2026-08-12 10:10:11,256008,
3506,297157,Dilane Bakwa,D. Bakwa,29,SUB,,,,,,,,,2026-08-12 10:10:11,2026-08-12 10:10:11,250789,
3507,254118,Nicolás Domínguez,N. Domínguez,16,SUB,,,,,,,,,2026-08-12 10:10:11,2026-08-12 10:10:11,237819,79
3508,181299,Angus Gunn,A. Gunn,18,SUB,,,,,,,,,2026-08-12 10:10:11,2026-08-12 10:10:11,216325,72
3509,338876,Jair Paula,Jair Paula,23,SUB,,,,,,,,,2026-08-12 10:10:11,2026-08-12 10:10:11,79629,
3510,298518,James McAtee,J. McAtee,24,SUB,,,,,,,,,2026-08-12 10:10:11,2026-08-12 10:10:11,264349,
3512,241253,Ryan Yates,R. Yates,22,SUB,,,,,,,,,2026-08-12 10:10:11,2026-08-12 10:10:11,235642,
3513,196876,Alisson Becker,A. Becker,1,G,,,,,,,,364,2026-08-12 10:10:11,2026-08-12 10:10:11,212831,
3514,157892,Virgil van Dijk,V. van Dijk,4,CD-L,,,,,,,,364,2026-08-12 10:10:11,2026-08-12 10:10:11,203376,90
3515,251634,Ibrahima Konaté,I. Konaté,5,CD-R,,,,,,,,364,2026-08-12 10:10:11,2026-08-12 10:10:11,237678,86
3516,323110,Milos Kerkez,M. Kerkez,6,LB,,,,,,,,364,2026-08-12 10:10:11,2026-08-12 10:10:11,260908,82
3517,257206,Dominik Szoboszlai,D. Szoboszlai,8,RB,,,,,,,,364,2026-08-12 10:10:11,2026-08-12 10:10:11,236772,83
3518,190257,Curtis Jones,C. Jones,17,AM,,,,,,,,364,2026-08-12 10:10:11,2026-08-12 10:10:11,242434,80
3519,249299,Alexis Mac Allister,A. Mac Allister,10,LM,,,,,,,,364,2026-08-12 10:10:11,2026-08-12 10:10:11,239837,87
3520,274632,Ryan Gravenberch,R. Gravenberch,38,RM,,,,,,,,364,2026-08-12 10:10:11,2026-08-12 10:10:11,246104,85
3521,304901,Hugo Ekitike,H. Ekitike,22,F,,,,,,,,364,2026-08-12 10:10:11,2026-08-12 10:10:11,257289,
3522,249524,Cody Gakpo,C. Gakpo,18,AM-L,,,,,,,,364,2026-08-12 10:10:11,2026-08-12 10:10:11,242516,84
3523,173896,Mohamed Salah,M. Salah,11,AM-R,,,,,,,,364,2026-08-12 10:10:11,2026-08-12 10:10:11,209331,91
3524,274742,Giorgi Mamardashvili,G. Mamardashvili,25,SUB,,,,,,,,364,2026-08-12 10:10:11,2026-08-12 10:10:11,262621,84
3525,234306,Federico Chiesa,F. Chiesa,14,SUB,,,,,,,,364,2026-08-12 10:10:11,2026-08-12 10:10:11,235805,81
3526,379588,Rio Ngumoha,R. Ngumoha,73,SUB,,,,,,,,364,2026-08-12 10:10:11,2026-08-12 10:10:11,80376,
3527,102053,Joe Gomez,J. Gomez,2,SUB,,,,,,,,364,2026-08-12 10:10:11,2026-08-12 10:10:11,225100,79
3528,357162,Kieran Morrison,K. Morrison,68,SUB,,,,,,,,,2026-08-12 10:10:11,2026-08-12 10:10:11,,
3529,356075,Trey Nyoni,T. Nyoni,42,SUB,,,,,,,,364,2026-08-12 10:10:11,2026-08-12 10:10:11,279128,
3530,291353,Calvin Ramsay,C. Ramsay,47,SUB,,,,,,,,364,2026-08-12 10:10:11,2026-08-12 10:10:11,252897,
3531,104943,Andy Robertson,A. Robertson,26,SUB,,,,,,,,364,2026-08-12 10:10:11,2026-08-12 10:10:11,216267,
3532,194121,Freddie Woodman,F. Woodman,28,SUB,,,,,,,,364,2026-08-12 10:10:11,2026-08-12 10:10:11,222514,
3539,223775,Luc Mares,L. Mares,14,CM,,,,,,,,,2026-08-12 10:10:12,2026-08-12 10:10:12,71292,
3540,179771,Anders Trondsen,A. Trondsen,16,CM-L,,,,,,,,,2026-08-12 10:10:12,2026-08-12 10:10:12,210688,
3542,423030,David Benjamin,D. Benjamin,28,CF-L,,,,,,,,,2026-08-12 10:10:12,2026-08-12 10:10:12,244859,
3548,255624,Patrick Metcalfe,P. Metcalfe,26,SUB,,,,,,,,,2026-08-12 10:10:12,2026-08-12 10:10:12,255347,64
3564,418359,Jesper Grundt,J. Grundt,8,SUB,,,,,,,,,2026-08-12 10:10:12,2026-08-12 10:10:12,,
3565,400376,Ieltsin Camões,Ieltsin Camões,20,SUB,,,,,,,,,2026-08-12 10:10:12,2026-08-12 10:10:12,77274,
3566,303805,Isak Dahlqvist,I. Dahlqvist,17,SUB,,,,,,,,,2026-08-12 10:10:12,2026-08-12 10:10:12,,
3571,399710,Sigurd Jacobsen Prestmo,S. Jacobsen Prestmo,14,SUB,,,,,,,,,2026-08-12 10:10:12,2026-08-12 10:10:12,77088,
3584,418044,Lauri Penna,L. Penna,49,SUB,,,,,,,,,2026-08-12 10:10:12,2026-08-12 10:10:12,79288,
3588,408285,Mirza Catovic,M. Catovic,35,SUB,,,,,,,,9829,2026-08-12 10:10:12,2026-08-12 10:10:12,76087,
3593,403741,Yanik Spalt,Y. Spalt,56,SUB,,,,,,,,,2026-08-12 10:10:12,2026-08-12 10:10:12,,
3595,341948,Marvin Keller,M. Keller,1,G,,,,,,,,,2026-08-12 10:10:12,2026-08-12 10:10:12,256726,72
3596,223256,Sandro Lauper,S. Lauper,30,CD-L,,,,,,,,,2026-08-12 10:10:12,2026-08-12 10:10:12,229900,70
3597,212335,Gregory Wüthrich,G. Wüthrich,5,CD-R,,,,,,,,,2026-08-12 10:10:12,2026-08-12 10:10:12,220665,73
3598,136746,Loris Benito,L. Benito,23,LB,,,,,,,,,2026-08-12 10:10:12,2026-08-12 10:10:12,193468,70
3599,210140,Saidy Janko,S. Janko,17,RB,,,,,,,,,2026-08-12 10:10:12,2026-08-12 10:10:12,220172,
3600,310194,Alvyn Sanches,A. Sanches,10,AM,,,,,,,,,2026-08-12 10:10:12,2026-08-12 10:10:12,260272,73
3601,226970,Edimilson Fernandes,E. Fernandes,6,LM,,,,,,,,,2026-08-12 10:10:12,2026-08-12 10:10:12,215556,74
3602,288932,Armin Gigovic,A. Gigovic,37,RM,,,,,,,,,2026-08-12 10:10:12,2026-08-12 10:10:12,251617,
3603,195221,Chris Bedia,C. Bedia,29,F,,,,,,,,,2026-08-12 10:10:12,2026-08-12 10:10:12,225533,70
3604,307893,Joel Monteiro,Joel Monteiro,77,AM-L,,,,,,,,,2026-08-12 10:10:12,2026-08-12 10:10:12,258924,
3605,238502,Christian Fassnacht,C. Fassnacht,16,AM-R,,,,,,,,,2026-08-12 10:10:12,2026-08-12 10:10:12,234913,72
3606,137018,Heinz Lindner,H. Lindner,12,SUB,,,,,,,,,2026-08-12 10:10:12,2026-08-12 10:10:12,193247,
3607,202714,Sergio Córdova,S. Córdova,9,SUB,,,,,,,,,2026-08-12 10:10:12,2026-08-12 10:10:12,239747,
3608,395880,Rhodri Smith,R. Smith,66,SUB,,,,,,,,,2026-08-12 10:10:12,2026-08-12 10:10:12,75656,
3609,403832,Olivier Mambwa,O. Mambwa,57,SUB,,,,,,,,,2026-08-12 10:10:12,2026-08-12 10:10:12,,
3610,362498,Dominik Pech,D. Pech,13,SUB,,,,,,,,,2026-08-12 10:10:12,2026-08-12 10:10:12,75499,68
3611,324657,Tanguy Zoukrou,T. Zoukrou,4,SUB,,,,,,,,,2026-08-12 10:10:12,2026-08-12 10:10:12,264785,
3612,222715,Dario Marzino,D. Marzino,40,SUB,,,,,,,,,2026-08-12 10:10:12,2026-08-12 10:10:12,228998,
3613,402865,Lutfi Dalipi,L. Dalipi,54,SUB,,,,,,,,,2026-08-12 10:10:12,2026-08-12 10:10:12,,
3614,290139,Darian Males,D. Males,39,SUB,,,,,,,,,2026-08-12 10:10:12,2026-08-12 10:10:12,252526,70
3615,304743,Alan Virginius,A. Virginius,7,SUB,,,,,,,,,2026-08-12 10:10:12,2026-08-12 10:10:12,257319,
3616,177812,Wladimiro Falcone,W. Falcone,30,G,,,,,,,,,2026-08-12 10:10:13,2026-08-12 10:10:24,210676,81
3617,379865,Tiago Gabriel,Tiago Gabriel,44,CD-L,,,,,,,,,2026-08-12 10:10:13,2026-08-12 10:10:24,70555,
3618,318604,Kialonda Gaspar,K. Gaspar,4,CD-R,,,,,,,,,2026-08-12 10:10:13,2026-08-12 10:10:24,275783,
3619,277441,Antonino Gallo,A. Gallo,25,LB,,,,,,,,,2026-08-12 10:10:13,2026-08-12 10:10:24,244717,75
3620,344844,Danilo Veiga,D. Veiga,17,SUB,,,,,,,,,2026-08-12 10:10:13,2026-08-12 10:10:24,271539,
3621,326642,Omri Gandelman,O. Gandelman,16,AM,,,,,,,,,2026-08-12 10:10:13,2026-08-12 10:10:18,277840,
3622,223947,Lassana Coulibaly,L. Coulibaly,29,LM,,,,,,,,,2026-08-12 10:10:13,2026-08-12 10:10:18,230107,
3623,237455,Ylber Ramadani,Y. Ramadani,20,CM,,,,,,,,,2026-08-12 10:10:13,2026-08-12 10:10:24,243787,
3625,262480,Riccardo Sottil,R. Sottil,23,AM-L,,,,,,,,,2026-08-12 10:10:13,2026-08-12 10:10:18,246431,75
3626,288429,Santiago Pierotti,S. Pierotti,50,RF,,,,,,,,,2026-08-12 10:10:13,2026-08-12 10:10:24,253139,
3627,304928,Filip Marchwinski,F. Marchwinski,36,SUB,,,,,,,,,2026-08-12 10:10:13,2026-08-12 10:10:24,246649,
3628,259054,Christian Früchtl,C. Früchtl,1,SUB,,,,,,,,,2026-08-12 10:10:13,2026-08-12 10:10:13,235266,
3629,287673,Corrie Ndaba,C. Ndaba,3,SUB,,,,,,,,,2026-08-12 10:10:13,2026-08-12 10:10:24,247528,65
3630,267910,Lameck Banda,L. Banda,19,LF,,,,,,,,,2026-08-12 10:10:13,2026-08-12 10:10:24,271197,
3631,332018,Jasper Samooja,J. Samooja,32,SUB,,,,,,,,,2026-08-12 10:10:13,2026-08-12 10:10:24,278623,61
3632,275227,Thorir Johann Helgason,T. Helgason,14,SUB,,,,,,,,,2026-08-12 10:10:13,2026-08-12 10:10:24,263657,
3633,334793,Oumar Ngom,O. Ngom,79,SUB,,,,,,,,,2026-08-12 10:10:13,2026-08-12 10:10:18,266848,64
3634,307391,Jamil Siebert,J. Siebert,5,SUB,,,,,,,,,2026-08-12 10:10:13,2026-08-12 10:10:24,259299,
3635,286582,Konan N’Dri,K. N’Dri,11,SUB,,,,,,,,,2026-08-12 10:10:13,2026-08-12 10:10:24,,
3636,346283,Gaby Jean,G. Jean,18,SUB,,,,,,,,,2026-08-12 10:10:13,2026-08-12 10:10:24,270888,
3637,324661,Sadik Fofana,S. Fofana,8,SUB,,,,,,,,,2026-08-12 10:10:13,2026-08-12 10:10:18,263949,
3638,304512,Nikola Stulic,N. Stulic,9,SUB,,,,,,,,,2026-08-12 10:10:13,2026-08-12 10:10:24,273915,
3639,119310,Álex Sala,Á. Sala,6,SUB,,,,,,,,,2026-08-12 10:10:13,2026-08-12 10:10:24,265732,
3652,406061,Branimir Mlacic,B. Mlacic,22,SUB,,,,,,,,,2026-08-12 10:10:13,2026-08-12 10:10:13,80380,
3654,257211,Adam Buksa,A. Buksa,18,SUB,,,,,,,,,2026-08-12 10:10:13,2026-08-12 10:10:13,224438,73
3660,302721,Razvan Sava,R. Sava,90,SUB,,,,,,,,,2026-08-12 10:10:13,2026-08-12 10:10:13,266803,
3661,220840,Goran Karacic,G. Karacic,18,G,,,,,,,,,2026-08-12 10:10:14,2026-08-12 10:10:14,,
3662,326479,Igor Savic,I. Savic,21,CD,,,,,,,,,2026-08-12 10:10:14,2026-08-12 10:10:14,,
3663,342919,Duje Dujmovic,D. Dujmovic,55,CD-L,,,,,,,,,2026-08-12 10:10:14,2026-08-12 10:10:14,,
3664,163797,Hrvoje Barisic,H. Barisic,4,CD-R,,,,,,,,,2026-08-12 10:10:14,2026-08-12 10:10:14,,
3665,194765,Petar Mamic,P. Mamic,12,LB,,,,,,,,,2026-08-12 10:10:14,2026-08-12 10:10:14,,
3666,305493,Marko Vranjkovic,M. Vranjkovic,19,RB,,,,,,,,,2026-08-12 10:10:14,2026-08-12 10:10:14,,
3667,363705,Antonio Ivancic,A. Ivancic,20,CM-L,,,,,,,,,2026-08-12 10:10:14,2026-08-12 10:10:14,,
3668,228324,Neven Djurasek,N. Djurasek,30,CM-R,,,,,,,,,2026-08-12 10:10:14,2026-08-12 10:10:14,,
3669,320941,Leo Mikic,L. Mikic,9,LM,,,,,,,,,2026-08-12 10:10:14,2026-08-12 10:10:14,,
3670,405658,Karlo Abramovic,K. Abramovic,77,RM,,,,,,,,,2026-08-12 10:10:14,2026-08-12 10:10:14,,
3671,304079,Mario Cuze,M. Cuze,25,F,,,,,,,,,2026-08-12 10:10:14,2026-08-12 10:10:14,,
3672,419196,Antonio Arapovic,A. Arapovic,15,SUB,,,,,,,,,2026-08-12 10:10:14,2026-08-12 10:10:14,,
3673,411680,Matej Bogdan,M. Bogdan,1,SUB,,,,,,,,,2026-08-12 10:10:14,2026-08-12 10:10:14,,
3674,342995,Tin Sajko,T. Sajko,32,SUB,,,,,,,,,2026-08-12 10:10:14,2026-08-12 10:10:14,,
3675,361314,Toni Majic,T. Majic,90,SUB,,,,,,,,,2026-08-12 10:10:14,2026-08-12 10:10:14,,
3676,343092,Matej Sakota,M. Sakota,14,SUB,,,,,,,,,2026-08-12 10:10:14,2026-08-12 10:10:14,,
3677,221966,Kerim Memija,K. Memija,50,SUB,,,,,,,,,2026-08-12 10:10:14,2026-08-12 10:10:14,,
3678,149360,Tomi Juric,T. Juric,11,SUB,,,,,,,,,2026-08-12 10:10:14,2026-08-12 10:10:14,,
3679,405974,Dan Lagumdzija,D. Lagumdzija,5,SUB,,,,,,,,,2026-08-12 10:10:14,2026-08-12 10:10:14,,
3680,335295,Stefano Surdanovic,S. Surdanovic,23,SUB,,,,,,,,,2026-08-12 10:10:14,2026-08-12 10:10:14,,
3681,259458,Marijan Cavar,M. Cavar,42,SUB,,,,,,,,,2026-08-12 10:10:14,2026-08-12 10:10:14,,
3682,285054,Adi Nalic,A. Nalic,22,SUB,,,,,,,,,2026-08-12 10:10:14,2026-08-12 10:10:14,,
3683,406984,David Karacic,D. Karacic,6,SUB,,,,,,,,,2026-08-12 10:10:14,2026-08-12 10:10:14,,
3706,243832,Daniel,Daniel,42,G,,,,,,,,,2026-08-12 10:10:15,2026-08-12 10:10:15,238604,
3707,398860,Reid Roberts,R. Roberts,18,CD-L,,,,,,,,,2026-08-12 10:10:15,2026-08-12 10:10:15,77511,
3708,281494,Daniel Munie,D. Munie,5,CD-R,,,,,,,,,2026-08-12 10:10:15,2026-08-12 10:10:15,274533,
3709,249985,DeJuan Jones,D. Jones,24,LB,,,,,,,,,2026-08-12 10:10:15,2026-08-12 10:10:15,246803,
3710,302893,Benjamin Kikanovic,B. Kikanovic,28,RB,,,,,,,,,2026-08-12 10:10:15,2026-08-12 10:10:15,261114,
3711,333752,Niko Tsakiris,N. Tsakiris,10,AM,,,,,,,,,2026-08-12 10:10:15,2026-08-12 10:10:15,266518,
3712,382638,Beau Leroux,B. Leroux,34,LM,,,,,,,,,2026-08-12 10:10:15,2026-08-12 10:10:15,77560,
3713,249699,Ian Harkes,I. Harkes,6,RM,,,,,,,,,2026-08-12 10:10:15,2026-08-12 10:10:15,237385,
3714,295339,Preston Judd,P. Judd,19,F,,,,,,,,,2026-08-12 10:10:15,2026-08-12 10:10:15,268483,
3715,380800,Jamar Ricketts,J. Ricketts,2,AM-L,,,,,,,,,2026-08-12 10:10:15,2026-08-12 10:10:15,73877,
3716,300420,Ousseni Bouda,O. Bouda,7,AM-R,,,,,,,,,2026-08-12 10:10:15,2026-08-12 10:10:15,266375,
3717,222188,Dave Romney,D. Romney,4,SUB,,,,,,,,,2026-08-12 10:10:15,2026-08-12 10:10:15,229879,
3718,223355,Vítor Costa,V. Costa,87,SUB,,,,,,,,,2026-08-12 10:10:15,2026-08-12 10:10:15,232388,
3719,400722,Nick Fernandez,N. Fernandez,20,SUB,,,,,,,,,2026-08-12 10:10:15,2026-08-12 10:10:15,200724,
3720,66955,Jonathan Gonzalez,J. Gonzalez,40,SUB,,,,,,,,,2026-08-12 10:10:15,2026-08-12 10:10:15,240915,
3721,191088,Timo Werner,T. Werner,11,SUB,,,,,,,,9827,2026-08-12 10:10:15,2026-08-12 10:10:15,212188,
3722,279112,Francesco Montali,F. Montali,31,SUB,,,,,,,,,2026-08-12 10:10:15,2026-08-12 10:10:15,78210,
3723,229876,Paul Marie,P. Marie,3,SUB,,,,,,,,,2026-08-12 10:10:15,2026-08-12 10:10:15,,
3724,317465,Noel Buck,N. Buck,21,SUB,,,,,,,,,2026-08-12 10:10:15,2026-08-12 10:10:15,266686,
3725,246337,Jack Skahan,J. Skahan,16,SUB,,,,,,,,,2026-08-12 10:10:15,2026-08-12 10:10:15,256110,
3726,109193,Lucas Hoyos,L. Hoyos,1,G,,,,,,,,,2026-08-12 10:10:15,2026-08-12 10:10:15,224348,
3727,262061,Juan Berrocal,J. Berrocal,6,CD-L,,,,,,,,,2026-08-12 10:10:15,2026-08-12 10:10:15,240859,
3728,243195,Enea Mihaj,E. Mihaj,4,CD-R,,,,,,,,,2026-08-12 10:10:15,2026-08-12 10:10:15,251446,
3729,361498,Elías Baez,E. Baez,3,LB,,,,,,,,,2026-08-12 10:10:15,2026-08-12 10:10:15,74784,
3730,240783,Ronald Hernández,R. Hernández,2,RB,,,,,,,,,2026-08-12 10:10:15,2026-08-12 10:10:15,240921,
3731,330082,Tomás Jacob,T. Jacob,55,CM,,,,,,,,,2026-08-12 10:10:15,2026-08-12 10:10:15,,
3732,243384,Steven Alzate,S. Alzate,7,LM,,,,,,,,,2026-08-12 10:10:15,2026-08-12 10:10:15,236529,
3733,402315,Cooper Sanchez,C. Sanchez,48,RM,,,,,,,,,2026-08-12 10:10:15,2026-08-12 10:10:15,231733,
3734,242439,Emmanuel Latte Lath,E. Latte Lath,9,F,,,,,,,,,2026-08-12 10:10:15,2026-08-12 10:10:15,237295,73
3735,221128,Saba Lobjanidze,S. Lobjanidze,11,LF,,,,,,,,,2026-08-12 10:10:15,2026-08-12 10:10:15,239755,74
3736,48128,Miguel Almirón,M. Almirón,10,RF,,,,,,,,,2026-08-12 10:10:15,2026-08-12 10:10:15,230977,
3737,188454,Stian Gregersen,S. Gregersen,5,SUB,,,,,,,,,2026-08-12 10:10:15,2026-08-12 10:10:15,216730,70
3738,303125,Pedro Amador,P. Amador,18,SUB,,,,,,,,,2026-08-12 10:10:15,2026-08-12 10:10:15,256044,
3739,308892,Luke Brennan,L. Brennan,20,SUB,,,,,,,,,2026-08-12 10:10:15,2026-08-12 10:10:15,278490,
3740,235093,Cayman Togashi,C. Togashi,30,SUB,,,,,,,,,2026-08-12 10:10:15,2026-08-12 10:10:15,232785,
3741,185897,Alexey Miranchuk,A. Miranchuk,59,SUB,,,,,,,,,2026-08-12 10:10:15,2026-08-12 10:10:15,214092,
3742,255802,Tristan Muyumba,T. Muyumba,8,SUB,,,,,,,,,2026-08-12 10:10:15,2026-08-12 10:10:15,235885,
3743,385044,Jayden Hibbert,J. Hibbert,42,SUB,,,,,,,,,2026-08-12 10:10:15,2026-08-12 10:10:15,77491,
3744,371431,Adrian Gill,A. Gill,16,SUB,,,,,,,,,2026-08-12 10:10:15,2026-08-12 10:10:15,252175,
3745,138636,Matt Edwards,M. Edwards,47,SUB,,,,,,,,,2026-08-12 10:10:15,2026-08-12 10:10:15,235619,
3746,214740,Jean Butez,J. Butez,1,G,,,,,,,,,2026-08-12 10:10:16,2026-08-12 10:10:16,225149,
3747,175887,Marc-Oliver Kempf,M. Kempf,2,CD-L,,,,,,,,,2026-08-12 10:10:16,2026-08-12 10:10:16,210719,
3748,380318,Jacobo Ramón,J. Ramón,14,CD-R,,,,,,,,,2026-08-12 10:10:16,2026-08-12 10:10:16,70966,
3749,192146,Álex Valle,Á. Valle,3,LB,,,,,,,,,2026-08-12 10:10:16,2026-08-12 10:10:16,273875,
3750,221436,Mërgim Vojvoda,M. Vojvoda,31,RB,,,,,,,,,2026-08-12 10:10:16,2026-08-12 10:10:16,228349,
3751,337970,Nico Paz,N. Paz,10,AM,,,,,,,,,2026-08-12 10:10:16,2026-08-12 10:10:16,277846,79
3752,291285,Lucas Da Cunha,L. Da Cunha,33,LM,,,,,,,,,2026-08-12 10:10:16,2026-08-12 10:10:16,254579,
3753,309241,Máximo Perrone,M. Perrone,23,RM,,,,,,,,,2026-08-12 10:10:16,2026-08-12 10:10:16,267991,
3754,262071,Anastasios Douvikas,A. Douvikas,11,F,,,,,,,,,2026-08-12 10:10:16,2026-08-12 10:10:16,261478,
3755,311475,Martin Baturina,M. Baturina,20,AM-L,,,,,,,,,2026-08-12 10:10:16,2026-08-12 10:10:16,262842,78
3756,387491,Jesús Rodriguez,J. Rodriguez,17,AM-R,,,,,,,,,2026-08-12 10:10:16,2026-08-12 10:10:16,75055,
3757,323273,Ivan Smolcic,I. Smolcic,28,SUB,,,,,,,,,2026-08-12 10:10:16,2026-08-12 10:10:16,77163,
3758,150225,Sergi Roberto,S. Roberto,8,SUB,,,,,,,,,2026-08-12 10:10:16,2026-08-12 10:10:16,199564,
3759,260262,Nicolas Kühn,N. Kühn,19,SUB,,,,,,,,,2026-08-12 10:10:16,2026-08-12 10:10:16,239977,78
3760,196860,Diego Carlos,D. Carlos,34,SUB,,,,,,,,,2026-08-12 10:10:16,2026-08-12 10:10:16,219693,
3761,115025,Mauro Vigorito,M. Vigorito,22,SUB,,,,,,,,,2026-08-12 10:10:16,2026-08-12 10:10:16,186611,
3762,172998,Alberto Moreno,A. Moreno,18,SUB,,,,,,,,,2026-08-12 10:10:16,2026-08-12 10:10:16,205566,
3763,301377,Noel Törnqvist,N. Törnqvist,21,SUB,,,,,,,,,2026-08-12 10:10:16,2026-08-12 10:10:16,255900,
3764,337858,Jayden Addai,J. Addai,42,SUB,,,,,,,,,2026-08-12 10:10:16,2026-08-12 10:10:16,279239,
3765,292199,Ignace van der Brempt,I. van der Brempt,77,SUB,,,,,,,,,2026-08-12 10:10:16,2026-08-12 10:10:16,251464,
3766,265912,Maxence Caqueret,M. Caqueret,6,SUB,,,,,,,,,2026-08-12 10:10:16,2026-08-12 10:10:16,246646,
3767,193644,Duván Zapata,D. Zapata,91,CF-L,,,,,,,,,2026-08-12 10:10:16,2026-08-12 10:10:18,215333,82
3768,304217,Rafael Obrador,R. Obrador,33,SUB,,,,,,,,,2026-08-12 10:10:16,2026-08-12 10:10:18,258507,
3769,367743,Alieu Njie,A. Njie,92,SUB,,,,,,,,,2026-08-12 10:10:16,2026-08-12 10:10:18,70480,65
3770,389461,Sergiu Perciun,S. Perciun,83,SUB,,,,,,,,,2026-08-12 10:10:16,2026-08-12 10:10:18,76027,59
3771,416520,Mattia Pellini,M. Pellini,93,M,,,,,,,,,2026-08-12 10:10:16,2026-08-12 10:10:16,,
3772,282642,Faustino Anjorin,F. Anjorin,14,SUB,,,,,,,,,2026-08-12 10:10:16,2026-08-12 10:10:18,248474,
3773,417402,Wisdom Acquah,W. Acquah,94,M,,,,,,,,,2026-08-12 10:10:16,2026-08-12 10:10:16,,
3774,389463,Tommaso Gabellini,T. Gabellini,84,SUB,,,,,,,,,2026-08-12 10:10:16,2026-08-12 10:10:18,75443,56
3775,271445,Franco Israel,F. Israel,81,SUB,,,,,,,,,2026-08-12 10:10:16,2026-08-12 10:10:18,270141,75
3776,200562,Guillermo Maripán,G. Maripán,13,CD,,,,,,,,,2026-08-12 10:10:16,2026-08-12 10:10:18,219145,76
3777,367321,Lapo Siviero,L. Siviero,99,SUB,,,,,,,,,2026-08-12 10:10:16,2026-08-12 10:10:18,,
3778,241414,Alberto Paleari,A. Paleari,1,G,,,,,,,,,2026-08-12 10:10:16,2026-08-12 10:10:18,235740,68
3779,239120,Adrian Ismajli,A. Ismajli,44,CD,,,,,,,,,2026-08-12 10:10:16,2026-08-12 10:10:16,258782,
3780,274258,Saúl Coco,S. Coco,23,CD-L,,,,,,,,,2026-08-12 10:10:16,2026-08-12 10:10:18,265650,76
3781,159324,Adrien Tamèze,A. Tamèze,61,SUB,,,,,,,,,2026-08-12 10:10:16,2026-08-12 10:10:18,213242,
3782,330707,Emirhan Ilkhan,E. Ilkhan,6,AM,,,,,,,,,2026-08-12 10:10:16,2026-08-12 10:10:18,266257,
3783,336394,Cesare Casadei,C. Casadei,22,CM-L,,,,,,,,,2026-08-12 10:10:16,2026-08-12 10:10:18,273883,74
3784,206378,Nikola Vlasic,N. Vlasic,10,CM-R,,,,,,,,,2026-08-12 10:10:16,2026-08-12 10:10:18,241095,
3785,303001,Valentino Lazaro,V. Lazaro,20,LM,,,,,,,,,2026-08-12 10:10:16,2026-08-12 10:10:18,211147,76
3786,129285,Marcus Holmgren Pedersen,M. Holmgren Pedersen,16,RM,,,,,,,,,2026-08-12 10:10:16,2026-08-12 10:10:18,243481,72
3787,213725,Ché Adams,C. Adams,19,CF-R,,,,,,,,,2026-08-12 10:10:16,2026-08-12 10:10:18,226093,77
3789,65434,Jonathan Bond,J. Bond,31,G,,,,,,,,,2026-08-12 10:10:17,2026-08-12 10:10:17,197928,
3790,196842,Antônio Carlos,Antônio Carlos,3,CD,,,,,,,,,2026-08-12 10:10:17,2026-08-12 10:10:17,209597,
3791,266281,Lucas Halter,L. Halter,5,CD-L,,,,,,,,,2026-08-12 10:10:17,2026-08-12 10:10:17,,
3792,218058,Erik Sviatchenko,E. Sviatchenko,28,CD-R,,,,,,,,,2026-08-12 10:10:17,2026-08-12 10:10:17,199745,
3793,233725,Agustín Bouzat,A. Bouzat,30,CM-L,,,,,,,,,2026-08-12 10:10:17,2026-08-12 10:10:17,232255,
3794,303512,Jack McGlynn,J. McGlynn,8,CM-R,,,,,,,,,2026-08-12 10:10:17,2026-08-12 10:10:17,260479,
3795,323199,Lawrence Ennali,L. Ennali,11,LM,,,,,,,,,2026-08-12 10:10:17,2026-08-12 10:10:17,263068,
3796,182070,Duane Holmes,D. Holmes,14,RM,,,,,,,,,2026-08-12 10:10:17,2026-08-12 10:10:17,213948,
3797,257090,Ondrej Lingr,O. Lingr,9,F,,,,,,,,,2026-08-12 10:10:17,2026-08-12 10:10:17,258208,
3798,233578,Guilherme Augusto,Guilherme Augusto,20,CF-L,,,,,,,,,2026-08-12 10:10:17,2026-08-12 10:10:17,,
3799,287841,Mateusz Bogusz,M. Bogusz,19,CF-R,,,,,,,,,2026-08-12 10:10:17,2026-08-12 10:10:17,,
3800,146866,Héctor Herrera,H. Herrera,16,SUB,,,,,,,,,2026-08-12 10:10:17,2026-08-12 10:10:17,254064,
3801,419255,Matthew Arana,M. Arana,22,SUB,,,,,,,,,2026-08-12 10:10:17,2026-08-12 10:10:17,80278,
3802,419253,Agustín Resch,A. Resch,34,SUB,,,,,,,,,2026-08-12 10:10:17,2026-08-12 10:10:17,,
3803,331136,Blake Gillingham,B. Gillingham,26,SUB,,,,,,,,,2026-08-12 10:10:17,2026-08-12 10:10:17,77822,
3804,156197,Jimmy Maurer,J. Maurer,1,SUB,,,,,,,,,2026-08-12 10:10:17,2026-08-12 10:10:17,202570,
3805,333738,Nicholas Markanich,N. Markanich,17,SUB,,,,,,,,,2026-08-12 10:10:17,2026-08-12 10:10:17,267869,
3806,219466,Diadie Samassekou,D. Samassekou,18,SUB,,,,,,,,,2026-08-12 10:10:17,2026-08-12 10:10:17,,
3839,356576,Ali Dembélé,A. Dembélé,21,SUB,,,,,,,,,2026-08-12 10:10:18,2026-08-12 10:10:18,273936,62
3843,107960,Matteo Prati,M. Prati,4,SUB,,,,,,,,,2026-08-12 10:10:18,2026-08-12 10:10:18,272725,
3847,245538,Sandro Kulenovic,S. Kulenovic,17,SUB,,,,,,,,,2026-08-12 10:10:18,2026-08-12 10:10:18,236413,
3861,415700,Daniele Bleve,D. Bleve,95,SUB,,,,,,,,,2026-08-12 10:10:18,2026-08-12 10:10:24,,
3865,391033,Niko Kovac,N. Kovac,80,SUB,,,,,,,,,2026-08-12 10:10:18,2026-08-12 10:10:18,,
3867,386020,Matías Pérez,M. Pérez,13,RB,,,,,,,,,2026-08-12 10:10:18,2026-08-12 10:10:24,255333,
3882,271679,Giacomo Raspadori,G. Raspadori,18,SUB,,,,,,,,1068,2026-08-12 10:10:19,2026-08-12 10:10:22,253002,78
3883,296319,Charles De Ketelaere,C. De Ketelaere,17,CF-R,,,,,,,,102,2026-08-12 10:10:19,2026-08-12 10:10:29,251470,82
3888,229645,Ademola Lookman,A. Lookman,11,SUB,,,,,,,,102,2026-08-12 10:10:19,2026-08-12 10:10:19,230899,84
3897,290792,Edoardo Corvi,E. Corvi,40,G,,,,,,,,,2026-08-12 10:10:19,2026-08-12 10:10:19,271385,65
3898,366526,Mariano Troilo,M. Troilo,37,CD,,,,,,,,,2026-08-12 10:10:19,2026-08-12 10:10:19,278436,66
3899,281590,Lautaro Valenti,L. Valenti,5,CD-L,,,,,,,,,2026-08-12 10:10:19,2026-08-12 10:10:19,246164,68
3900,332081,Alessandro Circati,A. Circati,39,CD-R,,,,,,,,,2026-08-12 10:10:19,2026-08-12 10:10:19,268913,71
3901,223645,Nahuel Estévez,N. Estévez,8,CM-L,,,,,,,,,2026-08-12 10:10:19,2026-08-12 10:10:19,240992,71
3902,316609,Mandela Keita,M. Keita,16,CM-R,,,,,,,,,2026-08-12 10:10:19,2026-08-12 10:10:19,261539,73
3903,272694,Enrico Del Prato,E. Del Prato,15,LM,,,,,,,,,2026-08-12 10:10:19,2026-08-12 10:10:19,,
3904,396009,Sascha Britschgi,S. Britschgi,27,RM,,,,,,,,,2026-08-12 10:10:19,2026-08-12 10:10:19,75647,52
3905,288482,Adrian Benedyczak,A. Benedyczak,7,F,,,,,,,,,2026-08-12 10:10:19,2026-08-12 10:10:19,243154,71
3906,297751,Oliver Sørensen,O. Sørensen,22,CF-L,,,,,,,,,2026-08-12 10:10:19,2026-08-12 10:10:19,257972,73
3907,276653,Adrián Bernabé,A. Bernabé,10,CF-R,,,,,,,,,2026-08-12 10:10:19,2026-08-12 10:10:19,252794,74
3908,417783,Dominik Drobnic,D. Drobnic,61,SUB,,,,,,,,,2026-08-12 10:10:19,2026-08-12 10:10:19,,
3909,297785,Filippo Rinaldi,F. Rinaldi,66,SUB,,,,,,,,,2026-08-12 10:10:19,2026-08-12 10:10:19,278280,62
3910,297786,Gaetano Oristanio,G. Oristanio,21,SUB,,,,,,,,,2026-08-12 10:10:19,2026-08-12 10:10:19,269276,74
3911,417784,Gabriele Casentini,G. Casentini,67,SUB,,,,,,,,,2026-08-12 10:10:19,2026-08-12 10:10:19,,
3912,253569,Pontus Almqvist,P. Almqvist,11,SUB,,,,,,,,,2026-08-12 10:10:19,2026-08-12 10:10:19,236706,72
3914,339198,Christian Ordoñez,C. Ordoñez,24,SUB,,,,,,,,,2026-08-12 10:10:19,2026-08-12 10:10:19,273884,72
3915,261274,Emanuele Valeri,E. Valeri,14,SUB,,,,,,,,,2026-08-12 10:10:19,2026-08-12 10:10:19,258714,75
3916,290667,Daniel Mikolajewski,D. Mikolajewski,76,SUB,,,,,,,,,2026-08-12 10:10:19,2026-08-12 10:10:19,,
3917,356358,Benjamin Cremaschi,B. Cremaschi,25,SUB,,,,,,,,,2026-08-12 10:10:19,2026-08-12 10:10:19,272687,68
3918,312757,Mateo Pellegrino,M. Pellegrino,9,SUB,,,,,,,,,2026-08-12 10:10:19,2026-08-12 10:10:19,263229,67
3919,303648,Jacob Ondrejka,J. Ondrejka,17,SUB,,,,,,,,,2026-08-12 10:10:19,2026-08-12 10:10:19,255460,73
3941,144620,Stefan Bell,S. Bell,16,CD,,,,,,,,,2026-08-12 10:10:20,2026-08-12 10:10:20,198352,
3945,210818,Nadiem Amiri,N. Amiri,10,CM-R,,,,,,,,,2026-08-12 10:10:20,2026-08-12 10:10:20,225309,81
3955,351280,Nelson Weiper,N. Weiper,44,SUB,,,,,,,,,2026-08-12 10:10:20,2026-08-12 10:10:20,268259,
3958,334198,Nikolas Veratschnig,N. Veratschnig,22,SUB,,,,,,,,,2026-08-12 10:10:20,2026-08-12 10:10:20,267862,69
3971,364224,Adrian Przyborek,A. Przyborek,28,SUB,,,,,,,,,2026-08-12 10:10:22,2026-08-12 10:10:22,274444,
3977,411164,Valerio Farcomeni,V. Farcomeni,71,SUB,,,,,,,,,2026-08-12 10:10:22,2026-08-12 10:10:22,,
3982,169818,Patric,Patric,4,SUB,,,,,,,,92,2026-08-12 10:10:22,2026-08-12 10:10:22,206098,
4020,285866,Leonidas Stergiou,L. Stergiou,20,SUB,,,,,,,,9829,2026-08-12 10:10:22,2026-08-12 10:10:22,247360,71
4029,304222,Arthur Theate,A. Theate,3,LB,,,,,,,,9804,2026-08-12 10:10:22,2026-08-12 10:10:22,257278,80
4031,365997,Oscar Højlund,O. Højlund,6,SUB,,,,,,,,9804,2026-08-12 10:10:22,2026-08-12 10:10:30,274952,72
4035,359793,Younes Ebnoutalib,Y. Ebnoutalib,11,CF-L,,,,,,,,,2026-08-12 10:10:22,2026-08-12 10:10:22,76282,
4039,404775,Fousseny Doumbia,F. Doumbia,41,SUB,,,,,,,,9804,2026-08-12 10:10:22,2026-08-12 10:10:30,81535,
4041,238897,Buta,Buta,24,SUB,,,,,,,,,2026-08-12 10:10:22,2026-08-12 10:10:22,,
4046,126703,Martin Dúbravka,M. Dúbravka,1,G,,,,,,,,,2026-08-12 10:10:23,2026-08-12 10:10:25,220407,77
4047,318316,Maxime Estève,M. Estève,5,CD,,,,,,,,,2026-08-12 10:10:23,2026-08-12 10:10:23,262042,
4048,325541,Bashir Humphreys,B. Humphreys,12,CD-L,,,,,,,,,2026-08-12 10:10:23,2026-08-12 10:10:25,272777,
4049,229524,Axel Tuanzebe,A. Tuanzebe,6,CD-R,,,,,,,,,2026-08-12 10:10:23,2026-08-12 10:10:23,231485,
4050,256607,Florentino,Florentino,16,CM-L,,,,,,,,,2026-08-12 10:10:23,2026-08-12 10:10:25,234569,
4051,309563,Lesley Ugochukwu,L. Ugochukwu,8,CM-R,,,,,,,,,2026-08-12 10:10:23,2026-08-12 10:10:25,257084,
4052,285790,Lucas Pires,L. Pires,23,LB,,,,,,,,,2026-08-12 10:10:23,2026-08-12 10:10:25,277068,
4053,129358,Kyle Walker,K. Walker,2,RB,,,,,,,,,2026-08-12 10:10:23,2026-08-12 10:10:25,188377,79
4054,291535,Armando Broja,A. Broja,27,F,,,,,,,,,2026-08-12 10:10:23,2026-08-12 10:10:25,256268,
4055,307657,Jaidon Anthony,J. Anthony,11,LM,,,,,,,,,2026-08-12 10:10:23,2026-08-12 10:10:25,243669,
4056,225552,Marcus Edwards,M. Edwards,10,SUB,,,,,,,,,2026-08-12 10:10:23,2026-08-12 10:10:25,235619,
4057,233073,Jacob Bruun Larsen,J. Bruun Larsen,7,RM,,,,,,,,,2026-08-12 10:10:23,2026-08-12 10:10:25,227503,74
4058,329987,Max Weiß,M. Weiß,13,SUB,,,,,,,,,2026-08-12 10:10:23,2026-08-12 10:10:25,269096,
4059,264751,Lyle Foster,L. Foster,9,SUB,,,,,,,,,2026-08-12 10:10:23,2026-08-12 10:10:23,241173,
4060,300007,Hannibal Mejbri,H. Mejbri,28,SUB,,,,,,,,,2026-08-12 10:10:23,2026-08-12 10:10:23,,74
4061,105405,Ashley Barnes,A. Barnes,35,SUB,,,,,,,,,2026-08-12 10:10:23,2026-08-12 10:10:25,186905,
4062,324541,Loum Tchaouna,L. Tchaouna,17,SUB,,,,,,,,,2026-08-12 10:10:23,2026-08-12 10:10:25,264880,
4063,190936,Josh Laurent,J. Laurent,29,CD-R,,,,,,,,,2026-08-12 10:10:23,2026-08-12 10:10:25,217826,
4064,322642,Oliver Sonne,O. Sonne,22,SUB,,,,,,,,,2026-08-12 10:10:23,2026-08-12 10:10:25,262794,
4065,290413,Hjalmar Ekdal,H. Ekdal,18,CD,,,,,,,,,2026-08-12 10:10:23,2026-08-12 10:10:25,252316,72
4066,204082,Guglielmo Vicario,G. Vicario,1,G,,,,,,,,367,2026-08-12 10:10:23,2026-08-12 10:10:23,240091,82
4067,96970,Cristian Romero,C. Romero,17,CD,,,,,,,,367,2026-08-12 10:10:23,2026-08-12 10:10:23,232488,82
4068,296512,Micky van de Ven,M. van de Ven,37,CD-L,,,,,,,,367,2026-08-12 10:10:23,2026-08-12 10:10:23,264453,
4069,250543,Kevin Danso,K. Danso,4,CD-R,,,,,,,,367,2026-08-12 10:10:23,2026-08-12 10:10:23,237985,79
4070,232810,Yves Bissouma,Y. Bissouma,8,CM-L,,,,,,,,367,2026-08-12 10:10:23,2026-08-12 10:10:23,236480,
4071,266696,Conor Gallagher,C. Gallagher,22,CM-R,,,,,,,,1068,2026-08-12 10:10:23,2026-08-12 10:10:23,238216,81
4072,267711,Djed Spence,D. Spence,24,LM,,,,,,,,367,2026-08-12 10:10:23,2026-08-12 10:10:23,243702,78
4073,268533,Pedro Porro,P. Porro,23,RM,,,,,,,,367,2026-08-12 10:10:23,2026-08-12 10:10:23,243576,82
4074,194115,Dominic Solanke,D. Solanke,19,F,,,,,,,,367,2026-08-12 10:10:23,2026-08-12 10:10:23,225539,80
4075,332962,Xavi Simons,X. Simons,7,CF-L,,,,,,,,367,2026-08-12 10:10:23,2026-08-12 10:10:23,245367,84
4076,345687,Wilson Odobert,W. Odobert,28,CF-R,,,,,,,,367,2026-08-12 10:10:23,2026-08-12 10:10:23,270579,
4077,324393,Antonín Kinsky,A. Kinsky,31,SUB,,,,,,,,367,2026-08-12 10:10:23,2026-08-12 10:10:23,73580,
4078,403835,Jun'Ai Byfield,J. Byfield,67,SUB,,,,,,,,,2026-08-12 10:10:23,2026-08-12 10:10:23,,
4079,325042,Mathys Tel,M. Tel,11,SUB,,,,,,,,367,2026-08-12 10:10:23,2026-08-12 10:10:23,268421,
4080,395939,Luca Williams-Barnett,L. Williams-Barnett,68,SUB,,,,,,,,,2026-08-12 10:10:23,2026-08-12 10:10:23,264736,
4081,310216,Radu Dragusin,R. Dragusin,3,SUB,,,,,,,,367,2026-08-12 10:10:23,2026-08-12 10:10:23,260105,
4082,290076,Destiny Udogie,D. Udogie,13,SUB,,,,,,,,367,2026-08-12 10:10:23,2026-08-12 10:10:23,259583,80
4083,252971,Randal Kolo Muani,R. Kolo Muani,39,SUB,,,,,,,,367,2026-08-12 10:10:23,2026-08-12 10:10:23,237679,81
4084,328050,Archie Gray,A. Gray,14,SUB,,,,,,,,367,2026-08-12 10:10:23,2026-08-12 10:10:23,270208,
4085,306012,Dane Scarlett,D. Scarlett,44,SUB,,,,,,,,367,2026-08-12 10:10:23,2026-08-12 10:10:23,261025,
4086,240055,Michele Di Gregorio,M. Di Gregorio,16,G,,,,,,,,111,2026-08-12 10:10:24,2026-08-12 10:10:24,235840,81
4087,243787,Lloyd Kelly,L. Kelly,6,CD-L,,,,,,,,111,2026-08-12 10:10:24,2026-08-12 10:10:24,231512,74
4088,258307,Bremer,Bremer,3,CD-R,,,,,,,,111,2026-08-12 10:10:24,2026-08-12 10:10:24,239580,
4089,308029,Andrea Cambiaso,A. Cambiaso,27,LB,,,,,,,,111,2026-08-12 10:10:24,2026-08-12 10:10:24,258966,79
4090,290129,Pierre Kalulu,P. Kalulu,15,RB,,,,,,,,111,2026-08-12 10:10:24,2026-08-12 10:10:24,255654,80
4091,256715,Weston McKennie,W. McKennie,22,AM,,,,,,,,111,2026-08-12 10:10:24,2026-08-12 10:10:24,238744,78
4092,283139,Khéphren Thuram,K. Thuram,19,LM,,,,,,,,111,2026-08-12 10:10:24,2026-08-12 10:10:24,247246,81
4093,217538,Manuel Locatelli,M. Locatelli,5,RM,,,,,,,,111,2026-08-12 10:10:24,2026-08-12 10:10:24,222077,84
4094,273499,Jonathan David,J. David,30,F,,,,,,,,111,2026-08-12 10:10:24,2026-08-12 10:10:24,243630,82
4095,366509,Kenan Yildiz,K. Yildiz,10,AM-L,,,,,,,,,2026-08-12 10:10:24,2026-08-12 10:10:24,,
4096,312659,Francisco Conceição,F. Conceição,7,AM-R,,,,,,,,111,2026-08-12 10:10:24,2026-08-12 10:10:24,261050,
4097,258968,Teun Koopmeiners,T. Koopmeiners,8,SUB,,,,,,,,111,2026-08-12 10:10:24,2026-08-12 10:10:24,240679,81
4098,146683,Mattia Perin,M. Perin,1,SUB,,,,,,,,111,2026-08-12 10:10:24,2026-08-12 10:10:24,198009,78
4099,323975,Fabio Miretti,F. Miretti,21,SUB,,,,,,,,111,2026-08-12 10:10:24,2026-08-12 10:10:24,268802,74
4100,24412,Juan Cabal,J. Cabal,32,SUB,,,,,,,,111,2026-08-12 10:10:24,2026-08-12 10:10:24,251870,74
4101,260300,Edon Zhegrova,E. Zhegrova,11,SUB,,,,,,,,111,2026-08-12 10:10:24,2026-08-12 10:10:24,239763,79
4102,344917,Vasilije Adzic,V. Adzic,17,SUB,,,,,,,,111,2026-08-12 10:10:24,2026-08-12 10:10:24,75085,
4103,276265,Loïs Openda,L. Openda,20,SUB,,,,,,,,111,2026-08-12 10:10:24,2026-08-12 10:10:24,243580,83
4104,361455,Pedro Felipe,Pedro Felipe,44,SUB,,,,,,,,,2026-08-12 10:10:24,2026-08-12 10:10:24,264290,
4105,355999,Jonas Rouhi,J. Rouhi,40,SUB,,,,,,,,111,2026-08-12 10:10:24,2026-08-12 10:10:24,74329,66
4107,174496,Filip Kostic,F. Kostic,18,SUB,,,,,,,,111,2026-08-12 10:10:24,2026-08-12 10:10:24,208574,
4108,121036,Carlo Pinsoglio,C. Pinsoglio,23,SUB,,,,,,,,111,2026-08-12 10:10:24,2026-08-12 10:10:24,189342,69
4117,377563,Francesco Camarda,F. Camarda,22,F,,,,,,,,,2026-08-12 10:10:24,2026-08-12 10:10:24,279202,
4122,374812,Olaf Gorter,O. Gorter,28,SUB,,,,,,,,,2026-08-12 10:10:24,2026-08-12 10:10:24,,
4126,388877,Owen Kouassi,O. Kouassi,21,SUB,,,,,,,,,2026-08-12 10:10:24,2026-08-12 10:10:24,74502,
4133,291609,Bart Verbruggen,B. Verbruggen,1,G,,,,,,,,372,2026-08-12 10:10:25,2026-08-12 10:10:25,258498,78
4134,147106,Lewis Dunk,L. Dunk,5,CD-L,,,,,,,,372,2026-08-12 10:10:25,2026-08-12 10:10:25,199915,77
4135,282583,Jan Paul van Hecke,J. van Hecke,6,CD-R,,,,,,,,372,2026-08-12 10:10:25,2026-08-12 10:10:25,258908,80
4136,238318,Ferdi Kadioglu,F. Kadioglu,24,LB,,,,,,,,,2026-08-12 10:10:25,2026-08-12 10:10:25,,
4137,170597,Joël Veltman,J. Veltman,34,RB,,,,,,,,372,2026-08-12 10:10:25,2026-08-12 10:10:25,208004,78
4138,278061,Georginio Rutter,G. Rutter,10,AM,,,,,,,,372,2026-08-12 10:10:25,2026-08-12 10:10:25,245637,77
4139,192278,Diego Gómez,D. Gómez,25,LM,,,,,,,,,2026-08-12 10:10:25,2026-08-12 10:10:25,267860,73
4140,304242,Yasin Ayari,Y. Ayari,26,RM,,,,,,,,372,2026-08-12 10:10:25,2026-08-12 10:10:25,257400,75
4141,387655,Charalambos Kostoulas,C. Kostoulas,19,F,,,,,,,,372,2026-08-12 10:10:25,2026-08-12 10:10:25,73885,
4142,274278,Kaoru Mitoma,K. Mitoma,22,AM-L,,,,,,,,372,2026-08-12 10:10:25,2026-08-12 10:10:25,255565,82
4144,115271,Danny Welbeck,D. Welbeck,18,SUB,,,,,,,,372,2026-08-12 10:10:25,2026-08-12 10:10:25,186146,78
4145,332549,Diego Coppola,D. Coppola,42,SUB,,,,,,,,372,2026-08-12 10:10:25,2026-08-12 10:10:25,269181,74
4146,26843,James Milner,J. Milner,20,SUB,,,,,,,,372,2026-08-12 10:10:25,2026-08-12 10:10:25,138412,73
4147,111114,Jason Steele,J. Steele,23,SUB,,,,,,,,372,2026-08-12 10:10:25,2026-08-12 10:10:25,188836,73
4148,403702,Tom Watson,T. Watson,14,SUB,,,,,,,,372,2026-08-12 10:10:25,2026-08-12 10:10:25,275246,68
4149,328011,Jack Hinshelwood,J. Hinshelwood,13,SUB,,,,,,,,372,2026-08-12 10:10:25,2026-08-12 10:10:25,277283,75
4150,132659,Pascal Gross,P. Gross,30,SUB,,,,,,,,,2026-08-12 10:10:25,2026-08-12 10:10:25,,
4151,216017,Olivier Boscagli,O. Boscagli,21,SUB,,,,,,,,372,2026-08-12 10:10:25,2026-08-12 10:10:25,225863,79
4152,301327,Maxim De Cuyper,M. De Cuyper,29,SUB,,,,,,,,372,2026-08-12 10:10:25,2026-08-12 10:10:25,251479,80
4166,411241,George Brierley,G. Brierley,41,SUB,,,,,,,,,2026-08-12 10:10:25,2026-08-12 10:10:25,,
4167,299600,Enock Agyei,E. Agyei,48,SUB,,,,,,,,,2026-08-12 10:10:25,2026-08-12 10:10:25,273927,
4170,333619,Jaydon Banel,J. Banel,34,SUB,,,,,,,,,2026-08-12 10:10:25,2026-08-12 10:10:25,272983,
4172,409739,Oliver Pimlott,O. Pimlott,54,SUB,,,,,,,,,2026-08-12 10:10:25,2026-08-12 10:10:25,,
4174,290398,Eric Martel,E. Martel,6,CD,,,,,,,,,2026-08-12 10:10:26,2026-08-12 10:10:26,256942,
4184,306161,Rav van den Berg,R. van den Berg,33,SUB,,,,,,,,,2026-08-12 10:10:26,2026-08-12 10:10:26,259442,
4188,306378,Joel Schmied,J. Schmied,2,SUB,,,,,,,,,2026-08-12 10:10:26,2026-08-12 10:10:26,258412,
4193,119620,Péter Gulácsi,P. Gulácsi,1,G,,,,,,,,9827,2026-08-12 10:10:26,2026-08-12 10:10:26,185122,85
4206,201803,Lukas Klostermann,L. Klostermann,16,SUB,,,,,,,,9827,2026-08-12 10:10:26,2026-08-12 10:10:26,222331,
4216,284835,Nicolás Capaldo,N. Capaldo,24,CD-R,,,,,,,,,2026-08-12 10:10:27,2026-08-12 10:10:27,246885,73
4224,206999,Jean-Luc Dompé,J. Dompé,7,SUB,,,,,,,,,2026-08-12 10:10:27,2026-08-12 10:10:27,224970,75
4229,182245,Yussuf Poulsen,Y. Poulsen,15,SUB,,,,,,,,,2026-08-12 10:10:27,2026-08-12 10:10:27,207791,74
4252,406371,Andrik Markgraf,A. Markgraf,3,SUB,,,,,,,,,2026-08-12 10:10:27,2026-08-12 10:10:27,80165,63
4253,176948,Ederson,Ederson,31,G,,,,,,,,,2026-08-12 10:10:28,2026-08-12 10:10:28,210257,
4254,304866,Jayden Oosterwolde,J. Oosterwolde,24,CD-L,,,,,,,,,2026-08-12 10:10:28,2026-08-12 10:10:28,258168,76
4255,175195,Milan Skriniar,M. Skriniar,37,CD-R,,,,,,,,,2026-08-12 10:10:28,2026-08-12 10:10:28,232363,
4256,222670,Nélson Semedo,N. Semedo,27,LB,,,,,,,,,2026-08-12 10:10:28,2026-08-12 10:10:28,227928,
4257,266002,Mert Müldür,M. Müldür,18,RB,,,,,,,,,2026-08-12 10:10:28,2026-08-12 10:10:28,243526,74
4258,195821,Marco Asensio,M. Asensio,21,AM,,,,,,,,,2026-08-12 10:10:28,2026-08-12 10:10:28,220834,80
4259,161559,Fred,Fred,7,LM,,,,,,,,,2026-08-12 10:10:28,2026-08-12 10:10:28,209297,
4260,305629,Ismail Yüksek,I. Yüksek,5,RM,,,,,,,,,2026-08-12 10:10:28,2026-08-12 10:10:28,260466,
4261,285629,Jhon Durán,J. Durán,10,F,,,,,,,,,2026-08-12 10:10:28,2026-08-12 10:10:28,247172,79
4262,306789,Kerem Aktürkoglu,K. Aktürkoglu,9,AM-L,,,,,,,,,2026-08-12 10:10:28,2026-08-12 10:10:28,258580,
4263,329486,Nene Dorgeles,N. Dorgeles,45,AM-R,,,,,,,,,2026-08-12 10:10:28,2026-08-12 10:10:28,260236,71
4264,275128,Tarik Cetin,T. Cetin,13,SUB,,,,,,,,,2026-08-12 10:10:28,2026-08-12 10:10:28,252799,
4265,241627,Edson Álvarez,E. Álvarez,11,SUB,,,,,,,,,2026-08-12 10:10:28,2026-08-12 10:10:28,235844,78
4266,415162,Haydar Karatas,H. Karatas,96,SUB,,,,,,,,,2026-08-12 10:10:28,2026-08-12 10:10:28,,
4267,201625,Talisca,Talisca,94,SUB,,,,,,,,,2026-08-12 10:10:28,2026-08-12 10:10:28,78981,
4268,396411,Engin Biterge,E. Biterge,39,SUB,,,,,,,,,2026-08-12 10:10:28,2026-08-12 10:10:28,,
4269,322813,Oguz Aydin,O. Aydin,70,SUB,,,,,,,,,2026-08-12 10:10:28,2026-08-12 10:10:28,,
4270,230757,Çaglar Söyüncü,Ç. Söyüncü,4,SUB,,,,,,,,,2026-08-12 10:10:28,2026-08-12 10:10:28,232119,
4271,340186,Yigit Demir,Y. Demir,14,SUB,,,,,,,,,2026-08-12 10:10:28,2026-08-12 10:10:28,80731,
4288,368316,Sam Proctor,S. Proctor,52,SUB,,,,,,,,,2026-08-12 10:10:28,2026-08-12 10:10:28,,
4299,323118,Giovanni Fabbian,G. Fabbian,80,AM,,,,,,,,,2026-08-12 10:10:29,2026-08-12 10:10:29,271019,
4302,266280,Thijs Dallinga,T. Dallinga,24,F,,,,,,,,,2026-08-12 10:10:29,2026-08-12 10:10:29,252021,76
4306,130123,Ciro Immobile,C. Immobile,17,SUB,,,,,,,,,2026-08-12 10:10:29,2026-08-12 10:10:29,192387,78
4310,68070,Lorenzo De Silvestri,L. De Silvestri,29,SUB,,,,,,,,,2026-08-12 10:10:29,2026-08-12 10:10:29,170320,
4311,331231,Benjamín Domínguez,B. Domínguez,30,SUB,,,,,,,,,2026-08-12 10:10:29,2026-08-12 10:10:29,269558,
4316,286814,Emil Holm,E. Holm,2,SUB,,,,,,,,,2026-08-12 10:10:29,2026-08-12 10:10:29,246656,74
4319,347018,Sulemana,Sulemana,77,SUB,,,,,,,,,2026-08-12 10:10:29,2026-08-12 10:10:29,,
4331,276237,Marco Brescianini,M. Brescianini,44,SUB,,,,,,,,102,2026-08-12 10:10:29,2026-08-12 10:10:29,257785,
4346,337306,Farès Chaïbi,F. Chaïbi,8,LM,,,,,,,,9804,2026-08-12 10:10:30,2026-08-12 10:10:30,270670,74
4353,274887,Jonathan Burkardt,J. Burkardt,9,SUB,,,,,,,,9804,2026-08-12 10:10:30,2026-08-12 10:10:30,244257,82
4373,407288,Adam Kölle,A. Kölle,28,SUB,,,,,,,,,2026-08-12 10:10:30,2026-08-12 10:10:30,79762,
4747,,Kylian Mbappé,Mbappé,,Forward,Forward,1998-01-01,26,,,France,,86,2026-08-12T20:32:32.308175,2026-08-12T20:32:32.308175,231747,
5725,,Jude Bellingham,Bellingham,,Midfielder,Midfielder,2003-01-01,22,,,England,,86,2026-08-12T20:32:32.308175,2026-08-12T20:32:32.308175,252371,
6503,,Vinícius Júnior,Júnior,,Forward,Forward,2000-01-01,25,,,Brazil,,86,2026-08-12T20:32:32.308175,2026-08-12T20:32:32.308175,238794,
7282,,Florian Wirtz,Wirtz,,Midfielder,Midfielder,2003-01-01,22,,,Germany,,364,2026-08-12T20:34:47.890611,2026-08-12T20:34:47.890611,256630,
7857,,Thibaut Courtois,Courtois,,Goalkeeper,Goalkeeper,1992-01-01,33,,,Belgium,,86,2026-08-12T20:34:47.890611,2026-08-12T20:34:47.890611,192119,
8335,,Federico Valverde,Valverde,,Midfielder,Midfielder,1998-01-01,27,,,Uruguay,,86,2026-08-12T20:34:47.890611,2026-08-12T20:34:47.890611,239053,
8898,,Jan Oblak,Oblak,,Goalkeeper,Goalkeeper,1993-01-01,32,,,Slovenia,,1068,2026-08-12T20:34:47.890611,2026-08-12T20:34:47.890611,200389,
9533,,Alexander Isak,Isak,,Forward,Forward,2000-01-01,25,,,Sweden,,364,2026-08-12T20:34:47.890611,2026-08-12T20:34:47.890611,233731,
10127,,Cristiano Ronaldo,C. Ronaldo,,Forward,Forward,1985-02-05,40,,,Portugal,,,2026-08-13T00:48:03.227546,2026-08-13T00:48:03.227546,20801,
10516,,Raúl Asencio,Asencio,,Defender,Defender,2003-02-18,22,,,Spain,,86,2026-08-13T00:55:16.786775,2026-08-13T00:55:16.786775,279045,
