review_id,fixture_id,prediction_id,review_hash,reviewed_at,brier_score,matched_patterns_json,review_json
1,7,7,1b08dc4c4abd86fbf5c1e92846461be65c86440e9008acc84e89d8578cec0004,2026-07-18T22:19:51.594360,0.07978199999999998,[],"{""timestamp"":""2026-07-18T22:19:51.594360"",""match"":""墨西哥 vs 南非"",""stage"":""group"",""predicted"":{""home_win_prob"":79.5,""draw_prob"":19.4,""away_win_prob"":1.1},""actual"":{""score"":""2-0"",""outcome"":""home""},""probability_error"":{""predicted_outcome"":""home"",""actual_outcome"":""home"",""predicted_prob"":0.795,""actual_prob"":1.0,""brier_score"":0.0798,""upset"":false,""error_magnitude"":0.295,""score"":""2-0""},""matched_patterns"":[],""dual_column_review"":[{""column_1_what_went_wrong"":""预测 home 胜 (80%), 实际 home (2-0) - 方向正确"",""column_2_pattern"":""NONE (预测正确)"",""column_3_skill_update"":""Brier Score 0.080, 校准良好""}],""skill_updates_suggested"":[],""rule_9_compliance"":true}"
2,9,9,8a50923af9a610d8bc8656713e1436df66c40ce1ef3c6aababa350f5caf2a761,2026-07-18T22:19:53.291932,0.452454,"[""M6_passive_degradation""]","{""timestamp"":""2026-07-18T22:19:53.291932"",""match"":""韩国 vs 捷克"",""stage"":""group"",""predicted"":{""home_win_prob"":48.3,""draw_prob"":41.9,""away_win_prob"":9.8},""actual"":{""score"":""2-1"",""outcome"":""home""},""probability_error"":{""predicted_outcome"":""home"",""actual_outcome"":""home"",""predicted_prob"":0.483,""actual_prob"":1.0,""brier_score"":0.4525,""upset"":false,""error_magnitude"":0.017,""score"":""2-1""},""matched_patterns"":[""M6_passive_degradation""],""dual_column_review"":[{""column_1_what_went_wrong"":""预测 home 胜 (48%), 实际 home (2-1) - 方向正确"",""column_2_pattern"":""NONE (预测正确)"",""column_3_skill_update"":""Brier Score 0.453, 需要更多数据""}],""skill_updates_suggested"":[{""pattern_id"":""M6_passive_degradation"",""pattern_name"":""被动降级陷阱"",""description"":""数据缺失时静默跳过, 不主动获取"",""suggested_fix"":""强制主动获取实时数据 (Rule 10)"",""priority"":""medium""}],""rule_9_compliance"":true}"
3,11,11,1f5db55c9cf2a02cdfdfcce2fcfeaca5a3e9b8f54b3a94b73f163033b3f54d13,2026-07-18T22:19:58.436783,1.116158,[],"{""timestamp"":""2026-07-18T22:19:58.436783"",""match"":""加拿大 vs 波黑"",""stage"":""group"",""predicted"":{""home_win_prob"":73.0,""draw_prob"":23.7,""away_win_prob"":3.3},""actual"":{""score"":""1-1"",""outcome"":""draw""},""probability_error"":{""predicted_outcome"":""home"",""actual_outcome"":""draw"",""predicted_prob"":0.73,""actual_prob"":1.0,""brier_score"":1.1162,""upset"":true,""error_magnitude"":0.73,""score"":""1-1""},""matched_patterns"":[],""dual_column_review"":[{""column_1_what_went_wrong"":""预测 home 胜 (73%), 实际 draw (1-1)"",""column_2_pattern"":""M_UNKNOWN"",""column_3_skill_update"":""N/A""}],""skill_updates_suggested"":[],""rule_9_compliance"":true}"
4,13,13,93fab0f150be3bad9aecacc7edfa8ed1aa2e58460abfa9cc308a55d87447431e,2026-07-18T22:20:00.014889,0.17858400000000005,"[""M6_passive_degradation""]","{""timestamp"":""2026-07-18T22:20:00.014889"",""match"":""美国 vs 巴拉圭"",""stage"":""group"",""predicted"":{""home_win_prob"":66.6,""draw_prob"":24.2,""away_win_prob"":9.2},""actual"":{""score"":""4-1"",""outcome"":""home""},""probability_error"":{""predicted_outcome"":""home"",""actual_outcome"":""home"",""predicted_prob"":0.666,""actual_prob"":1.0,""brier_score"":0.1786,""upset"":false,""error_magnitude"":0.166,""score"":""4-1""},""matched_patterns"":[""M6_passive_degradation""],""dual_column_review"":[{""column_1_what_went_wrong"":""预测 home 胜 (67%), 实际 home (4-1) - 方向正确"",""column_2_pattern"":""NONE (预测正确)"",""column_3_skill_update"":""Brier Score 0.179, 校准良好""}],""skill_updates_suggested"":[{""pattern_id"":""M6_passive_degradation"",""pattern_name"":""被动降级陷阱"",""description"":""数据缺失时静默跳过, 不主动获取"",""suggested_fix"":""强制主动获取实时数据 (Rule 10)"",""priority"":""medium""}],""rule_9_compliance"":true}"
5,15,15,8e7c074e3908d303194907227b8008ff7fd6b7718b590d63bfad553369eeb936,2026-07-18T22:20:01.844363,1.1714960000000003,[],"{""timestamp"":""2026-07-18T22:20:01.844363"",""match"":""卡塔尔 vs 瑞士"",""stage"":""group"",""predicted"":{""home_win_prob"":9.4,""draw_prob"":19.2,""away_win_prob"":71.4},""actual"":{""score"":""1-1"",""outcome"":""draw""},""probability_error"":{""predicted_outcome"":""away"",""actual_outcome"":""draw"",""predicted_prob"":0.714,""actual_prob"":1.0,""brier_score"":1.1715,""upset"":true,""error_magnitude"":0.714,""score"":""1-1""},""matched_patterns"":[],""dual_column_review"":[{""column_1_what_went_wrong"":""预测 away 胜 (71%), 实际 draw (1-1)"",""column_2_pattern"":""M_UNKNOWN"",""column_3_skill_update"":""N/A""}],""skill_updates_suggested"":[],""rule_9_compliance"":true}"
6,17,17,e61ed07347b16cd8f4a650b7a869ad10352ab322fea143a8122382fb872715eb,2026-07-18T22:20:03.392338,1.141742,[],"{""timestamp"":""2026-07-18T22:20:03.392338"",""match"":""巴西 vs 摩洛哥"",""stage"":""group"",""predicted"":{""home_win_prob"":75.0,""draw_prob"":23.9,""away_win_prob"":1.1},""actual"":{""score"":""1-1"",""outcome"":""draw""},""probability_error"":{""predicted_outcome"":""home"",""actual_outcome"":""draw"",""predicted_prob"":0.75,""actual_prob"":1.0,""brier_score"":1.1417,""upset"":true,""error_magnitude"":0.75,""score"":""1-1""},""matched_patterns"":[],""dual_column_review"":[{""column_1_what_went_wrong"":""预测 home 胜 (75%), 实际 draw (1-1)"",""column_2_pattern"":""M_UNKNOWN"",""column_3_skill_update"":""N/A""}],""skill_updates_suggested"":[],""rule_9_compliance"":true}"
7,19,19,be65ae700f848c64b17217f8055a7eb6c0a2bb3ad423685f035c3298c57d5861,2026-07-18T22:20:14.136900,0.195566,"[""M6_passive_degradation""]","{""timestamp"":""2026-07-18T22:20:14.136900"",""match"":""海地 vs 苏格兰"",""stage"":""group"",""predicted"":{""home_win_prob"":17.4,""draw_prob"":18.7,""away_win_prob"":63.9},""actual"":{""score"":""0-1"",""outcome"":""away""},""probability_error"":{""predicted_outcome"":""away"",""actual_outcome"":""away"",""predicted_prob"":0.639,""actual_prob"":1.0,""brier_score"":0.1956,""upset"":false,""error_magnitude"":0.139,""score"":""0-1""},""matched_patterns"":[""M6_passive_degradation""],""dual_column_review"":[{""column_1_what_went_wrong"":""预测 away 胜 (64%), 实际 away (0-1) - 方向正确"",""column_2_pattern"":""NONE (预测正确)"",""column_3_skill_update"":""Brier Score 0.196, 校准良好""}],""skill_updates_suggested"":[{""pattern_id"":""M6_passive_degradation"",""pattern_name"":""被动降级陷阱"",""description"":""数据缺失时静默跳过, 不主动获取"",""suggested_fix"":""强制主动获取实时数据 (Rule 10)"",""priority"":""medium""}],""rule_9_compliance"":true}"
8,21,21,d50b9a4fdeb4fb4a89c9df5260899a494fc99784f595c54c63910f68c77ee629,2026-07-18T22:20:16.385828,0.39456800000000003,[],"{""timestamp"":""2026-07-18T22:20:16.385828"",""match"":""澳大利亚 vs 土耳其"",""stage"":""group"",""predicted"":{""home_win_prob"":49.8,""draw_prob"":34.2,""away_win_prob"":16.0},""actual"":{""score"":""2-0"",""outcome"":""home""},""probability_error"":{""predicted_outcome"":""home"",""actual_outcome"":""home"",""predicted_prob"":0.498,""actual_prob"":1.0,""brier_score"":0.3946,""upset"":false,""error_magnitude"":0.002,""score"":""2-0""},""matched_patterns"":[],""dual_column_review"":[{""column_1_what_went_wrong"":""预测 home 胜 (50%), 实际 home (2-0) - 方向正确"",""column_2_pattern"":""NONE (预测正确)"",""column_3_skill_update"":""Brier Score 0.395, 需要更多数据""}],""skill_updates_suggested"":[],""rule_9_compliance"":true}"
9,23,23,39f41706f1000f333ec12636c63c0fc0ba24b8d14e1f361037fd4146997986b7,2026-07-18T22:20:22.864762,0.05931800000000001,"[""M6_passive_degradation""]","{""timestamp"":""2026-07-18T22:20:22.864762"",""match"":""德国 vs 库拉索"",""stage"":""group"",""predicted"":{""home_win_prob"":82.3,""draw_prob"":16.7,""away_win_prob"":1.0},""actual"":{""score"":""7-1"",""outcome"":""home""},""probability_error"":{""predicted_outcome"":""home"",""actual_outcome"":""home"",""predicted_prob"":0.823,""actual_prob"":1.0,""brier_score"":0.0593,""upset"":false,""error_magnitude"":0.323,""score"":""7-1""},""matched_patterns"":[""M6_passive_degradation""],""dual_column_review"":[{""column_1_what_went_wrong"":""预测 home 胜 (82%), 实际 home (7-1) - 方向正确"",""column_2_pattern"":""NONE (预测正确)"",""column_3_skill_update"":""Brier Score 0.059, 校准良好""}],""skill_updates_suggested"":[{""pattern_id"":""M6_passive_degradation"",""pattern_name"":""被动降级陷阱"",""description"":""数据缺失时静默跳过, 不主动获取"",""suggested_fix"":""强制主动获取实时数据 (Rule 10)"",""priority"":""high""}],""rule_9_compliance"":true}"
10,25,25,284ef1631cce6f28a0d33f60b897e7af42efd062f35c70730567e452ceeaa05a,2026-07-18T22:20:31.601700,1.044782,"[""M6_passive_degradation""]","{""timestamp"":""2026-07-18T22:20:31.601700"",""match"":""荷兰 vs 日本"",""stage"":""group"",""predicted"":{""home_win_prob"":62.6,""draw_prob"":20.9,""away_win_prob"":16.5},""actual"":{""score"":""2-2"",""outcome"":""draw""},""probability_error"":{""predicted_outcome"":""home"",""actual_outcome"":""draw"",""predicted_prob"":0.626,""actual_prob"":1.0,""brier_score"":1.0448,""upset"":true,""error_magnitude"":0.626,""score"":""2-2""},""matched_patterns"":[""M6_passive_degradation""],""dual_column_review"":[{""column_1_what_went_wrong"":""预测 home 胜 (63%), 实际 draw (2-2)"",""column_2_pattern"":""M6_passive_degradation"",""column_3_skill_update"":""强制主动获取实时数据 (Rule 10)""}],""skill_updates_suggested"":[{""pattern_id"":""M6_passive_degradation"",""pattern_name"":""被动降级陷阱"",""description"":""数据缺失时静默跳过, 不主动获取"",""suggested_fix"":""强制主动获取实时数据 (Rule 10)"",""priority"":""high""}],""rule_9_compliance"":true}"
11,27,27,d3c662c30900ba5e97b643d6fd35e4a64be6f8d6c957f407a3ab6cce6c1367d1,2026-07-18T22:20:40.405677,0.9486780000000001,"[""M6_passive_degradation""]","{""timestamp"":""2026-07-18T22:20:40.405677"",""match"":""科特迪瓦 vs 厄瓜多尔"",""stage"":""group"",""predicted"":{""home_win_prob"":22.5,""draw_prob"":23.3,""away_win_prob"":54.2},""actual"":{""score"":""1-0"",""outcome"":""home""},""probability_error"":{""predicted_outcome"":""away"",""actual_outcome"":""home"",""predicted_prob"":0.542,""actual_prob"":1.0,""brier_score"":0.9487,""upset"":true,""error_magnitude"":0.542,""score"":""1-0""},""matched_patterns"":[""M6_passive_degradation""],""dual_column_review"":[{""column_1_what_went_wrong"":""预测 away 胜 (54%), 实际 home (1-0)"",""column_2_pattern"":""M6_passive_degradation"",""column_3_skill_update"":""强制主动获取实时数据 (Rule 10)""}],""skill_updates_suggested"":[{""pattern_id"":""M6_passive_degradation"",""pattern_name"":""被动降级陷阱"",""description"":""数据缺失时静默跳过, 不主动获取"",""suggested_fix"":""强制主动获取实时数据 (Rule 10)"",""priority"":""high""}],""rule_9_compliance"":true}"
12,29,29,8582e93313e2735e86d279e09c34f45d6766557eac5b73b1ccf8bb1f22325a97,2026-07-18T22:20:48.909686,0.28136599999999995,"[""M6_passive_degradation""]","{""timestamp"":""2026-07-18T22:20:48.909686"",""match"":""瑞典 vs 突尼斯"",""stage"":""group"",""predicted"":{""home_win_prob"":57.1,""draw_prob"":26.6,""away_win_prob"":16.3},""actual"":{""score"":""5-1"",""outcome"":""home""},""probability_error"":{""predicted_outcome"":""home"",""actual_outcome"":""home"",""predicted_prob"":0.571,""actual_prob"":1.0,""brier_score"":0.2814,""upset"":false,""error_magnitude"":0.071,""score"":""5-1""},""matched_patterns"":[""M6_passive_degradation""],""dual_column_review"":[{""column_1_what_went_wrong"":""预测 home 胜 (57%), 实际 home (5-1) - 方向正确"",""column_2_pattern"":""NONE (预测正确)"",""column_3_skill_update"":""Brier Score 0.281, 校准良好""}],""skill_updates_suggested"":[{""pattern_id"":""M6_passive_degradation"",""pattern_name"":""被动降级陷阱"",""description"":""数据缺失时静默跳过, 不主动获取"",""suggested_fix"":""强制主动获取实时数据 (Rule 10)"",""priority"":""medium""}],""rule_9_compliance"":true}"
13,31,31,c1f54f9b444213c3c253257afd84b3f2a26c9a7402b59b73a27fab9754daeb4e,2026-07-18T22:20:53.963557,1.284738,[],"{""timestamp"":""2026-07-18T22:20:53.963557"",""match"":""西班牙 vs 佛得角"",""stage"":""group"",""predicted"":{""home_win_prob"":78.5,""draw_prob"":18.3,""away_win_prob"":3.2},""actual"":{""score"":""0-0"",""outcome"":""draw""},""probability_error"":{""predicted_outcome"":""home"",""actual_outcome"":""draw"",""predicted_prob"":0.785,""actual_prob"":1.0,""brier_score"":1.2847,""upset"":true,""error_magnitude"":0.785,""score"":""0-0""},""matched_patterns"":[],""dual_column_review"":[{""column_1_what_went_wrong"":""预测 home 胜 (78%), 实际 draw (0-0)"",""column_2_pattern"":""M_UNKNOWN"",""column_3_skill_update"":""N/A""}],""skill_updates_suggested"":[],""rule_9_compliance"":true}"
14,33,33,8ccbcfe0219f65174c0139c7aecd31d1786b9d4ab03fafe0e7378ffe33f900cc,2026-07-18T22:20:55.518115,1.030574,[],"{""timestamp"":""2026-07-18T22:20:55.518115"",""match"":""比利时 vs 埃及"",""stage"":""group"",""predicted"":{""home_win_prob"":62.9,""draw_prob"":21.8,""away_win_prob"":15.3},""actual"":{""score"":""1-1"",""outcome"":""draw""},""probability_error"":{""predicted_outcome"":""home"",""actual_outcome"":""draw"",""predicted_prob"":0.629,""actual_prob"":1.0,""brier_score"":1.0306,""upset"":true,""error_magnitude"":0.629,""score"":""1-1""},""matched_patterns"":[],""dual_column_review"":[{""column_1_what_went_wrong"":""预测 home 胜 (63%), 实际 draw (1-1)"",""column_2_pattern"":""M_UNKNOWN"",""column_3_skill_update"":""N/A""}],""skill_updates_suggested"":[],""rule_9_compliance"":true}"
15,35,35,99ea5e39545a4af5bd2e3ccf8d6aaaa41b3a7ec6d38f0176aed672a0bb16f60f,2026-07-18T22:20:57.783736,0.953438,[],"{""timestamp"":""2026-07-18T22:20:57.783736"",""match"":""沙特 vs 乌拉圭"",""stage"":""group"",""predicted"":{""home_win_prob"":16.5,""draw_prob"":24.2,""away_win_prob"":59.3},""actual"":{""score"":""1-1"",""outcome"":""draw""},""probability_error"":{""predicted_outcome"":""away"",""actual_outcome"":""draw"",""predicted_prob"":0.593,""actual_prob"":1.0,""brier_score"":0.9534,""upset"":true,""error_magnitude"":0.593,""score"":""1-1""},""matched_patterns"":[],""dual_column_review"":[{""column_1_what_went_wrong"":""预测 away 胜 (59%), 实际 draw (1-1)"",""column_2_pattern"":""M_UNKNOWN"",""column_3_skill_update"":""N/A""}],""skill_updates_suggested"":[],""rule_9_compliance"":true}"
16,37,37,de5cdfe57e432d855d407576f89e1cf393d31c9f062be5f6aa4e763842349b5e,2026-07-18T22:21:06.730052,1.212504,"[""M6_passive_degradation""]","{""timestamp"":""2026-07-18T22:21:06.730052"",""match"":""伊朗 vs 新西兰"",""stage"":""group"",""predicted"":{""home_win_prob"":74.8,""draw_prob"":19.4,""away_win_prob"":5.8},""actual"":{""score"":""2-2"",""outcome"":""draw""},""probability_error"":{""predicted_outcome"":""home"",""actual_outcome"":""draw"",""predicted_prob"":0.748,""actual_prob"":1.0,""brier_score"":1.2125,""upset"":true,""error_magnitude"":0.748,""score"":""2-2""},""matched_patterns"":[""M6_passive_degradation""],""dual_column_review"":[{""column_1_what_went_wrong"":""预测 home 胜 (75%), 实际 draw (2-2)"",""column_2_pattern"":""M6_passive_degradation"",""column_3_skill_update"":""强制主动获取实时数据 (Rule 10)""}],""skill_updates_suggested"":[{""pattern_id"":""M6_passive_degradation"",""pattern_name"":""被动降级陷阱"",""description"":""数据缺失时静默跳过, 不主动获取"",""suggested_fix"":""强制主动获取实时数据 (Rule 10)"",""priority"":""high""}],""rule_9_compliance"":true}"
17,39,39,689dee65c62c33e3ceceb29767bb8c46e9bcb0814e4427dbc4091e372a2623fd,2026-07-18T22:21:08.643217,0.09871799999999999,[],"{""timestamp"":""2026-07-18T22:21:08.643217"",""match"":""法国 vs 塞内加尔"",""stage"":""group"",""predicted"":{""home_win_prob"":77.3,""draw_prob"":21.7,""away_win_prob"":1.0},""actual"":{""score"":""3-1"",""outcome"":""home""},""probability_error"":{""predicted_outcome"":""home"",""actual_outcome"":""home"",""predicted_prob"":0.773,""actual_prob"":1.0,""brier_score"":0.0987,""upset"":false,""error_magnitude"":0.273,""score"":""3-1""},""matched_patterns"":[],""dual_column_review"":[{""column_1_what_went_wrong"":""预测 home 胜 (77%), 实际 home (3-1) - 方向正确"",""column_2_pattern"":""NONE (预测正确)"",""column_3_skill_update"":""Brier Score 0.099, 校准良好""}],""skill_updates_suggested"":[],""rule_9_compliance"":true}"
18,41,41,b3af29be39d02ab867694979772dd6146629bd06f48f7f4ab6e1dec32db7f69d,2026-07-18T22:21:13.693980,0.37357399999999996,[],"{""timestamp"":""2026-07-18T22:21:13.693980"",""match"":""Iraq vs 挪威"",""stage"":""group"",""predicted"":{""home_win_prob"":35.3,""draw_prob"":12.9,""away_win_prob"":51.8},""actual"":{""score"":""1-4"",""outcome"":""away""},""probability_error"":{""predicted_outcome"":""away"",""actual_outcome"":""away"",""predicted_prob"":0.518,""actual_prob"":1.0,""brier_score"":0.3736,""upset"":false,""error_magnitude"":0.018,""score"":""1-4""},""matched_patterns"":[],""dual_column_review"":[{""column_1_what_went_wrong"":""预测 away 胜 (52%), 实际 away (1-4) - 方向正确"",""column_2_pattern"":""NONE (预测正确)"",""column_3_skill_update"":""Brier Score 0.374, 需要更多数据""}],""skill_updates_suggested"":[],""rule_9_compliance"":true}"
19,43,43,27362c40ba8454a339547aee770e16f027713a758302771778caadabc1fb4470,2026-07-18T22:21:15.665195,0.065672,[],"{""timestamp"":""2026-07-18T22:21:15.665195"",""match"":""阿根廷 vs 阿尔及利亚"",""stage"":""group"",""predicted"":{""home_win_prob"":81.4,""draw_prob"":17.6,""away_win_prob"":1.0},""actual"":{""score"":""3-0"",""outcome"":""home""},""probability_error"":{""predicted_outcome"":""home"",""actual_outcome"":""home"",""predicted_prob"":0.814,""actual_prob"":1.0,""brier_score"":0.0657,""upset"":false,""error_magnitude"":0.314,""score"":""3-0""},""matched_patterns"":[],""dual_column_review"":[{""column_1_what_went_wrong"":""预测 home 胜 (81%), 实际 home (3-0) - 方向正确"",""column_2_pattern"":""NONE (预测正确)"",""column_3_skill_update"":""Brier Score 0.066, 校准良好""}],""skill_updates_suggested"":[],""rule_9_compliance"":true}"
20,45,45,2aa12c841eef24512a54499044d31098717672c7c43ae6aa3e26ea646dc506bf,2026-07-18T22:21:17.275588,0.19334600000000007,[],"{""timestamp"":""2026-07-18T22:21:17.275588"",""match"":""奥地利 vs Jordan"",""stage"":""group"",""predicted"":{""home_win_prob"":64.1,""draw_prob"":18.3,""away_win_prob"":17.6},""actual"":{""score"":""3-1"",""outcome"":""home""},""probability_error"":{""predicted_outcome"":""home"",""actual_outcome"":""home"",""predicted_prob"":0.641,""actual_prob"":1.0,""brier_score"":0.1933,""upset"":false,""error_magnitude"":0.141,""score"":""3-1""},""matched_patterns"":[],""dual_column_review"":[{""column_1_what_went_wrong"":""预测 home 胜 (64%), 实际 home (3-1) - 方向正确"",""column_2_pattern"":""NONE (预测正确)"",""column_3_skill_update"":""Brier Score 0.193, 校准良好""}],""skill_updates_suggested"":[],""rule_9_compliance"":true}"
21,47,47,bccdd378aa65b6c845efc14c053a120fee6295573199d7d8e55f1541f231e24c,2026-07-18T22:21:21.349188,1.304294,[],"{""timestamp"":""2026-07-18T22:21:21.349188"",""match"":""葡萄牙 vs Congo DR"",""stage"":""group"",""predicted"":{""home_win_prob"":80.2,""draw_prob"":18.7,""away_win_prob"":1.1},""actual"":{""score"":""1-1"",""outcome"":""draw""},""probability_error"":{""predicted_outcome"":""home"",""actual_outcome"":""draw"",""predicted_prob"":0.802,""actual_prob"":1.0,""brier_score"":1.3043,""upset"":true,""error_magnitude"":0.802,""score"":""1-1""},""matched_patterns"":[],""dual_column_review"":[{""column_1_what_went_wrong"":""预测 home 胜 (80%), 实际 draw (1-1)"",""column_2_pattern"":""M_UNKNOWN"",""column_3_skill_update"":""N/A""}],""skill_updates_suggested"":[],""rule_9_compliance"":true}"
22,49,49,2036eb45e9841ed9ddcea58d2b547c5b5edc0bee07090fedde1c9c7f5498f59d,2026-07-18T22:21:23.319399,0.134862,[],"{""timestamp"":""2026-07-18T22:21:23.319399"",""match"":""英格兰 vs 克罗地亚"",""stage"":""group"",""predicted"":{""home_win_prob"":73.5,""draw_prob"":25.4,""away_win_prob"":1.1},""actual"":{""score"":""4-2"",""outcome"":""home""},""probability_error"":{""predicted_outcome"":""home"",""actual_outcome"":""home"",""predicted_prob"":0.735,""actual_prob"":1.0,""brier_score"":0.1349,""upset"":false,""error_magnitude"":0.235,""score"":""4-2""},""matched_patterns"":[],""dual_column_review"":[{""column_1_what_went_wrong"":""预测 home 胜 (74%), 实际 home (4-2) - 方向正确"",""column_2_pattern"":""NONE (预测正确)"",""column_3_skill_update"":""Brier Score 0.135, 校准良好""}],""skill_updates_suggested"":[],""rule_9_compliance"":true}"
23,52,52,f917d20227a68205eacdcce2f9ad2da5f59431492200d62abf0b15ea1eec7d2f,2026-07-18T22:21:27.676916,1.003658,"[""M1_label_pinning""]","{""timestamp"":""2026-07-18T22:21:27.676916"",""match"":""加纳 vs 巴拿马"",""stage"":""group"",""predicted"":{""home_win_prob"":18.5,""draw_prob"":34.7,""away_win_prob"":46.8},""actual"":{""score"":""1-0"",""outcome"":""home""},""probability_error"":{""predicted_outcome"":""away"",""actual_outcome"":""home"",""predicted_prob"":0.468,""actual_prob"":1.0,""brier_score"":1.0037,""upset"":true,""error_magnitude"":0.468,""score"":""1-0""},""matched_patterns"":[""M1_label_pinning""],""dual_column_review"":[{""column_1_what_went_wrong"":""预测 away 胜 (47%), 实际 home (1-0)"",""column_2_pattern"":""M1_label_pinning"",""column_3_skill_update"":""按对手风格动态调整 -15% 加权""}],""skill_updates_suggested"":[{""pattern_id"":""M1_label_pinning"",""pattern_name"":""标签固化"",""description"":""如\""反击之王\""标签一成不变加权, 忽略对手风格"",""suggested_fix"":""按对手风格动态调整 -15% 加权"",""priority"":""high""}],""rule_9_compliance"":true}"
24,54,54,26ec7127971ada0a260f9863a836cfdd1f3efebd60bf182f7c2867bc2041784d,2026-07-18T22:21:28.046665,0.17103800000000005,"[""M6_passive_degradation""]","{""timestamp"":""2026-07-18T22:21:28.046665"",""match"":""乌兹别克斯坦 vs 哥伦比亚"",""stage"":""group"",""predicted"":{""home_win_prob"":15.0,""draw_prob"":18.7,""away_win_prob"":66.3},""actual"":{""score"":""1-3"",""outcome"":""away""},""probability_error"":{""predicted_outcome"":""away"",""actual_outcome"":""away"",""predicted_prob"":0.663,""actual_prob"":1.0,""brier_score"":0.171,""upset"":false,""error_magnitude"":0.163,""score"":""1-3""},""matched_patterns"":[""M6_passive_degradation""],""dual_column_review"":[{""column_1_what_went_wrong"":""预测 away 胜 (66%), 实际 away (1-3) - 方向正确"",""column_2_pattern"":""NONE (预测正确)"",""column_3_skill_update"":""Brier Score 0.171, 校准良好""}],""skill_updates_suggested"":[{""pattern_id"":""M6_passive_degradation"",""pattern_name"":""被动降级陷阱"",""description"":""数据缺失时静默跳过, 不主动获取"",""suggested_fix"":""强制主动获取实时数据 (Rule 10)"",""priority"":""medium""}],""rule_9_compliance"":true}"
25,56,56,9633f0f587f47813356b75b365671be089f63aeb4eb780d69523f648c0ae8fd2,2026-07-18T22:21:32.904427,1.162994,[],"{""timestamp"":""2026-07-18T22:21:32.904427"",""match"":""捷克 vs 南非"",""stage"":""group"",""predicted"":{""home_win_prob"":75.7,""draw_prob"":23.2,""away_win_prob"":1.1},""actual"":{""score"":""1-1"",""outcome"":""draw""},""probability_error"":{""predicted_outcome"":""home"",""actual_outcome"":""draw"",""predicted_prob"":0.757,""actual_prob"":1.0,""brier_score"":1.163,""upset"":true,""error_magnitude"":0.757,""score"":""1-1""},""matched_patterns"":[],""dual_column_review"":[{""column_1_what_went_wrong"":""预测 home 胜 (76%), 实际 draw (1-1)"",""column_2_pattern"":""M_UNKNOWN"",""column_3_skill_update"":""N/A""}],""skill_updates_suggested"":[],""rule_9_compliance"":true}"
26,59,59,105ec5dc27ae0c23f01db7cfcfa974991cc478c013e4ec76085583e6fc7c065a,2026-07-18T22:21:34.365424,0.118994,[],"{""timestamp"":""2026-07-18T22:21:34.365424"",""match"":""瑞士 vs 波黑"",""stage"":""group"",""predicted"":{""home_win_prob"":73.6,""draw_prob"":21.7,""away_win_prob"":4.7},""actual"":{""score"":""4-1"",""outcome"":""home""},""probability_error"":{""predicted_outcome"":""home"",""actual_outcome"":""home"",""predicted_prob"":0.736,""actual_prob"":1.0,""brier_score"":0.119,""upset"":false,""error_magnitude"":0.236,""score"":""4-1""},""matched_patterns"":[],""dual_column_review"":[{""column_1_what_went_wrong"":""预测 home 胜 (74%), 实际 home (4-1) - 方向正确"",""column_2_pattern"":""NONE (预测正确)"",""column_3_skill_update"":""Brier Score 0.119, 校准良好""}],""skill_updates_suggested"":[],""rule_9_compliance"":true}"
27,61,61,aa926909e66305c5c3ccbdbe354c7c0f5e17c98fcb675c97d69fa534abfb2f79,2026-07-18T22:21:37.557472,0.112866,[],"{""timestamp"":""2026-07-18T22:21:37.557472"",""match"":""加拿大 vs 卡塔尔"",""stage"":""group"",""predicted"":{""home_win_prob"":73.7,""draw_prob"":19.9,""away_win_prob"":6.4},""actual"":{""score"":""6-0"",""outcome"":""home""},""probability_error"":{""predicted_outcome"":""home"",""actual_outcome"":""home"",""predicted_prob"":0.737,""actual_prob"":1.0,""brier_score"":0.1129,""upset"":false,""error_magnitude"":0.237,""score"":""6-0""},""matched_patterns"":[],""dual_column_review"":[{""column_1_what_went_wrong"":""预测 home 胜 (74%), 实际 home (6-0) - 方向正确"",""column_2_pattern"":""NONE (预测正确)"",""column_3_skill_update"":""Brier Score 0.113, 校准良好""}],""skill_updates_suggested"":[],""rule_9_compliance"":true}"
28,63,63,f0361777ab593d4f8b35d833955610df38b99d7f6dbd1facc96ff85fc9338662,2026-07-18T22:21:38.996559,0.6339920000000001,[],"{""timestamp"":""2026-07-18T22:21:38.996559"",""match"":""墨西哥 vs 韩国"",""stage"":""group"",""predicted"":{""home_win_prob"":35.0,""draw_prob"":31.4,""away_win_prob"":33.6},""actual"":{""score"":""1-0"",""outcome"":""home""},""probability_error"":{""predicted_outcome"":""home"",""actual_outcome"":""home"",""predicted_prob"":0.35,""actual_prob"":1.0,""brier_score"":0.634,""upset"":false,""error_magnitude"":0.15,""score"":""1-0""},""matched_patterns"":[],""dual_column_review"":[{""column_1_what_went_wrong"":""预测 home 胜 (35%), 实际 home (1-0) - 方向正确"",""column_2_pattern"":""NONE (预测正确)"",""column_3_skill_update"":""Brier Score 0.634, 需要更多数据""}],""skill_updates_suggested"":[],""rule_9_compliance"":true}"
29,65,65,2edf5a5a91b67e11e636e821d7bd735223686d651f5859fb6d1eb71c80d774bb,2026-07-18T22:21:40.862787,0.258398,"[""M6_passive_degradation""]","{""timestamp"":""2026-07-18T22:21:40.862787"",""match"":""美国 vs 澳大利亚"",""stage"":""group"",""predicted"":{""home_win_prob"":58.5,""draw_prob"":21.3,""away_win_prob"":20.2},""actual"":{""score"":""2-0"",""outcome"":""home""},""probability_error"":{""predicted_outcome"":""home"",""actual_outcome"":""home"",""predicted_prob"":0.585,""actual_prob"":1.0,""brier_score"":0.2584,""upset"":false,""error_magnitude"":0.085,""score"":""2-0""},""matched_patterns"":[""M6_passive_degradation""],""dual_column_review"":[{""column_1_what_went_wrong"":""预测 home 胜 (58%), 实际 home (2-0) - 方向正确"",""column_2_pattern"":""NONE (预测正确)"",""column_3_skill_update"":""Brier Score 0.258, 校准良好""}],""skill_updates_suggested"":[{""pattern_id"":""M6_passive_degradation"",""pattern_name"":""被动降级陷阱"",""description"":""数据缺失时静默跳过, 不主动获取"",""suggested_fix"":""强制主动获取实时数据 (Rule 10)"",""priority"":""medium""}],""rule_9_compliance"":true}"
30,68,68,de5c326edcd524b2339dfd4f3f8b306aa3f1472ceae70b149bc4daec699fe68b,2026-07-18T22:21:47.322040,0.18305,"[""M6_passive_degradation""]","{""timestamp"":""2026-07-18T22:21:47.322040"",""match"":""苏格兰 vs 摩洛哥"",""stage"":""group"",""predicted"":{""home_win_prob"":12.5,""draw_prob"":22.0,""away_win_prob"":65.5},""actual"":{""score"":""0-1"",""outcome"":""away""},""probability_error"":{""predicted_outcome"":""away"",""actual_outcome"":""away"",""predicted_prob"":0.655,""actual_prob"":1.0,""brier_score"":0.183,""upset"":false,""error_magnitude"":0.155,""score"":""0-1""},""matched_patterns"":[""M6_passive_degradation""],""dual_column_review"":[{""column_1_what_went_wrong"":""预测 away 胜 (66%), 实际 away (0-1) - 方向正确"",""column_2_pattern"":""NONE (预测正确)"",""column_3_skill_update"":""Brier Score 0.183, 校准良好""}],""skill_updates_suggested"":[{""pattern_id"":""M6_passive_degradation"",""pattern_name"":""被动降级陷阱"",""description"":""数据缺失时静默跳过, 不主动获取"",""suggested_fix"":""强制主动获取实时数据 (Rule 10)"",""priority"":""medium""}],""rule_9_compliance"":true}"
31,71,71,800023b87c3b665de476022e0f6cb1288cd1bc8b3022a8e7be70a81d94f3b08a,2026-07-18T22:21:54.986241,0.05832199999999998,"[""M6_passive_degradation""]","{""timestamp"":""2026-07-18T22:21:54.986241"",""match"":""巴西 vs 海地"",""stage"":""group"",""predicted"":{""home_win_prob"":82.4,""draw_prob"":16.5,""away_win_prob"":1.1},""actual"":{""score"":""3-0"",""outcome"":""home""},""probability_error"":{""predicted_outcome"":""home"",""actual_outcome"":""home"",""predicted_prob"":0.824,""actual_prob"":1.0,""brier_score"":0.0583,""upset"":false,""error_magnitude"":0.324,""score"":""3-0""},""matched_patterns"":[""M6_passive_degradation""],""dual_column_review"":[{""column_1_what_went_wrong"":""预测 home 胜 (82%), 实际 home (3-0) - 方向正确"",""column_2_pattern"":""NONE (预测正确)"",""column_3_skill_update"":""Brier Score 0.058, 校准良好""}],""skill_updates_suggested"":[{""pattern_id"":""M6_passive_degradation"",""pattern_name"":""被动降级陷阱"",""description"":""数据缺失时静默跳过, 不主动获取"",""suggested_fix"":""强制主动获取实时数据 (Rule 10)"",""priority"":""high""}],""rule_9_compliance"":true}"
32,73,73,cf34b44c28add5afdcff250886f063d4b8ed5be54ea99b14c3272ce3e369d097,2026-07-18T22:21:56.446677,1.171986,"[""M1_label_pinning""]","{""timestamp"":""2026-07-18T22:21:56.446677"",""match"":""土耳其 vs 巴拉圭"",""stage"":""group"",""predicted"":{""home_win_prob"":61.6,""draw_prob"":24.1,""away_win_prob"":14.3},""actual"":{""score"":""0-1"",""outcome"":""away""},""probability_error"":{""predicted_outcome"":""home"",""actual_outcome"":""away"",""predicted_prob"":0.616,""actual_prob"":1.0,""brier_score"":1.172,""upset"":true,""error_magnitude"":0.616,""score"":""0-1""},""matched_patterns"":[""M1_label_pinning""],""dual_column_review"":[{""column_1_what_went_wrong"":""预测 home 胜 (62%), 实际 away (0-1)"",""column_2_pattern"":""M1_label_pinning"",""column_3_skill_update"":""按对手风格动态调整 -15% 加权""}],""skill_updates_suggested"":[{""pattern_id"":""M1_label_pinning"",""pattern_name"":""标签固化"",""description"":""如\""反击之王\""标签一成不变加权, 忽略对手风格"",""suggested_fix"":""按对手风格动态调整 -15% 加权"",""priority"":""high""}],""rule_9_compliance"":true}"
33,75,75,f73b37a6fa603952b680b03e3d62f41a2002918ffbbfbdf4b68fbffc3252ca2b,2026-07-18T22:22:02.935688,0.07740600000000003,"[""M6_passive_degradation""]","{""timestamp"":""2026-07-18T22:22:02.935688"",""match"":""荷兰 vs 瑞典"",""stage"":""group"",""predicted"":{""home_win_prob"":79.8,""draw_prob"":19.1,""away_win_prob"":1.1},""actual"":{""score"":""5-1"",""outcome"":""home""},""probability_error"":{""predicted_outcome"":""home"",""actual_outcome"":""home"",""predicted_prob"":0.798,""actual_prob"":1.0,""brier_score"":0.0774,""upset"":false,""error_magnitude"":0.298,""score"":""5-1""},""matched_patterns"":[""M6_passive_degradation""],""dual_column_review"":[{""column_1_what_went_wrong"":""预测 home 胜 (80%), 实际 home (5-1) - 方向正确"",""column_2_pattern"":""NONE (预测正确)"",""column_3_skill_update"":""Brier Score 0.077, 校准良好""}],""skill_updates_suggested"":[{""pattern_id"":""M6_passive_degradation"",""pattern_name"":""被动降级陷阱"",""description"":""数据缺失时静默跳过, 不主动获取"",""suggested_fix"":""强制主动获取实时数据 (Rule 10)"",""priority"":""medium""}],""rule_9_compliance"":true}"
34,77,77,aecdf1c1e7dc4aedccbc44e501a74b2993d70691e885e88bcc9a234493ed99b5,2026-07-18T22:22:14.122529,0.05659799999999998,"[""M6_passive_degradation""]","{""timestamp"":""2026-07-18T22:22:14.122529"",""match"":""德国 vs 科特迪瓦"",""stage"":""group"",""predicted"":{""home_win_prob"":82.7,""draw_prob"":16.3,""away_win_prob"":1.0},""actual"":{""score"":""2-1"",""outcome"":""home""},""probability_error"":{""predicted_outcome"":""home"",""actual_outcome"":""home"",""predicted_prob"":0.827,""actual_prob"":1.0,""brier_score"":0.0566,""upset"":false,""error_magnitude"":0.327,""score"":""2-1""},""matched_patterns"":[""M6_passive_degradation""],""dual_column_review"":[{""column_1_what_went_wrong"":""预测 home 胜 (83%), 实际 home (2-1) - 方向正确"",""column_2_pattern"":""NONE (预测正确)"",""column_3_skill_update"":""Brier Score 0.057, 校准良好""}],""skill_updates_suggested"":[{""pattern_id"":""M6_passive_degradation"",""pattern_name"":""被动降级陷阱"",""description"":""数据缺失时静默跳过, 不主动获取"",""suggested_fix"":""强制主动获取实时数据 (Rule 10)"",""priority"":""high""}],""rule_9_compliance"":true}"
35,81,81,7bda263efb6c070174e74f2f606be6be288a38e9d41be06c1722adc38581a8b9,2026-07-18T22:22:20.666259,1.177178,"[""M6_passive_degradation""]","{""timestamp"":""2026-07-18T22:22:20.666259"",""match"":""厄瓜多尔 vs 库拉索"",""stage"":""group"",""predicted"":{""home_win_prob"":69.2,""draw_prob"":17.5,""away_win_prob"":13.3},""actual"":{""score"":""0-0"",""outcome"":""draw""},""probability_error"":{""predicted_outcome"":""home"",""actual_outcome"":""draw"",""predicted_prob"":0.692,""actual_prob"":1.0,""brier_score"":1.1772,""upset"":true,""error_magnitude"":0.692,""score"":""0-0""},""matched_patterns"":[""M6_passive_degradation""],""dual_column_review"":[{""column_1_what_went_wrong"":""预测 home 胜 (69%), 实际 draw (0-0)"",""column_2_pattern"":""M6_passive_degradation"",""column_3_skill_update"":""强制主动获取实时数据 (Rule 10)""}],""skill_updates_suggested"":[{""pattern_id"":""M6_passive_degradation"",""pattern_name"":""被动降级陷阱"",""description"":""数据缺失时静默跳过, 不主动获取"",""suggested_fix"":""强制主动获取实时数据 (Rule 10)"",""priority"":""high""}],""rule_9_compliance"":true}"
36,87,87,b71ba4ee2f026ca5ce1d4eb5d4c3bf07fe621d8a80876928413522df2d7a501e,2026-07-18T22:22:29.384643,0.20083399999999998,"[""M6_passive_degradation""]","{""timestamp"":""2026-07-18T22:22:29.384643"",""match"":""突尼斯 vs 日本"",""stage"":""group"",""predicted"":{""home_win_prob"":10.9,""draw_prob"":24.8,""away_win_prob"":64.3},""actual"":{""score"":""0-4"",""outcome"":""away""},""probability_error"":{""predicted_outcome"":""away"",""actual_outcome"":""away"",""predicted_prob"":0.643,""actual_prob"":1.0,""brier_score"":0.2008,""upset"":false,""error_magnitude"":0.143,""score"":""0-4""},""matched_patterns"":[""M6_passive_degradation""],""dual_column_review"":[{""column_1_what_went_wrong"":""预测 away 胜 (64%), 实际 away (0-4) - 方向正确"",""column_2_pattern"":""NONE (预测正确)"",""column_3_skill_update"":""Brier Score 0.201, 校准良好""}],""skill_updates_suggested"":[{""pattern_id"":""M6_passive_degradation"",""pattern_name"":""被动降级陷阱"",""description"":""数据缺失时静默跳过, 不主动获取"",""suggested_fix"":""强制主动获取实时数据 (Rule 10)"",""priority"":""medium""}],""rule_9_compliance"":true}"
37,89,89,69e57feea71715e18b703a0b7dc02b6e71d5a312bff0752fe7d26aedb9082bed,2026-07-18T22:22:31.216399,0.06248600000000003,[],"{""timestamp"":""2026-07-18T22:22:31.216399"",""match"":""西班牙 vs 沙特"",""stage"":""group"",""predicted"":{""home_win_prob"":81.8,""draw_prob"":17.1,""away_win_prob"":1.1},""actual"":{""score"":""4-0"",""outcome"":""home""},""probability_error"":{""predicted_outcome"":""home"",""actual_outcome"":""home"",""predicted_prob"":0.818,""actual_prob"":1.0,""brier_score"":0.0625,""upset"":false,""error_magnitude"":0.318,""score"":""4-0""},""matched_patterns"":[],""dual_column_review"":[{""column_1_what_went_wrong"":""预测 home 胜 (82%), 实际 home (4-0) - 方向正确"",""column_2_pattern"":""NONE (预测正确)"",""column_3_skill_update"":""Brier Score 0.062, 校准良好""}],""skill_updates_suggested"":[],""rule_9_compliance"":true}"
38,93,93,96bf2ce4cb5ba44b20a81621c1658d4c914d677bc46db7967dbf789728ad0192,2026-07-18T22:22:39.721992,1.097064,"[""M6_passive_degradation""]","{""timestamp"":""2026-07-18T22:22:39.721992"",""match"":""比利时 vs 伊朗"",""stage"":""group"",""predicted"":{""home_win_prob"":70.2,""draw_prob"":22.6,""away_win_prob"":7.2},""actual"":{""score"":""0-0"",""outcome"":""draw""},""probability_error"":{""predicted_outcome"":""home"",""actual_outcome"":""draw"",""predicted_prob"":0.702,""actual_prob"":1.0,""brier_score"":1.0971,""upset"":true,""error_magnitude"":0.702,""score"":""0-0""},""matched_patterns"":[""M6_passive_degradation""],""dual_column_review"":[{""column_1_what_went_wrong"":""预测 home 胜 (70%), 实际 draw (0-0)"",""column_2_pattern"":""M6_passive_degradation"",""column_3_skill_update"":""强制主动获取实时数据 (Rule 10)""}],""skill_updates_suggested"":[{""pattern_id"":""M6_passive_degradation"",""pattern_name"":""被动降级陷阱"",""description"":""数据缺失时静默跳过, 不主动获取"",""suggested_fix"":""强制主动获取实时数据 (Rule 10)"",""priority"":""high""}],""rule_9_compliance"":true}"
39,96,96,722a916d2781ddba40cea314df7522a06c503094bdfda091ac31be2296ce709c,2026-07-18T22:22:45.065323,1.1099180000000002,[],"{""timestamp"":""2026-07-18T22:22:45.065323"",""match"":""乌拉圭 vs 佛得角"",""stage"":""group"",""predicted"":{""home_win_prob"":68.2,""draw_prob"":20.5,""away_win_prob"":11.3},""actual"":{""score"":""2-2"",""outcome"":""draw""},""probability_error"":{""predicted_outcome"":""home"",""actual_outcome"":""draw"",""predicted_prob"":0.682,""actual_prob"":1.0,""brier_score"":1.1099,""upset"":true,""error_magnitude"":0.682,""score"":""2-2""},""matched_patterns"":[],""dual_column_review"":[{""column_1_what_went_wrong"":""预测 home 胜 (68%), 实际 draw (2-2)"",""column_2_pattern"":""M_UNKNOWN"",""column_3_skill_update"":""N/A""}],""skill_updates_suggested"":[],""rule_9_compliance"":true}"
40,98,98,872213c00d328c13082b88c5dd7256d7ecfe447cde280c168536fb41c3c77e44,2026-07-18T22:22:52.103974,0.3065280000000001,"[""M6_passive_degradation""]","{""timestamp"":""2026-07-18T22:22:52.103974"",""match"":""新西兰 vs 埃及"",""stage"":""group"",""predicted"":{""home_win_prob"":22.0,""draw_prob"":23.2,""away_win_prob"":54.8},""actual"":{""score"":""1-3"",""outcome"":""away""},""probability_error"":{""predicted_outcome"":""away"",""actual_outcome"":""away"",""predicted_prob"":0.548,""actual_prob"":1.0,""brier_score"":0.3065,""upset"":false,""error_magnitude"":0.048,""score"":""1-3""},""matched_patterns"":[""M6_passive_degradation""],""dual_column_review"":[{""column_1_what_went_wrong"":""预测 away 胜 (55%), 实际 away (1-3) - 方向正确"",""column_2_pattern"":""NONE (预测正确)"",""column_3_skill_update"":""Brier Score 0.306, 需要更多数据""}],""skill_updates_suggested"":[{""pattern_id"":""M6_passive_degradation"",""pattern_name"":""被动降级陷阱"",""description"":""数据缺失时静默跳过, 不主动获取"",""suggested_fix"":""强制主动获取实时数据 (Rule 10)"",""priority"":""medium""}],""rule_9_compliance"":true}"
41,102,102,a488bdb4575228523d45f4271375bfe92f7dbe8aaf61daeaf6971d4cda59440e,2026-07-18T22:22:57.658731,0.07049399999999999,[],"{""timestamp"":""2026-07-18T22:22:57.658731"",""match"":""阿根廷 vs 奥地利"",""stage"":""group"",""predicted"":{""home_win_prob"":80.7,""draw_prob"":18.2,""away_win_prob"":1.1},""actual"":{""score"":""2-0"",""outcome"":""home""},""probability_error"":{""predicted_outcome"":""home"",""actual_outcome"":""home"",""predicted_prob"":0.807,""actual_prob"":1.0,""brier_score"":0.0705,""upset"":false,""error_magnitude"":0.307,""score"":""2-0""},""matched_patterns"":[],""dual_column_review"":[{""column_1_what_went_wrong"":""预测 home 胜 (81%), 实际 home (2-0) - 方向正确"",""column_2_pattern"":""NONE (预测正确)"",""column_3_skill_update"":""Brier Score 0.070, 校准良好""}],""skill_updates_suggested"":[],""rule_9_compliance"":true}"
42,106,106,c18fdbc5bf1a78ae8d2afbffd40f3896a2984bfbdaba4bb9f9926556f26f69e6,2026-07-18T22:23:02.751361,0.05263800000000001,[],"{""timestamp"":""2026-07-18T22:23:02.751361"",""match"":""法国 vs Iraq"",""stage"":""group"",""predicted"":{""home_win_prob"":83.3,""draw_prob"":15.7,""away_win_prob"":1.0},""actual"":{""score"":""3-0"",""outcome"":""home""},""probability_error"":{""predicted_outcome"":""home"",""actual_outcome"":""home"",""predicted_prob"":0.833,""actual_prob"":1.0,""brier_score"":0.0526,""upset"":false,""error_magnitude"":0.333,""score"":""3-0""},""matched_patterns"":[],""dual_column_review"":[{""column_1_what_went_wrong"":""预测 home 胜 (83%), 实际 home (3-0) - 方向正确"",""column_2_pattern"":""NONE (预测正确)"",""column_3_skill_update"":""Brier Score 0.053, 校准良好""}],""skill_updates_suggested"":[],""rule_9_compliance"":true}"
43,110,110,8b41c2d0a6909dbe4752d7f4d141f410a6acc80315537837152bca8a68ac0ba9,2026-07-18T22:23:04.714596,1.120392,[],"{""timestamp"":""2026-07-18T22:23:04.714596"",""match"":""挪威 vs 塞内加尔"",""stage"":""group"",""predicted"":{""home_win_prob"":15.4,""draw_prob"":27.0,""away_win_prob"":57.6},""actual"":{""score"":""3-2"",""outcome"":""home""},""probability_error"":{""predicted_outcome"":""away"",""actual_outcome"":""home"",""predicted_prob"":0.576,""actual_prob"":1.0,""brier_score"":1.1204,""upset"":true,""error_magnitude"":0.576,""score"":""3-2""},""matched_patterns"":[],""dual_column_review"":[{""column_1_what_went_wrong"":""预测 away 胜 (58%), 实际 home (3-2)"",""column_2_pattern"":""M_UNKNOWN"",""column_3_skill_update"":""N/A""}],""skill_updates_suggested"":[],""rule_9_compliance"":true}"
44,112,112,6433422166141647624b3e895b56f6b7ac481bf0d2a2b4ff29fe2d362e744c8f,2026-07-18T22:23:06.994212,0.4804560000000001,[],"{""timestamp"":""2026-07-18T22:23:06.994212"",""match"":""Jordan vs 阿尔及利亚"",""stage"":""group"",""predicted"":{""home_win_prob"":40.2,""draw_prob"":14.4,""away_win_prob"":45.4},""actual"":{""score"":""1-2"",""outcome"":""away""},""probability_error"":{""predicted_outcome"":""away"",""actual_outcome"":""away"",""predicted_prob"":0.454,""actual_prob"":1.0,""brier_score"":0.4805,""upset"":false,""error_magnitude"":0.046,""score"":""1-2""},""matched_patterns"":[],""dual_column_review"":[{""column_1_what_went_wrong"":""预测 away 胜 (45%), 实际 away (1-2) - 方向正确"",""column_2_pattern"":""NONE (预测正确)"",""column_3_skill_update"":""Brier Score 0.480, 需要更多数据""}],""skill_updates_suggested"":[],""rule_9_compliance"":true}"
45,114,114,b144cd12b750d46c6e3ff19284bd7f25207c5d77228d9be0a9589ee11df92cf2,2026-07-18T22:23:07.552157,0.06280800000000002,"[""M6_passive_degradation""]","{""timestamp"":""2026-07-18T22:23:07.552157"",""match"":""葡萄牙 vs 乌兹别克斯坦"",""stage"":""group"",""predicted"":{""home_win_prob"":81.8,""draw_prob"":17.2,""away_win_prob"":1.0},""actual"":{""score"":""5-0"",""outcome"":""home""},""probability_error"":{""predicted_outcome"":""home"",""actual_outcome"":""home"",""predicted_prob"":0.818,""actual_prob"":1.0,""brier_score"":0.0628,""upset"":false,""error_magnitude"":0.318,""score"":""5-0""},""matched_patterns"":[""M6_passive_degradation""],""dual_column_review"":[{""column_1_what_went_wrong"":""预测 home 胜 (82%), 实际 home (5-0) - 方向正确"",""column_2_pattern"":""NONE (预测正确)"",""column_3_skill_update"":""Brier Score 0.063, 校准良好""}],""skill_updates_suggested"":[{""pattern_id"":""M6_passive_degradation"",""pattern_name"":""被动降级陷阱"",""description"":""数据缺失时静默跳过, 不主动获取"",""suggested_fix"":""强制主动获取实时数据 (Rule 10)"",""priority"":""high""}],""rule_9_compliance"":true}"
46,116,116,9076a407149eaac0e558c57f0fa348a6088982bc5494c7fc90f304344ca76121,2026-07-18T22:23:09.491201,1.3663859999999999,[],"{""timestamp"":""2026-07-18T22:23:09.491201"",""match"":""英格兰 vs 加纳"",""stage"":""group"",""predicted"":{""home_win_prob"":82.1,""draw_prob"":16.8,""away_win_prob"":1.1},""actual"":{""score"":""0-0"",""outcome"":""draw""},""probability_error"":{""predicted_outcome"":""home"",""actual_outcome"":""draw"",""predicted_prob"":0.821,""actual_prob"":1.0,""brier_score"":1.3664,""upset"":true,""error_magnitude"":0.821,""score"":""0-0""},""matched_patterns"":[],""dual_column_review"":[{""column_1_what_went_wrong"":""预测 home 胜 (82%), 实际 draw (0-0)"",""column_2_pattern"":""M_UNKNOWN"",""column_3_skill_update"":""N/A""}],""skill_updates_suggested"":[],""rule_9_compliance"":true}"
47,120,120,5e52f448c6ce017f2196cbd403cd135a34f634f0306f1e6d0d9a692c61e54aa3,2026-07-18T22:23:15.194112,0.314696,[],"{""timestamp"":""2026-07-18T22:23:15.194112"",""match"":""巴拿马 vs 克罗地亚"",""stage"":""group"",""predicted"":{""home_win_prob"":22.4,""draw_prob"":23.4,""away_win_prob"":54.2},""actual"":{""score"":""0-1"",""outcome"":""away""},""probability_error"":{""predicted_outcome"":""away"",""actual_outcome"":""away"",""predicted_prob"":0.542,""actual_prob"":1.0,""brier_score"":0.3147,""upset"":false,""error_magnitude"":0.042,""score"":""0-1""},""matched_patterns"":[],""dual_column_review"":[{""column_1_what_went_wrong"":""预测 away 胜 (54%), 实际 away (0-1) - 方向正确"",""column_2_pattern"":""NONE (预测正确)"",""column_3_skill_update"":""Brier Score 0.315, 需要更多数据""}],""skill_updates_suggested"":[],""rule_9_compliance"":true}"
48,122,122,78a9d49467d46260be2f12aa94434cdc8a69bbeeb04d56c66db73c7afae59c50,2026-07-18T22:23:17.089137,0.12133400000000003,[],"{""timestamp"":""2026-07-18T22:23:17.089137"",""match"":""哥伦比亚 vs Congo DR"",""stage"":""group"",""predicted"":{""home_win_prob"":72.2,""draw_prob"":19.1,""away_win_prob"":8.7},""actual"":{""score"":""1-0"",""outcome"":""home""},""probability_error"":{""predicted_outcome"":""home"",""actual_outcome"":""home"",""predicted_prob"":0.722,""actual_prob"":1.0,""brier_score"":0.1213,""upset"":false,""error_magnitude"":0.222,""score"":""1-0""},""matched_patterns"":[],""dual_column_review"":[{""column_1_what_went_wrong"":""预测 home 胜 (72%), 实际 home (1-0) - 方向正确"",""column_2_pattern"":""NONE (预测正确)"",""column_3_skill_update"":""Brier Score 0.121, 校准良好""}],""skill_updates_suggested"":[],""rule_9_compliance"":true}"
49,125,125,e4d79b8b2dac5f7cbf17c9813bbada66e6984dc493b677b559aedf36570dee53,2026-07-18T22:23:19.276770,0.44215399999999994,"[""M6_passive_degradation""]","{""timestamp"":""2026-07-18T22:23:19.276770"",""match"":""波黑 vs 卡塔尔"",""stage"":""group"",""predicted"":{""home_win_prob"":46.7,""draw_prob"":17.7,""away_win_prob"":35.6},""actual"":{""score"":""3-1"",""outcome"":""home""},""probability_error"":{""predicted_outcome"":""home"",""actual_outcome"":""home"",""predicted_prob"":0.467,""actual_prob"":1.0,""brier_score"":0.4422,""upset"":false,""error_magnitude"":0.033,""score"":""3-1""},""matched_patterns"":[""M6_passive_degradation""],""dual_column_review"":[{""column_1_what_went_wrong"":""预测 home 胜 (47%), 实际 home (3-1) - 方向正确"",""column_2_pattern"":""NONE (预测正确)"",""column_3_skill_update"":""Brier Score 0.442, 需要更多数据""}],""skill_updates_suggested"":[{""pattern_id"":""M6_passive_degradation"",""pattern_name"":""被动降级陷阱"",""description"":""数据缺失时静默跳过, 不主动获取"",""suggested_fix"":""强制主动获取实时数据 (Rule 10)"",""priority"":""medium""}],""rule_9_compliance"":true}"
50,127,127,913596444ec4e900c17d775c7a7c923709f694a7433069e6320cd70958ed5844,2026-07-18T22:23:20.733089,0.388554,[],"{""timestamp"":""2026-07-18T22:23:20.733089"",""match"":""瑞士 vs 加拿大"",""stage"":""group"",""predicted"":{""home_win_prob"":50.7,""draw_prob"":35.6,""away_win_prob"":13.7},""actual"":{""score"":""2-1"",""outcome"":""home""},""probability_error"":{""predicted_outcome"":""home"",""actual_outcome"":""home"",""predicted_prob"":0.507,""actual_prob"":1.0,""brier_score"":0.3886,""upset"":false,""error_magnitude"":0.007,""score"":""2-1""},""matched_patterns"":[],""dual_column_review"":[{""column_1_what_went_wrong"":""预测 home 胜 (51%), 实际 home (2-1) - 方向正确"",""column_2_pattern"":""NONE (预测正确)"",""column_3_skill_update"":""Brier Score 0.389, 需要更多数据""}],""skill_updates_suggested"":[],""rule_9_compliance"":true}"
51,130,130,0bf702fa9c138bdd5e30eaf830e7eb69285190cf1e3332e6afe3b290ccbdc038,2026-07-18T22:23:28.819701,0.043368000000000004,"[""M6_passive_degradation""]","{""timestamp"":""2026-07-18T22:23:28.819701"",""match"":""摩洛哥 vs 海地"",""stage"":""group"",""predicted"":{""home_win_prob"":84.8,""draw_prob"":14.2,""away_win_prob"":1.0},""actual"":{""score"":""4-2"",""outcome"":""home""},""probability_error"":{""predicted_outcome"":""home"",""actual_outcome"":""home"",""predicted_prob"":0.848,""actual_prob"":1.0,""brier_score"":0.0434,""upset"":false,""error_magnitude"":0.348,""score"":""4-2""},""matched_patterns"":[""M6_passive_degradation""],""dual_column_review"":[{""column_1_what_went_wrong"":""预测 home 胜 (85%), 实际 home (4-2) - 方向正确"",""column_2_pattern"":""NONE (预测正确)"",""column_3_skill_update"":""Brier Score 0.043, 校准良好""}],""skill_updates_suggested"":[{""pattern_id"":""M6_passive_degradation"",""pattern_name"":""被动降级陷阱"",""description"":""数据缺失时静默跳过, 不主动获取"",""suggested_fix"":""强制主动获取实时数据 (Rule 10)"",""priority"":""high""}],""rule_9_compliance"":true}"
52,133,133,b669a833bdd897818d201382a5abb50f070c681c04928eda3eb6b221d177f8db,2026-07-18T22:23:36.718966,0.09566600000000004,"[""M6_passive_degradation""]","{""timestamp"":""2026-07-18T22:23:36.718966"",""match"":""苏格兰 vs 巴西"",""stage"":""group"",""predicted"":{""home_win_prob"":1.1,""draw_prob"":21.3,""away_win_prob"":77.6},""actual"":{""score"":""0-3"",""outcome"":""away""},""probability_error"":{""predicted_outcome"":""away"",""actual_outcome"":""away"",""predicted_prob"":0.776,""actual_prob"":1.0,""brier_score"":0.0957,""upset"":false,""error_magnitude"":0.276,""score"":""0-3""},""matched_patterns"":[""M6_passive_degradation""],""dual_column_review"":[{""column_1_what_went_wrong"":""预测 away 胜 (78%), 实际 away (0-3) - 方向正确"",""column_2_pattern"":""NONE (预测正确)"",""column_3_skill_update"":""Brier Score 0.096, 校准良好""}],""skill_updates_suggested"":[{""pattern_id"":""M6_passive_degradation"",""pattern_name"":""被动降级陷阱"",""description"":""数据缺失时静默跳过, 不主动获取"",""suggested_fix"":""强制主动获取实时数据 (Rule 10)"",""priority"":""medium""}],""rule_9_compliance"":true}"
53,135,135,31b49f1004dc6f25e958bdc694babd36f760c23dabc5997af0203ffcf3ddeb8b,2026-07-18T22:23:38.541113,0.25836200000000004,[],"{""timestamp"":""2026-07-18T22:23:38.541113"",""match"":""捷克 vs 墨西哥"",""stage"":""group"",""predicted"":{""home_win_prob"":20.4,""draw_prob"":21.1,""away_win_prob"":58.5},""actual"":{""score"":""0-3"",""outcome"":""away""},""probability_error"":{""predicted_outcome"":""away"",""actual_outcome"":""away"",""predicted_prob"":0.585,""actual_prob"":1.0,""brier_score"":0.2584,""upset"":false,""error_magnitude"":0.085,""score"":""0-3""},""matched_patterns"":[],""dual_column_review"":[{""column_1_what_went_wrong"":""预测 away 胜 (58%), 实际 away (0-3) - 方向正确"",""column_2_pattern"":""NONE (预测正确)"",""column_3_skill_update"":""Brier Score 0.258, 校准良好""}],""skill_updates_suggested"":[],""rule_9_compliance"":true}"
54,138,138,a6d82d19a49f5f5952e933f54faffb3315012744fb5a0137c627c493acefecd1,2026-07-18T22:23:40.616665,1.6245420000000002,[],"{""timestamp"":""2026-07-18T22:23:40.616665"",""match"":""南非 vs 韩国"",""stage"":""group"",""predicted"":{""home_win_prob"":1.1,""draw_prob"":21.4,""away_win_prob"":77.5},""actual"":{""score"":""1-0"",""outcome"":""home""},""probability_error"":{""predicted_outcome"":""away"",""actual_outcome"":""home"",""predicted_prob"":0.775,""actual_prob"":1.0,""brier_score"":1.6245,""upset"":true,""error_magnitude"":0.775,""score"":""1-0""},""matched_patterns"":[],""dual_column_review"":[{""column_1_what_went_wrong"":""预测 away 胜 (78%), 实际 home (1-0)"",""column_2_pattern"":""M_UNKNOWN"",""column_3_skill_update"":""N/A""}],""skill_updates_suggested"":[],""rule_9_compliance"":true}"
55,143,143,12ec8080adeec132c80bb7e635e5cd11c245151ad84ffbe26ee1fd7a0d2723ad,2026-07-18T22:23:49.046160,0.5901139999999999,"[""M6_passive_degradation""]","{""timestamp"":""2026-07-18T22:23:49.046160"",""match"":""库拉索 vs 科特迪瓦"",""stage"":""group"",""predicted"":{""home_win_prob"":45.1,""draw_prob"":15.2,""away_win_prob"":39.7},""actual"":{""score"":""0-2"",""outcome"":""away""},""probability_error"":{""predicted_outcome"":""home"",""actual_outcome"":""away"",""predicted_prob"":0.451,""actual_prob"":1.0,""brier_score"":0.5901,""upset"":true,""error_magnitude"":0.451,""score"":""0-2""},""matched_patterns"":[""M6_passive_degradation""],""dual_column_review"":[{""column_1_what_went_wrong"":""预测 home 胜 (45%), 实际 away (0-2)"",""column_2_pattern"":""M6_passive_degradation"",""column_3_skill_update"":""强制主动获取实时数据 (Rule 10)""}],""skill_updates_suggested"":[{""pattern_id"":""M6_passive_degradation"",""pattern_name"":""被动降级陷阱"",""description"":""数据缺失时静默跳过, 不主动获取"",""suggested_fix"":""强制主动获取实时数据 (Rule 10)"",""priority"":""high""}],""rule_9_compliance"":true}"
56,147,147,0243033aecf7a6174f9c68d57023c1145fd5580e37580263d21d91df3f472b2a,2026-07-18T22:23:55.521098,1.433198,"[""M6_passive_degradation""]","{""timestamp"":""2026-07-18T22:23:55.521098"",""match"":""厄瓜多尔 vs 德国"",""stage"":""group"",""predicted"":{""home_win_prob"":5.8,""draw_prob"":24.5,""away_win_prob"":69.7},""actual"":{""score"":""2-1"",""outcome"":""home""},""probability_error"":{""predicted_outcome"":""away"",""actual_outcome"":""home"",""predicted_prob"":0.697,""actual_prob"":1.0,""brier_score"":1.4332,""upset"":true,""error_magnitude"":0.697,""score"":""2-1""},""matched_patterns"":[""M6_passive_degradation""],""dual_column_review"":[{""column_1_what_went_wrong"":""预测 away 胜 (70%), 实际 home (2-1)"",""column_2_pattern"":""M6_passive_degradation"",""column_3_skill_update"":""强制主动获取实时数据 (Rule 10)""}],""skill_updates_suggested"":[{""pattern_id"":""M6_passive_degradation"",""pattern_name"":""被动降级陷阱"",""description"":""数据缺失时静默跳过, 不主动获取"",""suggested_fix"":""强制主动获取实时数据 (Rule 10)"",""priority"":""high""}],""rule_9_compliance"":true}"
57,152,152,9627a43f9651ebe22142fd8a12760e98f84e435e07192fc2937aeeaf348471e6,2026-07-18T22:24:03.978413,1.1983020000000002,"[""M6_passive_degradation""]","{""timestamp"":""2026-07-18T22:24:03.978413"",""match"":""日本 vs 瑞典"",""stage"":""group"",""predicted"":{""home_win_prob"":76.9,""draw_prob"":22.1,""away_win_prob"":1.0},""actual"":{""score"":""1-1"",""outcome"":""draw""},""probability_error"":{""predicted_outcome"":""home"",""actual_outcome"":""draw"",""predicted_prob"":0.769,""actual_prob"":1.0,""brier_score"":1.1983,""upset"":true,""error_magnitude"":0.769,""score"":""1-1""},""matched_patterns"":[""M6_passive_degradation""],""dual_column_review"":[{""column_1_what_went_wrong"":""预测 home 胜 (77%), 实际 draw (1-1)"",""column_2_pattern"":""M6_passive_degradation"",""column_3_skill_update"":""强制主动获取实时数据 (Rule 10)""}],""skill_updates_suggested"":[{""pattern_id"":""M6_passive_degradation"",""pattern_name"":""被动降级陷阱"",""description"":""数据缺失时静默跳过, 不主动获取"",""suggested_fix"":""强制主动获取实时数据 (Rule 10)"",""priority"":""high""}],""rule_9_compliance"":true}"
58,156,156,52a090a30008a341802d5746dbf92ea98edf7c32913bebb45b17109b9db682e2,2026-07-18T22:24:12.615478,0.126734,"[""M6_passive_degradation""]","{""timestamp"":""2026-07-18T22:24:12.615478"",""match"":""突尼斯 vs 荷兰"",""stage"":""group"",""predicted"":{""home_win_prob"":3.4,""draw_prob"":23.3,""away_win_prob"":73.3},""actual"":{""score"":""1-3"",""outcome"":""away""},""probability_error"":{""predicted_outcome"":""away"",""actual_outcome"":""away"",""predicted_prob"":0.733,""actual_prob"":1.0,""brier_score"":0.1267,""upset"":false,""error_magnitude"":0.233,""score"":""1-3""},""matched_patterns"":[""M6_passive_degradation""],""dual_column_review"":[{""column_1_what_went_wrong"":""预测 away 胜 (73%), 实际 away (1-3) - 方向正确"",""column_2_pattern"":""NONE (预测正确)"",""column_3_skill_update"":""Brier Score 0.127, 校准良好""}],""skill_updates_suggested"":[{""pattern_id"":""M6_passive_degradation"",""pattern_name"":""被动降级陷阱"",""description"":""数据缺失时静默跳过, 不主动获取"",""suggested_fix"":""强制主动获取实时数据 (Rule 10)"",""priority"":""medium""}],""rule_9_compliance"":true}"
59,158,158,ba6edf0ce26b4fb00e78e00e706b0f52ce39a1c7754111a0cab54749a53f024f,2026-07-18T22:24:13.967226,0.6924480000000001,[],"{""timestamp"":""2026-07-18T22:24:13.967226"",""match"":""巴拉圭 vs 澳大利亚"",""stage"":""group"",""predicted"":{""home_win_prob"":10.0,""draw_prob"":36.8,""away_win_prob"":53.2},""actual"":{""score"":""0-0"",""outcome"":""draw""},""probability_error"":{""predicted_outcome"":""away"",""actual_outcome"":""draw"",""predicted_prob"":0.532,""actual_prob"":1.0,""brier_score"":0.6924,""upset"":true,""error_magnitude"":0.532,""score"":""0-0""},""matched_patterns"":[],""dual_column_review"":[{""column_1_what_went_wrong"":""预测 away 胜 (53%), 实际 draw (0-0)"",""column_2_pattern"":""M_UNKNOWN"",""column_3_skill_update"":""N/A""}],""skill_updates_suggested"":[],""rule_9_compliance"":true}"
60,160,160,8c5af1acc45cb478b1943dce0659e6799f250cb1f43e22acc5bf636c59069313,2026-07-18T22:24:15.315595,0.634808,[],"{""timestamp"":""2026-07-18T22:24:15.315595"",""match"":""土耳其 vs 美国"",""stage"":""group"",""predicted"":{""home_win_prob"":35.0,""draw_prob"":30.2,""away_win_prob"":34.8},""actual"":{""score"":""3-2"",""outcome"":""home""},""probability_error"":{""predicted_outcome"":""home"",""actual_outcome"":""home"",""predicted_prob"":0.35,""actual_prob"":1.0,""brier_score"":0.6348,""upset"":false,""error_magnitude"":0.15,""score"":""3-2""},""matched_patterns"":[],""dual_column_review"":[{""column_1_what_went_wrong"":""预测 home 胜 (35%), 实际 home (3-2) - 方向正确"",""column_2_pattern"":""NONE (预测正确)"",""column_3_skill_update"":""Brier Score 0.635, 需要更多数据""}],""skill_updates_suggested"":[],""rule_9_compliance"":true}"
61,162,162,0cf9105bef0328eaa2dde27a8b828add5cf189b115af09cfbdefd4c6c2199dc8,2026-07-18T22:24:16.428587,0.08219399999999998,[],"{""timestamp"":""2026-07-18T22:24:16.428587"",""match"":""挪威 vs 法国"",""stage"":""group"",""predicted"":{""home_win_prob"":1.1,""draw_prob"":19.7,""away_win_prob"":79.2},""actual"":{""score"":""1-4"",""outcome"":""away""},""probability_error"":{""predicted_outcome"":""away"",""actual_outcome"":""away"",""predicted_prob"":0.792,""actual_prob"":1.0,""brier_score"":0.0822,""upset"":false,""error_magnitude"":0.292,""score"":""1-4""},""matched_patterns"":[],""dual_column_review"":[{""column_1_what_went_wrong"":""预测 away 胜 (79%), 实际 away (1-4) - 方向正确"",""column_2_pattern"":""NONE (预测正确)"",""column_3_skill_update"":""Brier Score 0.082, 校准良好""}],""skill_updates_suggested"":[],""rule_9_compliance"":true}"
62,164,164,481b47c4999fde9a6bc51f0e7fee677e71cc699153c5740d161df8fa993ed185,2026-07-18T22:24:20.444746,0.15847799999999995,[],"{""timestamp"":""2026-07-18T22:24:20.444746"",""match"":""塞内加尔 vs Iraq"",""stage"":""group"",""predicted"":{""home_win_prob"":67.5,""draw_prob"":15.8,""away_win_prob"":16.7},""actual"":{""score"":""5-0"",""outcome"":""home""},""probability_error"":{""predicted_outcome"":""home"",""actual_outcome"":""home"",""predicted_prob"":0.675,""actual_prob"":1.0,""brier_score"":0.1585,""upset"":false,""error_magnitude"":0.175,""score"":""5-0""},""matched_patterns"":[],""dual_column_review"":[{""column_1_what_went_wrong"":""预测 home 胜 (68%), 实际 home (5-0) - 方向正确"",""column_2_pattern"":""NONE (预测正确)"",""column_3_skill_update"":""Brier Score 0.159, 校准良好""}],""skill_updates_suggested"":[],""rule_9_compliance"":true}"
63,166,166,2c91803b745ba051b1d6ff3762f15ec83799d0841905c3a4a3847ec46c437d1d,2026-07-18T22:24:22.107428,0.662958,[],"{""timestamp"":""2026-07-18T22:24:22.107428"",""match"":""佛得角 vs 沙特"",""stage"":""group"",""predicted"":{""home_win_prob"":46.2,""draw_prob"":35.5,""away_win_prob"":18.3},""actual"":{""score"":""0-0"",""outcome"":""draw""},""probability_error"":{""predicted_outcome"":""home"",""actual_outcome"":""draw"",""predicted_prob"":0.462,""actual_prob"":1.0,""brier_score"":0.663,""upset"":true,""error_magnitude"":0.462,""score"":""0-0""},""matched_patterns"":[],""dual_column_review"":[{""column_1_what_went_wrong"":""预测 home 胜 (46%), 实际 draw (0-0)"",""column_2_pattern"":""M_UNKNOWN"",""column_3_skill_update"":""N/A""}],""skill_updates_suggested"":[],""rule_9_compliance"":true}"
64,168,168,bb3031a0e72b344d3cdc4c1698ec2084702b6ab0661b67e88c148cdf7ce4a76c,2026-07-18T22:24:23.605396,0.4856419999999999,[],"{""timestamp"":""2026-07-18T22:24:23.605396"",""match"":""乌拉圭 vs 西班牙"",""stage"":""group"",""predicted"":{""home_win_prob"":14.5,""draw_prob"":40.4,""away_win_prob"":45.1},""actual"":{""score"":""0-1"",""outcome"":""away""},""probability_error"":{""predicted_outcome"":""away"",""actual_outcome"":""away"",""predicted_prob"":0.451,""actual_prob"":1.0,""brier_score"":0.4856,""upset"":false,""error_magnitude"":0.049,""score"":""0-1""},""matched_patterns"":[],""dual_column_review"":[{""column_1_what_went_wrong"":""预测 away 胜 (45%), 实际 away (0-1) - 方向正确"",""column_2_pattern"":""NONE (预测正确)"",""column_3_skill_update"":""Brier Score 0.486, 需要更多数据""}],""skill_updates_suggested"":[],""rule_9_compliance"":true}"
65,170,170,b86e2559b263c684d6bafaf0cdaa6f376a05ccbdb8c2d7ca0e54fd65ab6e5c9d,2026-07-18T22:24:29.730669,1.028408,"[""M6_passive_degradation""]","{""timestamp"":""2026-07-18T22:24:29.730669"",""match"":""埃及 vs 伊朗"",""stage"":""group"",""predicted"":{""home_win_prob"":41.8,""draw_prob"":17.2,""away_win_prob"":41.0},""actual"":{""score"":""1-1"",""outcome"":""draw""},""probability_error"":{""predicted_outcome"":""home"",""actual_outcome"":""draw"",""predicted_prob"":0.418,""actual_prob"":1.0,""brier_score"":1.0284,""upset"":true,""error_magnitude"":0.418,""score"":""1-1""},""matched_patterns"":[""M6_passive_degradation""],""dual_column_review"":[{""column_1_what_went_wrong"":""预测 home 胜 (42%), 实际 draw (1-1)"",""column_2_pattern"":""M6_passive_degradation"",""column_3_skill_update"":""强制主动获取实时数据 (Rule 10)""}],""skill_updates_suggested"":[{""pattern_id"":""M6_passive_degradation"",""pattern_name"":""被动降级陷阱"",""description"":""数据缺失时静默跳过, 不主动获取"",""suggested_fix"":""强制主动获取实时数据 (Rule 10)"",""priority"":""high""}],""rule_9_compliance"":true}"
66,172,172,7f43cd8748ae7c7b6b336144e486da76274556608c6c29f33bf000822d483504,2026-07-18T22:24:35.866816,0.12560600000000002,"[""M6_passive_degradation""]","{""timestamp"":""2026-07-18T22:24:35.866816"",""match"":""新西兰 vs 比利时"",""stage"":""group"",""predicted"":{""home_win_prob"":6.6,""draw_prob"":21.1,""away_win_prob"":72.3},""actual"":{""score"":""1-5"",""outcome"":""away""},""probability_error"":{""predicted_outcome"":""away"",""actual_outcome"":""away"",""predicted_prob"":0.723,""actual_prob"":1.0,""brier_score"":0.1256,""upset"":false,""error_magnitude"":0.223,""score"":""1-5""},""matched_patterns"":[""M6_passive_degradation""],""dual_column_review"":[{""column_1_what_went_wrong"":""预测 away 胜 (72%), 实际 away (1-5) - 方向正确"",""column_2_pattern"":""NONE (预测正确)"",""column_3_skill_update"":""Brier Score 0.126, 校准良好""}],""skill_updates_suggested"":[{""pattern_id"":""M6_passive_degradation"",""pattern_name"":""被动降级陷阱"",""description"":""数据缺失时静默跳过, 不主动获取"",""suggested_fix"":""强制主动获取实时数据 (Rule 10)"",""priority"":""medium""}],""rule_9_compliance"":true}"
67,174,174,16655b0cbd0d04b684756eb93305ad6f130bf9c563147a86ae8c4c77af322594,2026-07-18T22:24:40.137368,0.132248,[],"{""timestamp"":""2026-07-18T22:24:40.137368"",""match"":""克罗地亚 vs 加纳"",""stage"":""group"",""predicted"":{""home_win_prob"":73.0,""draw_prob"":24.2,""away_win_prob"":2.8},""actual"":{""score"":""2-1"",""outcome"":""home""},""probability_error"":{""predicted_outcome"":""home"",""actual_outcome"":""home"",""predicted_prob"":0.73,""actual_prob"":1.0,""brier_score"":0.1322,""upset"":false,""error_magnitude"":0.23,""score"":""2-1""},""matched_patterns"":[],""dual_column_review"":[{""column_1_what_went_wrong"":""预测 home 胜 (73%), 实际 home (2-1) - 方向正确"",""column_2_pattern"":""NONE (预测正确)"",""column_3_skill_update"":""Brier Score 0.132, 校准良好""}],""skill_updates_suggested"":[],""rule_9_compliance"":true}"
68,176,176,f3322e6e92f36f7c1c00166fcb67dd1d6497aa62a1a5a991b02d44cd06f31e34,2026-07-18T22:24:42.007264,0.10261400000000001,[],"{""timestamp"":""2026-07-18T22:24:42.007264"",""match"":""巴拿马 vs 英格兰"",""stage"":""group"",""predicted"":{""home_win_prob"":4.9,""draw_prob"":19.8,""away_win_prob"":75.3},""actual"":{""score"":""0-2"",""outcome"":""away""},""probability_error"":{""predicted_outcome"":""away"",""actual_outcome"":""away"",""predicted_prob"":0.753,""actual_prob"":1.0,""brier_score"":0.1026,""upset"":false,""error_magnitude"":0.253,""score"":""0-2""},""matched_patterns"":[],""dual_column_review"":[{""column_1_what_went_wrong"":""预测 away 胜 (75%), 实际 away (0-2) - 方向正确"",""column_2_pattern"":""NONE (预测正确)"",""column_3_skill_update"":""Brier Score 0.103, 校准良好""}],""skill_updates_suggested"":[],""rule_9_compliance"":true}"
69,178,178,ea629bf36673241e6d8a00442b0bb5efe6ecd280195a09920f6675dd732e0e7f,2026-07-18T22:24:46.784830,0.560256,[],"{""timestamp"":""2026-07-18T22:24:46.784830"",""match"":""哥伦比亚 vs 葡萄牙"",""stage"":""group"",""predicted"":{""home_win_prob"":13.6,""draw_prob"":41.6,""away_win_prob"":44.8},""actual"":{""score"":""0-0"",""outcome"":""draw""},""probability_error"":{""predicted_outcome"":""away"",""actual_outcome"":""draw"",""predicted_prob"":0.448,""actual_prob"":1.0,""brier_score"":0.5603,""upset"":true,""error_magnitude"":0.448,""score"":""0-0""},""matched_patterns"":[],""dual_column_review"":[{""column_1_what_went_wrong"":""预测 away 胜 (45%), 实际 draw (0-0)"",""column_2_pattern"":""M_UNKNOWN"",""column_3_skill_update"":""N/A""}],""skill_updates_suggested"":[],""rule_9_compliance"":true}"
70,180,180,18669bd3ae9e5f9b4ca944a97968d0f3efeeefc0dcde85487fb0c265bab62a96,2026-07-18T22:24:47.749135,0.49071799999999993,"[""M6_passive_degradation""]","{""timestamp"":""2026-07-18T22:24:47.749135"",""match"":""Congo DR vs 乌兹别克斯坦"",""stage"":""group"",""predicted"":{""home_win_prob"":44.7,""draw_prob"":15.0,""away_win_prob"":40.3},""actual"":{""score"":""3-1"",""outcome"":""home""},""probability_error"":{""predicted_outcome"":""home"",""actual_outcome"":""home"",""predicted_prob"":0.447,""actual_prob"":1.0,""brier_score"":0.4907,""upset"":false,""error_magnitude"":0.053,""score"":""3-1""},""matched_patterns"":[""M6_passive_degradation""],""dual_column_review"":[{""column_1_what_went_wrong"":""预测 home 胜 (45%), 实际 home (3-1) - 方向正确"",""column_2_pattern"":""NONE (预测正确)"",""column_3_skill_update"":""Brier Score 0.491, 需要更多数据""}],""skill_updates_suggested"":[{""pattern_id"":""M6_passive_degradation"",""pattern_name"":""被动降级陷阱"",""description"":""数据缺失时静默跳过, 不主动获取"",""suggested_fix"":""强制主动获取实时数据 (Rule 10)"",""priority"":""medium""}],""rule_9_compliance"":true}"
71,182,182,f8154ba799cbc43e13db2e5f82cfe1c0cdc120b243f7266745ab665c2234112d,2026-07-18T22:24:49.921501,0.551558,[],"{""timestamp"":""2026-07-18T22:24:49.921501"",""match"":""阿尔及利亚 vs 奥地利"",""stage"":""group"",""predicted"":{""home_win_prob"":12.7,""draw_prob"":42.3,""away_win_prob"":45.0},""actual"":{""score"":""3-3"",""outcome"":""draw""},""probability_error"":{""predicted_outcome"":""away"",""actual_outcome"":""draw"",""predicted_prob"":0.45,""actual_prob"":1.0,""brier_score"":0.5516,""upset"":true,""error_magnitude"":0.45,""score"":""3-3""},""matched_patterns"":[],""dual_column_review"":[{""column_1_what_went_wrong"":""预测 away 胜 (45%), 实际 draw (3-3)"",""column_2_pattern"":""M_UNKNOWN"",""column_3_skill_update"":""N/A""}],""skill_updates_suggested"":[],""rule_9_compliance"":true}"
72,184,184,a221f320bed41cc6312711d62eb9bfc732c9dac2a7b1934580a7f2bf12edd886,2026-07-18T22:24:51.749058,0.06390600000000002,[],"{""timestamp"":""2026-07-18T22:24:51.749058"",""match"":""Jordan vs 阿根廷"",""stage"":""group"",""predicted"":{""home_win_prob"":1.1,""draw_prob"":17.3,""away_win_prob"":81.6},""actual"":{""score"":""1-3"",""outcome"":""away""},""probability_error"":{""predicted_outcome"":""away"",""actual_outcome"":""away"",""predicted_prob"":0.816,""actual_prob"":1.0,""brier_score"":0.0639,""upset"":false,""error_magnitude"":0.316,""score"":""1-3""},""matched_patterns"":[],""dual_column_review"":[{""column_1_what_went_wrong"":""预测 away 胜 (82%), 实际 away (1-3) - 方向正确"",""column_2_pattern"":""NONE (预测正确)"",""column_3_skill_update"":""Brier Score 0.064, 校准良好""}],""skill_updates_suggested"":[],""rule_9_compliance"":true}"
73,186,186,5724a0bffbe6f3e58ed800e8184c8f1c3725fc09a43fd739b78b5f38feba37cd,2026-07-18T22:24:53.630835,0.08580199999999999,[],"{""timestamp"":""2026-07-18T22:24:53.630835"",""match"":""南非 vs 加拿大"",""stage"":""round_of_32"",""predicted"":{""home_win_prob"":7.9,""draw_prob"":15.6,""away_win_prob"":76.5},""actual"":{""score"":""0-1"",""outcome"":""away""},""probability_error"":{""predicted_outcome"":""away"",""actual_outcome"":""away"",""predicted_prob"":0.765,""actual_prob"":1.0,""brier_score"":0.0858,""upset"":false,""error_magnitude"":0.265,""score"":""0-1""},""matched_patterns"":[],""dual_column_review"":[{""column_1_what_went_wrong"":""预测 away 胜 (76%), 实际 away (0-1) - 方向正确"",""column_2_pattern"":""NONE (预测正确)"",""column_3_skill_update"":""Brier Score 0.086, 校准良好""}],""skill_updates_suggested"":[],""rule_9_compliance"":true}"
74,188,188,1ee96a1b74f894fec141521015f72f6a39f1f886baffdf67ea5940d624f168a5,2026-07-18T22:25:01.711392,0.013453999999999995,"[""M6_passive_degradation""]","{""timestamp"":""2026-07-18T22:25:01.711392"",""match"":""巴西 vs 日本"",""stage"":""round_of_32"",""predicted"":{""home_win_prob"":90.7,""draw_prob"":6.2,""away_win_prob"":3.1},""actual"":{""score"":""2-1"",""outcome"":""home""},""probability_error"":{""predicted_outcome"":""home"",""actual_outcome"":""home"",""predicted_prob"":0.907,""actual_prob"":1.0,""brier_score"":0.0135,""upset"":false,""error_magnitude"":0.407,""score"":""2-1""},""matched_patterns"":[""M6_passive_degradation""],""dual_column_review"":[{""column_1_what_went_wrong"":""预测 home 胜 (91%), 实际 home (2-1) - 方向正确"",""column_2_pattern"":""NONE (预测正确)"",""column_3_skill_update"":""Brier Score 0.013, 校准良好""}],""skill_updates_suggested"":[{""pattern_id"":""M6_passive_degradation"",""pattern_name"":""被动降级陷阱"",""description"":""数据缺失时静默跳过, 不主动获取"",""suggested_fix"":""强制主动获取实时数据 (Rule 10)"",""priority"":""high""}],""rule_9_compliance"":true}"
75,190,190,cee5a8089ddf9b50e7b1290d3bd804884df208d559727431c12efeedacda1c96,2026-07-18T22:25:06.774183,0.26864600000000005,"[""M6_passive_degradation""]","{""timestamp"":""2026-07-18T22:25:06.774183"",""match"":""科特迪瓦 vs 挪威"",""stage"":""round_of_32"",""predicted"":{""home_win_prob"":26.1,""draw_prob"":15.8,""away_win_prob"":58.1},""actual"":{""score"":""1-2"",""outcome"":""away""},""probability_error"":{""predicted_outcome"":""away"",""actual_outcome"":""away"",""predicted_prob"":0.581,""actual_prob"":1.0,""brier_score"":0.2686,""upset"":false,""error_magnitude"":0.081,""score"":""1-2""},""matched_patterns"":[""M6_passive_degradation""],""dual_column_review"":[{""column_1_what_went_wrong"":""预测 away 胜 (58%), 实际 away (1-2) - 方向正确"",""column_2_pattern"":""NONE (预测正确)"",""column_3_skill_update"":""Brier Score 0.269, 校准良好""}],""skill_updates_suggested"":[{""pattern_id"":""M6_passive_degradation"",""pattern_name"":""被动降级陷阱"",""description"":""数据缺失时静默跳过, 不主动获取"",""suggested_fix"":""强制主动获取实时数据 (Rule 10)"",""priority"":""medium""}],""rule_9_compliance"":true}"
76,192,192,dcb289fe3823ae1621fe581ed80175209e20595f0e84e216b0a24278f0398db8,2026-07-18T22:25:08.662855,0.018967999999999995,[],"{""timestamp"":""2026-07-18T22:25:08.662855"",""match"":""法国 vs 瑞典"",""stage"":""round_of_32"",""predicted"":{""home_win_prob"":89.8,""draw_prob"":9.2,""away_win_prob"":1.0},""actual"":{""score"":""3-0"",""outcome"":""home""},""probability_error"":{""predicted_outcome"":""home"",""actual_outcome"":""home"",""predicted_prob"":0.898,""actual_prob"":1.0,""brier_score"":0.019,""upset"":false,""error_magnitude"":0.398,""score"":""3-0""},""matched_patterns"":[],""dual_column_review"":[{""column_1_what_went_wrong"":""预测 home 胜 (90%), 实际 home (3-0) - 方向正确"",""column_2_pattern"":""NONE (预测正确)"",""column_3_skill_update"":""Brier Score 0.019, 校准良好""}],""skill_updates_suggested"":[],""rule_9_compliance"":true}"
77,194,194,19d9043a41643966d55d5f37c48e67efdb2873618891289ebdb55f0fb0a2604d,2026-07-18T22:25:18.944367,0.09372200000000006,"[""M6_passive_degradation""]","{""timestamp"":""2026-07-18T22:25:18.944367"",""match"":""墨西哥 vs 厄瓜多尔"",""stage"":""round_of_32"",""predicted"":{""home_win_prob"":75.6,""draw_prob"":7.5,""away_win_prob"":16.9},""actual"":{""score"":""2-0"",""outcome"":""home""},""probability_error"":{""predicted_outcome"":""home"",""actual_outcome"":""home"",""predicted_prob"":0.756,""actual_prob"":1.0,""brier_score"":0.0937,""upset"":false,""error_magnitude"":0.256,""score"":""2-0""},""matched_patterns"":[""M6_passive_degradation""],""dual_column_review"":[{""column_1_what_went_wrong"":""预测 home 胜 (76%), 实际 home (2-0) - 方向正确"",""column_2_pattern"":""NONE (预测正确)"",""column_3_skill_update"":""Brier Score 0.094, 校准良好""}],""skill_updates_suggested"":[{""pattern_id"":""M6_passive_degradation"",""pattern_name"":""被动降级陷阱"",""description"":""数据缺失时静默跳过, 不主动获取"",""suggested_fix"":""强制主动获取实时数据 (Rule 10)"",""priority"":""medium""}],""rule_9_compliance"":true}"
78,196,196,1776a71ffa8d8e18f9142cc7f6d9d7d1b7b4ca3b5161e48489581c16a2aab72a,2026-07-18T22:25:24.026173,0.024791999999999998,[],"{""timestamp"":""2026-07-18T22:25:24.026173"",""match"":""英格兰 vs Congo DR"",""stage"":""round_of_32"",""predicted"":{""home_win_prob"":88.4,""draw_prob"":10.6,""away_win_prob"":1.0},""actual"":{""score"":""2-1"",""outcome"":""home""},""probability_error"":{""predicted_outcome"":""home"",""actual_outcome"":""home"",""predicted_prob"":0.884,""actual_prob"":1.0,""brier_score"":0.0248,""upset"":false,""error_magnitude"":0.384,""score"":""2-1""},""matched_patterns"":[],""dual_column_review"":[{""column_1_what_went_wrong"":""预测 home 胜 (88%), 实际 home (2-1) - 方向正确"",""column_2_pattern"":""NONE (预测正确)"",""column_3_skill_update"":""Brier Score 0.025, 校准良好""}],""skill_updates_suggested"":[],""rule_9_compliance"":true}"
79,198,198,d735fa430fcb66c1e53e401fe8897bda29e5b838f9172d4e88e42642743bfd22,2026-07-18T22:25:26.092589,0.08026199999999999,"[""M6_passive_degradation""]","{""timestamp"":""2026-07-18T22:25:26.092589"",""match"":""美国 vs 波黑"",""stage"":""round_of_32"",""predicted"":{""home_win_prob"":76.9,""draw_prob"":12.6,""away_win_prob"":10.5},""actual"":{""score"":""2-0"",""outcome"":""home""},""probability_error"":{""predicted_outcome"":""home"",""actual_outcome"":""home"",""predicted_prob"":0.769,""actual_prob"":1.0,""brier_score"":0.0803,""upset"":false,""error_magnitude"":0.269,""score"":""2-0""},""matched_patterns"":[""M6_passive_degradation""],""dual_column_review"":[{""column_1_what_went_wrong"":""预测 home 胜 (77%), 实际 home (2-0) - 方向正确"",""column_2_pattern"":""NONE (预测正确)"",""column_3_skill_update"":""Brier Score 0.080, 校准良好""}],""skill_updates_suggested"":[{""pattern_id"":""M6_passive_degradation"",""pattern_name"":""被动降级陷阱"",""description"":""数据缺失时静默跳过, 不主动获取"",""suggested_fix"":""强制主动获取实时数据 (Rule 10)"",""priority"":""medium""}],""rule_9_compliance"":true}"
80,200,200,93683541cd96616cd640fca70f1a69da033ee439a863ba79240ae36a95b197b9,2026-07-18T22:25:27.940960,0.07327399999999999,[],"{""timestamp"":""2026-07-18T22:25:27.940960"",""match"":""西班牙 vs 奥地利"",""stage"":""round_of_32"",""predicted"":{""home_win_prob"":77.9,""draw_prob"":10.8,""away_win_prob"":11.3},""actual"":{""score"":""3-0"",""outcome"":""home""},""probability_error"":{""predicted_outcome"":""home"",""actual_outcome"":""home"",""predicted_prob"":0.779,""actual_prob"":1.0,""brier_score"":0.0733,""upset"":false,""error_magnitude"":0.279,""score"":""3-0""},""matched_patterns"":[],""dual_column_review"":[{""column_1_what_went_wrong"":""预测 home 胜 (78%), 实际 home (3-0) - 方向正确"",""column_2_pattern"":""NONE (预测正确)"",""column_3_skill_update"":""Brier Score 0.073, 校准良好""}],""skill_updates_suggested"":[],""rule_9_compliance"":true}"
81,202,202,734a85b460098303b4b53a8b1da28e26d15ba951fc0443cc2676ab3ab976eee8,2026-07-18T22:25:29.868500,0.108654,[],"{""timestamp"":""2026-07-18T22:25:29.868500"",""match"":""葡萄牙 vs 克罗地亚"",""stage"":""round_of_32"",""predicted"":{""home_win_prob"":73.1,""draw_prob"":14.2,""away_win_prob"":12.7},""actual"":{""score"":""2-1"",""outcome"":""home""},""probability_error"":{""predicted_outcome"":""home"",""actual_outcome"":""home"",""predicted_prob"":0.731,""actual_prob"":1.0,""brier_score"":0.1087,""upset"":false,""error_magnitude"":0.231,""score"":""2-1""},""matched_patterns"":[],""dual_column_review"":[{""column_1_what_went_wrong"":""预测 home 胜 (73%), 实际 home (2-1) - 方向正确"",""column_2_pattern"":""NONE (预测正确)"",""column_3_skill_update"":""Brier Score 0.109, 校准良好""}],""skill_updates_suggested"":[],""rule_9_compliance"":true}"
82,204,204,08afd3478029e93549f2362500c3cad05006aea1030cf7eb5040f64209881d29,2026-07-18T22:25:31.926399,0.15912199999999999,[],"{""timestamp"":""2026-07-18T22:25:31.926399"",""match"":""瑞士 vs 阿尔及利亚"",""stage"":""round_of_32"",""predicted"":{""home_win_prob"":67.5,""draw_prob"":14.4,""away_win_prob"":18.1},""actual"":{""score"":""2-0"",""outcome"":""home""},""probability_error"":{""predicted_outcome"":""home"",""actual_outcome"":""home"",""predicted_prob"":0.675,""actual_prob"":1.0,""brier_score"":0.1591,""upset"":false,""error_magnitude"":0.175,""score"":""2-0""},""matched_patterns"":[],""dual_column_review"":[{""column_1_what_went_wrong"":""预测 home 胜 (68%), 实际 home (2-0) - 方向正确"",""column_2_pattern"":""NONE (预测正确)"",""column_3_skill_update"":""Brier Score 0.159, 校准良好""}],""skill_updates_suggested"":[],""rule_9_compliance"":true}"
83,206,206,ef266b3225605f27e37b3aaf219b79b3b34cf5ec6d2df845a9df99d878202bd1,2026-07-18T22:25:33.784056,0.10854600000000002,[],"{""timestamp"":""2026-07-18T22:25:33.784056"",""match"":""哥伦比亚 vs 加纳"",""stage"":""round_of_32"",""predicted"":{""home_win_prob"":73.1,""draw_prob"":13.6,""away_win_prob"":13.3},""actual"":{""score"":""1-0"",""outcome"":""home""},""probability_error"":{""predicted_outcome"":""home"",""actual_outcome"":""home"",""predicted_prob"":0.731,""actual_prob"":1.0,""brier_score"":0.1085,""upset"":false,""error_magnitude"":0.231,""score"":""1-0""},""matched_patterns"":[],""dual_column_review"":[{""column_1_what_went_wrong"":""预测 home 胜 (73%), 实际 home (1-0) - 方向正确"",""column_2_pattern"":""NONE (预测正确)"",""column_3_skill_update"":""Brier Score 0.108, 校准良好""}],""skill_updates_suggested"":[],""rule_9_compliance"":true}"
84,208,208,62cff35e4ac733eca0b4889d12e52004936b4f8213ad5f417b4a7d6b69690d16,2026-07-18T22:25:35.371235,0.13862600000000003,[],"{""timestamp"":""2026-07-18T22:25:35.371235"",""match"":""加拿大 vs 摩洛哥"",""stage"":""round_of_16"",""predicted"":{""home_win_prob"":15.3,""draw_prob"":15.1,""away_win_prob"":69.6},""actual"":{""score"":""0-3"",""outcome"":""away""},""probability_error"":{""predicted_outcome"":""away"",""actual_outcome"":""away"",""predicted_prob"":0.696,""actual_prob"":1.0,""brier_score"":0.1386,""upset"":false,""error_magnitude"":0.196,""score"":""0-3""},""matched_patterns"":[],""dual_column_review"":[{""column_1_what_went_wrong"":""预测 away 胜 (70%), 实际 away (0-3) - 方向正确"",""column_2_pattern"":""NONE (预测正确)"",""column_3_skill_update"":""Brier Score 0.139, 校准良好""}],""skill_updates_suggested"":[],""rule_9_compliance"":true}"
85,210,210,84f3aba409004eaf0962d8116a860858fea92c32c2b6a64023967f143f357979,2026-07-18T22:25:36.982055,0.022865999999999997,[],"{""timestamp"":""2026-07-18T22:25:36.982055"",""match"":""巴拉圭 vs 法国"",""stage"":""round_of_16"",""predicted"":{""home_win_prob"":1.1,""draw_prob"":10.1,""away_win_prob"":88.8},""actual"":{""score"":""0-1"",""outcome"":""away""},""probability_error"":{""predicted_outcome"":""away"",""actual_outcome"":""away"",""predicted_prob"":0.888,""actual_prob"":1.0,""brier_score"":0.0229,""upset"":false,""error_magnitude"":0.388,""score"":""0-1""},""matched_patterns"":[],""dual_column_review"":[{""column_1_what_went_wrong"":""预测 away 胜 (89%), 实际 away (0-1) - 方向正确"",""column_2_pattern"":""NONE (预测正确)"",""column_3_skill_update"":""Brier Score 0.023, 校准良好""}],""skill_updates_suggested"":[],""rule_9_compliance"":true}"
86,212,212,e73fc540aa36e45a17ced7f05c3fee00b984c13d0059ef905b8818e9ac18ae74,2026-07-18T22:25:38.568407,1.72935,[],"{""timestamp"":""2026-07-18T22:25:38.568407"",""match"":""巴西 vs 挪威"",""stage"":""round_of_16"",""predicted"":{""home_win_prob"":85.5,""draw_prob"":13.5,""away_win_prob"":1.0},""actual"":{""score"":""1-2"",""outcome"":""away""},""probability_error"":{""predicted_outcome"":""home"",""actual_outcome"":""away"",""predicted_prob"":0.855,""actual_prob"":1.0,""brier_score"":1.7293,""upset"":true,""error_magnitude"":0.855,""score"":""1-2""},""matched_patterns"":[],""dual_column_review"":[{""column_1_what_went_wrong"":""预测 home 胜 (86%), 实际 away (1-2)"",""column_2_pattern"":""M_UNKNOWN"",""column_3_skill_update"":""N/A""}],""skill_updates_suggested"":[],""rule_9_compliance"":true}"
87,214,214,7298dcd5b4fa6ca2230a89e1bee5f448c2761349cd3a9a031d08af7d2f61b8d1,2026-07-18T22:25:40.140940,0.17238600000000007,[],"{""timestamp"":""2026-07-18T22:25:40.140940"",""match"":""墨西哥 vs 英格兰"",""stage"":""round_of_16"",""predicted"":{""home_win_prob"":17.1,""draw_prob"":16.8,""away_win_prob"":66.1},""actual"":{""score"":""2-3"",""outcome"":""away""},""probability_error"":{""predicted_outcome"":""away"",""actual_outcome"":""away"",""predicted_prob"":0.661,""actual_prob"":1.0,""brier_score"":0.1724,""upset"":false,""error_magnitude"":0.161,""score"":""2-3""},""matched_patterns"":[],""dual_column_review"":[{""column_1_what_went_wrong"":""预测 away 胜 (66%), 实际 away (2-3) - 方向正确"",""column_2_pattern"":""NONE (预测正确)"",""column_3_skill_update"":""Brier Score 0.172, 校准良好""}],""skill_updates_suggested"":[],""rule_9_compliance"":true}"
88,216,216,8bc3ff7fecc446084aa04502719f2e618f86d0b1191e6d6a932b63e0e0f9cf39,2026-07-18T22:25:41.665245,0.5262140000000001,[],"{""timestamp"":""2026-07-18T22:25:41.665245"",""match"":""葡萄牙 vs 西班牙"",""stage"":""round_of_16"",""predicted"":{""home_win_prob"":45.1,""draw_prob"":10.7,""away_win_prob"":44.2},""actual"":{""score"":""0-1"",""outcome"":""away""},""probability_error"":{""predicted_outcome"":""home"",""actual_outcome"":""away"",""predicted_prob"":0.451,""actual_prob"":1.0,""brier_score"":0.5262,""upset"":true,""error_magnitude"":0.451,""score"":""0-1""},""matched_patterns"":[],""dual_column_review"":[{""column_1_what_went_wrong"":""预测 home 胜 (45%), 实际 away (0-1)"",""column_2_pattern"":""M_UNKNOWN"",""column_3_skill_update"":""N/A""}],""skill_updates_suggested"":[],""rule_9_compliance"":true}"
89,218,218,643479fb5da7c2be6adfeffa442a929ae09954e31f7d53b3a2155aa32a7cc6a0,2026-07-18T22:25:43.244212,0.43031400000000003,"[""M6_passive_degradation""]","{""timestamp"":""2026-07-18T22:25:43.244212"",""match"":""美国 vs 比利时"",""stage"":""round_of_16"",""predicted"":{""home_win_prob"":40.1,""draw_prob"":10.7,""away_win_prob"":49.2},""actual"":{""score"":""1-4"",""outcome"":""away""},""probability_error"":{""predicted_outcome"":""away"",""actual_outcome"":""away"",""predicted_prob"":0.492,""actual_prob"":1.0,""brier_score"":0.4303,""upset"":false,""error_magnitude"":0.008,""score"":""1-4""},""matched_patterns"":[""M6_passive_degradation""],""dual_column_review"":[{""column_1_what_went_wrong"":""预测 away 胜 (49%), 实际 away (1-4) - 方向正确"",""column_2_pattern"":""NONE (预测正确)"",""column_3_skill_update"":""Brier Score 0.430, 需要更多数据""}],""skill_updates_suggested"":[{""pattern_id"":""M6_passive_degradation"",""pattern_name"":""被动降级陷阱"",""description"":""数据缺失时静默跳过, 不主动获取"",""suggested_fix"":""强制主动获取实时数据 (Rule 10)"",""priority"":""medium""}],""rule_9_compliance"":true}"
90,220,220,7068711da546c12929eb07d9f7a412562851200c7c6c0810719317c2c39c73f0,2026-07-18T22:25:44.907052,0.024601999999999995,[],"{""timestamp"":""2026-07-18T22:25:44.907052"",""match"":""阿根廷 vs 埃及"",""stage"":""round_of_16"",""predicted"":{""home_win_prob"":88.4,""draw_prob"":10.5,""away_win_prob"":1.1},""actual"":{""score"":""3-2"",""outcome"":""home""},""probability_error"":{""predicted_outcome"":""home"",""actual_outcome"":""home"",""predicted_prob"":0.884,""actual_prob"":1.0,""brier_score"":0.0246,""upset"":false,""error_magnitude"":0.384,""score"":""3-2""},""matched_patterns"":[],""dual_column_review"":[{""column_1_what_went_wrong"":""预测 home 胜 (88%), 实际 home (3-2) - 方向正确"",""column_2_pattern"":""NONE (预测正确)"",""column_3_skill_update"":""Brier Score 0.025, 校准良好""}],""skill_updates_suggested"":[],""rule_9_compliance"":true}"
91,222,222,cf073be149a20cc4cd57ef1bd2bbf357ed36a901b1ff8cf33e19096618044387,2026-07-18T22:25:46.365234,0.031182000000000005,[],"{""timestamp"":""2026-07-18T22:25:46.365234"",""match"":""法国 vs 摩洛哥"",""stage"":""quarter"",""predicted"":{""home_win_prob"":87.0,""draw_prob"":11.9,""away_win_prob"":1.1},""actual"":{""score"":""2-0"",""outcome"":""home""},""probability_error"":{""predicted_outcome"":""home"",""actual_outcome"":""home"",""predicted_prob"":0.87,""actual_prob"":1.0,""brier_score"":0.0312,""upset"":false,""error_magnitude"":0.37,""score"":""2-0""},""matched_patterns"":[],""dual_column_review"":[{""column_1_what_went_wrong"":""预测 home 胜 (87%), 实际 home (2-0) - 方向正确"",""column_2_pattern"":""NONE (预测正确)"",""column_3_skill_update"":""Brier Score 0.031, 校准良好""}],""skill_updates_suggested"":[],""rule_9_compliance"":true}"
92,224,224,9ebde9e3b33ff6616b4f7ad98ec23a3ec43e19aaa6d514b75cc1ff058924d6b2,2026-07-18T22:25:48.002964,0.09225599999999999,[],"{""timestamp"":""2026-07-18T22:25:48.002964"",""match"":""西班牙 vs 比利时"",""stage"":""quarter"",""predicted"":{""home_win_prob"":75.2,""draw_prob"":12.4,""away_win_prob"":12.4},""actual"":{""score"":""2-1"",""outcome"":""home""},""probability_error"":{""predicted_outcome"":""home"",""actual_outcome"":""home"",""predicted_prob"":0.752,""actual_prob"":1.0,""brier_score"":0.0923,""upset"":false,""error_magnitude"":0.252,""score"":""2-1""},""matched_patterns"":[],""dual_column_review"":[{""column_1_what_went_wrong"":""预测 home 胜 (75%), 实际 home (2-1) - 方向正确"",""column_2_pattern"":""NONE (预测正确)"",""column_3_skill_update"":""Brier Score 0.092, 校准良好""}],""skill_updates_suggested"":[],""rule_9_compliance"":true}"
93,226,226,27d24b8e19770cd24e790b7bf340c8d262ddc252bf28687a8a03bcd0fe9a4b81,2026-07-18T22:25:49.497415,1.416434,[],"{""timestamp"":""2026-07-18T22:25:49.497415"",""match"":""法国 vs 西班牙"",""stage"":""semi"",""predicted"":{""home_win_prob"":75.2,""draw_prob"":15.7,""away_win_prob"":9.1},""actual"":{""score"":""0-2"",""outcome"":""away""},""probability_error"":{""predicted_outcome"":""home"",""actual_outcome"":""away"",""predicted_prob"":0.752,""actual_prob"":1.0,""brier_score"":1.4164,""upset"":true,""error_magnitude"":0.752,""score"":""0-2""},""matched_patterns"":[],""dual_column_review"":[{""column_1_what_went_wrong"":""预测 home 胜 (75%), 实际 away (0-2)"",""column_2_pattern"":""M_UNKNOWN"",""column_3_skill_update"":""N/A""}],""skill_updates_suggested"":[],""rule_9_compliance"":true}"
94,228,228,fedaa4fe837a87a2e6177ba8a4179324b8d7c543e45ce79c1a1e1de794ffce6e,2026-07-18T22:25:51.104911,0.205002,[],"{""timestamp"":""2026-07-18T22:25:51.104911"",""match"":""英格兰 vs 阿根廷"",""stage"":""semi"",""predicted"":{""home_win_prob"":20.4,""draw_prob"":16.5,""away_win_prob"":63.1},""actual"":{""score"":""1-2"",""outcome"":""away""},""probability_error"":{""predicted_outcome"":""away"",""actual_outcome"":""away"",""predicted_prob"":0.631,""actual_prob"":1.0,""brier_score"":0.205,""upset"":false,""error_magnitude"":0.131,""score"":""1-2""},""matched_patterns"":[],""dual_column_review"":[{""column_1_what_went_wrong"":""预测 away 胜 (63%), 实际 away (1-2) - 方向正确"",""column_2_pattern"":""NONE (预测正确)"",""column_3_skill_update"":""Brier Score 0.205, 校准良好""}],""skill_updates_suggested"":[],""rule_9_compliance"":true}"
95,7,7,517fd509277f60e3176a863cf56f94503487f1e1bdd10c8ccea196c7553c05e2,2026-07-19T00:01:05.486907,0.07978199999999998,[],"{""timestamp"":""2026-07-19T00:01:05.486907"",""match"":""墨西哥 vs 南非"",""stage"":""group"",""predicted"":{""home_win_prob"":79.5,""draw_prob"":19.4,""away_win_prob"":1.1},""actual"":{""score"":""2-0"",""outcome"":""home""},""probability_error"":{""predicted_outcome"":""home"",""actual_outcome"":""home"",""predicted_prob"":0.795,""actual_prob"":1.0,""brier_score"":0.0798,""upset"":false,""error_magnitude"":0.295,""score"":""2-0""},""matched_patterns"":[],""dual_column_review"":[{""column_1_what_went_wrong"":""预测 home 胜 (80%), 实际 home (2-0) - 方向正确"",""column_2_pattern"":""NONE (预测正确)"",""column_3_skill_update"":""Brier Score 0.080, 校准良好""}],""skill_updates_suggested"":[],""rule_9_compliance"":true}"
96,9,9,443e44503ec53d9e55df920bc0625cd69fe468a4189286bcf88e751ad1318d32,2026-07-19T00:01:07.792536,0.452454,"[""M6_passive_degradation""]","{""timestamp"":""2026-07-19T00:01:07.792536"",""match"":""韩国 vs 捷克"",""stage"":""group"",""predicted"":{""home_win_prob"":48.3,""draw_prob"":41.9,""away_win_prob"":9.8},""actual"":{""score"":""2-1"",""outcome"":""home""},""probability_error"":{""predicted_outcome"":""home"",""actual_outcome"":""home"",""predicted_prob"":0.483,""actual_prob"":1.0,""brier_score"":0.4525,""upset"":false,""error_magnitude"":0.017,""score"":""2-1""},""matched_patterns"":[""M6_passive_degradation""],""dual_column_review"":[{""column_1_what_went_wrong"":""预测 home 胜 (48%), 实际 home (2-1) - 方向正确"",""column_2_pattern"":""NONE (预测正确)"",""column_3_skill_update"":""Brier Score 0.453, 需要更多数据""}],""skill_updates_suggested"":[{""pattern_id"":""M6_passive_degradation"",""pattern_name"":""被动降级陷阱"",""description"":""数据缺失时静默跳过, 不主动获取"",""suggested_fix"":""强制主动获取实时数据 (Rule 10)"",""priority"":""medium""}],""rule_9_compliance"":true}"
97,11,11,4ab1c1bb4cf49066d60f450c90e334c30e682e05d757b2a871b6d9773b042fdd,2026-07-19T00:01:13.043031,1.116158,[],"{""timestamp"":""2026-07-19T00:01:13.043031"",""match"":""加拿大 vs 波黑"",""stage"":""group"",""predicted"":{""home_win_prob"":73.0,""draw_prob"":23.7,""away_win_prob"":3.3},""actual"":{""score"":""1-1"",""outcome"":""draw""},""probability_error"":{""predicted_outcome"":""home"",""actual_outcome"":""draw"",""predicted_prob"":0.73,""actual_prob"":1.0,""brier_score"":1.1162,""upset"":true,""error_magnitude"":0.73,""score"":""1-1""},""matched_patterns"":[],""dual_column_review"":[{""column_1_what_went_wrong"":""预测 home 胜 (73%), 实际 draw (1-1)"",""column_2_pattern"":""M_UNKNOWN"",""column_3_skill_update"":""N/A""}],""skill_updates_suggested"":[],""rule_9_compliance"":true}"
98,13,13,6ce9f6dcd32a0356d8fc0195069cd07e912a79211dec8caf894d7c420f990129,2026-07-19T00:01:14.602363,0.17858400000000005,"[""M6_passive_degradation""]","{""timestamp"":""2026-07-19T00:01:14.602363"",""match"":""美国 vs 巴拉圭"",""stage"":""group"",""predicted"":{""home_win_prob"":66.6,""draw_prob"":24.2,""away_win_prob"":9.2},""actual"":{""score"":""4-1"",""outcome"":""home""},""probability_error"":{""predicted_outcome"":""home"",""actual_outcome"":""home"",""predicted_prob"":0.666,""actual_prob"":1.0,""brier_score"":0.1786,""upset"":false,""error_magnitude"":0.166,""score"":""4-1""},""matched_patterns"":[""M6_passive_degradation""],""dual_column_review"":[{""column_1_what_went_wrong"":""预测 home 胜 (67%), 实际 home (4-1) - 方向正确"",""column_2_pattern"":""NONE (预测正确)"",""column_3_skill_update"":""Brier Score 0.179, 校准良好""}],""skill_updates_suggested"":[{""pattern_id"":""M6_passive_degradation"",""pattern_name"":""被动降级陷阱"",""description"":""数据缺失时静默跳过, 不主动获取"",""suggested_fix"":""强制主动获取实时数据 (Rule 10)"",""priority"":""medium""}],""rule_9_compliance"":true}"
99,15,427,862f5e5c25f8d9fcbbcf88c41a2f452c04b0b7be1ee9556964429ea20290d0eb,2026-07-19T00:01:16.567791,1.1777460000000002,[],"{""timestamp"":""2026-07-19T00:01:16.567791"",""match"":""卡塔尔 vs 瑞士"",""stage"":""group"",""predicted"":{""home_win_prob"":8.9,""draw_prob"":19.2,""away_win_prob"":71.9},""actual"":{""score"":""1-1"",""outcome"":""draw""},""probability_error"":{""predicted_outcome"":""away"",""actual_outcome"":""draw"",""predicted_prob"":0.719,""actual_prob"":1.0,""brier_score"":1.1777,""upset"":true,""error_magnitude"":0.719,""score"":""1-1""},""matched_patterns"":[],""dual_column_review"":[{""column_1_what_went_wrong"":""预测 away 胜 (72%), 实际 draw (1-1)"",""column_2_pattern"":""M_UNKNOWN"",""column_3_skill_update"":""N/A""}],""skill_updates_suggested"":[],""rule_9_compliance"":true}"
100,17,428,21de29e855a02aca214778b1e67b1c1e5e4260ba68d42b2ad04043a867137205,2026-07-19T00:01:18.052646,1.135706,[],"{""timestamp"":""2026-07-19T00:01:18.052646"",""match"":""巴西 vs 摩洛哥"",""stage"":""group"",""predicted"":{""home_win_prob"":74.8,""draw_prob"":24.1,""away_win_prob"":1.1},""actual"":{""score"":""1-1"",""outcome"":""draw""},""probability_error"":{""predicted_outcome"":""home"",""actual_outcome"":""draw"",""predicted_prob"":0.748,""actual_prob"":1.0,""brier_score"":1.1357,""upset"":true,""error_magnitude"":0.748,""score"":""1-1""},""matched_patterns"":[],""dual_column_review"":[{""column_1_what_went_wrong"":""预测 home 胜 (75%), 实际 draw (1-1)"",""column_2_pattern"":""M_UNKNOWN"",""column_3_skill_update"":""N/A""}],""skill_updates_suggested"":[],""rule_9_compliance"":true}"
101,19,19,fdbb19f7f940809e0e2d0590397997229dc7f15f6a9fee6348b8a53bd84e610a,2026-07-19T00:01:27.408814,0.195566,"[""M6_passive_degradation""]","{""timestamp"":""2026-07-19T00:01:27.408814"",""match"":""海地 vs 苏格兰"",""stage"":""group"",""predicted"":{""home_win_prob"":17.4,""draw_prob"":18.7,""away_win_prob"":63.9},""actual"":{""score"":""0-1"",""outcome"":""away""},""probability_error"":{""predicted_outcome"":""away"",""actual_outcome"":""away"",""predicted_prob"":0.639,""actual_prob"":1.0,""brier_score"":0.1956,""upset"":false,""error_magnitude"":0.139,""score"":""0-1""},""matched_patterns"":[""M6_passive_degradation""],""dual_column_review"":[{""column_1_what_went_wrong"":""预测 away 胜 (64%), 实际 away (0-1) - 方向正确"",""column_2_pattern"":""NONE (预测正确)"",""column_3_skill_update"":""Brier Score 0.196, 校准良好""}],""skill_updates_suggested"":[{""pattern_id"":""M6_passive_degradation"",""pattern_name"":""被动降级陷阱"",""description"":""数据缺失时静默跳过, 不主动获取"",""suggested_fix"":""强制主动获取实时数据 (Rule 10)"",""priority"":""medium""}],""rule_9_compliance"":true}"
102,21,21,de776a72412487af0a7e45ef1cc335f67aaba3ff40c439e1f6e1844d3c4ca596,2026-07-19T00:01:29.862585,0.39456800000000003,[],"{""timestamp"":""2026-07-19T00:01:29.862585"",""match"":""澳大利亚 vs 土耳其"",""stage"":""group"",""predicted"":{""home_win_prob"":49.8,""draw_prob"":34.2,""away_win_prob"":16.0},""actual"":{""score"":""2-0"",""outcome"":""home""},""probability_error"":{""predicted_outcome"":""home"",""actual_outcome"":""home"",""predicted_prob"":0.498,""actual_prob"":1.0,""brier_score"":0.3946,""upset"":false,""error_magnitude"":0.002,""score"":""2-0""},""matched_patterns"":[],""dual_column_review"":[{""column_1_what_went_wrong"":""预测 home 胜 (50%), 实际 home (2-0) - 方向正确"",""column_2_pattern"":""NONE (预测正确)"",""column_3_skill_update"":""Brier Score 0.395, 需要更多数据""}],""skill_updates_suggested"":[],""rule_9_compliance"":true}"
103,23,431,a97a3da8e7e8b798cb2f5f872542d9d250729f7cd64302132e65b136254e20ae,2026-07-19T00:01:36.833269,0.05969399999999997,"[""M6_passive_degradation""]","{""timestamp"":""2026-07-19T00:01:36.833269"",""match"":""德国 vs 库拉索"",""stage"":""group"",""predicted"":{""home_win_prob"":82.2,""draw_prob"":16.7,""away_win_prob"":1.1},""actual"":{""score"":""7-1"",""outcome"":""home""},""probability_error"":{""predicted_outcome"":""home"",""actual_outcome"":""home"",""predicted_prob"":0.822,""actual_prob"":1.0,""brier_score"":0.0597,""upset"":false,""error_magnitude"":0.322,""score"":""7-1""},""matched_patterns"":[""M6_passive_degradation""],""dual_column_review"":[{""column_1_what_went_wrong"":""预测 home 胜 (82%), 实际 home (7-1) - 方向正确"",""column_2_pattern"":""NONE (预测正确)"",""column_3_skill_update"":""Brier Score 0.060, 校准良好""}],""skill_updates_suggested"":[{""pattern_id"":""M6_passive_degradation"",""pattern_name"":""被动降级陷阱"",""description"":""数据缺失时静默跳过, 不主动获取"",""suggested_fix"":""强制主动获取实时数据 (Rule 10)"",""priority"":""high""}],""rule_9_compliance"":true}"
104,25,432,0efd3146c1f7d3152055ba67eb27412f7cb73e9d0dcc4ab962d5b50b695a24f2,2026-07-19T00:01:46.214824,1.0551380000000001,"[""M6_passive_degradation""]","{""timestamp"":""2026-07-19T00:01:46.214824"",""match"":""荷兰 vs 日本"",""stage"":""group"",""predicted"":{""home_win_prob"":63.5,""draw_prob"":20.8,""away_win_prob"":15.7},""actual"":{""score"":""2-2"",""outcome"":""draw""},""probability_error"":{""predicted_outcome"":""home"",""actual_outcome"":""draw"",""predicted_prob"":0.635,""actual_prob"":1.0,""brier_score"":1.0551,""upset"":true,""error_magnitude"":0.635,""score"":""2-2""},""matched_patterns"":[""M6_passive_degradation""],""dual_column_review"":[{""column_1_what_went_wrong"":""预测 home 胜 (64%), 实际 draw (2-2)"",""column_2_pattern"":""M6_passive_degradation"",""column_3_skill_update"":""强制主动获取实时数据 (Rule 10)""}],""skill_updates_suggested"":[{""pattern_id"":""M6_passive_degradation"",""pattern_name"":""被动降级陷阱"",""description"":""数据缺失时静默跳过, 不主动获取"",""suggested_fix"":""强制主动获取实时数据 (Rule 10)"",""priority"":""high""}],""rule_9_compliance"":true}"
105,27,27,23dd467d56333a1034d702205fa4474b274ea8ebd29b1909c013f594d6873408,2026-07-19T00:01:55.260456,0.9486780000000001,"[""M6_passive_degradation""]","{""timestamp"":""2026-07-19T00:01:55.260456"",""match"":""科特迪瓦 vs 厄瓜多尔"",""stage"":""group"",""predicted"":{""home_win_prob"":22.5,""draw_prob"":23.3,""away_win_prob"":54.2},""actual"":{""score"":""1-0"",""outcome"":""home""},""probability_error"":{""predicted_outcome"":""away"",""actual_outcome"":""home"",""predicted_prob"":0.542,""actual_prob"":1.0,""brier_score"":0.9487,""upset"":true,""error_magnitude"":0.542,""score"":""1-0""},""matched_patterns"":[""M6_passive_degradation""],""dual_column_review"":[{""column_1_what_went_wrong"":""预测 away 胜 (54%), 实际 home (1-0)"",""column_2_pattern"":""M6_passive_degradation"",""column_3_skill_update"":""强制主动获取实时数据 (Rule 10)""}],""skill_updates_suggested"":[{""pattern_id"":""M6_passive_degradation"",""pattern_name"":""被动降级陷阱"",""description"":""数据缺失时静默跳过, 不主动获取"",""suggested_fix"":""强制主动获取实时数据 (Rule 10)"",""priority"":""high""}],""rule_9_compliance"":true}"
106,29,29,06b4d2bfb963c08e63faa731b9f3a906451295276fb1757d31a56a687268e150,2026-07-19T00:02:04.236100,0.28136599999999995,"[""M6_passive_degradation""]","{""timestamp"":""2026-07-19T00:02:04.236100"",""match"":""瑞典 vs 突尼斯"",""stage"":""group"",""predicted"":{""home_win_prob"":57.1,""draw_prob"":26.6,""away_win_prob"":16.3},""actual"":{""score"":""5-1"",""outcome"":""home""},""probability_error"":{""predicted_outcome"":""home"",""actual_outcome"":""home"",""predicted_prob"":0.571,""actual_prob"":1.0,""brier_score"":0.2814,""upset"":false,""error_magnitude"":0.071,""score"":""5-1""},""matched_patterns"":[""M6_passive_degradation""],""dual_column_review"":[{""column_1_what_went_wrong"":""预测 home 胜 (57%), 实际 home (5-1) - 方向正确"",""column_2_pattern"":""NONE (预测正确)"",""column_3_skill_update"":""Brier Score 0.281, 校准良好""}],""skill_updates_suggested"":[{""pattern_id"":""M6_passive_degradation"",""pattern_name"":""被动降级陷阱"",""description"":""数据缺失时静默跳过, 不主动获取"",""suggested_fix"":""强制主动获取实时数据 (Rule 10)"",""priority"":""medium""}],""rule_9_compliance"":true}"
107,31,435,25fcc741e66563a14a1a4f2fd6463eb17c7883a9222fbc1746edd3d14fe385c5,2026-07-19T00:02:09.539332,1.292318,[],"{""timestamp"":""2026-07-19T00:02:09.539332"",""match"":""西班牙 vs 佛得角"",""stage"":""group"",""predicted"":{""home_win_prob"":79.0,""draw_prob"":18.3,""away_win_prob"":2.7},""actual"":{""score"":""0-0"",""outcome"":""draw""},""probability_error"":{""predicted_outcome"":""home"",""actual_outcome"":""draw"",""predicted_prob"":0.79,""actual_prob"":1.0,""brier_score"":1.2923,""upset"":true,""error_magnitude"":0.79,""score"":""0-0""},""matched_patterns"":[],""dual_column_review"":[{""column_1_what_went_wrong"":""预测 home 胜 (79%), 实际 draw (0-0)"",""column_2_pattern"":""M_UNKNOWN"",""column_3_skill_update"":""N/A""}],""skill_updates_suggested"":[],""rule_9_compliance"":true}"
108,33,436,6976df8e5c837ce1bbeed4c8292e3e4564d056bbc874cb07b479603a45d3c2b4,2026-07-19T00:02:11.215158,1.040294,[],"{""timestamp"":""2026-07-19T00:02:11.215158"",""match"":""比利时 vs 埃及"",""stage"":""group"",""predicted"":{""home_win_prob"":63.9,""draw_prob"":21.8,""away_win_prob"":14.3},""actual"":{""score"":""1-1"",""outcome"":""draw""},""probability_error"":{""predicted_outcome"":""home"",""actual_outcome"":""draw"",""predicted_prob"":0.639,""actual_prob"":1.0,""brier_score"":1.0403,""upset"":true,""error_magnitude"":0.639,""score"":""1-1""},""matched_patterns"":[],""dual_column_review"":[{""column_1_what_went_wrong"":""预测 home 胜 (64%), 实际 draw (1-1)"",""column_2_pattern"":""M_UNKNOWN"",""column_3_skill_update"":""N/A""}],""skill_updates_suggested"":[],""rule_9_compliance"":true}"
109,35,437,50d884fb73c7ac5d93b9992a8ed3b87e5cd74d9bc396f8961c2f9e4a6bb1f19e,2026-07-19T00:02:13.689791,0.968546,[],"{""timestamp"":""2026-07-19T00:02:13.689791"",""match"":""沙特 vs 乌拉圭"",""stage"":""group"",""predicted"":{""home_win_prob"":15.1,""draw_prob"":24.1,""away_win_prob"":60.8},""actual"":{""score"":""1-1"",""outcome"":""draw""},""probability_error"":{""predicted_outcome"":""away"",""actual_outcome"":""draw"",""predicted_prob"":0.608,""actual_prob"":1.0,""brier_score"":0.9685,""upset"":true,""error_magnitude"":0.608,""score"":""1-1""},""matched_patterns"":[],""dual_column_review"":[{""column_1_what_went_wrong"":""预测 away 胜 (61%), 实际 draw (1-1)"",""column_2_pattern"":""M_UNKNOWN"",""column_3_skill_update"":""N/A""}],""skill_updates_suggested"":[],""rule_9_compliance"":true}"
110,37,37,0d03dcc12a7fc2edbbf0c63bd01778a97612b0785bcb9a918ecba9a29c257eb7,2026-07-19T00:02:22.090004,1.212504,"[""M6_passive_degradation""]","{""timestamp"":""2026-07-19T00:02:22.090004"",""match"":""伊朗 vs 新西兰"",""stage"":""group"",""predicted"":{""home_win_prob"":74.8,""draw_prob"":19.4,""away_win_prob"":5.8},""actual"":{""score"":""2-2"",""outcome"":""draw""},""probability_error"":{""predicted_outcome"":""home"",""actual_outcome"":""draw"",""predicted_prob"":0.748,""actual_prob"":1.0,""brier_score"":1.2125,""upset"":true,""error_magnitude"":0.748,""score"":""2-2""},""matched_patterns"":[""M6_passive_degradation""],""dual_column_review"":[{""column_1_what_went_wrong"":""预测 home 胜 (75%), 实际 draw (2-2)"",""column_2_pattern"":""M6_passive_degradation"",""column_3_skill_update"":""强制主动获取实时数据 (Rule 10)""}],""skill_updates_suggested"":[{""pattern_id"":""M6_passive_degradation"",""pattern_name"":""被动降级陷阱"",""description"":""数据缺失时静默跳过, 不主动获取"",""suggested_fix"":""强制主动获取实时数据 (Rule 10)"",""priority"":""high""}],""rule_9_compliance"":true}"
111,39,39,b2cbe4061e5f9402a212160ad2f896b16fefce1748b4ef2ba6f9aa6759bd0d15,2026-07-19T00:02:23.802975,0.09871799999999999,[],"{""timestamp"":""2026-07-19T00:02:23.802975"",""match"":""法国 vs 塞内加尔"",""stage"":""group"",""predicted"":{""home_win_prob"":77.3,""draw_prob"":21.7,""away_win_prob"":1.0},""actual"":{""score"":""3-1"",""outcome"":""home""},""probability_error"":{""predicted_outcome"":""home"",""actual_outcome"":""home"",""predicted_prob"":0.773,""actual_prob"":1.0,""brier_score"":0.0987,""upset"":false,""error_magnitude"":0.273,""score"":""3-1""},""matched_patterns"":[],""dual_column_review"":[{""column_1_what_went_wrong"":""预测 home 胜 (77%), 实际 home (3-1) - 方向正确"",""column_2_pattern"":""NONE (预测正确)"",""column_3_skill_update"":""Brier Score 0.099, 校准良好""}],""skill_updates_suggested"":[],""rule_9_compliance"":true}"
112,41,41,47529f7271d4c899bca9ea8378c4432f45b5cf62c6c651240d6bc5a1fb6291f1,2026-07-19T00:02:28.363778,0.37357399999999996,[],"{""timestamp"":""2026-07-19T00:02:28.363778"",""match"":""Iraq vs 挪威"",""stage"":""group"",""predicted"":{""home_win_prob"":35.3,""draw_prob"":12.9,""away_win_prob"":51.8},""actual"":{""score"":""1-4"",""outcome"":""away""},""probability_error"":{""predicted_outcome"":""away"",""actual_outcome"":""away"",""predicted_prob"":0.518,""actual_prob"":1.0,""brier_score"":0.3736,""upset"":false,""error_magnitude"":0.018,""score"":""1-4""},""matched_patterns"":[],""dual_column_review"":[{""column_1_what_went_wrong"":""预测 away 胜 (52%), 实际 away (1-4) - 方向正确"",""column_2_pattern"":""NONE (预测正确)"",""column_3_skill_update"":""Brier Score 0.374, 需要更多数据""}],""skill_updates_suggested"":[],""rule_9_compliance"":true}"
113,43,43,920f78b225b81ea3ea79279a56d6edce6695969c135dccf37a2f9f7f60bcecc6,2026-07-19T00:02:30.041031,0.065672,[],"{""timestamp"":""2026-07-19T00:02:30.041031"",""match"":""阿根廷 vs 阿尔及利亚"",""stage"":""group"",""predicted"":{""home_win_prob"":81.4,""draw_prob"":17.6,""away_win_prob"":1.0},""actual"":{""score"":""3-0"",""outcome"":""home""},""probability_error"":{""predicted_outcome"":""home"",""actual_outcome"":""home"",""predicted_prob"":0.814,""actual_prob"":1.0,""brier_score"":0.0657,""upset"":false,""error_magnitude"":0.314,""score"":""3-0""},""matched_patterns"":[],""dual_column_review"":[{""column_1_what_went_wrong"":""预测 home 胜 (81%), 实际 home (3-0) - 方向正确"",""column_2_pattern"":""NONE (预测正确)"",""column_3_skill_update"":""Brier Score 0.066, 校准良好""}],""skill_updates_suggested"":[],""rule_9_compliance"":true}"
114,45,45,fd51d4dbc93ff4076183d12f1736784461bc4759b58ca25fbe9aff0250660a24,2026-07-19T00:02:32.048243,0.19334600000000007,[],"{""timestamp"":""2026-07-19T00:02:32.048243"",""match"":""奥地利 vs Jordan"",""stage"":""group"",""predicted"":{""home_win_prob"":64.1,""draw_prob"":18.3,""away_win_prob"":17.6},""actual"":{""score"":""3-1"",""outcome"":""home""},""probability_error"":{""predicted_outcome"":""home"",""actual_outcome"":""home"",""predicted_prob"":0.641,""actual_prob"":1.0,""brier_score"":0.1933,""upset"":false,""error_magnitude"":0.141,""score"":""3-1""},""matched_patterns"":[],""dual_column_review"":[{""column_1_what_went_wrong"":""预测 home 胜 (64%), 实际 home (3-1) - 方向正确"",""column_2_pattern"":""NONE (预测正确)"",""column_3_skill_update"":""Brier Score 0.193, 校准良好""}],""skill_updates_suggested"":[],""rule_9_compliance"":true}"
115,47,443,398723b789b31bac2fb4cdfd3179b6d15bb0f5ce0e63d86db06007a42cb0a375,2026-07-19T00:02:39.066047,1.3026480000000003,[],"{""timestamp"":""2026-07-19T00:02:39.066047"",""match"":""葡萄牙 vs Congo DR"",""stage"":""group"",""predicted"":{""home_win_prob"":80.2,""draw_prob"":18.8,""away_win_prob"":1.0},""actual"":{""score"":""1-1"",""outcome"":""draw""},""probability_error"":{""predicted_outcome"":""home"",""actual_outcome"":""draw"",""predicted_prob"":0.802,""actual_prob"":1.0,""brier_score"":1.3026,""upset"":true,""error_magnitude"":0.802,""score"":""1-1""},""matched_patterns"":[],""dual_column_review"":[{""column_1_what_went_wrong"":""预测 home 胜 (80%), 实际 draw (1-1)"",""column_2_pattern"":""M_UNKNOWN"",""column_3_skill_update"":""N/A""}],""skill_updates_suggested"":[],""rule_9_compliance"":true}"
116,49,444,6faf4e4a378177149b80491cfd2bb8907aa7ffc716f27adc342f6218c28d5743,2026-07-19T00:02:40.606526,0.142382,[],"{""timestamp"":""2026-07-19T00:02:40.606526"",""match"":""英格兰 vs 克罗地亚"",""stage"":""group"",""predicted"":{""home_win_prob"":72.6,""draw_prob"":25.9,""away_win_prob"":1.5},""actual"":{""score"":""4-2"",""outcome"":""home""},""probability_error"":{""predicted_outcome"":""home"",""actual_outcome"":""home"",""predicted_prob"":0.726,""actual_prob"":1.0,""brier_score"":0.1424,""upset"":false,""error_magnitude"":0.226,""score"":""4-2""},""matched_patterns"":[],""dual_column_review"":[{""column_1_what_went_wrong"":""预测 home 胜 (73%), 实际 home (4-2) - 方向正确"",""column_2_pattern"":""NONE (预测正确)"",""column_3_skill_update"":""Brier Score 0.142, 校准良好""}],""skill_updates_suggested"":[],""rule_9_compliance"":true}"
117,52,52,54a8758abd1ab50ca54d250b1085da1628bc78adcfe1fde208919b0bdcf12d22,2026-07-19T00:02:45.398320,1.003658,"[""M1_label_pinning""]","{""timestamp"":""2026-07-19T00:02:45.398320"",""match"":""加纳 vs 巴拿马"",""stage"":""group"",""predicted"":{""home_win_prob"":18.5,""draw_prob"":34.7,""away_win_prob"":46.8},""actual"":{""score"":""1-0"",""outcome"":""home""},""probability_error"":{""predicted_outcome"":""away"",""actual_outcome"":""home"",""predicted_prob"":0.468,""actual_prob"":1.0,""brier_score"":1.0037,""upset"":true,""error_magnitude"":0.468,""score"":""1-0""},""matched_patterns"":[""M1_label_pinning""],""dual_column_review"":[{""column_1_what_went_wrong"":""预测 away 胜 (47%), 实际 home (1-0)"",""column_2_pattern"":""M1_label_pinning"",""column_3_skill_update"":""按对手风格动态调整 -15% 加权""}],""skill_updates_suggested"":[{""pattern_id"":""M1_label_pinning"",""pattern_name"":""标签固化"",""description"":""如\""反击之王\""标签一成不变加权, 忽略对手风格"",""suggested_fix"":""按对手风格动态调整 -15% 加权"",""priority"":""high""}],""rule_9_compliance"":true}"
118,54,446,9ec3b1f5a943a74334272d9a9099dcf4b7704a0383baab371ffdd67c71510d40,2026-07-19T00:02:45.840247,0.15861600000000006,"[""M6_passive_degradation""]","{""timestamp"":""2026-07-19T00:02:45.840247"",""match"":""乌兹别克斯坦 vs 哥伦比亚"",""stage"":""group"",""predicted"":{""home_win_prob"":13.8,""draw_prob"":18.6,""away_win_prob"":67.6},""actual"":{""score"":""1-3"",""outcome"":""away""},""probability_error"":{""predicted_outcome"":""away"",""actual_outcome"":""away"",""predicted_prob"":0.676,""actual_prob"":1.0,""brier_score"":0.1586,""upset"":false,""error_magnitude"":0.176,""score"":""1-3""},""matched_patterns"":[""M6_passive_degradation""],""dual_column_review"":[{""column_1_what_went_wrong"":""预测 away 胜 (68%), 实际 away (1-3) - 方向正确"",""column_2_pattern"":""NONE (预测正确)"",""column_3_skill_update"":""Brier Score 0.159, 校准良好""}],""skill_updates_suggested"":[{""pattern_id"":""M6_passive_degradation"",""pattern_name"":""被动降级陷阱"",""description"":""数据缺失时静默跳过, 不主动获取"",""suggested_fix"":""强制主动获取实时数据 (Rule 10)"",""priority"":""medium""}],""rule_9_compliance"":true}"
119,56,56,157a47f1216d0ff8f5f830b5c33d5ecc688c62fabb213e3301f5839e9f5704e4,2026-07-19T00:02:50.698483,1.162994,[],"{""timestamp"":""2026-07-19T00:02:50.698483"",""match"":""捷克 vs 南非"",""stage"":""group"",""predicted"":{""home_win_prob"":75.7,""draw_prob"":23.2,""away_win_prob"":1.1},""actual"":{""score"":""1-1"",""outcome"":""draw""},""probability_error"":{""predicted_outcome"":""home"",""actual_outcome"":""draw"",""predicted_prob"":0.757,""actual_prob"":1.0,""brier_score"":1.163,""upset"":true,""error_magnitude"":0.757,""score"":""1-1""},""matched_patterns"":[],""dual_column_review"":[{""column_1_what_went_wrong"":""预测 home 胜 (76%), 实际 draw (1-1)"",""column_2_pattern"":""M_UNKNOWN"",""column_3_skill_update"":""N/A""}],""skill_updates_suggested"":[],""rule_9_compliance"":true}"
120,59,448,b695773ba6fbcd3b53f3a919f9daa535cd5280e7ca41257554c41121c55b3b3a,2026-07-19T00:02:52.364893,0.115934,[],"{""timestamp"":""2026-07-19T00:02:52.364893"",""match"":""瑞士 vs 波黑"",""stage"":""group"",""predicted"":{""home_win_prob"":74.1,""draw_prob"":21.7,""away_win_prob"":4.2},""actual"":{""score"":""4-1"",""outcome"":""home""},""probability_error"":{""predicted_outcome"":""home"",""actual_outcome"":""home"",""predicted_prob"":0.741,""actual_prob"":1.0,""brier_score"":0.1159,""upset"":false,""error_magnitude"":0.241,""score"":""4-1""},""matched_patterns"":[],""dual_column_review"":[{""column_1_what_went_wrong"":""预测 home 胜 (74%), 实际 home (4-1) - 方向正确"",""column_2_pattern"":""NONE (预测正确)"",""column_3_skill_update"":""Brier Score 0.116, 校准良好""}],""skill_updates_suggested"":[],""rule_9_compliance"":true}"
121,61,61,dee8e43c233d916d56e087aad7f98c7fbcb30c61b37f707554e6f9d67bd48bd0,2026-07-19T00:02:54.018894,0.112866,[],"{""timestamp"":""2026-07-19T00:02:54.018894"",""match"":""加拿大 vs 卡塔尔"",""stage"":""group"",""predicted"":{""home_win_prob"":73.7,""draw_prob"":19.9,""away_win_prob"":6.4},""actual"":{""score"":""6-0"",""outcome"":""home""},""probability_error"":{""predicted_outcome"":""home"",""actual_outcome"":""home"",""predicted_prob"":0.737,""actual_prob"":1.0,""brier_score"":0.1129,""upset"":false,""error_magnitude"":0.237,""score"":""6-0""},""matched_patterns"":[],""dual_column_review"":[{""column_1_what_went_wrong"":""预测 home 胜 (74%), 实际 home (6-0) - 方向正确"",""column_2_pattern"":""NONE (预测正确)"",""column_3_skill_update"":""Brier Score 0.113, 校准良好""}],""skill_updates_suggested"":[],""rule_9_compliance"":true}"
122,63,63,9e28c24329979ad84837f05c2b284191a784d1b02f10edef65eeb7240749d7e6,2026-07-19T00:02:55.569968,0.6339920000000001,[],"{""timestamp"":""2026-07-19T00:02:55.569968"",""match"":""墨西哥 vs 韩国"",""stage"":""group"",""predicted"":{""home_win_prob"":35.0,""draw_prob"":31.4,""away_win_prob"":33.6},""actual"":{""score"":""1-0"",""outcome"":""home""},""probability_error"":{""predicted_outcome"":""home"",""actual_outcome"":""home"",""predicted_prob"":0.35,""actual_prob"":1.0,""brier_score"":0.634,""upset"":false,""error_magnitude"":0.15,""score"":""1-0""},""matched_patterns"":[],""dual_column_review"":[{""column_1_what_went_wrong"":""预测 home 胜 (35%), 实际 home (1-0) - 方向正确"",""column_2_pattern"":""NONE (预测正确)"",""column_3_skill_update"":""Brier Score 0.634, 需要更多数据""}],""skill_updates_suggested"":[],""rule_9_compliance"":true}"
123,65,65,739ed6fa4144d74b7d89be11e560ca25d5365e2801dc0c624a7a5f81c2343c79,2026-07-19T00:02:57.301671,0.258398,"[""M6_passive_degradation""]","{""timestamp"":""2026-07-19T00:02:57.301671"",""match"":""美国 vs 澳大利亚"",""stage"":""group"",""predicted"":{""home_win_prob"":58.5,""draw_prob"":21.3,""away_win_prob"":20.2},""actual"":{""score"":""2-0"",""outcome"":""home""},""probability_error"":{""predicted_outcome"":""home"",""actual_outcome"":""home"",""predicted_prob"":0.585,""actual_prob"":1.0,""brier_score"":0.2584,""upset"":false,""error_magnitude"":0.085,""score"":""2-0""},""matched_patterns"":[""M6_passive_degradation""],""dual_column_review"":[{""column_1_what_went_wrong"":""预测 home 胜 (58%), 实际 home (2-0) - 方向正确"",""column_2_pattern"":""NONE (预测正确)"",""column_3_skill_update"":""Brier Score 0.258, 校准良好""}],""skill_updates_suggested"":[{""pattern_id"":""M6_passive_degradation"",""pattern_name"":""被动降级陷阱"",""description"":""数据缺失时静默跳过, 不主动获取"",""suggested_fix"":""强制主动获取实时数据 (Rule 10)"",""priority"":""medium""}],""rule_9_compliance"":true}"
124,68,452,ab153d130986a5fd687d4980a3010a6002fc5f68280250e58ab934df5c576fc8,2026-07-19T00:03:04.481142,0.17932199999999998,"[""M6_passive_degradation""]","{""timestamp"":""2026-07-19T00:03:04.481142"",""match"":""苏格兰 vs 摩洛哥"",""stage"":""group"",""predicted"":{""home_win_prob"":12.1,""draw_prob"":22.0,""away_win_prob"":65.9},""actual"":{""score"":""0-1"",""outcome"":""away""},""probability_error"":{""predicted_outcome"":""away"",""actual_outcome"":""away"",""predicted_prob"":0.659,""actual_prob"":1.0,""brier_score"":0.1793,""upset"":false,""error_magnitude"":0.159,""score"":""0-1""},""matched_patterns"":[""M6_passive_degradation""],""dual_column_review"":[{""column_1_what_went_wrong"":""预测 away 胜 (66%), 实际 away (0-1) - 方向正确"",""column_2_pattern"":""NONE (预测正确)"",""column_3_skill_update"":""Brier Score 0.179, 校准良好""}],""skill_updates_suggested"":[{""pattern_id"":""M6_passive_degradation"",""pattern_name"":""被动降级陷阱"",""description"":""数据缺失时静默跳过, 不主动获取"",""suggested_fix"":""强制主动获取实时数据 (Rule 10)"",""priority"":""medium""}],""rule_9_compliance"":true}"
125,71,71,18f3311b715acc3ac646b7dccefde6693c23cf1d5d8394cd93c96aef3815a48c,2026-07-19T00:03:12.136614,0.05832199999999998,"[""M6_passive_degradation""]","{""timestamp"":""2026-07-19T00:03:12.136614"",""match"":""巴西 vs 海地"",""stage"":""group"",""predicted"":{""home_win_prob"":82.4,""draw_prob"":16.5,""away_win_prob"":1.1},""actual"":{""score"":""3-0"",""outcome"":""home""},""probability_error"":{""predicted_outcome"":""home"",""actual_outcome"":""home"",""predicted_prob"":0.824,""actual_prob"":1.0,""brier_score"":0.0583,""upset"":false,""error_magnitude"":0.324,""score"":""3-0""},""matched_patterns"":[""M6_passive_degradation""],""dual_column_review"":[{""column_1_what_went_wrong"":""预测 home 胜 (82%), 实际 home (3-0) - 方向正确"",""column_2_pattern"":""NONE (预测正确)"",""column_3_skill_update"":""Brier Score 0.058, 校准良好""}],""skill_updates_suggested"":[{""pattern_id"":""M6_passive_degradation"",""pattern_name"":""被动降级陷阱"",""description"":""数据缺失时静默跳过, 不主动获取"",""suggested_fix"":""强制主动获取实时数据 (Rule 10)"",""priority"":""high""}],""rule_9_compliance"":true}"
126,73,73,9990be7ade9d65184faf695fc74f126c1fa4203879551d41b2ec90d7a814ef47,2026-07-19T00:03:13.411589,1.171986,"[""M1_label_pinning""]","{""timestamp"":""2026-07-19T00:03:13.411589"",""match"":""土耳其 vs 巴拉圭"",""stage"":""group"",""predicted"":{""home_win_prob"":61.6,""draw_prob"":24.1,""away_win_prob"":14.3},""actual"":{""score"":""0-1"",""outcome"":""away""},""probability_error"":{""predicted_outcome"":""home"",""actual_outcome"":""away"",""predicted_prob"":0.616,""actual_prob"":1.0,""brier_score"":1.172,""upset"":true,""error_magnitude"":0.616,""score"":""0-1""},""matched_patterns"":[""M1_label_pinning""],""dual_column_review"":[{""column_1_what_went_wrong"":""预测 home 胜 (62%), 实际 away (0-1)"",""column_2_pattern"":""M1_label_pinning"",""column_3_skill_update"":""按对手风格动态调整 -15% 加权""}],""skill_updates_suggested"":[{""pattern_id"":""M1_label_pinning"",""pattern_name"":""标签固化"",""description"":""如\""反击之王\""标签一成不变加权, 忽略对手风格"",""suggested_fix"":""按对手风格动态调整 -15% 加权"",""priority"":""high""}],""rule_9_compliance"":true}"
127,75,455,748dfabfe1d6e8a9c76a78f41b57e49b8c7103267f8942183faa34b6c3d9968d,2026-07-19T00:03:20.010845,0.07584199999999996,"[""M6_passive_degradation""]","{""timestamp"":""2026-07-19T00:03:20.010845"",""match"":""荷兰 vs 瑞典"",""stage"":""group"",""predicted"":{""home_win_prob"":80.0,""draw_prob"":18.9,""away_win_prob"":1.1},""actual"":{""score"":""5-1"",""outcome"":""home""},""probability_error"":{""predicted_outcome"":""home"",""actual_outcome"":""home"",""predicted_prob"":0.8,""actual_prob"":1.0,""brier_score"":0.0758,""upset"":false,""error_magnitude"":0.3,""score"":""5-1""},""matched_patterns"":[""M6_passive_degradation""],""dual_column_review"":[{""column_1_what_went_wrong"":""预测 home 胜 (80%), 实际 home (5-1) - 方向正确"",""column_2_pattern"":""NONE (预测正确)"",""column_3_skill_update"":""Brier Score 0.076, 校准良好""}],""skill_updates_suggested"":[{""pattern_id"":""M6_passive_degradation"",""pattern_name"":""被动降级陷阱"",""description"":""数据缺失时静默跳过, 不主动获取"",""suggested_fix"":""强制主动获取实时数据 (Rule 10)"",""priority"":""medium""}],""rule_9_compliance"":true}"
128,77,456,4481286f803a2106f7001b14903ff6b7a1a6944f828ea6f05432b8d1771c8b5f,2026-07-19T00:03:26.611758,0.05696600000000002,"[""M6_passive_degradation""]","{""timestamp"":""2026-07-19T00:03:26.611758"",""match"":""德国 vs 科特迪瓦"",""stage"":""group"",""predicted"":{""home_win_prob"":82.6,""draw_prob"":16.3,""away_win_prob"":1.1},""actual"":{""score"":""2-1"",""outcome"":""home""},""probability_error"":{""predicted_outcome"":""home"",""actual_outcome"":""home"",""predicted_prob"":0.826,""actual_prob"":1.0,""brier_score"":0.057,""upset"":false,""error_magnitude"":0.326,""score"":""2-1""},""matched_patterns"":[""M6_passive_degradation""],""dual_column_review"":[{""column_1_what_went_wrong"":""预测 home 胜 (83%), 实际 home (2-1) - 方向正确"",""column_2_pattern"":""NONE (预测正确)"",""column_3_skill_update"":""Brier Score 0.057, 校准良好""}],""skill_updates_suggested"":[{""pattern_id"":""M6_passive_degradation"",""pattern_name"":""被动降级陷阱"",""description"":""数据缺失时静默跳过, 不主动获取"",""suggested_fix"":""强制主动获取实时数据 (Rule 10)"",""priority"":""high""}],""rule_9_compliance"":true}"
129,81,81,51b633825a4d416b10d2a864417da6919a521c39d8af60dbc1e54f95d7f07b32,2026-07-19T00:03:31.316593,1.177178,"[""M6_passive_degradation""]","{""timestamp"":""2026-07-19T00:03:31.316593"",""match"":""厄瓜多尔 vs 库拉索"",""stage"":""group"",""predicted"":{""home_win_prob"":69.2,""draw_prob"":17.5,""away_win_prob"":13.3},""actual"":{""score"":""0-0"",""outcome"":""draw""},""probability_error"":{""predicted_outcome"":""home"",""actual_outcome"":""draw"",""predicted_prob"":0.692,""actual_prob"":1.0,""brier_score"":1.1772,""upset"":true,""error_magnitude"":0.692,""score"":""0-0""},""matched_patterns"":[""M6_passive_degradation""],""dual_column_review"":[{""column_1_what_went_wrong"":""预测 home 胜 (69%), 实际 draw (0-0)"",""column_2_pattern"":""M6_passive_degradation"",""column_3_skill_update"":""强制主动获取实时数据 (Rule 10)""}],""skill_updates_suggested"":[{""pattern_id"":""M6_passive_degradation"",""pattern_name"":""被动降级陷阱"",""description"":""数据缺失时静默跳过, 不主动获取"",""suggested_fix"":""强制主动获取实时数据 (Rule 10)"",""priority"":""high""}],""rule_9_compliance"":true}"
130,87,87,bd41d7d207d13698e00c166a5fce509d1ad2444d5f02ba1c5f7342791e185652,2026-07-19T00:03:37.651065,0.20083399999999998,"[""M6_passive_degradation""]","{""timestamp"":""2026-07-19T00:03:37.651065"",""match"":""突尼斯 vs 日本"",""stage"":""group"",""predicted"":{""home_win_prob"":10.9,""draw_prob"":24.8,""away_win_prob"":64.3},""actual"":{""score"":""0-4"",""outcome"":""away""},""probability_error"":{""predicted_outcome"":""away"",""actual_outcome"":""away"",""predicted_prob"":0.643,""actual_prob"":1.0,""brier_score"":0.2008,""upset"":false,""error_magnitude"":0.143,""score"":""0-4""},""matched_patterns"":[""M6_passive_degradation""],""dual_column_review"":[{""column_1_what_went_wrong"":""预测 away 胜 (64%), 实际 away (0-4) - 方向正确"",""column_2_pattern"":""NONE (预测正确)"",""column_3_skill_update"":""Brier Score 0.201, 校准良好""}],""skill_updates_suggested"":[{""pattern_id"":""M6_passive_degradation"",""pattern_name"":""被动降级陷阱"",""description"":""数据缺失时静默跳过, 不主动获取"",""suggested_fix"":""强制主动获取实时数据 (Rule 10)"",""priority"":""medium""}],""rule_9_compliance"":true}"
131,89,459,cd53bdea84f399f5eb9edc421b90e9c2008d910a53e881e8d33138ec7def588f,2026-07-19T00:03:38.944962,0.06178199999999998,[],"{""timestamp"":""2026-07-19T00:03:38.944962"",""match"":""西班牙 vs 沙特"",""stage"":""group"",""predicted"":{""home_win_prob"":81.9,""draw_prob"":17.0,""away_win_prob"":1.1},""actual"":{""score"":""4-0"",""outcome"":""home""},""probability_error"":{""predicted_outcome"":""home"",""actual_outcome"":""home"",""predicted_prob"":0.819,""actual_prob"":1.0,""brier_score"":0.0618,""upset"":false,""error_magnitude"":0.319,""score"":""4-0""},""matched_patterns"":[],""dual_column_review"":[{""column_1_what_went_wrong"":""预测 home 胜 (82%), 实际 home (4-0) - 方向正确"",""column_2_pattern"":""NONE (预测正确)"",""column_3_skill_update"":""Brier Score 0.062, 校准良好""}],""skill_updates_suggested"":[],""rule_9_compliance"":true}"
132,93,460,07a28a9524cd4ed418be952edf18c5391338ab7302a5dafa0240bb103330cf8f,2026-07-19T00:03:45.028764,1.1102420000000002,"[""M6_passive_degradation""]","{""timestamp"":""2026-07-19T00:03:45.028764"",""match"":""比利时 vs 伊朗"",""stage"":""group"",""predicted"":{""home_win_prob"":71.1,""draw_prob"":22.5,""away_win_prob"":6.4},""actual"":{""score"":""0-0"",""outcome"":""draw""},""probability_error"":{""predicted_outcome"":""home"",""actual_outcome"":""draw"",""predicted_prob"":0.711,""actual_prob"":1.0,""brier_score"":1.1102,""upset"":true,""error_magnitude"":0.711,""score"":""0-0""},""matched_patterns"":[""M6_passive_degradation""],""dual_column_review"":[{""column_1_what_went_wrong"":""预测 home 胜 (71%), 实际 draw (0-0)"",""column_2_pattern"":""M6_passive_degradation"",""column_3_skill_update"":""强制主动获取实时数据 (Rule 10)""}],""skill_updates_suggested"":[{""pattern_id"":""M6_passive_degradation"",""pattern_name"":""被动降级陷阱"",""description"":""数据缺失时静默跳过, 不主动获取"",""suggested_fix"":""强制主动获取实时数据 (Rule 10)"",""priority"":""high""}],""rule_9_compliance"":true}"
133,96,461,5dff402ac2a77347dd7e58f8153c20ee469ca9fbc02271a8a15db1086e02a99e,2026-07-19T00:03:48.928593,1.126242,[],"{""timestamp"":""2026-07-19T00:03:48.928593"",""match"":""乌拉圭 vs 佛得角"",""stage"":""group"",""predicted"":{""home_win_prob"":69.6,""draw_prob"":20.5,""away_win_prob"":9.9},""actual"":{""score"":""2-2"",""outcome"":""draw""},""probability_error"":{""predicted_outcome"":""home"",""actual_outcome"":""draw"",""predicted_prob"":0.696,""actual_prob"":1.0,""brier_score"":1.1262,""upset"":true,""error_magnitude"":0.696,""score"":""2-2""},""matched_patterns"":[],""dual_column_review"":[{""column_1_what_went_wrong"":""预测 home 胜 (70%), 实际 draw (2-2)"",""column_2_pattern"":""M_UNKNOWN"",""column_3_skill_update"":""N/A""}],""skill_updates_suggested"":[],""rule_9_compliance"":true}"
134,98,98,c9d47cfa95d54c2dfbea423024a0eb2958240d884a32e81568a5e8265a6676f1,2026-07-19T00:03:54.989099,0.3065280000000001,"[""M6_passive_degradation""]","{""timestamp"":""2026-07-19T00:03:54.989099"",""match"":""新西兰 vs 埃及"",""stage"":""group"",""predicted"":{""home_win_prob"":22.0,""draw_prob"":23.2,""away_win_prob"":54.8},""actual"":{""score"":""1-3"",""outcome"":""away""},""probability_error"":{""predicted_outcome"":""away"",""actual_outcome"":""away"",""predicted_prob"":0.548,""actual_prob"":1.0,""brier_score"":0.3065,""upset"":false,""error_magnitude"":0.048,""score"":""1-3""},""matched_patterns"":[""M6_passive_degradation""],""dual_column_review"":[{""column_1_what_went_wrong"":""预测 away 胜 (55%), 实际 away (1-3) - 方向正确"",""column_2_pattern"":""NONE (预测正确)"",""column_3_skill_update"":""Brier Score 0.306, 需要更多数据""}],""skill_updates_suggested"":[{""pattern_id"":""M6_passive_degradation"",""pattern_name"":""被动降级陷阱"",""description"":""数据缺失时静默跳过, 不主动获取"",""suggested_fix"":""强制主动获取实时数据 (Rule 10)"",""priority"":""medium""}],""rule_9_compliance"":true}"
135,102,102,efd22bc308956846a40f90b4019dd0f2cb27311f49c8819c98d4667095cc4c46,2026-07-19T00:03:58.639310,0.07049399999999999,[],"{""timestamp"":""2026-07-19T00:03:58.639310"",""match"":""阿根廷 vs 奥地利"",""stage"":""group"",""predicted"":{""home_win_prob"":80.7,""draw_prob"":18.2,""away_win_prob"":1.1},""actual"":{""score"":""2-0"",""outcome"":""home""},""probability_error"":{""predicted_outcome"":""home"",""actual_outcome"":""home"",""predicted_prob"":0.807,""actual_prob"":1.0,""brier_score"":0.0705,""upset"":false,""error_magnitude"":0.307,""score"":""2-0""},""matched_patterns"":[],""dual_column_review"":[{""column_1_what_went_wrong"":""预测 home 胜 (81%), 实际 home (2-0) - 方向正确"",""column_2_pattern"":""NONE (预测正确)"",""column_3_skill_update"":""Brier Score 0.070, 校准良好""}],""skill_updates_suggested"":[],""rule_9_compliance"":true}"
136,106,106,11d1f7ae5af59aff44b32e9c2c7bc16a34bda4635ef07574a6ac54e78e6bf54c,2026-07-19T00:04:02.293980,0.05263800000000001,[],"{""timestamp"":""2026-07-19T00:04:02.293980"",""match"":""法国 vs Iraq"",""stage"":""group"",""predicted"":{""home_win_prob"":83.3,""draw_prob"":15.7,""away_win_prob"":1.0},""actual"":{""score"":""3-0"",""outcome"":""home""},""probability_error"":{""predicted_outcome"":""home"",""actual_outcome"":""home"",""predicted_prob"":0.833,""actual_prob"":1.0,""brier_score"":0.0526,""upset"":false,""error_magnitude"":0.333,""score"":""3-0""},""matched_patterns"":[],""dual_column_review"":[{""column_1_what_went_wrong"":""预测 home 胜 (83%), 实际 home (3-0) - 方向正确"",""column_2_pattern"":""NONE (预测正确)"",""column_3_skill_update"":""Brier Score 0.053, 校准良好""}],""skill_updates_suggested"":[],""rule_9_compliance"":true}"
137,110,110,61bbf470d9db7a771d39bd00f1737e13edb82a303cca74fd43a15d630dd3f058,2026-07-19T00:04:05.423050,1.120392,[],"{""timestamp"":""2026-07-19T00:04:05.423050"",""match"":""挪威 vs 塞内加尔"",""stage"":""group"",""predicted"":{""home_win_prob"":15.4,""draw_prob"":27.0,""away_win_prob"":57.6},""actual"":{""score"":""3-2"",""outcome"":""home""},""probability_error"":{""predicted_outcome"":""away"",""actual_outcome"":""home"",""predicted_prob"":0.576,""actual_prob"":1.0,""brier_score"":1.1204,""upset"":true,""error_magnitude"":0.576,""score"":""3-2""},""matched_patterns"":[],""dual_column_review"":[{""column_1_what_went_wrong"":""预测 away 胜 (58%), 实际 home (3-2)"",""column_2_pattern"":""M_UNKNOWN"",""column_3_skill_update"":""N/A""}],""skill_updates_suggested"":[],""rule_9_compliance"":true}"
138,112,112,52077d226844ea180317e3e6f613887a87e5a728f1a8de866602e62528474ce3,2026-07-19T00:04:07.074769,0.4804560000000001,[],"{""timestamp"":""2026-07-19T00:04:07.074769"",""match"":""Jordan vs 阿尔及利亚"",""stage"":""group"",""predicted"":{""home_win_prob"":40.2,""draw_prob"":14.4,""away_win_prob"":45.4},""actual"":{""score"":""1-2"",""outcome"":""away""},""probability_error"":{""predicted_outcome"":""away"",""actual_outcome"":""away"",""predicted_prob"":0.454,""actual_prob"":1.0,""brier_score"":0.4805,""upset"":false,""error_magnitude"":0.046,""score"":""1-2""},""matched_patterns"":[],""dual_column_review"":[{""column_1_what_went_wrong"":""预测 away 胜 (45%), 实际 away (1-2) - 方向正确"",""column_2_pattern"":""NONE (预测正确)"",""column_3_skill_update"":""Brier Score 0.480, 需要更多数据""}],""skill_updates_suggested"":[],""rule_9_compliance"":true}"
139,114,467,0df3f0a4857f3699af37269ff2cb29527b18263ec83d7e767362641b747fed53,2026-07-19T00:04:07.441227,0.06319399999999997,"[""M6_passive_degradation""]","{""timestamp"":""2026-07-19T00:04:07.441227"",""match"":""葡萄牙 vs 乌兹别克斯坦"",""stage"":""group"",""predicted"":{""home_win_prob"":81.7,""draw_prob"":17.2,""away_win_prob"":1.1},""actual"":{""score"":""5-0"",""outcome"":""home""},""probability_error"":{""predicted_outcome"":""home"",""actual_outcome"":""home"",""predicted_prob"":0.817,""actual_prob"":1.0,""brier_score"":0.0632,""upset"":false,""error_magnitude"":0.317,""score"":""5-0""},""matched_patterns"":[""M6_passive_degradation""],""dual_column_review"":[{""column_1_what_went_wrong"":""预测 home 胜 (82%), 实际 home (5-0) - 方向正确"",""column_2_pattern"":""NONE (预测正确)"",""column_3_skill_update"":""Brier Score 0.063, 校准良好""}],""skill_updates_suggested"":[{""pattern_id"":""M6_passive_degradation"",""pattern_name"":""被动降级陷阱"",""description"":""数据缺失时静默跳过, 不主动获取"",""suggested_fix"":""强制主动获取实时数据 (Rule 10)"",""priority"":""high""}],""rule_9_compliance"":true}"
140,116,468,b5e6e70ee1a71047f94cf94f44f1e68a0e88867c019090203a3b89932a70aa27,2026-07-19T00:04:08.897625,1.363082,[],"{""timestamp"":""2026-07-19T00:04:08.897625"",""match"":""英格兰 vs 加纳"",""stage"":""group"",""predicted"":{""home_win_prob"":82.0,""draw_prob"":16.9,""away_win_prob"":1.1},""actual"":{""score"":""0-0"",""outcome"":""draw""},""probability_error"":{""predicted_outcome"":""home"",""actual_outcome"":""draw"",""predicted_prob"":0.82,""actual_prob"":1.0,""brier_score"":1.3631,""upset"":true,""error_magnitude"":0.82,""score"":""0-0""},""matched_patterns"":[],""dual_column_review"":[{""column_1_what_went_wrong"":""预测 home 胜 (82%), 实际 draw (0-0)"",""column_2_pattern"":""M_UNKNOWN"",""column_3_skill_update"":""N/A""}],""skill_updates_suggested"":[],""rule_9_compliance"":true}"
141,120,469,ed118931d874443dff950e76972fa2ddbe7e0b1d8a3b37ce77149071d0412ae1,2026-07-19T00:04:12.727156,0.292086,[],"{""timestamp"":""2026-07-19T00:04:12.727156"",""match"":""巴拿马 vs 克罗地亚"",""stage"":""group"",""predicted"":{""home_win_prob"":20.7,""draw_prob"":23.4,""away_win_prob"":55.9},""actual"":{""score"":""0-1"",""outcome"":""away""},""probability_error"":{""predicted_outcome"":""away"",""actual_outcome"":""away"",""predicted_prob"":0.559,""actual_prob"":1.0,""brier_score"":0.2921,""upset"":false,""error_magnitude"":0.059,""score"":""0-1""},""matched_patterns"":[],""dual_column_review"":[{""column_1_what_went_wrong"":""预测 away 胜 (56%), 实际 away (0-1) - 方向正确"",""column_2_pattern"":""NONE (预测正确)"",""column_3_skill_update"":""Brier Score 0.292, 校准良好""}],""skill_updates_suggested"":[],""rule_9_compliance"":true}"
142,122,470,4deef0f9e2747d94effc04e0af07019e2d7babac4aedaf75d065de59cdb8f34d,2026-07-19T00:04:14.020986,0.119814,[],"{""timestamp"":""2026-07-19T00:04:14.020986"",""match"":""哥伦比亚 vs Congo DR"",""stage"":""group"",""predicted"":{""home_win_prob"":72.6,""draw_prob"":19.7,""away_win_prob"":7.7},""actual"":{""score"":""1-0"",""outcome"":""home""},""probability_error"":{""predicted_outcome"":""home"",""actual_outcome"":""home"",""predicted_prob"":0.726,""actual_prob"":1.0,""brier_score"":0.1198,""upset"":false,""error_magnitude"":0.226,""score"":""1-0""},""matched_patterns"":[],""dual_column_review"":[{""column_1_what_went_wrong"":""预测 home 胜 (73%), 实际 home (1-0) - 方向正确"",""column_2_pattern"":""NONE (预测正确)"",""column_3_skill_update"":""Brier Score 0.120, 校准良好""}],""skill_updates_suggested"":[],""rule_9_compliance"":true}"
143,125,125,bb9d6b16a7fd9ab6028154171aaa854400eec1d252c07bf8b56ae5d9e0c6ba97,2026-07-19T00:04:15.615644,0.44215399999999994,"[""M6_passive_degradation""]","{""timestamp"":""2026-07-19T00:04:15.615644"",""match"":""波黑 vs 卡塔尔"",""stage"":""group"",""predicted"":{""home_win_prob"":46.7,""draw_prob"":17.7,""away_win_prob"":35.6},""actual"":{""score"":""3-1"",""outcome"":""home""},""probability_error"":{""predicted_outcome"":""home"",""actual_outcome"":""home"",""predicted_prob"":0.467,""actual_prob"":1.0,""brier_score"":0.4422,""upset"":false,""error_magnitude"":0.033,""score"":""3-1""},""matched_patterns"":[""M6_passive_degradation""],""dual_column_review"":[{""column_1_what_went_wrong"":""预测 home 胜 (47%), 实际 home (3-1) - 方向正确"",""column_2_pattern"":""NONE (预测正确)"",""column_3_skill_update"":""Brier Score 0.442, 需要更多数据""}],""skill_updates_suggested"":[{""pattern_id"":""M6_passive_degradation"",""pattern_name"":""被动降级陷阱"",""description"":""数据缺失时静默跳过, 不主动获取"",""suggested_fix"":""强制主动获取实时数据 (Rule 10)"",""priority"":""medium""}],""rule_9_compliance"":true}"
144,127,472,492ea320172f7e841cbaf579f7b6ce19597b53e497cd3cac90d765940b40489a,2026-07-19T00:04:16.638913,0.383102,[],"{""timestamp"":""2026-07-19T00:04:16.638913"",""match"":""瑞士 vs 加拿大"",""stage"":""group"",""predicted"":{""home_win_prob"":51.1,""draw_prob"":35.5,""away_win_prob"":13.4},""actual"":{""score"":""2-1"",""outcome"":""home""},""probability_error"":{""predicted_outcome"":""home"",""actual_outcome"":""home"",""predicted_prob"":0.511,""actual_prob"":1.0,""brier_score"":0.3831,""upset"":false,""error_magnitude"":0.011,""score"":""2-1""},""matched_patterns"":[],""dual_column_review"":[{""column_1_what_went_wrong"":""预测 home 胜 (51%), 实际 home (2-1) - 方向正确"",""column_2_pattern"":""NONE (预测正确)"",""column_3_skill_update"":""Brier Score 0.383, 需要更多数据""}],""skill_updates_suggested"":[],""rule_9_compliance"":true}"
145,130,473,2c65480f50ab6455c22414c7ab82e78df81eaa02d6898ee401d98066c0ef4c9b,2026-07-19T00:04:27.378506,0.043106000000000005,"[""M6_passive_degradation""]","{""timestamp"":""2026-07-19T00:04:27.378506"",""match"":""摩洛哥 vs 海地"",""stage"":""group"",""predicted"":{""home_win_prob"":84.8,""draw_prob"":14.1,""away_win_prob"":1.1},""actual"":{""score"":""4-2"",""outcome"":""home""},""probability_error"":{""predicted_outcome"":""home"",""actual_outcome"":""home"",""predicted_prob"":0.848,""actual_prob"":1.0,""brier_score"":0.0431,""upset"":false,""error_magnitude"":0.348,""score"":""4-2""},""matched_patterns"":[""M6_passive_degradation""],""dual_column_review"":[{""column_1_what_went_wrong"":""预测 home 胜 (85%), 实际 home (4-2) - 方向正确"",""column_2_pattern"":""NONE (预测正确)"",""column_3_skill_update"":""Brier Score 0.043, 校准良好""}],""skill_updates_suggested"":[{""pattern_id"":""M6_passive_degradation"",""pattern_name"":""被动降级陷阱"",""description"":""数据缺失时静默跳过, 不主动获取"",""suggested_fix"":""强制主动获取实时数据 (Rule 10)"",""priority"":""high""}],""rule_9_compliance"":true}"
146,133,474,e6955ff605e85f71a068b28f80325e1ccf9447ec527d27f9b86ac3ba38f98941,2026-07-19T00:04:33.061901,0.09654199999999999,"[""M6_passive_degradation""]","{""timestamp"":""2026-07-19T00:04:33.061901"",""match"":""苏格兰 vs 巴西"",""stage"":""group"",""predicted"":{""home_win_prob"":1.1,""draw_prob"":21.4,""away_win_prob"":77.5},""actual"":{""score"":""0-3"",""outcome"":""away""},""probability_error"":{""predicted_outcome"":""away"",""actual_outcome"":""away"",""predicted_prob"":0.775,""actual_prob"":1.0,""brier_score"":0.0965,""upset"":false,""error_magnitude"":0.275,""score"":""0-3""},""matched_patterns"":[""M6_passive_degradation""],""dual_column_review"":[{""column_1_what_went_wrong"":""预测 away 胜 (78%), 实际 away (0-3) - 方向正确"",""column_2_pattern"":""NONE (预测正确)"",""column_3_skill_update"":""Brier Score 0.097, 校准良好""}],""skill_updates_suggested"":[{""pattern_id"":""M6_passive_degradation"",""pattern_name"":""被动降级陷阱"",""description"":""数据缺失时静默跳过, 不主动获取"",""suggested_fix"":""强制主动获取实时数据 (Rule 10)"",""priority"":""medium""}],""rule_9_compliance"":true}"
147,135,135,0947edfed58902c42b6f0bea4f5978fe826b274e7490a6385ae916390d48bf21,2026-07-19T00:04:34.388640,0.25836200000000004,[],"{""timestamp"":""2026-07-19T00:04:34.388640"",""match"":""捷克 vs 墨西哥"",""stage"":""group"",""predicted"":{""home_win_prob"":20.4,""draw_prob"":21.1,""away_win_prob"":58.5},""actual"":{""score"":""0-3"",""outcome"":""away""},""probability_error"":{""predicted_outcome"":""away"",""actual_outcome"":""away"",""predicted_prob"":0.585,""actual_prob"":1.0,""brier_score"":0.2584,""upset"":false,""error_magnitude"":0.085,""score"":""0-3""},""matched_patterns"":[],""dual_column_review"":[{""column_1_what_went_wrong"":""预测 away 胜 (58%), 实际 away (0-3) - 方向正确"",""column_2_pattern"":""NONE (预测正确)"",""column_3_skill_update"":""Brier Score 0.258, 校准良好""}],""skill_updates_suggested"":[],""rule_9_compliance"":true}"
148,138,138,299a4f36be43fa9e1e3d8d67339885b955227a75b851bfbd0fa8d9fa49cb605e,2026-07-19T00:04:36.182246,1.6245420000000002,[],"{""timestamp"":""2026-07-19T00:04:36.182246"",""match"":""南非 vs 韩国"",""stage"":""group"",""predicted"":{""home_win_prob"":1.1,""draw_prob"":21.4,""away_win_prob"":77.5},""actual"":{""score"":""1-0"",""outcome"":""home""},""probability_error"":{""predicted_outcome"":""away"",""actual_outcome"":""home"",""predicted_prob"":0.775,""actual_prob"":1.0,""brier_score"":1.6245,""upset"":true,""error_magnitude"":0.775,""score"":""1-0""},""matched_patterns"":[],""dual_column_review"":[{""column_1_what_went_wrong"":""预测 away 胜 (78%), 实际 home (1-0)"",""column_2_pattern"":""M_UNKNOWN"",""column_3_skill_update"":""N/A""}],""skill_updates_suggested"":[],""rule_9_compliance"":true}"
149,143,143,f28f3327f71cc1fbfc8d73acac2afd6b685d73a1a8a4728c423694c63caa96dc,2026-07-19T00:04:42.514025,0.5901139999999999,"[""M6_passive_degradation""]","{""timestamp"":""2026-07-19T00:04:42.514025"",""match"":""库拉索 vs 科特迪瓦"",""stage"":""group"",""predicted"":{""home_win_prob"":45.1,""draw_prob"":15.2,""away_win_prob"":39.7},""actual"":{""score"":""0-2"",""outcome"":""away""},""probability_error"":{""predicted_outcome"":""home"",""actual_outcome"":""away"",""predicted_prob"":0.451,""actual_prob"":1.0,""brier_score"":0.5901,""upset"":true,""error_magnitude"":0.451,""score"":""0-2""},""matched_patterns"":[""M6_passive_degradation""],""dual_column_review"":[{""column_1_what_went_wrong"":""预测 home 胜 (45%), 实际 away (0-2)"",""column_2_pattern"":""M6_passive_degradation"",""column_3_skill_update"":""强制主动获取实时数据 (Rule 10)""}],""skill_updates_suggested"":[{""pattern_id"":""M6_passive_degradation"",""pattern_name"":""被动降级陷阱"",""description"":""数据缺失时静默跳过, 不主动获取"",""suggested_fix"":""强制主动获取实时数据 (Rule 10)"",""priority"":""high""}],""rule_9_compliance"":true}"
150,147,478,7bcb2f56709afff174bfe7ed033b8917ef635ca71ca8d67b9c9e17f3b50076bc,2026-07-19T00:04:47.124934,1.429922,"[""M6_passive_degradation""]","{""timestamp"":""2026-07-19T00:04:47.124934"",""match"":""厄瓜多尔 vs 德国"",""stage"":""group"",""predicted"":{""home_win_prob"":5.9,""draw_prob"":24.5,""away_win_prob"":69.6},""actual"":{""score"":""2-1"",""outcome"":""home""},""probability_error"":{""predicted_outcome"":""away"",""actual_outcome"":""home"",""predicted_prob"":0.696,""actual_prob"":1.0,""brier_score"":1.4299,""upset"":true,""error_magnitude"":0.696,""score"":""2-1""},""matched_patterns"":[""M6_passive_degradation""],""dual_column_review"":[{""column_1_what_went_wrong"":""预测 away 胜 (70%), 实际 home (2-1)"",""column_2_pattern"":""M6_passive_degradation"",""column_3_skill_update"":""强制主动获取实时数据 (Rule 10)""}],""skill_updates_suggested"":[{""pattern_id"":""M6_passive_degradation"",""pattern_name"":""被动降级陷阱"",""description"":""数据缺失时静默跳过, 不主动获取"",""suggested_fix"":""强制主动获取实时数据 (Rule 10)"",""priority"":""high""}],""rule_9_compliance"":true}"
151,152,152,228f7e81e50f4b0d589093c12b72cbbab28ce12a8582a2959d2f59a7448250d0,2026-07-19T00:04:53.522046,1.1983020000000002,"[""M6_passive_degradation""]","{""timestamp"":""2026-07-19T00:04:53.522046"",""match"":""日本 vs 瑞典"",""stage"":""group"",""predicted"":{""home_win_prob"":76.9,""draw_prob"":22.1,""away_win_prob"":1.0},""actual"":{""score"":""1-1"",""outcome"":""draw""},""probability_error"":{""predicted_outcome"":""home"",""actual_outcome"":""draw"",""predicted_prob"":0.769,""actual_prob"":1.0,""brier_score"":1.1983,""upset"":true,""error_magnitude"":0.769,""score"":""1-1""},""matched_patterns"":[""M6_passive_degradation""],""dual_column_review"":[{""column_1_what_went_wrong"":""预测 home 胜 (77%), 实际 draw (1-1)"",""column_2_pattern"":""M6_passive_degradation"",""column_3_skill_update"":""强制主动获取实时数据 (Rule 10)""}],""skill_updates_suggested"":[{""pattern_id"":""M6_passive_degradation"",""pattern_name"":""被动降级陷阱"",""description"":""数据缺失时静默跳过, 不主动获取"",""suggested_fix"":""强制主动获取实时数据 (Rule 10)"",""priority"":""high""}],""rule_9_compliance"":true}"
152,156,480,cd5799fbfff51c4440d3dba9cac76454b43895ca1f6a06bae6d8cad12591a02b,2026-07-19T00:05:00.617421,0.11993599999999993,"[""M6_passive_degradation""]","{""timestamp"":""2026-07-19T00:05:00.617421"",""match"":""突尼斯 vs 荷兰"",""stage"":""group"",""predicted"":{""home_win_prob"":2.4,""draw_prob"":23.2,""away_win_prob"":74.4},""actual"":{""score"":""1-3"",""outcome"":""away""},""probability_error"":{""predicted_outcome"":""away"",""actual_outcome"":""away"",""predicted_prob"":0.744,""actual_prob"":1.0,""brier_score"":0.1199,""upset"":false,""error_magnitude"":0.244,""score"":""1-3""},""matched_patterns"":[""M6_passive_degradation""],""dual_column_review"":[{""column_1_what_went_wrong"":""预测 away 胜 (74%), 实际 away (1-3) - 方向正确"",""column_2_pattern"":""NONE (预测正确)"",""column_3_skill_update"":""Brier Score 0.120, 校准良好""}],""skill_updates_suggested"":[{""pattern_id"":""M6_passive_degradation"",""pattern_name"":""被动降级陷阱"",""description"":""数据缺失时静默跳过, 不主动获取"",""suggested_fix"":""强制主动获取实时数据 (Rule 10)"",""priority"":""medium""}],""rule_9_compliance"":true}"
153,158,158,8b98b783390537bea36fd5a0731d127ece47ace5c52223c57f8bc1eb79e733dd,2026-07-19T00:05:02.054452,0.6924480000000001,[],"{""timestamp"":""2026-07-19T00:05:02.054452"",""match"":""巴拉圭 vs 澳大利亚"",""stage"":""group"",""predicted"":{""home_win_prob"":10.0,""draw_prob"":36.8,""away_win_prob"":53.2},""actual"":{""score"":""0-0"",""outcome"":""draw""},""probability_error"":{""predicted_outcome"":""away"",""actual_outcome"":""draw"",""predicted_prob"":0.532,""actual_prob"":1.0,""brier_score"":0.6924,""upset"":true,""error_magnitude"":0.532,""score"":""0-0""},""matched_patterns"":[],""dual_column_review"":[{""column_1_what_went_wrong"":""预测 away 胜 (53%), 实际 draw (0-0)"",""column_2_pattern"":""M_UNKNOWN"",""column_3_skill_update"":""N/A""}],""skill_updates_suggested"":[],""rule_9_compliance"":true}"
154,160,160,7441219eff99b7267470cf6b9ae11d757f044dbc7b3b9218e367b1bc3ac75ea4,2026-07-19T00:05:03.404581,0.634808,[],"{""timestamp"":""2026-07-19T00:05:03.404581"",""match"":""土耳其 vs 美国"",""stage"":""group"",""predicted"":{""home_win_prob"":35.0,""draw_prob"":30.2,""away_win_prob"":34.8},""actual"":{""score"":""3-2"",""outcome"":""home""},""probability_error"":{""predicted_outcome"":""home"",""actual_outcome"":""home"",""predicted_prob"":0.35,""actual_prob"":1.0,""brier_score"":0.6348,""upset"":false,""error_magnitude"":0.15,""score"":""3-2""},""matched_patterns"":[],""dual_column_review"":[{""column_1_what_went_wrong"":""预测 home 胜 (35%), 实际 home (3-2) - 方向正确"",""column_2_pattern"":""NONE (预测正确)"",""column_3_skill_update"":""Brier Score 0.635, 需要更多数据""}],""skill_updates_suggested"":[],""rule_9_compliance"":true}"
155,162,162,e7332cdedc6b48c6b350b7efc890766d7071dedec5266b3b392f78974f753016,2026-07-19T00:05:04.461367,0.08219399999999998,[],"{""timestamp"":""2026-07-19T00:05:04.461367"",""match"":""挪威 vs 法国"",""stage"":""group"",""predicted"":{""home_win_prob"":1.1,""draw_prob"":19.7,""away_win_prob"":79.2},""actual"":{""score"":""1-4"",""outcome"":""away""},""probability_error"":{""predicted_outcome"":""away"",""actual_outcome"":""away"",""predicted_prob"":0.792,""actual_prob"":1.0,""brier_score"":0.0822,""upset"":false,""error_magnitude"":0.292,""score"":""1-4""},""matched_patterns"":[],""dual_column_review"":[{""column_1_what_went_wrong"":""预测 away 胜 (79%), 实际 away (1-4) - 方向正确"",""column_2_pattern"":""NONE (预测正确)"",""column_3_skill_update"":""Brier Score 0.082, 校准良好""}],""skill_updates_suggested"":[],""rule_9_compliance"":true}"
156,164,164,b42c3c18de38f80ee5d81075957f80d3abe1c9fde5c698db4a59485d4a4141f8,2026-07-19T00:05:08.452235,0.15847799999999995,[],"{""timestamp"":""2026-07-19T00:05:08.452235"",""match"":""塞内加尔 vs Iraq"",""stage"":""group"",""predicted"":{""home_win_prob"":67.5,""draw_prob"":15.8,""away_win_prob"":16.7},""actual"":{""score"":""5-0"",""outcome"":""home""},""probability_error"":{""predicted_outcome"":""home"",""actual_outcome"":""home"",""predicted_prob"":0.675,""actual_prob"":1.0,""brier_score"":0.1585,""upset"":false,""error_magnitude"":0.175,""score"":""5-0""},""matched_patterns"":[],""dual_column_review"":[{""column_1_what_went_wrong"":""预测 home 胜 (68%), 实际 home (5-0) - 方向正确"",""column_2_pattern"":""NONE (预测正确)"",""column_3_skill_update"":""Brier Score 0.159, 校准良好""}],""skill_updates_suggested"":[],""rule_9_compliance"":true}"
157,166,166,f257b5c2ec214f67d6fad676ea2217810172b93f1c9701bafe9f59050c38c478,2026-07-19T00:05:10.116906,0.662958,[],"{""timestamp"":""2026-07-19T00:05:10.116906"",""match"":""佛得角 vs 沙特"",""stage"":""group"",""predicted"":{""home_win_prob"":46.2,""draw_prob"":35.5,""away_win_prob"":18.3},""actual"":{""score"":""0-0"",""outcome"":""draw""},""probability_error"":{""predicted_outcome"":""home"",""actual_outcome"":""draw"",""predicted_prob"":0.462,""actual_prob"":1.0,""brier_score"":0.663,""upset"":true,""error_magnitude"":0.462,""score"":""0-0""},""matched_patterns"":[],""dual_column_review"":[{""column_1_what_went_wrong"":""预测 home 胜 (46%), 实际 draw (0-0)"",""column_2_pattern"":""M_UNKNOWN"",""column_3_skill_update"":""N/A""}],""skill_updates_suggested"":[],""rule_9_compliance"":true}"
158,168,486,86e7bfe749c1300d802b0408c0b9f437cff720d8edb20419869562cfb990e105,2026-07-19T00:05:11.358390,0.33469800000000005,[],"{""timestamp"":""2026-07-19T00:05:11.358390"",""match"":""乌拉圭 vs 西班牙"",""stage"":""group"",""predicted"":{""home_win_prob"":12.5,""draw_prob"":33.2,""away_win_prob"":54.3},""actual"":{""score"":""0-1"",""outcome"":""away""},""probability_error"":{""predicted_outcome"":""away"",""actual_outcome"":""away"",""predicted_prob"":0.543,""actual_prob"":1.0,""brier_score"":0.3347,""upset"":false,""error_magnitude"":0.043,""score"":""0-1""},""matched_patterns"":[],""dual_column_review"":[{""column_1_what_went_wrong"":""预测 away 胜 (54%), 实际 away (0-1) - 方向正确"",""column_2_pattern"":""NONE (预测正确)"",""column_3_skill_update"":""Brier Score 0.335, 需要更多数据""}],""skill_updates_suggested"":[],""rule_9_compliance"":true}"
159,170,170,578344307fcae1de74a1df99c561f667f20ff72f1dd0dbc8ba1965f8e1cfbf42,2026-07-19T00:05:17.320017,1.028408,"[""M6_passive_degradation""]","{""timestamp"":""2026-07-19T00:05:17.320017"",""match"":""埃及 vs 伊朗"",""stage"":""group"",""predicted"":{""home_win_prob"":41.8,""draw_prob"":17.2,""away_win_prob"":41.0},""actual"":{""score"":""1-1"",""outcome"":""draw""},""probability_error"":{""predicted_outcome"":""home"",""actual_outcome"":""draw"",""predicted_prob"":0.418,""actual_prob"":1.0,""brier_score"":1.0284,""upset"":true,""error_magnitude"":0.418,""score"":""1-1""},""matched_patterns"":[""M6_passive_degradation""],""dual_column_review"":[{""column_1_what_went_wrong"":""预测 home 胜 (42%), 实际 draw (1-1)"",""column_2_pattern"":""M6_passive_degradation"",""column_3_skill_update"":""强制主动获取实时数据 (Rule 10)""}],""skill_updates_suggested"":[{""pattern_id"":""M6_passive_degradation"",""pattern_name"":""被动降级陷阱"",""description"":""数据缺失时静默跳过, 不主动获取"",""suggested_fix"":""强制主动获取实时数据 (Rule 10)"",""priority"":""high""}],""rule_9_compliance"":true}"
160,172,552,ba8c780621523fd900745e4bb0417e4cc2444eb3b7067537abfadd01de8cbb29,2026-07-19T00:05:24.213533,0.118638,"[""M6_passive_degradation""]","{""timestamp"":""2026-07-19T00:05:24.213533"",""match"":""新西兰 vs 比利时"",""stage"":""group"",""predicted"":{""home_win_prob"":5.7,""draw_prob"":21.0,""away_win_prob"":73.3},""actual"":{""score"":""1-5"",""outcome"":""away""},""probability_error"":{""predicted_outcome"":""away"",""actual_outcome"":""away"",""predicted_prob"":0.733,""actual_prob"":1.0,""brier_score"":0.1186,""upset"":false,""error_magnitude"":0.233,""score"":""1-5""},""matched_patterns"":[""M6_passive_degradation""],""dual_column_review"":[{""column_1_what_went_wrong"":""预测 away 胜 (73%), 实际 away (1-5) - 方向正确"",""column_2_pattern"":""NONE (预测正确)"",""column_3_skill_update"":""Brier Score 0.119, 校准良好""}],""skill_updates_suggested"":[{""pattern_id"":""M6_passive_degradation"",""pattern_name"":""被动降级陷阱"",""description"":""数据缺失时静默跳过, 不主动获取"",""suggested_fix"":""强制主动获取实时数据 (Rule 10)"",""priority"":""medium""}],""rule_9_compliance"":true}"
161,174,553,8c80be153f52cc63b69e1aeb9f30036de2b685a42e9b526ad77f4c23d3934511,2026-07-19T00:05:27.997279,0.12276600000000001,[],"{""timestamp"":""2026-07-19T00:05:27.997279"",""match"":""克罗地亚 vs 加纳"",""stage"":""group"",""predicted"":{""home_win_prob"":74.6,""draw_prob"":24.1,""away_win_prob"":1.3},""actual"":{""score"":""2-1"",""outcome"":""home""},""probability_error"":{""predicted_outcome"":""home"",""actual_outcome"":""home"",""predicted_prob"":0.746,""actual_prob"":1.0,""brier_score"":0.1228,""upset"":false,""error_magnitude"":0.246,""score"":""2-1""},""matched_patterns"":[],""dual_column_review"":[{""column_1_what_went_wrong"":""预测 home 胜 (75%), 实际 home (2-1) - 方向正确"",""column_2_pattern"":""NONE (预测正确)"",""column_3_skill_update"":""Brier Score 0.123, 校准良好""}],""skill_updates_suggested"":[],""rule_9_compliance"":true}"
162,176,554,1cf785bf49475a6da827f817319af905d838989fe1a765ab13765194ad106fe5,2026-07-19T00:05:29.309652,0.104408,[],"{""timestamp"":""2026-07-19T00:05:29.309652"",""match"":""巴拿马 vs 英格兰"",""stage"":""group"",""predicted"":{""home_win_prob"":5.2,""draw_prob"":19.8,""away_win_prob"":75.0},""actual"":{""score"":""0-2"",""outcome"":""away""},""probability_error"":{""predicted_outcome"":""away"",""actual_outcome"":""away"",""predicted_prob"":0.75,""actual_prob"":1.0,""brier_score"":0.1044,""upset"":false,""error_magnitude"":0.25,""score"":""0-2""},""matched_patterns"":[],""dual_column_review"":[{""column_1_what_went_wrong"":""预测 away 胜 (75%), 实际 away (0-2) - 方向正确"",""column_2_pattern"":""NONE (预测正确)"",""column_3_skill_update"":""Brier Score 0.104, 校准良好""}],""skill_updates_suggested"":[],""rule_9_compliance"":true}"
163,178,555,64485de5d235299ef2797d555b88d9d348c70d2c57b17b85b16c9c1ea574ea55,2026-07-19T00:05:32.532013,0.732758,[],"{""timestamp"":""2026-07-19T00:05:32.532013"",""match"":""哥伦比亚 vs 葡萄牙"",""stage"":""group"",""predicted"":{""home_win_prob"":12.2,""draw_prob"":34.3,""away_win_prob"":53.5},""actual"":{""score"":""0-0"",""outcome"":""draw""},""probability_error"":{""predicted_outcome"":""away"",""actual_outcome"":""draw"",""predicted_prob"":0.535,""actual_prob"":1.0,""brier_score"":0.7328,""upset"":true,""error_magnitude"":0.535,""score"":""0-0""},""matched_patterns"":[],""dual_column_review"":[{""column_1_what_went_wrong"":""预测 away 胜 (54%), 实际 draw (0-0)"",""column_2_pattern"":""M_UNKNOWN"",""column_3_skill_update"":""N/A""}],""skill_updates_suggested"":[],""rule_9_compliance"":true}"
164,180,180,d2d801edfb979a47a72daec133c4ad79f2322c5686787a92362ebbf65dda8a89,2026-07-19T00:05:33.144968,0.49071799999999993,"[""M6_passive_degradation""]","{""timestamp"":""2026-07-19T00:05:33.144968"",""match"":""Congo DR vs 乌兹别克斯坦"",""stage"":""group"",""predicted"":{""home_win_prob"":44.7,""draw_prob"":15.0,""away_win_prob"":40.3},""actual"":{""score"":""3-1"",""outcome"":""home""},""probability_error"":{""predicted_outcome"":""home"",""actual_outcome"":""home"",""predicted_prob"":0.447,""actual_prob"":1.0,""brier_score"":0.4907,""upset"":false,""error_magnitude"":0.053,""score"":""3-1""},""matched_patterns"":[""M6_passive_degradation""],""dual_column_review"":[{""column_1_what_went_wrong"":""预测 home 胜 (45%), 实际 home (3-1) - 方向正确"",""column_2_pattern"":""NONE (预测正确)"",""column_3_skill_update"":""Brier Score 0.491, 需要更多数据""}],""skill_updates_suggested"":[{""pattern_id"":""M6_passive_degradation"",""pattern_name"":""被动降级陷阱"",""description"":""数据缺失时静默跳过, 不主动获取"",""suggested_fix"":""强制主动获取实时数据 (Rule 10)"",""priority"":""medium""}],""rule_9_compliance"":true}"
165,182,182,aa65b2a0e41cbb663dfacc0edc4be2d4eb195ca225d1deaa24b81e572ac3401b,2026-07-19T00:05:34.841353,0.551558,[],"{""timestamp"":""2026-07-19T00:05:34.841353"",""match"":""阿尔及利亚 vs 奥地利"",""stage"":""group"",""predicted"":{""home_win_prob"":12.7,""draw_prob"":42.3,""away_win_prob"":45.0},""actual"":{""score"":""3-3"",""outcome"":""draw""},""probability_error"":{""predicted_outcome"":""away"",""actual_outcome"":""draw"",""predicted_prob"":0.45,""actual_prob"":1.0,""brier_score"":0.5516,""upset"":true,""error_magnitude"":0.45,""score"":""3-3""},""matched_patterns"":[],""dual_column_review"":[{""column_1_what_went_wrong"":""预测 away 胜 (45%), 实际 draw (3-3)"",""column_2_pattern"":""M_UNKNOWN"",""column_3_skill_update"":""N/A""}],""skill_updates_suggested"":[],""rule_9_compliance"":true}"
166,184,184,18c7a2ba5830243be31a5933809ae0ed74a09d5d1f4900289832d3e1acef86d9,2026-07-19T00:05:36.133982,0.06390600000000002,[],"{""timestamp"":""2026-07-19T00:05:36.133982"",""match"":""Jordan vs 阿根廷"",""stage"":""group"",""predicted"":{""home_win_prob"":1.1,""draw_prob"":17.3,""away_win_prob"":81.6},""actual"":{""score"":""1-3"",""outcome"":""away""},""probability_error"":{""predicted_outcome"":""away"",""actual_outcome"":""away"",""predicted_prob"":0.816,""actual_prob"":1.0,""brier_score"":0.0639,""upset"":false,""error_magnitude"":0.316,""score"":""1-3""},""matched_patterns"":[],""dual_column_review"":[{""column_1_what_went_wrong"":""预测 away 胜 (82%), 实际 away (1-3) - 方向正确"",""column_2_pattern"":""NONE (预测正确)"",""column_3_skill_update"":""Brier Score 0.064, 校准良好""}],""skill_updates_suggested"":[],""rule_9_compliance"":true}"
167,186,186,53d4edcc7aea18e6df6ee383c9ca552d3e2b53c144342f534e0f5ec2a04236f9,2026-07-19T00:05:37.515346,0.08580199999999999,[],"{""timestamp"":""2026-07-19T00:05:37.515346"",""match"":""南非 vs 加拿大"",""stage"":""round_of_32"",""predicted"":{""home_win_prob"":7.9,""draw_prob"":15.6,""away_win_prob"":76.5},""actual"":{""score"":""0-1"",""outcome"":""away""},""probability_error"":{""predicted_outcome"":""away"",""actual_outcome"":""away"",""predicted_prob"":0.765,""actual_prob"":1.0,""brier_score"":0.0858,""upset"":false,""error_magnitude"":0.265,""score"":""0-1""},""matched_patterns"":[],""dual_column_review"":[{""column_1_what_went_wrong"":""预测 away 胜 (76%), 实际 away (0-1) - 方向正确"",""column_2_pattern"":""NONE (预测正确)"",""column_3_skill_update"":""Brier Score 0.086, 校准良好""}],""skill_updates_suggested"":[],""rule_9_compliance"":true}"
168,188,560,aa140352866fb593e935c716921ebca7d391427a8f28aeb30cad3c0022ba0d46,2026-07-19T00:05:43.228871,0.013034000000000016,"[""M6_passive_degradation""]","{""timestamp"":""2026-07-19T00:05:43.228871"",""match"":""巴西 vs 日本"",""stage"":""round_of_32"",""predicted"":{""home_win_prob"":90.8,""draw_prob"":5.9,""away_win_prob"":3.3},""actual"":{""score"":""2-1"",""outcome"":""home""},""probability_error"":{""predicted_outcome"":""home"",""actual_outcome"":""home"",""predicted_prob"":0.908,""actual_prob"":1.0,""brier_score"":0.013,""upset"":false,""error_magnitude"":0.408,""score"":""2-1""},""matched_patterns"":[""M6_passive_degradation""],""dual_column_review"":[{""column_1_what_went_wrong"":""预测 home 胜 (91%), 实际 home (2-1) - 方向正确"",""column_2_pattern"":""NONE (预测正确)"",""column_3_skill_update"":""Brier Score 0.013, 校准良好""}],""skill_updates_suggested"":[{""pattern_id"":""M6_passive_degradation"",""pattern_name"":""被动降级陷阱"",""description"":""数据缺失时静默跳过, 不主动获取"",""suggested_fix"":""强制主动获取实时数据 (Rule 10)"",""priority"":""high""}],""rule_9_compliance"":true}"
169,190,190,30f17bbcdabc3d7f9eaa28838aeb1db63058f99659a549ffd10871a962409e01,2026-07-19T00:05:47.275931,0.26864600000000005,"[""M6_passive_degradation""]","{""timestamp"":""2026-07-19T00:05:47.275931"",""match"":""科特迪瓦 vs 挪威"",""stage"":""round_of_32"",""predicted"":{""home_win_prob"":26.1,""draw_prob"":15.8,""away_win_prob"":58.1},""actual"":{""score"":""1-2"",""outcome"":""away""},""probability_error"":{""predicted_outcome"":""away"",""actual_outcome"":""away"",""predicted_prob"":0.581,""actual_prob"":1.0,""brier_score"":0.2686,""upset"":false,""error_magnitude"":0.081,""score"":""1-2""},""matched_patterns"":[""M6_passive_degradation""],""dual_column_review"":[{""column_1_what_went_wrong"":""预测 away 胜 (58%), 实际 away (1-2) - 方向正确"",""column_2_pattern"":""NONE (预测正确)"",""column_3_skill_update"":""Brier Score 0.269, 校准良好""}],""skill_updates_suggested"":[{""pattern_id"":""M6_passive_degradation"",""pattern_name"":""被动降级陷阱"",""description"":""数据缺失时静默跳过, 不主动获取"",""suggested_fix"":""强制主动获取实时数据 (Rule 10)"",""priority"":""medium""}],""rule_9_compliance"":true}"
170,192,192,a433dcd21b08e3d339444c4386ac076623c429c6740d967ddd6b0be99b41141b,2026-07-19T00:05:48.697254,0.018967999999999995,[],"{""timestamp"":""2026-07-19T00:05:48.697254"",""match"":""法国 vs 瑞典"",""stage"":""round_of_32"",""predicted"":{""home_win_prob"":89.8,""draw_prob"":9.2,""away_win_prob"":1.0},""actual"":{""score"":""3-0"",""outcome"":""home""},""probability_error"":{""predicted_outcome"":""home"",""actual_outcome"":""home"",""predicted_prob"":0.898,""actual_prob"":1.0,""brier_score"":0.019,""upset"":false,""error_magnitude"":0.398,""score"":""3-0""},""matched_patterns"":[],""dual_column_review"":[{""column_1_what_went_wrong"":""预测 home 胜 (90%), 实际 home (3-0) - 方向正确"",""column_2_pattern"":""NONE (预测正确)"",""column_3_skill_update"":""Brier Score 0.019, 校准良好""}],""skill_updates_suggested"":[],""rule_9_compliance"":true}"
171,194,194,88fcf4850ff584aebde2596394f9a64b512b5ecdb7bd4b701150f3ba09200a77,2026-07-19T00:05:55.026028,0.09372200000000006,"[""M6_passive_degradation""]","{""timestamp"":""2026-07-19T00:05:55.026028"",""match"":""墨西哥 vs 厄瓜多尔"",""stage"":""round_of_32"",""predicted"":{""home_win_prob"":75.6,""draw_prob"":7.5,""away_win_prob"":16.9},""actual"":{""score"":""2-0"",""outcome"":""home""},""probability_error"":{""predicted_outcome"":""home"",""actual_outcome"":""home"",""predicted_prob"":0.756,""actual_prob"":1.0,""brier_score"":0.0937,""upset"":false,""error_magnitude"":0.256,""score"":""2-0""},""matched_patterns"":[""M6_passive_degradation""],""dual_column_review"":[{""column_1_what_went_wrong"":""预测 home 胜 (76%), 实际 home (2-0) - 方向正确"",""column_2_pattern"":""NONE (预测正确)"",""column_3_skill_update"":""Brier Score 0.094, 校准良好""}],""skill_updates_suggested"":[{""pattern_id"":""M6_passive_degradation"",""pattern_name"":""被动降级陷阱"",""description"":""数据缺失时静默跳过, 不主动获取"",""suggested_fix"":""强制主动获取实时数据 (Rule 10)"",""priority"":""medium""}],""rule_9_compliance"":true}"
172,196,564,46156c1e5d61f4842e09c80fe039b7d12ebf3d89687be80b2ce3c070ccafcb09,2026-07-19T00:05:58.666072,0.025046,[],"{""timestamp"":""2026-07-19T00:05:58.666072"",""match"":""英格兰 vs Congo DR"",""stage"":""round_of_32"",""predicted"":{""home_win_prob"":88.3,""draw_prob"":10.6,""away_win_prob"":1.1},""actual"":{""score"":""2-1"",""outcome"":""home""},""probability_error"":{""predicted_outcome"":""home"",""actual_outcome"":""home"",""predicted_prob"":0.883,""actual_prob"":1.0,""brier_score"":0.025,""upset"":false,""error_magnitude"":0.383,""score"":""2-1""},""matched_patterns"":[],""dual_column_review"":[{""column_1_what_went_wrong"":""预测 home 胜 (88%), 实际 home (2-1) - 方向正确"",""column_2_pattern"":""NONE (预测正确)"",""column_3_skill_update"":""Brier Score 0.025, 校准良好""}],""skill_updates_suggested"":[],""rule_9_compliance"":true}"
173,198,198,a12acdd470966404619ae64814263627ae1ab669540d60691a57a193f85be6fe,2026-07-19T00:05:59.932549,0.08026199999999999,"[""M6_passive_degradation""]","{""timestamp"":""2026-07-19T00:05:59.932549"",""match"":""美国 vs 波黑"",""stage"":""round_of_32"",""predicted"":{""home_win_prob"":76.9,""draw_prob"":12.6,""away_win_prob"":10.5},""actual"":{""score"":""2-0"",""outcome"":""home""},""probability_error"":{""predicted_outcome"":""home"",""actual_outcome"":""home"",""predicted_prob"":0.769,""actual_prob"":1.0,""brier_score"":0.0803,""upset"":false,""error_magnitude"":0.269,""score"":""2-0""},""matched_patterns"":[""M6_passive_degradation""],""dual_column_review"":[{""column_1_what_went_wrong"":""预测 home 胜 (77%), 实际 home (2-0) - 方向正确"",""column_2_pattern"":""NONE (预测正确)"",""column_3_skill_update"":""Brier Score 0.080, 校准良好""}],""skill_updates_suggested"":[{""pattern_id"":""M6_passive_degradation"",""pattern_name"":""被动降级陷阱"",""description"":""数据缺失时静默跳过, 不主动获取"",""suggested_fix"":""强制主动获取实时数据 (Rule 10)"",""priority"":""medium""}],""rule_9_compliance"":true}"
174,200,566,700e7ce8279fc33e85ffa20f356f60f3ca4ddde809bb48a75378947a937a060c,2026-07-19T00:06:01.200655,0.07063400000000003,[],"{""timestamp"":""2026-07-19T00:06:01.200655"",""match"":""西班牙 vs 奥地利"",""stage"":""round_of_32"",""predicted"":{""home_win_prob"":78.3,""draw_prob"":10.8,""away_win_prob"":10.9},""actual"":{""score"":""3-0"",""outcome"":""home""},""probability_error"":{""predicted_outcome"":""home"",""actual_outcome"":""home"",""predicted_prob"":0.783,""actual_prob"":1.0,""brier_score"":0.0706,""upset"":false,""error_magnitude"":0.283,""score"":""3-0""},""matched_patterns"":[],""dual_column_review"":[{""column_1_what_went_wrong"":""预测 home 胜 (78%), 实际 home (3-0) - 方向正确"",""column_2_pattern"":""NONE (预测正确)"",""column_3_skill_update"":""Brier Score 0.071, 校准良好""}],""skill_updates_suggested"":[],""rule_9_compliance"":true}"
175,202,567,ae35bff49d117208bf9b1fcbb6ed46c94c2438886bf5101908c7b52168edd8fc,2026-07-19T00:06:02.500670,0.12355800000000003,[],"{""timestamp"":""2026-07-19T00:06:02.500670"",""match"":""葡萄牙 vs 克罗地亚"",""stage"":""round_of_32"",""predicted"":{""home_win_prob"":71.3,""draw_prob"":14.2,""away_win_prob"":14.5},""actual"":{""score"":""2-1"",""outcome"":""home""},""probability_error"":{""predicted_outcome"":""home"",""actual_outcome"":""home"",""predicted_prob"":0.713,""actual_prob"":1.0,""brier_score"":0.1236,""upset"":false,""error_magnitude"":0.213,""score"":""2-1""},""matched_patterns"":[],""dual_column_review"":[{""column_1_what_went_wrong"":""预测 home 胜 (71%), 实际 home (2-1) - 方向正确"",""column_2_pattern"":""NONE (预测正确)"",""column_3_skill_update"":""Brier Score 0.124, 校准良好""}],""skill_updates_suggested"":[],""rule_9_compliance"":true}"
176,204,568,3f0a72f6f73489ec596b7cf02b4f6f4e1ede25cd0344dc294a0fe764bcb3f1c8,2026-07-19T00:06:05.527361,0.15411199999999997,[],"{""timestamp"":""2026-07-19T00:06:05.527361"",""match"":""瑞士 vs 阿尔及利亚"",""stage"":""round_of_32"",""predicted"":{""home_win_prob"":68.0,""draw_prob"":14.4,""away_win_prob"":17.6},""actual"":{""score"":""2-0"",""outcome"":""home""},""probability_error"":{""predicted_outcome"":""home"",""actual_outcome"":""home"",""predicted_prob"":0.68,""actual_prob"":1.0,""brier_score"":0.1541,""upset"":false,""error_magnitude"":0.18,""score"":""2-0""},""matched_patterns"":[],""dual_column_review"":[{""column_1_what_went_wrong"":""预测 home 胜 (68%), 实际 home (2-0) - 方向正确"",""column_2_pattern"":""NONE (预测正确)"",""column_3_skill_update"":""Brier Score 0.154, 校准良好""}],""skill_updates_suggested"":[],""rule_9_compliance"":true}"
177,206,569,55730c800229eea868e17b1f1d55cc3d8805f27ec98b2a333ae2e43926866830,2026-07-19T00:06:06.886980,0.097682,[],"{""timestamp"":""2026-07-19T00:06:06.886980"",""match"":""哥伦比亚 vs 加纳"",""stage"":""round_of_32"",""predicted"":{""home_win_prob"":74.5,""draw_prob"":13.6,""away_win_prob"":11.9},""actual"":{""score"":""1-0"",""outcome"":""home""},""probability_error"":{""predicted_outcome"":""home"",""actual_outcome"":""home"",""predicted_prob"":0.745,""actual_prob"":1.0,""brier_score"":0.0977,""upset"":false,""error_magnitude"":0.245,""score"":""1-0""},""matched_patterns"":[],""dual_column_review"":[{""column_1_what_went_wrong"":""预测 home 胜 (74%), 实际 home (1-0) - 方向正确"",""column_2_pattern"":""NONE (预测正确)"",""column_3_skill_update"":""Brier Score 0.098, 校准良好""}],""skill_updates_suggested"":[],""rule_9_compliance"":true}"
178,208,570,6c71b2432f328dd4f7b0181991f36c1588474d1c0d6b72dc2962dc7ec03bb4de,2026-07-19T00:06:07.970625,0.13410600000000003,[],"{""timestamp"":""2026-07-19T00:06:07.970625"",""match"":""加拿大 vs 摩洛哥"",""stage"":""round_of_16"",""predicted"":{""home_win_prob"":14.8,""draw_prob"":15.1,""away_win_prob"":70.1},""actual"":{""score"":""0-3"",""outcome"":""away""},""probability_error"":{""predicted_outcome"":""away"",""actual_outcome"":""away"",""predicted_prob"":0.701,""actual_prob"":1.0,""brier_score"":0.1341,""upset"":false,""error_magnitude"":0.201,""score"":""0-3""},""matched_patterns"":[],""dual_column_review"":[{""column_1_what_went_wrong"":""预测 away 胜 (70%), 实际 away (0-3) - 方向正确"",""column_2_pattern"":""NONE (预测正确)"",""column_3_skill_update"":""Brier Score 0.134, 校准良好""}],""skill_updates_suggested"":[],""rule_9_compliance"":true}"
179,210,210,d3af3697a525e3cd0186b63280007eb066d9d032cbfde559b9e53af60a3f802f,2026-07-19T00:06:09.101442,0.022865999999999997,[],"{""timestamp"":""2026-07-19T00:06:09.101442"",""match"":""巴拉圭 vs 法国"",""stage"":""round_of_16"",""predicted"":{""home_win_prob"":1.1,""draw_prob"":10.1,""away_win_prob"":88.8},""actual"":{""score"":""0-1"",""outcome"":""away""},""probability_error"":{""predicted_outcome"":""away"",""actual_outcome"":""away"",""predicted_prob"":0.888,""actual_prob"":1.0,""brier_score"":0.0229,""upset"":false,""error_magnitude"":0.388,""score"":""0-1""},""matched_patterns"":[],""dual_column_review"":[{""column_1_what_went_wrong"":""预测 away 胜 (89%), 实际 away (0-1) - 方向正确"",""column_2_pattern"":""NONE (预测正确)"",""column_3_skill_update"":""Brier Score 0.023, 校准良好""}],""skill_updates_suggested"":[],""rule_9_compliance"":true}"
180,212,422,acd7cc86d146d9701827090383b10f6075af1120de85d768f3d1751c0cc99dc6,2026-07-19T00:06:10.194545,1.7256620000000003,[],"{""timestamp"":""2026-07-19T00:06:10.194545"",""match"":""巴西 vs 挪威"",""stage"":""round_of_16"",""predicted"":{""home_win_prob"":85.4,""draw_prob"":13.5,""away_win_prob"":1.1},""actual"":{""score"":""1-2"",""outcome"":""away""},""probability_error"":{""predicted_outcome"":""home"",""actual_outcome"":""away"",""predicted_prob"":0.854,""actual_prob"":1.0,""brier_score"":1.7257,""upset"":true,""error_magnitude"":0.854,""score"":""1-2""},""matched_patterns"":[],""dual_column_review"":[{""column_1_what_went_wrong"":""预测 home 胜 (85%), 实际 away (1-2)"",""column_2_pattern"":""M_UNKNOWN"",""column_3_skill_update"":""N/A""}],""skill_updates_suggested"":[],""rule_9_compliance"":true}"
181,214,573,70e6bed4581139fadb3f6b4bc2546fa13a77345589ceaf394123a1a30b526f06,2026-07-19T00:06:11.187856,0.176498,[],"{""timestamp"":""2026-07-19T00:06:11.187856"",""match"":""墨西哥 vs 英格兰"",""stage"":""round_of_16"",""predicted"":{""home_win_prob"":17.5,""draw_prob"":16.8,""away_win_prob"":65.7},""actual"":{""score"":""2-3"",""outcome"":""away""},""probability_error"":{""predicted_outcome"":""away"",""actual_outcome"":""away"",""predicted_prob"":0.657,""actual_prob"":1.0,""brier_score"":0.1765,""upset"":false,""error_magnitude"":0.157,""score"":""2-3""},""matched_patterns"":[],""dual_column_review"":[{""column_1_what_went_wrong"":""预测 away 胜 (66%), 实际 away (2-3) - 方向正确"",""column_2_pattern"":""NONE (预测正确)"",""column_3_skill_update"":""Brier Score 0.176, 校准良好""}],""skill_updates_suggested"":[],""rule_9_compliance"":true}"
182,216,574,a266723c1f34047a60520d6b951d947b3622194601a06f213ea8e5ad0ef4aae3,2026-07-19T00:06:12.308509,0.5121859999999999,[],"{""timestamp"":""2026-07-19T00:06:12.308509"",""match"":""葡萄牙 vs 西班牙"",""stage"":""round_of_16"",""predicted"":{""home_win_prob"":44.4,""draw_prob"":10.7,""away_win_prob"":44.9},""actual"":{""score"":""0-1"",""outcome"":""away""},""probability_error"":{""predicted_outcome"":""away"",""actual_outcome"":""away"",""predicted_prob"":0.449,""actual_prob"":1.0,""brier_score"":0.5122,""upset"":false,""error_magnitude"":0.051,""score"":""0-1""},""matched_patterns"":[],""dual_column_review"":[{""column_1_what_went_wrong"":""预测 away 胜 (45%), 实际 away (0-1) - 方向正确"",""column_2_pattern"":""NONE (预测正确)"",""column_3_skill_update"":""Brier Score 0.512, 需要更多数据""}],""skill_updates_suggested"":[],""rule_9_compliance"":true}"
183,218,575,7c2fcdc05945b6bf165563b63680716a953b97e755c583cbbd95aed41aba4750,2026-07-19T00:06:13.407451,0.41055800000000003,"[""M6_passive_degradation""]","{""timestamp"":""2026-07-19T00:06:13.407451"",""match"":""美国 vs 比利时"",""stage"":""round_of_16"",""predicted"":{""home_win_prob"":39.0,""draw_prob"":10.7,""away_win_prob"":50.3},""actual"":{""score"":""1-4"",""outcome"":""away""},""probability_error"":{""predicted_outcome"":""away"",""actual_outcome"":""away"",""predicted_prob"":0.503,""actual_prob"":1.0,""brier_score"":0.4106,""upset"":false,""error_magnitude"":0.003,""score"":""1-4""},""matched_patterns"":[""M6_passive_degradation""],""dual_column_review"":[{""column_1_what_went_wrong"":""预测 away 胜 (50%), 实际 away (1-4) - 方向正确"",""column_2_pattern"":""NONE (预测正确)"",""column_3_skill_update"":""Brier Score 0.411, 需要更多数据""}],""skill_updates_suggested"":[{""pattern_id"":""M6_passive_degradation"",""pattern_name"":""被动降级陷阱"",""description"":""数据缺失时静默跳过, 不主动获取"",""suggested_fix"":""强制主动获取实时数据 (Rule 10)"",""priority"":""medium""}],""rule_9_compliance"":true}"
184,220,220,4d9bb040d02d59bae2af94e1a0f31dc3f180814a9edb54b4be671140a2e5c720,2026-07-19T00:06:14.510755,0.024601999999999995,[],"{""timestamp"":""2026-07-19T00:06:14.510755"",""match"":""阿根廷 vs 埃及"",""stage"":""round_of_16"",""predicted"":{""home_win_prob"":88.4,""draw_prob"":10.5,""away_win_prob"":1.1},""actual"":{""score"":""3-2"",""outcome"":""home""},""probability_error"":{""predicted_outcome"":""home"",""actual_outcome"":""home"",""predicted_prob"":0.884,""actual_prob"":1.0,""brier_score"":0.0246,""upset"":false,""error_magnitude"":0.384,""score"":""3-2""},""matched_patterns"":[],""dual_column_review"":[{""column_1_what_went_wrong"":""预测 home 胜 (88%), 实际 home (3-2) - 方向正确"",""column_2_pattern"":""NONE (预测正确)"",""column_3_skill_update"":""Brier Score 0.025, 校准良好""}],""skill_updates_suggested"":[],""rule_9_compliance"":true}"
185,222,577,661d68f8f384329d113209690a70da0e16c60de04f7c8137d8709c7a1bb87fda,2026-07-19T00:06:15.590428,0.031400000000000004,[],"{""timestamp"":""2026-07-19T00:06:15.590428"",""match"":""法国 vs 摩洛哥"",""stage"":""quarter"",""predicted"":{""home_win_prob"":87.0,""draw_prob"":12.0,""away_win_prob"":1.0},""actual"":{""score"":""2-0"",""outcome"":""home""},""probability_error"":{""predicted_outcome"":""home"",""actual_outcome"":""home"",""predicted_prob"":0.87,""actual_prob"":1.0,""brier_score"":0.0314,""upset"":false,""error_magnitude"":0.37,""score"":""2-0""},""matched_patterns"":[],""dual_column_review"":[{""column_1_what_went_wrong"":""预测 home 胜 (87%), 实际 home (2-0) - 方向正确"",""column_2_pattern"":""NONE (预测正确)"",""column_3_skill_update"":""Brier Score 0.031, 校准良好""}],""skill_updates_suggested"":[],""rule_9_compliance"":true}"
186,224,578,730365d141a99496756308d34da2b9361c45c7f925f47afce9a5465c735ff13e,2026-07-19T00:06:16.632471,0.096026,[],"{""timestamp"":""2026-07-19T00:06:16.632471"",""match"":""西班牙 vs 比利时"",""stage"":""quarter"",""predicted"":{""home_win_prob"":74.7,""draw_prob"":12.4,""away_win_prob"":12.9},""actual"":{""score"":""2-1"",""outcome"":""home""},""probability_error"":{""predicted_outcome"":""home"",""actual_outcome"":""home"",""predicted_prob"":0.747,""actual_prob"":1.0,""brier_score"":0.096,""upset"":false,""error_magnitude"":0.247,""score"":""2-1""},""matched_patterns"":[],""dual_column_review"":[{""column_1_what_went_wrong"":""预测 home 胜 (75%), 实际 home (2-1) - 方向正确"",""column_2_pattern"":""NONE (预测正确)"",""column_3_skill_update"":""Brier Score 0.096, 校准良好""}],""skill_updates_suggested"":[],""rule_9_compliance"":true}"
187,226,579,4b08a47acdc1976fc2369a9ecd3cc9e1df548d7b067bcfe447304c75634e4baa,2026-07-19T00:06:17.731477,1.403178,[],"{""timestamp"":""2026-07-19T00:06:17.731477"",""match"":""法国 vs 西班牙"",""stage"":""semi"",""predicted"":{""home_win_prob"":74.8,""draw_prob"":15.7,""away_win_prob"":9.5},""actual"":{""score"":""0-2"",""outcome"":""away""},""probability_error"":{""predicted_outcome"":""home"",""actual_outcome"":""away"",""predicted_prob"":0.748,""actual_prob"":1.0,""brier_score"":1.4032,""upset"":true,""error_magnitude"":0.748,""score"":""0-2""},""matched_patterns"":[],""dual_column_review"":[{""column_1_what_went_wrong"":""预测 home 胜 (75%), 实际 away (0-2)"",""column_2_pattern"":""M_UNKNOWN"",""column_3_skill_update"":""N/A""}],""skill_updates_suggested"":[],""rule_9_compliance"":true}"
188,228,580,041505050b916eb31a24bb7dfb64b28002cfd791f553b06c106ffb3a362e43c0,2026-07-19T00:06:18.779915,0.201582,[],"{""timestamp"":""2026-07-19T00:06:18.779915"",""match"":""英格兰 vs 阿根廷"",""stage"":""semi"",""predicted"":{""home_win_prob"":20.1,""draw_prob"":16.5,""away_win_prob"":63.4},""actual"":{""score"":""1-2"",""outcome"":""away""},""probability_error"":{""predicted_outcome"":""away"",""actual_outcome"":""away"",""predicted_prob"":0.634,""actual_prob"":1.0,""brier_score"":0.2016,""upset"":false,""error_magnitude"":0.134,""score"":""1-2""},""matched_patterns"":[],""dual_column_review"":[{""column_1_what_went_wrong"":""预测 away 胜 (63%), 实际 away (1-2) - 方向正确"",""column_2_pattern"":""NONE (预测正确)"",""column_3_skill_update"":""Brier Score 0.202, 校准良好""}],""skill_updates_suggested"":[],""rule_9_compliance"":true}"
189,5920,11963,2ff1d3e8d61df4d47d0a18a52add89aea3e219fd4160f7c69ba5d8e034c31f39,2026-08-12T02:00:00+08:00,0.5402,[],"{""timestamp"": ""2026-08-12T02:00:00+08:00"", ""match"": ""Kairat Almaty vs Levski Sofia"", ""stage"": ""qualifier"", ""predicted"": {""home_win_prob"": 31.0, ""draw_prob"": 28.999999999999996, ""away_win_prob"": 40.0}, ""actual"": {""score"": ""0-1"", ""outcome"": ""away""}, ""probability_error"": {""predicted_outcome"": ""away"", ""actual_outcome"": ""away"", ""predicted_prob"": 0.4, ""actual_prob"": 1.0, ""brier_score"": 0.5402, ""upset"": false, ""error_magnitude"": 0.6, ""score"": ""0-1""}, ""matched_patterns"": [], ""dual_column_review"": [{""column_1_what_went_wrong"": ""方向正确"", ""column_2_pattern"": ""NONE (预测正确)"", ""column_3_skill_update"": ""Brier 0.540""}], ""skill_updates_suggested"": [], ""rule_9_compliance"": true, ""p29_324_recovered"": true}"
190,5922,11965,f7222b2dfe00d31eb5cea6e4ae1209dd99e2f326df318d80e2bf24157c555d16,2026-08-12T02:00:00+08:00,0.5418000000000001,[],"{""timestamp"": ""2026-08-12T02:00:00+08:00"", ""match"": ""Sabah FK vs AGF"", ""stage"": ""qualifier"", ""predicted"": {""home_win_prob"": 40.0, ""draw_prob"": 27.0, ""away_win_prob"": 33.0}, ""actual"": {""score"": ""4-0"", ""outcome"": ""home""}, ""probability_error"": {""predicted_outcome"": ""home"", ""actual_outcome"": ""home"", ""predicted_prob"": 0.4, ""actual_prob"": 1.0, ""brier_score"": 0.5418000000000001, ""upset"": true, ""error_magnitude"": 0.6, ""score"": ""4-0""}, ""matched_patterns"": [], ""dual_column_review"": [{""column_1_what_went_wrong"": ""方向错"", ""column_2_pattern"": ""M_UNKNOWN"", ""column_3_skill_update"": ""Brier 0.542""}], ""skill_updates_suggested"": [], ""rule_9_compliance"": true, ""p29_324_recovered"": true}"
191,5923,11966,13b20b03976b3838d1a5421ce32d406a1425f735c1904e331c7053fea89c9a0a,2026-08-12T02:00:00+08:00,0.47850000000000004,[],"{""timestamp"": ""2026-08-12T02:00:00+08:00"", ""match"": ""Kauno Zalgiris vs Dinamo Zagreb"", ""stage"": ""qualifier"", ""predicted"": {""home_win_prob"": 32.0, ""draw_prob"": 25.0, ""away_win_prob"": 44.0}, ""actual"": {""score"": ""1-2"", ""outcome"": ""away""}, ""probability_error"": {""predicted_outcome"": ""away"", ""actual_outcome"": ""away"", ""predicted_prob"": 0.44, ""actual_prob"": 1.0, ""brier_score"": 0.47850000000000004, ""upset"": true, ""error_magnitude"": 0.56, ""score"": ""1-2""}, ""matched_patterns"": [], ""dual_column_review"": [{""column_1_what_went_wrong"": ""方向错"", ""column_2_pattern"": ""M_UNKNOWN"", ""column_3_skill_update"": ""Brier 0.479""}], ""skill_updates_suggested"": [], ""rule_9_compliance"": true, ""p29_324_recovered"": true}"
192,5925,11968,80e914202d4fc0ef8243e71da809f7a76b5d32b2883baa2414959d970302e45f,2026-08-12T02:00:00+08:00,0.5402,[],"{""timestamp"": ""2026-08-12T02:00:00+08:00"", ""match"": ""Red Star Belgrade vs Hapoel Be'er"", ""stage"": ""qualifier"", ""predicted"": {""home_win_prob"": 28.999999999999996, ""draw_prob"": 31.0, ""away_win_prob"": 40.0}, ""actual"": {""score"": ""0-2"", ""outcome"": ""away""}, ""probability_error"": {""predicted_outcome"": ""away"", ""actual_outcome"": ""away"", ""predicted_prob"": 0.4, ""actual_prob"": 1.0, ""brier_score"": 0.5402, ""upset"": true, ""error_magnitude"": 0.6, ""score"": ""0-2""}, ""matched_patterns"": [], ""dual_column_review"": [{""column_1_what_went_wrong"": ""方向错"", ""column_2_pattern"": ""M_UNKNOWN"", ""column_3_skill_update"": ""Brier 0.540""}], ""skill_updates_suggested"": [], ""rule_9_compliance"": true, ""p29_324_recovered"": true}"
193,5926,11969,b1c46c26be7a572853115404997a85cade09e12453e68eb2a232cd3e1bad1cca,2026-08-12T02:00:00+08:00,0.41130000000000005,[],"{""timestamp"": ""2026-08-12T02:00:00+08:00"", ""match"": ""NK Celje vs Ararat-Armenia"", ""stage"": ""qualifier"", ""predicted"": {""home_win_prob"": 48.0, ""draw_prob"": 28.000000000000004, ""away_win_prob"": 25.0}, ""actual"": {""score"": ""2-0"", ""outcome"": ""home""}, ""probability_error"": {""predicted_outcome"": ""home"", ""actual_outcome"": ""home"", ""predicted_prob"": 0.48, ""actual_prob"": 1.0, ""brier_score"": 0.41130000000000005, ""upset"": false, ""error_magnitude"": 0.52, ""score"": ""2-0""}, ""matched_patterns"": [], ""dual_column_review"": [{""column_1_what_went_wrong"": ""方向正确"", ""column_2_pattern"": ""NONE (预测正确)"", ""column_3_skill_update"": ""Brier 0.411""}], ""skill_updates_suggested"": [], ""rule_9_compliance"": true, ""p29_324_recovered"": true}"
194,5928,11970,28b67d43d2def2f85e97164e67a71936403eb98b5c055e28fe9b6364b24b7ad9,2026-08-12T02:00:00+08:00,0.368841,[],"{""timestamp"": ""2026-08-12T02:00:00+08:00"", ""match"": ""SK Sturm Graz vs Fenerbahce"", ""stage"": ""qualifier"", ""predicted"": {""home_win_prob"": 20.6, ""draw_prob"": 28.7, ""away_win_prob"": 50.6}, ""actual"": {""score"": ""0-1"", ""outcome"": ""away""}, ""probability_error"": {""predicted_outcome"": ""away"", ""actual_outcome"": ""away"", ""predicted_prob"": 0.506, ""actual_prob"": 1.0, ""brier_score"": 0.368841, ""upset"": false, ""error_magnitude"": 0.494, ""score"": ""0-1""}, ""matched_patterns"": [], ""dual_column_review"": [{""column_1_what_went_wrong"": ""方向正确"", ""column_2_pattern"": ""NONE (预测正确)"", ""column_3_skill_update"": ""Brier 0.369""}], ""skill_updates_suggested"": [], ""rule_9_compliance"": true, ""p29_324_recovered"": true}"
195,5929,11971,9e0a888cf661eaba0c52d8413682bba5203d4992beacd2d8973b5067ff64ff05,2026-08-12T02:00:00+08:00,0.516555,[],"{""timestamp"": ""2026-08-12T02:00:00+08:00"", ""match"": ""Lyon vs Sparta Prague"", ""stage"": ""qualifier"", ""predicted"": {""home_win_prob"": 41.3, ""draw_prob"": 28.1, ""away_win_prob"": 30.5}, ""actual"": {""score"": ""3-0"", ""outcome"": ""home""}, ""probability_error"": {""predicted_outcome"": ""home"", ""actual_outcome"": ""home"", ""predicted_prob"": 0.413, ""actual_prob"": 1.0, ""brier_score"": 0.516555, ""upset"": false, ""error_magnitude"": 0.587, ""score"": ""3-0""}, ""matched_patterns"": [], ""dual_column_review"": [{""column_1_what_went_wrong"": ""方向正确"", ""column_2_pattern"": ""NONE (预测正确)"", ""column_3_skill_update"": ""Brier 0.517""}], ""skill_updates_suggested"": [], ""rule_9_compliance"": true, ""p29_324_recovered"": true}"
