team_id,league_slug,team_name,n_games_total,n_home_games,n_away_games,wins_total,draws_total,losses_total,win_pct,gf_total,ga_total,gf_per_game,ga_per_game,wins_home,draws_home,losses_home,home_win_pct,wins_away,draws_away,losses_away,away_win_pct,possession_avg,shots_for_per_game,shots_against_per_game,formation_mode,last_game_date,fetched_at,coach_name,coach_appointed,coach_tenure_months,coach_philosophy,elo_rating,squad_size,avg_age,formation_known,formation_source,fc26_pac_avg,fc26_sho_avg,fc26_pas_avg,fc26_dri_avg,fc26_def_avg,fc26_phy_avg,fc26_ovr_avg,fc26_squad_count,fc26_top_player_ovr,fc26_updated_at,fc26_gk_div_avg,fc26_gk_han_avg,fc26_gk_kic_avg,fc26_gk_pos_avg,fc26_gk_ref_avg,fc26_gk_spd_avg,fc26_gk_count
364,eng.1,Liverpool,50,25,25,24,9,17,0.48,87,66,1.74,1.32,14,6,5,0.56,10,3,12,0.4,57.68,16.38,11.06,4-2-3-1,2026-05-24T15:00Z,2026-07-20T00:59:03.722316+00:00,Arne Slot,2024,24,high_press_4-2-3-1,1910.7989502,30,,,,78.94444444444444,67.77777777777777,74.33333333333333,79.0,62.0,72.88888888888889,81.47619047619048,21,91,2026-08-13T00:49:07.547223,78.0,75.0,67.0,76.0,77.5,47.5,2.0
349,eng.1,AFC Bournemouth,38,19,19,13,18,7,0.3421,58,54,1.526,1.421,7,10,2,0.3684,6,8,5,0.3158,50.15,13.79,12.63,4-2-3-1,2026-05-24T15:00Z,2026-07-20T00:59:03.722316+00:00,Andoni Iraola,2023,36,4-2-3-1_attack,1642.1,30,,,,,,,,,,,0,,2026-08-12 11:57:28,,,,,,,
362,eng.1,Aston Villa,53,26,27,32,8,13,0.6038,87,57,1.642,1.075,19,2,5,0.7308,13,6,8,0.4815,53.54,12.6,12.23,4-2-3-1,2026-05-24T15:00Z,2026-07-20T00:59:03.722316+00:00,Unai Emery,2022,48,4-2-3-1_attack,1740.7,30,,,,70.76190476190476,66.28571428571429,73.52380952380952,76.19047619047619,63.857142857142854,69.95238095238095,78.30434782608695,23,85,2026-08-13T00:49:07.547223,78.0,75.0,72.0,79.0,78.0,46.0,1.0
361,eng.1,Newcastle United,50,25,25,20,10,20,0.4,82,73,1.64,1.46,14,3,8,0.56,6,7,12,0.24,51.7,13.22,12.78,4-3-3,2026-05-24T15:00Z,2026-07-20T00:59:03.722316+00:00,Eddie Howe,2021,60,high_press_4-3-3,1661.2,26,,,,74.3125,67.0625,73.125,77.0,64.4375,73.9375,79.27777777777777,18,86,2026-08-13T00:49:07.547223,79.0,78.5,74.0,76.0,80.5,48.5,2.0
331,eng.1,Brighton & Hove Albion,38,19,19,14,11,13,0.3684,52,46,1.368,1.211,9,6,4,0.4737,5,5,9,0.2632,54.07,13.03,11.63,4-2-3-1,2026-05-24T15:00Z,2026-07-20T00:59:03.722316+00:00,Fabian Hürzeler,2024,24,high_press_4-2-3-1,1652.6,33,,,,67.05882352941177,64.17647058823529,71.82352941176471,74.17647058823529,63.0,71.23529411764706,76.11764705882354,20,82,2026-08-12 11:57:28,,,,,,,
370,eng.1,Fulham,38,19,19,15,7,16,0.3947,47,51,1.237,1.342,11,2,6,0.5789,4,5,10,0.2105,51.71,12.74,11.79,4-2-3-1,2026-05-24T15:00Z,2026-07-20T00:59:03.722316+00:00,Marco Silva,2021-07,60,4-3-3_attack,1813.09558105,22,,,,66.6875,61.3125,68.5625,70.5625,60.6875,72.875,75.5,20,82,2026-08-12 11:57:28,,,,,,,
366,eng.1,Sunderland,38,19,19,14,12,12,0.3684,42,48,1.105,1.263,9,6,4,0.4737,5,6,8,0.2632,44.9,10.42,14.21,4-2-3-1,2026-05-24T15:00Z,2026-07-20T00:59:03.722316+00:00,Régis Le Bris,2024,24,,1735.93017578,31,,,,73.66666666666667,60.5,68.16666666666667,73.33333333333333,61.166666666666664,74.66666666666667,78.16666666666667,20,85,2026-08-12 11:57:28,,,,,,,
371,eng.1,West Ham United,38,19,19,10,9,19,0.2632,46,65,1.211,1.711,6,4,9,0.3158,4,5,10,0.2105,42.49,10.63,14.89,4-2-3-1,2026-05-24T15:00Z,2026-07-20T00:59:03.722316+00:00,Nuno Espírito Santo,2025,12,,1565.8,26,,,,73.0,78.0,72.0,78.0,51.0,78.0,79.0,1,79,2026-08-13T00:49:07.547223,,,,,,,0.0
367,eng.1,Tottenham Hotspur,48,24,24,16,13,19,0.3333,70,71,1.458,1.479,8,6,10,0.3333,8,7,9,0.3333,50.26,11.77,12.42,4-2-3-1,2026-05-24T15:00Z,2026-07-20T00:59:03.722316+00:00,Thomas Frank,2025-06,13,gegenpressing_4-3-3,1627.8,35,,,,77.375,59.625,66.5625,73.8125,61.8125,72.1875,77.88888888888889,18,84,2026-08-13T00:49:07.547223,79.5,77.0,77.0,77.0,79.5,38.5,2.0
379,eng.1,Burnley,38,19,19,4,10,24,0.1053,38,75,1.0,1.974,2,7,10,0.1053,2,3,14,0.1053,42.33,9.34,16.74,4-2-3-1,2026-05-24T15:00Z,2026-07-20T00:59:03.722316+00:00,Michael Jackson,2025,12,,1666.33666992,31,,,,72.6,61.6,69.8,73.6,62.0,75.6,75.2,24,79,2026-08-12 11:57:28,,,,,,,
380,eng.1,Wolverhampton Wanderers,38,19,19,3,11,24,0.0789,27,68,0.711,1.789,3,5,11,0.1579,0,6,13,0.0,42.72,9.74,13.92,3-4-2-1,2026-05-24T15:00Z,2026-07-20T00:59:03.722316+00:00,César Peixoto,2026,0,,1471.2,30,,,,70.625,62.875,64.75,70.375,59.875,75.75,75.5,21,79,2026-08-12 11:57:28,,,,,,,
382,eng.1,Manchester City,48,24,24,28,10,10,0.5833,93,49,1.938,1.021,17,3,4,0.7083,11,7,6,0.4583,60.17,15.62,9.62,4-1-4-1,2026-05-24T15:00Z,2026-07-20T00:59:03.722316+00:00,Pep Guardiola,2017,108,tiki_4-3-3,1771.6,30,,,,77.0,67.2,74.73333333333333,79.86666666666666,63.53333333333333,71.53333333333333,81.66666666666667,18,90,2026-08-13T00:49:07.547223,81.66666666666667,78.0,75.66666666666667,79.66666666666667,83.0,52.333333333333336,3.0
363,eng.1,Chelsea,48,24,24,19,11,18,0.3958,77,70,1.604,1.458,11,5,8,0.4583,8,6,10,0.3333,57.05,13.5,10.4,4-2-3-1,2026-05-24T15:00Z,2026-07-20T00:59:03.722316+00:00,Enzo Maresca,2024-06,25,possession_4-2-3-1,1831.10351562,33,,,,68.0,75.0,85.0,81.0,73.0,75.0,84.0,1,84,2026-08-13T00:49:07.547223,,,,,,,0.0
384,eng.1,Crystal Palace,53,27,26,20,15,18,0.3774,67,63,1.264,1.189,9,11,7,0.3333,11,4,11,0.4231,47.71,12.68,10.81,3-4-2-1,2026-05-27T19:00Z,2026-07-20T00:59:03.722316+00:00,Oliver Glasner,2022,48,3-4-2-1_counter,1646.2,32,,,,71.70588235294117,59.1764705882353,69.58823529411765,72.3529411764706,61.76470588235294,69.88235294117646,76.1,20,82,2026-08-13T00:49:07.547223,80.5,78.0,74.5,79.0,81.0,46.0,2.0
393,eng.1,Nottingham Forest,54,27,27,19,14,21,0.3519,72,67,1.333,1.241,9,8,10,0.3333,10,6,11,0.3704,48.56,13.44,12.06,4-2-3-1,2026-05-24T15:00Z,2026-07-20T00:59:03.722316+00:00,Oliver Glasner,2026,0,,1642.8,91,,,,74.36363636363636,69.0909090909091,73.27272727272727,76.81818181818181,62.81818181818182,73.72727272727273,78.18181818181819,20,82,2026-08-12 11:57:28,,,,,,,
337,eng.1,Brentford,38,19,19,14,11,13,0.3684,55,52,1.447,1.368,8,8,3,0.4211,6,3,10,0.3158,47.57,10.66,13.29,4-2-3-1,2026-05-24T15:00Z,2026-07-20T00:59:03.722316+00:00,Keith Andrews,2020,72,,1836.59033203,34,,,,68.54545454545455,57.0,68.72727272727273,70.9090909090909,64.72727272727273,72.81818181818181,75.9090909090909,20,80,2026-08-12 11:57:28,,,,,,,
360,eng.1,Manchester United,38,19,19,20,11,7,0.5263,69,50,1.816,1.316,13,3,3,0.6842,7,8,4,0.3684,51.79,15.68,11.61,4-2-3-1,2026-05-24T15:00Z,2026-07-20T00:59:03.722316+00:00,Ruben Amorim,2024,24,3-4-2-1_sportugal,1718.5,43,,,,,,,,,,,0,,2026-08-12 11:57:28,,,,,,,
359,eng.1,Arsenal,53,26,27,37,11,5,0.6981,101,34,1.906,0.642,21,3,2,0.8077,16,8,3,0.5926,54.7,14.51,9.15,4-3-3,2026-05-30T16:00Z,2026-07-20T00:59:03.722316+00:00,Mikel Arteta,2021,60,arteta_4-3-3,2063.7578125,28,,,,75.33333333333333,67.47619047619048,74.9047619047619,78.23809523809524,65.0,74.85714285714286,82.56521739130434,23,88,2026-08-13T00:49:07.547223,86.0,84.0,87.0,85.0,87.0,62.0,1.0
357,eng.1,Leeds United,38,19,19,11,14,13,0.2895,49,56,1.289,1.474,9,5,5,0.4737,2,9,8,0.1053,45.8,12.58,12.55,4-3-3,2026-05-24T15:00Z,2026-07-20T00:59:03.722316+00:00,Daniel Farke,2026,0,,1602.6,32,,,,,,,,,,,0,,2026-08-12 11:57:28,,,,,,,
368,eng.1,Everton,38,19,19,13,10,15,0.3421,47,50,1.237,1.316,6,5,8,0.3158,7,5,7,0.3684,43.67,11.11,14.0,4-2-3-1,2026-05-24T15:00Z,2026-07-20T00:59:03.722316+00:00,David Moyes,2025,12,,1803.43054199,24,,,,,,,,,,,0,,2026-08-12 11:57:28,,,,,,,
9812,esp.1,Girona,38,19,19,9,14,15,0.2368,39,55,1.026,1.447,6,6,7,0.3158,3,8,8,0.1579,50.7,11.18,14.53,4-2-3-1,2026-05-23T19:00Z,2026-07-20T00:59:03.722316+00:00,Míchel,2021,60,4-3-3_attack,1635.80603027,24,,,,,,,,,,,0,,2026-08-12 11:57:28,,,,,,,
101,esp.1,Rayo Vallecano,51,25,26,20,15,16,0.3922,63,57,1.235,1.118,12,10,3,0.48,8,5,13,0.3077,53.39,14.61,11.63,4-2-3-1,2026-05-27T19:00Z,2026-07-20T00:59:03.722316+00:00,Iraola,2021,60,4-2-3-1_attack,1571.7,24,,,,70.41176470588235,65.76470588235294,71.05882352941177,73.05882352941177,59.705882352941174,69.94117647058823,74.85,20,81,2026-08-13T00:49:07.547223,76.0,75.5,73.5,76.0,78.0,43.5,2.0
102,esp.1,Villarreal,46,23,23,22,7,17,0.4783,77,64,1.674,1.391,15,2,6,0.6522,7,5,11,0.3043,44.14,12.26,12.48,4-4-2,2026-05-24T19:00Z,2026-07-20T00:59:03.722316+00:00,Marcelino,2013,156,4-4-2_compact,1759.3449707,23,,,,71.08695652173913,62.65217391304348,66.56521739130434,71.30434782608695,60.56521739130435,70.30434782608695,76.0,25,84,2026-08-13T00:49:07.547223,80.5,77.5,72.5,82.0,81.0,37.0,2.0
92,esp.1,Real Oviedo,38,19,19,6,11,21,0.1579,26,60,0.684,1.579,4,7,8,0.2105,2,4,13,0.1053,46.06,9.92,14.92,4-2-3-1,2026-05-23T19:00Z,2026-07-20T00:59:03.722316+00:00,Guillermo Almada,2026,0,,1423.7,29,,,,73.77272727272727,64.5909090909091,69.77272727272727,75.95454545454545,65.0,68.5909090909091,75.84,25,84,2026-08-13T00:49:07.547223,79.5,75.0,76.0,76.5,81.0,32.5,2.0
84,esp.1,Mallorca,38,19,19,11,9,18,0.2895,47,57,1.237,1.5,9,6,4,0.4737,2,3,14,0.1053,46.93,10.87,14.24,4-2-3-1,2026-05-23T19:00Z,2026-07-20T00:59:03.722316+00:00,Martín Demichelis,2025,12,,1642.77294922,21,,,,,,,,,,,0,,2026-08-12 11:57:28,,,,,,,
83,esp.1,Barcelona,50,25,25,38,3,9,0.76,127,56,2.54,1.12,23,0,2,0.92,15,3,7,0.6,67.56,17.84,9.4,4-2-3-1,2026-05-23T19:00Z,2026-07-20T00:59:03.722316+00:00,Hansi Flick,2024-05,26,high_line_4-2-3-1,1951.58874512,24,,,,83.0,81.0,79.0,83.0,35.0,68.0,83.0,1,83,2026-08-13T00:49:07.547223,,,,,,,0.0
96,esp.1,Alavés,38,19,19,11,10,17,0.2895,44,56,1.158,1.474,7,6,6,0.3684,4,4,11,0.2105,48.03,12.18,12.47,4-4-2,2026-05-23T19:00Z,2026-07-20T00:59:03.722316+00:00,Quique Sánchez Flores,2026,0,,1507.9,30,,,,69.0,54.333333333333336,65.33333333333333,70.66666666666667,62.0,72.33333333333333,72.66666666666667,24,76,2026-08-12 11:57:28,,,,,,,
1538,esp.1,Levante,38,19,19,11,9,18,0.2895,47,61,1.237,1.605,7,5,7,0.3684,4,4,11,0.2105,42.8,12.53,15.37,4-2-3-1,2026-05-23T19:00Z,2026-07-20T00:59:03.722316+00:00,Luís Castro,2025,12,,1638.74023438,27,,,,,,,,,,,0,,2026-08-12 11:57:28,,,,,,,
94,esp.1,Valencia,38,19,19,13,10,15,0.3421,46,55,1.211,1.447,8,6,5,0.4211,5,4,10,0.2632,47.62,11.82,11.74,4-4-2,2026-05-23T19:00Z,2026-07-20T00:59:03.722316+00:00,Carlos Corberán,2011,180,,1697.41503906,32,,,,75.4,65.6,69.3,73.1,56.1,71.4,76.2,30,81,2026-08-12 11:57:28,,,,,,,
89,esp.1,Real Sociedad,38,19,19,11,13,14,0.2895,59,61,1.553,1.605,8,5,6,0.4211,3,8,8,0.1579,51.25,12.34,13.92,4-2-3-1,2026-05-23T19:00Z,2026-07-20T00:59:03.722316+00:00,Imanol Alguacil,2018,96,4-3-3_possession,1534.3,33,,,,82.0,76.0,62.0,71.0,30.0,76.0,77.0,1,77,2026-08-13T00:49:07.547223,,,,,,,0.0
85,esp.1,Celta Vigo,52,26,26,21,14,17,0.4038,75,67,1.442,1.288,10,6,10,0.3846,11,8,7,0.4231,49.98,10.25,12.12,3-4-3,2026-05-23T19:00Z,2026-07-20T00:59:03.722316+00:00,Claudio Giráldez,2024,24,4-3-3_possession,1577.8,26,,,,71.125,66.25,68.5,72.25,55.125,68.5,75.875,30,83,2026-08-12 11:57:28,,,,,,,
2922,esp.1,Getafe,38,19,19,15,6,17,0.3947,32,38,0.842,1.0,8,3,8,0.4211,7,3,9,0.3684,40.13,9.26,11.05,5-3-2,2026-05-23T19:00Z,2026-07-20T00:59:03.722316+00:00,José Bordalás,2021,60,,1664.07507324,27,,,,67.5,60.0,66.625,72.125,65.0,76.375,76.0,30,81,2026-08-12 11:57:28,,,,,,,
93,esp.1,Athletic Club,46,23,23,15,8,23,0.3261,52,72,1.13,1.565,10,4,9,0.4348,5,4,14,0.2174,47.25,13.17,9.72,4-2-3-1,2026-05-23T19:00Z,2026-07-20T00:59:03.722316+00:00,Ernesto Valverde,2013,156,4-2-3-1_physical,1503.3,34,,,,,,,,,,,0,,2026-08-13T00:49:07.547223,,,,,,,0.0
243,esp.1,Sevilla,38,19,19,12,7,19,0.3158,46,60,1.211,1.579,7,4,8,0.3684,5,3,11,0.2632,50.98,11.5,10.58,4-2-3-1,2026-05-23T19:00Z,2026-07-20T00:59:03.722316+00:00,García Pimienta,2024-06,25,4-3-3_possession,1625.92346191,21,,,,,,,,,,,0,,2026-08-12 11:57:28,,,,,,,
88,esp.1,Espanyol,38,19,19,12,10,16,0.3158,43,55,1.132,1.447,7,5,7,0.3684,5,5,9,0.2632,42.34,12.63,13.71,4-2-3-1,2026-05-23T19:00Z,2026-07-20T00:59:03.722316+00:00,Manolo González,2006,240,,1629.45593262,24,,,,72.0,52.666666666666664,63.666666666666664,66.0,61.666666666666664,71.33333333333333,74.66666666666667,22,77,2026-08-12 11:57:28,,,,,,,
1068,esp.1,Atlético Madrid,54,27,27,28,9,17,0.5185,97,72,1.796,1.333,20,2,5,0.7407,8,7,12,0.2963,52.13,13.44,12.15,4-4-2,2026-05-24T19:00Z,2026-07-20T00:59:03.722316+00:00,Diego Simeone,2011,180,,1631.6,24,,,,76.8,71.4,74.0,78.6,55.4,69.0,80.16666666666667,6,88,2026-08-13T00:49:07.547223,85.0,90.0,78.0,86.0,87.0,46.0,1.0
3751,esp.1,Elche,38,19,19,10,13,15,0.2632,49,57,1.289,1.5,9,8,2,0.4737,1,5,13,0.0526,57.67,10.79,13.84,3-5-2,2026-05-23T19:00Z,2026-07-20T00:59:03.722316+00:00,Martín Anselmi,2015,132,,1623.40356445,31,,,,73.0,63.0,67.66666666666667,73.66666666666667,53.0,77.0,75.33333333333333,26,76,2026-08-12 11:57:28,,,,,,,
244,esp.1,Real Betis,50,25,25,21,18,11,0.42,79,61,1.58,1.22,14,7,4,0.56,7,11,7,0.28,51.22,14.12,11.54,4-2-3-1,2026-05-23T19:00Z,2026-07-20T00:59:03.722316+00:00,Manuel Pellegrini,2020,72,4-2-3-1_attack,1601.6,23,,,,70.5,64.1875,71.5625,74.25,63.1875,70.25,75.5625,23,82,2026-08-12 11:57:28,,,,,,,
86,esp.1,Real Madrid,52,26,26,36,5,11,0.6923,110,55,2.115,1.058,21,1,4,0.8077,15,4,7,0.5769,57.83,17.48,12.12,4-4-2,2026-05-23T19:00Z,2026-07-20T00:59:03.722316+00:00,Xabi Alonso,2025,12,gegenpressing_4-3-3,1725.8,25,,,,89.4,84.2,78.2,87.0,51.4,76.6,87.5,6,91,2026-08-13T00:49:07.547223,85.0,89.0,76.0,88.0,90.0,46.0,1.0
97,esp.1,Osasuna,38,19,19,11,9,18,0.2895,44,50,1.158,1.316,9,5,5,0.4737,2,4,13,0.1053,46.8,11.84,12.47,4-2-3-1,2026-05-23T19:00Z,2026-07-20T00:59:03.722316+00:00,Alessio Lisci,2005,252,,1650.25805664,25,,,,70.33333333333333,59.333333333333336,63.333333333333336,68.66666666666667,63.666666666666664,78.0,80.0,22,82,2026-08-12 11:57:28,,,,,,,
3263,ita.1,Genoa,38,19,19,10,11,17,0.2632,41,51,1.079,1.342,6,4,9,0.3158,4,7,8,0.2105,48.73,11.45,12.79,3-5-2,2026-05-24T18:45Z,2026-07-20T00:59:03.722316+00:00,Daniele De Rossi,2012,168,,1618.22717285,28,,,,70.2,65.8,69.6,72.3,61.8,72.3,73.6,31,77,2026-08-12 11:57:28,,,,,,,
113,ita.1,Lecce,38,19,19,10,8,20,0.2632,28,50,0.737,1.316,5,5,9,0.2632,5,3,11,0.2632,41.63,9.82,12.74,4-2-3-1,2026-05-24T18:45Z,2026-07-20T00:59:03.722316+00:00,Eusebio Di Francesco,2011,180,,1601.76928711,32,,,,72.375,59.625,65.625,69.125,48.5,67.375,70.5,32,81,2026-08-12 11:57:28,,,,,,,
3997,ita.1,Sassuolo,38,19,19,14,7,17,0.3684,46,50,1.211,1.316,9,2,8,0.4737,5,5,9,0.2632,46.13,10.66,14.42,4-3-3,2026-05-24T13:00Z,2026-07-20T00:59:03.722316+00:00,Alberto Aquilani,2009,204,,1622.01721191,32,,,,67.85714285714286,62.42857142857143,63.142857142857146,68.71428571428571,55.42857142857143,71.0,73.85714285714286,24,80,2026-08-12 11:57:28,,,,,,,
114,ita.1,Napoli,46,23,23,25,9,12,0.5435,67,51,1.457,1.109,15,5,3,0.6522,10,4,9,0.4348,57.65,12.96,10.57,3-4-2-1,2026-05-24T16:00Z,2026-07-20T00:59:03.722316+00:00,Antonio Conte,2025,12,3-4-3_attack,1780.29577637,44,,,,71.7,63.35,67.65,71.9,64.35,72.5,77.13636363636364,22,85,2026-08-13T00:49:07.547223,79.0,77.0,84.0,81.0,79.0,43.0,1.0
103,ita.1,AC Milan,38,19,19,20,10,8,0.5263,53,35,1.395,0.921,9,5,5,0.4737,11,5,3,0.5789,51.87,13.24,11.53,3-5-2,2026-05-24T18:45Z,2026-07-20T00:59:03.722316+00:00,Massimiliano Allegri,2026,0,4-3-3_counter,1641.5,29,,,,,,,,,,,0,,2026-08-12 11:57:28,,,,,,,
4050,ita.1,Cremonese,38,19,19,8,10,20,0.2105,32,57,0.842,1.5,3,7,9,0.1579,5,3,11,0.2632,46.4,9.11,15.61,3-5-2,2026-05-24T18:45Z,2026-07-20T00:59:03.722316+00:00,Marco Giampaolo,2025,12,,1598.15246582,33,,,,77.0,64.42857142857143,65.85714285714286,68.85714285714286,55.42857142857143,73.0,72.57142857142857,25,78,2026-08-12 11:57:28,,,,,,,
104,ita.1,AS Roma,48,24,24,28,6,14,0.5833,76,42,1.583,0.875,15,3,6,0.625,13,3,8,0.5417,55.52,13.52,9.94,3-4-2-1,2026-05-24T18:45Z,2026-07-20T00:59:03.722316+00:00,Claudio Ranieri,2010,192,3-5-2_defensive,1676.3,22,,,,69.1875,61.1875,69.3125,72.1875,68.3125,74.625,77.5,23,83,2026-08-12 11:57:28,,,,,,,
107,ita.1,Bologna,52,26,26,23,12,17,0.4423,71,64,1.365,1.231,8,8,10,0.3077,15,4,7,0.5769,54.59,14.29,10.0,4-2-3-1,2026-05-23T16:00Z,2026-07-20T00:59:03.722316+00:00,Vincenzo Italiano,2024,24,4-2-3-1_attack,1701.2779541,26,,,,73.3125,69.5625,69.3125,73.25,60.5625,72.8125,75.9375,30,82,2026-08-12 11:57:28,,,,,,,
2925,ita.1,Cagliari,38,19,19,11,10,17,0.2895,40,53,1.053,1.395,7,4,8,0.3684,4,6,9,0.2105,45.56,10.92,12.92,3-5-2,2026-05-24T18:45Z,2026-07-20T00:59:03.722316+00:00,Fabio Pisacane,2025,12,,1596.56152344,32,,,,,,,,,,,0,,2026-08-12 11:57:28,,,,,,,
109,ita.1,Fiorentina,50,25,25,16,15,19,0.32,60,65,1.2,1.3,8,9,8,0.32,8,6,11,0.32,51.09,13.4,13.16,4-3-3,2026-05-22T18:45Z,2026-07-20T00:59:03.722316+00:00,Raffaele Palladino,2024-06,25,4-2-3-1_attack,1670.17321777,25,,,,71.58333333333333,69.08333333333333,68.91666666666667,75.25,61.666666666666664,71.5,76.75,23,85,2026-08-12 11:57:28,,,,,,,
2572,ita.1,Como,38,19,19,20,11,7,0.5263,65,29,1.711,0.763,10,6,3,0.5263,10,5,4,0.5263,61.59,14.45,8.97,4-2-3-1,2026-05-24T18:45Z,2026-07-20T00:59:03.722316+00:00,Cesc Fàbregas,2022,48,,1760.02868652,24,,,,82.0,71.33333333333333,75.0,82.0,52.0,67.0,78.33333333333333,21,79,2026-08-12 11:57:28,,,,,,,
112,ita.1,Lazio,38,19,19,14,12,12,0.3684,41,40,1.079,1.053,8,6,5,0.4211,6,6,7,0.3158,50.32,10.97,13.32,4-3-3,2026-05-23T18:45Z,2026-07-20T00:59:03.722316+00:00,Marco Baroni,2024-06,25,4-2-3-1_counter,1703.16967773,26,,,,77.13333333333334,67.93333333333334,70.46666666666667,77.53333333333333,59.8,69.73333333333333,77.46666666666667,32,86,2026-08-12 11:57:28,,,,,,,
105,ita.1,Atalanta,50,25,25,20,15,15,0.4,67,59,1.34,1.18,12,7,6,0.48,8,8,9,0.32,53.55,14.56,12.08,3-4-2-1,2026-05-22T18:45Z,2026-07-20T00:59:03.722316+00:00,Gian Piero Gasperini,2016,120,3-4-1-2_attack,1763.51831055,31,,,,75.8,64.8,69.13333333333334,75.46666666666667,57.2,72.0,78.53333333333333,28,84,2026-08-12 11:57:28,,,,,,,
3956,ita.1,Pisa,38,19,19,2,12,24,0.0526,26,71,0.684,1.868,2,4,13,0.1053,0,8,11,0.0,40.22,9.58,14.42,3-5-2,2026-05-23T18:45Z,2026-07-20T00:59:03.722316+00:00,Paolo Bianco,2009,204,,1608.60339355,37,,,,69.33333333333333,62.0,68.33333333333333,70.0,66.33333333333333,71.66666666666667,70.33333333333333,26,74,2026-08-12 11:57:28,,,,,,,
111,ita.1,Juventus,48,24,24,23,16,9,0.4792,80,51,1.667,1.062,13,9,2,0.5417,10,7,7,0.4167,55.46,16.71,11.29,3-4-2-1,2026-05-24T19:45Z,2026-07-20T00:59:03.722316+00:00,Thiago Motta,2024-06,25,4-2-3-1_possession,1772.25610352,29,,,,76.47058823529412,64.11764705882354,71.58823529411765,75.0,62.94117647058823,71.05882352941177,77.65,20,85,2026-08-13T00:49:07.547223,80.0,78.0,75.0,81.0,81.5,56.5,2.0
115,ita.1,Parma,38,19,19,11,12,15,0.2895,28,46,0.737,1.211,5,6,8,0.2632,6,6,7,0.3158,44.0,10.71,14.16,3-5-2,2026-05-24T13:00Z,2026-07-20T00:59:03.722316+00:00,Carlos Cuesta,2002,288,,1600.62341309,28,,,,71.47368421052632,58.21052631578947,61.68421052631579,66.89473684210526,54.63157894736842,66.84210526315789,69.57894736842105,23,75,2026-08-12 11:57:28,,,,,,,
118,ita.1,Udinese,38,19,19,14,8,16,0.3684,45,48,1.184,1.263,6,5,8,0.3158,8,3,8,0.4211,45.63,11.55,13.21,3-5-2,2026-05-24T16:00Z,2026-07-20T00:59:03.722316+00:00,Kosta Runjaić,2024-06,25,3-5-2_counter,1645.94152832,38,,,,67.82352941176471,58.411764705882355,63.0,67.94117647058823,60.35294117647059,72.70588235294117,72.47058823529412,23,79,2026-08-12 11:57:28,,,,,,,
119,ita.1,Hellas Verona,38,19,19,3,12,23,0.0789,25,61,0.658,1.605,1,5,13,0.0526,2,7,10,0.1053,40.16,11.11,13.5,3-5-2,2026-05-24T18:45Z,2026-07-20T00:59:03.722316+00:00,Paolo Sammarco,2026,0,,1409.9,45,,,,69.0,58.857142857142854,62.142857142857146,70.57142857142857,53.42857142857143,70.0,72.57142857142857,21,76,2026-08-12 11:57:28,,,,,,,
110,ita.1,Internazionale,48,24,24,32,6,10,0.6667,106,47,2.208,0.979,16,3,5,0.6667,16,3,5,0.6667,59.19,17.29,9.31,3-5-2,2026-05-23T16:00Z,2026-07-20T00:59:03.722316+00:00,Simone Inzaghi,2025,12,3-5-2_attack,1745.0,25,,,,75.47058823529412,67.05882352941177,72.47058823529412,76.70588235294117,67.23529411764706,75.23529411764706,80.05,20,88,2026-08-13T00:49:07.547223,79.0,76.5,76.0,81.5,81.5,38.0,2.0
239,ita.1,Torino,38,19,19,12,9,17,0.3158,44,63,1.158,1.658,8,4,7,0.4211,4,5,10,0.2105,44.18,11.82,13.87,3-5-2,2026-05-24T19:45Z,2026-07-20T00:59:03.722316+00:00,Paolo Vanoli,2024-07,24,3-5-2_defensive,1624.05883789,26,,,,71.21428571428571,61.92857142857143,62.857142857142854,68.5,49.0,66.5,70.71428571428571,26,82,2026-08-12 11:57:28,,,,,,,
169,fra.1,Stade Rennais,34,17,17,17,8,9,0.5,59,50,1.735,1.471,10,4,3,0.5882,7,4,6,0.4118,53.53,14.15,13.5,3-5-2,2026-05-17T19:00Z,2026-07-20T00:59:03.722316+00:00,Habib Beye,2025-02,17,4-2-3-1_attack,1552.8,33,,,,,,,,,,,0,,2026-08-12 11:57:28,,,,,,,
176,fra.1,Marseille,42,21,21,21,5,16,0.5,74,59,1.762,1.405,13,4,4,0.619,8,1,12,0.381,56.62,14.83,11.31,4-2-3-1,2026-05-17T19:00Z,2026-07-20T00:59:03.722316+00:00,Roberto De Zerbi,2024-06,25,possession_4-2-3-1,1716.74267578,33,,,,76.07692307692308,69.84615384615384,74.46153846153847,77.84615384615384,59.84615384615385,71.61538461538461,80.0,20,84,2026-08-12 11:57:28,,,,,,,
175,fra.1,Lens,34,17,17,22,4,8,0.6471,66,35,1.941,1.029,14,0,3,0.8235,8,4,5,0.4706,51.09,16.44,11.12,3-4-2-1,2026-05-17T19:00Z,2026-07-20T00:59:03.722316+00:00,Will Still,2024,24,3-4-2-1_attack,1767.04321289,32,,,,70.13333333333334,60.333333333333336,65.0,69.46666666666667,51.666666666666664,67.8,71.8,20,77,2026-08-12 11:57:28,,,,,,,
167,fra.1,Lyon,44,22,22,25,7,12,0.5682,72,48,1.636,1.091,16,1,5,0.7273,9,6,7,0.4091,56.14,12.8,11.16,4-2-3-1,2026-05-17T19:00Z,2026-07-20T00:59:03.722316+00:00,Pierre Sage,2025,12,4-3-3_possession,1731.61791992,30,,,,74.5,69.75,73.625,75.375,53.5,74.75,77.75,25,84,2026-08-12 11:57:28,,,,,,,
174,fra.1,AS Monaco,44,22,22,18,11,15,0.4091,72,73,1.636,1.659,11,5,6,0.5,7,6,9,0.3182,50.89,12.73,14.55,3-4-2-1,2026-05-17T19:00Z,2026-07-20T00:59:03.722316+00:00,Adi Hütter,2023-07,36,4-2-3-1_attack,1505.9,29,,,,,,,,,,,0,,2026-08-12 11:57:28,,,,,,,
3236,fra.1,Le Havre AC,34,17,17,7,14,13,0.2059,32,44,0.941,1.294,5,8,4,0.2941,2,6,9,0.1176,46.84,10.94,13.0,4-3-3,2026-05-17T19:00Z,2026-07-20T00:59:03.722316+00:00,Didier Digard,2024,24,,1432.3,24,,,,,,,,,,,0,,2026-08-12 11:57:28,,,,,,,
2502,fra.1,Nice,42,21,21,8,11,23,0.1905,44,75,1.048,1.786,5,8,8,0.2381,3,3,15,0.1429,45.71,11.48,15.0,4-2-3-1,2026-05-17T19:00Z,2026-07-20T00:59:03.722316+00:00,Franck Haise,2024-06,25,4-4-2_compact,1597.89770508,28,,,,76.1,61.6,67.3,72.9,60.0,70.4,74.5,20,80,2026-08-12 11:57:28,,,,,,,
179,fra.1,Toulouse,33,17,16,12,8,13,0.3636,47,46,1.424,1.394,6,6,5,0.3529,6,2,8,0.375,42.22,12.85,12.18,3-4-2-1,2026-05-10T19:00Z,2026-07-20T00:59:03.722316+00:00,Jens Berthel Askou,2026,0,,1652.31567383,25,,,,70.28571428571429,58.714285714285715,63.285714285714285,67.14285714285714,50.42857142857143,69.0,69.85714285714286,25,78,2026-08-12 11:57:28,,,,,,,
6997,fra.1,Brest,34,17,17,10,9,15,0.2941,43,55,1.265,1.618,7,5,5,0.4118,3,4,10,0.1765,43.35,11.24,13.91,4-2-3-1,2026-05-17T19:00Z,2026-07-20T00:59:03.722316+00:00,Julien Lachuer,2018,96,,1620.84448242,19,,,,,,,,,,,0,,2026-08-12 11:57:28,,,,,,,
166,fra.1,Lille,46,23,23,23,7,16,0.5,66,50,1.435,1.087,11,5,7,0.4783,12,2,9,0.5217,56.07,13.39,9.22,4-2-3-1,2026-05-17T19:00Z,2026-07-20T00:59:03.722316+00:00,Bruno Génésio,2024-06,25,4-3-3_possession,1743.7088623,29,,,,69.94117647058823,58.411764705882355,66.94117647058823,70.41176470588235,65.23529411764706,71.05882352941177,74.26315789473684,19,80,2026-08-13T00:49:07.547223,76.5,71.5,69.0,74.5,76.0,49.5,2.0
172,fra.1,AJ Auxerre,34,17,17,8,10,16,0.2353,34,44,1.0,1.294,6,4,7,0.3529,2,6,9,0.1176,43.88,10.71,11.97,4-3-3,2026-05-17T19:00Z,2026-07-20T00:59:03.722316+00:00,Will Still,2025,12,,1444.1,30,,,,68.55555555555556,57.888888888888886,64.88888888888889,71.55555555555556,58.0,66.0,71.44444444444444,23,76,2026-08-12 11:57:28,,,,,,,
273,fra.1,Lorient,34,17,17,11,12,11,0.3235,48,51,1.412,1.5,8,6,3,0.4706,3,6,8,0.1765,45.36,11.32,11.12,3-4-2-1,2026-05-17T19:00Z,2026-07-20T00:59:03.722316+00:00,Alexandre Dujeux,2002,288,,1639.05737305,24,,,,73.57142857142857,57.285714285714285,55.714285714285715,67.28571428571429,44.857142857142854,64.14285714285714,70.42857142857143,20,73,2026-08-12 11:57:28,,,,,,,
7868,fra.1,Angers,34,17,17,9,9,16,0.2647,29,48,0.853,1.412,6,5,6,0.3529,3,4,10,0.1765,41.92,9.29,14.41,4-2-3-1,2026-05-17T19:00Z,2026-07-20T00:59:03.722316+00:00,André Simonyi,2016,120,,1599.87866211,28,,,,61.0,55.5,66.5,71.5,47.5,64.5,71.0,20,74,2026-08-12 11:57:28,,,,,,,
6851,fra.1,Paris FC,34,17,17,11,11,12,0.3235,47,50,1.382,1.471,7,4,6,0.4118,4,7,6,0.2353,50.37,11.68,12.44,4-3-3,2026-05-17T19:00Z,2026-07-20T00:59:03.722316+00:00,Liam Rosenior,2024,24,,1482.2,30,,,,79.83333333333333,62.833333333333336,66.0,74.0,45.166666666666664,63.833333333333336,74.33333333333333,20,81,2026-08-12 11:57:28,,,,,,,
177,fra.1,Metz,34,17,17,3,8,23,0.0882,32,76,0.941,2.235,2,4,11,0.1176,1,4,12,0.0588,48.94,10.06,15.32,4-2-3-1,2026-05-17T19:00Z,2026-07-20T00:59:03.722316+00:00,Luc Holtz,2026,0,,1591.03210449,23,,,,73.36363636363636,51.63636363636363,56.54545454545455,63.27272727272727,48.90909090909091,65.0,68.0,27,72,2026-08-12 11:57:28,,,,,,,
180,fra.1,Strasbourg,46,23,23,22,10,14,0.4783,76,58,1.652,1.261,12,5,6,0.5217,10,5,8,0.4348,54.71,11.65,13.33,4-2-3-1,2026-05-17T19:00Z,2026-07-20T00:59:03.722316+00:00,Liam Rosenior,2025-06,13,3-4-3_attack,1710.80432129,34,,,,73.25,55.375,66.125,70.625,49.0,63.375,71.125,24,77,2026-08-12 11:57:28,,,,,,,
165,fra.1,Nantes,33,16,17,5,8,20,0.1515,29,52,0.879,1.576,3,3,10,0.1875,2,5,10,0.1176,42.1,11.3,13.48,4-1-4-1,2026-05-08T18:45Z,2026-07-20T00:59:03.722316+00:00,position not filled,2007,228,,1611.78076172,27,,,,73.83333333333333,66.83333333333333,61.666666666666664,71.33333333333333,52.166666666666664,72.33333333333333,73.33333333333333,20,76,2026-08-12 11:57:28,,,,,,,
160,fra.1,Paris Saint-Germain,51,26,25,34,9,8,0.6667,119,52,2.333,1.02,18,5,3,0.6923,16,4,5,0.64,67.12,18.06,9.33,4-3-3,2026-05-30T16:00Z,2026-07-20T00:59:03.722316+00:00,Luis Enrique,2023-07,36,possession_4-3-3,1691.0,23,,,,77.0952380952381,65.76190476190476,73.95238095238095,78.14285714285714,66.76190476190476,71.80952380952381,80.79166666666667,24,90,2026-08-13T00:49:07.547223,81.5,76.5,74.0,78.5,83.0,47.0,2.0
132,ger.1,Bayern Munich,48,24,24,39,6,3,0.8125,165,56,3.438,1.167,20,3,1,0.8333,19,3,2,0.7917,65.44,18.96,10.92,4-2-3-1,2026-05-16T13:30Z,2026-07-20T00:59:03.722316+00:00,Vincent Kompany,2024,24,high_press_4-2-3-1,1846.0,23,,,,75.61111111111111,70.88888888888889,76.72222222222223,79.66666666666667,60.666666666666664,72.05555555555556,81.88888888888889,26,89,2026-08-12 11:57:28,,,,,,,
11420,ger.1,RB Leipzig,34,17,17,20,5,9,0.5882,66,47,1.941,1.382,12,2,3,0.7059,8,3,6,0.4706,53.86,15.79,12.15,4-3-3,2026-05-16T13:30Z,2026-07-20T00:59:03.722316+00:00,Marco Rose,2024,24,high_press_4-3-3,1629.9,36,,,,76.6842105263158,63.78947368421053,69.15789473684211,74.57894736842105,54.05263157894737,70.63157894736842,75.94736842105263,22,85,2026-08-12 11:57:28,,,,,,,
6418,ger.1,1. FC Heidenheim 1846,34,17,17,6,8,20,0.1765,41,72,1.206,2.118,4,5,8,0.2353,2,3,12,0.1176,42.23,11.41,15.29,3-4-2-1,2026-05-16T13:30Z,2026-07-20T00:59:03.722316+00:00,Frank Schmidt,2007,228,,1400.5,31,,,,69.47619047619048,57.285714285714285,59.095238095238095,64.95238095238095,53.80952380952381,71.23809523809524,70.28571428571429,24,76,2026-08-12 11:57:28,,,,,,,
138,ger.1,VfL Wolfsburg,34,17,17,7,8,19,0.2059,45,69,1.324,2.029,2,4,11,0.1176,5,4,8,0.2941,45.21,11.91,15.41,4-2-3-1,2026-05-16T13:30Z,2026-07-20T00:59:03.722316+00:00,Ralph Hasenhüttl,2024,24,4-2-3-1_counter,1427.1,38,,,,,,,,,,,0,,2026-08-12 11:57:28,,,,,,,
598,ger.1,1. FC Union Berlin,34,17,17,10,9,15,0.2941,44,58,1.294,1.706,5,7,5,0.2941,5,2,10,0.2941,40.25,12.47,12.94,3-4-2-1,2026-05-16T13:30Z,2026-07-20T00:59:03.722316+00:00,Steffen Baumgart,2025,12,4-3-3_attack,1474.0,30,,,,69.94444444444444,58.77777777777778,62.55555555555556,68.38888888888889,57.666666666666664,70.61111111111111,72.22222222222223,23,78,2026-08-12 11:57:28,,,,,,,
134,ger.1,VfB Stuttgart,46,23,23,24,8,14,0.5217,91,64,1.978,1.391,16,3,4,0.6957,8,5,10,0.3478,58.26,16.13,12.11,4-2-3-1,2026-05-16T13:30Z,2026-07-20T00:59:03.722316+00:00,Sebastian Hoeneß,2023-07,36,4-3-3_attack,1619.4,41,,,,71.66666666666667,56.714285714285715,66.9047619047619,72.61904761904762,57.38095238095238,69.9047619047619,73.95238095238095,28,83,2026-08-12 11:57:28,,,,,,,
131,ger.1,Bayer Leverkusen,46,23,23,21,13,12,0.4565,84,64,1.826,1.391,10,8,5,0.4348,11,5,7,0.4783,57.35,14.09,12.78,3-4-2-1,2026-05-16T13:30Z,2026-07-20T00:59:03.722316+00:00,Erik ten Hag,2025,12,4-2-3-1_possession,1591.2,35,,,,70.76470588235294,65.6470588235294,69.76470588235294,74.94117647058823,57.294117647058826,69.58823529411765,76.11764705882354,20,85,2026-08-12 11:57:28,,,,,,,
7911,ger.1,TSG Hoffenheim,34,17,17,18,7,9,0.5294,65,52,1.912,1.529,10,2,5,0.5882,8,5,4,0.4706,55.19,14.12,12.24,4-2-3-1,2026-05-16T13:30Z,2026-07-20T00:59:03.722316+00:00,Christian Ilzer,2024-07,24,4-3-3_attack,1600.6,33,,,,71.22222222222223,60.05555555555556,63.72222222222222,70.11111111111111,51.333333333333336,69.22222222222223,72.5,22,83,2026-08-12 11:57:28,,,,,,,
125,ger.1,Eintracht Frankfurt,42,21,21,12,12,18,0.2857,71,86,1.69,2.048,8,4,9,0.381,4,8,9,0.1905,52.01,11.05,13.36,4-2-3-1,2026-05-16T13:30Z,2026-07-20T00:59:03.722316+00:00,Dino Toppmöller,2023,36,3-4-2-1_attack,1477.7,34,,,,74.9047619047619,59.57142857142857,67.85714285714286,72.9047619047619,61.38095238095238,69.04761904761905,75.38095238095238,27,82,2026-08-12 11:57:28,,,,,,,
137,ger.1,Werder Bremen,34,17,17,8,8,18,0.2353,37,60,1.088,1.765,5,4,8,0.2941,3,4,10,0.1765,51.21,13.09,13.79,4-2-3-1,2026-05-16T13:30Z,2026-07-20T00:59:03.722316+00:00,Horst Steffen,2024-06,25,4-3-3_attack,1435.8,33,,,,72.65,60.45,63.4,69.0,54.15,67.9,71.55,24,78,2026-08-12 11:57:28,,,,,,,
126,ger.1,SC Freiburg,49,25,24,22,10,17,0.449,76,70,1.551,1.429,16,5,4,0.64,6,5,13,0.25,48.48,12.49,13.35,4-2-3-1,2026-05-20T19:00Z,2026-07-20T00:59:03.722316+00:00,Julian Schuster,2024,24,4-2-3-1_attack,1558.4,30,,,,70.89473684210526,55.26315789473684,63.63157894736842,68.47368421052632,60.8421052631579,71.26315789473684,73.36363636363636,22,82,2026-08-13T00:49:07.547223,74.0,70.0,73.0,71.0,79.0,49.0,2.0
3841,ger.1,FC Augsburg,34,17,17,12,7,15,0.3529,45,61,1.324,1.794,7,5,5,0.4118,5,2,10,0.2941,44.0,13.18,14.79,3-4-2-1,2026-05-16T13:30Z,2026-07-20T00:59:03.722316+00:00,Thomas Tuchel,2009,204,,1480.0,32,,,,70.16666666666667,59.388888888888886,64.38888888888889,70.05555555555556,56.388888888888886,69.27777777777777,72.94444444444444,22,77,2026-08-12 11:57:28,,,,,,,
270,ger.1,St. Pauli,34,17,17,6,8,20,0.1765,29,60,0.853,1.765,4,5,8,0.2353,2,3,12,0.1176,44.28,10.26,12.38,3-4-2-1,2026-05-16T13:30Z,2026-07-20T00:59:03.722316+00:00,Marcel Rapp,2015,132,,1400.5,27,,,,70.0,58.0,61.8,66.4,54.06666666666667,69.33333333333333,69.46666666666667,20,77,2026-08-12 11:57:28,,,,,,,
124,ger.1,Borussia Dortmund,44,22,22,26,9,9,0.5909,92,55,2.091,1.25,16,3,3,0.7273,10,6,6,0.4545,53.37,12.59,10.98,3-4-2-1,2026-05-16T13:30Z,2026-07-20T00:59:03.722316+00:00,Niko Kovač,2025-01,18,defensive_4-2-3-1,1658.7,28,,,,75.4090909090909,67.18181818181819,70.95454545454545,76.0909090909091,59.5,75.0909090909091,77.95454545454545,27,87,2026-08-12 11:57:28,,,,,,,
2950,ger.1,Mainz,44,22,22,16,12,16,0.3636,55,60,1.25,1.364,9,5,8,0.4091,7,7,8,0.3182,44.72,12.25,12.95,3-5-2,2026-05-16T13:30Z,2026-07-20T00:59:03.722316+00:00,Urs Fischer,2009,204,,1671.92553711,32,,,,75.75,64.875,67.625,72.125,56.0,71.25,74.75,24,81,2026-08-12 11:57:28,,,,,,,
122,ger.1,FC Cologne,34,17,17,7,11,16,0.2059,49,63,1.441,1.853,5,4,8,0.2941,2,7,8,0.1176,47.05,13.44,13.62,4-2-3-1,2026-05-16T13:30Z,2026-07-20T00:59:03.722316+00:00,René Wagner,2024,24,,1456.4,32,,,,70.5,56.333333333333336,65.16666666666667,69.0,62.833333333333336,70.16666666666667,72.0,24,77,2026-08-12 11:57:28,,,,,,,
268,ger.1,Borussia Mönchengladbach,34,17,17,9,11,14,0.2647,42,53,1.235,1.559,6,6,5,0.3529,3,5,9,0.1765,46.7,11.62,14.21,3-4-2-1,2026-05-16T13:30Z,2026-07-20T00:59:03.722316+00:00,Eugen Polanski,2025,12,,1476.9,28,,,,71.76470588235294,59.0,66.05882352941177,70.52941176470588,60.76470588235294,69.70588235294117,73.82352941176471,23,80,2026-08-12 11:57:28,,,,,,,
127,ger.1,Hamburg SV,34,17,17,9,11,14,0.2647,40,54,1.176,1.588,6,6,5,0.3529,3,5,9,0.1765,45.41,12.29,14.53,3-4-3,2026-05-16T13:30Z,2026-07-20T00:59:03.722316+00:00,Merlin Polzin,2026,0,,1468.1,28,,,,73.77777777777777,61.22222222222222,63.666666666666664,70.11111111111111,52.77777777777778,72.0,72.38888888888889,23,75,2026-08-12 11:57:28,,,,,,,
5270,no.1,Tromso,30,17,13,17,6,7,0.5667,48,29,1.67,1.2,11,3,3,0.6471,6,3,4,0.4615,50.78,13.23,9.67,4-3-3,2026-07-18T12:00Z,2026-08-14T23:38:56.270536,Jørgen Vik,2011,180,,1497.0,30,,,,,,,,,,,26,,2026-08-12 11:57:28,,,,,,,
3039,nor.1,Fredrikstad,26,11,15,8,7,11,0.3077,30,38,1.154,1.462,4,4,3,0.3636,4,3,8,0.2667,48.48,11.31,15.65,5-4-1,2026-07-17T17:15Z,2026-07-20T00:59:03.722316+00:00,Casper Røjkjær,2026,0,,1361.1,27,,,,66.5,42.5,55.5,60.0,63.5,71.0,66.0,24,67,2026-08-12 11:57:28,,,,,,,
5002,nor.1,Sarpsborg FK,28,14,14,11,4,13,0.3929,37,49,1.321,1.75,6,3,5,0.4286,5,1,8,0.3571,45.06,12.79,14.54,4-2-3-1,2026-07-18T14:00Z,2026-07-20T00:59:03.722316+00:00,Even Sel,2000,312,,1420.0,30,,,,71.66666666666667,56.0,66.33333333333333,66.0,50.0,69.66666666666667,67.0,20,71,2026-08-12 11:57:28,,,,,,,
620,nor.1,SK Brann,38,17,21,16,6,16,0.4211,65,57,1.711,1.5,9,2,6,0.5294,7,4,10,0.3333,57.02,13.29,12.32,4-3-3,2026-07-18T16:00Z,2026-07-20T00:59:03.722316+00:00,Eirik Horneland,2025,12,4-3-3_attack,1435.7,27,,,,71.16666666666667,58.166666666666664,62.333333333333336,66.33333333333333,54.5,67.0,69.83333333333333,25,74,2026-08-12 11:57:28,,,,,,,
21380,nor.1,Hamarkameratene,27,15,12,11,5,11,0.4074,43,42,1.593,1.556,10,0,5,0.6667,1,5,6,0.0833,45.11,12.44,15.37,5-3-2,2026-07-18T12:00Z,2026-07-20T00:59:03.722316+00:00,Thomas Myhre,2007,228,,1415.6,29,,,,58.0,56.0,59.0,62.0,57.0,70.0,64.0,24,64,2026-08-12 11:57:28,,,,,,,
2980,nor.1,Bodo/Glimt,39,18,21,25,7,7,0.641,98,46,2.513,1.179,13,2,3,0.7222,12,5,4,0.5714,58.82,16.1,12.33,4-3-3,2026-07-17T17:15Z,2026-07-20T00:59:03.722316+00:00,Kjetil Knutsen,2018,96,,1592.0,26,,,,71.85714285714286,57.285714285714285,64.85714285714286,69.0,62.0,72.71428571428571,72.28571428571429,21,77,2026-08-12 11:57:28,,,,,,,
22165,nor.1,KFUM Oslo,28,15,13,5,11,12,0.1786,30,43,1.071,1.536,5,5,5,0.3333,0,6,7,0.0,49.7,11.43,9.71,3-4-3,2026-07-18T14:00Z,2026-07-20T00:59:03.722316+00:00,Johannes Moesgaard,2004,264,,1319.6,28,,,,,,,,,,,0,,2026-08-12 11:57:28,,,,,,,
438,nor.1,Rosenborg,26,13,13,7,6,13,0.2692,37,43,1.423,1.654,5,4,4,0.3846,2,2,9,0.1538,52.08,12.27,14.0,4-4-2,2026-07-18T14:00Z,2026-07-20T00:59:03.722316+00:00,Alfred Johansson,2023,36,4-3-3_possession,1645.08764648,29,,,,75.0,61.6,65.0,68.4,57.0,71.4,70.8,23,75,2026-08-12 11:57:28,,,,,,,
2715,nor.1,Molde,28,15,13,13,3,12,0.4643,45,36,1.607,1.286,11,0,4,0.7333,2,3,8,0.1538,56.49,15.04,12.71,4-4-2,2026-07-18T16:00Z,2026-07-20T00:59:03.722316+00:00,Erling Moe,2015,132,4-3-3_attack,1615.63183594,29,,,,86.5,56.5,62.5,69.5,43.0,63.5,69.5,20,72,2026-08-12 11:57:28,,,,,,,
22530,nor.1,Bryne,15,7,8,3,4,8,0.2,16,29,1.067,1.933,2,3,2,0.2857,1,1,6,0.125,46.35,10.93,12.93,4-4-2,2025-11-30T16:00Z,2026-07-20T00:59:03.722316+00:00,Kevin Knappen,2022,48,,1283.8,24,,,,,,,,,,,0,,2026-08-12 11:57:28,,,,,,,
9811,nor.1,Stromsgodset,14,8,6,4,2,8,0.2857,18,35,1.286,2.5,3,1,4,0.375,1,1,4,0.1667,45.11,13.79,16.57,4-1-4-1,2025-11-30T16:00Z,2026-07-20T00:59:03.722316+00:00,Magne Hoseth,2023,36,,1266.1,22,,,,,,,,,,,0,,2026-08-12 11:57:28,,,,,,,
3327,nor.1,Haugesund,14,7,7,2,1,11,0.1429,17,38,1.214,2.714,1,0,6,0.1429,1,1,5,0.1429,43.35,8.0,20.57,4-4-2,2025-11-30T16:00Z,2026-07-20T00:59:03.722316+00:00,Endre Eide,2000,312,,1209.0,27,,,,,,,,,,,0,,2026-08-12 11:57:28,,,,,,,
2791,nor.1,Vålerenga,27,15,12,11,5,11,0.4074,43,47,1.593,1.741,9,4,2,0.6,2,1,9,0.1667,49.16,14.74,14.93,4-4-2,2026-07-16T17:00Z,2026-07-20T00:59:03.722316+00:00,Geir Bakke,2023,36,,1397.1,27,,,,,,,,,,,0,,2026-08-12 11:57:28,,,,,,,
3279,nor.1,Sandefjord,28,13,15,10,6,12,0.3571,37,39,1.321,1.393,5,4,4,0.3846,5,2,8,0.3333,52.04,14.29,13.71,4-1-4-1,2026-07-18T16:00Z,2026-07-20T00:59:03.722316+00:00,Andreas Tegström,2002,288,,1394.6,26,,,,,,,,,,,23,,2026-08-12 11:57:28,,,,,,,
510,nor.1,Viking FK,24,12,12,20,2,2,0.8333,63,23,2.625,0.958,12,0,0,1.0,8,2,2,0.6667,49.6,15.17,11.0,4-1-4-1,2026-07-18T16:00Z,2026-07-20T00:59:03.722316+00:00,Bjarte Lunde Aarsheim,2022,48,4-3-3_possession,1420.0,29,,,,72.33333333333333,54.333333333333336,56.666666666666664,61.0,53.666666666666664,74.66666666666667,67.66666666666667,20,71,2026-08-12 11:57:28,,,,,,,
6672,nor.1,Kristiansund BK,26,13,13,7,8,11,0.2692,29,46,1.115,1.769,5,4,4,0.3846,2,4,7,0.1538,40.7,12.19,14.19,4-1-4-1,2026-07-18T14:00Z,2026-07-20T00:59:03.722316+00:00,Amund Skiri,2025,12,,1318.8,26,,,,,,,,,,,23,,2026-08-12 11:57:28,,,,,,,
148,uefa.champions,PSV Eindhoven,8,4,4,2,2,4,0.25,16,16,2.0,2.0,1,0,3,0.25,1,2,1,0.25,51.7,10.75,16.25,4-2-3-1,2026-01-28T20:00Z,2026-07-20T00:59:03.722316+00:00,Peter Bosz,2025,12,,1613.2,26,,,,73.5,67.66666666666667,70.33333333333333,73.83333333333333,59.5,72.33333333333333,76.5,20,80,2026-08-12 11:57:28,,,,,,,
5807,uefa.champions,Union St.-Gilloise,8,4,4,3,0,5,0.375,8,17,1.0,2.125,1,0,3,0.25,2,0,2,0.5,35.09,11.88,13.75,3-4-1-2,2026-01-28T20:00Z,2026-07-20T00:59:03.722316+00:00,David Hubert,2021,60,,1525.7,32,,,,,,,,,,,0,,2026-08-12 11:57:28,,,,,,,
1929,pt.1,Benfica,34,5,5,23,11,0,67.6,74,25,2.18,0.74,2,0,3,0.4,1,0,4,0.2,44.85,13.5,11.8,4-2-3-1,2026-02-25T20:00Z,2026-08-14T23:38:56.270889,Marco Silva,2003,276,,1823.5,31,,,,,,,,,,,0,,2026-08-12 11:57:28,,,,,,,
10414,uefa.champions,FK Qarabag,10,5,5,3,1,6,0.3,16,30,1.6,3.0,2,1,2,0.4,1,0,4,0.2,44.6,10.3,18.7,4-2-3-1,2026-02-24T20:00Z,2026-07-20T00:59:03.722316+00:00,Gurban Gurbanov,2000,312,,1420.0,28,,,,,,,,,,,0,,2026-08-12 11:57:28,,,,,,,
435,uefa.champions,Olympiacos,10,5,5,3,3,4,0.3,10,16,1.0,1.6,1,2,2,0.2,2,1,2,0.4,43.04,12.6,10.9,4-2-3-1,2026-02-24T20:00Z,2026-07-20T00:59:03.722316+00:00,José Luis Mendilibar,2023,36,,1563.2,29,,,,,,,,,,,0,,2026-08-12 11:57:28,,,,,,,
pafos,cy.1,Pafos,36,4,4,18,8,10,50.0,66,38,1.83,1.06,2,1,1,0.5,0,2,2,0.0,37.0,9.5,19.62,4-4-2,2026-01-28T20:00Z,2026-08-14T23:38:56.271026,Albert Celades,2014,144,,1500.0,26,,,,90.0,70.0,69.0,74.0,33.0,63.0,75.0,20,75,2026-08-12 11:57:28,,,,,,,
494,uefa.champions,Slavia Prague,8,4,4,0,3,5,0.0,5,19,0.625,2.375,0,2,2,0.0,0,1,3,0.0,46.41,12.38,16.62,3-4-2-1,2026-01-28T20:00Z,2026-07-20T00:59:03.722316+00:00,Jindřich Trpišovský,2017,108,,1388.2,34,,,,71.0,56.666666666666664,61.833333333333336,66.66666666666667,62.833333333333336,77.83333333333333,73.66666666666667,23,76,2026-08-12 11:57:28,,,,,,,
139,uefa.champions,Ajax Amsterdam,8,4,4,2,0,6,0.25,8,21,1.0,2.625,0,0,4,0.0,2,0,2,0.5,53.88,10.38,14.62,4-3-3,2026-01-28T20:00Z,2026-07-20T00:59:03.722316+00:00,Fred Grim,2026,0,,1450.7,44,,,,,,,,,,,0,,2026-08-12 11:57:28,,,,,,,
570,uefa.champions,Club Brugge,10,5,5,3,2,5,0.3,19,24,1.9,2.4,2,2,1,0.4,1,0,4,0.2,46.76,13.0,17.4,4-2-3-1,2026-02-24T17:45Z,2026-07-20T00:59:03.722316+00:00,Ivan Leko,2015,132,,1573.2,27,,,,,,,,,,,0,,2026-08-12 11:57:28,,,,,,,
909,uefa.champions,F.C. København,8,4,4,2,2,4,0.25,12,21,1.5,2.625,1,2,1,0.25,1,0,3,0.25,39.57,10.5,15.88,4-4-2,2026-01-28T20:00Z,2026-07-20T00:59:03.722316+00:00,Jacob Neestrup,2022,48,,1500.7,29,,,,72.54545454545455,62.54545454545455,67.18181818181819,70.81818181818181,56.54545454545455,70.54545454545455,72.18181818181819,23,77,2026-08-12 11:57:28,,,,,,,
432,uefa.champions,Galatasaray,12,6,6,5,1,6,0.4167,17,20,1.417,1.667,4,1,1,0.6667,1,0,5,0.1667,50.28,13.0,15.42,4-2-3-1,2026-03-18T20:00Z,2026-07-20T00:59:03.722316+00:00,Okan Buruk,2024,24,,1684.27087402,36,,,,,,,,,,,0,,2026-08-12 11:57:28,,,,,,,
2250,uefa.champions,Sporting CP,12,6,6,6,2,4,0.5,22,15,1.833,1.25,5,0,1,0.8333,1,2,3,0.1667,50.07,12.92,13.25,4-2-3-1,2026-04-15T19:00Z,2026-07-20T00:59:03.722316+00:00,Rui Borges,2015,132,,1721.5,31,,,,,,,,,,,0,,2026-08-12 11:57:28,,,,,,,
2528,uefa.champions,Kairat Almaty,8,4,4,0,1,7,0.0,7,22,0.875,2.75,0,1,3,0.0,0,0,4,0.0,43.34,9.88,19.12,4-2-3-1,2026-01-28T20:00Z,2026-07-20T00:59:03.722316+00:00,Rafael Urazbakhtin,2024,24,,1375.7,28,,,,,,,,,,,0,,2026-08-12 11:57:28,,,,,,,
572,dk.1,FC Midtjylland,30,5,5,7,1,2,0.7,20,10,1.55,1.27,4,0,1,0.8,3,1,1,0.6,50.72,11.5,14.9,4-3-3,2026-03-19T17:45Z,2026-07-20T00:59:03.722316+00:00,Mike Tullberg,2023,36,,1479.2,33,,,,,,,,,,,0,,2026-08-12 11:57:28,,,,,,,
3746,uefa.europa,SK Sturm Graz,8,4,4,2,1,5,0.25,5,11,0.625,1.375,2,1,1,0.5,0,0,4,0.0,44.99,10.0,13.75,4-2-3-1,2026-01-29T20:00Z,2026-07-20T00:59:03.722316+00:00,Fabio Ingolitsch,2011,180,,1538.2,54,,,,,,,,,,,0,,2026-08-12 11:57:28,,,,,,,
605,gr.1,PAOK Salonika,30,5,5,3,3,4,0.3,18,17,2.0,0.65,2,2,1,0.4,1,1,3,0.2,47.66,11.2,13.8,4-2-3-1,2026-02-26T20:00Z,2026-07-20T00:59:03.722316+00:00,Alessio Lisci,2021,60,,1497.0,39,,,,,,,,,,,0,,2026-08-12 11:57:28,,,,,,,
524,uefa.europa,Maccabi Tel-Aviv,8,4,4,0,1,7,0.0,2,22,0.25,2.75,0,0,4,0.0,0,1,3,0.0,40.03,7.38,16.0,4-3-3,2026-01-29T20:00Z,2026-07-20T00:59:03.722316+00:00,Aitor Karanka,2023,36,,1427.0,22,,,,,,,,,,,0,,2026-08-12 11:57:28,,,,,,,
2994,uefa.europa,Braga,14,7,7,8,3,3,0.5714,23,14,1.643,1.0,5,1,1,0.7143,3,2,2,0.4286,53.41,10.14,9.86,3-4-2-1,2026-05-07T19:00Z,2026-07-20T00:59:03.722316+00:00,Carlos Vicens,2025,12,,1698.91101074,35,,,,,,,,,,,0,,2026-08-12 11:57:28,,,,,,,
142,uefa.europa,Feyenoord Rotterdam,8,4,4,2,0,6,0.25,11,15,1.375,1.875,2,0,2,0.5,0,0,4,0.0,49.34,14.25,9.0,4-2-3-1,2026-01-29T20:00Z,2026-07-20T00:59:03.722316+00:00,Giovanni van Bronckhorst,2007,228,,1563.2,32,,,,,,,,,,,0,,2026-08-12 11:57:28,,,,,,,
597,uefa.europa,Dinamo Zagreb,10,5,5,3,2,5,0.3,16,22,1.6,2.2,2,0,3,0.4,1,2,2,0.2,49.87,11.0,11.4,4-1-4-1,2026-02-26T20:00Z,2026-07-20T00:59:03.722316+00:00,Mario Kovačević,2011,180,,1563.2,32,,,,,,,,,,,0,,2026-08-12 11:57:28,,,,,,,
436,uefa.europa,Fenerbahce,10,5,5,4,3,3,0.4,12,11,1.2,1.1,2,1,2,0.4,2,2,1,0.4,57.93,13.8,12.5,4-2-3-1,2026-02-26T20:00Z,2026-07-20T00:59:03.722316+00:00,İsmail Kartal,2026,0,,1655.55847168,42,,,,78.0,63.0,67.42857142857143,75.42857142857143,58.42857142857143,71.57142857142857,76.42857142857143,19,80,2026-08-12 11:57:28,,,,,,,
2720,se.1,Malmö FF,15,8,7,7,2,6,0.4667,30,25,2.0,1.667,4,1,3,0.5,3,1,3,0.4286,42.25,7.0,18.38,4-4-2,2026-07-31,2026-07-20T00:59:03.722316+00:00,Gaute Helstrup,2012,168,,1425.7,35,,,,,,,,,,,0,,2026-08-12 11:57:28,,,,,,,
13018,uefa.europa,Ludogorets Razgrad,10,5,5,4,1,5,0.4,14,18,1.4,1.8,3,1,1,0.6,1,0,4,0.2,47.39,13.9,15.7,4-2-3-1,2026-02-26T17:45Z,2026-07-20T00:59:03.722316+00:00,Per-Mathias Høgmo,2011,180,,1603.2,29,,,,,,,,,,,0,,2026-08-12 11:57:28,,,,,,,
2290,uefa.europa,Red Star Belgrade,10,5,5,5,2,3,0.5,8,8,0.8,0.8,2,2,1,0.4,3,0,2,0.6,48.52,12.0,10.9,4-2-3-1,2026-02-26T17:45Z,2026-07-20T00:59:03.722316+00:00,Dejan Stanković,2019,84,,1663.2,29,,,,71.0,58.0,72.0,73.0,69.0,69.0,74.0,23,74,2026-08-12 11:57:28,,,,,,,
256,uefa.europa,Celtic,10,5,5,4,2,4,0.4,15,19,1.5,1.9,2,0,3,0.4,2,2,1,0.4,49.15,8.9,16.9,4-2-3-1,2026-02-26T17:45Z,2026-07-20T00:59:03.722316+00:00,Martin O'Neill,2015,132,,1602.80761719,27,,,,,,,,,,,0,,2026-08-12 11:57:28,,,,,,,
989,uefa.europa,FC Basel,8,4,4,2,0,6,0.25,9,13,1.125,1.625,2,0,2,0.5,0,0,4,0.0,46.57,13.5,16.5,4-2-3-1,2026-01-29T20:00Z,2026-07-20T00:59:03.722316+00:00,Stephan Lichtsteiner,2026,0,,1563.2,29,,,,,,,,,,,0,,2026-08-12 11:57:28,,,,,,,
3706,uefa.europa,Go Ahead Eagles,8,4,4,2,1,5,0.25,6,14,0.75,1.75,1,1,2,0.25,1,0,3,0.25,48.33,9.12,17.62,4-2-3-1,2026-01-29T20:00Z,2026-07-20T00:59:03.722316+00:00,Melvin Boel,2025,12,,1513.2,26,,,,,,,,,,,0,,2026-08-12 11:57:28,,,,,,,
484,uefa.europa,FCSB,8,4,4,2,1,5,0.25,9,16,1.125,2.0,1,1,2,0.25,1,0,3,0.25,43.56,11.25,17.5,4-2-3-1,2026-01-29T20:00Z,2026-07-20T00:59:03.722316+00:00,Marius Baciu,2004,264,,1525.7,30,,,,,,,,,,,0,,2026-08-12 11:57:28,,,,,,,
153,uefa.europa,FC Utrecht,8,4,4,0,1,7,0.0,5,15,0.625,1.875,0,1,3,0.0,0,0,4,0.0,43.86,9.75,14.38,4-3-3,2026-01-29T20:00Z,2026-07-20T00:59:03.722316+00:00,Ron Jans,2026,0,,1438.2,32,,,,,,,,,,,0,,2026-08-12 11:57:28,,,,,,,
622,hu.1,Ferencvaros,30,6,6,6,3,3,0.5,17,17,2.03,0.94,4,2,0,0.6667,2,1,3,0.3333,45.37,11.58,12.5,4-3-3,2026-03-18T15:30Z,2026-08-14T23:38:56.270956,Robbie Keane,2004,264,,1520.1,38,,,,,,,,,,,0,,2026-08-12 11:57:28,,,,,,,
11706,uefa.europa,Viktoria Plzen,10,5,5,3,7,0,0.3,11,6,1.1,0.6,1,4,0,0.2,2,3,0,0.4,45.29,12.7,13.1,3-4-1-2,2026-02-26T17:45Z,2026-07-20T00:59:03.722316+00:00,Martin Hyský,2025,12,,1673.2,31,,,,,,,,,,,0,,2026-08-12 11:57:28,,,,,,,
257,uefa.europa,Rangers,8,4,4,1,1,6,0.125,5,14,0.625,1.75,1,1,2,0.25,0,0,4,0.0,50.08,10.62,13.75,4-2-3-1,2026-01-29T20:00Z,2026-07-20T00:59:03.722316+00:00,Derek McInnes,2026,0,,1605.44091797,31,,,,,,,,,,,0,,2026-08-12 11:57:28,,,,,,,
938,uefa.europa,Racing Genk,12,6,6,7,2,3,0.5833,19,16,1.583,1.333,3,2,1,0.5,4,0,2,0.6667,48.97,14.17,12.17,4-2-3-1,2026-03-19T17:45Z,2026-07-20T00:59:03.722316+00:00,Nicky Hayen,2025,12,,1704.9,29,,,,,,,,,,,0,,2026-08-12 11:57:28,,,,,,,
2790,uefa.europa,RB Salzburg,8,4,4,2,0,6,0.25,10,15,1.25,1.875,2,0,2,0.5,0,0,4,0.0,45.06,13.62,16.75,4-2-3-1,2026-01-29T20:00Z,2026-07-20T00:59:03.722316+00:00,Danny Röhl,2026,0,,1550.7,39,,,,71.25,62.75,63.625,70.0,55.125,71.5,70.875,23,73,2026-08-12 11:57:28,,,,,,,
437,uefa.europa,FC Porto,12,6,6,7,3,2,0.5833,18,10,1.5,0.833,5,1,0,0.8333,2,2,2,0.3333,51.82,14.25,11.08,4-3-3,2026-04-16T19:00Z,2026-07-20T00:59:03.722316+00:00,Francesco Farioli,2012,168,,1746.6,28,,,,73.1,56.9,67.1,71.4,60.6,70.6,75.9,23,84,2026-08-12 11:57:28,,,,,,,
2722,uefa.europa,Young Boys,8,4,4,3,0,5,0.375,10,16,1.25,2.0,2,0,2,0.5,1,0,3,0.25,45.54,11.62,17.88,4-2-3-1,2026-01-29T20:00Z,2026-07-20T00:59:03.722316+00:00,Gerardo Seoane,2019,84,,1563.2,33,,,,69.9,61.2,64.4,68.8,55.1,71.8,71.2,21,74,2026-08-12 11:57:28,,,,,,,
443,uefa.europa,Panathinaikos,12,6,6,4,5,3,0.3333,15,16,1.25,1.333,2,3,1,0.3333,2,2,2,0.3333,50.25,13.08,12.92,4-2-3-1,2026-03-19T20:00Z,2026-07-20T00:59:03.722316+00:00,Rafa Benítez,2021,60,,1617.33166504,29,,,,,,,,,,,0,,2026-08-12 11:57:28,,,,,,,
440,ua.1,Dynamo Kyiv,30,3,3,18,6,6,60.0,39,17,1.3,0.57,2,0,1,0.6667,0,0,3,0.0,53.9,9.0,12.67,4-3-3,2025-12-18T20:00Z,2026-08-14T23:38:56.270680,Ihor Kostyuk,2025,12,,1400.0,31,,,,,,,,,,,0,,2026-08-12 11:57:28,,,,,,,
20712,uefa.europa.conf,FC Noah,8,4,4,3,2,3,0.375,7,11,0.875,1.375,3,0,1,0.75,0,2,2,0.0,52.05,11.5,9.62,4-1-4-1,2026-02-26T20:00Z,2026-07-20T00:59:03.722316+00:00,Sandro Perković,2017,108,,1588.2,27,,,,,,,,,,,0,,2026-08-12 11:57:28,,,,,,,
2988,uefa.europa.conf,Rijeka,10,5,5,4,4,2,0.4,11,6,1.1,0.6,3,1,1,0.6,1,3,1,0.2,49.55,12.7,11.7,4-4-2,2026-03-19T20:00Z,2026-07-20T00:59:03.722316+00:00,Matjaž Kek,2021,60,,1612.63549805,30,,,,,,,,,,,0,,2026-08-12 11:57:28,,,,,,,
11505,uefa.europa.conf,Jagiellonia Bialystok,8,4,4,3,3,2,0.375,9,9,1.125,1.125,2,0,2,0.5,1,3,0,0.25,51.8,11.12,13.25,4-2-3-1,2026-02-26T17:45Z,2026-07-20T00:59:03.722316+00:00,Adrian Siemieniec,2023,36,,1638.2,30,,,,,,,,,,,0,,2026-08-12 11:57:28,,,,,,,
7858,uefa.europa.conf,Hamrun Spartans,6,3,3,1,0,5,0.1667,4,11,0.667,1.833,1,0,2,0.3333,0,0,3,0.0,45.63,10.67,16.5,4-3-3,2025-12-18T20:00Z,2026-07-20T00:59:03.722316+00:00,Giacomo Modica,2025,12,,1479.9,29,,,,,,,,,,,0,,2026-08-12 11:57:28,,,,,,,
8169,uefa.europa.conf,KuPS Kuopio,8,4,4,1,4,3,0.125,6,8,0.75,1.0,1,2,1,0.25,0,2,2,0.0,51.32,8.25,16.38,4-2-3-1,2026-02-26T20:00Z,2026-07-20T00:59:03.722316+00:00,Jarkko Wiss,2025,12,,1563.2,28,,,,,,,,,,,0,,2026-08-12 11:57:28,,,,,,,
19243,uefa.europa.conf,Drita Gjilan,8,4,4,2,2,4,0.25,8,14,1.0,1.75,1,1,2,0.25,1,1,2,0.25,39.99,11.25,14.62,4-1-4-1,2026-02-26T17:45Z,2026-07-20T00:59:03.722316+00:00,Zekirija Ramadan,2023,36,,1538.2,26,,,,,,,,,,,0,,2026-08-12 11:57:28,,,,,,,
11551,uefa.europa.conf,Lausanne Sports,8,4,4,3,3,2,0.375,8,6,1.0,0.75,2,1,1,0.5,1,2,1,0.25,52.24,15.5,11.75,4-3-1-2,2026-02-26T20:00Z,2026-07-20T00:59:03.722316+00:00,Luka Elsner,2002,288,,1663.2,23,,,,,,,,,,,0,,2026-08-12 11:57:28,,,,,,,
8250,uefa.europa.conf,Breidablik,6,3,3,1,2,3,0.1667,6,11,1.0,1.833,1,2,0,0.3333,0,0,3,0.0,36.9,10.83,14.5,4-3-3,2025-12-18T20:00Z,2026-07-20T00:59:03.722316+00:00,Ólafur Ingi Skúlason,2013,156,,1513.2,24,,,,,,,,,,,0,,2026-08-12 11:57:28,,,,,,,
2990,uefa.europa.conf,Lech Poznan,10,5,5,6,1,3,0.6,18,12,1.8,1.2,3,1,1,0.6,3,0,2,0.6,53.58,14.9,13.4,4-2-3-1,2026-03-19T20:00Z,2026-07-20T00:59:03.722316+00:00,Niels Frederiksen,2024,24,,1743.2,30,,,,,,,,,,,0,,2026-08-12 11:57:28,,,,,,,
519,uefa.europa.conf,Rapid Vienna,6,3,3,0,1,5,0.0,3,14,0.5,2.333,0,0,3,0.0,0,1,2,0.0,48.42,11.17,15.0,4-2-3-1,2025-12-18T20:00Z,2026-07-20T00:59:03.722316+00:00,Johannes Hoff Thorup,2025,12,,1379.9,32,,,,,,,,,,,0,,2026-08-12 11:57:28,,,,,,,
617,uefa.europa.conf,Omonia Nicosia,8,4,4,2,2,4,0.25,6,8,0.75,1.0,1,0,3,0.25,1,2,1,0.25,46.71,10.62,12.88,4-2-3-1,2026-02-26T17:45Z,2026-07-20T00:59:03.722316+00:00,Henning Berg,2019,84,,1588.2,27,,,,,,,,,,,0,,2026-08-12 11:57:28,,,,,,,
8151,uefa.europa.conf,KF Shkëndija,8,4,4,2,1,5,0.25,4,10,0.5,1.25,2,1,1,0.5,0,0,4,0.0,40.05,8.0,12.62,4-2-3-1,2026-02-26T17:45Z,2026-07-20T00:59:03.722316+00:00,Jeton Beqiri,2013,156,,1538.2,26,,,,,,,,,,,0,,2026-08-12 11:57:28,,,,,,,
5239,uefa.europa.conf,Zrinjski Mostar,8,4,4,2,2,4,0.25,9,13,1.125,1.625,2,2,0,0.5,0,0,4,0.0,40.71,11.25,11.75,5-4-1,2026-02-26T20:00Z,2026-07-20T00:59:03.722316+00:00,Igor Štimac,2023,36,,1563.2,31,,,,,,,,,,,23,,2026-08-12 11:57:28,,,,,,,
17856,uefa.europa.conf,Lincoln Red Imps,6,3,3,2,1,3,0.3333,7,15,1.167,2.5,2,1,0,0.6667,0,0,3,0.0,42.52,9.17,21.0,4-4-2,2025-12-18T20:00Z,2026-07-20T00:59:03.722316+00:00,Juan José Bezares Alarcón,2003,276,,1496.6,23,,,,,,,,,,,0,,2026-08-12 11:57:28,,,,,,,
263,uefa.europa.conf,Aberdeen,6,3,3,0,2,4,0.0,3,14,0.5,2.333,0,1,2,0.0,0,1,2,0.0,35.3,8.0,13.5,3-4-2-1,2025-12-18T20:00Z,2026-07-20T00:59:03.722316+00:00,Peter Leven,2015,132,,1611.54785156,32,,,,,,,,,,,0,,2026-08-12 11:57:28,,,,,,,
493,uefa.europa.conf,Shakhtar Donetsk,12,6,6,6,2,4,0.5,21,15,1.75,1.25,2,1,3,0.3333,4,1,1,0.6667,62.9,14.08,8.67,4-1-4-1,2026-05-07T19:00Z,2026-07-20T00:59:03.722316+00:00,Arda Turan,2014,144,,1713.2,32,,,,,,,,,,,0,,2026-08-12 11:57:28,,,,,,,
4039,uefa.europa.conf,AEK Larnaca,8,4,4,3,4,1,0.375,8,3,1.0,0.375,2,1,1,0.5,1,3,0,0.25,47.2,9.62,13.88,4-2-3-1,2026-03-19T17:45Z,2026-07-20T00:59:03.722316+00:00,Javi Rozada,2026,0,,1700.7,27,,,,,,,,,,,0,,2026-08-12 11:57:28,,,,,,,
140,uefa.europa.conf,AZ Alkmaar,12,6,6,6,2,4,0.5,19,14,1.583,1.167,4,2,0,0.6667,2,0,4,0.3333,59.18,15.92,9.75,4-3-3,2026-04-16T16:45Z,2026-07-20T00:59:03.722316+00:00,Lee-Roy Echteld,2008,216,,1704.8,32,,,,,,,,,,,0,,2026-08-12 11:57:28,,,,,,,
609,uefa.europa.conf,Sigma Olomouc,10,5,5,3,3,4,0.3,10,13,1.0,1.3,1,3,1,0.2,2,0,3,0.4,43.72,13.1,10.6,4-2-3-1,2026-03-19T17:45Z,2026-07-20T00:59:03.722316+00:00,Pavel Hapal,2026,0,,1593.2,32,,,,,,,,,,,0,,2026-08-12 11:57:28,,,,,,,
555,uefa.europa.conf,Legia Warsaw,6,3,3,2,0,4,0.3333,8,8,1.333,1.333,1,0,2,0.3333,1,0,2,0.3333,46.3,16.83,10.83,4-3-3,2025-12-18T20:00Z,2026-07-20T00:59:03.722316+00:00,Marek Papszun,2025,12,,1629.9,27,,,,,,,,,,,0,,2026-08-12 11:57:28,,,,,,,
11429,uefa.europa.conf,Samsunspor,10,5,5,6,1,3,0.6,17,9,1.7,0.9,3,0,2,0.6,3,1,1,0.6,56.24,13.2,10.3,4-1-4-1,2026-03-19T20:00Z,2026-07-20T00:59:03.722316+00:00,Thorsten Fink,2025,12,,1763.2,37,,,,,,,,,,,0,,2026-08-12 11:57:28,,,,,,,
3362,uefa.europa.conf,NK Celje,10,5,5,6,1,3,0.6,16,15,1.6,1.5,3,1,1,0.6,3,0,2,0.6,59.16,12.8,16.2,4-3-3,2026-03-19T17:45Z,2026-07-20T00:59:03.722316+00:00,Vítor Campelos,2025,12,,1693.2,30,,,,,,,,,,,0,,2026-08-12 11:57:28,,,,,,,
887,uefa.europa.conf,AEK Athens,10,5,5,6,1,3,0.6,21,13,2.1,1.3,3,1,1,0.6,3,0,2,0.6,54.27,17.6,10.5,4-2-3-1,2026-04-16T19:00Z,2026-07-20T00:59:03.722316+00:00,Marko Nikolić,2020,72,,1763.2,25,,,,,,,,,,,0,,2026-08-12 11:57:28,,,,,,,
21005,uefa.europa.conf,Raków Czestochowa,8,4,4,4,2,2,0.5,11,6,1.375,0.75,3,0,1,0.75,1,2,1,0.25,49.5,12.75,12.38,3-4-3,2026-03-19T17:45Z,2026-07-20T00:59:03.722316+00:00,Łukasz Tomczyk,2026,0,,1725.7,32,,,,,,,,,,,0,,2026-08-12 11:57:28,,,,,,,
8089,uefa.europa.conf,CSU Craiova,6,3,3,2,1,3,0.3333,6,8,1.0,1.333,1,1,1,0.3333,1,0,2,0.3333,45.23,9.5,15.17,3-1-4-2,2025-12-18T20:00Z,2026-07-20T00:59:03.722316+00:00,Filipe Coelho,2004,264,,1596.6,31,,,,,,,,,,,0,,2026-08-12 11:57:28,,,,,,,
20297,uefa.europa.conf,Shelbourne,6,3,3,0,2,4,0.0,0,7,0.0,1.167,0,1,2,0.0,0,1,2,0.0,35.15,8.33,19.5,5-3-2,2025-12-18T20:00Z,2026-07-20T00:59:03.722316+00:00,Joey O'Brien,2026,0,,1563.2,28,,,,,,,,,,,0,,2026-08-12 11:57:28,,,,,,,
7834,se.1,BK Häcken,15,7,8,6,7,2,0.4,28,23,1.867,1.533,3,3,1,0.4286,3,4,1,0.375,54.02,14.67,10.67,4-2-3-1,2026-07-31,2026-07-20T00:59:03.722316+00:00,Torbjörn Nilsson,2001,300,,1513.2,28,,,,,,,,,,,0,,2026-08-12 11:57:28,,,,,,,
521,uefa.europa.conf,Slovan Bratislava,6,3,3,2,0,4,0.3333,5,9,0.833,1.5,2,0,1,0.6667,0,0,3,0.0,48.07,11.0,17.5,3-4-3,2025-12-18T20:00Z,2026-07-20T00:59:03.722316+00:00,Vladimír Weiss,2025,12,,1563.2,27,,,,,,,,,,,0,,2026-08-12 11:57:28,,,,,,,
433,uefa.europa.conf,Sparta Prague,8,4,4,4,1,3,0.5,11,9,1.375,1.125,2,1,1,0.5,2,0,2,0.5,57.0,11.5,10.25,3-4-3,2026-03-19T20:00Z,2026-07-20T00:59:03.722316+00:00,Brian Priske,2022,48,,1688.2,38,,,,,,,,,,,0,,2026-08-12 11:57:28,,,,,,,
2564,uefa.europa.conf,Shamrock Rovers,6,3,3,1,1,4,0.1667,7,13,1.167,2.167,1,0,2,0.3333,0,1,2,0.0,39.83,9.0,17.0,3-5-2,2025-12-18T20:00Z,2026-07-20T00:59:03.722316+00:00,Stephen Bradley,2016,120,,1496.5,33,,,,,,,,,,,0,,2026-08-12 11:57:28,,,,,,,
3278,nor.1,Aalesund,13,7,6,2,6,5,0.1538,16,26,1.231,2.0,1,4,2,0.1429,1,2,3,0.1667,43.86,14.62,16.85,5-3-2,2026-07-16T17:00Z,2026-07-20T00:59:03.722316+00:00,Kjetil Rekdal,2008,216,,1284.3,27,,,,,,,,,,,24,,2026-08-12 11:57:28,,,,,,,
987,nor.1,Lillestrom,13,6,7,8,1,4,0.6154,21,12,1.615,0.923,4,0,2,0.6667,4,1,2,0.5714,52.15,12.69,12.92,4-1-4-1,2026-07-18T14:00Z,2026-07-20T00:59:03.722316+00:00,Hans Erik Ødegaard,2024,24,,1522.7,29,,,,,,,,,,,20,,2026-08-12 11:57:28,,,,,,,
6750,nor.1,IK Start,14,6,8,1,4,9,0.0714,14,33,1.0,2.357,1,3,2,0.1667,0,1,7,0.0,40.08,11.71,14.64,5-3-2,2026-07-18T14:00Z,2026-07-20T00:59:03.722316+00:00,Azar Karadaş,2004,264,,1209.0,30,,,,78.0,72.0,70.0,74.0,55.0,67.0,74.0,18,74,2026-08-12 11:57:28,,,,,,,
seoul,kor.1,FC Seoul,18,9,9,12,3,3,0.6666666666666666,31,13,1.7222222222222223,0.7222222222222222,6,1,1,0.6666666666666666,6,2,2,,,,,4-4-2,,,Kim Gi-dong,2001,300,,1453.3,112,,,,,,,,,,,0,,2026-08-12 11:57:28,,,,,,,
gangwon,kor.1,Gangwon FC,19,9,10,8,8,3,0.42105263157894735,24,12,1.263157894736842,0.631578947368421,4,4,1,0.4444444444444444,4,4,2,,,,,4-4-2,,,Chung Kyung-ho (footballer),2008,216,,1367.4,57,,,,,,,,,,,0,,2026-08-12 11:57:28,,,,,,,
jeonbuk,kor.1,Jeonbuk Hyundai Motors,19,9,10,8,6,5,0.42105263157894735,25,16,1.3157894736842106,0.8421052631578947,4,3,2,0.4444444444444444,4,3,3,,,,,4-2-3-1,,,Chung Jung-yong,2006,240,,1351.6,36,,,,,,,,,,,0,,2026-08-12 11:57:28,,,,,,,
ulsan-hd,kor.1,Ulsan HD,19,9,10,8,4,7,0.42105263157894735,27,28,1.4210526315789473,1.4736842105263157,4,2,3,0.4444444444444444,4,2,4,,,,,4-3-3,,,Kim Hyun-seok (footballer),2023,36,,1298.9,38,,,,,,,,,,,0,,2026-08-12 11:57:28,,,,,,,
pohang,kor.1,Pohang Steelers,18,9,9,8,4,6,0.4444444444444444,19,16,1.0555555555555556,0.8888888888888888,4,2,3,0.4444444444444444,4,2,3,,,,,3-4-3,,,Park Tae-ha,2021,60,,1325.6,28,,,,,,,,,,,0,,2026-08-12 11:57:28,,,,,,,
incheon,kor.1,Incheon United,19,9,10,8,3,8,0.42105263157894735,24,20,1.263157894736842,1.0526315789473684,4,1,4,0.4444444444444444,4,2,4,,,,,4-3-3,,,Yoon Jong-hwan,2002,288,,1325.3,32,,,,,,,,,,,0,,2026-08-12 11:57:28,,,,,,,
jeju-sk,kor.1,Jeju SK,20,10,10,6,7,7,0.3,18,20,0.9,1.0,3,3,3,0.3,3,4,4,,,,,3-4-3,,,Sérgio Costa,2025,12,,1270.0,25,,,,,,,,,,,0,,2026-08-12 11:57:28,,,,,,,
anyang,kor.1,FC Anyang,18,9,9,5,9,4,0.2777777777777778,23,20,1.2777777777777777,1.1111111111111112,2,4,2,0.2222222222222222,3,5,2,,,,,4-3-3,,,Ryu Byeong-hoon,2002,288,,1292.2,13,,,,,,,,,,,0,,2026-08-12 11:57:28,,,,,,,
daejeon,kor.1,Daejeon Hana Citizen,19,9,10,4,8,7,0.21052631578947367,21,20,1.105263157894737,1.0526315789473684,2,4,3,0.2222222222222222,2,4,4,,,,,3-4-3,,,Hwang Sun-hong,2001,300,,1267.4,50,,,,,,,,,,,0,,2026-08-12 11:57:28,,,,,,,
bucheon-fc-1995,kor.1,Bucheon FC 1995,18,9,9,4,7,7,0.2222222222222222,15,21,0.8333333333333334,1.1666666666666667,2,3,3,0.2222222222222222,2,4,4,,,,,3-5-2,,,"Lee Young-min (footballer, born 1973)",2006,240,,1231.1,35,,,,,,,,,,,0,,2026-08-12 11:57:28,,,,,,,
gimcheon-sangmu,kor.1,Gimcheon Sangmu,18,9,9,2,10,6,0.1111111111111111,17,25,0.9444444444444444,1.3888888888888888,1,5,3,0.1111111111111111,1,5,3,,,,,4-4-2,,,Ju Seung-jin,2025,12,,1197.8,19,,,,,,,,,,,0,,2026-08-12 11:57:28,,,,,,,
gwangju-fc,kor.1,Gwangju FC,18,9,9,1,6,11,0.05555555555555555,9,42,0.5,2.3333333333333335,0,3,5,0.0,1,3,6,,,,,4-1-4-1,,,Lee Jung-kyu,2010,192,,1047.8,30,,,,,,,,,,,0,,2026-08-12 11:57:28,,,,,,,
,uefa.europa,PAOK,32,,,18,10,4,56.2,59,25,1.84,0.78,,,,,,,,,,,,4-2-3-1,,2026-08-14T23:38:56.270739,Alessio Lisci,,,,1605.6,39,,,,,,,,,,,0,,2026-08-12 11:57:28,,,,,,,
,uefa.europa,Midtjylland,32,,,16,12,4,50.0,72,36,2.25,1.12,,,,,,,,,,,,4-3-3,,2026-08-14T23:38:56.270820,Mike Tullberg,,,,1687.4,27,,,,,,,,,,,0,,2026-08-12 11:57:28,,,,,,,
,uefa.europa,Twente,34,,,15,13,6,44.1,59,40,1.74,1.18,,,,,,,,,,,,4-2-3-1,,2026-08-14T23:38:56.270923,John van den Brom,,,,1567.7,31,,,,,,,,,,,0,,2026-08-12 11:57:28,,,,,,,
team_rsc_anderlecht,be.1,RSC Anderlecht,10,5,5,3,2,5,30.0,16,23,1.6,2.3,2,1,1,0.4,1,0,1,0.2,50.0,12.0,11.0,4-2-3-1,2026-07-15,2026-07-23T14:35:32.321786,Vítor Bruno,2025,12,,1524.0,26,,,,,,,,,,,0,,2026-08-12 11:57:28,,,,,,,
team_cska_sofia,bg.1,CSKA Sofia,30,5,5,4,1,0,0.4,15,11,1.0,1.1,3,1,0,0.6,1,0,0,0.2,50.0,12.0,11.0,4-3-3,2026-07-17,2026-08-14T23:38:56.270422,Hristo Yanev,2025,10,,1500.0,89,,,,,,,,,,,0,,2026-08-12 11:57:28,,,,,,,
team_fc_hradec_kralove,cz.1,FC Hradec Kralove,30,5,5,2,2,1,0.2,13,12,1.43,1.13,1,1,1,0.2,1,1,1,0.2,50.0,12.0,11.0,4-2-3-1,2026-07-19,2026-07-23T14:35:32.321786,David Horejš,2024,24,,1500.0,28,,,,,,,,,,,0,,2026-08-12 11:57:28,,,,,,,
team_fc_twente,nl.1,FC Twente,34,17,17,15,13,6,0.441,59,40,1.74,1.18,10,5,2,0.588,5,8,4,0.294,50.0,12.0,11.0,4-2-3-1,2026-07-15,2026-07-23T14:35:32.321786,John van den Brom,2009,204,,1568.0,32,,,,,,,,,,,0,,2026-08-12 11:57:28,,,,,,,
team_besiktas,tr.1,Besiktas,34,5,5,17,9,8,50.0,59,40,1.74,1.18,1,1,1,0.2,0,1,1,0.0,50.0,12.0,11.0,4-1-4-1,2026-07-19,2026-08-14T23:38:56.270784,Vincenzo Italiano,2020,72,,1516.3,28,,,,,,,,,,,0,,2026-08-12 11:57:28,,,,,,,
team_hajduk_split,hr.1,Hajduk Split,30,5,5,4,0,1,0.4,12,12,1.36,0.94,3,0,1,0.6,1,0,1,0.2,50.0,12.0,11.0,4-2-3-1,2026-07-19,2026-08-14T23:38:56.270991,Gonzalo García,2025,12,,1426.9,28,,,,,,,,,,,0,,2026-08-12 11:57:28,,,,,,,
team_sheriff_tiraspol,md.1,Sheriff Tiraspol,10,5,5,7,2,1,70.0,14,5,1.4,0.5,2,1,0,0.4,1,1,0,0.2,50.0,12.0,11.0,4-2-3-1,2026-07-17,2026-08-14T23:38:56.270608,Victor Mihailov,2021,60,,1500.0,29,,,,,,,,,,,0,,2026-08-12 11:57:28,,,,,,,
team_st_gallen,ch.1,St. Gallen,38,5,5,20,10,8,52.6,72,47,1.89,1.24,1,0,1,0.2,1,0,1,0.2,50.0,12.0,11.0,4-3-3,2026-07-18,2026-08-14T23:38:56.270855,Enrico Maaßen,2024,24,,1500.0,28,,,,,,,,,,,0,,2026-08-12 11:57:28,,,,,,,
team_qarabag,az.1,Qarabag,33,5,5,21,6,6,63.6,71,27,2.15,0.82,2,0,1,0.4,1,0,1,0.2,50.0,12.0,11.0,4-2-3-1,2026-07-17,2026-08-14T23:38:56.270320,Qurban Qurbanov,2025,12,,1500.0,24,,,,,,,,,,,0,,2026-08-12 11:57:28,,,,,,,
maccabi-tel-aviv,il.1,Maccabi Tel Aviv,36,,,19,9,8,52.8,72,46,2.0,1.28,,,,,,,,,,,,4-3-3,,2026-08-14T23:38:56.270645,Kenny Miller,2025,12,,1500.0,22,,,,,,,,,,,0,,2026-08-12 11:57:28,,,,,,,
hammarby-if,se.1,Hammarby,30,,,19,5,6,63.3,60,29,2.0,0.97,,,,,,,,,,,,4-3-3,,2026-08-14T23:38:56.270463,Henrik Rydström,2001,300,,1508.0,26,,,,,,,,,,,0,,2026-08-12 11:57:28,,,,,,,
ansan-greeners,kor.2,Ansan Greeners,0,,,,,,,,,,,,,,,,,,,,,,,,,,,,,,,,,,,,,,,,,0,,2026-08-12 11:57:28,,,,,,,
busan-ipark,kor.2,Busan IPark,0,,,,,,,,,,,,,,,,,,,,,,,,,,,,,,,,,,,,,,,,,0,,2026-08-12 11:57:28,,,,,,,
cheonan-city,kor.2,Cheonan City,0,,,,,,,,,,,,,,,,,,,,,,,,,,,,,,,,,,,,,,,,,0,,2026-08-12 11:57:28,,,,,,,
chungbuk-cheongju,kor.2,Chungbuk Cheongju,0,,,,,,,,,,,,,,,,,,,,,,,,,,,,,,,,,,,,,,,,,0,,2026-08-12 11:57:28,,,,,,,
chungnam-asan,kor.2,Chungnam Asan,0,,,,,,,,,,,,,,,,,,,,,,,,,,,,,,,,,,,,,,,,,0,,2026-08-12 11:57:28,,,,,,,
gimpo-fc,kor.2,Gimpo FC,0,,,,,,,,,,,,,,,,,,,,,,,,,,,,,,,,,,,,,,,,,0,,2026-08-12 11:57:28,,,,,,,
gyeongnam-fc,kor.2,Gyeongnam FC,0,,,,,,,,,,,,,,,,,,,,,,,,,,,,,,,,,,,,,,,,,0,,2026-08-12 11:57:28,,,,,,,
hwaseong-fc,kor.2,Hwaseong FC,0,,,,,,,,,,,,,,,,,,,,,,,,,,,,,,,,,,,,,,,,,0,,2026-08-12 11:57:28,,,,,,,
jeonnam-dragons,kor.2,Jeonnam Dragons,0,,,,,,,,,,,,,,,,,,,,,,,,,,,,,,,,,,,,,,,,,0,,2026-08-12 11:57:28,,,,,,,
seongnam-fc,kor.2,Seongnam FC,0,,,,,,,,,,,,,,,,,,,,,,,,,,,,,,,,,,,,,,,,,0,,2026-08-12 11:57:28,,,,,,,
seoul-e-land,kor.2,Seoul E-Land,0,,,,,,,,,,,,,,,,,,,,,,,,,,,,,,,,,,,,,,,,,0,,2026-08-12 11:57:28,,,,,,,
suwon-fc,kor.2,Suwon FC,0,,,,,,,,,,,,,,,,,,,,,,,,,,,,,,,,,,,,,,,,,0,,2026-08-12 11:57:28,,,,,,,
suwon-samsung-bluewings,kor.2,Suwon Samsung Bluewings,0,,,,,,,,,,,,,,,,,,,,,,,,,,,,,,,,,,,,,,,,,0,,2026-08-12 11:57:28,,,,,,,
,se.1,AIK,15,8,7,6,4,5,0.4,18,21,1.2,1.4,3,2,3,0.375,3,2,2,0.4286,,,,,2026-07-31,,,,,,,,,,,,,,,,,,0,,2026-08-12 11:57:28,,,,,,,
,se.1,Djurgården,13,7,6,7,2,4,0.5385,27,15,2.077,1.154,3,1,3,0.4286,4,1,1,0.6667,,,,,2026-07-31,,,,,,,,,,,,,,,,,,0,,2026-08-12 11:57:28,,,,,,,
,se.1,Hammarby IF,15,8,7,8,3,4,0.5333,33,15,2.2,1.0,5,2,1,0.625,3,1,3,0.4286,,,,,2026-07-31,,,,,,,,,,,,,,,,,,0,,2026-08-12 11:57:28,,,,,,,
,se.1,IF Elfsborg,15,8,7,5,6,4,0.3333,20,18,1.333,1.2,3,3,2,0.375,2,3,2,0.2857,,,,,2026-07-31,,,,,,,,,,,,,,,,,,0,,2026-08-12 11:57:28,,,,,,,
,se.1,IFK Göteborg,15,8,7,4,4,7,0.2667,19,33,1.267,2.2,2,2,4,0.25,2,2,3,0.2857,,,,,2026-07-31,,,,,,,,,,,,,,,,,,0,,2026-08-12 11:57:28,,,,,,,
,se.1,Mjällby AIF,14,7,7,4,5,5,0.2857,20,19,1.429,1.357,2,3,2,0.2857,2,2,3,0.2857,,,,,2026-07-31,,,,,,,,,,,,,,,,,,0,,2026-08-12 11:57:28,,,,,,,
,se.1,IF Brommapojkarna,15,8,7,4,5,6,0.2667,20,24,1.333,1.6,2,3,3,0.25,2,2,3,0.2857,,,,,2026-07-31,,,,,,,,,,,,,,,,,,0,,2026-08-12 11:57:28,,,,,,,
,se.1,Kalmar FF,15,8,7,5,3,7,0.3333,19,21,1.267,1.4,3,2,3,0.375,2,1,4,0.2857,,,,,2026-07-31,,,,,,,,,,,,,,,,,,0,,2026-08-12 11:57:28,,,,,,,
,se.1,GAIS,15,8,7,5,5,5,0.3333,19,15,1.267,1.0,3,3,2,0.375,2,2,3,0.2857,,,,,2026-07-31,,,,,,,,,,,,,,,,,,0,,2026-08-12 11:57:28,,,,,,,
,se.1,Västerås SK,14,6,6,6,4,4,0.4286,24,23,1.714,1.643,1,3,2,0.1667,4,0,2,0.6667,,,,,2026-07-31,,,,,,,,,,,,,,,,,,0,,2026-08-12 11:57:28,,,,,,,
,se.1,Halmstads BK,14,7,7,1,4,9,0.0714,11,29,0.786,2.071,1,2,4,0.1429,0,2,5,0.0,,,,,2026-07-31,,,,,,,,,,,,,,,,,,0,,2026-08-12 11:57:28,,,,,,,
,se.1,IK Sirius,14,6,7,12,2,0,0.8571,40,17,2.857,1.214,6,0,0,1.0,6,1,0,0.8571,,,,,2026-07-31,,,,,,,,,,,,,,,,,,0,,2026-08-12 11:57:28,,,,,,,
,se.1,Degerfors IF,15,8,7,2,4,9,0.1333,12,26,0.8,1.733,1,2,5,0.125,1,2,4,0.1429,,,,,2026-07-31,,,,,,,,,,,,,,,,,,0,,2026-08-12 11:57:28,,,,,,,
,se.1,Örgryte IS,15,8,7,3,4,8,0.2,17,33,1.133,2.2,2,2,4,0.25,1,2,4,0.1429,,,,,2026-07-31,,,,,,,,,,,,,,,,,,0,,2026-08-12 11:57:28,,,,,,,
,uefa.europa,Anderlecht,0,,,0,0,0,,0,0,,,,,,,,,,,,,,,,2026-08-14T23:38:56.270502,,,,,1524.0,,,,,,,,,,,,,,,,,,,,,
,uefa.europa,Hradec Kralove,0,,,0,0,0,,0,0,,,,,,,,,,,,,,,,2026-08-14T23:38:56.270572,,,,,1500.0,,,,,,,,,,,,,,,,,,,,,
9001,jpn.1,Avispa Fukuoka,10,,,2,6,2,0.2,13,14,1.3,1.4,,,,,,,,,,,,,,2026-08-14T23:42:44.404036+00:00,,,,,,,,,,,,,,,,,,,,,,,,,,
9002,jpn.1,Cerezo Osaka,10,,,5,4,1,0.5,23,12,2.3,1.2,,,,,,,,,,,,,,2026-08-14T23:42:44.404115+00:00,,,,,,,,,,,,,,,,,,,,,,,,,,
9003,jpn.1,FC Tokyo,10,,,5,2,3,0.5,18,14,1.8,1.4,,,,,,,,,,,,,,2026-08-14T23:42:44.404128+00:00,,,,,,,,,,,,,,,,,,,,,,,,,,
9004,jpn.1,Fagiano Okayama,10,,,5,3,2,0.5,17,9,1.7,0.9,,,,,,,,,,,,,,2026-08-14T23:42:44.404137+00:00,,,,,,,,,,,,,,,,,,,,,,,,,,
9005,jpn.1,Gamba Osaka,10,,,3,4,3,0.3,18,13,1.8,1.3,,,,,,,,,,,,,,2026-08-14T23:42:44.404145+00:00,,,,,,,,,,,,,,,,,,,,,,,,,,
9006,jpn.1,JEF United Ichihara-Chiba,10,,,1,1,8,0.1,11,20,1.1,2.0,,,,,,,,,,,,,,2026-08-14T23:42:44.404152+00:00,,,,,,,,,,,,,,,,,,,,,,,,,,
9007,jpn.1,Kashima Antlers,10,,,6,2,2,0.6,13,9,1.3,0.9,,,,,,,,,,,,,,2026-08-14T23:42:44.404159+00:00,,,,,,,,,,,,,,,,,,,,,,,,,,
9008,jpn.1,Kashiwa Reysol,10,,,4,0,6,0.4,13,13,1.3,1.3,,,,,,,,,,,,,,2026-08-14T23:42:44.404165+00:00,,,,,,,,,,,,,,,,,,,,,,,,,,
9009,jpn.1,Kawasaki Frontale,10,,,4,1,5,0.4,10,12,1.0,1.2,,,,,,,,,,,,,,2026-08-14T23:42:44.404171+00:00,,,,,,,,,,,,,,,,,,,,,,,,,,
9010,jpn.1,Kyoto Sanga,10,,,2,2,6,0.2,7,21,0.7,2.1,,,,,,,,,,,,,,2026-08-14T23:42:44.404177+00:00,,,,,,,,,,,,,,,,,,,,,,,,,,
9011,jpn.1,Machida Zelvia,10,,,5,5,0,0.5,14,7,1.4,0.7,,,,,,,,,,,,,,2026-08-14T23:42:44.404183+00:00,,,,,,,,,,,,,,,,,,,,,,,,,,
9012,jpn.1,Mito Hollyhock,10,,,1,2,7,0.1,9,21,0.9,2.1,,,,,,,,,,,,,,2026-08-14T23:42:44.404188+00:00,,,,,,,,,,,,,,,,,,,,,,,,,,
9013,jpn.1,Nagoya Grampus,10,,,4,3,3,0.4,18,19,1.8,1.9,,,,,,,,,,,,,,2026-08-14T23:42:44.404194+00:00,,,,,,,,,,,,,,,,,,,,,,,,,,
9014,jpn.1,Sanfrecce Hiroshima,10,,,7,2,1,0.7,19,8,1.9,0.8,,,,,,,,,,,,,,2026-08-14T23:42:44.404200+00:00,,,,,,,,,,,,,,,,,,,,,,,,,,
9015,jpn.1,Shimizu S-Pulse,10,,,1,4,5,0.1,8,16,0.8,1.6,,,,,,,,,,,,,,2026-08-14T23:42:44.404206+00:00,,,,,,,,,,,,,,,,,,,,,,,,,,
9016,jpn.1,Tokyo Verdy 1969,10,,,4,2,4,0.4,9,15,0.9,1.5,,,,,,,,,,,,,,2026-08-14T23:42:44.404212+00:00,,,,,,,,,,,,,,,,,,,,,,,,,,
9017,jpn.1,Urawa Red Diamonds,10,,,4,2,4,0.4,12,9,1.2,0.9,,,,,,,,,,,,,,2026-08-14T23:42:44.404217+00:00,,,,,,,,,,,,,,,,,,,,,,,,,,
9018,jpn.1,V-Varen Nagasaki,10,,,4,2,4,0.4,12,13,1.2,1.3,,,,,,,,,,,,,,2026-08-14T23:42:44.404223+00:00,,,,,,,,,,,,,,,,,,,,,,,,,,
9019,jpn.1,Vissel Kobe,10,,,4,3,3,0.4,13,15,1.3,1.5,,,,,,,,,,,,,,2026-08-14T23:42:44.404228+00:00,,,,,,,,,,,,,,,,,,,,,,,,,,
9020,jpn.1,Yokohama F. Marinos,10,,,4,3,3,0.4,19,12,1.9,1.2,,,,,,,,,,,,,,2026-08-14T23:42:44.404234+00:00,,,,,,,,,,,,,,,,,,,,,,,,,,
9021,jpn.1,FC TOKYO FC TOKYO,10,,,5,2,3,0.5,18,14,1.8,1.4,,,,,,,,,,,,,,2026-08-14T23:42:44.404242+00:00,,,,,,,,,,,,,,,,,,,,,,,,,,
10000,swe.1,Kalmar FF,26,10,16,5,7,14,0.192,29,43,1.115,1.654,4,,,0.4,1,,,0.062,,,,,2026-07-01,2026-08-15T13:58:04.305600+00:00,,,,,,,,,,,,,,,,,,,,,,,,,,
10001,swe.1,Malmö FF,26,11,15,10,8,8,0.385,41,40,1.577,1.538,6,,,0.545,4,,,0.267,,,,,2026-07-01,2026-08-15T13:58:04.305600+00:00,,,,,,,,,,,,,,,,,,,,,,,,,,
10002,swe.1,Djurgården,25,16,9,11,5,9,0.44,38,35,1.52,1.4,7,,,0.438,4,,,0.444,,,,,2026-07-01,2026-08-15T13:58:04.305600+00:00,,,,,,,,,,,,,,,,,,,,,,,,,,
10003,swe.1,Djurgarden,1,0,1,0,1,0,0.0,0,0,0.0,0.0,0,,,0.0,0,,,0.0,,,,,2026-07-01,2026-08-15T13:58:04.305600+00:00,,,,,,,,,,,,,,,,,,,,,,,,,,
10004,swe.1,IF Elfsborg,42,23,19,12,19,11,0.286,48,51,1.143,1.214,8,,,0.348,4,,,0.211,,,,,2026-07-01,2026-08-15T13:58:04.305600+00:00,,,,,,,,,,,,,,,,,,,,,,,,,,
10005,swe.1,IK Sirius,26,8,18,12,4,10,0.462,48,41,1.846,1.577,4,,,0.5,8,,,0.444,,,,,2026-07-01,2026-08-15T13:58:04.305600+00:00,,,,,,,,,,,,,,,,,,,,,,,,,,
10006,swe.1,BK Häcken,26,14,12,8,8,10,0.308,43,46,1.654,1.769,4,,,0.286,4,,,0.333,,,,,2026-07-01,2026-08-15T13:58:04.305600+00:00,,,,,,,,,,,,,,,,,,,,,,,,,,
10007,swe.1,Halmstads BK,26,14,12,10,6,10,0.385,35,33,1.346,1.269,6,,,0.429,4,,,0.333,,,,,2026-07-01,2026-08-15T13:58:04.305600+00:00,,,,,,,,,,,,,,,,,,,,,,,,,,
10008,swe.1,Degerfors IF,13,11,2,3,4,6,0.231,15,20,1.154,1.538,3,,,0.273,0,,,0.0,,,,,2026-07-01,2026-08-15T13:58:04.305600+00:00,,,,,,,,,,,,,,,,,,,,,,,,,,
10009,swe.1,Hammarby IF,27,14,13,14,7,6,0.519,48,24,1.778,0.889,9,,,0.643,5,,,0.385,,,,,2026-07-01,2026-08-15T13:58:04.305600+00:00,,,,,,,,,,,,,,,,,,,,,,,,,,
10010,swe.1,AIK,26,20,6,14,4,8,0.538,34,27,1.308,1.038,9,,,0.45,5,,,0.833,,,,,2026-07-01,2026-08-15T13:58:04.305600+00:00,,,,,,,,,,,,,,,,,,,,,,,,,,
10011,swe.1,GAIS,27,15,12,12,9,6,0.444,37,24,1.37,0.889,9,,,0.6,3,,,0.25,,,,,2026-07-01,2026-08-15T13:58:04.305600+00:00,,,,,,,,,,,,,,,,,,,,,,,,,,
10012,swe.1,IF Brommapojkarna,26,19,7,6,8,12,0.231,38,42,1.462,1.615,6,,,0.316,0,,,0.0,,,,,2026-07-01,2026-08-15T13:58:04.305600+00:00,,,,,,,,,,,,,,,,,,,,,,,,,,
10013,swe.1,IFK Göteborg,26,12,14,6,10,10,0.231,35,40,1.346,1.538,2,,,0.167,4,,,0.286,,,,,2026-07-01,2026-08-15T13:58:04.305600+00:00,,,,,,,,,,,,,,,,,,,,,,,,,,
10014,swe.1,Mjällby AIF,26,9,17,9,11,6,0.346,32,31,1.231,1.192,3,,,0.333,6,,,0.353,,,,,2026-07-01,2026-08-15T13:58:04.305600+00:00,,,,,,,,,,,,,,,,,,,,,,,,,,
10015,swe.1,Västerås SK,26,6,20,9,6,11,0.346,35,42,1.346,1.615,2,,,0.333,7,,,0.35,,,,,2026-07-01,2026-08-15T13:58:04.305600+00:00,,,,,,,,,,,,,,,,,,,,,,,,,,
10016,swe.1,Hacken,1,0,1,0,0,1,0.0,3,4,3.0,4.0,0,,,0.0,0,,,0.0,,,,,2026-07-01,2026-08-15T13:58:04.305600+00:00,,,,,,,,,,,,,,,,,,,,,,,,,,
10017,swe.1,Orgryte,5,0,5,1,0,4,0.2,3,17,0.6,3.4,0,,,0.0,1,,,0.2,,,,,2026-07-01,2026-08-15T13:58:04.305600+00:00,,,,,,,,,,,,,,,,,,,,,,,,,,
10018,swe.1,Elfsborg,1,0,1,0,1,0,0.0,2,2,2.0,2.0,0,,,0.0,0,,,0.0,,,,,2026-07-01,2026-08-15T13:58:04.305600+00:00,,,,,,,,,,,,,,,,,,,,,,,,,,
10019,swe.1,Goteborg,1,0,1,1,0,0,1.0,3,2,3.0,2.0,0,,,0.0,1,,,1.0,,,,,2026-07-01,2026-08-15T13:58:04.305600+00:00,,,,,,,,,,,,,,,,,,,,,,,,,,
10020,swe.1,Sirius,1,1,0,1,0,0,1.0,2,0,2.0,0.0,1,,,1.0,0,,,0.0,,,,,2026-07-01,2026-08-15T13:58:04.305600+00:00,,,,,,,,,,,,,,,,,,,,,,,,,,
10021,swe.1,Degerfors,1,0,1,0,1,0,0.0,1,1,1.0,1.0,0,,,0.0,0,,,0.0,,,,,2026-07-01,2026-08-15T13:58:04.305600+00:00,,,,,,,,,,,,,,,,,,,,,,,,,,
10022,swe.1,Brommapojkarna,1,0,1,1,0,0,1.0,2,1,2.0,1.0,0,,,0.0,1,,,1.0,,,,,2026-07-01,2026-08-15T13:58:04.305600+00:00,,,,,,,,,,,,,,,,,,,,,,,,,,
10023,swe.1,Malmo FF,1,0,1,0,1,0,0.0,1,1,1.0,1.0,0,,,0.0,0,,,0.0,,,,,2026-07-01,2026-08-15T13:58:04.305600+00:00,,,,,,,,,,,,,,,,,,,,,,,,,,
10024,swe.1,Landskrona BoIS,2,1,1,0,1,1,0.0,2,3,1.0,1.5,0,,,0.0,0,,,0.0,,,,,2024-11-24,2026-08-15T13:58:04.305600+00:00,,,,,,,,,,,,,,,,,,,,,,,,,,
10025,swe.1,IFK Norrköping,13,7,6,3,5,5,0.231,15,20,1.154,1.538,2,,,0.286,1,,,0.167,,,,,2024-11-10,2026-08-15T13:58:04.305600+00:00,,,,,,,,,,,,,,,,,,,,,,,,,,
22533,arg.1,Deportivo Riestra,39,3,1,3,18,18,0.077,41,57,1.05,1.45,1,,,0.333,0,,,0.0,,,,,2026-08-15T14:05:59.390727+00:00,2026-08-15T14:05:59.390727+00:00,,,,,,,,,,,,,,,,,,,,,,,,,,
22536,arg.1,River Plate,20,3,1,9,2,9,0.45,28,25,1.42,1.23,2,,,0.667,0,,,0.0,,,,,2026-08-15T14:05:59.390727+00:00,2026-08-15T14:05:59.390727+00:00,,,,,,,,,,,,,,,,,,,,,,,,,,
22541,arg.1,Instituto (Córdoba),31,2,1,13,4,14,0.419,43,39,1.39,1.25,1,,,0.5,1,,,1.0,,,,,2026-08-15T14:05:59.390727+00:00,2026-08-15T14:05:59.390727+00:00,,,,,,,,,,,,,,,,,,,,,,,,,,
22542,arg.1,Gimnasia (Mendoza),26,1,3,8,5,13,0.308,33,34,1.28,1.31,1,,,1.0,1,,,0.333,,,,,2026-08-15T14:05:59.390727+00:00,2026-08-15T14:05:59.390727+00:00,,,,,,,,,,,,,,,,,,,,,,,,,,
22544,arg.1,Banfield,37,1,3,12,6,19,0.324,48,48,1.29,1.3,1,,,1.0,2,,,0.667,,,,,2026-08-15T14:05:59.390727+00:00,2026-08-15T14:05:59.390727+00:00,,,,,,,,,,,,,,,,,,,,,,,,,,
22561,bra.1,Grêmio,93,3,3,26,32,35,0.28,116,124,1.25,1.33,3,,,1.0,0,,,0.0,,,,,2026-08-15T14:06:39.453235+00:00,2026-08-15T14:06:39.453235+00:00,,,,,,,,,,,,,,,,,,,,,,,,,,
22562,bra.1,São Paulo,108,4,4,51,21,36,0.472,156,131,1.44,1.21,3,,,0.75,3,,,0.75,,,,,2026-08-15T14:06:39.453235+00:00,2026-08-15T14:06:39.453235+00:00,,,,,,,,,,,,,,,,,,,,,,,,,,
22563,bra.1,Remo,60,3,1,9,22,29,0.15,67,84,1.12,1.41,2,,,0.667,1,,,1.0,,,,,2026-08-15T14:06:39.453235+00:00,2026-08-15T14:06:39.453235+00:00,,,,,,,,,,,,,,,,,,,,,,,,,,
22564,bra.1,Atlético-MG,76,1,5,26,16,34,0.342,100,98,1.31,1.29,1,,,1.0,2,,,0.4,,,,,2026-08-15T14:06:39.453235+00:00,2026-08-15T14:06:39.453235+00:00,,,,,,,,,,,,,,,,,,,,,,,,,,
22565,bra.1,Coritiba,79,3,2,29,23,27,0.367,106,101,1.34,1.28,3,,,1.0,1,,,0.5,,,,,2026-08-15T14:06:39.453235+00:00,2026-08-15T14:06:39.453235+00:00,,,,,,,,,,,,,,,,,,,,,,,,,,
22566,bra.1,Chapecoense,52,1,2,3,19,30,0.058,53,76,1.03,1.46,1,,,1.0,2,,,1.0,,,,,2026-08-15T14:06:39.453235+00:00,2026-08-15T14:06:39.453235+00:00,,,,,,,,,,,,,,,,,,,,,,,,,,
22567,bra.1,Botafogo,109,4,5,42,19,48,0.385,148,138,1.35,1.27,3,,,0.75,5,,,1.0,,,,,2026-08-15T14:06:39.453235+00:00,2026-08-15T14:06:39.453235+00:00,,,,,,,,,,,,,,,,,,,,,,,,,,
22568,bra.1,Fluminense,88,3,3,46,20,22,0.523,131,104,1.49,1.18,3,,,1.0,2,,,0.667,,,,,2026-08-15T14:06:39.453235+00:00,2026-08-15T14:06:39.453235+00:00,,,,,,,,,,,,,,,,,,,,,,,,,,
22581,usa.1,New England Revolution,133,8,6,71,13,49,0.534,200,157,1.5,1.18,7,,,0.875,4,,,0.667,,,,,2026-08-15T14:07:12.137575+00:00,2026-08-15T14:07:12.137575+00:00,,,,,,,,,,,,,,,,,,,,,,,,,,
22582,usa.1,Houston Dynamo FC,125,7,7,63,7,55,0.504,184,149,1.47,1.2,5,,,0.714,6,,,0.857,,,,,2026-08-15T14:07:12.137575+00:00,2026-08-15T14:07:12.137575+00:00,,,,,,,,,,,,,,,,,,,,,,,,,,
22583,usa.1,CF Montréal,120,7,6,31,10,79,0.258,147,161,1.23,1.34,5,,,0.714,3,,,0.5,,,,,2026-08-15T14:07:12.137575+00:00,2026-08-15T14:07:12.137575+00:00,,,,,,,,,,,,,,,,,,,,,,,,,,
22584,usa.1,D.C. United,120,8,5,37,38,45,0.308,153,158,1.28,1.31,7,,,0.875,2,,,0.4,,,,,2026-08-15T14:07:12.137575+00:00,2026-08-15T14:07:12.137575+00:00,,,,,,,,,,,,,,,,,,,,,,,,,,
22585,usa.1,Nashville SC,115,6,8,81,23,11,0.704,193,124,1.67,1.08,6,,,1.0,4,,,0.5,,,,,2026-08-15T14:07:12.137575+00:00,2026-08-15T14:07:12.137575+00:00,,,,,,,,,,,,,,,,,,,,,,,,,,
22586,usa.1,Philadelphia Union,116,7,6,13,21,82,0.112,126,166,1.08,1.43,4,,,0.571,4,,,0.667,,,,,2026-08-15T14:07:12.137575+00:00,2026-08-15T14:07:12.137575+00:00,,,,,,,,,,,,,,,,,,,,,,,,,,
22587,usa.1,Atlanta United FC,117,7,7,22,15,80,0.188,135,162,1.16,1.39,5,,,0.714,4,,,0.571,,,,,2026-08-15T14:07:12.137575+00:00,2026-08-15T14:07:12.137575+00:00,,,,,,,,,,,,,,,,,,,,,,,,,,
22588,usa.1,Red Bull New York,130,6,8,50,32,48,0.385,176,165,1.35,1.27,4,,,0.667,7,,,0.875,,,,,2026-08-15T14:07:12.137575+00:00,2026-08-15T14:07:12.137575+00:00,,,,,,,,,,,,,,,,,,,,,,,,,,
22589,usa.1,Orlando City SC,124,5,8,32,12,80,0.258,152,167,1.23,1.34,4,,,0.8,4,,,0.5,,,,,2026-08-15T14:07:12.137575+00:00,2026-08-15T14:07:12.137575+00:00,,,,,,,,,,,,,,,,,,,,,,,,,,
22590,usa.1,Vancouver Whitecaps,114,7,6,84,14,16,0.737,195,120,1.71,1.06,6,,,0.857,4,,,0.667,,,,,2026-08-15T14:07:12.137575+00:00,2026-08-15T14:07:12.137575+00:00,,,,,,,,,,,,,,,,,,,,,,,,,,
22591,usa.1,LAFC,86,5,6,56,15,15,0.651,139,95,1.62,1.11,5,,,1.0,5,,,0.833,,,,,2026-08-15T14:07:12.137575+00:00,2026-08-15T14:07:12.137575+00:00,,,,,,,,,,,,,,,,,,,,,,,,,,
22592,usa.1,Inter Miami CF,97,5,6,52,30,15,0.536,146,114,1.51,1.18,5,,,1.0,4,,,0.667,,,,,2026-08-15T14:07:12.137575+00:00,2026-08-15T14:07:12.137575+00:00,,,,,,,,,,,,,,,,,,,,,,,,,,
22593,usa.1,Columbus Crew,99,5,7,21,31,47,0.212,117,136,1.18,1.37,3,,,0.6,7,,,1.0,,,,,2026-08-15T14:07:12.137575+00:00,2026-08-15T14:07:12.137575+00:00,,,,,,,,,,,,,,,,,,,,,,,,,,
22594,usa.1,Chicago Fire FC,126,9,6,63,21,42,0.5,185,151,1.47,1.2,9,,,1.0,5,,,0.833,,,,,2026-08-15T14:07:12.137575+00:00,2026-08-15T14:07:12.137575+00:00,,,,,,,,,,,,,,,,,,,,,,,,,,
22595,usa.1,Charlotte FC,133,8,7,51,34,48,0.383,180,169,1.35,1.27,7,,,0.875,5,,,0.714,,,,,2026-08-15T14:07:12.137575+00:00,2026-08-15T14:07:12.137575+00:00,,,,,,,,,,,,,,,,,,,,,,,,,,
22596,usa.1,Minnesota United FC,112,6,6,46,31,35,0.411,155,140,1.38,1.25,4,,,0.667,6,,,1.0,,,,,2026-08-15T14:07:12.137575+00:00,2026-08-15T14:07:12.137575+00:00,,,,,,,,,,,,,,,,,,,,,,,,,,
22597,usa.1,San Diego FC,126,7,6,43,37,46,0.341,165,163,1.31,1.29,7,,,1.0,5,,,0.833,,,,,2026-08-15T14:07:12.137575+00:00,2026-08-15T14:07:12.137575+00:00,,,,,,,,,,,,,,,,,,,,,,,,,,
22598,usa.1,Sporting Kansas City,120,7,7,21,19,80,0.175,137,167,1.15,1.39,5,,,0.714,3,,,0.429,,,,,2026-08-15T14:07:12.137575+00:00,2026-08-15T14:07:12.137575+00:00,,,,,,,,,,,,,,,,,,,,,,,,,,
22599,usa.1,St. Louis CITY SC,116,7,6,28,35,53,0.241,140,157,1.21,1.35,6,,,0.857,5,,,0.833,,,,,2026-08-15T14:07:12.137575+00:00,2026-08-15T14:07:12.137575+00:00,,,,,,,,,,,,,,,,,,,,,,,,,,
22600,usa.1,Real Salt Lake,104,6,6,59,12,33,0.567,160,120,1.54,1.16,6,,,1.0,5,,,0.833,,,,,2026-08-15T14:07:12.137575+00:00,2026-08-15T14:07:12.137575+00:00,,,,,,,,,,,,,,,,,,,,,,,,,,
22601,usa.1,Colorado Rapids,132,7,7,54,7,71,0.409,182,165,1.38,1.25,6,,,0.857,5,,,0.714,,,,,2026-08-15T14:07:12.137575+00:00,2026-08-15T14:07:12.137575+00:00,,,,,,,,,,,,,,,,,,,,,,,,,,
22602,usa.1,Austin FC,108,5,7,22,39,47,0.204,127,149,1.17,1.38,4,,,0.8,4,,,0.571,,,,,2026-08-15T14:07:12.137575+00:00,2026-08-15T14:07:12.137575+00:00,,,,,,,,,,,,,,,,,,,,,,,,,,
22603,usa.1,FC Cincinnati,121,5,7,41,33,47,0.339,158,157,1.31,1.29,5,,,1.0,6,,,0.857,,,,,2026-08-15T14:07:12.137575+00:00,2026-08-15T14:07:12.137575+00:00,,,,,,,,,,,,,,,,,,,,,,,,,,
22604,usa.1,San Jose Earthquakes,121,6,7,87,13,21,0.719,204,129,1.69,1.07,6,,,1.0,7,,,1.0,,,,,2026-08-15T14:07:12.137575+00:00,2026-08-15T14:07:12.137575+00:00,,,,,,,,,,,,,,,,,,,,,,,,,,
22605,usa.1,LA Galaxy,119,6,6,35,40,44,0.294,150,157,1.26,1.32,5,,,0.833,6,,,1.0,,,,,2026-08-15T14:07:12.137575+00:00,2026-08-15T14:07:12.137575+00:00,,,,,,,,,,,,,,,,,,,,,,,,,,
22606,usa.1,FC Dallas,133,7,8,54,46,33,0.406,183,167,1.38,1.25,6,,,0.857,5,,,0.625,,,,,2026-08-15T14:07:12.137575+00:00,2026-08-15T14:07:12.137575+00:00,,,,,,,,,,,,,,,,,,,,,,,,,,
22607,usa.1,Portland Timbers,110,7,6,36,14,60,0.327,143,143,1.3,1.3,7,,,1.0,3,,,0.5,,,,,2026-08-15T14:07:12.137575+00:00,2026-08-15T14:07:12.137575+00:00,,,,,,,,,,,,,,,,,,,,,,,,,,
22608,usa.1,Seattle Sounders FC,90,4,6,51,17,22,0.567,138,104,1.54,1.16,3,,,0.75,5,,,0.833,,,,,2026-08-15T14:07:12.137575+00:00,2026-08-15T14:07:12.137575+00:00,,,,,,,,,,,,,,,,,,,,,,,,,,
22609,usa.1,Toronto FC,110,8,5,30,39,41,0.273,137,147,1.24,1.33,8,,,1.0,4,,,0.8,,,,,2026-08-15T14:07:12.137575+00:00,2026-08-15T14:07:12.137575+00:00,,,,,,,,,,,,,,,,,,,,,,,,,,
22610,usa.1,New York City FC,84,5,4,34,23,27,0.405,116,105,1.38,1.26,5,,,1.0,2,,,0.5,,,,,2026-08-15T14:07:12.137575+00:00,2026-08-15T14:07:12.137575+00:00,,,,,,,,,,,,,,,,,,,,,,,,,,
22612,ned.1,Telstar,119,1,4,25,37,57,0.21,140,163,1.18,1.37,0,,,0.0,3,,,0.75,,,,,2026-08-15T14:07:49.115943+00:00,2026-08-15T14:07:49.115943+00:00,,,,,,,,,,,,,,,,,,,,,,,,,,
22613,ned.1,Go Ahead Eagles,31,1,1,9,12,10,0.29,39,41,1.26,1.32,1,,,1.0,0,,,0.0,,,,,2026-08-15T14:07:49.115943+00:00,2026-08-15T14:07:49.115943+00:00,,,,,,,,,,,,,,,,,,,,,,,,,,
22618,ned.1,NAC Breda,115,2,2,20,35,60,0.174,132,160,1.14,1.39,1,,,0.5,1,,,0.5,,,,,2026-08-15T14:07:49.115943+00:00,2026-08-15T14:07:49.115943+00:00,,,,,,,,,,,,,,,,,,,,,,,,,,
22626,ned.1,Heracles Almelo,55,2,0,10,6,39,0.182,63,76,1.15,1.39,1,,,0.5,0,,,0.0,,,,,2026-08-15T14:07:49.115943+00:00,2026-08-15T14:07:49.115943+00:00,,,,,,,,,,,,,,,,,,,,,,,,,,
22627,ned.1,FC Volendam,79,1,2,20,18,41,0.253,97,106,1.22,1.35,1,,,1.0,0,,,0.0,,,,,2026-08-15T14:07:49.115943+00:00,2026-08-15T14:07:49.115943+00:00,,,,,,,,,,,,,,,,,,,,,,,,,,
22675,uefa.champions_qual,AEK Athens,0,0,0,0,0,0,0.35000000000000003,2,1,1.8,1.0,0,,,0.4633333333333333,0,,,0.29333333333333333,,,,,,2026-08-15T14:50:34.163072+00:00,,,,,,,,,,,,,,,,,,,,,,,,,,
22676,uefa.champions_qual,AGF,0,0,0,0,0,0,0.335,1,1,1.43,1.23,0,,,0.45333333333333337,0,,,0.2833333333333334,,,,,,2026-08-15T14:50:34.163072+00:00,,,,,,,,,,,,,,,,,,,,,,,,,,
22677,uefa.champions_qual,AS Monaco,12,6,6,5,2,5,0.417,17,16,1.417,1.333,3,,,0.5,2,,,0.333,,,,,2026-05-10,2026-08-15T14:50:34.163072+00:00,,,,,,,,,,,,,,,,,,,,,,,,,,
22678,uefa.champions_qual,Ajax Amsterdam,0,0,0,0,0,0,0.35000000000000003,2,1,1.8,1.0,0,,,0.4633333333333333,0,,,0.29333333333333333,,,,,,2026-08-15T14:50:34.163072+00:00,,,,,,,,,,,,,,,,,,,,,,,,,,
22679,uefa.champions_qual,Anderlecht,5,2,3,3,2,0,0.6,9,5,1.8,1.0,2,,,1.0,1,,,0.333,,,,,2026-08-13,2026-08-15T14:50:34.163072+00:00,,,,,,,,,,,,,,,,,,,,,,,,,,
22680,uefa.champions_qual,Ararat-Armenia,1,1,0,1,0,0,1.0,2,1,2.0,1.0,1,,,1.0,0,,,0.0,,,,,2026-08-04,2026-08-15T14:50:34.163072+00:00,,,,,,,,,,,,,,,,,,,,,,,,,,
22681,uefa.champions_qual,Atalanta,34,17,17,15,11,8,0.441,49,33,1.441,0.971,9,,,0.529,6,,,0.353,,,,,2026-05-22,2026-08-15T14:50:34.163072+00:00,,,,,,,,,,,,,,,,,,,,,,,,,,
22682,uefa.champions_qual,Austria Vienna,1,1,0,1,0,0,1.0,3,1,3.0,1.0,1,,,1.0,0,,,0.0,,,,,2026-07-30,2026-08-15T14:50:34.163072+00:00,,,,,,,,,,,,,,,,,,,,,,,,,,
22683,uefa.champions_qual,Beitar Jerusalem,1,1,0,0,0,1,0.0,2,3,2.0,3.0,0,,,0.0,0,,,0.0,,,,,2026-07-30,2026-08-15T14:50:34.163072+00:00,,,,,,,,,,,,,,,,,,,,,,,,,,
22684,uefa.champions_qual,Benfica,5,2,3,2,1,2,0.4,14,6,2.8,1.2,2,,,1.0,0,,,0.0,,,,,2026-08-13,2026-08-15T14:50:34.163072+00:00,,,,,,,,,,,,,,,,,,,,,,,,,,
22685,uefa.champions_qual,Besiktas,4,2,2,4,0,0,1.0,5,0,1.25,0.0,2,,,1.0,2,,,1.0,,,,,2026-08-13,2026-08-15T14:50:34.163072+00:00,,,,,,,,,,,,,,,,,,,,,,,,,,
22686,uefa.champions_qual,Bodo/Glimt,1,0,1,0,1,0,0.0,3,3,3.0,3.0,0,,,0.0,0,,,0.0,,,,,2026-08-04,2026-08-15T14:50:34.163072+00:00,,,,,,,,,,,,,,,,,,,,,,,,,,
22687,uefa.champions_qual,Bohemians,1,0,1,0,0,1,0.0,2,3,2.0,3.0,0,,,0.0,0,,,0.0,,,,,2026-07-30,2026-08-15T14:50:34.163072+00:00,,,,,,,,,,,,,,,,,,,,,,,,,,
22688,uefa.champions_qual,Borac Banja Luka,1,0,1,0,1,0,0.0,3,3,3.0,3.0,0,,,0.0,0,,,0.0,,,,,2026-07-30,2026-08-15T14:50:34.163072+00:00,,,,,,,,,,,,,,,,,,,,,,,,,,
22689,uefa.champions_qual,Braga,1,1,0,1,0,0,1.0,4,0,4.0,0.0,1,,,1.0,0,,,0.0,,,,,2026-07-30,2026-08-15T14:50:34.163072+00:00,,,,,,,,,,,,,,,,,,,,,,,,,,
22690,uefa.champions_qual,Brighton & Hove Albion,36,18,18,12,11,13,0.333,48,45,1.333,1.25,8,,,0.444,4,,,0.222,,,,,2026-05-24,2026-08-15T14:50:34.163072+00:00,,,,,,,,,,,,,,,,,,,,,,,,,,
22691,uefa.champions_qual,CFR Cluj-Napoca,0,0,0,0,0,0,0.33,1,1,1.3,1.3,0,,,0.45,0,,,0.28,,,,,,2026-08-15T14:50:34.163072+00:00,,,,,,,,,,,,,,,,,,,,,,,,,,
22692,uefa.champions_qual,CSKA Sofia,3,2,1,0,2,1,0.0,1,3,0.333,1.0,0,,,0.0,0,,,0.0,,,,,2026-08-13,2026-08-15T14:50:34.163072+00:00,,,,,,,,,,,,,,,,,,,,,,,,,,
22693,uefa.champions_qual,CSU Craiova,0,0,0,0,0,0,0.325,1,1,1.18,1.38,0,,,0.44666666666666666,0,,,0.27666666666666667,,,,,,2026-08-15T14:50:34.163072+00:00,,,,,,,,,,,,,,,,,,,,,,,,,,
22694,uefa.champions_qual,Celtic,0,0,0,0,0,0,0.35500000000000004,2,1,1.93,0.93,0,,,0.4666666666666667,0,,,0.2966666666666667,,,,,,2026-08-15T14:50:34.163072+00:00,,,,,,,,,,,,,,,,,,,,,,,,,,
22695,uefa.champions_qual,Debrecen,1,0,1,0,1,0,0.0,0,0,0.0,0.0,0,,,0.0,0,,,0.0,,,,,2026-07-30,2026-08-15T14:50:34.163072+00:00,,,,,,,,,,,,,,,,,,,,,,,,,,
22696,uefa.champions_qual,Dinamo City,1,0,1,0,0,1,0.0,0,1,0.0,1.0,0,,,0.0,0,,,0.0,,,,,2026-08-04,2026-08-15T14:50:34.163072+00:00,,,,,,,,,,,,,,,,,,,,,,,,,,
22697,uefa.champions_qual,Dinamo Minsk,0,0,0,0,0,0,0.33,1,1,1.3,1.3,0,,,0.45,0,,,0.28,,,,,,2026-08-15T14:50:34.163072+00:00,,,,,,,,,,,,,,,,,,,,,,,,,,
22698,uefa.champions_qual,Dinamo Zagreb,1,1,0,1,0,0,1.0,5,0,5.0,0.0,1,,,1.0,0,,,0.0,,,,,2026-08-04,2026-08-15T14:50:34.163072+00:00,,,,,,,,,,,,,,,,,,,,,,,,,,
22699,uefa.champions_qual,Drita Gjilan,0,0,0,0,0,0,0.32,1,1,1.05,1.45,0,,,0.44333333333333336,0,,,0.2733333333333334,,,,,,2026-08-15T14:50:34.163072+00:00,,,,,,,,,,,,,,,,,,,,,,,,,,
22700,uefa.champions_qual,Dunajska Streda,0,0,0,0,0,0,0.33,1,1,1.3,1.3,0,,,0.45,0,,,0.28,,,,,,2026-08-15T14:50:34.163072+00:00,,,,,,,,,,,,,,,,,,,,,,,,,,
22701,uefa.champions_qual,Dynamo Kyiv,1,1,0,0,0,1,0.0,2,3,2.0,3.0,0,,,0.0,0,,,0.0,,,,,2026-07-23,2026-08-15T14:50:34.163072+00:00,,,,,,,,,,,,,,,,,,,,,,,,,,
22702,uefa.champions_qual,Egnatia,1,0,1,0,0,1,0.0,1,3,1.0,3.0,0,,,0.0,0,,,0.0,,,,,2026-08-04,2026-08-15T14:50:34.163072+00:00,,,,,,,,,,,,,,,,,,,,,,,,,,
22703,uefa.champions_qual,F.C. København,0,0,0,0,0,0,0.35000000000000003,2,1,1.8,1.0,0,,,0.4633333333333333,0,,,0.29333333333333333,,,,,,2026-08-15T14:50:34.163072+00:00,,,,,,,,,,,,,,,,,,,,,,,,,,
22704,uefa.champions_qual,FC Hradec Králové,0,0,0,0,0,0,0.33,1,1,1.3,1.3,0,,,0.45,0,,,0.28,,,,,,2026-08-15T14:50:34.163072+00:00,,,,,,,,,,,,,,,,,,,,,,,,,,
22705,uefa.champions_qual,FC Ilves,0,0,0,0,0,0,0.325,1,1,1.18,1.38,0,,,0.44666666666666666,0,,,0.27666666666666667,,,,,,2026-08-15T14:50:34.163072+00:00,,,,,,,,,,,,,,,,,,,,,,,,,,
22706,uefa.champions_qual,FC Inter Turku,0,0,0,0,0,0,0.325,1,1,1.18,1.38,0,,,0.44666666666666666,0,,,0.27666666666666667,,,,,,2026-08-15T14:50:34.163072+00:00,,,,,,,,,,,,,,,,,,,,,,,,,,
22707,uefa.champions_qual,FC Lugano,0,0,0,0,0,0,0.335,1,1,1.43,1.23,0,,,0.45333333333333337,0,,,0.2833333333333334,,,,,,2026-08-15T14:50:34.163072+00:00,,,,,,,,,,,,,,,,,,,,,,,,,,
22708,uefa.champions_qual,FC Midtjylland,1,0,1,0,0,1,0.0,0,1,0.0,1.0,0,,,0.0,0,,,0.0,,,,,2026-07-23,2026-08-15T14:50:34.163072+00:00,,,,,,,,,,,,,,,,,,,,,,,,,,
22709,uefa.champions_qual,FC Noah,0,0,0,0,0,0,0.325,1,1,1.18,1.38,0,,,0.44666666666666666,0,,,0.27666666666666667,,,,,,2026-08-15T14:50:34.163072+00:00,,,,,,,,,,,,,,,,,,,,,,,,,,
22710,uefa.champions_qual,FC Nordsjælland,0,0,0,0,0,0,0.335,1,1,1.43,1.23,0,,,0.45333333333333337,0,,,0.2833333333333334,,,,,,2026-08-15T14:50:34.163072+00:00,,,,,,,,,,,,,,,,,,,,,,,,,,
22711,uefa.champions_qual,FC Sion,0,0,0,0,0,0,0.33,1,1,1.3,1.3,0,,,0.45,0,,,0.28,,,,,,2026-08-15T14:50:34.163072+00:00,,,,,,,,,,,,,,,,,,,,,,,,,,
22712,uefa.champions_qual,FC Thun,2,1,1,1,0,1,0.5,5,3,2.5,1.5,1,,,1.0,0,,,0.0,,,,,2026-08-13,2026-08-15T14:50:34.163072+00:00,,,,,,,,,,,,,,,,,,,,,,,,,,
22713,uefa.champions_qual,FC Twente,0,0,0,0,0,0,0.335,1,1,1.43,1.23,0,,,0.45333333333333337,0,,,0.2833333333333334,,,,,,2026-08-15T14:50:34.163072+00:00,,,,,,,,,,,,,,,,,,,,,,,,,,
22714,uefa.champions_qual,FC Vaduz,0,0,0,0,0,0,0.32,1,1,1.05,1.45,0,,,0.44333333333333336,0,,,0.2733333333333334,,,,,,2026-08-15T14:50:34.163072+00:00,,,,,,,,,,,,,,,,,,,,,,,,,,
22715,uefa.champions_qual,FK Auda,1,1,0,1,0,0,1.0,1,0,1.0,0.0,1,,,1.0,0,,,0.0,,,,,2026-08-04,2026-08-15T14:50:34.163072+00:00,,,,,,,,,,,,,,,,,,,,,,,,,,
22716,uefa.champions_qual,FK Qarabag,0,0,0,0,0,0,0.335,1,1,1.43,1.23,0,,,0.45333333333333337,0,,,0.2833333333333334,,,,,,2026-08-15T14:50:34.163072+00:00,,,,,,,,,,,,,,,,,,,,,,,,,,
22717,uefa.champions_qual,Fenerbahce,0,0,0,0,0,0,0.35500000000000004,2,1,1.93,0.93,0,,,0.4666666666666667,0,,,0.2966666666666667,,,,,,2026-08-15T14:50:34.163072+00:00,,,,,,,,,,,,,,,,,,,,,,,,,,
22718,uefa.champions_qual,Ferencvaros,3,1,2,1,2,0,0.333,5,4,1.667,1.333,0,,,0.0,1,,,0.5,,,,,2026-08-13,2026-08-15T14:50:34.163072+00:00,,,,,,,,,,,,,,,,,,,,,,,,,,
22719,uefa.champions_qual,Flora,1,0,1,0,0,1,0.0,0,1,0.0,1.0,0,,,0.0,0,,,0.0,,,,,2026-07-30,2026-08-15T14:50:34.163072+00:00,,,,,,,,,,,,,,,,,,,,,,,,,,
22720,uefa.champions_qual,GKS Katowice,1,1,0,1,0,0,1.0,3,1,3.0,1.0,1,,,1.0,0,,,0.0,,,,,2026-07-30,2026-08-15T14:50:34.163072+00:00,,,,,,,,,,,,,,,,,,,,,,,,,,
22721,uefa.champions_qual,Getafe,30,15,15,12,3,15,0.4,25,35,0.833,1.167,7,,,0.467,5,,,0.333,,,,,2026-05-23,2026-08-15T14:50:34.163072+00:00,,,,,,,,,,,,,,,,,,,,,,,,,,
22722,uefa.champions_qual,Gornik Zabrze,1,1,0,0,1,0,0.0,1,1,1.0,1.0,0,,,0.0,0,,,0.0,,,,,2026-08-13,2026-08-15T14:50:34.163072+00:00,,,,,,,,,,,,,,,,,,,,,,,,,,
22723,uefa.champions_qual,Györi ETO FC,0,0,0,0,0,0,0.33,1,1,1.3,1.3,0,,,0.45,0,,,0.28,,,,,,2026-08-15T14:50:34.163072+00:00,,,,,,,,,,,,,,,,,,,,,,,,,,
22724,uefa.champions_qual,HJK Helsinki,0,0,0,0,0,0,0.33,1,1,1.3,1.3,0,,,0.45,0,,,0.28,,,,,,2026-08-15T14:50:34.163072+00:00,,,,,,,,,,,,,,,,,,,,,,,,,,
22725,uefa.champions_qual,Hajduk Split,2,1,1,1,0,1,0.5,2,4,1.0,2.0,1,,,1.0,0,,,0.0,,,,,2026-07-30,2026-08-15T14:50:34.163072+00:00,,,,,,,,,,,,,,,,,,,,,,,,,,
22726,uefa.champions_qual,Hammarby IF,28,15,13,14,8,6,0.5,49,25,1.75,0.893,9,,,0.6,5,,,0.385,,,,,2026-07-23,2026-08-15T14:50:34.163072+00:00,,,,,,,,,,,,,,,,,,,,,,,,,,
22727,uefa.champions_qual,Hapoel Be'er,1,1,0,1,0,0,1.0,1,0,1.0,0.0,1,,,1.0,0,,,0.0,,,,,2026-08-04,2026-08-15T14:50:34.163072+00:00,,,,,,,,,,,,,,,,,,,,,,,,,,
22728,uefa.champions_qual,Hapoel Tel Aviv,1,0,1,0,1,0,0.0,2,2,2.0,2.0,0,,,0.0,0,,,0.0,,,,,2026-07-30,2026-08-15T14:50:34.163072+00:00,,,,,,,,,,,,,,,,,,,,,,,,,,
22729,uefa.champions_qual,Heart of Midlothian,0,0,0,0,0,0,0.33,1,1,1.3,1.3,0,,,0.45,0,,,0.28,,,,,,2026-08-15T14:50:34.163072+00:00,,,,,,,,,,,,,,,,,,,,,,,,,,
22730,uefa.champions_qual,Hibernian,1,1,0,1,0,0,1.0,4,1,4.0,1.0,1,,,1.0,0,,,0.0,,,,,2026-07-30,2026-08-15T14:50:34.163072+00:00,,,,,,,,,,,,,,,,,,,,,,,,,,
22731,uefa.champions_qual,IFK Göteborg,26,12,14,6,10,10,0.231,35,40,1.346,1.538,2,,,0.167,4,,,0.286,,,,,2026-07-01,2026-08-15T14:50:34.163072+00:00,,,,,,,,,,,,,,,,,,,,,,,,,,
22732,uefa.champions_qual,Iberia 1999,1,0,1,0,1,0,0.0,0,0,0.0,0.0,0,,,0.0,0,,,0.0,,,,,2026-08-04,2026-08-15T14:50:34.163072+00:00,,,,,,,,,,,,,,,,,,,,,,,,,,
22733,uefa.champions_qual,Inter D'Escaldes,0,0,0,0,0,0,0.31,1,2,0.8,1.6,0,,,0.4366666666666667,0,,,0.2666666666666667,,,,,,2026-08-15T14:50:34.163072+00:00,,,,,,,,,,,,,,,,,,,,,,,,,,
22734,uefa.champions_qual,Jablonec,1,1,0,1,0,0,1.0,2,0,2.0,0.0,1,,,1.0,0,,,0.0,,,,,2026-07-30,2026-08-15T14:50:34.163072+00:00,,,,,,,,,,,,,,,,,,,,,,,,,,
22735,uefa.champions_qual,Jagiellonia Bialystok,0,0,0,0,0,0,0.335,1,1,1.43,1.23,0,,,0.45333333333333337,0,,,0.2833333333333334,,,,,,2026-08-15T14:50:34.163072+00:00,,,,,,,,,,,,,,,,,,,,,,,,,,
22736,uefa.champions_qual,KAA Gent,0,0,0,0,0,0,0.335,1,1,1.43,1.23,0,,,0.45333333333333337,0,,,0.2833333333333334,,,,,,2026-08-15T14:50:34.163072+00:00,,,,,,,,,,,,,,,,,,,,,,,,,,
22737,uefa.champions_qual,KF Shkëndija,0,0,0,0,0,0,0.32,1,1,1.05,1.45,0,,,0.44333333333333336,0,,,0.2733333333333334,,,,,,2026-08-15T14:50:34.163072+00:00,,,,,,,,,,,,,,,,,,,,,,,,,,
22738,uefa.champions_qual,KI Klaksvik,0,0,0,0,0,0,0.32,1,1,1.05,1.45,0,,,0.44333333333333336,0,,,0.2733333333333334,,,,,,2026-08-15T14:50:34.163072+00:00,,,,,,,,,,,,,,,,,,,,,,,,,,
22739,uefa.champions_qual,Kairat Almaty,1,0,1,0,0,1,0.0,0,1,0.0,1.0,0,,,0.0,0,,,0.0,,,,,2026-08-04,2026-08-15T14:50:34.163072+00:00,,,,,,,,,,,,,,,,,,,,,,,,,,
22740,uefa.champions_qual,Kauno Zalgiris,1,0,1,0,0,1,0.0,0,5,0.0,5.0,0,,,0.0,0,,,0.0,,,,,2026-08-04,2026-08-15T14:50:34.163072+00:00,,,,,,,,,,,,,,,,,,,,,,,,,,
22741,uefa.champions_qual,KuPS Kuopio,0,0,0,0,0,0,0.325,1,1,1.18,1.38,0,,,0.44666666666666666,0,,,0.27666666666666667,,,,,,2026-08-15T14:50:34.163072+00:00,,,,,,,,,,,,,,,,,,,,,,,,,,
22742,uefa.champions_qual,LASK Linz,0,0,0,0,0,0,0.34,2,1,1.55,1.15,0,,,0.45666666666666667,0,,,0.2866666666666667,,,,,,2026-08-15T14:50:34.163072+00:00,,,,,,,,,,,,,,,,,,,,,,,,,,
22743,uefa.champions_qual,Larne,1,1,0,0,1,0,0.0,0,0,0.0,0.0,0,,,0.0,0,,,0.0,,,,,2026-08-04,2026-08-15T14:50:34.163072+00:00,,,,,,,,,,,,,,,,,,,,,,,,,,
22744,uefa.champions_qual,Lech Poznan,1,0,1,1,0,0,1.0,5,0,5.0,0.0,0,,,0.0,1,,,1.0,,,,,2026-08-14,2026-08-15T14:50:34.163072+00:00,,,,,,,,,,,,,,,,,,,,,,,,,,
22745,uefa.champions_qual,Levski Sofia,1,1,0,1,0,0,1.0,1,0,1.0,0.0,1,,,1.0,0,,,0.0,,,,,2026-08-04,2026-08-15T14:50:34.163072+00:00,,,,,,,,,,,,,,,,,,,,,,,,,,
22746,uefa.champions_qual,Lillestrom,0,0,0,0,0,0,0.33,1,1,1.3,1.3,0,,,0.45,0,,,0.28,,,,,,2026-08-15T14:50:34.163072+00:00,,,,,,,,,,,,,,,,,,,,,,,,,,
22747,uefa.champions_qual,Lincoln Red Imps,2,1,1,0,1,1,0.0,0,1,0.0,0.5,0,,,0.0,0,,,0.0,,,,,2026-08-13,2026-08-15T14:50:34.163072+00:00,,,,,,,,,,,,,,,,,,,,,,,,,,
22748,uefa.champions_qual,Lyon,2,1,1,1,0,1,0.5,4,2,2.0,1.0,1,,,1.0,0,,,0.0,,,,,2026-08-11,2026-08-15T14:50:34.163072+00:00,,,,,,,,,,,,,,,,,,,,,,,,,,
22749,uefa.champions_qual,ML Vitebsk,1,0,1,1,0,0,1.0,2,1,2.0,1.0,0,,,0.0,1,,,1.0,,,,,2026-07-30,2026-08-15T14:50:34.163072+00:00,,,,,,,,,,,,,,,,,,,,,,,,,,
22750,uefa.champions_qual,Maccabi Tel-Aviv,0,0,0,0,0,0,0.33,1,1,1.3,1.3,0,,,0.45,0,,,0.28,,,,,,2026-08-15T14:50:34.163072+00:00,,,,,,,,,,,,,,,,,,,,,,,,,,
22751,uefa.champions_qual,Mjällby AIF,29,10,19,9,12,8,0.31,33,35,1.138,1.207,3,,,0.3,6,,,0.316,,,,,2026-08-11,2026-08-15T14:50:34.163072+00:00,,,,,,,,,,,,,,,,,,,,,,,,,,
22752,uefa.champions_qual,Motherwell,1,0,1,1,0,0,1.0,3,0,3.0,0.0,0,,,0.0,1,,,1.0,,,,,2026-07-30,2026-08-15T14:50:34.163072+00:00,,,,,,,,,,,,,,,,,,,,,,,,,,
22753,uefa.champions_qual,NEC Nijmegen,1,0,1,0,1,0,0.0,0,0,0.0,0.0,0,,,0.0,0,,,0.0,,,,,2026-08-04,2026-08-15T14:50:34.163072+00:00,,,,,,,,,,,,,,,,,,,,,,,,,,
22754,uefa.champions_qual,NK Celje,2,1,1,1,0,1,0.5,3,2,1.5,1.0,1,,,1.0,0,,,0.0,,,,,2026-08-11,2026-08-15T14:50:34.163072+00:00,,,,,,,,,,,,,,,,,,,,,,,,,,
22755,uefa.champions_qual,NSI Runavik,1,0,1,1,0,0,1.0,3,1,3.0,1.0,0,,,0.0,1,,,1.0,,,,,2026-07-30,2026-08-15T14:50:34.163072+00:00,,,,,,,,,,,,,,,,,,,,,,,,,,
22756,uefa.champions_qual,OFI Crete,0,0,0,0,0,0,0.325,1,1,1.18,1.38,0,,,0.44666666666666666,0,,,0.27666666666666667,,,,,,2026-08-15T14:50:34.163072+00:00,,,,,,,,,,,,,,,,,,,,,,,,,,
22757,uefa.champions_qual,Olympiacos,1,1,0,0,1,0,0.0,0,0,0.0,0.0,0,,,0.0,0,,,0.0,,,,,2026-08-04,2026-08-15T14:50:34.163072+00:00,,,,,,,,,,,,,,,,,,,,,,,,,,
22758,uefa.champions_qual,Omonia Nicosia,0,0,0,0,0,0,0.325,1,1,1.18,1.38,0,,,0.44666666666666666,0,,,0.27666666666666667,,,,,,2026-08-15T14:50:34.163072+00:00,,,,,,,,,,,,,,,,,,,,,,,,,,
22759,uefa.champions_qual,PAOK,4,2,2,2,0,2,0.5,7,6,1.75,1.5,1,,,0.5,1,,,0.5,,,,,2026-08-13,2026-08-15T14:50:34.163072+00:00,,,,,,,,,,,,,,,,,,,,,,,,,,
22760,uefa.champions_qual,Pafos,2,1,1,1,0,1,0.5,4,2,2.0,1.0,1,,,1.0,0,,,0.0,,,,,2026-07-30,2026-08-15T14:50:34.163072+00:00,,,,,,,,,,,,,,,,,,,,,,,,,,
22761,uefa.champions_qual,Paide Linnameeskond,0,0,0,0,0,0,0.32,1,1,1.05,1.45,0,,,0.44333333333333336,0,,,0.2733333333333334,,,,,,2026-08-15T14:50:34.163072+00:00,,,,,,,,,,,,,,,,,,,,,,,,,,
22762,uefa.champions_qual,Panathinaikos,1,1,0,0,1,0,0.0,2,2,2.0,2.0,0,,,0.0,0,,,0.0,,,,,2026-07-30,2026-08-15T14:50:34.163072+00:00,,,,,,,,,,,,,,,,,,,,,,,,,,
22763,uefa.champions_qual,Partizan Belgrade,0,0,0,0,0,0,0.34,2,1,1.55,1.15,0,,,0.45666666666666667,0,,,0.2866666666666667,,,,,,2026-08-15T14:50:34.163072+00:00,,,,,,,,,,,,,,,,,,,,,,,,,,
22764,uefa.champions_qual,RB Salzburg,0,0,0,0,0,0,0.33,1,1,1.3,1.3,0,,,0.45,0,,,0.28,,,,,,2026-08-15T14:50:34.163072+00:00,,,,,,,,,,,,,,,,,,,,,,,,,,
22765,uefa.champions_qual,Raków Czestochowa,0,0,0,0,0,0,0.34,2,1,1.55,1.15,0,,,0.45666666666666667,0,,,0.2866666666666667,,,,,,2026-08-15T14:50:34.163072+00:00,,,,,,,,,,,,,,,,,,,,,,,,,,
22766,uefa.champions_qual,Rangers,1,1,0,0,1,0,0.0,1,1,1.0,1.0,0,,,0.0,0,,,0.0,,,,,2026-08-13,2026-08-15T14:50:34.163072+00:00,,,,,,,,,,,,,,,,,,,,,,,,,,
22767,uefa.champions_qual,Rapid Vienna,0,0,0,0,0,0,0.34,2,1,1.55,1.15,0,,,0.45666666666666667,0,,,0.2866666666666667,,,,,,2026-08-15T14:50:34.163072+00:00,,,,,,,,,,,,,,,,,,,,,,,,,,
22768,uefa.champions_qual,Red Star Belgrade,1,0,1,0,0,1,0.0,0,1,0.0,1.0,0,,,0.0,0,,,0.0,,,,,2026-08-04,2026-08-15T14:50:34.163072+00:00,,,,,,,,,,,,,,,,,,,,,,,,,,
22769,uefa.champions_qual,Riga FC,0,0,0,0,0,0,0.325,1,1,1.18,1.38,0,,,0.44666666666666666,0,,,0.27666666666666667,,,,,,2026-08-15T14:50:34.163072+00:00,,,,,,,,,,,,,,,,,,,,,,,,,,
22770,uefa.champions_qual,Rigas Futbola Skola,0,0,0,0,0,0,0.325,1,1,1.18,1.38,0,,,0.44666666666666666,0,,,0.27666666666666667,,,,,,2026-08-15T14:50:34.163072+00:00,,,,,,,,,,,,,,,,,,,,,,,,,,
22771,uefa.champions_qual,Rijeka,1,0,1,1,0,0,1.0,1,0,1.0,0.0,0,,,0.0,1,,,1.0,,,,,2026-07-30,2026-08-15T14:50:34.163072+00:00,,,,,,,,,,,,,,,,,,,,,,,,,,
22772,uefa.champions_qual,SC Freiburg,22,11,11,6,7,9,0.273,31,39,1.409,1.773,4,,,0.364,2,,,0.182,,,,,2026-05-16,2026-08-15T14:50:34.163072+00:00,,,,,,,,,,,,,,,,,,,,,,,,,,
22773,uefa.champions_qual,SK Brann,0,0,0,0,0,0,0.335,1,1,1.43,1.23,0,,,0.45333333333333337,0,,,0.2833333333333334,,,,,,2026-08-15T14:50:34.163072+00:00,,,,,,,,,,,,,,,,,,,,,,,,,,
22774,uefa.champions_qual,SK Sturm Graz,0,0,0,0,0,0,0.34,2,1,1.55,1.15,0,,,0.45666666666666667,0,,,0.2866666666666667,,,,,,2026-08-15T14:50:34.163072+00:00,,,,,,,,,,,,,,,,,,,,,,,,,,
22775,uefa.champions_qual,Sabah FK,0,0,0,0,0,0,0.325,1,1,1.18,1.38,0,,,0.44666666666666666,0,,,0.27666666666666667,,,,,,2026-08-15T14:50:34.163072+00:00,,,,,,,,,,,,,,,,,,,,,,,,,,
22776,uefa.champions_qual,Shamrock Rovers,1,1,0,1,0,0,1.0,3,1,3.0,1.0,1,,,1.0,0,,,0.0,,,,,2026-08-04,2026-08-15T14:50:34.163072+00:00,,,,,,,,,,,,,,,,,,,,,,,,,,
22777,uefa.champions_qual,Shelbourne,1,0,1,0,0,1,0.0,1,2,1.0,2.0,0,,,0.0,0,,,0.0,,,,,2026-07-30,2026-08-15T14:50:34.163072+00:00,,,,,,,,,,,,,,,,,,,,,,,,,,
22778,uefa.champions_qual,Sheriff Tiraspol,1,1,0,0,0,1,0.0,0,5,0.0,5.0,0,,,0.0,0,,,0.0,,,,,2026-07-23,2026-08-15T14:50:34.163072+00:00,,,,,,,,,,,,,,,,,,,,,,,,,,
22779,uefa.champions_qual,Sint-Truidense,0,0,0,0,0,0,0.33,1,1,1.3,1.3,0,,,0.45,0,,,0.28,,,,,,2026-08-15T14:50:34.163072+00:00,,,,,,,,,,,,,,,,,,,,,,,,,,
22780,uefa.champions_qual,Slovan Bratislava,2,1,1,2,0,0,1.0,4,1,2.0,0.5,1,,,1.0,1,,,1.0,,,,,2026-08-11,2026-08-15T14:50:34.163072+00:00,,,,,,,,,,,,,,,,,,,,,,,,,,
22781,uefa.champions_qual,Sparta Prague,1,1,0,1,0,0,1.0,2,1,2.0,1.0,1,,,1.0,0,,,0.0,,,,,2026-08-04,2026-08-15T14:50:34.163072+00:00,,,,,,,,,,,,,,,,,,,,,,,,,,
22782,uefa.champions_qual,St. Gallen,2,1,1,1,0,1,0.5,2,6,1.0,3.0,1,,,1.0,0,,,0.0,,,,,2026-07-30,2026-08-15T14:50:34.163072+00:00,,,,,,,,,,,,,,,,,,,,,,,,,,
22783,uefa.champions_qual,Tobol Kostanay,0,0,0,0,0,0,0.325,1,1,1.18,1.38,0,,,0.44666666666666666,0,,,0.27666666666666667,,,,,,2026-08-15T14:50:34.163072+00:00,,,,,,,,,,,,,,,,,,,,,,,,,,
22784,uefa.champions_qual,Trabzonspor,0,0,0,0,0,0,0.34,2,1,1.55,1.15,0,,,0.45666666666666667,0,,,0.2866666666666667,,,,,,2026-08-15T14:50:34.163072+00:00,,,,,,,,,,,,,,,,,,,,,,,,,,
22785,uefa.champions_qual,Tre Fiori,0,0,0,0,0,0,0.31,1,2,0.8,1.6,0,,,0.4366666666666667,0,,,0.2666666666666667,,,,,,2026-08-15T14:50:34.163072+00:00,,,,,,,,,,,,,,,,,,,,,,,,,,
22786,uefa.champions_qual,Tromso,2,1,1,0,0,2,0.0,1,4,0.5,2.0,0,,,0.0,0,,,0.0,,,,,2026-07-30,2026-08-15T14:50:34.163072+00:00,,,,,,,,,,,,,,,,,,,,,,,,,,
22787,uefa.champions_qual,Union St.-Gilloise,1,1,0,0,1,0,0.0,3,3,3.0,3.0,0,,,0.0,0,,,0.0,,,,,2026-08-04,2026-08-15T14:50:34.163072+00:00,,,,,,,,,,,,,,,,,,,,,,,,,,
22788,uefa.champions_qual,Valur Reykjavik,0,0,0,0,0,0,0.32,1,1,1.05,1.45,0,,,0.44333333333333336,0,,,0.2733333333333334,,,,,,2026-08-15T14:50:34.163072+00:00,,,,,,,,,,,,,,,,,,,,,,,,,,
22789,uefa.champions_qual,Viking FK,0,0,0,0,0,0,0.33,1,1,1.3,1.3,0,,,0.45,0,,,0.28,,,,,,2026-08-15T14:50:34.163072+00:00,,,,,,,,,,,,,,,,,,,,,,,,,,
22790,uefa.champions_qual,Vikingur Reykjavik,0,0,0,0,0,0,0.32,1,1,1.05,1.45,0,,,0.44333333333333336,0,,,0.2733333333333334,,,,,,2026-08-15T14:50:34.163072+00:00,,,,,,,,,,,,,,,,,,,,,,,,,,
22791,uefa.champions_qual,Viktoria Plzen,0,0,0,0,0,0,0.34,2,1,1.55,1.15,0,,,0.45666666666666667,0,,,0.2866666666666667,,,,,,2026-08-15T14:50:34.163072+00:00,,,,,,,,,,,,,,,,,,,,,,,,,,
22792,uefa.champions_qual,Zalgiris Vilnius,0,0,0,0,0,0,0.33,1,1,1.3,1.3,0,,,0.45,0,,,0.28,,,,,,2026-08-15T14:50:34.163072+00:00,,,,,,,,,,,,,,,,,,,,,,,,,,
22793,uefa.europa_qual,AEK Athens,0,0,0,0,0,0,0.35000000000000003,2,1,1.8,1.0,0,,,0.4633333333333333,0,,,0.29333333333333333,,,,,,2026-08-15T14:50:34.163072+00:00,,,,,,,,,,,,,,,,,,,,,,,,,,
22794,uefa.europa_qual,AGF,0,0,0,0,0,0,0.335,1,1,1.43,1.23,0,,,0.45333333333333337,0,,,0.2833333333333334,,,,,,2026-08-15T14:50:34.163072+00:00,,,,,,,,,,,,,,,,,,,,,,,,,,
22795,uefa.europa_qual,AS Monaco,12,6,6,5,2,5,0.417,17,16,1.417,1.333,3,,,0.5,2,,,0.333,,,,,2026-05-10,2026-08-15T14:50:34.163072+00:00,,,,,,,,,,,,,,,,,,,,,,,,,,
22796,uefa.europa_qual,Ajax Amsterdam,0,0,0,0,0,0,0.35000000000000003,2,1,1.8,1.0,0,,,0.4633333333333333,0,,,0.29333333333333333,,,,,,2026-08-15T14:50:34.163072+00:00,,,,,,,,,,,,,,,,,,,,,,,,,,
22797,uefa.europa_qual,Anderlecht,5,2,3,3,2,0,0.6,9,5,1.8,1.0,2,,,1.0,1,,,0.333,,,,,2026-08-13,2026-08-15T14:50:34.163072+00:00,,,,,,,,,,,,,,,,,,,,,,,,,,
22798,uefa.europa_qual,Ararat-Armenia,1,1,0,1,0,0,1.0,2,1,2.0,1.0,1,,,1.0,0,,,0.0,,,,,2026-08-04,2026-08-15T14:50:34.163072+00:00,,,,,,,,,,,,,,,,,,,,,,,,,,
22799,uefa.europa_qual,Atalanta,34,17,17,15,11,8,0.441,49,33,1.441,0.971,9,,,0.529,6,,,0.353,,,,,2026-05-22,2026-08-15T14:50:34.163072+00:00,,,,,,,,,,,,,,,,,,,,,,,,,,
22800,uefa.europa_qual,Austria Vienna,1,1,0,1,0,0,1.0,3,1,3.0,1.0,1,,,1.0,0,,,0.0,,,,,2026-07-30,2026-08-15T14:50:34.163072+00:00,,,,,,,,,,,,,,,,,,,,,,,,,,
22801,uefa.europa_qual,Beitar Jerusalem,1,1,0,0,0,1,0.0,2,3,2.0,3.0,0,,,0.0,0,,,0.0,,,,,2026-07-30,2026-08-15T14:50:34.163072+00:00,,,,,,,,,,,,,,,,,,,,,,,,,,
22802,uefa.europa_qual,Benfica,5,2,3,2,1,2,0.4,14,6,2.8,1.2,2,,,1.0,0,,,0.0,,,,,2026-08-13,2026-08-15T14:50:34.163072+00:00,,,,,,,,,,,,,,,,,,,,,,,,,,
22803,uefa.europa_qual,Besiktas,4,2,2,4,0,0,1.0,5,0,1.25,0.0,2,,,1.0,2,,,1.0,,,,,2026-08-13,2026-08-15T14:50:34.163072+00:00,,,,,,,,,,,,,,,,,,,,,,,,,,
22804,uefa.europa_qual,Bodo/Glimt,1,0,1,0,1,0,0.0,3,3,3.0,3.0,0,,,0.0,0,,,0.0,,,,,2026-08-04,2026-08-15T14:50:34.163072+00:00,,,,,,,,,,,,,,,,,,,,,,,,,,
22805,uefa.europa_qual,Bohemians,1,0,1,0,0,1,0.0,2,3,2.0,3.0,0,,,0.0,0,,,0.0,,,,,2026-07-30,2026-08-15T14:50:34.163072+00:00,,,,,,,,,,,,,,,,,,,,,,,,,,
22806,uefa.europa_qual,Borac Banja Luka,1,0,1,0,1,0,0.0,3,3,3.0,3.0,0,,,0.0,0,,,0.0,,,,,2026-07-30,2026-08-15T14:50:34.163072+00:00,,,,,,,,,,,,,,,,,,,,,,,,,,
22807,uefa.europa_qual,Braga,1,1,0,1,0,0,1.0,4,0,4.0,0.0,1,,,1.0,0,,,0.0,,,,,2026-07-30,2026-08-15T14:50:34.163072+00:00,,,,,,,,,,,,,,,,,,,,,,,,,,
22808,uefa.europa_qual,Brighton & Hove Albion,36,18,18,12,11,13,0.333,48,45,1.333,1.25,8,,,0.444,4,,,0.222,,,,,2026-05-24,2026-08-15T14:50:34.163072+00:00,,,,,,,,,,,,,,,,,,,,,,,,,,
22809,uefa.europa_qual,CFR Cluj-Napoca,0,0,0,0,0,0,0.33,1,1,1.3,1.3,0,,,0.45,0,,,0.28,,,,,,2026-08-15T14:50:34.163072+00:00,,,,,,,,,,,,,,,,,,,,,,,,,,
22810,uefa.europa_qual,CSKA Sofia,3,2,1,0,2,1,0.0,1,3,0.333,1.0,0,,,0.0,0,,,0.0,,,,,2026-08-13,2026-08-15T14:50:34.163072+00:00,,,,,,,,,,,,,,,,,,,,,,,,,,
22811,uefa.europa_qual,CSU Craiova,0,0,0,0,0,0,0.325,1,1,1.18,1.38,0,,,0.44666666666666666,0,,,0.27666666666666667,,,,,,2026-08-15T14:50:34.163072+00:00,,,,,,,,,,,,,,,,,,,,,,,,,,
22812,uefa.europa_qual,Celtic,0,0,0,0,0,0,0.35500000000000004,2,1,1.93,0.93,0,,,0.4666666666666667,0,,,0.2966666666666667,,,,,,2026-08-15T14:50:34.163072+00:00,,,,,,,,,,,,,,,,,,,,,,,,,,
22813,uefa.europa_qual,Debrecen,1,0,1,0,1,0,0.0,0,0,0.0,0.0,0,,,0.0,0,,,0.0,,,,,2026-07-30,2026-08-15T14:50:34.163072+00:00,,,,,,,,,,,,,,,,,,,,,,,,,,
22814,uefa.europa_qual,Dinamo City,1,0,1,0,0,1,0.0,0,1,0.0,1.0,0,,,0.0,0,,,0.0,,,,,2026-08-04,2026-08-15T14:50:34.163072+00:00,,,,,,,,,,,,,,,,,,,,,,,,,,
22815,uefa.europa_qual,Dinamo Minsk,0,0,0,0,0,0,0.33,1,1,1.3,1.3,0,,,0.45,0,,,0.28,,,,,,2026-08-15T14:50:34.163072+00:00,,,,,,,,,,,,,,,,,,,,,,,,,,
22816,uefa.europa_qual,Dinamo Zagreb,1,1,0,1,0,0,1.0,5,0,5.0,0.0,1,,,1.0,0,,,0.0,,,,,2026-08-04,2026-08-15T14:50:34.163072+00:00,,,,,,,,,,,,,,,,,,,,,,,,,,
22817,uefa.europa_qual,Drita Gjilan,0,0,0,0,0,0,0.32,1,1,1.05,1.45,0,,,0.44333333333333336,0,,,0.2733333333333334,,,,,,2026-08-15T14:50:34.163072+00:00,,,,,,,,,,,,,,,,,,,,,,,,,,
22818,uefa.europa_qual,Dunajska Streda,0,0,0,0,0,0,0.33,1,1,1.3,1.3,0,,,0.45,0,,,0.28,,,,,,2026-08-15T14:50:34.163072+00:00,,,,,,,,,,,,,,,,,,,,,,,,,,
22819,uefa.europa_qual,Dynamo Kyiv,1,1,0,0,0,1,0.0,2,3,2.0,3.0,0,,,0.0,0,,,0.0,,,,,2026-07-23,2026-08-15T14:50:34.163072+00:00,,,,,,,,,,,,,,,,,,,,,,,,,,
22820,uefa.europa_qual,Egnatia,1,0,1,0,0,1,0.0,1,3,1.0,3.0,0,,,0.0,0,,,0.0,,,,,2026-08-04,2026-08-15T14:50:34.163072+00:00,,,,,,,,,,,,,,,,,,,,,,,,,,
22821,uefa.europa_qual,F.C. København,0,0,0,0,0,0,0.35000000000000003,2,1,1.8,1.0,0,,,0.4633333333333333,0,,,0.29333333333333333,,,,,,2026-08-15T14:50:34.163072+00:00,,,,,,,,,,,,,,,,,,,,,,,,,,
22822,uefa.europa_qual,FC Hradec Králové,0,0,0,0,0,0,0.33,1,1,1.3,1.3,0,,,0.45,0,,,0.28,,,,,,2026-08-15T14:50:34.163072+00:00,,,,,,,,,,,,,,,,,,,,,,,,,,
22823,uefa.europa_qual,FC Ilves,0,0,0,0,0,0,0.325,1,1,1.18,1.38,0,,,0.44666666666666666,0,,,0.27666666666666667,,,,,,2026-08-15T14:50:34.163072+00:00,,,,,,,,,,,,,,,,,,,,,,,,,,
22824,uefa.europa_qual,FC Inter Turku,0,0,0,0,0,0,0.325,1,1,1.18,1.38,0,,,0.44666666666666666,0,,,0.27666666666666667,,,,,,2026-08-15T14:50:34.163072+00:00,,,,,,,,,,,,,,,,,,,,,,,,,,
22825,uefa.europa_qual,FC Lugano,0,0,0,0,0,0,0.335,1,1,1.43,1.23,0,,,0.45333333333333337,0,,,0.2833333333333334,,,,,,2026-08-15T14:50:34.163072+00:00,,,,,,,,,,,,,,,,,,,,,,,,,,
22826,uefa.europa_qual,FC Midtjylland,1,0,1,0,0,1,0.0,0,1,0.0,1.0,0,,,0.0,0,,,0.0,,,,,2026-07-23,2026-08-15T14:50:34.163072+00:00,,,,,,,,,,,,,,,,,,,,,,,,,,
22827,uefa.europa_qual,FC Noah,0,0,0,0,0,0,0.325,1,1,1.18,1.38,0,,,0.44666666666666666,0,,,0.27666666666666667,,,,,,2026-08-15T14:50:34.163072+00:00,,,,,,,,,,,,,,,,,,,,,,,,,,
22828,uefa.europa_qual,FC Nordsjælland,0,0,0,0,0,0,0.335,1,1,1.43,1.23,0,,,0.45333333333333337,0,,,0.2833333333333334,,,,,,2026-08-15T14:50:34.163072+00:00,,,,,,,,,,,,,,,,,,,,,,,,,,
22829,uefa.europa_qual,FC Sion,0,0,0,0,0,0,0.33,1,1,1.3,1.3,0,,,0.45,0,,,0.28,,,,,,2026-08-15T14:50:34.163072+00:00,,,,,,,,,,,,,,,,,,,,,,,,,,
22830,uefa.europa_qual,FC Thun,2,1,1,1,0,1,0.5,5,3,2.5,1.5,1,,,1.0,0,,,0.0,,,,,2026-08-13,2026-08-15T14:50:34.163072+00:00,,,,,,,,,,,,,,,,,,,,,,,,,,
22831,uefa.europa_qual,FC Twente,0,0,0,0,0,0,0.335,1,1,1.43,1.23,0,,,0.45333333333333337,0,,,0.2833333333333334,,,,,,2026-08-15T14:50:34.163072+00:00,,,,,,,,,,,,,,,,,,,,,,,,,,
22832,uefa.europa_qual,FC Vaduz,0,0,0,0,0,0,0.32,1,1,1.05,1.45,0,,,0.44333333333333336,0,,,0.2733333333333334,,,,,,2026-08-15T14:50:34.163072+00:00,,,,,,,,,,,,,,,,,,,,,,,,,,
22833,uefa.europa_qual,FK Auda,1,1,0,1,0,0,1.0,1,0,1.0,0.0,1,,,1.0,0,,,0.0,,,,,2026-08-04,2026-08-15T14:50:34.163072+00:00,,,,,,,,,,,,,,,,,,,,,,,,,,
22834,uefa.europa_qual,FK Qarabag,0,0,0,0,0,0,0.335,1,1,1.43,1.23,0,,,0.45333333333333337,0,,,0.2833333333333334,,,,,,2026-08-15T14:50:34.163072+00:00,,,,,,,,,,,,,,,,,,,,,,,,,,
22835,uefa.europa_qual,Fenerbahce,0,0,0,0,0,0,0.35500000000000004,2,1,1.93,0.93,0,,,0.4666666666666667,0,,,0.2966666666666667,,,,,,2026-08-15T14:50:34.163072+00:00,,,,,,,,,,,,,,,,,,,,,,,,,,
22836,uefa.europa_qual,Ferencvaros,3,1,2,1,2,0,0.333,5,4,1.667,1.333,0,,,0.0,1,,,0.5,,,,,2026-08-13,2026-08-15T14:50:34.163072+00:00,,,,,,,,,,,,,,,,,,,,,,,,,,
22837,uefa.europa_qual,Flora,1,0,1,0,0,1,0.0,0,1,0.0,1.0,0,,,0.0,0,,,0.0,,,,,2026-07-30,2026-08-15T14:50:34.163072+00:00,,,,,,,,,,,,,,,,,,,,,,,,,,
22838,uefa.europa_qual,GKS Katowice,1,1,0,1,0,0,1.0,3,1,3.0,1.0,1,,,1.0,0,,,0.0,,,,,2026-07-30,2026-08-15T14:50:34.163072+00:00,,,,,,,,,,,,,,,,,,,,,,,,,,
22839,uefa.europa_qual,Getafe,30,15,15,12,3,15,0.4,25,35,0.833,1.167,7,,,0.467,5,,,0.333,,,,,2026-05-23,2026-08-15T14:50:34.163072+00:00,,,,,,,,,,,,,,,,,,,,,,,,,,
22840,uefa.europa_qual,Gornik Zabrze,1,1,0,0,1,0,0.0,1,1,1.0,1.0,0,,,0.0,0,,,0.0,,,,,2026-08-13,2026-08-15T14:50:34.163072+00:00,,,,,,,,,,,,,,,,,,,,,,,,,,
22841,uefa.europa_qual,Györi ETO FC,0,0,0,0,0,0,0.33,1,1,1.3,1.3,0,,,0.45,0,,,0.28,,,,,,2026-08-15T14:50:34.163072+00:00,,,,,,,,,,,,,,,,,,,,,,,,,,
22842,uefa.europa_qual,HJK Helsinki,0,0,0,0,0,0,0.33,1,1,1.3,1.3,0,,,0.45,0,,,0.28,,,,,,2026-08-15T14:50:34.163072+00:00,,,,,,,,,,,,,,,,,,,,,,,,,,
22843,uefa.europa_qual,Hajduk Split,2,1,1,1,0,1,0.5,2,4,1.0,2.0,1,,,1.0,0,,,0.0,,,,,2026-07-30,2026-08-15T14:50:34.163072+00:00,,,,,,,,,,,,,,,,,,,,,,,,,,
22844,uefa.europa_qual,Hammarby IF,28,15,13,14,8,6,0.5,49,25,1.75,0.893,9,,,0.6,5,,,0.385,,,,,2026-07-23,2026-08-15T14:50:34.163072+00:00,,,,,,,,,,,,,,,,,,,,,,,,,,
22845,uefa.europa_qual,Hapoel Be'er,1,1,0,1,0,0,1.0,1,0,1.0,0.0,1,,,1.0,0,,,0.0,,,,,2026-08-04,2026-08-15T14:50:34.163072+00:00,,,,,,,,,,,,,,,,,,,,,,,,,,
22846,uefa.europa_qual,Hapoel Tel Aviv,1,0,1,0,1,0,0.0,2,2,2.0,2.0,0,,,0.0,0,,,0.0,,,,,2026-07-30,2026-08-15T14:50:34.163072+00:00,,,,,,,,,,,,,,,,,,,,,,,,,,
22847,uefa.europa_qual,Heart of Midlothian,0,0,0,0,0,0,0.33,1,1,1.3,1.3,0,,,0.45,0,,,0.28,,,,,,2026-08-15T14:50:34.163072+00:00,,,,,,,,,,,,,,,,,,,,,,,,,,
22848,uefa.europa_qual,Hibernian,1,1,0,1,0,0,1.0,4,1,4.0,1.0,1,,,1.0,0,,,0.0,,,,,2026-07-30,2026-08-15T14:50:34.163072+00:00,,,,,,,,,,,,,,,,,,,,,,,,,,
22849,uefa.europa_qual,IFK Göteborg,26,12,14,6,10,10,0.231,35,40,1.346,1.538,2,,,0.167,4,,,0.286,,,,,2026-07-01,2026-08-15T14:50:34.163072+00:00,,,,,,,,,,,,,,,,,,,,,,,,,,
22850,uefa.europa_qual,Iberia 1999,1,0,1,0,1,0,0.0,0,0,0.0,0.0,0,,,0.0,0,,,0.0,,,,,2026-08-04,2026-08-15T14:50:34.163072+00:00,,,,,,,,,,,,,,,,,,,,,,,,,,
22851,uefa.europa_qual,Inter D'Escaldes,0,0,0,0,0,0,0.31,1,2,0.8,1.6,0,,,0.4366666666666667,0,,,0.2666666666666667,,,,,,2026-08-15T14:50:34.163072+00:00,,,,,,,,,,,,,,,,,,,,,,,,,,
22852,uefa.europa_qual,Jablonec,1,1,0,1,0,0,1.0,2,0,2.0,0.0,1,,,1.0,0,,,0.0,,,,,2026-07-30,2026-08-15T14:50:34.163072+00:00,,,,,,,,,,,,,,,,,,,,,,,,,,
22853,uefa.europa_qual,Jagiellonia Bialystok,0,0,0,0,0,0,0.335,1,1,1.43,1.23,0,,,0.45333333333333337,0,,,0.2833333333333334,,,,,,2026-08-15T14:50:34.163072+00:00,,,,,,,,,,,,,,,,,,,,,,,,,,
22854,uefa.europa_qual,KAA Gent,0,0,0,0,0,0,0.335,1,1,1.43,1.23,0,,,0.45333333333333337,0,,,0.2833333333333334,,,,,,2026-08-15T14:50:34.163072+00:00,,,,,,,,,,,,,,,,,,,,,,,,,,
22855,uefa.europa_qual,KF Shkëndija,0,0,0,0,0,0,0.32,1,1,1.05,1.45,0,,,0.44333333333333336,0,,,0.2733333333333334,,,,,,2026-08-15T14:50:34.163072+00:00,,,,,,,,,,,,,,,,,,,,,,,,,,
22856,uefa.europa_qual,KI Klaksvik,0,0,0,0,0,0,0.32,1,1,1.05,1.45,0,,,0.44333333333333336,0,,,0.2733333333333334,,,,,,2026-08-15T14:50:34.163072+00:00,,,,,,,,,,,,,,,,,,,,,,,,,,
22857,uefa.europa_qual,Kairat Almaty,1,0,1,0,0,1,0.0,0,1,0.0,1.0,0,,,0.0,0,,,0.0,,,,,2026-08-04,2026-08-15T14:50:34.163072+00:00,,,,,,,,,,,,,,,,,,,,,,,,,,
22858,uefa.europa_qual,Kauno Zalgiris,1,0,1,0,0,1,0.0,0,5,0.0,5.0,0,,,0.0,0,,,0.0,,,,,2026-08-04,2026-08-15T14:50:34.163072+00:00,,,,,,,,,,,,,,,,,,,,,,,,,,
22859,uefa.europa_qual,KuPS Kuopio,0,0,0,0,0,0,0.325,1,1,1.18,1.38,0,,,0.44666666666666666,0,,,0.27666666666666667,,,,,,2026-08-15T14:50:34.163072+00:00,,,,,,,,,,,,,,,,,,,,,,,,,,
22860,uefa.europa_qual,LASK Linz,0,0,0,0,0,0,0.34,2,1,1.55,1.15,0,,,0.45666666666666667,0,,,0.2866666666666667,,,,,,2026-08-15T14:50:34.163072+00:00,,,,,,,,,,,,,,,,,,,,,,,,,,
22861,uefa.europa_qual,Larne,1,1,0,0,1,0,0.0,0,0,0.0,0.0,0,,,0.0,0,,,0.0,,,,,2026-08-04,2026-08-15T14:50:34.163072+00:00,,,,,,,,,,,,,,,,,,,,,,,,,,
22862,uefa.europa_qual,Lech Poznan,1,0,1,1,0,0,1.0,5,0,5.0,0.0,0,,,0.0,1,,,1.0,,,,,2026-08-14,2026-08-15T14:50:34.163072+00:00,,,,,,,,,,,,,,,,,,,,,,,,,,
22863,uefa.europa_qual,Levski Sofia,1,1,0,1,0,0,1.0,1,0,1.0,0.0,1,,,1.0,0,,,0.0,,,,,2026-08-04,2026-08-15T14:50:34.163072+00:00,,,,,,,,,,,,,,,,,,,,,,,,,,
22864,uefa.europa_qual,Lillestrom,0,0,0,0,0,0,0.33,1,1,1.3,1.3,0,,,0.45,0,,,0.28,,,,,,2026-08-15T14:50:34.163072+00:00,,,,,,,,,,,,,,,,,,,,,,,,,,
22865,uefa.europa_qual,Lincoln Red Imps,2,1,1,0,1,1,0.0,0,1,0.0,0.5,0,,,0.0,0,,,0.0,,,,,2026-08-13,2026-08-15T14:50:34.163072+00:00,,,,,,,,,,,,,,,,,,,,,,,,,,
22866,uefa.europa_qual,Lyon,2,1,1,1,0,1,0.5,4,2,2.0,1.0,1,,,1.0,0,,,0.0,,,,,2026-08-11,2026-08-15T14:50:34.163072+00:00,,,,,,,,,,,,,,,,,,,,,,,,,,
22867,uefa.europa_qual,ML Vitebsk,1,0,1,1,0,0,1.0,2,1,2.0,1.0,0,,,0.0,1,,,1.0,,,,,2026-07-30,2026-08-15T14:50:34.163072+00:00,,,,,,,,,,,,,,,,,,,,,,,,,,
22868,uefa.europa_qual,Maccabi Tel-Aviv,0,0,0,0,0,0,0.33,1,1,1.3,1.3,0,,,0.45,0,,,0.28,,,,,,2026-08-15T14:50:34.163072+00:00,,,,,,,,,,,,,,,,,,,,,,,,,,
22869,uefa.europa_qual,Mjällby AIF,29,10,19,9,12,8,0.31,33,35,1.138,1.207,3,,,0.3,6,,,0.316,,,,,2026-08-11,2026-08-15T14:50:34.163072+00:00,,,,,,,,,,,,,,,,,,,,,,,,,,
22870,uefa.europa_qual,Motherwell,1,0,1,1,0,0,1.0,3,0,3.0,0.0,0,,,0.0,1,,,1.0,,,,,2026-07-30,2026-08-15T14:50:34.163072+00:00,,,,,,,,,,,,,,,,,,,,,,,,,,
22871,uefa.europa_qual,NEC Nijmegen,1,0,1,0,1,0,0.0,0,0,0.0,0.0,0,,,0.0,0,,,0.0,,,,,2026-08-04,2026-08-15T14:50:34.163072+00:00,,,,,,,,,,,,,,,,,,,,,,,,,,
22872,uefa.europa_qual,NK Celje,2,1,1,1,0,1,0.5,3,2,1.5,1.0,1,,,1.0,0,,,0.0,,,,,2026-08-11,2026-08-15T14:50:34.163072+00:00,,,,,,,,,,,,,,,,,,,,,,,,,,
22873,uefa.europa_qual,NSI Runavik,1,0,1,1,0,0,1.0,3,1,3.0,1.0,0,,,0.0,1,,,1.0,,,,,2026-07-30,2026-08-15T14:50:34.163072+00:00,,,,,,,,,,,,,,,,,,,,,,,,,,
22874,uefa.europa_qual,OFI Crete,0,0,0,0,0,0,0.325,1,1,1.18,1.38,0,,,0.44666666666666666,0,,,0.27666666666666667,,,,,,2026-08-15T14:50:34.163072+00:00,,,,,,,,,,,,,,,,,,,,,,,,,,
22875,uefa.europa_qual,Olympiacos,1,1,0,0,1,0,0.0,0,0,0.0,0.0,0,,,0.0,0,,,0.0,,,,,2026-08-04,2026-08-15T14:50:34.163072+00:00,,,,,,,,,,,,,,,,,,,,,,,,,,
22876,uefa.europa_qual,Omonia Nicosia,0,0,0,0,0,0,0.325,1,1,1.18,1.38,0,,,0.44666666666666666,0,,,0.27666666666666667,,,,,,2026-08-15T14:50:34.163072+00:00,,,,,,,,,,,,,,,,,,,,,,,,,,
22877,uefa.europa_qual,PAOK,4,2,2,2,0,2,0.5,7,6,1.75,1.5,1,,,0.5,1,,,0.5,,,,,2026-08-13,2026-08-15T14:50:34.163072+00:00,,,,,,,,,,,,,,,,,,,,,,,,,,
22878,uefa.europa_qual,Pafos,2,1,1,1,0,1,0.5,4,2,2.0,1.0,1,,,1.0,0,,,0.0,,,,,2026-07-30,2026-08-15T14:50:34.163072+00:00,,,,,,,,,,,,,,,,,,,,,,,,,,
22879,uefa.europa_qual,Paide Linnameeskond,0,0,0,0,0,0,0.32,1,1,1.05,1.45,0,,,0.44333333333333336,0,,,0.2733333333333334,,,,,,2026-08-15T14:50:34.163072+00:00,,,,,,,,,,,,,,,,,,,,,,,,,,
22880,uefa.europa_qual,Panathinaikos,1,1,0,0,1,0,0.0,2,2,2.0,2.0,0,,,0.0,0,,,0.0,,,,,2026-07-30,2026-08-15T14:50:34.163072+00:00,,,,,,,,,,,,,,,,,,,,,,,,,,
22881,uefa.europa_qual,Partizan Belgrade,0,0,0,0,0,0,0.34,2,1,1.55,1.15,0,,,0.45666666666666667,0,,,0.2866666666666667,,,,,,2026-08-15T14:50:34.163072+00:00,,,,,,,,,,,,,,,,,,,,,,,,,,
22882,uefa.europa_qual,RB Salzburg,0,0,0,0,0,0,0.33,1,1,1.3,1.3,0,,,0.45,0,,,0.28,,,,,,2026-08-15T14:50:34.163072+00:00,,,,,,,,,,,,,,,,,,,,,,,,,,
22883,uefa.europa_qual,Raków Czestochowa,0,0,0,0,0,0,0.34,2,1,1.55,1.15,0,,,0.45666666666666667,0,,,0.2866666666666667,,,,,,2026-08-15T14:50:34.163072+00:00,,,,,,,,,,,,,,,,,,,,,,,,,,
22884,uefa.europa_qual,Rangers,1,1,0,0,1,0,0.0,1,1,1.0,1.0,0,,,0.0,0,,,0.0,,,,,2026-08-13,2026-08-15T14:50:34.163072+00:00,,,,,,,,,,,,,,,,,,,,,,,,,,
22885,uefa.europa_qual,Rapid Vienna,0,0,0,0,0,0,0.34,2,1,1.55,1.15,0,,,0.45666666666666667,0,,,0.2866666666666667,,,,,,2026-08-15T14:50:34.163072+00:00,,,,,,,,,,,,,,,,,,,,,,,,,,
22886,uefa.europa_qual,Red Star Belgrade,1,0,1,0,0,1,0.0,0,1,0.0,1.0,0,,,0.0,0,,,0.0,,,,,2026-08-04,2026-08-15T14:50:34.163072+00:00,,,,,,,,,,,,,,,,,,,,,,,,,,
22887,uefa.europa_qual,Riga FC,0,0,0,0,0,0,0.325,1,1,1.18,1.38,0,,,0.44666666666666666,0,,,0.27666666666666667,,,,,,2026-08-15T14:50:34.163072+00:00,,,,,,,,,,,,,,,,,,,,,,,,,,
22888,uefa.europa_qual,Rigas Futbola Skola,0,0,0,0,0,0,0.325,1,1,1.18,1.38,0,,,0.44666666666666666,0,,,0.27666666666666667,,,,,,2026-08-15T14:50:34.163072+00:00,,,,,,,,,,,,,,,,,,,,,,,,,,
22889,uefa.europa_qual,Rijeka,1,0,1,1,0,0,1.0,1,0,1.0,0.0,0,,,0.0,1,,,1.0,,,,,2026-07-30,2026-08-15T14:50:34.163072+00:00,,,,,,,,,,,,,,,,,,,,,,,,,,
22890,uefa.europa_qual,SC Freiburg,22,11,11,6,7,9,0.273,31,39,1.409,1.773,4,,,0.364,2,,,0.182,,,,,2026-05-16,2026-08-15T14:50:34.163072+00:00,,,,,,,,,,,,,,,,,,,,,,,,,,
22891,uefa.europa_qual,SK Brann,0,0,0,0,0,0,0.335,1,1,1.43,1.23,0,,,0.45333333333333337,0,,,0.2833333333333334,,,,,,2026-08-15T14:50:34.163072+00:00,,,,,,,,,,,,,,,,,,,,,,,,,,
22892,uefa.europa_qual,SK Sturm Graz,0,0,0,0,0,0,0.34,2,1,1.55,1.15,0,,,0.45666666666666667,0,,,0.2866666666666667,,,,,,2026-08-15T14:50:34.163072+00:00,,,,,,,,,,,,,,,,,,,,,,,,,,
22893,uefa.europa_qual,Sabah FK,0,0,0,0,0,0,0.325,1,1,1.18,1.38,0,,,0.44666666666666666,0,,,0.27666666666666667,,,,,,2026-08-15T14:50:34.163072+00:00,,,,,,,,,,,,,,,,,,,,,,,,,,
22894,uefa.europa_qual,Shamrock Rovers,1,1,0,1,0,0,1.0,3,1,3.0,1.0,1,,,1.0,0,,,0.0,,,,,2026-08-04,2026-08-15T14:50:34.163072+00:00,,,,,,,,,,,,,,,,,,,,,,,,,,
22895,uefa.europa_qual,Shelbourne,1,0,1,0,0,1,0.0,1,2,1.0,2.0,0,,,0.0,0,,,0.0,,,,,2026-07-30,2026-08-15T14:50:34.163072+00:00,,,,,,,,,,,,,,,,,,,,,,,,,,
22896,uefa.europa_qual,Sheriff Tiraspol,1,1,0,0,0,1,0.0,0,5,0.0,5.0,0,,,0.0,0,,,0.0,,,,,2026-07-23,2026-08-15T14:50:34.163072+00:00,,,,,,,,,,,,,,,,,,,,,,,,,,
22897,uefa.europa_qual,Sint-Truidense,0,0,0,0,0,0,0.33,1,1,1.3,1.3,0,,,0.45,0,,,0.28,,,,,,2026-08-15T14:50:34.163072+00:00,,,,,,,,,,,,,,,,,,,,,,,,,,
22898,uefa.europa_qual,Slovan Bratislava,2,1,1,2,0,0,1.0,4,1,2.0,0.5,1,,,1.0,1,,,1.0,,,,,2026-08-11,2026-08-15T14:50:34.163072+00:00,,,,,,,,,,,,,,,,,,,,,,,,,,
22899,uefa.europa_qual,Sparta Prague,1,1,0,1,0,0,1.0,2,1,2.0,1.0,1,,,1.0,0,,,0.0,,,,,2026-08-04,2026-08-15T14:50:34.163072+00:00,,,,,,,,,,,,,,,,,,,,,,,,,,
22900,uefa.europa_qual,St. Gallen,2,1,1,1,0,1,0.5,2,6,1.0,3.0,1,,,1.0,0,,,0.0,,,,,2026-07-30,2026-08-15T14:50:34.163072+00:00,,,,,,,,,,,,,,,,,,,,,,,,,,
22901,uefa.europa_qual,Tobol Kostanay,0,0,0,0,0,0,0.325,1,1,1.18,1.38,0,,,0.44666666666666666,0,,,0.27666666666666667,,,,,,2026-08-15T14:50:34.163072+00:00,,,,,,,,,,,,,,,,,,,,,,,,,,
22902,uefa.europa_qual,Trabzonspor,0,0,0,0,0,0,0.34,2,1,1.55,1.15,0,,,0.45666666666666667,0,,,0.2866666666666667,,,,,,2026-08-15T14:50:34.163072+00:00,,,,,,,,,,,,,,,,,,,,,,,,,,
22903,uefa.europa_qual,Tre Fiori,0,0,0,0,0,0,0.31,1,2,0.8,1.6,0,,,0.4366666666666667,0,,,0.2666666666666667,,,,,,2026-08-15T14:50:34.163072+00:00,,,,,,,,,,,,,,,,,,,,,,,,,,
22904,uefa.europa_qual,Tromso,2,1,1,0,0,2,0.0,1,4,0.5,2.0,0,,,0.0,0,,,0.0,,,,,2026-07-30,2026-08-15T14:50:34.163072+00:00,,,,,,,,,,,,,,,,,,,,,,,,,,
22905,uefa.europa_qual,Union St.-Gilloise,1,1,0,0,1,0,0.0,3,3,3.0,3.0,0,,,0.0,0,,,0.0,,,,,2026-08-04,2026-08-15T14:50:34.163072+00:00,,,,,,,,,,,,,,,,,,,,,,,,,,
22906,uefa.europa_qual,Valur Reykjavik,0,0,0,0,0,0,0.32,1,1,1.05,1.45,0,,,0.44333333333333336,0,,,0.2733333333333334,,,,,,2026-08-15T14:50:34.163072+00:00,,,,,,,,,,,,,,,,,,,,,,,,,,
22907,uefa.europa_qual,Viking FK,0,0,0,0,0,0,0.33,1,1,1.3,1.3,0,,,0.45,0,,,0.28,,,,,,2026-08-15T14:50:34.163072+00:00,,,,,,,,,,,,,,,,,,,,,,,,,,
22908,uefa.europa_qual,Vikingur Reykjavik,0,0,0,0,0,0,0.32,1,1,1.05,1.45,0,,,0.44333333333333336,0,,,0.2733333333333334,,,,,,2026-08-15T14:50:34.163072+00:00,,,,,,,,,,,,,,,,,,,,,,,,,,
22909,uefa.europa_qual,Viktoria Plzen,0,0,0,0,0,0,0.34,2,1,1.55,1.15,0,,,0.45666666666666667,0,,,0.2866666666666667,,,,,,2026-08-15T14:50:34.163072+00:00,,,,,,,,,,,,,,,,,,,,,,,,,,
22910,uefa.europa_qual,Zalgiris Vilnius,0,0,0,0,0,0,0.33,1,1,1.3,1.3,0,,,0.45,0,,,0.28,,,,,,2026-08-15T14:50:34.163072+00:00,,,,,,,,,,,,,,,,,,,,,,,,,,
22911,uefa.europa.conf_qual,AEK Athens,0,0,0,0,0,0,0.35000000000000003,2,1,1.8,1.0,0,,,0.4633333333333333,0,,,0.29333333333333333,,,,,,2026-08-15T14:50:34.163072+00:00,,,,,,,,,,,,,,,,,,,,,,,,,,
22912,uefa.europa.conf_qual,AGF,0,0,0,0,0,0,0.335,1,1,1.43,1.23,0,,,0.45333333333333337,0,,,0.2833333333333334,,,,,,2026-08-15T14:50:34.163072+00:00,,,,,,,,,,,,,,,,,,,,,,,,,,
22913,uefa.europa.conf_qual,AS Monaco,12,6,6,5,2,5,0.417,17,16,1.417,1.333,3,,,0.5,2,,,0.333,,,,,2026-05-10,2026-08-15T14:50:34.163072+00:00,,,,,,,,,,,,,,,,,,,,,,,,,,
22914,uefa.europa.conf_qual,Ajax Amsterdam,0,0,0,0,0,0,0.35000000000000003,2,1,1.8,1.0,0,,,0.4633333333333333,0,,,0.29333333333333333,,,,,,2026-08-15T14:50:34.163072+00:00,,,,,,,,,,,,,,,,,,,,,,,,,,
22915,uefa.europa.conf_qual,Anderlecht,5,2,3,3,2,0,0.6,9,5,1.8,1.0,2,,,1.0,1,,,0.333,,,,,2026-08-13,2026-08-15T14:50:34.163072+00:00,,,,,,,,,,,,,,,,,,,,,,,,,,
22916,uefa.europa.conf_qual,Ararat-Armenia,1,1,0,1,0,0,1.0,2,1,2.0,1.0,1,,,1.0,0,,,0.0,,,,,2026-08-04,2026-08-15T14:50:34.163072+00:00,,,,,,,,,,,,,,,,,,,,,,,,,,
22917,uefa.europa.conf_qual,Atalanta,34,17,17,15,11,8,0.441,49,33,1.441,0.971,9,,,0.529,6,,,0.353,,,,,2026-05-22,2026-08-15T14:50:34.163072+00:00,,,,,,,,,,,,,,,,,,,,,,,,,,
22918,uefa.europa.conf_qual,Austria Vienna,1,1,0,1,0,0,1.0,3,1,3.0,1.0,1,,,1.0,0,,,0.0,,,,,2026-07-30,2026-08-15T14:50:34.163072+00:00,,,,,,,,,,,,,,,,,,,,,,,,,,
22919,uefa.europa.conf_qual,Beitar Jerusalem,1,1,0,0,0,1,0.0,2,3,2.0,3.0,0,,,0.0,0,,,0.0,,,,,2026-07-30,2026-08-15T14:50:34.163072+00:00,,,,,,,,,,,,,,,,,,,,,,,,,,
22920,uefa.europa.conf_qual,Benfica,5,2,3,2,1,2,0.4,14,6,2.8,1.2,2,,,1.0,0,,,0.0,,,,,2026-08-13,2026-08-15T14:50:34.163072+00:00,,,,,,,,,,,,,,,,,,,,,,,,,,
22921,uefa.europa.conf_qual,Besiktas,4,2,2,4,0,0,1.0,5,0,1.25,0.0,2,,,1.0,2,,,1.0,,,,,2026-08-13,2026-08-15T14:50:34.163072+00:00,,,,,,,,,,,,,,,,,,,,,,,,,,
22922,uefa.europa.conf_qual,Bodo/Glimt,1,0,1,0,1,0,0.0,3,3,3.0,3.0,0,,,0.0,0,,,0.0,,,,,2026-08-04,2026-08-15T14:50:34.163072+00:00,,,,,,,,,,,,,,,,,,,,,,,,,,
22923,uefa.europa.conf_qual,Bohemians,1,0,1,0,0,1,0.0,2,3,2.0,3.0,0,,,0.0,0,,,0.0,,,,,2026-07-30,2026-08-15T14:50:34.163072+00:00,,,,,,,,,,,,,,,,,,,,,,,,,,
22924,uefa.europa.conf_qual,Borac Banja Luka,1,0,1,0,1,0,0.0,3,3,3.0,3.0,0,,,0.0,0,,,0.0,,,,,2026-07-30,2026-08-15T14:50:34.163072+00:00,,,,,,,,,,,,,,,,,,,,,,,,,,
22925,uefa.europa.conf_qual,Braga,1,1,0,1,0,0,1.0,4,0,4.0,0.0,1,,,1.0,0,,,0.0,,,,,2026-07-30,2026-08-15T14:50:34.163072+00:00,,,,,,,,,,,,,,,,,,,,,,,,,,
22926,uefa.europa.conf_qual,Brighton & Hove Albion,36,18,18,12,11,13,0.333,48,45,1.333,1.25,8,,,0.444,4,,,0.222,,,,,2026-05-24,2026-08-15T14:50:34.163072+00:00,,,,,,,,,,,,,,,,,,,,,,,,,,
22927,uefa.europa.conf_qual,CFR Cluj-Napoca,0,0,0,0,0,0,0.33,1,1,1.3,1.3,0,,,0.45,0,,,0.28,,,,,,2026-08-15T14:50:34.163072+00:00,,,,,,,,,,,,,,,,,,,,,,,,,,
22928,uefa.europa.conf_qual,CSKA Sofia,3,2,1,0,2,1,0.0,1,3,0.333,1.0,0,,,0.0,0,,,0.0,,,,,2026-08-13,2026-08-15T14:50:34.163072+00:00,,,,,,,,,,,,,,,,,,,,,,,,,,
22929,uefa.europa.conf_qual,CSU Craiova,0,0,0,0,0,0,0.325,1,1,1.18,1.38,0,,,0.44666666666666666,0,,,0.27666666666666667,,,,,,2026-08-15T14:50:34.163072+00:00,,,,,,,,,,,,,,,,,,,,,,,,,,
22930,uefa.europa.conf_qual,Celtic,0,0,0,0,0,0,0.35500000000000004,2,1,1.93,0.93,0,,,0.4666666666666667,0,,,0.2966666666666667,,,,,,2026-08-15T14:50:34.163072+00:00,,,,,,,,,,,,,,,,,,,,,,,,,,
22931,uefa.europa.conf_qual,Debrecen,1,0,1,0,1,0,0.0,0,0,0.0,0.0,0,,,0.0,0,,,0.0,,,,,2026-07-30,2026-08-15T14:50:34.163072+00:00,,,,,,,,,,,,,,,,,,,,,,,,,,
22932,uefa.europa.conf_qual,Dinamo City,1,0,1,0,0,1,0.0,0,1,0.0,1.0,0,,,0.0,0,,,0.0,,,,,2026-08-04,2026-08-15T14:50:34.163072+00:00,,,,,,,,,,,,,,,,,,,,,,,,,,
22933,uefa.europa.conf_qual,Dinamo Minsk,0,0,0,0,0,0,0.33,1,1,1.3,1.3,0,,,0.45,0,,,0.28,,,,,,2026-08-15T14:50:34.163072+00:00,,,,,,,,,,,,,,,,,,,,,,,,,,
22934,uefa.europa.conf_qual,Dinamo Zagreb,1,1,0,1,0,0,1.0,5,0,5.0,0.0,1,,,1.0,0,,,0.0,,,,,2026-08-04,2026-08-15T14:50:34.163072+00:00,,,,,,,,,,,,,,,,,,,,,,,,,,
22935,uefa.europa.conf_qual,Drita Gjilan,0,0,0,0,0,0,0.32,1,1,1.05,1.45,0,,,0.44333333333333336,0,,,0.2733333333333334,,,,,,2026-08-15T14:50:34.163072+00:00,,,,,,,,,,,,,,,,,,,,,,,,,,
22936,uefa.europa.conf_qual,Dunajska Streda,0,0,0,0,0,0,0.33,1,1,1.3,1.3,0,,,0.45,0,,,0.28,,,,,,2026-08-15T14:50:34.163072+00:00,,,,,,,,,,,,,,,,,,,,,,,,,,
22937,uefa.europa.conf_qual,Dynamo Kyiv,1,1,0,0,0,1,0.0,2,3,2.0,3.0,0,,,0.0,0,,,0.0,,,,,2026-07-23,2026-08-15T14:50:34.163072+00:00,,,,,,,,,,,,,,,,,,,,,,,,,,
22938,uefa.europa.conf_qual,Egnatia,1,0,1,0,0,1,0.0,1,3,1.0,3.0,0,,,0.0,0,,,0.0,,,,,2026-08-04,2026-08-15T14:50:34.163072+00:00,,,,,,,,,,,,,,,,,,,,,,,,,,
22939,uefa.europa.conf_qual,F.C. København,0,0,0,0,0,0,0.35000000000000003,2,1,1.8,1.0,0,,,0.4633333333333333,0,,,0.29333333333333333,,,,,,2026-08-15T14:50:34.163072+00:00,,,,,,,,,,,,,,,,,,,,,,,,,,
22940,uefa.europa.conf_qual,FC Hradec Králové,0,0,0,0,0,0,0.33,1,1,1.3,1.3,0,,,0.45,0,,,0.28,,,,,,2026-08-15T14:50:34.163072+00:00,,,,,,,,,,,,,,,,,,,,,,,,,,
22941,uefa.europa.conf_qual,FC Ilves,0,0,0,0,0,0,0.325,1,1,1.18,1.38,0,,,0.44666666666666666,0,,,0.27666666666666667,,,,,,2026-08-15T14:50:34.163072+00:00,,,,,,,,,,,,,,,,,,,,,,,,,,
22942,uefa.europa.conf_qual,FC Inter Turku,0,0,0,0,0,0,0.325,1,1,1.18,1.38,0,,,0.44666666666666666,0,,,0.27666666666666667,,,,,,2026-08-15T14:50:34.163072+00:00,,,,,,,,,,,,,,,,,,,,,,,,,,
22943,uefa.europa.conf_qual,FC Lugano,0,0,0,0,0,0,0.335,1,1,1.43,1.23,0,,,0.45333333333333337,0,,,0.2833333333333334,,,,,,2026-08-15T14:50:34.163072+00:00,,,,,,,,,,,,,,,,,,,,,,,,,,
22944,uefa.europa.conf_qual,FC Midtjylland,1,0,1,0,0,1,0.0,0,1,0.0,1.0,0,,,0.0,0,,,0.0,,,,,2026-07-23,2026-08-15T14:50:34.163072+00:00,,,,,,,,,,,,,,,,,,,,,,,,,,
22945,uefa.europa.conf_qual,FC Noah,0,0,0,0,0,0,0.325,1,1,1.18,1.38,0,,,0.44666666666666666,0,,,0.27666666666666667,,,,,,2026-08-15T14:50:34.163072+00:00,,,,,,,,,,,,,,,,,,,,,,,,,,
22946,uefa.europa.conf_qual,FC Nordsjælland,0,0,0,0,0,0,0.335,1,1,1.43,1.23,0,,,0.45333333333333337,0,,,0.2833333333333334,,,,,,2026-08-15T14:50:34.163072+00:00,,,,,,,,,,,,,,,,,,,,,,,,,,
22947,uefa.europa.conf_qual,FC Sion,0,0,0,0,0,0,0.33,1,1,1.3,1.3,0,,,0.45,0,,,0.28,,,,,,2026-08-15T14:50:34.163072+00:00,,,,,,,,,,,,,,,,,,,,,,,,,,
22948,uefa.europa.conf_qual,FC Thun,2,1,1,1,0,1,0.5,5,3,2.5,1.5,1,,,1.0,0,,,0.0,,,,,2026-08-13,2026-08-15T14:50:34.163072+00:00,,,,,,,,,,,,,,,,,,,,,,,,,,
22949,uefa.europa.conf_qual,FC Twente,0,0,0,0,0,0,0.335,1,1,1.43,1.23,0,,,0.45333333333333337,0,,,0.2833333333333334,,,,,,2026-08-15T14:50:34.163072+00:00,,,,,,,,,,,,,,,,,,,,,,,,,,
22950,uefa.europa.conf_qual,FC Vaduz,0,0,0,0,0,0,0.32,1,1,1.05,1.45,0,,,0.44333333333333336,0,,,0.2733333333333334,,,,,,2026-08-15T14:50:34.163072+00:00,,,,,,,,,,,,,,,,,,,,,,,,,,
22951,uefa.europa.conf_qual,FK Auda,1,1,0,1,0,0,1.0,1,0,1.0,0.0,1,,,1.0,0,,,0.0,,,,,2026-08-04,2026-08-15T14:50:34.163072+00:00,,,,,,,,,,,,,,,,,,,,,,,,,,
22952,uefa.europa.conf_qual,FK Qarabag,0,0,0,0,0,0,0.335,1,1,1.43,1.23,0,,,0.45333333333333337,0,,,0.2833333333333334,,,,,,2026-08-15T14:50:34.163072+00:00,,,,,,,,,,,,,,,,,,,,,,,,,,
22953,uefa.europa.conf_qual,Fenerbahce,0,0,0,0,0,0,0.35500000000000004,2,1,1.93,0.93,0,,,0.4666666666666667,0,,,0.2966666666666667,,,,,,2026-08-15T14:50:34.163072+00:00,,,,,,,,,,,,,,,,,,,,,,,,,,
22954,uefa.europa.conf_qual,Ferencvaros,3,1,2,1,2,0,0.333,5,4,1.667,1.333,0,,,0.0,1,,,0.5,,,,,2026-08-13,2026-08-15T14:50:34.163072+00:00,,,,,,,,,,,,,,,,,,,,,,,,,,
22955,uefa.europa.conf_qual,Flora,1,0,1,0,0,1,0.0,0,1,0.0,1.0,0,,,0.0,0,,,0.0,,,,,2026-07-30,2026-08-15T14:50:34.163072+00:00,,,,,,,,,,,,,,,,,,,,,,,,,,
22956,uefa.europa.conf_qual,GKS Katowice,1,1,0,1,0,0,1.0,3,1,3.0,1.0,1,,,1.0,0,,,0.0,,,,,2026-07-30,2026-08-15T14:50:34.163072+00:00,,,,,,,,,,,,,,,,,,,,,,,,,,
22957,uefa.europa.conf_qual,Getafe,30,15,15,12,3,15,0.4,25,35,0.833,1.167,7,,,0.467,5,,,0.333,,,,,2026-05-23,2026-08-15T14:50:34.163072+00:00,,,,,,,,,,,,,,,,,,,,,,,,,,
22958,uefa.europa.conf_qual,Gornik Zabrze,1,1,0,0,1,0,0.0,1,1,1.0,1.0,0,,,0.0,0,,,0.0,,,,,2026-08-13,2026-08-15T14:50:34.163072+00:00,,,,,,,,,,,,,,,,,,,,,,,,,,
22959,uefa.europa.conf_qual,Györi ETO FC,0,0,0,0,0,0,0.33,1,1,1.3,1.3,0,,,0.45,0,,,0.28,,,,,,2026-08-15T14:50:34.163072+00:00,,,,,,,,,,,,,,,,,,,,,,,,,,
22960,uefa.europa.conf_qual,HJK Helsinki,0,0,0,0,0,0,0.33,1,1,1.3,1.3,0,,,0.45,0,,,0.28,,,,,,2026-08-15T14:50:34.163072+00:00,,,,,,,,,,,,,,,,,,,,,,,,,,
22961,uefa.europa.conf_qual,Hajduk Split,2,1,1,1,0,1,0.5,2,4,1.0,2.0,1,,,1.0,0,,,0.0,,,,,2026-07-30,2026-08-15T14:50:34.163072+00:00,,,,,,,,,,,,,,,,,,,,,,,,,,
22962,uefa.europa.conf_qual,Hammarby IF,28,15,13,14,8,6,0.5,49,25,1.75,0.893,9,,,0.6,5,,,0.385,,,,,2026-07-23,2026-08-15T14:50:34.163072+00:00,,,,,,,,,,,,,,,,,,,,,,,,,,
22963,uefa.europa.conf_qual,Hapoel Be'er,1,1,0,1,0,0,1.0,1,0,1.0,0.0,1,,,1.0,0,,,0.0,,,,,2026-08-04,2026-08-15T14:50:34.163072+00:00,,,,,,,,,,,,,,,,,,,,,,,,,,
22964,uefa.europa.conf_qual,Hapoel Tel Aviv,1,0,1,0,1,0,0.0,2,2,2.0,2.0,0,,,0.0,0,,,0.0,,,,,2026-07-30,2026-08-15T14:50:34.163072+00:00,,,,,,,,,,,,,,,,,,,,,,,,,,
22965,uefa.europa.conf_qual,Heart of Midlothian,0,0,0,0,0,0,0.33,1,1,1.3,1.3,0,,,0.45,0,,,0.28,,,,,,2026-08-15T14:50:34.163072+00:00,,,,,,,,,,,,,,,,,,,,,,,,,,
22966,uefa.europa.conf_qual,Hibernian,1,1,0,1,0,0,1.0,4,1,4.0,1.0,1,,,1.0,0,,,0.0,,,,,2026-07-30,2026-08-15T14:50:34.163072+00:00,,,,,,,,,,,,,,,,,,,,,,,,,,
22967,uefa.europa.conf_qual,IFK Göteborg,26,12,14,6,10,10,0.231,35,40,1.346,1.538,2,,,0.167,4,,,0.286,,,,,2026-07-01,2026-08-15T14:50:34.163072+00:00,,,,,,,,,,,,,,,,,,,,,,,,,,
22968,uefa.europa.conf_qual,Iberia 1999,1,0,1,0,1,0,0.0,0,0,0.0,0.0,0,,,0.0,0,,,0.0,,,,,2026-08-04,2026-08-15T14:50:34.163072+00:00,,,,,,,,,,,,,,,,,,,,,,,,,,
22969,uefa.europa.conf_qual,Inter D'Escaldes,0,0,0,0,0,0,0.31,1,2,0.8,1.6,0,,,0.4366666666666667,0,,,0.2666666666666667,,,,,,2026-08-15T14:50:34.163072+00:00,,,,,,,,,,,,,,,,,,,,,,,,,,
22970,uefa.europa.conf_qual,Jablonec,1,1,0,1,0,0,1.0,2,0,2.0,0.0,1,,,1.0,0,,,0.0,,,,,2026-07-30,2026-08-15T14:50:34.163072+00:00,,,,,,,,,,,,,,,,,,,,,,,,,,
22971,uefa.europa.conf_qual,Jagiellonia Bialystok,0,0,0,0,0,0,0.335,1,1,1.43,1.23,0,,,0.45333333333333337,0,,,0.2833333333333334,,,,,,2026-08-15T14:50:34.163072+00:00,,,,,,,,,,,,,,,,,,,,,,,,,,
22972,uefa.europa.conf_qual,KAA Gent,0,0,0,0,0,0,0.335,1,1,1.43,1.23,0,,,0.45333333333333337,0,,,0.2833333333333334,,,,,,2026-08-15T14:50:34.163072+00:00,,,,,,,,,,,,,,,,,,,,,,,,,,
22973,uefa.europa.conf_qual,KF Shkëndija,0,0,0,0,0,0,0.32,1,1,1.05,1.45,0,,,0.44333333333333336,0,,,0.2733333333333334,,,,,,2026-08-15T14:50:34.163072+00:00,,,,,,,,,,,,,,,,,,,,,,,,,,
22974,uefa.europa.conf_qual,KI Klaksvik,0,0,0,0,0,0,0.32,1,1,1.05,1.45,0,,,0.44333333333333336,0,,,0.2733333333333334,,,,,,2026-08-15T14:50:34.163072+00:00,,,,,,,,,,,,,,,,,,,,,,,,,,
22975,uefa.europa.conf_qual,Kairat Almaty,1,0,1,0,0,1,0.0,0,1,0.0,1.0,0,,,0.0,0,,,0.0,,,,,2026-08-04,2026-08-15T14:50:34.163072+00:00,,,,,,,,,,,,,,,,,,,,,,,,,,
22976,uefa.europa.conf_qual,Kauno Zalgiris,1,0,1,0,0,1,0.0,0,5,0.0,5.0,0,,,0.0,0,,,0.0,,,,,2026-08-04,2026-08-15T14:50:34.163072+00:00,,,,,,,,,,,,,,,,,,,,,,,,,,
22977,uefa.europa.conf_qual,KuPS Kuopio,0,0,0,0,0,0,0.325,1,1,1.18,1.38,0,,,0.44666666666666666,0,,,0.27666666666666667,,,,,,2026-08-15T14:50:34.163072+00:00,,,,,,,,,,,,,,,,,,,,,,,,,,
22978,uefa.europa.conf_qual,LASK Linz,0,0,0,0,0,0,0.34,2,1,1.55,1.15,0,,,0.45666666666666667,0,,,0.2866666666666667,,,,,,2026-08-15T14:50:34.163072+00:00,,,,,,,,,,,,,,,,,,,,,,,,,,
22979,uefa.europa.conf_qual,Larne,1,1,0,0,1,0,0.0,0,0,0.0,0.0,0,,,0.0,0,,,0.0,,,,,2026-08-04,2026-08-15T14:50:34.163072+00:00,,,,,,,,,,,,,,,,,,,,,,,,,,
22980,uefa.europa.conf_qual,Lech Poznan,1,0,1,1,0,0,1.0,5,0,5.0,0.0,0,,,0.0,1,,,1.0,,,,,2026-08-14,2026-08-15T14:50:34.163072+00:00,,,,,,,,,,,,,,,,,,,,,,,,,,
22981,uefa.europa.conf_qual,Levski Sofia,1,1,0,1,0,0,1.0,1,0,1.0,0.0,1,,,1.0,0,,,0.0,,,,,2026-08-04,2026-08-15T14:50:34.163072+00:00,,,,,,,,,,,,,,,,,,,,,,,,,,
22982,uefa.europa.conf_qual,Lillestrom,0,0,0,0,0,0,0.33,1,1,1.3,1.3,0,,,0.45,0,,,0.28,,,,,,2026-08-15T14:50:34.163072+00:00,,,,,,,,,,,,,,,,,,,,,,,,,,
22983,uefa.europa.conf_qual,Lincoln Red Imps,2,1,1,0,1,1,0.0,0,1,0.0,0.5,0,,,0.0,0,,,0.0,,,,,2026-08-13,2026-08-15T14:50:34.163072+00:00,,,,,,,,,,,,,,,,,,,,,,,,,,
22984,uefa.europa.conf_qual,Lyon,2,1,1,1,0,1,0.5,4,2,2.0,1.0,1,,,1.0,0,,,0.0,,,,,2026-08-11,2026-08-15T14:50:34.163072+00:00,,,,,,,,,,,,,,,,,,,,,,,,,,
22985,uefa.europa.conf_qual,ML Vitebsk,1,0,1,1,0,0,1.0,2,1,2.0,1.0,0,,,0.0,1,,,1.0,,,,,2026-07-30,2026-08-15T14:50:34.163072+00:00,,,,,,,,,,,,,,,,,,,,,,,,,,
22986,uefa.europa.conf_qual,Maccabi Tel-Aviv,0,0,0,0,0,0,0.33,1,1,1.3,1.3,0,,,0.45,0,,,0.28,,,,,,2026-08-15T14:50:34.163072+00:00,,,,,,,,,,,,,,,,,,,,,,,,,,
22987,uefa.europa.conf_qual,Mjällby AIF,29,10,19,9,12,8,0.31,33,35,1.138,1.207,3,,,0.3,6,,,0.316,,,,,2026-08-11,2026-08-15T14:50:34.163072+00:00,,,,,,,,,,,,,,,,,,,,,,,,,,
22988,uefa.europa.conf_qual,Motherwell,1,0,1,1,0,0,1.0,3,0,3.0,0.0,0,,,0.0,1,,,1.0,,,,,2026-07-30,2026-08-15T14:50:34.163072+00:00,,,,,,,,,,,,,,,,,,,,,,,,,,
22989,uefa.europa.conf_qual,NEC Nijmegen,1,0,1,0,1,0,0.0,0,0,0.0,0.0,0,,,0.0,0,,,0.0,,,,,2026-08-04,2026-08-15T14:50:34.163072+00:00,,,,,,,,,,,,,,,,,,,,,,,,,,
22990,uefa.europa.conf_qual,NK Celje,2,1,1,1,0,1,0.5,3,2,1.5,1.0,1,,,1.0,0,,,0.0,,,,,2026-08-11,2026-08-15T14:50:34.163072+00:00,,,,,,,,,,,,,,,,,,,,,,,,,,
22991,uefa.europa.conf_qual,NSI Runavik,1,0,1,1,0,0,1.0,3,1,3.0,1.0,0,,,0.0,1,,,1.0,,,,,2026-07-30,2026-08-15T14:50:34.163072+00:00,,,,,,,,,,,,,,,,,,,,,,,,,,
22992,uefa.europa.conf_qual,OFI Crete,0,0,0,0,0,0,0.325,1,1,1.18,1.38,0,,,0.44666666666666666,0,,,0.27666666666666667,,,,,,2026-08-15T14:50:34.163072+00:00,,,,,,,,,,,,,,,,,,,,,,,,,,
22993,uefa.europa.conf_qual,Olympiacos,1,1,0,0,1,0,0.0,0,0,0.0,0.0,0,,,0.0,0,,,0.0,,,,,2026-08-04,2026-08-15T14:50:34.163072+00:00,,,,,,,,,,,,,,,,,,,,,,,,,,
22994,uefa.europa.conf_qual,Omonia Nicosia,0,0,0,0,0,0,0.325,1,1,1.18,1.38,0,,,0.44666666666666666,0,,,0.27666666666666667,,,,,,2026-08-15T14:50:34.163072+00:00,,,,,,,,,,,,,,,,,,,,,,,,,,
22995,uefa.europa.conf_qual,PAOK,4,2,2,2,0,2,0.5,7,6,1.75,1.5,1,,,0.5,1,,,0.5,,,,,2026-08-13,2026-08-15T14:50:34.163072+00:00,,,,,,,,,,,,,,,,,,,,,,,,,,
22996,uefa.europa.conf_qual,Pafos,2,1,1,1,0,1,0.5,4,2,2.0,1.0,1,,,1.0,0,,,0.0,,,,,2026-07-30,2026-08-15T14:50:34.163072+00:00,,,,,,,,,,,,,,,,,,,,,,,,,,
22997,uefa.europa.conf_qual,Paide Linnameeskond,0,0,0,0,0,0,0.32,1,1,1.05,1.45,0,,,0.44333333333333336,0,,,0.2733333333333334,,,,,,2026-08-15T14:50:34.163072+00:00,,,,,,,,,,,,,,,,,,,,,,,,,,
22998,uefa.europa.conf_qual,Panathinaikos,1,1,0,0,1,0,0.0,2,2,2.0,2.0,0,,,0.0,0,,,0.0,,,,,2026-07-30,2026-08-15T14:50:34.163072+00:00,,,,,,,,,,,,,,,,,,,,,,,,,,
22999,uefa.europa.conf_qual,Partizan Belgrade,0,0,0,0,0,0,0.34,2,1,1.55,1.15,0,,,0.45666666666666667,0,,,0.2866666666666667,,,,,,2026-08-15T14:50:34.163072+00:00,,,,,,,,,,,,,,,,,,,,,,,,,,
23000,uefa.europa.conf_qual,RB Salzburg,0,0,0,0,0,0,0.33,1,1,1.3,1.3,0,,,0.45,0,,,0.28,,,,,,2026-08-15T14:50:34.163072+00:00,,,,,,,,,,,,,,,,,,,,,,,,,,
23001,uefa.europa.conf_qual,Raków Czestochowa,0,0,0,0,0,0,0.34,2,1,1.55,1.15,0,,,0.45666666666666667,0,,,0.2866666666666667,,,,,,2026-08-15T14:50:34.163072+00:00,,,,,,,,,,,,,,,,,,,,,,,,,,
23002,uefa.europa.conf_qual,Rangers,1,1,0,0,1,0,0.0,1,1,1.0,1.0,0,,,0.0,0,,,0.0,,,,,2026-08-13,2026-08-15T14:50:34.163072+00:00,,,,,,,,,,,,,,,,,,,,,,,,,,
23003,uefa.europa.conf_qual,Rapid Vienna,0,0,0,0,0,0,0.34,2,1,1.55,1.15,0,,,0.45666666666666667,0,,,0.2866666666666667,,,,,,2026-08-15T14:50:34.163072+00:00,,,,,,,,,,,,,,,,,,,,,,,,,,
23004,uefa.europa.conf_qual,Red Star Belgrade,1,0,1,0,0,1,0.0,0,1,0.0,1.0,0,,,0.0,0,,,0.0,,,,,2026-08-04,2026-08-15T14:50:34.163072+00:00,,,,,,,,,,,,,,,,,,,,,,,,,,
23005,uefa.europa.conf_qual,Riga FC,0,0,0,0,0,0,0.325,1,1,1.18,1.38,0,,,0.44666666666666666,0,,,0.27666666666666667,,,,,,2026-08-15T14:50:34.163072+00:00,,,,,,,,,,,,,,,,,,,,,,,,,,
23006,uefa.europa.conf_qual,Rigas Futbola Skola,0,0,0,0,0,0,0.325,1,1,1.18,1.38,0,,,0.44666666666666666,0,,,0.27666666666666667,,,,,,2026-08-15T14:50:34.163072+00:00,,,,,,,,,,,,,,,,,,,,,,,,,,
23007,uefa.europa.conf_qual,Rijeka,1,0,1,1,0,0,1.0,1,0,1.0,0.0,0,,,0.0,1,,,1.0,,,,,2026-07-30,2026-08-15T14:50:34.163072+00:00,,,,,,,,,,,,,,,,,,,,,,,,,,
23008,uefa.europa.conf_qual,SC Freiburg,22,11,11,6,7,9,0.273,31,39,1.409,1.773,4,,,0.364,2,,,0.182,,,,,2026-05-16,2026-08-15T14:50:34.163072+00:00,,,,,,,,,,,,,,,,,,,,,,,,,,
23009,uefa.europa.conf_qual,SK Brann,0,0,0,0,0,0,0.335,1,1,1.43,1.23,0,,,0.45333333333333337,0,,,0.2833333333333334,,,,,,2026-08-15T14:50:34.163072+00:00,,,,,,,,,,,,,,,,,,,,,,,,,,
23010,uefa.europa.conf_qual,SK Sturm Graz,0,0,0,0,0,0,0.34,2,1,1.55,1.15,0,,,0.45666666666666667,0,,,0.2866666666666667,,,,,,2026-08-15T14:50:34.163072+00:00,,,,,,,,,,,,,,,,,,,,,,,,,,
23011,uefa.europa.conf_qual,Sabah FK,0,0,0,0,0,0,0.325,1,1,1.18,1.38,0,,,0.44666666666666666,0,,,0.27666666666666667,,,,,,2026-08-15T14:50:34.163072+00:00,,,,,,,,,,,,,,,,,,,,,,,,,,
23012,uefa.europa.conf_qual,Shamrock Rovers,1,1,0,1,0,0,1.0,3,1,3.0,1.0,1,,,1.0,0,,,0.0,,,,,2026-08-04,2026-08-15T14:50:34.163072+00:00,,,,,,,,,,,,,,,,,,,,,,,,,,
23013,uefa.europa.conf_qual,Shelbourne,1,0,1,0,0,1,0.0,1,2,1.0,2.0,0,,,0.0,0,,,0.0,,,,,2026-07-30,2026-08-15T14:50:34.163072+00:00,,,,,,,,,,,,,,,,,,,,,,,,,,
23014,uefa.europa.conf_qual,Sheriff Tiraspol,1,1,0,0,0,1,0.0,0,5,0.0,5.0,0,,,0.0,0,,,0.0,,,,,2026-07-23,2026-08-15T14:50:34.163072+00:00,,,,,,,,,,,,,,,,,,,,,,,,,,
23015,uefa.europa.conf_qual,Sint-Truidense,0,0,0,0,0,0,0.33,1,1,1.3,1.3,0,,,0.45,0,,,0.28,,,,,,2026-08-15T14:50:34.163072+00:00,,,,,,,,,,,,,,,,,,,,,,,,,,
23016,uefa.europa.conf_qual,Slovan Bratislava,2,1,1,2,0,0,1.0,4,1,2.0,0.5,1,,,1.0,1,,,1.0,,,,,2026-08-11,2026-08-15T14:50:34.163072+00:00,,,,,,,,,,,,,,,,,,,,,,,,,,
23017,uefa.europa.conf_qual,Sparta Prague,1,1,0,1,0,0,1.0,2,1,2.0,1.0,1,,,1.0,0,,,0.0,,,,,2026-08-04,2026-08-15T14:50:34.163072+00:00,,,,,,,,,,,,,,,,,,,,,,,,,,
23018,uefa.europa.conf_qual,St. Gallen,2,1,1,1,0,1,0.5,2,6,1.0,3.0,1,,,1.0,0,,,0.0,,,,,2026-07-30,2026-08-15T14:50:34.163072+00:00,,,,,,,,,,,,,,,,,,,,,,,,,,
23019,uefa.europa.conf_qual,Tobol Kostanay,0,0,0,0,0,0,0.325,1,1,1.18,1.38,0,,,0.44666666666666666,0,,,0.27666666666666667,,,,,,2026-08-15T14:50:34.163072+00:00,,,,,,,,,,,,,,,,,,,,,,,,,,
23020,uefa.europa.conf_qual,Trabzonspor,0,0,0,0,0,0,0.34,2,1,1.55,1.15,0,,,0.45666666666666667,0,,,0.2866666666666667,,,,,,2026-08-15T14:50:34.163072+00:00,,,,,,,,,,,,,,,,,,,,,,,,,,
23021,uefa.europa.conf_qual,Tre Fiori,0,0,0,0,0,0,0.31,1,2,0.8,1.6,0,,,0.4366666666666667,0,,,0.2666666666666667,,,,,,2026-08-15T14:50:34.163072+00:00,,,,,,,,,,,,,,,,,,,,,,,,,,
23022,uefa.europa.conf_qual,Tromso,2,1,1,0,0,2,0.0,1,4,0.5,2.0,0,,,0.0,0,,,0.0,,,,,2026-07-30,2026-08-15T14:50:34.163072+00:00,,,,,,,,,,,,,,,,,,,,,,,,,,
23023,uefa.europa.conf_qual,Union St.-Gilloise,1,1,0,0,1,0,0.0,3,3,3.0,3.0,0,,,0.0,0,,,0.0,,,,,2026-08-04,2026-08-15T14:50:34.163072+00:00,,,,,,,,,,,,,,,,,,,,,,,,,,
23024,uefa.europa.conf_qual,Valur Reykjavik,0,0,0,0,0,0,0.32,1,1,1.05,1.45,0,,,0.44333333333333336,0,,,0.2733333333333334,,,,,,2026-08-15T14:50:34.163072+00:00,,,,,,,,,,,,,,,,,,,,,,,,,,
23025,uefa.europa.conf_qual,Viking FK,0,0,0,0,0,0,0.33,1,1,1.3,1.3,0,,,0.45,0,,,0.28,,,,,,2026-08-15T14:50:34.163072+00:00,,,,,,,,,,,,,,,,,,,,,,,,,,
23026,uefa.europa.conf_qual,Vikingur Reykjavik,0,0,0,0,0,0,0.32,1,1,1.05,1.45,0,,,0.44333333333333336,0,,,0.2733333333333334,,,,,,2026-08-15T14:50:34.163072+00:00,,,,,,,,,,,,,,,,,,,,,,,,,,
23027,uefa.europa.conf_qual,Viktoria Plzen,0,0,0,0,0,0,0.34,2,1,1.55,1.15,0,,,0.45666666666666667,0,,,0.2866666666666667,,,,,,2026-08-15T14:50:34.163072+00:00,,,,,,,,,,,,,,,,,,,,,,,,,,
23028,uefa.europa.conf_qual,Zalgiris Vilnius,0,0,0,0,0,0,0.33,1,1,1.3,1.3,0,,,0.45,0,,,0.28,,,,,,2026-08-15T14:50:34.163072+00:00,,,,,,,,,,,,,,,,,,,,,,,,,,
23029,arg.1,Aldosivi,10,1,1,0,4,6,0.0,10,15,0.97,1.5,0,,,0.0,1,,,1.0,,,,,2026-08-15T21:00:35.288112+00:00,2026-08-15T21:00:35.288112+00:00,,,,,,,,,,,,,,,,,,,,,,,,,,
23030,arg.1,Tigre,10,1,1,4,4,2,0.4,14,13,1.37,1.26,0,,,0.0,0,,,0.0,,,,,2026-08-15T21:00:35.288112+00:00,2026-08-15T21:00:35.288112+00:00,,,,,,,,,,,,,,,,,,,,,,,,,,
23031,arg.1,San Lorenzo,15,2,1,6,0,9,0.4,21,19,1.37,1.26,1,,,0.5,0,,,0.0,,,,,2026-08-15T21:00:35.288112+00:00,2026-08-15T21:00:35.288112+00:00,,,,,,,,,,,,,,,,,,,,,,,,,,
23032,arg.1,Unión (Santa Fe),5,0,1,1,1,3,0.2,6,7,1.17,1.38,0,,,0.0,0,,,0.0,,,,,2026-08-15T21:00:35.288112+00:00,2026-08-15T21:00:35.288112+00:00,,,,,,,,,,,,,,,,,,,,,,,,,,
23033,arg.1,Talleres (Córdoba),8,1,1,2,0,6,0.25,10,11,1.22,1.35,0,,,0.0,1,,,1.0,,,,,2026-08-15T21:00:35.288112+00:00,2026-08-15T21:00:35.288112+00:00,,,,,,,,,,,,,,,,,,,,,,,,,,
23034,arg.1,Lanús,4,0,1,2,0,2,0.5,6,5,1.47,1.2,0,,,0.0,1,,,1.0,,,,,2026-08-15T21:00:35.288112+00:00,2026-08-15T21:00:35.288112+00:00,,,,,,,,,,,,,,,,,,,,,,,,,,
23035,arg.1,Huracán,8,1,1,4,2,2,0.5,12,10,1.47,1.2,0,,,0.0,1,,,1.0,,,,,2026-08-15T21:00:35.288112+00:00,2026-08-15T21:00:35.288112+00:00,,,,,,,,,,,,,,,,,,,,,,,,,,
23036,arg.1,Defensa y Justicia,4,1,0,2,1,1,0.5,6,5,1.47,1.2,1,,,1.0,0,,,0.0,,,,,2026-08-15T21:00:35.288112+00:00,2026-08-15T21:00:35.288112+00:00,,,,,,,,,,,,,,,,,,,,,,,,,,
23037,arg.1,Newell's Old Boys,4,0,1,1,1,2,0.25,5,5,1.22,1.35,0,,,0.0,1,,,1.0,,,,,2026-08-15T21:00:35.288112+00:00,2026-08-15T21:00:35.288112+00:00,,,,,,,,,,,,,,,,,,,,,,,,,,
23038,arg.1,Gimnasia La Plata,4,1,0,3,0,1,0.75,7,4,1.72,1.05,1,,,1.0,0,,,0.0,,,,,2026-08-15T21:00:35.288112+00:00,2026-08-15T21:00:35.288112+00:00,,,,,,,,,,,,,,,,,,,,,,,,,,
23039,arg.1,Barracas Central,4,0,1,3,0,1,0.75,7,4,1.72,1.05,0,,,0.0,0,,,0.0,,,,,2026-08-15T21:00:35.288112+00:00,2026-08-15T21:00:35.288112+00:00,,,,,,,,,,,,,,,,,,,,,,,,,,
23040,arg.1,Argentinos Juniors,4,1,0,4,0,0,1.0,8,4,1.97,0.9,1,,,1.0,0,,,0.0,,,,,2026-08-15T21:00:35.288112+00:00,2026-08-15T21:00:35.288112+00:00,,,,,,,,,,,,,,,,,,,,,,,,,,
23041,arg.1,Racing Club,5,0,1,1,1,3,0.2,6,7,1.17,1.38,0,,,0.0,1,,,1.0,,,,,2026-08-15T21:00:35.288112+00:00,2026-08-15T21:00:35.288112+00:00,,,,,,,,,,,,,,,,,,,,,,,,,,
23042,arg.1,Rosario Central,4,1,0,2,1,1,0.5,6,5,1.47,1.2,1,,,1.0,0,,,0.0,,,,,2026-08-15T21:00:35.288112+00:00,2026-08-15T21:00:35.288112+00:00,,,,,,,,,,,,,,,,,,,,,,,,,,
23043,arg.1,Independiente Rivadavia,8,1,1,4,2,2,0.5,12,10,1.47,1.2,1,,,1.0,1,,,1.0,,,,,2026-08-15T21:00:35.288112+00:00,2026-08-15T21:00:35.288112+00:00,,,,,,,,,,,,,,,,,,,,,,,,,,
23044,arg.1,Estudiantes de Río Cuarto,4,0,1,1,1,2,0.25,5,5,1.22,1.35,0,,,0.0,1,,,1.0,,,,,2026-08-15T21:00:35.288112+00:00,2026-08-15T21:00:35.288112+00:00,,,,,,,,,,,,,,,,,,,,,,,,,,
23045,arg.1,Boca Juniors,3,1,0,1,1,1,0.333,4,4,1.3,1.3,1,,,1.0,0,,,0.0,,,,,2026-08-15T21:00:35.288112+00:00,2026-08-15T21:00:35.288112+00:00,,,,,,,,,,,,,,,,,,,,,,,,,,
23046,arg.1,Estudiantes de La Plata,3,0,1,1,0,2,0.333,4,4,1.3,1.3,0,,,0.0,0,,,0.0,,,,,2026-08-15T21:00:35.288112+00:00,2026-08-15T21:00:35.288112+00:00,,,,,,,,,,,,,,,,,,,,,,,,,,
23047,arg.1,Belgrano (Córdoba),4,0,1,2,1,1,0.5,6,5,1.47,1.2,0,,,0.0,0,,,0.0,,,,,2026-08-15T21:00:35.288112+00:00,2026-08-15T21:00:35.288112+00:00,,,,,,,,,,,,,,,,,,,,,,,,,,
23048,arg.1,Sarmiento (Junín),3,1,0,1,0,2,0.333,4,4,1.3,1.3,1,,,1.0,0,,,0.0,,,,,2026-08-15T21:00:35.288112+00:00,2026-08-15T21:00:35.288112+00:00,,,,,,,,,,,,,,,,,,,,,,,,,,
23049,arg.1,Platense,4,1,0,1,1,2,0.25,5,5,1.22,1.35,0,,,0.0,0,,,0.0,,,,,2026-08-15T21:00:35.288112+00:00,2026-08-15T21:00:35.288112+00:00,,,,,,,,,,,,,,,,,,,,,,,,,,
23050,arg.1,Vélez Sarsfield,4,1,0,3,1,0,0.75,7,4,1.72,1.05,1,,,1.0,0,,,0.0,,,,,2026-08-15T21:00:35.288112+00:00,2026-08-15T21:00:35.288112+00:00,,,,,,,,,,,,,,,,,,,,,,,,,,
23051,arg.1,Independiente,4,0,1,2,0,2,0.5,6,5,1.47,1.2,0,,,0.0,0,,,0.0,,,,,2026-08-15T21:00:35.288112+00:00,2026-08-15T21:00:35.288112+00:00,,,,,,,,,,,,,,,,,,,,,,,,,,
23052,arg.1,Central Córdoba (Santiago del Estero),3,1,0,1,0,2,0.333,4,4,1.3,1.3,1,,,1.0,0,,,0.0,,,,,2026-08-15T21:00:35.288112+00:00,2026-08-15T21:00:35.288112+00:00,,,,,,,,,,,,,,,,,,,,,,,,,,
23053,arg.1,Atlético Tucumán,3,0,1,1,2,0,0.333,4,4,1.3,1.3,0,,,0.0,0,,,0.0,,,,,2026-08-15T21:00:35.288112+00:00,2026-08-15T21:00:35.288112+00:00,,,,,,,,,,,,,,,,,,,,,,,,,,
23054,bra.1,Cruzeiro,22,1,0,9,6,7,0.409,30,28,1.38,1.25,1,,,1.0,0,,,0.0,,,,,2026-08-15T21:00:42.754489+00:00,2026-08-15T21:00:42.754489+00:00,,,,,,,,,,,,,,,,,,,,,,,,,,
23055,bra.1,Mirassol,21,0,1,6,5,10,0.286,26,28,1.26,1.33,0,,,0.0,1,,,1.0,,,,,2026-08-15T21:00:42.754489+00:00,2026-08-15T21:00:42.754489+00:00,,,,,,,,,,,,,,,,,,,,,,,,,,
23056,bra.1,Bahia,22,1,0,8,9,5,0.364,29,28,1.33,1.28,0,,,0.0,0,,,0.0,,,,,2026-08-15T21:00:42.754489+00:00,2026-08-15T21:00:42.754489+00:00,,,,,,,,,,,,,,,,,,,,,,,,,,
23057,bra.1,Vasco da Gama,21,0,1,5,7,9,0.238,25,28,1.21,1.36,0,,,0.0,0,,,0.0,,,,,2026-08-15T21:00:42.754489+00:00,2026-08-15T21:00:42.754489+00:00,,,,,,,,,,,,,,,,,,,,,,,,,,
23058,bra.1,Palmeiras,22,1,0,14,6,2,0.636,35,25,1.61,1.12,0,,,0.0,0,,,0.0,,,,,2026-08-15T21:00:42.754489+00:00,2026-08-15T21:00:42.754489+00:00,,,,,,,,,,,,,,,,,,,,,,,,,,
23059,bra.1,Internacional,22,0,1,5,8,9,0.227,26,30,1.2,1.36,0,,,0.0,0,,,0.0,,,,,2026-08-15T21:00:42.754489+00:00,2026-08-15T21:00:42.754489+00:00,,,,,,,,,,,,,,,,,,,,,,,,,,
23060,bra.1,Red Bull Bragantino,21,1,0,9,4,8,0.429,29,26,1.4,1.24,0,,,0.0,0,,,0.0,,,,,2026-08-15T21:00:42.754489+00:00,2026-08-15T21:00:42.754489+00:00,,,,,,,,,,,,,,,,,,,,,,,,,,
23061,bra.1,Corinthians,22,0,1,8,8,6,0.364,29,28,1.33,1.28,0,,,0.0,1,,,1.0,,,,,2026-08-15T21:00:42.754489+00:00,2026-08-15T21:00:42.754489+00:00,,,,,,,,,,,,,,,,,,,,,,,,,,
23062,bra.1,Santos,21,1,0,5,7,9,0.238,25,28,1.21,1.36,0,,,0.0,0,,,0.0,,,,,2026-08-15T21:00:42.754489+00:00,2026-08-15T21:00:42.754489+00:00,,,,,,,,,,,,,,,,,,,,,,,,,,
23063,bra.1,Athletico-PR,22,0,1,12,4,6,0.545,33,26,1.52,1.17,0,,,0.0,1,,,1.0,,,,,2026-08-15T21:00:42.754489+00:00,2026-08-15T21:00:42.754489+00:00,,,,,,,,,,,,,,,,,,,,,,,,,,
23064,bra.1,Flamengo,21,1,0,12,6,3,0.571,32,24,1.54,1.16,1,,,1.0,0,,,0.0,,,,,2026-08-15T21:00:42.754489+00:00,2026-08-15T21:00:42.754489+00:00,,,,,,,,,,,,,,,,,,,,,,,,,,
23065,bra.1,Vitória,22,0,1,7,5,10,0.318,28,29,1.29,1.31,0,,,0.0,0,,,0.0,,,,,2026-08-15T21:00:42.754489+00:00,2026-08-15T21:00:42.754489+00:00,,,,,,,,,,,,,,,,,,,,,,,,,,
23066,ned.1,Willem II,2,1,0,0,0,2,0.0,2,3,0.97,1.5,1,,,1.0,0,,,0.0,,,,,2026-08-15T21:00:55.891209+00:00,2026-08-15T21:00:55.891209+00:00,,,,,,,,,,,,,,,,,,,,,,,,,,
23067,ned.1,NEC Nijmegen,2,0,1,1,0,1,0.5,3,2,1.47,1.2,0,,,0.0,1,,,1.0,,,,,2026-08-15T21:00:55.891209+00:00,2026-08-15T21:00:55.891209+00:00,,,,,,,,,,,,,,,,,,,,,,,,,,
23068,ned.1,FC Utrecht,3,1,1,0,0,3,0.0,3,4,0.97,1.5,1,,,1.0,1,,,1.0,,,,,2026-08-15T21:00:55.891209+00:00,2026-08-15T21:00:55.891209+00:00,,,,,,,,,,,,,,,,,,,,,,,,,,
23069,ned.1,AZ Alkmaar,2,0,1,2,0,0,1.0,4,2,1.97,0.9,0,,,0.0,1,,,1.0,,,,,2026-08-15T21:00:55.891209+00:00,2026-08-15T21:00:55.891209+00:00,,,,,,,,,,,,,,,,,,,,,,,,,,
23070,ned.1,Excelsior,3,1,1,2,0,1,0.667,5,3,1.64,1.1,1,,,1.0,1,,,1.0,,,,,2026-08-15T21:00:55.891209+00:00,2026-08-15T21:00:55.891209+00:00,,,,,,,,,,,,,,,,,,,,,,,,,,
23071,ned.1,PSV Eindhoven,2,0,1,1,1,0,0.5,3,2,1.47,1.2,0,,,0.0,1,,,1.0,,,,,2026-08-15T21:00:55.891209+00:00,2026-08-15T21:00:55.891209+00:00,,,,,,,,,,,,,,,,,,,,,,,,,,
23072,ned.1,Fortuna Sittard,2,1,0,1,1,0,0.5,3,2,1.47,1.2,1,,,1.0,0,,,0.0,,,,,2026-08-15T21:00:55.891209+00:00,2026-08-15T21:00:55.891209+00:00,,,,,,,,,,,,,,,,,,,,,,,,,,
23073,ned.1,SC Cambuur,3,1,1,0,0,3,0.0,3,4,0.97,1.5,0,,,0.0,1,,,1.0,,,,,2026-08-15T21:00:55.891209+00:00,2026-08-15T21:00:55.891209+00:00,,,,,,,,,,,,,,,,,,,,,,,,,,
23074,ned.1,Sparta Rotterdam,1,1,0,0,0,1,0.0,1,1,0.97,1.5,0,,,0.0,0,,,0.0,,,,,2026-08-15T21:00:55.891209+00:00,2026-08-15T21:00:55.891209+00:00,,,,,,,,,,,,,,,,,,,,,,,,,,
23075,ned.1,Feyenoord Rotterdam,1,0,1,1,0,0,1.0,2,1,1.97,0.9,0,,,0.0,1,,,1.0,,,,,2026-08-15T21:00:55.891209+00:00,2026-08-15T21:00:55.891209+00:00,,,,,,,,,,,,,,,,,,,,,,,,,,
23076,ned.1,FC Groningen,1,1,0,1,0,0,1.0,2,1,1.97,0.9,1,,,1.0,0,,,0.0,,,,,2026-08-15T21:00:55.891209+00:00,2026-08-15T21:00:55.891209+00:00,,,,,,,,,,,,,,,,,,,,,,,,,,
23077,ned.1,PEC Zwolle,1,1,0,0,0,1,0.0,1,1,0.97,1.5,0,,,0.0,0,,,0.0,,,,,2026-08-15T21:00:55.891209+00:00,2026-08-15T21:00:55.891209+00:00,,,,,,,,,,,,,,,,,,,,,,,,,,
23078,ned.1,Ajax Amsterdam,1,0,1,1,0,0,1.0,2,1,1.97,0.9,0,,,0.0,1,,,1.0,,,,,2026-08-15T21:00:55.891209+00:00,2026-08-15T21:00:55.891209+00:00,,,,,,,,,,,,,,,,,,,,,,,,,,
23079,ned.1,Heerenveen,1,1,0,1,0,0,1.0,2,1,1.97,0.9,1,,,1.0,0,,,0.0,,,,,2026-08-15T21:00:55.891209+00:00,2026-08-15T21:00:55.891209+00:00,,,,,,,,,,,,,,,,,,,,,,,,,,
23080,ned.1,FC Twente,1,0,1,0,0,1,0.0,1,1,0.97,1.5,0,,,0.0,0,,,0.0,,,,,2026-08-15T21:00:55.891209+00:00,2026-08-15T21:00:55.891209+00:00,,,,,,,,,,,,,,,,,,,,,,,,,,
